video_id,url,discovery_query,source_label,caption,hashtags,create_time,comment_count,gate_verdict,gate_rule,keep
7693525306044386568,https://www.tiktok.com/@khaipham160293/video/7693525306044386568,xe buýt điện,kw_xe_buyt_dien,Sẽ có 2.000 xe buýt điện #vinfast lăn bánh ở Mỹ. #xuhuongtiktok #xuhuong #viral #creatorsearchinsights  ,#vinfast #xuhuongtiktok #xuhuong #viral #creatorsearchinsights,2026-10-06T12:38:00+00:00,65,accept,electric_bus,1
7693765877812038913,https://www.tiktok.com/@hanoitranserco/video/7693765877812038913,xe buýt điện,kw_xe_buyt_dien,"Transerco thay thế phương tiện sử dụng điện cho 2 tuyến buýt số 30 và 50 từ ngày 06/10/2026 Dàn xe buýt điện mới sức chứa 60 chỗ, sản xuất năm 2026, xe mang mầu xanh lá nhận diện thương hiệu Hà Nội Bus kết hợp họa tiết cánh chim Hòa Bình và Khuê Văn Các hướng tới hình ảnh xe buýt thủ đô hiện đại văn minh thân thiện môi trường. Phương tiện được trang bị sàn thấp, thiết bị hỗ trợ người khuyết tật cùng nhiều tiện ích phục vụ hành khách nhằm nâng cao chất lượng dịch vụ và trải nghiệm đi lại. 2 tuyến buýt 30 và tuyến 50 được giữ nguyên biểu đồ vận hành . Việc đưa xe buýt điện 2 tuyến 30 và tuyến 50 nằm trong kế hoạch chuyển đổi phương tiện xanh của Transerco năm 2026.",,2026-10-07T03:41:54+00:00,16,accept,electric_bus,1
7689732199356124434,https://www.tiktok.com/@buytsaigon/video/7689732199356124434,xe buýt điện,kw_xe_buyt_dien,Cùng BUÝT SÀI GÒN trải nghiệm tuyến xe buýt điện mới toanh tại Nha Trang. Quyết Thắng Bus 101 (Nha Trang - Vạn Giã - Tuy Hoà) với dòng xe Kim Long B60EV đời mới nhất 😊 ,,2026-09-26T06:48:30+00:00,22,accept,electric_bus,1
7693855303787482386,https://www.tiktok.com/@chungautonews/video/7693855303787482386,xe buýt điện,kw_xe_buyt_dien,"VinFast đưa xe buýt điện vào thị trường Mỹ, mở rộng hệ sinh thái giao thông xanh#chungautonews #xebusvinfast #vinfast #fpyシviral",#chungautonews #xebusvinfast #vinfast #fpyシviral,2026-10-07T13:30:00+00:00,3,accept,electric_bus,1
7670351332603071764,https://www.tiktok.com/@kimlonghanoi/video/7670351332603071764,xe buýt điện,kw_xe_buyt_dien,"2 cánh chim đầu đàn xe bus điện Việt Nam, bạn thích mẫu nào hơn? #kimlong #xebus #kimlonghanoi #xuhuong #xuhướng",#kimlong #xebus #kimlonghanoi #xuhuong #xuhướng,2026-08-05T01:20:47+00:00,679,accept,electric_bus,1
7678326459995327765,https://www.tiktok.com/@thnh.yu.hu.ngha.hi/video/7678326459995327765,xe buýt điện,kw_xe_buyt_dien,Tổng hợp các xe buýt điện Thành phố Hồ Chí Minh ,,2026-08-26T13:08:17+00:00,0,accept,electric_bus,1
7680756528961441032,https://www.tiktok.com/@khaixekhachmienbac/video/7680756528961441032,xe buýt điện,kw_xe_buyt_dien,"🚌⚡ **KIMLONG MOTOR CITY BUS – CHẠY THUẦN ĐIỆN, KIẾN TẠO GIAO THÔNG XANH!** Hướng tới tương lai vận tải hiện đại và bền vững, **Kimlong Motor** mang đến dải sản phẩm City Bus thuần điện với các dòng **B30-EV, B40-EV và B60-EV**. 🌿 Vận hành thuần điện – thân thiện môi trường 🔇 Êm ái, giảm tiếng ồn đô thị ⚡ Công nghệ hiện đại, tối ưu chi phí vận hành 🚌 Đa dạng sức chứa, phù hợp nhiều tuyến khai thác ❄️ Trang bị tiện nghi phục vụ hành khách **Kimlong Motor – Đồng hành cùng xu hướng giao thông xanh, vì một tương lai phát triển bền vững!** ⚡🌏 #KimlongMotor #Kimlong #CityBus #XeBuytDien #XeDien     ",#KimlongMotor #Kimlong #CityBus #XeBuytDien #XeDien,2026-09-02T02:18:15+00:00,26,reject,missing_group:electric_bus,0
7678186240310643976,https://www.tiktok.com/@hoihamhoc_01/video/7678186240310643976,xe buýt điện,kw_xe_buyt_dien,Xe buýt truyền thống và xe buýt điện khác nhau như thế nào? #hoihamhoc ,#hoihamhoc,2026-08-26T04:04:12+00:00,48,accept,electric_bus,1
7693799964106919175,https://www.tiktok.com/@quansucar2025/video/7693799964106919175,xe buýt điện,kw_xe_buyt_dien,VinFast chính thức đưa xe buýt điện sang Mỹ từ 2028! Anh em nghĩ sao về bước đi này? #oto #fyp #vinfast #xedien #vinbus #tintucxe #xecongcong #reviewxe,#oto #fyp #vinfast #xedien #vinbus #tintucxe #xecongcong #reviewxe,2026-10-07T05:53:26+00:00,9,accept,electric_bus,1
7693525740276452615,https://www.tiktok.com/@xe.vne/video/7693525740276452615,xe buýt điện,kw_xe_buyt_dien,2.000 xe buýt điện #vinfast sẽ lăn bánh ở Mỹ. #xuhuongtiktok #xuhuong #viral #creatorsearchinsights  ,#vinfast #xuhuongtiktok #xuhuong #viral #creatorsearchinsights,2026-10-06T12:09:15+00:00,11,accept,electric_bus,1
7687897642659056897,https://www.tiktok.com/@congtyphuongtrang/video/7687897642659056897,xe buýt điện,kw_xe_buyt_dien,"🤔 Đi xe buýt miễn phí, Xác thực như thế nào? 👉 Cùng Công ty Phương Trang tìm hiểu những cách xác thực cực đơn giản nhé: - Cách 1: Xác thực bằng Thẻ ngân hàng - Cách 2: Xác thực bằng mã QR VNeID cấp độ 2 hoặc căn cước công dân - Cách 3: Xác thực bằng các loại ví điện tử - Cách 4: Xác thực bằng ứng dụng Multigo/Thẻ giao thông công cộng 💡 Lưu ý: Xác thực không phải thanh toán. Mỗi lượt lên xe, Quý khách chỉ cần xác thực 01 lần và chờ thiết bị thông báo xác thực thành công. Xác thực đơn giản, sẵn sàng cho hành trình cùng Công ty Phương Trang! #FUTACityBus #xebuytphuongtrang #xebuyttphcm #xebuytdien #FUTABusLines #xacthuc #xebuytmienphi",#FUTACityBus #xebuytphuongtrang #xebuyttphcm #xebuytdien #FUTABusLines #xacthuc #xebuytmienphi,2026-09-23T03:00:00+00:00,111,reject,missing_group:electric_bus,0
7689825267015044359,https://www.tiktok.com/@v.th.qunh.quyn/video/7689825267015044359,xe buýt điện,kw_xe_buyt_dien,"Hãy khám phá cùng em xe buýt điện Quyế Thắng xã Vạn Ninh, tỉnh Khánh Hoà.#xebuytdien#benễnquyetthang#xavanninh#xuhuong",#xebuytdien #benễnquyetthang #xavanninh #xuhuong,2026-09-26T12:49:33+00:00,14,accept,electric_bus,1
7646776695604743445,https://www.tiktok.com/@butheo1904/video/7646776695604743445,xe buýt điện,kw_xe_buyt_dien,#CapCut #dji #viral #trend #bus,#CapCut #dji #viral #trend #bus,2026-06-02T12:39:09+00:00,897,reject,missing_group:electric_bus,0
7661109386651225364,https://www.tiktok.com/@langthanggcungthuu99/video/7661109386651225364,xe buýt điện,kw_xe_buyt_dien,XE BUS ĐIỆN  ĐÃ CÓ MẶT TẠI BUÔN MA THUỘT #buonmathuot_daklak #langthangcungthu #fypシ #xuhuong #foodtour ,#buonmathuot_daklak #langthangcungthu #fypシ #xuhuong #foodtour,2026-07-11T04:05:43+00:00,50,accept,electric_bus,1
7687836169077411090,https://www.tiktok.com/@dr.nguyen51/video/7687836169077411090,xe buýt điện,kw_xe_buyt_dien,"Trãi nghiệm xe buýt điện kim long tuyến 139 của công ty phương trang thật tuyệt, cảm ơn tài xế va cô tiếp viên ",,2026-09-21T04:10:53+00:00,5,accept,electric_bus,1
7652926667001695495,https://www.tiktok.com/@phuongtrangfutacitybus/video/7652926667001695495,xe buýt điện,kw_xe_buyt_dien,Hai anh khách trên tuyến Buýt 172 dễ thương 😘 @Văn Thân @Anh.Mập.Có.Râu #viralvideo #xebuytphuongtrang #xuhuongtiktok #haihuoc #buýtđiện ,#viralvideo #xebuytphuongtrang #xuhuongtiktok #haihuoc #buýtđiện,2026-06-19T04:00:00+00:00,283,reject,missing_group:electric_bus,0
7693724033564593426,https://www.tiktok.com/@theii35/video/7693724033564593426,xe buýt điện,kw_xe_buyt_dien,"Electric vehicle manufacturer Vinfast has announced flans to introduce its line of Buses to the U.S , market in 2028 # ",,2026-10-07T00:58:48+00:00,2,reject,missing_group:electric_bus,0
7669778367402560788,https://www.tiktok.com/@bactaikimlong/video/7669778367402560788,xe buýt điện,kw_xe_buyt_dien,Buýt điện Kimlong #otomiennam #bactaikimlong #xebuytdien #kimlongmotor #xekhachvietnam🇻🇳 ,#otomiennam #bactaikimlong #xebuytdien #kimlongmotor #xekhachvietnam,2026-08-03T12:17:21+00:00,2,accept,electric_bus,1
7648104783772945684,https://www.tiktok.com/@mikachan_004/video/7648104783772945684,xe buýt điện,kw_xe_buyt_dien,"Hôm nay,cùng tui trải nghiệm xe điện mới của tuyến 09 nha...🥰🥰 #buyt09  #futacitybus ",#buyt09 #futacitybus,2026-06-06T02:32:52+00:00,25,reject,missing_group:electric_bus,0
7667031908479536391,https://www.tiktok.com/@lumiandmilo.world/video/7667031908479536391,xe bus điện,kw_xe_bus_dien,"⚡ The EV Bus has only 1% battery… can Lumi save it before it stops? 😱 A giant charger powers up the bus… but maybe it’s TOO MUCH POWER! 😂 Watch until the end for the funny surprise! 👍 Like, Subscribe & follow for more Lumi & Milo adventures! #LumiAndMilo #EVBus #ElectricBus #BusCartoon #KidsAnimation     ",#LumiAndMilo #EVBus #ElectricBus #BusCartoon #KidsAnimation,2026-07-27T02:39:45+00:00,14,reject,missing_group:electric_bus,0
7665343101627583765,https://www.tiktok.com/@kimlongmotormb/video/7665343101627583765,xe bus điện,kw_xe_bus_dien,Ra mắt xe bus 2 tầng City Bus EV thuần điện nhà Zhong Tong. #zhongtong #busev #xekhachvietnam🇻🇳 @Vũ Hoàng-Kim Long Bus ,#zhongtong #busev #xekhachvietnam,2026-07-22T13:26:15+00:00,5,reject,missing_group:electric_bus,0
7683140671233887509,https://www.tiktok.com/@bachthienhuong1/video/7683140671233887509,xe bus điện,kw_xe_bus_dien,Xe buýt điện đưa đón HS miễn phí tại TP Quảng Ninh  #xuhuong #xebuytdien #mienphi #halong #quangninh ,#xuhuong #xebuytdien #mienphi #halong #quangninh,2026-09-08T12:29:52+00:00,6,accept,electric_bus,1
7693804327604849940,https://www.tiktok.com/@tinnong.60giay/video/7693804327604849940,xe bus điện,kw_xe_bus_dien,🚌 Bus điện VinFast sắp lăn bánh tại Mỹ từ năm 2028 #TinNong60Giay #VinFast #BusDien #XeDien,#TinNong60Giay #VinFast #BusDien #XeDien,2026-10-07T06:10:20+00:00,2,accept,electric_bus,1
7689621066347515156,https://www.tiktok.com/@le_minh_khoi_79_/video/7689621066347515156,xe buyt dien,kw_xe_buyt_dien_2,Buýt điện tuyến Nha Trang - Tuy Hoà đã đi vào vận hành ròi nha khách êu😙không gian rộng rãi thoáng mát và êm😁#nhatrang #tuyhoaphuyen78❤️ #78phuyen ,#nhatrang #tuyhoaphuyen78 #78phuyen,2026-09-25T23:37:13+00:00,104,accept,electric_bus,1
7657760291022851348,https://www.tiktok.com/@hoangphucfutacitybus/video/7657760291022851348,xe buyt dien,kw_xe_buyt_dien_2,Xe buýt điện Tuyến xe 73 Chợ Bình Chánh - Bến xe buýt Lê Minh Xuân #xebuytsaigon #phuongtrangbuyt🥰 #futabusline_19006067 #CapCut ,#xebuytsaigon #phuongtrangbuyt #futabusline_19006067 #CapCut,2026-07-02T03:01:05+00:00,8,accept,electric_bus,1
7692633956302195988,https://www.tiktok.com/@le_minh_khoi_79_/video/7692633956302195988,xe buyt dien,kw_xe_buyt_dien_2,Chúc quý khách buổi sáng vui vẻ nè😙buýt điện Quyết Thắng 👐tuyến Tuy Hoà -Nha Trang🚃#tuyhoaphuyen78❤️ #nhatrang #trendingsong #xediendovietnam #xedien ,#tuyhoaphuyen78 #nhatrang #trendingsong #xediendovietnam #xedien,2026-10-04T02:28:42+00:00,21,accept,electric_bus,1
7648122435866299666,https://www.tiktok.com/@thai_tino/video/7648122435866299666,xe buyt dien,kw_xe_buyt_dien_2,xe buýt điện 172 tuyến BXBSG🔁Vũng Tàu #thaifuta #futagroup #futacitybus #xebuytphuongtrang #kimlongmotor ,#thaifuta #futagroup #futacitybus #xebuytphuongtrang #kimlongmotor,2026-06-06T03:41:19+00:00,14,accept,electric_bus,1
7689455861831421202,https://www.tiktok.com/@buytsaigon/video/7689455861831421202,xe buyt dien,kw_xe_buyt_dien_2,"Đang đi Nha Trang chơi, sẵn admin đột nhập bãi xe Quyết Thắng chụp dàn xe buýt điện Kim Long đầu tiên tại Khánh Hoà 🤝 Từ ngày mai, 26/09/2026, Khánh Hoà chính thức có tuyến buýt điện đầu tiên sử dụng xe KimLong được vận hành bởi công ty Quyết Thắng Nha Trang. Tuyến sử dụng dàn xe B60EV đời mới nhất với màu sơn xanh mint rất là đẹp luôn. Giá cước từ 16-85K/vé tuỳ theo độ dài chặng đường.  Chúc mừng bà con Khánh Hoà & Phú Yên nhennn 🥂👏",,2026-09-25T12:56:04+00:00,1,accept,electric_bus,1
7661077074026810632,https://www.tiktok.com/@byddaklakk/video/7661077074026810632,xe buyt dien,kw_xe_buyt_dien_2,anh chị thích xe điện BYD mà lo lắng về trạm sạc cùng em xem nha.#byd #byddaklak #xedientrungquoc ,#byd #byddaklak #xedientrungquoc,2026-07-11T01:32:03+00:00,8,reject,missing_group:electric_bus,0
7655110132627426581,https://www.tiktok.com/@hoangphucfutacitybus/video/7655110132627426581,xe buyt dien,kw_xe_buyt_dien_2,NEW - Xe buýt Điện Tuyến Xe 151 Bến Xe Miền Tây - Bến Xe An Sương KIMLONG B60 EV  #phuongtrangbuyt🥰 #xebuytsaigon #futabusline_19006067 ,#phuongtrangbuyt #xebuytsaigon #futabusline_19006067,2026-06-24T23:37:14+00:00,19,accept,electric_bus,1
7665379708896283925,https://www.tiktok.com/@sontuyenquang22/video/7665379708896283925,xe buyt dien,kw_xe_buyt_dien_2,xe bus điện này chạy rất là mất dạy……video này mày mà có xem được thì cũng xem lại cách lái xe đi nhé…29B-144.48🙂‍↕️#nghenghiepcuatoi #xuhuongtiktok ,#nghenghiepcuatoi #xuhuongtiktok,2026-07-22T15:48:16+00:00,67,accept,electric_bus,1
7674920519476563216,https://www.tiktok.com/@quangninhnew1/video/7674920519476563216,xe buyt điện,kw_xe_buyt_dien_3,#quangninh14 #tintuc24h #giaothongvanminh #vinfast,#quangninh14 #tintuc24h #giaothongvanminh #vinfast,2026-08-17T09:30:00+00:00,2,reject,missing_group:electric_bus,0
7666001587374148885,https://www.tiktok.com/@xetaihathanh.vn/video/7666001587374148885,xe buyt điện,kw_xe_buyt_dien_3,Xe buýt ĐIỆN 2 tầng đầu tiên tại Việt Nam chuẩn bị được bàn giao tới khách hàng ! #zhongtong #zhongtongbus #xedien #otodien #buyt2tang ,#zhongtong #zhongtongbus #xedien #otodien #buyt2tang,2026-07-24T08:01:29+00:00,15,accept,electric_bus,1
7681971447216049416,https://www.tiktok.com/@fankimlong/video/7681971447216049416,xe buyt điện,kw_xe_buyt_dien_3,"Xin chúc mừng bà con Nha Trang sắp được trãi nghiệm xe thế hệ mới! 🚌⚡️ Hôm nay chính thức bàn giao lô xe buýt điện KIM LONG B60-EV cho Công Ty TNHH Quyết Thắng Nha Trang. Mọi khâu chuẩn bị đã hoàn tất, sẵn sàng lăn bánh phục vụ bà con và du khách tại phố biển Nha Trang ! Chúc Công Ty Quyết Thắng khai thác hiệu quả, thượng lộ bình an trên mọi hành trình. #kimlongmotor #b60ev #dulichnhatrang #xebusđiện #quyetthangnhatrang ",#kimlongmotor #b60ev #dulichnhatrang #xebusđiện #quyetthangnhatrang,2026-09-05T08:52:45+00:00,51,accept,electric_bus,1
7653283981252676885,https://www.tiktok.com/@miennamauto/video/7653283981252676885,xe buyt điện,kw_xe_buyt_dien_3,Xe Buýt điện B60 EV,,2026-06-20T01:30:49+00:00,7,accept,electric_bus,1
7658528382371581202,https://www.tiktok.com/@matxi_house/video/7658528382371581202,xe buýt dien,kw_xe_buyt_dien_4,🎀🎀🎀TUYẾN BUÝT ĐIỆN SỐ 9 BIÊN HOÀ - NÚI CÚI ##buytdien##bienhoanuicui##buytbienhoanuicui 。。。𝑀𝑎̣̂𝑡 𝑋𝑖𝑛ℎ 𝑐𝑜́ 𝑝ℎ𝑢̣ 𝑘𝑖𝑒̣̂𝑛 𝑥𝑖𝑛ℎ 。。。 #m#matxihouse,#buytdien #bienhoanuicui #buytbienhoanuicui #m #matxihouse,2026-07-04T04:41:44+00:00,98,accept,electric_bus,1
7687904762901073159,https://www.tiktok.com/@leo19vn/video/7687904762901073159,xe buýt dien,kw_xe_buyt_dien_4,Xe buýt điện Vinfast.  Xe buýt Việt Nam bây giờ hiện đại và sạch đẹp quá. Đất nước thực sự đang phát triển từng ngày. Xe buýt miễn phí mọi người nên ưu tiên đi nếu thuận tiện nhé. Bảo vệ môi trường,,2026-09-21T08:37:10+00:00,1,accept,electric_bus,1
7689802345223441671,https://www.tiktok.com/@xoai9612/video/7689802345223441671,xe buýt dien,kw_xe_buyt_dien_4,Xe buýt điện mới 26/09/2026🤣,,2026-09-26T11:20:37+00:00,2,accept,electric_bus,1
7669073991411404052,https://www.tiktok.com/@tttmhoanghuycommerce/video/7669073991411404052,xe buýt dien,kw_xe_buyt_dien_4,Xe buýt xì khói giữa đường phố Hà Nội  #bus  #xebuyt  #xedien  #chay  #viral ,#bus #xebuyt #xedien #chay #viral,2026-08-01T14:44:01+00:00,55,reject,missing_group:electric_bus,0
7680226199620111636,https://www.tiktok.com/@minh.thanh9339/video/7680226199620111636,xe buýt dien,kw_xe_buyt_dien_4,Lần trải nghiệm xe buýt điện đầu tiên #ảnh cũ !,#ảnh,2026-08-31T16:00:17+00:00,0,accept,electric_bus,1
7681492453391748373,https://www.tiktok.com/@laodong.vn/video/7681492453391748373,xe buýt dien,kw_xe_buyt_dien_4,"Quảng Ninh đưa 50 xe buýt điện vào vận hành trên 6 tuyến, phục vụ miễn phí học sinh từ ngày 5.9 #baolaodong #laodong #giaoduc #giaothong",#baolaodong #laodong #giaoduc #giaothong,2026-09-04T03:00:00+00:00,1,accept,electric_bus,1
7692821716929989909,https://www.tiktok.com/@onghuy95/video/7692821716929989909,bus điện,kw_bus_dien,Mọi người đã trải nghiệm xe bus điện chưa nào?? #xebus #xebusdien #xebusquyetthang #nhatrang #79khanhhoa ,#xebus #xebusdien #xebusquyetthang #nhatrang #79khanhhoa,2026-10-04T14:37:20+00:00,77,accept,electric_bus,1
7693927869763865864,https://www.tiktok.com/@hungyen24h.vn/video/7693927869763865864,bus điện,kw_bus_dien,"🚌 NGÀY MAI 8/10: RA MẮT TUYẾN BUÝT ĐIỆN SỐ 83 BẾN XE GIA LÂM – BẾN XE HƯNG YÊN Người dân Hưng Yên sắp có thêm lựa chọn di chuyển bằng phương tiện công cộng đến Hà Nội khi tuyến buýt điện có trợ giá Bến xe Gia Lâm – Bến xe Hưng Yên dự kiến chính thức ra mắt vào ngày 08/10/2026. Theo thông tin phương án tuyến, lễ khai trương dự kiến diễn ra lúc 15h30 ngày 08/10 tại Bến xe khách Hưng Yên. 📍 THÔNG TIN TUYẾN Số hiệu: 83 Bến đầu: Bến xe Gia Lâm Bến cuối: Bến xe Hưng Yên Cự ly: khoảng 58–60 km Phương tiện: xe buýt điện Sức chứa dự kiến: 60 hành khách Tần suất: khoảng 25–30 phút/lượt Số lượt dự kiến: 62 lượt/ngày ⏰ THỜI GIAN HOẠT ĐỘNG Từ Bến xe Gia Lâm: 5h00 – 18h30 Từ Bến xe Hưng Yên: 5h00 – 19h00 🛣️ LỘ TRÌNH CHÍNH Gia Lâm → Hưng Yên: Bến xe Gia Lâm → Ngô Gia Khảm → Ngọc Lâm → Nguyễn Văn Cừ → Nguyễn Văn Linh → Nguyễn Đức Thuận → Lý Thánh Tông → Vinhomes Ocean Park → đường Giáp Hải → Ecopark → ĐT379 → QL39A → Nguyễn Văn Linh (Hưng Yên) → Bến xe Hưng Yên. Tại khu vực Hưng Yên, xe tiếp tục lưu thông trên đường Nguyễn Văn Linh, quay đầu tại vòng xuyến Điện Biên – Tô Hiệu và khu vực nút giao Nguyễn Văn Linh – Tôn Thất Tùng trước khi trở lại Bến xe Hưng Yên. Hưng Yên → Gia Lâm: Bến xe Hưng Yên → Nguyễn Văn Linh → QL39A → ĐT379 → Ecopark → Vinhomes Ocean Park → Nguyễn Đức Thuận → Nguyễn Văn Linh → Nguyễn Văn Cừ → Ngô Gia Khảm → Bến xe Gia Lâm. 💰 GIÁ VÉ Theo phương án được chia sẻ, tuyến áp dụng cơ chế vé trợ giá theo quãng đường, dự kiến tính theo số km hành khách di chuyển. Việc đưa tuyến buýt điện vào hoạt động sẽ tạo thêm một lựa chọn đáng chú ý cho người dân đi lại giữa Hưng Yên – Ecopark – Ocean Park – Gia Lâm, đồng thời tăng kết nối giao thông công cộng giữa Hưng Yên và Hà Nội. 👉 HƯNG YÊN 24H sẽ cập nhật danh sách điểm dừng và biểu đồ giờ chạy chi tiết của tuyến khi có thông tin chính thức. Video: Đài Phát thanh và truyền hình Hà Nội  #HungYen24h #HungYen #XeBuyt83 #GiaLamHungYen #XeBuytDien ",#HungYen24h #HungYen #XeBuyt83 #GiaLamHungYen #XeBuytDien,2026-10-07T14:09:46+00:00,0,accept,electric_bus,1
7693908592981806342,https://www.tiktok.com/@kbtnoij.thch.xe.bu/video/7693908592981806342,bus điện,kw_bus_dien,"khai trương tuyến buýt điện liên tỉnh có trợ giá tuyến buýt số 83:bx gia lâm - bx hưng yên từ ngày 8/10/2026 a) tên tuyến, điểm đầu cuối:  - tên tuyến: bx gia lâm - bx hưng yên  - số hiệu tuyến: 83  - điểm đầu cuối A/B: + đầu a:bx gia lâm (quảng trường bến xe gia Lâm) + đầu B:bx hưng yên (quảng trường bến xe hưng yên) B) lộ trình tuyến  chiều đi: bến xe gia Lâm - ngô gia khảm - ngọc lâm - Nguyễn Văn cừ - Nguyễn Văn Linh - Nguyễn Đức Thuận - lý thành công (khu đô thị Vinhomes ocean park) - lý thành công - đường giáp Hải (khu đô thị Ecopark) - ĐT379 - quốc lộ 39A - Nguyễn Văn Linh (hưng yên) - đi vào bến xe hưng yên - Nguyễn Văn Linh (hưng yên) - quay lại vòng xuyến điện biên, tô hiệu - Nguyễn Văn Linh (hưng yên) - quay đầu lại nút ngã tư Nguyễn Văn Linh, tôn thất Tùng - Nguyễn Văn Linh (hưng yên) chiều về bến xe hưng yên - Nguyễn Văn Linh (hưng yên) - quay đầu lại vòng xuyến điện biên, tô hiệu - Nguyễn Văn Linh (hưng yên) - quốc lộ 39A - ĐT379 - đường giáp Hải (khu đô thị Ecopark) - lý thành công (khu đô thị Vinhomes ocean park) - lý thành công - Nguyễn Đức Thuận - Nguyễn Văn Linh - Nguyễn Văn cừ - ngô gia khảm - bến xe gia Lâm  C) dịch vụ khai thác của tuyến (dự kiến)  thời gian hoạt động  - mở bến + bến xe gia Lâm:  05H00 + bến xe hưng yên:  04H35 - đóng bến  + bến xe gia lâm:  18H30 + bến xe hưng yên:  19H30 cự ly tuyến bình quân : 57,925km một số chỉ tiêu khai thác chính: - thời gian chuyến xe: 140 phút  - tần suất chạy xe: 20-25-30 phút/lượt  - số lượt xe thực hiện trong ngày (từ thứ hai đến chủ nhật): 72 lượt xe/ngày  - phương tiện hoạt động  + loại phương tiện: xe buýt điện trung bình, nhãn hiệu vinfast EB8, sức chứa 60 chỗ  + số xe kế hoạch: 15 xe + số xe vận doanh: 12 xe #viral #bushànội  #xuhuongtiktok  #hanoibus_transerco  #foryou ",#viral #bushànội #xuhuongtiktok #hanoibus_transerco #foryou,2026-10-07T12:54:57+00:00,2,accept,electric_bus,1
7685947599366540562,https://www.tiktok.com/@mr_hoi_klmh/video/7685947599366540562,bus điện,kw_bus_dien,Xe khách Kim Long EV có những gì #xedep #hoixe #driver #xedien #xekhach ,#xedep #hoixe #driver #xedien #xekhach,2026-09-16T02:02:13+00:00,119,reject,missing_group:electric_bus,0
7693522959272545543,https://www.tiktok.com/@cucianews/video/7693522959272545543,bus điện,kw_bus_dien,06/10: LẦN ĐẦU TIÊN TRONG LỊCH SỬ: XE BUS VINFAST SẼ HIÊN NGANG CHẠY TRÊN NƯỚC MỸ TỪ 2028. #vietnam #vinfast #my #eu #trump ,#vietnam #vinfast #my #eu #trump,2026-10-06T11:58:33+00:00,5,reject,missing_group:electric_bus,0
7669421569600507154,https://www.tiktok.com/@dungmin1853/video/7669421569600507154,bus dien,kw_bus_dien_2,"Xe Bus điện miễn phia từ SG về tới xã Dầu Tiếng ko tốn 1 xu, êm- mát#xedien#xebusdien#uoclenxuhuong ",#xedien #xebusdien #uoclenxuhuong,2026-08-02T13:12:49+00:00,4,accept,electric_bus,1
7656400549159505160,https://www.tiktok.com/@sonveaudio/video/7656400549159505160,bus dien,kw_bus_dien_2,Bus điện hết pin rùi #xuhuong #giaothongvanminh #giaothong #xuhuongatgt #bus ,#xuhuong #giaothongvanminh #giaothong #xuhuongatgt #bus,2026-06-28T11:04:34+00:00,41,accept,electric_bus,1
7674177701460200724,https://www.tiktok.com/@longgiang_corp/video/7674177701460200724,bus dien,kw_bus_dien_2,"Bạn đã từng đi xe buýt 2 tầng… nhưng đã bao giờ trải nghiệm một chiếc xe buýt 2 tầng chạy hoàn toàn bằng điện chưa Không chỉ là một phương tiện vận chuyển, Zhongtong N11D mang đến một trải nghiệm hoàn toàn khác với thiết kế 2 tầng – không gian rộng – tầm nhìn thoáng – vận hành thuần điện. Một lựa chọn đáng chú ý cho các mô hình du lịch, tham quan, city tour và vận tải hành khách xanh. 🌱 👉 Cùng Long Giang khám phá chi tiết N11D trong video! #ZhongtongN11D #XeBusDien #XeBus2Tang #BusDien #LongGiang #XeBusDuLich #CityTour #VanTaiXanh",#ZhongtongN11D #XeBusDien #XeBus2Tang #BusDien #LongGiang #XeBusDuLich #CityTour #VanTaiXanh,2026-08-15T08:48:59+00:00,0,reject,missing_group:electric_bus,0
7668938244888792340,https://www.tiktok.com/@xedeptv7/video/7668938244888792340,bus dien,kw_bus_dien_2,Xe bus điện gặp sự cố trưa ngày 1/8 ,,2026-08-01T05:57:19+00:00,3,accept,electric_bus,1
7660736179330895111,https://www.tiktok.com/@nhikimlongmotor/video/7660736179330895111,bus dien,kw_bus_dien_2,"DẪN ĐẦU BUS ĐIỆN KIM LONG B60 EV 🌿  * 100% vận hành bằng điện - Không phát thải khí CO₂ tại chỗ. - Giảm tiếng ồn, mang đến những chuyến đi êm ái và văn minh. * Thiết kế tối ưu cho đô thị - Sàn xe thấp giúp người già, trẻ em và người khuyết tật lên xuống thuận tiện. - Phù hợp với điều kiện giao thông tại các thành phố Việt Nam. * Khoang hành khách hiện đại - Điều hòa công suất lớn. - Ghế ngồi rộng rãi, thoải mái. - Camera giám sát. - Bảng điện tử hiển thị tuyến xe rõ ràng, nâng cao trải nghiệm cho hành khách. * Tiết kiệm chi phí khai thác - Chi phí năng lượng và bảo dưỡng thấp hơn xe diesel truyền thống, giúp doanh nghiệp tối ưu hiệu quả đầu tư trong dài hạn. 📞 Hotline tư vấn: 0333 102 516 (Em Nhi)  📍 ĐC: 451 Quốc lộ 1A, xã An Ninh, TP. Cần Thơ.   #KimLongMotor #B60EV #XeBuytDien #GiaoThongXanh #XeDien    ",#KimLongMotor #B60EV #XeBuytDien #GiaoThongXanh #XeDien,2026-07-10T03:29:10+00:00,1,accept,electric_bus,1
7670075147612933396,https://www.tiktok.com/@nonguyen896/video/7670075147612933396,bus dien,kw_bus_dien_2,lâu lâu làm cái để cho có kỹ niệm đồ...kkkk#xuhuongtiktok #xebusdien ,#xuhuongtiktok #xebusdien,2026-08-04T07:29:00+00:00,8,reject,missing_group:electric_bus,0
7677556755215273236,https://www.tiktok.com/@linhkienvnsmart/video/7677556755215273236,buyt dien,kw_buyt_dien_2,Bút thử điện chính hãng tuosen giá tốt cho anh em #butthudien #butthudienthongminh #butthudienthongminh ,#butthudien #butthudienthongminh #butthudienthongminh,2026-08-24T11:21:28+00:00,8,reject,missing_group:electric_bus,0
7681168929305201941,https://www.tiktok.com/@daewoovietnam/video/7681168929305201941,buyt dien,kw_buyt_dien_2,Buyt điện Daewoo Việt Nam phiên bản B30 .,,2026-09-03T04:58:34+00:00,5,reject,missing_group:electric_bus,0
7653108875389979925,https://www.tiktok.com/@phuonggiadung2011/video/7653108875389979925,buyt dien,kw_buyt_dien_2,Bút thử điện thông minh đầu tua vít #butthudien #butthudienthongminh #butthudiendautuavit #tiktokshop #butthudiendanang ,#butthudien #butthudienthongminh #butthudiendautuavit #tiktokshop #butthudiendanang,2026-06-19T14:11:11+00:00,6,reject,missing_group:electric_bus,0
7681248014828227860,https://www.tiktok.com/@phng.nam2285/video/7681248014828227860,buyt dien,kw_buyt_dien_2,Bút thử điện B21 giá tốt #cuocsongthuongngay #phuongnampn #xuhuongtiktok #butthudien ,#cuocsongthuongngay #phuongnampn #xuhuongtiktok #butthudien,2026-09-03T10:05:24+00:00,5,reject,missing_group:electric_bus,0
7648878561339706644,https://www.tiktok.com/@in.tng.hp/video/7648878561339706644,buyt dien,kw_buyt_dien_2,Bút thử điện B21#kietcodong #baotridien #kietgicungbat ,#kietcodong #baotridien #kietgicungbat,2026-06-08T04:35:27+00:00,3,reject,missing_group:electric_bus,0
7658295644469087508,https://www.tiktok.com/@hoaitaphoa92/video/7658295644469087508,buyt dien,kw_buyt_dien_2,combo bút thử điện#butthudien #butthudiendanang #butthudiendautuavit #đogiadung #đogiadung ,#butthudien #butthudiendanang #butthudiendautuavit #đogiadung #đogiadung,2026-07-03T13:38:28+00:00,0,reject,missing_group:electric_bus,0
7676339510153678101,https://www.tiktok.com/@kit.toolshukan/video/7676339510153678101,buyt dien,kw_buyt_dien_2,Bút thử điện B20#kietcodong #baotridien #diencongnghiep ,#kietcodong #baotridien #diencongnghiep,2026-08-21T04:37:56+00:00,1,reject,missing_group:electric_bus,0
7654129694450732308,https://www.tiktok.com/@huyenkimloai/video/7654129694450732308,buyt dien,kw_buyt_dien_2,Bút thử điện New Bogo-Shin #xuhuong #xuhuongtiktok #butthudien ,#xuhuong #xuhuongtiktok #butthudien,2026-06-22T08:12:28+00:00,0,reject,missing_group:electric_bus,0
7677836314611436818,https://www.tiktok.com/@tinhnguyentools/video/7677836314611436818,buyt dien,kw_buyt_dien_2,"Rất hữu ích với anh em làm điện, hoặc anh em để trong nhà có khi cần đến để đấu nối điện gia đình. Quá tiện và nhỏ gọn #anengb20 #butthudienanengb20 #butthudiendanang #butthudienthongminh #butthudien @tinhnguyentools ",#anengb20 #butthudienanengb20 #butthudiendanang #butthudienthongminh #butthudien,2026-08-25T05:26:29+00:00,2,reject,missing_group:electric_bus,0
7673847486724787476,https://www.tiktok.com/@gaustore.vn77/video/7673847486724787476,buyt dien,kw_buyt_dien_2,#butphiendich #butphiendichthongminh #buttudien #tienich #xuhuong ,#butphiendich #butphiendichthongminh #buttudien #tienich #xuhuong,2026-08-14T11:27:37+00:00,3,reject,missing_group:electric_bus,0
7675387728640347399,https://www.tiktok.com/@han2000_rw/video/7675387728640347399,buyt dien,kw_buyt_dien_2,#butthudien #butthudiendautuavit #dungcudien #xuhuon ,#butthudien #butthudiendautuavit #dungcudien #xuhuon,2026-08-18T15:04:31+00:00,1,reject,missing_group:electric_bus,0
7677599236480929045,https://www.tiktok.com/@.huynhkimluan/video/7677599236480929045,buyt dien,kw_buyt_dien_2,"Bút thử điện – nhỏ gọn, tiện lợi, hỗ trợ kiểm tra nguồn điện nhanh chóng tại nhà ⚡🔧 Dễ sử dụng, phù hợp cho những công việc kiểm tra điện cơ bản! #ButThuDien #DungCuDien #DoGiaDung #TienIch #Xuhuong",#ButThuDien #DungCuDien #DoGiaDung #TienIch #Xuhuong,2026-08-24T14:06:18+00:00,4,reject,missing_group:electric_bus,0
7656113823568448790,https://www.tiktok.com/@intosuomi/video/7656113823568448790,electric bus,kw_electric_bus,"Wait… this bus has no driver? 😭🤖 📍 Tampere, Finland Follow for more Finnish stories! ❤️✨ IG: @intosuomi | TikTok: @intosuomi | YouTube: intosuomi #tiktoksuomi #fyp #robottibussi #driverlessbus #intosuomi @Visit Tampere ",#tiktoksuomi #fyp #robottibussi #driverlessbus #intosuomi,2026-06-27T16:32:00+00:00,51,reject,missing_group:electric_bus,0
7678289399393635606,https://www.tiktok.com/@bussmagasinet/video/7678289399393635606,electric bus,kw_electric_bus,Inside VinFast’s electric bus factory in Vietnam! See how their 8- and 12-meter electric buses are built — and why VinFast is targeting Europe 🚌⚡️ #vinfast #vietnam #bus #factory #buslife ,#vinfast #vietnam #bus #factory #buslife,2026-08-26T10:44:29+00:00,1,accept,electric_bus,1
7665058815666228500,https://www.tiktok.com/@rangas121/video/7665058815666228500,electric bus,kw_electric_bus,Sydney Bus & Coach Expo #bus #expo #transport #sydneybuses #busdriver ,#bus #expo #transport #sydneybuses #busdriver,2026-07-21T19:03:06+00:00,2,reject,missing_group:electric_bus,0
7647806550370815245,https://www.tiktok.com/@sanshuorides/video/7647806550370815245,electric bus,kw_electric_bus,"23 seater electric closed bus for sale, zero emission & eco-friendly, strong powerful & reliable quality, if interested in, welcome to contact whatsapp: +8617719897483 for benefits. #sightseeingbus #electricbus #shuttlebus #busforsale",#sightseeingbus #electricbus #shuttlebus #busforsale,2026-06-06T11:00:00+00:00,1,reject,missing_group:electric_bus,0
7684170276585655572,https://www.tiktok.com/@kimlongmotormb/video/7684170276585655572,electric bus,kw_electric_bus,"🚌⚡ Những chuyến xe buýt điện 2 tầng đầu tiên đã bắt đầu hành trình trải nghiệm, đưa du khách khám phá những cung đường và thắng cảnh đặc trưng của Thủ đô Hà Nội thân yêu. Từ những tuyến phố trung tâm, những công trình lịch sử đến các điểm tham quan nổi tiếng, hành trình trên xe buýt điện 2 tầng mang đến một góc nhìn mới về Hà Nội – xanh hơn, hiện đại hơn nhưng vẫn giữ trọn nét đẹp và giá trị văn hóa của Thủ đô. Đây cũng là một dấu mốc đáng nhớ trong hành trình Long Giang đồng hành cùng Vietnam Sightseeing và Zhongtong đưa giải pháp giao thông xanh vào lĩnh vực du lịch – tham quan tại Hà Nội. 📷 Em gửi anh /chị một số hình ảnh ghi nhận trong quá trình xe vận hành và trải nghiệm thực tế ạ. Một hành trình mới – một trải nghiệm mới – cùng hướng tới một Hà Nội xanh và văn minh hơn. 🌿@Vũ Hoàng-Chuyên Xe Truck Bus ",,2026-09-11T07:05:18+00:00,1,accept,electric_bus,1
7667926576511618326,https://www.tiktok.com/@abieboytv/video/7667926576511618326,electric bus,kw_electric_bus,they kinda sound like new routemasters ngl. enjoy the 50 seconds #fyp #firstbus #electricbus #wrightstreetdecknewpowerev #viral ,#fyp #firstbus #electricbus #wrightstreetdecknewpowerev #viral,2026-07-29T12:31:30+00:00,29,reject,missing_group:electric_bus,0
7684419080907967764,https://www.tiktok.com/@le_minh_khoi_79_/video/7684419080907967764,electric bus,kw_electric_bus,Xe buýt điện tuyến Nha Trang-Tuy Hoà chuẩn bị phục vụ quý khách hàng😊xe buýt QUYẾT THẮNG #xebuytdien#nhatrang#tuyhoa ##giaitritiktok ,#xebuytdien #nhatrang #tuyhoa #giaitritiktok,2026-09-11T23:10:50+00:00,12,accept,electric_bus,1
7679018676397346055,https://www.tiktok.com/@ebus_xpress/video/7679018676397346055,e-bus,kw_e_bus,Kira Municipality is Electric ✅,,2026-08-28T09:54:30+00:00,1177,reject,missing_group:electric_bus,0
7649255955015748882,https://www.tiktok.com/@kulturekampala/video/7649255955015748882,e-bus,kw_e_bus,The government is introducing Ebus to replace taxi in Kampala New updates Happening in Kampala today this video is for you. Explore page #creatorsearchinsights #uganda #tiktokuganda🇺🇬🇺🇬🇺🇬 #trending #famous ,#creatorsearchinsights #uganda #tiktokuganda #trending #famous,2026-06-09T04:59:56+00:00,55,reject,not_vietnam,0
7681170670054853908,https://www.tiktok.com/@benishashamilah/video/7681170670054853908,e-bus,kw_e_bus,Watch full video on YouTube at shami vlog Ug ,,2026-09-03T05:05:30+00:00,10,reject,missing_group:electric_bus,0
7678960411244334356,https://www.tiktok.com/@gcicuganda/video/7678960411244334356,e-bus,kw_e_bus,"Today, ebusxpress Kira Limited is launching new routes in Kira Municipality, easing transportation and improving connectivity for residents across several routes in the municipality. This is a welcome step towards making public transport more accessible, convenient and reliable for the people of Kira. #uganda ",#uganda,2026-08-28T06:08:23+00:00,0,reject,missing_group:electric_bus,0
7686115718802181392,https://www.tiktok.com/@dadgermanproject1/video/7686115718802181392,e-bus,kw_e_bus,"DID YOU KNOW? 🇺🇬🚌 E-Bus Xpress electric buses in Uganda can carry up to 90 passengers — about 49 seated and 41 standing. This is more than just a bus. It represents Uganda’s move toward electric mobility, cashless payments and modern public transport. The future of transportation in Uganda is changing. Pay attention. The opportunities will be bigger than the buses themselves. #DadGermanProject #EBusXpress #Uganda #ElectricMobility #PublicTransport @E-Bus Xpress Kiira Ltd @MTN Uganda @Abraham Luzzi Akanshemeza ",#DadGermanProject #EBusXpress #Uganda #ElectricMobility #PublicTransport,2026-09-16T12:54:41+00:00,36,reject,not_vietnam,0
7683502596006481173,https://www.tiktok.com/@faii0002/video/7683502596006481173,e-bus,kw_e_bus,EV bus ลำพูน เปิดให้บริการแล้ว นั่งฟรียาวๆ 6 เดือน เดอนทางสะดวกแอร์เย็นฉ่ำ 📍รถอยู่ไหน เช็กได้แบบ Real Time! ดาวน์โหลดแอป TSB Go Plus ได้ทั้ง iOS และ Android เช็กได้ครบทั้ง เส้นทางเดินรถ จุดจอด รถเมล์ เวลาการให้บริการ และตำแหน่งรถแบบ Real Time ก่อนออกจากบ้านก็วางแผนการเดิน ทางได้  #ลำพูน #รีวิวลำพูน #ดันขึ้นฟีดที #evbusลําพูน ,#ลำพ #ร #ด #evbusล,2026-09-09T11:54:21+00:00,330,reject,missing_group:electric_bus,0
7687830043636059413,https://www.tiktok.com/@vinfastvn68/video/7687830043636059413,e-bus,kw_e_bus,"🚌 VINFAST EB8 – XE BUÝT ĐIỆN CHO ĐÔ THỊ HIỆN ĐẠI ⚡ 🔋 Pin 359 kWh – sạc nhanh 120 kW CCS2 ⚙️ Động cơ trung tâm – vận hành mạnh mẽ, linh hoạt 👥 Sức chứa lên đến 60 hành khách ♿ Có 01 vị trí dành cho xe lăn 📏 Kích thước tối ưu: 8,61 m – phù hợp vận hành nội đô VinFast EB8 – xanh hơn, hiện đại hơn, sẵn sàng cho giao thông đô thị tương lai. ⚡🚌 #VinFastEB8 #VinFast #EBus #XeBuytDien #EB8",#VinFastEB8 #VinFast #EBus #XeBuytDien #EB8,2026-09-21T03:47:05+00:00,1,accept,electric_bus,1
7673898431320050965,https://www.tiktok.com/@higerbutwal/video/7673898431320050965,e-bus,kw_e_bus,"Visioning the Dream. ⚡🚌✨ A glimpse of the HIGER EV V-Series 8.5M demonstration in Butwal—where smart technology, luxurious comfort, powerful performance, advanced safety, and sustainable mobility come together to redefine every journey. HIGER EV — The Future in Motion. ⚡ #evbus #Higer #DriveSmart #GoElectric #shasheelamotors ",#evbus #Higer #DriveSmart #GoElectric #shasheelamotors,2026-08-14T14:45:23+00:00,15,reject,missing_group:electric_bus,0
7649778714003311895,https://www.tiktok.com/@businesswithazeemafzal/video/7649778714003311895,ebus,kw_ebus,Made in Pakistan electric bus #reels #foryou #ebus #ev ,#reels #foryou #ebus #ev,2026-06-10T14:48:29+00:00,233,reject,not_vietnam,0
7675214596889660693,https://www.tiktok.com/@romanochannelone/video/7675214596889660693,ebus,kw_ebus,#ebus #autobusesdemexico🇲🇽 #autobusesdeturismo #creatorsearchinsights #tiktok Autopista México 🇲🇽 Puebla ,#ebus #autobusesdemexico #autobusesdeturismo #creatorsearchinsights #tiktok,2026-08-18T03:52:43+00:00,1,reject,not_vietnam,0
7679081963239656705,https://www.tiktok.com/@bobexphanz/video/7679081963239656705,ebus,kw_ebus,Chairman Mbale Taxi Drivers talks about E-Buses in Kampala #ebus #mbaletiktokers #factsinmbalecity #fypシ゚viral__  @E-Bus Xpress Kiira Ltd  @Prime Taxi Uganda ,#ebus #mbaletiktokers #factsinmbalecity #fypシ,2026-08-28T14:00:28+00:00,2,reject,not_vietnam,0
7683880709789863189,https://www.tiktok.com/@mokzz.xy71/video/7683880709789863189,ebus,kw_ebus,q miedete #backrooms #microcentroporteño #ebus #fypシ゚viral #argentina ,#backrooms #microcentroporteño #ebus #fypシ #argentina,2026-09-10T12:21:38+00:00,38,reject,not_vietnam,0
7684804606727114005,https://www.tiktok.com/@ebus_oficial/video/7684804606727114005,ebus,kw_ebus,"Declaraciones de transportistas sobre la aplicación ebus, gracias a los choferes y a las líneas que están confiando en nosotros #barinas #bus #transportepublico #barinaszvzla🇻🇪🇻🇪🇻🇪 ",#barinas #bus #transportepublico #barinaszvzla,2026-09-13T00:06:53+00:00,8,reject,not_vietnam,0
7661251239887277320,https://www.tiktok.com/@zarghamrecords/video/7661251239887277320,ebus,kw_ebus,What is inside this Electric-Bus in Attock || Big thanks to Govt of Punjab 💚 #ebus #attock #electricbus #zarghamrecords #easytravel ,#ebus #attock #electricbus #zarghamrecords #easytravel,2026-07-11T12:47:41+00:00,52,reject,not_vietnam,0
7687418786764410132,https://www.tiktok.com/@ebus_oficial/video/7687418786764410132,ebus,kw_ebus,En ebus seguimos avanzando con el pago digital en Barinas ofreciéndoles herramientas tecnológicas a toda la ciudadanía 🚍🚌 #bus #barinas #transportepublico #pasaje #barinaszvzla🇻🇪🇻🇪🇻🇪 ,#bus #barinas #transportepublico #pasaje #barinaszvzla,2026-09-20T01:11:11+00:00,10,reject,not_vietnam,0
7651164784091581714,https://www.tiktok.com/@xiaowu5682/video/7651164784091581714,ebus,kw_ebus,trải nghiệm đi xe bus 2 tầng#xuhuong #douyin #trending ,#xuhuong #douyin #trending,2026-06-14T08:27:19+00:00,9,reject,missing_group:electric_bus,0
7693879469567675668,https://www.tiktok.com/@tanthanhtran123/video/7693879469567675668,VinBus,kw_vinbus,#xuhuong#vuivemoingay❤️ ,#xuhuong #vuivemoingay,2026-10-07T11:01:53+00:00,484,reject,missing_group:electric_bus,0
7692052676216950023,https://www.tiktok.com/@busthudocfs/video/7692052676216950023,VinBus,kw_vinbus,"Các khách hay đi tuyến 43 cứ tận hưởng những em bus to to này nhé, mấy khi bạn đến chơi nhà🤣🤣🚌🚌🚌 #viral #hanoi #trend #vinbus #xebuyt ",#viral #hanoi #trend #vinbus #xebuyt,2026-10-02T12:53:01+00:00,5,accept,electric_bus,1
7689387323913555208,https://www.tiktok.com/@vinbus2504/video/7689387323913555208,VinBus,kw_vinbus,"Đi học mỗi ngày, chọn VinBus nhé! #VinBus #DiChuyenXanh ",#VinBus #DiChuyenXanh,2026-09-25T08:30:10+00:00,2,accept,electric_bus,1
7690844834315128084,https://www.tiktok.com/@venti101a/video/7690844834315128084,VinBus,kw_vinbus,đi xe vinbus mà trời lại mưa mới hay:)) #vinbus #viral #trend #xuhuong #tphcm ,#vinbus #viral #trend #xuhuong #tphcm,2026-09-29T06:46:03+00:00,7,accept,electric_bus,1
7649759693719538951,https://www.tiktok.com/@thaithinh86/video/7649759693719538951,VinBus,kw_vinbus,Trãi nghiệm Vin Bus đi từ Cetral Park xuống Vinhomes SaiGon Park #VinhomesSaigonPark #vinhocmon #VinbusSaiGon ,#VinhomesSaigonPark #vinhocmon #VinbusSaiGon,2026-06-10T13:34:38+00:00,1,accept,electric_bus,1
7649308627714542869,https://www.tiktok.com/@minhlahung95/video/7649308627714542869,VinBus,kw_vinbus,Xe buýt 0 đồng - mọi người đã thử chưa? #vinbus #xebus0dong #greenlife #CapCut ,#vinbus #xebus0dong #greenlife #CapCut,2026-06-09T08:24:17+00:00,3,accept,electric_bus,1
7693909381787782407,https://www.tiktok.com/@bong_dey26/video/7693909381787782407,VinBus,kw_vinbus,Lần đầu đi ăn hadilao một mình #vlog #homnayangi #fyp #xh,#vlog #homnayangi #fyp #xh,2026-10-07T12:58:00+00:00,11,reject,missing_group:electric_bus,0
7691648706566737159,https://www.tiktok.com/@vinbus2504/video/7691648706566737159,VinBus,kw_vinbus,"Chọn xanh hơn, chọn an tâm hơn, chọn gần nhau hơn. Một chuyến đi nhẹ nhàng, để cả nhà có thể tận hưởng thời gian bên nhau. Lựa chọn VinBus đồng hành để có một ngày cuối tuần trọn vẹn hơn. #VinBus #LuaChonThongMinh",#VinBus #LuaChonThongMinh,2026-10-01T10:45:25+00:00,1,accept,electric_bus,1
7684268296580975893,https://www.tiktok.com/@minhlahung95/video/7684268296580975893,VinBus,kw_vinbus,Review 3 loại xe buýt miễn phí tại Thành phố Hồ Chí Minh #vinbus #phuongtrang #xebus #mienphi ,#vinbus #phuongtrang #xebus #mienphi,2026-09-11T13:25:40+00:00,14,accept,electric_bus,1
7654582517726481672,https://www.tiktok.com/@busthudocfs/video/7654582517726481672,VinBus,kw_vinbus,"Nay tôi gặp được anh lái của VinBus, công nhận mấy ông anh bên này cũng vụ tính thật🐧🐧 đã vui tính còn múa dẻo😝😝😝 #xh #tiktok #bushanoi #viral #vinbus ",#xh #tiktok #bushanoi #viral #vinbus,2026-06-23T13:29:45+00:00,11,accept,electric_bus,1
7669610413281119495,https://www.tiktok.com/@saigonbusvuive/video/7669610413281119495,VinBus,kw_vinbus,Xe bus số tuyến 53/TPHCM (tăng cường):Lê Hồng Phong - Đại học Quốc gia  👉 Đơn vị:CTY TNHH DỊCH VỤ VẬN TẢI SINH THÁI VINBUS  Vé lượt:7.000đ #xebustphcm #vinbus #xuhuong ,#xebustphcm #vinbus #xuhuong,2026-08-03T01:25:42+00:00,2,accept,electric_bus,1
7690901954482015495,https://www.tiktok.com/@vinbus2504/video/7690901954482015495,VinBus,kw_vinbus,"Ngày 29/9, Tự hào là Bác Tài Xanh VinBus. Mỗi chuyến đi một chuẩn mực, mỗi hành trình một niềm tin. #VinBus #fyp ",#VinBus #fyp,2026-09-29T10:27:40+00:00,0,accept,electric_bus,1
7690519121678634248,https://www.tiktok.com/@vinbus2504/video/7690519121678634248,VinBus,kw_vinbus,Niềm nở một lời chào. Tận tâm cả hành trình.,,2026-09-28T09:42:07+00:00,0,reject,missing_group:electric_bus,0
7693851291075792180,https://www.tiktok.com/@kmvhmv/video/7693851291075792180,Vin Bus,kw_vin_bus,"Vinbus eb6, what an overhang free design both front and rear for a bus 🚍 #buswithoutoverhang #vinbuseb6 ",#buswithoutoverhang #vinbuseb6,2026-10-07T09:12:37+00:00,0,accept,electric_bus,1
7646432506144673045,https://www.tiktok.com/@ngoc.hobbit/video/7646432506144673045,Vin Bus,kw_vin_bus,"E sốc luôn ạ. Vinbus miễn phí vé 2 chiều đi từ Hà Nội Time City - Hạ Long Xanh. Miễn phí cho tất cả mng bắt đầu từ 1/6, xe chạy từ t2-t6 nha. Mng nhớ lưu vào và trải nghiệm thôi ạ. Yêu Vinbus, cảm ơn bác Vượng ạ 🥰. #vinbus #ngochobbit  #halongxanhquangninh #vinhomeshalongxanh  #vingroup ",#vinbus #ngochobbit #halongxanhquangninh #vinhomeshalongxanh #vingroup,2026-06-01T14:23:27+00:00,1827,accept,electric_bus,1
7688288895091445000,https://www.tiktok.com/@busthudocfs/video/7688288895091445000,Vin Bus,kw_vin_bus,"Tuyến xe điện có thể nói là đông đúc bậc nhất của VinBus, thậm trí khi mà có OCT1 gồng gánh cùng nhưng giờ cao điểm xe nào cũng đóng thuyền🤭🤭🤭🚌🚌 #hanoi #vinbus #viral #xuhuong #bus ",#hanoi #vinbus #viral #xuhuong #bus,2026-09-22T09:27:42+00:00,6,accept,electric_bus,1
7689770220872813832,https://www.tiktok.com/@vinbus2504/video/7689770220872813832,Vin Bus,kw_vin_bus,"VÌ SAO MỖI NGÀY ĐI LÀM, BẠN ẤY LẠI CHỌN VINBUS? Một lựa chọn đã thành thói quen mỗi ngày. Lý do là gì? Xem video để nghe chính chủ chia sẻ nhé!",,2026-09-26T09:16:00+00:00,2,accept,electric_bus,1
7679293612601003284,https://www.tiktok.com/@thodiahalong/video/7679293612601003284,Vin Bus,kw_vin_bus,Xe Vinbus sẽ tham gia đưa đón học sinh miễn phí tại 1 số phường trên địa bàn thành phố Quảng Ninh #thodiahalong #thanhphoquangninh ,#thodiahalong #thanhphoquangninh,2026-08-29T03:41:23+00:00,98,accept,electric_bus,1
7693875665443081492,https://www.tiktok.com/@lephamthuhang/video/7693875665443081492,Vin Bus,kw_vin_bus,"Ra ngoài gặp mấy anh vinbus, mình kể trên mạng xã hội có một thằng chó quê ở Tây Nguyên nó hỏi em một tháng làm được mấy chục triệu không rất chung tình đó ừ hô to lên mấy anh nói em mua cái váy cho nó mặc 🤣 mà mấy năm trời nó cứ quần đi quần lại, vậy mới ô nhục chứ  chiêu trò làm gì để rồi ô nhục như vậy, 🤣🤣🤣🤣🤣",,2026-10-07T10:47:09+00:00,1,accept,electric_bus,1
7693888719329479957,https://www.tiktok.com/@banglawngtim/video/7693888719329479957,ô tô buýt điện,kw_o_to_buyt_dien,"Xe buýt điện Bangkok chịu thua nước ngập, xe buýt ""cổ"" bất ngờ được giữ lại cứu nguy #tintuc #news #ccentricmultimedia #tintuc24h #tinthegioi",#tintuc #news #ccentricmultimedia #tintuc24h #tinthegioi,2026-10-07T11:37:48+00:00,0,accept,electric_bus,1
7687465156464463122,https://www.tiktok.com/@khaixekhachmienbac/video/7687465156464463122,ô tô buýt điện,kw_o_to_buyt_dien,"~ KIMLONG B60-EV – CITY BUS B60 THUẦN ĐIỆN Giải pháp vận tải xanh với động cơ điện công suất cực đại 245 kW, mô-men xoắn cực đại 2.700 Nm, pin LFP FinDreams 210,354 kWh và quãng đường hoạt động 280 km theo WLTP. 🔋 Pin LFP – sạc chuẩn CCS2 ⚡ Công suất tối đa 245 kW 🚌 Sức chứa 60 người 🛞 Treo khí nén 2 bầu trước – 4 bầu sau 🛑 ABS WABCO – phanh tái sinh năng lượng 📏 Kích thước: 8.650 × 2.500 × 3.200 mm Kimlong B60-EV – hướng tới vận tải xanh, hiện đại và hiệu quả. #KimlongMotor #KimlongB60EV #XeBusDien #CityBus #XeDien ",#KimlongMotor #KimlongB60EV #XeBusDien #CityBus #XeDien,2026-09-20T04:11:10+00:00,0,reject,missing_group:electric_bus,0
7659595184878914836,https://www.tiktok.com/@quyxeotodien/video/7659595184878914836,ô tô buýt điện,kw_o_to_buyt_dien,Triển khai tuyến xe bus điện tại tỉnh ĐAKLAK#byddaklak #byd #fyp ,#byddaklak #byd #fyp,2026-07-07T01:41:25+00:00,183,accept,electric_bus,1
7693826787687648519,https://www.tiktok.com/@cafef_official/video/7693826787687648519,xe điện công cộng,kw_xe_dien_cong_cong,"Từ tháng 7/2027, trạm sạc công cộng sẽ phải sẵn sàng cho xe điện tương thích, mở ra thay đổi lớn với hạ tầng sạc tại Việt Nam #CafeF #xedien #xexang #tramsac #geely #vinfast #tesla",#CafeF #xedien #xexang #tramsac #geely #vinfast #tesla,2026-10-07T07:37:36+00:00,60,reject,missing_group:electric_bus,0
7663299672454417671,https://www.tiktok.com/@trungtamquanlygtcctphcm/video/7663299672454417671,xe điện công cộng,kw_xe_dien_cong_cong,Ngắm thành phố bằng xe điện công cộng #giaothongcongcong ,#giaothongcongcong,2026-07-17T01:16:47+00:00,1,accept,electric_bus,1
7693211185734372615,https://www.tiktok.com/@topcommentsvn1/video/7693211185734372615,xe điện công cộng,kw_xe_dien_cong_cong,"Từ 1/7/2027, Bộ Công Thương quy định các trạm sạc công cộng phải bảo đảm kỹ thuật về cổng nối, chế độ sạc để dùng chung cho xe điện tương thích tại Việt Nam #topcomments  #tramsac  #congcong  #kithuat  #xedien",#topcomments #tramsac #congcong #kithuat #xedien,2026-10-05T15:48:40+00:00,305,reject,missing_group:electric_bus,0
7693168373496024350,https://www.tiktok.com/@f247stock/video/7693168373496024350,xe điện công cộng,kw_xe_dien_cong_cong,"Từ ngày 1 tháng 7 năm 2027, các trạm sạc xe điện công cộng sẽ bắt buộc phải bảo đảm khả năng kỹ thuật để các hãng dùng chung. #f247  #tramsac  #xedien  #oto  #tintuc",#f247 #tramsac #xedien #oto #tintuc,2026-10-05T13:02:55+00:00,4,accept,electric_bus,1
7693398123065953556,https://www.tiktok.com/@qnetwork1/video/7693398123065953556,xe điện công cộng,kw_xe_dien_cong_cong,Xe điện sẽ được sạc chung nếu tương thích #bocongthuong #tramsac #xedien ,#bocongthuong #tramsac #xedien,2026-10-06T03:54:08+00:00,125,reject,missing_group:electric_bus,0
7693407419052969268,https://www.tiktok.com/@haiphongnews24h/video/7693407419052969268,xe điện công cộng,kw_xe_dien_cong_cong,VUI NHẤT VẪN LÀ MẤY BÁC TÀI XE ĐIỆN #haiphong24h #haiphong #news,#haiphong24h #haiphong #news,2026-10-06T04:30:50+00:00,11,reject,missing_group:electric_bus,0
7693718405714611508,https://www.tiktok.com/@thvl24news/video/7693718405714611508,xe điện công cộng,kw_xe_dien_cong_cong,"Từ ngày 1/7/2027, các trạm sạc xe điện tại khu vực công cộng phải đáp ứng yêu cầu kỹ thuật để có thể dùng chung cho các phương tiện tương thích, đồng thời công khai giá hoặc cách tính tiền. Đây là một trong những quy định mới tại quy chuẩn kỹ thuật về trụ, trạm sạc xe điện vừa được Bộ Công Thương ban hành #tramsacxedien #xedien #BoCongThuong #THVL24news #THVL",#tramsacxedien #xedien #BoCongThuong #THVL24news #THVL,2026-10-07T01:30:00+00:00,1,reject,missing_group:electric_bus,0
7693514232251321620,https://www.tiktok.com/@cntcar.vn/video/7693514232251321620,xe điện công cộng,kw_xe_dien_cong_cong,Từ 1/7/27 trạm sạc công cộng hãng xe điện nào cũng sạc được #carsoftiktok #cars #cntcar #xedien ,#carsoftiktok #cars #cntcar #xedien,2026-10-06T11:24:35+00:00,0,reject,missing_group:electric_bus,0
7667567548614921493,https://www.tiktok.com/@thuthuyhalong_1610/video/7667567548614921493,xe điện công cộng,kw_xe_dien_cong_cong,"Hôm nay con trai theo bác phụ cho thuê xe điện. Chỉ là những việc nhỏ như dắt xe, sắp xếp xe gọn gàng và phụ giúp khi có khách, nhưng với mẹ đó là những trải nghiệm rất đáng quý. Mẹ không mong con kiếm được nhiều tiền, chỉ mong con hiểu rằng mỗi đồng tiền đều là công sức và biết trân trọng giá trị của lao động. Hy vọng sau này con sẽ luôn chăm chỉ, có trách nhiệm và biết yêu thương gia đình.    #NhatKyGiaDinh #NghiHeCuaCon #VlogMoiNgay #ConTrai #giadinh ",#NhatKyGiaDinh #NghiHeCuaCon #VlogMoiNgay #ConTrai #giadinh,2026-07-28T13:18:13+00:00,6,reject,missing_group:electric_bus,0
7693156578383383816,https://www.tiktok.com/@vinfasthtavanphu/video/7693156578383383816,xe điện công cộng,kw_xe_dien_cong_cong,"Green SM vừa đặt chân tới Ấn Độ đã gây chú ý mạnh! Từ an toàn cho phụ nữ đến trải nghiệm xe điện hiện đại, thương hiệu Việt đang tạo ra một trải nghiệm đi taxi hoàn toàn khác. Theo bạn, Green SM có thể bùng nổ tại thị trường tỷ dân? #VinFast #VinFastHTAVanPhu #Hathanhauto ",#VinFast #VinFastHTAVanPhu #Hathanhauto,2026-10-05T12:16:45+00:00,572,reject,missing_group:electric_bus,0
7693414063036026164,https://www.tiktok.com/@do.quanh.th.trng/video/7693414063036026164,xe điện công cộng,kw_xe_dien_cong_cong,TRẠM SẠC XE ĐIỆN BẮT BUỘC DÙNG CHUNG TỪ NGÀY 1/7/2027 ⚡ #DaoQuanhThiTruong #VTV9 #TramSacXeDien #GiaoThongXanh #OToDien #xemaydien _________________________________ 📍 Thông tin kết nối chương trình: 🎥 Youtube: https://www.youtube.com/channel/UCyoWeZt_kEdrUM5DIiNYlHg 🎵 TikTok: https://www.tiktok.com/@do.quanh.th.trng?_r=1... 📱 Fanpage: https://www.facebook.com/share/18dx4fBCvN/?mibextid=wwXIfr,#DaoQuanhThiTruong #VTV9 #TramSacXeDien #GiaoThongXanh #OToDien #xemaydien,2026-10-07T10:30:00+00:00,2,reject,missing_group:electric_bus,0
7658497591516122389,https://www.tiktok.com/@sonnhasontuong/video/7658497591516122389,xe điện công cộng,kw_xe_dien_cong_cong,#chuyenhocduong #xedapdien #antoangiaothong #xuhuong ,#chuyenhocduong #xedapdien #antoangiaothong #xuhuong,2026-07-04T02:42:11+00:00,106,reject,missing_group:electric_bus,0
7693917503189273857,https://www.tiktok.com/@hoangson.hta/video/7693917503189273857,xe điện công cộng,kw_xe_dien_cong_cong,CÁC HÃNG XE ĐIỆN KHÁC SẼ ĐƯỢC SẠC CHUNG TRẠM VỚI VINFAST? #hathanhauto #hoangson #carsoftiktok #vinfast #tramsacxedien ,#hathanhauto #hoangson #carsoftiktok #vinfast #tramsacxedien,2026-10-07T13:29:44+00:00,1,reject,missing_group:electric_bus,0
7693873650650320149,https://www.tiktok.com/@ti.x.thch.teakwon/video/7693873650650320149,xe điện công cộng,kw_xe_dien_cong_cong,#trananhttf #grabcar #Vucar #dinhgiaxe bài đăng số 222:xót xe xăng 1 xót xe điện 10 nếu Bạn không hiểu điều này…,#trananhttf #grabcar #Vucar #dinhgiaxe,2026-10-07T10:39:20+00:00,29,reject,missing_group:electric_bus,0
7693078443348479240,https://www.tiktok.com/@thetuanbds/video/7693078443348479240,tuyến xe buýt điện,kw_tuyen_xe_buyt_dien,"🚌 Tuyến mới: Bến xe Gia Lâm ↔ Bến xe Hưng Yên UBND TP Hà Nội đã chấp thuận chủ trương mở tuyến xe buýt điện liên tỉnh Bến xe Gia Lâm – Bến xe Hưng Yên. Chủ trương ban đầu được chấp thuận ngày 07/08/2026, sau đó ngày 28/09/2026, Hà Nội tiếp tục yêu cầu triển khai tuyến và nghiên cứu chuyển sang hình thức có trợ giá.",,2026-10-05T07:13:32+00:00,23,accept,electric_bus,1
7692250498769947924,https://www.tiktok.com/@vtv24news/video/7692250498769947924,tuyến xe buýt điện,kw_tuyen_xe_buyt_dien,Hà Nội yêu cầu hoàn thiện trước ngày 05/10 phương án vận hành tuyến xe buýt điện liên tỉnh Gia Lâm - Hưng Yên theo hướng có trợ giá. Phương án sẽ dựa trên nhu cầu đi lại và sản lượng hành khách thực tế. #VTV24 #tiktoknews #BanThoisu,#VTV24 #tiktoknews #BanThoisu,2026-10-03T02:30:00+00:00,0,accept,electric_bus,1
7693868713744895252,https://www.tiktok.com/@furinabushcmccfs/video/7693868713744895252,tuyến xe buýt điện,kw_tuyen_xe_buyt_dien,#CapCut  Quá Đã ! Tuyến Buýt 50 Khách Nam Hà Nội Đã Chính Thức Thay Dòng Xe Buýt Điện VinBus  #hanoibus_transerco  #xebuyt50  #xuhuongtiktok2026 ,#CapCut #hanoibus_transerco #xebuyt50 #xuhuongtiktok2026,2026-10-07T10:20:12+00:00,0,accept,electric_bus,1
7693037539195718913,https://www.tiktok.com/@baoptth_hanoi/video/7693037539195718913,tuyến xe buýt điện,kw_tuyen_xe_buyt_dien,"Từ hôm nay 5/10, Xí nghiệp Xe buýt Cầu Bươu thuộc Tổng công ty Vận tải Hà Nội (Transerco) đưa 28 xe buýt điện vào hoạt động, thay thế phương tiện diesel trên tuyến 22A (Bến xe Gia Lâm - Khu đô thị Kiến Hưng) và 22B (Bến xe Giáp Bát - Đô Nghĩa). #tintuc #xuhuong #tiktoknews",#tintuc #xuhuong #tiktoknews,2026-10-05T04:34:49+00:00,1,accept,electric_bus,1
7693055173911973172,https://www.tiktok.com/@hanoitranserco/video/7693055173911973172,tuyến xe buýt điện,kw_tuyen_xe_buyt_dien,"Xí nghiệp Cầu Bươu thay thế phương tiện sử dụng điện cho 2 tuyến buýt số 22A và 22B từ ngày 05/10/2026 Đối với tuyến buýt số 22A Bến xe Gia Lâm - Khu đô thị Kiến Hưng và nhánh tuyến 22B: Bến xe Giáp Bát - Đô Nghĩa: Đưa xe buýt điện sức chứa 60 chỗ, sản xuất năm 2026 vào thay thế cho dàn xe cũ.  Thời gian biểu chạy xe tuyến 22B (điều chỉnh): Thời gian Mở bến Bến xe Giáp Bát 5:00, Đóng bến	21:00 Thời gian Mở bến Đô Nghĩa 5:05, Đóng bến 21:00 Giãn cách chạy xe 23, 25, 30, 35 phút trên lượt",,2026-10-05T05:44:03+00:00,5,accept,electric_bus,1
7689990954769501460,https://www.tiktok.com/@hg.md21/video/7689990954769501460,tuyến xe buýt điện,kw_tuyen_xe_buyt_dien,Trải nghiệm xe bus điện tuyến Nha Trang - Tuy Hoà. Cũng êm và làm mình nhớ đến xe buýt ở Singapore 😝,,2026-09-26T23:32:34+00:00,9,accept,electric_bus,1
7693466162541153544,https://www.tiktok.com/@baoquangngai.vn/video/7693466162541153544,tuyến xe buýt điện,kw_tuyen_xe_buyt_dien,Hà Nội đưa 28 xe buýt điện vào vận hành trên tuyến 22A và 22B #dthquangngai #dthquangngaimcv #baoquangngai #baoquangngaidientu #baovaphatthanhtruyenhinhquangngai #quangngai #kontum #tintuc #tintuc24h #tintucgiaitri #onhaxemtin #tintucnews #tiktoknews #congan #anninhtrattu #giaitri #tiktokgiaitri #vungcao #vungcaoquangngai #phapluat #xebuýt #xedien,#dthquangngai #dthquangngaimcv #baoquangngai #baoquangngaidientu #baovaphatthanhtruyenhinhquangngai #quangngai #kontum #tintuc #tintuc24h #tintucgiaitri #onhaxemtin #tintucnews #tiktoknews #congan #anninhtrattu #giaitri #tiktokgiaitri #vungcao #vungcaoquangngai #phapluat #xebuýt #xedien,2026-10-06T10:45:00+00:00,0,accept,electric_bus,1
7691658022522719489,https://www.tiktok.com/@baoptth_hanoi/video/7691658022522719489,tuyến bus điện,kw_tuyen_bus_dien,Hà Nội sẽ có thêm một tuyến buýt điện mới kết nối với tỉnh Hưng Yên. Đây là nội dung đáng chú ý tại Công văn số 4957 của UBND thành phố Hà Nội về việc triển khai mở mới tuyến xe buýt điện từ Bến xe Gia Lâm đến Bến xe Hưng Yên theo hình thức tuyến buýt liên tỉnh. #tintuc #hanoi #tiktoknews,#tintuc #hanoi #tiktoknews,2026-10-01T11:21:36+00:00,2,accept,electric_bus,1
7676110370540522770,https://www.tiktok.com/@bussaigon_city_51/video/7676110370540522770,tuyến bus điện,kw_tuyen_bus_dien,🔴Miễn Phí Vé🔴 Tuyến:166/TPHCM Ga Đại Học Quốc Gia🔁Suối Tiên  Đơn Vị: Công Ty Phương Trang (Futa) #xebuytdien #xebuytphuongtrang #xebuyttphcm #viral #xuhuongtiktok ,#xebuytdien #xebuytphuongtrang #xebuyttphcm #viral #xuhuongtiktok,2026-08-20T13:48:43+00:00,1,reject,missing_group:electric_bus,0
7677413789066693896,https://www.tiktok.com/@tinhay141/video/7677413789066693896,tuyến bus điện,kw_tuyen_bus_dien,"Tuyến Bus điện 74 duy nhất chưa kết nối với hệ thống thẻ vé điện tử liên thông, vì lý do khách quá đông?",,2026-08-24T02:06:45+00:00,0,accept,electric_bus,1
7654938883607579911,https://www.tiktok.com/@dutex.paints/video/7654938883607579911,điểm dừng xe buýt điện,kw_diem_dung_xe_buyt_dien,Khi các điểm dừng xe buýt tại TP.HCM bắt đầu được nhận diện bằng những mảng sơn phản quang màu xanh nổi bật #dutexpaints #PathLine #songiaothong #antoangiaothong ,#dutexpaints #PathLine #songiaothong #antoangiaothong,2026-06-24T12:32:35+00:00,7,reject,missing_group:electric_bus,0
7682683530874326289,https://www.tiktok.com/@nshonggai/video/7682683530874326289,điểm dừng xe buýt điện,kw_diem_dung_xe_buyt_dien,"TĂNG CƯỜNG AN TOÀN CHO HỌC SINH TẠI CÁC ĐIỂM ĐỜI XE BUÝT ĐIỆN Phường Hồng Gai tiến hành lắp đặt hệ thống camera giám sát tại các điểm đưa, đón học sinh bằng xe buýt điện. Đồng thời, đường link theo dõi trực tiếp sẽ được gửi tới phụ huynh để dễ dàng quan sát và yên tâm hơn trong mỗi hành trình đến trường của con. #nhipsonghonggai #thongtin #xuhuong #quangninh",#nhipsonghonggai #thongtin #xuhuong #quangninh,2026-09-07T06:57:10+00:00,0,accept,electric_bus,1
7670163116096818450,https://www.tiktok.com/@dat.pn22/video/7670163116096818450,điểm dừng xe buýt điện,kw_diem_dung_xe_buyt_dien,Bến xe Buýt Lê Minh Xuân #viralvideo  #xuhuong  #sàigon  #buýtđiện  #hottrend ,#viralvideo #xuhuong #sàigon #buýtđiện #hottrend,2026-08-04T13:10:23+00:00,5,reject,missing_group:electric_bus,0
7666066499702000917,https://www.tiktok.com/@datnguyen14042004/video/7666066499702000917,điểm dừng xe buýt điện,kw_diem_dung_xe_buyt_dien,lâu lắm rồi mới quay trở lại Bến xe buýt Sài Gòn  #MultiGo #xebuytdien #futabusline_19006067 ,#MultiGo #xebuytdien #futabusline_19006067,2026-07-24T12:13:21+00:00,2,reject,missing_group:electric_bus,0
7683925740978539793,https://www.tiktok.com/@vinfastquangninh2/video/7683925740978539793,xe bus điện hài lòng,kw_xe_bus_dien_hai_long,"🚌⚡ NIỀM VUI TRÊN NHỮNG CHUYẾN XE ĐIỆN MIỄN PHÍ 💚 Những nụ cười hồn nhiên, những ánh mắt háo hức của các em học sinh Hạ Long trên mỗi chuyến xe buýt điện miễn phí khiến một ngày đến trường trở nên thật đặc biệt. 🥰🎒 🌱 Quảng Ninh đang là địa phương đầu tiên trên cả nước thí điểm xe buýt điện đưa đón học sinh hoàn toàn miễn phí – một bước tiến đầy ý nghĩa hướng tới môi trường xanh và những hành trình đến trường an toàn, văn minh. 🚌 Khởi đầu với 50 xe, và dự kiến tiếp tục bổ sung thêm 100 xe, mạng lưới xe buýt điện sẽ từng bước được mở rộng, hướng tới phục vụ ngày càng nhiều trường học và học sinh trên địa bàn. Không chỉ là những chuyến xe đưa đón, đó còn là những chuyến xe mang theo niềm vui, sự an tâm và một tương lai xanh hơn cho thế hệ trẻ. 💚🌿 🇻🇳 Quảng Ninh – nơi những điều tốt đẹp đang từng ngày hiện hữu. ✨ Một Quảng Ninh thật đáng sống! Tự hào Quảng Ninh! #QuangNinh #HaLong #VinBus #XeBusDien #GiaoThongXanh #TuHaoQuangNinh #QuangNinhDangSong",#QuangNinh #HaLong #VinBus #XeBusDien #GiaoThongXanh #TuHaoQuangNinh #QuangNinhDangSong,2026-09-10T15:16:26+00:00,0,accept,electric_bus,1
7681164704106007829,https://www.tiktok.com/@quangninhcuatoi.14/video/7681164704106007829,xe bus điện hài lòng,kw_xe_bus_dien_hai_long,Phụ huynh Quảng Ninh chuyến này khỏi lo rồi 🥰🥰🥰 #quangninhcuatoi #thanhphoquangninh #wezcreative #vtmgr #xebus ,#quangninhcuatoi #thanhphoquangninh #wezcreative #vtmgr #xebus,2026-09-03T04:42:11+00:00,553,reject,missing_group:electric_bus,0
7690724053077724436,https://www.tiktok.com/@thatha.123_0/video/7690724053077724436,xe bus điện hài lòng,kw_xe_bus_dien_hai_long,Mai Làm chuyến Ra Ninh Hoà thử .Ai đoán không  🤣🤣🤣,,2026-09-28T22:57:20+00:00,40,reject,missing_group:electric_bus,0
7683876705362021639,https://www.tiktok.com/@hoang_5544/video/7683876705362021639,xe bus điện hài lòng,kw_xe_bus_dien_hai_long,"Đi xe bus vào một ngày mưa ở SG. Lâu lắm rồi mới đi xe bus lại,công nhận giờ xe bus điện đi êm,thân thiện với môi trường,nhân viên thì nhiệt tình và lịch sự quá trời và quan trọng là đi xe vé hoàn toàn miễn phí nhen😀  #bussaigon #Futa #tphcm #xuhuong #nhanuocvietnam ",#bussaigon #Futa #tphcm #xuhuong #nhanuocvietnam,2026-09-10T12:06:03+00:00,2,accept,electric_bus,1
7661099726942571793,https://www.tiktok.com/@thuong_review88/video/7661099726942571793,xe bus điện hài lòng,kw_xe_bus_dien_hai_long,Trải nghiệm xe but điện Biên Hoà -Núi cúi.1 chuyến khoảng 2h +15p xạc pin nua la 2h15p.say xe thì bỏ qua nha#thuongreview  #xebutbienhoanuicui #ducmenuicui #review ,#thuongreview #xebutbienhoanuicui #ducmenuicui #review,2026-07-11T02:59:59+00:00,173,reject,missing_group:electric_bus,0
7659791748817800469,https://www.tiktok.com/@duonggiaothong/video/7659791748817800469,review bus điện,kw_review_bus_dien,Lần đầu đi thử xe bus điện số 9 từ Biên Hòa lên Núi Cúi #xebuytdongnai #xebuytbienhoanuicui #xebuytso9dongnai #xebuytdienso9 #buytdongnai ,#xebuytdongnai #xebuytbienhoanuicui #xebuytso9dongnai #xebuytdienso9 #buytdongnai,2026-07-07T14:24:09+00:00,305,accept,electric_bus,1
7651866995310333204,https://www.tiktok.com/@uyenbarbara1997/video/7651866995310333204,review bus điện,kw_review_bus_dien,Review trải nghiệm bus điện Côn Đảo😍 #cônđảo  #reviewcondao  #trendtiktok  #xebus  #tongocvanq12 ,#cônđảo #reviewcondao #trendtiktok #xebus #tongocvanq12,2026-06-16T05:52:06+00:00,6,accept,electric_bus,1
7684205526216953095,https://www.tiktok.com/@mr_hoi_klmh/video/7684205526216953095,review bus điện,kw_review_bus_dien,Xe Kim Long EV rất hợp lý ,,2026-09-11T09:22:09+00:00,9,reject,missing_group:electric_bus,0
7673705479335464200,https://www.tiktok.com/@bdsvinhomesuytin1/video/7673705479335464200,vận hành xe điện vinbus,kw_van_hanh_xe_dien_vinbus,Cả nhà cùng trải nghiệm Vinbus cùng em nhé 🥰🥰🥰 #vinhomesgrandpark #moigioibatdongsan #chuyennhuongcanho #vinbus #VinhomesGrandPark ,#vinhomesgrandpark #moigioibatdongsan #chuyennhuongcanho #vinbus #VinhomesGrandPark,2026-08-14T02:16:36+00:00,2,accept,electric_bus,1
7652252047143750932,https://www.tiktok.com/@hieunguyen26031986/video/7652252047143750932,vận hành xe điện vinbus,kw_van_hanh_xe_dien_vinbus,Bác tài Vinbus 20 tuổi xoe vô lăng cũng tạm tạm 😁😁😁 #xuhuongtiktok  #HiếuNguyễn #VinbusP ,#xuhuongtiktok #HiếuNguyễn #VinbusP,2026-06-17T06:46:24+00:00,31,accept,electric_bus,1
7647740754726604053,https://www.tiktok.com/@moneyf.vn/video/7647740754726604053,vận hành xe điện vinbus,kw_van_hanh_xe_dien_vinbus,"VinBus (Vingroup) thông báo tạm dừng tuyến buýt điện 0 đồng Hà Nội - Hạ Long vào ngày 5/6/2026 để rà soát, tối ưu hóa vận hành. #moneyf",#moneyf,2026-06-05T03:00:11+00:00,201,accept,electric_bus,1
7653478144497765652,https://www.tiktok.com/@anana.vy/video/7653478144497765652,chất lượng vinbus,kw_chat_luong_vinbus,"Đi Vinbus đẹp, xịn mà dễ làm người ta say xe. Xe buýt thường thì như “hung thần xa lộ”, nhưng thoải mái hơn. #bus #publictransport #citylife #carsick ",#bus #publictransport #citylife #carsick,2026-06-20T14:04:09+00:00,4,accept,electric_bus,1
7689391594838969607,https://www.tiktok.com/@busthudocfs/video/7689391594838969607,chất lượng vinbus,kw_chat_luong_vinbus,Tuyến xe mà con dân Hoà Lạc mong chờ được tăng chuyến🥲🥲🥲 quả thật là Vinbus mở 2 tuyến TC quá hợp lí nên chúng ta cùng chờ xem đơn vị chủ quản có tăng thêm xe để thêm chuyến không nha🚌🚌🚌 #xebuyt #xh #hoalac #trend #hanoi ,#xebuyt #xh #hoalac #trend #hanoi,2026-09-25T08:46:41+00:00,3,accept,electric_bus,1
7649736241004563732,https://www.tiktok.com/@a.vt.phan/video/7649736241004563732,chất lượng vinbus,kw_chat_luong_vinbus,Đi làm bằng xe bus sẽ như thế nào. #vinbus #bus #publictransport #CapCut ,#vinbus #bus #publictransport #CapCut,2026-06-10T12:03:38+00:00,1,accept,electric_bus,1
7688312317527870740,https://www.tiktok.com/@phuong.an.daily/video/7688312317527870740,đi xe buýt điện Hà Nội,kw_di_xe_buyt_dien_ha_noi,Bên trong xe buýt điện 34: BX Mỹ Đình - Gia Lâm. Lâu lắm mới lại đi xe này #xebuyt #xebus #phuongandaily ,#xebuyt #xebus #phuongandaily,2026-09-22T10:58:31+00:00,8,accept,electric_bus,1
7658493462853111058,https://www.tiktok.com/@vietanh_do.03/video/7658493462853111058,đi xe buýt điện Hà Nội,kw_di_xe_buyt_dien_ha_noi,Trải nghiệm đi xe buýt ở Hà Nội bằng Momo (áp dụng cho các tuyến đã lắp đặt hệ thống soát vé mới) #thevegiaothonghanoi #Momo #HanoiBus #Vinbus #Tramoc ,#thevegiaothonghanoi #Momo #HanoiBus #Vinbus #Tramoc,2026-07-04T02:26:16+00:00,106,accept,electric_bus,1
7669467090511826183,https://www.tiktok.com/@dunniene53/video/7669467090511826183,đi xe buýt điện Hà Nội,kw_di_xe_buyt_dien_ha_noi,Biết đi bus là tiện ghê ý #bus #hanoi #daihoc #tansinhvien #tuoitre ,#bus #hanoi #daihoc #tansinhvien #tuoitre,2026-08-02T16:09:24+00:00,102,reject,missing_group:electric_bus,0
7662940988381465876,https://www.tiktok.com/@huan.xc/video/7662940988381465876,đi xe buýt điện Hà Nội,kw_di_xe_buyt_dien_ha_noi,Lâu lâu đi bus giật mình với giá 4K/lượt xe sạch mà giá vé của năm 2006 ❣️ #lienninh #bushanoi,#lienninh #bushanoi,2026-07-16T02:04:55+00:00,1,reject,missing_group:electric_bus,0
7678583480715939093,https://www.tiktok.com/@phuong.an.daily/video/7678583480715939093,đi xe buýt điện Hà Nội,kw_di_xe_buyt_dien_ha_noi,Trả lời @japanmorning Cách dùng app Busmap Hà Nội cho các bạn mới đi xe buýt lần đầu #xebuyt #xebus #phuongandaily #busmap #cachdixebuyt ,#xebuyt #xebus #phuongandaily #busmap #cachdixebuyt,2026-08-27T05:45:40+00:00,70,reject,missing_group:electric_bus,0
7669726668415667476,https://www.tiktok.com/@kyduyen090380/video/7669726668415667476,đi xe buýt điện Hà Nội,kw_di_xe_buyt_dien_ha_noi,Chi 50k đi từ chùa thường chiếu lên bến thành ,,2026-08-03T08:56:46+00:00,52,reject,missing_group:electric_bus,0
7671194018377780488,https://www.tiktok.com/@nhatkytramsactmtegreen/video/7671194018377780488,trạm sạc xe buýt điện,kw_tram_sac_xe_buyt_dien,Chúng em không nói nhiều chúng e chứng minh #viral #xuhuong #hottrend #tramsac #TMTEGREEN ,#viral #xuhuong #hottrend #tramsac #TMTEGREEN,2026-08-07T07:50:58+00:00,8,reject,missing_group:electric_bus,0
7653443860298861845,https://www.tiktok.com/@vananfuta/video/7653443860298861845,trạm sạc xe buýt điện,kw_tram_sac_xe_buyt_dien,Mang em ấy đi nạp pin 🪫 để phục vụ quý khách hàng 🥰 trạm sạc pin An Phú Đông của nhà Futa City Bus.,,2026-06-20T11:51:07+00:00,0,reject,missing_group:electric_bus,0
7648802765988236552,https://www.tiktok.com/@icetran/video/7648802765988236552,trạm sạc xe buýt điện,kw_tram_sac_xe_buyt_dien,#sạc sáng dòi nè#xebuýtđiện #trạmsạcxeđiệnfuta #futabusline_19006067 #xuhướng ,#sạc #xebuýtđiện #trạmsạcxeđiệnfuta #futabusline_19006067 #xuhướng,2026-06-07T23:41:28+00:00,1,reject,missing_group:electric_bus,0
7690596071873039634,https://www.tiktok.com/@tiepvienbuyttrungduc/video/7690596071873039634,trạm sạc xe buýt điện,kw_tram_sac_xe_buyt_dien,Xe của VinBus và Futa về depot sạc điện hiển thị dòng chữ ngừng hoạt động #buyttphcm,#buyttphcm,2026-09-28T14:40:39+00:00,65,accept,electric_bus,1
7659589313788644629,https://www.tiktok.com/@thuyenquoc.byddaklak/video/7659589313788644629,trạm sạc xe buýt điện,kw_tram_sac_xe_buyt_dien,"⚡ Tin vui cho cộng đồng xe điện! Sự hợp tác giữa FUTA EV Power và BYD trong phát triển hạ tầng sạc đang dần được hiện thực hóa. Hình ảnh xe bus điện Kim Long sạc tại trạm BYD hôm nay là một dấu mốc cho sự kết nối đó. Trong thời gian tới, mạng lưới trạm sạc sẽ tiếp tục được mở rộng tại Đắk Lắk và trên toàn quốc, mang đến sự thuận tiện, an tâm và góp phần thúc đẩy hệ sinh thái xe điện phát triển mạnh mẽ hơn. Cùng chờ đón một tương lai di chuyển xanh – nơi việc sạc xe sẽ ngày càng dễ dàng ở bất cứ đâu! ⚡💚",,2026-07-07T01:18:37+00:00,1,accept,electric_bus,1
7657737083431210257,https://www.tiktok.com/@thanhkimlong/video/7657737083431210257,trạm sạc xe buýt điện,kw_tram_sac_xe_buyt_dien,Khách hàng em Thành đã sạc miễn phí xe van điện KimLong GK48EV tại trạm xe Bus Phương Trang Futa Nhân viên Futa hỗ trợ sạc xe van KimLong tận tình chu đáo. ☎️ Anh chị cần đầu tư xe chạy hàng alo em Thành hỗ trợ  tốt nhất ạ 👍👍 #gk48ev #xevandien #xuhuong #vandienkimlong #kimlong ,#gk48ev #xevandien #xuhuong #vandienkimlong #kimlong,2026-07-02T01:31:53+00:00,30,reject,missing_group:electric_bus,0
7654842743750937876,https://www.tiktok.com/@d.trending/video/7654842743750937876,trạm sạc xe buýt điện,kw_tram_sac_xe_buyt_dien,Hà Nội tung ưu đãi lớn: Hỗ trợ 70% lãi vay cho xe buýt điện và trạm sạc? #hanoi #uudai #xedien #xebuytdien #tramsac,#hanoi #uudai #xedien #xebuytdien #tramsac,2026-06-24T06:35:00+00:00,0,accept,electric_bus,1
7653815405852527893,https://www.tiktok.com/@tramsac96a/video/7653815405852527893,trạm sạc xe buýt điện,kw_tram_sac_xe_buyt_dien,"""Xe đầy pin - Người đầy sức"" Trạm em luôn sẵn sàng phục vụ các bác. #fyp #tramsacxedien #tramsac #sacnhanh ",#fyp #tramsacxedien #tramsac #sacnhanh,2026-06-21T11:52:54+00:00,73,reject,missing_group:electric_bus,0
7651044344832560404,https://www.tiktok.com/@human.horizons.hiphi.x/video/7651044344832560404,trạm sạc xe buýt điện,kw_tram_sac_xe_buyt_dien,Công nghệ sạc cho xe buýt điện,,2026-06-14T00:39:50+00:00,0,accept,electric_bus,1
7653881868265262356,https://www.tiktok.com/@coem.xedien/video/7653881868265262356,trạm sạc xe buýt điện,kw_tram_sac_xe_buyt_dien,500 anh em Xuân Mai chắc không lạ gì trạm này rồi ☺️  #tramsac #vgreen #tramsacvinfast #tramsacxedien #xanhsm ,#tramsac #vgreen #tramsacvinfast #tramsacxedien #xanhsm,2026-06-21T16:10:47+00:00,67,reject,missing_group:electric_bus,0
7649608526083525908,https://www.tiktok.com/@xe_buyt_tphcm02/video/7649608526083525908,giá vé xe buýt điện,kw_gia_ve_xe_buyt_dien,Tuyến xe buýt điện GRP3  Lộ Trình:Vinhomes Grand Park - Vincom Đồng Khởi và ngược lại  Giá Vé: Miễn Phí  #xuhuongtiktok #xebuyttphcm #xebuyt #xebuytgrp03 #vinbus ,#xuhuongtiktok #xebuyttphcm #xebuyt #xebuytgrp03 #vinbus,2026-06-10T03:48:07+00:00,7,accept,electric_bus,1
7670079225390648583,https://www.tiktok.com/@chichishopkm09/video/7670079225390648583,giá vé xe buýt điện,kw_gia_ve_xe_buyt_dien,"Tuyến xe buýt điện số 9 có lộ trình ra sao, sức chứa bao nhiêu hành khách và giá vé như thế nào? Cùng nghe bác tài chia sẻ để hiểu hơn về chuyến xe nhé! 🚌 #bus #DucMeNuiCui #busso9 #SO9 #xebusdien ",#bus #DucMeNuiCui #busso9 #SO9 #xebusdien,2026-08-04T07:44:51+00:00,0,accept,electric_bus,1
7661503631610416391,https://www.tiktok.com/@uyennhy_95/video/7661503631610416391,giá vé xe buýt điện,kw_gia_ve_xe_buyt_dien,"Trải nghiệm xe bus điện từ bệnh viện đa khoa thống nhất đến núi cúi , giá full vé là 80k vừa đi vừa về ạ , khá êm và an toàn 😃 Từ 70 tuổi đổ lên và từ 6 tuổi đổ xuống sẽ miễn phí vé ạ ,  70 đội đổ lên mình cầm theo cccd nhé m.n  ##trainghiembusdien##ducmenuicui",#trainghiembusdien #ducmenuicui,2026-07-12T05:07:11+00:00,2,accept,electric_bus,1
7658269029269818632,https://www.tiktok.com/@.h.ma.bs.ng.nai/video/7658269029269818632,giá vé xe buýt điện,kw_gia_ve_xe_buyt_dien,"Tin vui Đồng Nai Ngày mai 4/7 sẽ chính thức khai trương tuyến xe buýt điện từ Bến xe Biên Hòa đi Núi Cúi và ngược lại, vé từ 8k - 40k.#Nhàởxãhội #vinbus #trangbom #xebuyt ",#Nhàởxãhội #vinbus #trangbom #xebuyt,2026-07-03T11:55:13+00:00,2,accept,electric_bus,1
7661311066357484820,https://www.tiktok.com/@tutungtang_279/video/7661311066357484820,giá vé xe buýt điện,kw_gia_ve_xe_buyt_dien,Đã quá buýt điện đi Núi Cúi giá từ 8k quá đã ! #tutungtang #ducmenuicui ##bắnphaohoa ,#tutungtang #ducmenuicui #bắnphaohoa,2026-07-11T16:39:52+00:00,14,accept,electric_bus,1
7646731342893518100,https://www.tiktok.com/@namart79limited/video/7646731342893518100,giá vé xe buýt điện,kw_gia_ve_xe_buyt_dien,"Trải nghiệm Xe Buýt điện Vinbus Sài Gòn,chỉ 6k 😁🤭🤪 #xebuytdien #vinbus ",#xebuytdien #vinbus,2026-06-02T09:43:09+00:00,9,accept,electric_bus,1
7661850619782679815,https://www.tiktok.com/@dainambd/video/7661850619782679815,giá vé xe buýt điện,kw_gia_ve_xe_buyt_dien,,,2026-07-13T03:33:45+00:00,158,reject,missing_group:electric_bus,0
7674096373171703048,https://www.tiktok.com/@dainambd/video/7674096373171703048,giá vé xe buýt điện,kw_gia_ve_xe_buyt_dien,,,2026-08-15T03:33:25+00:00,92,reject,missing_group:electric_bus,0
7693137924514172168,https://www.tiktok.com/@nguyn.hong.trung520/video/7693137924514172168,giá vé xe buýt điện,kw_gia_ve_xe_buyt_dien,ga b1 xe buýt Điện Phương Trang bến xe Mỹ Tho lên thành phố Hồ Chí Minh sân bay Sơn nhất 80.000 một người@Lê Hải_63-1 ,,2026-10-05T11:04:26+00:00,1,accept,electric_bus,1
7688001265950838024,https://www.tiktok.com/@lequynhnhu.masterise/video/7688001265950838024,lộ trình VinBus,kw_lo_trinh_vinbus,Hội những người thích đi Vinbus 😚😚😚 #lequynhnhumasterise #vinbus #oceancity #chungcuhanoi #chungcuoceanpark ,#lequynhnhumasterise #vinbus #oceancity #chungcuhanoi #chungcuoceanpark,2026-09-21T14:51:27+00:00,23,accept,electric_bus,1
7646944849735798023,https://www.tiktok.com/@hanoibus107/video/7646944849735798023,lộ trình VinBus,kw_lo_trinh_vinbus,Lộ trình chiều về tuyến E06: KĐT Smart City - Bến xe Giáp Bát Giá vé: 10.000 đồng/người/lượt Tần suất: 15 phút/chuyến ĐVCQ: Công ty TNHH Dịch vụ Vận tải Sinh thái VinBus Thời gian hoạt động Từ thứ 2 đến thứ 7 và Chủ nhật KĐT Smart City: 05:00 - 21:00 Bến xe Giáp Bát: 05:00 - 21:30 #buse06 #vinbus #vinbushanoi #viral #bushanoi ,#buse06 #vinbus #vinbushanoi #viral #bushanoi,2026-06-02T23:31:45+00:00,6,accept,electric_bus,1
7654445361959947538,https://www.tiktok.com/@vinhomessaigonpark49/video/7654445361959947538,lộ trình VinBus,kw_lo_trinh_vinbus,Lộ trình di chuyển VinBus giữa các đô thị của Vinhomes. #doanlien #vinbus #VinhomesSaigonPark #VinhomesHocMon #VinhomesSaigonPark ,#doanlien #vinbus #VinhomesSaigonPark #VinhomesHocMon #VinhomesSaigonPark,2026-06-23T04:37:35+00:00,0,accept,electric_bus,1
7664822073860132103,https://www.tiktok.com/@nhatkytaixexanhgsm/video/7664822073860132103,lộ trình VinBus,kw_lo_trinh_vinbus,Lộ trình tuyến xe buýt 43 chiều đi Bến Xe Kim Mã - TT Đông Anh. #nhatkytaixexanhgsm #vinbus #hanoibus #lotrinhxebus #otobus ,#nhatkytaixexanhgsm #vinbus #hanoibus #lotrinhxebus #otobus,2026-07-21T03:44:35+00:00,4,accept,electric_bus,1
7650498693732306183,https://www.tiktok.com/@lily.property8/video/7650498693732306183,lộ trình VinBus,kw_lo_trinh_vinbus,Đã có tuyến Vinbus đi xuống Vinhomes Sài Gòn Park mha cả nhà iuuuu ơiii #Lien3Mien #VinhomesSaiGonPark#Liejatorsearchinsights ,#Lien3Mien #VinhomesSaiGonPark #Liejatorsearchinsights,2026-06-12T13:22:21+00:00,3,accept,electric_bus,1
7666985531984596231,https://www.tiktok.com/@songograndworld/video/7666985531984596231,lộ trình VinBus,kw_lo_trinh_vinbus,"GW025 | App VinBus Phú Quốc: Bí quyết giúp bạn tiết kiệm tiền đi lại Chỉ vài phút cài App VinBus có thể giúp bạn tra cứu giờ xe, lộ trình và tiết kiệm đáng kể chi phí di chuyển ở Phú Quốc. Đừng quên quét mã QR trong video để tải ứng dụng nhé! #SongOGrandWorld #GrandWorldPhuQuoc #VinBus #PhuQuoc #XeBuytPhuQuoc  ",#SongOGrandWorld #GrandWorldPhuQuoc #VinBus #PhuQuoc #XeBuytPhuQuoc,2026-07-26T23:39:50+00:00,9,accept,electric_bus,1
7686146396919057671,https://www.tiktok.com/@bustphcm51/video/7686146396919057671,lộ trình VinBus,kw_lo_trinh_vinbus,"tuyến SPG : vinhome centelpark- vinhome sai gon park  tiết về tuyến VinBus SPG (Vinhomes Saigon Park) tại TP.HCM: Lộ trình chi tiết • Điểm xuất phát: Vinhomes Central Park • Các điểm dừng: Vinhomes Golden River (Ba Son), Vinhomes Đồng Khởi, đường Cộng Hòa • Điểm đến: Vinhomes Saigon Park (Hóc Môn) Thông tin vận hành • Tần suất: 4 chuyến mỗi ngày • Giờ hoạt động:  • Chuyến đi: 08:00 và 09:00 từ Vinhomes Central Park  • Chuyến về: 13:30, 14:30 và 16:00 từ Vinhomes Saigon Park • Giá vé: Miễn phí • Chiều dài tuyến: 38km • Phương tiện: Xe điện hiện đại #xebuytspg#vinbus_phụng_sự_từ_trái_tim #xuhuong #viral ",#xebuytspg #vinbus_phụng_sự_từ_trái_tim #xuhuong #viral,2026-09-16T14:53:41+00:00,9,accept,electric_bus,1
7647510830065536263,https://www.tiktok.com/@namdobdshalong/video/7647510830065536263,lộ trình VinBus,kw_lo_trinh_vinbus,Địa điểm đón trả khách của tuyến VinBus Hà Nội - Hạ Long Xanh 0đ . #vinbus ,#vinbus,2026-06-04T12:07:54+00:00,16,accept,electric_bus,1
7671615909865278727,https://www.tiktok.com/@vietanh_do.03/video/7671615909865278727,tuyến VinBus Hà Nội,kw_tuyen_vinbus_ha_noi,Trả lời @xinchaohuyenne  Quy trình thanh toán vé lượt xe buýt bằng tiền nạp thẻ vé giao thông. #thevegiaothonghn #VinBus #Hanoibus ,#thevegiaothonghn #VinBus #Hanoibus,2026-08-08T11:07:55+00:00,15,accept,electric_bus,1
7687116994033798407,https://www.tiktok.com/@duanlumihn/video/7687116994033798407,tuyến VinBus Hà Nội,kw_tuyen_vinbus_ha_noi,Tuyến Vin buz ở Lumi HN chạy đi đâu?  #Capitaland #Cuonglumi #vinsmartcity #lumihn @Cường Lumi ,#Capitaland #Cuonglumi #vinsmartcity #lumihn,2026-09-19T05:40:04+00:00,2,reject,missing_group:electric_bus,0
7669365144555736328,https://www.tiktok.com/@busthudocfs/video/7669365144555736328,tuyến VinBus Hà Nội,kw_tuyen_vinbus_ha_noi,"Từ ngày 1/8, tuyến E11 chính thức tăng thêm xe giúp rút ngắn thời gian chờ đợi cho các khách hàng🚌🚌🚌 trông các xe đi du học về có khác khum quý zị😆😆 #viral #tiktok #vinbus #xuhuong #xebuythanoi ",#viral #tiktok #vinbus #xuhuong #xebuythanoi,2026-08-02T09:33:51+00:00,3,accept,electric_bus,1
7688597695342120212,https://www.tiktok.com/@lover208.01/video/7688597695342120212,tuyến VinBus Hà Nội,kw_tuyen_vinbus_ha_noi,Tuyến bus 41: Bx Giáp Bát - Bx Nam Thăng Long. Bks: 29B-027.46 ĐVCT: Ct xe điện Hà Nội #xuhuong#hanoibus_transerco#viarl#bus41#vinbuseb8 ,#xuhuong #hanoibus_transerco #viarl #bus41 #vinbuseb8,2026-09-23T05:25:56+00:00,2,reject,missing_group:electric_bus,0
7654476873979677973,https://www.tiktok.com/@luongvanhaibdsvin/video/7654476873979677973,tuyến VinBus Hà Nội,kw_tuyen_vinbus_ha_noi,,,2026-06-23T06:39:47+00:00,2,reject,missing_group:electric_bus,0
7689754138246122770,https://www.tiktok.com/@busthudocfs/video/7689754138246122770,tuyến VinBus Hà Nội,kw_tuyen_vinbus_ha_noi,Một trong những chiếc xe có trên mình biển số năm sinh của Bus Hà Nội😆😆😆 các bạn có đag trên xe để ra bến xe về quê không ạ🚌🚌🚌 #vinbus #TikTokHaNoi #busthudo #xh #viral ,#vinbus #TikTokHaNoi #busthudo #xh #viral,2026-09-26T08:13:34+00:00,2,accept,electric_bus,1
7687526263665200405,https://www.tiktok.com/@vit.tip.land/video/7687526263665200405,tuyến VinBus Hà Nội,kw_tuyen_vinbus_ha_noi,VinBus sắp hoạt động tại Lumi Hà Nội rồi nhà mình nhé!  #Capitaland  #Lumihanoi  #Viettiepland  #vinbus ,#Capitaland #Lumihanoi #Viettiepland #vinbus,2026-09-20T08:08:14+00:00,0,accept,electric_bus,1
7669389479379094791,https://www.tiktok.com/@trng.tri.anh/video/7669389479379094791,tuyến VinBus Hà Nội,kw_tuyen_vinbus_ha_noi,Trả lời @Fan.Hanoibus.                                     49:Trần Khánh Dư-Nhổn #hanoibus_transerco #vinbuseb8 #ctcpxekhachhanoi #xuhuong #fyp ,#hanoibus_transerco #vinbuseb8 #ctcpxekhachhanoi #xuhuong #fyp,2026-08-02T11:08:14+00:00,6,reject,missing_group:electric_bus,0
7660776626678009109,https://www.tiktok.com/@phm.tng720/video/7660776626678009109,tuyến VinBus Hà Nội,kw_tuyen_vinbus_ha_noi,Sự tấp nập của Điểm trung chuyển Long Biên 🤯🤯 #hanoibus #vinbus #transercohanoibus #transerco #transport ,#hanoibus #vinbus #transercohanoibus #transerco #transport,2026-07-10T06:06:01+00:00,13,accept,electric_bus,1
7671263356132576532,https://www.tiktok.com/@lover208.01/video/7671263356132576532,tuyến VinBus Hà Nội,kw_tuyen_vinbus_ha_noi,Mn đã (trải nghiệm xe điện của tuyến 146 chưa ạ) #hanoibus_transerco#viarlvideo#vinbuseb6 ,#hanoibus_transerco #viarlvideo #vinbuseb6,2026-08-07T12:19:50+00:00,0,reject,missing_group:electric_bus,0
7649711651935210760,https://www.tiktok.com/@hunganhtravelblog/video/7649711651935210760,tuyến VinBus Hà Nội,kw_tuyen_vinbus_ha_noi,Bỏ ra 36 tiếng để trải nghiệm điều mà không ai dám làm bác nào đi rồi như mình cmt nhé #ghienanvathalong #dulichhalong #xuhuong #travel #vinbus ,#ghienanvathalong #dulichhalong #xuhuong #travel #vinbus,2026-06-10T10:28:14+00:00,17,accept,electric_bus,1
7670788474454248724,https://www.tiktok.com/@baogo69/video/7670788474454248724,cảm nhận đi VinBus,kw_cam_nhan_di_vinbus,Những trải nghiệm chưa tốt chỉ là 1 phần nhỏ trong rất nhiều lần đi xe Bus của mình. Mình hi việc ứng xử khi đi xe Bus trở nên tốt và văn minh hơn để có thể phục vụ người dân tốt hơn #bus #kinhnghiem #travel #fyp ,#bus #kinhnghiem #travel #fyp,2026-08-06T05:37:03+00:00,224,reject,missing_group:electric_bus,0
7647155667110759687,https://www.tiktok.com/@vinbus2504/video/7647155667110759687,cảm nhận đi VinBus,kw_cam_nhan_di_vinbus,Cảm ơn khách hàng của VinBus đã tin yêu! 💚 #VinBus ,#VinBus,2026-06-03T13:09:41+00:00,2,accept,electric_bus,1
7667614711734603026,https://www.tiktok.com/@ongchuhanquoc82/video/7667614711734603026,cảm nhận đi VinBus,kw_cam_nhan_di_vinbus,Giải pháp di chuyển bằng bus: tiện lợi và rất kinh tế khi từ TP Nha Trang đi sân bay Cam Ranh. 😘😎😌 #ongchuhanquoc #xebus #vinbus #vinbusnhatrang #xebuyt ,#ongchuhanquoc #xebus #vinbus #vinbusnhatrang #xebuyt,2026-07-28T16:21:15+00:00,19,accept,electric_bus,1
7650468690923687175,https://www.tiktok.com/@phuongnaminkr/video/7650468690923687175,cảm nhận đi VinBus,kw_cam_nhan_di_vinbus,Chuyến Vinbus 0đ từ Hà Nội đi Hạ Long. #hạlong #vivuhalong #xuhuong #vinbus #halongbay ,#hạlong #vivuhalong #xuhuong #vinbus #halongbay,2026-06-12T11:26:09+00:00,48,accept,electric_bus,1
7668932451732966674,https://www.tiktok.com/@tranlethang/video/7668932451732966674,sự cố xe buýt điện,kw_su_co_xe_buyt_dien,Ngay lúc này ngã 4 Hai Bà Trưng - Ngô Quyền chá.y xe bus điện chưa rõ nguyên nhân #xuhuong #chuachay ,#xuhuong #chuachay,2026-08-01T05:34:49+00:00,0,accept,electric_bus,1
7646769852325186836,https://www.tiktok.com/@reviewtuyenquang6/video/7646769852325186836,sự cố xe buýt điện,kw_su_co_xe_buyt_dien,Thích nhưng xe hỏng không đi được...#22tuyenquang #reviewtuyenquang #xebusghengoi ,#22tuyenquang #reviewtuyenquang #xebusghengoi,2026-06-02T12:12:36+00:00,11,reject,missing_group:electric_bus,0
7683609828710780181,https://www.tiktok.com/@kashmiri.men204/video/7683609828710780181,sự cố xe buýt điện,kw_su_co_xe_buyt_dien,Adyala road accident metro bus accident 😭😭😭#foryou#adyalaroad #accident #adiyala #metrobus ,#foryou #adyalaroad #accident #adiyala #metrobus,2026-09-09T18:50:35+00:00,102,reject,missing_group:electric_bus,0
7683833932554571016,https://www.tiktok.com/@upstein12/video/7683833932554571016,sự cố xe buýt điện,kw_su_co_xe_buyt_dien,"A tragic incident in Rawalpindi has sparked anger after an electric bus reportedly ran over a schoolgirl. Police arrested the driver following the incident. In response, an angry crowd gathered at the scene, smashed the bus and later set the same vehicle on fire. The incident has raised concerns over road safety, public transport operations and crowd violence. Authorities are expected to investigate the circumstances surrounding the accident and the subsequent arson. #viral #trending #reels",#viral #trending #reels,2026-09-10T09:20:07+00:00,3,reject,not_vietnam,0
7647982133264321813,https://www.tiktok.com/@hmzee23.7/video/7647982133264321813,sự cố xe buýt điện,kw_su_co_xe_buyt_dien,ELECTRIC BUS ATTACK  Hakeem plaza range road Rawalpindi  #today #electric_bus #attack #trending #viral   accident mirror fyppppp ev_bus_rwp,#today #electric_bus #attack #trending #viral,2026-06-05T18:36:49+00:00,9,reject,not_vietnam,0
7684504097868860692,https://www.tiktok.com/@ranaaqib5252/video/7684504097868860692,sự cố xe buýt điện,kw_su_co_xe_buyt_dien,#faryou #😭 electro bus accident of adyla road ,#faryou,2026-09-12T04:40:44+00:00,7,reject,missing_group:electric_bus,0
7681596927632362769,https://www.tiktok.com/@ayesha_jutt621/video/7681596927632362769,sự cố xe buýt điện,kw_su_co_xe_buyt_dien,jhelum Electric bus⚡ accident 🥹😭 kis kis jaga sa video dekh Rahe ho Sub ########foryou ####foryou #####viral ###foryoupage❤️❤️ #onlyforyou @Green bus jhelum ,#foryou #foryou #viral #foryoupage #onlyforyou,2026-09-04T08:40:16+00:00,11,reject,not_vietnam,0
7682742510170410262,https://www.tiktok.com/@thesocialmirror/video/7682742510170410262,sự cố xe buýt điện,kw_su_co_xe_buyt_dien,قصور میں گرین الیکٹرک بس کا افسوسناک واقعہ، غریب محنت کش کو گرا کر اوپر سے گزار دی! کیا یہ کھلا تضاد نہیں؟ #Kasur #Kasurbusstandkasur #GreenElectricBus #ElectricBus #BusAccident ,#Kasur #Kasurbusstandkasur #GreenElectricBus #ElectricBus #BusAccident,2026-09-07T10:44:50+00:00,602,reject,missing_group:electric_bus,0
7667969603917729045,https://www.tiktok.com/@fasi.sheikh60/video/7667969603917729045,sự cố xe buýt điện,kw_su_co_xe_buyt_dien,#mryam nawZ electric bus accident #10000millionviewsviralvideo #foryou,#mryam #10000millionviewsviralvideo #foryou,2026-07-29T15:18:26+00:00,13,reject,not_vietnam,0
7676094413789056263,https://www.tiktok.com/@meerhadi_222/video/7676094413789056263,sự cố xe buýt điện,kw_su_co_xe_buyt_dien,Hattar Morr Hadsa 😭🤲,,2026-08-20T12:46:48+00:00,9,reject,missing_group:electric_bus,0
7662435338610117910,https://www.tiktok.com/@mudassararain59/video/7662435338610117910,sự cố xe buýt điện,kw_su_co_xe_buyt_dien,Today's incident Electric bus Sahiwal #foryoupage #sahiwal #electric #bus #unfreezemyaccount ,#foryoupage #sahiwal #electric #bus #unfreezemyaccount,2026-07-14T17:22:39+00:00,35,reject,not_vietnam,0
7688384579865971969,https://www.tiktok.com/@lalachoori/video/7688384579865971969,sự cố xe buýt điện,kw_su_co_xe_buyt_dien,Multan Electro Bus,,2026-09-22T15:39:59+00:00,14,reject,missing_group:electric_bus,0
7690855650808630536,https://www.tiktok.com/@thamem0706/video/7690855650808630536,xe buýt điện có tốt không,kw_xe_buyt_dien_co_tot_khong,"mấy bà đã đi xe buýt điện chưa , ok lắm nha thích hợp cho những người sợ say xe như tui 😁 #laixeantoan #xh ",#laixeantoan #xh,2026-09-29T07:28:05+00:00,23,accept,electric_bus,1
7666075517543582983,https://www.tiktok.com/@chiennd0705/video/7666075517543582983,xe buýt điện có tốt không,kw_xe_buyt_dien_co_tot_khong,#creatorsearchinsights Đi xe bus điện có gì hay?#nhatkydilam #laptrinhvien ,#creatorsearchinsights #nhatkydilam #laptrinhvien,2026-07-24T12:48:23+00:00,0,accept,electric_bus,1
7660917138831543570,https://www.tiktok.com/@gocnhinkinhtetaichinh/video/7660917138831543570,xe buýt điện có tốt không,kw_xe_buyt_dien_co_tot_khong,Xe buýt điện VinBus: Trải nghiệm văn minh và tiện nghi cho người dân đô thị #vinbus #xebuytdien #giaothongxanh #vanminhdothi #vinfast ,#vinbus #xebuytdien #giaothongxanh #vanminhdothi #vinfast,2026-07-10T15:11:14+00:00,2,accept,electric_bus,1
7656741810571758869,https://www.tiktok.com/@xe.kim.long.ty.ngu/video/7656741810571758869,xe buýt điện có tốt không,kw_xe_buyt_dien_co_tot_khong,"🚨 Chiếc xe buýt này không dùng một giọt dầu diesel nào! Đúng vậy! Đây là Kim Long B60-EV – dòng xe buýt điện thế hệ mới của Việt Nam. ⚡ Vận hành 100% bằng điện. 🌿 Không phát thải. 🔇 Êm ái hơn xe buýt truyền thống. ♿ Thiết kế sàn thấp, lên xuống thuận tiện. 🚌 Không gian rộng rãi, hiện đại và thân thiện với hành khách. Tương lai của giao thông công cộng không còn là câu chuyện của nhiều năm sau. Nó đang hiện diện trên từng chuyến xe Kim Long B60-EV. 👉 Bạn nghĩ trong tương lai, xe buýt điện sẽ dần thay thế xe buýt diesel không? 💬 Bình luận ý kiến của bạn! 📞 Hotline: 0932 727 798",,2026-06-29T09:08:53+00:00,0,accept,electric_bus,1
7658635243099835666,https://www.tiktok.com/@dongnaihomnaycogi/video/7658635243099835666,chuyến xe buýt điện đầu tiên,kw_chuyen_xe_buyt_dien_dau_tien,Tuyến xe buýt điện đầu tiên kết nối Biên Hòa – Núi Cúi #DongNaiHomNayCoGi #DongNaiTV #DongNai #XeBuytDien #GiaoThongXanh #BienHoa #NuiCui #XeBuytSo9 #WiFiMienPhi #GiaoThongCongCong,#DongNaiHomNayCoGi #DongNaiTV #DongNai #XeBuytDien #GiaoThongXanh #BienHoa #NuiCui #XeBuytSo9 #WiFiMienPhi #GiaoThongCongCong,2026-07-04T11:36:20+00:00,66,accept,electric_bus,1
7660143037548432660,https://www.tiktok.com/@duonggiaothong/video/7660143037548432660,chuyến xe buýt điện đầu tiên,kw_chuyen_xe_buyt_dien_dau_tien,Tuyến xe buýt điện đầu tiên tại tp Đồng Nai #xebuytdongnai #xebuytdienso9 #xebuytso9dongnai #BienHoaNuiCui ,#xebuytdongnai #xebuytdienso9 #xebuytso9dongnai #BienHoaNuiCui,2026-07-08T13:07:18+00:00,31,accept,electric_bus,1
7660439276445928712,https://www.tiktok.com/@love47daklak/video/7660439276445928712,chuyến xe buýt điện đầu tiên,kw_chuyen_xe_buyt_dien_dau_tien,"Hôm nay, ngày 9/07/2026 Đắk Lắk có tuyến xe buýt điện đầu tiên lăn bánh  #daklak #lovedaklak #dulichdaklak #xeđiện #new ",#daklak #lovedaklak #dulichdaklak #xeđiện #new,2026-07-09T08:16:54+00:00,9,accept,electric_bus,1
7687066473755397396,https://www.tiktok.com/@baovaptthquangngai/video/7687066473755397396,chuyến xe buýt điện đầu tiên,kw_chuyen_xe_buyt_dien_dau_tien,Kim Long Motor xuất xe buýt điện đầu tiên sang Thái Lan #dthquangngai #dthquangngaimcv #baovaphatthanhtruyenhinhquangngai #baoquangngai #baoquangngaidientu #tintuc #tintuc24h #tintucgiaitri #tiktoknews #giaitri #onhaxemtin #congan #anninhtrattu #angt #quangngai #kontum #tintucnews #phapluat #xedien,#dthquangngai #dthquangngaimcv #baovaphatthanhtruyenhinhquangngai #baoquangngai #baoquangngaidientu #tintuc #tintuc24h #tintucgiaitri #tiktoknews #giaitri #onhaxemtin #congan #anninhtrattu #angt #quangngai #kontum #tintucnews #phapluat #xedien,2026-09-19T04:30:00+00:00,1,accept,electric_bus,1
7688217400558374162,https://www.tiktok.com/@anne.nguyen2/video/7688217400558374162,trải nghiệm đi VinBus,kw_trai_nghiem_di_vinbus,"Sáng nay mình trải nghiệm xe Vinbus miễn phí số 150, lượn đến Hùng Vương Plaza rồi lết bộ vào chợ Thiếc nơi mình chưa bao giờ tới. Bus sạch, mát, nhân viên nhiệt tình. Ghé ăn trưa xong lại bắt bus về, đủ mồ hôi cho buổi sáng rồi nha!",,2026-09-22T04:50:16+00:00,4,accept,electric_bus,1
7647931084247797013,https://www.tiktok.com/@hoazyi/video/7647931084247797013,trải nghiệm đi VinBus,kw_trai_nghiem_di_vinbus,Pov: chuyến xe Vinbus về Hạ Long,,2026-06-05T15:18:43+00:00,21,accept,electric_bus,1
7682703461518953735,https://www.tiktok.com/@vinfast.minh.hng/video/7682703461518953735,xe điện VinFast công cộng,kw_xe_dien_vinfast_cong_cong,Trả góp 0 Đồng Khi Mua Xe Máy Điện Vinfast #VinFastMinhHungPhat #tragop0đ #tragop #xemaydien #xedienvinfast ,#VinFastMinhHungPhat #tragop0đ #tragop #xemaydien #xedienvinfast,2026-09-07T08:13:19+00:00,11,reject,missing_group:electric_bus,0
7678659101534063880,https://www.tiktok.com/@xmd_vinfast_socson/video/7678659101534063880,xe điện VinFast công cộng,kw_xe_dien_vinfast_cong_cong,"Một mẫu xe ngon bổ rẻ dành cho anh em học sinh cấp 2, lưu ngay lại kẻo khi cần nhé anh em. #xemaydien #xedienvinfast #vinfastdonganh #vinfastsocson #fyb ",#xemaydien #xedienvinfast #vinfastdonganh #vinfastsocson #fyb,2026-08-27T10:39:08+00:00,7,reject,missing_group:electric_bus,0
7681360836249586951,https://www.tiktok.com/@baodiship/video/7681360836249586951,xe điện VinFast công cộng,kw_xe_dien_vinfast_cong_cong,Có xe máy điện vifat thì đky PLATFORM ngon luôn ae #xanhsm #bacninh #bacgiang #viral #xuhuong ,#xanhsm #bacninh #bacgiang #viral #xuhuong,2026-09-03T23:50:00+00:00,46,reject,missing_group:electric_bus,0
7688936507800866066,https://www.tiktok.com/@vinfasttoankieunganam/video/7688936507800866066,xe điện VinFast công cộng,kw_xe_dien_vinfast_cong_cong,Bà con Long Mỹ ơii !! 🆘🆘 Cùng Vinfast Toàn Kiều trãi nghiệm lái thử các dòng xe điện nhé - Lái thử có quà mang về  #vinfasttoankieu #longmy_hậugiang_95🇻🇳🌈 #longmy #xuhuong #fyp ,#vinfasttoankieu #longmy_hậugiang_95 #longmy #xuhuong #fyp,2026-09-24T03:20:43+00:00,7,reject,missing_group:electric_bus,0
7693834671951596801,https://www.tiktok.com/@vinfast.happy/video/7693834671951596801,xe điện VinFast công cộng,kw_xe_dien_vinfast_cong_cong,Cầm ngay 23tr qua Vinfast Happy mua xe Kio vào ngày 10/10 và 11/10 nha 💕💕💕  #vinfasthappy #xemaydien #quan12 #vinfast #hocmon ,#vinfasthappy #xemaydien #quan12 #vinfast #hocmon,2026-10-07T08:08:09+00:00,5,reject,missing_group:electric_bus,0
7658966245714234644,https://www.tiktok.com/@vinfast_anhoa_angiang/video/7658966245714234644,xe điện VinFast công cộng,kw_xe_dien_vinfast_cong_cong,"Sốp ở miền Tây , cụ thể là ở An Giang ạ🥰🥰🥰 #xuhuongtiktok #67angiang❤ #review #xedien #vinfast ",#xuhuongtiktok #67angiang #review #xedien #vinfast,2026-07-05T09:00:51+00:00,50,reject,missing_group:electric_bus,0
7693566925959335188,https://www.tiktok.com/@lm.fast/video/7693566925959335188,xe điện VinFast công cộng,kw_xe_dien_vinfast_cong_cong,Mua xe điện Vinfast góp 0đ tại Lâm Fast #lamfast #vinfasttaysaigon #thuxangdoidien #evograndpremia #evograndlimited @ALO LÂM FAST @Hiếu Nguyễn CEO Vinfast TSG 🛵 @Bác Sĩ Xe Điện @Em Uyên Vinfast TSG @Linh Cao Vinfasttsg ,#lamfast #vinfasttaysaigon #thuxangdoidien #evograndpremia #evograndlimited,2026-10-06T14:49:04+00:00,51,reject,missing_group:electric_bus,0
7693483833525603604,https://www.tiktok.com/@vinfast.xanhbinhphuoc/video/7693483833525603604,xe điện VinFast công cộng,kw_xe_dien_vinfast_cong_cong,Với tài chính 5tr có sở hữu được xe máy điện Vinfast không ? #vinfastxanhbinhphuoc #vituonglaixanh #tragop ,#vinfastxanhbinhphuoc #vituonglaixanh #tragop,2026-10-06T09:26:40+00:00,3,reject,missing_group:electric_bus,0
7693917357072403733,https://www.tiktok.com/@baohong_vinnosg/video/7693917357072403733,xe điện VinFast công cộng,kw_xe_dien_vinfast_cong_cong,Hơn 80 chiếc xe tham gia buổi offine xe điện lớn nhất SG. VinnoSG xin cảm ơn những anh em đã tham gia và các nhà tài trợ đã hỗ trợ về những phần quà ⚡️#xediendo #fyp #feliz #vinfast ,#xediendo #fyp #feliz #vinfast,2026-10-07T13:28:56+00:00,10,reject,missing_group:electric_bus,0
7693579913659583752,https://www.tiktok.com/@khai.mercedes9999/video/7693579913659583752,xe điện VinFast công cộng,kw_xe_dien_vinfast_cong_cong,🚨 QUY CHUẨN MỚI VỀ TRẠM SẠC XE Ô TÔ ĐIỆN – HIỆU LỰC TỪ 1/7/2027 - PHẢI DÙNG CHUNG CHO MỌI XE Ô TÔ ĐIỆN 🚘#tren #sacotodien #tramsacxeotodien #xeotodien  #BoCongThuong  ,#tren #sacotodien #tramsacxeotodien #xeotodien #BoCongThuong,2026-10-06T15:39:29+00:00,4,reject,missing_group:electric_bus,0
7691624887370206485,https://www.tiktok.com/@vinfast.happy/video/7691624887370206485,xe điện VinFast công cộng,kw_xe_dien_vinfast_cong_cong,Evo Premia 23tr900 chỉ có tại Vinfast Happy 👍🥰  #vinfast #vinfasthappy #xemaydien #quan12 #hocmon ,#vinfast #vinfasthappy #xemaydien #quan12 #hocmon,2026-10-01T09:13:04+00:00,115,reject,missing_group:electric_bus,0
7667163729305275669,https://www.tiktok.com/@vinfast_tranhung/video/7667163729305275669,xe điện VinFast công cộng,kw_xe_dien_vinfast_cong_cong,Chọn Evo Lite hay Evo Grand - Xem ngay video để tham khảo mẫu xe phù hợp nha #vinfast #vinfasttranhung #xemaydienvinfast #evolite #evograndlite ,#vinfast #vinfasttranhung #xemaydienvinfast #evolite #evograndlite,2026-07-27T11:11:11+00:00,385,reject,missing_group:electric_bus,0
7667183873679379720,https://www.tiktok.com/@huongbamoque/video/7667183873679379720,xe điện VinFast công cộng,kw_xe_dien_vinfast_cong_cong,POV: Đi Sài Gòn bằng xe máy điện VinFast #huongbamoque #pov #cuocsongnongthon #vinfastevo,#huongbamoque #pov #cuocsongnongthon #vinfastevo,2026-07-27T12:29:23+00:00,1180,reject,missing_group:electric_bus,0
7693960565915421970,https://www.tiktok.com/@vinfastungtam/video/7693960565915421970,xe điện VinFast công cộng,kw_xe_dien_vinfast_cong_cong,"Feliz II - dòng xe đổi pin tiện lợi và kiểu dáng đẹp  👉 Xe Máy Điện VinFast Ứng Tâm 📍 Vòng xuyến Lễ Độ - Phú Thái - TP Hải Phòng.  ☎️ 02203 72 5555 ( giờ hành chính )  📲 0987 728 728 ( fb , zalo ) #ỨngTâm #VinfastỨngTâm #ThuXangDoiDien #Xethờitrang #Xehottrend ",#ỨngTâm #VinfastỨngTâm #ThuXangDoiDien #Xethờitrang #Xehottrend,2026-10-07T16:16:39+00:00,0,reject,missing_group:electric_bus,0
7683397452002594056,https://www.tiktok.com/@vinfast.c.kin/video/7683397452002594056,xe điện VinFast công cộng,kw_xe_dien_vinfast_cong_cong,Anh chị em Hải Phòng quan tâm dòng xe điện Vinfast ib cho e nhé#xemaydien #vinfast #evogrand #feliz #xuhuongtiktok ,#xemaydien #vinfast #evogrand #feliz #xuhuongtiktok,2026-09-09T05:06:21+00:00,14,reject,missing_group:electric_bus,0
7693813057805372678,https://www.tiktok.com/@vinfastquocoai.vn/video/7693813057805372678,xe điện VinFast công cộng,kw_xe_dien_vinfast_cong_cong,Từ Việt Nam đến Mỹ: hành trình đưa giao thông xanh ra thế giới của VinFast đang ngày càng gần hơn #hathanhauto #VINFAST #vinfasthtaquocoai ,#hathanhauto #VINFAST #vinfasthtaquocoai,2026-10-07T06:44:14+00:00,1,reject,missing_group:electric_bus,0
7685990564960931079,https://www.tiktok.com/@vinfast_huynguyen/video/7685990564960931079,xe điện VinFast công cộng,kw_xe_dien_vinfast_cong_cong,Nguồn: Chê Xe Chất  #VinFastHuyNguyenPhat #XeMayDienVinFast #VinFast ,#VinFastHuyNguyenPhat #XeMayDienVinFast #VinFast,2026-09-16T04:48:56+00:00,3,reject,missing_group:electric_bus,0
7688019066874776850,https://www.tiktok.com/@vananfuta/video/7688019066874776850,buýt điện thông minh,kw_buyt_dien_thong_minh,"Thật tự hào khi tôi làm việc tại FUTA Buslines - hệ thống xe buýt điện thông minh, văn minh hàng đầu Việt Nam! Tôi đang góp phần thay đổi diện mạo giao thông công cộng, mang đến những hành trình xanh và lan tỏa tinh thần ""phụng sự từ trái tim"" đến cộng đồng mỗi ngày. 😍😍😍",,2026-09-21T16:00:34+00:00,1,accept,electric_bus,1
7685301667935358229,https://www.tiktok.com/@baoptth_hanoi/video/7685301667935358229,dự án xe buýt điện Hà Nội,kw_du_an_xe_buyt_dien_ha_noi,"Theo lộ trình, kế hoạch của thành phố Hà Nội, năm 2026 tỷ lệ xe buýt điện chiếm từ 20 đến 23% và đến năm 2027, chiếm từ 34 đến 39% tổng phương tiện trên toàn hệ thống. Nhưng với quyết tâm mạnh mẽ, Tổng công ty vận tải Hà Nội đã đẩy nhanh tiến độ chuyển đổi. Đến nay, tỷ lệ xe buýt xanh đã đạt 43,8%, vượt xa mục tiêu đề ra. #xuhuong #tiktoknews #tintuc",#xuhuong #tiktoknews #tintuc,2026-09-14T08:15:41+00:00,1,accept,electric_bus,1
7692286319283801362,https://www.tiktok.com/@hoan_89hungyen/video/7692286319283801362,dự án xe buýt điện Hà Nội,kw_du_an_xe_buyt_dien_ha_noi,,,2026-10-03T03:59:45+00:00,1,reject,missing_group:electric_bus,0
7662770671927201040,https://www.tiktok.com/@hanoimoi.vn/video/7662770671927201040,dự án xe buýt điện Hà Nội,kw_du_an_xe_buyt_dien_ha_noi,"Thực hiện kế hoạch 149 của UBND Thành phố, Hà Nội đang đẩy mạnh lộ trình chuyển đổi xe buýt từ sử dụng năng lượng diesel sang xe buýt điện, nhằm giảm phát thải và cải thiện chất lượng không khí. Theo kế hoạch, đến hết năm 2026, Thành phố dự kiến sẽ có 1.200 xe buýt sử dụng năng lượng xanh, chiếm hơn 60% tổng số phương tiện trên toàn mạng lưới. #xuhuongtiktok #tiktoknews #tintuc #xebuytxanh",#xuhuongtiktok #tiktoknews #tintuc #xebuytxanh,2026-07-15T15:04:13+00:00,0,accept,electric_bus,1
7692387776280431893,https://www.tiktok.com/@min.h.y/video/7692387776280431893,dự án xe buýt điện Hà Nội,kw_du_an_xe_buyt_dien_ha_noi,#duet cùng @VTV24 #vtv24 Hưng Yên có xe buýt điện Gia Lâm Bx Hưng Yên quá tuyệt vời,#duet #vtv24,2026-10-03T10:33:27+00:00,0,accept,electric_bus,1
7678908201823259912,https://www.tiktok.com/@vtv24news/video/7678908201823259912,dự án xe buýt điện Hà Nội,kw_du_an_xe_buyt_dien_ha_noi,"Tại Khu công nghệ cao và Đại học Quốc gia Hà Nội cơ sở Hòa Lạc, hệ thống phương tiện tự hành gồm robot taxi, xe buýt và robot giao đồ ăn vừa được đưa vào vận hành thử nghiệm. Dự án kéo dài 24 tháng, không thu phí thương mại và bắt buộc có người giám sát tại vị trí lái để sẵn sàng xử lý khẩn cấp. #VTV24 #VTV #giaothong #hanoi",#VTV24 #VTV #giaothong #hanoi,2026-08-28T02:45:49+00:00,0,reject,missing_group:electric_bus,0
7683880815394131220,https://www.tiktok.com/@nguyentuyendatnenhoalac/video/7683880815394131220,dự án xe buýt điện Hà Nội,kw_du_an_xe_buyt_dien_ha_noi,Hòa Lạc tăng xe buýt điện xe đạp điện - giao thông tốt nhà ở càng đắt khách! #nguyentuyendatnenhoalac#hoalac#datnengiare#datnenvendo#viral ,#nguyentuyendatnenhoalac #hoalac #datnengiare #datnenvendo #viral,2026-09-10T12:22:00+00:00,2,accept,electric_bus,1
7690891402561228040,https://www.tiktok.com/@enews.trending/video/7690891402561228040,dự án xe buýt điện Hà Nội,kw_du_an_xe_buyt_dien_ha_noi,Hà Nội chính thức thử nghiệm xe buýt tự hành và robotaxi hiện đại không khác gì Trung Quốc #enewstrending #viral #hanoi #tuhaovietnam #xebuyt,#enewstrending #viral #hanoi #tuhaovietnam #xebuyt,2026-09-29T09:46:45+00:00,57,reject,missing_group:electric_bus,0
7658080055746252053,https://www.tiktok.com/@longbolero1988/video/7658080055746252053,chính sách vé xe buýt điện,kw_chinh_sach_ve_xe_buyt_dien,Xe buýt từ 1/7 chuyển hết sang vé điện tử,,2026-07-02T23:42:00+00:00,66,reject,missing_group:electric_bus,0
7664457509813357825,https://www.tiktok.com/@hanoitranserco/video/7664457509813357825,chính sách vé xe buýt điện,kw_chinh_sach_ve_xe_buyt_dien,"Trung tâm Quản lý và Điều hành giao thông thành phố Hà Nội thông báo triển khai hệ thống vé điện tử liên thông trên 29 tuyến buýt trợ giá ngoài Vành đai 1. Các tuyến áp dụng gồm nhiều tuyến quen thuộc như 05, 06A, 06C, 06D, 15, 17, 19, 21A, 21B, 22B, 37, 39, 46, 51, 62, 63, 65, 69, 72, 84, 88, 93, 94, 96, 98, 101A, 106, 125 và 158. Nhân viên phục vụ sẽ kiểm tra vé tháng điện tử và bán vé lượt theo hệ thống mới. Trường hợp thiết bị gặp sự cố, hành khách vẫn có thể xuất trình thẻ vé tháng, mã QR trên ứng dụng, thẻ miễn phí hoặc căn cước công dân đối với người cao tuổi. Giá vé lượt được tính theo công thức: 3.000 đồng mở cửa, cộng 450 đồng cho mỗi ki-lô-mét di chuyển. Các đơn vị cũng được yêu cầu hướng dẫn hành khách nhẹ nhàng, tận tình; lái xe phải dừng đón, trả khách đúng điểm và chỉ di chuyển khi hành khách đã lên xuống an toàn.",,2026-07-20T04:10:33+00:00,15,reject,missing_group:electric_bus,0
7680087906807057671,https://www.tiktok.com/@baonhandan.trending/video/7680087906807057671,chính sách vé xe buýt điện,kw_chinh_sach_ve_xe_buyt_dien,"Từ 1/9, người dân có thể dùng liên thông vé metro và xe buýt #baonhandan #baonhandantrending #theanh28 #tiktoknews ",#baonhandan #baonhandantrending #theanh28 #tiktoknews,2026-08-31T07:03:47+00:00,8,reject,missing_group:electric_bus,0
7658963892713819400,https://www.tiktok.com/@maidich.news/video/7658963892713819400,chính sách vé xe buýt điện,kw_chinh_sach_ve_xe_buyt_dien,"Từ ngày 6/7, Hà Nội chính thức mở cổng đăng ký trực tuyến cấp miễn phí thẻ xe buýt điện tử gắn chip cho các đối tượng thuộc diện chính sách. Người đăng ký chỉ cần chuẩn bị ảnh hai mặt căn cước công dân, ảnh chân dung và gửi hồ sơ qua website để được cấp thẻ. #tintuc #hanoi #xebuyt #doisong #maidichnews ",#tintuc #hanoi #xebuyt #doisong #maidichnews,2026-07-05T08:51:41+00:00,1,accept,electric_bus,1
7680569286838062356,https://www.tiktok.com/@songbdsvn/video/7680569286838062356,chính sách vé xe buýt điện,kw_chinh_sach_ve_xe_buyt_dien,"🚇 Hà Nội chính thức triển khai vé điện tử liên thông giữa Metro và xe buýt từ 1/9 Món quà không thể tuyệt vời hơn dành cho người dân Thủ đô dịp Quốc khánh 2/9! Từ ngày 1/9, Hà Nội chính thức triển khai vé điện tử liên thông giữa Metro và xe buýt. Từ ngày 1/9, hành khách có thể sử dụng vé điện tử liên thông để kết nối Metro và xe buýt có trợ giá trên địa bàn Hà Nội. Chính sách mới không chỉ giúp giảm chi phí đi lại mà còn mở ra cách tiếp cận thuận tiện hơn với giao thông công cộng. Một Hà Nội hiện đại đang được tạo nên từ những thay đổi rất gần gũi trong cuộc sống mỗi ngày. 🚇🚌 #HaNoi #MetroHaNoi #XeBuytHaNoi #GiaoThongDoThi #metro ",#HaNoi #MetroHaNoi #XeBuytHaNoi #GiaoThongDoThi #metro,2026-09-02T01:30:00+00:00,38,reject,missing_group:electric_bus,0
7654798522587434257,https://www.tiktok.com/@vtv24news/video/7654798522587434257,chính sách vé xe buýt điện,kw_chinh_sach_ve_xe_buyt_dien,"Từ ngày 01/7, vé tháng giấy sẽ không còn giá trị sử dụng trên các tuyến xe buýt có trợ giá tại Hà Nội. Hệ thống thẻ vé giao thông điện tử sẽ được áp dụng trên toàn bộ mạng lưới xe buýt trợ giá.#vtv24 #tiktoknews #VTV #banthoisu",#vtv24 #tiktoknews #VTV #banthoisu,2026-06-24T06:00:00+00:00,0,reject,missing_group:electric_bus,0
7683426902488403220,https://www.tiktok.com/@thanhphoquangninhnews/video/7683426902488403220,chính sách vé xe buýt điện,kw_chinh_sach_ve_xe_buyt_dien,Chính sách đặc biệt của thành phố Quảng Ninh: đưa đón học sinh bằng xe bus điện thu hút sự quan tâm của người dân #ThanhphoQuangNinhNews #tiktoktintuc #tiktoknews #QuangNinh ,#ThanhphoQuangNinhNews #tiktoktintuc #tiktoknews #QuangNinh,2026-09-09T07:00:40+00:00,2,accept,electric_bus,1
7663401864473398536,https://www.tiktok.com/@minhchi138/video/7663401864473398536,chính sách vé xe buýt điện,kw_chinh_sach_ve_xe_buyt_dien,"#hochiminh #xebuyt #vincom Một ngày trải nghiệm các tuyen  xe buýt dien 0 đồng cùng con trai, xe sạch sẽ, chạy êm và không tốn tiền những vẫn có vé. Bạn chỉ cần mang theo cccd hoặc VNEID là được. Cảm ơn Đảng và Nhà nước đã triển khai mô hình này, hy vọng sẽ được lan toả các tuyyeesn xe buýt điện đến khắp mọi vùng quê của Việt Nam🫶🫶🫶 16/7/2026 Jomly Win",#hochiminh #xebuyt #vincom,2026-07-17T07:53:14+00:00,2,accept,electric_bus,1
7658947750737841426,https://www.tiktok.com/@dbnd.vn/video/7658947750737841426,chính sách vé xe buýt điện,kw_chinh_sach_ve_xe_buyt_dien,"Sau khi triển khai hệ thống vé điện tử liên thông từ ngày 1/7/2026, Hà Nội quyết định tiếp tục cho phép sử dụng thẻ xe buýt miễn phí mẫu cũ không gắn chip đến hết ngày 31/12/2026 nhằm bảo đảm quyền lợi của người dân, đồng thời tạo điều kiện thuận lợi trong quá trình chuyển đổi sang hệ thống vé điện tử. #BaoDaibieuNhandan #baodbnd #hanoi #xebus #xebuyt",#BaoDaibieuNhandan #baodbnd #hanoi #xebus #xebuyt,2026-07-05T07:49:01+00:00,0,reject,missing_group:electric_bus,0
7654804935418187024,https://www.tiktok.com/@chuyendong24hnews/video/7654804935418187024,chính sách vé xe buýt điện,kw_chinh_sach_ve_xe_buyt_dien,"Từ ngày 01/7, vé tháng giấy sẽ không còn giá trị sử dụng trên các tuyến xe buýt có trợ giá tại Hà Nội. Hệ thống thẻ vé giao thông điện tử sẽ được áp dụng trên toàn bộ mạng lưới xe buýt trợ giá.#Chuyendong24h #banthoisu #vtv",#Chuyendong24h #banthoisu #vtv,2026-06-24T05:30:00+00:00,0,reject,missing_group:electric_bus,0
7683566577479978260,https://www.tiktok.com/@hanasg_shop/video/7683566577479978260,chính sách vé xe buýt điện,kw_chinh_sach_ve_xe_buyt_dien,"Mình đã trải nghiệm đi bus điện miễn phí để các bạn cùng thử đi nha, chill lắm #xebustphcm ",#xebustphcm,2026-09-09T16:02:38+00:00,1,accept,electric_bus,1
7654512644337995029,https://www.tiktok.com/@dbnd.vn/video/7654512644337995029,chính sách vé xe buýt điện,kw_chinh_sach_ve_xe_buyt_dien,"Ngày 23/6, Sở Xây dựng Hà Nội cho biết thành phố đang triển khai đổi toàn bộ vé tháng giấy sang thẻ vé giao thông điện tử trên các tuyến xe buýt có trợ giá. Theo kế hoạch, từ ngày 1/7/2026, vé tháng giấy sẽ chính thức hết hiệu lực sử dụng trên toàn mạng lưới xe buýt trợ giá. #BaoDaibieuNhandan #baodbnd #xebuyt #bus #hanoi",#BaoDaibieuNhandan #baodbnd #xebuyt #bus #hanoi,2026-06-23T08:58:32+00:00,0,reject,missing_group:electric_bus,0
7650406441404189972,https://www.tiktok.com/@anhxebus_/video/7650406441404189972,so sánh xe buýt điện xe buýt thường,kw_so_sanh_xe_buyt_dien_xe_buyt_thuong,Trả lời @Mr.Chicavau ,,2026-06-12T07:24:21+00:00,40,reject,missing_group:electric_bus,0
7657584625077865741,https://www.tiktok.com/@not.a.real.americ/video/7657584625077865741,so sánh xe buýt điện xe buýt thường,kw_so_sanh_xe_buyt_dien_xe_buyt_thuong,Old school bus vs. the new 2026 all electric school bus. Which one would you rather ride in? #schoolbus #electricbus #oldvsnew #futuretransport #buslife,#schoolbus #electricbus #oldvsnew #futuretransport #buslife,2026-07-01T15:40:00+00:00,0,reject,missing_group:electric_bus,0
7664949980712406293,https://www.tiktok.com/@simonyen2312/video/7664949980712406293,so sánh xe buýt điện xe buýt thường,kw_so_sanh_xe_buyt_dien_xe_buyt_thuong,"🚍 Thử một lần đi xe buýt điện để cảm nhận một Sài Gòn rất khác: êm hơn, xanh hơn và thư thái hơn. 💚 Bạn đã trải nghiệm chưa? Hãy chia sẻ cảm nhận với mọi người nhé! 👇👇🤞 #XeBuytDien #TPHCM #MultiGo #SongXanh #GiaoThongCongCong",#XeBuytDien #TPHCM #MultiGo #SongXanh #GiaoThongCongCong,2026-07-21T12:00:43+00:00,4,accept,electric_bus,1
7658475499898850576,https://www.tiktok.com/@nguoi_dong_nai_toptop/video/7658475499898850576,lịch trình xe buýt điện,kw_lich_trinh_xe_buyt_dien,"Tuyến xe buýt số 9 có cự ly 58km, kết nối trung tâm tỉnh Đồng Nai với khu vực Núi Cúi. Lộ trình cụ thể: Xe sẽ khởi hành từ Bến xe Biên Hòa - đường Cách Mạng Tháng Tám - Hà Huy Giáp - Võ Thị Sáu - Dương Tử Giang - Nguyễn Ái Quốc - Đồng Khởi - ngã tư Khu công nghiệp Amata - quốc lộ 1 - Bưu điện Trảng Bom - đường 30/4 - Hùng Vương - Nguyễn Hoàng - Trảng Bom - Cây Gáo - Trạm y tế xã Bàu Hàm - Đức Huy - Thanh Bình - quốc lộ 20 - Gia Tân 1 - Đức Mẹ Núi Cúi và ngược lại. Chia sẽ cho mọi người biết nhé",,2026-07-04T01:17:06+00:00,94,reject,missing_group:electric_bus,0
7656219790037798164,https://www.tiktok.com/@hoangphucfutacitybus/video/7656219790037798164,lịch trình xe buýt điện,kw_lich_trinh_xe_buyt_dien,Xe buýt điện Tuyến xe 09 Bên xe buýt Chợ Lớn - Bình Chánh - Hưng Long #xebuytsaigon #phuongtrangbuyt🥰 #futabusline_19006067 #CapCut ,#xebuytsaigon #phuongtrangbuyt #futabusline_19006067 #CapCut,2026-06-27T23:23:16+00:00,8,accept,electric_bus,1
7667226999374482706,https://www.tiktok.com/@bustphcm51/video/7667226999374482706,hình ảnh xe buýt điện,kw_hinh_anh_xe_buyt_dien,#CapCut ảnh các xe điẹn của phương trang đang sử dụng thiếu thì cứ bổ sung  #futa_buslines #futa_CITYUS #xh ,#CapCut #futa_buslines #futa_CITYUS #xh,2026-07-27T15:16:42+00:00,2,reject,missing_group:electric_bus,0
7654742385808723220,https://www.tiktok.com/@buyttuananh/video/7654742385808723220,hình ảnh xe buýt điện,kw_hinh_anh_xe_buyt_dien,Ghi hình các Tuyến xe buýt điện của Công ty Cổ phần Xe khách Phương Trang từ dòng KIM LONG B40EV đến B80EV #viralvideo #xebuytphuongtrang #futabusline_19006067 #futabuslines #tiepvienphuongtrang ,#viralvideo #xebuytphuongtrang #futabusline_19006067 #futabuslines #tiepvienphuongtrang,2026-06-23T23:50:05+00:00,0,accept,electric_bus,1
7670062680484482324,https://www.tiktok.com/@nguyenngochap1/video/7670062680484482324,video xe buýt điện,kw_video_xe_buyt_dien,Trải nghiệm xe buýt điện,,2026-08-04T06:40:38+00:00,2,accept,electric_bus,1
7671291377958882581,https://www.tiktok.com/@mebeny86/video/7671291377958882581,phản hồi xe buýt điện,kw_phan_hoi_xe_buyt_dien,Ý kiến riêng của mẹ con tui nha: ghế cứng ngồi ê đít và tựa lưng thi thấp Ko dựa đầu vào dc. Nấm lùn như T thì còn ép ép chu con t la thua rồi đó ngồi mỏi cổ. Con Mn thế nào ai đi rồi cho ý kiến nha #mebeny ,#mebeny,2026-08-07T14:08:39+00:00,0,reject,missing_group:electric_bus,0
7685175380344425736,https://www.tiktok.com/@phongvienhanoibusfps/video/7685175380344425736,xe buýt điện VinFast Hà Nội,kw_xe_buyt_dien_vinfast_ha_noi,Liệu mọi người còn nhớ chiếc 3 cửa của 34 không | Tuyến buýt điện 34 : Bxe Mỹ Đình - Bxe Gia Lâm  ------Dòng xe khai thác : Vinfast Green Bus 10------  ----ĐVCQ : Công ty xe điện Hà Nội---- #xuhuong#xuhuongtiktok2026#hanoibus_transerco#xebuythanoi#ilovetiktok ,#xuhuong #xuhuongtiktok2026 #hanoibus_transerco #xebuythanoi #ilovetiktok,2026-09-14T00:05:42+00:00,0,accept,electric_bus,1
7691645929090338055,https://www.tiktok.com/@phongvienhanoibusfps/video/7691645929090338055,xe buýt điện VinFast Hà Nội,kw_xe_buyt_dien_vinfast_ha_noi,Cố đăng hết cho đỡ khỏi phải chạy deadline:)) | Tuyến buýt điện tăng cường E06TC: Bxe Giáp Bát - Khu CNC Hòa Lạc ------Dòng xe khai thác: Vinfast Green Bus------ ----ĐVCQ: VinBus---- #xuhuong#xuhuongtiktok2026#xebuythanoi#vinbushanoi#ilovetiktok ,#xuhuong #xuhuongtiktok2026 #xebuythanoi #vinbushanoi #ilovetiktok,2026-10-01T10:34:43+00:00,1,accept,electric_bus,1
7685744737050971410,https://www.tiktok.com/@phongvienhanoibusfps/video/7685744737050971410,xe buýt điện VinFast Hà Nội,kw_xe_buyt_dien_vinfast_ha_noi,Tuyến buýt điện số 11CT: Công viên Thống Nhất - Học viện Nông nghiệp Việt Nam  ------Dòng xe khai thác : Vinfast Green Bus 8------ ----ĐVCQ: Xí nghiệp Buýt Hà Nội---- #xuhuong#xuhuongtiktok2026#ilovetiktok#xebuythanoi#hanoibus_transerco ,#xuhuong #xuhuongtiktok2026 #ilovetiktok #xebuythanoi #hanoibus_transerco,2026-09-15T12:55:02+00:00,1,accept,electric_bus,1
7683451228310801671,https://www.tiktok.com/@phongvienhanoibusfps/video/7683451228310801671,xe buýt điện VinFast Hà Nội,kw_xe_buyt_dien_vinfast_ha_noi,Bí content ko bt nói j | Tuyến xe buýt điện số 37 : Bxe Giáp Bát - Chương Mỹ ------Dòng xe khai thác : Vinfast Green Bus 8------ ----ĐVCQ : Bus Liên Ninh---- #xuhuong#xuhuongtiktok2026#xebuythanoi#buslienninh#ilovetiktok ,#xuhuong #xuhuongtiktok2026 #xebuythanoi #buslienninh #ilovetiktok,2026-09-09T08:35:02+00:00,3,accept,electric_bus,1
7684276344485678343,https://www.tiktok.com/@phongvienhanoibusfps/video/7684276344485678343,xe buýt điện VinFast Hà Nội,kw_xe_buyt_dien_vinfast_ha_noi,Tuyến buýt điện số 60a : KĐT Pháp Vân - Cv nước Hồ Tây  ------Dòng xe khai thác: Vinfast Green Bus 8------ ----ĐVCQ: Bảo Yến Bus---- #xuhuong#xuhuongtiktok2026#ilovetiktok#xebuythanoi#hanoibus_transerco,#xuhuong #xuhuongtiktok2026 #ilovetiktok #xebuythanoi #hanoibus_transerco,2026-09-11T13:56:52+00:00,0,accept,electric_bus,1
7686522869362363656,https://www.tiktok.com/@phongvienhanoibusfps/video/7686522869362363656,xe buýt điện VinFast Hà Nội,kw_xe_buyt_dien_vinfast_ha_noi,"Tình hình mấy chỗ ae sao r, có ngập tiếp ko:)) | Tuyến buýt điện số 38: Mai Động - Tân Xuân  ------Dòng xe khai thác: Vinfast Green Bus 8------ ----ĐVCQ: Xí nghiệp xe khách nam Hà Nội---- #xuhuong#xuhuongtiktok2026#hanoibus_transerco#xebuythanoi#ilovetiktok ",#xuhuong #xuhuongtiktok2026 #hanoibus_transerco #xebuythanoi #ilovetiktok,2026-09-17T15:14:32+00:00,0,accept,electric_bus,1
7647014935679028481,https://www.tiktok.com/@kenh14official/video/7647014935679028481,xe buýt điện VinFast Hà Nội,kw_xe_buyt_dien_vinfast_ha_noi,"Tối ngày 2/6, VinBus đưa ra thông báo liên quan đến tuyến buýt điện miễn phí Hà Nội - Hạ Long Xanh Theo markettimes.vn #news #amm #FPGT",#news #amm #FPGT,2026-06-03T05:30:00+00:00,792,accept,electric_bus,1
7670964212767706388,https://www.tiktok.com/@phonhovlog/video/7670964212767706388,xe buýt điện VinFast Hà Nội,kw_xe_buyt_dien_vinfast_ha_noi,Bus Vinfast hiện đại xanh sạch sẽ #busvinfast #vinfast #hanoi #phonhovlog ,#busvinfast #vinfast #hanoi #phonhovlog,2026-08-06T16:59:01+00:00,29,reject,missing_group:electric_bus,0
7685914439601720594,https://www.tiktok.com/@phongvienhanoibusfps/video/7685914439601720594,xe buýt điện VinFast Hà Nội,kw_xe_buyt_dien_vinfast_ha_noi,Tuyến buýt điện số 36: Long Biên - Yên Xá  ------Dòng xe khai thác: Vinfast Green Bus 8------ ----ĐVCQ: Xí nghiệp Buýt Hà Nội---- #xuhuonga#xuhuongtiktok2026#xebuythanoi#hanoibus_transerco#ilovetiktok ,#xuhuonga #xuhuongtiktok2026 #xebuythanoi #hanoibus_transerco #ilovetiktok,2026-09-15T23:53:34+00:00,1,accept,electric_bus,1
7685381506558119186,https://www.tiktok.com/@phongvienhanoibusfps/video/7685381506558119186,xe buýt điện VinFast Hà Nội,kw_xe_buyt_dien_vinfast_ha_noi,Tuyến buýt điện số 29 : Bxe Giáp Bát - Tân Lập (ai fan tuyến 29 thì vào) ------Dòng xe khai thác: Vinfast Green Bus 8------ ----ĐVCQ: Xí nghiệp Buýt 10-10---- #xuhuong#xuhuongtiktok2026#hanoibus_transerco#xebuythanoi#hanoibus29 ,#xuhuong #xuhuongtiktok2026 #hanoibus_transerco #xebuythanoi #hanoibus29,2026-09-14T13:25:27+00:00,2,accept,electric_bus,1
7664056347214073108,https://www.tiktok.com/@tunglhk54/video/7664056347214073108,hài lòng xe buýt điện,kw_hai_long_xe_buyt_dien,Tui thấy đi xe buýt điện miễn phí mà mát lạnh là tui ưng lắm rồi đó :)),,2026-07-19T02:12:57+00:00,0,accept,electric_bus,1
7680796381996387605,https://www.tiktok.com/@tranbao312002/video/7680796381996387605,không hài lòng xe buýt điện,kw_khong_hai_long_xe_buyt_dien,nhiều chiếc xe bus điện lên xe cái thấy mệt ngang 🥲 #genzhocy #svy #xebus ,#genzhocy #svy #xebus,2026-09-02T04:52:54+00:00,6,accept,electric_bus,1
7682318400529485077,https://www.tiktok.com/@ahung88hp/video/7682318400529485077,không hài lòng xe buýt điện,kw_khong_hai_long_xe_buyt_dien,Lý do nhiều người không bao giờ mua xe điện #taxi #grap #xeghep #xedien #xanhsm ,#taxi #grap #xeghep #xedien #xanhsm,2026-09-06T07:19:09+00:00,1002,reject,missing_group:electric_bus,0
7693216227065416967,https://www.tiktok.com/@busstosss19/video/7693216227065416967,không hài lòng xe buýt điện,kw_khong_hai_long_xe_buyt_dien,"Vì 1 thành phố Xanh - Sạch - Đẹp | Vin Bus gửi anh tài xế mình chạy đúng luật thì mình không có cần hạ kính mà chửi người khác um xùm nha , CHẠY ĐÚNG SAO SỢ ? 🤣 #xuhuong #xedien #xebus #saigon #vinbus ",#xuhuong #xedien #xebus #saigon #vinbus,2026-10-05T16:08:15+00:00,1,accept,electric_bus,1
7688902881830784262,https://www.tiktok.com/@thubanhmi_1/video/7688902881830784262,không hài lòng xe buýt điện,kw_khong_hai_long_xe_buyt_dien,Giữa xe điện và xe buýt  Xe nào tiện hơn,,2026-09-24T01:11:00+00:00,4,reject,missing_group:electric_bus,0
7691847276209229057,https://www.tiktok.com/@manhcuong4683/video/7691847276209229057,không hài lòng xe buýt điện,kw_khong_hai_long_xe_buyt_dien,,,2026-10-01T23:36:05+00:00,2,reject,missing_group:electric_bus,0
7658518028283415828,https://www.tiktok.com/@duonggiaothong/video/7658518028283415828,dịch vụ xe buýt điện,kw_dich_vu_xe_buyt_dien,Dàn xe buýt điện mới phục vụ tuyến từ Biên Hòa đi Núi Cúi đã đi vào hoạt động trong sáng nay #BuytDongNai #xebuytdien #xebuytdongnai #buytBienHoa #NuiCui,#BuytDongNai #xebuytdien #xebuytdongnai #buytBienHoa #NuiCui,2026-07-04T04:01:27+00:00,145,accept,electric_bus,1
7649183293006417159,https://www.tiktok.com/@hunganhtravelblog/video/7649183293006417159,chất lượng dịch vụ VinBus,kw_chat_luong_dich_vu_vinbus,Cảm ơn bác Vượng đã cải thiện tình hình xe Vinbus miễn phí 0 đồng cho dân ngày hôm nay rất là ưng luôn #ghienanvathalong #travel #dulichhalong #vinbus #xuhuong ,#ghienanvathalong #travel #dulichhalong #vinbus #xuhuong,2026-06-09T00:17:57+00:00,43,accept,electric_bus,1
7689051325329345810,https://www.tiktok.com/@vinbus2504/video/7689051325329345810,chất lượng dịch vụ VinBus,kw_chat_luong_dich_vu_vinbus,"LÊN XE RỒI, CỨ THẢNH THƠI. Một bài nhạc còn dang dở. Vài trang sách chưa đọc. Hay đơn giản là vài phút ngắm phố và chẳng cần làm gì. Có VinBus lo chuyện đường đi, bạn có thêm một khoảng thời gian cho riêng mình giữa nhịp sống mỗi ngày. Cứ lên VinBus. Việc còn lại, để hành trình tự trôi. #VinBus #DiChuyenXanh #SongXanhMoiNgay",#VinBus #DiChuyenXanh #SongXanhMoiNgay,2026-09-24T10:46:14+00:00,2,accept,electric_bus,1
7682790297629216021,https://www.tiktok.com/@hoachuoi84/video/7682790297629216021,chất lượng dịch vụ VinBus,kw_chat_luong_dich_vu_vinbus,"Trả lời @Nhà Tui Gì Cũng Có Dạ, không phải đâu ạ! Giờ các bác lái xe, phụ xe bus truyền thống cũng rất tốt bụng và thân thiện. Hôm qua mình có đưa con lên trường bằng xe bus truyền thống. Lâu lắm rồi không đi xe bus, vừa lên xe đã được bác phụ xe nhẹ nhàng lấy vé rồi mang xuống tận chỗ ngồi. Mình cảm ơn bác rồi rít 😍 Đặc biệt, khi thấy các bạn tân sinh viên lên xe, các bác càng niềm nở, nhiệt tình chỉ dẫn để các con đỡ bỡ ngỡ khi lần đầu tự đi học xa nhà. Cảm động thực sự! ❤️ Chứ không giống thời của mình cách đây 25 năm đi xe bus 😁🤭",,2026-09-07T13:50:17+00:00,1,reject,missing_group:electric_bus,0
7689830952377273608,https://www.tiktok.com/@vtv9nhipsongphuongnam/video/7689830952377273608,thái độ nhân viên xe buýt điện,kw_thai_do_nhan_vien_xe_buyt_dien,"Sau khi kiểm tra thông tin phản ánh về sự việc xảy ra trên xe buýt 152 sáng 24/9, Trung tâm Quản lý giao thông công cộng xác định nhân viên phục vụ có hành vi, cách ứng xử không đúng chuẩn mực và yêu cầu đình chỉ công tác để xử lý. #VTVNamBo #tiktoknews #nhipsongphuongnam #vtv9nhipsongphuongnam #VTV9 #toancanh24h",#VTVNamBo #tiktoknews #nhipsongphuongnam #vtv9nhipsongphuongnam #VTV9 #toancanh24h,2026-09-26T13:11:37+00:00,73,reject,missing_group:electric_bus,0
7689838285107039508,https://www.tiktok.com/@baodientuvov/video/7689838285107039508,thái độ nhân viên xe buýt điện,kw_thai_do_nhan_vien_xe_buyt_dien,"Xô đuổi hành khách xuống xe buýt ở TP.HCM, nam nhân viên bị đình chỉ #baodientuvov #trending #xuhuong",#baodientuvov #trending #xuhuong,2026-09-26T13:40:01+00:00,1,reject,missing_group:electric_bus,0
7680892304819342612,https://www.tiktok.com/@t.li.suy/video/7680892304819342612,thái độ nhân viên xe buýt điện,kw_thai_do_nhan_vien_xe_buyt_dien,#futabusline_19006067 #chất_lượng_là_danh_dự #citybus #vair #xuhuong2026tiktok 🤭🫣🫣🫣🫣😜😜😜😜😜😎😎😎😎😎👍✌️✌️✌️✌️😍😍😍😍😍❤️❤️❤️❤️❤️❤️❤️❤️❤️❤️❤️ bạn tiếp viên dễ thương hỗ chợ khách hàng tt di chuyển tuyến tiếp theo,#futabusline_19006067 #chất_lượng_là_danh_dự #citybus #vair #xuhuong2026tiktok,2026-09-02T11:05:06+00:00,168,reject,missing_group:electric_bus,0
7693820748963532038,https://www.tiktok.com/@phongtrotot.vn/video/7693820748963532038,thái độ nhân viên xe buýt điện,kw_thai_do_nhan_vien_xe_buyt_dien,Phỏng vấn nhân viên tai tiếng nhất cty,,2026-10-07T12:00:00+00:00,2,reject,missing_group:electric_bus,0
7690589440082824468,https://www.tiktok.com/@vipbusvn/video/7690589440082824468,thái độ nhân viên xe buýt điện,kw_thai_do_nhan_vien_xe_buyt_dien,nhân viên thời 2.0 kiểu #vipbus #vipbusvn #limousine #seonlimousine #xephongdoi,#vipbus #vipbusvn #limousine #seonlimousine #xephongdoi,2026-09-29T12:30:00+00:00,2,reject,missing_group:electric_bus,0
7680751859631394055,https://www.tiktok.com/@usernamemoom0/video/7680751859631394055,thái độ nhân viên xe buýt điện,kw_thai_do_nhan_vien_xe_buyt_dien,"Câu chuyện : "" Kiếm tiền gặp kiếm chuyện ""  #phuongtrangfutabusline19006067 #tongdai19006067 #futacitybus #xuhuong #xebuyt15 ",#phuongtrangfutabusline19006067 #tongdai19006067 #futacitybus #xuhuong #xebuyt15,2026-09-02T02:00:05+00:00,44,reject,missing_group:electric_bus,0
7653318822459362581,https://www.tiktok.com/@trangtrang0764/video/7653318822459362581,thái độ nhân viên xe buýt điện,kw_thai_do_nhan_vien_xe_buyt_dien,#phunusongtothon #trangtrang #nguoinoitieng #longervideos #cuocsongthuongngay phản ảnh thái độ phục vụ nhân viên xe buýt Phương Trang tuyến số 9,#phunusongtothon #trangtrang #nguoinoitieng #longervideos #cuocsongthuongngay,2026-06-20T03:45:56+00:00,224,reject,missing_group:electric_bus,0
7662046081076776212,https://www.tiktok.com/@kenh_tin_tuc/video/7662046081076776212,thái độ nhân viên xe buýt điện,kw_thai_do_nhan_vien_xe_buyt_dien,Tranh cãi nhau căng thẳng khi cả khách lẫn phụ xe vì khách lên xe không chịu bỏ nón ra #xuhuongtiktok #xuhuong #tinnong #tintuc24h #kenhtintuc ,#xuhuongtiktok #xuhuong #tinnong #tintuc24h #kenhtintuc,2026-07-14T01:30:57+00:00,14,reject,missing_group:electric_bus,0
7690083687857229063,https://www.tiktok.com/@toantlsbwi3/video/7690083687857229063,thái độ nhân viên xe buýt điện,kw_thai_do_nhan_vien_xe_buyt_dien,"TP.HCM: Đình chỉ ngay tiếp viên xe buýt sau màn xô đẩy, ép khách xuống xe #timtuc24h #tintuc #xebuyt #xahoi #doisong ",#timtuc24h #tintuc #xebuyt #xahoi #doisong,2026-09-27T05:32:25+00:00,0,reject,missing_group:electric_bus,0
7665276476417133845,https://www.tiktok.com/@hongtinmoingay24h/video/7665276476417133845,thái độ nhân viên xe buýt điện,kw_thai_do_nhan_vien_xe_buyt_dien,#xuhuongtiktok #cayxanh #aidungaisai #xebuyt ,#xuhuongtiktok #cayxanh #aidungaisai #xebuyt,2026-07-22T09:07:41+00:00,44,reject,missing_group:electric_bus,0
7689067809778814216,https://www.tiktok.com/@usernamemoom0/video/7689067809778814216,thái độ nhân viên xe buýt điện,kw_thai_do_nhan_vien_xe_buyt_dien,Sơ hở là giận !  @BigTiger 🍺🍺🐯🐯  #phuongtrangfutabusline #tongdai19006067 #futacitybus #xebuyt15 #xuhuong ,#phuongtrangfutabusline #tongdai19006067 #futacitybus #xebuyt15 #xuhuong,2026-09-24T11:50:16+00:00,99,reject,missing_group:electric_bus,0
7682960809919548690,https://www.tiktok.com/@mr_hoi_klmh/video/7682960809919548690,tài xế xe buýt điện,kw_tai_xe_xe_buyt_dien,Xe bus Kim Long EV #xedep #hoixe #driver #xedien #xekhachvietnam ,#xedep #hoixe #driver #xedien #xekhachvietnam,2026-09-08T00:52:01+00:00,116,reject,missing_group:electric_bus,0
7682395766484208903,https://www.tiktok.com/@huynhliengnhadepgiatot/video/7682395766484208903,tài xế xe buýt điện,kw_tai_xe_xe_buyt_dien,"Xe buýt điện miễn phí cho người dân, bác tài, tiếp viên ân cần, dễ thương 🥰#cuocsong ",#cuocsong,2026-09-06T12:19:18+00:00,2,accept,electric_bus,1
7649002546866015508,https://www.tiktok.com/@a1l_07/video/7649002546866015508,tài xế xe buýt điện,kw_tai_xe_xe_buyt_dien,Chú tiếp viên dễ mến và dễ thương vô cùng 🤗 #xebuytphuongtrang #xuhuong #tuyen09 #xebuytdien #tiepvienphuongtrang ,#xebuytphuongtrang #xuhuong #tuyen09 #xebuytdien #tiepvienphuongtrang,2026-06-08T12:36:33+00:00,12,reject,missing_group:electric_bus,0
7647822190666140949,https://www.tiktok.com/@tourguidecondao0603/video/7647822190666140949,tài xế xe buýt điện,kw_tai_xe_xe_buyt_dien,Thuyền Hoa🎼🌺 #xuhuongtiktok  #xebuytcondao  #CônĐảo🍀  #chuyentourcondao  #hdvcônđảo ,#xuhuongtiktok #xebuytcondao #CônĐảo #chuyentourcondao #hdvcônđảo,2026-06-05T08:16:10+00:00,11,reject,missing_group:electric_bus,0
7693056136471170325,https://www.tiktok.com/@d.v.t.g.3.6.9/video/7693056136471170325,tài xế xe buýt điện,kw_tai_xe_xe_buyt_dien,"Nghẹn lòng: dòng chữ trên gương của tài xế xe ôm công nghệ ""Tôi chạy xe. Nuôi vợ bị ung thư. Nuôi 2 đứa con còn nhỏ. Mong anh chị đừng đánh sao tài xế"" #docvithegioi #tiktoknews #news #tintuc",#docvithegioi #tiktoknews #news #tintuc,2026-10-05T05:47:10+00:00,91,reject,missing_group:electric_bus,0
7693939577949539591,https://www.tiktok.com/@xedien3sgoquan12/video/7693939577949539591,tài xế xe buýt điện,kw_tai_xe_xe_buyt_dien,"----🛵 𝗫𝗲 Đ𝗶𝗲̣̂𝗻 𝟯𝘀𝗚𝗼 - 𝗤𝘂𝗮̣̂𝗻 𝟭𝟮 🛵---- 🏠 𝟮𝟴𝟴 𝗧𝗿𝘂̛𝗼̛̀𝗻𝗴 𝗖𝗵𝗶𝗻𝗵 - Đ𝗼̂𝗻𝗴 𝗛𝘂̛𝗻𝗴 𝗧𝗵𝘂𝗮̣̂𝗻 - 𝗛𝗖𝗠 ☎️𝗛𝗼𝘁𝗹𝗶𝗻𝗲 : 𝟬𝟯𝟵𝟯.𝟳𝟵.𝟳𝟵.𝟴𝟵 - 𝗞𝗶𝗲̣̂𝘁 #feliz2025 BST 9Chủ - 2 Pin - Giá 24đ9 💰 Nậu Xớ Đưa Thấp G/ố/p Có Lẽ , 6 Củ Ko Lẽ Suất 🌎Xem Thêm Xe: xedien3sgo.com --------- ❗️𝗛𝗼̂̃ 𝗧𝗿𝗼̛̣ 𝗞𝗵𝗮́𝗰𝗵 𝗧𝗿𝗮̉ 𝗖𝗵𝗮̣̂𝗺❗️ --------- 1️⃣Mợ Sáu Hỗ Trợ 0 Đưa Trước Có Lẽ Suất 2️⃣Mợ Sáu G/ố/p Ko Lẽ Suất , Ko Phí Hồ Sơ Tối Đa 6th 2️⃣CIC Tốt Lên Hồ Sơ Bank Nhận Xe + Cavet Gốc ------------ 🎁 𝗨̛𝘂 Đ𝗮̃𝗶 𝗞𝗵𝗶 𝗠𝘂𝗮 𝗫𝗲 🎁 ---------- 1️⃣Đổi Pin Đi Liền Ko Chờ Sạc Ở Nhiều Chi Nhánh 2️⃣Bảo Hành Viễn Vĩnh Xe Hư Có Xe Khác Dùng                  3️⃣Đăng Kí App Xanh Sm + Be + Grab Tại Chỗ 4️⃣Cứu Hộ Khi Ae Hư Xe Ngoài Đường Free  #kiet3sgo #xedien3sgo #vinfast #datbike",#feliz2025 #kiet3sgo #xedien3sgo #vinfast #datbike,2026-10-07T14:55:11+00:00,0,reject,missing_group:electric_bus,0
7692850403129560341,https://www.tiktok.com/@miumimsu/video/7692850403129560341,tài xế xe buýt điện,kw_tai_xe_xe_buyt_dien,Góc cảnh giác #threads #xuhuong #viral #xuhuongtiktok #hsk3oituidenday ,#threads #xuhuong #viral #xuhuongtiktok #hsk3oituidenday,2026-10-04T16:28:36+00:00,100,reject,missing_group:electric_bus,0
7649664606515875090,https://www.tiktok.com/@xe_nang_luong_moi/video/7649664606515875090,xe buýt điện có đúng giờ không,kw_xe_buyt_dien_co_dung_gio_khong,"KIM LONG MOTOR – THƯƠNG HIỆU XE BUÝT ĐIỆN SỐ 1 VIỆT NAM Giải pháp xe buýt điện hiện đại, phù hợp xu hướng chuyển đổi xanh cho đô thị Việt Nam. ✅ Công nghệ vượt trội – Pin BYD bền bỉ, an toàn ✅ Thiết kế phù hợp vận tải hành khách công cộng ✅ Giá bán hợp lý cho HTX, doanh nghiệp vận tải ✅ Trạm sạc linh hoạt, dễ triển khai theo tuyến ✅ Chính sách bảo hành, trạm dịch vụ thuận tiện ✅ Hỗ trợ tài chính tối ưu, lãi suất hấp dẫn ✅ Phương thức thanh toán linh hoạt, đồng hành cùng nhà đầu tư Kim Long Motor – nâng tầm giao thông xanh Việt Nam. Liên hệ: 1368 Quốc lộ 1A, Phường Thới An, TPHCM Hotline: 0909456315 #buytdien #busdien #buytdothi #busdothi #citybus",#buytdien #busdien #buytdothi #busdothi #citybus,2026-06-10T07:25:42+00:00,0,accept,electric_bus,1
7693132462980926726,https://www.tiktok.com/@trunganhsieunhan/video/7693132462980926726,xe buýt điện có đúng giờ không,kw_xe_buyt_dien_co_dung_gio_khong,Vào học đúng giờ các em ơi #trunganhsieunhan #2k11 #viral #flashstudy,#trunganhsieunhan #2k11 #viral #flashstudy,2026-10-05T11:00:00+00:00,12,reject,missing_group:electric_bus,0
7677786804799458567,https://www.tiktok.com/@xedienhottrendtinsy/video/7677786804799458567,xe buýt điện có đúng giờ không,kw_xe_buyt_dien_co_dung_gio_khong,"ESpero về với bé đẹp PơngDrang 🥰💗 Một em Espero xinh xắn đã chính thức về với bé đẹp PơngDrang rồi ạ 🛵✨ Cảm ơn em đã tin tưởng lựa chọn Xe điện Tín Sỹ ❤️ Chúc em nhận xe mới thật vui, đi học đi chơi thật tiện và luôn an toàn nha 🥰 📍 Xe điện Tín Sỹ – xe đẹp, giá yêu, phục vụ tận tâm #XeDienTinSy #Espero #PongDrang #XeDien #xedepgiatot ",#XeDienTinSy #Espero #PongDrang #XeDien #xedepgiatot,2026-08-25T02:14:12+00:00,55,reject,missing_group:electric_bus,0
7651164483150269717,https://www.tiktok.com/@xe.in.minh.khang/video/7651164483150269717,xe buýt điện có đúng giờ không,kw_xe_buyt_dien_co_dung_gio_khong,XE ĐIỆN M133 PRO CỦA HÃNG YUMOTO V9 PRO  Xe Điện Minh Khang Quy Nhơn 🗼160A Nguyễn Thái Học 🗼1287A Hùng Vương CÓ BÁN TRẢ GÓP  0989634755 0986694948  #xedienhot #xedienbinhdinh #xedienhocsinh #xedienquynhon #m133pro,#xedienhot #xedienbinhdinh #xedienhocsinh #xedienquynhon #m133pro,2026-06-14T08:25:58+00:00,8,reject,missing_group:electric_bus,0
7692014769494150421,https://www.tiktok.com/@soi.xe.dien/video/7692014769494150421,xe buýt điện có đúng giờ không,kw_xe_buyt_dien_co_dung_gio_khong,Song trùng trường nào đây #xuhuong #soixedien ,#xuhuong #soixedien,2026-10-02T10:25:55+00:00,60,reject,missing_group:electric_bus,0
7657477305668734216,https://www.tiktok.com/@kimlongmotor.official/video/7657477305668734216,xe buýt điện có an toàn không,kw_xe_buyt_dien_co_an_toan_khong,"CITYBUS KIMLONG-EV: AN TOÀN DẪN LỐI HÀNH TRÌNH XANH Với những mẫu xe bus điện thương hiệu KIMLONG, an toàn luôn là một trong những ưu tiên hàng đầu trong quá trình nghiên cứu và phát triển sản phẩm. Từ camera lùi hỗ trợ quan sát, hệ thống chống bó cứng phanh ABS giúp duy trì khả năng kiểm soát khi phanh gấp, đến hệ thống chữa cháy tích hợp tăng cường khả năng bảo vệ trong các tình huống khẩn cấp. Tất cả cùng tạo nên một hành trình an tâm hơn cho người lái và hành khách. KIM LONG MOTOR không ngừng ứng dụng công nghệ để nâng cao tiêu chuẩn an toàn, góp phần kiến tạo những giải pháp giao thông xanh, thông minh và bền vững. #KIMLONGMOTOR #KIMLONG #KIMLONGEV #CITYBUS #Vantaixanh #xebuytdien",#KIMLONGMOTOR #KIMLONG #KIMLONGEV #CITYBUS #Vantaixanh #xebuytdien,2026-07-01T08:42:54+00:00,0,accept,electric_bus,1
7656667312900148481,https://www.tiktok.com/@eyeplusmedia.business/video/7656667312900148481,xe buýt điện có an toàn không,kw_xe_buyt_dien_co_an_toan_khong,"Cận cảnh VinFast EB 12 vừa mở bán tại châu Âu: Sức chứa 90 người, chạy 400km một lần sạc và trang bị an toàn chuẩn quốc tế. #blogtamsu #btsmedia #trending #KinhTe #tintuc #taichinh #TikTokNews #TinTucMoi #KinhDoanh #tietkiem #xahoi #video #dautu #doisong #cuocsong #xuhuong #khoanhkhac #vinbus",#blogtamsu #btsmedia #trending #KinhTe #tintuc #taichinh #TikTokNews #TinTucMoi #KinhDoanh #tietkiem #xahoi #video #dautu #doisong #cuocsong #xuhuong #khoanhkhac #vinbus,2026-06-29T09:30:00+00:00,367,accept,electric_bus,1
7691316204283202823,https://www.tiktok.com/@xekhachmienbac0917883553/video/7691316204283202823,xe buýt điện có an toàn không,kw_xe_buyt_dien_co_an_toan_khong,Tầm này thì dùng xe khách điện tải điện yên tâm luôn#xuhuong24gioqua #trending #hottrend #trendingtiktok #trendingvideo @Tùng khánh linh ,#xuhuong24gioqua #trending #hottrend #trendingtiktok #trendingvideo,2026-09-30T13:15:08+00:00,4,reject,missing_group:electric_bus,0
7665677182475324690,https://www.tiktok.com/@nguoibatkyophanrang/video/7665677182475324690,phàn nàn xe buýt điện,kw_phan_nan_xe_buyt_dien,Lý do khiến mình khó chịu với hãng xe điện V #xuhuong ,#xuhuong,2026-07-23T11:02:46+00:00,8,reject,missing_group:electric_bus,0
7647852824243588372,https://www.tiktok.com/@hello.linhxinh/video/7647852824243588372,khiếu nại VinBus,kw_khieu_nai_vinbus,"🛑 VinBus thông báo tạm dừng vận hành 1 ngày tuyến buýt điện miễn phí dài 200km Theo thông tin công khai của VinBus (thuộc Vingroup), tuyến buýt điện miễn phí Hà Nội - Hạ Long Xanh sẽ tạm ngừng hoạt động vào thứ Sáu, ngày 05/06/2026.  Việc này được đưa ra nhằm rà soát và tối ưu công tác vận hành để tiếp tục mang đến những chuyến đi an toàn, thuận tiện và chất lượng hơn. Theo lịch vận hành thường lệ, tuyến không phục vụ vào thứ Bảy và Chủ nhật.  Dự kiến, tuyến sẽ hoạt động trở lại phục vụ Quý khách từ thứ Hai, ngày 08/06/2026. Chỉ mới vận hành được 2 ngày, nhưng lượng hành khách đi tuyến Vinbus 0đ đông kỷ lục. ✅ Hiện tuyến buýt Hà Nội - Hạ Long này hoạt động theo 2 nhánh tuyến gồm: HLX1 (Times City - Hạ Long Xanh) và HLX2 (Ocean Park 1 - Hạ Long Xanh). 🌱🌱🌱 🎯 Nhánh tuyến HLX 1 có thời gian khởi hành như sau: 👉 Chiều đi từ Times City, xe xuất bến lúc 7h và 13h. 👉 Chiều về từ Hạ Long Xanh, xe xuất bến lúc 11h và 17h. 🌱🌱🌱 🎯 Nhánh tuyến HLX2 có thời gian khởi hành như sau: 👉  Chiều đi từ Ocean Park 1, xe xuất bến lúc 9h và 14h. 👉 Chiều về từ Hạ Long Xanh, xe xuất bến lúc 13h và 18h. Cả 2 nhánh tuyến này đều có thời gian chạy dự kiến hết 150 phút, từ thứ 2 - thứ 6.  Số lượng ghế quy định là 27. #hạlongxanh",#hạlongxanh,2026-06-05T10:15:02+00:00,8,accept,electric_bus,1
7647917909909474578,https://www.tiktok.com/@do.congnghe/video/7647917909909474578,khiếu nại VinBus,kw_khieu_nai_vinbus,Cách khiếu nại đơn hàng bị quá hạn vận chuyển lỗi do bên vận chuyển không lấy hàng đúng hạn##xuhuongtiktok #cachkhieunai #huongdan ,#xuhuongtiktok #cachkhieunai #huongdan,2026-06-05T14:27:35+00:00,45,reject,missing_group:electric_bus,0
7671184479179853073,https://www.tiktok.com/@huy_xe_dien_binh_long/video/7671184479179853073,khiếu nại VinBus,kw_khieu_nai_vinbus,"Bên vinfast đã liên hệ với mình và báo mình được bảo hành càng A , còn các hệ lụy kéo theo không được bỏ hành … phương án đó mình cảm thấy chưa phù hợp cho nên mình khiếu nại và tiếp tục chờ đợi #huyxedienbinhlong #ChoThueXeTuLai #ChuHuyXeDien #VF3_sự_cố #muabanxediencu  follow để biết thêm nhiều điều hay khi lỡ bị xảy ra tai nạn hay bảo hành gì đó ",#huyxedienbinhlong #ChoThueXeTuLai #ChuHuyXeDien #VF3_sự_cố #muabanxediencu,2026-08-07T07:14:40+00:00,12,reject,missing_group:electric_bus,0
7661210306147847444,https://www.tiktok.com/@giaohaigreensm/video/7661210306147847444,khiếu nại VinBus,kw_khieu_nai_vinbus,Chạy đủ điền kiện nhưng không được hỗ trợ tiền thuê pin đổi pin?? gửi khiếu nại trên app tx #xanhsmbike #xanhsm #xeomcongnghe #giaohailainhai #greensm ,#xanhsmbike #xanhsm #xeomcongnghe #giaohailainhai #greensm,2026-07-11T10:08:52+00:00,34,reject,missing_group:electric_bus,0
7651961541884906773,https://www.tiktok.com/@shipperlochiep/video/7651961541884906773,khiếu nại VinBus,kw_khieu_nai_vinbus,#CapCut #bìnhphuoc93 #shipper ,#CapCut #bìnhphuoc93 #shipper,2026-06-16T11:58:55+00:00,339,reject,missing_group:electric_bus,0
7693131580058914068,https://www.tiktok.com/@t.trinh.hce.2005/video/7693131580058914068,chê xe buýt điện,kw_che_xe_buyt_dien,Bà lão đi xe điện gặp anh chàng hay bốc phét thích chê xe #shorts,#shorts,2026-10-06T06:10:00+00:00,0,reject,missing_group:electric_bus,0
7665770930127375637,https://www.tiktok.com/@user9984530468787/video/7665770930127375637,chê xe buýt điện,kw_che_xe_buyt_dien,Bà lão đi xe điện gặp anh chàng hay bốc phét thích chê xe #shorts_9n5KHxH_RV4,#shorts_9n5KHxH_RV4,2026-07-25T01:05:00+00:00,4,reject,missing_group:electric_bus,0
7661920648997899527,https://www.tiktok.com/@thanhpham040720/video/7661920648997899527,chê xe buýt điện,kw_che_xe_buyt_dien,Datbike từng bị trùm lừa đảo chê và cái kết 😳 #xuhuong #xemaydien #datbikequantum ,#xuhuong #xemaydien #datbikequantum,2026-07-13T08:05:26+00:00,459,reject,missing_group:electric_bus,0
7685638312379354389,https://www.tiktok.com/@trung.nguyen0191/video/7685638312379354389,chê xe buýt điện,kw_che_xe_buyt_dien,Xe đẹp xấu quan trọng đến thế à #xeoto #shorts #xuhuong #haihuoc #votri #trending,#xeoto #shorts #xuhuong #haihuoc #votri #trending,2026-09-15T06:02:09+00:00,190,reject,missing_group:electric_bus,0
7665692880429763860,https://www.tiktok.com/@tri.tm14/video/7665692880429763860,có nên đi xe buýt điện không,kw_co_nen_di_xe_buyt_dien_khong,"Đi xe buýt giờ sướng lắm! Xe điện chạy im ru, máy lạnh mát mẻ, cửa số kính rộng, ngắm cảnh thoải mái. Lại được miễn phí 0 đồng các tuyến trong SG nữa. Còn gì bằng 🥰🥰🥰 #xe_buýt #tritam  ##xuhuong",#xe_buýt #tritam #xuhuong,2026-07-23T12:03:34+00:00,0,reject,missing_group:electric_bus,0
7659266123631725842,https://www.tiktok.com/@kem._.oi/video/7659266123631725842,có nên đi xe buýt điện không,kw_co_nen_di_xe_buyt_dien_khong,Mấy bà nào sắp đi Côn Đảo nhớ lưu clip lại để hôm nào ra trải nghiệm thử Xe buýt điện nhaaa 📆 #condao #condaoisland #xebuytdien #viral ,#condao #condaoisland #xebuytdien #viral,2026-07-06T04:24:32+00:00,90,accept,electric_bus,1
7647781097060732167,https://www.tiktok.com/@tran_cuc0110/video/7647781097060732167,có nên đi VinBus không,kw_co_nen_di_vinbus_khong,Có Nên đi xe Bus miễn phí xuống Hạ Long Xanh không. Cô Trí anh Trụ nhớ xem hết video này của em nhé. Không có lại xách vali ra về đó ạ #vinbus #mienphi #halong #halongxanh ,#vinbus #mienphi #halong #halongxanh,2026-06-05T05:36:43+00:00,9,accept,electric_bus,1
7679100491455892744,https://www.tiktok.com/@thuexephuquoc/video/7679100491455892744,có nên đi VinBus không,kw_co_nen_di_vinbus_khong,"Đi Vinwonders Phú Quốc, nên thuê xe tự lái hay đi Vinbus miễn phí? #thuexephuquoc #ototulaiphuquoc #thuexemayphuquoc #vinwondersphuquoc ",#thuexephuquoc #ototulaiphuquoc #thuexemayphuquoc #vinwondersphuquoc,2026-08-28T15:12:01+00:00,4,accept,electric_bus,1
7648697256060767495,https://www.tiktok.com/@_mine234/video/7648697256060767495,VinBus đáng giá tiền không,kw_vinbus_dang_gia_tien_khong,"10.000 đồng từ Ecopark sang Hà Nội. 😳 Hehe, trước giờ em cứ nghĩ phải tốn nhiều hơn cơ. Trời nóng gần 40 độ, ngồi VinBus điều hòa mới thấy sướng thật sự. 🥹Mà em phát hiện khá nhiều người vẫn chưa biết cách đi này. Ai cần em làm video hướng dẫn chi tiết từ điểm đón, tuyến xe đến cách đi thì comment bên dưới nha. 😆👇 #ecopark #vinbus #hanoi #homestayecopark #xuhuong ",#ecopark #vinbus #hanoi #homestayecopark #xuhuong,2026-06-07T16:51:55+00:00,24,accept,electric_bus,1
7648452081229106453,https://www.tiktok.com/@buyttuananh/video/7648452081229106453,VinBus đáng giá tiền không,kw_vinbus_dang_gia_tien_khong,"Tuyến xe buýt 32: Bến xe Miền Tây - Bến xe Ngã tư Ga  Đơn vị khai thác: Công ty TNHH Dịch vụ Vận tải Sinh thái VinBus Vé lượt: 6.000 VNĐ Vé học sinh, sinh viên: 3.000 VNĐ Vé miễn phí: với điều kiện là phải đủ 60 tuổi trở lên #viral #xuhuongtiktok #vinfast #saigon #hocsinh ",#viral #xuhuongtiktok #vinfast #saigon #hocsinh,2026-06-07T01:00:39+00:00,5,accept,electric_bus,1
7690602055030803730,https://www.tiktok.com/@vi.thuvi/video/7690602055030803730,VinBus đáng giá tiền không,kw_vinbus_dang_gia_tien_khong,Xe buýt điện VinBus đưa đón học sinh miễn phí tại Hạ Long #vithuvi #vtmqn #vinbus #quangninh #halong ,#vithuvi #vtmqn #vinbus #quangninh #halong,2026-09-28T15:03:55+00:00,0,accept,electric_bus,1
7656346865822223637,https://www.tiktok.com/@na.camau.69/video/7656346865822223637,cảm giác đi xe buýt điện,kw_cam_giac_di_xe_buyt_dien,lần đầu đi xe buýt điện trải nghiệm 🥰,,2026-06-28T07:36:17+00:00,0,accept,electric_bus,1
7673450065972989202,https://www.tiktok.com/@binhdan1819_/video/7673450065972989202,cảm giác đi xe buýt điện,kw_cam_giac_di_xe_buyt_dien,Trải nghiệm xe buýt  điện#dapxe #xuhuong #khampha #sưckhoe ,#dapxe #xuhuong #khampha #sưckhoe,2026-08-13T09:45:24+00:00,3,reject,missing_group:electric_bus,0
7660535178711977236,https://www.tiktok.com/@a1l_07/video/7660535178711977236,ấn tượng xe buýt điện,kw_an_tuong_xe_buyt_dien,Mấy ẻm có cái băng đỏ ở trên nhìn nó nổi bật mà nó dễ thương kkkk #xebuyttphcm✅  #dễthương  #xuhuong  #xebuytdien  #viral ,#xebuyttphcm #dễthương #xuhuong #xebuytdien #viral,2026-07-09T14:29:02+00:00,2,reject,missing_group:electric_bus,0
7693754768069512449,https://www.tiktok.com/@60giay.com/video/7693754768069512449,xe buýt điện so với xe máy,kw_xe_buyt_dien_so_voi_xe_may,"DAT BIKE ĐANG CÓ MỘT DIỆN MẠO HOÀN TOÀN KHÁC – CHỮNG CHẠC HƠN, QUY MÔ HƠN VÀ MANG TÍNH CHIẾN LƯỢC HƠN RÕ RỆT #theanh28 #60giay #tintuc #DatBike #ERA",#theanh28 #60giay #tintuc #DatBike #ERA,2026-10-07T04:00:00+00:00,124,reject,missing_group:electric_bus,0
7689738252089150728,https://www.tiktok.com/@chototxe.com/video/7689738252089150728,xe buýt điện so với xe máy,kw_xe_buyt_dien_so_voi_xe_may,Một thứ tưởng dễ nhưng lại rất khó phân biệt :)) #xedien #xedapdien #xemaydien #xemotodien #kienthucxe ,#xedien #xedapdien #xemaydien #xemotodien #kienthucxe,2026-09-26T07:12:03+00:00,58,reject,missing_group:electric_bus,0
7686886065503767815,https://www.tiktok.com/@xuantuyenhnbay/video/7686886065503767815,xe buýt điện so với xe máy,kw_xe_buyt_dien_so_voi_xe_may,"Ưu, Nhược điểm của xe máy vs xe điện nhé.M.n nên mua xe nào ạ 😵‍💫🥲#kienthuc #trendingtiktok #xuantuyenhnbay #xemaydien #xemay",#kienthuc #trendingtiktok #xuantuyenhnbay #xemaydien #xemay,2026-09-18T14:43:54+00:00,0,reject,missing_group:electric_bus,0
7686127481698438408,https://www.tiktok.com/@minhngoc26entertainment/video/7686127481698438408,xe buýt điện so với xe máy,kw_xe_buyt_dien_so_voi_xe_may,Đi xe điện hay xe máy đi học hay làm muộn chắc ai cũng thấp thỏm#minhngoc26entertainment ,#minhngoc26entertainment,2026-09-16T13:40:13+00:00,21,reject,missing_group:electric_bus,0
7665755410065870110,https://www.tiktok.com/@tyler.nguyen77/video/7665755410065870110,xe buýt điện so với xe máy,kw_xe_buyt_dien_so_voi_xe_may,400m 1000cc vẫn chưa ăn đc xe điện🤣,,2026-07-23T16:06:29+00:00,67,reject,missing_group:electric_bus,0
7664886217455979794,https://www.tiktok.com/@thongthien6789/video/7664886217455979794,xe buýt điện so với xe máy,kw_xe_buyt_dien_so_voi_xe_may,Xe đẹp điện và xe máy điện,,2026-07-22T13:00:00+00:00,0,reject,missing_group:electric_bus,0
7688306432583945492,https://www.tiktok.com/@thuvienphapluat.vn/video/7688306432583945492,xe buýt điện so với xe máy,kw_xe_buyt_dien_so_voi_xe_may,"Làm sao để phân biệt xe đạp điện, xe máy điện và mô tô điện? #TVPL #ThuVienPhapLuat #LearnOnTikTok #HoccungTikTok #thongtinhuuich",#TVPL #ThuVienPhapLuat #LearnOnTikTok #HoccungTikTok #thongtinhuuich,2026-09-22T12:30:00+00:00,100,reject,missing_group:electric_bus,0
7693947286530870549,https://www.tiktok.com/@huonghonghot1/video/7693947286530870549,xe buýt điện so với xe máy,kw_xe_buyt_dien_so_voi_xe_may,"Thật sự đi phương tiện công cộng rất ok đó mng ơi 🚌💚 Tui mong tàu điện sớm hoàn thành, xe bus hiện đại phổ cập hơn nữa, để sau này chúng ta có thêm lựa chọn đi lại mà không phải ngày nào cũng căng thẳng ôm vô lăng 😂 #trend #xuhuong #xebus #hanoi #huonghonghot ",#trend #xuhuong #xebus #hanoi #huonghonghot,2026-10-07T15:25:04+00:00,0,reject,missing_group:electric_bus,0
7652621628198702356,https://www.tiktok.com/@mmanhh209/video/7652621628198702356,xe buýt điện so với xe máy,kw_xe_buyt_dien_so_voi_xe_may,thấy xe điện là phải đuổi 🤣#yadea #douyin抖音 #moto #xediendotrungquoc #xuhuong ,#yadea #douyin抖音 #moto #xediendotrungquoc #xuhuong,2026-06-18T06:40:27+00:00,2880,reject,missing_group:electric_bus,0
7669705315515911431,https://www.tiktok.com/@yeuxeviet/video/7669705315515911431,xe buýt điện so với xe máy,kw_xe_buyt_dien_so_voi_xe_may,"Cận cảnh trải nghiệm đi xe buýt phiên bản ""xe điện đụng"" tại Bangladesh! 😱🚌 Đã gọi là đi xe buýt nhưng tiêu chí duy nhất ở đây là: Còn lăn bánh được là còn chạy! Đụng đâu móp đó, không khoảng cách an toàn, muốn lên xuống xe là phải có võ công Thiếu Lâm mới chơi lại 🥋💥 👉 Thôi thôi, đi xe buýt bất ổn quá thì về tậu ngay xế riêng đi cho an lành cả nhà ơi! 📱 Đến ngay CAR360 –tìm xe siêu dễ, giá siêu hời, chốt xe trong một nốt nhạc! #car  #ti̇ktok  #bangladesh  #GiaiTri #HaiHuoc ",#car #ti #bangladesh #GiaiTri #HaiHuoc,2026-08-03T07:33:55+00:00,6,reject,missing_group:electric_bus,0
7686403532370480404,https://www.tiktok.com/@kienthuchay60/video/7686403532370480404,xe buýt điện so với xe máy,kw_xe_buyt_dien_so_voi_xe_may,"30 triệu mua Vision hay chọn Dat Bike ERA? Chênh hơn 20 triệu tiền năng lượng sau 10 năm, nhưng khoản quyết định lại nằm ở chi phí nuôi xe và giá trị bán lại. Xem hết để biết chiếc nào hợp với bạn! #kienthucquanhta  #Vision  #DatBikeERA  #xemay",#kienthucquanhta #Vision #DatBikeERA #xemay,2026-09-17T07:31:32+00:00,2389,reject,missing_group:electric_bus,0
7693790386350935317,https://www.tiktok.com/@xemaybao/video/7693790386350935317,xe buýt điện so với xe máy,kw_xe_buyt_dien_so_voi_xe_may,"🚨 UC3 LẮP RÁP VIỆT NAM ĐÃ XUẤT HIỆN! 🇻🇳 Không chỉ nghe thông tin nữa, hôm nay mình quay thực tế chiếc UC3 có tem thông tin trên xe. 🔎 Anh em xem kỹ chi tiết trong video nhé! Câu hỏi được quan tâm nhất lúc này: 👉 UC3 lắp ráp Việt Nam sẽ có giá bao nhiêu? Bạn dự đoán giá bao nhiêu? 👇 #HondaUC3 #UC3 #Honda #XeMayDien #HondaVietnam ",#HondaUC3 #UC3 #Honda #XeMayDien #HondaVietnam,2026-10-07T05:16:14+00:00,29,reject,missing_group:electric_bus,0
7693956461851954452,https://www.tiktok.com/@bongbi12345_/video/7693956461851954452,xe buýt điện so với xe máy,kw_xe_buyt_dien_so_voi_xe_may,"Xe máy điện yadea ova mùa vàng ánh kim,cái yên ngồi nó êm y như xe hơi luôn nha 😃 #xuhuong #viral #xedienyadea ",#xuhuong #viral #xedienyadea,2026-10-07T16:00:41+00:00,0,reject,missing_group:electric_bus,0
7683137548171873544,https://www.tiktok.com/@caxlongcoc/video/7683137548171873544,xe buýt điện so với xe máy,kw_xe_buyt_dien_so_voi_xe_may,"TUYÊN TRUYỀN PHÁP LUẬT - ĐỌC LUẬT MỖI NGÀY | TẬP 12: PHÂN BIỆT XE ĐẠP ĐIỆN VÀ XE MÁY ĐIỆN – ĐI ĐÚNG XE, CHẤP HÀNH ĐÚNG LUẬT! ⚡🛵 Chào mừng bà con và các bạn đến với tập 12 chuyên mục ""Tuyên truyền pháp luật - Đọc luật mỗi ngày"" của Chi đoàn Công an xã Long Cốc! 🌿👮‍♂️ Hiện nay, xe đạp điện và xe máy điện là phương tiện đi lại rất phổ biến, đặc biệt là với các em học sinh. Tuy nhiên, nhiều phụ huynh và học sinh vẫn nhầm lẫn giữa hai loại xe này, dẫn đến việc giao xe không đúng độ tuổi hoặc vi phạm các quy định khi tham gia giao thông. Mời bà con cùng xem video hôm nay để phân biệt chính xác, chọn phương tiện phù hợp cho con em và đảm bảo an toàn giao thông! #CongAnXaLongCoc #TuyenTruyenPhapLuat #DocLuatMoiNgay #PhanBietXeDien #AnToanGiaoThong ",#CongAnXaLongCoc #TuyenTruyenPhapLuat #DocLuatMoiNgay #PhanBietXeDien #AnToanGiaoThong,2026-09-08T12:17:45+00:00,199,reject,missing_group:electric_bus,0
7688216457431239943,https://www.tiktok.com/@ahn.nhwqyi/video/7688216457431239943,xe buýt điện so với xe máy,kw_xe_buyt_dien_so_voi_xe_may,Phần 1 ra đường tìm con xe hiệu năng cao so sánh #xemaygiare #motothanhly #moto #shorts,#xemaygiare #motothanhly #moto #shorts,2026-09-22T04:46:32+00:00,69,reject,missing_group:electric_bus,0
7652602116841737493,https://www.tiktok.com/@giabao8b/video/7652602116841737493,xe buýt điện so với xe máy,kw_xe_buyt_dien_so_voi_xe_may,video Trung Quốc#xuhuong #xediendo #moto,#xuhuong #xediendo #moto,2026-06-18T05:24:44+00:00,2,reject,missing_group:electric_bus,0
7676057594921815303,https://www.tiktok.com/@ongquaithu/video/7676057594921815303,xe buýt điện so với xe máy,kw_xe_buyt_dien_so_voi_xe_may,Anh Dưỡng Test Xe Điện Khi Fan Tới Nhà,,2026-08-20T13:20:00+00:00,284,reject,missing_group:electric_bus,0
7664219005909142804,https://www.tiktok.com/@miatran1989/video/7664219005909142804,xe buýt điện so với xe máy,kw_xe_buyt_dien_so_voi_xe_may,"Trả lời @𝓚𝔂̀ 𝓓𝓾𝔂𝓮̂𝓷 ⋆𐙚 cứ chịu khó chạy chậm và quan sát như anh chị này thì còn gì để nói nữa,còn đằng này mạnh ai nấy kéo hết ga hết số thì bảo sao😩😩😩😩",,2026-07-19T12:44:09+00:00,8,reject,missing_group:electric_bus,0
7666138075835387157,https://www.tiktok.com/@saigontrend.vn/video/7666138075835387157,xe buýt điện TPHCM,kw_xe_buyt_dien_tphcm,Sắp có 13 tuyến xe buýt điện đưa người Sài Gòn đi thẳng sân bay Long Thành #fantasticnetwork #saigontrend #saigonnews #saigonangi #saigon,#fantasticnetwork #saigontrend #saigonnews #saigonangi #saigon,2026-07-24T16:51:08+00:00,12,accept,electric_bus,1
7661150494571711752,https://www.tiktok.com/@billynguyen2006/video/7661150494571711752,xe buýt điện TPHCM,kw_xe_buyt_dien_tphcm,Xe buýt tuyến 16 ( bến xe buýt Tân Phú – Bến xe buýt Chợ Lớn ) chính thức sử dụng dòng xe điện Kim Long B60 EV thế hệ mới  #xebuyt  #futabusline_19006067 #futa #xh ,#xebuyt #futabusline_19006067 #futa #xh,2026-07-11T06:16:57+00:00,0,reject,missing_group:electric_bus,0
7648483395747532039,https://www.tiktok.com/@hc_dwng0402/video/7648483395747532039,xe buýt điện TPHCM,kw_xe_buyt_dien_tphcm,Lính guột 02084 đến từ đội nhà 03 😁 #futacitybus #xebuyttphcm #futabusline_19006067 #phuongtrang #xebuytdien ,#futacitybus #xebuyttphcm #futabusline_19006067 #phuongtrang #xebuytdien,2026-06-07T03:02:03+00:00,7,reject,missing_group:electric_bus,0
7656454992231927060,https://www.tiktok.com/@buytsaigon/video/7656454992231927060,xe buýt điện TPHCM,kw_xe_buyt_dien_tphcm,Chúc mừng team 102 đã có xe điện mới nhennnnn 🤩 Lên nhạc 🎶🤘 ,,2026-06-28T14:35:49+00:00,7,reject,missing_group:electric_bus,0
7646609944711630098,https://www.tiktok.com/@congtyphuongtrang/video/7646609944711630098,xe buýt điện Sài Gòn,kw_xe_buyt_dien_sai_gon,"📍Từ Bến xe An Sương, Quý khách có thể đi đâu cùng xe buýt Phương Trang? 🚌 Lưu ngay 09 tuyến xe buýt thuận tiện để dễ dàng kết nối đến nhiều khu vực khác nhau mỗi ngày  ✨ Với hệ thống xe buýt hiện đại,  Không gian mát mẻ, wifi miễn phí, Giá vé tiết kiệm cho nhu cầu đi học, đi làm hằng ngày 📱 Tra cứu tuyến xe và lộ trình ngay trên app FUTA để chuyến đi thuận tiện hơn nhé! 👉Trải nghiệm xe buýt Phương Trang ngay hôm nay! #futacitybus #xebuytphuongtrang #xebuytdien #xebuyttphcm #FUTABusLines #benxeansuong",#futacitybus #xebuytphuongtrang #xebuytdien #xebuyttphcm #FUTABusLines #benxeansuong,2026-06-03T04:30:00+00:00,625,reject,missing_group:electric_bus,0
7659046252176264466,https://www.tiktok.com/@billynguyen2006/video/7659046252176264466,xe buýt điện Sài Gòn,kw_xe_buyt_dien_sai_gon,Xe buýt  tuyến 63-1 ( bến xe buýt Tân Phú – Bến xe Tiền Giang ) dùng dòng xe điện Kim Long B30 EV thế hệ mới #futabusline_19006067 #xebuyt #futa #xh ,#futabusline_19006067 #xebuyt #futa #xh,2026-07-05T14:11:14+00:00,4,reject,missing_group:electric_bus,0
7660385330738040084,https://www.tiktok.com/@sggp.org.vn/video/7660385330738040084,xe buýt điện Sài Gòn,kw_xe_buyt_dien_sai_gon,Tuyến xe buýt số 16 chính thức chuyển sang xe điện #sggpnews #saigongiaiphong #sggp,#sggpnews #saigongiaiphong #sggp,2026-07-09T04:47:37+00:00,0,reject,missing_group:electric_bus,0
7693164563881086215,https://www.tiktok.com/@buytsaigon/video/7693164563881086215,VinBus TPHCM,kw_vinbus_tphcm,"Tuyến xe buýt số 180 chính thức chào sân TPHCM 😍 Nhưng thực ra là tuyến GRP3 cũ chuyển đổi qua cho thành phố quản lý cùng một số thay đổi về lộ trình, dừng nhiều nhà chờ hơn và vẫn miễn vé đến hết năm 2026. Nay đi xe thấy ai cũng vui vì xe nay đón được nhiều hành khách ở các trạm khác có nhu cầu thay vì trước đây chỉ ghé 1 số trạm vinbus chỉ định 😊",,2026-10-05T12:47:46+00:00,32,accept,electric_bus,1
7692715069750316308,https://www.tiktok.com/@odaytoanxebuyt/video/7692715069750316308,VinBus TPHCM,kw_vinbus_tphcm,"BUÝT TPHCM - Tuyến 148: Bến Xe Miền Tây ⇄ Gò Vấp ——————————————— Lượt đi Gò Vấp: BX Miền Tây - Kinh Dương Vương - Chợ An Lạc - Kinh Dương Vương - Vòng Xoay Phú Lâm - Hậu Giang - Cầu Hậu Giang - Hậu Giang - Minh Phụng - Chợ Minh Phụng - Minh Phụng - Bình Thới - Lạc Long Quân - Ngã 4 Hoà Bình + KDL Đầm Sen - Lạc Long Quân - Lý Thường Kiệt - BV Thống Nhất - Lý Thường Kiệt - Ngã 4 Bảy Hiền - Hoàng Văn Thụ - BV Đa Khoa Tân Bình - Hoàng Văn Thụ - Vòng xoay Lăng Cha Cả - Hoàng Văn Thụ - CV Hoàng Văn Thụ - Phan Đình Giót - SVĐ Quân Khu 7 - Phổ Quang - BV Đa Khoa Tâm Anh - Bãi Xe Buýt Phổ Quang - Trường ĐH Kỹ Thuật Công Nghệ - Phổ Quang - Hoàng Minh Giám - CV Gia Định - Ngã 6 Nguyễn Thái Sơn - Nguyễn Thái Sơn - BV Quân Y 175 - Nguyễn Thái Sơn - Phan Văn Trị - Bãi Hậu Cần Số 1 (493 Phan Văn Trị) ———————————————  • Lượt về BX Miền Tây: Bãi hậu cần số 1 - Phan Văn Trị - Nguyễn Thái Sơn - Phạm Ngũ Lão - Ngã 6 Gò Vấp - Nguyễn Kiệm - BV Quân Y 175 - Nguyễn Kiệm - Ngã 6 Nguyễn Thái Sơn - Hoàng Minh Giám - CV Gia Định - Hoàng Minh Giám - Phổ Quang - Trường ĐH Kỹ Thuật Công Nghệ - BV Đa Khoa Tâm Anh - Phổ Quang - Phan Đình Giót - CV Hoàng Văn Thụ - Trường Sơn - Vòng Xoay Lăng Cha Cả - Hoàng Văn Thụ - TT Triển Lãm, Văn Hoá và TDTT Tân Bình - Xuân Diệu - Xuân Hồng - Trường Chinh - Ngã 4 Bảy Hiền - Lý Thường Kiệt - BV Thống Nhất - Lý Thường Kiệt - Lạc Long Quân - Ngã 4 Hoà Bình + KDL Đầm Sen - Lạc Long Quân - Bình Thới - Minh Phụng - Vòng Xoay Cây Gõ - Minh Phụng - Chợ Minh Phụng - Hậu Giang - Cầu Hậu Giang - Hậu Giang - Vòng Xoay Phú Lâm - Kinh Dương Vương - Quay đầu tại ngã ba Đỗ Năng Tế - Kinh Dương Vương - BX Miền Tây ———————————————  • Mã Số Tuyến: 148  • Giờ Hoạt Động: 4:45-21:00  • Tần suất chuyến: 15-20p/ 1 chuyến • Đơn vị Quản Lý & Khai Thác: CÔNG TY TNHH DỊCH VỤ VẬN TẢI VINBUS #148 #vinbus #xebuyttphcm #CapCut #xh ",#148 #vinbus #xebuyttphcm #CapCut #xh,2026-10-04T07:43:27+00:00,2,accept,electric_bus,1
7681454467929197831,https://www.tiktok.com/@nguyengiabao_3152009/video/7681454467929197831,VinBus TPHCM,kw_vinbus_tphcm,Tuyến D4: Vinhomes Grand Park - BXB Sài Gòn | 50F01710 #VinBus @City Tour Vui Vẻ 🚌 ,#VinBus,2026-09-03T23:26:35+00:00,0,accept,electric_bus,1
7672583205756652821,https://www.tiktok.com/@saigonbus.thai/video/7672583205756652821,VinBus TPHCM,kw_vinbus_tphcm,Trả lời @truongshiroko (50F-017.66) Tuyến xe buýt D4 Vinhomes Grand Park - BXB Sài Gòn TPHCM #xuhuong ,#xuhuong,2026-08-11T01:41:32+00:00,12,reject,missing_group:electric_bus,0
7678207164003142933,https://www.tiktok.com/@odaytoanxebuyt/video/7678207164003142933,VinBus TPHCM,kw_vinbus_tphcm,BUÝT TPHCM/ Tuyến 33: BX An Sương ⇄ Suối Tiên ⇄ ĐH Quốc Gia (Khu A) ——————————-   • Lượt đi Khu A ĐH Quốc Gia: BX An Sương - Lê Quang Đạo (QL22) - Ngã 4 An Sương - Đỗ Mười (QL1) - Siêu Thị Mega Market Hiệp Phú - Ngã 4 Tân Thới Hiệp - Đỗ Mười - Cầu Bộ Hành BX Ngã Tư Ga - Cầu Vượt Ngã 4 Ga - ĐH Nguyễn Tất Thành (Quận 12) - Tu Viện Khánh An - Đỗ Mười - Cầu Bình Phước - Đôc Mười - Ngã 4 Bình Phước - Cầu Bộ Hành Chợ NS Thủ Đức - Ngã 4 Ga Sóng Thần - BX Lam Hồng - Đỗ Mười - Nút Giao Linh Xuân - KCX Linh Trung 1 - ĐH Kinh Tế • Luật - ĐH Nông Lâm - Đỗ Mười - Cầu Vượt Trạm 2 - Nhánh Cầu Vượt Trạm 2 - Quay đầu tại Cầu Vượt Trạm 2 - Xa Lộ Hà Nội - Suối Tiên • Ga Metro ĐHQG - Nghĩa Trang Liệt Sĩ TPHCM - Quay đầu trước cổng Nghĩa Trang LS TPHCM - Song Hành XLHN - Làng Đại Học - Đường 621 - Tân Lập - Nguyễn Hiền - BXB Khu A ĐHQG.  • Lượt về BX An Sương: BXB Khu A ĐHQG - Nguyễn Hiền - Tân Lập - Đường 621 - Rời khỏi Làng Đại Học - Song Hành XLHN - Đại học An Ninh Nhân Dân - Trường ĐH Công Nghệ Kỹ Thuật TPHCM - Song Hành XLHN - Xa Lộ Hà Nội - Ga Metro ĐHQG • Suối Tiên - Xa Lộ Hà Nội - Nhánh chân Cầu Vượt Trạm 2 - Đỗ Mười (Quốc Lộ 1) - ĐH Nông Lâm - ĐH Kinh Tế • Luật - KCX Linh Trung 1 - Nút Giao Linh Xuân - Đỗ Mười - BX Lam Hồng - Ngã 4 Ga Sóng Thần - Cổng Chợ Đầu Mối NS Thủ Đức - Ngã 4 Bình Phước - Cầu Bình Phước - Đỗ Mười - Tu Viện Khánh An - Cổng BX Ngã Tư Ga - Đỗ Mười - Ngã 4 Tân Thới Hiệp - Siêu Thị Mega Market Hiệp Phú - Đỗ Mười - CV Phần Mềm  Quang Trung - Đỗ Mười - Ngã 4 An Sương - Lê Quang Đạo (Quốc Lộ 22) - Quay đầu tại Nút giao Nguyễn Thị Trên - Lê Quang Đạo (Quốc Lộ 22) - BX An Sương ——————————-   • Mã số tuyến: 33  • Giờ hoạt động: 4:30-22:00  • Tần suất chuyến: 8-10p/ 1 chuyến  • Giá vé: Miễn Phí  • Đơn vị Quản Lý & Khai Thác: CÔNG TY TNHH DỊCH VỤ SINH THÁI VINBUS  #33 #vinbus #xebuyttphcm #Capcut #xuhuong ,#33 #vinbus #xebuyttphcm #Capcut #xuhuong,2026-08-26T05:25:25+00:00,6,accept,electric_bus,1
7659925180373863701,https://www.tiktok.com/@buyttuananh/video/7659925180373863701,VinBus TPHCM,kw_vinbus_tphcm,Tuyến xe buýt D4: Lượt về ➡️ Bến xe buýt Sài Gòn - Vinhomes Grand Park  Đơn vị vận hành: Công ty TNHH Dịch vụ Vận tải Sinh thái Vinbus Hiện tại đang miễn phí vé cho người dân sử dụng xe buýt từ ngày 1/7/2026 - 30/9/2026 mà không cần định danh #viralvideo #xuhuongtiktok2026♥️🔥🌻🔥 #viral #vinbus #vinfast ,#viralvideo #xuhuongtiktok2026 #viral #vinbus #vinfast,2026-07-07T23:02:08+00:00,9,accept,electric_bus,1
7691482975828970759,https://www.tiktok.com/@bakhia18072016/video/7691482975828970759,VinBus Sài Gòn,kw_vinbus_sai_gon,sài gòn thất thủ-xe buýt VINBUS đuối nước 😅😅😅 #mualu #ngapnuoc #saigon #xuhuong #viral ,#mualu #ngapnuoc #saigon #xuhuong #viral,2026-10-01T00:02:18+00:00,0,accept,electric_bus,1
7669582661622516993,https://www.tiktok.com/@saigonbusspotter/video/7669582661622516993,VinBus Sài Gòn,kw_vinbus_sai_gon,Tuyến xe buýt 93: Bến Thành - Bến xe Miền Đông mới #xebuyttphcm #xuhuong ,#xebuyttphcm #xuhuong,2026-08-02T23:38:33+00:00,12,reject,missing_group:electric_bus,0
7668695049407892756,https://www.tiktok.com/@transport_travel_1/video/7668695049407892756,VinBus Sài Gòn,kw_vinbus_sai_gon,"#xebuyttphcm #vinbustphcm #vinbus_phụng_sự_từ_trái_tim Tuyến xe buýt VINBUS Miễn Phí mới Tên Tuyến: Vinhomes Central Park - Vinhomes Golden River - Khu Phức Hợp Ba Son - Trung Tâm Thành phố Hồ Chí Minh - Depot 592 Cộng Hòa - QL22 - Vinhomes Saigon Park Đơn Vị Vận Hành :Công Ty TNHH Vận Tải Sinh Thái VINBUS Mã Hiệu Tuyến:SGP Thời gian hoạt động:08:00-16:00 Thời gian chạy:100 - 120 phút phút Giãn cách tuyến:60 phút Số chuyến:4 Đơn vị:VinBus Lượt đi:Vinhomes Central ParkChiều đi - Đối Diện Tòa Nhà Park 3 Vinhomes Central ParkChiều đi - Vinhomes Golden River - Khu phức hợp Ba SonPhố đi bộ Nguyễn HuệDepot Cộng HòaVinhomes Sài Gòn Park Lượt về:Vinhomes Sài Gòn ParkDepot Cộng Hòa – Công viên Tân HảiPhố đi bộ Nguyễn Huệ Chiều về - Vinhomes Golden River - Khu phức hợp Ba SonChiều về - Vinhomes Central Park - Toà nhà Landmark 81Vinhomes Central Park Xe sẽ đi ngang các tuyến đường gồm Trương Định, Trường Sa ,út Tịch ,Bạch Đằng, Nguyễn Huệ ,..và cả QL22 Hình Thức Tuyến:Miễn Phí - Vinbus Hình Thức Tra Cứu:ứng dụng Vinbus 2 chuyến đi đến SGP gồm:8:00 và 9:00 2 chuyến về Central Park gồm 13:30 và 14:30 2 xe gồm 50H-676.39 & 50E-654.29 Lộ trình của xe này đi từ Khu đô thị VinHomes Central Park (Phường Thạnh Mỹ Tây), đi vòng qua Phố đi bộ Nguyễn Huệ, Đường Trường Sa (chỉ lượt đi), Đường Hoàng Sa (chỉ lượt về), Khu vực gần Nhà Ga T3 (chỉ lượt đi), Mũi Tàu Cộng Hòa, Ngã Tư An Sương, Bệnh viện Xuyên Á, KCN Tân Phú Trung,…về đến Khu đô thị VinHomes Saigon Park Hóc Môn (Xã Củ Chi). Trên toàn lộ trình này chỉ có 04 điểm dừng đón/trả khách tại Tòa nhà Landmark 81, Khu phức hợp Ba Son, Phố đi bộ Nguyễn Huệ và Depot Cộng Hòa. Lộ trình, biểu đồ giờ chạy và danh sách trạm đón/trả khách hiện đã được cập nhật chi tiết trên ứng dụng và trang web VinBus. quý vị hãy sử dụng app Vinbus để biết rõ hơn về tuyến SGP này và đón chính xác   ======================================================== Kênh Transportation_Travel (TT1) Chuyên về giao thông ,giao thông công cộng và du lịch ,hạ tầng Phát sóng lúc 8h-22h phát vào lễ tết lúc 5h -23h vào thứ 2 đến chủ nhật hằng tuần",#xebuyttphcm #vinbustphcm #vinbus_phụng_sự_từ_trái_tim,2026-08-24T02:00:00+00:00,5,accept,electric_bus,1
7665642428275117332,https://www.tiktok.com/@buyttuananh/video/7665642428275117332,VinBus Hồ Chí Minh,kw_vinbus_ho_chi_minh,"Tuyến xe buýt D4: Vinhomes Grand Park - Bến xe buýt Sài Gòn  Đơn vị vận hành: Công ty TNHH Dịch vụ Vận tải Sinh thái Vinbus Hiện tại đang miễn phí vé cho người dân sử dụng xe buýt Giai đoạn 1 Từ ngày 1/7/2026 - 30/9/2026 nhưng vẫn phải tập làm quen xác thực và định danh bằng Thẻ ATM, CCCD, mã QR trên VNEID  #creatorsearchinsights #đăngvideolênxuhướng  #vinbus #vinfast ",#creatorsearchinsights #đăngvideolênxuhướng #vinbus #vinfast,2026-07-23T08:47:51+00:00,7,accept,electric_bus,1
7677094440267238677,https://www.tiktok.com/@quocvih/video/7677094440267238677,VinBus Hà Nội,kw_vinbus_ha_noi,cơn mưa tô đậm vẻ đẹp 🤪#busE09#xuhuong#vinbus# #hanoibus #taodo010 ,#busE09 #xuhuong #vinbus #hanoibus #taodo010,2026-08-23T05:27:26+00:00,1,accept,electric_bus,1
7660813945938431250,https://www.tiktok.com/@vietanh_do.03/video/7660813945938431250,VinBus Hà Nội,kw_vinbus_ha_noi,Trải nghiệm thẻ vé giao thông vật lý mới dùng trên các tuyến xe bus Hà Nội #thevegiaothonghn #VinBus #hanoibus #transerco ,#thevegiaothonghn #VinBus #hanoibus #transerco,2026-07-10T08:30:58+00:00,7,accept,electric_bus,1
7680800719754022164,https://www.tiktok.com/@lover208.01/video/7680800719754022164,VinBus Hà Nội,kw_vinbus_ha_noi,Tuyến 59: Thư Lâm – Yên Sở. BKS: 29B-094.90 ĐVCT: Bảo Yến Group #xuhuong#hanoibus_transerco#viarl#bus59#vinbuseb8 ,#xuhuong #hanoibus_transerco #viarl #bus59 #vinbuseb8,2026-09-02T05:09:45+00:00,1,reject,missing_group:electric_bus,0
7668927575145647381,https://www.tiktok.com/@lostvn75/video/7668927575145647381,VinBus Hà Nội,kw_vinbus_ha_noi,#vinbus #chay cháy xe bus điện vin ở hai bà trưng hà nội. 1 8 2026,#vinbus #chay,2026-08-01T05:15:50+00:00,2,accept,electric_bus,1
7679308435774524693,https://www.tiktok.com/@l.ch.nguynth08vvb/video/7679308435774524693,VinBus Hà Nội,kw_vinbus_ha_noi,E02: Hào Nam - KĐT Ocean Park #vinbus #xuhuong ,#vinbus #xuhuong,2026-08-29T04:38:53+00:00,5,accept,electric_bus,1
