video_id,url,discovery_query,source_label,caption,hashtags,create_time,comment_count,gate_verdict,gate_rule,keep
7686477882025102600,https://www.tiktok.com/@hoang.minh877/video/7686477882025102600,ngập lụt Hà Nội,kw_ngap_lut_ha_noi,#xuhuonlgtiktok Toàn cảnh ngập lụt diện Rộng tại HÀ NỘI sáng ngày 17/9/2026#ngaplutmienbac #hanoi#🇻🇳🇻🇳 ,#xuhuonlgtiktok #ngaplutmienbac #hanoi,2026-09-17T12:19:59+00:00,315,reject,thieu_nhom:B_giao_thong_tac_dong,0
7686845319375637780,https://www.tiktok.com/@ntm.thuy_204/video/7686845319375637780,ngập lụt Hà Nội,kw_ngap_lut_ha_noi,Hành trình đi làm mùa ngập ngày 2. Mùa này đường cũng hoá thành sông🌊 #minhthuynt #muangap #hanoimua #ngaplut #viral ,#minhthuynt #muangap #hanoimua #ngaplut #viral,2026-09-18T12:05:50+00:00,412,reject,thieu_nhom:C_dia_diem,0
7686322583704210704,https://www.tiktok.com/@dantri.com.vn/video/7686322583704210704,ngập lụt Hà Nội,kw_ngap_lut_ha_noi,Sóng nước dồn dập trên phố khiến nhiều xe chết máy ở Hà Nội #dantrinews #LearnOnTikTok,#dantrinews #LearnOnTikTok,2026-09-17T02:17:55+00:00,327,reject,thieu_nhom:A_ngap_lut+B_giao_thong_tac_dong,0
7686438193834626322,https://www.tiktok.com/@thoaidatdai/video/7686438193834626322,ngập lụt Hà Nội,kw_ngap_lut_ha_noi,Hà Nội hôm nay ngập khắp nơi #thoaidatdai #zaithoaibds #hanoingaplut #hanoi #muabao ,#thoaidatdai #zaithoaibds #hanoingaplut #hanoi #muabao,2026-09-17T09:46:00+00:00,106,reject,thieu_nhom:B_giao_thong_tac_dong,0
7686360513948830994,https://www.tiktok.com/@vietofficial8/video/7686360513948830994,ngập lụt Hà Nội,kw_ngap_lut_ha_noi,#hottrend #hohoangcau #hanoi ,#hottrend #hohoangcau #hanoi,2026-09-17T04:44:39+00:00,117,reject,thieu_nhom:A_ngap_lut+B_giao_thong_tac_dong+C_dia_diem,0
7688655543812214034,https://www.tiktok.com/@neoduong.vietnam/video/7688655543812214034,ngập lụt Hà Nội,kw_ngap_lut_ha_noi,"Vì sao Đại Lộ Thăng Long, Hà Nội vẫn ngập sâu sau gần một tuần trời nắng ​ @neoduongvietnam   Video trải nghiệm thực tế Đại Lộ Thăng Long tại các xã Kiều Phú, Hạ Bằng, Hòa Lạc để cập nhật tình hình ngập sâu trên tuyến đường nay sau gần một tuần trời nắng. Hiện nay tại khu vực giáp ranh giữu 2 xã Hạ Bằng, Hòa Lạc, ngay trước lối vào Khu công nghệ cao Hòa Lạc, nước ngập rất sâu, các xe không lưu thông được. Các hầm chui ở đoạn đường Đại lộ Thăng Long này ngập từ 70cm đến 1m. Hiện các cơ quan chức năng đã phân luồng giao thông, cấm các xe lưu thông vào đoạn đường này. Hiện nay mực nước sông Tích vẫn rất cao, trong tình trạng báo động. Tại cầu sông Tích, xã Kiều Phú, nước sông mênh mông, lên đến mặt cầu dân sinh Rất mong quý vị khán giả đồng hành và ủng hộ bằng cách đăng ký kênh Nẻo Đường Việt Nam, like, chia sẻ video đến bạn bè và những người quan tâm đến chủ đề của kênh. Xin chân thành cảm ơn! #neoduongvietnam #dulichkhampha #dulichtrainghiem #dulichhanoi #phophuonghanoi #hanoi #dailothanglong #songtich #xahabang #xahoalac #xakieuphu #mucnuocsongtich #ngapluthanoi #luluthanoi",#neoduongvietnam #dulichkhampha #dulichtrainghiem #dulichhanoi #phophuonghanoi #hanoi #dailothanglong #songtich #xahabang #xahoalac #xakieuphu #mucnuocsongtich #ngapluthanoi #luluthanoi,2026-09-23T09:10:24+00:00,3,accept,du_3_nhom,1
7687566405020994837,https://www.tiktok.com/@danviet.giaitri/video/7687566405020994837,ngập lụt Hà Nội,kw_ngap_lut_ha_noi,Nước lũ vẫn ngập sát mái nhà xã Xuân Mai (Hà Nội) #xaxuanmai #mualu #ngaplut #danviet #danvietviral #tiktokviral #tintuc,#xaxuanmai #mualu #ngaplut #danviet #danvietviral #tiktokviral #tintuc,2026-09-20T10:45:45+00:00,204,reject,thieu_nhom:B_giao_thong_tac_dong,0
7686759627693755662,https://www.tiktok.com/@namvu8713/video/7686759627693755662,ngập lụt Hà Nội,kw_ngap_lut_ha_noi,"Hà Nội Thất Thủ: Nội Đô Ngập Sâu, Ngoại Thành Vỡ Trận Tràn Đê Sông Bùi - Lũ Dữ Vượt Trần Báo Động 3, Thủ Đô Gồng Mình Trong Đại Nạn! ##ankinhhoang ##tintuc ##thoisu ",#ankinhhoang #tintuc #thoisu,2026-09-18T06:33:27+00:00,32,reject,thieu_nhom:B_giao_thong_tac_dong,0
7685932066868874504,https://www.tiktok.com/@thuysau0357311111/video/7685932066868874504,ngập lụt Hà Nội,kw_ngap_lut_ha_noi,Mỹ Đình - Hà Nội ngập lịch sử   2025   #xuhuong #ngapnuoc #haloi #mua  #hanoi,#xuhuong #ngapnuoc #haloi #mua #hanoi,2026-09-16T01:01:59+00:00,2,reject,thieu_nhom:B_giao_thong_tac_dong,0
7685587902218128661,https://www.tiktok.com/@bevietnamese1/video/7685587902218128661,ngập lụt Hà Nội,kw_ngap_lut_ha_noi,Trường em mùa nước lũ ☺️ #bevietnamese #daihoccogivui #sinhvien #mưa #dihoccogivui ,#bevietnamese #daihoccogivui #sinhvien #mưa #dihoccogivui,2026-09-15T02:46:27+00:00,391,reject,thieu_nhom:A_ngap_lut+C_dia_diem,0
7687085848684285185,https://www.tiktok.com/@dantri.com.vn/video/7687085848684285185,ngập lụt Hà Nội,kw_ngap_lut_ha_noi,"Khu đô thị ở Hà Nội ngập sâu, người dân dùng đệm chở xe máy, đi bè mua cơm #dantrinews #LearnOnTikTok #xuhuong",#dantrinews #LearnOnTikTok #xuhuong,2026-09-19T03:39:43+00:00,1,accept,du_3_nhom,1
7686363373365251348,https://www.tiktok.com/@appsuadienthoai/video/7686363373365251348,ngập lụt Hà Nội,kw_ngap_lut_ha_noi,Toàn cảnh ngập lụt tại Hà Nội 😥😰🥴#ngaplut #mua #ngap ,#ngaplut #mua #ngap,2026-09-17T04:55:42+00:00,0,reject,thieu_nhom:B_giao_thong_tac_dong,0
7686676177313975572,https://www.tiktok.com/@manhphan2470/video/7686676177313975572,ngập lụt Hà Nội,kw_ngap_lut_ha_noi,#LIVEIncentiveProgram #LIVEMonetization #PaidPartnership ,#LIVEIncentiveProgram #LIVEMonetization #PaidPartnership,2026-09-18T01:09:30+00:00,62,reject,thieu_nhom:A_ngap_lut+B_giao_thong_tac_dong+C_dia_diem,0
7686298535754534162,https://www.tiktok.com/@bs_nguyentrungdao90/video/7686298535754534162,ngập lụt Hà Nội,kw_ngap_lut_ha_noi,"Khu vực Yên Nghĩa Ngập rất sâu, nước chảy rất xiết! #xuhuong #bacsi #lụt #ngập #hanoi ",#xuhuong #bacsi #lụt #ngập #hanoi,2026-09-17T00:44:04+00:00,671,reject,thieu_nhom:B_giao_thong_tac_dong,0
7686449887247912199,https://www.tiktok.com/@visit.hanoi/video/7686449887247912199,ngập lụt Hà Nội,kw_ngap_lut_ha_noi,Chiện gì cũng có thể xảy ra khi nước ngập 🤡 #VisitHanoi #VisitVietnam #iSocialVietnam #HaNoi #haihuoc,#VisitHanoi #VisitVietnam #iSocialVietnam #HaNoi #haihuoc,2026-09-17T10:31:20+00:00,55,reject,thieu_nhom:B_giao_thong_tac_dong+C_dia_diem,0
7688963314172300565,https://www.tiktok.com/@dokhadang/video/7688963314172300565,ngập lụt Hà Nội,kw_ngap_lut_ha_noi,"Tròn 1 tuần về thăm Quán … Từ ngày 17/9 —> 24/9/2026 dương lịch, Địa chỉ : Thôn nhân Lý.Nam Phương Tiến. Chương Mỹ. Hà Nội  (cũ )#ngập_lụt #mưalũ #mưabão ",#ngập_lụt #mưalũ #mưabão,2026-09-24T05:04:49+00:00,0,reject,thieu_nhom:B_giao_thong_tac_dong,0
7686315259795082514,https://www.tiktok.com/@namiya.news/video/7686315259795082514,ngập lụt Hà Nội,kw_ngap_lut_ha_noi,"8h sáng ở Hà Nội và cái kết... Ai đi qua Trung Kiên, Vinhomes Smart City điểm danh cái! #hanoi #hanoingap #ngapung #tintuchanoi #mualu",#hanoi #hanoingap #ngapung #tintuchanoi #mualu,2026-09-17T01:48:58+00:00,83,reject,thieu_nhom:A_ngap_lut,0
7686307890327506194,https://www.tiktok.com/@kosocho.official/video/7686307890327506194,ngập lụt Hà Nội,kw_ngap_lut_ha_noi,"Đường phố ngập lụt, người dân phát hiện cả cá to bơi trên đường #ksc #hanoi #ngaplut #ngapluthanoi #mualut",#ksc #hanoi #ngaplut #ngapluthanoi #mualut,2026-09-17T01:20:25+00:00,41,reject,thieu_nhom:B_giao_thong_tac_dong+C_dia_diem,0
7688345526634302736,https://www.tiktok.com/@afamilyngaylucnay/video/7688345526634302736,ngập lụt Hà Nội,kw_ngap_lut_ha_noi,"Mưa đã dứt nhiều ngày, nhưng một số đoạn đường gom Đại lộ Thăng Long vẫn ngập gần 1 m, ảnh hưởng việc lưu thông ở phía Tây Hà Nội. #afamilyngaylucnay #aFamily #hanoi #DDGN #duongpho ",#afamilyngaylucnay #aFamily #hanoi #DDGN #duongpho,2026-09-22T13:07:55+00:00,38,accept,du_3_nhom,1
7686671333681368341,https://www.tiktok.com/@kenhchiasedieutothay/video/7686671333681368341,ngập lụt Hà Nội,kw_ngap_lut_ha_noi,#xuhuongtiktok # cập nhật tình hình ngập lụt ở Đan Phượng Hà Nội lúc này #xuhuongtiktok ,#xuhuongtiktok #xuhuongtiktok,2026-09-18T00:50:41+00:00,10,reject,thieu_nhom:B_giao_thong_tac_dong,0
7688162853815143688,https://www.tiktok.com/@tuancao8316/video/7688162853815143688,ngập lụt Hà Nội,kw_ngap_lut_ha_noi,"Lũ lụt ngập nước cá vào nhà như trảy hội.  Lê Thanh , mỹ Đức ,Hà Nội ( sông đáy)",,2026-09-22T01:18:37+00:00,4,reject,thieu_nhom:B_giao_thong_tac_dong,0
7678657178508545288,https://www.tiktok.com/@bunbun0308/video/7678657178508545288,ngập lụt Hà Nội,kw_ngap_lut_ha_noi,Đứa con của thần mưa Trốn được QN lên tới HN thì…. #ngaplut #bão #mưa ,#ngaplut #bão #mưa,2026-08-27T10:31:42+00:00,54,reject,thieu_nhom:A_ngap_lut+B_giao_thong_tac_dong,0
7686308175456242964,https://www.tiktok.com/@iloveunowhy/video/7686308175456242964,ngập lụt Hà Nội,kw_ngap_lut_ha_noi,lụt rồi Nội ơi #hanoi #ngaplut #cnh #viral #xuhuong ,#hanoi #ngaplut #cnh #viral #xuhuong,2026-09-17T01:21:29+00:00,728,reject,thieu_nhom:B_giao_thong_tac_dong+C_dia_diem,0
7686501233573727508,https://www.tiktok.com/@localvietnam.trip/video/7686501233573727508,ngập nước Hà Nội,kw_ngap_nuoc_ha_noi,"Hanoi Weather Update 🌧️🚨 Heavy rain overnight has caused flooding on several streets in Hanoi. More rain is expected today, which may cause further delays. Quick Safety Tips:  🛵 Avoid riding through flooded streets—it’s deeper than it looks.  ⏰ Allow extra travel time for potential delays.  📱 Keep an eye on official weather updates.  👉 Share this with anyone currently in Hanoi or planning a trip there soon! #vietnam #VietnamTravel #hanoi #weather #tips ",#vietnam #VietnamTravel #hanoi #weather #tips,2026-09-17T13:50:37+00:00,112,reject,thieu_nhom:A_ngap_lut+B_giao_thong_tac_dong+C_dia_diem,0
7689026119537888520,https://www.tiktok.com/@phamhoang112/video/7689026119537888520,ngập nước Hà Nội,kw_ngap_nuoc_ha_noi,Hà nội lại mưa lớn rồi#mưa#ngập#thoitiet#mua#hanoi ,#mưa #ngập #thoitiet #mua #hanoi,2026-09-24T09:08:27+00:00,2,reject,thieu_nhom:B_giao_thong_tac_dong,0
7689046384200174849,https://www.tiktok.com/@1hongthai/video/7689046384200174849,ngập nước Hà Nội,kw_ngap_nuoc_ha_noi,Hà Nội mùa này phố cũng như sông🥹#hànội #tiktok #mưa #ngập ,#hànội #tiktok #mưa #ngập,2026-09-24T10:27:11+00:00,2,reject,thieu_nhom:B_giao_thong_tac_dong,0
7687548610216594706,https://www.tiktok.com/@namiya.news/video/7687548610216594706,ngập nước Hà Nội,kw_ngap_nuoc_ha_noi,"Mỹ Đức sáng nay 20/09 vẫn là biển nước 😢 1.035 hộ bị cô lập - 80 hộ sơ tán khẩn 800ha lúa ngập tới cổ bông, 100ha mất trắng rồi... Đồng Chiêm là rốn lũ Mong nước sớm rút 🙏 Nguồn: UBND xã Mỹ Đức 17/09 | CAND 19/09 #myduc #dongchiem #ngaplut #hanoi #tintuc",#myduc #dongchiem #ngaplut #hanoi #tintuc,2026-09-20T09:35:00+00:00,252,reject,thieu_nhom:B_giao_thong_tac_dong,0
7688741917026225426,https://www.tiktok.com/@tun70118/video/7688741917026225426,ngập nước Hà Nội,kw_ngap_nuoc_ha_noi,🇻🇳🌨️👮‍♀️✍️ NHÀ HÀ NỘI MÙA NƯỚC NỔI ( NƯỚC DỀNH ) . #HaNoiNuocNoi😳 #AnninhCuocsong✍️👮‍♀️🇻🇳 ,#HaNoiNuocNoi #AnninhCuocsong,2026-09-23T14:45:35+00:00,11,reject,thieu_nhom:A_ngap_lut+B_giao_thong_tac_dong,0
7686409065529937159,https://www.tiktok.com/@vnexpress.official/video/7686409065529937159,ngập nước Hà Nội,kw_ngap_nuoc_ha_noi,"Đường phố Hà Nội ngập sâu sau mưa lớn, nhiều người phải tìm đủ cách xoay xở để ngăn nước tràn vào nhà. #vnexpress #vne #vnego",#vnexpress #vne #vnego,2026-09-17T07:53:03+00:00,6,reject,thieu_nhom:B_giao_thong_tac_dong,0
7686311787813244177,https://www.tiktok.com/@thethao247.vn/video/7686311787813244177,ngập nước Hà Nội,kw_ngap_nuoc_ha_noi,"Mưa dông vẫn tiếp tục diễn ra tại Hà Nội và diện rộng khắp các tỉnh miền Bắc, Bắc Trung Bộ. Mọi người di chuyển cẩn thận và chủ động cập nhật tình hình ngập úng nhé ⛈️⛈️⛈️ #new #tintuc #tiktoknews #thethao247",#new #tintuc #tiktoknews #thethao247,2026-09-17T01:36:21+00:00,645,accept,du_3_nhom,1
7687101902848314631,https://www.tiktok.com/@truong.tung435/video/7687101902848314631,ngập nước Hà Nội,kw_ngap_nuoc_ha_noi,mùa mưa đi đường cẩn thận nhé moi người ,,2026-09-19T04:41:30+00:00,1,reject,thieu_nhom:A_ngap_lut+C_dia_diem,0
7686281477201349909,https://www.tiktok.com/@hathanhphong_95/video/7686281477201349909,ngập nước Hà Nội,kw_ngap_nuoc_ha_noi,"Nhiều tuyến phố ở Hà Nội bắt đầu ngập sâu Văn Quán , Triều Khúc, Cầu Diễn, Mỹ Đình, Thái Hà..",,2026-09-16T23:37:52+00:00,5,reject,thieu_nhom:B_giao_thong_tac_dong,0
7689040832577424658,https://www.tiktok.com/@tan.ca78/video/7689040832577424658,ngập nước Hà Nội,kw_ngap_nuoc_ha_noi,Có trú nhưng không đáng kể! 🥷 #Tungoitanca #contentcreator #thohay #HaNoi ,#Tungoitanca #contentcreator #thohay #HaNoi,2026-09-24T10:05:30+00:00,0,reject,thieu_nhom:A_ngap_lut+B_giao_thong_tac_dong+C_dia_diem,0
7688928447728520455,https://www.tiktok.com/@dokien1607/video/7688928447728520455,Hà Nội ngập,kw_ha_noi_ngap,Điểm ngập cầu Ái Nàng nước đã rút. Tất cả các phương tiện đã có thể lưu thông bình thường. Trân trọng.!#xuhuongtiktok ##ngapluthanoi ,#xuhuongtiktok #ngapluthanoi,2026-09-24T02:49:28+00:00,7,reject,thieu_nhom:C_dia_diem,0
7685717179597114645,https://www.tiktok.com/@chuyenngo9/video/7685717179597114645,Hà Nội ngập,kw_ha_noi_ngap,"Hà Lội vào  mùa ""DỀNH"" 😆😆😆 #chuyenngo #giadinhmovitcherry #noitrotichcuc #nemtaibovotuantudo #nemtaiducthat ",#chuyenngo #giadinhmovitcherry #noitrotichcuc #nemtaibovotuantudo #nemtaiducthat,2026-09-15T11:08:10+00:00,74,reject,thieu_nhom:A_ngap_lut+B_giao_thong_tac_dong+C_dia_diem,0
7686453897808088341,https://www.tiktok.com/@eyeplus.viral/video/7686453897808088341,Hà Nội ngập,kw_ha_noi_ngap,Xin lỗi mọi người hôm qua quên tắt nước... #EyeplusViral #EyeplusMedia #Tinhot #Trending #viral,#EyeplusViral #EyeplusMedia #Tinhot #Trending #viral,2026-09-17T12:30:00+00:00,7,reject,thieu_nhom:A_ngap_lut+B_giao_thong_tac_dong+C_dia_diem,0
7689049008865611028,https://www.tiktok.com/@khi.no.c.ny.th.i.t11/video/7689049008865611028,Hà Nội ngập,kw_ha_noi_ngap,"Thế mà lại hay. Không cần biết 4h hay 5h, cứ tan làm là trời mưa 🌧️  #troimua  Ảnh này từ trận mưa ngập ngày 30.09.2025 tại Hà Nội 🥲",#troimua,2026-09-24T10:37:15+00:00,2,reject,thieu_nhom:B_giao_thong_tac_dong,0
7688264584871988487,https://www.tiktok.com/@tintuctodayreal/video/7688264584871988487,Hà Nội ngập,kw_ha_noi_ngap,Hiểm hoạ dưới làng nước ngập ở Hà Nội #lpttv #tin #hongbien #hanoi ,#lpttv #tin #hongbien #hanoi,2026-09-22T07:53:21+00:00,1,reject,thieu_nhom:B_giao_thong_tac_dong,0
7686449193237400852,https://www.tiktok.com/@8386phamdung/video/7686449193237400852,Hà Nội ngập,kw_ha_noi_ngap,nhà nào dùng nước k khoá vòi.ngập hết phố rồi,,2026-09-17T10:28:38+00:00,174,reject,thieu_nhom:B_giao_thong_tac_dong+C_dia_diem,0
7686406780972305685,https://www.tiktok.com/@tongkhobepvatbibephanoi/video/7686406780972305685,Hà Nội ngập,kw_ha_noi_ngap,Hà nội ngập ưnga nhiều nơi. Đi làm khổ quá 😭😭,,2026-09-17T07:44:08+00:00,0,accept,du_3_nhom,1
7687276507558857992,https://www.tiktok.com/@chanelphungluat/video/7687276507558857992,Hà Nội ngập,kw_ha_noi_ngap,"Ngập lụt ở Hà Nội, cập nhật tình hình ngày 19-9-2026  #lulut  #ngaplut  #xuhuong  #varil  #hanoi ",#lulut #ngaplut #xuhuong #varil #hanoi,2026-09-19T15:59:03+00:00,1,reject,thieu_nhom:B_giao_thong_tac_dong,0
7686322257941105928,https://www.tiktok.com/@que.toi.29/video/7686322257941105928,đường ngập Hà Nội,kw_duong_ngap_ha_noi,#xuhuong Ngay lúc này ở HH2 Yên Nghĩa Hà Đông Hà Nội nước ngập như biển luôn mn ạ ai đi qua nhớ tránh đường này ra nhé mn ơi,#xuhuong,2026-09-17T02:16:11+00:00,169,accept,du_3_nhom,1
7686373035338779925,https://www.tiktok.com/@emnanh36/video/7686373035338779925,đường ngập Hà Nội,kw_duong_ngap_ha_noi,"Do mình, do mình nên đường Hà Nội ngập như v, mih xin lỗi😇 #xuhuong #viral #hanoi #j4f ",#xuhuong #viral #hanoi #j4f,2026-09-17T05:33:08+00:00,2,reject,thieu_nhom:B_giao_thong_tac_dong,0
7685593860306734343,https://www.tiktok.com/@qablos208/video/7685593860306734343,đường ngập Hà Nội,kw_duong_ngap_ha_noi,Đường visip bi ngập hôm nay có xe ai bị chết máy không Ạ 😂😂😂 đi làm khổ nhất 😂😂😌#xuhuongtiktok #xuhuongtiktok #xuhuongtiktok #visiphd ,#xuhuongtiktok #xuhuongtiktok #xuhuongtiktok #visiphd,2026-09-15T03:09:36+00:00,25,reject,thieu_nhom:C_dia_diem,0
7688972754468474133,https://www.tiktok.com/@le.quyen845/video/7688972754468474133,đường ngập Hà Nội,kw_duong_ngap_ha_noi,,,2026-09-24T05:41:26+00:00,10,reject,thieu_nhom:A_ngap_lut+B_giao_thong_tac_dong+C_dia_diem,0
7687964710217583879,https://www.tiktok.com/@namiya.news/video/7687964710217583879,đường ngập Hà Nội,kw_duong_ngap_ha_noi,"Đường ngoại thành Hà Nội sáng nay vẫn ngập - Mẹo giữ giày khô khi đi làm! Sáng nay 21/9 đường ngoại thành Hà Nội có chỗ vẫn ngập sau mưa. Đi giày thể thao không bọc là ướt sũng hôi cả ngày. Mẹo nhỏ là dùng bọc giày đi mưa cổ cao 2 lớp PVC, đế chống trơn trượt 1.7cm này, lội xong tháo ra giày vẫn khô. Mình để thông tin ở phần Cửa hàng trên trang cá nhân cho bác nào ngoại thành cần nhé. #namiyanews #duongngoaithanh #donganh #myduc #muangap ",#namiyanews #duongngoaithanh #donganh #myduc #muangap,2026-09-21T12:29:39+00:00,2,accept,du_3_nhom,1
7686205073709452552,https://www.tiktok.com/@danviet.giaitri/video/7686205073709452552,đường ngập Hà Nội,kw_duong_ngap_ha_noi,"Nhiều tuyến phố ở Hà Nội bắt đầu ngập sâu: Triều Khúc, Cầu Diễn, Mỹ Đình, Thái Hà… #hanoingapsau #photrieukhucngap #mydinhngap ",#hanoingapsau #photrieukhucngap #mydinhngap,2026-09-16T18:41:23+00:00,0,reject,thieu_nhom:B_giao_thong_tac_dong,0
7686354384199978258,https://www.tiktok.com/@chupanhgiaretaihanoi/video/7686354384199978258,đường ngập Hà Nội,kw_duong_ngap_ha_noi,"Thời tiết ngày 17 tháng 9 tại hồ gươm. Mưa lớn, nhiều tuyến phố ngập di chuyển khó khăn ạ ☔️☔️☔️#photoinhanoi #xuhuongtiktok #viral #hoguom #xuhuong",#photoinhanoi #xuhuongtiktok #viral #hoguom #xuhuong,2026-09-17T04:20:47+00:00,10,reject,thieu_nhom:C_dia_diem,0
7687049263049608468,https://www.tiktok.com/@tiendung111/video/7687049263049608468,đường ngập Hà Nội,kw_duong_ngap_ha_noi,Cập nhật tình hình nước ngập đường 32 khu vực Tân Tây Đô - Trạm Trôi cơ bản rút tương đối rồi #antoangiaothong ##nuocngaphanoi #ngapluthanoi #ngaplut #fyp  @KeuNguyen ,#antoangiaothong #nuocngaphanoi #ngapluthanoi #ngaplut #fyp,2026-09-19T01:17:17+00:00,3,reject,thieu_nhom:B_giao_thong_tac_dong+C_dia_diem,0
7686310798439812370,https://www.tiktok.com/@vietkieutinhcam/video/7686310798439812370,đường ngập Hà Nội,kw_duong_ngap_ha_noi,Some of my friends are forced to find a way to get to work despite the roads being flooded 😭😭 #vietnam #hanoi #muabao #rainyseason #storm ,#vietnam #hanoi #muabao #rainyseason #storm,2026-09-17T01:31:42+00:00,241,reject,thieu_nhom:A_ngap_lut+C_dia_diem,0
7686192908084481298,https://www.tiktok.com/@danviet.giaitri/video/7686192908084481298,đường ngập Hà Nội,kw_duong_ngap_ha_noi,"Hà Nội mưa tầm tã 3 ngày liền. Đường Đại Mỗ, đường Phùng Hưng có đoạn ngập sâu #daimongap #phunghungngap ",#daimongap #phunghungngap,2026-09-16T17:54:10+00:00,12,reject,thieu_nhom:B_giao_thong_tac_dong,0
7686302461954395408,https://www.tiktok.com/@afamilyngaylucnay/video/7686302461954395408,đường ngập Hà Nội,kw_duong_ngap_ha_noi,Đoạn Tố Hữu - Lương Thế Vinh ngập sâu #afamilyngaylucnay #afamily #duongpho #hanoi #DDFN ,#afamilyngaylucnay #afamily #duongpho #hanoi #DDFN,2026-09-17T00:59:25+00:00,215,reject,thieu_nhom:B_giao_thong_tac_dong,0
7686885864273677588,https://www.tiktok.com/@quang_my_tommy/video/7686885864273677588,đường ngập Hà Nội,kw_duong_ngap_ha_noi,Hà Nội mùa này phố cũng như sông # mưa lũ ngập đường phố Hà Nội ,,2026-09-18T14:43:09+00:00,0,reject,thieu_nhom:B_giao_thong_tac_dong,0
7686401250308525333,https://www.tiktok.com/@conangmevay/video/7686401250308525333,đường ngập Hà Nội,kw_duong_ngap_ha_noi,Hà Nội ngập nhiều nơi do mưa lớn trên 400 mm #giaothonghanoi #elitecapital #muangap #ngapung #hanoingap ,#giaothonghanoi #elitecapital #muangap #ngapung #hanoingap,2026-09-17T07:22:37+00:00,32,reject,thieu_nhom:B_giao_thong_tac_dong,0
7687856975874510101,https://www.tiktok.com/@baotienphong.official/video/7687856975874510101,đường ngập Hà Nội,kw_duong_ngap_ha_noi,"Đường biến thành sông, 'bến thuyền' xuất hiện giữa ngoại thành Hà Nội #tienphong #hanoi #ngaplut",#tienphong #hanoi #ngaplut,2026-09-21T05:31:38+00:00,0,reject,thieu_nhom:A_ngap_lut+B_giao_thong_tac_dong,0
7686702376387874055,https://www.tiktok.com/@dokien1607/video/7686702376387874055,đường ngập Hà Nội,kw_duong_ngap_ha_noi,"Trả lời @pthao nè💮 Cập nhật tình hình mưa lũ tại điểm cầu Ái Nàng, thôn An Phú hướng ra Tế Tiêu ngày 18/9/2026#xuhuongtiktok #ngapluthanoi ",#xuhuongtiktok #ngapluthanoi,2026-09-18T02:51:12+00:00,83,reject,thieu_nhom:A_ngap_lut+C_dia_diem,0
7688539036813675796,https://www.tiktok.com/@maidich.news/video/7688539036813675796,mưa ngập Hà Nội,kw_mua_ngap_ha_noi,"Hà Nội tiếp tục mưa lớn sau một ngày nhiều tuyến phố ngập sâu. Từ tối nay đến sáng mai, mưa vẫn chưa dừng. #HaNoi #MuaLon #ThoiTiet #maidichnews ",#HaNoi #MuaLon #ThoiTiet #maidichnews,2026-09-23T01:38:23+00:00,4,reject,thieu_nhom:B_giao_thong_tac_dong,0
7686364752972369172,https://www.tiktok.com/@thanh.trung.nguyen1012/video/7686364752972369172,mưa ngập Hà Nội,kw_mua_ngap_ha_noi,"17-09 Mưa lớn kéo dài, Hà Nội ngập lụt Người dân bắt được cá to trên đường...",,2026-09-17T05:01:00+00:00,0,reject,thieu_nhom:B_giao_thong_tac_dong,0
7678762016655428884,https://www.tiktok.com/@_tuan_bonsai_/video/7678762016655428884,mưa ngập Hà Nội,kw_mua_ngap_ha_noi,"Hn mưa to quá,ngập hết rồi..🥲🥲#hanoi #🇻🇳 ",#hanoi,2026-08-27T17:18:28+00:00,0,reject,thieu_nhom:B_giao_thong_tac_dong,0
7688252016107244807,https://www.tiktok.com/@caominhtrung83/video/7688252016107244807,mưa ngập Hà Nội,kw_mua_ngap_ha_noi,mưa lớn nhiều ngày tại hà nội khiến nhiều nơi nước dân cao kéo theo khó khăn của người dân nơi đây khi duy chuyển#CộngĐồngCủChi ,#CộngĐồngCủChi,2026-09-22T07:04:33+00:00,1,reject,thieu_nhom:A_ngap_lut+B_giao_thong_tac_dong,0
7686455599508344085,https://www.tiktok.com/@sam.sam.020425/video/7686455599508344085,mưa ngập Hà Nội,kw_mua_ngap_ha_noi,Năm nào cũng ngập. mỗi năm lại ngập to hơn năm cũ 😰#mualu #ngaplut #chuongmyhanoi ,#mualu #ngaplut #chuongmyhanoi,2026-09-17T10:53:30+00:00,9,reject,thieu_nhom:B_giao_thong_tac_dong+C_dia_diem,0
7686488729451498773,https://www.tiktok.com/@duong.thi.lan.anh74/video/7686488729451498773,mưa ngập Hà Nội,kw_mua_ngap_ha_noi,"17h ngày 17/9 | Xóm Đò Đội 9 Phùng Xá - Xã Hồng Sơn Nước ngập vào tận ngõ, bà con phải dùng bao cát chắn cửa 😥 Thương nhất là các em bé. Mong trời sớm tạnh để mọi người bình an. Ai ở Hồng Sơn cho em xin tình hình với ạ. #ngaplut #hongson #unghoa #hanoi #thuong",#ngaplut #hongson #unghoa #hanoi #thuong,2026-09-17T13:02:02+00:00,34,reject,thieu_nhom:B_giao_thong_tac_dong+C_dia_diem,0
7686297282047741202,https://www.tiktok.com/@nhien17051982/video/7686297282047741202,mưa ngập Hà Nội,kw_mua_ngap_ha_noi,Hà Nội thành sông sau 1 đêm mưa to . Nhà em ngập hết tầng 1 rồi 😭😭😭😭 ai bảo ở thành phố là sướng 😁#CapCut ##xuhuongtiktok ,#CapCut #xuhuongtiktok,2026-09-17T00:39:16+00:00,58,reject,thieu_nhom:B_giao_thong_tac_dong,0
7686369771339746568,https://www.tiktok.com/@langthangvanneo/video/7686369771339746568,ngập lụt giao thông Hà Nội,kw_ngap_lut_giao_thong_ha_noi,Hà nội bà con bì bõm trong nước tại Mỹ đình lúc 11h30 ngày 17-9-2026. Rất mong bà con chú ý an toàn khi qua vùng ngập #giaothong #trending #ngap #xemay #langthangvanneo ,#giaothong #trending #ngap #xemay #langthangvanneo,2026-09-17T05:20:30+00:00,314,reject,thieu_nhom:B_giao_thong_tac_dong,0
7686352181758266645,https://www.tiktok.com/@baodientuvov/video/7686352181758266645,ngập lụt giao thông Hà Nội,kw_ngap_lut_giao_thong_ha_noi,"Mưa như trút suốt đêm, nhiều khu vực ở Hà Nội ngập sâu, giao thông ùn tắc",,2026-09-17T04:12:17+00:00,0,accept,du_3_nhom,1
7686356058029264148,https://www.tiktok.com/@carcare.phukienxe/video/7686356058029264148,ngập lụt giao thông Hà Nội,kw_ngap_lut_giao_thong_ha_noi,Hà Nội ngập nặng giờ cao điểm khiến người dân khốn khổ lội nước đi làm #giaothong #tintuc #oto #gatmuaoto ,#giaothong #tintuc #oto #gatmuaoto,2026-09-17T04:27:24+00:00,0,accept,du_3_nhom,1
7686356491028172053,https://www.tiktok.com/@laodong.vn/video/7686356491028172053,ngập lụt giao thông Hà Nội,kw_ngap_lut_giao_thong_ha_noi,"Mưa lớn kéo dài tại Hà Nội khiến nhiều tuyến đường ngập úng, giao thông gặp khó khăn, ảnh hưởng đến việc đi lại của người dân. #baolaodong #laodong #giaoduc #xahoi",#baolaodong #laodong #giaoduc #xahoi,2026-09-17T04:45:00+00:00,3,accept,du_3_nhom,1
7686451968553798929,https://www.tiktok.com/@xuthanhofficial/video/7686451968553798929,ngập lụt giao thông Hà Nội,kw_ngap_lut_giao_thong_ha_noi,Mưa lớn kèm ngập úng khiến giao thông hà nội ùn tắc nghiêm trọng#nguoiduatinvietnam #nguoiduatinnong #namle77 #xuthanh #xuthanhonline #xuthanhofficial #namle,#nguoiduatinvietnam #nguoiduatinnong #namle77 #xuthanh #xuthanhonline #xuthanhofficial #namle,2026-09-17T10:39:30+00:00,1,accept,du_3_nhom,1
7686344245870857492,https://www.tiktok.com/@danviet.giaitri/video/7686344245870857492,ngập lụt giao thông Hà Nội,kw_ngap_lut_giao_thong_ha_noi,1h sáng người dân Hà Nội vẫn loay hoay dắt xe qua những tuyến đường ngập #tiktoknews #onhaxemtin #tiktokdieuky #danviet #muangaplut #hanoi,#tiktoknews #onhaxemtin #tiktokdieuky #danviet #muangaplut #hanoi,2026-09-17T03:41:25+00:00,5,accept,du_3_nhom,1
7686307392774049045,https://www.tiktok.com/@motphutbangtin247/video/7686307392774049045,ngập lụt giao thông Hà Nội,kw_ngap_lut_giao_thong_ha_noi,"Hà Nội mưa lớn, nhiều tuyến phố ngập sâu #tintuc #giaothong",#tintuc #giaothong,2026-09-17T01:18:21+00:00,2,reject,thieu_nhom:B_giao_thong_tac_dong,0
7686280552457997575,https://www.tiktok.com/@kosocho.official/video/7686280552457997575,ngập lụt giao thông Hà Nội,kw_ngap_lut_giao_thong_ha_noi,Mưa lớn ngày 17/9 khiến nhiều tuyến đường ngập lụt. #ksc #hanoi #ngaplut #mualonkeodai #ngapluthanoi ,#ksc #hanoi #ngaplut #mualonkeodai #ngapluthanoi,2026-09-16T23:34:20+00:00,9,reject,thieu_nhom:C_dia_diem,0
7687966199585672469,https://www.tiktok.com/@huongvehoalac/video/7687966199585672469,ngập lụt giao thông Hà Nội,kw_ngap_lut_giao_thong_ha_noi,"Đường Đại lộ Thăng Long còn ngập không? Cập nhật ngày 21.09.2026 ạ. Hiện tại nước đã rút tương đối nhiều, tuy nhiên xe máy và một số ô tô con vẫn chưa qua được nhé ạ. #xuhuong  #dailothanglong #ngaplut #hanoi #ngapluthanoi",#xuhuong #dailothanglong #ngaplut #hanoi #ngapluthanoi,2026-09-21T12:35:24+00:00,21,accept,du_3_nhom,1
7687419287639805205,https://www.tiktok.com/@huongvehoalac/video/7687419287639805205,ngập lụt giao thông Hà Nội,kw_ngap_lut_giao_thong_ha_noi,Đường Đại Lộ Thăng Long còn ngập không? Cập nhật 20.09.2026 ạ. Hiện tại đường gom vẫn đang ngập rất sâu và cả xe tải vẫn chưa qua được nhé mọi người. #xuhuong #dailothanglong #ngap #hanoi #ngaplut,#xuhuong #dailothanglong #ngap #hanoi #ngaplut,2026-09-20T01:13:15+00:00,9,reject,thieu_nhom:B_giao_thong_tac_dong,0
7687838148046441746,https://www.tiktok.com/@tin.tc.24h53/video/7687838148046441746,ngập lụt giao thông Hà Nội,kw_ngap_lut_giao_thong_ha_noi,Hà Nội cấm xe qua đường gom Đại lộ Thăng Long bị ngập #xuhuong #tintuc24h #tinnong #tiktoktintuc #tiktokgiaitri,#xuhuong #tintuc24h #tinnong #tiktoktintuc #tiktokgiaitri,2026-09-21T04:18:29+00:00,0,accept,du_3_nhom,1
7686324794715032853,https://www.tiktok.com/@baodientuvov/video/7686324794715032853,ngập lụt giao thông Hà Nội,kw_ngap_lut_giao_thong_ha_noi,"Mưa lớn suốt đêm qua khiến nhiều khu vực ở Hà Nội ngập sâu. Sáng nay (17/9), giao thông đi lại khá khó khăn.",,2026-09-17T02:26:03+00:00,9,accept,du_3_nhom,1
7686395924511313172,https://www.tiktok.com/@nhacuabinbon/video/7686395924511313172,ngập lụt giao thông Hà Nội,kw_ngap_lut_giao_thong_ha_noi,"Sau trận mưa đêm qua ở Hà Nội, xuất hiện tầu ngầm rẽ sóng #hanoi #denhnuoc #ngapluthanoi #xedienloinuoc ",#hanoi #denhnuoc #ngapluthanoi #xedienloinuoc,2026-09-17T07:02:05+00:00,434,reject,thieu_nhom:A_ngap_lut+B_giao_thong_tac_dong,0
7686332740198796551,https://www.tiktok.com/@kenh14official/video/7686332740198796551,kẹt xe ngập nước Hà Nội,kw_ket_xe_ngap_nuoc_ha_noi,"Nhiều ô tô, xe máy chết máy, mắc kẹt giữa những đoạn đường ngập sâu tại khu đô thị An Khánh Theo Đời sống pháp luật Ảnh & Clip: Như Hoàn #news #amm #FCGN",#news #amm #FCGN,2026-09-17T03:15:00+00:00,542,accept,du_3_nhom,1
7685586281547566343,https://www.tiktok.com/@baonguoilaodong/video/7685586281547566343,kẹt xe ngập nước Hà Nội,kw_ket_xe_ngap_nuoc_ha_noi,"Từ đêm 14 đến sáng 15-9, mưa lớn dồn dập khiến nhiều tuyến đường Hà Nội ngập, ùn tắc. Riêng khu vực Yên Sở ghi nhận lượng mưa hơn 270mm.#baotuoitre #tiktoktuoitre #tiktok",#baotuoitre #tiktoktuoitre #tiktok,2026-09-15T02:40:16+00:00,0,accept,du_3_nhom,1
7685595610136857863,https://www.tiktok.com/@baotuoitre/video/7685595610136857863,kẹt xe ngập nước Hà Nội,kw_ket_xe_ngap_nuoc_ha_noi,"Video nhiều tuyến phố ngập, xe cộ kẹt cứng sau mưa lớn suốt đêm ở Hà Nội #tiktoktuoitre #tiktoknews #baotuoitre #muato #ngapung",#tiktoktuoitre #tiktoknews #baotuoitre #muato #ngapung,2026-09-15T03:16:18+00:00,0,reject,thieu_nhom:B_giao_thong_tac_dong,0
7678736011882712321,https://www.tiktok.com/@quyhoachhanoi100nam/video/7678736011882712321,kẹt xe ngập nước Hà Nội,kw_ket_xe_ngap_nuoc_ha_noi,"Người dân khổ sở vì Hà Nội mưa ngập, kẹt xe kéo dài từ chiều đến tối",,2026-08-27T15:37:43+00:00,3,accept,du_3_nhom,1
7686319866282183957,https://www.tiktok.com/@theanh28trending/video/7686319866282183957,kẹt xe ngập nước Hà Nội,kw_ket_xe_ngap_nuoc_ha_noi,CẬP NHẬT TÌNH HÌNH CHỖ QUÝ VỊ ĐI  #theanh28trending #theanh28news #theanh28 #tiktokgiaitri ,#theanh28trending #theanh28news #theanh28 #tiktokgiaitri,2026-09-17T02:50:00+00:00,115,reject,thieu_nhom:A_ngap_lut+C_dia_diem,0
7685698488851614997,https://www.tiktok.com/@htd.dochoicongnghe/video/7685698488851614997,kẹt xe ngập nước Hà Nội,kw_ket_xe_ngap_nuoc_ha_noi,"🌧️ HÀ NỘI NGẬP SÂU – CẦU VĨNH TUY ÙN TẮC CẢ 2 CHIỀU! 🚗💦 Mưa lớn, ngập sâu – chủ xe nhớ cập nhật tình hình giao thông trước khi di chuyển nhé! ------------------------------------------------------ HTD Việt Nam Website: htd.net.vn Hotline: 1900 86 68 80 Zalo: https://zalo.me/1290956696407102263 Youtube: https://www.youtube.com/@htd.dochoicongnghe #HTDDoChoiCongNghe #PhuKienOto #Androidbox #D10plus #news",#HTDDoChoiCongNghe #PhuKienOto #Androidbox #D10plus #news,2026-09-15T09:55:38+00:00,0,accept,du_3_nhom,1
7686471812225715463,https://www.tiktok.com/@stnewsvn/video/7686471812225715463,kẹt xe ngập nước Hà Nội,kw_ket_xe_ngap_nuoc_ha_noi,MƯA KỶ LỤC TRÊN 400MM BIẾN HÀ NỘI THÀNH BIỂN NƯỚC NHIỀU TUYẾN ĐƯỜNG BỊ TÊ LIỆT #hanoi #muato #ngaplut #tintuc #STNews,#hanoi #muato #ngaplut #tintuc #STNews,2026-09-17T11:56:25+00:00,1,reject,thieu_nhom:A_ngap_lut,0
7686373865966144789,https://www.tiktok.com/@anvatmekem_7978/video/7686373865966144789,kẹt xe ngập nước Hà Nội,kw_ket_xe_ngap_nuoc_ha_noi,Sáng nay 17_09 Hà Nội thất thủ . Do ảnh hưởng mưa lớn các con đường ngập nặng xe cộ lưu thông khó khăn#hottrendtiktok #trendingtiktok #xuhuongtiktok #tiktoktrend #videoviraltiktok @Ăn vặt Mẹ Kem @Ăn vặt Mẹ Kem ,#hottrendtiktok #trendingtiktok #xuhuongtiktok #tiktoktrend #videoviraltiktok,2026-09-17T05:36:22+00:00,0,accept,du_3_nhom,1
7686421772270374165,https://www.tiktok.com/@dungquoc8026/video/7686421772270374165,kẹt xe ngập nước Hà Nội,kw_ket_xe_ngap_nuoc_ha_noi,#🥺,,2026-09-17T08:42:17+00:00,19,reject,thieu_nhom:A_ngap_lut+B_giao_thong_tac_dong+C_dia_diem,0
7686360434873601287,https://www.tiktok.com/@chaonews/video/7686360434873601287,kẹt xe ngập nước Hà Nội,kw_ket_xe_ngap_nuoc_ha_noi,Hà Nội mưa lớn: Lại phải di chuyển bằng xuồng thôi  #chaonews #vietnam #thoitiet #ngaplut,#chaonews #vietnam #thoitiet #ngaplut,2026-09-17T04:44:17+00:00,25,reject,thieu_nhom:A_ngap_lut,0
7686375910718721288,https://www.tiktok.com/@ti.3565/video/7686375910718721288,kẹt xe ngập nước Hà Nội,kw_ket_xe_ngap_nuoc_ha_noi,Mưa nhiều ngày. Hà nội ngập #ngaplut #hanoingap,#ngaplut #hanoingap,2026-09-17T05:44:22+00:00,0,reject,thieu_nhom:B_giao_thong_tac_dong,0
7686315094174698772,https://www.tiktok.com/@loanta_ruby/video/7686315094174698772,kẹt xe ngập nước Hà Nội,kw_ket_xe_ngap_nuoc_ha_noi,"Hà Nội,.mùa này... Sau một đêm thức giấc, nhiều con đường ngập trong mênh mông sóng nước😢 #hanoi #hanoingap #ngaplut ",#hanoi #hanoingap #ngaplut,2026-09-17T01:48:24+00:00,27,reject,thieu_nhom:B_giao_thong_tac_dong,0
7686296464527576341,https://www.tiktok.com/@baodientuvov/video/7686296464527576341,kẹt xe ngập nước Hà Nội,kw_ket_xe_ngap_nuoc_ha_noi,"Ghi nhận của PV VOV.VN sáng nay (17/9) tại khu vực chân tòa chung cư Xuân mai Complex, gầm cầu vượt đường sắt Yên Nghĩa, Hà Nội.",,2026-09-17T00:36:07+00:00,0,reject,thieu_nhom:A_ngap_lut+B_giao_thong_tac_dong,0
7687780595069488405,https://www.tiktok.com/@_gladys_303/video/7687780595069488405,tắc đường ngập Hà Nội,kw_tac_duong_ngap_ha_noi,Đặc sản mùa ngập :)) #tacduong #caumailinh #hanoi #ngap ,#tacduong #caumailinh #hanoi #ngap,2026-09-21T00:35:15+00:00,83,reject,thieu_nhom:B_giao_thong_tac_dong+C_dia_diem,0
7688190193462938901,https://www.tiktok.com/@ntm.thuy_204/video/7688190193462938901,tắc đường ngập Hà Nội,kw_tac_duong_ngap_ha_noi,Hành trình đi làm mùa ngập ngày 3. Qua được kiếp nạn ngập để đến với kiếp nạn tắc đường😭 #minhthuynt #muangap #hanoimua #ngaplut #viral ,#minhthuynt #muangap #hanoimua #ngaplut #viral,2026-09-22T03:04:39+00:00,37,reject,thieu_nhom:C_dia_diem,0
7678664218899500309,https://www.tiktok.com/@muphip8/video/7678664218899500309,tắc đường ngập Hà Nội,kw_tac_duong_ngap_ha_noi,Hà Nội cứ mưa 1 cái là biết ngay #mưa #ngập #tacduong ,#mưa #ngập #tacduong,2026-08-27T10:58:57+00:00,2,reject,thieu_nhom:B_giao_thong_tac_dong,0
7686356454747475220,https://www.tiktok.com/@ntm.thuy_204/video/7686356454747475220,tắc đường ngập Hà Nội,kw_tac_duong_ngap_ha_noi,Hà Nội đi làm ngày mưa ngập sẽ như thế nào?. Bảo quê Hà Lội thì không tin lại bảo mình nói ngọnggg😅 #minhthuynt #muangap #hanoimua #ngaplut #viral ,#minhthuynt #muangap #hanoimua #ngaplut #viral,2026-09-17T04:28:49+00:00,74,accept,du_3_nhom,1
7686324458897853703,https://www.tiktok.com/@hng._nguyn8/video/7686324458897853703,tắc đường ngập Hà Nội,kw_tac_duong_ngap_ha_noi,"Hà Nội thất thủ,cả thành phố chìm ngập trong biển nước và cái kết đi làm phải quay đầu về, tắc đường không nhúc nhích được 🥲🥲 #mualu  #ngapung #tacduongtaihadong",#mualu #ngapung #tacduongtaihadong,2026-09-17T02:24:44+00:00,0,accept,du_3_nhom,1
7686291435028499733,https://www.tiktok.com/@hungdo1702/video/7686291435028499733,tắc đường ngập Hà Nội,kw_tac_duong_ngap_ha_noi,"Ae hà nội cố lên, ngập và tắc đường khắp nơi rồi, ko cần thiết phải đi thì đừng đi nhé.. #xuhuong #dulichvietnam #laixe #xuhuonghashtag🍓🍓 ",#xuhuong #dulichvietnam #laixe #xuhuonghashtag,2026-09-17T00:16:31+00:00,2,accept,du_3_nhom,1
7686323630795541780,https://www.tiktok.com/@nam.hieu25/video/7686323630795541780,tắc đường ngập Hà Nội,kw_tac_duong_ngap_ha_noi,Tắc đường do ngập sâu tại Hà Nội #hanoi ,#hanoi,2026-09-17T02:21:28+00:00,0,accept,du_3_nhom,1
7686888152145087765,https://www.tiktok.com/@andinh8386a/video/7686888152145087765,tắc đường ngập Hà Nội,kw_tac_duong_ngap_ha_noi,Hà nội ngập chánh ht về 1 đường tắc cứng,,2026-09-18T14:52:02+00:00,0,reject,thieu_nhom:B_giao_thong_tac_dong,0
7686298039639641352,https://www.tiktok.com/@thuy8.1995/video/7686298039639641352,tắc đường ngập Hà Nội,kw_tac_duong_ngap_ha_noi,"Hà nội ngập ,tắc đường từ 5h sáng##xuhuong ",#xuhuong,2026-09-17T00:42:12+00:00,2,accept,du_3_nhom,1
7685546516647447828,https://www.tiktok.com/@tieuthienvu5/video/7685546516647447828,tắc đường ngập Hà Nội,kw_tac_duong_ngap_ha_noi,"Combo mưa, ngập, tắc#xuhuong #hanoinews ",#xuhuong #hanoinews,2026-09-15T00:05:50+00:00,5,reject,thieu_nhom:B_giao_thong_tac_dong+C_dia_diem,0
7686379264488377607,https://www.tiktok.com/@chuyendong24hnews/video/7686379264488377607,ùn tắc ngập Hà Nội,kw_un_tac_ngap_ha_noi,"Mưa lớn kéo dài từ đêm qua đến sáng nay (17/9) khiến nhiều khu vực tại Hà Nội bị ngập úng, đọng nước, gây ùn tắc giao thông cục bộ. Hiện các lực lượng vẫn được tăng cường để phân luồng giao thông, khơi thông dòng chảy, hạn chế ảnh hưởng đến việc đi lại của người dân.",,2026-09-17T05:57:20+00:00,0,accept,du_3_nhom,1
7686337237360938247,https://www.tiktok.com/@tun70118/video/7686337237360938247,ùn tắc ngập Hà Nội,kw_un_tac_ngap_ha_noi,"🇻🇳👮‍♀️✍️ 🌧️🌧️🌧️ HÀ NỘI ĐANG MƯA RẤT TO NHIỀU KHU VỰC NGẬP SÂU , GIAO THÔNG ÙN TẮC NGHIÊM TRỌNG , NGƯỜI DÂN KHÓ KHĂN DI CHUYỂN TỚI NƠI LÀM VIỆC. NHẤT LÀ KHU VỰC TỐ HỮU LÊ VĂN LƯƠNG, QUỐC LỘ 32 HOÀI ĐỨC , CẦU VƯỢT YÊN NGHĨA , VĂN QUÁN HÀ ĐÔNG , KHU VỰC GẦN CẦU MAI LĨNH . #TruyenHinhQuocPhongVietNam✍️🎥👮‍♀️🇻🇳",#TruyenHinhQuocPhongVietNam,2026-09-17T03:14:15+00:00,0,accept,du_3_nhom,1
7686322918397185288,https://www.tiktok.com/@angiang8998/video/7686322918397185288,ùn tắc ngập Hà Nội,kw_un_tac_ngap_ha_noi,QL32 Sơn Tây - Cầu Giấy sáng 17/9/2026 có những đoạn ngập sâu ùn tắc khá dài nhá mọi người.Mn chú ý lộ trình di chuyển cho an toàn ạ.#angiang8998 #txsontay #🍀 ,#angiang8998 #txsontay,2026-09-17T02:18:43+00:00,3,accept,du_3_nhom,1
7687908611896397076,https://www.tiktok.com/@nhabaovacongluan/video/7687908611896397076,ùn tắc ngập Hà Nội,kw_un_tac_ngap_ha_noi,"HÀ NỘI: KĐT TÂN TÂY ĐÔ NGẬP KÉO DÀI, CUỘC SỐNG NGƯỜI DÂN ĐẢO LỘN #tiktoknews #hànội #ngập #kđt ",#tiktoknews #hànội #ngập #kđt,2026-09-21T08:52:02+00:00,99,reject,thieu_nhom:B_giao_thong_tac_dong,0
7686331836271791380,https://www.tiktok.com/@schannel.update/video/7686331836271791380,ùn tắc ngập Hà Nội,kw_un_tac_ngap_ha_noi,"Hà Nội ngập lụt, mưa không ngớt từ đêm qua, người dân bắt được cá ngay trên đường #ngap #hanoi #schannel #supdate #news #tiktoknews",#ngap #hanoi #schannel #supdate #news #tiktoknews,2026-09-17T02:53:18+00:00,275,reject,thieu_nhom:B_giao_thong_tac_dong,0
7686350039957982471,https://www.tiktok.com/@baonguoilaodong/video/7686350039957982471,ùn tắc ngập Hà Nội,kw_un_tac_ngap_ha_noi,"Sáng 17-9, mưa lớn kéo dài khiến nhiều tuyến phố Hà Nội ngập sâu, ùn tắc nghiêm trọng. Đúng giờ cao điểm, người dân phải đội mưa, chật vật vượt qua các điểm ngập để đến nơi làm việc.#tiktok #baotuoitre #tiktoktuoitre",#tiktok #baotuoitre #tiktoktuoitre,2026-09-17T05:35:00+00:00,0,accept,du_3_nhom,1
7686388202499853575,https://www.tiktok.com/@langthangvanneo/video/7686388202499853575,ùn tắc ngập Hà Nội,kw_un_tac_ngap_ha_noi,Không thể tin được hà nội có thể dềnh đến mức này. Bà con lưu ý không có việc không nên ra đường vào lúc này.( nam từ liêm 13h 17/9 ) #giaothong #trending #cuuho #ngap #langthangvanneo ,#giaothong #trending #cuuho #ngap #langthangvanneo,2026-09-17T06:32:09+00:00,20,reject,thieu_nhom:A_ngap_lut,0
7686459030730132756,https://www.tiktok.com/@khnhhunh216/video/7686459030730132756,ùn tắc ngập Hà Nội,kw_un_tac_ngap_ha_noi,#creatorsearchinsights #đăngvideolênxuhướng ##biển #hanoi #ngậplut : Hà Nội ơi mọi người cmt vị trí chung tay đi ạ🥹,#creatorsearchinsights #đăngvideolênxuhướng #biển #hanoi #ngậplut,2026-09-17T11:06:49+00:00,15,accept,du_3_nhom,1
7686357486349192469,https://www.tiktok.com/@chuyenlangchuyennuoc/video/7686357486349192469,giao thông tê liệt ngập Hà Nội,kw_giao_thong_te_liet_ngap_ha_noi,Hà Nội ngập sâu sau mưa lớn nhiều tuyến phố tê liệt người dân phải dùng thuyền di chuyển #fyp #hanoi #ngaplut #thoisu #giaothong #tintuc #TikTokLearningCampaign,#fyp #hanoi #ngaplut #thoisu #giaothong #tintuc #TikTokLearningCampaign,2026-09-17T04:32:24+00:00,1,accept,du_3_nhom,1
7686343606726085909,https://www.tiktok.com/@kenh7/video/7686343606726085909,giao thông tê liệt ngập Hà Nội,kw_giao_thong_te_liet_ngap_ha_noi,Mưa lớn xuyên đêm khiến nhiều tuyến phố Hà Nội ngập vào rạng sáng 17/9 #news #hanoi #hanoinews,#news #hanoi #hanoinews,2026-09-17T03:38:57+00:00,0,reject,thieu_nhom:B_giao_thong_tac_dong,0
7686419323405225223,https://www.tiktok.com/@dothi_24h/video/7686419323405225223,giao thông tê liệt ngập Hà Nội,kw_giao_thong_te_liet_ngap_ha_noi,"Đường Hà Nội ngập sâu, giao thông tê liệt #dothi24h #hanoi #thoitiet #ngapung#dubaothoitiet #muadong #ngaplut  #muabao #tintuc #thoisu #new #viral",#dothi24h #hanoi #thoitiet #ngapung #dubaothoitiet #muadong #ngaplut #muabao #tintuc #thoisu #new #viral,2026-09-17T08:32:45+00:00,1,accept,du_3_nhom,1
7686336264416529684,https://www.tiktok.com/@bevietnamese1/video/7686336264416529684,giao thông tê liệt ngập Hà Nội,kw_giao_thong_te_liet_ngap_ha_noi,Ae cập nhật tình hình chỗ mình đii #bevietnamese #viral #news #ngaplut #hanoi ,#bevietnamese #viral #news #ngaplut #hanoi,2026-09-17T03:10:30+00:00,1687,reject,thieu_nhom:A_ngap_lut+C_dia_diem,0
7686428533689781525,https://www.tiktok.com/@tintuc.tuctin/video/7686428533689781525,giao thông tê liệt ngập Hà Nội,kw_giao_thong_te_liet_ngap_ha_noi,#AnGiang #PhuQuoc #TienViet #xuhuong #fyp ,#AnGiang #PhuQuoc #TienViet #xuhuong #fyp,2026-09-17T09:08:29+00:00,0,reject,thieu_nhom:A_ngap_lut+B_giao_thong_tac_dong+C_dia_diem,0
7686284355853028629,https://www.tiktok.com/@hulily924/video/7686284355853028629,giao thông tê liệt ngập Hà Nội,kw_giao_thong_te_liet_ngap_ha_noi,Mỹ Đình ngay lúc này!!! #hanoi #ngaplut ,#hanoi #ngaplut,2026-09-16T23:49:04+00:00,3,reject,thieu_nhom:A_ngap_lut+B_giao_thong_tac_dong,0
7687897779900812565,https://www.tiktok.com/@a.e.vtv.new/video/7687897779900812565,ngập đi làm Hà Nội,kw_ngap_di_lam_ha_noi,"5 ngày ngập lụt, người dân ngoại thành Hà Nội phải đi làm bằng thuyền #tintuc #tinnong #tin24h #hanoi #ngapduong",#tintuc #tinnong #tin24h #hanoi #ngapduong,2026-09-21T08:09:59+00:00,2,accept,du_3_nhom,1
7685586461608922389,https://www.tiktok.com/@dantri.com.vn/video/7685586461608922389,ngập đi làm Hà Nội,kw_ngap_di_lam_ha_noi,"Mưa lớn gây ngập nhiều tuyến phố Hà Nội, người dân bì bõm đi làm #dantrinews #xuhuong #LearnOnTikTok",#dantrinews #xuhuong #LearnOnTikTok,2026-09-15T02:42:00+00:00,0,accept,du_3_nhom,1
7687036014187089160,https://www.tiktok.com/@caominhtrung83/video/7687036014187089160,ngập đi làm Hà Nội,kw_ngap_di_lam_ha_noi,nước vẫn còn ngập người dân ở hà nọi đi làm gặp nhiều khó khăn#CộngĐồngCủChi ,#CộngĐồngCủChi,2026-09-19T00:25:54+00:00,4,reject,thieu_nhom:C_dia_diem,0
7688306660292463879,https://www.tiktok.com/@ha.di.mo.ha.di.ngoai.o/video/7688306660292463879,ngập đi làm Hà Nội,kw_ngap_di_lam_ha_noi,"Đi làm lương 5tr giờ nên đi tiếp hay bỏ về các bác 😭 Đi từ Chương Mỹ lên nội thành thất bại vì quá nhiều tuyến đường bị ngập như vậy, phải đi vòng vòng 2 tiếng rưỡi mới về đến nhà 😭😭 #ngaplut #ngapluthanoi #xuhuong #cuocsonghangngay ",#ngaplut #ngapluthanoi #xuhuong #cuocsonghangngay,2026-09-22T10:36:35+00:00,0,accept,du_3_nhom,1
7686518253199314196,https://www.tiktok.com/@_ngocvandinh/video/7686518253199314196,ngập đi làm Hà Nội,kw_ngap_di_lam_ha_noi,Hà Nội mưa ngập khổ quó 🥹 #airbus #sanbaynoibai #fypシ ,#airbus #sanbaynoibai #fypシ,2026-09-17T14:56:36+00:00,0,accept,du_3_nhom,1
7686226656100355349,https://www.tiktok.com/@anhtutv1/video/7686226656100355349,ngập đi làm Hà Nội,kw_ngap_di_lam_ha_noi,Cập nhật ngập tại thai hà hà nội ngập cả m nước bà con sang đi làm cẩn thận nhất la xe oẳng ngay đó#xuhuong2023 #xuhuong2026 #tintuc #tintuc24h #suhuong ,#xuhuong2023 #xuhuong2026 #tintuc #tintuc24h #suhuong,2026-09-16T20:05:07+00:00,6,accept,du_3_nhom,1
7686453724469792018,https://www.tiktok.com/@chuminhnhat1/video/7686453724469792018,ngập đi làm Hà Nội,kw_ngap_di_lam_ha_noi,Hà Nọi đi làm ngày ngập thật là toẹt vời😅#xuhuongtiktok #HN #,#xuhuongtiktok #HN,2026-09-17T10:46:14+00:00,0,accept,du_3_nhom,1
7686342074400050439,https://www.tiktok.com/@gicunghay.01/video/7686342074400050439,ngập đi làm Hà Nội,kw_ngap_di_lam_ha_noi,"Nay cả Hà Nội xin nghỉ làm chưa ạ🤭 Tình hình chỗ mọi người sao rồi , chỗ e ra bơi tốt rồi😁 #mưagióbãobùng #muagio #xuhuong ",#mưagióbãobùng #muagio #xuhuong,2026-09-17T03:33:04+00:00,311,reject,thieu_nhom:A_ngap_lut+B_giao_thong_tac_dong,0
7686354770621222151,https://www.tiktok.com/@hanoichill215/video/7686354770621222151,ngập đi làm Hà Nội,kw_ngap_di_lam_ha_noi,Team nào vẫn đi làm điểm danh cái! 😭#xuhuong #Hanoi #HaNoi #HaNoiHomNay #HaNoiNgayMua,#xuhuong #Hanoi #HaNoi #HaNoiHomNay #HaNoiNgayMua,2026-09-17T04:22:17+00:00,4,reject,thieu_nhom:A_ngap_lut+C_dia_diem,0
7686307580964130066,https://www.tiktok.com/@min224198/video/7686307580964130066,ngập đi làm Hà Nội,kw_ngap_di_lam_ha_noi,"Con đường đi làm đã ngập, Hà Nội ơi 😂😂#chill #binhyen #viral #hanoi #trend ",#chill #binhyen #viral #hanoi #trend,2026-09-17T01:19:18+00:00,0,accept,du_3_nhom,1
7686417870342851848,https://www.tiktok.com/@hunggaraducphat/video/7686417870342851848,ngập đi làm Hà Nội,kw_ngap_di_lam_ha_noi,Đi làm ngày mưa như này không vui lắm nước cao cỡ 4-50cm #garaducphat #ngap #xuhuong #hanoi #cuuho  @Tú Anh Tr ,#garaducphat #ngap #xuhuong #hanoi #cuuho,2026-09-17T08:27:07+00:00,0,reject,thieu_nhom:A_ngap_lut+C_dia_diem,0
7686373561014947090,https://www.tiktok.com/@aquariusdodo/video/7686373561014947090,ngập đi làm Hà Nội,kw_ngap_di_lam_ha_noi,Cảnh đi làm sáng đường Hà Nội.Ngập tắc đường 32🤧😫.#hanoi #mưa #ngap #thoitiet #tiktoknews ,#hanoi #mưa #ngap #thoitiet #tiktoknews,2026-09-17T05:35:12+00:00,4,accept,du_3_nhom,1
7685573213245508885,https://www.tiktok.com/@1991lehuong/video/7685573213245508885,ngập đi làm Hà Nội,kw_ngap_di_lam_ha_noi,Chỗ anh em ổn không chỗ tui cỡ này rồi #xuhuongtiktok #xuhuong #trending #longbien ,#xuhuongtiktok #xuhuong #trending #longbien,2026-09-15T01:49:38+00:00,240,reject,thieu_nhom:A_ngap_lut+B_giao_thong_tac_dong+C_dia_diem,0
7686705746033118485,https://www.tiktok.com/@khuxomtrending/video/7686705746033118485,xe máy ngập nước Hà Nội,kw_xe_may_ngap_nuoc_ha_noi,Xe máy rơi xuống mương nước tại Xuân Đỉnh may mắn được người dân ứng cứu kịp thời #khuxomtrending #tiktoknews #tintuc #hanoi ,#khuxomtrending #tiktoknews #tintuc #hanoi,2026-09-18T03:04:17+00:00,8,reject,thieu_nhom:A_ngap_lut+C_dia_diem,0
7686704595795512593,https://www.tiktok.com/@hanoinews.theanh28/video/7686704595795512593,xe máy ngập nước Hà Nội,kw_xe_may_ngap_nuoc_ha_noi,CẢNH BÁO KHI DI CHUYỂN QUA CÁC TUYẾN ĐƯỜNG NGẬP SÂU #hanoinews #theanh28 #tiktoknews,#hanoinews #theanh28 #tiktoknews,2026-09-18T03:25:00+00:00,472,reject,thieu_nhom:C_dia_diem,0
7686724821241040148,https://www.tiktok.com/@beatvn_official/video/7686724821241040148,xe máy ngập nước Hà Nội,kw_xe_may_ngap_nuoc_ha_noi,May không sao í #beatvn #beatnetwork,#beatvn #beatnetwork,2026-09-18T04:18:14+00:00,48,reject,thieu_nhom:A_ngap_lut+C_dia_diem,0
7686335776711281928,https://www.tiktok.com/@danviet.giaitri/video/7686335776711281928,xe máy ngập nước Hà Nội,kw_xe_may_ngap_nuoc_ha_noi,"Hà Nội: Ngập sâu, nhiều xe  chết máy và ngã đổ #hadongngap #hanoingapsau ",#hadongngap #hanoingapsau,2026-09-17T03:08:36+00:00,109,reject,thieu_nhom:B_giao_thong_tac_dong,0
7686710004921109781,https://www.tiktok.com/@baodaidoanket/video/7686710004921109781,xe máy ngập nước Hà Nội,kw_xe_may_ngap_nuoc_ha_noi,"Một sinh viên nam mất tích trong khi chiếc xe máy được phát hiện ở khu vực ngập sâu trên phố Viên, phường Đông Ngạc, Hà Nội. #hanoi #ngap #baodaidoanket",#hanoi #ngap #baodaidoanket,2026-09-18T03:20:46+00:00,0,accept,du_3_nhom,1
7687214788644162836,https://www.tiktok.com/@tngphm2542/video/7687214788644162836,xe máy ngập nước Hà Nội,kw_xe_may_ngap_nuoc_ha_noi,"sau quả ngập hnoi này , ae thợ lại có xe bao đâm đụng ngập nước -)) #fyp #wr155 #xemoto ",#fyp #wr155 #xemoto,2026-09-19T11:59:32+00:00,2,reject,thieu_nhom:B_giao_thong_tac_dong+C_dia_diem,0
7686407207734365457,https://www.tiktok.com/@baovanhoa.vn/video/7686407207734365457,xe máy ngập nước Hà Nội,kw_xe_may_ngap_nuoc_ha_noi,"Ghi nhận tại khu đô thị An Khánh (Hoài Đức, Hà Nội) sáng 17.9, sau trận mưa lớn kéo dài từ đêm qua, nhiều tuyến đường trong khu vực này chìm sâu trong biển nước. Hàng loạt xe máy di chuyển qua các điểm ngập sâu đã bị chết máy giữa đường, buộc chủ phương tiện phải dắt bộ vào lề hoặc gọi thợ sửa xe đến tận nơi xử lí. #xuhuong #ngaplut ",#xuhuong #ngaplut,2026-09-17T07:46:32+00:00,17,accept,du_3_nhom,1
7686325155513126162,https://www.tiktok.com/@20.05.20.08.nho/video/7686325155513126162,xe máy ngập nước Hà Nội,kw_xe_may_ngap_nuoc_ha_noi,"ngõ 323 ngập xe máy rơi xuống mương, các bác đi đường cẩn thận",,2026-09-17T02:27:24+00:00,0,reject,thieu_nhom:C_dia_diem,0
7686316058713607442,https://www.tiktok.com/@osarojsc/video/7686316058713607442,xe máy ngập nước Hà Nội,kw_xe_may_ngap_nuoc_ha_noi,"Hà Nội hôm nay còn mưa không em Phố quen cũ chắc lại thành sông mất Người với xe bì bõm qua đường ngập Có ai cười: Hà Nội lại mưa thôi. Hà Nội hôm nay còn mưa không em Anh chẳng sợ mưa, chỉ phiền xe chết máy Ngày xưa đón em, đường xa là vậy Nước đến ngang chân... vẫn cứ thấy vui. Anh chẳng hỏi em Còn nhớ hay quên Chỉ hỏi mưa thôi Vì mưa thì dễ hỏi. Hà Nội cứ mưa Là vài con phố ngập Còn anh cứ nhớ em... Thì biết ngập vào đâu? #osaro #sachlaxong  #mua #hanoi ",#osaro #sachlaxong #mua #hanoi,2026-09-17T01:52:06+00:00,169,accept,du_3_nhom,1
7686325419376692496,https://www.tiktok.com/@nguyenquangphat89/video/7686325419376692496,xe máy ngập nước Hà Nội,kw_xe_may_ngap_nuoc_ha_noi,"Ngập tỏm rồi, chỗ ae thế nào 😆 #Xemayquangphat #ngập_lụt #dream ",#Xemayquangphat #ngập_lụt #dream,2026-09-17T02:29:01+00:00,2,reject,thieu_nhom:B_giao_thong_tac_dong+C_dia_diem,0
7686675671925476628,https://www.tiktok.com/@kenhchiasedieutothay/video/7686675671925476628,xe máy ngập nước Hà Nội,kw_xe_may_ngap_nuoc_ha_noi,#xuhuongtiktok # Đan Phượng Hà Nội ngay sáng nay  18/9/2026 cố gắng lên nhé bà con #xuhuongtiktok ,#xuhuongtiktok #xuhuongtiktok,2026-09-18T01:07:33+00:00,2,reject,thieu_nhom:A_ngap_lut+B_giao_thong_tac_dong,0
7686653651733155080,https://www.tiktok.com/@baotienphong.official/video/7686653651733155080,xe máy ngập nước Hà Nội,kw_xe_may_ngap_nuoc_ha_noi,"Khoảng trưa 17/9, nam sinh viên N.Đ.S., quê Ninh Bình, đi xe máy qua phố Viên, phường Đông Ngạc, Hà Nội. Khi đến cuối phố, qua khu vực ngập sâu do mưa lớn, nam sinh được cho là gặp sự cố, bị nước cuốn xuống cống và mất tích. Đến 22h30 cùng ngày, Công an phường Đông Ngạc phối hợp với các đơn vị chức năng tổ chức tìm kiếm nam sinh.",,2026-09-17T23:42:07+00:00,0,accept,du_3_nhom,1
7687588170526952724,https://www.tiktok.com/@tiennquan212/video/7687588170526952724,xe máy ngập nước Hà Nội,kw_xe_may_ngap_nuoc_ha_noi,Content cứ 1 năm vài lần......! #xuhuong #hàlội #ngâpnước #ngậplụt #chunmotorcycles ,#xuhuong #hàlội #ngâpnước #ngậplụt #chunmotorcycles,2026-09-20T12:08:27+00:00,0,reject,thieu_nhom:B_giao_thong_tac_dong+C_dia_diem,0
7686503005167963413,https://www.tiktok.com/@hungthinhmotovancanh/video/7686503005167963413,xe máy ngập nước Hà Nội,kw_xe_may_ngap_nuoc_ha_noi,Rửa xe ngập cả hà nội 🤣,,2026-09-17T13:57:26+00:00,0,reject,thieu_nhom:B_giao_thong_tac_dong,0
7686380477963308309,https://www.tiktok.com/@xemaychungnam99/video/7686380477963308309,xe máy ngập nước Hà Nội,kw_xe_may_ngap_nuoc_ha_noi,Ngại hết cả Xe Máy Chung Nam #xuhuongtiktok #vochicong #ngaphanoi #bienhanoi ,#xuhuongtiktok #vochicong #ngaphanoi #bienhanoi,2026-09-17T06:02:01+00:00,163,reject,thieu_nhom:A_ngap_lut+C_dia_diem,0
7686326479705230599,https://www.tiktok.com/@danviet.giaitri/video/7686326479705230599,xe máy ngập nước Hà Nội,kw_xe_may_ngap_nuoc_ha_noi,Điểm ngập sâu nhất ở Hà Đông #hadongngap #hanoingapsau ,#hadongngap #hanoingapsau,2026-09-17T02:32:37+00:00,8,accept,du_3_nhom,1
7687174312251395348,https://www.tiktok.com/@mrdong.review.hoa.lac/video/7687174312251395348,xe máy ngập nước Hà Nội,kw_xe_may_ngap_nuoc_ha_noi,Đường gom đại lộ ngập nặng#mrdongreview #review #reviewhoalac #hoalac #sinhvien ,#mrdongreview #review #reviewhoalac #hoalac #sinhvien,2026-09-19T09:22:28+00:00,53,reject,thieu_nhom:B_giao_thong_tac_dong+C_dia_diem,0
7686348632865459477,https://www.tiktok.com/@chenghui.omodajaecoo.vn/video/7686348632865459477,ô tô ngập nước Hà Nội,kw_o_to_ngap_nuoc_ha_noi,"Hà nội sáng nay: mưa lớn, đường ngập - nhưng hành trình vẫn phải tiếp tục. 🌨️🚗 Với khả năng vận hành linh hoạt trên nhiều điều kiện địa hình, JAECOO J5 sẵn sàng đồng hành qua những cung đường khó chiều của thành phố.#omodajaecoo #jaecooj5 #ngaplut #nhamay ",#omodajaecoo #jaecooj5 #ngaplut #nhamay,2026-09-17T03:58:29+00:00,190,accept,du_3_nhom,1
7678649278100770068,https://www.tiktok.com/@ototulaidatphathanoi/video/7678649278100770068,ô tô ngập nước Hà Nội,kw_o_to_ngap_nuoc_ha_noi,Hà nội mưa to quá. ô tô ngập rồi #hanoi #xuhuong,#hanoi #xuhuong,2026-08-27T10:01:00+00:00,0,accept,du_3_nhom,1
7686343905750863111,https://www.tiktok.com/@ngafordmydinh/video/7686343905750863111,ô tô ngập nước Hà Nội,kw_o_to_ngap_nuoc_ha_noi,Đến hẹn lại lên Ford lại có sân diễn lội nước ngập #hanoingaplut #ngapnuoc #fordloinuoc #ngafordmydinh #mydinhngap ,#hanoingaplut #ngapnuoc #fordloinuoc #ngafordmydinh #mydinhngap,2026-09-17T03:40:07+00:00,0,reject,thieu_nhom:B_giao_thong_tac_dong+C_dia_diem,0
7686299265794116882,https://www.tiktok.com/@tichuot68_86/video/7686299265794116882,ô tô ngập nước Hà Nội,kw_o_to_ngap_nuoc_ha_noi,update tình hình ngập sáng nay đi các bác ơi 🤣🤣 xe vin cứ phải gọi là lội vô tư kkkkkkk #mưagióbãobùng #hanoi #vinfast #vf9 ,#mưagióbãobùng #hanoi #vinfast #vf9,2026-09-17T00:47:03+00:00,1,reject,thieu_nhom:C_dia_diem,0
7686335131703102740,https://www.tiktok.com/@coi199x.viet/video/7686335131703102740,ô tô ngập nước Hà Nội,kw_o_to_ngap_nuoc_ha_noi,Vịnh an khánh đây 😂.                       Tình hình chỗ ae thế nào?       #ngaplut #ngaphanoi #oto #ngapnuoc #xengapnuoc ,#ngaplut #ngaphanoi #oto #ngapnuoc #xengapnuoc,2026-09-17T03:06:05+00:00,0,reject,thieu_nhom:A_ngap_lut+B_giao_thong_tac_dong,0
7686188573829205268,https://www.tiktok.com/@cuonggo3/video/7686188573829205268,ô tô ngập nước Hà Nội,kw_o_to_ngap_nuoc_ha_noi,"Ngập túp tụp zồi Anh Em ơi. Mới zao thừa thôi, cứ mưa này chỉ lúc nữa là xe ngập tỏm. Ngập tại hoài đức Hà Nội. Phố cũng như sông. #ngaplut2026 #ngaplut #xebithuykich #xengapnuoc #cuonggo ",#ngaplut2026 #ngaplut #xebithuykich #xengapnuoc #cuonggo,2026-09-16T17:37:21+00:00,5,reject,thieu_nhom:B_giao_thong_tac_dong,0
7686320474783026450,https://www.tiktok.com/@bimgiamecco/video/7686320474783026450,ô tô ngập nước Hà Nội,kw_o_to_ngap_nuoc_ha_noi,An khánh sau 3 ngày mưa .được quay lại bởi phóng viên thường trú😆 #car #ngập ,#car #ngập,2026-09-17T02:09:13+00:00,22,reject,thieu_nhom:B_giao_thong_tac_dong,0
7688722952631651605,https://www.tiktok.com/@yeuvinfasthn/video/7688722952631651605,ô tô ngập nước Hà Nội,kw_o_to_ngap_nuoc_ha_noi,VF Wild những lúc mưa gió. mới thấy tác dụng của em nó,,2026-09-23T13:31:58+00:00,0,reject,thieu_nhom:A_ngap_lut+B_giao_thong_tac_dong+C_dia_diem,0
7687002360270310676,https://www.tiktok.com/@ttttttty77888/video/7687002360270310676,ô tô ngập nước Hà Nội,kw_o_to_ngap_nuoc_ha_noi,Thi Tóc Dài 63b đường Lâm du bồ đề Long Biên HN đang làm em limogreen đang bị ngập nước đây các bác.rất nhiều xe ngập các bác ạ làm còn không có chỗ để mà phơi và sấy. 😭 xế yêu nào bị nước vào xe thì qua địa chỉ trên để được Thi xử lý khô như xe mới nhé các bác.  ❤️❤️ THỎA DỤNG CỦA CÁC BÁC LÀ KHÁT VỌNG CỦA CHÚNG TÔI.,,2026-09-18T22:15:14+00:00,1,reject,thieu_nhom:B_giao_thong_tac_dong,0
7686547734597225736,https://www.tiktok.com/@hunggaraducphat/video/7686547734597225736,ô tô ngập nước Hà Nội,kw_o_to_ngap_nuoc_ha_noi,Cứu hộ bác chủ xe Ford Ecosport đỗ tĩnh bị vào nước #garaducphat #ngap #xuhuong #hanoi #cuuho  @🫶da😛 ,#garaducphat #ngap #xuhuong #hanoi #cuuho,2026-09-17T16:51:04+00:00,1,reject,thieu_nhom:A_ngap_lut+B_giao_thong_tac_dong+C_dia_diem,0
7686301672489995527,https://www.tiktok.com/@nguoixuthanh89tt/video/7686301672489995527,ô tô ngập nước Hà Nội,kw_o_to_ngap_nuoc_ha_noi,"Ô tô chết máy khử Kando 3, đường Âu Cơ - anh em lưu ý #ngaplut #otochetmay #otongapnuoc #viral #xuhuongtiktok ",#ngaplut #otochetmay #otongapnuoc #viral #xuhuongtiktok,2026-09-17T00:56:14+00:00,8,reject,thieu_nhom:A_ngap_lut+C_dia_diem,0
7686367822729071893,https://www.tiktok.com/@garatruonghai88linhdam/video/7686367822729071893,ô tô ngập nước Hà Nội,kw_o_to_ngap_nuoc_ha_noi,Sửa chữa và cứu hộ chở kéo xe gặp sự cố ngập nước do mưa tại Hà Nội đêm qua. #garatruonghai88 #cuuhooto #muangaphanoi ,#garatruonghai88 #cuuhooto #muangaphanoi,2026-09-17T05:12:56+00:00,0,reject,thieu_nhom:B_giao_thong_tac_dong,0
7686434855848004885,https://www.tiktok.com/@nhacuabinbon/video/7686434855848004885,ô tô ngập nước Hà Nội,kw_o_to_ngap_nuoc_ha_noi,Tàu nhầm lội nước tiếp. Các bác tài xe điện dũng cảm thật #hanoi #denhnuoc #xedienloinuoc #oto ,#hanoi #denhnuoc #xedienloinuoc #oto,2026-09-17T09:33:01+00:00,5,reject,thieu_nhom:A_ngap_lut+C_dia_diem,0
7686637244555349268,https://www.tiktok.com/@hongtinmoingay24h/video/7686637244555349268,xe buýt ngập Hà Nội,kw_xe_buyt_ngap_ha_noi,#xuhuongtiktok #laixeantoan #xebuyt #hanoingaymua ,#xuhuongtiktok #laixeantoan #xebuyt #hanoingaymua,2026-09-17T22:38:24+00:00,2,reject,thieu_nhom:A_ngap_lut+B_giao_thong_tac_dong+C_dia_diem,0
7688686291143216402,https://www.tiktok.com/@nguyentho36868/video/7688686291143216402,xe buýt ngập Hà Nội,kw_xe_buyt_ngap_ha_noi,,,2026-09-23T11:09:45+00:00,4,reject,thieu_nhom:A_ngap_lut+B_giao_thong_tac_dong+C_dia_diem,0
7686822906449399053,https://www.tiktok.com/@hnp.vn/video/7686822906449399053,xe buýt ngập Hà Nội,kw_xe_buyt_ngap_ha_noi,Biển ơiiii #hanoi #hanoiplus #news #trend #fyp,#hanoi #hanoiplus #news #trend #fyp,2026-09-18T12:00:00+00:00,1,reject,thieu_nhom:A_ngap_lut+B_giao_thong_tac_dong+C_dia_diem,0
7685577920802213128,https://www.tiktok.com/@sonveaudio/video/7685577920802213128,xe buýt ngập Hà Nội,kw_xe_buyt_ngap_ha_noi,Thôi xong #bus #hanoi #bacninh #xuhuong #rain ,#bus #hanoi #bacninh #xuhuong #rain,2026-09-15T02:07:42+00:00,49,reject,thieu_nhom:A_ngap_lut+C_dia_diem,0
7687341013303692551,https://www.tiktok.com/@chinhlngvn/video/7687341013303692551,xe buýt ngập Hà Nội,kw_xe_buyt_ngap_ha_noi,Cuối tuần 😆🤣😂😅😁📽️,,2026-09-19T20:09:24+00:00,1,reject,thieu_nhom:A_ngap_lut+B_giao_thong_tac_dong+C_dia_diem,0
7686017596335885576,https://www.tiktok.com/@busthudocfs/video/7686017596335885576,xe buýt ngập Hà Nội,kw_xe_buyt_ngap_ha_noi,"Rời xa chốn phồn hoa đô thị, tôi chọn lui về quê ở ẩn cho đỡ tắc đường với ngập vậy🚌🚌🚌🚌 phải hay đi bus lắm hoặc người địa phương mới nhận ra tuyến nào😆😆 #xuhuong #hanoi #busthudo #viral ",#xuhuong #hanoi #busthudo #viral,2026-09-16T06:33:51+00:00,18,reject,thieu_nhom:C_dia_diem,0
7678695626577612040,https://www.tiktok.com/@busthudocfs/video/7678695626577612040,xe buýt ngập Hà Nội,kw_xe_buyt_ngap_ha_noi,Các busers về đến nhà hết chưa hay vẫn còn bơi trên đường về🚌🚌🚌🚌 #viral #ngap #xh #xuhuong #hanoi ,#viral #ngap #xh #xuhuong #hanoi,2026-08-27T13:00:51+00:00,8,reject,thieu_nhom:A_ngap_lut+C_dia_diem,0
7686522869362363656,https://www.tiktok.com/@phongvienhanoibusfps/video/7686522869362363656,xe buýt ngập Hà Nội,kw_xe_buyt_ngap_ha_noi,"Tình hình mấy chỗ ae sao r, có ngập tiếp ko:)) | Tuyến buýt điện số 38: Mai Động - Tân Xuân  ------Dòng xe khai thác: Vinfast Green Bus 8------ ----ĐVCQ: Xí nghiệp xe khách nam Hà Nội---- #xuhuong#xuhuongtiktok2026#hanoibus_transerco#xebuythanoi#ilovetiktok ",#xuhuong #xuhuongtiktok2026 #hanoibus_transerco #xebuythanoi #ilovetiktok,2026-09-17T15:14:32+00:00,0,accept,du_3_nhom,1
7678644339052170517,https://www.tiktok.com/@cutevui6/video/7678644339052170517,xe buýt ngập Hà Nội,kw_xe_buyt_ngap_ha_noi,#kỷ niệm xưa #hellovietnam🇻🇳❤️ #hanoi #vinbuyt ,#kỷ #hellovietnam #hanoi #vinbuyt,2026-08-27T09:41:49+00:00,0,reject,thieu_nhom:A_ngap_lut+B_giao_thong_tac_dong+C_dia_diem,0
7686307294233120018,https://www.tiktok.com/@mitsubishihadonggiatot/video/7686307294233120018,xe buýt ngập Hà Nội,kw_xe_buyt_ngap_ha_noi,"#hot 17/9/2026 bến xe Yên nghĩa ngập sâu, ae lựa chọn lộ trình di chuyển khác cho hợp lý nhé #mitsubishihadong #ngap #xforce #dst ",#hot #mitsubishihadong #ngap #xforce #dst,2026-09-17T01:18:04+00:00,0,accept,du_3_nhom,1
7686317241368972552,https://www.tiktok.com/@danhrangbangnuocsonghang/video/7686317241368972552,xe buýt ngập Hà Nội,kw_xe_buyt_ngap_ha_noi,ồ ye nước vào cả bus luôn mà #hanoi #thuhanoi #dailothanglong #mua ,#hanoi #thuhanoi #dailothanglong #mua,2026-09-17T01:56:37+00:00,3,reject,thieu_nhom:A_ngap_lut+C_dia_diem,0
7678659562559294727,https://www.tiktok.com/@bensau25/video/7678659562559294727,xe buýt ngập Hà Nội,kw_xe_buyt_ngap_ha_noi,Lụt ngày đầu tiên tại #hanoi mùa mưa đến rồi lại khổ ae #xekhachtiktok #nhaxeducdat biết lúc nào đủ khách để vìa đây🥲,#hanoi #xekhachtiktok #nhaxeducdat,2026-08-27T10:40:55+00:00,23,reject,thieu_nhom:B_giao_thong_tac_dong+C_dia_diem,0
7678723034949242132,https://www.tiktok.com/@phnga5502/video/7678723034949242132,xe buýt ngập Hà Nội,kw_xe_buyt_ngap_ha_noi,Chưa bao giờ thấy đi chơi mà khổ như này... Chưa bao giờ thấy đi xe bất lực hơn đi bộ  #hanoi #ngaplut #ngapluthanoi ,#hanoi #ngaplut #ngapluthanoi,2026-08-27T14:47:10+00:00,12,reject,thieu_nhom:A_ngap_lut+C_dia_diem,0
7686756374763572501,https://www.tiktok.com/@conglangvietnam/video/7686756374763572501,xe buýt ngập Hà Nội,kw_xe_buyt_ngap_ha_noi,"🌧️ NHÂN LÝ – NAM PHƯƠNG TIẾN, CHƯƠNG MỸ, HÀ NỘI 🚨 MƯA LỚN LÀ NƯỚC DÂNG! ⚠️ TRÀN ĐÊ, NGẬP ĐƯỜNG, ĐI LẠI KHÓ KHĂN! Một vùng quê vốn yên bình, nhưng cứ mỗi mùa mưa lại thấp thỏm lo lắng. Người dân phải đối mặt với cảnh nước dâng, cuộc sống bị đảo lộn, việc đi lại cũng trở nên nguy hiểm. #hanoingapnuoc#trande #xuhuong #langquevietnam #conglangvietnam ",#hanoingapnuoc #trande #xuhuong #langquevietnam #conglangvietnam,2026-09-18T06:20:43+00:00,72,accept,du_3_nhom,1
7688720611463499026,https://www.tiktok.com/@enews.discovery/video/7688720611463499026,xe buýt ngập Hà Nội,kw_xe_buyt_ngap_ha_noi,"Khó vậy mà cũng làm được: Một nữ du khách lỡ uống nhầm chai nước nghi chứa ""amoniac"" ngay trên chuyến xe khách đi Hà Nội... #dukhach #xekhach #hanoi #trending #enewsdiscovery",#dukhach #xekhach #hanoi #trending #enewsdiscovery,2026-09-23T13:22:53+00:00,54,reject,thieu_nhom:A_ngap_lut,0
7686334997157973255,https://www.tiktok.com/@thitruongbiz.vn/video/7686334997157973255,xe buýt ngập Hà Nội,kw_xe_buyt_ngap_ha_noi,Hà Nội ngập lụt nhiều nơi trong sáng 17/9 có người phải ngồi trên xe bus 4 tiếng #hanoi #ngaplut #tacduong #dubaothoitiethanoi #ngapluthanoi #mualonhanoi #visaomualonkeodai,#hanoi #ngaplut #tacduong #dubaothoitiethanoi #ngapluthanoi #mualonhanoi #visaomualonkeodai,2026-09-17T03:05:36+00:00,1,accept,du_3_nhom,1
7689022672646311189,https://www.tiktok.com/@xemaynambinhcamau/video/7689022672646311189,xe buýt ngập Hà Nội,kw_xe_buyt_ngap_ha_noi,"Mưa lớn bất chợt, đường ngập lênh láng – bạn và “chiến mã” Honda của mình nên làm gì? Đừng chủ quan, vì xử lý sai có thể khiến bạn phải “chia tay ví tiền” trong tiếc nuối! #xuhuong #xuhuongtiktok #nambinh8 #phutungxemay #baoduongxemay ",#xuhuong #xuhuongtiktok #nambinh8 #phutungxemay #baoduongxemay,2026-09-24T08:55:04+00:00,0,reject,thieu_nhom:B_giao_thong_tac_dong+C_dia_diem,0
7687079878239243540,https://www.tiktok.com/@buituenhi_kiwi/video/7687079878239243540,xe buýt ngập Hà Nội,kw_xe_buyt_ngap_ha_noi,"Hà Nội sau mấy ngày mưa tầm tã, nước ngập mênh mông 🌧️🌧️🌧️  Đi chạy tình cờ quay được video 2 bạn trẻ đạp xe trên cầu ngập nước khá thú vị 😊 #Thanh_Xuân #mưa ",#Thanh_Xuân #mưa,2026-09-19T03:16:05+00:00,0,accept,du_3_nhom,1
7686325345926122769,https://www.tiktok.com/@thuydieng97/video/7686325345926122769,xe buýt ngập Hà Nội,kw_xe_buyt_ngap_ha_noi,#CapCut Hà Nội Không Vội được đâu 😂#ngập_hết_đường #ngập_lụt #namtuliem #Hanoi  ,#CapCut #ngập_hết_đường #ngập_lụt #namtuliem #Hanoi,2026-09-17T02:28:49+00:00,4,reject,thieu_nhom:B_giao_thong_tac_dong,0
7686506762769272082,https://www.tiktok.com/@nutxink208/video/7686506762769272082,ngập Hà Nội,kw_ngap_ha_noi,,,2026-09-17T14:12:02+00:00,254,reject,thieu_nhom:A_ngap_lut+B_giao_thong_tac_dong+C_dia_diem,0
7687656206009224455,https://www.tiktok.com/@chanelphungluat/video/7687656206009224455,ngập Hà Nội,kw_ngap_ha_noi,Ngập lụt ở Hà Nội ngày 19-9-2026 tại Hoài Đức  #ngaplut #lulut #hanoi #vairal ,#ngaplut #lulut #hanoi #vairal,2026-09-20T16:32:29+00:00,0,reject,thieu_nhom:B_giao_thong_tac_dong,0
7686298982389124373,https://www.tiktok.com/@tltvsoi/video/7686298982389124373,ngập Hà Nội,kw_ngap_ha_noi,Hệ thống chống ngập Hà Nội bước đầu hoạt động hiệu quả.  #hanoi #tintuc #tltvsoi #lichsu #trending ,#hanoi #tintuc #tltvsoi #lichsu #trending,2026-09-17T00:45:48+00:00,62,reject,thieu_nhom:B_giao_thong_tac_dong,0
7688309655491120404,https://www.tiktok.com/@linhkun1399/video/7688309655491120404,ngập Hà Nội,kw_ngap_ha_noi,Lần đầu được trải nghiệm ngập ở Xuân Lộc. Nhớ thời sinh ziên mỗi lần Hà Nội mưa là cả phòng dọn đồ đi ngủ nhờ. Nhớ 🤭🤭🤭,,2026-09-22T10:48:15+00:00,11,accept,du_3_nhom,1
7686695621360717074,https://www.tiktok.com/@leehieeus258/video/7686695621360717074,ngập Ha Noi,kw_ngap_ha_noi_2,môn này nó đắt...#haui #hanoi #xh,#haui #hanoi #xh,2026-09-18T02:24:57+00:00,9,reject,thieu_nhom:A_ngap_lut+B_giao_thong_tac_dong+C_dia_diem,0
7686781801452424468,https://www.tiktok.com/@sggp.org.vn/video/7686781801452424468,ngập Ha Noi,kw_ngap_ha_noi_2,"Hà Nội: Lũ tràn vào nhà dân ở xã Quảng Bị, có nơi ngập khoảng 1m #sggpnews #saigongiaiphong #sggp",#sggpnews #saigongiaiphong #sggp,2026-09-18T07:59:23+00:00,0,reject,thieu_nhom:B_giao_thong_tac_dong,0
7678665121496845576,https://www.tiktok.com/@thanh_uyenn07/video/7678665121496845576,ngập Thủ đô,kw_ngap_thu_do,#hn #ngap Đủ rồi Hà Nội ơi,#hn #ngap,2026-08-27T11:02:28+00:00,23,reject,thieu_nhom:A_ngap_lut+B_giao_thong_tac_dong,0
7685647949161893141,https://www.tiktok.com/@megaoreview73/video/7685647949161893141,ngập Thủ đô,kw_ngap_thu_do,"HÀ NỘI MƯA TO CẢ ĐÊM, MỘT SỐ NƠI ĐÃ NGẬP ÚNG Cả đêm qua, nhiều xã phườn của TP. Hà Nội có mưa to, lượng mưa phổ biến 50–120mm. Đến sáng nay (15/9), một số tuyến đường đã xuất hiện ngập úng. Tại đường Ngọc Lâm, phường Bồ Đề, nước ngập gần nửa bánh xe máy, gây khó khăn cho người dân đi học, đi làm. Hiện mưa đã tạm ngớt, nhưng đây chưa phải dấu hiệu kết thúc đợt mưa. Trong hôm nay, Hà Nội vẫn có khả năng xuất hiện mưa to đến rất to, khiến các khu vực trũng thấp và những nơi đã ngập có nguy cơ tiếp tục ngập trở lại. CLIP: Đào Lê Hoàng",,2026-09-15T06:39:28+00:00,2,accept,du_3_nhom,1
7686350641463069973,https://www.tiktok.com/@25k1doithuongem/video/7686350641463069973,ngập Thủ đô,kw_ngap_thu_do,Ulis ngập đến nổi phải để biển báo nước sâu nguy hiểm😔 #ulis #mưa #hn #fyi #xuhuong ,#ulis #mưa #hn #fyi #xuhuong,2026-09-17T04:06:17+00:00,7,reject,thieu_nhom:B_giao_thong_tac_dong,0
7686344957883469073,https://www.tiktok.com/@linnachann_/video/7686344957883469073,ngập Thủ đô,kw_ngap_thu_do,Tình trạng Hà Nội ngay lúc này =)))) #xuhuong #viral #fyp #ngaplut #hanoi ,#xuhuong #viral #fyp #ngaplut #hanoi,2026-09-17T03:44:55+00:00,24,reject,thieu_nhom:A_ngap_lut+B_giao_thong_tac_dong,0
7669026896973221141,https://www.tiktok.com/@thaovianle_thinhvuong/video/7669026896973221141,ngập Hoàn Kiếm,kw_ngap_hoan_kiem,Khi cốt không cho huỷ lịch đi cafe Nể mình dám đi 1 thì nể anh tài xế dám chở mình đi 10 :))) ##hanoi #hoankiem #ngapnuoc #thaohappyland,#hanoi #hoankiem #ngapnuoc #thaohappyland,2026-08-01T11:41:14+00:00,140,reject,thieu_nhom:A_ngap_lut+C_dia_diem,0
7678552685842369813,https://www.tiktok.com/@thanhbui4103/video/7678552685842369813,ngập Hoàn Kiếm,kw_ngap_hoan_kiem,#Bão đổ bộ các ngả đường vào trung tâm Hồ Hoàn Kiếm 🇻🇳🇻🇳❤️💐💐💐❤️❤️❤️#xuhuongtiktok #LIVEIncentiveProgram #JustGoLIVE #PaidPartnership ,#Bão #xuhuongtiktok #LIVEIncentiveProgram #JustGoLIVE #PaidPartnership,2026-08-27T03:46:14+00:00,2,reject,thieu_nhom:A_ngap_lut+B_giao_thong_tac_dong,0
7688341395802721544,https://www.tiktok.com/@vtv9nhipsongphuongnam/video/7688341395802721544,ngập Hoàn Kiếm,kw_ngap_hoan_kiem,"Chiều 22/9, cơn mưa lớn đổ xuống TP. Hồ Chí Minh và nhiều khu vực ở Nam Bộ khiến các con đường ngập nặng và kẹt xe kéo dài, ảnh hưởng đến việc di chuyển của người dân vào giờ tan tầm. #VTVNamBo #tiktoknews #nhipsongphuongnam #vtv9nhipsongphuongnam #VTV9 #tphcm",#VTVNamBo #tiktoknews #nhipsongphuongnam #vtv9nhipsongphuongnam #VTV9 #tphcm,2026-09-22T12:51:21+00:00,148,reject,thieu_nhom:C_dia_diem,0
7687215938072022279,https://www.tiktok.com/@vtv9nhipsongphuongnam/video/7687215938072022279,ngập Hoàn Kiếm,kw_ngap_hoan_kiem,"Mưa lớn kéo dài khiến nhiều tuyến phố tại Nghệ An ngập sâu trong ngày 19/9. Nước dâng nhanh, chảy cuồn cuộn trên các tuyến đường, khiến nhiều ô tô, xe máy chết máy, trong khi nước tràn vào tầng hầm một số chung cư, buộc người dân khẩn trương di chuyển phương tiện đến nơi an toàn. #tiktoknews #VTV9 #nhipsongphuongnam #NgheAn #Vinh #ngap #mua",#tiktoknews #VTV9 #nhipsongphuongnam #NgheAn #Vinh #ngap #mua,2026-09-19T12:25:00+00:00,165,reject,thieu_nhom:C_dia_diem,0
7688702510156107029,https://www.tiktok.com/@vietmap.saigonxanh/video/7688702510156107029,ngập Hoàn Kiếm,kw_ngap_hoan_kiem,QL51 quen thuộc quá,,2026-09-23T12:12:40+00:00,49,reject,thieu_nhom:A_ngap_lut+B_giao_thong_tac_dong+C_dia_diem,0
7686210071566519560,https://www.tiktok.com/@nc.p.eoen/video/7686210071566519560,ngập Ba Đình,kw_ngap_ba_dinh,Ngập hết rồi :(( Mong tủ lạnh ko hỏng #eoen #nuocep ,#eoen #nuocep,2026-09-16T19:00:50+00:00,41,reject,thieu_nhom:B_giao_thong_tac_dong+C_dia_diem,0
7686252007530695957,https://www.tiktok.com/@khoaquay/video/7686252007530695957,ngập Ba Đình,kw_ngap_ba_dinh,"NGẬP LỤT HÀ NỘI:  Kính gửi các lãnh đạo ban ngành. quản lý về cấp thoát nước giúp đỡ bà con tại ngõ 90 Đội Cấn Ba Đình Hà Nội, ngập lụt rất khổ, dù cách Lăng Bác có vài trăm mét.",,2026-09-16T21:43:33+00:00,1332,reject,thieu_nhom:B_giao_thong_tac_dong,0
7679095396345335060,https://www.tiktok.com/@megaoreview73/video/7679095396345335060,ngập Ba Đình,kw_ngap_ba_dinh,"ngõ 42 Giang Văn Minh, nơi ngập sâu nhất khu ở Ba Đình, Hà Nội",,2026-08-28T14:52:10+00:00,1,reject,thieu_nhom:B_giao_thong_tac_dong,0
7686353155348761876,https://www.tiktok.com/@laodong.vn/video/7686353155348761876,ngập Đống Đa,kw_ngap_dong_da,"Hà Nội - Sau trận mưa lớn kéo dài, mực nước hồ Đống Đa dâng cao khiến toàn bộ tuyến đường đi bộ ven hồ chìm sâu trong nước. #baolaodong #laodong #giaothong #xahoi",#baolaodong #laodong #giaothong #xahoi,2026-09-17T04:15:58+00:00,46,reject,thieu_nhom:A_ngap_lut,0
7686438916450258196,https://www.tiktok.com/@tukhome_5555/video/7686438916450258196,ngập Đống Đa,kw_ngap_dong_da,"Đây là tình hình ghi nhận thực tế tại một phần khu vực phường Hà Đông hôm nay. Nếu bạn đang ở khu vực này, hãy chia sẻ tình hình nơi bạn đang di chuyển để mọi người cùng cập nhật.  #Tukhome #NgapNuoc #NgapHaNoi #NgapVanQuan #VanQuan ",#Tukhome #NgapNuoc #NgapHaNoi #NgapVanQuan #VanQuan,2026-09-17T09:48:53+00:00,1,reject,thieu_nhom:A_ngap_lut,0
7686353137342352647,https://www.tiktok.com/@60giay.taichinhtieudung/video/7686353137342352647,ngập Đống Đa,kw_ngap_dong_da,Danh sách các điểm ngập ở Hà Nội sáng 17/9 #60giaytaichinhtieudung #tiktoknews #60smoney #trending #news,#60giaytaichinhtieudung #tiktoknews #60smoney #trending #news,2026-09-17T04:35:00+00:00,15,accept,du_3_nhom,1
7687149614847380754,https://www.tiktok.com/@thethao247.vn/video/7687149614847380754,ngập Đống Đa,kw_ngap_dong_da,Mưa lớn và ngập lụt vẫn đang ảnh hưởng nghiêm trọng đến đời sống bà con Nghệ An nói riêng và miền Trung nói chung 😢 #thethao247 #viral #news #thethao247news #nghean,#thethao247 #viral #news #thethao247news #nghean,2026-09-19T08:30:00+00:00,172,reject,thieu_nhom:B_giao_thong_tac_dong+C_dia_diem,0
7685578422554250516,https://www.tiktok.com/@maichutv/video/7685578422554250516,ngập Đống Đa,kw_ngap_dong_da,"ngập ntn thì nghỉ làm, ở phòng ngủ thôi #đạiđồngbắcninh #visipbacninh #bacninh ",#đạiđồngbắcninh #visipbacninh #bacninh,2026-09-15T02:09:42+00:00,10,reject,thieu_nhom:B_giao_thong_tac_dong+C_dia_diem,0
7680540825222270226,https://www.tiktok.com/@rlanthanh84/video/7680540825222270226,ngập Đống Đa,kw_ngap_dong_da,mưa bão cầu bị ngập nguy hiểm,,2026-09-01T12:21:13+00:00,7,reject,thieu_nhom:B_giao_thong_tac_dong+C_dia_diem,0
7685941853585165586,https://www.tiktok.com/@t.lihh05/video/7685941853585165586,ngập Đống Đa,kw_ngap_dong_da,:)))#fpy#xuhuong#thinhhanh#troidomua ,#fpy #xuhuong #thinhhanh #troidomua,2026-09-16T01:39:57+00:00,171,reject,thieu_nhom:A_ngap_lut+B_giao_thong_tac_dong+C_dia_diem,0
7681616472141122836,https://www.tiktok.com/@user3650950409008/video/7681616472141122836,ngập Đống Đa,kw_ngap_dong_da,"Mưa lớn, nước ngập cao cả mét - gia đình này chỉ cần một tấm gỗ để ngăn nước tràn vào nhà #giaitri #tintuc #tinhot #fyp #viral",#giaitri #tintuc #tinhot #fyp #viral,2026-09-06T14:55:00+00:00,4,reject,thieu_nhom:B_giao_thong_tac_dong+C_dia_diem,0
7687067798035631367,https://www.tiktok.com/@tuoi.nguyen21/video/7687067798035631367,ngập Hai Bà Trưng,kw_ngap_hai_ba_trung,Mưa lớn qúa ngập het đường rồi 🫨,,2026-09-19T02:29:11+00:00,9,reject,thieu_nhom:B_giao_thong_tac_dong+C_dia_diem,0
7684532143799733522,https://www.tiktok.com/@nhuyjkr2k_92m1/video/7684532143799733522,ngập Hai Bà Trưng,kw_ngap_hai_ba_trung,"ĐOẠN ngã 4 Hai Bà Trưng và Trần Hưng Đạo HỘI An lúc này..mn đi xe thì tránh đoạn này nha, nước đã qua nửa bánh xe máy, nhiều xe cố băng dòng nước  đã chết máy và dắt bộ #toptrend #xuhuong #kyniem ",#toptrend #xuhuong #kyniem,2026-09-12T06:29:36+00:00,11,reject,thieu_nhom:A_ngap_lut,0
7686291238890310919,https://www.tiktok.com/@ductinhomes/video/7686291238890310919,ngập Hai Bà Trưng,kw_ngap_hai_ba_trung,"Hà Nội mưa vượt 150 mm, xuất hiện hàng loạt điểm ngập Mưa lớn từ đêm qua khiến nhiều khu vực Hà Nội ghi nhận lượng mưa trên 150 mm, làm xuất hiện hàng loạt điểm ngập ở Từ Liêm, Hai Bà Trưng, Cầu Giấy, nhiều trường chuyển học online. #hanoi #thoitiet #tintuc #ductinhomes ",#hanoi #thoitiet #tintuc #ductinhomes,2026-09-17T00:15:54+00:00,0,accept,du_3_nhom,1
7688526002409983252,https://www.tiktok.com/@phongduongvlog/video/7688526002409983252,ngập Hai Bà Trưng,kw_ngap_hai_ba_trung,"Mong trởi đừng mưa, ngập  nhiều tuyến đường trong thành phố!#trending #capcut #duet #viral #tiktok @Zach King @Tiếp thị và Gia đình ",#trending #capcut #duet #viral #tiktok,2026-09-23T00:47:44+00:00,23,reject,thieu_nhom:C_dia_diem,0
7688565144162503956,https://www.tiktok.com/@thientempest0605/video/7688565144162503956,ngập Hai Bà Trưng,kw_ngap_hai_ba_trung,Tình hình Biên Hoà Đồng Nai mưa ngập chiều qua và Miền Nam hôm nay: #mưa #bão #ngập #thientempest🌪️⚡ ,#mưa #bão #ngập #thientempest,2026-09-23T03:19:43+00:00,536,reject,thieu_nhom:B_giao_thong_tac_dong+C_dia_diem,0
7689054367038622982,https://www.tiktok.com/@theanh28entertainment/video/7689054367038622982,ngập Hai Bà Trưng,kw_ngap_hai_ba_trung,"MƯA LỚN, NGẬP ÚNG DIỄN BIẾN NHANH: EVNHANOI CHỦ ĐỘNG KIỂM TRA, XỬ LÝ CÁC ĐIỂM CÓ NGUY CƠ MẤT AN TOÀN ĐIỆN, THỢ ĐIỆN THỦ ĐÔ VẪN BÁM ĐỊA BÀN #tiktoknews #theanh28 #theanh28news",#tiktoknews #theanh28 #theanh28news,2026-09-24T10:58:09+00:00,38,accept,du_3_nhom,1
7688369046932327698,https://www.tiktok.com/@quangdv9/video/7688369046932327698,ngập Hai Bà Trưng,kw_ngap_hai_ba_trung,Hồi chiều …. Hồi chiều 😭😭#biênhòa #ngập ,#biênhòa #ngập,2026-09-22T14:38:40+00:00,237,reject,thieu_nhom:B_giao_thong_tac_dong+C_dia_diem,0
7688902367844076820,https://www.tiktok.com/@a.my411/video/7688902367844076820,ngập Hai Bà Trưng,kw_ngap_hai_ba_trung,#giaitri #gíiaitritiktok  #xuhuongtiktok ,#giaitri #gíiaitritiktok #xuhuongtiktok,2026-09-24T01:08:23+00:00,95,reject,thieu_nhom:A_ngap_lut+B_giao_thong_tac_dong+C_dia_diem,0
7688523242847358226,https://www.tiktok.com/@honguyenxuan/video/7688523242847358226,ngập Hai Bà Trưng,kw_ngap_hai_ba_trung,#💥💢💯💜💜🥀🥀🥀🥀👈 mưa lớn tại Thành Phố Đồng Nai chiều 22/9/2026#💥💢💯💜💜🥀🥀🥀🥀👈 ,,2026-09-23T00:37:03+00:00,34,reject,thieu_nhom:A_ngap_lut+B_giao_thong_tac_dong+C_dia_diem,0
7688379058056482068,https://www.tiktok.com/@dongnambo.24h/video/7688379058056482068,ngập Hai Bà Trưng,kw_ngap_hai_ba_trung,"Chỉ sau gần một giờ mưa lớn chiều 22/9, nhiều tuyến đường ở Đồng Nai đã ngập sâu, nước chảy xiết khiến xe máy ngã và hàng trăm phương tiện chật vật di chuyển. Người dân cần tránh những đoạn ngập sâu, không cố điều khiển xe qua nơi dòng nước chảy mạnh. Khu vực bạn đang ở có bị ngập không? #DongNai #MuaLon #NgapLut #NgapDuong #CanhBaoGiaoThong    ",#DongNai #MuaLon #NgapLut #NgapDuong #CanhBaoGiaoThong,2026-09-22T15:17:30+00:00,404,reject,thieu_nhom:C_dia_diem,0
7683906356260162836,https://www.tiktok.com/@hoanglanpc/video/7683906356260162836,ngập Hai Bà Trưng,kw_ngap_hai_ba_trung,"Khoảng 16h40 chiều nay, cơn dông di chuyển và gây mưa lớn cho nhiều khu vực trên địa bàn Hà Nội, đặc biệt tại các phường nội thành. Chỉ sau 30 phút mưa lớn, nhiều tuyến đường tại Hà Nội ngập sâu. Cơn mưa đúng giờ tan tầm khiến các phương tiện giao thông di chuyển khó khăn.",,2026-09-10T14:01:07+00:00,2,accept,du_3_nhom,1
7688918949534125330,https://www.tiktok.com/@vtvthoitietdaily/video/7688918949534125330,ngập Hai Bà Trưng,kw_ngap_hai_ba_trung,Lũ cuốn trôi người và ô tô tại TP. Đồng Nai Ngập 6 ngày liên tiếp và vẫn có nguy cơ ngập ở TP. HCM Thiên tai khắc nghiệt quá  #Dubaothoitietvtv,#Dubaothoitietvtv,2026-09-24T02:12:39+00:00,120,reject,thieu_nhom:C_dia_diem,0
7688618032800845074,https://www.tiktok.com/@chloe_t205/video/7688618032800845074,ngập Hai Bà Trưng,kw_ngap_hai_ba_trung,Ngập lụt Giữa lòng Sài Gòn ngay trung tâm quận 1 🥺,,2026-09-23T06:44:56+00:00,278,reject,thieu_nhom:B_giao_thong_tac_dong+C_dia_diem,0
7688296425263893781,https://www.tiktok.com/@thientempest0605/video/7688296425263893781,ngập Hai Bà Trưng,kw_ngap_hai_ba_trung,Tình hình Miền Nam vài nơi mưa rất to lúc này: #mưa #bão #ngập #thientempest🌪️⚡ ,#mưa #bão #ngập #thientempest,2026-09-22T09:56:52+00:00,80,reject,thieu_nhom:B_giao_thong_tac_dong+C_dia_diem,0
7688538460575190292,https://www.tiktok.com/@anvatmekem_7978/video/7688538460575190292,ngập Hai Bà Trưng,kw_ngap_hai_ba_trung,Đồng Nai thất thủ nha mọi người . Chiều qua 22_09 các con đường đều ngập sâu và nước chảy xiết do mưa lớn . #hottrend #xuhuong #videoviraltiktok #hottrendtiktok #trendingtiktok @Ăn vặt Mẹ Kem @Ăn vặt Mẹ Kem @Ăn vặt Mẹ Kem ,#hottrend #xuhuong #videoviraltiktok #hottrendtiktok #trendingtiktok,2026-09-23T01:36:08+00:00,212,reject,thieu_nhom:B_giao_thong_tac_dong+C_dia_diem,0
7688583731195530516,https://www.tiktok.com/@binhtravel/video/7688583731195530516,ngập Hai Bà Trưng,kw_ngap_hai_ba_trung,Cảnh báo gấp❌❌ #huubinh #xuhuong ,#huubinh #xuhuong,2026-09-23T04:31:45+00:00,256,reject,thieu_nhom:A_ngap_lut+B_giao_thong_tac_dong+C_dia_diem,0
7684067223337520392,https://www.tiktok.com/@thangnguyen.tiktok.com/video/7684067223337520392,ngập Hai Bà Trưng,kw_ngap_hai_ba_trung,,,2026-09-11T00:25:28+00:00,787,reject,thieu_nhom:A_ngap_lut+B_giao_thong_tac_dong+C_dia_diem,0
7678653383640665364,https://www.tiktok.com/@liennguyen_lucky/video/7678653383640665364,ngập Cầu Giấy,kw_ngap_cau_giay,Vịnh Cầu Giấy - Công Viên Cầu Giấy ngập rồi,,2026-08-27T10:16:55+00:00,1,reject,thieu_nhom:B_giao_thong_tac_dong,0
7686327430604147975,https://www.tiktok.com/@binhnhadep/video/7686327430604147975,ngập Cầu Giấy,kw_ngap_cau_giay,"Cập nhật sau trận mưa to: Xuân Thủy - Cầu Giấy không ngập Chợ Xanh, Chuyên Ngữ ngập rồi nhé các ty",,2026-09-17T02:36:20+00:00,1,reject,thieu_nhom:B_giao_thong_tac_dong,0
7686193662782344466,https://www.tiktok.com/@manhdung6286/video/7686193662782344466,ngập Cầu Giấy,kw_ngap_cau_giay,"Hà Nội thất thủ,Lại một đêm mất ngủ những chỗ thấp,chỗ mình hầu như không ngập mà nay còn như này😌🙈🙈 #mưa #ngập #caugiay #xuhuong ",#mưa #ngập #caugiay #xuhuong,2026-09-16T17:57:04+00:00,2,reject,thieu_nhom:B_giao_thong_tac_dong,0
7687114500184476949,https://www.tiktok.com/@htvtintuc/video/7687114500184476949,ngập Cầu Giấy,kw_ngap_cau_giay,"Một số tuyến phố Hà Nội tiếp tục ngập, ảnh hưởng sinh hoạt và giao thông #htv #dothi #htvtintuc",#htv #dothi #htvtintuc,2026-09-19T05:30:22+00:00,1,accept,du_3_nhom,1
7686327411754929429,https://www.tiktok.com/@ocminhchau90/video/7686327411754929429,ngập Cầu Giấy,kw_ngap_cau_giay,"🌧️ Mưa ngập vẫn phải đi chợ lấy hàng… Hà Nội hôm nay mưa to, đường nhiều chỗ ngập, nhưng khách đã đặt hải sản thì mình vẫn phải đi. 😅 Làm quán ăn, mình vẫn quan niệm nguyên liệu phải tươi thì món ăn mới ngon. Thế nên mưa gió một chút cũng không ngại, vẫn tự đi lựa từng mẻ tôm, từng loại hải sản mang về quán. 🦐🦪 Mưa thì mưa… tối nay Ốc Minh Châu vẫn có hải sản tươi phục vụ mọi người nhé! ❤️ #OcMinhChau #HaiSanTuoi #QuanOcHaNoi #QuanOcCauGiay #AnGiHaNoi ",#OcMinhChau #HaiSanTuoi #QuanOcHaNoi #QuanOcCauGiay #AnGiHaNoi,2026-09-17T02:36:07+00:00,3,accept,du_3_nhom,1
7686317347702918421,https://www.tiktok.com/@mai.hng767/video/7686317347702918421,ngập Cầu Giấy,kw_ngap_cau_giay,Phố phan văn trường - cầu giấy ngập sâu gần 1 m các bác lái xe rẽ hướng khác ạ#xuhuongthinhhanh ,#xuhuongthinhhanh,2026-09-17T01:57:05+00:00,5,reject,thieu_nhom:B_giao_thong_tac_dong,0
7678735057732898069,https://www.tiktok.com/@ha.land789/video/7678735057732898069,ngập Cầu Giấy,kw_ngap_cau_giay,Cảnh ngập nước ở 1 con phố  quận cầu giấy HN ,,2026-08-27T15:33:53+00:00,1,reject,thieu_nhom:B_giao_thong_tac_dong,0
7686806581022854418,https://www.tiktok.com/@linhty185/video/7686806581022854418,ngập Cầu Giấy,kw_ngap_cau_giay,Hồ Tùng Mậu cầu giấy ơi nước vẫn ngập chưa rút nhhưng Tiệm vẫn vui nhé 💥💥💥,,2026-09-18T09:35:30+00:00,2,reject,thieu_nhom:B_giao_thong_tac_dong,0
7686354162069540117,https://www.tiktok.com/@hahuong898989/video/7686354162069540117,ngập Cầu Giấy,kw_ngap_cau_giay,"Mưa Cầu Giấy , Hà Nội ngay lúc này  #muagiobaobung🌧🌧🌧 ",#muagiobaobung,2026-09-17T04:19:55+00:00,2,reject,thieu_nhom:A_ngap_lut+B_giao_thong_tac_dong,0
7686076002379795732,https://www.tiktok.com/@ngokhai1003/video/7686076002379795732,ngập Cầu Giấy,kw_ngap_cau_giay,"Thông tin trên chưa được kiểm chứng, chi mang tính chất tham khảo, Đường Hoàng Văn Thái thì chưa có báo cáo… ! #trending #vui #muahanoi.",#trending #vui #muahanoi,2026-09-16T10:20:28+00:00,5,reject,thieu_nhom:A_ngap_lut+B_giao_thong_tac_dong+C_dia_diem,0
7686320017134144775,https://www.tiktok.com/@theestuaans/video/7686320017134144775,ngập Cầu Giấy,kw_ngap_cau_giay,"Hà nội ngập, đi làm bằng tàu điện trên cao, Nhổn- Cầu Giấy",,2026-09-17T02:07:26+00:00,2,accept,du_3_nhom,1
7686389373838904583,https://www.tiktok.com/@minh.hng4698/video/7686389373838904583,ngập Cầu Giấy,kw_ngap_cau_giay,Ngập rồi mọi người ơi  Nhưng em vẫn mở quán mọi người nhớ đến ủng hộ em nhé ạ 😍 #minhhangnuocepkhonglo #caugiayhanoi #viralvideo #viral ,#minhhangnuocepkhonglo #caugiayhanoi #viralvideo #viral,2026-09-17T06:36:35+00:00,0,reject,thieu_nhom:B_giao_thong_tac_dong+C_dia_diem,0
7678840395970694408,https://www.tiktok.com/@man031083/video/7678840395970694408,ngập Cầu Giấy,kw_ngap_cau_giay,,,2026-08-27T22:22:41+00:00,0,reject,thieu_nhom:A_ngap_lut+B_giao_thong_tac_dong+C_dia_diem,0
7686424044647795984,https://www.tiktok.com/@phankhactoan.0nam/video/7686424044647795984,ngập Thanh Xuân,kw_ngap_thanh_xuan,,,2026-09-17T08:51:41+00:00,3,reject,thieu_nhom:A_ngap_lut+B_giao_thong_tac_dong+C_dia_diem,0
7686285469008629013,https://www.tiktok.com/@meopham273/video/7686285469008629013,ngập Thanh Xuân,kw_ngap_thanh_xuan,Lương Thế Vinh - Thanh Xuân ngập ntn nhé.,,2026-09-16T23:53:23+00:00,2,reject,thieu_nhom:B_giao_thong_tac_dong,0
7683856651333471496,https://www.tiktok.com/@ngocgiau122389/video/7683856651333471496,ngập Thanh Xuân,kw_ngap_thanh_xuan,"thanh xuân, Q12 mưa lớn ngập mọi người sao rồi ",,2026-09-10T10:48:16+00:00,0,reject,thieu_nhom:B_giao_thong_tac_dong,0
7686470950845861140,https://www.tiktok.com/@huyluonggia735/video/7686470950845861140,ngập Thanh Xuân,kw_ngap_thanh_xuan,"nước ngập chỗ cầu đi vào thôn thanh xuân xã yaly, chưtankra, tỉnh Quảng ngãi #xh ",#xh,2026-09-17T11:53:03+00:00,3,accept,du_3_nhom,1
7686340057543806226,https://www.tiktok.com/@huyenthubidangyeu/video/7686340057543806226,ngập Thanh Xuân,kw_ngap_thanh_xuan,HNoi tôi yêu trộm vía nay đường thoáng ko tắc 🥰#ngaptoilon ,#ngaptoilon,2026-09-17T03:25:12+00:00,10,reject,thieu_nhom:A_ngap_lut+B_giao_thong_tac_dong+C_dia_diem,0
7685236988705869072,https://www.tiktok.com/@vmaij29/video/7685236988705869072,ngập Thanh Xuân,kw_ngap_thanh_xuan,"Đừng mưa nữa để ""Tôi"" còn đi học..!#viral #xh #2009 #thanhxuanvuontruong ",#viral #xh #2009 #thanhxuanvuontruong,2026-09-14T04:05:20+00:00,79,reject,thieu_nhom:A_ngap_lut+C_dia_diem,0
7688555986977606933,https://www.tiktok.com/@_chinhly22/video/7688555986977606933,ngập Thanh Xuân,kw_ngap_thanh_xuan,nhiều đường ngập nghềnh chông gai 😥,,2026-09-23T02:44:11+00:00,64,reject,thieu_nhom:B_giao_thong_tac_dong+C_dia_diem,0
7671723813947723028,https://www.tiktok.com/@user6230834400390/video/7671723813947723028,ngập Thanh Xuân,kw_ngap_thanh_xuan,Giấc mộng thanh xuân #aceshortpro,#aceshortpro,2026-08-11T13:00:00+00:00,1,reject,thieu_nhom:A_ngap_lut+B_giao_thong_tac_dong,0
7686092359003688212,https://www.tiktok.com/@tun.hong.mai/video/7686092359003688212,ngập Hoàng Mai,kw_ngap_hoang_mai,Mưa ri mới thấy dân ta khổ thật  #xuhuong #tuanhoangmai ,#xuhuong #tuanhoangmai,2026-09-16T11:23:58+00:00,88,reject,thieu_nhom:A_ngap_lut+B_giao_thong_tac_dong+C_dia_diem,0
7686332408957848839,https://www.tiktok.com/@insightnghean/video/7686332408957848839,ngập Hoàng Mai,kw_ngap_hoang_mai,Thương lắm bà con ơi #orangeagency #bietthenetwork #insightnghean #nghean #fyp,#orangeagency #bietthenetwork #insightnghean #nghean #fyp,2026-09-17T02:55:29+00:00,75,reject,thieu_nhom:A_ngap_lut+B_giao_thong_tac_dong+C_dia_diem,0
7686141709788515604,https://www.tiktok.com/@tun.hong.mai/video/7686141709788515604,ngập Hoàng Mai,kw_ngap_hoang_mai,Hình ảnh đẹp mùa lũ ở Hoàng Mai  #tuanhoangmai #xuhuong #lulutnghean ,#tuanhoangmai #xuhuong #lulutnghean,2026-09-16T14:35:26+00:00,6,reject,thieu_nhom:A_ngap_lut+B_giao_thong_tac_dong,0
7686430780486159633,https://www.tiktok.com/@afamilyngaylucnay/video/7686430780486159633,ngập Hoàng Mai,kw_ngap_hoang_mai,"Một ngày vất vả của các bác sĩ, nhân viên #afamilyngaylucnay #afamily #nghean #bacsi #DDGN ",#afamilyngaylucnay #afamily #nghean #bacsi #DDGN,2026-09-17T09:17:55+00:00,8,reject,thieu_nhom:A_ngap_lut+B_giao_thong_tac_dong+C_dia_diem,0
7687166333754084629,https://www.tiktok.com/@htm_tnt_tvt.37/video/7687166333754084629,ngập Hoàng Mai,kw_ngap_hoang_mai,nước ngập hết rồi 😞 #hoangmai #mualumientrung  #xh ,#hoangmai #mualumientrung #xh,2026-09-19T08:51:32+00:00,4,reject,thieu_nhom:B_giao_thong_tac_dong+C_dia_diem,0
7686099306322939157,https://www.tiktok.com/@nguyendu494/video/7686099306322939157,ngập Hoàng Mai,kw_ngap_hoang_mai,,,2026-09-16T11:50:54+00:00,2,reject,thieu_nhom:A_ngap_lut+B_giao_thong_tac_dong+C_dia_diem,0
7686150893917588757,https://www.tiktok.com/@lenghiaduongsinh/video/7686150893917588757,ngập Hoàng Mai,kw_ngap_hoang_mai,"Không có gì ngăn cản dk mẹ thiên nhiên,mưa mấy ngày làm cho thôn cóm em ngập lụt.#ngaplut #hoàngmai #xuhuong ",#ngaplut #hoàngmai #xuhuong,2026-09-16T15:11:05+00:00,2,reject,thieu_nhom:B_giao_thong_tac_dong+C_dia_diem,0
7686137607427771669,https://www.tiktok.com/@37_nghean_37/video/7686137607427771669,ngập Hoàng Mai,kw_ngap_hoang_mai,"Xóm 5 Quỳnh Trang, Hoàng Mai cũ, Nghệ An ngay lúc ni, bà con đang chèo thuyền đến nơi an toàn khi nước dâng cao 🥹 #nghean37 #mua #nghean #thuong #xuhuongtiktok ",#nghean37 #mua #nghean #thuong #xuhuongtiktok,2026-09-16T14:19:31+00:00,122,reject,thieu_nhom:B_giao_thong_tac_dong,0
7685972873017675028,https://www.tiktok.com/@ducthinhmobile3/video/7685972873017675028,ngập Hoàng Mai,kw_ngap_hoang_mai,#mualumientrung ,#mualumientrung,2026-09-16T03:40:18+00:00,68,reject,thieu_nhom:A_ngap_lut+B_giao_thong_tac_dong+C_dia_diem,0
7683828826584943880,https://www.tiktok.com/@_leanhtu_08/video/7683828826584943880,ngập Hoàng Mai,kw_ngap_hoang_mai,Biển Hoàng Mai😂#sinhvien #muamua #ngạpluthanoi #bie ,#sinhvien #muamua #ngạpluthanoi #bie,2026-09-10T09:00:17+00:00,9,reject,thieu_nhom:A_ngap_lut+B_giao_thong_tac_dong,0
7686409217435143444,https://www.tiktok.com/@bluetechvn/video/7686409217435143444,ngập Hoàng Mai,kw_ngap_hoang_mai,Hoàng mai quê tôi nước ngập quá. mưa vậy đủ nước rồi k cần mưa nữa đâu  #vietnam #hoàngmai #nghệan #quỳnhvinh ,#vietnam #hoàngmai #nghệan #quỳnhvinh,2026-09-17T07:53:37+00:00,0,reject,thieu_nhom:B_giao_thong_tac_dong,0
7686438298289442049,https://www.tiktok.com/@lehuong10198303/video/7686438298289442049,ngập Hoàng Mai,kw_ngap_hoang_mai,Xã tràn lại ngập lụt nữa rồi,,2026-09-17T09:46:30+00:00,1,reject,thieu_nhom:B_giao_thong_tac_dong+C_dia_diem,0
7686362684161281301,https://www.tiktok.com/@37_nghean_37/video/7686362684161281301,ngập Hoàng Mai,kw_ngap_hoang_mai,Quê em mùa nước lũ 😭🙏 #nghean37 #thuong #mua #nghean #xuhuongtiktok ,#nghean37 #thuong #mua #nghean #xuhuongtiktok,2026-09-17T04:52:59+00:00,136,reject,thieu_nhom:A_ngap_lut+B_giao_thong_tac_dong+C_dia_diem,0
7686274899672927508,https://www.tiktok.com/@seyoo425/video/7686274899672927508,ngập Hoàng Mai,kw_ngap_hoang_mai,1 góc nhỏ nước ngập tại  phường hoàng mai ,,2026-09-16T23:12:22+00:00,0,reject,thieu_nhom:B_giao_thong_tac_dong,0
7686031586285980935,https://www.tiktok.com/@anhphongvien2402/video/7686031586285980935,ngập Hoàng Mai,kw_ngap_hoang_mai,Quê em mùa nước lũ lên Thị xã Hoàng Mai Tỉnh Nghệ An  #nghệan37 #bãolụtmiềntrung #,#nghệan37 #bãolụtmiềntrung,2026-09-16T07:28:10+00:00,30,reject,thieu_nhom:B_giao_thong_tac_dong,0
7686150829048368391,https://www.tiktok.com/@tinanninhquocphongvn/video/7686150829048368391,ngập Hoàng Mai,kw_ngap_hoang_mai,"Toàn cảnh Quỳnh Vinh, Hoàng Mai cũ, Nghệ An chiều nay: Mênh mông toàn nước là nước :(  Video: Tuấn Hoàng Mai",,2026-09-16T15:10:51+00:00,2,reject,thieu_nhom:A_ngap_lut+B_giao_thong_tac_dong,0
7686074323723062535,https://www.tiktok.com/@anhphongvien2402/video/7686074323723062535,ngập Hoàng Mai,kw_ngap_hoang_mai,Cận cảnh trên cao ở Thị xã Hoàng Mai nước lũ dâng cao #bãolụtmiềntrung #nghệan37 #xuhuong ,#bãolụtmiềntrung #nghệan37 #xuhuong,2026-09-16T10:14:01+00:00,62,reject,thieu_nhom:B_giao_thong_tac_dong,0
7686081199311310100,https://www.tiktok.com/@thuong825/video/7686081199311310100,ngập Hoàng Mai,kw_ngap_hoang_mai,mưa 1 tuần liên thông ngập hết rồi 🥹#xuhuongtiktok ,#xuhuongtiktok,2026-09-16T10:40:39+00:00,47,reject,thieu_nhom:B_giao_thong_tac_dong+C_dia_diem,0
7686100833812991250,https://www.tiktok.com/@thu.bn.qu/video/7686100833812991250,ngập Hoàng Mai,kw_ngap_hoang_mai,,,2026-09-16T11:56:50+00:00,1,reject,thieu_nhom:A_ngap_lut+B_giao_thong_tac_dong+C_dia_diem,0
7686317834258943252,https://www.tiktok.com/@coca._.kem/video/7686317834258943252,ngập Hoàng Mai,kw_ngap_hoang_mai,ngập rồi😂#xuhuongtiktok #mua #lũlụt #hoangmai ,#xuhuongtiktok #mua #lũlụt #hoangmai,2026-09-17T01:58:58+00:00,24,reject,thieu_nhom:B_giao_thong_tac_dong+C_dia_diem,0
7686324763471695125,https://www.tiktok.com/@huyhaihuoc93/video/7686324763471695125,ngập Hà Đông,kw_ngap_ha_dong,Ngập ở Yên Nghĩa- Hà Đông,,2026-09-17T02:25:54+00:00,1,reject,thieu_nhom:B_giao_thong_tac_dong,0
7686856879942798600,https://www.tiktok.com/@2816simplelife/video/7686856879942798600,ngập Hà Đông,kw_ngap_ha_dong,"Anh em di chuyển Hà Đông Hoà Bình đoạn đình làng Xuân Mai ngập xe máy, ô tô thấp ko đi đc đâu nha. ",,2026-09-18T12:50:44+00:00,84,accept,du_3_nhom,1
7686462583808871700,https://www.tiktok.com/@khongquan230379/video/7686462583808871700,ngập Hà Đông,kw_ngap_ha_dong,#Trending nhờ các bạn xem và  chia sẻ để cho các cấp chính quyền sớm giải quyết con đường Phùng Hưng . phường Hà Đông ngập lụt . quy hoạch mấy chục năm . vẫn quy hoạch . người dân vô cùng khổ .,#Trending,2026-09-17T11:20:37+00:00,12,reject,thieu_nhom:B_giao_thong_tac_dong,0
7686285445684120840,https://www.tiktok.com/@danviet.giaitri/video/7686285445684120840,ngập Hà Đông,kw_ngap_ha_dong,"Đường Phùng Hưng (đường 70), Hà Đông ngập sâu! #hadongngap #duongphunghungngap ",#hadongngap #duongphunghungngap,2026-09-16T23:53:21+00:00,5,reject,thieu_nhom:B_giao_thong_tac_dong,0
7686323730808687892,https://www.tiktok.com/@baonhandan/video/7686323730808687892,ngập Hà Đông,kw_ngap_ha_dong,"NGAY LÚC NÀY tại khu vực hồ Văn Quán, phường Hà Đông, Hà Nội #BaoNhanDan #tintuc #hanoi",#BaoNhanDan #tintuc #hanoi,2026-09-17T02:21:56+00:00,0,reject,thieu_nhom:A_ngap_lut+B_giao_thong_tac_dong,0
7686383683871313172,https://www.tiktok.com/@thanhdgxecomienbac/video/7686383683871313172,ngập Hà Đông,kw_ngap_ha_dong,Vịnh yên nghĩa hà đông #muabao #ngaplut #oto #xemay #minhchinhoto ,#muabao #ngaplut #oto #xemay #minhchinhoto,2026-09-17T06:14:29+00:00,6,reject,thieu_nhom:A_ngap_lut+B_giao_thong_tac_dong,0
7686372325394009351,https://www.tiktok.com/@danviet.giaitri/video/7686372325394009351,ngập Hà Đông,kw_ngap_ha_dong,Xe cảnh sát pccc và cứu nạn cứu hộ xuất hiện ở điểm ngập sâu Hà Đông #cuunancuuho ##mualu #ngaplut #danviet #danvietviral #tiktokviral,#cuunancuuho #mualu #ngaplut #danviet #danvietviral #tiktokviral,2026-09-17T05:30:39+00:00,7,accept,du_3_nhom,1
7686361133359435016,https://www.tiktok.com/@thanhcong19o8/video/7686361133359435016,ngập Hà Đông,kw_ngap_ha_dong,#thoitiet #mua #xuhuong,#thoitiet #mua #xuhuong,2026-09-17T04:47:07+00:00,1,reject,thieu_nhom:A_ngap_lut+B_giao_thong_tac_dong+C_dia_diem,0
7686319575167716616,https://www.tiktok.com/@thuatnguyen1979/video/7686319575167716616,ngập Hà Đông,kw_ngap_ha_dong,,,2026-09-17T02:05:45+00:00,186,reject,thieu_nhom:A_ngap_lut+B_giao_thong_tac_dong+C_dia_diem,0
7686287509457784085,https://www.tiktok.com/@trn.vn.trng700/video/7686287509457784085,ngập Hà Đông,kw_ngap_ha_dong,Hà Đông ngập #hanoi ,#hanoi,2026-09-17T00:01:21+00:00,1,reject,thieu_nhom:B_giao_thong_tac_dong,0
7686286428375977237,https://www.tiktok.com/@byd.h.ng/video/7686286428375977237,ngập Hà Đông,kw_ngap_ha_dong,"Mưa quá trời, khu vực Yên Nghĩa ngập rồi mọi người chú ý đi an toàn nha #hadong #yennghia #bydyennghiahadong #xuhuongtiktok #ngap ",#hadong #yennghia #bydyennghiahadong #xuhuongtiktok #ngap,2026-09-16T23:57:07+00:00,2,accept,du_3_nhom,1
7686469006307413268,https://www.tiktok.com/@_ttrang.ngo_/video/7686469006307413268,ngập Hà Đông,kw_ngap_ha_dong,Em mang cô ấy về cho anh nhé! Anh đừng khóc nữa cho em với bạn em đi học 🥹 #capcut #mua #hadong #viral ,#capcut #mua #hadong #viral,2026-09-17T11:45:30+00:00,8,reject,thieu_nhom:A_ngap_lut+C_dia_diem,0
7686379621201300744,https://www.tiktok.com/@nguyenson1080/video/7686379621201300744,ngập Hà Đông,kw_ngap_ha_dong,Hà Đông Hà nội ngập từ ngã tư đường phố #hanoi #muangap ,#hanoi #muangap,2026-09-17T05:58:49+00:00,1,reject,thieu_nhom:B_giao_thong_tac_dong,0
7686284692718505237,https://www.tiktok.com/@tongkhosanxoppvc/video/7686284692718505237,ngập Hà Đông,kw_ngap_ha_dong,# nạn ngập nước tại văn phú hà đông năm nào cũng vậy,,2026-09-16T23:50:19+00:00,0,reject,thieu_nhom:B_giao_thong_tac_dong,0
7686452249719049479,https://www.tiktok.com/@duyenhomton/video/7686452249719049479,ngập Tây Hồ,kw_ngap_tay_ho,,,2026-09-17T10:40:31+00:00,21,reject,thieu_nhom:A_ngap_lut+B_giao_thong_tac_dong+C_dia_diem,0
7686323667327798549,https://www.tiktok.com/@phu_quy_0937521999/video/7686323667327798549,ngập Tây Hồ,kw_ngap_tay_ho,Hà Nội Các Khu Ngập Chìm trong Biển Nước Mênh Mông - Lạc Long Quân (Tây Hồ) Không Bị Ngập - Quý Anh - Chị - Cô Chú & Các Bác Cứ Chọn Mua Nhà Đất Tây Hồ - Lạc Long Quân - Vườn Đào Cho An Tâm Không Lo Ngập trong biển Nước. Tây Hồ 17/09/2026 DL  #Tuongphuquy #TuongNgo #Laclongquan #Tayho #Lotte   ,#Tuongphuquy #TuongNgo #Laclongquan #Tayho #Lotte,2026-09-17T02:21:37+00:00,0,reject,thieu_nhom:B_giao_thong_tac_dong,0
7678993242398149895,https://www.tiktok.com/@longbds_vinhomes68/video/7678993242398149895,ngập Tây Hồ,kw_ngap_tay_ho,Ngập noble Tây Hồ,,2026-08-28T08:15:50+00:00,2,reject,thieu_nhom:B_giao_thong_tac_dong,0
7685566270456089864,https://www.tiktok.com/@tamtantinh94/video/7685566270456089864,ngập Tây Hồ,kw_ngap_tay_ho,Mưa ngập #muangap #ciputrahanoi #starlaketayhotay #tmcsmarthomephamvandong ,#muangap #ciputrahanoi #starlaketayhotay #tmcsmarthomephamvandong,2026-09-15T01:22:38+00:00,33,reject,thieu_nhom:B_giao_thong_tac_dong+C_dia_diem,0
7678657956119907604,https://www.tiktok.com/@thuann338/video/7678657956119907604,ngập Tây Hồ,kw_ngap_tay_ho,Hồ tây ngập tràn rồi😜😜😜😜😜😜,,2026-08-27T10:34:40+00:00,9,reject,thieu_nhom:B_giao_thong_tac_dong+C_dia_diem,0
7685625540966993170,https://www.tiktok.com/@quyhoachhanoi100nam/video/7685625540966993170,ngập Tây Hồ,kw_ngap_tay_ho,"Mưa Lớn Suốt Đêm, Nhiều Tuyến Phố Hà Nội Ngập Trong Giờ Cao Điểm  #DenhNuoc #NgapUng #ThoatNuoc #HaNoi",#DenhNuoc #NgapUng #ThoatNuoc #HaNoi,2026-09-15T05:12:32+00:00,1,accept,du_3_nhom,1
7686337147279789332,https://www.tiktok.com/@giapquanchungcuhanoi/video/7686337147279789332,ngập Tây Hồ,kw_ngap_tay_ho,"Sau 1 thời gian xử lý thì với lượng mưa như hiện tại cũng không làm khó được khu Ngoại Giao Đoàn - Võ Chí Công rồi ạ. Giá hiện tại đang cực tốt, vậy còn lý do gì mà mọi người đang cân đối chung cư khu vực này?#chungcutayho #hanjardinngoaigiaodoan #6thelement #chungcuhanoi #ngoaigiaodoan ",#chungcutayho #hanjardinngoaigiaodoan #6thelement #chungcuhanoi #ngoaigiaodoan,2026-09-17T03:13:53+00:00,24,reject,thieu_nhom:A_ngap_lut+B_giao_thong_tac_dong+C_dia_diem,0
7686405030123179271,https://www.tiktok.com/@huang17602/video/7686405030123179271,ngập Tây Hồ,kw_ngap_tay_ho,"Như này mới là cốt,  nhân tiện đi ăn làm vòng hồ Tây luôn #xuhuong #mưa ",#xuhuong #mưa,2026-09-17T07:37:27+00:00,14,reject,thieu_nhom:A_ngap_lut+C_dia_diem,0
7676818173227797768,https://www.tiktok.com/@vietkieutinhcam/video/7676818173227797768,ngập Tây Hồ,kw_ngap_tay_ho,You can barely tell that this is Tây Hồ. it's been raining non stop the past few days 😭😭 #Vietnam #TayHo #MuaBao #XuHuong #VietKieu,#Vietnam #TayHo #MuaBao #XuHuong #VietKieu,2026-08-22T11:35:25+00:00,13,reject,thieu_nhom:A_ngap_lut,0
7686401324719639829,https://www.tiktok.com/@cong0646/video/7686401324719639829,ngập Tây Hồ,kw_ngap_tay_ho,"Năm nay đường Võ Chí Công hết ngập, xe đi lại bình thường. Khu Ciputra hết ngập. Chính quyền HN xử lý chống ngập khu này rất hiệu quả. #Ciputra #Tayho #Hanoi",#Ciputra #Tayho #Hanoi,2026-09-17T07:23:00+00:00,2,accept,du_3_nhom,1
7686369927820856597,https://www.tiktok.com/@1991lehuong/video/7686369927820856597,ngập Long Biên,kw_ngap_long_bien,Lại ngập 😭😭😭##xuhuongtiktok #xuhuong #longbien ,#xuhuongtiktok #xuhuong #longbien,2026-09-17T05:21:14+00:00,51,reject,thieu_nhom:B_giao_thong_tac_dong+C_dia_diem,0
7685571356930493704,https://www.tiktok.com/@longqc8668/video/7685571356930493704,ngập Long Biên,kw_ngap_long_bien,"Ngày hội toàn dân đi làm muộn, 😂 đi sớm 1 tiếng muộn hẳn 45p  #hanoi #foryou ",#hanoi #foryou,2026-09-15T01:42:16+00:00,34,reject,thieu_nhom:A_ngap_lut+C_dia_diem,0
7685596866251132180,https://www.tiktok.com/@kienquoc_bannhalongbien/video/7685596866251132180,ngập Long Biên,kw_ngap_long_bien,"Ngập ngay cổng trường cấp 2 Long Biên,đặc sản Hà Lội mùa mưa #mua ",#mua,2026-09-15T03:21:15+00:00,184,reject,thieu_nhom:B_giao_thong_tac_dong,0
7685577274875284752,https://www.tiktok.com/@vnexpress.official/video/7685577274875284752,ngập Long Biên,kw_ngap_long_bien,"Nhiều tuyến phố Hà Nội ngập, ùn tắc giờ cao điểm #vnexpress #vne #vnego",#vnexpress #vne #vnego,2026-09-15T02:25:00+00:00,126,accept,du_3_nhom,1
7668863965044231444,https://www.tiktok.com/@megaoreview73/video/7668863965044231444,ngập Long Biên,kw_ngap_long_bien,Ngập lại xuất hiện ở một số nơi tại Hà Nội sau cơn mưa lớn. Chỗ các bạn có ngập không? Video tại Phường Long Biên từ khán giả Khuất Cao Hùng,,2026-08-01T01:09:02+00:00,1,reject,thieu_nhom:B_giao_thong_tac_dong,0
7686432276984483088,https://www.tiktok.com/@chi.hen/video/7686432276984483088,ngập Long Biên,kw_ngap_long_bien,Các mom ở Long Biên tham gia giao thông cẩn thận nhaaa!!! Sợ quá sợ 🥹😢 #chihendangiu #vulaci #songrucro ,#chihendangiu #vulaci #songrucro,2026-09-17T09:23:11+00:00,91,reject,thieu_nhom:A_ngap_lut,0
7685596077289999632,https://www.tiktok.com/@theanh28trending/video/7685596077289999632,ngập Long Biên,kw_ngap_long_bien,TIỂU VƯƠNG QUỐC LONG BIÊN SÁNG NAY #theanh28trending #tiktoknews #tiktokgiaitri #theanh28,#theanh28trending #tiktoknews #tiktokgiaitri #theanh28,2026-09-15T03:45:00+00:00,606,reject,thieu_nhom:A_ngap_lut+B_giao_thong_tac_dong,0
7685868070199495944,https://www.tiktok.com/@baohaisan102/video/7685868070199495944,ngập Long Biên,kw_ngap_long_bien,Chợ Long Biên ngay lúc này 16/9 vào lúc 4h sáng nhé cả nhà #lovestory #TikTokShop99 #xuhuongtiktok #xuhuong ,#lovestory #TikTokShop99 #xuhuongtiktok #xuhuong,2026-09-15T20:53:47+00:00,68,reject,thieu_nhom:A_ngap_lut+B_giao_thong_tac_dong,0
7683809017025645845,https://www.tiktok.com/@nhamanhmo/video/7683809017025645845,ngập Long Biên,kw_ngap_long_bien,Sáng ra ngỡ Thu Hà Nội mà đến chiều thì thu này hơi lạ 😅😅 Lại chuẩn bị lên bài tuyến đường ngập ở Long Biên quá 😌 #nhamanhmo #longbien #longbienhomnay #ngaymua #thoitiet,#nhamanhmo #longbien #longbienhomnay #ngaymua #thoitiet,2026-09-10T07:43:25+00:00,3,accept,du_3_nhom,1
7669013977103453448,https://www.tiktok.com/@chuyennhacungtheu/video/7669013977103453448,ngập Long Biên,kw_ngap_long_bien,"🌧️Aeon Long Biên lại ngập sau mưa ngày 31/7. Nếu đây chỉ là một lần thì có thể đổ cho mưa lớn. Nhưng nếu cứ sau những trận mưa lớn, khu vực này lại xuất hiện cảnh ngập, thì có lẽ điều đáng bàn không còn là thời tiết nữa. Theo bạn, nguyên nhân là: ❓ Hệ thống thoát nước đã quá tải? ❓ Đô thị hóa nhanh hơn hạ tầng? ❓ Hay lượng mưa đã vượt xa tiêu chuẩn thiết kế? 💬 Người đang sống hoặc thường xuyên đi qua Long Biên vào chia sẻ góc nhìn thực tế nhé #AeonLongBien #LongBien #NgapLutHaNoi #chuyennhacungtheu #TinTuc  ",#AeonLongBien #LongBien #NgapLutHaNoi #chuyennhacungtheu #TinTuc,2026-08-01T10:51:09+00:00,27,accept,du_3_nhom,1
7677205846916615445,https://www.tiktok.com/@phambao.10/video/7677205846916615445,ngập Long Biên,kw_ngap_long_bien,Ngập hết rồi. May quá Minh Hiển về không bị ngập xe.,,2026-08-23T12:39:46+00:00,0,reject,thieu_nhom:B_giao_thong_tac_dong+C_dia_diem,0
7686456245334854933,https://www.tiktok.com/@luuhung365/video/7686456245334854933,ngập Long Biên,kw_ngap_long_bien,Long biên ngập tí là rút @Huyền Zenda thường ngày ,,2026-09-17T10:55:58+00:00,5,reject,thieu_nhom:B_giao_thong_tac_dong,0
7683541561132666132,https://www.tiktok.com/@senot_18/video/7683541561132666132,ngập Long Biên,kw_ngap_long_bien,"Từ ngày chuyển về Khai Sơn, cứ khi nào mưa là sợ 🥲 #bdslongbien #xh #viral #foryou ",#bdslongbien #xh #viral #foryou,2026-09-09T14:25:31+00:00,18,reject,thieu_nhom:A_ngap_lut+B_giao_thong_tac_dong+C_dia_diem,0
7683463724107435271,https://www.tiktok.com/@cam_bamung/video/7683463724107435271,ngập Long Biên,kw_ngap_long_bien,Long biên hiện tại #viral #xuhuong #xuhuongtiktok #hanoi #longbien ,#viral #xuhuong #xuhuongtiktok #hanoi #longbien,2026-09-09T09:23:33+00:00,8,reject,thieu_nhom:A_ngap_lut+B_giao_thong_tac_dong,0
7685563128007888148,https://www.tiktok.com/@anh.p.bn.nh/video/7685563128007888148,ngập Long Biên,kw_ngap_long_bien,Hà Nội sáng nay ngày 15/9/2026 #xuhuongtiktok #hottrend #thoisu #ngaplut ,#xuhuongtiktok #hottrend #thoisu #ngaplut,2026-09-15T01:10:19+00:00,3,reject,thieu_nhom:A_ngap_lut+B_giao_thong_tac_dong,0
7685779834252872978,https://www.tiktok.com/@vanhdzai.com/video/7685779834252872978,ngập Long Biên,kw_ngap_long_bien,Hỏng hết xe anh rồi 🥲#xuuhuongg #longbienhanoi ,#xuuhuongg #longbienhanoi,2026-09-15T15:11:19+00:00,11,reject,thieu_nhom:A_ngap_lut+B_giao_thong_tac_dong+C_dia_diem,0
7686302834031070471,https://www.tiktok.com/@yoga.hai.ha/video/7686302834031070471,ngập Nam Từ Liêm,kw_ngap_nam_tu_liem,Ngập lụt tại Xóm phượng tây mỗ nam từ liêm hà nội#ngâplụt #mưagióbãobùng #thương ,#ngâplụt #mưagióbãobùng #thương,2026-09-17T01:00:44+00:00,57,reject,thieu_nhom:B_giao_thong_tac_dong,0
7686307898779127061,https://www.tiktok.com/@caohuanvillas/video/7686307898779127061,ngập Nam Từ Liêm,kw_ngap_nam_tu_liem,"mưa ngập Hà Nội sáng nay! lượng mưa nhiều nhất là Nam từ Liêm, An Khánh, Tây Mỗ, Đô Nghĩa #tintuc #muahanoi ",#tintuc #muahanoi,2026-09-17T01:20:21+00:00,1,reject,thieu_nhom:B_giao_thong_tac_dong,0
7686382441627438354,https://www.tiktok.com/@15thag5_2005/video/7686382441627438354,ngập Nam Từ Liêm,kw_ngap_nam_tu_liem,Biển ơiiiiii #xh #ngập #Nam từ liêm,#xh #ngập #Nam,2026-09-17T06:09:38+00:00,3,reject,thieu_nhom:B_giao_thong_tac_dong,0
7686411757866306837,https://www.tiktok.com/@minhducnee_/video/7686411757866306837,ngập Nam Từ Liêm,kw_ngap_nam_tu_liem,"Hôm qua tôi buồn lỡ khóc ngập hanoi, xin lỗi !! #xuanphuong #123phuongcanh #namtuliem ",#xuanphuong #123phuongcanh #namtuliem,2026-09-17T08:03:30+00:00,6,reject,thieu_nhom:B_giao_thong_tac_dong+C_dia_diem,0
7686378196287180040,https://www.tiktok.com/@th196868/video/7686378196287180040,ngập Nam Từ Liêm,kw_ngap_nam_tu_liem,Sáng nay đi làm ở ngã tư phạm hùng quận nam từ liêm hà nội mưa to lắm ngập đường ,,2026-09-17T05:53:14+00:00,1,accept,du_3_nhom,1
7688269479070944520,https://www.tiktok.com/@van_tai_thanh_binh/video/7688269479070944520,ngập Nam Từ Liêm,kw_ngap_nam_tu_liem,⛈️⛈️⛈️⛈️⛈️⛈️⛈️⛈️,,2026-09-22T08:12:21+00:00,3,reject,thieu_nhom:A_ngap_lut+B_giao_thong_tac_dong+C_dia_diem,0
7686291830014512405,https://www.tiktok.com/@.frenchiezxjr/video/7686291830014512405,ngập Nam Từ Liêm,kw_ngap_nam_tu_liem,"Huyền thoại Hồ Phú Diễn, Vịnh Từ Liêm, Ao Cổ Nhuế 🥰 Sale cho thuê trọ nhưng trọ sale ở kiểu #ngap #rannyday #hanoiweatherupdate #vinhhalong #fyp",#ngap #rannyday #hanoiweatherupdate #vinhhalong #fyp,2026-09-17T00:18:08+00:00,6,reject,thieu_nhom:A_ngap_lut+B_giao_thong_tac_dong+C_dia_diem,0
7684078774777941269,https://www.tiktok.com/@nghean.news/video/7684078774777941269,ngập Nam Từ Liêm,kw_ngap_nam_tu_liem,Mưa lơn Ở TPHCM khiến nhiều nơi ngập lụt #xuhuong #xuhuongtiktok #viral #foryou ,#xuhuong #xuhuongtiktok #viral #foryou,2026-09-11T01:10:17+00:00,0,reject,thieu_nhom:B_giao_thong_tac_dong+C_dia_diem,0
7686333867795467538,https://www.tiktok.com/@khiembatdong1989/video/7686333867795467538,ngập Nam Từ Liêm,kw_ngap_nam_tu_liem,"Người Hà Nội đang khóc vì mưa ngập hết đường nhiều xe ôtô, xe máy đang bị hỏng máy giữa đường, mưa một cái là lại ngập, mà đất cứ vài tỷ vài tỷ một mét vuông, chung cư 120 đến 150 triệu một mét vuông, trong khi đó đất ở vùng ven người ta bây giờ đang bán chị 1 đến 2 tỷ 1 lô, cơ sở hạ tầng nằm đâu có đấy hết rồi, sổ đỏ từng lô công chứng được luôn, diện tích 100 m² full thổ cư, Anh chị mua có thể kinh doanh và khai thác được dòng tiền luôn, xây chung cư mini, kinh doanh đa ngành nghề, anh chị nào có nhu cầu muốn sở hữu các lô đất ở đây thì hãy nhanh tay liên hệ 097 858 2189 để em đưa đi xem đất thực tế anh chị nhé#xuhướng #bấtđộngsản #chungcư #hànội #tioktok @phương hằng.6666 C.Ngy @Phương Hằng Live @Phương hằng live 24/7 @Quang Dép Lê ✅ @Quang Dép Lê ( cắt lỗ )✅ ",#xuhướng #bấtđộngsản #chungcư #hànội #tioktok,2026-09-17T03:01:08+00:00,131,accept,du_3_nhom,1
7687168999737543944,https://www.tiktok.com/@lethonghean/video/7687168999737543944,ngập Nam Từ Liêm,kw_ngap_nam_tu_liem,"Năm nay bđs không lướt sóng được nên chuyển qua xe lướt sóng. Nước ngập đoạn ngã tư giao nhau Nguyễn Văn Cừ và Lê Hồng Phong, cập nhật tình hình chỗ bạn thế nào rồi#letho #xuhuongtiktok #37nghean #tinnong #tintuc ",#letho #xuhuongtiktok #37nghean #tinnong #tintuc,2026-09-19T09:01:52+00:00,4,reject,thieu_nhom:B_giao_thong_tac_dong+C_dia_diem,0
7686370309066329365,https://www.tiktok.com/@trinhtrungkien4/video/7686370309066329365,ngập Bắc Từ Liêm,kw_ngap_bac_tu_liem,Giải bơi Bắc Từ Liêm 😂 #xuhuong #hanoi #mua,#xuhuong #hanoi #mua,2026-09-17T05:22:34+00:00,2,reject,thieu_nhom:A_ngap_lut+B_giao_thong_tac_dong,0
7688239948792614151,https://www.tiktok.com/@kunsday/video/7688239948792614151,ngập Bắc Từ Liêm,kw_ngap_bac_tu_liem,"Ngày nào cũng thế, ngày nào cũng vậy😭 #kunsday #saigon #ngaplut #ngaplutsaigon #ketxe ",#kunsday #saigon #ngaplut #ngaplutsaigon #ketxe,2026-09-22T06:17:49+00:00,283,reject,thieu_nhom:A_ngap_lut+B_giao_thong_tac_dong+C_dia_diem,0
7687143748525985031,https://www.tiktok.com/@namiya.news/video/7687143748525985031,ngập Bắc Từ Liêm,kw_ngap_bac_tu_liem,"Sáng 19/09/2026 - TP Vinh ngập nặng Theo Đài Khí tượng thủy văn Nghệ An (VTC News 12:59 19/09): Vinh đo được 63,2mm/3h, toàn tỉnh 10-40mm. Nhiều tuyến Trường Chinh, Phan Bội Châu, 72m ngập sâu. Video: Nghệ An 24h / Vân Anh",,2026-09-19T07:23:58+00:00,32,reject,thieu_nhom:B_giao_thong_tac_dong+C_dia_diem,0
7686356837456792852,https://www.tiktok.com/@nongdankr/video/7686356837456792852,ngập Bắc Từ Liêm,kw_ngap_bac_tu_liem,"Cập nhật các điểm ngập hôm nay 17/9/026 ở Hà Nội. Cụ thể, khu vực Dương Đình Nghệ - Phạm Hùng (sau tòa nhà Keangnam); phố Hoa Bằng đoạn từ số nhà 91 đến 97 và từ số nhà 54 đến 56; khu vực ngã ba 246 đường Mỹ Đình; đường Lê Đức Thọ xung quanh quảng trường Sân vận động Mỹ Đình; đường Tân Mỹ. Tình trạng úng ngập cũng xuất hiện tại phố Phan Văn Trường (đoạn từ số nhà 25 đến 131, trước cổng Bộ Tư lệnh Hóa học); phố Trần Bình; Triều Khúc đoạn từ ngõ 97 đến Ao Đình; Võ Chí Công (khu vực UDIC); Nguyễn Hoàng - Phạm Hùng. Ngoài ra, các hầm chui dân sinh 4, 5, 6 tại Km9+656 cùng các tuyến, khu vực Tố Hữu, Lương Thế Vinh, Châu Văn Liêm, Thành Công, 165 Thái Hà, Nguyễn Văn Trỗi, Huỳnh Thúc Kháng, Giang Văn Minh và ngõ 100 Đội Cấn cũng xuất hiện úng ngập. #Xuhuong #lulut #Hanoi #Bienoi ",#Xuhuong #lulut #Hanoi #Bienoi,2026-09-17T04:30:18+00:00,6,accept,du_3_nhom,1
7685304448209472776,https://www.tiktok.com/@bichtopfitness/video/7685304448209472776,ngập Thanh Trì,kw_ngap_thanh_tri,Bể ngập nước Và công cuộc dọn dẹp @Nguyễn Thị Bích  #xuhuong#beboithanhtri ,#xuhuong #beboithanhtri,2026-09-14T08:26:28+00:00,5,reject,thieu_nhom:C_dia_diem,0
7688648338429725973,https://www.tiktok.com/@gocnhintintuc24h/video/7688648338429725973,ngập Thanh Trì,kw_ngap_thanh_tri,"Cơn mưa lớn kéo dài hơn một giờ đồng hồ vào trưa 23/9 đã làm nhiều tuyến đường trung tâm Thành phố Hồ Chí Minh bị ngập sâu. Các khu vực chịu ảnh hưởng nặng nề bao gồm đường Lê Lợi, Hàm Nghi, Pasteur, Nam Kỳ Khởi Nghĩa và tuyến phố Bùi Viện, khiến giao thông rối loạn và sinh hoạt của người dân cùng du khách gặp nhiều khó khăn. Tại khu vực phố Tây Bùi Viện, nước ngập sâu từ 20 đến 30 cm trên đoạn đường dài khoảng 400 mét khiến lực lượng chức năng phải đặt rào chắn lưu động để hạn chế phương tiện di chuyển. Nhiều nhà hàng nền thấp phải liên tục dùng máy bơm để xả nước ra ngoài. Trong khi đó, đường Lê Lợi và Hàm Nghi ghi nhận tình trạng xe cộ di chuyển cực kỳ khó khăn, gây ra ùn ứ kéo dài tại khu vực trung tâm. Theo đại diện Đài Khí tượng Thủy văn Nam Bộ, địa phương đang trải qua đợt mưa diện rộng kéo dài do tác động của dải hội tụ nhiệt đới kết hợp vùng xoáy thấp. Dự báo từ nay đến ngày 25/9, tổng lượng mưa tại thành phố phổ biến từ 70 đến 100 mm, có nơi vượt 150 mm, nguy cơ tiếp tục tái diễn tình trạng ngập lụt cục bộ trên diện rộng. #tiktoknews #tintuc #gocnhintintuc #lulut #tphcm ",#tiktoknews #tintuc #gocnhintintuc #lulut #tphcm,2026-09-23T08:42:27+00:00,1,reject,thieu_nhom:C_dia_diem,0
7687962748998749461,https://www.tiktok.com/@tuanta1801/video/7687962748998749461,ngập Thanh Trì,kw_ngap_thanh_tri,mưa lại ngập rồi#xuhuong #xuhuongtiktok #ngập #mưa ,#xuhuong #xuhuongtiktok #ngập #mưa,2026-09-21T12:22:02+00:00,4,reject,thieu_nhom:B_giao_thong_tac_dong+C_dia_diem,0
7687032586094365972,https://www.tiktok.com/@nongcongcogi.com/video/7687032586094365972,ngập Thanh Trì,kw_ngap_thanh_tri,"🚨 CẬP NHẬT SÁNG 19/9 Hiện tại, Trường THCS Nông Cống và Trường Tiểu học Minh Thọ vẫn đang trong tình trạng ngập nước. 📍 Nông Cống Có Gì? – cập nhật từ địa phương.#NongCongCoGi #CậpNhậtMưaLũ #truonghoc #xh#hocsinh ",#NongCongCoGi #CậpNhậtMưaLũ #truonghoc #xh #hocsinh,2026-09-19T00:12:34+00:00,16,reject,thieu_nhom:B_giao_thong_tac_dong+C_dia_diem,0
7686672274090380562,https://www.tiktok.com/@sonly.travel/video/7686672274090380562,ngập Thanh Trì,kw_ngap_thanh_tri,"7h45, 18/9/2026, Cập nhật đoạn ngập. KĐT Tân Tây Đô - Trạm Trôi và ngược lại👈👈👈 nc vẫn chưa rút nhé. ",,2026-09-18T00:54:20+00:00,35,reject,thieu_nhom:B_giao_thong_tac_dong+C_dia_diem,0
7685296594967006484,https://www.tiktok.com/@quan.comzz/video/7685296594967006484,ngập Thanh Trì,kw_ngap_thanh_tri,#xuhuong #xedien #xuanmaichuongmy #vinno #vd3 ,#xuhuong #xedien #xuanmaichuongmy #vinno #vd3,2026-09-14T07:56:05+00:00,0,reject,thieu_nhom:A_ngap_lut+B_giao_thong_tac_dong+C_dia_diem,0
7684550471364775188,https://www.tiktok.com/@hien_tuson/video/7684550471364775188,ngập Gia Lâm,kw_ngap_gia_lam,Mưa tí đã ngập rồi #vuinhon #mua #ninhhiep #ninhhiepgialamhanoi ,#vuinhon #mua #ninhhiep #ninhhiepgialamhanoi,2026-09-12T07:40:39+00:00,0,reject,thieu_nhom:B_giao_thong_tac_dong+C_dia_diem,0
7686451902795615508,https://www.tiktok.com/@anhtung050517/video/7686451902795615508,ngập Gia Lâm,kw_ngap_gia_lam,#hottiktok_xuhuong  mualumienbac.,#hottiktok_xuhuong,2026-09-17T10:39:11+00:00,5,reject,thieu_nhom:A_ngap_lut+B_giao_thong_tac_dong+C_dia_diem,0
7677237111992372500,https://www.tiktok.com/@usermi0fgf6lod/video/7677237111992372500,ngập Gia Lâm,kw_ngap_gia_lam,Gia lâm bị ngập rồi còn chỗ MN thế nào rồi ,,2026-08-23T14:41:05+00:00,4,reject,thieu_nhom:B_giao_thong_tac_dong,0
7686439272609598738,https://www.tiktok.com/@anhnt2603/video/7686439272609598738,ngập Gia Lâm,kw_ngap_gia_lam,Mưa dâng cao ngày 17.9.2026 tại Gia Lâm #muangap #mua2026 #hanoi #gialam #vietnam,#muangap #mua2026 #hanoi #gialam #vietnam,2026-09-17T09:50:11+00:00,0,reject,thieu_nhom:A_ngap_lut+B_giao_thong_tac_dong,0
7677408256226200850,https://www.tiktok.com/@diy_shop195/video/7677408256226200850,ngập Gia Lâm,kw_ngap_gia_lam,Mùa Lũ Quê e#nướclũ #mưabão #ngập_lụt ,#nướclũ #mưabão #ngập_lụt,2026-08-24T01:45:24+00:00,2,reject,thieu_nhom:B_giao_thong_tac_dong+C_dia_diem,0
7685987644894973205,https://www.tiktok.com/@_nl.htaaa.ee/video/7685987644894973205,ngập Gia Lâm,kw_ngap_gia_lam,phòng thủ tuyệt đối khi học VNUA ngày mưa :))) #vnua  #gialam ,#vnua #gialam,2026-09-16T04:37:39+00:00,26,reject,thieu_nhom:A_ngap_lut+B_giao_thong_tac_dong+C_dia_diem,0
7677101356620008711,https://www.tiktok.com/@0912138689bang/video/7677101356620008711,ngập Gia Lâm,kw_ngap_gia_lam,"MƯA LỚN, VINHOMES OCEAN PARK GIA LÂM CÓ NGẬP KHÔNG? Sau nhiều trận mưa lớn và những ngày thời tiết cực đoan, em thấy đây mới là lúc đánh giá rõ nhất trải nghiệm thực tế của một nơi để sống. Ở Vinhomes Ocean Park Gia Lâm, một điều em khá hài lòng là hệ thống đường nội khu và thoát nước. Mưa lớn nhưng nhìn chung việc di chuyển vẫn khá thuận tiện, không thường xuyên gặp tình trạng ngập úng kéo dài như tại nhiều khu vực nội đô. Đường rộng, không gian nhiều cây xanh, mật độ xây dựng thoáng hơn cũng giúp trải nghiệm sống sau những ngày mưa dễ chịu hơn. Tất nhiên Ocean Park không phải là đô thị hoàn hảo. Khoảng cách di chuyển vào trung tâm Hà Nội và vấn đề chỗ đỗ ô tô vẫn là những điểm mà nhiều cư dân còn chưa hài lòng. Nhưng xét trên tổng thể trải nghiệm sống, đặc biệt là những ngày mưa lớn, đây vẫn là một điểm cộng khá rõ ràng của Ocean Park Gia Lâm. Anh chị đang quan tâm cuộc sống thực tế tại Vinhomes Ocean Park, theo dõi kênh để em tiếp tục chia sẻ những góc nhìn thực tế nhất nhé! #VinhomesOceanPark #OceanParkGiaLam #BằngPhạmBĐSOceanPark #ngập #batdongsan ",#VinhomesOceanPark #OceanParkGiaLam #BằngPhạmBĐSOceanPark #ngập #batdongsan,2026-08-23T05:54:18+00:00,2,accept,du_3_nhom,1
7683813632945179912,https://www.tiktok.com/@franknguyen1305/video/7683813632945179912,ngập Gia Lâm,kw_ngap_gia_lam,Lại “dềnh” rồi các anh chị ạ … #xuhuong #xuhuongtiktok #video #hanoi #mua ,#xuhuong #xuhuongtiktok #video #hanoi #mua,2026-09-10T08:01:21+00:00,3,reject,thieu_nhom:A_ngap_lut+B_giao_thong_tac_dong+C_dia_diem,0
7687587381284703508,https://www.tiktok.com/@toidamatnientin_/video/7687587381284703508,ngập Gia Lâm,kw_ngap_gia_lam,,,2026-09-20T12:05:25+00:00,2,reject,thieu_nhom:A_ngap_lut+B_giao_thong_tac_dong+C_dia_diem,0
7683457022678912263,https://www.tiktok.com/@minh06857/video/7683457022678912263,ngập Gia Lâm,kw_ngap_gia_lam,gia lâm trời mưa to quá,,2026-09-09T08:57:30+00:00,3,reject,thieu_nhom:A_ngap_lut+B_giao_thong_tac_dong,0
7677187802143919367,https://www.tiktok.com/@quyenbui_1993/video/7677187802143919367,ngập Gia Lâm,kw_ngap_gia_lam,Gia Lâm mưa 4 ngày liền không ngớt rồi ông còn định mưa tới bao giờ nữa,,2026-08-23T11:29:42+00:00,2,reject,thieu_nhom:A_ngap_lut+B_giao_thong_tac_dong,0
7683839420029504775,https://www.tiktok.com/@tuanmanhbds/video/7683839420029504775,ngập Gia Lâm,kw_ngap_gia_lam,Sau trận mưa to ở Vinhomes Ocean Park #vinhomesoceanpark #batdongsan #gialâm,#vinhomesoceanpark #batdongsan #gialâm,2026-09-10T09:41:24+00:00,2,reject,thieu_nhom:A_ngap_lut+B_giao_thong_tac_dong,0
7676031335793741063,https://www.tiktok.com/@thienthannlove000/video/7676031335793741063,ngập Gia Lâm,kw_ngap_gia_lam,#mưa #ninhbinh #gialam #xhtiktok #trending ,#mưa #ninhbinh #gialam #xhtiktok #trending,2026-08-20T08:42:08+00:00,5,reject,thieu_nhom:A_ngap_lut+B_giao_thong_tac_dong+C_dia_diem,0
7683449583099383061,https://www.tiktok.com/@vnhoasinhvien_0964486484/video/7683449583099383061,ngập Gia Lâm,kw_ngap_gia_lam,Gia Lâm đang mưa rồi #vuonhoasinhvien #mua #khongkhilanh #hanoi #gialam ,#vuonhoasinhvien #mua #khongkhilanh #hanoi #gialam,2026-09-09T08:28:40+00:00,1,reject,thieu_nhom:A_ngap_lut+B_giao_thong_tac_dong,0
7677101967126056199,https://www.tiktok.com/@bangphamnhadepxesang/video/7677101967126056199,ngập Gia Lâm,kw_ngap_gia_lam,"MƯA LỚN, VINHOMES OCEAN PARK GIA LÂM CÓ NGẬP KHÔNG? Sau nhiều trận mưa lớn và những ngày thời tiết cực đoan, em thấy đây mới là lúc đánh giá rõ nhất trải nghiệm thực tế của một nơi để sống. Ở Vinhomes Ocean Park Gia Lâm, một điều em khá hài lòng là hệ thống đường nội khu và thoát nước. Mưa lớn nhưng nhìn chung việc di chuyển vẫn khá thuận tiện, không thường xuyên gặp tình trạng ngập úng kéo dài như tại nhiều khu vực nội đô. Đường rộng, không gian nhiều cây xanh, mật độ xây dựng thoáng hơn cũng giúp trải nghiệm sống sau những ngày mưa dễ chịu hơn. Tất nhiên Ocean Park không phải là đô thị hoàn hảo. Khoảng cách di chuyển vào trung tâm Hà Nội và vấn đề chỗ đỗ ô tô vẫn là những điểm mà nhiều cư dân còn chưa hài lòng. Nhưng xét trên tổng thể trải nghiệm sống, đặc biệt là những ngày mưa lớn, đây vẫn là một điểm cộng khá rõ ràng của Ocean Park Gia Lâm. Anh chị đang quan tâm cuộc sống thực tế tại Vinhomes Ocean Park, theo dõi kênh để em tiếp tục chia sẻ những góc nhìn thực tế nhất nhé! #VinhomesOceanPark #OceanParkGiaLam #BằngPhạmBĐSOceanPark #lũlụt #batdongsanhanoi ",#VinhomesOceanPark #OceanParkGiaLam #BằngPhạmBĐSOceanPark #lũlụt #batdongsanhanoi,2026-08-23T05:56:40+00:00,0,accept,du_3_nhom,1
7686316338876402960,https://www.tiktok.com/@thiendinh.official/video/7686316338876402960,ngập Gia Lâm,kw_ngap_gia_lam,Vinhomes Ocean Park Gia Lâm #batdongsanvinhomes  #vinhomeoceanparkgialam  #chuyennhuongvinhomesoceanparkgialam  #thiendinhofficial  #vinhomesoceanpark ,#batdongsanvinhomes #vinhomeoceanparkgialam #chuyennhuongvinhomesoceanparkgialam #thiendinhofficial #vinhomesoceanpark,2026-09-17T01:54:00+00:00,2,reject,thieu_nhom:A_ngap_lut+B_giao_thong_tac_dong,0
7678192491362782482,https://www.tiktok.com/@nguyendinh_1112/video/7678192491362782482,ngập Đông Anh,kw_ngap_dong_anh,26/8/2026 Đông Dầu - Đông Anh - Hà Nội. Vẫn ngủm trong nước,,2026-08-26T04:28:25+00:00,10,reject,thieu_nhom:A_ngap_lut+B_giao_thong_tac_dong,0
7677938627632057621,https://www.tiktok.com/@mjngok/video/7677938627632057621,ngập Đông Anh,kw_ngap_dong_anh,Quê tui ngày #lũ 😅😅😅 ,#lũ,2026-08-25T12:03:22+00:00,0,reject,thieu_nhom:A_ngap_lut+B_giao_thong_tac_dong+C_dia_diem,0
7677765771954523400,https://www.tiktok.com/@le.tien.dung99bn/video/7677765771954523400,ngập Đông Anh,kw_ngap_dong_anh,quê tôi mùa nước nổi ,,2026-08-25T00:52:42+00:00,1,reject,thieu_nhom:A_ngap_lut+B_giao_thong_tac_dong+C_dia_diem,0
7683457772473732359,https://www.tiktok.com/@nguyenhang81977/video/7683457772473732359,ngập Đông Anh,kw_ngap_dong_anh,#xuhuong ,#xuhuong,2026-09-09T09:00:25+00:00,41,reject,thieu_nhom:A_ngap_lut+B_giao_thong_tac_dong+C_dia_diem,0
7670203534780189973,https://www.tiktok.com/@noithathalam1/video/7670203534780189973,ngập Đông Anh,kw_ngap_dong_anh,Mua ko gió kiểu này sắp lụt đến nơi rồi #TikTokLIVE ,#TikTokLIVE,2026-08-04T15:47:12+00:00,3,reject,thieu_nhom:B_giao_thong_tac_dong+C_dia_diem,0
7686015115179019538,https://www.tiktok.com/@nguoiquephong/video/7686015115179019538,ngập Đông Anh,kw_ngap_dong_anh,"Quốc lộ 48 ngập sâu, phương tiện không thể lưu thông. #truyenhinhnghean",#truyenhinhnghean,2026-09-16T06:24:15+00:00,23,reject,thieu_nhom:C_dia_diem,0
7688697801575779590,https://www.tiktok.com/@kenh14official/video/7688697801575779590,ngập Đông Anh,kw_ngap_dong_anh,"Nước ngập sân Trường Tiểu học Bình Triệu sáng 23/9 khiến nhiều phụ huynh phải để xe ngoài cổng, cõng hoặc bế con vào lớp Theo Đời sống pháp luật Ảnh & Clip: Di Anh #news #amm #FPGN",#news #amm #FPGN,2026-09-23T14:00:00+00:00,88,reject,thieu_nhom:B_giao_thong_tac_dong+C_dia_diem,0
7685662283883760914,https://www.tiktok.com/@nguyn.th.ngc.98/video/7685662283883760914,ngập Sóc Sơn,kw_ngap_soc_son,Mưa ngập luôn rồi 🙂#xuhuongtiktok #socson ,#xuhuongtiktok #socson,2026-09-15T07:35:06+00:00,1,reject,thieu_nhom:B_giao_thong_tac_dong+C_dia_diem,0
7677973122066615572,https://www.tiktok.com/@tuannoibai007/video/7677973122066615572,ngập Sóc Sơn,kw_ngap_soc_son,tình hình ngập lụt toàn sóc sơn ra sao ? #socson #ngaplut #hanoi #vungven #noibai ,#socson #ngaplut #hanoi #vungven #noibai,2026-08-25T14:17:15+00:00,0,reject,thieu_nhom:B_giao_thong_tac_dong,0
7677618327472049415,https://www.tiktok.com/@tuanhaircut2/video/7677618327472049415,ngập Sóc Sơn,kw_ngap_soc_son,Lũ lụt tại Thôn Hoà Bình Trung giã sóc sơn 2026#xh #xuhuongtiktok ,#xh #xuhuongtiktok,2026-08-24T15:20:27+00:00,0,reject,thieu_nhom:B_giao_thong_tac_dong,0
7683821455922040085,https://www.tiktok.com/@linh.chi.tq/video/7683821455922040085,ngập Sóc Sơn,kw_ngap_soc_son,Hà Nội ngay lúc này ,,2026-09-10T08:31:42+00:00,5,reject,thieu_nhom:A_ngap_lut+B_giao_thong_tac_dong,0
7686411858500209941,https://www.tiktok.com/@kienquat1997/video/7686411858500209941,ngập Hoài Đức,kw_ngap_hoai_duc,Chào mừng mọi người đến vịnh Hoài Đức #ngâplụt ,#ngâplụt,2026-09-17T08:03:51+00:00,2,reject,thieu_nhom:B_giao_thong_tac_dong,0
7686428648378764551,https://www.tiktok.com/@nghoai94/video/7686428648378764551,ngập Hoài Đức,kw_ngap_hoai_duc,Lại là Hoài Đức mỗi khi mưa mng tránh đi nhé #Hoaiduc #QL32 ,#Hoaiduc #QL32,2026-09-17T09:08:56+00:00,239,reject,thieu_nhom:A_ngap_lut,0
7686258301037972743,https://www.tiktok.com/@nguyenquanghung2311/video/7686258301037972743,ngập Hoài Đức,kw_ngap_hoai_duc,Lai xá Hoài Đức Ngập Sâu mọi người lưu í khi đi qua đây,,2026-09-16T22:08:03+00:00,13,accept,du_3_nhom,1
7687229098665528594,https://www.tiktok.com/@angiang8998/video/7687229098665528594,ngập Hoài Đức,kw_ngap_hoai_duc,Lần thứ 2 đi HM mà gặp cảnh ngập lụt tn#angiang8998 #txsontay #hoaiduc #hanoi #🍀 ,#angiang8998 #txsontay #hoaiduc #hanoi,2026-09-19T12:55:03+00:00,4,reject,thieu_nhom:C_dia_diem,0
7687241827304606997,https://www.tiktok.com/@thuhuyen12__/video/7687241827304606997,ngập Hoài Đức,kw_ngap_hoai_duc,Hoài Đức vẫn ngập luôn ạ#ngaphanoi ,#ngaphanoi,2026-09-19T13:44:29+00:00,8,reject,thieu_nhom:B_giao_thong_tac_dong,0
7686311658716957973,https://www.tiktok.com/@hung.vinfasthanoi/video/7686311658716957973,ngập Hoài Đức,kw_ngap_hoai_duc,Ngập Hoài Đức ,,2026-09-17T01:35:03+00:00,123,reject,thieu_nhom:B_giao_thong_tac_dong,0
7688564091337657607,https://www.tiktok.com/@buihong1999/video/7688564091337657607,ngập Hoài Đức,kw_ngap_hoai_duc,Sắp chèo thuyền đi được luôn 🌧️💦☔️##xuhuongtiktok #fyp #mưa,#xuhuongtiktok #fyp #mưa,2026-09-23T03:15:37+00:00,0,reject,thieu_nhom:A_ngap_lut+C_dia_diem,0
7687277289763114260,https://www.tiktok.com/@minzhoaa_/video/7687277289763114260,ngập Hoài Đức,kw_ngap_hoai_duc,"Mệt quá thì về quê đi, mà đường về quê kiểu … #ngaplut #hoaiduc #hanoi #veque #thoitiethomnay ",#ngaplut #hoaiduc #hanoi #veque #thoitiethomnay,2026-09-19T16:02:05+00:00,4,reject,thieu_nhom:A_ngap_lut+C_dia_diem,0
7686815785158839573,https://www.tiktok.com/@duyhoang.nguyen92/video/7686815785158839573,ngập Hoài Đức,kw_ngap_hoai_duc,"Cầu Yên Sở vẫn ngập khá sâu nhé mọi người , chọn tuyến đường khác nhé #mưagióbãobùng ",#mưagióbãobùng,2026-09-18T10:11:14+00:00,19,accept,du_3_nhom,1
7686307054331399431,https://www.tiktok.com/@hoangthanhnga3108/video/7686307054331399431,ngập Hoài Đức,kw_ngap_hoai_duc,Mất phương hướng luôn ạ😩😩😩#ngaplut #hanoinews #xuhuong #viraltiktok #mua ,#ngaplut #hanoinews #xuhuong #viraltiktok #mua,2026-09-17T01:17:10+00:00,5,reject,thieu_nhom:A_ngap_lut+B_giao_thong_tac_dong+C_dia_diem,0
7686869487718780163,https://www.tiktok.com/@chuyenbentroiau/video/7686869487718780163,ngập Hoài Đức,kw_ngap_hoai_duc,"QL32 chiều 18/9 vẫn còn ngập sâu. Có đoạn nước khoảng nửa mét, nhiều phương tiện chết máy. Không biết độ sâu thì đừng cố vượt. #QuocLo32 #HoaiDuc #hanoi ",#QuocLo32 #HoaiDuc #hanoi,2026-09-18T13:39:38+00:00,4,reject,thieu_nhom:B_giao_thong_tac_dong+C_dia_diem,0
7686400339624365333,https://www.tiktok.com/@duyhoang.nguyen92/video/7686400339624365333,ngập Hoài Đức,kw_ngap_hoai_duc,Cầu Yên Sở ngập sâu #mưagióbãobùng ,#mưagióbãobùng,2026-09-17T07:19:08+00:00,79,reject,thieu_nhom:B_giao_thong_tac_dong,0
7686917157615078676,https://www.tiktok.com/@annhome.official/video/7686917157615078676,ngập Hoài Đức,kw_ngap_hoai_duc,"🚨 QUỐC LỘ 32 NGẬP KÉO DÀI 1,5 KM, NHIỀU XE CHẾT MÁY DÙ TRỜI ĐÃ TẠNH Ngày 18/9, Quốc lộ 32 đoạn qua xã Hoài Đức, Hà Nội vẫn ngập sâu dù mưa đã dứt từ chiều hôm trước. Đoạn ngập kéo dài gần 1,5 km, từ khu vực ngã tư Trạm Trôi đến trước trụ sở Công ty Thuốc Thú y Trung ương. 🌧️ Tại một số vị trí, nước sâu khoảng 50 cm, phủ kín cả hai chiều đường. Nhiều xe máy chết máy, trong khi ô tô phải di chuyển chậm hoặc lựa chọn hướng khác để tránh khu vực ngập. Đáng chú ý, mỗi khi xe tải, xe buýt đi qua, sóng nước dồn mạnh vào hai bên đường, khiến nhiều hộ dân phải dùng tấm chắn để hạn chế nước tràn vào nhà. Một điểm sửa xe trên tuyến ghi nhận hàng chục xe máy gặp sự cố trong ngày. Theo ghi nhận khí tượng, Hoài Đức là một trong những khu vực có lượng mưa lớn trong đợt vừa qua, với 249 mm trong 24 giờ từ 19h ngày 16/9 đến 19h ngày 17/9. 📍 Quốc lộ 32 là tuyến giao thông quan trọng kết nối khu vực phía Tây Hà Nội với trung tâm thành phố và các tỉnh phía Tây Bắc. Tình trạng ngập kéo dài tại đây tiếp tục cho thấy bài toán thoát nước và hạ tầng cần được quan tâm song song với quá trình đô thị hóa. 👉 Theo dõi ANN HOME để cập nhật nhanh những thông tin mới nhất về hạ tầng, quy hoạch và thị trường. #ANNHOME #QuocLo32 #HoaiDuc #HaTangGiaoThong #QuyHoach",#ANNHOME #QuocLo32 #HoaiDuc #HaTangGiaoThong #QuyHoach,2026-09-19T03:00:00+00:00,1,accept,du_3_nhom,1
7686344553581825298,https://www.tiktok.com/@huydailyvlog/video/7686344553581825298,ngập Hoài Đức,kw_ngap_hoai_duc,QL32 Hoài Đức mưa ngập sau cơn mưa xuyên đêm #mưa #HaNoi,#mưa #HaNoi,2026-09-17T03:42:39+00:00,2,reject,thieu_nhom:B_giao_thong_tac_dong,0
7686901339808353543,https://www.tiktok.com/@gamdao.1210/video/7686901339808353543,ngập Hoài Đức,kw_ngap_hoai_duc,22H Ngày 18/09 Khu 7 Trạm Trôi Hoài Đức #tiktokviral #trending #quoclo32 ,#tiktokviral #trending #quoclo32,2026-09-18T15:43:13+00:00,2,reject,thieu_nhom:A_ngap_lut+B_giao_thong_tac_dong,0
7686294134323219732,https://www.tiktok.com/@trangtrang7249/video/7686294134323219732,ngập Hoài Đức,kw_ngap_hoai_duc,Chỗ mọi người ổn không chứ chỗ e cỡ này rồi..😂😂 #vịnhhoaiđức #xuhuong,#vịnhhoaiđức #xuhuong,2026-09-17T00:27:00+00:00,2,reject,thieu_nhom:A_ngap_lut+B_giao_thong_tac_dong+C_dia_diem,0
7686855494828346645,https://www.tiktok.com/@haohaoangi/video/7686855494828346645,ngập Hoài Đức,kw_ngap_hoai_duc,Khu đô thị LIDECO 17h30 18/9 vẫn ngập sâu ra tận cổng #lidecongap  #lideco #khudothilideco #lidecohoaiduc ,#lidecongap #lideco #khudothilideco #lidecohoaiduc,2026-09-18T12:45:17+00:00,3,reject,thieu_nhom:B_giao_thong_tac_dong+C_dia_diem,0
7687036582100045064,https://www.tiktok.com/@use24121977truong/video/7687036582100045064,ngập Hoài Đức,kw_ngap_hoai_duc,#CapCut  @VĂN TRƯỜNG 1977 @Giọng Ca Để Đời ,#CapCut,2026-09-19T00:28:05+00:00,1,reject,thieu_nhom:A_ngap_lut+B_giao_thong_tac_dong+C_dia_diem,0
7686433575100534037,https://www.tiktok.com/@toyotahoaiduc.offical/video/7686433575100534037,ngập Hoài Đức,kw_ngap_hoai_duc,"Lưu ý! Trên trục đường 32 đã ghi nhận nhiều điểm ngập vừa đến ngập khá sâu, tuy nhiên, quanh Toyota Hoài Đức, cụ thể là trục quốc lộ 32 đường 3.5 rất thoáng đãng, không ghi nhận bất kỳ vũng ngập nào, quý KH lưu ý khi di chuyển! #muangaphanoi #ngaphanoi #hoaiduc",#muangaphanoi #ngaphanoi #hoaiduc,2026-09-17T09:29:55+00:00,0,accept,du_3_nhom,1
7686752847995669781,https://www.tiktok.com/@laodong.vn/video/7686752847995669781,ngập Hoài Đức,kw_ngap_hoai_duc,"Nước rút chậm sau mưa, một khu vực tại phía Tây Hà Nội vẫn ngập sâu #baolaodong #laodong #ngập",#baolaodong #laodong #ngập,2026-09-18T07:15:00+00:00,3,accept,du_3_nhom,1
7687115648392039688,https://www.tiktok.com/@phuongmai.shop/video/7687115648392039688,ngập Đan Phượng,kw_ngap_dan_phuong,Tân Lập Đan Phượng nay nước rút hơn chút nhưng vẫn nhiều nước cả nhà ạ . Nói chung đi lại vẫn thấy vất vả lắm 😩#mưa #ngập ,#mưa #ngập,2026-09-19T05:34:53+00:00,5,accept,du_3_nhom,1
7678935286843215111,https://www.tiktok.com/@sonnhadat_hanoi/video/7678935286843215111,ngập Đan Phượng,kw_ngap_dan_phuong,"Mưa lớn, nhiều dự án xuất hiện tình trạng ngập cục bộ. Khi mua nhà, anh chị cần kiểm tra những gì? - Hệ thống thoát nước. - Cao độ nền dự án. - Tần suất ngập trong nhiều năm. - Hạ tầng khu vực xung quanh. - Cách chủ đầu tư xử lý sau mưa lớn. #batdongsan #danphuong #vinhomes ",#batdongsan #danphuong #vinhomes,2026-08-28T04:30:56+00:00,6,reject,thieu_nhom:B_giao_thong_tac_dong+C_dia_diem,0
7686731748113222933,https://www.tiktok.com/@thukim0111/video/7686731748113222933,ngập Đan Phượng,kw_ngap_dan_phuong,,,2026-09-18T04:45:08+00:00,2,reject,thieu_nhom:A_ngap_lut+B_giao_thong_tac_dong+C_dia_diem,0
7687278266977160456,https://www.tiktok.com/@cafebiz.official/video/7687278266977160456,ngập Đan Phượng,kw_ngap_dan_phuong,"Đoạn Đan Phượng - Hà Nội đêm ngày 19/9, trông không khác gì lướt trên sông #hanoi#tintuc #tiktoknews #FJGT",#hanoi #tintuc #tiktoknews #FJGT,2026-09-19T16:05:51+00:00,97,reject,thieu_nhom:A_ngap_lut+B_giao_thong_tac_dong,0
7686322635398974721,https://www.tiktok.com/@hoang.phuong6166/video/7686322635398974721,ngập Đan Phượng,kw_ngap_dan_phuong,Tình hình ngập úng tại Vin Đan Phượng nhé các bác #creatorsearchinsights #hashtagxuhướng #batdongsan24h #vinhomeswondercity #vinhomesđanphượng ,#creatorsearchinsights #hashtagxuhướng #batdongsan24h #vinhomeswondercity #vinhomesđanphượng,2026-09-17T02:17:59+00:00,2,reject,thieu_nhom:B_giao_thong_tac_dong,0
7678165376420613384,https://www.tiktok.com/@thch.lang.thang81/video/7678165376420613384,ngập Đan Phượng,kw_ngap_dan_phuong,Nghe nói năm nay hết ngập #xuhuong ,#xuhuong,2026-08-26T02:43:13+00:00,10,reject,thieu_nhom:B_giao_thong_tac_dong+C_dia_diem,0
7687442929597697288,https://www.tiktok.com/@thanhthuwedding/video/7687442929597697288,ngập Đan Phượng,kw_ngap_dan_phuong,Trước ngày làm đám cưới mà nước ngập 20 phân kiểu 😌😌😌#rạp_cưới_đẹp #rạp_đẹp_đan_phượng #rạpcưới #xuhuong #fyp ,#rạp_cưới_đẹp #rạp_đẹp_đan_phượng #rạpcưới #xuhuong #fyp,2026-09-20T02:44:53+00:00,9,reject,thieu_nhom:B_giao_thong_tac_dong+C_dia_diem,0
7678669570969783559,https://www.tiktok.com/@thnh.dng9562/video/7678669570969783559,ngập Đan Phượng,kw_ngap_dan_phuong,Vincom đan phượng phố cũng thành sông,,2026-08-27T11:19:47+00:00,53,reject,thieu_nhom:A_ngap_lut+B_giao_thong_tac_dong,0
7686484904158186759,https://www.tiktok.com/@huyland.vn/video/7686484904158186759,ngập Đan Phượng,kw_ngap_dan_phuong,Vin Đan Phượng mưa lớn có ngập không! #ngập_vin_đan_phượng #Vinwondercity ,#ngập_vin_đan_phượng #Vinwondercity,2026-09-17T12:47:14+00:00,0,reject,thieu_nhom:B_giao_thong_tac_dong,0
7676500791296904456,https://www.tiktok.com/@viethoaihn/video/7676500791296904456,ngập Đan Phượng,kw_ngap_dan_phuong,Vinhomes Wonder city Đan Phượng có bị ngập sau trời mưa không ???  #wondercity #vinhomesdanphuong #Viethoaivinhomes  #Hisale #Homeplus,#wondercity #vinhomesdanphuong #Viethoaivinhomes #Hisale #Homeplus,2026-08-21T15:03:46+00:00,10,reject,thieu_nhom:B_giao_thong_tac_dong,0
7678931476313902352,https://www.tiktok.com/@1992venus/video/7678931476313902352,ngập Đan Phượng,kw_ngap_dan_phuong,Làm xây dựng sướng lắm . Ấm no cả đời đấy các cháu !#đời ,#đời,2026-08-28T04:16:37+00:00,22,reject,thieu_nhom:A_ngap_lut+B_giao_thong_tac_dong+C_dia_diem,0
7686829345834274055,https://www.tiktok.com/@domanhhuy88/video/7686829345834274055,ngập Đan Phượng,kw_ngap_dan_phuong,Ngập tại quốc lộ 32 đoạn từ Đan Phượng xuống Hoài Đức #muangap #giaothong ,#muangap #giaothong,2026-09-18T11:03:48+00:00,6,reject,thieu_nhom:B_giao_thong_tac_dong,0
7686780222032710933,https://www.tiktok.com/@nguyen.huy.vinhomes/video/7686780222032710933,ngập Đan Phượng,kw_ngap_dan_phuong,Lý do Vinhomes Đan Phượng không bị ngập. #VinDanPhuong #VinhomesWonderCity #ngapluthanoi #xuhuong #hottrendtiktok ,#VinDanPhuong #VinhomesWonderCity #ngapluthanoi #xuhuong #hottrendtiktok,2026-09-18T07:53:22+00:00,88,reject,thieu_nhom:B_giao_thong_tac_dong,0
7686673320611220756,https://www.tiktok.com/@kenhchiasedieutothay/video/7686673320611220756,ngập Đan Phượng,kw_ngap_dan_phuong,#xuhuongtiktok # vào mùa mưa bão lũ lụt này thì bà con Miền Bắc Miền Trung lại bị thiệt hại rồi cố lên nhé bà con #xuhuongtiktok ,#xuhuongtiktok #xuhuongtiktok,2026-09-18T00:58:28+00:00,1,reject,thieu_nhom:B_giao_thong_tac_dong+C_dia_diem,0
7678988584443006228,https://www.tiktok.com/@minh.vn.bs/video/7678988584443006228,ngập Đan Phượng,kw_ngap_dan_phuong,Cập nhật tình hình mưa ngập ngày 28/8 tại Vinhomes Đan Phượng #muangap #vinhome #vindanphuong #capnhat #danphuong ,#muangap #vinhome #vindanphuong #capnhat #danphuong,2026-08-28T07:57:44+00:00,9,reject,thieu_nhom:B_giao_thong_tac_dong,0
7686756991909285136,https://www.tiktok.com/@tuyet_nhasang/video/7686756991909285136,ngập Đan Phượng,kw_ngap_dan_phuong,"Các bác muốn về Tân Lập Tân Hội chưa biết đi hướng nào hợp lý gọi ngay cho em thổ địa Tân Lập, em hướng dẫn nhiệt tình nhé🤗#VinhomesWonderCity #ThànhPhốCủaNhữngTrảiNghiệmThờiThượng🌿 #BatDongSanHaNoi #TuyếtVillas❄️ #0983468318💌 ",#VinhomesWonderCity #ThànhPhốCủaNhữngTrảiNghiệmThờiThượng #BatDongSanHaNoi #TuyếtVillas #0983468318,2026-09-18T06:23:59+00:00,2,reject,thieu_nhom:A_ngap_lut+C_dia_diem,0
7686338695816842517,https://www.tiktok.com/@nguyenphantram1985/video/7686338695816842517,ngập Đan Phượng,kw_ngap_dan_phuong,Cập nhật tiến độ Ngập của Vinhomes ĐAN PHƯỢNG ngày 17/9/2026,,2026-09-17T03:19:53+00:00,0,reject,thieu_nhom:B_giao_thong_tac_dong,0
7686339110482595092,https://www.tiktok.com/@nguyen.huy.vinhomes/video/7686339110482595092,ngập Đan Phượng,kw_ngap_dan_phuong,Vin Đan Phượng ngày mưa có ngập không ? #VinDanPhuong #VinhomesWonderCity #xuhuong #ngapluthanoi #hottrendtiktok ,#VinDanPhuong #VinhomesWonderCity #xuhuong #ngapluthanoi #hottrendtiktok,2026-09-17T03:21:31+00:00,1,reject,thieu_nhom:B_giao_thong_tac_dong,0
7686678453990509845,https://www.tiktok.com/@hoai.dieu3/video/7686678453990509845,ngập Đan Phượng,kw_ngap_dan_phuong,Ngập lụt 🥰tân tây đô đan phượng Hà Nội chỗ mn sao òi,,2026-09-18T01:18:20+00:00,2,reject,thieu_nhom:B_giao_thong_tac_dong,0
7686500755041291541,https://www.tiktok.com/@huou_koy/video/7686500755041291541,ngập Đan Phượng,kw_ngap_dan_phuong,Sao Hà Nội có ngập đâu? Cũng là Hà Nội nhưng chỗ em nó lạ lắm á 🤨 #ngaplut #danphuong #hanoi #17092026,#ngaplut #danphuong #hanoi #17092026,2026-09-17T13:48:44+00:00,7,reject,thieu_nhom:B_giao_thong_tac_dong,0
7685343277955960071,https://www.tiktok.com/@giap.374/video/7685343277955960071,ngập Thường Tín,kw_ngap_thuong_tin,Thường tín ngập hết rồi @Hoàng lãng tử @KHO MÁY TRỌNG ĐỨC TGP @Nam ,,2026-09-14T10:57:07+00:00,10,reject,thieu_nhom:B_giao_thong_tac_dong,0
7683814157266947335,https://www.tiktok.com/@dophthao14/video/7683814157266947335,ngập Thường Tín,kw_ngap_thuong_tin,"Mang hết các thợ sửa máy, kẹt phanh tới đây…#xh #hanoi #ngaplut #luto #thuongtin ",#xh #hanoi #ngaplut #luto #thuongtin,2026-09-10T08:03:22+00:00,0,reject,thieu_nhom:A_ngap_lut+B_giao_thong_tac_dong+C_dia_diem,0
7683933099243080978,https://www.tiktok.com/@daiduongnam/video/7683933099243080978,ngập Thường Tín,kw_ngap_thuong_tin,hà nội mùa này phố cũng như  sông #nguoimoixaykenh #thuongtin #ngaymưa,#nguoimoixaykenh #thuongtin #ngaymưa,2026-09-10T15:44:54+00:00,3,reject,thieu_nhom:A_ngap_lut+B_giao_thong_tac_dong,0
7678655355219365127,https://www.tiktok.com/@tinhay141/video/7678655355219365127,ngập Thường Tín,kw_ngap_thuong_tin,"Nội thành cơ bản ko còn ngập, nhưng một số điểm trên tuyến QL1A qua Thường Tín cứ mưa to là ngập do hệ thống thoát nước quá kém!",,2026-08-27T10:24:35+00:00,0,accept,du_3_nhom,1
7677145675376758036,https://www.tiktok.com/@tuixinh2508/video/7677145675376758036,ngập Thường Tín,kw_ngap_thuong_tin,Trời mưa các bác đi xe máy cứ tránh các vũng nước ra! Đâm vào đấy ngã ra chỉ thiệt thân😢🥺 Bao hệ luỵ 🥺 #xuhuong #thườngtinhanoi #thuongtin #tắc_đường ,#xuhuong #thườngtinhanoi #thuongtin #tắc_đường,2026-08-23T08:46:17+00:00,5,reject,thieu_nhom:A_ngap_lut+C_dia_diem,0
7686746620490190098,https://www.tiktok.com/@vuducphuong1989/video/7686746620490190098,ngập Thanh Oai,kw_ngap_thanh_oai,"#xuhuong Làng Chuông,Xã Thanh Oai ngay lúc này...",#xuhuong,2026-09-18T05:42:50+00:00,0,reject,thieu_nhom:A_ngap_lut+B_giao_thong_tac_dong,0
7686667888530345234,https://www.tiktok.com/@useraqtjxoqsbv/video/7686667888530345234,ngập Thanh Oai,kw_ngap_thanh_oai,ngập nước đồng quan nhân thanh oai ,,2026-09-18T00:37:19+00:00,1,reject,thieu_nhom:B_giao_thong_tac_dong,0
7686403626893462791,https://www.tiktok.com/@ig.trnuqguan_25/video/7686403626893462791,ngập Thanh Oai,kw_ngap_thanh_oai,aura farming giữa mùa lũ à=))) #wibu #thanhoaib #aura ,#wibu #thanhoaib #aura,2026-09-17T07:31:55+00:00,9,reject,thieu_nhom:A_ngap_lut+B_giao_thong_tac_dong+C_dia_diem,0
7686463637439139090,https://www.tiktok.com/@mitomchuacay_100/video/7686463637439139090,ngập Thanh Oai,kw_ngap_thanh_oai,Thanh oai ngày mưa gió ,,2026-09-17T11:24:42+00:00,5,reject,thieu_nhom:A_ngap_lut+B_giao_thong_tac_dong,0
7686725563142212885,https://www.tiktok.com/@mrpizzathanhoai/video/7686725563142212885,ngập Thanh Oai,kw_ngap_thanh_oai,Nay trời nắng lên rồi #thanhoai #muabao ,#thanhoai #muabao,2026-09-18T04:21:09+00:00,4,reject,thieu_nhom:A_ngap_lut+B_giao_thong_tac_dong+C_dia_diem,0
7687154452071238932,https://www.tiktok.com/@freedzuidze/video/7687154452071238932,ngập Thanh Oai,kw_ngap_thanh_oai,#viral ĐỘC LẠ đám cưới sông nước MIỀN TÂY ở HÀ NỘI 🥰⁉️❤️ #Freedzuidze #xuhuong #thinhhanh ,#viral #Freedzuidze #xuhuong #thinhhanh,2026-09-19T08:05:25+00:00,1,reject,thieu_nhom:A_ngap_lut+B_giao_thong_tac_dong,0
7686335250091248903,https://www.tiktok.com/@mr.tuyen87/video/7686335250091248903,ngập Thanh Oai,kw_ngap_thanh_oai,"Đường Biến Thành Sông. Thôn Nga My Hạ,Xã Thanh Oai,HN",,2026-09-17T03:06:31+00:00,2,reject,thieu_nhom:A_ngap_lut+B_giao_thong_tac_dong,0
7686307052783799573,https://www.tiktok.com/@gu.li.nh/video/7686307052783799573,ngập Thanh Oai,kw_ngap_thanh_oai,ĐANG LIVE: Mùa bão ở Thanh Oai - Hà Nội Cấp độ: Ngập đến đầu gối Điểm: 10/10 trải nghiệm sinh tồn Ai giống tui không? 👇 #reviewbaolu #thanhoai #ngaplut #xuhuong #xuhuongtiktok ,#reviewbaolu #thanhoai #ngaplut #xuhuong #xuhuongtiktok,2026-09-17T01:17:11+00:00,0,accept,du_3_nhom,1
7677415630793952533,https://www.tiktok.com/@tuyen.hoa30/video/7677415630793952533,ngập Thanh Oai,kw_ngap_thanh_oai,"cây cầu mai kết nối giữa xã thanh oai - xã quảng bị, hiện đã bị ngập. mọi người di chuyển hướng khác nhea.#viral_video ",#viral_video,2026-08-24T02:13:52+00:00,0,accept,du_3_nhom,1
7678164110319652114,https://www.tiktok.com/@laodong.vn/video/7678164110319652114,ngập Thanh Oai,kw_ngap_thanh_oai,Cảnh người dân vận chuyển hàng qua cầu ngập nước ở Hà Nội #baolaodong #laodongtv #laodong.vn #hanoi #ngapnuoc,#baolaodong #laodongtv #laodong #hanoi #ngapnuoc,2026-08-26T03:15:00+00:00,20,reject,thieu_nhom:B_giao_thong_tac_dong,0
7685987367764708629,https://www.tiktok.com/@duonghaianh2k11/video/7685987367764708629,ngập Thanh Oai,kw_ngap_thanh_oai,#viralvideo #xuhuongtiktok #fyp #hagtagxuhuong #creatorsearchinsights ,#viralvideo #xuhuongtiktok #fyp #hagtagxuhuong #creatorsearchinsights,2026-09-16T04:36:32+00:00,2406,reject,thieu_nhom:A_ngap_lut+B_giao_thong_tac_dong+C_dia_diem,0
7687419690397846805,https://www.tiktok.com/@t.in340/video/7687419690397846805,ngập Thanh Oai,kw_ngap_thanh_oai,lại ngập nữa rồi😢😢😢😢#nuocngapmientrung #thanhhoa36 ,#nuocngapmientrung #thanhhoa36,2026-09-20T01:14:42+00:00,3,reject,thieu_nhom:B_giao_thong_tac_dong+C_dia_diem,0
7688570790991662353,https://www.tiktok.com/@longkhanhquetoi60/video/7688570790991662353,ngập Thanh Oai,kw_ngap_thanh_oai,"QUỐC LỘ 1A - KHU VỰC ĐÈO MẸ BỒNG CON ĐANG NGẬP SÂU TRONG BIỂN NƯỚC! 🌊⚠️ Mưa lớn liên tục làm nước đổ về như trút nước, biến đoạn đường ngay khu vực đèo Mẹ Bồng Con (An Lộc - Dầu Giây) thành sông rồi mọi người ơi! Nước ngập sâu, đục ngầu, dòng chảy lại xiết khiến các phương tiện di chuyển qua đây cực kỳ khó khăn và nguy hiểm. Nhìn mấy chiếc xe máy phải chật vật dắt bộ mà thấy thương quá. Cập nhật tình hình lúc này: Chỗ của mọi người mưa gió thế nào rồi? Có bị ngập úng hay gặp khó khăn gì không? Hãy chụp ảnh hoặc để lại bình luận ngay bên dưới cho ad và cả nhà cùng biết với nhé! 👇👇👇 #ĐèoMẹBồngCon #muolon #ngapnuoc #dongnai #longkhanh",#ĐèoMẹBồngCon #muolon #ngapnuoc #dongnai #longkhanh,2026-09-23T03:41:43+00:00,81,reject,thieu_nhom:C_dia_diem,0
7684967576388177173,https://www.tiktok.com/@thanh.kiu2491/video/7684967576388177173,ngập Thanh Oai,kw_ngap_thanh_oai,#xuhuo nước lên ngập vườn soài rồi cả nhà ơi ,#xuhuo,2026-09-13T10:39:16+00:00,14,reject,thieu_nhom:B_giao_thong_tac_dong+C_dia_diem,0
7686469878559214868,https://www.tiktok.com/@thuem2k/video/7686469878559214868,ngập Thanh Oai,kw_ngap_thanh_oai,Ôi anh ơi .. #xh #lulut #thanhhoa #viral ,#xh #lulut #thanhhoa #viral,2026-09-17T11:48:54+00:00,56,reject,thieu_nhom:A_ngap_lut+B_giao_thong_tac_dong+C_dia_diem,0
7672369865147026695,https://www.tiktok.com/@hao_nam2k/video/7672369865147026695,ngập Thanh Oai,kw_ngap_thanh_oai,Ae Thanh Oai vô xác nhận :)) #thanhoai #vietnam #thanhoaiquetoi♥️ #rewiew ,#thanhoai #vietnam #thanhoaiquetoi #rewiew,2026-08-10T11:53:46+00:00,145,reject,thieu_nhom:A_ngap_lut+B_giao_thong_tac_dong,0
7689051071850990869,https://www.tiktok.com/@quanghungne29/video/7689051071850990869,ngập Quốc Oai,kw_ngap_quoc_oai,Ngập lụt sâu tại Bến Vôi 📸📸📸 #xuhuong #fyp #trend #flycam #quocoai ,#xuhuong #fyp #trend #flycam #quocoai,2026-09-24T10:45:15+00:00,1,reject,thieu_nhom:B_giao_thong_tac_dong+C_dia_diem,0
7686792156840774919,https://www.tiktok.com/@quangxsm98/video/7686792156840774919,ngập Quốc Oai,kw_ngap_quoc_oai,Ngập Quốc Oai #quócoai29v7 ,#quócoai29v7,2026-09-18T08:39:33+00:00,34,reject,thieu_nhom:B_giao_thong_tac_dong,0
7688209747929074964,https://www.tiktok.com/@beatvnhanoii/video/7688209747929074964,ngập Quốc Oai,kw_ngap_quoc_oai,Cái khó ló cái khôn: Phương tiện đặc biệt mùa cưới những ngày ngập nặng tại Quốc Oai  #beatvnhanoi #beatnetwork,#beatvnhanoi #beatnetwork,2026-09-22T06:40:00+00:00,97,accept,du_3_nhom,1
7687937765421419783,https://www.tiktok.com/@thodia28/video/7687937765421419783,ngập Quốc Oai,kw_ngap_quoc_oai,,,2026-09-21T10:45:07+00:00,27,reject,thieu_nhom:A_ngap_lut+B_giao_thong_tac_dong+C_dia_diem,0
7687551247573962005,https://www.tiktok.com/@quanghungne29/video/7687551247573962005,ngập Quốc Oai,kw_ngap_quoc_oai,"Ngày 20/9, ngập tại đường: Cấn Thượng - Đông Yên. Rất nhiều xe cộ không thể sang được, đường đã bị chặn bằng hàng rào 📸📸📸 #xuhuong #fyp #trend #flycam #quocoai ",#xuhuong #fyp #trend #flycam #quocoai,2026-09-20T09:45:12+00:00,64,reject,thieu_nhom:B_giao_thong_tac_dong+C_dia_diem,0
7686305682743643410,https://www.tiktok.com/@thodia28/video/7686305682743643410,ngập Quốc Oai,kw_ngap_quoc_oai,ngập đường tỉnh lộ 412B #hongbien #chuongmy #quocoai ,#hongbien #chuongmy #quocoai,2026-09-17T01:11:49+00:00,54,reject,thieu_nhom:B_giao_thong_tac_dong+C_dia_diem,0
7688359592555760904,https://www.tiktok.com/@vn.thao261/video/7688359592555760904,ngập Quốc Oai,kw_ngap_quoc_oai,,,2026-09-22T14:01:57+00:00,0,reject,thieu_nhom:A_ngap_lut+B_giao_thong_tac_dong+C_dia_diem,0
7687082332435746066,https://www.tiktok.com/@chulongquanhnha/video/7687082332435746066,ngập Quốc Oai,kw_ngap_quoc_oai,"Mọi người xem biển Quốc Oai quê chú nhé😁   Chỗ các bạn còn ngập lắm không. Lụt cũng phải xong cái thang sớm,còn chuyển cây lên cho mọi người ngắm cùng😁 #chulongquanhnha #chimcanh #ngaplut #xuhuong #caycanh ",#chulongquanhnha #chimcanh #ngaplut #xuhuong #caycanh,2026-09-19T03:25:43+00:00,32,reject,thieu_nhom:B_giao_thong_tac_dong,0
7677561673850342676,https://www.tiktok.com/@24.maianh.11/video/7677561673850342676,ngập Quốc Oai,kw_ngap_quoc_oai,Cứ đến mùa mưa là lại khổ . Có cây cầu để đi qua lại đi làm mà lại ngập thế này . Cập nhật Cầu 72 Quốc Oai ngày 24/08/2026#cau72 #quocoai #muamua #ngapcau,#cau72 #quocoai #muamua #ngapcau,2026-08-24T11:40:34+00:00,44,accept,du_3_nhom,1
7686030908750826773,https://www.tiktok.com/@ngocanh5442/video/7686030908750826773,ngập Quốc Oai,kw_ngap_quoc_oai,Biển quốc oai #vlog #viral ,#vlog #viral,2026-09-16T07:25:31+00:00,1,reject,thieu_nhom:A_ngap_lut+B_giao_thong_tac_dong,0
7686104893878308117,https://www.tiktok.com/@quocoaiquehuongtoi/video/7686104893878308117,ngập Quốc Oai,kw_ngap_quoc_oai,Chính thức ngập lần thứ 2 qua đường Thôn Cấn Thượng <=> thôn Đông Thương #quocoaihanoi #quocoai #phucatquocoai ,#quocoaihanoi #quocoai #phucatquocoai,2026-09-16T12:12:36+00:00,13,reject,thieu_nhom:C_dia_diem,0
7686340098534821140,https://www.tiktok.com/@thaovan_29/video/7686340098534821140,ngập Quốc Oai,kw_ngap_quoc_oai,Biển khu công nghiệp thạch thất quốc oai mùa mưa bão #xuhuong #kcnthachthatquocoai #quocoai #thachthat #muabaolulutngap☔⛈️ ,#xuhuong #kcnthachthatquocoai #quocoai #thachthat #muabaolulutngap,2026-09-17T03:25:24+00:00,0,reject,thieu_nhom:A_ngap_lut+B_giao_thong_tac_dong,0
7678231797196426517,https://www.tiktok.com/@chinhbui732/video/7678231797196426517,ngập Quốc Oai,kw_ngap_quoc_oai,Quốc oai đi Xuân mai ngập 20cm,,2026-08-26T07:00:58+00:00,17,accept,du_3_nhom,1
7687494787582135573,https://www.tiktok.com/@khue_hair/video/7687494787582135573,ngập Quốc Oai,kw_ngap_quoc_oai,Thôn Muôn - Kiều Phú mùa nước lũ 2026 😓#LINH_NGUYỄN_SPA #ngập #bão #mưa #quốc_oai ,#LINH_NGUYỄN_SPA #ngập #bão #mưa #quốc_oai,2026-09-20T06:06:05+00:00,2,reject,thieu_nhom:B_giao_thong_tac_dong+C_dia_diem,0
7678116858532334868,https://www.tiktok.com/@huongdaily89/video/7678116858532334868,ngập Quốc Oai,kw_ngap_quoc_oai,"Tranh thủ đi lấy chuyến hàng trước khi nước lại ngập lên cao‼️👐 Cập nhật tình hình mực nước sáng nay tại tuyến đường Đông Thượng nối Cấn, đi Quốc Oai vào sáng sớm nay 26/8.  Các phương tiện vẫn di chuyển được nhé bà con!!  #phuongnhishop89   #Vlog  #xuhuongtiktok ",#phuongnhishop89 #Vlog #xuhuongtiktok,2026-08-25T23:34:58+00:00,2,accept,du_3_nhom,1
7687485580095065364,https://www.tiktok.com/@quocoaiquehuongtoi/video/7687485580095065364,ngập Quốc Oai,kw_ngap_quoc_oai,Cầu Quán Nước - thôn Cấn Thượng - xã Kiều Phú mùa nước ngập 20/09/2026#quocoaihanoi #quocoai #duong6cay ,#quocoaihanoi #quocoai #duong6cay,2026-09-20T05:30:22+00:00,6,reject,thieu_nhom:B_giao_thong_tac_dong+C_dia_diem,0
7677903521110347015,https://www.tiktok.com/@manhhaoxanhsm/video/7677903521110347015,ngập Quốc Oai,kw_ngap_quoc_oai,mưa gió. ngập nước ae đi cản thận nhé #taxi #xanhsm #xuhuong @mạnh hảo GREEN SM @mạnh hảo GREEN SM ,#taxi #xanhsm #xuhuong,2026-08-25T09:47:07+00:00,5,reject,thieu_nhom:C_dia_diem,0
7689088570782534930,https://www.tiktok.com/@loanminhtrang/video/7689088570782534930,ngập Chương Mỹ,kw_ngap_chuong_my,ngày ngập chương mỹ🇻🇳♥️🍀💐,,2026-09-24T13:10:50+00:00,9,reject,thieu_nhom:B_giao_thong_tac_dong,0
7687133298232970516,https://www.tiktok.com/@kuynh.anh/video/7687133298232970516,ngập Chương Mỹ,kw_ngap_chuong_my,📍Chương Mỹ quê em🙂Tưởng đâu ở miền Tây không đấy🫠 #ngapluthanoi #xuhuong #viral #hanoi #fyp ,#ngapluthanoi #xuhuong #viral #hanoi #fyp,2026-09-19T06:43:22+00:00,27,reject,thieu_nhom:A_ngap_lut+B_giao_thong_tac_dong,0
7687470800433073428,https://www.tiktok.com/@leequynhu/video/7687470800433073428,ngập Chương Mỹ,kw_ngap_chuong_my,Vlog đầu tay nhân dịp nước ngập vào nhà🤡#leequynhu #fyp #chuongmy ,#leequynhu #fyp #chuongmy,2026-09-20T04:33:01+00:00,90,reject,thieu_nhom:B_giao_thong_tac_dong+C_dia_diem,0
7688971175149538580,https://www.tiktok.com/@lan.anh1995/video/7688971175149538580,ngập Chương Mỹ,kw_ngap_chuong_my,Chợ Gà Hữu Văn sáng 23/9 #Cungduongdep #nhachaymoingay #dilamcogivui #ChuongMy #ngaplut ,#Cungduongdep #nhachaymoingay #dilamcogivui #ChuongMy #ngaplut,2026-09-24T05:35:14+00:00,4,reject,thieu_nhom:A_ngap_lut+B_giao_thong_tac_dong+C_dia_diem,0
7687116433775627540,https://www.tiktok.com/@conglangvietnam/video/7687116433775627540,ngập Chương Mỹ,kw_ngap_chuong_my,"Xóm Đồng Dâu, xã Tốt Động, huyện Chương Mỹ cũ – cứ vào mùa mưa, người dân nơi đây lại thấp thỏm vì nước dâng. Đường đi ngập, sinh hoạt đảo lộn, cuộc sống gặp không ít khó khăn… Một nỗi lo cứ lặp lại mỗi mùa mưa. 😔 #TotDong #MuaNgap #xuhuong #LangQueVietNam#conglangvietnam  ",#TotDong #MuaNgap #xuhuong #LangQueVietNam #conglangvietnam,2026-09-19T05:37:54+00:00,50,accept,du_3_nhom,1
7687849024811961620,https://www.tiktok.com/@conglangvietnam/video/7687849024811961620,ngập Chương Mỹ,kw_ngap_chuong_my,"TƯỞNG ĐANG Ở NƯỚC MỸ… AI NGỜ NGAY CHƯƠNG MỸ! 🌊😂 Mỹ Lương – Chương Mỹ, Hà Tây cũ mùa nước lên nhìn mênh mông như biển vô cực! 📍 Một góc quê nhà mà lên hình cũng khiến nhiều người phải hỏi: “Biển này ở đâu thế?”   #bienvocuc #chill #canhdep #xuhuong #conglangvietnam ",#bienvocuc #chill #canhdep #xuhuong #conglangvietnam,2026-09-21T05:00:43+00:00,155,reject,thieu_nhom:A_ngap_lut+B_giao_thong_tac_dong,0
7687444941689163015,https://www.tiktok.com/@love888888id/video/7687444941689163015,ngập Chương Mỹ,kw_ngap_chuong_my,Mưa có 3 ngày mà . Mà ngập toàn khu vực chương mỹ khổ người dân ,,2026-09-20T02:52:46+00:00,13,reject,thieu_nhom:B_giao_thong_tac_dong,0
7686281776901164308,https://www.tiktok.com/@co_khi_gia_dung_/video/7686281776901164308,ngập Chương Mỹ,kw_ngap_chuong_my,mưa lớn gây tràn hồ  #xuhuong #chuongmy #hanoi #ngaplut #moinguoi ,#xuhuong #chuongmy #hanoi #ngaplut #moinguoi,2026-09-16T23:39:05+00:00,11,reject,thieu_nhom:A_ngap_lut+B_giao_thong_tac_dong+C_dia_diem,0
7686076017970236690,https://www.tiktok.com/@nguyenthanhtrung168/video/7686076017970236690,ngập Chương Mỹ,kw_ngap_chuong_my,,,2026-09-16T10:20:33+00:00,442,reject,thieu_nhom:A_ngap_lut+B_giao_thong_tac_dong+C_dia_diem,0
7687223685945543954,https://www.tiktok.com/@thienhue7/video/7687223685945543954,ngập Chương Mỹ,kw_ngap_chuong_my,Nước lũ dâng cao mọi người đi lại cẩn thận nha #totdongchuongmy #ngap #thienhue7,#totdongchuongmy #ngap #thienhue7,2026-09-19T12:34:05+00:00,17,reject,thieu_nhom:A_ngap_lut+C_dia_diem,0
7687194791603440912,https://www.tiktok.com/@c198.studio/video/7687194791603440912,ngập Chương Mỹ,kw_ngap_chuong_my,đám cưới miền Tây - Chương Mỹ hơi lụt lội tí nhưng vui  #achiendz #psc #anhoi #viral ,#achiendz #psc #anhoi #viral,2026-09-19T10:42:22+00:00,32,reject,thieu_nhom:B_giao_thong_tac_dong,0
7687179143053643015,https://www.tiktok.com/@ttungyang_love/video/7687179143053643015,ngập Chương Mỹ,kw_ngap_chuong_my,Quả lũ quá khiếp tại Chương Mỹ 😱,,2026-09-19T09:41:18+00:00,9,reject,thieu_nhom:A_ngap_lut+B_giao_thong_tac_dong,0
7687040301835275528,https://www.tiktok.com/@namiya.news/video/7687040301835275528,ngập Chương Mỹ,kw_ngap_chuong_my,"ĐÊM 18 RẠNG SÁNG 19/9: NƯỚC SÔNG BÙI DÂNG CAO VƯỢT BÁO ĐỘNG 3, TRÀN QUA ĐÊ BAO ĐOẠN ĐỘI 8 THÔN 5 - NƯỚC TRÀN VÀO CHỢ SÁNG HỮU VĂN, QUẢNG BỊ Nguồn video: Tổng hợp bà con ghi lại | Thời gian: 00h15 ngày 19/09/2026 - Đê bao Bùi 2, Đội 8 thôn 5 Quảng Bị, chợ Sáng Hữu Văn, Chương Mỹ, Hà Nội #nuocsongBui #debaoBui2 #ChuongMy #QuangBi #HuuVan       ",#nuocsongBui #debaoBui2 #ChuongMy #QuangBi #HuuVan,2026-09-19T00:42:29+00:00,524,reject,thieu_nhom:B_giao_thong_tac_dong,0
7686360394272705799,https://www.tiktok.com/@cuongma_1991/video/7686360394272705799,ngập Chương Mỹ,kw_ngap_chuong_my,Cảm ơn các chú bộ đội#bộdoicuho🇻🇳 ,#bộdoicuho,2026-09-17T04:44:05+00:00,112,reject,thieu_nhom:A_ngap_lut+B_giao_thong_tac_dong+C_dia_diem,0
7677059962933185799,https://www.tiktok.com/@daothanhland/video/7677059962933185799,ngập Chương Mỹ,kw_ngap_chuong_my,Tình hình mưa gió triền miên ngập lụt Cầu Lam Điền và 1 số cầu khác mọi người đi chú ý ạ. 😆.Mưa gió e cứ lôi cần đi  câu cá. #chươngmỹ #ngập_lụt ,#chươngmỹ #ngập_lụt,2026-08-23T03:13:40+00:00,222,reject,thieu_nhom:C_dia_diem,0
7686294440994049301,https://www.tiktok.com/@tuyennguyenmaykhau/video/7686294440994049301,ngập Chương Mỹ,kw_ngap_chuong_my,#tuyếnnguyễnmáykhâu #vuivemoingay❤️❤️❤️ #xuhuongtiktok #xin đừng mưa nữa,#tuyếnnguyễnmáykhâu #vuivemoingay #xuhuongtiktok #xin,2026-09-17T00:28:11+00:00,6,reject,thieu_nhom:A_ngap_lut+B_giao_thong_tac_dong+C_dia_diem,0
7686807732640353556,https://www.tiktok.com/@annhien0331627_/video/7686807732640353556,ngập Chương Mỹ,kw_ngap_chuong_my,#viraltiktok #chuongmy mùa nước quê em😁#ngap vịnh Hoàng Văn Thụ 🤣🤣,#viraltiktok #chuongmy #ngap,2026-09-18T09:39:58+00:00,16,reject,thieu_nhom:A_ngap_lut+B_giao_thong_tac_dong+C_dia_diem,0
7686480848597978389,https://www.tiktok.com/@mt.thn.pocket/video/7686480848597978389,ngập Chương Mỹ,kw_ngap_chuong_my,,,2026-09-17T12:31:29+00:00,25,reject,thieu_nhom:A_ngap_lut+B_giao_thong_tac_dong+C_dia_diem,0
7687584300195237128,https://www.tiktok.com/@nguyenquyet18122001/video/7687584300195237128,ngập Chương Mỹ,kw_ngap_chuong_my,"Lũ lụt 2026 tại đội 8, thôn 5, Quảng Bị, Chương Mỹ. Ngập hơn năm 2024 #lulut #viral #xuhuong #2026 #thiennhien ",#lulut #viral #xuhuong #2026 #thiennhien,2026-09-20T11:53:26+00:00,12,reject,thieu_nhom:B_giao_thong_tac_dong,0
7686887528065944852,https://www.tiktok.com/@cucsngbnhyn6/video/7686887528065944852,ngập Chương Mỹ,kw_ngap_chuong_my,Chương mỹ quê tui,,2026-09-18T14:49:35+00:00,0,reject,thieu_nhom:A_ngap_lut+B_giao_thong_tac_dong,0
7687496558736182549,https://www.tiktok.com/@lim1404/video/7687496558736182549,ngập Chương Mỹ,kw_ngap_chuong_my,Lốp vẫn chìm mà chú!!!#ngập_lụt #biểnchươngmỹ #ngập_hết_đường #xhhhhhhhhhhhhhhhhhhhhhhh ,#ngập_lụt #biểnchươngmỹ #ngập_hết_đường #xhhhhhhhhhhhhhhhhhhhhhhh,2026-09-20T06:12:59+00:00,0,reject,thieu_nhom:B_giao_thong_tac_dong+C_dia_diem,0
7686094003003100434,https://www.tiktok.com/@nb221099/video/7686094003003100434,ngập Mê Linh,kw_ngap_me_linh,Có khác biển cái gì đâu chứ 🙄 #melinh #congnhan #dilam #mưa #kcnquangminh ,#melinh #congnhan #dilam #mưa #kcnquangminh,2026-09-16T11:30:19+00:00,25,reject,thieu_nhom:A_ngap_lut+B_giao_thong_tac_dong+C_dia_diem,0
7686391401617067272,https://www.tiktok.com/@thanhconglands.com/video/7686391401617067272,ngập Mê Linh,kw_ngap_me_linh,Cập Nhật ngày 17/09/2026 tại HUD Mê Linh #chungcu #bdsmelinh #viral #vanhdai4 #hudmelinh ,#chungcu #bdsmelinh #viral #vanhdai4 #hudmelinh,2026-09-17T06:44:31+00:00,0,reject,thieu_nhom:A_ngap_lut+B_giao_thong_tac_dong,0
7678721267368742165,https://www.tiktok.com/@truong.18cm/video/7678721267368742165,ngập Mê Linh,kw_ngap_me_linh,Cảnh chợ 15-7 ngập lụt-mưa gió #VỰATRÁICÂYXUÂNTRƯỜNG🍊🥑🍎🍉🥭🍋#CHỢTIỀNMÊLINH#xuhuong ,#VỰATRÁICÂYXUÂNTRƯỜNG #CHỢTIỀNMÊLINH #xuhuong,2026-08-27T14:40:21+00:00,0,reject,thieu_nhom:B_giao_thong_tac_dong+C_dia_diem,0
7677975853921340680,https://www.tiktok.com/@hienoilahien90/video/7677975853921340680,ngập Mê Linh,kw_ngap_me_linh,"📌 Cứu cánh cho chợ hoa quả lớn nhất miền Bắc trong những ngày nước dâng cao.  📌 Với thế đất cao,cư dân Hud Mê Linh hoàn toàn yên tâm trong những ngày mưa gió  #hudmelinh #vanhdai4 #melinh #chohoaquathanhlam #bdsmelinh ",#hudmelinh #vanhdai4 #melinh #chohoaquathanhlam #bdsmelinh,2026-08-25T14:27:50+00:00,2,reject,thieu_nhom:B_giao_thong_tac_dong,0
7677606256936242439,https://www.tiktok.com/@banhbeotv.com/video/7677606256936242439,ngập Mê Linh,kw_ngap_me_linh,"helo xin chào mọi người, hôm nay cùng mình đi vlong sau 3 4 ngày mưa bão mưa gió sẽ ra sao, lối cánh đồng mê linh hầu như có lỗi đã bị lụt đi đến nửa đường phải quay lại, còn lối đường duyên tục đi thẳng lên cống bơm ông toan đã bị sạt lở hai bên đường, cô chú đã thông báo cấm các loại xe ô tô không được đi đường đó, xe máy thì vẫn đi bình thường, nhưng mọi người vẫn phải giữ an toàn cho mình khi đi những lỗi bị sạt lở như vậy, chỗ mọi người đã bị ngập lụt như này chưa  #tt  #mưagióbãobùng  #mưabuồn  #xuhuongtiktok  #lũlụt ",#tt #mưagióbãobùng #mưabuồn #xuhuongtiktok #lũlụt,2026-08-24T14:33:31+00:00,14,accept,du_3_nhom,1
7684260207425277205,https://www.tiktok.com/@h.h.2k2/video/7684260207425277205,ngập Phúc Thọ,kw_ngap_phuc_tho,Làm nông nghiệp đã khó . Gặp thời tiết k thuận lại càng khó hơn. Cố lên a e mình ơi 😘#xuhuong #ngập_lụt #lamcàphê #xanhlun #bophoveque ,#xuhuong #ngập_lụt #lamcàphê #xanhlun #bophoveque,2026-09-11T12:54:17+00:00,109,reject,thieu_nhom:B_giao_thong_tac_dong+C_dia_diem,0
7686893787137838343,https://www.tiktok.com/@buitienphuong.06/video/7686893787137838343,ngập Phúc Thọ,kw_ngap_phuc_tho,Trung bình cứ 10 xe đi qua đoạn này thì một nửa xe chết máy🥲#ngap#veque#phutho#xh#viral ,#ngap #veque #phutho #xh #viral,2026-09-18T15:13:54+00:00,144,reject,thieu_nhom:A_ngap_lut+C_dia_diem,0
7685954252136647957,https://www.tiktok.com/@cuong29u1/video/7685954252136647957,ngập Phúc Thọ,kw_ngap_phuc_tho,Xả Đập …#xuhuongtiktok #muabao #ngaplut ,#xuhuongtiktok #muabao #ngaplut,2026-09-16T02:28:01+00:00,0,reject,thieu_nhom:A_ngap_lut+B_giao_thong_tac_dong+C_dia_diem,0
7677593389625330951,https://www.tiktok.com/@nhvnews/video/7677593389625330951,ngập Phúc Thọ,kw_ngap_phuc_tho,NƯỚC LŨ DÂNG CAO BÀ CON MẮC KẸT PHÚ THỌ VƯỢT LŨ TIẾP TẾ TẬN NHÀ BÀ CON KHÔNG ĐƠN ĐỘC GIỮA LŨ DỮ#nhvnews,#nhvnews,2026-08-24T13:43:37+00:00,17,reject,thieu_nhom:A_ngap_lut+B_giao_thong_tac_dong+C_dia_diem,0
7685724506442255637,https://www.tiktok.com/@nghiasevice/video/7685724506442255637,ngập Phúc Thọ,kw_ngap_phuc_tho,Ngập 2 ngày nữa chỗ ngô này coi như xong  mất bao công chăm sóc 😪#nghĩa #xh #lũlụt #annghia #phutho ,#nghĩa #xh #lũlụt #annghia #phutho,2026-09-15T11:36:29+00:00,0,reject,thieu_nhom:B_giao_thong_tac_dong+C_dia_diem,0
7686368772810116370,https://www.tiktok.com/@l.th.linh.ti/video/7686368772810116370,ngập Thạch Thất,kw_ngap_thach_that,khu công nghiệp Thạch thất ngày 17/9 lại ngập rồi ,,2026-09-17T05:16:37+00:00,17,reject,thieu_nhom:B_giao_thong_tac_dong,0
7670509059128364308,https://www.tiktok.com/@thom030401/video/7670509059128364308,ngập Thạch Thất,kw_ngap_thach_that,Mùa nước nổi #huubang #thachthat ,#huubang #thachthat,2026-08-05T11:32:51+00:00,240,reject,thieu_nhom:A_ngap_lut+B_giao_thong_tac_dong+C_dia_diem,0
7678650213170564372,https://www.tiktok.com/@nghiadayve/video/7678650213170564372,ngập Thạch Thất,kw_ngap_thach_that,Mưa rồi cả nhà ơi! #canhnau #nghiadayve #thachthat #bienoi,#canhnau #nghiadayve #thachthat #bienoi,2026-08-27T10:04:37+00:00,44,reject,thieu_nhom:A_ngap_lut+B_giao_thong_tac_dong+C_dia_diem,0
7686557570647018772,https://www.tiktok.com/@lacducmz/video/7686557570647018772,ngập Thạch Thất,kw_ngap_thach_that,quanh lành chắc có mỗi Hữu Bằng ngập !!#myzingcoffee #xuhuong #thachthat #trending ,#myzingcoffee #xuhuong #thachthat #trending,2026-09-17T17:29:11+00:00,5,reject,thieu_nhom:B_giao_thong_tac_dong+C_dia_diem,0
7686330325290454292,https://www.tiktok.com/@taogiaothongghn/video/7686330325290454292,ngập Thạch Thất,kw_ngap_thach_that,Ngập tại kcn Thạch Thất  #giaothong  #ngập ,#giaothong #ngập,2026-09-17T02:47:31+00:00,1,reject,thieu_nhom:B_giao_thong_tac_dong,0
7676296773815586069,https://www.tiktok.com/@hng.giang271/video/7676296773815586069,ngập Thạch Thất,kw_ngap_thach_that,Thạch Thất ngập rồi 😂 Hà lội ngập chưa ae 🤭,,2026-08-21T01:52:08+00:00,20,reject,thieu_nhom:B_giao_thong_tac_dong,0
7676749621246381333,https://www.tiktok.com/@hoatochoalac/video/7676749621246381333,ngập Thạch Thất,kw_ngap_thach_that,#vnu #hoalac #thachthat #fpt #hanoi ,#vnu #hoalac #thachthat #fpt #hanoi,2026-08-22T07:09:24+00:00,293,reject,thieu_nhom:A_ngap_lut+B_giao_thong_tac_dong+C_dia_diem,0
7686783765019921685,https://www.tiktok.com/@anhdoan0201/video/7686783765019921685,ngập Thạch Thất,kw_ngap_thach_that,Mưa đến là khổ mọi người ơi #xuhuongtiktok #ngập_hết_đường #kcnthachthatquocoai ,#xuhuongtiktok #ngập_hết_đường #kcnthachthatquocoai,2026-09-18T08:06:58+00:00,1,reject,thieu_nhom:B_giao_thong_tac_dong+C_dia_diem,0
7686742181993811221,https://www.tiktok.com/@dualeo1508/video/7686742181993811221,ngập Thạch Thất,kw_ngap_thach_that,Từ Thạch Thất về Phú Cát có lối nào không ngập không mn 😭 e xin đường về với #xuhuong #mưa #ngập ,#xuhuong #mưa #ngập,2026-09-18T05:25:38+00:00,5,reject,thieu_nhom:B_giao_thong_tac_dong,0
7678294997967392018,https://www.tiktok.com/@long.bietthu/video/7678294997967392018,ngập Thạch Thất,kw_ngap_thach_that,Mùa mưa lũ 2026 #xuhuong #mualu #hanoi #viral #thachthat ,#xuhuong #mualu #hanoi #viral #thachthat,2026-08-26T11:06:12+00:00,2,reject,thieu_nhom:A_ngap_lut+B_giao_thong_tac_dong+C_dia_diem,0
7686363311864237332,https://www.tiktok.com/@05th04/video/7686363311864237332,ngập Thạch Thất,kw_ngap_thach_that,Tập bơi à 🥹#kcnthachthat ,#kcnthachthat,2026-09-17T04:55:30+00:00,0,reject,thieu_nhom:A_ngap_lut+B_giao_thong_tac_dong+C_dia_diem,0
7686353257719024913,https://www.tiktok.com/@marlboro4953/video/7686353257719024913,ngập Thạch Thất,kw_ngap_thach_that,Video do người pháp quay lại trong trận mưa lũ năm 1945 thạch thất hà nội nay thuộc tây phương,,2026-09-17T04:17:04+00:00,2,reject,thieu_nhom:A_ngap_lut+B_giao_thong_tac_dong,0
7676412040021396757,https://www.tiktok.com/@dybzuenl6rak/video/7676412040021396757,ngập Thạch Thất,kw_ngap_thach_that,"Thạch thất Hà Nội , mưa lũ 😋😋",,2026-08-21T09:19:23+00:00,17,reject,thieu_nhom:A_ngap_lut+B_giao_thong_tac_dong,0
7686800190417685767,https://www.tiktok.com/@my.duyn821/video/7686800190417685767,ngập Thạch Thất,kw_ngap_thach_that,#que hương thạch thất em ngập hết rồi các bác ơi  đi đâu cũng phải đi bằng thuyền ạ ,#que,2026-09-18T09:10:43+00:00,3,accept,du_3_nhom,1
7678278630484643093,https://www.tiktok.com/@hoangngoctien/video/7678278630484643093,ngập Sơn Tây,kw_ngap_son_tay,🗣️:Mang thuyền phao ra bơi được rồi 😔 #sontay #ngaplut ,#sontay #ngaplut,2026-08-26T10:02:39+00:00,30,reject,thieu_nhom:A_ngap_lut+B_giao_thong_tac_dong+C_dia_diem,0
7686465067881221394,https://www.tiktok.com/@dyavn0ixztbo/video/7686465067881221394,ngập Sơn Tây,kw_ngap_son_tay,,,2026-09-17T11:30:16+00:00,366,reject,thieu_nhom:A_ngap_lut+B_giao_thong_tac_dong+C_dia_diem,0
7686747646849355016,https://www.tiktok.com/@beatsontay1/video/7686747646849355016,ngập Sơn Tây,kw_ngap_son_tay,"Hud Sơn Tây, vẫn đang mưa nước thì vẫn dâng.... #xuhuong #viral #trending #sontay #beatsontay ",#xuhuong #viral #trending #sontay #beatsontay,2026-09-18T05:46:49+00:00,60,reject,thieu_nhom:A_ngap_lut,0
7686434807470984469,https://www.tiktok.com/@hoangngoctien/video/7686434807470984469,ngập Sơn Tây,kw_ngap_son_tay,"😭Đừng khóc nữa ngập hết Sơn Tây nhà a rồi , Phố Cầu Trì Sơn Tây lúc 16h30 17/09/2026  #sontay ",#sontay,2026-09-17T09:32:51+00:00,44,reject,thieu_nhom:B_giao_thong_tac_dong,0
7686319397354409236,https://www.tiktok.com/@hoangngoctien/video/7686319397354409236,ngập Sơn Tây,kw_ngap_son_tay,"17/09/2016 Lại ngập rồi mn ạ , Cầu trì Sơn Tây ❌ Mọi người ai có đi qua khu vực cầu trì chuyển hướng đi đường khác nhé ạ #sontay  #ngaplut ",#sontay #ngaplut,2026-09-17T02:05:09+00:00,13,accept,du_3_nhom,1
7677802650548636948,https://www.tiktok.com/@hoangngoctien/video/7677802650548636948,ngập Sơn Tây,kw_ngap_son_tay,"❌❌Năm nào cũng vậy , Tuyến phố khổ nhất Sơn Tây #sontay #ngaplut ",#sontay #ngaplut,2026-08-25T03:15:39+00:00,124,reject,thieu_nhom:A_ngap_lut+B_giao_thong_tac_dong,0
7686716197483646228,https://www.tiktok.com/@hoangngoctien/video/7686716197483646228,ngập Sơn Tây,kw_ngap_son_tay,"❌Thương lắm lần 2 trong  năm 2026 , tuyến phố khổ nhất Sơn Tây 😭 #sontay #ngaplut ",#sontay #ngaplut,2026-09-18T03:44:53+00:00,86,reject,thieu_nhom:A_ngap_lut+B_giao_thong_tac_dong,0
7678990421745274133,https://www.tiktok.com/@hoangngoctien/video/7678990421745274133,ngập Sơn Tây,kw_ngap_son_tay,"💦 Đứa nào ước có một cơn mưa để xoa tan lỗi buồn , làm Sơn Tây t ngập moẹ thế này rồi 😔#sontay #ngaplut #viral ",#sontay #ngaplut #viral,2026-08-28T08:04:52+00:00,61,reject,thieu_nhom:B_giao_thong_tac_dong,0
7686885361968090376,https://www.tiktok.com/@nghiduongngoaithanh/video/7686885361968090376,ngập Sơn Tây,kw_ngap_son_tay,3 ngày mưa liên tục toàn Miền Bắc và Nón Ecolodge đã thực sự bị ngập trước thềm tổ chức đám cưới 500 khách #nghiduongngoaithanh #nonecolodge #tochucdamcuoi #sontay #wedding ,#nghiduongngoaithanh #nonecolodge #tochucdamcuoi #sontay #wedding,2026-09-18T14:41:10+00:00,60,reject,thieu_nhom:B_giao_thong_tac_dong+C_dia_diem,0
7679390470090362133,https://www.tiktok.com/@hoangngoctien/video/7679390470090362133,ngập Sơn Tây,kw_ngap_son_tay,"❌Hoá ra đây là nguyên nhân , khiến Sơn Tây tôi ngập chứ không phải là các em khóc ngập , hay ước mưa #Sontay #xuhuong #ngaplut ",#Sontay #xuhuong #ngaplut,2026-08-29T09:57:15+00:00,69,reject,thieu_nhom:B_giao_thong_tac_dong,0
7677788117872430357,https://www.tiktok.com/@chungbin1985/video/7677788117872430357,ngập Sơn Tây,kw_ngap_son_tay,POV: tình hình ngập tại Sơn Tây ,,2026-08-25T02:19:19+00:00,4,reject,thieu_nhom:B_giao_thong_tac_dong,0
7677560920540794119,https://www.tiktok.com/@datsut121518/video/7677560920540794119,ngập Sơn Tây,kw_ngap_son_tay,Ngập tại ngã 3 Cầu Chì Phường Sơn 👉 Đầu Hud 2 bên mép đường cũng ngập chút. #hanoi #vietnam #hottrend #sontay #capcut ,#hanoi #vietnam #hottrend #sontay #capcut,2026-08-24T11:37:41+00:00,16,reject,thieu_nhom:B_giao_thong_tac_dong+C_dia_diem,0
7678230625916030228,https://www.tiktok.com/@hoangngoctien/video/7678230625916030228,ngập Sơn Tây,kw_ngap_son_tay,"❌ Tuyến phố chịu ảnh hưởng đầu tiên và ảnh hưởng   nặng nề nhất ,  hiện tại vẫn đang ngập , chưa có dấu hiệu rút 😭😭 26/08/2026  #sontay #ngaplut ",#sontay #ngaplut,2026-08-26T06:56:24+00:00,43,reject,thieu_nhom:B_giao_thong_tac_dong+C_dia_diem,0
7687075082497232135,https://www.tiktok.com/@lamxaker/video/7687075082497232135,ngập Sơn Tây,kw_ngap_son_tay,Ôg trời ơi đừng mưa nữa #xuhuong #xuhuongtiktok #muabao #sontay #muabao ,#xuhuong #xuhuongtiktok #muabao #sontay #muabao,2026-09-19T02:57:27+00:00,1,reject,thieu_nhom:A_ngap_lut+B_giao_thong_tac_dong+C_dia_diem,0
7677914737341926664,https://www.tiktok.com/@beatsontay1/video/7677914737341926664,ngập Sơn Tây,kw_ngap_son_tay,"Tràn xả lũ Ngải Sơn xả 4 cửa để đảm bảo mực nước trong đập an toàn ❤️❤️ ""Hồ Đồng Mô - Xã Đoài Phương"" #xuhuong #beatsontay #sontay #trending #viral ",#xuhuong #beatsontay #sontay #trending #viral,2026-08-25T10:30:38+00:00,95,reject,thieu_nhom:A_ngap_lut+C_dia_diem,0
7687147788034936072,https://www.tiktok.com/@nghinghi8386/video/7687147788034936072,ngập Sơn Tây,kw_ngap_son_tay,Ngập hết rồi Quang Trung -Sơn Tây ơi #cuocsonghangngay #xhuongtiktok #,#cuocsonghangngay #xhuongtiktok,2026-09-19T07:39:36+00:00,2,reject,thieu_nhom:B_giao_thong_tac_dong,0
7677813507231911186,https://www.tiktok.com/@beatsontay1/video/7677813507231911186,ngập Sơn Tây,kw_ngap_son_tay,Cập nhật tình hình ngập sáng 25/8 tại HUD Sơn Tây...#xuhuong #beatsontay #sontay #trending #viral ,#xuhuong #beatsontay #sontay #trending #viral,2026-08-25T03:57:47+00:00,128,accept,du_3_nhom,1
7678264811968302357,https://www.tiktok.com/@minh_hoa1990/video/7678264811968302357,ngập Sơn Tây,kw_ngap_son_tay,#thinhhanhtiktok đập đồng mô ,#thinhhanhtiktok,2026-08-26T09:09:03+00:00,8,reject,thieu_nhom:A_ngap_lut+B_giao_thong_tac_dong+C_dia_diem,0
7677544135829507349,https://www.tiktok.com/@viethomes26/video/7677544135829507349,ngập Sơn Tây,kw_ngap_son_tay,"🌧️ MIỀN BẮC LIÊN TỤC CẢNH BÁO NGẬP LỤT ⚠️ Sơn Tây cũng khó tránh khỏi ảnh hưởng... 😥 🌊 Một số điểm trũng trên địa bàn đã xảy ra ngập úng rồi anh em ạ! Mong nước sớm rút, bà con đi lại và sinh hoạt an toàn, thuận lợi! ❤️ #HungSonTay  #SonTay #viethomes ",#HungSonTay #SonTay #viethomes,2026-08-24T10:32:30+00:00,11,accept,du_3_nhom,1
7677933816601660693,https://www.tiktok.com/@hoangngoctien/video/7677933816601660693,ngập Sơn Tây,kw_ngap_son_tay,Trong phố Quang Trung vẫn ổn nha mọi người cập nhật lúc 17h00 #sontay #ngaplut ,#sontay #ngaplut,2026-08-25T11:44:38+00:00,24,reject,thieu_nhom:A_ngap_lut+B_giao_thong_tac_dong,0
7686716784258403592,https://www.tiktok.com/@chacon2495/video/7686716784258403592,ngập Ba Vì,kw_ngap_ba_vi,"Trời mưa suốt, ngập hết rồi! #chacon #ngaplut #bavi @Phương Anh ",#chacon #ngaplut #bavi,2026-09-18T03:47:10+00:00,3,reject,thieu_nhom:B_giao_thong_tac_dong+C_dia_diem,0
7677422478196526343,https://www.tiktok.com/@hng.nguyn.quc025/video/7677422478196526343,ngập Ba Vì,kw_ngap_ba_vi,Ngập hết rồi #hưngđờithường #hưngsuốihai #bavi ,#hưngđờithường #hưngsuốihai #bavi,2026-08-24T02:40:32+00:00,0,reject,thieu_nhom:B_giao_thong_tac_dong+C_dia_diem,0
7685714532999679239,https://www.tiktok.com/@truong3574/video/7685714532999679239,ngập Ba Vì,kw_ngap_ba_vi,"Mưa ngập ao , ngập cả cầu😌",,2026-09-15T10:57:47+00:00,9,reject,thieu_nhom:B_giao_thong_tac_dong+C_dia_diem,0
7677228088299752722,https://www.tiktok.com/@huyeenmee/video/7677228088299752722,ngập Ba Vì,kw_ngap_ba_vi,Ba Vì ngày mưa 🌧  #fyp #chill ,#fyp #chill,2026-08-23T14:06:06+00:00,0,reject,thieu_nhom:A_ngap_lut+B_giao_thong_tac_dong,0
7687015702141635861,https://www.tiktok.com/@nguyetnguyen_08/video/7687015702141635861,ngập Mỹ Đức,kw_ngap_my_duc,,,2026-09-18T23:07:00+00:00,120,reject,thieu_nhom:A_ngap_lut+B_giao_thong_tac_dong+C_dia_diem,0
7686437837956287762,https://www.tiktok.com/@dokien1607/video/7686437837956287762,ngập Mỹ Đức,kw_ngap_my_duc,Thông báo: Đoạn đầu cầu Ái Nàng - thôn An Phú - xã Mỹ Đức đã ngập sâu. Bà con nhân dân đi đi lối này lưu ý cân nhắc trước khi đi nhé.!,,2026-09-17T09:44:37+00:00,100,accept,du_3_nhom,1
7686407097218632981,https://www.tiktok.com/@tranphuonq6789/video/7686407097218632981,ngập Mỹ Đức,kw_ngap_my_duc,Tình trạng này mấy mà lên tới đường #29y1 #mỹđức🇻🇳 #tếtiêu #sôngđáy ,#29y1 #mỹđức #tếtiêu #sôngđáy,2026-09-17T07:45:22+00:00,390,reject,thieu_nhom:A_ngap_lut+B_giao_thong_tac_dong+C_dia_diem,0
7686897976924507413,https://www.tiktok.com/@duong.thi.lan.anh74/video/7686897976924507413,ngập Mỹ Đức,kw_ngap_my_duc,"'18.09.2026 - Vân Đình, Mỹ Đức Nước lên nhanh quá bà con ơi () Mong mọi người bình an' #vanDinh #myDuc #hanoi #luLut #ngapLut   3. Vị trí: Gắn Vân Đình, Mỹ カーつ Hà Nôi để hà con dỗ tìm",#vanDinh #myDuc #hanoi #luLut #ngapLut,2026-09-18T15:30:08+00:00,19,reject,thieu_nhom:A_ngap_lut+B_giao_thong_tac_dong,0
7686831845228547348,https://www.tiktok.com/@giang.nguyn0010/video/7686831845228547348,ngập Mỹ Đức,kw_ngap_my_duc,Ngập lụt tại mỹ đức-hn,,2026-09-18T11:13:31+00:00,0,reject,thieu_nhom:B_giao_thong_tac_dong,0
7687112954059164946,https://www.tiktok.com/@dangnhungshop8/video/7687112954059164946,ngập Mỹ Đức,kw_ngap_my_duc,"Lịch sử đã lập lại rồi Mỹ Đức ơi thương bà con quá,thương bố mẹ chỉ có 2 ông bà ở nhà nước lại ngập như này không đi đâu được #nuoclu #fyp #mecua2be🐷🐍 ",#nuoclu #fyp #mecua2be,2026-09-19T05:24:30+00:00,2,accept,du_3_nhom,1
7687079822723484948,https://www.tiktok.com/@.meocon06/video/7687079822723484948,ngập Mỹ Đức,kw_ngap_my_duc,#xuhuong #tik  ngập từ 18/9/2026 Đồng chiêm mỹ đức hà nội ,#xuhuong #tik,2026-09-19T03:15:51+00:00,0,reject,thieu_nhom:B_giao_thong_tac_dong,0
7687128209363684628,https://www.tiktok.com/@habaidiem2010/video/7687128209363684628,ngập Mỹ Đức,kw_ngap_my_duc,Thực hiện phân luồng giao thông tại Ngã tư An Phú. Mỹ đức. Hà nội. Tránh xe qua lại khu vực nước sâu. Nguy hiểm. ,,2026-09-19T06:23:34+00:00,46,reject,thieu_nhom:A_ngap_lut,0
7686431555434155282,https://www.tiktok.com/@namlunriview/video/7686431555434155282,ngập Mỹ Đức,kw_ngap_my_duc,Hồ Tuy Lai Mỹ Đức ngập phủm rồi nha mn ơi,,2026-09-17T09:20:11+00:00,1,reject,thieu_nhom:B_giao_thong_tac_dong,0
7686705259527425298,https://www.tiktok.com/@syhiep19081998/video/7686705259527425298,ngập Mỹ Đức,kw_ngap_my_duc,Mưa Bão Ngập Úng Ở Xã Mỹ Đức Hà Nội #xuhuong #viralvideo ,#xuhuong #viralvideo,2026-09-18T03:02:22+00:00,0,reject,thieu_nhom:B_giao_thong_tac_dong,0
7687061837568888084,https://www.tiktok.com/@sau.9999/video/7687061837568888084,ngập Mỹ Đức,kw_ngap_my_duc,Ứng hoà và mỹ đức vẫn đang chìm trong biển nước…🥹🥹🥹 #xh #lu #ngaplut #myduc #unghoangphuc ,#xh #lu #ngaplut #myduc #unghoangphuc,2026-09-19T02:06:08+00:00,3,reject,thieu_nhom:A_ngap_lut+B_giao_thong_tac_dong,0
7687425068405640468,https://www.tiktok.com/@habaidiem2010/video/7687425068405640468,ngập Mỹ Đức,kw_ngap_my_duc,"🚨 Tổ ANTT xã Mỹ Đức hỗ trợ bà con trong mưa lũ, cảnh báo các khu vực ngập nước nguy hiểm. 🤝🌊 📢 Mọi người cùng chia sẻ để lan tỏa thông tin! #ToANTTXaMyDuc #ANTTCoSo #MyDuc #CanhBaoNgapNuoc #PhongChongLuLut ",#ToANTTXaMyDuc #ANTTCoSo #MyDuc #CanhBaoNgapNuoc #PhongChongLuLut,2026-09-20T01:35:35+00:00,3,reject,thieu_nhom:B_giao_thong_tac_dong,0
7687097178250169618,https://www.tiktok.com/@hhuong1981/video/7687097178250169618,ngập Mỹ Đức,kw_ngap_my_duc,Mỹ đúc mùa nước lũ 😭,,2026-09-19T04:23:14+00:00,2,reject,thieu_nhom:A_ngap_lut+B_giao_thong_tac_dong+C_dia_diem,0
7686687017513635092,https://www.tiktok.com/@congtran080899/video/7686687017513635092,ngập Mỹ Đức,kw_ngap_my_duc,"Ngập thật rồi các bác ạ, vẫn phải đi cày thôi #ngaplut #myduc ",#ngaplut #myduc,2026-09-18T01:51:37+00:00,2,reject,thieu_nhom:C_dia_diem,0
7686439270923373832,https://www.tiktok.com/@ba.giapp207/video/7686439270923373832,ngập Mỹ Đức,kw_ngap_my_duc,Biển ơiiiiiii 🌊 😂#xuhuongtiktok2026 #CapCut #xuhuongtiktok #myduc ,#xuhuongtiktok2026 #CapCut #xuhuongtiktok #myduc,2026-09-17T09:50:10+00:00,1,reject,thieu_nhom:A_ngap_lut+B_giao_thong_tac_dong+C_dia_diem,0
7686401635907603719,https://www.tiktok.com/@tinhyeuvanoinho29/video/7686401635907603719,ngập Mỹ Đức,kw_ngap_my_duc,#Nhớ quê,#Nhớ,2026-09-17T07:24:13+00:00,167,reject,thieu_nhom:A_ngap_lut+B_giao_thong_tac_dong+C_dia_diem,0
7686821809622240532,https://www.tiktok.com/@yenviolet88/video/7686821809622240532,ngập Mỹ Đức,kw_ngap_my_duc,Chỉ còn 10cm nữa là nước tràn wa đê😓😓😓#lut #mua #mienbac #myduc ,#lut #mua #mienbac #myduc,2026-09-18T10:34:36+00:00,49,reject,thieu_nhom:B_giao_thong_tac_dong+C_dia_diem,0
7677519178726657287,https://www.tiktok.com/@tiem.nha.gao09/video/7677519178726657287,ngập Mỹ Đức,kw_ngap_my_duc,"Lại 1 mùa mưa bão , nước dâng cao  #xh #viral #songday #myduc ",#xh #viral #songday #myduc,2026-08-24T08:55:44+00:00,15,reject,thieu_nhom:B_giao_thong_tac_dong+C_dia_diem,0
7686323172555099410,https://www.tiktok.com/@maimn34/video/7686323172555099410,ngập Mỹ Đức,kw_ngap_my_duc,trời mưa 3 ngày 3 đêm mưa nhiều sống đáy chàn đê ra đường sắp ngập nhà rồi 🥲@mỹ đức ,,2026-09-17T02:19:40+00:00,6,accept,du_3_nhom,1
7686363865663261972,https://www.tiktok.com/@duong.thi.lan.anh74/video/7686363865663261972,ngập Ứng Hòa,kw_ngap_ung_hoa,9h sáng 17/9 tại Vân Đình mưa lớn quá ạ 😥 Nước ngập hết ngõ xóm rồi. Thương các cô các bác đi lại vất vả quá. Mọi người ở Vân Đình mình ổn không ạ? #vandinh #unghoa #mua #ngaplut #Duonglananh ,#vandinh #unghoa #mua #ngaplut #Duonglananh,2026-09-17T04:57:37+00:00,17,reject,thieu_nhom:C_dia_diem,0
7685982350110493972,https://www.tiktok.com/@tahuynh40/video/7685982350110493972,ngập Ứng Hòa,kw_ngap_ung_hoa,Ứng hòa mùa nước nhiều thế này 🙈🙈🙈,,2026-09-16T04:17:03+00:00,0,reject,thieu_nhom:A_ngap_lut+B_giao_thong_tac_dong,0
7686384696111959314,https://www.tiktok.com/@sachanithtvnphngv/video/7686384696111959314,ngập Ứng Hòa,kw_ngap_ung_hoa,sông đáy ứng hòa hà nội mực nước lên cao lắm rồi. con lạy ông đừng mưa nữa.  bao tiền bạc con đổ hết vào ao cá này rồi,,2026-09-17T06:18:25+00:00,0,reject,thieu_nhom:A_ngap_lut+B_giao_thong_tac_dong,0
7677603366788140306,https://www.tiktok.com/@langvietquaflycam/video/7677603366788140306,ngập Ứng Hòa,kw_ngap_ung_hoa,"🌾 LÀNG VŨ NỘI – ỨNG HÒA – HÀ NỘI 🌾 🚁 Cùng Làng Việt qua Flycam trở về làng Vũ Nội, ngắm nhìn quê hương từ trên cao và cảm nhận vẻ đẹp mộc mạc, bình yên của một miền quê Ứng Hòa. Những mái nhà thân thuộc, con đường làng, cánh đồng trải dài và không gian yên ả tạo nên một bức tranh quê giản dị nhưng đầy sức sống. 🌿 Mỗi góc làng đều mang theo những câu chuyện, những ký ức và tình cảm gắn bó của bao thế hệ. Dù đi xa đến đâu, quê hương vẫn luôn là nơi khiến người ta nhớ về. ❤️ 📍 Vũ Nội – Ứng Hòa – Hà Nội 🎥 Làng Việt qua Flycam – ghi lại vẻ đẹp quê hương từ một góc nhìn khác. ❤️ Người con Vũ Nội đang ở đâu? Hãy để lại một ❤️, tag người thân và chia sẻ video để cùng lan tỏa vẻ đẹp quê mình nhé! #LangVuNoi #VuNoi #UngHoa #HaNoi #LangVietQuaFlycam #QueHuongUngHoa #FlycamVietNam #LangQueVietNam",#LangVuNoi #VuNoi #UngHoa #HaNoi #LangVietQuaFlycam #QueHuongUngHoa #FlycamVietNam #LangQueVietNam,2026-08-24T14:22:19+00:00,4,reject,thieu_nhom:A_ngap_lut,0
7677495187093966098,https://www.tiktok.com/@langvietquaflycam/video/7677495187093966098,ngập Ứng Hòa,kw_ngap_ung_hoa,"🌾 LÀNG HÒA XÁ – ỨNG HÒA – HÀ NỘI 🌾 🚁 Cùng Làng Việt qua Flycam bay qua làng Hòa Xá, ngắm nhìn quê hương từ trên cao – nơi những mái nhà thân thuộc, con đường làng và cánh đồng tạo nên một bức tranh quê mộc mạc, yên bình. Hòa Xá không chỉ là một địa danh, mà còn là nơi lưu giữ bao ký ức tuổi thơ, tình làng nghĩa xóm và những câu chuyện quê hương qua nhiều thế hệ. ❤️ 📍 Hòa Xá – Ứng Hòa – Hà Nội 🎥 Một góc nhìn mới để nhìn lại quê hương, tìm về những hình ảnh thân thương và bình dị nhất. ❤️ Người con Hòa Xá đang ở đâu? Hãy để lại một ❤️ và chia sẻ video để cùng lan tỏa vẻ đẹp quê mình nhé! #LangHoaXa #HoaXa #UngHoa #HaNoi #LangVietQuaFlycam #QueHuongUngHoa #FlycamVietNam #langquevietnamxua",#LangHoaXa #HoaXa #UngHoa #HaNoi #LangVietQuaFlycam #QueHuongUngHoa #FlycamVietNam #langquevietnamxua,2026-08-24T07:22:37+00:00,2,reject,thieu_nhom:A_ngap_lut+B_giao_thong_tac_dong,0
7686392936858209556,https://www.tiktok.com/@taxi.gia.re.038.2828.365/video/7686392936858209556,ngập Ứng Hòa,kw_ngap_ung_hoa,Mưa Ngập Thủ Đô Hà Nội  #xuhuong #xuhuongtiktok #xuhuongtiktok2024 #xaykenhtiktok #ngập ,#xuhuong #xuhuongtiktok #xuhuongtiktok2024 #xaykenhtiktok #ngập,2026-09-17T06:50:23+00:00,0,reject,thieu_nhom:B_giao_thong_tac_dong,0
7678668204297686280,https://www.tiktok.com/@langvietquaflycam/video/7678668204297686280,ngập Ứng Hòa,kw_ngap_ung_hoa,"📍 LÀNG ĐÔNG DƯƠNG – ỨNG HÒA – HÀ NỘI Một góc quê bình yên nhìn từ trên cao 💚 Những mái nhà, con đường làng, cánh đồng và nhịp sống thân thuộc… tất cả tạo nên một vẻ đẹp mộc mạc mà đầy thương nhớ. 🎥 Cùng Làng Việt qua Flycam khám phá Đông Dương – nơi lưu giữ những nét đẹp bình dị của quê hương Việt Nam. ❤️ Nếu bạn yêu quê hương, hãy thả tim – chia sẻ – theo dõi để cùng mình khám phá thêm nhiều ngôi làng đẹp của Ứng Hòa nhé! #LangDongDuong #DongDuong #UngHoa #HaNoi #LangViet #LangVietQuaFlycam #FlycamVietnam #QueHuongVietNam #VeDepLangQue #NongThonVietNam #TikTokVietnam #xuhuong #fyp #viralvideo",#LangDongDuong #DongDuong #UngHoa #HaNoi #LangViet #LangVietQuaFlycam #FlycamVietnam #QueHuongVietNam #VeDepLangQue #NongThonVietNam #TikTokVietnam #xuhuong #fyp #viralvideo,2026-08-27T11:14:23+00:00,0,reject,thieu_nhom:A_ngap_lut+B_giao_thong_tac_dong,0
7688512608395087125,https://www.tiktok.com/@luuminh.hoang/video/7688512608395087125,ngập Ứng Hòa,kw_ngap_ung_hoa,"- Mưa lớn gây ngập cục bộ và ách tắc giao thông  tại nhiều tỉnh Miền nam như Khánh hoà, Đồng nai, Hồ chí minh - Video được ghi nhận tại QL1A bệnh viện nhi chiều nay 22/9",,2026-09-22T23:55:50+00:00,250,reject,thieu_nhom:C_dia_diem,0
7684203582752705812,https://www.tiktok.com/@bcr.viet.nam/video/7684203582752705812,ngập Ứng Hòa,kw_ngap_ung_hoa,TP.HCM VỪA TRẢI QUA TRẬN MƯA  LỚN NHẤT TỪ ĐẦU NĂM 2026 #bao #mua #ngapung #new,#bao #mua #ngapung #new,2026-09-11T09:14:35+00:00,7,reject,thieu_nhom:A_ngap_lut+B_giao_thong_tac_dong+C_dia_diem,0
7688665476322364690,https://www.tiktok.com/@php.nguyn0055/video/7688665476322364690,ngập Ứng Hòa,kw_ngap_ung_hoa,"Hôm nay 23/9/2026 khu vực Quốc Lộ 1A gần Bệnh Viện Thánh Tâm, đã bị ngập trong nước do mưa lớn kéo dài",,2026-09-23T09:48:59+00:00,55,reject,thieu_nhom:B_giao_thong_tac_dong+C_dia_diem,0
7688958944416451892,https://www.tiktok.com/@saigontrend.vn/video/7688958944416451892,ngập Ứng Hòa,kw_ngap_ung_hoa,Top những con đường ở Sài Gòn hở mưa là ngập #saigontrend #sukien #fantasticnetwork #saigonnews #saigonangi #saigon,#saigontrend #sukien #fantasticnetwork #saigonnews #saigonangi #saigon,2026-09-24T04:47:50+00:00,351,reject,thieu_nhom:B_giao_thong_tac_dong+C_dia_diem,0
7688191696106212629,https://www.tiktok.com/@thientempest0605/video/7688191696106212629,ngập Ứng Hòa,kw_ngap_ung_hoa,Miền Bắc sắp Nồm ẩm kèm mưa ngay trong mùa thu này ???: #mưa #bão #ngập #thientempest🌪️⚡ ,#mưa #bão #ngập #thientempest,2026-09-22T03:10:31+00:00,180,reject,thieu_nhom:B_giao_thong_tac_dong+C_dia_diem,0
7687486860645518600,https://www.tiktok.com/@vuonghung37/video/7687486860645518600,ngập Ứng Hòa,kw_ngap_ung_hoa,Mưa ngập khắp các tỉnh thành miền trung #vinh #lulut #xuhuong ,#vinh #lulut #xuhuong,2026-09-20T05:35:23+00:00,397,reject,thieu_nhom:B_giao_thong_tac_dong+C_dia_diem,0
7688565673240448276,https://www.tiktok.com/@vyanh_coffee95/video/7688565673240448276,ngập Ứng Hòa,kw_ngap_ung_hoa,Mưa 15p thôi mà đường Quốc Lộ1 ngập cỡ này rồi #quốclộ1a  #hốnai_biênhoà  #fypシ #xh #viral ,#quốclộ1a #hốnai_biênhoà #fypシ #xh #viral,2026-09-23T03:21:44+00:00,176,reject,thieu_nhom:B_giao_thong_tac_dong+C_dia_diem,0
7684055758689864981,https://www.tiktok.com/@vnexpress.official/video/7684055758689864981,ngập Ứng Hòa,kw_ngap_ung_hoa,"Hầm chui ở cửa ngõ TP HCM ngập nửa mét, ôtô chết máy #vnexpress #vnego ",#vnexpress #vnego,2026-09-10T23:40:55+00:00,0,reject,thieu_nhom:B_giao_thong_tac_dong+C_dia_diem,0
7688319837055028501,https://www.tiktok.com/@baodientuvov/video/7688319837055028501,ngập Ứng Hòa,kw_ngap_ung_hoa,"Chiều 22/9, mưa lớn kéo dài khiến nước dâng nhanh trên nhiều tuyến đường tại TP.HCM, có nơi ngập nặng qua đầu gối người lớn. Việc đi lại trong giờ tan tầm gặp nhiều khó khăn, một số xe máy chết máy giữa đường.",,2026-09-22T11:27:45+00:00,0,reject,thieu_nhom:C_dia_diem,0
7686309097347616021,https://www.tiktok.com/@hiennhipp203/video/7686309097347616021,ngập Phú Xuyên,kw_ngap_phu_xuyen,"Nước sộng nhuệ chưa ngập , tao vẫn đi tốt 😆#nemtccphúxuyên #nemchuatccphuxuyen #xh ",#nemtccphúxuyên #nemchuatccphuxuyen #xh,2026-09-17T01:25:08+00:00,15,reject,thieu_nhom:C_dia_diem,0
7684887065657380116,https://www.tiktok.com/@phuongmit_hn2/video/7684887065657380116,ngập Phú Xuyên,kw_ngap_phu_xuyen,#xuhuong #phuongmit #phuxuyen Phóng ziên trú tại làng dâuu có mặt👇,#xuhuong #phuongmit #phuxuyen,2026-09-13T05:26:50+00:00,135,reject,thieu_nhom:A_ngap_lut+B_giao_thong_tac_dong+C_dia_diem,0
7683874630670634260,https://www.tiktok.com/@nynguyen1606/video/7683874630670634260,ngập Phú Xuyên,kw_ngap_phu_xuyen,mưa lớn ngập sâu tại Lý Tế Xuyên Linh Đông,,2026-09-10T11:58:03+00:00,0,reject,thieu_nhom:B_giao_thong_tac_dong+C_dia_diem,0
7680036274727816469,https://www.tiktok.com/@thanh.hng1437/video/7680036274727816469,ngập Phú Xuyên,kw_ngap_phu_xuyen,"Cũng đc về sớm, nghỉ ngày lễ 2/9 như ai…. #tiktok #xuhuongtiktok ",#tiktok #xuhuongtiktok,2026-08-31T03:43:18+00:00,13,reject,thieu_nhom:A_ngap_lut+B_giao_thong_tac_dong+C_dia_diem,0
7677770650898943250,https://www.tiktok.com/@quangquac28/video/7677770650898943250,ngập Phú Xuyên,kw_ngap_phu_xuyen,Bình Xuyên lại ngập nha bà con #binhxuyen_vinhphuc #viral #bathien2 ,#binhxuyen_vinhphuc #viral #bathien2,2026-08-25T01:11:34+00:00,32,reject,thieu_nhom:B_giao_thong_tac_dong+C_dia_diem,0
7685409044261113095,https://www.tiktok.com/@nguoitinhmotdem05/video/7685409044261113095,ngập Phú Xuyên,kw_ngap_phu_xuyen,#fypシ #🐢 #thanhtam #uocduoclenxuhuong ,#fypシ #thanhtam #uocduoclenxuhuong,2026-09-14T15:12:20+00:00,2,reject,thieu_nhom:A_ngap_lut+B_giao_thong_tac_dong+C_dia_diem,0
7677131326046162183,https://www.tiktok.com/@longnguyen3t/video/7677131326046162183,ngập Mỹ Đình,kw_ngap_my_dinh,sân bay Mỹ đình nhìn như vịnh Hạ Long ý 🫰🫰🫰🙏🙏🙏🙏🙏🙏#xuhuong #xuhuongtiktok #xuhuong2026 #ngaplut #🌷💐🌹❤️❤️🌹🌹❤️🌹💐💐 ,#xuhuong #xuhuongtiktok #xuhuong2026 #ngaplut,2026-08-23T07:50:44+00:00,9,reject,thieu_nhom:A_ngap_lut+B_giao_thong_tac_dong,0
7684145558872689940,https://www.tiktok.com/@laidichualanh/video/7684145558872689940,ngập Mỹ Đình,kw_ngap_my_dinh,Biển Mỹ Đình lịch sử T10 năm 2025 Năm nay có hồ điều hoà và hệ thống thoát nước Nhah lắm k còn tình trạng Ngập úng sâu như vậy nữa … Nọ mưa to mà ngập có tí xong thoát nước nhah lắm luôn .  #chualanh #chill #thongtin #ngaplut #xuhuong ,#chualanh #chill #thongtin #ngaplut #xuhuong,2026-09-11T05:29:25+00:00,10,accept,du_3_nhom,1
7678667567967292693,https://www.tiktok.com/@tuansmo_08/video/7678667567967292693,ngập Mỹ Đình,kw_ngap_my_dinh,Mỹ Đình ngập lắm,,2026-08-27T11:11:58+00:00,2,reject,thieu_nhom:B_giao_thong_tac_dong,0
7686357296770764052,https://www.tiktok.com/@xkldxuancan/video/7686357296770764052,ngập Mỹ Đình,kw_ngap_my_dinh,TRỜI MƯA QUÁ BIỂN ĐẢO MỸ ĐÌNH NGẬP RÙI ACE  CHỖ MỌI NGƯỜI SAO NHỈ  #hànội  #mỹđình ,#hànội #mỹđình,2026-09-17T04:32:03+00:00,8,reject,thieu_nhom:B_giao_thong_tac_dong,0
7686364459077504264,https://www.tiktok.com/@bexinhreview.giadung/video/7686364459077504264,ngập Mỹ Đình,kw_ngap_my_dinh,Mưa bão ơi đừng về  #xuhuong #mualu ,#xuhuong #mualu,2026-09-17T04:59:54+00:00,0,reject,thieu_nhom:A_ngap_lut+B_giao_thong_tac_dong+C_dia_diem,0
7686313193773321492,https://www.tiktok.com/@kenhxam1994/video/7686313193773321492,ngập Mỹ Đình,kw_ngap_my_dinh,Mưa ngậ!p quá các cụ ạ . Ae cập nhật tình hình đi ạ . Chứ bên Mỹ Đình e đi ngậ!p quá #kenhxam1994 #muangaphanoi #cangnuocsaumydinh #hanoinhungnoinaongap,#kenhxam1994 #muangaphanoi #cangnuocsaumydinh #hanoinhungnoinaongap,2026-09-17T01:41:01+00:00,6,reject,thieu_nhom:A_ngap_lut,0
7678709575289244949,https://www.tiktok.com/@trqh103/video/7678709575289244949,ngập Mỹ Đình,kw_ngap_my_dinh,Biển mỹ đình cứ mưa là ngập nhé :))) #xuhuong #muagio #loinuoc #ngaplut #cay ,#xuhuong #muagio #loinuoc #ngaplut #cay,2026-08-27T13:54:57+00:00,0,reject,thieu_nhom:B_giao_thong_tac_dong,0
7686400660564102417,https://www.tiktok.com/@duongbuon9x/video/7686400660564102417,ngập Mỹ Đình,kw_ngap_my_dinh,Mỹ Đình mùa mưa#mưa #ngập #mỹđình ,#mưa #ngập #mỹđình,2026-09-17T07:20:54+00:00,0,reject,thieu_nhom:B_giao_thong_tac_dong,0
7686283568602975506,https://www.tiktok.com/@www.tiktok31696021185/video/7686283568602975506,ngập Cầu Diễn,kw_ngap_cau_dien,Cầu diễn đường 32 thất thủ rồi #mưabuồn #hanoingaplut ,#mưabuồn #hanoingaplut,2026-09-16T23:45:57+00:00,3,reject,thieu_nhom:A_ngap_lut+B_giao_thong_tac_dong,0
7686238954726755605,https://www.tiktok.com/@vangiang7979/video/7686238954726755605,ngập Cầu Diễn,kw_ngap_cau_dien,Húuuuu cầu diễn 2h sáng hn ơiii🙂 #hn #ngap #caudien #hotungmau,#hn #ngap #caudien #hotungmau,2026-09-16T20:52:58+00:00,0,reject,thieu_nhom:A_ngap_lut+B_giao_thong_tac_dong,0
7686335592409353493,https://www.tiktok.com/@a2b2c2d2e/video/7686335592409353493,ngập Cầu Diễn,kw_ngap_cau_dien,"ngập tại cầu diễn năm ngoái, không biết năm nay còn ngập không các bác nhỉ #ngaplut #hanoi ",#ngaplut #hanoi,2026-09-17T03:07:55+00:00,8,reject,thieu_nhom:B_giao_thong_tac_dong,0
7686357181188377857,https://www.tiktok.com/@tinthu140/video/7686357181188377857,ngập Cầu Diễn,kw_ngap_cau_dien,Người dân đi làm qua tuyến đường … đường 32 Kiều mai Cầu Diễn Hà Nội ngập nhiều quá,,2026-09-17T04:31:47+00:00,2,accept,du_3_nhom,1
7686292495008812309,https://www.tiktok.com/@vanthuy65.84/video/7686292495008812309,ngập Cầu Diễn,kw_ngap_cau_dien,Mưa lụt 2026#xuhuong #viral #fyp #mưa #caudien ,#xuhuong #viral #fyp #mưa #caudien,2026-09-17T00:20:37+00:00,5,reject,thieu_nhom:B_giao_thong_tac_dong+C_dia_diem,0
7686417962902883602,https://www.tiktok.com/@1998_thanhkhongbip/video/7686417962902883602,ngập Cầu Diễn,kw_ngap_cau_dien,Vịnh Cầu Diễn Hà Nội 😃,,2026-09-17T08:27:32+00:00,2,reject,thieu_nhom:A_ngap_lut+B_giao_thong_tac_dong,0
7686281897554758933,https://www.tiktok.com/@lamphung710/video/7686281897554758933,ngập Cầu Diễn,kw_ngap_cau_dien,biển cầu diễn #hanoi #xuhuong #fypシ ,#hanoi #xuhuong #fypシ,2026-09-16T23:39:33+00:00,2,reject,thieu_nhom:A_ngap_lut+B_giao_thong_tac_dong,0
7686380706334870805,https://www.tiktok.com/@ngdephayan/video/7686380706334870805,ngập Cầu Diễn,kw_ngap_cau_dien,#Viral cố lên sắp đến trường r  Ga Minh Khai cầu Diễn lối đi Haui ngay lúc này =)) #xuhuong #ngaphanoi #viraltiktok ,#Viral #xuhuong #ngaphanoi #viraltiktok,2026-09-17T06:02:56+00:00,2,reject,thieu_nhom:A_ngap_lut,0
7686475958357871880,https://www.tiktok.com/@dongdanghocfpt99/video/7686475958357871880,ngập Cầu Diễn,kw_ngap_cau_dien,Biển cầu diễn ,,2026-09-17T12:12:30+00:00,1,reject,thieu_nhom:A_ngap_lut+B_giao_thong_tac_dong,0
7686326914713226517,https://www.tiktok.com/@ongchuhoi1983/video/7686326914713226517,ngập Cầu Diễn,kw_ngap_cau_dien,Cập nhật 9h30 thứ 5  ngày 17/9/2026 Tại Ga Minh khai Cầu Diễn Hà Nội biển nước...#fvp #xh #hanoi ,#fvp #xh #hanoi,2026-09-17T02:34:13+00:00,0,reject,thieu_nhom:A_ngap_lut+B_giao_thong_tac_dong,0
7678686404485926151,https://www.tiktok.com/@hunre.logistics.lscm/video/7678686404485926151,ngập Cầu Diễn,kw_ngap_cau_dien,Một góc biển Hà Lội tại Cầu Diễn🫠 #ngaplut #bienoi #thoitiet #muabao ,#ngaplut #bienoi #thoitiet #muabao,2026-08-27T12:55:00+00:00,2,reject,thieu_nhom:A_ngap_lut+B_giao_thong_tac_dong,0
7686328430375243029,https://www.tiktok.com/@netdephaui/video/7686328430375243029,ngập Cầu Diễn,kw_ngap_cau_dien,Toàn xe ngap nuoc #minhchinhoto #natnhuchaocho #muabao #ngaplut #xemay ,#minhchinhoto #natnhuchaocho #muabao #ngaplut #xemay,2026-09-17T02:40:02+00:00,2,reject,thieu_nhom:A_ngap_lut+B_giao_thong_tac_dong+C_dia_diem,0
7686295735175744788,https://www.tiktok.com/@baongocapple/video/7686295735175744788,ngập Nhổn,kw_ngap_nhon,"17/9/26 Các cụ đoán em đưa được mấy đứa đến trường k ạ? Nhổn - Trạm Xăng Lai Xá - Ngã Tư Trôi - Wisteria - Nhồn 😅 Các cụ mạn này nhanh trí xin làm online đi ạ, xe chết dọc đường mấy cái rùi. Mà nay em ra khỏi nhà 6:15 ạ, 🥲 này thì Trịnh Văn Bô Mỹ Đình ngay lúc này các thứ ngập nét khỏi bàn #mưabão #ngậplụt #wfh ",#mưabão #ngậplụt #wfh,2026-09-17T00:33:08+00:00,5,accept,du_3_nhom,1
7686909905533422856,https://www.tiktok.com/@chungnguyenhd92/video/7686909905533422856,ngập Nhổn,kw_ngap_nhon,"Mưa từ 17/09 đến nay, Nhổn - Đường 32 vẫn ngập! Trời quang rồi mà nước chưa rút, còn 1,2m nữa là mất trắng. Thức 3 đêm rồi, chỉ mong nước mau rút... 😭 #taytuu #nhon #taytuu #nhon           #CapCut ",#taytuu #nhon #taytuu #nhon #CapCut,2026-09-18T16:16:25+00:00,0,reject,thieu_nhom:B_giao_thong_tac_dong,0
7687095947599432968,https://www.tiktok.com/@vantuzr7/video/7687095947599432968,ngập Nhổn,kw_ngap_nhon,biển ơi giữa lòng nhổn hà nội biển ơi biển#bienoi#biển#ngập_lụt #hanoi ,#bienoi #biển #ngập_lụt #hanoi,2026-09-19T04:18:30+00:00,0,reject,thieu_nhom:B_giao_thong_tac_dong,0
7686343624971259143,https://www.tiktok.com/@thunhang.chucanh/video/7686343624971259143,ngập Nhổn,kw_ngap_nhon,"Nhổn, Hà Nội - 17/9/2026. #new #ngap #nhon #xuhuong  #thunhangchucanh ",#new #ngap #nhon #xuhuong #thunhangchucanh,2026-09-17T03:39:03+00:00,0,reject,thieu_nhom:A_ngap_lut+B_giao_thong_tac_dong,0
7686409087122443538,https://www.tiktok.com/@duonggphuong/video/7686409087122443538,ngập Nhổn,kw_ngap_nhon,,,2026-09-17T07:53:03+00:00,7,reject,thieu_nhom:A_ngap_lut+B_giao_thong_tac_dong+C_dia_diem,0
7678658427681393941,https://www.tiktok.com/@hoansuadienthoai/video/7678658427681393941,ngập Nhổn,kw_ngap_nhon,Đầu cầu cổng chào nhổn-hoài đức#hoansuadienthoai #xuhuong #trending #bão #lũlụt ,#hoansuadienthoai #xuhuong #trending #bão #lũlụt,2026-08-27T10:36:31+00:00,0,reject,thieu_nhom:B_giao_thong_tac_dong,0
7678714200142712084,https://www.tiktok.com/@trangsugar7/video/7678714200142712084,ngập Nhổn,kw_ngap_nhon,Phố nhổn ngập quá!,,2026-08-27T14:12:54+00:00,1,reject,thieu_nhom:B_giao_thong_tac_dong,0
7686303653778640148,https://www.tiktok.com/@khuatluu8080/video/7686303653778640148,ngập Nhổn,kw_ngap_nhon,Sáng nay tại đường 32” Nhổn”,,2026-09-17T01:03:55+00:00,9,reject,thieu_nhom:A_ngap_lut+B_giao_thong_tac_dong,0
7686201843147361543,https://www.tiktok.com/@tranquanh59/video/7686201843147361543,ngập Nhổn,kw_ngap_nhon,Nhổn ơi…ngập bủm rồi nhổn ơi,,2026-09-16T18:28:51+00:00,1,reject,thieu_nhom:B_giao_thong_tac_dong,0
7686328755622513940,https://www.tiktok.com/@233nguyenkhai/video/7686328755622513940,ngập Nhổn,kw_ngap_nhon,Điên rồi đấy#nhổn #mưa #tắc #hanoi #viral ,#nhổn #mưa #tắc #hanoi #viral,2026-09-17T02:41:20+00:00,224,reject,thieu_nhom:A_ngap_lut,0
7686274987476421906,https://www.tiktok.com/@cuctung1011/video/7686274987476421906,ngập Nhổn,kw_ngap_nhon,Ngập #fypシ #mưa #ngập #ngậplụt #nhổn ,#fypシ #mưa #ngập #ngậplụt #nhổn,2026-09-16T23:12:45+00:00,2,reject,thieu_nhom:B_giao_thong_tac_dong,0
7686319748107357460,https://www.tiktok.com/@hungtranmanh835/video/7686319748107357460,ngập Nhổn,kw_ngap_nhon,Vân Canh thất thủ =)) #hoaiduc #hanoi #nhổn #ngập #xh ,#hoaiduc #hanoi #nhổn #ngập #xh,2026-09-17T02:06:28+00:00,0,reject,thieu_nhom:B_giao_thong_tac_dong,0
7686497084509310216,https://www.tiktok.com/@meihome.com.vn/video/7686497084509310216,ngập Nhổn,kw_ngap_nhon,"Tuyến Metro Nhổn - ga Hà Nội phát huy thế mạnh khi Thủ đô ngập lụt, tắc đường #meihome #tintuc #xuhuongtiktok #tinnong24h #batdongsanvn ",#meihome #tintuc #xuhuongtiktok #tinnong24h #batdongsanvn,2026-09-17T13:34:28+00:00,0,accept,du_3_nhom,1
7686373640476069141,https://www.tiktok.com/@tunenacc/video/7686373640476069141,ngập Xuân Phương,kw_ngap_xuan_phuong,Xuân phương ngày 17/9/2026:)))#xp #hanoi #ngaplut ,#xp #hanoi #ngaplut,2026-09-17T05:35:29+00:00,24,reject,thieu_nhom:A_ngap_lut+B_giao_thong_tac_dong,0
7686849227166682376,https://www.tiktok.com/@ductrung9019/video/7686849227166682376,ngập Xuân Phương,kw_ngap_xuan_phuong,Khu Xuân Phương vẫn ngập sâu quá #hànội  #ngập ,#hànội #ngập,2026-09-18T12:21:01+00:00,1,reject,thieu_nhom:B_giao_thong_tac_dong,0
7686454917514415381,https://www.tiktok.com/@siunhangao047/video/7686454917514415381,ngập Xuân Phương,kw_ngap_xuan_phuong,Lụt dồi Hà Nội ơiii 😀#xunghuongtiktok #luthanoi #muabao #xuanphuong ,#xunghuongtiktok #luthanoi #muabao #xuanphuong,2026-09-17T10:50:50+00:00,4,reject,thieu_nhom:B_giao_thong_tac_dong,0
7677481652678905095,https://www.tiktok.com/@minh15.09.1993/video/7677481652678905095,ngập Xuân Phương,kw_ngap_xuan_phuong,#mưa_bão #ngâp_đường #ngập_nước_duong_xuân_phương ,#mưa_bão #ngâp_đường #ngập_nước_duong_xuân_phương,2026-08-24T06:30:06+00:00,0,reject,thieu_nhom:B_giao_thong_tac_dong+C_dia_diem,0
7686284750817856789,https://www.tiktok.com/@kienvuong68/video/7686284750817856789,ngập Xuân Phương,kw_ngap_xuan_phuong,# mưa ngập nhiều chỗ quá nay xin nghỉ thui !,,2026-09-16T23:50:34+00:00,4,reject,thieu_nhom:B_giao_thong_tac_dong+C_dia_diem,0
7686305318342642964,https://www.tiktok.com/@chips_iuuu/video/7686305318342642964,ngập Xuân Phương,kw_ngap_xuan_phuong,Năm cứ bơi 2 lần ntn tốn xe lắmmmmm 🫠🫠🫠 #ngaplut #hanoi #xuanphuong ,#ngaplut #hanoi #xuanphuong,2026-09-17T01:10:28+00:00,0,reject,thieu_nhom:A_ngap_lut+B_giao_thong_tac_dong+C_dia_diem,0
7687827532980194567,https://www.tiktok.com/@yoga.hai.ha/video/7687827532980194567,ngập Tây Mỗ,kw_ngap_tay_mo,Cập nhật sau trận ngập tại Tây Mỗ những ngày ngập lụt #ngâplụt  #mưagióbãobùng ,#ngâplụt #mưagióbãobùng,2026-09-21T03:37:22+00:00,9,reject,thieu_nhom:B_giao_thong_tac_dong,0
7686295589243571477,https://www.tiktok.com/@o813339998/video/7686295589243571477,ngập Tây Mỗ,kw_ngap_tay_mo,,,2026-09-17T00:32:40+00:00,3,reject,thieu_nhom:A_ngap_lut+B_giao_thong_tac_dong+C_dia_diem,0
7678663309947669778,https://www.tiktok.com/@dinhsmartcity/video/7678663309947669778,ngập Tây Mỗ,kw_ngap_tay_mo,lượng mưa nhiều quá. không thoát nước kịp.  các bác biết khu này là khu nào không nhỉ#batdongsan #vinhomessmartcitytaymo ,#batdongsan #vinhomessmartcitytaymo,2026-08-27T10:55:27+00:00,4,reject,thieu_nhom:A_ngap_lut+B_giao_thong_tac_dong+C_dia_diem,0
7686296517820337426,https://www.tiktok.com/@haihuoc67890/video/7686296517820337426,ngập Tây Mỗ,kw_ngap_tay_mo,17/6/2026 mưa ngập ác quá,,2026-09-17T00:36:14+00:00,0,reject,thieu_nhom:B_giao_thong_tac_dong+C_dia_diem,0
7686677905979526421,https://www.tiktok.com/@bichquyen6768/video/7686677905979526421,ngập Tây Mỗ,kw_ngap_tay_mo,Mưa gió ngập hết TÂY MỖ  #Mua #taymo #ngaplut ,#Mua #taymo #ngaplut,2026-09-18T01:16:11+00:00,13,reject,thieu_nhom:B_giao_thong_tac_dong,0
7686288033464864008,https://www.tiktok.com/@thanhthuynguyen42/video/7686288033464864008,ngập Tây Mỗ,kw_ngap_tay_mo,"Mưa cả đêm… Sáng ra, phố chẳng còn là phố, những nẻo đường hóa thành dòng sông. 🌧️ Chỉ mong trời thương, mưa ngừng rơi, nước sớm rút… Để những bước chân mưu sinh lại được bình yên trên những con đường quen. 🙏🏻  😭😭😭#mưa #ngap #taymo #vin ",#mưa #ngap #taymo #vin,2026-09-17T00:03:31+00:00,1,reject,thieu_nhom:A_ngap_lut+B_giao_thong_tac_dong+C_dia_diem,0
7678669673545665813,https://www.tiktok.com/@thuytaymo200882/video/7678669673545665813,ngập Tây Mỗ,kw_ngap_tay_mo,Thôi xong rồi….Ngập Người nông dân biết làm sao😭😭😭  Ngập#ngap ,#ngap,2026-08-27T11:20:08+00:00,69,reject,thieu_nhom:B_giao_thong_tac_dong+C_dia_diem,0
7686277051111771408,https://www.tiktok.com/@vinsmartnews/video/7686277051111771408,ngập Tây Mỗ,kw_ngap_tay_mo,"🚨 PHỐ CẦU CỐC ĐÃ NGẬP! Sáng nay Phố Cầu Cốc ghi nhận tình trạng ngập nước, mọi người đi qua khu vực này chú ý nhé. Ai đang ở Cầu Cốc / Tây Mỗ / Vin Smart cập nhật tình hình hiện tại giúp mọi người với 👇 #smartcity #vinsmartnews #PhoCauCoc #xuhuong #ngaplut",#smartcity #vinsmartnews #PhoCauCoc #xuhuong #ngaplut,2026-09-16T23:20:45+00:00,1,accept,du_3_nhom,1
7686341416049528085,https://www.tiktok.com/@thuytaymo200882/video/7686341416049528085,ngập Tây Mỗ,kw_ngap_tay_mo,"Năm naod cũng dính, ngủ cũng mất ngon. #xh #ngap #thuydongnat ",#xh #ngap #thuydongnat,2026-09-17T03:30:26+00:00,27,reject,thieu_nhom:A_ngap_lut+B_giao_thong_tac_dong+C_dia_diem,0
7686289817612717330,https://www.tiktok.com/@vinsmartnews/video/7686289817612717330,ngập Tây Mỗ,kw_ngap_tay_mo,Bên trong 1 lớp học ở Tây Mỗ#ngapluthanoi #vinsmartnews #ngaptruonghoc ,#ngapluthanoi #vinsmartnews #ngaptruonghoc,2026-09-17T00:10:15+00:00,30,reject,thieu_nhom:A_ngap_lut+B_giao_thong_tac_dong,0
7678673963173776660,https://www.tiktok.com/@quang.56/video/7678673963173776660,ngập Tây Mỗ,kw_ngap_tay_mo,Vẫn là Vịnh An Khánh chưa thể thoát được 🥲 27/8/26 #ngap #geleximcoletrongtan #vinhomessmartcitytâymỗ ,#ngap #geleximcoletrongtan #vinhomessmartcitytâymỗ,2026-08-27T11:36:46+00:00,6,reject,thieu_nhom:A_ngap_lut+B_giao_thong_tac_dong,0
7685566476115283208,https://www.tiktok.com/@anhthuwmuzik07/video/7685566476115283208,ngập Đại Mỗ,kw_ngap_dai_mo,Tình hình là Đại Mỗ thành cái biển r mn nhé #fyp #viral #xh #xhhhhhhhhhhhhhhhhhhhhhhh #xuhuong ,#fyp #viral #xh #xhhhhhhhhhhhhhhhhhhhhhhh #xuhuong,2026-09-15T01:23:19+00:00,6,reject,thieu_nhom:A_ngap_lut+B_giao_thong_tac_dong,0
7686467417077320967,https://www.tiktok.com/@beathonhhot/video/7686467417077320967,ngập Đại Mỗ,kw_ngap_dai_mo,sông ngà thoát lũ cho khu vực tây mỗ đại mỗ#nhanong #vtv #fyp #xuhuong #theanh28 ,#nhanong #vtv #fyp #xuhuong #theanh28,2026-09-17T11:39:23+00:00,2,reject,thieu_nhom:A_ngap_lut+B_giao_thong_tac_dong,0
7686303171337014549,https://www.tiktok.com/@bngoc4869/video/7686303171337014549,ngập Đại Mỗ,kw_ngap_dai_mo,Bơi về luôn🥹🥹@én @miw.ahh🐰 @Layla Rose @Siri 𓆩✧𓆪 @Skoozle @yuv.n🌻 #xh #bien #xhh #thptdaimo #bngoc4869 ,#xh #bien #xhh #thptdaimo #bngoc4869,2026-09-17T01:02:02+00:00,20,reject,thieu_nhom:A_ngap_lut+B_giao_thong_tac_dong+C_dia_diem,0
7686297017244601607,https://www.tiktok.com/@riviewphats/video/7686297017244601607,ngập Trung Văn,kw_ngap_trung_van,"Hà Nội mưa rồii,chỗ mọi người đã  ngập chưa#hànoi#trungvan #hanoi #hanoiangi ",#hànoi #trungvan #hanoi #hanoiangi,2026-09-17T00:38:10+00:00,0,reject,thieu_nhom:B_giao_thong_tac_dong,0
7686480298418277653,https://www.tiktok.com/@guanq_nqo994/video/7686480298418277653,ngập Trung Văn,kw_ngap_trung_van,"Những trận mưa lớn kéo dài suốt mấy ngày qua có phải đang là ""phép thử"" đối với khả năng chống ngập của Hà Nội?",,2026-09-17T12:29:20+00:00,1,reject,thieu_nhom:B_giao_thong_tac_dong,0
7670097224788987157,https://www.tiktok.com/@tienhoaquasach/video/7670097224788987157,ngập Trung Văn,kw_ngap_trung_van,"Hồ chứa nước trên đường Trung Văn có dung tích điều tiết nước rất lớn ,giảm thiểu tình trạng ngập úng cho mùa mưa HN . rộng thật sự",,2026-08-04T08:54:39+00:00,0,accept,du_3_nhom,1
7686047400443563271,https://www.tiktok.com/@nguoinhaque.3026/video/7686047400443563271,ngập Trung Văn,kw_ngap_trung_van,#kỷ niệm xưa ,#kỷ,2026-09-16T08:29:31+00:00,0,reject,thieu_nhom:A_ngap_lut+B_giao_thong_tac_dong+C_dia_diem,0
7677089558370372885,https://www.tiktok.com/@a6k18tvers/video/7677089558370372885,ngập Trung Văn,kw_ngap_trung_van,🤣🤣🤣 #a6k18trungvan #trungvan #fyp #xuhuong @PAn_Đz🔥 @Bini Mini Maini Mo @ben @đẹp gái lắm đấy @dn @Phạm Gia Huy @elizabeth xứ thanh @ヨネ♏️ @biii 💗 @Ponbeobongbay @LDT ,#a6k18trungvan #trungvan #fyp #xuhuong,2026-08-23T05:08:31+00:00,9,reject,thieu_nhom:A_ngap_lut+C_dia_diem,0
7686292915781487893,https://www.tiktok.com/@c.lau_1983/video/7686292915781487893,ngập Trung Văn,kw_ngap_trung_van,Mênh mông là thế. E vừa Bơi xong Mn đi Lê Văn Lương tránh ngập SÂu từ đầu Trung Văn ra tới xát hầm chui Khuất Duy Tiến mn nhé?..,,2026-09-17T00:22:16+00:00,12,accept,du_3_nhom,1
7685975544667589895,https://www.tiktok.com/@hnivc131/video/7685975544667589895,ngập Trung Văn,kw_ngap_trung_van,Cùng ngắm chiếc view ngày mưa tại cơ sở 2 - 32 Trung Văn nhé 🌧️🥰 #hnivc #hnivc131 #daotaonghe ,#hnivc #hnivc131 #daotaonghe,2026-09-16T03:50:46+00:00,0,reject,thieu_nhom:A_ngap_lut+B_giao_thong_tac_dong,0
7686157246933323029,https://www.tiktok.com/@viva72895/video/7686157246933323029,ngập Trung Văn,kw_ngap_trung_van,Mưa ngập đường Văn Trung Rời quê đến xứ người Nhớ lời mẹ #GoertekVietnam #NhàMáyVănTrung #越南外派北宁 #BắcNinh #XứNgười,#GoertekVietnam #NhàMáyVănTrung #越南外派北宁 #BắcNinh #XứNgười,2026-09-16T15:35:45+00:00,6,reject,thieu_nhom:B_giao_thong_tac_dong+C_dia_diem,0
7677212710299290887,https://www.tiktok.com/@nchingg25/video/7677212710299290887,ngập Trung Văn,kw_ngap_trung_van,Ngập quá kb đi làm kiểu gì nữa …. #kcnvantrungbacgiang #xuhuong #vieclam #ngaplut ,#kcnvantrungbacgiang #xuhuong #vieclam #ngaplut,2026-08-23T13:06:23+00:00,6,reject,thieu_nhom:C_dia_diem,0
7686277367001615624,https://www.tiktok.com/@ducgym88metri/video/7686277367001615624,ngập Mễ Trì,kw_ngap_me_tri,Cập nhật tình hình khu vực Mễ Trì #xuhuong #ducgym88metri #mưa ,#xuhuong #ducgym88metri #mưa,2026-09-16T23:22:05+00:00,6,reject,thieu_nhom:A_ngap_lut+B_giao_thong_tac_dong,0
7678723794810211591,https://www.tiktok.com/@minionll/video/7678723794810211591,ngập Mễ Trì,kw_ngap_me_tri,Giải bơi lội mở rộng Mễ Trì Hà Nội#xuhuong #dailyvlog #ngapluthanoi #typ ,#xuhuong #dailyvlog #ngapluthanoi #typ,2026-08-27T14:50:07+00:00,19,reject,thieu_nhom:A_ngap_lut+B_giao_thong_tac_dong,0
7678667218183261458,https://www.tiktok.com/@ifuong_lov/video/7678667218183261458,ngập Mễ Trì,kw_ngap_me_tri,Mưa đúng lúc tan tầm #mua ,#mua,2026-08-27T11:10:35+00:00,0,reject,thieu_nhom:A_ngap_lut+B_giao_thong_tac_dong+C_dia_diem,0
7678681284809461013,https://www.tiktok.com/@ly.3th8/video/7678681284809461013,ngập Mễ Trì,kw_ngap_me_tri,Tưởng đâu năm nay thoát được cảnh dắt xe lội nước Hà Lội ,,2026-08-27T12:05:11+00:00,4,reject,thieu_nhom:A_ngap_lut+B_giao_thong_tac_dong+C_dia_diem,0
7678653779121540372,https://www.tiktok.com/@nekofood/video/7678653779121540372,ngập Mễ Trì,kw_ngap_me_tri,Tôi và hàng xóm cách nhau 1 con sông #trétrộn #tretronbinhdinh #nekofood #tretronmetri ,#trétrộn #tretronbinhdinh #nekofood #tretronmetri,2026-08-27T10:18:27+00:00,40,reject,thieu_nhom:A_ngap_lut+B_giao_thong_tac_dong+C_dia_diem,0
7686311457692208392,https://www.tiktok.com/@phuonglienmina/video/7686311457692208392,ngập Mễ Trì,kw_ngap_me_tri,17/9 - Cập nhật ngập lụt các phố Hà Nội ngay lúc này #ngapluthanoi #xuhuong #videoviral #hanoinews #mualu ,#ngapluthanoi #xuhuong #videoviral #hanoinews #mualu,2026-09-17T01:34:19+00:00,188,reject,thieu_nhom:B_giao_thong_tac_dong,0
7685459709557476629,https://www.tiktok.com/@metho0126/video/7685459709557476629,ngập Mễ Trì,kw_ngap_me_tri,"12r đêm phi xe chục cây từ Hoài Đức về Mễ Trì. Khoác chiếc áo mưa thấm hơn bọt biển, mắt mình nhoè đi vì những giọt nước rơi bụp bụp trên mặt. Đường Đại lộ thì tối om đi mãi không về tới. Cảm giác mình đã là người khổ nhất thế giới rồi cho đến khi đi qua những cô chú đẩy xe đẩy bán hàng giữa trời bão, nghĩ tới bố mẹ mình cảm thấy chút chạnh lòng…kkk luyên thuyên xíu rồi ngủ thôi#xh #sv ",#xh #sv,2026-09-14T18:28:58+00:00,248,reject,thieu_nhom:A_ngap_lut,0
7678656707366554888,https://www.tiktok.com/@hang_xu87/video/7678656707366554888,ngập Mễ Trì,kw_ngap_me_tri,#mưa ngập lụt - mễ trì quê tôi #xuhướng2026mớinhất #xâykemhtiktok #hotten ,#mưa #xuhướng2026mớinhất #xâykemhtiktok #hotten,2026-08-27T10:29:50+00:00,5,reject,thieu_nhom:B_giao_thong_tac_dong,0
7686385655739338004,https://www.tiktok.com/@tocotocolapthach/video/7686385655739338004,ngập Yên Hòa,kw_ngap_yen_hoa,Hà Nội Lại Ngập Rồi Bà Con Ơi #hànội #ngập_lụt #landmark #landmark72 ,#hànội #ngập_lụt #landmark #landmark72,2026-09-17T06:22:07+00:00,12,reject,thieu_nhom:B_giao_thong_tac_dong,0
7686348317088861461,https://www.tiktok.com/@beboihoabinhna/video/7686348317088861461,ngập Yên Hòa,kw_ngap_yen_hoa,Thương bà con Yên Hoà #tinhtinhtao #sukien #tintuc ,#tinhtinhtao #sukien #tintuc,2026-09-17T03:57:15+00:00,29,reject,thieu_nhom:A_ngap_lut+B_giao_thong_tac_dong+C_dia_diem,0
7676012648751811861,https://www.tiktok.com/@vtv8_daitruyenhinhvn/video/7676012648751811861,ngập Yên Hòa,kw_ngap_yen_hoa,"Sáng nay (20/8), nước khe suối dâng cao đã cuốn trôi cầu tạm tại bản Yên Thắng, xã Yên Hoà (vị trí cầu Trung Thắng cũ bị lũ cuốn đợt bão số 10/2025). Sự cố khiến hơn 300 hộ dân với gần 1.300 nhân khẩu ở các bản Yên Thắng, Cốc Tạt và tuyến vùng trong bị cô lập, việc đi lại gặp vô cùng khó khăn. Như vậy. Việc đến trường của giáo viên và học sinh khi năm học mới đang cận kề sẽ gặp rất nhều khó khăn. Bà con chú ý an toàn, tuyệt đối không tự ý qua lại khu vực nước chảy xiết⚠️  #NgheAn #MuaLu #LuCuonTroiCau #YenHoa #CoLapMuaLu #CanhBaoMuaLu",#NgheAn #MuaLu #LuCuonTroiCau #YenHoa #CoLapMuaLu #CanhBaoMuaLu,2026-08-20T07:29:37+00:00,4,reject,thieu_nhom:A_ngap_lut+C_dia_diem,0
7676094722192461076,https://www.tiktok.com/@thoisuvtv.social/video/7676094722192461076,ngập Yên Hòa,kw_ngap_yen_hoa,"Cầu tạm dẫn vào hai bản Yên Thắng và Cốc Tạt (xã Yên Hòa, Nghệ An) bị lũ cuốn trôi vào sáng nay (20/8). #thoisuvtv #vtv",#thoisuvtv #vtv,2026-08-20T12:47:58+00:00,0,reject,thieu_nhom:A_ngap_lut+B_giao_thong_tac_dong,0
7675961590029569281,https://www.tiktok.com/@afamilyngaylucnay/video/7675961590029569281,ngập Yên Hòa,kw_ngap_yen_hoa,"🌧️Sáng nay (20/8), nước khe suối dâng cao đã cuốn trôi cầu tạm tại bản Yên Thắng, xã Yên Hoà (vị trí cầu Trung Thắng cũ bị lũ cuốn đợt bão số 10/2025). Sự cố khiến hơn 300 hộ dân với gần 1.300 nhân khẩu ở các bản Yên Thắng, Cốc Tạt và tuyến vùng trong bị cô lập, việc đi lại gặp vô cùng khó khăn. Đặc biệt, nguy cơ ảnh hưởng lớn đến việc đến trường của giáo viên và học sinh khi năm học mới đang cận kề. Theo Truyền hình Nghệ An #afamilyngaylucnay #afamily #nghean #news #DDFN ",#afamilyngaylucnay #afamily #nghean #news #DDFN,2026-08-20T04:12:11+00:00,31,reject,thieu_nhom:A_ngap_lut+C_dia_diem,0
7686427146427944212,https://www.tiktok.com/@nongcongcogi.com/video/7686427146427944212,ngập Yên Hòa,kw_ngap_yen_hoa,"Tạnh ráo phát là lên đường! 🎥 Phóng viên Nông Cống Có Gì? có mặt tại thôn Yên Hoà để cập nhật tình hình lũ lụt tại địa phương. 🌊 Mong bà con luôn bình an, nước sớm rút, trời mau tạnh! #nongcongcogi #fpb #baolut #nongcongthanhhoa #xh ",#nongcongcogi #fpb #baolut #nongcongthanhhoa #xh,2026-09-17T09:03:06+00:00,5,reject,thieu_nhom:B_giao_thong_tac_dong+C_dia_diem,0
7686353640445103381,https://www.tiktok.com/@bp.nh.hng21/video/7686353640445103381,ngập Dịch Vọng,kw_ngap_dich_vong,Mưa cả tuần rồi vẫn chưa ngớt . Nhiều đoạn đường ngập #xuhuong #viral #cuocsong ,#xuhuong #viral #cuocsong,2026-09-17T04:17:56+00:00,8,reject,thieu_nhom:B_giao_thong_tac_dong+C_dia_diem,0
7688671820958141714,https://www.tiktok.com/@hm20121113/video/7688671820958141714,ngập Dịch Vọng,kw_ngap_dich_vong,biển cửa số 7 tòa thánh #toathanhtayninh #duongngapnuoc,#toathanhtayninh #duongngapnuoc,2026-09-23T10:13:35+00:00,152,reject,thieu_nhom:A_ngap_lut+B_giao_thong_tac_dong+C_dia_diem,0
7688588158040050965,https://www.tiktok.com/@megaoreview73/video/7688588158040050965,ngập Dịch Vọng,kw_ngap_dich_vong,Nguyễn tri phương ngập rồi mn ơi,,2026-09-23T04:48:54+00:00,474,reject,thieu_nhom:B_giao_thong_tac_dong+C_dia_diem,0
7676693937037315349,https://www.tiktok.com/@labeautedenghiado/video/7676693937037315349,ngập Nghĩa Đô,kw_ngap_nghia_do,"Chỉ còn vài ngày nữa thôi , lễ hội đền Nghĩa Đô chính thức được diễn ra . Các bạn đã sẵn  sàng đến với bản làng chúng mình , để cùng chiêm ngưỡng , Cảm nhận Văn Hoá và hoà mình vào lễ hội này chưa ạ 😜😜 . Nguồn vdeo em lụm trên mxh của các ac năm 2025 ạ ...#xuhuongtiktok #LabeauteCoffee #VanHoaNguoiTay #bansacdantoc #nghiado ",#xuhuongtiktok #LabeauteCoffee #VanHoaNguoiTay #bansacdantoc #nghiado,2026-08-22T03:33:19+00:00,10,reject,thieu_nhom:A_ngap_lut,0
7686495193922620692,https://www.tiktok.com/@nha.sng02/video/7686495193922620692,ngập Nghĩa Đô,kw_ngap_nghia_do,Nước ngập khu cầu vượt  Đô Nghĩa - Yên Nghĩa,,2026-09-17T13:27:07+00:00,0,reject,thieu_nhom:B_giao_thong_tac_dong,0
7686370012549958932,https://www.tiktok.com/@chung.bau.pro389/video/7686370012549958932,ngập Nghĩa Đô,kw_ngap_nghia_do,Ngập hết rồi.khu đô thi đô nghĩa ngày 17/9/2026#chungbau389 ,#chungbau389,2026-09-17T05:21:29+00:00,6,reject,thieu_nhom:B_giao_thong_tac_dong+C_dia_diem,0
7678144117079133460,https://www.tiktok.com/@hunglc69/video/7678144117079133460,ngập Nghĩa Đô,kw_ngap_nghia_do,Lễ hội đền Nghĩa Đô năm 2026.,,2026-08-26T01:20:46+00:00,2,reject,thieu_nhom:A_ngap_lut+B_giao_thong_tac_dong,0
7686407268677553428,https://www.tiktok.com/@iamduythai15012003/video/7686407268677553428,ngập Nghĩa Đô,kw_ngap_nghia_do,Biển Đô Nghĩa Hà Đông  các  pác ạ #hanoi #ngaplut #xh #muabao #vietnam ,#hanoi #ngaplut #xh #muabao #vietnam,2026-09-17T07:46:00+00:00,0,reject,thieu_nhom:A_ngap_lut+B_giao_thong_tac_dong,0
7686348348671921428,https://www.tiktok.com/@kho_san_go_tien_dung/video/7686348348671921428,ngập Nghĩa Đô,kw_ngap_nghia_do,"🚨 CẢNH BÁO NGẬP SÂU TẠI KĐT YÊN NGHĨA! Nước đang dâng cao, một số khu vực ngập sâu, việc đi lại gặp nhiều khó khăn. ⚠️ Bà con nếu không thực sự cần thiết thì nên hạn chế ra đường, ai có công việc có thể sắp xếp được thì nghỉ làm hoặc đi muộn, ưu tiên an toàn trước nhé!",,2026-09-17T03:57:23+00:00,22,accept,du_3_nhom,1
7686423958085946631,https://www.tiktok.com/@kiencakho/video/7686423958085946631,ngập Nghĩa Đô,kw_ngap_nghia_do,Chỗ các bác sao rồi ạ#kiencakho #hanoifood #amthucvietnam #cakholangvudai #amthuc ,#kiencakho #hanoifood #amthucvietnam #cakholangvudai #amthuc,2026-09-17T08:50:44+00:00,0,reject,thieu_nhom:A_ngap_lut+B_giao_thong_tac_dong+C_dia_diem,0
7686286796275059988,https://www.tiktok.com/@_tminh204/video/7686286796275059988,ngập Nghĩa Đô,kw_ngap_nghia_do,cập nhật tình hình tại Vịnh Đô Nghĩa sáng sớm 1709😭 #xuhuong #lulut #phenikaauniversity #xuhuongtiktok ,#xuhuong #lulut #phenikaauniversity #xuhuongtiktok,2026-09-16T23:58:29+00:00,10,reject,thieu_nhom:A_ngap_lut+B_giao_thong_tac_dong+C_dia_diem,0
7676370624972950804,https://www.tiktok.com/@themalaihay182/video/7676370624972950804,ngập Nghĩa Đô,kw_ngap_nghia_do,"🏫 Trường THCS Nghĩa Đô là một trường trung học cơ sở công lập trên địa bàn phường Nghĩa Đô, thành phố Hà Nội 🇻🇳. Trường được thành lập nhằm đáp ứng nhu cầu học tập ngày càng tăng của học sinh trên địa bàn 📚✨. 📅 Ngày 27/5/2026, quyết định thành lập Trường THCS Nghĩa Đô được công bố, đánh dấu một bước phát triển mới trong hệ thống giáo dục của địa phương 🌱🎓. 💗 Nhà trường hướng tới xây dựng một môi trường học tập an toàn – thân thiện – hiện đại, giúp học sinh phát triển toàn diện về kiến thức, kỹ năng và phẩm chất 🌷📖. 🎨 Bên cạnh việc học tập, học sinh còn có cơ hội tham gia các hoạt động trải nghiệm, văn nghệ, thể thao và những phong trào tập thể 🤗⚽🎤. Qua đó, các bạn có thể rèn luyện sự tự tin, tinh thần đoàn kết và nhiều kỹ năng bổ ích 🌟. 🌈 Với sự quan tâm đầu tư và định hướng phát triển ngay từ những ngày đầu thành lập, THCS Nghĩa Đô được kỳ vọng sẽ trở thành một môi trường giáo dục chất lượng, thân thiện và đáng nhớ đối với các thế hệ học sinh 💕🎓. ✨ THCS Nghĩa Đô – Cùng học tập, cùng trưởng thành và cùng tạo nên những kỷ niệm đẹp! 🥰🌸",,2026-08-21T06:38:39+00:00,27,reject,thieu_nhom:A_ngap_lut+B_giao_thong_tac_dong,0
7686427313675734279,https://www.tiktok.com/@vietanh_0999/video/7686427313675734279,ngập Nghĩa Đô,kw_ngap_nghia_do,Yên nghĩa Hà đông ngập hết rồi. mọi người ko lên đi qua chỗ này nhé...😥😥😥,,2026-09-17T09:03:47+00:00,0,accept,du_3_nhom,1
7685558677683604744,https://www.tiktok.com/@duytuyen88/video/7685558677683604744,ngập Nghĩa Đô,kw_ngap_nghia_do,"Ngay lúc này tại cổng KĐT Đô Nghĩa, bác nào xe cũ máy yếu chớ vượt nước sâu nhé. Xe em chết máy luôn nên đứng quay video 🤣",,2026-09-15T00:53:07+00:00,5,reject,thieu_nhom:A_ngap_lut+B_giao_thong_tac_dong+C_dia_diem,0
7681667339007446279,https://www.tiktok.com/@dinhtudixemnha/video/7681667339007446279,ngập Nghĩa Đô,kw_ngap_nghia_do,Nghĩa Đô - Cầu Giấy Diện tích 68m Mặt tiền 4.1m 5 tầng nguyên bản Phân lô vỉa hè ô tô tránh #hoangquocviet #nghiado #nguyenvanhuyen #starlake #caugiay ,#hoangquocviet #nghiado #nguyenvanhuyen #starlake #caugiay,2026-09-04T14:30:00+00:00,16,reject,thieu_nhom:A_ngap_lut,0
7685630787881848084,https://www.tiktok.com/@khamphathanhhoa/video/7685630787881848084,ngập Nghĩa Đô,kw_ngap_nghia_do,"Cập nhật tình hình mưa lớn, ngập lụt tại một số khu vực ở Thanh Hóa #thanhhoa #thoitietthanhhoa #khamphathanhhoa",#thanhhoa #thoitietthanhhoa #khamphathanhhoa,2026-09-15T05:32:54+00:00,50,reject,thieu_nhom:B_giao_thong_tac_dong+C_dia_diem,0
7687327765317618964,https://www.tiktok.com/@d.v.t.g.3.6.9/video/7687327765317618964,ngập Nghĩa Đô,kw_ngap_nghia_do,"Biết là có oto rồi nhưng để ý nhau tý: Đoạn đường ngập nước nặng nhưng oto vấn cố phi nhanh qua, thương anh bán bún mất luôn cả thúng hàng, với oto thì chẳng có gì sảy ra cả, nhưng với anh bán bún thì ngày hôm nay mất hết rồi #docvithegioi #tiktoknews #news #tintuc",#docvithegioi #tiktoknews #news #tintuc,2026-09-20T01:00:00+00:00,703,reject,thieu_nhom:B_giao_thong_tac_dong+C_dia_diem,0
7684187192155065607,https://www.tiktok.com/@dovanhuong_1975/video/7684187192155065607,ngập Kim Giang,kw_ngap_kim_giang,#LIVEIncentiveProgram #ZeroToHero #PaidPartnership ,#LIVEIncentiveProgram #ZeroToHero #PaidPartnership,2026-09-11T08:11:04+00:00,35,reject,thieu_nhom:A_ngap_lut+B_giao_thong_tac_dong+C_dia_diem,0
7674992070460706068,https://www.tiktok.com/@nguyenmai_911/video/7674992070460706068,ngập Kim Giang,kw_ngap_kim_giang,"CẦU TRẦN HOÀ - KIM GIANG, ""ĐIỀM MỞ"" GIẢI TỎA ÁP LỰC GIAO THÔNG Nhiều năm qua, áp lực giao thông khu vực Kim Giang, Định Công đều dồn về cầu Lủ khiến khu vực này gần như ""nghẹt thở"" mỗi giờ cao điểm. Trong khi đó, xung quanh là trường học, cơ quan, khu dân cư đông đúc - nhu cầu đi lại lớn. Vì thế, sự xuất hiện của cây cầu bê tông mới tại 282 Kim Giang không chỉ tạo thêm một lối đi, mà còn giúp: * ﻿﻿Giảm tải cho cầu Lủ * ﻿﻿Mở thêm hướng ra Nguyễn Xiển - Vành đai 3 - ﻿﻿Giải tỏa phần nào áp lực cho cả khu vực. Cây cầu này dự báo sẽ mang đến những tín hiệu tích cực rõ rệt. Không cần phải quy mô lớn, công trình này chạm đúng ""điểm nghẽn"" giao thông mà hàng chục nghìn cư dân nơi đây đã phải chịu đựng suốt nhiều năm. Các bạn đánh giá sao về dự án này, hãy bình luận phía dưới, nhớ follow kênh để cập nhật các thông tin quy hoạch tại hà nội. #quyhoachhanoi #kimgiang #tranhoa #vanhdai3 ",#quyhoachhanoi #kimgiang #tranhoa #vanhdai3,2026-08-17T13:29:09+00:00,4,reject,thieu_nhom:A_ngap_lut,0
7683699355169099026,https://www.tiktok.com/@vanaanhbds/video/7683699355169099026,ngập Kim Giang,kw_ngap_kim_giang,"Cập nhật thực tế tại ngõ 66 Kim Giang: máy xúc, xe tải và hệ thống cống đang được triển khai đẩy nhanh tiến độ tuyến đường này! 🛣️ Hà Nội chuyển mình Series #24 #VanAnhbds #TonThatTung #KimGiang #HaNoi ",#24 #VanAnhbds #TonThatTung #KimGiang #HaNoi,2026-09-10T00:38:02+00:00,33,reject,thieu_nhom:A_ngap_lut,0
7688617537344539912,https://www.tiktok.com/@visit.saigon/video/7688617537344539912,ngập Kim Giang,kw_ngap_kim_giang,Anh em nào có đi ngang những đoạn hay ngập chiều nay lưu ý nha #VisitSaigon #VisitVietnam #iSocialVietnam #TPHCM #Thuydien,#VisitSaigon #VisitVietnam #iSocialVietnam #TPHCM #Thuydien,2026-09-23T06:42:55+00:00,548,reject,thieu_nhom:C_dia_diem,0
7677097679616281864,https://www.tiktok.com/@vuhiennhadepcaugiay/video/7677097679616281864,ngập Kim Giang,kw_ngap_kim_giang,Hà Nội lúc này mưa to quá các bác ơi😂😂😂#kim  giang#thanh xuân #Hà Nội #,#kim #thanh #Hà,2026-08-23T05:40:08+00:00,3,reject,thieu_nhom:A_ngap_lut+B_giao_thong_tac_dong,0
7689052371082677512,https://www.tiktok.com/@vtv10news/video/7689052371082677512,ngập Kim Giang,kw_ngap_kim_giang,"🌧️ Nam Bộ tiếp tục có mưa giông, nhiều nơi đã ghi nhận lượng mưa lớn, trong đó xã Hòn Đất hơn 269 mm, Đặc khu Phú Quốc 136 mm và xã An Minh 111 mm. ⚠️ Mưa lớn đã gây ngập úng cục bộ tại một số khu vực, ảnh hưởng đến việc đi lại và đời sống người dân. 🌊 Trong khi đó, triều cường giữa tháng 8 âm lịch đang lên dần tại Cần Thơ và Vĩnh Long, dự báo cùng đạt đỉnh vào ngày 30/9. 📍 Tại trạm Cần Thơ trên sông Hậu, mực nước có thể lên 2,30 m, cao hơn báo động 3 khoảng 30 cm; trạm Mỹ Thuận trên sông Tiền có thể đạt 2,20 m, cao hơn báo động 3 khoảng 40 cm. ⛈️ Những ngày tới, mưa giông vẫn còn xuất hiện, kèm nguy cơ lốc, sét, gió giật mạnh và ngập úng tại vùng trũng thấp. 🚤 Trên biển từ TP. Hồ Chí Minh đến Cà Mau và từ Cà Mau đến An Giang, tàu thuyền cần đặc biệt lưu ý khi mưa giông có thể đi kèm lốc xoáy và gió giật cấp 7–8. #vtv10 #trungtamtruyenhinhvietnamkhuvucnambo #thoitietnambo #muagiong #trieucuong #canhbaothoitiet",#vtv10 #trungtamtruyenhinhvietnamkhuvucnambo #thoitietnambo #muagiong #trieucuong #canhbaothoitiet,2026-09-24T10:50:18+00:00,26,reject,thieu_nhom:C_dia_diem,0
7688520433657859349,https://www.tiktok.com/@thihang_1511/video/7688520433657859349,ngập Kim Giang,kw_ngap_kim_giang,Thấy nước là sợ 🥺 #lulut #mưa ,#lulut #mưa,2026-09-23T00:26:12+00:00,136,reject,thieu_nhom:A_ngap_lut+B_giao_thong_tac_dong+C_dia_diem,0
7683900445684911380,https://www.tiktok.com/@cauut_qn/video/7683900445684911380,ngập Định Công,kw_ngap_dinh_cong,"🌧️ Cơn mưa chiều nay – ngày cuối của tháng 7 âm lịch… Người miền Nam vẫn hay gọi tháng 7 là tháng cô hồn. Vậy nên cứ xem cơn mưa chiều nay như một lần trời đất gột rửa… Gột rửa những điều không may, những chuyện không vui, những muộn phiền và cả những xui xẻo của tháng cũ. Mưa rồi sẽ tạnh. Tháng cũ rồi cũng qua. Mong từ ngày mai, mọi thứ sẽ nhẹ nhàng hơn, bình an hơn và may mắn hơn. 🙏 Khép lại tháng cũ – đón tháng mới với thật nhiều điều tốt lành. 🌱✨ Mr. Marketer #MrMarketer #BinhAn #MayMan #ThangMoi @HomiMart @DIVA Solutions ",#MrMarketer #BinhAn #MayMan #ThangMoi,2026-09-10T13:38:12+00:00,853,reject,thieu_nhom:A_ngap_lut+C_dia_diem,0
7684972114260036884,https://www.tiktok.com/@makeupacademyngocnguyen/video/7684972114260036884,ngập Định Công,kw_ngap_dinh_cong,,,2026-09-13T10:56:52+00:00,1,reject,thieu_nhom:A_ngap_lut+B_giao_thong_tac_dong+C_dia_diem,0
7684175178393259271,https://www.tiktok.com/@nguyentanphu0802/video/7684175178393259271,ngập Định Công,kw_ngap_dinh_cong,Mưa quá là mưa...#mưagióbãobùng #ngập#bão ,#mưagióbãobùng #ngập #bão,2026-09-11T07:24:24+00:00,13,reject,thieu_nhom:B_giao_thong_tac_dong+C_dia_diem,0
7675897421490081045,https://www.tiktok.com/@megaoreview73/video/7675897421490081045,ngập Linh Đàm,kw_ngap_linh_dam,Giữa HN mà nghĩ như ở Cô tô  #mưa hồ linh đàm ,#mưa,2026-08-20T00:02:30+00:00,133,reject,thieu_nhom:A_ngap_lut,0
7684892521901690132,https://www.tiktok.com/@doantrungbds.com.vn/video/7684892521901690132,ngập Linh Đàm,kw_ngap_linh_dam,"Nếu phải di dời người dân HH Linh Đàm sẽ về Thanh Hà A, Thanh Hà B hoặc được mua NOXH mà không cần xét điều kiện mà được giới thiệu các dự án NOXH trên địa bàn TP Hà Nội #bds #chungcu #hanoi #hhlinhdam #linhdam ",#bds #chungcu #hanoi #hhlinhdam #linhdam,2026-09-13T05:48:02+00:00,103,reject,thieu_nhom:A_ngap_lut,0
7688331750602181906,https://www.tiktok.com/@nguyenminh2388/video/7688331750602181906,ngập Đại Kim,kw_ngap_dai_kim,Ngập  #mưa ,#mưa,2026-09-22T12:13:57+00:00,138,reject,thieu_nhom:B_giao_thong_tac_dong+C_dia_diem,0
7686742593157303559,https://www.tiktok.com/@vnexpress.official/video/7686742593157303559,ngập Đại Kim,kw_ngap_dai_kim,"Khu dân cư ven sông Bôi ngập gần 1,5 m #vnexpress #vne #vnego",#vnexpress #vne #vnego,2026-09-18T05:45:00+00:00,190,reject,thieu_nhom:B_giao_thong_tac_dong+C_dia_diem,0
7686877454153157909,https://www.tiktok.com/@kenh_tin_tuc/video/7686877454153157909,ngập Đại Kim,kw_ngap_dai_kim,Nhiều chủ xe vẫn chủ quan khi đường ngập vẫn cố chấp cho xe chạy qua mà không sợ thủy kích #xuhuongtiktok #xuhuong #tinnong #tintuc24h #kenhtintuc ,#xuhuongtiktok #xuhuong #tinnong #tintuc24h #kenhtintuc,2026-09-19T04:00:05+00:00,242,reject,thieu_nhom:B_giao_thong_tac_dong+C_dia_diem,0
7688352787352030485,https://www.tiktok.com/@megaoreview73/video/7688352787352030485,ngập Đại Kim,kw_ngap_dai_kim,Dĩ An ngập hết rồi 🌧,,2026-09-22T13:35:33+00:00,45,reject,thieu_nhom:B_giao_thong_tac_dong+C_dia_diem,0
7677800300530371861,https://www.tiktok.com/@nguyenhuong.9987/video/7677800300530371861,ngập Đại Kim,kw_ngap_dai_kim,Tối qua về đường vẫn khô roông Sáng nay đã ngập vậy rồi  Ngọc lý ngập các nơi đổ về con đường này Combo ngập+tắc đường ,,2026-08-25T03:06:34+00:00,39,reject,thieu_nhom:C_dia_diem,0
7677533609426685191,https://www.tiktok.com/@ducdayroi995/video/7677533609426685191,ngập Yên Sở,kw_ngap_yen_so,Cầu yên sở qua Hoài Đức Quốc Oai. Mực nước đang tăng sự sắp cấm qua lại,,2026-08-24T09:51:37+00:00,3,reject,thieu_nhom:A_ngap_lut+B_giao_thong_tac_dong,0
7686416475510279431,https://www.tiktok.com/@catquequeta/video/7686416475510279431,ngập Yên Sở,kw_ngap_yen_so,Cầu Yên Sở - Xã Dương Hòa. Cấm tất cả các phương tiện đi từ Hoài Đức sang Quốc Oai m.n ạ.,,2026-09-17T08:21:42+00:00,0,reject,thieu_nhom:A_ngap_lut,0
7686702626150419732,https://www.tiktok.com/@longduy7825/video/7686702626150419732,ngập Yên Sở,kw_ngap_yen_so,mực nước cầu sông đáy yên sở cũ xã dương hòa #xuhuong #tichtoc ,#xuhuong #tichtoc,2026-09-18T02:52:11+00:00,1,reject,thieu_nhom:A_ngap_lut+B_giao_thong_tac_dong,0
7686372531695062290,https://www.tiktok.com/@thoca19990309/video/7686372531695062290,ngập Yên Sở,kw_ngap_yen_so,"Mưa lớn kéo dài khiến nhiều khu vực tại Hà Nội rơi vào cảnh ngập úng, đặc biệt trong đêm 16 và rạng sáng 17/9. Không ít gia đình phải liên tục kiểm tra mực nước, di chuyển máy móc, đồ điện tử và dùng nhiều cách để ngăn nước tràn vào nhà. Một số nơi nước rút chậm, để lại bùn đất và gây thêm khó khăn cho việc sinh hoạt. Tình trạng này cũng khiến nhiều trường học phải điều chỉnh thời gian hoặc chuyển sang hình thức học trực tuyến. Những hình ảnh người dân thức đêm chống ngập cho thấy áp lực lớn khi mưa kéo dài và hệ thống thoát nước không kịp đáp ứng. #tintuc #hanoi #ngaplut #mualon #xahoi ",#tintuc #hanoi #ngaplut #mualon #xahoi,2026-09-17T05:31:13+00:00,1,accept,du_3_nhom,1
7686364924267728149,https://www.tiktok.com/@dong.hanh.cung.dat.nuoc/video/7686364924267728149,ngập Yên Sở,kw_ngap_yen_so,"Trạm bơm  Yên Sở chạy 100% công suất, Hà Nội vì sao vẫn ngập?",,2026-09-17T05:01:40+00:00,1,reject,thieu_nhom:B_giao_thong_tac_dong,0
7688768958702292244,https://www.tiktok.com/@pe_thu9311/video/7688768958702292244,ngập Yên Sở,kw_ngap_yen_so,Lần đầu tiên ngập nhiều đến vậy 🥹#60dongnai ,#60dongnai,2026-09-23T16:30:31+00:00,25,reject,thieu_nhom:B_giao_thong_tac_dong+C_dia_diem,0
7686879952259599623,https://www.tiktok.com/@use24121977truong/video/7686879952259599623,ngập Yên Sở,kw_ngap_yen_so,@VĂN TRƯỜNG 1977 ,,2026-09-18T14:20:14+00:00,2,reject,thieu_nhom:A_ngap_lut+B_giao_thong_tac_dong+C_dia_diem,0
7686729089582992660,https://www.tiktok.com/@longduy7825/video/7686729089582992660,ngập Yên Sở,kw_ngap_yen_so,,,2026-09-18T04:34:54+00:00,4,reject,thieu_nhom:A_ngap_lut+B_giao_thong_tac_dong+C_dia_diem,0
7683901780517915925,https://www.tiktok.com/@giadinhchelin/video/7683901780517915925,ngập Yên Sở,kw_ngap_yen_so,Khi GenZ làm phụ huynh =)) #giadinhchelin #tuoitho #tuoitho8x9x #congvienyenso #uocmoxanh ,#giadinhchelin #tuoitho #tuoitho8x9x #congvienyenso #uocmoxanh,2026-09-10T13:43:22+00:00,16,reject,thieu_nhom:A_ngap_lut+B_giao_thong_tac_dong+C_dia_diem,0
7686453824306908436,https://www.tiktok.com/@bs.ty.thng.long/video/7686453824306908436,ngập Yên Sở,kw_ngap_yen_so,"Vì sao Hoàng Mai, Yên Sở miễn nhiễm với ngập úng trong các trận mưa lịch sử vừa qua? Một trong những nội dung quan trọng của Hà Nội trong thời gian qua là khắc phục tình trạng ngập lụt đô thị và đã triển khai hang loạt các công trình khẩn cấp như hồ điều hòa Đồng Bông 2, hồ Phú Đô, hồ Thụy Phương 2, hồ Yên Nghĩa 1, hồ Yên Nghĩa 2, cải tạo hạ lưu sông Kim Ngưu, trạm bơm đầu mối Thụy Phương, cải tạo kênh Thụy Phương,…..tuy nhiên phần vì đấu nối hạ tầng vẫn chưa đồng bộ hết, phần vì lượng mưa trong những ngày qua quá lớn vượt công suất thiết kế nên đã dẫn đến tình trạng ngập trên diện rộng từ khu nhà giàu Ciputra, đường Võ Chí Công, đến sân vận động Mỹ Đình, đường Dương Định Nghệ, Trần Thái Tông, Mai Dịch đến Triều Khúc, Hoa Bằng, Đội Cấn, Thái Hà, Tố Hữu, An Khánh, Yên Nghĩa,…. Tuy nhiên, có một khu vực không có hiện tượng ngập úng trong suốt những năm qua (trừ năm mưa kỷ lục 2008) là khu vực Hoàng Mai, Yên Sở, lý do vì sao khu vực này lại không bị ngập úng? Thứ nhất: hệ thống đầm, hồ, ao dày đặc: chỉ riêng hồ và công viên Yên Sở đã có diện tích vào khoảng 323 ha, cùng với hệ thống đầm lớn, hồ người dân đang nuôi cá dọc đê nguyễn khoái, tứ hiệp có thể chứa được một lượng lớn nước khổng lồ bằng hang chục các công trình chống ngập mà Hà Nội đang triển khai (mỗi hồ điều hòa chống ngập chỉ vào khoảng 5 – 36 ha), bên cạnh đó nơi đây còn có hệ thống sông ngoài nội đô mật độ cũng rất cao với sông Tô Lịch, sông Sét, sông Kim Ngưu,…làm chức năng điều phối nước và dẫn nước về phía Nam khá tốt Thứ 2: Trạm Bơm Yên Sở, với 20 tổ máy bơm, trong đó 05 tổ máy đứng, 15 tổ máy ngang, công suất đạt 90m3/s, đang là máy bơm hoạt động tốt nhất, hiệu quả nhất của Hà Nội Ngoài ra còn nhờ địa hình cao ráo, bằng phẳng cũng giúp cho khu vực này không bị mưa ngập Theo tôi người mua nhà hiện nay nên đưa yếu tố này vào diện cần đặc biệt lưu ý vì biến đổi khí hậu ngày càng phức tạp, mưa bão thất thường, các công trình không phải lúc nào cũng chịu nhiệt được, có thể phải tìm cách sống chung với ngập úng hoặc tìm kiếm những nơi ít bị ảnh hưởng hoặc xử lý tốt vấn đề này để an cư. #viralvideo #xuhuong #hoangmai #yenso #ngapluthanoi #luluthanoi #ngaphanoi #chungcumandaringarden #mandaringarden3 #gamudacentralpark #gamuda",#viralvideo #xuhuong #hoangmai #yenso #ngapluthanoi #luluthanoi #ngaphanoi #chungcumandaringarden #mandaringarden3 #gamudacentralpark #gamuda,2026-09-17T10:46:36+00:00,1,accept,du_3_nhom,1
7686754387607227669,https://www.tiktok.com/@nguyenhieu976/video/7686754387607227669,ngập Yên Sở,kw_ngap_yen_so,,,2026-09-18T06:13:00+00:00,1,reject,thieu_nhom:A_ngap_lut+B_giao_thong_tac_dong+C_dia_diem,0
7686303124486933781,https://www.tiktok.com/@boxingmuaythaihadong/video/7686303124486933781,ngập Văn Quán,kw_ngap_van_quan,Biển Văn Quán #xh #viral ,#xh #viral,2026-09-17T01:01:55+00:00,454,reject,thieu_nhom:A_ngap_lut+B_giao_thong_tac_dong,0
7686398399343562005,https://www.tiktok.com/@tukhome_5555/video/7686398399343562005,ngập Văn Quán,kw_ngap_van_quan,🌧️ VĂN QUÁN HÔM NAY NGẬP ĐẾN ĐÂU? 🎥 Video ghi nhận thực tế tình hình ngập tại Văn Quán – Hà Đông. 📍 Khu vực bạn đang ở có ngập không? 💬 Comment để cùng cập nhật tình hình nhé! #VanQuan #HaDong #NgapNuoc #HaNoi #Tukhome ,#VanQuan #HaDong #NgapNuoc #HaNoi #Tukhome,2026-09-17T07:11:34+00:00,1,reject,thieu_nhom:B_giao_thong_tac_dong,0
7686294114303839508,https://www.tiktok.com/@dr.hienho/video/7686294114303839508,ngập Văn Quán,kw_ngap_van_quan,Hà Nội mở dịch vụ đường Thuỷ chưa các bác chứ bơi chắc không nổi🤦‍♀️#HaNoi#ngaplut#hanoingaplut #viral #xuhuong ,#HaNoi #ngaplut #hanoingaplut #viral #xuhuong,2026-09-17T00:26:58+00:00,7,reject,thieu_nhom:A_ngap_lut+B_giao_thong_tac_dong,0
7685942269215640848,https://www.tiktok.com/@laodong.vn/video/7685942269215640848,ngập Văn Quán,kw_ngap_van_quan,"Hà Nội mưa lớn, người dân khu đô thị Văn Quán chật vật đi qua điểm ngập úng #laodong #baolaodong #laodong.vn #hanoi #mua #ngapung",#laodong #baolaodong #laodong #hanoi #mua #ngapung,2026-09-16T01:41:43+00:00,2,accept,du_3_nhom,1
7685929328084847892,https://www.tiktok.com/@dr.hienho/video/7685929328084847892,ngập Văn Quán,kw_ngap_van_quan,"Không cần tốn tiền đi biển nữa, biển tìm đến tận cửa nhà rồi! #hanoi #ngaplut#xuhuong #thuhanoi",#hanoi #ngaplut #xuhuong #thuhanoi,2026-09-16T00:51:20+00:00,15,reject,thieu_nhom:A_ngap_lut+C_dia_diem,0
7686317700846505236,https://www.tiktok.com/@dunggiquayday/video/7686317700846505236,ngập Văn Quán,kw_ngap_van_quan,Nguyễn Khuyến-  Văn Quán- Hà Đông sáng ngày 17.9.2026 #ngap #mua #vanquanhadong#hadong ,#ngap #mua #vanquanhadong #hadong,2026-09-17T01:58:25+00:00,1,reject,thieu_nhom:A_ngap_lut+B_giao_thong_tac_dong,0
7686433632017255698,https://www.tiktok.com/@chubebityeu/video/7686433632017255698,ngập Văn Quán,kw_ngap_van_quan,"Hồ Văn quán lúc này , biển oiw #xuhuongtiktok #ngaplut #foryou ",#xuhuongtiktok #ngaplut #foryou,2026-09-17T09:28:17+00:00,5,reject,thieu_nhom:A_ngap_lut+B_giao_thong_tac_dong,0
7686371817539357960,https://www.tiktok.com/@09_chen_86/video/7686371817539357960,ngập Văn Quán,kw_ngap_van_quan,Biển Văn Quán ..đi cũng giở đứng càng ngập sâu...😆😆😆,,2026-09-17T05:28:32+00:00,8,accept,du_3_nhom,1
7686460940371479816,https://www.tiktok.com/@leuhuelth.22/video/7686460940371479816,ngập Văn Quán,kw_ngap_van_quan,Biển Văn Quán #ngập_lụt ,#ngập_lụt,2026-09-17T11:14:16+00:00,0,reject,thieu_nhom:B_giao_thong_tac_dong,0
7686501225050803474,https://www.tiktok.com/@tranphthanh/video/7686501225050803474,ngập Văn Quán,kw_ngap_van_quan,Kỉ niệm biển Văn Quán 2026🌊🌦️🍃 #beach #hanoi #viral #xh #fyp ,#beach #hanoi #viral #xh #fyp,2026-09-17T13:50:34+00:00,33,reject,thieu_nhom:A_ngap_lut,0
7686450087014223124,https://www.tiktok.com/@hanghr/video/7686450087014223124,ngập Văn Quán,kw_ngap_van_quan,Mời các bác về vịnh Văn Quán tắm mưa #haloi #muangap ,#haloi #muangap,2026-09-17T10:32:07+00:00,1,reject,thieu_nhom:A_ngap_lut+B_giao_thong_tac_dong,0
7686336557590072597,https://www.tiktok.com/@_quochung686/video/7686336557590072597,ngập Văn Quán,kw_ngap_van_quan,Hồ văn quán ngày mưa ngập,,2026-09-17T03:11:39+00:00,1,reject,thieu_nhom:B_giao_thong_tac_dong,0
7686312630851489044,https://www.tiktok.com/@xuan.hai.jp/video/7686312630851489044,ngập Văn Quán,kw_ngap_van_quan,#hottrendtiktok ae ở văn quán mỗi trận mưa to kéo dài là lại ngập :((,#hottrendtiktok,2026-09-17T01:38:45+00:00,1,reject,thieu_nhom:B_giao_thong_tac_dong,0
7686302365619621128,https://www.tiktok.com/@tranhuy2011/video/7686302365619621128,ngập Văn Quán,kw_ngap_van_quan,Ngập,,2026-09-17T00:59:07+00:00,0,reject,thieu_nhom:B_giao_thong_tac_dong+C_dia_diem,0
7686302134035303700,https://www.tiktok.com/@boxingmuaythaihadong/video/7686302134035303700,ngập Văn Quán,kw_ngap_van_quan,Cập nhật tình hình tại hồ Văn Quán cho ae nhé #xh #viral ,#xh #viral,2026-09-17T00:58:01+00:00,15,reject,thieu_nhom:A_ngap_lut+B_giao_thong_tac_dong,0
7686411426369522965,https://www.tiktok.com/@nvxs.07/video/7686411426369522965,ngập Văn Quán,kw_ngap_van_quan,Văn quán ngay lúc này :))#bienoiii #abcxyz ,#bienoiii #abcxyz,2026-09-17T08:02:08+00:00,1,reject,thieu_nhom:A_ngap_lut+B_giao_thong_tac_dong,0
7688325044115705109,https://www.tiktok.com/@toiladanbinhtan/video/7688325044115705109,ngập Mỗ Lao,kw_ngap_mo_lao,Đường Mã Lò Nay Ngập Không Lối Thoát #toiladanbinhtan #ngapduongtphcm,#toiladanbinhtan #ngapduongtphcm,2026-09-22T11:47:55+00:00,82,reject,thieu_nhom:B_giao_thong_tac_dong+C_dia_diem,0
7683899620015033607,https://www.tiktok.com/@bedaulatui2602/video/7683899620015033607,ngập Mỗ Lao,kw_ngap_mo_lao,Tới luôn mấy Ní ơi. Ai về được nhà rồi điểm danh cái nha #nướcngập #mãlò #xuhuong ,#nướcngập #mãlò #xuhuong,2026-09-10T13:34:59+00:00,1,reject,thieu_nhom:C_dia_diem,0
7688304573894757653,https://www.tiktok.com/@povduongphovn/video/7688304573894757653,ngập Mỗ Lao,kw_ngap_mo_lao,🌏 POV Đường phố - MONG CẢ NHÀ DI CHUYỂN AN TOÀN . #daopho #malo #povduongpho #mua #hientho 🎯 Đường Mã Lò Bình Tân đã  ngập mà Còn Mưa.....🥲 Cả  nhà tìm hướng tránh nó nhé. 🥲 Mưa - Ngập - Kẹt xe - Mưa  Tập 2 🥲,#daopho #malo #povduongpho #mua #hientho,2026-09-22T10:28:31+00:00,0,reject,thieu_nhom:C_dia_diem,0
7688878697926987029,https://www.tiktok.com/@truongthuan4gmail.com/video/7688878697926987029,ngập Mỗ Lao,kw_ngap_mo_lao,"🌧️ Mưa lũ không chỉ cuốn trôi đường phố, mà còn thử thách lòng người.#MuaLon #NgapLut #MongMoiNguoiBinhAn #ChungTayViCongDong #VietNam",#MuaLon #NgapLut #MongMoiNguoiBinhAn #ChungTayViCongDong #VietNam,2026-09-23T23:36:30+00:00,19,reject,thieu_nhom:A_ngap_lut+B_giao_thong_tac_dong+C_dia_diem,0
7684127459687599368,https://www.tiktok.com/@luuduan22/video/7684127459687599368,ngập Mỗ Lao,kw_ngap_mo_lao,🏡 CĂN 2PN +2WC -DT 72m -TÒA -TSQ-EUROLAND MỖ LAO -HÀ ĐÔNG. #canho #chungcu #molao #hadong #tsq ,#canho #chungcu #molao #hadong #tsq,2026-09-11T04:19:10+00:00,155,reject,thieu_nhom:A_ngap_lut+B_giao_thong_tac_dong,0
7684262093301796117,https://www.tiktok.com/@megaoreview73/video/7684262093301796117,ngập Mỗ Lao,kw_ngap_mo_lao,Quá nhiều nước tràn vào nhà 2 bên đường luôn ạ ,,2026-09-11T13:01:34+00:00,718,reject,thieu_nhom:B_giao_thong_tac_dong+C_dia_diem,0
7684321107251301653,https://www.tiktok.com/@phi.thanh9297/video/7684321107251301653,ngập Mỗ Lao,kw_ngap_mo_lao,Mã lò-Bình tân chiều nay 🥺 #ngập_hết_đường ,#ngập_hết_đường,2026-09-11T16:50:39+00:00,0,reject,thieu_nhom:B_giao_thong_tac_dong+C_dia_diem,0
7678621934011141397,https://www.tiktok.com/@binhancuhomes/video/7678621934011141397,ngập La Khê,kw_ngap_la_khe,"Kênh La Khê ""lột xác"": Cứu tinh chống ngập của Tây Hà Nội! Đi dọc kênh La Khê những ngày này mới thấy đường sá thoáng đãng và khang trang hơn hẳn! Không chỉ đẹp, đây còn là con kênh thoát nước huyết mạch của Trạm bơm Yên Nghĩa giúp Hà Đông thoát cảnh ngập lụt. Hạ tầng tốt thế này bảo sao bất động sản quanh đây không ngừng hot! 🔥 Xem hết video để thấy sự thay đổi nhé! #KenhLaKhe #HaDong #ChongNgap #ReviewHaNoi #BatDongSan   ",#KenhLaKhe #HaDong #ChongNgap #ReviewHaNoi #BatDongSan,2026-08-27T08:14:55+00:00,20,accept,du_3_nhom,1
7678685201496542471,https://www.tiktok.com/@ninhipninh/video/7678685201496542471,ngập La Khê,kw_ngap_la_khe,Tối qua bão người còn hôm nay vão lũ thật 🥹🥹🥹#muabao ,#muabao,2026-08-27T12:20:23+00:00,1,reject,thieu_nhom:A_ngap_lut+B_giao_thong_tac_dong+C_dia_diem,0
7681743035184598292,https://www.tiktok.com/@newshubnepal1/video/7681743035184598292,ngập La Khê,kw_ngap_la_khe,"Multiple Lakhe Mukuts Have Been Recovered From The Flood-Affected Area, Completely Covered In Mud And Debris. Symbols Of Culture, Tradition, And Celebration, Seeing Them In This Condition Is A Heartbreaking Reminder Of The Destruction Left Behind By The Disaster. Some Losses Cannot Be Measured In Money — They Carry Memories, Identity, And History. #Lakhe #NepalCulture #FloodDisaster #CulturalHeritage #nepal ",#Lakhe #NepalCulture #FloodDisaster #CulturalHeritage #nepal,2026-09-04T18:06:27+00:00,156,reject,thieu_nhom:A_ngap_lut+C_dia_diem,0
7677839606473166101,https://www.tiktok.com/@thainguyenhaivan/video/7677839606473166101,ngập La Khê,kw_ngap_la_khe,#duet cùng @namiya.news ,#duet,2026-08-25T05:39:06+00:00,1,reject,thieu_nhom:A_ngap_lut+B_giao_thong_tac_dong+C_dia_diem,0
7686249969170369808,https://www.tiktok.com/@xuongsanxuatnoithatkhome/video/7686249969170369808,ngập La Khê,kw_ngap_la_khe,"BÊN CÁC BÁC SAO RỒI , BÊN EM VỠ TRẬN RỒI#viral #noithat #xuhuong #ngập ",#viral #noithat #xuhuong #ngập,2026-09-16T21:36:15+00:00,227,reject,thieu_nhom:B_giao_thong_tac_dong+C_dia_diem,0
7678228671232052501,https://www.tiktok.com/@vudiep078/video/7678228671232052501,ngập La Khê,kw_ngap_la_khe,#Ngập lụt tại Thất Khê -Lạng Sơn 3 năm liên tiếp,#Ngập,2026-08-26T06:48:50+00:00,21,reject,thieu_nhom:B_giao_thong_tac_dong+C_dia_diem,0
7686362905335352596,https://www.tiktok.com/@mrdong.review.hoa.lac/video/7686362905335352596,ngập La Khê,kw_ngap_la_khe,"Hoà Lạc Ngập Sâu, các bạn sinh viên phụ huynh học sinh chú ý đoạn cầu 19 chỗ công nghệ cao đang ngập sâu xe máy ô tô không qua được, đi lách lên Đại Lộ thăng long nhé#mrdongreview #review #reviewhoalac #hoalac #sinhvien ",#mrdongreview #review #reviewhoalac #hoalac #sinhvien,2026-09-17T04:53:49+00:00,84,accept,du_3_nhom,1
7686313753050156309,https://www.tiktok.com/@bs.geleximco.dng/video/7686313753050156309,ngập Dương Nội,kw_ngap_duong_noi,,,2026-09-17T01:43:04+00:00,0,reject,thieu_nhom:A_ngap_lut+B_giao_thong_tac_dong+C_dia_diem,0
7686345501653912840,https://www.tiktok.com/@bopnami2/video/7686345501653912840,ngập Dương Nội,kw_ngap_duong_noi,Vịnh dương nội ,,2026-09-17T03:46:24+00:00,0,reject,thieu_nhom:A_ngap_lut+B_giao_thong_tac_dong,0
7686476354350615826,https://www.tiktok.com/@yennhadep1268/video/7686476354350615826,ngập Dương Nội,kw_ngap_duong_noi,"Liền kề Geleximco mà ngập gần đến đầu gối,  các bác cân nhắc trước khi xuống tiền nhé!  #geleximco #ngap #toavanphong",#geleximco #ngap #toavanphong,2026-09-17T12:14:03+00:00,17,reject,thieu_nhom:B_giao_thong_tac_dong+C_dia_diem,0
7686591408311979271,https://www.tiktok.com/@maive232/video/7686591408311979271,ngập Dương Nội,kw_ngap_duong_noi,Mưa #Ngập #ÔDiên #HàNội,#Ngập #ÔDiên #HàNội,2026-09-17T19:40:35+00:00,0,reject,thieu_nhom:B_giao_thong_tac_dong+C_dia_diem,0
7686424037509172500,https://www.tiktok.com/@toitaitu92/video/7686424037509172500,ngập An Khánh,kw_ngap_an_khanh,Cập Nhật tình hình tại Vịnh Nam An Khánh. #toitaitu #motor #zx10r ,#toitaitu #motor #zx10r,2026-09-17T08:51:08+00:00,21,reject,thieu_nhom:A_ngap_lut+B_giao_thong_tac_dong,0
7686356260014378247,https://www.tiktok.com/@anvatdudu/video/7686356260014378247,ngập An Khánh,kw_ngap_an_khanh,Cập nhật tình hình vịnh An Khánh #xuhuong #duduoi #anvatdudu ,#xuhuong #duduoi #anvatdudu,2026-09-17T04:28:02+00:00,20,reject,thieu_nhom:A_ngap_lut+B_giao_thong_tac_dong,0
7686313766929190162,https://www.tiktok.com/@_dongmay_2001_2002/video/7686313766929190162,ngập An Khánh,kw_ngap_an_khanh,#xuhuong #ngập ,#xuhuong #ngập,2026-09-17T01:43:13+00:00,5,reject,thieu_nhom:B_giao_thong_tac_dong+C_dia_diem,0
7686469785470700820,https://www.tiktok.com/@duong.homeboss/video/7686469785470700820,ngập An Khánh,kw_ngap_an_khanh,Biệt thự ven sông an khánh #muangap#smartcity,#muangap #smartcity,2026-09-17T11:48:36+00:00,7,reject,thieu_nhom:A_ngap_lut+B_giao_thong_tac_dong,0
7686282821115170056,https://www.tiktok.com/@minichincao/video/7686282821115170056,ngập An Khánh,kw_ngap_an_khanh,Nam an khánh đang ngập các bác ạ cổng chào nhé😭😭😭🌧️🌧️#mưagióbãobùng #mưa ,#mưagióbãobùng #mưa,2026-09-16T23:43:10+00:00,6,reject,thieu_nhom:B_giao_thong_tac_dong,0
7686433845427604756,https://www.tiktok.com/@ndtubds/video/7686433845427604756,ngập An Khánh,kw_ngap_an_khanh,Chiều 17/9 Vịnh An Khánh #VịnhAnKhánh #Mưangập #Nướcdềnh,#VịnhAnKhánh #Mưangập #Nướcdềnh,2026-09-17T09:29:09+00:00,0,reject,thieu_nhom:B_giao_thong_tac_dong,0
7688252776639434004,https://www.tiktok.com/@baothanhnien.official/video/7688252776639434004,ngập An Khánh,kw_ngap_an_khanh,"Nhiều hẻm ở Thảo Điền ngập từ tối đến chiều hôm sau, nguyên nhân do đâu? #tiktoknews #tiktokthanhnien #thoitiet",#tiktoknews #tiktokthanhnien #thoitiet,2026-09-22T07:07:27+00:00,0,reject,thieu_nhom:C_dia_diem,0
7686326080625593618,https://www.tiktok.com/@sontungdental/video/7686326080625593618,ngập An Khánh,kw_ngap_an_khanh,Cống hiến hết mình r biển ơi =)))))) #xh #j4f #ngập #ankhanh #nhakhoasontung ,#xh #j4f #ngập #ankhanh #nhakhoasontung,2026-09-17T02:31:00+00:00,2,reject,thieu_nhom:B_giao_thong_tac_dong+C_dia_diem,0
7686316006708497685,https://www.tiktok.com/@lananhplay/video/7686316006708497685,ngập An Khánh,kw_ngap_an_khanh,"Ngập lụt như ở Vinh...#congchaonamankhanh .,lụt vầy phải lms",#congchaonamankhanh,2026-09-17T01:51:56+00:00,3,reject,thieu_nhom:B_giao_thong_tac_dong+C_dia_diem,0
7677254143920147730,https://www.tiktok.com/@ancu8386/video/7677254143920147730,ngập An Khánh,kw_ngap_an_khanh,"Khu Vực Nam An Khánh Và Vinhomes Smart City Bao Giờ Hết Ngập? | AN CƯ Nếu anh/chị là một cư dân đang sinh sống, một người thường xuyên di chuyển qua trục phía Tây Hà Nội, hay một nhà đầu tư bất động sản đang quan tâm đến khu vực này, thì chắc chắn câu hỏi ""Khu vực Nam An Khánh và Vinhomes Smart City bao giờ hết ngập?"" luôn là nỗi trăn trở lớn nhất mỗi khi mùa mưa bão ập đến. Khu vực phía Tây, đặc biệt là khu vực Nam An Khánh và Từ Liêm, vốn nằm trong lưu vực tiêu thoát nước phụ thuộc hoàn toàn vào hệ thống sông Nhuệ và sông Đáy. Mỗi khi có mưa lớn, lượng nước từ các khu vực xung quanh đổ dồn về đây nhưng không có đường thoát. Ngã tư Lê Trọng Tấn ngập úng kiệt quệ: Nút giao giữa đường Lê Trọng Tấn (đoạn qua cổng chào An Khánh và Geleximco Lê Trọng Tấn) từ lâu đã bị gán mác là ""điểm đen"" giao thông. Tình trạng ngã tư lê trọng tấn ngập sâu từ 0,5m đến hơn 1m khiến hàng ngàn phương tiện chết máy, giao thông tê liệt hoàn toàn, người dân phải chật vật đẩy xe hoặc thuê xe ba gác ba bánh cứu hộ. Thực tế tại Vinhomes Smart City ngập cục bộ: Ngay cả một đại đô thị hiện đại bậc nhất như Vinhomes Smart City cũng không đứng ngoài tầm ảnh hưởng. Mặc dù hạ tầng nội khu được quy hoạch bài bản với cao độ nền rất tốt, nhưng do hệ thống thoát nước chung của khu vực bị quá tải, tình trạng Vinhomes Smart City ngập úng cục bộ vẫn xảy ra tại các lối hầm chui dân sinh kết nối ra Đại lộ Thăng Long, gây chia cắt tạm thời trục di chuyển nội - ngoại khu. Câu hỏi ""Bao giờ hết ngập?"" cuối cùng đã có lời giải đáp rõ ràng khi UBND Thành phố Hà Nội quyết liệt triển khai các dự án chống úng ngập khẩn cấp. Tính đến giữa năm 2026, diện mạo thoát nước của khu vực đã thay đổi rõ rệt nhờ sự phối hợp đồng bộ của các công trình hạ tầng kỹ thuật cốt lõi: Nâng cấp Trạm bơm Cầu Ngà 1 & Cầu Ngà 3: Trạm bơm Cầu Ngà 1 được đầu tư nâng cấp, lắp đặt mới 3 tổ máy bơm chìm với tổng công suất lên đến 6 m³/giây. Công trình này đóng vai trò gom nước chủ động, rút ngắn thời gian ngập từ vài ngày xuống còn vài giờ và xả thẳng ra sông Cầu Ngà, trực tiếp ""giải cứu"" cho đại đô thị Vinhomes Smart City cũng như các phân khu của Geleximco. Song song đó, trạm bơm Cầu Ngà 3 được nâng công suất thêm 4 m³/giây, hỗ trợ tiêu thoát nước triệt để cho các trục đường dân sinh phụ cận, khu vực Miêu Nha, Ngọc Mạch và Xuân Phương.Xây mới Trạm bơm dã chiến Bắc An Khánh Đối với khu vực nút giao An Khánh và các hầm chui dân sinh cắt ngang cao tốc - nơi thường xuyên hứng chịu lượng nước đọng khổng lồ - thành phố đã cho xây dựng khẩn cấp dự án trạm bơm dã chiến Bắc An Khánh với 2 tổ bơm đạt công suất 4 m³/giây.  Trạm bơm này hoạt động như một bộ đệm xả áp, giúp giảm tải ngay lập tức áp lực nước khi mưa lớn dồn dập, xử lý tận gốc bài toán nam an khánh ngập lụt triền miên. Xây dựng Nút giao giữa đường Vành đai 3.5 và Đại lộ Thăng Long. Không chỉ là một công trình trọng điểm giải quyết bài toán giao thông cửa ngõ kết nối, mà tại đây còn được thiết kế tích hợp hệ thống thu gom và hầm kỹ thuật thoát nước quy mô lớn. Việc đồng bộ cao độ nền trục đường Vành đai 3.5 phối hợp cùng các tuyến mương thoát nước mới giúp khu vực ngã tư lê trọng tấn ngập nặng trước đây hình thành một vòng xuyến thoát nước tuần hoàn, không còn hiện tượng ứ nghẽn dòng chảy. Nhờ sự kết hợp đồng bộ của cụm 3 trạm bơm trục Đại lộ Thăng Long và trạm bơm dã chiến, nước mưa rơi xuống đến đâu được hệ thống cống cưỡng bức gom và bơm tiêu thụ ra các trục sông chính đến đó. Giao thông giữ vững thông suốt: Điểm đen ngã tư lê trọng tấn ngập úng ngày nào giờ đây ghi nhận mức độ đọng nước thấp, thời gian tiêu thoát chỉ tính bằng phút thay vì hàng tiếng đồng hồ như trước, các phương tiện hoàn toàn có thể di chuyển an toàn. Dù hệ thống cần thêm thời gian thử thách qua những trận bão lũ lịch sử, nhưng có thể khẳng định hạ tầng chống ngập của thành phố tại khu Tây đang phát huy hiệu quả vô cùng tích cực. #batdongsan #batdongsanhanoi #hatang #hatanggiaothong #vanhdai3.5 #batdongsan #batdongsanhanoi  #thitruongbatdongsan #dautubatdongsan #ancu",#batdongsan #batdongsanhanoi #hatang #hatanggiaothong #vanhdai3 #batdongsan #batdongsanhanoi #thitruongbatdongsan #dautubatdongsan #ancu,2026-08-23T15:47:11+00:00,10,accept,du_3_nhom,1
7686693173950778644,https://www.tiktok.com/@trieuduyen.metropolis/video/7686693173950778644,ngập An Khánh,kw_ngap_an_khanh,"🌧️ NAM AN KHÁNH: NGẬP HAY KHÔNG – ĐI XEM THỰC TẾ MỚI BIẾT! Tại ngã 4 cổng Nam An Khánh, sau khi mưa lớn qua, nước đã rút và giao thông cơ bản trở lại bình thường. Nhìn rộng hơn, nhiều khu vực từng ngập sâu ở Hà Nội cũng đã tiêu thoát nước nhanh hơn sau các đợt mưa lớn. Hệ thống thoát nước, trạm bơm, hồ điều hòa và các dự án chống ngập đang tiếp tục được đầu tư, cải thiện. Nhưng câu hỏi mình muốn dành cho mọi người là: 💬 Theo bạn, khi mua nhà ở Hà Nội, “ngập úng” có phải là một tiêu chí quan trọng ngang với GIÁ – VỊ TRÍ – PHÁP LÝ không? Hay chỉ cần nước rút nhanh là có thể chấp nhận? 👇 Comment quan điểm của bạn. Mình muốn nghe cả người đang sống tại An Khánh, Tây Mỗ và những người đang có ý định mua nhà khu vực này! #NamAnKhanh #Geleximco #Vinsmart #AnKhanh #HaNoi ",#NamAnKhanh #Geleximco #Vinsmart #AnKhanh #HaNoi,2026-09-18T02:15:28+00:00,3,accept,du_3_nhom,1
7686334630915607828,https://www.tiktok.com/@hng.ni.khi.nghip1/video/7686334630915607828,ngập An Khánh,kw_ngap_an_khanh,Tròn một năm câu chuyện khai trương 2 ngày thì ngập!!!  #vinhomessmartcity #ankhanh #ngap #viral #xuhuong ,#vinhomessmartcity #ankhanh #ngap #viral #xuhuong,2026-09-17T03:04:13+00:00,65,reject,thieu_nhom:B_giao_thong_tac_dong+C_dia_diem,0
7686287987679694100,https://www.tiktok.com/@phopetshophn/video/7686287987679694100,ngập An Khánh,kw_ngap_an_khanh,"Cổng chào Nam An Khánh lúc này, mỗi lần mưa to là lại ngập ",,2026-09-17T00:03:07+00:00,0,reject,thieu_nhom:B_giao_thong_tac_dong,0
7686333581865553159,https://www.tiktok.com/@hongbeo6688/video/7686333581865553159,ngập An Khánh,kw_ngap_an_khanh,Vịnh An Khánh sáng nay 17/9  #Tranhong #ngapduong #hanoingapduong #ankhanh #tintuc,#Tranhong #ngapduong #hanoingapduong #ankhanh #tintuc,2026-09-17T03:00:02+00:00,4,reject,thieu_nhom:A_ngap_lut+B_giao_thong_tac_dong,0
7686471107200765204,https://www.tiktok.com/@cortis.070716/video/7686471107200765204,ngập An Khánh,kw_ngap_an_khanh,,,2026-09-17T11:53:40+00:00,4,reject,thieu_nhom:A_ngap_lut+B_giao_thong_tac_dong+C_dia_diem,0
7686450823299108116,https://www.tiktok.com/@luan.vsm/video/7686450823299108116,ngập An Khánh,kw_ngap_an_khanh,Biển An Khánh Cổng chào Nam An Khánh ngày mưa #geleximco #vinhomes #vinhomessmartcity #ankhanh #mưa ,#geleximco #vinhomes #vinhomessmartcity #ankhanh #mưa,2026-09-17T10:34:58+00:00,7,reject,thieu_nhom:A_ngap_lut+B_giao_thong_tac_dong,0
7678674212340370706,https://www.tiktok.com/@quang.linh.biz/video/7678674212340370706,ngập An Khánh,kw_ngap_an_khanh,"Mới hôm trước được lên TV vì hết ngập, này khả năng lượng mưa lớn trong thời gian ngắn không kịp khởi động bơm nên ngập tiếp. Đúng giờ tan tầm mới khổ #ankhanh #ngaplut ",#ankhanh #ngaplut,2026-08-27T11:37:44+00:00,81,reject,thieu_nhom:B_giao_thong_tac_dong+C_dia_diem,0
7686486923455499541,https://www.tiktok.com/@duannguyenbds/video/7686486923455499541,ngập An Khánh,kw_ngap_an_khanh,Tôi đã vượt qua Vịnh An Khánh ngập nửa bánh xe như thế nào 😂,,2026-09-17T12:55:01+00:00,0,accept,du_3_nhom,1
7686329936608546068,https://www.tiktok.com/@ongchuhoi1983/video/7686329936608546068,ngập An Khánh,kw_ngap_an_khanh,"Cập nhật 9h40thứ 5  ngày 17/9/2026 Tại Cổng chào An Khánh,   Hoài Đức Hà Nội biển nước...#fvp #xh #hanoi ",#fvp #xh #hanoi,2026-09-17T02:45:55+00:00,2,reject,thieu_nhom:A_ngap_lut+B_giao_thong_tac_dong,0
7686368693793705237,https://www.tiktok.com/@manhly6264/video/7686368693793705237,ngập An Khánh,kw_ngap_an_khanh,"Tưởng vịnh An Khánh năm nay mất chất, âu chỉ là đến muộn chút thoii",,2026-09-17T05:16:21+00:00,2,reject,thieu_nhom:A_ngap_lut,0
7686454006545157396,https://www.tiktok.com/@tienanngon/video/7686454006545157396,ngập An Khánh,kw_ngap_an_khanh,Ngập cục bộ toàn khu A Geleximco An Khánh #tienanngon #vinsmartcity ,#tienanngon #vinsmartcity,2026-09-17T10:47:19+00:00,1,reject,thieu_nhom:B_giao_thong_tac_dong,0
7686296516402728212,https://www.tiktok.com/@hehehihiiiiiiiiiii/video/7686296516402728212,ngập Vinhomes Smart City,kw_ngap_vinhomes_smart_city,"ngập từ đoạn Vincom, các bác chủ động đi vòng ra đại lộ thăng long chịu khó đi ngược chiều 1 tí là oke nha #vinsmartcity ",#vinsmartcity,2026-09-17T00:36:13+00:00,17,accept,du_3_nhom,1
7686436265398406417,https://www.tiktok.com/@nguyenhuuanh199x/video/7686436265398406417,ngập Vinhomes Smart City,kw_ngap_vinhomes_smart_city,vinhomes còn  ngập thế này ,,2026-09-17T09:38:37+00:00,2,reject,thieu_nhom:B_giao_thong_tac_dong+C_dia_diem,0
7686297683669126421,https://www.tiktok.com/@mai.skylight_noithat/video/7686297683669126421,ngập Vinhomes Smart City,kw_ngap_vinhomes_smart_city,"Ngày mưa ngập tại cửa ngõ ra vào Vinhomes Smart City , vẫn lội được 🥲#vinhomessmartcity ",#vinhomessmartcity,2026-09-17T00:40:50+00:00,6,reject,thieu_nhom:B_giao_thong_tac_dong,0
7688563707567213842,https://www.tiktok.com/@hien.vinsmart/video/7688563707567213842,ngập Vinhomes Smart City,kw_ngap_vinhomes_smart_city,"Mỗi mùa mưa HN ngập lụt không chỉ riêng Smart, chỉ ace lối đi thoáng k bao giờ bị ngập #vinsmartcity #ngaplut #vintaymo #vinsmartcitytâymỗ #vinhomessmartcity ",#vinsmartcity #ngaplut #vintaymo #vinsmartcitytâymỗ #vinhomessmartcity,2026-09-23T03:14:04+00:00,1,accept,du_3_nhom,1
7686841829039279381,https://www.tiktok.com/@nuongkienko/video/7686841829039279381,ngập Vinhomes Smart City,kw_ngap_vinhomes_smart_city,Cập nhật tình hình ngập lụt của Thủ đô cho bà con cả nước với em Kiên Kồ #kienkochill #ngaplut #vinhomessmartcity #hanoinews #fyp ,#kienkochill #ngaplut #vinhomessmartcity #hanoinews #fyp,2026-09-18T11:52:14+00:00,4,reject,thieu_nhom:B_giao_thong_tac_dong,0
7686339392134204680,https://www.tiktok.com/@dinhsmartcity/video/7686339392134204680,ngập Vinhomes Smart City,kw_ngap_vinhomes_smart_city,Buổi sáng vẫn hơi ngập đoạn vào dự án.  trong dự án không ngập.  #batdongsan #xuhuong #vinhomessmartcity ,#batdongsan #xuhuong #vinhomessmartcity,2026-09-17T03:22:39+00:00,7,reject,thieu_nhom:B_giao_thong_tac_dong+C_dia_diem,0
7686279145201896724,https://www.tiktok.com/@muanhavoivietanh_/video/7686279145201896724,ngập Vinhomes Smart City,kw_ngap_vinhomes_smart_city,Đêm qua mưa cả đêm thì Vinhomes Smart City có ngập không? #chuyennhuongvinhomesmartcity #muanhavoivietanh #bđshanoi #canhogiare #vinhomessmartcity ,#chuyennhuongvinhomesmartcity #muanhavoivietanh #bđshanoi #canhogiare #vinhomessmartcity,2026-09-16T23:28:52+00:00,0,reject,thieu_nhom:B_giao_thong_tac_dong,0
7686541595214105877,https://www.tiktok.com/@tailinh.19p1/video/7686541595214105877,ngập Vinhomes Smart City,kw_ngap_vinhomes_smart_city,Hà lội ơi..#ngaplut #vinhomessmartcity ,#ngaplut #vinhomessmartcity,2026-09-17T16:27:12+00:00,3,reject,thieu_nhom:A_ngap_lut+B_giao_thong_tac_dong+C_dia_diem,0
7685262712833592597,https://www.tiktok.com/@khanhlyovinsmartcity/video/7685262712833592597,ngập Vinhomes Smart City,kw_ngap_vinhomes_smart_city,✅ Sau mỗi cơn mưa ở VinHomes Smart City có ngập không??? #khanhlyovinsmartcity #vinhomessmartcity #chothuecanho #vinsmartcity #muangap ,#khanhlyovinsmartcity #vinhomessmartcity #chothuecanho #vinsmartcity #muangap,2026-09-14T05:44:36+00:00,3,reject,thieu_nhom:B_giao_thong_tac_dong,0
7686318859460136199,https://www.tiktok.com/@tienxemnha/video/7686318859460136199,ngập Vinhomes Smart City,kw_ngap_vinhomes_smart_city,🌨️Hà Lội mùa mưa ấy 😅 #VinhomesSmartCity #Xemnhacungphuoctien,#VinhomesSmartCity #Xemnhacungphuoctien,2026-09-17T02:02:57+00:00,5,reject,thieu_nhom:A_ngap_lut+B_giao_thong_tac_dong+C_dia_diem,0
7686315005750381844,https://www.tiktok.com/@o813339998/video/7686315005750381844,ngập Vinhomes Smart City,kw_ngap_vinhomes_smart_city,Mưa ngập cả nhà có thể đi lối.này nhé! Đường này ít khi ngập lắm!#vinhomessmartcity ,#vinhomessmartcity,2026-09-17T01:48:01+00:00,23,reject,thieu_nhom:C_dia_diem,0
7685579309360221461,https://www.tiktok.com/@o813339998/video/7685579309360221461,ngập Vinhomes Smart City,kw_ngap_vinhomes_smart_city,"Các bạn follow kênh để nhận tin tức mới nhất, hàng ngày để cập nhật tình hình ngập tại Vin smart trong đợt mưa này nhé! #vinhomessmartcity #vinsmartcity #vinsmart #ngaplut ",#vinhomessmartcity #vinsmartcity #vinsmart #ngaplut,2026-09-15T02:13:08+00:00,1,reject,thieu_nhom:B_giao_thong_tac_dong+C_dia_diem,0
7686437226078555413,https://www.tiktok.com/@o813339998/video/7686437226078555413,ngập Vinhomes Smart City,kw_ngap_vinhomes_smart_city,Giờ chỉ còn Vịnh An Khánh và đầu đường Tây Mỗ ngập thôi các bác nhé. Các bác đừng dồn về SA5 kẻo tắc đường nha! #vinhomessmartcity ,#vinhomessmartcity,2026-09-17T09:42:13+00:00,17,accept,du_3_nhom,1
7686278929602170130,https://www.tiktok.com/@huesky18/video/7686278929602170130,ngập Vinhomes Smart City,kw_ngap_vinhomes_smart_city,Mưa cả đêm dậy xác định là ngập rồi 🥲 nhìn đám mây kia nữa là xác định nay xin nghỉ làm chứ không có sức mà lội đi rồi lội về 🤣 #ngap #dailothanglong #ankhanh #vinsmartcity #hanoingaplut ,#ngap #dailothanglong #ankhanh #vinsmartcity #hanoingaplut,2026-09-16T23:28:01+00:00,29,reject,thieu_nhom:C_dia_diem,0
7686505080710827282,https://www.tiktok.com/@danquynhkechuyen/video/7686505080710827282,ngập Vinhomes Smart City,kw_ngap_vinhomes_smart_city,"Vinhomes Smart City có ngập không ?  Cơn mưa kéo dài cả ngày đêm và giờ mới tạnh chút, mình quay cho mọi người xem nhé",,2026-09-17T14:05:30+00:00,0,reject,thieu_nhom:B_giao_thong_tac_dong,0
7686310216794639624,https://www.tiktok.com/@hanh.bdsvinhomes/video/7686310216794639624,ngập Vinhomes Smart City,kw_ngap_vinhomes_smart_city,Cập nhật tình hình mưa lụt khu vực lối ra từ Smart City rẽ đại lộ Thăng Long ngày 17/09/26 #xuhuong #VinhomesSmartCity  Nguồn fb: Cẩm Tú Bùi,#xuhuong #VinhomesSmartCity,2026-09-17T01:29:20+00:00,2,reject,thieu_nhom:B_giao_thong_tac_dong,0
7686349105685171477,https://www.tiktok.com/@t.kiu.kiu/video/7686349105685171477,ngập Vinhomes Smart City,kw_ngap_vinhomes_smart_city,Được cái lương thấp lại còn nhà xaaaaa Thêm cơ địa xung quanh nhà hay ngập 😭 #vinhomessmartcity #smartcity ,#vinhomessmartcity #smartcity,2026-09-17T04:00:19+00:00,8,reject,thieu_nhom:B_giao_thong_tac_dong+C_dia_diem,0
7686218843894631700,https://www.tiktok.com/@xin.gin.rm.rp/video/7686218843894631700,ngập Vinhomes Smart City,kw_ngap_vinhomes_smart_city,Vinsmart ngập rồi các vợ ơi #nemchuarantrancongchau #xuhuong #trending #taymo #khoinghiep #vinhomesmartcity #smartcity,#nemchuarantrancongchau #xuhuong #trending #taymo #khoinghiep #vinhomesmartcity #smartcity,2026-09-16T19:34:50+00:00,1,reject,thieu_nhom:B_giao_thong_tac_dong+C_dia_diem,0
7684253202627218709,https://www.tiktok.com/@doanminhtrangbds/video/7684253202627218709,ngập Vinhomes Ocean Park,kw_ngap_vinhomes_ocean_park,Nhà bác nào ở Vinhomes Ocean Park 2-3 bị nước mưa ngập nhanh không ạ?  @Oasis - Biệt thự Vinhomes @Oasis - Chung cư Vinhomes  #doanminhtrangbds #vinhomesoceanpark2 #vinhomesoceanpark3 #oceanpark2 #bietthuvinhomes ,#doanminhtrangbds #vinhomesoceanpark2 #vinhomesoceanpark3 #oceanpark2 #bietthuvinhomes,2026-09-11T12:27:09+00:00,25,reject,thieu_nhom:B_giao_thong_tac_dong,0
7684132134235245845,https://www.tiktok.com/@buinen.bds/video/7684132134235245845,ngập Vinhomes Ocean Park,kw_ngap_vinhomes_ocean_park,Mưa lớn ở Vinhomes Ocean Park 2 có ngập không?  #buinenbđs #vinhomesoceanpark2 #vinhomesoceanpark3 #ngaplut #thoatnuoc ,#buinenbđs #vinhomesoceanpark2 #vinhomesoceanpark3 #ngaplut #thoatnuoc,2026-09-11T04:37:17+00:00,8,reject,thieu_nhom:B_giao_thong_tac_dong,0
7683853794454686997,https://www.tiktok.com/@thuycungcaccot/video/7683853794454686997,ngập Vinhomes Ocean Park,kw_ngap_vinhomes_ocean_park,Làng phố Vin2-3 được bữa ngập lụt#haihuoc #batdongsan #vinhomesoceanpark2 #vinhomesoceanpark3 #thuycungcaccot ,#haihuoc #batdongsan #vinhomesoceanpark2 #vinhomesoceanpark3 #thuycungcaccot,2026-09-10T10:37:10+00:00,2,reject,thieu_nhom:B_giao_thong_tac_dong+C_dia_diem,0
7683862765248793877,https://www.tiktok.com/@mai.hoa.banbds/video/7683862765248793877,ngập Vinhomes Ocean Park,kw_ngap_vinhomes_ocean_park,Mưa to ngập lụt hết đường ở Vin Oceanpark 2 nhưng với hệ thống thoát nước được đồng bộ nên chưa hết mưa nước đã được rút sạch khô đường luôn. Ở nơi khác các bác sợ ngập lụt chứ về Vin2 là yên tâm hết sẩy nha. #maihoabds #vinhomes #oceanpark ,#maihoabds #vinhomes #oceanpark,2026-09-10T11:11:58+00:00,21,reject,thieu_nhom:B_giao_thong_tac_dong+C_dia_diem,0
7686405076847447317,https://www.tiktok.com/@thuenhaoceanpark12/video/7686405076847447317,ngập Vinhomes Ocean Park,kw_ngap_vinhomes_ocean_park,Chỗ các bác có ngập không ạ 🤩#thuenhavinhomesoceanpark #thuechungcu #thuechungcuvinhomesoceanpark #vinhomesoceanpark  ,#thuenhavinhomesoceanpark #thuechungcu #thuechungcuvinhomesoceanpark #vinhomesoceanpark,2026-09-17T07:37:29+00:00,3,reject,thieu_nhom:B_giao_thong_tac_dong+C_dia_diem,0
7686496308516998421,https://www.tiktok.com/@docongbds/video/7686496308516998421,ngập Vinhomes Ocean Park,kw_ngap_vinhomes_ocean_park,"Video này là một góc nhìn thực tế về cuộc sống tại Ocean Park trong mùa mưa, để anh chị có thêm trải nghiệm trước khi lựa chọn nơi ở hoặc đầu tư. #docongbds #vinhomesoceanpark #mualu ",#docongbds #vinhomesoceanpark #mualu,2026-09-17T13:31:30+00:00,2,reject,thieu_nhom:A_ngap_lut+B_giao_thong_tac_dong+C_dia_diem,0
7683808982271626514,https://www.tiktok.com/@chunchun1526/video/7683808982271626514,ngập Vinhomes Ocean Park,kw_ngap_vinhomes_ocean_park,Mưa to quá,,2026-09-10T07:43:18+00:00,1,reject,thieu_nhom:A_ngap_lut+B_giao_thong_tac_dong+C_dia_diem,0
7686319505332571412,https://www.tiktok.com/@chinhoceanpark1/video/7686319505332571412,ngập Vinhomes Ocean Park,kw_ngap_vinhomes_ocean_park,Trận mưa lớn tối qua vẫn không tìm thấy con cá nào bên oceanpark mọi người ạ #vinhomesoceanpark3 #vinhomesoceanpark2 #vinhomesoceanpark #hisale #homeplus ,#vinhomesoceanpark3 #vinhomesoceanpark2 #vinhomesoceanpark #hisale #homeplus,2026-09-17T02:05:27+00:00,7,reject,thieu_nhom:A_ngap_lut+B_giao_thong_tac_dong+C_dia_diem,0
7683813152680676628,https://www.tiktok.com/@huynhhuongkechuyennha/video/7683813152680676628,ngập Vinhomes Ocean Park,kw_ngap_vinhomes_ocean_park,Mưa ầm ầm nước xối xả thì khu nào chả ngập ít ngập nhiều… nhưng quan trọng là hết mưa thì trong bao lâu nước rút hết đúng không mọi người ? #trending #viral #xuhuong #huynhhuongkechuyennha #vinhomesoceanpark ,#trending #viral #xuhuong #huynhhuongkechuyennha #vinhomesoceanpark,2026-09-10T07:59:34+00:00,2,reject,thieu_nhom:B_giao_thong_tac_dong+C_dia_diem,0
7683806449125952788,https://www.tiktok.com/@nganhabds_0989825483/video/7683806449125952788,ngập Vinhomes Ocean Park,kw_ngap_vinhomes_ocean_park,Ban ngày mà như ban đêm. Lũ về ocp rồi các bác ơi 😁#vinhomesoceanpark ,#vinhomesoceanpark,2026-09-10T07:33:33+00:00,2,reject,thieu_nhom:A_ngap_lut+B_giao_thong_tac_dong+C_dia_diem,0
7686320391614205202,https://www.tiktok.com/@trang.vinhomes0/video/7686320391614205202,ngập Vinhomes Ocean Park,kw_ngap_vinhomes_ocean_park,Khi trong nội thành Hà Nội Ngập lụt. Thì ở phía Đông Hà Nội Chấp hếtttt ♥️ #vin #vinhomesoceanpark #trangvinhomes #bấtđộngsản ,#vin #vinhomesoceanpark #trangvinhomes #bấtđộngsản,2026-09-17T02:08:54+00:00,11,reject,thieu_nhom:B_giao_thong_tac_dong,0
7686467456801639700,https://www.tiktok.com/@vinhomes.ocean.pa6/video/7686467456801639700,ngập Vinhomes Ocean Park,kw_ngap_vinhomes_ocean_park,Mưa lớn mới thấy giá trị thật của 1 đại đô thị các bác nhỉ #vinhomesoceanpark #oceanpark #vinhomes #masterisehomes  ,#vinhomesoceanpark #oceanpark #vinhomes #masterisehomes,2026-09-17T11:39:30+00:00,2,reject,thieu_nhom:A_ngap_lut+B_giao_thong_tac_dong+C_dia_diem,0
7686385924162211080,https://www.tiktok.com/@doancuongvinhomes/video/7686385924162211080,ngập Vinhomes Ocean Park,kw_ngap_vinhomes_ocean_park,"Mưa to vin2,3 có ngập k #doancuongnhadepvinhomes #vinhomes #VinhomeOceanPark #bietthulienkeoceanpark23 ",#doancuongnhadepvinhomes #vinhomes #VinhomeOceanPark #bietthulienkeoceanpark23,2026-09-17T06:23:11+00:00,2,reject,thieu_nhom:B_giao_thong_tac_dong+C_dia_diem,0
7685374667468803349,https://www.tiktok.com/@lamvubdsvinhomes/video/7685374667468803349,ngập Vinhomes Ocean Park,kw_ngap_vinhomes_ocean_park,"Bài đăng 38 | Mưa Lớn dài ngày, Vinhomes Ocean Park có bị ngập lụt không ? #vinhomesoceanpark1 #chungcuvinhomesoceanpark #canhovinhomesoceanpark #chungcuhanoi #ngapluthanoi ",#vinhomesoceanpark1 #chungcuvinhomesoceanpark #canhovinhomesoceanpark #chungcuhanoi #ngapluthanoi,2026-09-14T12:58:58+00:00,2,reject,thieu_nhom:B_giao_thong_tac_dong,0
7686367217331571981,https://www.tiktok.com/@duonghoanghai.bds/video/7686367217331571981,ngập Vinhomes Ocean Park,kw_ngap_vinhomes_ocean_park,MƯA TO QUÁ!!! NHƯNG Ở VIN 2-3  CÓ NGẬP KHÔNG?? #VinhomesOceanPark #vin23 ,#VinhomesOceanPark #vin23,2026-09-17T05:11:04+00:00,1,reject,thieu_nhom:B_giao_thong_tac_dong+C_dia_diem,0
7685568282711231762,https://www.tiktok.com/@linniepooh.official/video/7685568282711231762,ngập Vinhomes Ocean Park,kw_ngap_vinhomes_ocean_park,Trên đường đi làm hum nayyy 🥹 #viral #xuhuong #trending  #fyp ,#viral #xuhuong #trending #fyp,2026-09-15T01:30:25+00:00,8,reject,thieu_nhom:A_ngap_lut+C_dia_diem,0
7684322715053968661,https://www.tiktok.com/@thue_nha.vinhomes/video/7684322715053968661,ngập Vinhomes Ocean Park,kw_ngap_vinhomes_ocean_park,"Vịnh Thiên Đường đúng nghĩa  Mưa to là ngập , nhưng tốc độ ngập và thoát tương xứng nhé các bạn  Yên tâm là không lo ngập , lụt .  Các bạn cần tìm thuê nhà tại Oceanpark 1-2-3 thì hú mình nhé ",,2026-09-11T16:56:50+00:00,3,reject,thieu_nhom:B_giao_thong_tac_dong+C_dia_diem,0
7686330445742542098,https://www.tiktok.com/@embexiuxiu080/video/7686330445742542098,ngập Nguyễn Trãi,kw_ngap_nguyen_trai,tắm biển đi mọi người ơii #hanu #biennguyentrai,#hanu #biennguyentrai,2026-09-17T02:47:56+00:00,4,reject,thieu_nhom:A_ngap_lut+C_dia_diem,0
7685749343487347986,https://www.tiktok.com/@chan.channnnnn/video/7685749343487347986,ngập Nguyễn Trãi,kw_ngap_nguyen_trai,Nguyễn Trãi 19:00 ⚡️🌧️ Có thể là bơi 13km về nhà ướt như chuột lột. #hanoi #tacduong #nguyentrai ,#hanoi #tacduong #nguyentrai,2026-09-15T13:12:53+00:00,887,reject,thieu_nhom:A_ngap_lut,0
7688717237447838996,https://www.tiktok.com/@dng.vn067/video/7688717237447838996,ngập Nguyễn Trãi,kw_ngap_nguyen_trai,"Xem nhanh 20h ng&agrave;y 23.9: Mưa lớn, đường phố trung t&acirc;m TP.HCM ngập s&acirc;u | Đội tuyển Việt Nam lo b&agrav Chi tiết: https://thanhnien.vn/xem-nhanh-20h-ngay-239-mua-lon-duong-pho-trung-tam-tphcm-ngap-sau-doi-tuyen-viet-nam-lo-bai-toan-nhan-luc-185260923191503777.htm",,2026-09-23T13:09:46+00:00,0,reject,thieu_nhom:B_giao_thong_tac_dong+C_dia_diem,0
7686624007193496839,https://www.tiktok.com/@quang_qua_quoac/video/7686624007193496839,ngập Nguyễn Xiển,kw_ngap_nguyen_xien,,,2026-09-17T21:47:03+00:00,1,reject,thieu_nhom:A_ngap_lut+B_giao_thong_tac_dong+C_dia_diem,0
7686392378558532885,https://www.tiktok.com/@tarareview_/video/7686392378558532885,ngập Nguyễn Xiển,kw_ngap_nguyen_xien,"Đường Nguyễn Xiển: Vá xong lại nát! Đường Nguyễn Xiển, đoạn qua phường Long Bình, TPHCM, gần 2 năm nay liên tục xuống cấp trong thời gian thi công Vành đai 3. Ổ gà, ổ voi, sình lầy, bụi mù và ngập nước khiến người dân lo ngại khi lưu thông. Đáng nói, nhiều đoạn vừa dặm vá vài ngày lại nhanh chóng xuống cấp trở lại. Theo bạn, tuyến đường này cần được xử lý như thế nào để bảo đảm an toàn giao thông? #xuhuong #tarareview #batdongsan #tinnong #dautubatdongsan #luatdatdai #luatdatdai2026 #thuhoidat",#xuhuong #tarareview #batdongsan #tinnong #dautubatdongsan #luatdatdai #luatdatdai2026 #thuhoidat,2026-09-17T08:05:00+00:00,0,accept,du_3_nhom,1
7688372750490029333,https://www.tiktok.com/@baothanhnien.official/video/7688372750490029333,ngập Nguyễn Tuân,kw_ngap_nguyen_tuan,"Ngập sau mưa lớn ở TP.HCM: Khổ sở cảnh rớt ba lô, dắt xe bì bõm giữa dòng nước. Chiều tối 22/9, mưa lớn khiến đường D5 (phường Thạnh Mỹ Tây, TP.HCM) nước dâng cao khiến nhiều phương tiện di chuyển khó khăn, người dân chật vật qua vùng ngập. #tiktoknews #tiktokthanhnien #thờitiết #mưalớn",#tiktoknews #tiktokthanhnien #thờitiết #mưalớn,2026-09-22T14:53:00+00:00,0,reject,thieu_nhom:C_dia_diem,0
7685993317376527623,https://www.tiktok.com/@17now.official/video/7685993317376527623,ngập Nguyễn Tuân,kw_ngap_nguyen_tuan,"Hỏa hoạn tại chung cư 90 Nguyễn Tuân, Hà Nội: Kịp thời khống chế, không có thiệt hại về người#xuhuong #17now #fyt #17network #hanoi",#xuhuong #17now #fyt #17network #hanoi,2026-09-16T04:59:43+00:00,1,reject,thieu_nhom:A_ngap_lut+B_giao_thong_tac_dong,0
7686078933770456342,https://www.tiktok.com/@snewsmedia/video/7686078933770456342,ngập Nguyễn Tuân,kw_ngap_nguyen_tuan,HOẢ HOẠN TẠI NGUYỄN TUÂN (HÀ NỘI) HÔM NAY #snews #sonicmedia #tiktoknews,#snews #sonicmedia #tiktoknews,2026-09-16T10:31:51+00:00,1,reject,thieu_nhom:A_ngap_lut+B_giao_thong_tac_dong,0
7686001779636653333,https://www.tiktok.com/@conangmevay/video/7686001779636653333,ngập Nguyễn Tuân,kw_ngap_nguyen_tuan,Cảnh báo an toàn khi ở chung cư #cháy #chungcuhanoi #chaychungcu #nguyentuan #antoan ,#cháy #chungcuhanoi #chaychungcu #nguyentuan #antoan,2026-09-16T05:32:28+00:00,3,reject,thieu_nhom:A_ngap_lut+B_giao_thong_tac_dong+C_dia_diem,0
7685955217212542228,https://www.tiktok.com/@thongtinthudohanoi/video/7685955217212542228,ngập Nguyễn Tuân,kw_ngap_nguyen_tuan,Cháy lớn tại một căn hộ chung cư trên đường Nguyễn Tuân #tintuc #thongtinhanoi #tintuchanoi #hanoinews #hanoi  #chaynha #nguyentuan,#tintuc #thongtinhanoi #tintuchanoi #hanoinews #hanoi #chaynha #nguyentuan,2026-09-16T02:31:48+00:00,0,reject,thieu_nhom:A_ngap_lut+B_giao_thong_tac_dong,0
7686053176847371540,https://www.tiktok.com/@guanq_nqo994/video/7686053176847371540,ngập Nguyễn Tuân,kw_ngap_nguyen_tuan,VỤ CHÁY TẠI TÒA HH2 NGUYỄN TUÂN SÁNG NAY: NGUYÊN NHÂN BAN ĐẦU ĐƯỢC XÁC ĐỊNH DO CHẬP ĐIỆN TẠI Ổ SẠC ĐIỆN THOẠI ĐẶT TRÊN GIƯỜNG,,2026-09-16T08:51:53+00:00,2,reject,thieu_nhom:A_ngap_lut,0
7685984003551431943,https://www.tiktok.com/@coembds_8386/video/7685984003551431943,ngập Nguyễn Tuân,kw_ngap_nguyen_tuan,"Theo thông tin cập nhật từ cư dân chung cư về vụ cháy tại tòa HH2, số 90 Nguyễn Tuân, nguyên nhân ban đầu được xác định do chập điện tại ổ sạc điện thoại đặt trên giường. Vụ việc làm cháy một giường và đệm, không gây thiệt hại về người nhưng một con chó của gia đình đã nhảy qua cửa sổ, rơi xuống đất và tử vong. Mong mọi người đều bình an!  Nguồn: st ",,2026-09-16T04:23:32+00:00,0,reject,thieu_nhom:A_ngap_lut,0
7676837616259534101,https://www.tiktok.com/@namiya.news/video/7676837616259534101,ngập Quan Nhân,kw_ngap_quan_nhan,"22/8: Quảng Ninh mưa 600mm, nhiều nơi ngập nửa nhà do bão số 4.",,2026-08-22T12:51:03+00:00,40,reject,thieu_nhom:B_giao_thong_tac_dong+C_dia_diem,0
7687118177649577237,https://www.tiktok.com/@changxinhh003/video/7687118177649577237,ngập Quan Nhân,kw_ngap_quan_nhan,Thành Vinh nhân một ngày trời mưa ngập hết ..#xuhuong ,#xuhuong,2026-09-19T05:44:41+00:00,60,reject,thieu_nhom:B_giao_thong_tac_dong+C_dia_diem,0
7686404465590603016,https://www.tiktok.com/@quangthanh.bds0963989690/video/7686404465590603016,ngập Vũ Trọng Phụng,kw_ngap_vu_trong_phung,Biểu hiện của sự cố chấp. #ngap #muato #trendingtiktok #hanoi #hanoinews ,#ngap #muato #trendingtiktok #hanoi #hanoinews,2026-09-17T07:35:07+00:00,5,reject,thieu_nhom:A_ngap_lut+B_giao_thong_tac_dong+C_dia_diem,0
7688537253068475668,https://www.tiktok.com/@dantri.com.vn/video/7688537253068475668,ngập Vũ Trọng Phụng,kw_ngap_vu_trong_phung,"Mưa lớn khiến nhiều tuyến đường TPHCM kẹt xe, ngập nước #dantrinews #LearnOnTikTok #xuhuong",#dantrinews #LearnOnTikTok #xuhuong,2026-09-23T01:31:34+00:00,68,reject,thieu_nhom:C_dia_diem,0
7686365351893896456,https://www.tiktok.com/@qwagg._tuus/video/7686365351893896456,ngập Vũ Trọng Phụng,kw_ngap_vu_trong_phung,Đc r t sẽ là cái cống  #xuhuong #fyp #viral #phungkhoang #ngaplut ,#xuhuong #fyp #viral #phungkhoang #ngaplut,2026-09-17T05:03:25+00:00,4,reject,thieu_nhom:A_ngap_lut+B_giao_thong_tac_dong+C_dia_diem,0
7688935201203899656,https://www.tiktok.com/@longtrada/video/7688935201203899656,ngập Tố Hữu,kw_ngap_to_huu,Lương định của - tố hữu ngập mấy tuần nay. Xe sạch sạch hạn chế đi qua nhen mọi người.#xuhuongtiktok #xuhuong ,#xuhuongtiktok #xuhuong,2026-09-24T03:15:44+00:00,1,accept,du_3_nhom,1
7686275742686104853,https://www.tiktok.com/@tungminss/video/7686275742686104853,ngập Tố Hữu,kw_ngap_to_huu,##xuhuong  Tố Hữu Ngập Úng Nặng Nha Mng. Đổi tuyến đường nhé mọi người,#xuhuong,2026-09-16T23:15:38+00:00,19,accept,du_3_nhom,1
7686277247942069525,https://www.tiktok.com/@thegioiaodieuhoa/video/7686277247942069525,ngập Tố Hữu,kw_ngap_to_huu,"Tố Hữu Hà Nội và công trình chống ngập, chính thức thất thủ !",,2026-09-16T23:21:29+00:00,42,reject,thieu_nhom:B_giao_thong_tac_dong,0
7686316625720593682,https://www.tiktok.com/@trinhphamlancaster/video/7686316625720593682,ngập Tố Hữu,kw_ngap_to_huu,Hồ điều hòa gần 12ha ngay cạnh làm xong vẫn bị ngập 🤔 #ngap  #ngaplut ,#ngap #ngaplut,2026-09-17T01:54:18+00:00,92,reject,thieu_nhom:C_dia_diem,0
7686327021852577042,https://www.tiktok.com/@conganpeco686868/video/7686327021852577042,ngập Tố Hữu,kw_ngap_to_huu,Đoạn Tố Hữu ra Lê Văn Lương nhé các sếpp :(((; #Anpeco #trending #xuhuong #thinhhanh #viral ,#Anpeco #trending #xuhuong #thinhhanh #viral,2026-09-17T02:34:38+00:00,5,reject,thieu_nhom:A_ngap_lut+B_giao_thong_tac_dong,0
7686337862547016980,https://www.tiktok.com/@auto5.vn/video/7686337862547016980,ngập Tố Hữu,kw_ngap_to_huu,Biển Tố Hữu thất thủ: Xe cẩu hoạt động hết công suất! #auto5 #xuhuong #j4f,#auto5 #xuhuong #j4f,2026-09-17T03:16:40+00:00,6,reject,thieu_nhom:A_ngap_lut+B_giao_thong_tac_dong,0
7686863465914420500,https://www.tiktok.com/@ngocmuabds/video/7686863465914420500,ngập Tố Hữu,kw_ngap_to_huu,"👉 Mặc dù hồ điều hòa Đồng Bông 2 - công trình chống ngập có tổng mức đầu tư hơn 600 tỷ đồng đã vận hành, đường Tố Hữu vẫn ngập cục bộ sáng 17/9.  👉Các cơ quan chuyên môn đã thông tin về nguyên nhân tình trạng này. #batdongsan #chungcuhanoi #xuhuong #ngocmuabds ",#batdongsan #chungcuhanoi #xuhuong #ngocmuabds,2026-09-18T13:45:10+00:00,82,accept,du_3_nhom,1
7686461011414600967,https://www.tiktok.com/@news33.com/video/7686461011414600967,ngập Tố Hữu,kw_ngap_to_huu,"Đầu tư khủng nhưng kết quả lại ""lạ lắm"" 🌧️ Đường Tố Hữu lại ngập, ai vừa đi qua đây không? #ToHuu #HaNoi #ChongNgap #TinTuc #TikTokNewstiktok_20260917_181159",#ToHuu #HaNoi #ChongNgap #TinTuc #TikTokNewstiktok_20260917_181159,2026-09-17T11:14:31+00:00,1,accept,du_3_nhom,1
7686599450768297224,https://www.tiktok.com/@gocnhintintuc24h/video/7686599450768297224,ngập Tố Hữu,kw_ngap_to_huu,"Đại diện chủ đầu tư dự án hồ điều hòa Đồng Bông 2 tại Hà Nội vừa lên tiếng lý giải nguyên nhân khiến tuyến đường Tố Hữu ngập sâu trong nhiều giờ bất chấp khu vực này có dự án chống ngập quy mô lớn.  Nguyên nhân úng ngập: Lãnh đạo Phòng Quản lý dự án đê điều (Ban QLDA đầu tư xây dựng công trình hạ tầng kỹ thuật và nông nghiệp Hà Nội) cho biết lượng mưa lớn dồn xuống trong thời gian ngắn đã khiến hệ thống thoát nước dẫn về hồ bị quá tải, tạo thành các ""điểm nghẽn"" cục bộ. Bên cạnh đó, dung tích thiết kế 0,6 triệu m^3 của hồ điều hòa hiện vẫn chưa được lấp đầy hoàn toàn.  Biện pháp xử lý kịp thời: Ngay sau khi phát hiện nguyên nhân, Ban QLDA đã phối hợp với UBND phường Đại Mỗ và Xí nghiệp Thoát nước số 6 mở các nắp hố ga để tăng tối đa khả năng tiêu thoát nước, dẫn dòng chảy về hồ. Đến hơn 10 giờ cùng ngày, nước trên đường Tố Hữu đã rút hết.  Bối cảnh mưa lớn diện rộng: Do ảnh hưởng của đợt mưa kéo dài từ ngày 14/9, lượng mưa tích lũy tại nhiều khu vực ở Hà Nội đã vượt 400mm (như Yên Sở hơn 570mm, Hai Bà Trưng hơn 550mm, Cầu Giấy hơn 439mm...). Hơn 2.500 lao động và 200 thiết bị đã được huy động để vận hành trạm bơm, vớt rác và khơi thông dòng chảy.  Về dự án hồ Đồng Bông 2: Dự án (còn gọi là hồ đầu mối Mễ Trì) có tổng mức đầu tư hơn 600 tỷ đồng, gồm 2 hồ với 2 tuyến cống kích thước 1,25x1,25m, được kỳ vọng là điểm tựa lớn để tăng khả năng trữ và điều tiết nước cho khu vực phía tây Hà Nội. #tiktoknews #gocnhintintuc #tintuc ",#tiktoknews #gocnhintintuc #tintuc,2026-09-17T20:11:47+00:00,98,accept,du_3_nhom,1
7685596336443362578,https://www.tiktok.com/@nguyentritrungbds/video/7685596336443362578,ngập Tố Hữu,kw_ngap_to_huu,15/09 Tố Hữu ngập không? #galaxygroup #aurarealty #iconialakeside #mipec54tohuu #pov ,#galaxygroup #aurarealty #iconialakeside #mipec54tohuu #pov,2026-09-15T03:19:10+00:00,4,reject,thieu_nhom:B_giao_thong_tac_dong,0
7686400088096247060,https://www.tiktok.com/@rogoldd112/video/7686400088096247060,ngập Tố Hữu,kw_ngap_to_huu,Of tố hữu #hanoinews #ngập ,#hanoinews #ngập,2026-09-17T07:18:13+00:00,0,reject,thieu_nhom:B_giao_thong_tac_dong,0
7686329053514566933,https://www.tiktok.com/@kimthanh668/video/7686329053514566933,ngập Tố Hữu,kw_ngap_to_huu,"Biển ơi tới đây tới đây…  Tố Hữu nhiều xe chết máy quá, bác nào lành nghề qua giúp một tay đi ạ 17/09/2026 #viral #mua #tohuu #trending ",#viral #mua #tohuu #trending,2026-09-17T02:42:30+00:00,1,reject,thieu_nhom:A_ngap_lut,0
7686541076651412744,https://www.tiktok.com/@tinnonghomnay_official/video/7686541076651412744,ngập Tố Hữu,kw_ngap_to_huu,#tinnonghomnay ,#tinnonghomnay,2026-09-17T16:25:13+00:00,1,reject,thieu_nhom:A_ngap_lut+B_giao_thong_tac_dong+C_dia_diem,0
7686371479788866837,https://www.tiktok.com/@lainguyen1979/video/7686371479788866837,ngập Tố Hữu,kw_ngap_to_huu,,,2026-09-17T05:27:12+00:00,2,reject,thieu_nhom:A_ngap_lut+B_giao_thong_tac_dong+C_dia_diem,0
7686296083248598292,https://www.tiktok.com/@tuhien_khuvuichoi/video/7686296083248598292,ngập Tố Hữu,kw_ngap_to_huu,Ngập toàn thành phố rồi!!! #xuhuong ,#xuhuong,2026-09-17T00:34:37+00:00,0,reject,thieu_nhom:B_giao_thong_tac_dong+C_dia_diem,0
7686376318396828936,https://www.tiktok.com/@hiencasillas495/video/7686376318396828936,ngập Tố Hữu,kw_ngap_to_huu,17/09/2026 Hà nội thất thủ sau những cơn mưa lớn 3 ngày liên tục  hệ thống thoát nước đã tốt hơn rất nhiều nhưng mưa lớn liên tiếp 3 ngày khiến hệ thống mới chịu quá nhiều áp lực #ngap #ngapluthanoi #ngaplut #denhnuoc,#ngap #ngapluthanoi #ngaplut #denhnuoc,2026-09-17T05:45:54+00:00,0,reject,thieu_nhom:B_giao_thong_tac_dong,0
7686348915930828050,https://www.tiktok.com/@nguyentritrungbds/video/7686348915930828050,ngập Tố Hữu,kw_ngap_to_huu,Tố hữu thất thủ #galaxygroup #aurarealty #iconialakeside #mipec54tohuu #pov ,#galaxygroup #aurarealty #iconialakeside #mipec54tohuu #pov,2026-09-17T03:59:34+00:00,1,reject,thieu_nhom:A_ngap_lut+B_giao_thong_tac_dong,0
7686307761239411976,https://www.tiktok.com/@phuongnammansion/video/7686307761239411976,ngập Tố Hữu,kw_ngap_to_huu,Mưa như trút nước cả đêm… Tố Hữu 17/09/2026 #tohuu #fyp #hanoi ,#tohuu #fyp #hanoi,2026-09-17T01:19:50+00:00,1,reject,thieu_nhom:A_ngap_lut+B_giao_thong_tac_dong,0
7686339904984354068,https://www.tiktok.com/@mng.k.thng/video/7686339904984354068,ngập Tố Hữu,kw_ngap_to_huu,#xuhuong bác nào tử khuất duy tiến rẽ tố hữu sang hà đông lưu ý đổi lộ trình nước đang rất to và mưa chưa có dấu hiệu rút nước Hà lội những vịnh ngày mưa,#xuhuong,2026-09-17T03:24:35+00:00,0,reject,thieu_nhom:A_ngap_lut,0
7688686775841197320,https://www.tiktok.com/@dantri.com.vn/video/7688686775841197320,ngập Lê Văn Lương,kw_ngap_le_van_luong,"Mưa lớn, phố Tây Bùi Viện và nhiều tuyến đường ở TPHCM mênh mông nước #dantrinews #LearnOnTikTok #xuhuong",#dantrinews #LearnOnTikTok #xuhuong,2026-09-23T11:22:09+00:00,8,reject,thieu_nhom:A_ngap_lut+C_dia_diem,0
7686317421791071506,https://www.tiktok.com/@chien_hlc/video/7686317421791071506,ngập Lê Văn Lương,kw_ngap_le_van_luong,#ngập ,#ngập,2026-09-17T01:57:30+00:00,81,reject,thieu_nhom:B_giao_thong_tac_dong+C_dia_diem,0
7669797656633330964,https://www.tiktok.com/@.anhtoan2901/video/7669797656633330964,ngập Lê Văn Lương,kw_ngap_le_van_luong,Mùa nước nổi.kkk  #lêvănlương #mưa #ngập#ngâpj7 ,#lêvănlương #mưa #ngập #ngâpj7,2026-08-03T13:32:10+00:00,6,reject,thieu_nhom:B_giao_thong_tac_dong+C_dia_diem,0
7686302669807324423,https://www.tiktok.com/@cunyumi_1307/video/7686302669807324423,ngập Lê Văn Lương,kw_ngap_le_van_luong,Hà Nội mùa nước ngập 😅😅😅😅#hànội #ngập_lụt ,#hànội #ngập_lụt,2026-09-17T01:00:05+00:00,1,reject,thieu_nhom:B_giao_thong_tac_dong,0
7688352194856373512,https://www.tiktok.com/@nqoc_nhiie/video/7688352194856373512,ngập Lê Văn Lương,kw_ngap_le_van_luong,"Biển Lê Văn Lương, Nhà Bè #nhabe #nuocngap #xuhuong ",#nhabe #nuocngap #xuhuong,2026-09-22T13:33:16+00:00,4,reject,thieu_nhom:A_ngap_lut,0
7688323475701812498,https://www.tiktok.com/@hothithaonhi18.07.20/video/7688323475701812498,ngập Lê Văn Lương,kw_ngap_le_van_luong,Mưa Bão Quài Tội Những Người Buôn Bán Quá Ông Trời Ui 😩  @Nhi ,,2026-09-22T11:41:53+00:00,58,reject,thieu_nhom:A_ngap_lut+B_giao_thong_tac_dong+C_dia_diem,0
7684961654316010769,https://www.tiktok.com/@phamhieuan1103220009/video/7684961654316010769,ngập Lê Văn Lương,kw_ngap_le_van_luong,#xuhuongtiktok nước lũ dâng cao ngập hết con đường Lê Văn lương TP HCM 😭😭😭 một ngày ngập 2 lần từ đây đến tết rồi 😭😭,#xuhuongtiktok,2026-09-13T10:16:48+00:00,0,reject,thieu_nhom:B_giao_thong_tac_dong,0
7686380853093584149,https://www.tiktok.com/@ltgna_007/video/7686380853093584149,ngập Trần Duy Hưng,kw_ngap_tran_duy_hung,#tranduyhung #ngap #hanoi  Khi lương 5tr đi làm,#tranduyhung #ngap #hanoi,2026-09-17T06:03:33+00:00,6,reject,thieu_nhom:A_ngap_lut+C_dia_diem,0
7685962608561835284,https://www.tiktok.com/@baotienphong.official/video/7685962608561835284,ngập Trần Duy Hưng,kw_ngap_tran_duy_hung,"Mưa vào giờ cao điểm sáng 16/9 khiến việc đi lại trên nhiều tuyến đường Hà Nội gặp khó khăn. Tại hầm chui Trung Hòa - Trần Duy Hưng, lượng phương tiện lớn khiến ôtô, xe máy ken đặc #tienphong #hanoi #ngaplut #tacduong",#tienphong #hanoi #ngaplut #tacduong,2026-09-16T03:00:27+00:00,4,reject,thieu_nhom:A_ngap_lut,0
7686345711562018069,https://www.tiktok.com/@dr_tiendat/video/7686345711562018069,ngập Trần Duy Hưng,kw_ngap_tran_duy_hung,Cho e hỏi đoạn từ smartcity ra Trần Duy Hưng có ngập k cả lò tiktok ơi. Muốn đi làm mà lại sợ đứng đường.,,2026-09-17T03:47:07+00:00,1,accept,du_3_nhom,1
7676291889728982293,https://www.tiktok.com/@hongtham5hsang/video/7676291889728982293,ngập Trần Duy Hưng,kw_ngap_tran_duy_hung,Mưa quá trời hà nội#hongtham5hsang#taphoa#tâpxaykenhtiktok ##xuhuong,#hongtham5hsang #taphoa #tâpxaykenhtiktok #xuhuong,2026-08-21T01:33:09+00:00,6,reject,thieu_nhom:A_ngap_lut+B_giao_thong_tac_dong,0
7686328412012596501,https://www.tiktok.com/@merodailyy/video/7686328412012596501,ngập Phạm Hùng,kw_ngap_pham_hung,Cứ đà này lịch sử lặp lại mất thôi 🥺😭 #hanoi   #ngaplut  #nhungngaymua #keangnam ,#hanoi #ngaplut #nhungngaymua #keangnam,2026-09-17T02:39:59+00:00,3,reject,thieu_nhom:A_ngap_lut+B_giao_thong_tac_dong+C_dia_diem,0
7686337057295174932,https://www.tiktok.com/@loannguyen8866/video/7686337057295174932,ngập Phạm Hùng,kw_ngap_pham_hung,FloLoan về Hà Nội gặp ngay mưa ngập Phạm Hùng 🙂 #dauxuantuoisang #fyp ,#dauxuantuoisang #fyp,2026-09-17T03:13:34+00:00,64,reject,thieu_nhom:B_giao_thong_tac_dong,0
7678656218457492756,https://www.tiktok.com/@truonghonglan4/video/7678656218457492756,ngập Phạm Hùng,kw_ngap_pham_hung,"Phạm Hùng đã ngập cỡ này rồi, chỗ các bác đến đâu rồi ạ . ",,2026-08-27T10:27:54+00:00,2,reject,thieu_nhom:B_giao_thong_tac_dong,0
7686325861842210068,https://www.tiktok.com/@mechipmonmin/video/7686325861842210068,ngập Phạm Hùng,kw_ngap_pham_hung,Ngã tư Phạm Hùng giao Keangnam( 9h20):  - Đi thẳng Phạm Hùng —> Ok - Rẽ Dương Đình Nghệ vẫn ngập sâu  #HaNoi  #keangnamlandmark72 ,#HaNoi #keangnamlandmark72,2026-09-17T02:30:09+00:00,0,accept,du_3_nhom,1
7686498489123048721,https://www.tiktok.com/@min.to.the.hen/video/7686498489123048721,ngập Phạm Hùng,kw_ngap_pham_hung,🙏🏻🙏🏻🙏🏻  #17092026⛈️ #landmark72 #phamhung #metri #ngập,#17092026 #landmark72 #phamhung #metri #ngập,2026-09-17T13:40:05+00:00,0,reject,thieu_nhom:B_giao_thong_tac_dong+C_dia_diem,0
7686309149302377749,https://www.tiktok.com/@poppy.2k3/video/7686309149302377749,ngập Dương Đình Nghệ,kw_ngap_duong_dinh_nghe,Khởi động mưa Hà Lội. Năm nay có đỡ hơn năm ngoái nhưng vẫn phải dắt xe 🥲😭😭 #ngaplut #rain #keangnamlandmark72 ,#ngaplut #rain #keangnamlandmark72,2026-09-17T01:25:16+00:00,4,reject,thieu_nhom:A_ngap_lut+B_giao_thong_tac_dong+C_dia_diem,0
7686319999077829906,https://www.tiktok.com/@hoangthanh142/video/7686319999077829906,ngập Dương Đình Nghệ,kw_ngap_duong_dinh_nghe,Biển ơi…,,2026-09-17T02:07:21+00:00,0,reject,thieu_nhom:A_ngap_lut+B_giao_thong_tac_dong+C_dia_diem,0
7686325586914053397,https://www.tiktok.com/@quynhphuong.2024/video/7686325586914053397,ngập Dương Đình Nghệ,kw_ngap_duong_dinh_nghe,"Xe em gầm thấp ko dám bon chen, quay đầu là về nhà 🥰 #hanoimuathu #2026 #lụt #ngõnhỏphốnhỏ ",#hanoimuathu #2026 #lụt #ngõnhỏphốnhỏ,2026-09-17T02:29:03+00:00,0,reject,thieu_nhom:C_dia_diem,0
7669989961118092552,https://www.tiktok.com/@chuyennha41m2_133915/video/7669989961118092552,ngập Dương Đình Nghệ,kw_ngap_duong_dinh_nghe,"phố Dương Đình Nghệ, con phố hiện tại phía tây Hà Nội #daophohanoi #duongdinhnghe #viral",#daophohanoi #duongdinhnghe #viral,2026-08-04T01:58:31+00:00,1,reject,thieu_nhom:A_ngap_lut+B_giao_thong_tac_dong,0
7678680726262435080,https://www.tiktok.com/@ntad_3627/video/7678680726262435080,ngập Trần Bình,kw_ngap_tran_binh,Vịnh Trần Bình ngay lúc này #xuhướng #ngapduong ,#xuhướng #ngapduong,2026-08-27T12:03:01+00:00,5,reject,thieu_nhom:A_ngap_lut+B_giao_thong_tac_dong,0
7678681255902186770,https://www.tiktok.com/@chuyen_nha_hanoi/video/7678681255902186770,ngập Trần Bình,kw_ngap_tran_binh,Trần Bình ngập sâu quá 😬,,2026-08-27T12:05:03+00:00,1,reject,thieu_nhom:B_giao_thong_tac_dong,0
7686309358069681428,https://www.tiktok.com/@phuong.chinn01/video/7686309358069681428,ngập Trần Bình,kw_ngap_tran_binh,Vịnh Trần Bình mai dịch nha mn #xuhuong #tiktok #fyp,#xuhuong #tiktok #fyp,2026-09-17T01:26:06+00:00,18,reject,thieu_nhom:A_ngap_lut+B_giao_thong_tac_dong,0
7686844999501122837,https://www.tiktok.com/@nguyen_ngoc_thiet_8386/video/7686844999501122837,ngập Trần Bình,kw_ngap_tran_binh,Tình hình ngập lụt ql32 tân tây đô #ngâpnước ,#ngâpnước,2026-09-18T12:04:33+00:00,3,reject,thieu_nhom:B_giao_thong_tac_dong+C_dia_diem,0
7687494329560255765,https://www.tiktok.com/@c.phong7hpt/video/7687494329560255765,ngập Trần Bình,kw_ngap_tran_binh,Đủ oách chưa ?#tranbinh @Trần Bình @chú Bình ,#tranbinh,2026-09-20T06:04:21+00:00,474,reject,thieu_nhom:A_ngap_lut+B_giao_thong_tac_dong,0
7686114569907014933,https://www.tiktok.com/@phamtai02092007/video/7686114569907014933,ngập Trần Bình,kw_ngap_tran_binh,Ai v ae#tranbinh #chubinh #LIVEIncentiveProgram #SideHustleLIVE #PaidPartnership ,#tranbinh #chubinh #LIVEIncentiveProgram #SideHustleLIVE #PaidPartnership,2026-09-16T12:50:08+00:00,247,reject,thieu_nhom:A_ngap_lut+B_giao_thong_tac_dong+C_dia_diem,0
7685162616318184712,https://www.tiktok.com/@chubby2kar21/video/7685162616318184712,ngập Trần Bình,kw_ngap_tran_binh,#xh#trầnbình#zukanopro#chubinh#xhhhhhhhhhhhhhhhhhhhhhhh @Trần Bình @chú Bình ,#xh #trầnbình #zukanopro #chubinh #xhhhhhhhhhhhhhhhhhhhhhhh,2026-09-13T23:16:08+00:00,39,reject,thieu_nhom:A_ngap_lut+B_giao_thong_tac_dong,0
7683871438973062421,https://www.tiktok.com/@guanq_nqo994/video/7683871438973062421,ngập Trần Bình,kw_ngap_tran_binh,Nhân viên môi trường còn vô ý thức như này bảo sao cứ mưa là ngập🤬,,2026-09-10T11:45:38+00:00,5,reject,thieu_nhom:B_giao_thong_tac_dong+C_dia_diem,0
7686413778459659541,https://www.tiktok.com/@tranh24910/video/7686413778459659541,ngập Trần Bình,kw_ngap_tran_binh,đủ rồi đấy🥰 #xh #xhhhhhhhhhhhhhhhhhhhhhhhhhhhhh ,#xh #xhhhhhhhhhhhhhhhhhhhhhhhhhhhhh,2026-09-17T08:11:21+00:00,2190,reject,thieu_nhom:A_ngap_lut+B_giao_thong_tac_dong+C_dia_diem,0
7683893995692510482,https://www.tiktok.com/@suong_599/video/7683893995692510482,ngập Trần Bình,kw_ngap_tran_binh,,,2026-09-10T13:13:12+00:00,0,reject,thieu_nhom:A_ngap_lut+B_giao_thong_tac_dong+C_dia_diem,0
7682093118212132104,https://www.tiktok.com/@huyhuy78873/video/7682093118212132104,ngập Trần Bình,kw_ngap_tran_binh,Cuộc đời bi thương của cậu bé Trần bình và chiếc đồng hồ ... #viral #fyp #xh #anime #tranbinh @shoptranbinhpro ,#viral #fyp #xh #anime #tranbinh,2026-09-05T16:44:56+00:00,8,reject,thieu_nhom:A_ngap_lut+B_giao_thong_tac_dong,0
7686752450295942421,https://www.tiktok.com/@yuki_aov_sp/video/7686752450295942421,ngập Trần Bình,kw_ngap_tran_binh,Để rồi khi đêm kéo về 🔥 #taienzo #tranbinh #lienquanmobile #j4f ,#taienzo #tranbinh #lienquanmobile #j4f,2026-09-18T06:05:29+00:00,433,reject,thieu_nhom:A_ngap_lut+B_giao_thong_tac_dong+C_dia_diem,0
7689086046054796545,https://www.tiktok.com/@narisema/video/7689086046054796545,ngập Trần Bình,kw_ngap_tran_binh,💋💋 #onekill#tranbinh#viral #capcut ,#onekill #tranbinh #viral #capcut,2026-09-24T13:00:59+00:00,47,reject,thieu_nhom:A_ngap_lut+B_giao_thong_tac_dong+C_dia_diem,0
7688897091611184405,https://www.tiktok.com/@tintucthethao123/video/7688897091611184405,ngập Trần Bình,kw_ngap_tran_binh,Kỹ năng hay may mắn  #tranbinh #onekill  #lienquanmobile #xuhuongtiktok ,#tranbinh #onekill #lienquanmobile #xuhuongtiktok,2026-09-24T00:47:48+00:00,135,reject,thieu_nhom:A_ngap_lut+B_giao_thong_tac_dong+C_dia_diem,0
7686350561012190484,https://www.tiktok.com/@buihonganhofficial/video/7686350561012190484,ngập Hồ Tùng Mậu,kw_ngap_ho_tung_mau,Phóng viên thường trực Hồ Tùng Mậu ngày 1 #buihonganhofficial,#buihonganhofficial,2026-09-17T04:05:59+00:00,15,reject,thieu_nhom:A_ngap_lut+B_giao_thong_tac_dong,0
7688643344582593813,https://www.tiktok.com/@x_i_u_1994/video/7688643344582593813,ngập Hồ Tùng Mậu,kw_ngap_ho_tung_mau,Thương nhà dân bị nước ngập vào nhà 😔 (Đường Hồ Tùng Mậu cầu trắng) #binhlong #xh ,#binhlong #xh,2026-09-23T08:23:04+00:00,9,reject,thieu_nhom:B_giao_thong_tac_dong,0
7686349315920448776,https://www.tiktok.com/@phamngocthai1191/video/7686349315920448776,ngập Hồ Tùng Mậu,kw_ngap_ho_tung_mau,Goldmark mưa to có ngập nhé các bác Ngập ít vẫn di chuyển dc #goldmark #goldmarkcity #goldmarkcity136hotungmau #mydinh #giatot ,#goldmark #goldmarkcity #goldmarkcity136hotungmau #mydinh #giatot,2026-09-17T04:01:06+00:00,18,reject,thieu_nhom:C_dia_diem,0
7686301116946058517,https://www.tiktok.com/@tmudestiny/video/7686301116946058517,ngập Hồ Tùng Mậu,kw_ngap_ho_tung_mau,Kiếp nạn mang tên “Biển tmu” 🌊 #2k8 #TMU #xh #viral ,#2k8 #TMU #xh #viral,2026-09-17T00:54:07+00:00,4,reject,thieu_nhom:A_ngap_lut+B_giao_thong_tac_dong+C_dia_diem,0
7686898130851351828,https://www.tiktok.com/@c.anh788/video/7686898130851351828,ngập Hồ Tùng Mậu,kw_ngap_ho_tung_mau,Vị trí Hồ Tùng Mậu đã quá😂 #lulut #ngap #hanoi #xuhuongtiktok #xuhuong ,#lulut #ngap #hanoi #xuhuongtiktok #xuhuong,2026-09-18T15:30:46+00:00,0,reject,thieu_nhom:A_ngap_lut+B_giao_thong_tac_dong,0
7678691905240108308,https://www.tiktok.com/@vutungthao98/video/7678691905240108308,ngập Hồ Tùng Mậu,kw_ngap_ho_tung_mau,Ngay lúc này 17h 27/8 Hồ Tùng Mậu như cái hồ bơi,,2026-08-27T12:46:23+00:00,2,reject,thieu_nhom:A_ngap_lut+B_giao_thong_tac_dong,0
7686384153536761096,https://www.tiktok.com/@congotoday3107/video/7686384153536761096,ngập Hồ Tùng Mậu,kw_ngap_ho_tung_mau,Tân sinh viên SKĐA lần đầu thấy “Hồ” Tùng Mậu 🏊🏻‍♀️ #sankhaudienanh #skda #tansinhvien2k8 #hotungmau #congotoday ,#sankhaudienanh #skda #tansinhvien2k8 #hotungmau #congotoday,2026-09-17T06:16:19+00:00,20,reject,thieu_nhom:A_ngap_lut+B_giao_thong_tac_dong+C_dia_diem,0
7687162331725417735,https://www.tiktok.com/@ngheannewss/video/7687162331725417735,ngập Hồ Tùng Mậu,kw_ngap_ho_tung_mau,"Mưa ngập đường hồ tùng mậu, phường trường vinh, nghệ an ngày 19/9/2026",,2026-09-19T08:36:02+00:00,1,reject,thieu_nhom:B_giao_thong_tac_dong,0
7686326710039727380,https://www.tiktok.com/@gnuhms/video/7686326710039727380,ngập Xuân Thủy,kw_ngap_xuan_thuy,cần gì vịnh Hạ Long ở Xuân Thuỷ cx có vịnh mà  #ulis #06 ,#ulis #06,2026-09-17T02:33:23+00:00,189,reject,thieu_nhom:A_ngap_lut+B_giao_thong_tac_dong+C_dia_diem,0
7686349393821289746,https://www.tiktok.com/@ducditay/video/7686349393821289746,ngập Xuân Thủy,kw_ngap_xuan_thuy,Hà Nội cũng thêm nhiều địa điểm vui chơi ngày mưa #sinhvien  #viral  #daihocquocgiahanoi  #hanoi  #ngaplut ,#sinhvien #viral #daihocquocgiahanoi #hanoi #ngaplut,2026-09-17T04:01:34+00:00,0,reject,thieu_nhom:A_ngap_lut,0
7686289319400721685,https://www.tiktok.com/@ngocdzai_no.1/video/7686289319400721685,ngập Xuân Thủy,kw_ngap_xuan_thuy,Vịnh Xuân Thủy #hnue #khmuondi học,#hnue #khmuondi,2026-09-17T00:08:19+00:00,5,reject,thieu_nhom:A_ngap_lut+B_giao_thong_tac_dong,0
7686379586694827271,https://www.tiktok.com/@almiras1/video/7686379586694827271,ngập Xuân Thủy,kw_ngap_xuan_thuy,Vịnh Xuân Thủy tại ULIS #ulis #ngập_lụt ,#ulis #ngập_lụt,2026-09-17T05:58:40+00:00,0,reject,thieu_nhom:B_giao_thong_tac_dong,0
7686394392713776392,https://www.tiktok.com/@troioiithatla11111/video/7686394392713776392,ngập Xuân Thủy,kw_ngap_xuan_thuy,hờ nuê ngập có cả cá rồi đấy vác đồ ra câu đi#hnue #viral #xuhuong #abcxyz #fyp ,#hnue #viral #xuhuong #abcxyz #fyp,2026-09-17T06:56:07+00:00,0,reject,thieu_nhom:C_dia_diem,0
7686377305236720917,https://www.tiktok.com/@tolalun_/video/7686377305236720917,ngập Xuân Thủy,kw_ngap_xuan_thuy,Tân sv lần đầu đc trải nghiệm tại vịnh Xuân Thuỷ #hnue #mua #xuanthuy #viral #fyp ,#hnue #mua #xuanthuy #viral #fyp,2026-09-17T05:49:44+00:00,2,reject,thieu_nhom:A_ngap_lut+B_giao_thong_tac_dong+C_dia_diem,0
7686079323874413844,https://www.tiktok.com/@tkn23022007/video/7686079323874413844,ngập Xuân Thủy,kw_ngap_xuan_thuy,Vịnh Xuân Thuỷ 😇 #ngập #khóc #mưa ,#ngập #khóc #mưa,2026-09-16T10:33:22+00:00,9,reject,thieu_nhom:B_giao_thong_tac_dong+C_dia_diem,0
7678701848215276808,https://www.tiktok.com/@stopsiunhan/video/7678701848215276808,ngập Xuân Thủy,kw_ngap_xuan_thuy,"Cầu vượt biển dài nhất Việt Nam là cầu vành đai 3, đoạn cắt qua cắt qua vịnh xuân thuỷ cảnh sắc mê hồn #ngap #lut #hanoi ",#ngap #lut #hanoi,2026-08-27T13:25:00+00:00,5,reject,thieu_nhom:A_ngap_lut+B_giao_thong_tac_dong+C_dia_diem,0
7686306372857662741,https://www.tiktok.com/@19spromisewboos/video/7686306372857662741,ngập Xuân Thủy,kw_ngap_xuan_thuy,Để mà lói về vịnh Xuân thủy thì #ulis #fyp #waterpark ,#ulis #fyp #waterpark,2026-09-17T01:14:27+00:00,2,reject,thieu_nhom:A_ngap_lut+B_giao_thong_tac_dong,0
7678962199020309767,https://www.tiktok.com/@ongbelap00/video/7678962199020309767,ngập Xuân Thủy,kw_ngap_xuan_thuy,Vịnh Xuân Thuỷ bãi Tắm khoa Pháp #suytamtrang_buon🥀 ,#suytamtrang_buon,2026-08-28T06:15:20+00:00,46,reject,thieu_nhom:A_ngap_lut+B_giao_thong_tac_dong+C_dia_diem,0
7669747859847154965,https://www.tiktok.com/@megaoreview73/video/7669747859847154965,ngập Phạm Văn Đồng,kw_ngap_pham_van_dong,"Nước tràn ngập đường Phạm Văn Đồng, xe máy và ô tô cũng chết máy!!!",,2026-08-03T10:19:00+00:00,0,accept,du_3_nhom,1
7678141809033301255,https://www.tiktok.com/@nambdstayhotay/video/7678141809033301255,ngập Phạm Văn Đồng,kw_ngap_pham_van_dong,Phạm Văn Đồng - Nguyễn Đình Tứ đoạn gầm cầu chợ Tân Xuân. Giờ chỉ là vũng nước thôi. Ngập ở chỗ nào. Mưa to xong nước thoát nhanh là quá Ok thời điểm này rồi. #namchem #nguyendinhtu #dongngac #phamvandong #jadesquare ,#namchem #nguyendinhtu #dongngac #phamvandong #jadesquare,2026-08-26T01:11:51+00:00,12,accept,du_3_nhom,1
7684117946737675540,https://www.tiktok.com/@khatu_0312/video/7684117946737675540,ngập Phạm Văn Đồng,kw_ngap_pham_van_dong,"Lâu rồi Tây Ninh mới đón cây mưa lớn chấn động vậy lun 🥲 Đường xá ngập quá trời, xe chết máy la liệt, cũng đỡ là bớt mưa tầm 20ph sau thì nước cũng rút bớt #xuhuong #viral #fyp #trending #fypシ゚viral ",#xuhuong #viral #fyp #trending #fypシ,2026-09-11T03:42:22+00:00,0,reject,thieu_nhom:B_giao_thong_tac_dong+C_dia_diem,0
7683867169809255701,https://www.tiktok.com/@unuser490/video/7683867169809255701,ngập Phạm Văn Đồng,kw_ngap_pham_van_dong,mưa lớn quá Đg2 PHAM VĂN ĐỒNG NGẬP quá mai nhà làm được cao ko thôi nước ngập lên tối nhà luôn,,2026-09-10T11:29:04+00:00,1,reject,thieu_nhom:B_giao_thong_tac_dong+C_dia_diem,0
7681090757393960213,https://www.tiktok.com/@77miuu/video/7681090757393960213,ngập Phạm Văn Đồng,kw_ngap_pham_van_dong,1 buổi sáng mưa tầm tả,,2026-09-02T23:55:15+00:00,14,reject,thieu_nhom:A_ngap_lut+B_giao_thong_tac_dong+C_dia_diem,0
7686433705740537096,https://www.tiktok.com/@emlienbds_/video/7686433705740537096,ngập Phạm Văn Đồng,kw_ngap_pham_van_dong,#ngaplut #chungcuhanoi #tmcsmarthome #jadesquare #phamvandong ,#ngaplut #chungcuhanoi #tmcsmarthome #jadesquare #phamvandong,2026-09-17T09:28:32+00:00,9,reject,thieu_nhom:A_ngap_lut+B_giao_thong_tac_dong+C_dia_diem,0
7683863576695704852,https://www.tiktok.com/@ynhicoffee/video/7683863576695704852,ngập Phạm Văn Đồng,kw_ngap_pham_van_dong,,,2026-09-10T11:15:06+00:00,0,reject,thieu_nhom:A_ngap_lut+B_giao_thong_tac_dong+C_dia_diem,0
7687130910457679105,https://www.tiktok.com/@xuthanhofficial/video/7687130910457679105,ngập Phạm Văn Đồng,kw_ngap_pham_van_dong,"Kẹt xe không lối thoát trên đường phạm văn đồng, tp.hcm lúc đêm muộn#nguoiduatinvietnam #nguoiduatinnong #namle77 #xuthanh #xuthanhonline #xuthanhofficial #namle",#nguoiduatinvietnam #nguoiduatinnong #namle77 #xuthanh #xuthanhonline #xuthanhofficial #namle,2026-09-19T06:34:40+00:00,77,reject,thieu_nhom:A_ngap_lut,0
7674961101389335816,https://www.tiktok.com/@nambdstayhotay/video/7674961101389335816,ngập Phạm Văn Đồng,kw_ngap_pham_van_dong,Đường Phạm Văn Đồng ngay lúc này.Cả tiếng rùi #namchem #phamvandong #dongngac ,#namchem #phamvandong #dongngac,2026-08-17T11:29:00+00:00,25,reject,thieu_nhom:A_ngap_lut+B_giao_thong_tac_dong,0
7683903987892161812,https://www.tiktok.com/@piliverpool/video/7683903987892161812,ngập Phạm Văn Đồng,kw_ngap_pham_van_dong,Phạm văn đồng thất thủ rồi :((  #saigon #mưa ,#saigon #mưa,2026-09-10T13:51:55+00:00,6,reject,thieu_nhom:A_ngap_lut+B_giao_thong_tac_dong,0
7678692816028994823,https://www.tiktok.com/@nongtham986/video/7678692816028994823,ngập Phạm Văn Đồng,kw_ngap_pham_van_dong,#27/8 một cơn mưa rào bất chợt rất to ngập đường làm tắc nghẹt các ngả đường tại Hà Nội ,#27,2026-08-27T12:49:55+00:00,1,reject,thieu_nhom:B_giao_thong_tac_dong,0
7678669010032004360,https://www.tiktok.com/@tamtantinh94/video/7678669010032004360,ngập Phạm Văn Đồng,kw_ngap_pham_van_dong,Mưa ngập hết các tuyến đường mong các ac về tới nhà bình an ạ#mưangapduong #phạmvandong #tmcsmarthomephamvandong #ciputra #tmcsmarthomes ,#mưangapduong #phạmvandong #tmcsmarthomephamvandong #ciputra #tmcsmarthomes,2026-08-27T11:17:36+00:00,2,reject,thieu_nhom:C_dia_diem,0
7683866055609027861,https://www.tiktok.com/@fastcoffeethuduc/video/7683866055609027861,ngập Phạm Văn Đồng,kw_ngap_pham_van_dong,Mưa Lớn Kẹt Xe ngập  Nặng đoạn Tô Ngọc Vân Đến Fast Coffee nhiều xe  Máy dẫn bộ 😢 #xuhuong #clipviral #fastcoffee789phamvandong ,#xuhuong #clipviral #fastcoffee789phamvandong,2026-09-10T11:24:45+00:00,0,reject,thieu_nhom:C_dia_diem,0
7688953008691989812,https://www.tiktok.com/@lamdong_365/video/7688953008691989812,ngập Phạm Văn Đồng,kw_ngap_pham_van_dong,"Mưa lũ từ ngày 20–23/9 gây thiệt hại khoảng 8 tỷ đồng tại Lâm Đồng, ảnh hưởng 59 căn nhà và làm ngập hơn 1.054 ha cây trồng. Các địa phương đang huy động lực lượng hỗ trợ người dân di dời, khắc phục hậu quả và bảo đảm an toàn tại những khu vực nguy hiểm. #LamDong #MuaLu #SatLo #PhongChongThienTai #KhacPhucHauQua #BaovaPTTHLamDong #LamDong365",#LamDong #MuaLu #SatLo #PhongChongThienTai #KhacPhucHauQua #BaovaPTTHLamDong #LamDong365,2026-09-24T04:40:00+00:00,3,reject,thieu_nhom:B_giao_thong_tac_dong+C_dia_diem,0
7678670956713331989,https://www.tiktok.com/@xinhnhatdoiii/video/7678670956713331989,ngập Hoàng Quốc Việt,kw_ngap_hoang_quoc_viet,cập nhật biển 234 Hoàng Quốc Việt chiều 27/8 #thiennhien #bien #ngaplut ,#thiennhien #bien #ngaplut,2026-08-27T11:25:06+00:00,211,reject,thieu_nhom:A_ngap_lut+B_giao_thong_tac_dong,0
7678647218672274709,https://www.tiktok.com/@xuan_the_bds_du_lich_qn/video/7678647218672274709,ngập Hoàng Quốc Việt,kw_ngap_hoang_quoc_viet,,,2026-08-27T09:52:59+00:00,0,reject,thieu_nhom:A_ngap_lut+B_giao_thong_tac_dong+C_dia_diem,0
7685577029755899156,https://www.tiktok.com/@__quanbds_halong/video/7685577029755899156,ngập Hoàng Quốc Việt,kw_ngap_hoang_quoc_viet,Các phương tiện chú ý di chuyển #viralvideo #batdongsan ,#viralvideo #batdongsan,2026-09-15T02:04:18+00:00,1,reject,thieu_nhom:A_ngap_lut+C_dia_diem,0
7685576225758121237,https://www.tiktok.com/@xuan_the_bds_du_lich_qn/video/7685576225758121237,ngập Hoàng Quốc Việt,kw_ngap_hoang_quoc_viet,"Hạ Long mưa to quá,đg Hoàng Quốc Việt nước đag dâng cao,mn có xe đỗ dưới đường ra di chuyển đi nhé ! #thoitiethalong #dulichhalong #thoitietquangninh #ThanhPhoQuangNinh ",#thoitiethalong #dulichhalong #thoitietquangninh #ThanhPhoQuangNinh,2026-09-15T02:01:07+00:00,1,reject,thieu_nhom:A_ngap_lut,0
7678676592024915221,https://www.tiktok.com/@tuoibaohiem.daiichi/video/7678676592024915221,ngập Hoàng Quốc Việt,kw_ngap_hoang_quoc_viet,"Các bác đã về đến nhà hết chưa, nhà e vẫn loanh quanh chưa ra khỏi bán kính gần trường của con em khu Nguyễn Khánh Toàn- Hoàng Quốc Việt  #hà_nội_mùa_mưa #Hà_nội_ngập #xuhuongtiktok #virals ",#hà_nội_mùa_mưa #Hà_nội_ngập #xuhuongtiktok #virals,2026-08-27T11:46:59+00:00,0,reject,thieu_nhom:B_giao_thong_tac_dong,0
7685573387619470612,https://www.tiktok.com/@xuan_the_bds_du_lich_qn/video/7685573387619470612,ngập Hoàng Quốc Việt,kw_ngap_hoang_quoc_viet,#dulichhalong #mua #ngaplut #VinhomesHaLongXanh #thoitiethalong ,#dulichhalong #mua #ngaplut #VinhomesHaLongXanh #thoitiethalong,2026-09-15T01:50:06+00:00,0,reject,thieu_nhom:A_ngap_lut+B_giao_thong_tac_dong+C_dia_diem,0
7673130655756061970,https://www.tiktok.com/@dungjinnn/video/7673130655756061970,ngập Hoàng Quốc Việt,kw_ngap_hoang_quoc_viet,Cơn mưa ngang qua mà ướt át quá 😂,,2026-08-12T13:05:53+00:00,0,reject,thieu_nhom:A_ngap_lut+B_giao_thong_tac_dong+C_dia_diem,0
7685691041218841876,https://www.tiktok.com/@_quocviettt_/video/7685691041218841876,ngập Hoàng Quốc Việt,kw_ngap_hoang_quoc_viet,Mới chớm mưa mà đã ngập úng như thế này rồi .,,2026-09-15T09:26:38+00:00,4,reject,thieu_nhom:B_giao_thong_tac_dong+C_dia_diem,0
7688534890706455826,https://www.tiktok.com/@namtrung583/video/7688534890706455826,ngập Thụy Khuê,kw_ngap_thuy_khue,Mưa lớn đã trôi xe 🚗 xuống hồ sở nhì  Mong phép màu sẽ đến với chị ấy 🙏 #luquet #ngapnuoc #xuhuongtiktok ,#luquet #ngapnuoc #xuhuongtiktok,2026-09-23T01:22:17+00:00,110,reject,thieu_nhom:A_ngap_lut+B_giao_thong_tac_dong+C_dia_diem,0
7686317368850664721,https://www.tiktok.com/@chuoichienni/video/7686317368850664721,ngập Thụy Khuê,kw_ngap_thuy_khue,Lặp lại lịch sử năm ngoái r😭 #hanoi #ngapduong #thoitiet #capnhat #xh ,#hanoi #ngapduong #thoitiet #capnhat #xh,2026-09-17T01:57:51+00:00,1,reject,thieu_nhom:A_ngap_lut+B_giao_thong_tac_dong+C_dia_diem,0
7686054124063935752,https://www.tiktok.com/@emditimanh0/video/7686054124063935752,ngập Thụy Khuê,kw_ngap_thuy_khue,"Cháy lớn tại Văn Cao - Thụy Khuê Tây Hồ , 5 người ra đi mãi mãi 😢 #chaynha #hoahoan #chaynhavancao #thuykhuetayho #tayho ",#chaynha #hoahoan #chaynhavancao #thuykhuetayho #tayho,2026-09-16T08:55:38+00:00,0,reject,thieu_nhom:A_ngap_lut,0
7686059094490270997,https://www.tiktok.com/@thang.dollars.real/video/7686059094490270997,ngập Thụy Khuê,kw_ngap_thuy_khue,"đêm qua Thụy Khuê, sáng nay Văn Cao, chiều tối Nguyên Tuân... hết tháng Cô Hồn giờ đến tháng Cô Đơn... Thần tài chả thấy đâu chỉ thấy toàn Thần Lửa ghé thăm... cái thời tiết dễ chập cháy thật là nguy hiểm  #cháy🔥🔥🔥🔥 #hóng #biến ",#cháy #hóng #biến,2026-09-16T09:14:54+00:00,8,reject,thieu_nhom:A_ngap_lut+B_giao_thong_tac_dong,0
7686027709599862036,https://www.tiktok.com/@vtv.times/video/7686027709599862036,ngập Thụy Khuê,kw_ngap_thuy_khue,"Vụ cháy xảy ra tại ngôi nhà 4 tầng ở nhà số 2B, ngách 264/2 Thụy Khuê phường Tây Hồ, Hà Nội khiến 5 người tử vong, 4 người tự thoát nạn. #vtvtimes #tiktoknews #tintuc #chay #hanoi #hoahoan #pccc",#vtvtimes #tiktoknews #tintuc #chay #hanoi #hoahoan #pccc,2026-09-16T07:13:04+00:00,0,reject,thieu_nhom:A_ngap_lut+B_giao_thong_tac_dong,0
7686375124165020935,https://www.tiktok.com/@userdfhjl12hwq/video/7686375124165020935,ngập Thụy Khuê,kw_ngap_thuy_khue,#xuhuongtiktok #tintuc24h #chay #thuykhue #hanoifood ,#xuhuongtiktok #tintuc24h #chay #thuykhue #hanoifood,2026-09-17T05:41:15+00:00,0,reject,thieu_nhom:A_ngap_lut+B_giao_thong_tac_dong+C_dia_diem,0
7686039574375566613,https://www.tiktok.com/@tinnotintach/video/7686039574375566613,ngập Thụy Khuê,kw_ngap_thuy_khue,Chi tiết đau lòng phía sau vụ cháy ở Thụy Khuê #TinNong #HaNoi #ThuyKhue #TinHomNay #TinNoTinTach,#TinNong #HaNoi #ThuyKhue #TinHomNay #TinNoTinTach,2026-09-16T07:59:06+00:00,4,reject,thieu_nhom:A_ngap_lut+B_giao_thong_tac_dong,0
7686113013077757205,https://www.tiktok.com/@hoahn672/video/7686113013077757205,ngập Thụy Khuê,kw_ngap_thuy_khue,"16/9 ‘Bà con ơi, cứutôi với!’: Tiếng kêu cứu giữa biểnlửa và nỗiđau người con mấtcả bố mẹ sau một đêm #xuhuongtiktok #baosuckhoevadoisong #thuykhue #hanoinews ",#xuhuongtiktok #baosuckhoevadoisong #thuykhue #hanoinews,2026-09-16T12:44:05+00:00,2,reject,thieu_nhom:A_ngap_lut+B_giao_thong_tac_dong+C_dia_diem,0
7686043154386144532,https://www.tiktok.com/@vtvcab.tintuc/video/7686043154386144532,ngập Thụy Khuê,kw_ngap_thuy_khue,HIỆN TRƯỜNG VỤ CHÁY VÀO RẠNG SÁNG NAY (16/9/2026) TẠI 1 CĂN NHÀ TRÊN ĐƯỜNG THỤY KHUÊ (HÀ NỘI) KHIẾN 5 NGƯỜI TỬ VONG#vtvcabtintuc#vtvcab#tiktoknews#vtvprime,#vtvcabtintuc #vtvcab #tiktoknews #vtvprime,2026-09-16T08:30:00+00:00,20,reject,thieu_nhom:A_ngap_lut+B_giao_thong_tac_dong,0
7686051784447855890,https://www.tiktok.com/@cauchuyentutevn/video/7686051784447855890,ngập Thụy Khuê,kw_ngap_thuy_khue,hình ảnh đẹp về sự sẻ chia và trách nhiệm giữa lúc hoạn nạn #theanh28 #cauchuyentute,#theanh28 #cauchuyentute,2026-09-16T09:20:00+00:00,3,reject,thieu_nhom:A_ngap_lut+B_giao_thong_tac_dong+C_dia_diem,0
7686369543085755668,https://www.tiktok.com/@bach.l.vit/video/7686369543085755668,ngập Đội Cấn,kw_ngap_doi_can,Nhật ký Đội Cấn ngày ẩm ướt 😆😆,,2026-09-17T05:19:37+00:00,2,reject,thieu_nhom:A_ngap_lut+B_giao_thong_tac_dong,0
7678691011555642632,https://www.tiktok.com/@flop_qin/video/7678691011555642632,ngập Đội Cấn,kw_ngap_doi_can,"Khiếp thật, ngập 🥴🥴🥴",,2026-08-27T12:42:57+00:00,0,reject,thieu_nhom:B_giao_thong_tac_dong+C_dia_diem,0
7678884386795703572,https://www.tiktok.com/@laodongtintuc/video/7678884386795703572,ngập Đội Cấn,kw_ngap_doi_can,"Nhiều tuyến phố Hà Nội ngập sâu, phương tiện nối dài trong mưa lớn",,2026-08-28T01:13:22+00:00,2,reject,thieu_nhom:B_giao_thong_tac_dong,0
7687080845752110343,https://www.tiktok.com/@dong_vertu_8800_iphone/video/7687080845752110343,ngập Minh Khai,kw_ngap_minh_khai,Minh khai đã ngập rồi ae ơi..!,,2026-09-19T03:19:49+00:00,6,reject,thieu_nhom:B_giao_thong_tac_dong,0
7686400168421264648,https://www.tiktok.com/@angioansuong/video/7686400168421264648,ngập Minh Khai,kw_ngap_minh_khai,,,2026-09-17T07:18:27+00:00,4,reject,thieu_nhom:A_ngap_lut+B_giao_thong_tac_dong+C_dia_diem,0
7677864795659554069,https://www.tiktok.com/@quocoaiquehuongtoi/video/7677864795659554069,ngập Minh Khai,kw_ngap_minh_khai,Con đường trường THPT  cấp 3 Minh Khai (Đĩnh Tú) đi  - Trại Muôn - xã Kiều Phú Quê tôi mùa nước lũ 25/08/2026#thptminhkhaiquocoai ,#thptminhkhaiquocoai,2026-08-25T07:16:50+00:00,47,reject,thieu_nhom:A_ngap_lut,0
7677878416829451540,https://www.tiktok.com/@quocoaiquehuongtoi/video/7677878416829451540,ngập Minh Khai,kw_ngap_minh_khai,Mùa nước lũ quê tôi ,,2026-08-25T08:09:42+00:00,123,reject,thieu_nhom:A_ngap_lut+B_giao_thong_tac_dong+C_dia_diem,0
7686735992606215431,https://www.tiktok.com/@l.tho4204/video/7686735992606215431,ngập Minh Khai,kw_ngap_minh_khai,Sau cơn mưa trời lại nắng nhưng đường vẫn ngập 😀😀😀😀😀.       #đường hà nội#xala #viện k,#đường #xala #viện,2026-09-18T05:01:42+00:00,0,reject,thieu_nhom:B_giao_thong_tac_dong,0
7686386926848347400,https://www.tiktok.com/@saigontrend.vn/video/7686386926848347400,ngập Minh Khai,kw_ngap_minh_khai,"Thành phố biển Thủ Đức, anh em thấy đường nào ngập nhất #saigontrend #sukien #fantasticnetwork #saigonnews #saigonangi #saigon",#saigontrend #sukien #fantasticnetwork #saigonnews #saigonangi #saigon,2026-09-17T07:30:00+00:00,41,reject,thieu_nhom:B_giao_thong_tac_dong+C_dia_diem,0
7688750950546148660,https://www.tiktok.com/@vietnamnews99/video/7688750950546148660,ngập Minh Khai,kw_ngap_minh_khai,"Áp thấp nhiệt đới gần Biển Đông mạnh lên, nguy cơ hình thành bão trong 24h tới, các tỉnh miền Trung đối mặt mưa cực lớn từ đêm nay.",,2026-09-23T15:20:44+00:00,2,reject,thieu_nhom:A_ngap_lut+B_giao_thong_tac_dong+C_dia_diem,0
7687506120184712456,https://www.tiktok.com/@sakelamchi2019/video/7687506120184712456,ngập Minh Khai,kw_ngap_minh_khai,công ty hôm nay ngập nước quá,,2026-09-20T06:50:08+00:00,4,reject,thieu_nhom:B_giao_thong_tac_dong+C_dia_diem,0
7686943910962171144,https://www.tiktok.com/@thoisuplus.24h/video/7686943910962171144,ngập Minh Khai,kw_ngap_minh_khai,"Cơn mưa lớn kéo dài vào tối 18/9 đã khiến nhiều khu vực tại TPHCM ngập sâu trong biển nước, gây ảnh hưởng nghiêm trọng đến việc di chuyển của người dân.  Mưa lớn diện rộng giờ tan tầm: Từ hơn 18h tối 18/9, mây dông phát triển mạnh gây mưa xối xả kèm sét tại nhiều phường như Sài Gòn, Xuân Hòa, Bình Trưng, Thủ Đức, Linh Xuân, Tam Bình, Hiệp Bình, Dĩ An... khiến tầm nhìn bị hạn chế.  Nhiều tuyến đường ngập sâu gần nửa mét: Tại các trục đường như Nguyễn Tri Phương hay đường số 5 (phường Dĩ An), nước dâng cao vượt ống pô xe máy, chảy xiết khiến hàng loạt phương tiện chết máy, người dân phải tấp xe lên lề hoặc chờ nước rút.  Cảnh báo từ cơ quan khí tượng: Đài Khí tượng Thủy văn khu vực Nam Bộ dự báo tổng lượng mưa từ 18 đến 20/9 tại TPHCM phổ biến 80–140mm (có nơi trên 150mm), tiếp tục tiềm ẩn nguy cơ ngập úng tại các vùng trũng thấp và khu vực đô thị.  Khuyến cáo an toàn: Người dân cần chủ động theo dõi bản tin thời tiết, hạn chế di chuyển qua các tuyến đường ngập sâu có dòng nước chảy xiết, đồng thời đề phòng dông lốc, gió giật ảnh hưởng đến cây xanh và các vật thể ngoài trời. #tiktoknews #tintuc #thoisuplus #thoitiet #tphcm ",#tiktoknews #tintuc #thoisuplus #thoitiet #tphcm,2026-09-18T18:28:24+00:00,0,reject,thieu_nhom:C_dia_diem,0
7688943438561021185,https://www.tiktok.com/@theanh28.saigonnews/video/7688943438561021185,ngập Minh Khai,kw_ngap_minh_khai,"Sau nhiều giờ, nước vẫn còn đọng trên mặt đường ảnh hưởng đến sinh hoạt của các hộ dân trong hẻm #saigonnews #theanh28 #tiktoknews",#saigonnews #theanh28 #tiktoknews,2026-09-24T04:30:00+00:00,4,reject,thieu_nhom:A_ngap_lut+B_giao_thong_tac_dong+C_dia_diem,0
7686029546600107285,https://www.tiktok.com/@beatyendinh36/video/7686029546600107285,ngập Minh Khai,kw_ngap_minh_khai,"⚠️ BÀ CON LƯU Ý KHI QUA QL 1A ĐOẠN HÀ TRUNG Hiện Quốc lộ 1A, đoạn qua Hà Trung (Thanh Hóa) đang có một số điểm ngập nước, khiến phương tiện di chuyển khá khó khăn. Ai đang có lộ trình đi qua khu vực này chú ý giảm tốc, quan sát kỹ và đảm bảo an toàn nhé! Mưa gió, đường ngập đi chậm một chút để về nhà bình an!🙏 #beatyendinh36 #xuhuong #ql1a #hatrung #mualut ",#beatyendinh36 #xuhuong #ql1a #hatrung #mualut,2026-09-16T07:20:13+00:00,34,reject,thieu_nhom:C_dia_diem,0
7683901625710202120,https://www.tiktok.com/@namiya.news/video/7683901625710202120,ngập Minh Khai,kw_ngap_minh_khai,"Mưa lớn kéo dài tối 10/9, nhiều tuyến đường TP.HCM ngập như sông, người dân chật vật vượt biển nước",,2026-09-10T13:42:48+00:00,136,reject,thieu_nhom:C_dia_diem,0
7681868370890804501,https://www.tiktok.com/@nhadepanhhong/video/7681868370890804501,ngập Tam Trinh,kw_ngap_tam_trinh,"☘️ @nhadepanhhong Tam Trinh sắp thay đổi diện mạo sau gần 10 năm chờ đợi. 40m – 6 làn xe, liệu có giải bài toán tắc, bụi, ngập?  #nhadepanhhong #tamtrinh #quyhoachhanoi #batdongsanhanoi",#nhadepanhhong #tamtrinh #quyhoachhanoi #batdongsanhanoi,2026-09-05T02:12:43+00:00,2,reject,thieu_nhom:B_giao_thong_tac_dong,0
7687162388092603668,https://www.tiktok.com/@nhungbi1205/video/7687162388092603668,ngập Tam Trinh,kw_ngap_tam_trinh,Cạp nhật tình hình ngập partime tại KĐT TÂN TÂY ĐÔ. 3h chiều ngày 19/9,,2026-09-19T08:36:13+00:00,74,reject,thieu_nhom:B_giao_thong_tac_dong+C_dia_diem,0
7675739160476486932,https://www.tiktok.com/@hieuraubds/video/7675739160476486932,ngập Tam Trinh,kw_ngap_tam_trinh,Cập nhật tiến độ đường Tam Trinh 19/08/2026 #tamtrinh #hoangmai #bđs ,#tamtrinh #hoangmai #bđs,2026-08-19T13:48:14+00:00,0,reject,thieu_nhom:A_ngap_lut+B_giao_thong_tac_dong,0
7676327257408916754,https://www.tiktok.com/@dothi_24h/video/7676327257408916754,ngập Tam Trinh,kw_ngap_tam_trinh,Dự án mở rộng đường Tam Trinh: Vì sao chưa thể tăng tốc toàn tuyến? #dothi24h#tamtrinh#vinhtuy#tuongmai#hanoi#duan#giaothong#quyhoach#gpmb#thoisu#news#tintuc,#dothi24h #tamtrinh #vinhtuy #tuongmai #hanoi #duan #giaothong #quyhoach #gpmb #thoisu #news #tintuc,2026-08-21T04:10:00+00:00,3,reject,thieu_nhom:A_ngap_lut+B_giao_thong_tac_dong,0
7677800105793047828,https://www.tiktok.com/@msdiepbdsgiatrithuc/video/7677800105793047828,ngập Tam Trinh,kw_ngap_tam_trinh,🍀 Mở rộng tuyến đường Tam Trinh - Hoàng Mai  #quyhoach  #giaiphongmatbang  #gpmb  #hanoi  #msdiepbdsgiatrithuc ,#quyhoach #giaiphongmatbang #gpmb #hanoi #msdiepbdsgiatrithuc,2026-08-25T03:05:46+00:00,0,reject,thieu_nhom:A_ngap_lut,0
7683504578129775879,https://www.tiktok.com/@nhadeplinh/video/7683504578129775879,ngập Tam Trinh,kw_ngap_tam_trinh,đường Tam Trinh ngày 9/9/2026  Hà Nội cứ mưa là tắc đường  #tacduong #tamtrinh ,#tacduong #tamtrinh,2026-09-09T12:02:00+00:00,0,reject,thieu_nhom:A_ngap_lut,0
7669325142496939282,https://www.tiktok.com/@uynruby_2006/video/7669325142496939282,ngập Lĩnh Nam,kw_ngap_linh_nam,Lĩnh nam mưa ngập cả vào nhà may trọ cao #xuhuong,#xuhuong,2026-08-02T06:58:35+00:00,4,reject,thieu_nhom:B_giao_thong_tac_dong,0
7684495276106632466,https://www.tiktok.com/@nguyentranhaanh2/video/7684495276106632466,ngập Lĩnh Nam,kw_ngap_linh_nam,7h tối đường Lĩnh Nam vẫn bụi mù mịt sương khói mờ nhân ảnh 😂😂😂 #duonglinhnam #quyhoach #moduong #xaydung #chinhtrangdothi ,#duonglinhnam #quyhoach #moduong #xaydung #chinhtrangdothi,2026-09-12T04:06:33+00:00,2,reject,thieu_nhom:A_ngap_lut+B_giao_thong_tac_dong,0
7669393298284432660,https://www.tiktok.com/@hanoi24h/video/7669393298284432660,ngập Lĩnh Nam,kw_ngap_linh_nam,Dự án mở rộng đường Lĩnh Nam đoạn đi trùng vành đai 2.5 #hanoi24h #quyhoachdothi #gpmb2026 #vanhdai25 #duonglinhnam ,#hanoi24h #quyhoachdothi #gpmb2026 #vanhdai25 #duonglinhnam,2026-08-02T11:23:03+00:00,139,reject,thieu_nhom:A_ngap_lut,0
7686101664092212498,https://www.tiktok.com/@haidaudat2/video/7686101664092212498,ngập Lĩnh Nam,kw_ngap_linh_nam,Đoạn này đi lại vất vả thật #xuhuong #capcut #hanoi ,#xuhuong #capcut #hanoi,2026-09-16T12:00:02+00:00,0,reject,thieu_nhom:A_ngap_lut+C_dia_diem,0
7678244105746451720,https://www.tiktok.com/@sieuthitmart/video/7678244105746451720,ngập Lĩnh Nam,kw_ngap_linh_nam,"Cập nhật tiến độ: TMART LĨNH NAM, hoàng mai dính quy hoạch đường vành đai 2.5 nên “bay màu”… vỉa hè. ⏰Đếm ngược 1 tháng lĩnh nam nâng cấp thành 2 tầng và thang máy xịn xòoo #tmart #sieuthitmart #quyhoach #nangcap #linhnam ",#tmart #sieuthitmart #quyhoach #nangcap #linhnam,2026-08-26T07:48:44+00:00,5,reject,thieu_nhom:A_ngap_lut+B_giao_thong_tac_dong,0
7671106110186671380,https://www.tiktok.com/@ndtlandvna/video/7671106110186671380,ngập Lĩnh Nam,kw_ngap_linh_nam,"Đường Lĩnh Nam đang GPMB, đoạn No. 218, giao với phố Đông Thiên. Thu, 23 Júly 2026, 16:51. (P1) #VanhDai2p5, #DuongLinhNam, #QuyHoachHaNoi, #NdtLand, #NguyenDucThao,",#VanhDai2p5 #DuongLinhNam #QuyHoachHaNoi #NdtLand #NguyenDucThao,2026-08-07T02:09:43+00:00,1,reject,thieu_nhom:A_ngap_lut+B_giao_thong_tac_dong,0
7685409686593572114,https://www.tiktok.com/@kimnhunghuynh2/video/7685409686593572114,ngập Lĩnh Nam,kw_ngap_linh_nam,,,2026-09-14T15:14:54+00:00,1,reject,thieu_nhom:A_ngap_lut+B_giao_thong_tac_dong+C_dia_diem,0
7684445070648511765,https://www.tiktok.com/@thuy.anh.pham/video/7684445070648511765,ngập Lĩnh Nam,kw_ngap_linh_nam,"Lĩnh Nam mà kịp 10/10 thì phải gọi là đỉnh cấp, quá thần tốc. ",,2026-09-12T00:51:48+00:00,1,reject,thieu_nhom:A_ngap_lut+B_giao_thong_tac_dong,0
7686182547537120530,https://www.tiktok.com/@danculinhnam/video/7686182547537120530,ngập Lĩnh Nam,kw_ngap_linh_nam,"Mong chính quyền lắng nghe dân, giữ nguyên khu dân cư hiện hữu tại ngõ 467 Lĩnh Nam! #quyhoach #vinhhung #quyhoachvinhhung #giunguyenkhudancuhienhuu #sungroup ",#quyhoach #vinhhung #quyhoachvinhhung #giunguyenkhudancuhienhuu #sungroup,2026-09-16T17:13:59+00:00,7,reject,thieu_nhom:A_ngap_lut+B_giao_thong_tac_dong,0
7683515472125365521,https://www.tiktok.com/@thao_nguyen_bds15/video/7683515472125365521,ngập Lĩnh Nam,kw_ngap_linh_nam,"Lĩnh Nam tăng tốc, hướng tới thông xe kỹ thuật ngày 10/10! #lĩnhnam #quyhoach #TaiThiet",#lĩnhnam #quyhoach #TaiThiet,2026-09-09T12:44:28+00:00,18,reject,thieu_nhom:A_ngap_lut+B_giao_thong_tac_dong,0
7679036595990695188,https://www.tiktok.com/@lang.thang.eco/video/7679036595990695188,ngập Lĩnh Nam,kw_ngap_linh_nam,Đường Lĩnh Nam- Hoàng Mai- Hà Nội những ngày giải toả.người buồn vì cảnh mất nhà #langthangeco #hanoigiaitoa ,#langthangeco #hanoigiaitoa,2026-08-28T11:03:59+00:00,0,reject,thieu_nhom:A_ngap_lut+B_giao_thong_tac_dong,0
7682701967281491220,https://www.tiktok.com/@baoptth_hanoi/video/7682701967281491220,ngập Lĩnh Nam,kw_ngap_linh_nam,"Sau nhiều năm chờ đợi, dự án nâng cấp, mở rộng đường Lĩnh Nam đang bước vào giai đoạn thi công cao điểm. Trên công trường, máy móc được huy động tối đa, các mũi thi công đồng loạt tăng tốc, từng hạng mục đang được khẩn trương hoàn thiện. Từ một tuyến đường thường xuyên ùn tắc, xuống cấp, Lĩnh Nam đang từng ngày khoác lên diện mạo mới, hướng tới mục tiêu thông xe vào dịp 10/10 – ngày giải phóng Thủ đô.  #xuhuong #tiktoknews #tintuc #quyhoach100nam #trucdailocanhquamsonghong",#xuhuong #tiktoknews #tintuc #quyhoach100nam #trucdailocanhquamsonghong,2026-09-07T08:07:31+00:00,91,reject,thieu_nhom:A_ngap_lut,0
7681950439872417032,https://www.tiktok.com/@nhadeplinh/video/7681950439872417032,ngập Lĩnh Nam,kw_ngap_linh_nam,dự án mở rộng đường Lĩnh Nam 5/9/2026. #gpmb #quyhoachlinhnam #quyhoachvinhhung #caitao #chungcuvinhhung ,#gpmb #quyhoachlinhnam #quyhoachvinhhung #caitao #chungcuvinhhung,2026-09-05T07:31:13+00:00,16,reject,thieu_nhom:A_ngap_lut+B_giao_thong_tac_dong,0
7684606386134633746,https://www.tiktok.com/@nguyen_hang_ni1/video/7684606386134633746,ngập Nguyễn Chính,kw_ngap_nguyen_chinh,Ai đi ngang tiếp e với ạ,,2026-09-12T11:17:40+00:00,29,reject,thieu_nhom:A_ngap_lut+C_dia_diem,0
7688354625790938389,https://www.tiktok.com/@sggp.org.vn/video/7688354625790938389,ngập Giải Phóng,kw_ngap_giai_phong,"TPHCM: Mưa lớn giờ tan tầm, đường Hồ Học Lãm ngập sâu#SGGP #sggpnews #saigongiaiphong #thoitiet",#SGGP #sggpnews #saigongiaiphong #thoitiet,2026-09-22T13:42:42+00:00,0,reject,thieu_nhom:B_giao_thong_tac_dong+C_dia_diem,0
7688968427901340949,https://www.tiktok.com/@sggp.org.vn/video/7688968427901340949,ngập Giải Phóng,kw_ngap_giai_phong,"Lâm Đồng: Lũ cát đỏ tràn xuống đường, nhiều xe bị lún, trượt ngã #sggpnews #saigongiaiphong #sggp",#sggpnews #saigongiaiphong #sggp,2026-09-24T05:24:35+00:00,0,reject,thieu_nhom:A_ngap_lut+B_giao_thong_tac_dong+C_dia_diem,0
7681220709888511253,https://www.tiktok.com/@sggp.org.vn/video/7681220709888511253,ngập Giải Phóng,kw_ngap_giai_phong,Gia Lai: Hàng chục nhà dân bị ngập do mưa lớn #sggpnews #saigongiaiphong #sggp #gialai,#sggpnews #saigongiaiphong #sggp #gialai,2026-09-03T08:19:29+00:00,0,reject,thieu_nhom:B_giao_thong_tac_dong+C_dia_diem,0
7678184727727328532,https://www.tiktok.com/@sggp.org.vn/video/7678184727727328532,ngập Giải Phóng,kw_ngap_giai_phong,"Đến sáng 26-8, còn 3.746 ngôi nhà bị ngập trong lũ #sggpnews #saigongiaiphong #sggp",#sggpnews #saigongiaiphong #sggp,2026-08-26T03:58:21+00:00,0,reject,thieu_nhom:B_giao_thong_tac_dong+C_dia_diem,0
7686357367650372882,https://www.tiktok.com/@tieuviem1903_2009/video/7686357367650372882,ngập Giải Phóng,kw_ngap_giai_phong,trời ơi đừng mưa nữa 😭 cuối cấp 3 rồi mà xả lũ thì chết khỏi đi học luôn 🙁#ninhbinh #giavien #giaphong#lulut ,#ninhbinh #giavien #giaphong #lulut,2026-09-17T04:32:24+00:00,4,reject,thieu_nhom:A_ngap_lut+C_dia_diem,0
7680799541079248135,https://www.tiktok.com/@nguyn.kim.ngn313/video/7680799541079248135,ngập Ngọc Hồi,kw_ngap_ngoc_hoi,#trendingproducts  lễ mà mấy a cũng khổ lắm chớ bộ - vì một tương lai tươi sáng 😆😆😆😆😆( khúc chân cầu vượt Ngọc Hội _ Tây Nha Trang)#xhhhhhhhhhhhhhhhhhhhhhhh ,#trendingproducts #xhhhhhhhhhhhhhhhhhhhhhhh,2026-09-02T05:05:06+00:00,4,reject,thieu_nhom:A_ngap_lut+B_giao_thong_tac_dong+C_dia_diem,0
7675625318945721621,https://www.tiktok.com/@ri.kon.tum/video/7675625318945721621,ngập Ngọc Hồi,kw_ngap_ngoc_hoi,Ngọc Hồi mưa quá ☔️❤️ #ngochoikontum #kontum #quangngai #xuhuong #rikontum ,#ngochoikontum #kontum #quangngai #xuhuong #rikontum,2026-08-19T06:26:30+00:00,45,reject,thieu_nhom:A_ngap_lut+B_giao_thong_tac_dong,0
7687157992336166162,https://www.tiktok.com/@vovanquyet8/video/7687157992336166162,ngập Quang Trung,kw_ngap_quang_trung,"Vinh .Quang Trung, Vincom ngập nặng các bác nhé",,2026-09-19T08:19:11+00:00,3,reject,thieu_nhom:B_giao_thong_tac_dong,0
7687159671089581329,https://www.tiktok.com/@huong_xuboy/video/7687159671089581329,ngập Quang Trung,kw_ngap_quang_trung,Đường Quang Trung - TP Vinh ngày 19/09/2026 #mưangậpđường #mưa ,#mưangậpđường #mưa,2026-09-19T08:26:01+00:00,0,reject,thieu_nhom:B_giao_thong_tac_dong,0
7687252061498412295,https://www.tiktok.com/@khch.sn.daewoo.ca/video/7687252061498412295,ngập Quang Trung,kw_ngap_quang_trung,19/9/2026: Tp Vinh Ngập  Mưa như trút nước xuống Thành Phố Vinh làm nhiều tuyến phố ngập nặng.  Có nơi ngập khoảng 1.6-2m. Thời tiết ngày càng cực đoan. #mưa #lũlụt #tpvinh #xuhuong #viral ,#mưa #lũlụt #tpvinh #xuhuong #viral,2026-09-19T14:24:13+00:00,2,reject,thieu_nhom:B_giao_thong_tac_dong+C_dia_diem,0
7688650879896964372,https://www.tiktok.com/@daohoadao1199/video/7688650879896964372,ngập Quang Trung,kw_ngap_quang_trung,"Cuộc hồng trần xoay vần quá ngán, kiếp phù sinh tụ tán mấy lâm hồi, người đời có biết chăng ôi, Thân người tuy có, có rồi hoàn không. ",,2026-09-23T08:52:18+00:00,4,reject,thieu_nhom:A_ngap_lut+B_giao_thong_tac_dong+C_dia_diem,0
7688712844786814209,https://www.tiktok.com/@daohoadao1199/video/7688712844786814209,ngập Quang Trung,kw_ngap_quang_trung,NAM MÔ A DI ĐÀ PHẬT NAM MÔ A DI ĐÀ PHẬT  NAM MÔ A DI ĐÀ PHẬT  NAM MÔ A DI ĐÀ PHẬT  NAM MÔ A DI ĐÀ PHẬT  NAM MÔ A DI ĐÀ PHẬT  NAM MÔ A DI ĐÀ PHẬT  NAM MÔ A DI ĐÀ PHẬT  NAM MÔ A DI ĐÀ PHẬT  NAM MÔ A DI ĐÀ PHẬT  NAM MÔ A DI ĐÀ PHẬT ,,2026-09-23T12:52:44+00:00,3,reject,thieu_nhom:A_ngap_lut+B_giao_thong_tac_dong+C_dia_diem,0
7686305321886813448,https://www.tiktok.com/@bepcuongthinh/video/7686305321886813448,ngập Quang Trung,kw_ngap_quang_trung,Cập nhật 7h30 sáng nay tại Quang Trung Hà Đông #ngaplut #tacduonghanoi #muato #apthapnhietdoi ,#ngaplut #tacduonghanoi #muato #apthapnhietdoi,2026-09-17T01:10:28+00:00,8,reject,thieu_nhom:A_ngap_lut+B_giao_thong_tac_dong,0
7687047048700448021,https://www.tiktok.com/@duong_tuyet_nhung/video/7687047048700448021,ngập Quang Trung,kw_ngap_quang_trung,Mong nước rút nhanh… #quangtrung  #mưa  #ngap ,#quangtrung #mưa #ngap,2026-09-19T01:08:45+00:00,0,reject,thieu_nhom:A_ngap_lut+B_giao_thong_tac_dong+C_dia_diem,0
7686407625851899143,https://www.tiktok.com/@dantri.com.vn/video/7686407625851899143,ngập Quang Trung,kw_ngap_quang_trung,"Nước vây tứ bề, người Hà Nội dùng dây kéo đồ ăn lên nhà #dantrinews #LearnOnTikTok #xuhuong",#dantrinews #LearnOnTikTok #xuhuong,2026-09-17T07:47:34+00:00,104,reject,thieu_nhom:A_ngap_lut+B_giao_thong_tac_dong,0
7687174263912025364,https://www.tiktok.com/@nguyennghia_0889901988/video/7687174263912025364,ngập Quang Trung,kw_ngap_quang_trung,,,2026-09-19T09:22:20+00:00,0,reject,thieu_nhom:A_ngap_lut+B_giao_thong_tac_dong+C_dia_diem,0
7678647744537333010,https://www.tiktok.com/@tuanhung114/video/7678647744537333010,ngập Quang Trung,kw_ngap_quang_trung,,,2026-08-27T09:55:03+00:00,8,reject,thieu_nhom:A_ngap_lut+B_giao_thong_tac_dong+C_dia_diem,0
7678166285880020231,https://www.tiktok.com/@beatsontay1/video/7678166285880020231,ngập Quang Trung,kw_ngap_quang_trung,Tuyến Phố Cầu Trì - Quang Trung vẫn đang ngập sâu đến đầu gối các bác nhé....#xuhuong #beatsontay #sontay #trending #viral ,#xuhuong #beatsontay #sontay #trending #viral,2026-08-26T02:46:49+00:00,38,accept,du_3_nhom,1
7670907080198442260,https://www.tiktok.com/@chuyensinhviendanang/video/7670907080198442260,ngập Quang Trung,kw_ngap_quang_trung,Các con đường dễ ngập ở Đà Nẵng #daihoc #sinhvien #chuyensinhviendanang #ngaplut #mưa ,#daihoc #sinhvien #chuyensinhviendanang #ngaplut #mưa,2026-08-06T13:17:18+00:00,399,reject,thieu_nhom:B_giao_thong_tac_dong+C_dia_diem,0
7687101243688406293,https://www.tiktok.com/@ngant53/video/7687101243688406293,ngập Quang Trung,kw_ngap_quang_trung,Đường quang trung-  Vinh ngay lúc này #xuhuong #xuhuongtiktok #vir #viral #viralvideo ,#xuhuong #xuhuongtiktok #vir #viral #viralvideo,2026-09-19T04:38:56+00:00,1,reject,thieu_nhom:A_ngap_lut+B_giao_thong_tac_dong,0
7686475126883274002,https://www.tiktok.com/@buudienbimson/video/7686475126883274002,ngập Quang Trung,kw_ngap_quang_trung,Ngập lụt QL 1 A địa phận Hà trung thanh hóa #ngaplut #fyp ,#ngaplut #fyp,2026-09-17T12:09:18+00:00,0,reject,thieu_nhom:B_giao_thong_tac_dong+C_dia_diem,0
7678530150987828501,https://www.tiktok.com/@hoangngoctien/video/7678530150987828501,ngập Quang Trung,kw_ngap_quang_trung,"27/08/2026 nước đã rút , đường đi lại thoải mái rồi nha mn 😍#sontay #ngaplut ",#sontay #ngaplut,2026-08-27T02:18:44+00:00,8,reject,thieu_nhom:A_ngap_lut+C_dia_diem,0
7686347803215383829,https://www.tiktok.com/@giang_al/video/7686347803215383829,ngập Quang Trung,kw_ngap_quang_trung,ngập hết rồi 😭,,2026-09-17T03:55:16+00:00,3,reject,thieu_nhom:B_giao_thong_tac_dong+C_dia_diem,0
7686767595353148690,https://www.tiktok.com/@anhla2k1/video/7686767595353148690,ngập Yên Nghĩa,kw_ngap_yen_nghia,hình như là bến xe yên nghĩa  ngập lục rồi #bênxeyennghia ,#bênxeyennghia,2026-09-18T07:04:14+00:00,1,accept,du_3_nhom,1
7686419509342653717,https://www.tiktok.com/@noithathaiphong/video/7686419509342653717,ngập Yên Nghĩa,kw_ngap_yen_nghia,"Cập nhật 15h tại trạm bơm Yên Nghĩa: Nước dâng cao, khu vực quanh trạm và vùng dân cư ven sông ngập rộng. Dòng chảy tại cửa xả mạnh; người dân vùng trũng hạn chế đi qua nơi ngập sâu và theo dõi thông báo chính thức. #MuaLu #YenNghia #HaNoi #CapNhatHienTruong",#MuaLu #YenNghia #HaNoi #CapNhatHienTruong,2026-09-17T08:33:30+00:00,30,accept,du_3_nhom,1
7686370264677879048,https://www.tiktok.com/@nguyentuyet125tp/video/7686370264677879048,ngập Yên Nghĩa,kw_ngap_yen_nghia,Yên Nghĩa đã thành sông rồi các bác ạ! #mua #ngap #yennghia ,#mua #ngap #yennghia,2026-09-17T05:22:30+00:00,100,reject,thieu_nhom:A_ngap_lut+B_giao_thong_tac_dong,0
7686330945812630804,https://www.tiktok.com/@_nguyenminhvu/video/7686330945812630804,ngập Yên Nghĩa,kw_ngap_yen_nghia,#✧༺♥༻✧xuhuongtiktok✧༺♥༻✧,,2026-09-17T02:49:51+00:00,7,reject,thieu_nhom:A_ngap_lut+B_giao_thong_tac_dong+C_dia_diem,0
7686300845234867477,https://www.tiktok.com/@bathim_doctoanthan/video/7686300845234867477,ngập Yên Nghĩa,kw_ngap_yen_nghia,kiếm hộp sữa mà vật vã ghê...mai nghỉ thôy 😭#xuhuongtiktok ,#xuhuongtiktok,2026-09-17T00:53:03+00:00,4,reject,thieu_nhom:A_ngap_lut+B_giao_thong_tac_dong+C_dia_diem,0
7686467578574785812,https://www.tiktok.com/@quyet2rang/video/7686467578574785812,ngập Yên Nghĩa,kw_ngap_yen_nghia,yên nghĩa nhà ai quên khoá nước ngập hết cả đường,,2026-09-17T11:39:58+00:00,2,reject,thieu_nhom:B_giao_thong_tac_dong,0
7686308424388283668,https://www.tiktok.com/@nguyenvandauhn/video/7686308424388283668,ngập Yên Nghĩa,kw_ngap_yen_nghia,Hà nội nghập sau cơn mưa khu vực bến xe yên nghĩa #xuhuingtiktok #thinhhanh #benxemydinh #hanoi ,#xuhuingtiktok #thinhhanh #benxemydinh #hanoi,2026-09-17T01:22:28+00:00,8,reject,thieu_nhom:A_ngap_lut,0
7686485330580524308,https://www.tiktok.com/@baodientuvov/video/7686485330580524308,ngập Yên Nghĩa,kw_ngap_yen_nghia,"Quốc lộ 6 đoạn Ba La - Yên Nghĩa ngập sâu, xe chết máy la liệt",,2026-09-17T12:48:50+00:00,0,reject,thieu_nhom:B_giao_thong_tac_dong,0
7686524667158367509,https://www.tiktok.com/@quocdong396/video/7686524667158367509,ngập Yên Nghĩa,kw_ngap_yen_nghia,#duet cùng @Sửa Điện Thoại #ngaplut ,#duet #ngaplut,2026-09-17T15:21:29+00:00,0,reject,thieu_nhom:A_ngap_lut+C_dia_diem,0
7686517970054434055,https://www.tiktok.com/@tuyn.vng.duy3/video/7686517970054434055,ngập Yên Nghĩa,kw_ngap_yen_nghia,,,2026-09-17T14:55:32+00:00,1,reject,thieu_nhom:A_ngap_lut+B_giao_thong_tac_dong+C_dia_diem,0
7686334745520753941,https://www.tiktok.com/@mitsubishi.yn.ngh0/video/7686334745520753941,ngập Yên Nghĩa,kw_ngap_yen_nghia,Chỉ sau 1 đêm khu vực yên nghĩa hà đông #mưagióbãobùng ,#mưagióbãobùng,2026-09-17T03:04:32+00:00,1,reject,thieu_nhom:A_ngap_lut+B_giao_thong_tac_dong,0
7689121164450368786,https://www.tiktok.com/@banphongtraodoanvnu.ump/video/7689121164450368786,ngập Đại lộ Thăng Long,kw_ngap_dai_lo_thang_long,"ĐẠI LỘ THĂNG LONG ƠI, HẾT MƯA RỒIIIII 😔💔#hola #xuhuong",#hola #xuhuong,2026-09-24T15:17:15+00:00,8,reject,thieu_nhom:A_ngap_lut+B_giao_thong_tac_dong,0
7688548760179264789,https://www.tiktok.com/@khactan89/video/7688548760179264789,ngập Đại lộ Thăng Long,kw_ngap_dai_lo_thang_long,Cầu chui số 19 Đại Lộ Thăng Long ngập 50cm Oto xe máy lên làn oto đi nhé !#làngquê #TikTokShop99 #nhạchaymỗingày #đườngphố #xuhuongtiktok ,#làngquê #TikTokShop99 #nhạchaymỗingày #đườngphố #xuhuongtiktok,2026-09-23T02:16:05+00:00,36,accept,du_3_nhom,1
7686456113327246610,https://www.tiktok.com/@duydiep2228/video/7686456113327246610,ngập Đại lộ Thăng Long,kw_ngap_dai_lo_thang_long,Ngập đại lộ thăng long cầu chui số 19#flycam #mini3 ,#flycam #mini3,2026-09-17T10:55:28+00:00,194,reject,thieu_nhom:B_giao_thong_tac_dong,0
7686310000817425684,https://www.tiktok.com/@phatnguoi123/video/7686310000817425684,ngập Đại lộ Thăng Long,kw_ngap_dai_lo_thang_long,Tình hình ngập lụt Đại lộ Thăng Long sáng nay 🌊🌧️ ⏰ 7h sáng 17/09/2026,,2026-09-17T01:28:31+00:00,1,reject,thieu_nhom:B_giao_thong_tac_dong,0
7686421314394967312,https://www.tiktok.com/@hng.phng.quang34/video/7686421314394967312,ngập Đại lộ Thăng Long,kw_ngap_dai_lo_thang_long,,,2026-09-17T08:40:36+00:00,16,reject,thieu_nhom:A_ngap_lut+B_giao_thong_tac_dong+C_dia_diem,0
7686316800983764244,https://www.tiktok.com/@hoalacgreenland_official/video/7686316800983764244,ngập Đại lộ Thăng Long,kw_ngap_dai_lo_thang_long,"Mưa lớn gây ngập sâu tại hầm chui Đại lộ Thăng Long: Người dân chật vật vượt “biển nước” Mưa lớn kéo dài đã khiến đoạn đường gần cầu chui số 19 trên Đại lộ Thăng Long (hướng đi Khu công nghệ cao Hòa Lạc) rơi vào tình trạng ngập úng nghiêm trọng. Theo ghi nhận, mực nước đục ngầu dâng cao gần nửa bánh xe, biến cả đoạn đường thành một ""lòng hồ"" thu nhỏ, chia cắt giao thông và khiến người đi đường gặp muôn vàn khó khăn. Tại hiện trường, nhiều phương tiện giao thông chật vật di chuyển qua vùng nước ngập. Lực sóng từ các xe ô tô gầm cao đi qua tạo ra những đợt sóng lớn, chao đảo nguy hiểm cho những người đi xe máy. Không ít xe máy do cố tình di chuyển đã bị chết máy giữa chừng, người điều khiển đành ngậm ngùi xuống xe đẩy bộ trong mưa. Đáng chú ý, để vượt qua đoạn ngập an toàn, nhiều người dân đã phải chọn giải pháp lội nước tự kéo xích xích, xe tự chế hoặc nhờ đến các dịch vụ hỗ trợ vận chuyển phương tiện qua khu vực này. Việc ngập sâu không chỉ đe dọa trực tiếp đến động cơ phương tiện (nguy cơ thủy kích, hỏng hóc hệ thống điện) mà còn tiềm ẩn rủi ro tai nạn giao thông lớn do dòng nước đục che khuất hoàn toàn chướng ngại vật, ổ gà hay nắp cống phía dưới. Khuyến cáo cho người tham gia giao thông: Trước tình hình ngập úng còn diễn biến phức tạp, các tài xế và người điều khiển xe máy được khuyến cáo: Chủ động cập nhật tình hình giao thông, lựa chọn các route/lộ trình thay thế trên các tuyến đường cao hơn. Không cố tình vượt qua các đoạn nước ngập sâu quá nửa bánh xe, đặc biệt đối với ô tô gầm thấp và xe tay ga. Trong trường hợp bắt buộc phải di chuyển qua, nên tắt máy đẩy bộ đối với xe máy để tránh nước tràn vào pô, bugi làm hư hỏng nặng động cơ.",,2026-09-17T01:54:56+00:00,22,accept,du_3_nhom,1
7686514338324319509,https://www.tiktok.com/@huyn.ch3/video/7686514338324319509,ngập Đại lộ Thăng Long,kw_ngap_dai_lo_thang_long,"Video ghi lại cảnh ngập lụt diện rộng tại khu vực cổng chào Thiên Đường Bảo Sơn (đường gom Đại lộ Thăng Long, Hoài Đức, Hà Nội). Một hình ảnh quen thuộc nhưng đầy bi hài mỗi khi Thủ đô hứng chịu những đợt mưa lớn kéo dài. Những điểm nổi bật trong video: Giao thông biến thành ""sông"": Mực nước ngập sâu qua bánh xe, khiến nhiều tuyến đường trong khu đô thị và đường gom hoàn toàn bị chia cắt. Hình ảnh thích ứng kỳ lạ: Thay vì co chân tránh nước hay dắt bộ khi xe chết máy, hai người di chuyển trên chiếc xe tay ga màu xanhmint lại nâng hẳn cả hai chân lên thân xe vô cùng thản nhiên và vui vẻ, tạo nên một khung cảnh dở khóc dở cười. Địa điểm: Đoạn đường trước cổng KĐT Thiên Đường Bảo Sơn, xung quanh là hàng loạt cửa hàng, ngân hàng và khu nhà cao tầng bị nước bủa vằn. Tình trạng ""cứ mưa lớn là thành sông"" tại các điểm xung quanh Đại lộ Thăng Long vẫn luôn là nỗi trăn trở mỗi mùa mưa bão của người dân khu vực này.",,2026-09-17T14:41:27+00:00,2,accept,du_3_nhom,1
7687512569690475797,https://www.tiktok.com/@ivan.daily/video/7687512569690475797,ngập Đại lộ Thăng Long,kw_ngap_dai_lo_thang_long,Biến cố đi làm bay 2tr tiền sửa xe #ivandaily ,#ivandaily,2026-09-20T07:15:06+00:00,160,reject,thieu_nhom:A_ngap_lut+C_dia_diem,0
7687913031824968981,https://www.tiktok.com/@bao.dong24h/video/7687913031824968981,ngập Đại lộ Thăng Long,kw_ngap_dai_lo_thang_long,Ngập sâu 1m trên Đại Lộ Thăng Long tạm thời cấm xe qua đường gom #tinmoi #tinnong #tintuc24h ,#tinmoi #tinnong #tintuc24h,2026-09-21T09:09:07+00:00,0,accept,du_3_nhom,1
7686344160579783957,https://www.tiktok.com/@emtulimo/video/7686344160579783957,ngập Đại lộ Thăng Long,kw_ngap_dai_lo_thang_long,Bơi thôi anh em.... #emtulimo #limo #xuhuong #ngap #mưa ,#emtulimo #limo #xuhuong #ngap #mưa,2026-09-17T03:41:06+00:00,4,reject,thieu_nhom:A_ngap_lut+B_giao_thong_tac_dong+C_dia_diem,0
7686301232499035410,https://www.tiktok.com/@bizviahe/video/7686301232499035410,ngập Đại lộ Thăng Long,kw_ngap_dai_lo_thang_long,Update tình hình mưa lụt tại Hà Nội sáng 17/9 #viahebiz #tiktoknews #tiktokviral #hanoi,#viahebiz #tiktoknews #tiktokviral #hanoi,2026-09-17T00:54:31+00:00,19,reject,thieu_nhom:B_giao_thong_tac_dong,0
7686459449816534293,https://www.tiktok.com/@hihituyet/video/7686459449816534293,ngập Đại lộ Thăng Long,kw_ngap_dai_lo_thang_long,,,2026-09-17T11:08:27+00:00,60,reject,thieu_nhom:A_ngap_lut+B_giao_thong_tac_dong+C_dia_diem,0
7686468674546584853,https://www.tiktok.com/@ah273507/video/7686468674546584853,ngập Đại lộ Thăng Long,kw_ngap_dai_lo_thang_long,#xuhuong  Ngập lụt Đại lộ Thăng Long... #reviewhanoi  #xuhuongthinhhanh  #xuhuongtiktok  #yeuhanoi ,#xuhuong #reviewhanoi #xuhuongthinhhanh #xuhuongtiktok #yeuhanoi,2026-09-17T11:44:16+00:00,7,reject,thieu_nhom:B_giao_thong_tac_dong,0
7687191751899057429,https://www.tiktok.com/@phmthnh2662/video/7687191751899057429,ngập Đại lộ Thăng Long,kw_ngap_dai_lo_thang_long,"✅ Đường vào đám cưới hôm nay… không hề dễ đi! 🌧️        Hầm chui qua Đại lộ Thăng Long bị ngập, khách mời phải lội nước mới vào được nhà. Ấy vậy mà chẳng ai ngại khó. Bà con, bạn bè vẫn đến đông đủ để chung vui với đôi trẻ.      Gia chủ chuẩn bị hàng trăm mâm cỗ thật chu đáo, hiếu khách. Nhìn khách đến đông, gia đình chú rể vui lắm! ❤️      Có lẽ điều đáng nhớ nhất của một đám cưới không phải là cỗ bàn sang trọng đến đâu…       Mà là ngày vui của mình, có thật nhiều người không quản ngại đường xa, mưa ngập để đến chung vui. Còn hai bạn nhỏ nhà mình thì khỏi nói… 😂.                                                           Cả tối hôm trước:  khách về hết rồi vẫn còn mải chơi, chẳng chịu đi ngủ. Một ngày mưa, một đám cưới, và một kỷ niệm thật đẹp ở Hoà Lạc. ❤️ #HoàLạc #ĐámCưới #TìnhLàngNghĩaXóm #CuộcSốngHoàLạc #GiaĐình",#HoàLạc #ĐámCưới #TìnhLàngNghĩaXóm #CuộcSốngHoàLạc #GiaĐình,2026-09-19T10:30:08+00:00,2,accept,du_3_nhom,1
7686435664115567890,https://www.tiktok.com/@nguyetanh14487/video/7686435664115567890,ngập Đại lộ Thăng Long,kw_ngap_dai_lo_thang_long,Bầu trời hà Nội..1 màu u ám.. #87 #CapCut #xuhuong #mua ,#87 #CapCut #xuhuong #mua,2026-09-17T09:36:10+00:00,4,reject,thieu_nhom:A_ngap_lut+B_giao_thong_tac_dong,0
7686346257597517074,https://www.tiktok.com/@hoag_ntuuan/video/7686346257597517074,ngập Đại lộ Thăng Long,kw_ngap_dai_lo_thang_long,Tiên cá trở về quê hương đại lộ thăng long #ngập #dailothanglong #lụt#hanoi ,#ngập #dailothanglong #lụt #hanoi,2026-09-17T03:49:17+00:00,0,reject,thieu_nhom:B_giao_thong_tac_dong,0
7686831620304686356,https://www.tiktok.com/@anhducso/video/7686831620304686356,ngập Đại lộ Thăng Long,kw_ngap_dai_lo_thang_long,"#xuhuong đi bắt cá ở đại lộ thăng long,#ngập_hết_đường rồi",#xuhuong #ngập_hết_đường,2026-09-18T11:12:39+00:00,0,accept,du_3_nhom,1
7685688648720829714,https://www.tiktok.com/@kienforklift/video/7685688648720829714,ngập Pháp Vân,kw_ngap_phap_van,Tắc đường cao tốc Pháp Vân Cầu Giẽ 15.09,,2026-09-15T09:17:28+00:00,3,reject,thieu_nhom:A_ngap_lut,0
7686356991379328263,https://www.tiktok.com/@hanhtrinhcuocsong8x/video/7686356991379328263,ngập Cầu Bươu,kw_ngap_cau_buou,vịnh Cầu Bươu Viện K #xuhuong #mualu #hanoi #hanhtrinhcuocsong8x #mua ,#xuhuong #mualu #hanoi #hanhtrinhcuocsong8x #mua,2026-09-17T04:30:55+00:00,0,reject,thieu_nhom:A_ngap_lut+B_giao_thong_tac_dong,0
