post_id,url,discovery_query,source_label,post_text,hashtags,posted_at,reply_count,gate_verdict,gate_rule,keep
Ddx_89yFPVQ,https://www.threads.com/@toiyeumeoooo/post/Ddx_89yFPVQ,xe buýt điện,kw_xe_buyt_dien,"toiyeumeoooo
4d
Tại sao trên xe buýt điện lại thiết kế để ghế ngược vậy mn? Đi xe điện đã mắc ói hơn bt rồi, mà còn ngồi trúng ghế ngược nữa, ngồi 1 tiếng từ Củ Chi xuống Thủ Đức mà em tưởng đâu em siêu thoát tới nơi
Bt toàn đi xe máy, đợt này ngựa ngựa đi xe buýt để săn 50k xu shopeepay mà cực quá cực rầu huhu  
Translate
37
30
1
7",,2026-09-27T06:46:44+00:00,0,accept,electric_bus,1
Ddgm1-BklxY,https://www.threads.com/@_hyw.thwan.z/post/Ddgm1-BklxY,xe buýt điện,kw_xe_buyt_dien,"_hyw.thwan.z
09/20/26
T đi xe buýt điện đã đạt trình độ chỉ cần xe điện chạy ngang là tự động add wifi:)  
Translate
6K
84
202
101",,2026-09-20T12:40:14+00:00,0,accept,electric_bus,1
Dd3wUZck1lD,https://www.threads.com/@krxvnbridge/post/Dd3wUZck1lD,xe buýt điện,kw_xe_buyt_dien,"krxvnbridge
2d
Hệ thống xe buýt ở Hàn Quốc rất tiện lợi~
Có thể kiểm tra thời gian xe buýt đến bằng điện thoại, và vì có làn đường dành riêng cho xe buýt nên xe buýt cũng có thể chạy khá đúng giờ.
Nếu bạn đến Hàn Quốc thì nhất định hãy thử đi xe buýt nhé~^^  
Translate
61
27
1
2",,2026-09-29T12:25:34+00:00,0,reject,missing_group:electric_bus,0
DdnPu0rian_,https://www.threads.com/@thghnh95_/post/DdnPu0rian_,xe buýt điện,kw_xe_buyt_dien,"thghnh95_
09/23/26
wtf tự nhiên nay t lên xe buýt, t cầm điện thoại quét mã lấy vé thôi mà bà kia bả kêu t suốt ngày cắm mắt vô điện thoại 😇🙏🏻 bả ngồi bả lải nhải tùm lum hết gì mà tuổi này chắc biết yêu rồi, học thì không lo mà suốt ngày cứ cầm cái điện thoại??? t thấy người già t không chấp nên dời ra ghế sau ngồi thì bà đó bả quay xuống nhìn chầm chầm t rồi nói tiếp luôn?🤡 má ý là t mới vừa đặt cái chân lên xe, mới chìa cái điện thoại ra quét mã thôi mà bả nói t cỡ đó đó  
Translate
3.6K
144
96
41",,2026-09-23T02:32:58+00:00,0,reject,missing_group:electric_bus,0
Dc5WpIFEWf6,https://www.threads.com/@vocuaanhhochoi161/post/Dc5WpIFEWf6,xe buýt điện,kw_xe_buyt_dien,"vocuaanhhochoi161
Xe bus
09/05/26
MỌI NGƯỜI ƠI EM NHỜ CHÚT Ạ
chuyện là mỗi lần đi xe buýt điện thì em như sắp chết tới nơi vậy.. nhức đầu, mệt mõi, mắc ói,…
nhưng em chỉ muốn hỏi là có cách nào để hết mắc ói khi xe bus điện không ạ?  
Translate
3
3",,2026-09-05T06:48:18+00:00,0,accept,electric_bus,1
Dd9NXH-j0b0,https://www.threads.com/@knhu_pham/post/Dd9NXH-j0b0,xe buýt điện,kw_xe_buyt_dien,"knhu_pham
Kẹt xe sài gòn
1h
Cái quái quỉ gì đang diễn ra ở Điện Biên Phủ vậyyy
tan ca 8g mới về tưởng ngon r ai ngờ kẹt cứng ngắc  
Translate
60
8
4",,2026-10-01T15:15:33+00:00,0,reject,missing_group:electric_bus,0
Ddqd6Paj4DQ,https://www.threads.com/@_drk.shdw/post/Ddqd6Paj4DQ,xe buýt điện,kw_xe_buyt_dien,"_drk.shdw
xăng tăng giá
09/24/26
ôi vãi l xăng 27k/l ạ. Xăng hốc thì hốc hơn cả a95 mà giá thì trên trời. Quả này tính ép mua xe điện chạy à =)))  
Translate
 
1
/
2
73
36
2
5",,2026-09-24T08:34:35+00:00,0,reject,missing_group:electric_bus,0
DcfDfY5gcC4,https://www.threads.com/@clonenhatthegioi/post/DcfDfY5gcC4,xe buýt điện,kw_xe_buyt_dien,"clonenhatthegioi
08/26/26
Vào hồi 12:09 ngày 24/8/2026 tôi đi xe buýt màu xanh nước biển biển số như trên hình ảnh , điểm đỗ trước bệnh viện k hai bà trưng , khi đến điểm dừng bước xuống xe chưa kịp xuống thì bác tài đã đóng ngay cửa làm tôi bị kẹt bật móng chân . Đề nghị xe buýt Hà Nội có biện pháp xử lý đối với tài xế lái xe buýt trên
Số điện thoại tôi là : 0902236116
cre: Nguyen Tuyet Minh  
Translate
 
1
/
2
27
5",,2026-08-26T01:40:41+00:00,0,reject,missing_group:electric_bus,0
Dc4Gru-j8Jx,https://www.threads.com/@yennvie_/post/Dc4Gru-j8Jx,xe buýt điện,kw_xe_buyt_dien,"yennvie_
09/05/26
Chiện là hôm nay tui đi xe buýt, lần đầuđi xe buýt trải nghiệm đc free vé, siêu đã lun, lúc mới lên xe, tui hong bic nên đã bấm nút free vé, nhma bị cô nv nhắc: “con chưa quét mã mà, sao con bấm” xong cô chỉ tui “con nhớ tải mã qr VNIED về để quét dễ hơn nhen”, mà xe buýt điện đi nó êm, ngủ gật quá trời mà nghe nói vé free đến tháng 12 thuii nên mng tranh thủ đi trải nghiệm thử nhen.  
Translate
193
32
4
6",,2026-09-04T19:18:20+00:00,0,accept,electric_bus,1
DcnNsDbEUjL,https://www.threads.com/@nplnplnplinh/post/DcnNsDbEUjL,xe buýt điện,kw_xe_buyt_dien,"nplnplnplinh
08/29/26
Ôi HN free xe buýt tàu điện à, tôi yêu HN quá. Mà tôi phải về quê rồi =)))))  
Translate
12
10
1",,2026-08-29T05:43:43+00:00,0,reject,missing_group:electric_bus,0
Dd9Qzhvk9MA,https://www.threads.com/@whaturelookingat/post/Dd9Qzhvk9MA,xe buýt điện,kw_xe_buyt_dien,"whaturelookingat
43m
mọi người ơi mình cần ra tân sơn nhất lúc 2h sáng đón bố mẹ đáp, mình ở thảo điền quận 2. có ai cập nhật tình hình ngập sao rồi để mình nhắm đi mấy giờ với huhu, chứ sợ đi kẹt xe nữa là để hai cụ nhà mình đứng đợi giữa đêm tội vl  
Translate
1
2
4",,2026-10-01T15:45:39+00:00,0,reject,missing_group:electric_bus,0
DdAuOF0mv6s,https://www.threads.com/@every_day661122/post/DdAuOF0mv6s,xe buýt điện,kw_xe_buyt_dien,"every_day661122
xuhuongthread
09/08/26
đèo mẹ 2 xe đi song song thì hết cái đường ngta đi :))))) ai ghét giống tao kh  
Translate
6.5K
324
241
324",,2026-09-08T03:29:00+00:00,0,reject,missing_group:electric_bus,0
DdDZe9pGr_v,https://www.threads.com/@phangiahuy_arlts/post/DdDZe9pGr_v,xe buýt điện,kw_xe_buyt_dien,"phangiahuy_arlts
09/09/26
Mình thấy xe buýt điện, màu xanh lá, do Phương Trang vận hành chạy rất ổn, lại còn miễn phí. Khi lên và xuống xe đều có người chào hỏi lịch sự. Cơ mà xe buýt truyền thống xanh dương thì lại thấy chạy rất ẩu ~  
Translate
1.5K
19
2
3",,2026-09-09T04:25:32+00:00,0,accept,electric_bus,1
Ddyg8oBD8gw,https://www.threads.com/@casot_ca/post/Ddyg8oBD8gw,xe buýt điện,kw_xe_buyt_dien,"casot_ca
4d
Có cách nào đi xe buýt điện ko mắc ói ko bây chứ t đi t mắc ói quá đợt còn xe buýt xăng t hay đi xe buýt về quê tại quê t cũng gần, mà từ đợt đồng loạt chuyển qua xe điện t đi t mém ói 2 lần trên xe và từ đó t chạy xe dề quê luôn. Mà dạo này xăng tăng giá vl nên t đang có suy nghĩ đi xe buýt dề lại 😔  
Translate
1
7",,2026-09-27T11:35:03+00:00,0,accept,electric_bus,1
Ddv_mylj4bV,https://www.threads.com/@maihoang2.0/post/Ddv_mylj4bV,xe bus điện,kw_xe_bus_dien,"maihoang2.0
5d
ĐỊT MẸ THẰNG TÀI XẾ CON VINBUS NÀY NHÉ. ĐỊT CON CỤ NHÀ MÀY, LÁI XE NHƯ ĐI ĐẦU THAI. SANG ĐƯỜNG ĐÉO CÒI CỨ THẾ MÀ LAO MÀ VƯỢT SUÝT TÔNG VÀO NGƯỜI BỐ MÀY. CON CỤ NHÀ MÀY, THẤT NGHIỆP Ở MẸ NHÀ ĐI, ĐỪNG ĐI TẠO NGHIỆP NỮA.  
Translate
6K
275
192
152",,2026-09-26T12:05:14+00:00,0,accept,electric_bus,1
Dd6nsFejNeV,https://www.threads.com/@amy96may/post/Dd6nsFejNeV,xe bus điện,kw_xe_bus_dien,"amy96may
1d
Bạn ko nhìn làm đâu, đây chính là 1 chuyến bus chiều nay tại TPHCM, Giờ mới thấy xe điện lợi hại chưa  
Translate
395
32
8
330",,2026-09-30T15:07:55+00:00,0,reject,missing_group:electric_bus,0
Dcz51poI-8j,https://www.threads.com/@mr_new_hl/post/Dcz51poI-8j,xe bus điện,kw_xe_bus_dien,"mr_new_hl
09/03/26
Sống ở Việt Nam mà cụ thể là ở Quảng Ninh khổ thế đấy các bác /// ạ:
Các con đến trường Học phí, sữa, sách giáo khoa đều miễn phí, lại còn được hỗ trợ đưa đón đến trường , về nhà bằng xe bus điện hiện đại, ngập tràn công nghệ giám sát hành trình và an toàn. Sắp tới lại còn lắp full điều hoà, miễn phí suất ăn bán trú nữa cơ.
Nghĩ mà buồn, chắc phải đẻ thêm vài đứa nữa.  
Translate
2.1K
845
19
67",,2026-09-03T04:00:24+00:00,0,accept,electric_bus,1
DdzH7WlEU8W,https://www.threads.com/@tram.anh9532/post/DdzH7WlEU8W,xe bus điện,kw_xe_bus_dien,"tram.anh9532
quái thú đường láng
3d
Lên cho mng quái thú, liên tục xi nhan phải rồi lách hết sang phải sang trái dù đường thẳng và không vào trạm xe bus nào 🥲  
Translate
 
1
/
2
18K
508
509
1.4K",,2026-09-27T17:18:43+00:00,0,reject,missing_group:electric_bus,0
DcKXYV7k09x,https://www.threads.com/@uynegn_iam/post/DcKXYV7k09x,xe bus điện,kw_xe_bus_dien,"uynegn_iam
08/18/26
Lần đầu đi bus bị tài xế chửi=)))
Con đàn bà nì bị tổn thưng=)  
Translate
52
22",,2026-08-18T00:50:26+00:00,0,reject,missing_group:electric_bus,0
Dd9V0ZMkv6n,https://www.threads.com/@_.imissy12._/post/Dd9V0ZMkv6n,xe bus điện,kw_xe_bus_dien,"_.imissy12._
1m
Mọi người cho em hỏi với ạ, bàn phím của Macbook em thỉnh thoảng sẽ bị lag, không gõ được, phải đợi một tí mới được, điều này có bình thường không ạ :( máy em mới mua ạ  
Translate
 
1
/
2
3",,2026-10-01T16:29:27+00:00,0,reject,missing_group:electric_bus,0
Dd9JbAKEjBA,https://www.threads.com/@ioneme._/post/Dd9JbAKEjBA,xe bus điện,kw_xe_bus_dien,"ioneme._
multi go
1h
tối nay mình ngồi ở bến cầu Điện Biên Phủ gần 2 tiếng và nhận ra tuyến 45 lượt về nó không chạy mà không thông báo gì hết, thời gian và biển số xe thì vẫn hiện, chả hiểu. Bên bus công cộng làm ăn chán thật  
Translate
8
5
2",,2026-10-01T14:41:08+00:00,0,reject,missing_group:electric_bus,0
Dcii9SVnzE-,https://www.threads.com/@thichhnue/post/Dcii9SVnzE-,xe bus điện,kw_xe_bus_dien,"thichhnue
08/27/26
Mỗi ngày 1 pốt về bus
Ngày 22: tuyến 71 (BKS: 29H97425)
Tuyến thứ hai trong tất cả bài pốt của tui đi HOLA nhưng mà chờ rất lâu nhé, khoảng tầm 40ph/chuyến
Không biết bao giờ đổi sang xe điện và tăng chuyến trong ngày nhỉ  
Translate
23
4
6",,2026-08-27T10:13:22+00:00,0,reject,missing_group:electric_bus,0
Dd9VwUWEgDg,https://www.threads.com/@meoiuoilaiu_09/post/Dd9VwUWEgDg,xe bus điện,kw_xe_bus_dien,"meoiuoilaiu_09
Bố đường
1m
tìm ng bao nuôi em  
Translate",,2026-10-01T16:28:54+00:00,0,reject,missing_group:electric_bus,0
Ddq3-CUD_9O,https://www.threads.com/@_gnadeht/post/Ddq3-CUD_9O,xe bus điện,kw_xe_bus_dien,"_gnadeht
xe buýt tphcm
09/24/26
Miễn phí vé xe buýt tại TPHCM giai đoạn 2
Từ 1/10 - 31/12: Xe buýt ở TPHCM tiếp tục được miễn phí vé nhưng bắt buộc phải ghi nhận lượt đi bằng 1 trong các phương thức sau:
- Thẻ ngân hàng napas, visa, MasterCard.
- QR thanh toán ví điện tử MoMo, ShopeePay, VNPT Money, Viettel Money.
- Căn cước/CCCD
- Mã QR CCCD trên app VNEID.
- Thẻ giao thông công cộng do TTQLGTCC cấp cho các đối tượng ưu tiên.
Chi tiết vui lòng xem ảnh:  
Translate
 
1
/
2
42
1
5
4",,2026-09-24T12:22:18+00:00,0,reject,missing_group:electric_bus,0
Dd9Vxq4klWI,https://www.threads.com/@diennhuochuutinh/post/Dd9Vxq4klWI,xe bus điện,kw_xe_bus_dien,"diennhuochuutinh
ningyu
1m
Cũ thì đào lên cho mới, phát ngôn của anh Điền Lôi về phụ nữ 🤮🤮🤮  
Translate",,2026-10-01T16:29:05+00:00,0,reject,missing_group:electric_bus,0
DcTMMs4GYRc,https://www.threads.com/@laughing_joyously/post/DcTMMs4GYRc,xe buyt dien,kw_xe_buyt_dien_2,"laughing_joyously
08/21/26
Replying to @bao_tourguide
Xe nội khu cụ thể là xe nào bn biết không ạ, đi 71 1 tháng bằng với ở ktx luôn rồi, mình cũng đắn đo lắm  
Translate
2",,2026-08-21T11:05:54+00:00,0,reject,missing_group:electric_bus,0
DcTNq03icGI,https://www.threads.com/@hvclyo4/post/DcTNq03icGI,xe buyt dien,kw_xe_buyt_dien_2,"hvclyo4
08/21/26
xe nội khu tên nó là bus nội khu thôi em, nó kiểu xe đưa đón trong trường học nên ko có tên tuổi số hiệu gì đâu, em đọc bài dưới này để tìm hiểu nhé
vnu.edu.vn/dhqgh…  
Translate
vnu.edu.vn
ĐHQGHN vận hành thử nghiệm tuyến xe buýt điện nội khu tại Hòa Lạc từ ngày 01/6/2026
1
1",,2026-08-21T11:18:45+00:00,0,accept,electric_bus,1
Dd6sAyYEye0,https://www.threads.com/@maingonngu/post/Dd6sAyYEye0,xe buyt dien,kw_xe_buyt_dien_2,"maingonngu
1d
Trời ơi Sài Gòn ngập dữ quá (đường Phan Huy Ích). Ko ngờ có ngày t được lên báo 1 cách random như thế này. Nước tới hông, xe buýt chết máy luôn :((((  
Translate
10.8K
344
360
1.3K",,2026-09-30T15:45:40+00:00,0,reject,missing_group:electric_bus,0
Ddqe3zkiSBm,https://www.threads.com/@locrok44/post/Ddqe3zkiSBm,xe buyt dien,kw_xe_buyt_dien_2,"locrok44
09/24/26
Ông nào lái máy bay vào trg làm kẹt xe rồi  
Translate
18.2K
112
1K
1.7K",,2026-09-24T08:43:16+00:00,0,reject,missing_group:electric_bus,0
DdiwOnVHzbc,https://www.threads.com/@1f_sarahero/post/DdiwOnVHzbc,xe buyt dien,kw_xe_buyt_dien_2,"1f_sarahero
09/21/26
bây giờ thái độ của nhân viên xe bus càng ngày càng chán thế mọi người , mấy cô chú dì bác không biết thì hỏi mà cứ gào lên nạt người .
có cách nào báo cáo lên trên không vậy ạ 🙎🏼‍♀️ biết là làm công ăn lương mệt rồi nhưng mà khách hàng có làm gì sai đâu  
Translate
255
90
6
10",,2026-09-21T08:40:44+00:00,0,reject,missing_group:electric_bus,0
Dd9TbZcj89l,https://www.threads.com/@iutatcaphunuloveyou/post/Dd9TbZcj89l,xe buyt dien,kw_xe_buyt_dien_2,"iutatcaphunuloveyou
22m
hôm nay mình gặp tai nạn khi đi làm
một bạn học sinh chạy xe qua đường mà không quan sát mình thì đi thẳng thế là mình tông bạn ấy.
mình thì té xe, mặt cà xuống đường cơ thể thì trầy xước có chỗ còn rỉ máu. lúc đó mình tức lắm mình nén đau đứng dậy mắng "" m*, qua đường không biết nhìn à""
cái mình đỡ bạn ấy dậy, nhìn bạn ấy sợ lắm xe bạn ấy cũng gãy cả cổ và bạn ấy cũng bị vài vết thương nhỏ. nhưng thứ quan trọng nhất là khi mình  
Translate
 
1
/
2
2",,2026-10-01T16:08:34+00:00,0,reject,missing_group:electric_bus,0
Dd9V7bYmaYc,https://www.threads.com/@thuyduongfitniss/post/Dd9V7bYmaYc,xe buyt dien,kw_xe_buyt_dien_2,"thuyduongfitniss
1m
Ai nói 50 thì phải già . Mấy bà khoe anh 50 đi . Tôi Trước nha. Tại tui PT nên có hơi sechxy teo các bà thông cảm . Chính tôi bà quần xang 48 tưởng minh 18  
Translate
 
1
/
2
1",,2026-10-01T16:30:25+00:00,0,reject,missing_group:electric_bus,0
Dd8UE5-k0bi,https://www.threads.com/@thaihoang889/post/Dd8UE5-k0bi,xe buyt dien,kw_xe_buyt_dien_2,"thaihoang889
9h
E là con gái (1 người kbt gì về xe máy), nay e di thay dầu máy xe. Vừa mở ra thì họ có bảo thay cho e cái lọc gió cho đỡ bẩn, e thấy cũng hợp lí vì thấy nó bẩn thật. Sau đó e có bảo kiểm tra lại cho e 1 ít và bảo dưỡng lại xe cho e. Sau 1 hồi ktra thì ngta có bảo với e là cnay của e bị han cần thay, cnay của e bị mòn, cnay của e cũ quá k lắp được (có lắp thử và e thấy k lắp dc nên e cũng ôk),…. E là con gái nên có mỗi 1 cái dụng cụ đi lại mỗi ngày nên cũng cần sự an toàn, đảm bảo tí nên mọi cái  
Translate
 
1
/
2
12
17
1
21",,2026-10-01T06:54:59+00:00,0,reject,missing_group:electric_bus,0
DcnFyzgk7-2,https://www.threads.com/@mattroinho_99/post/DcnFyzgk7-2,xe buyt dien,kw_xe_buyt_dien_2,"mattroinho_99
08/29/26
Topic đi xe bus
Tân sinh viên nào xác định 4 năm ĐH gắn bó với bus Hà Nội thì lưu gấp bài này lại nếu không muốn ngày nào cũng kiệt sức 😭
​Cái cảnh sáng sớm lóc cóc bắt xe, chen chúc nhích từng tí vào đến trường nó ám ảnh thực sự. Đứng bám tay vịn lắc lư cả tiếng đồng hồ mồ hôi nhễ nhại, lại còn nơm nớp lo đạo chích rạch túi.
​Sau bao ngày trầy trật bắt bus đi học, tớ đúc kết ra kinh nghiệm này, thề luôn thiếu là t khóc liền  
Translate
 
1
/
7
288
17
41
61",,2026-08-29T04:34:44+00:00,0,reject,missing_group:electric_bus,0
DdYRRz-kvCt,https://www.threads.com/@huyaua/post/DdYRRz-kvCt,xe buyt dien,kw_xe_buyt_dien_2,"huyaua
09/17/26
Đjt cụ xe máy đjt cụ ô tô
Đjt cụ xe buýt địt cụ mô tô
Địt cụ trời nắng địt cụ trời mưa
Đi về buổi tối đi về buổi trưa
Đjt cụ chen lấn địt cụ ngã tư
Đjt cụ dân số đjt cụ thặng dư
Đjt cụ thành phố chẳng một đóa hoa
Địt cụ đèn đóm xanh một đỏ ba
Đjt cụ cốt thép đjt cụ xi măng
Đjt cụ cái ví khi mà đổ xăng
Đjt cụ xe máy đjt cụ ô tô
Đjt cụ đời sống như một cái bô  
Translate
19.7K
559
4.6K
6.1K",,2026-09-17T06:57:53+00:00,0,reject,missing_group:electric_bus,0
Dd6KZjOEzdi,https://www.threads.com/@vuthao.101/post/Dd6KZjOEzdi,xe buyt dien,kw_xe_buyt_dien_2,"vuthao.101
1d
2026 có ng vẫn thấy xe vision là xe đắt tiền và ngại đi xe số omg  
Translate
 
1
/
2
10.1K
596
122
112",,2026-09-30T10:51:57+00:00,0,reject,missing_group:electric_bus,0
Dd9U6iOH9jo,https://www.threads.com/@ye.seul05/post/Dd9U6iOH9jo,xe buyt điện,kw_xe_buyt_dien_3,"ye.seul05
10m
Phóng ziên hiện trường quận Bình Thạnh tới đâyyy
Đầu đường D2 giao với Điện Biên Phủ ngập nặng, xe máy c.hếc máy hàng loạt. Tui thấy mọi người đậu trên vỉa hè hổng biết sao luôn🥹 Một ngày đi làm thiệt vất vả  
Translate
 
1
/
2
43
4
25",,2026-10-01T16:21:33+00:00,0,reject,missing_group:electric_bus,0
Dd6g1Rmjyes,https://www.threads.com/@meta.ai/post/Dd6g1Rmjyes,xe buyt điện,kw_xe_buyt_dien_3,"Meta AI
meta.ai
1d
Replying to @kaotoo2026
Ừ vẫn ráng chạy được á sốp, nhưng là ráng thoát khỏi đoạn ngập thôi.
Gầm xe buýt cao nên máy chưa chết ngay, mà nước tràn qua cửa với sàn như trong clip là cũng sâu cỡ nửa bánh rồi. Tài xế mà dừng lại giữa biển nước là kẹt luôn, nên phải bò từ từ qua chỗ ngập đó.  
Translate
1
1",,2026-09-30T14:07:58+00:00,0,reject,missing_group:electric_bus,0
Dd7gbAmgaCv,https://www.threads.com/@trghhp/post/Dd7gbAmgaCv,xe buyt điện,kw_xe_buyt_dien_3,"trghhp
17h
meta.ai không biết rồi. Xe buýt điện thì nước như thế này không ăn thua, vẫn chạy phà phà.  
Translate
meta.ai
Meta AI - Your AI Assistant for Images, Shopping and More",,2026-09-30T23:23:37+00:00,0,accept,electric_bus,1
Dd3v3Znj09E,https://www.threads.com/@swarnalakshmi.agudo.9658/post/Dd3v3Znj09E,xe buýt dien,kw_xe_buyt_dien_4,"swarnalakshmi.agudo.9658
viralpost
2d
Haha vì đang được đi bus miễn phí nên t sẽ quyết tâm làm thử thách đi hết các chuyến xe buýt để review =))
Nhưng bây giờ bắt buộc định danh ví dụ ngày đi 8 chuyến xe buýt xong hệ thống ghi nhận thì có bị tính dô lợi dụng điều khoản không zạ hic  
Translate
204
25
7
2",,2026-09-29T12:21:37+00:00,0,reject,missing_group:electric_bus,0
DcyVKwQmqbz,https://www.threads.com/@dulichngaymua/post/DcyVKwQmqbz,xe buýt dien,kw_xe_buyt_dien_4,"dulichngaymua
09/02/26
Xe buýt miễn phí thì vắng hoe  
Translate
21.3K
281
246
69",,2026-09-02T13:20:44+00:00,0,reject,missing_group:electric_bus,0
Dd6UPD8HVs3,https://www.threads.com/@bulubetrai/post/Dd6UPD8HVs3,xe buýt dien,kw_xe_buyt_dien_4,"bulubetrai
1d
TUYỆT ĐỐI NÊN LÀM KHI Ở TRÊN XE BUÝT🆘❌
1 - Phải đeo khẩu trang ( NHẮC LẠI 3 LẦN )
2- Không để cặp sách ra sau
3- không giúp đỡ người khác ( Kể cả người già )
4- không nên xem điên thoại
5- không bắt chuyện với người lạ
Đây là lời khuyên chân thành cũng như trải nhiệm cá nhân cụa mình ❤️‍🩹🌺🌷  
Translate
 
1
/
2
17.3K
589
652
1.1K",,2026-09-30T12:17:54+00:00,0,reject,missing_group:electric_bus,0
Dd6oLY8mUUu,https://www.threads.com/@pad_vu/post/Dd6oLY8mUUu,xe buýt dien,kw_xe_buyt_dien_4,"pad_vu
1d
Chọn đi xe buýt đi làm khi trời mưa và tắc đường là một quyết định tuyệt vời.  
Translate
32
4",,2026-09-30T15:12:09+00:00,0,reject,missing_group:electric_bus,0
Dd6psbYj3gY,https://www.threads.com/@tiennhaphoquan7/post/Dd6psbYj3gY,xe buýt dien,kw_xe_buyt_dien_4,"tiennhaphoquan7
1d
Xe Buýt, Xe Máy, ô tô hôm nay được bơi hết nhé.  
Translate
224
36
11
391",,2026-09-30T15:25:28+00:00,0,reject,missing_group:electric_bus,0
DbwwlC0GI09,https://www.threads.com/@camotnang212/post/DbwwlC0GI09,xe buýt dien,kw_xe_buyt_dien_4,"camotnang212
08/08/26
Ủa sinh viên đi xe buýt dùng thẻ sinh viên có vấn đề gì hả mọi người 🥹 sao thấy tài xế khó chịu quá dị  
Translate
5.7K
120
93
49",,2026-08-08T02:10:22+00:00,0,reject,missing_group:electric_bus,0
Ddg5uDIknUK,https://www.threads.com/@quynzhg/post/Ddg5uDIknUK,bus điện,kw_bus_dien,"quynzhg
09/20/26
ủa bus điện có wifi luôn hả tui mới đi có 2 lần mà k bt  
Translate
9
2",,2026-09-20T15:25:11+00:00,0,accept,electric_bus,1
Db4Z3W0iZFP,https://www.threads.com/@nambuiphuong2004/post/Db4Z3W0iZFP,bus điện,kw_bus_dien,"nambuiphuong2004
08/11/26
Phía công ty Bảo Yến bus đã gọi điện xin lỗi tôi nhân viên phụ xe Hạnh cũng đã xin lỗi tôi còn tôi thì đã có quyết định của mình nhưng cuối cùng thì sao ạ nói một đằng làm một nẻo.  
Translate
 
1
/
4
3",,2026-08-11T01:25:49+00:00,0,reject,missing_group:electric_bus,0
Dc4627bGl8G,https://www.threads.com/@im_also.the.sixseven/post/Dc4627bGl8G,bus điện,kw_bus_dien,"im_also.the.sixseven
09/05/26
MẤY CÁI VINBUS ĐỪNG CÓ ĐỖ Ở BẾN XE BUS CHUNG TẬN 2-3 CÁI MÀ TẬN HƠN 5 PHÚT ĐƯỢC KHÔNG??? T KHÔNG BẮT ĐƯỢC BUS VỀ NHÀ  
Translate
8
5",,2026-09-05T02:45:31+00:00,0,accept,electric_bus,1
DdhbPV_kwyy,https://www.threads.com/@krix.iew/post/DdhbPV_kwyy,bus điện,kw_bus_dien,"krix.iew
09/21/26
bus điện vật điên quá trưa về ngủ mẹ đến tối nên 3h sáng vẫn đ ngủ được =)))  
Translate
 
1
/
2
2
3",,2026-09-20T20:18:05+00:00,0,accept,electric_bus,1
Dd7tQBHk3Xu,https://www.threads.com/@meowsmeows.19/post/Dd7tQBHk3Xu,bus điện,kw_bus_dien,"meowsmeows.19
15h
Cho mình hỏi chút nếu là xe bus điện ngồi bên trong như vậy có nguy cơ rò rỉ điện không vậy mọi người?  
Translate
1",,2026-10-01T01:15:43+00:00,0,accept,electric_bus,1
DdJHsrXIHXX,https://www.threads.com/@khang_20611/post/DdJHsrXIHXX,bus điện,kw_bus_dien,"khang_20611
09/11/26
chiếc xe có tầm ảnh hưởng nhiều nhất HN  
Translate
3.8K
194
369
233",,2026-09-11T09:45:33+00:00,0,reject,missing_group:electric_bus,0
DdJWLahExQb,https://www.threads.com/@dvphuong4795/post/DdJWLahExQb,bus điện,kw_bus_dien,"dvphuong4795
09/11/26
Thà rúc đít bus điện nó còn sạch sẽ hơn bọn bus này. Vừa đi láo vừa bửn  
Translate
220
3
1",,2026-09-11T11:52:05+00:00,0,accept,electric_bus,1
DczJv6jk0FG,https://www.threads.com/@daliahph.m/post/DczJv6jk0FG,bus điện,kw_bus_dien,"daliahph.m
09/03/26
Xe bus 168 đi về Hub thường đỗ ở đâu vậy ạ. Em xuống ga Thủ Đức thì kiếm xe ở đâu ạ  
Translate
8",,2026-09-02T21:00:11+00:00,0,reject,missing_group:electric_bus,0
Dczb7DmAbHf,https://www.threads.com/@tsukineko1200/post/Dczb7DmAbHf,bus điện,kw_bus_dien,"tsukineko1200
09/03/26
Bạn đi bus điện thì cứ tải cái app multigo về mà check  
Translate
1",,2026-09-02T23:38:59+00:00,0,accept,electric_bus,1
Db01mA-H0Dg,https://www.threads.com/@nghang110804/post/Db01mA-H0Dg,bus điện,kw_bus_dien,"nghang110804
08/09/26
Bữa giờ đi bus thấy người thì quét CCCD, người thì quét bằng ví app ví điện tử tùm lum, cái nào tiện nhất vậy mọi người? Mình thì lười quét quá nên cứ lên rồi chờ nhân viên bấm vé luôn  
Translate
6
6
1",,2026-08-09T16:11:09+00:00,0,reject,missing_group:electric_bus,0
DdIcYTSj3wt,https://www.threads.com/@mih.nahn_/post/DdIcYTSj3wt,bus dien,kw_bus_dien_2,"mih.nahn_
09/11/26
Có ai thấy đi xe bus là địa ngục trần gian k ?  
Translate
193
66
32
13",,2026-09-11T03:27:02+00:00,0,reject,missing_group:electric_bus,0
Dc54aDAEoK3,https://www.threads.com/@krix.iew/post/Dc54aDAEoK3,bus dien,kw_bus_dien_2,"krix.iew
09/05/26
biết đi bus một xíu cảm tưởng như mình có thể phá đảo SG  
Translate
2.4K
92
354
132",,2026-09-05T11:43:20+00:00,0,reject,missing_group:electric_bus,0
Ddq2OFlD0e6,https://www.threads.com/@mindilam_/post/Ddq2OFlD0e6,bus dien,kw_bus_dien_2,"mindilam_
Sinh viên
09/24/26
TOP NHỮNG LÝ DO MÌNH GHÉT KHI ĐI XE BUS: thái độ nhân viên
Chuyện là sáng này đi gấp quá, nên em quên mang tiền lẻ. Lên tới xe tới khúc thu tiền thì móc ra tờ 500, ảnh hỏi có tiền nhỏ không, tôi lục ví, cặp 2,3 lần vẫn chỉ có đúng tờ đấy. Mặt ảnh đúng hậm hực rồi bảo sáng sớm ai có tiền đâu mà thối, đã sáng sớm đang chưa tỉnh ngủ mà xe còn đông nữa, pha đó vừa quê vừa bực éo chịu được  
Translate
 
1
/
2
21
19
1",,2026-09-24T12:07:01+00:00,0,reject,missing_group:electric_bus,0
DdqOewln3D1,https://www.threads.com/@chi.qh/post/DdqOewln3D1,bus dien,kw_bus_dien_2,"chi.qh
09/24/26
Đi thử xe bus miễn phí tại hcm, chỉ cần cccd hay vnid là được ah. Trời mưa k lo k gọi được xe 😁  
Translate
20
9",,2026-09-24T06:19:46+00:00,0,reject,missing_group:electric_bus,0
DdF7tAik5MK,https://www.threads.com/@duongvanh.07/post/DdF7tAik5MK,bus dien,kw_bus_dien_2,"duongvanh.07
09/10/26
xin các tips di xe bus tại hnoi
lần đầu di nên hơi rén ạ:))  
Translate
82
20
11
14",,2026-09-10T04:03:01+00:00,0,reject,missing_group:electric_bus,0
Dd8_OvFkjfI,https://www.threads.com/@harus2to/post/Dd8_OvFkjfI,bus dien,kw_bus_dien_2,"harus2to
3h
Mn ơi đi bus giờ ck được k ạ? Mai em định đi bus thì check gg ghi là 6h28 đến trạm thì e nên đến trạm từ mấy h ạ  
Translate
1
4",,2026-10-01T13:12:04+00:00,0,reject,missing_group:electric_bus,0
DcbAAdMD6VZ,https://www.threads.com/@babibu_cuti/post/DcbAAdMD6VZ,bus dien,kw_bus_dien_2,"babibu_cuti
08/24/26
Điều đáng sợ nhất của t lúc này
Top 1 : Bắt xe buýt  
Translate
321
31
41
17",,2026-08-24T11:53:17+00:00,0,reject,missing_group:electric_bus,0
Dd9WP5PmtJA,https://www.threads.com/@_kirari.lynn_/post/Dd9WP5PmtJA,buýt điện,kw_buyt_dien,"_kirari.lynn_
1m
Hic tìm bạn ktcon nào gom badge này hộ tui, đã có per từ kt, mọi người có thể gom ngay ạ 😞  
Translate
 
1
/
2
_kirari.lynn_
09/22/26
Khảo sát badge anh Thành hắm thắm   
Translate
54
18
1
11
2",,2026-10-01T16:33:12+00:00,0,reject,missing_group:electric_bus,0
Ddl6eoSn6u9,https://www.threads.com/@_kirari.lynn_/post/Ddl6eoSn6u9,buýt điện,kw_buyt_dien,"_kirari.lynn_
09/22/26
Khảo sát badge anh Thành hắm thắm   
Translate
54
18
1
11",,2026-09-22T14:08:01+00:00,0,reject,missing_group:electric_bus,0
Dd9WFVnE5pS,https://www.threads.com/@yumie.9x/post/Dd9WFVnE5pS,buýt điện,kw_buyt_dien,"yumie.9x
2m
Replying to @ngocha.13
hiện e vẫn đang gửi 8% đấy ạ  
Translate
1",,2026-10-01T16:31:46+00:00,0,reject,missing_group:electric_bus,0
Dd9WPuUktoZ,https://www.threads.com/@ngocha.13/post/Dd9WPuUktoZ,buýt điện,kw_buyt_dien,"ngocha.13
1m
Với hạng khách hàng của bác hiện tại mà gửi mới từ 1 tỷ sẽ đc 8.1, 3 tỷ 8.2, 5 tỷ 8.25, 10 tỷ 8.3 nhá ạ  
Translate
1",,2026-10-01T16:33:11+00:00,0,reject,missing_group:electric_bus,0
Dd9WTEhk885,https://www.threads.com/@emshydeii_108/post/Dd9WTEhk885,buýt điện,kw_buyt_dien,"emshydeii_108
viral
1m
Gout váy cưới của t nó khó ở đến mức stylist nghe xong cũng k muốn tư vấn luôn á =)). Gì mà thích nữ tính nhưng k bánh bèo, phải chi tiết nhưng ghét rườm rà, đòi cổ điển mà vẫn phải ngầu ngầu ó :))). Đi chọn váy cưới tưởng ngất luôn được, ai dè chốt đơn ngay tại một local brand Hà Nội. T gặp đúng NTK gout dị dị muốn gì có nấy, cái đa nhân cách đấy lại bắt đúng tần số cái nết dở dở ương ương của t mới hay hè hè =)))).  
Translate
 
1
/
2
1",,2026-10-01T16:33:38+00:00,0,reject,missing_group:electric_bus,0
DdvzXIsn_If,https://www.threads.com/@llama.89277242/post/DdvzXIsn_If,buýt điện,kw_buyt_dien,"llama.89277242
5d
Xe buýt điện: Đi an toàn vì tài xế và lơ xe ăn theo lương.
Xe buýt truyền thống: ĐCM HỒN TAOOO, CỨUUUU  
Translate
11
2",,2026-09-26T10:18:14+00:00,0,accept,electric_bus,1
Dd35xnOCVRA,https://www.threads.com/@x4n4xx_x/post/Dd35xnOCVRA,buýt điện,kw_buyt_dien,"x4n4xx_x
2d
Thật ra k phải t ghét tàu điện trên cao vì t lười đi bộ ra đó mà là do t từng bị sa trên đó nên t ms không muốn đi dm, sợ luôn xe buýt.  
Translate
6
3",,2026-09-29T13:48:12+00:00,0,reject,missing_group:electric_bus,0
Dd82WlBASIw,https://www.threads.com/@tin.tr_20s/post/Dd82WlBASIw,buýt điện,kw_buyt_dien,"tin.tr_20s
4h
Lần đầu tiên thấy Điện Biên Phủ kẹt cả 2 chiều luôn á 😃  
Translate
4.9K
58
151
737",,2026-10-01T11:54:50+00:00,0,reject,missing_group:electric_bus,0
Dd9T7fvGtlv,https://www.threads.com/@jjoyce_93/post/Dd9T7fvGtlv,buýt điện,kw_buyt_dien,"jjoyce_93
21m
Em lại dọn kho pát đồ gom dư thì ai mua không 😞
Mua thì em pát dưới cmt nha  
Translate
22
25
5",,2026-10-01T16:12:57+00:00,0,reject,missing_group:electric_bus,0
Dd9WTAVGVsc,https://www.threads.com/@jjoyce_93/post/Dd9WTAVGVsc,buýt điện,kw_buyt_dien,"jjoyce_93
1m
48kff
1 cái duy nhất  
Translate
1",,2026-10-01T16:33:38+00:00,0,reject,missing_group:electric_bus,0
Db0v5dtksPU,https://www.threads.com/@goc.cua.gao/post/Db0v5dtksPU,buyt dien,kw_buyt_dien_2,"goc.cua.gao
Hà Nội
08/09/26
Mừng vì Hà Nội lắp đặt bảng thông tin điện tử ở nhiều trạm xe buýt nhưng đến gần thì ối giời ơi, những gương mặt biến dạng như quỷ do AI tạo ra không lẫn đi đâu được. Ai dám làm và ai dám duyệt những sản phẩm méo mó, cẩu thả này?!  
Translate
 
1
/
2
387
8
22
11",,2026-08-09T15:21:23+00:00,0,reject,missing_group:electric_bus,0
Ddq7V9vmMob,https://www.threads.com/@mo_ondlihc/post/Ddq7V9vmMob,buyt dien,kw_buyt_dien_2,"mo_ondlihc
biến thái nơi công cộng
09/24/26
❗CẢNH BÁO BIẾN THÁI Ở TRẠM XE BUÝT KHU CÔNG NGHIỆP TÂN BÌNH (CHIỀU ĐI BẾN XE AN SƯƠNG) ❗
Tầm 6h kém chiều nay (24/9) lúc đứng đón xe có một người đàn ông khoảng độ 4x tuổi, dáng người tầm 1m65, khá ốm và da ngăm đen. Mặc một chiếc áo sơ mi và quần vải mềm màu be/ nâu mình không nhỡ rõ. Ban đầu ông ta tiếp cận và hỏi mình đi xe bao nhiêu sau đó còn hỏi mình đi về Xuân Thới Thượng à. Lúc mình lên xe ông ta theo sát phía sau, lợi dụng lúc xe đông đụng vào mông mình.  
Translate
 
1
/
2
43
41
9
2",,2026-09-24T12:51:47+00:00,0,reject,missing_group:electric_bus,0
DcC3Up1GF_T,https://www.threads.com/@_nphth/post/DcC3Up1GF_T,buyt dien,kw_buyt_dien_2,"_nphth
08/15/26
Cẩm nang đi Bus & Metro cho các bé tân sinh viên lên TP HCM đi học:
1. Tải app tra Bus trước:
- BusMap: Nhập điểm đi – điểm đến để xem tuyến xe, trạm đón và theo dõi hành trình.
- Go!Bus: Check tuyến, trạm và thời gian xe dự kiến cập trạm.
2. Nhớ vài “luật ngầm” khi đi Bus
- Không chắc xe có đi qua trạm mình cần cứ mạnh dạn hỏi tài xế/phụ xe trước khi lên. Các cô chú rất nhiệt tình 🥰
- Mang theo thẻ SV để được mua vé giá sinh viên.  
Translate
 
1
/
4
824
31
182
254",,2026-08-15T02:55:38+00:00,0,reject,missing_group:electric_bus,0
DdOl1_pGeSM,https://www.threads.com/@americasacred/post/DdOl1_pGeSM,buyt dien,kw_buyt_dien_2,"americasacred
09/13/26
mọi người ơi lúc chiều nay mình có đi xe buýt tuyến 33 từ bến xe an sương về chợ đầu mối, lúc xuống xe thì mình bị móc túi mất điện thoại. Bây giờ mình hoảng quá, có cách nào để tìm lại đưuọc điện thoại không ạ. Mình có cố gọi thì mấy cuộc đầu còn rung chuông nhưng sau đó có lẽ là máy bị người ta tắt nguồn hay tháo sim ra rồi nên minhg không gọi được nữa.  
Translate
 
1
/
2
8",,2026-09-13T12:45:10+00:00,0,reject,missing_group:electric_bus,0
DdQRzs0CNvI,https://www.threads.com/@kotakita_semarang/post/DdQRzs0CNvI,electric bus,kw_electric_bus,"kotakita_semarang
09/14/26
Ujicoba Electric Bus Trans Semarang Koridor 1
Busnya Low Deck Lur, cakep bener, susunan kursinya beda dengan Trans Semarang yang lama
Menurut kalian gimana electric bus ini?
#semarang #transsemarang #bus #electricvehicles  
Translate
158
42
7
16",#semarang #transsemarang #bus #electricvehicles,2026-09-14T04:28:39+00:00,0,accept,electric_bus,1
Dd1ndSOE35t,https://www.threads.com/@koalisiurbanplan/post/Dd1ndSOE35t,electric bus,kw_electric_bus,"koalisiurbanplan
bekasi
3d
Apakah bisa gak nih bus BRT Trans Beken yang ada di Kota Bekasi ini mulai beralih ke electric bus dengan si Bus Listrik Higer ini kira-kira  
Translate
Kimcil Kepolen · NDX AKA
6
1
1",,2026-09-28T16:29:39+00:00,0,accept,electric_bus,1
DdKbHmcCZq9,https://www.threads.com/@_marksutcliffe/post/DdKbHmcCZq9,electric bus,kw_electric_bus,"_marksutcliffe
09/12/26
The new leadership at OC Transpo is adding new electric buses every week to replace our aging diesel vehicles that were often breaking down. We now have 146 electric buses in service and we're adding more every week. When we finish adding the new vehicles, Ottawa will have the greatest percentage of electric buses in its fleet of any transit service in North America. That means more reliable bus service for everyone. 
1
/
3
25
13
4
1",,2026-09-11T21:54:30+00:00,0,reject,missing_group:electric_bus,0
DdRUQJikYpx,https://www.threads.com/@ftsleepeatplay/post/DdRUQJikYpx,electric bus,kw_electric_bus,"ftsleepeatplay
多倫多 多倫多 多倫多
09/14/26
我要瘋狂吹奏ttc electric bus☺️
又穩啲啦 啲位間隔又c服啲啦
又有mon啦 啲櫈又唔是絨毛啦
冇了  
Translate
48
4
3",,2026-09-14T14:09:11+00:00,0,accept,electric_bus,1
Ddm7_0emWFZ,https://www.threads.com/@thedriven_io/post/Ddm7_0emWFZ,electric bus,kw_electric_bus,"thedriven_io
09/23/26
Australia’s largest bus operator completes electrification of new depot to support 60 battery electric buses
thedriven.io/2026…
thedriven.io
thedriven.io
45
2
8
1",,2026-09-22T23:40:36+00:00,0,reject,missing_group:electric_bus,0
DdooRQEkryS,https://www.threads.com/@pheezothman/post/DdooRQEkryS,electric bus,kw_electric_bus,"pheezothman
09/23/26
I’m absolutely loving the new electric BRT bus! ❤️🚌⚡
@myrapidkl
46
3
5
1",,2026-09-23T15:26:38+00:00,0,reject,missing_group:electric_bus,0
Dbhx_skk11D,https://www.threads.com/@k.orn_/post/Dbhx_skk11D,electric bus,kw_electric_bus,"k.orn_
BUS because of you I shine
08/02/26
Cộng đồng BUS VN mình hoạt động ở đâu vậy  
Translate
32
18
3",,2026-08-02T06:34:08+00:00,0,reject,missing_group:electric_bus,0
Dcw1W_FGcjh,https://www.threads.com/@thedriven_io/post/Dcw1W_FGcjh,electric bus,kw_electric_bus,"thedriven_io
09/02/26
Queensland LNP government has dumped the state’s electric bus mandate, saying the plans were “half-baked” and would only create “expensive paperweights” to block streets
ow.ly/NbQe5…
thedriven.io
""Fanciful pipe-dream:"" Queensland dumps mandate for electric buses, calls them ""big, expensive paperweights""
54
56
12
2",,2026-09-01T23:23:36+00:00,0,accept,electric_bus,1
Db6Ju41jhVd,https://www.threads.com/@kailongsabijonjr/post/Db6Ju41jhVd,electric bus,kw_electric_bus,"kailongsabijonjr
08/12/26
Anak ng Tipaklong, bakit ho lahat ng achievement ng Pangulo BBM ay nasa Davao? Electric bus,pabahay sa mahihirap,coastal road etc…🤣wala ba sa ilocos?or kahit san pang lugar?  
Translate
29
19
2
1",,2026-08-11T17:43:20+00:00,0,accept,electric_bus,1
DdwnaUeD0ud,https://www.threads.com/@bao.hnaa/post/DdwnaUeD0ud,e-bus,kw_e_bus,"bao.hnaa
viral
4d
Tài xế xe bus Phương Trang có dấu hiệu bất thường! Lúc 00:27 một chiếc xe bus Phương Trang số 62 biển số 50E-773.94 chạy hướng từ Q4 về trạm Q7 (đối diện Bà Chế) đã lạng lách, phóng nhanh vượt ẩu, ép xe mình và tạt đầu mấy lận, về tới trạm nó vẫn ép xe mình vào sát lề mặc dù mình đã chạy trước nó. Tài xế mặt rất ngáo và biểu hiện bất thường. Lúc mình quay đã giảm tốc được 1 chút nhưng vẫn ép xe, lạng lách và bóp còi inh ỏi. Trước đó lao như cái xe điên. Chạy vay có ngày ngta chet oan  
Translate
1.6K
39
48
67",,2026-09-26T17:53:03+00:00,0,reject,missing_group:electric_bus,0
DdyLeJqka9Z,https://www.threads.com/@clonestalktatcamn/post/DdyLeJqka9Z,e-bus,kw_e_bus,"clonestalktatcamn
4d
Mình đi xe bus: một bạn trẻ chỉ rời khỏi ghế 1 khắc để quét mã QR chuyển khoản tiền xe.
Bạn ấy vừa đứng lên, một bác lớn tuổi lập tức nhảy vào chỗ của bạn ấy, không nói không rằng gì mà còn cười hề hề. Xung quanh cũng không ai nói gì, chỉ vì bác ấy là người già sao?
Bạn trẻ im lặng không dám lên tiếng, đành phải đứng. Mình chứng kiến và thấy rất lạ, mọi người trên xe đều nghĩ chiếm của chỗ người khác là đúng à?  
Translate
 
1
/
2
1.2K
173
16
24",,2026-09-27T08:27:23+00:00,0,reject,missing_group:electric_bus,0
DdtmbzZklL-,https://www.threads.com/@tomo_o.00/post/DdtmbzZklL-,e-bus,kw_e_bus,"tomo_o.00
KTXKHUB
6d
ờm... bến xe bus cổng sau ktx sập r, còn mỗi hàng ghế để sang một bên🙉  
Translate
 
1
/
2
585
34
18
273",,2026-09-25T13:46:48+00:00,0,reject,missing_group:electric_bus,0
DcI0UAfk1ZY,https://www.threads.com/@tn_tk8/post/DcI0UAfk1ZY,e-bus,kw_e_bus,"tn_tk8
08/17/26
Mng oi svien thì mua vé tháng bus ở đâu ạ ? Với lúc lên xe thì mình làm gì trc ạ ?
(E lần đầu dùng bus mng khuyên e với…)  
Translate
 
1
/
2
25
13
2
2",,2026-08-17T10:24:46+00:00,0,reject,missing_group:electric_bus,0
DcWe9bVn4Rp,https://www.threads.com/@haia.nh2305/post/DcWe9bVn4Rp,e-bus,kw_e_bus,"haia.nh2305
Business Threads
08/23/26
ê vụ vé xe bus như nào đấy mọi người:))) bình thường chẳng mấy khi đi mà giờ nó thay đổi rồi t không hiểu:)))  
Translate
 
1
/
2
282
54
23
31",,2026-08-22T17:47:33+00:00,0,reject,missing_group:electric_bus,0
DcAbdq0E0n5,https://www.threads.com/@_oven.break_/post/DcAbdq0E0n5,e-bus,kw_e_bus,"_oven.break_
08/14/26
đang suy nghĩ đến việc có nhất thiết phải lái xe đi học ko khi metro đang được free ( và xe bus cũng được free ) ☺️🫠☺️🫠🫠☺️  
Translate
 
1
/
2
47
14
1
2",,2026-08-14T04:13:43+00:00,0,reject,missing_group:electric_bus,0
Dc6OibSj7x3,https://www.threads.com/@dtsonw/post/Dc6OibSj7x3,e-bus,kw_e_bus,"dtsonw
tân sinh viên
09/05/26
2 hình thức lừa đảo mà các em tân sinh viên cần biết và cảnh giác (ở Hà Nội). và cách đối phó:
1. đưa kẹo mút/tăm/bông ngoáy tai/... rồi bảo ủng hộ cho người khuyết tật từ trung tâm này kia. nó sẽ bắt các em kí tên và ủng hộ nó ít nhất 50k. dưới 50k nó sẽ kì kèo này kia,thậm chí nói các em ki bo,...
2. ở bến xe bus sẽ xuất hiện những người ""xin tiền lẻ để đi xe bus "". những người này hầu như ngày nào cũng sẽ xuất hiện ở các điểm trung chuyển hoặc bất cứ điểm dừng xe bus nào.
----
cách đối phó:  
Translate
 
1
/
3
457
17
45
197",,2026-09-05T14:56:43+00:00,0,reject,missing_group:electric_bus,0
DcQvRzhD3FF,https://www.threads.com/@geraldrapsing/post/DcQvRzhD3FF,e-bus,kw_e_bus,"geraldrapsing
08/20/26
ONLY IN DAVAO CITY! Tatak Duterte DAVAO MODERN BUS 🚎 Pang international 🇸🇬 ang Datingan.👊🏻
From point A to point B without the stress. Experience the smoother, cooler side of local transit today Safe and smooth.
#Amazing #DavaoCity #DavaoLifeIsHere #solid #TatakDuterte
621
1K
51
45",#Amazing #DavaoCity #DavaoLifeIsHere #solid #TatakDuterte,2026-08-20T12:14:45+00:00,0,reject,missing_group:electric_bus,0
DcShiBagU34,https://www.threads.com/@__krissstineee/post/DcShiBagU34,e-bus,kw_e_bus,"__krissstineee
08/21/26
HAHAHA TAGA QC KA PERO HIND MO ALAM NA MAY PA-GANYAN DIN SI MAYOR JOY?😂😂 tho, iilang route pa lang yung naka e-bus.  
Translate
18
2",,2026-08-21T04:53:04+00:00,0,accept,electric_bus,1
Dd2bBbrkxPx,https://www.threads.com/@mavisdfghjkl/post/Dd2bBbrkxPx,e-bus,kw_e_bus,"mavisdfghjkl
2d
Grabe na yung pamasahe sa E-Bus mula Binangonan to Megamall. After magtaas ng 10 pesos, nagdagdag na naman ng 14 pesos. From 60 pesos to 84 pesos. Sobrang pasakit sa mga everyday commuter.  
Translate
210
38
22
12",,2026-09-29T00:00:14+00:00,0,accept,electric_bus,1
DchjWubkxLR,https://www.threads.com/@kuin.mai08/post/DchjWubkxLR,e-bus,kw_e_bus,"kuin.mai08
Tân Sinh Viên 2008
08/27/26
Kinh nghiệm của tui đi xe bus là không nên coi map ở app BusMap Hà Nội (chỉ dùng để theo dõi xe sắp đến và bật nút 500m nx đến trạm =)))
Mới ngày đầu đi mà coi BusMap thấy đi qua trạm ĐH Hà Nội muốn lòi tim ra ngoài =))  
Translate
 
1
/
2
185
18
10
8",,2026-08-27T00:57:36+00:00,0,reject,missing_group:electric_bus,0
Dd9PDOskxkG,https://www.threads.com/@ebu.son/post/Dd9PDOskxkG,ebus,kw_ebus,"ebu.son
1h
🤣🤣🤣
yayat00ts
10h
Takleh aku 100 kali tengok pun tetap yaaa muka ain sangat ikhlas reaksi HAHAHAHAHAHHA
d0ubleef
7.1K
74
660
385",,2026-10-01T15:30:19+00:00,0,reject,missing_group:electric_bus,0
Dd8Q5pigdLR,https://www.threads.com/@yayat00ts/post/Dd8Q5pigdLR,ebus,kw_ebus,"yayat00ts
10h
Takleh aku 100 kali tengok pun tetap yaaa muka ain sangat ikhlas reaksi HAHAHAHAHAHHA
d0ubleef
7.1K
74
660
385",,2026-10-01T06:27:14+00:00,0,reject,missing_group:electric_bus,0
Dd3ve8aCXvx,https://www.threads.com/@d0ubleef/post/Dd3ve8aCXvx,ebus,kw_ebus,"yayat00ts
10h
Takleh aku 100 kali tengok pun tetap yaaa muka ain sangat ikhlas reaksi HAHAHAHAHAHHA
d0ubleef
7.1K
74
660
385",,2026-10-01T06:27:14+00:00,0,reject,missing_group:electric_bus,0
Dd1O0iCidwV,https://www.threads.com/@devita_windiy/post/Dd1O0iCidwV,ebus,kw_ebus,"devita_windiy
Beauty Threads
3d
WARGA JOGJA, MERAPAT DULU 🚨💄
Crayon Skye yang katanya andalan buat bikin ombre cakep mau aku kasih TEbus Murah nih 👀🔥
Tapi sebelum aku spill harganya…
Kira-kira kalau harganya murah banget, kalian pada MAU nggak? 😭🤎
Yang mau aku spill 👉🏻 komen “MAU” dulu!
1",,2026-09-28T12:54:23+00:00,0,reject,missing_group:electric_bus,0
Dd9GRjtk4kC,https://www.threads.com/@ebu.son/post/Dd9GRjtk4kC,ebus,kw_ebus,"ebu.son
2h
Aaaaaaaaaaaaaa cairrrrr 🙈🤣🤣🤣",,2026-10-01T14:13:37+00:00,0,reject,missing_group:electric_bus,0
Dd8-5RWjPYO,https://www.threads.com/@pondydinamalar/post/Dd8-5RWjPYO,ebus,kw_ebus,"PONDY DINAMALAR
pondydinamalar
Puducherry
3h
🚨 நம்பர் பிளேட் இல்லாமல் ஓடும் PRTC E-Bus! பயணிகள் அதிர்ச்சி!
Puducherry #PRTC #EBus #ElectricBus #TransportDepartment #புதுச்சேரி #போக்குவரத்துத்துறை #Dinamalar #pondydinamalar  
Translate
5",#PRTC #EBus #ElectricBus #TransportDepartment #ப #ப #Dinamalar #pondydinamalar,2026-10-01T13:09:55+00:00,0,accept,electric_bus,1
Dcxy4R8jZCl,https://www.threads.com/@e.buselif/post/Dcxy4R8jZCl,ebus,kw_ebus,"e.buselif
09/02/26
En iyi birikim yapma yöntemin nedir ?  
Translate
14
27",,2026-09-02T08:21:06+00:00,0,reject,missing_group:electric_bus,0
Dd9Aa2Ck5lW,https://www.threads.com/@ebu.son/post/Dd9Aa2Ck5lW,ebus,kw_ebus,"ebu.son
3h
Harinii on skipping",,2026-10-01T13:22:28+00:00,0,reject,missing_group:electric_bus,0
DdtfVjyjqn9,https://www.threads.com/@gadkari.nitin/post/DdtfVjyjqn9,ebus,kw_ebus,"Nitin Gadkari
gadkari.nitin
6d
📍 Bhopal
Inaugurated the Mukhyamantri Sugam Parivahan Seva and PM e-Bus Seva along with Madhya Pradesh CM Shri Mohan Yadav Ji, Deputy CM Shri Jagdish Devda Ji, State Ministers and senior officials in Bhopal today.
These initiatives mark a significant step towards cleaner, safer and more accessible public transport, strengthening sustainable urban mobility while providing citizens with comfortable, reliable and environmentally friendly travel options across Madhya Pradesh.
29
1",,2026-09-25T12:47:14+00:00,0,accept,electric_bus,1
Dd8FLlQE4Tk,https://www.threads.com/@ebu.son/post/Dd8FLlQE4Tk,ebus,kw_ebus,"ebu.son
11h
Takde moodd tapii lepas tgok muka diaaa mood cayaqqqq",,2026-10-01T04:44:50+00:00,0,reject,missing_group:electric_bus,0
Dd8iQwbk-zB,https://www.threads.com/@ebu.son/post/Dd8iQwbk-zB,ebus,kw_ebus,"ebu.son
7h
Benarrrrrr🤪
izyannsr
19h
dia taktahu ke aku dah gilakan dia sekarang, dia pulak taste aku  
Translate
5.8K
10
1K
290",,2026-10-01T08:58:56+00:00,0,reject,missing_group:electric_bus,0
Dd7N629E-i8,https://www.threads.com/@izyannsr/post/Dd7N629E-i8,ebus,kw_ebus,"izyannsr
19h
dia taktahu ke aku dah gilakan dia sekarang, dia pulak taste aku  
Translate
5.8K
10
1K
290",,2026-09-30T20:41:57+00:00,0,reject,missing_group:electric_bus,0
Dd0OnvmmnFJ,https://www.threads.com/@who.ces_/post/Dd0OnvmmnFJ,ebus,kw_ebus,"who.ces_
3d
Nong driver sang ebus lihog na paandar kay daw artista na ko di kaka wave balik sa mga empleyado ka maribert, rv, kag bdo HAHAHAHHAHA
1",,2026-09-28T03:33:24+00:00,0,accept,electric_bus,1
Dd8iTGUkzk8,https://www.threads.com/@ebu.son/post/Dd8iTGUkzk8,ebus,kw_ebus,"ebu.son
7h
Iloveere when he smile to mee awwwww miawww🙈
acapzk
1d
benda pertama kau jatuh cinta bila tengok dia part mana ? mata ? hidung ?  
Translate
921
278
63
450",,2026-10-01T08:59:16+00:00,0,reject,missing_group:electric_bus,0
Dd6FQ6Rk-Of,https://www.threads.com/@acapzk/post/Dd6FQ6Rk-Of,ebus,kw_ebus,"acapzk
1d
benda pertama kau jatuh cinta bila tengok dia part mana ? mata ? hidung ?  
Translate
921
278
63
450",,2026-09-30T10:07:04+00:00,0,reject,missing_group:electric_bus,0
Dd18-3tkpgx,https://www.threads.com/@monday000205/post/Dd18-3tkpgx,VinBus,kw_vinbus,"monday000205
Buýt Sài Gòn
2d
Ê phải công nhận đi vinbus đặc biệt là D4 có vài cái hay mà cũng có vài cái k hay lắm
Cái hay:
Chấp mọi loại đường dù ngập hay không thì vẫn vượt thoải mái
Máy lạnh siêu lạnh
Cảm giác dính ghế khi lên cao tốc
Có sạc usb
Tiếp viên lịch sự, thân thiện
Luôn dừng trạm khi có khách (lúc trước khi trạm nào cũng dừng, nay thì có khách mới dừng)
Giải quyết sự cố nhanh
Phanh rất nhạy
Có thông báo nhắc nhường ghế cho người ưu tiên
....
Cái chưa hay:
Chuyến cuối có lúc chạy như đua f1  
Translate
 
1
/
3
2
3",,2026-09-28T19:37:45+00:00,0,accept,electric_bus,1
Dd8GrBkk4iK,https://www.threads.com/@nguyentb.ngoc/post/Dd8GrBkk4iK,VinBus,kw_vinbus,"nguyentb.ngoc
viral
11h
Xe buýt 32 TP. Hồ Chí Minh
Sáng nay 01/10/2026 lúc 7h30 trên đường Phan Huy Ích. Quận Gò Vấp, đại diện toàn thể hành khách trên xe buýt 32 (BS, Tài xế, Nhân viên như ảnh) em đề xuất Công ty Vinbus xem xét khen thưởng và tăng lương cho chị Kim Son. Sau trận ngập chiều và tối 30/09 đoạn Trường THPT Thăng Long sáng 01/10 vẫn còn ngập gây kẹt xe nghiêm trọng. Dù có 2 - 3 người điều tiết giao thông, 15 - 20 phút trôi qua xe vẫn chưa di chuyển được.  
Translate
 
1
/
2
235
13
5
3",,2026-10-01T04:57:52+00:00,0,accept,electric_bus,1
Dd3AT3oH59q,https://www.threads.com/@scoopi.poon/post/Dd3AT3oH59q,VinBus,kw_vinbus,"scoopi.poon
2d
Vinbus là thứ kinh khủng nhất t phải trải qua ở giờ cao điểm của Hà Nội đmmmmmmmm  
Translate
1
4",,2026-09-29T05:26:04+00:00,0,accept,electric_bus,1
DcyiBv3ms4M,https://www.threads.com/@thaoo_phuw/post/DcyiBv3ms4M,VinBus,kw_vinbus,"thaoo_phuw
viral
09/02/26
Vinbus có cho mang vali lên xe k mn, mình sinh viên định mang đồ lên trọ bằng xe bus á  
Translate
 
1
/
2
12
17",,2026-09-02T15:13:06+00:00,0,accept,electric_bus,1
DdjEpXdkqOi,https://www.threads.com/@depressivepositivity/post/DdjEpXdkqOi,VinBus,kw_vinbus,"depressivepositivity
09/21/26
[REVIEW XE BUS HÀ NỘI]
Disclaimer: trải nghiệm cá nhân, có thể thay đổi tùy từng tuyến và khung giờ
1. Vinbus: 9/10
- Xe sạch, tài xế dừng đỗ đúng điểm và đủ thời gian cho khách lên và xuống
- Nhân viên phụ xe đào tạo bài bản, chuyên nghiệp, luôn ở đầu xe quản lý khách và làm việc
- Nhược điểm: bao phủ ít
2. Liên Ninh: 7/10
- Xe sạch nhưng tài xế thường lái ẩu hơn, hay có kiểu không mở cửa trước hoặc mở 2s bắt khách đi cửa sau sợ mất điều hòa
- Phụ xe tương đối ổn, khá niềm nở khi cần giúp đỡ  
Translate
 
1
/
3
100
29
3
6",,2026-09-21T11:39:09+00:00,0,accept,electric_bus,1
DdIpoDeE_aY,https://www.threads.com/@iammirin_/post/DdIpoDeE_aY,VinBus,kw_vinbus,"iammirin_
Hà Nội
09/11/26
T biết t nói ra sẽ có ng nói t nào là anti bất chấp, npc, nào là kích động này kia
Nhưng thực sự là dòng EB10 của VinBus là cái xe bus khủng khiếp nhất t đã từng đi. 4 năm đi bus rồi và tất cả những lần t say xe (kể cả ngay lúc này) t đều ngồi trên mấy con EB10.  
Translate
 
1
/
2
3
4",,2026-09-11T05:22:47+00:00,0,accept,electric_bus,1
Dd3Yzp1k3y9,https://www.threads.com/@jaw_kis_sun/post/Dd3Yzp1k3y9,VinBus,kw_vinbus,"jaw_kis_sun
2d
Mọi người ơi SOS, t đi vinbus lúc 1h50 chiều hnay 29/9, t trả vé bằng tiền mặt và lúc xuống bến đc 10p t ko tìm thấy ví đâu. Có thể là t lm rơi ở trên xe hoặc trên đường trường. Nếu rơi trên xe thì liệu có thể tìm lại ví ko ạ.
Mong mọi người giúp ạ😭  
Translate
2",,2026-09-29T09:00:07+00:00,0,accept,electric_bus,1
Dd7ql9Yk9Gm,https://www.threads.com/@xinpengqu/post/Dd7ql9Yk9Gm,Vin Bus,kw_vin_bus,"xinpengqu
15h
Chẹp, đ hiểu tại sao nhưng cái ghế nhựa trên mấy con vin bus ngồi vào cảm giác bị đau mỏi cổ thế l nào đó?
Cảm giác cái thiết kế của cái ghế đ hề cơ học lắm 💀  
Translate
49
17
1",,2026-10-01T00:52:30+00:00,0,accept,electric_bus,1
Dd6AXDWk-X-,https://www.threads.com/@mattroinho_99/post/Dd6AXDWk-X-,Vin Bus,kw_vin_bus,"mattroinho_99
1d
Tôi không thích xe bus vin, vì thiết kế của nó bắt 1 người hướng nội như tôi ngồi mặt đối mặt với người lạ 🥀  
Translate
1
2
1",,2026-09-30T09:24:13+00:00,0,reject,missing_group:electric_bus,0
DdtqG_IEnGD,https://www.threads.com/@vducanh.21/post/DdtqG_IEnGD,Vin Bus,kw_vin_bus,"vducanh.21
chứng khoán
6d
Vingroup chính thức tham gia mảng xăng dầu!
Góp vốn lập công ty kinh doanh xăng, dầu khí đốt - VIN OIL&GAS GLOBAL (VOG).  
Translate
 
1
/
2
1.5K
62
38
869",,2026-09-25T14:18:54+00:00,0,reject,missing_group:electric_bus,0
DdtEfegiYtD,https://www.threads.com/@chefdy09/post/DdtEfegiYtD,Vin Bus,kw_vin_bus,"chefdy09
6d
Nhân viên vin bus số 33
T lên xe xe lúc đó khá đông cái ảnh hỏi t sn bao nhiêu rồi sờ hình xăm các kiểu rồi bảo t đẹp trai rồi lấy cớ xe thắng gấp đụng chạm tay chân t rồi xin in4 t rồi ảnh hỏi ăn bánh khum khúc đó cả xe ai cũng nhìn :)) muốn xin in4 thì cứ nói thẳng làm thế ngại ghê  
Translate
8
11",,2026-09-25T08:50:13+00:00,0,accept,electric_bus,1
Db3OYodGpgy,https://www.threads.com/@ieunzbaj/post/Db3OYodGpgy,Vin Bus,kw_vin_bus,"ieunzbaj
08/10/26
Replying to @loan.tieuhan
dạ bus nào thì cũng ko nóng và ko phải chen chúc đúng ko ạ 😭😭  
Translate
1",,2026-08-10T14:26:16+00:00,0,reject,missing_group:electric_bus,0
Db3OnGekx1g,https://www.threads.com/@loan.tieuhan/post/Db3OnGekx1g,Vin Bus,kw_vin_bus,"loan.tieuhan
08/10/26
Đúng rồi. Trước chưa có Vin bus thì 74 đông và chen nhau phải đứng thôi, vì các bạn đi đi về về nội thành nhiều. Nhờ nói thật với em xe bus lượn như cá cảnh, từ ngày thêm vinbus c chả thấy cảnh chen nhau nữa.
Này là nói uy tín đấy nhé :>>>  
Translate
1
1",,2026-08-10T14:28:14+00:00,0,accept,electric_bus,1
DcEevA5jw20,https://www.threads.com/@_backtome.12/post/DcEevA5jw20,Vin Bus,kw_vin_bus,"_backtome.12
08/16/26
học sinh trường ngoài yêu học sinh vinschool nnao thế ạ=))?
chứ mình thấy ngy b mình là hs vin nó thượng đẳng vcđ🥲  
Translate
627
54
14
28",,2026-08-15T17:59:15+00:00,0,reject,missing_group:electric_bus,0
Dd20nJ7j_05,https://www.threads.com/@hoahongxinh01/post/Dd20nJ7j_05,ô tô bus điện,kw_o_to_bus_dien,"hoahongxinh01
2d
Thật sự góc khuất nghành sale ô tô cỡ này🥹  
Translate
7.2K
179
94
1.8K",,2026-09-29T03:43:51+00:00,0,reject,missing_group:electric_bus,0
Db4uDXLknz2,https://www.threads.com/@princessdiary_3911/post/Db4uDXLknz2,ô tô bus điện,kw_o_to_bus_dien,"princessdiary_3911
08/11/26
thật sự khó ở tới mức tôi có thể chửi tất cả mọi phương tiện giao thông đường bộ hiện tại
dm xe máy đi ngược chiều, phóng vỉa hè, phóng nhanh vượt ẩu, tạt đầu oto, đi ngu lồn còn quay ra chửi
dm ô tô 6 làn đi con cụ nó 8 làn, xe máy phải lọt khe, đi ngu lồn mất dạy còn quay ra chửi
dm xe tải cố tình đi vào giờ cao điểm, còi to vãi cặc
dm xe bus phóng nhanh vượt ẩu
dm người đi bộ qua đường còn lề mề, cắm đầu xem điện thoại
dm cái hết cả cái giao thông đường bộ luôn  
Translate
108
13
20
4",,2026-08-11T04:22:13+00:00,0,reject,missing_group:electric_bus,0
DdxRsofknQ3,https://www.threads.com/@anhhoangthang/post/DdxRsofknQ3,ô tô bus điện,kw_o_to_bus_dien,"anhhoangthang
4d
Sau một thời gian dùng và trải nghiệm ô tô điện + điện năng lượng mặt trời, em xin phép chia sẻ một lời khuyên rất chân thành:
👉 Anh chị em nào sử dụng nhiều thì hãy mua — dùng càng nhiều, càng thấy đáng tiền! 😎
🚫 Chống chỉ định với người nhiều tiền, thích trải nghiệm!
Vì suy cho cùng:
Người giàu mua để trải nghiệm, người thực tế mua để tiết kiệm! 🤣
Còn em?
👉 Vừa muốn trải nghiệm, vừa muốn tiết kiệm… nên giờ đang ngồi tính xem bao lâu mới hoàn vốn! 😂  
Translate
49
17",,2026-09-27T00:02:33+00:00,0,reject,missing_group:electric_bus,0
DdSrE3Fj1xj,https://www.threads.com/@vietxfm/post/DdSrE3Fj1xj,ô tô bus điện,kw_o_to_bus_dien,"vietxfm
giao thông
09/15/26
KÍNH GỬI CÁC TÀI XẾ Ô TÔ:
CÁI ĐỊT CON MẸ CHÚNG MÀY. ĐƯỜNG KẺ 2 3 LÀN CHO CHÚNG MÀY RỒI CHÚNG MÀY CÒN ĐI VÀO CÁI LÀN XE MÁY LÀM CÁI ĐẦU BUỒI GÌ? MÀ 2 3 LÀN CỦA CHÚNG MÀY MÀ CHÚNG MÀY CŨNG ĐÉO ĐI THẲNG ĐC, CỨ XIÊN VẸO LÀM CÁI ĐÉO GÌ? NHÌN CÁI ĐÉO GÌ Ở PHÍA TRƯỚC? CHÚNG MÀY ĐÉO THỂ NGỒI IM ĐẤY XẾP HÀNG ĐC À? RỒI THÌ ĐƯỜNG TẮC CHÚNG MÀY CHEN VÀO HÀNG XE MÁY RỒI CÒI LÀM CẶC GÌ? CÓ ĐI ĐC BUỒI ĐÂU MÀ CÒI? CÒI CÒI CÁI ĐỊT CON MẸ CHÚNG MÀY  
Translate
36.1K
2.2K
4.9K
4.2K",,2026-09-15T02:47:51+00:00,0,reject,missing_group:electric_bus,0
Dd9R34mGmL2,https://www.threads.com/@belilynhru_/post/Dd9R34mGmL2,ô tô bus điện,kw_o_to_bus_dien,"belilynhru_
44m
Nhật kí 3 tuần đầu tiên của tsv: đi xe bus thì bị nhân viên nạt. Đi mua đồ thì bị nhân viên khinh ra mặt. Về nhà xe ktx thì bị nhân viên ở đó mắng. Đang chạy xe ngoài đường thì có chiếc ô tô đột nhiên mở cửa ra mình tránh k kịp nên té, người ta xuống mắng mình không biết nhìn đường làm báo hại họ, và chẳng ai giúp mình đứng lên. Bị cảm sốt liên miên, nhớ nhà, nhớ mẹ, không có bạn trên này, thiếu tiền. Bị giảng viên chê thậm tệ bài tập nhóm. Bị lừa mua hàng kém chất lượng,… ôi đại học ơi  
Translate
 
1
/
2
10
3
2",,2026-10-01T15:54:59+00:00,0,reject,missing_group:electric_bus,0
DdWfCYhE5XQ,https://www.threads.com/@quanh_102/post/DdWfCYhE5XQ,ô tô bus điện,kw_o_to_bus_dien,"quanh_102
09/16/26
Ô tô và xe bus ở HCM lấn làn như nghĩ rằng t có thể như thế này:  
Translate
 
1
/
2
2.2K
32
437
79",,2026-09-16T14:19:37+00:00,0,reject,missing_group:electric_bus,0
DdBcKmckm_v,https://www.threads.com/@ga_u_muoi_phu_dien/post/DdBcKmckm_v,ô tô bus điện,kw_o_to_bus_dien,"ga_u_muoi_phu_dien
09/08/26
thật sự hỏi chấm ???
chuyện là 8/9 t thi sát hạch bằng ô tô, nhưng có một số thầy nói là đợt này bộ công an coi thi nên sẽ đánh trượt 80%. Ủa bộ ơi cho em hỏi, đánh trượt để làm gì ạ?
Chưa kể hôm nay thi lí thuyết công an rất hay làm khó dân nhé. T đóng tiền, t đi thi nhưng máy hỏng t ý kiến thì bảo t là “không làm được thì ra ngoài”, và quát liên tục những người còn lại đang làm bài thi.
Thật sự đấy công an ơi, công an là bạn của dân chứ không phải mẹ dân đâu ạ 👎🏿  
Translate
 
1
/
2
3.7K
236
99
416",,2026-09-08T10:10:29+00:00,0,reject,missing_group:electric_bus,0
Ddp_Y62FK3g,https://www.threads.com/@famiirrr/post/Ddp_Y62FK3g,ô tô bus điện,kw_o_to_bus_dien,"famiirrr
nguyễn sỹ cương
09/24/26
(tai nạn chết người)
- Xe đạp điện : khởi tố hình sự
- nguyễn sỹ cương lái xe ô tô tông ch.t nữ sinh: miễn truy cứu trách nhiệm hình sự
(khoản 1 điều 260 blhs) ????  
Translate
 
1
/
2
2.3K
30
57
5",,2026-09-24T04:07:53+00:00,0,reject,missing_group:electric_bus,0
DdOfA-XnxCD,https://www.threads.com/@platypus.350266jsjs/post/DdOfA-XnxCD,ô tô bus điện,kw_o_to_bus_dien,"platypus.350266jsjs
09/13/26
em là hs cấp 3 lần đầu từ nội thành lên lotte chơi ( đi xe điện ), đang đi đến đoạn võ chí công em sang nhầm làn ô tô có bị sao ko mng chứ em sợ gửi về cho nhà trường lắm huhu😭😭😭 lần đầu em lên nội thành đó huhu  
Translate
 
1
/
2
8
5
1",,2026-09-13T11:45:30+00:00,0,reject,missing_group:electric_bus,0
DdrE6kNk3IM,https://www.threads.com/@neyyin.p/post/DdrE6kNk3IM,ô tô bus điện,kw_o_to_bus_dien,"neyyin.p
book xe
09/24/26
Từ ngày có cái Xe ghép này là mình tạm biệt xe bus luôn. Chờ có 5 phút thôi mà được đi ô tô rẻ quá trời.  
Translate
6
1",,2026-09-24T14:15:25+00:00,0,reject,missing_group:electric_bus,0
Dd9W7gHGcbl,https://www.threads.com/@quentin_the_dumb/post/Dd9W7gHGcbl,ô tô bus điện,kw_o_to_bus_dien,"quentin_the_dumb
trọ
1m
(1) Cho mình hỏi, làm sao để coi công tơ điện bị tính lố hay rò như nào ạ?
Mình đang trọ ở nhà này, lúc đầu ở phòng bé trung bình tốn khoảng 70kWh/tháng
Hiện tại mình chuyển sang phòng rộng hơn, sinh hoạt vẫn theo cường độ giống phòng bé, nhưng lượng điện tiêu thụ của mình 2 tháng nay đều vào mức 140kWh/tháng rồi
Phòng bé vào tháng mình dùng điều hoà nhiều nhất rơi vào hơn 100kWh một chút  
Translate
 
1
/
2
1",,2026-10-01T16:39:10+00:00,0,reject,missing_group:electric_bus,0
Dd9W4XIkwuI,https://www.threads.com/@100duongg_/post/Dd9W4XIkwuI,ô tô buýt điện,kw_o_to_buyt_dien,"100duongg_
1m
Tháng 10 r sao, tui sắp già thêm 1 tuổi r ☺️
Sn lần này mời random 10 ng trong listfl đi ăn dokki nha  
Translate
2",,2026-10-01T16:38:44+00:00,0,reject,missing_group:electric_bus,0
Dd9WwVTkyI3,https://www.threads.com/@buncua.chanhleo/post/Dd9WwVTkyI3,ô tô buýt điện,kw_o_to_buyt_dien,"buncua.chanhleo
1m
Haiz ! Quận Bình Thạnh ngay lúc này. Đi ăn đêm thì chớ  
Translate
 
1
/
2
2
1",,2026-10-01T16:39:09+00:00,0,reject,missing_group:electric_bus,0
Dd9W6QLkp3U,https://www.threads.com/@cunnho194/post/Dd9W6QLkp3U,ô tô buýt điện,kw_o_to_buyt_dien,"cunnho194
1m
Vâng sốp xin phép chốt trước 3set cho 3ce 😅 Có bị xinh quá ko ?
Nhà có cả con trai con gái đâu ạ, nhà em mở bán trc 20 set đầu tiên #199k  
Translate
 
1
/
2
3",#199k,2026-10-01T16:38:59+00:00,0,reject,missing_group:electric_bus,0
Dd9Hc0vE4yK,https://www.threads.com/@untiligetit.0612/post/Dd9Hc0vE4yK,ô tô buýt điện,kw_o_to_buyt_dien,"untiligetit.0612
đại học kinh tế quốc dân
2h
Sao NEU dạo này bị tế nhiều thế ạ? AIM kế neu mà thấy trường dạo này bị chửi nhiều wa =)))))  
Translate
126
28
1
10",,2026-10-01T14:23:54+00:00,0,reject,missing_group:electric_bus,0
Dd9W4gfmOIp,https://www.threads.com/@tahor_yv.iz/post/Dd9W4gfmOIp,ô tô buýt điện,kw_o_to_buyt_dien,"tahor_yv.iz
1m
đừng em, kế neu nên c khuyên tht:))  
Translate
1",,2026-10-01T16:38:45+00:00,0,reject,missing_group:electric_bus,0
Dd9GbgRE8oh,https://www.threads.com/@cuongdzamsoi/post/Dd9GbgRE8oh,ô tô buýt điện,kw_o_to_buyt_dien,"cuongdzamsoi
2h
19h, tan ca
Thấy hết mưa, nhưng sợ ngập nước nên không đi đường hầm SG, mà quyết định đi cầu SG.
Ra đến đại lộ là thấy làn đường xe ô tô kẹt cứng ngắc, nhích từng chút… nhưng phía bên xe máy vẫn thông thoáng.
Và sai lầm bắt đầu từ đây.
Chạy bon bon đến cầu SG thì bắt đầu chậm lại, nhưng vẫn di chuyển đc.
Đến giữa cầu SG thì thấy 1 vụ tai nạn bên làn xe ô tô (chắc nguyên nhân kẹt xe là đây).
Và vừa qua cầu SG thì cứng ngắc
Nước vẫn ngập, mưa bắt đầu nặng hạt
Làn xe máy thì toàn xe ô tô và xe buýt  
Translate
 
1
/
2
8
1",,2026-10-01T14:14:59+00:00,0,reject,missing_group:electric_bus,0
Dd8usgun_-2,https://www.threads.com/@khainekk13/post/Dd8usgun_-2,ô tô buýt điện,kw_o_to_buyt_dien,"khainekk13
5h
hnhu xe ô tô, xe buýt điện ở VN kco cái tiếng khi đi chậm, kiểu mấy cái tiếng artificial phát qua loa ngoài để cảnh báo ng đi đường xung quanh là có xe ở gần  
Translate
2",,2026-10-01T10:47:35+00:00,0,accept,electric_bus,1
DdxlpKglBEq,https://www.threads.com/@n.guyenh.ai/post/DdxlpKglBEq,ô tô buýt điện,kw_o_to_buyt_dien,"n.guyenh.ai
GiaoThongHaNoi
4d
Hôm qua vào lúc 00h bọn em có đang đi trên đường ở Hà Nội rất là bình thường , đúng tốc độ và đúng quy định , rồi bỗng xe oto biển 30G-89318 vượt lên và đầu xe ô tô đã quẹt thẳng vào chân người yêu của em ngồi sau( mặc dù đường rất thoáng) , cú quẹt mạnh đến mức làm tay lái em bị choạng.
Không 1 lời xin lỗi , không 1 lời hỏi han , không biết người trong oto nghĩ gì khi mà đi xe như thế , em thấy có mấy lần vượt xe khác như sắp tông vào người khác.  
Translate
 
1
/
2
215
31
5",,2026-09-27T02:56:50+00:00,0,reject,missing_group:electric_bus,0
Db7D8XYiVKT,https://www.threads.com/@dohong.nhung24/post/Db7D8XYiVKT,xe điện công cộng,kw_xe_dien_cong_cong,"dohong.nhung24
08/12/26
Tôi đã bẩu rồi, phải tăng phạt lên 5 củ/ chủ chó. Thì may ra ngta mới sợ, phải để cái biển phạt ở công viên, vườn hoa, nơi công cộng to vào. Thì khi đấy chắc mới có hiệu quả. Chứ dume đi ra công viên mà mấy quả chó học vẫ rất ngang nhiên khi chó thả rông và k rọ mõm😤..nhất là hqua, t cho con đhoc ở kim ngưu, quả chó đen nó đuổi theo thằng bé xe đạp điện mà t cũng hết hồn😨🙄..ts, chó với má  
Translate
139
357
2
25",,2026-08-12T02:12:00+00:00,0,reject,missing_group:electric_bus,0
Dd0xv38k_jj,https://www.threads.com/@trangbeothichdichoi/post/Dd0xv38k_jj,xe điện công cộng,kw_xe_dien_cong_cong,"trangbeothichdichoi
3d
Bình thường các bác tài xế xe công nghệ giải quyết nhu cầu vệ sinh ntn vậy mn
Mình hỏi thật vì nghĩ các bác đi ngoài đường cả ngày mà chỗ vệ sinh công cộng thì hiếm hoi vô cùng  
Translate
111
21",,2026-09-28T08:40:20+00:00,0,reject,missing_group:electric_bus,0
DdYw3KIEZ_M,https://www.threads.com/@cat_anthea97/post/DdYw3KIEZ_M,xe điện công cộng,kw_xe_dien_cong_cong,"cat_anthea97
09/17/26
Lái xe công nghệ giật cướp điện thoại của bạn nữ trên đường Nguyễn Xiển :((((  
Translate
5.4K
694
94
1.8K",,2026-09-17T11:33:55+00:00,0,reject,missing_group:electric_bus,0
Dd9XKzNmCc9,https://www.threads.com/@xingtuvaii/post/Dd9XKzNmCc9,tuyến xe buýt điện,kw_tuyen_xe_buyt_dien,"xingtuvaii
1m
mng h e nên chọn ai dc ak:
nngoái e cs chở bn A đi hc nhà e vs nhà bn A gần nên e chở ik học ln cho tiện ak.Nnay bn A cs mua xe mà xe e lại bị hỏng nên bn A cs chở e ik hc,e thì cs 2 hội bn thường thì trên lp e sẽ chs vs hội bn A còn chiều vs tối thì e chs vs hội bn B.Em thì vx ln rủ bn A đi chs cùng vs hội B lúc nào ik e cx rủ bn A ik cùng cho vui,mà bn ấy cx k ik e thì cx k ép bn ấy ik dc mà cái này là e kph rủ bn này ik để chở e đâu ak tại thường chiều tối e sẽ cs xe c để ik chs á.  
Translate
 
1
/
2
1",,2026-10-01T16:41:15+00:00,0,reject,missing_group:electric_bus,0
Dd9XGKBkykS,https://www.threads.com/@mahh_mohl/post/Dd9XGKBkykS,tuyến xe buýt điện,kw_tuyen_xe_buyt_dien,"mahh_mohl
viral
1m
Mua lẹ nhanh lên chỉ cần dkkhtt thôi có 10 điểm đổi r  
Translate
 
1
/
2
1
1",,2026-10-01T16:40:37+00:00,0,reject,missing_group:electric_bus,0
Dd9XDWGj_s8,https://www.threads.com/@4haiyew._/post/Dd9XDWGj_s8,tuyến xe buýt điện,kw_tuyen_xe_buyt_dien,"4haiyew._
VƯƠNG BÌNH
1m
CẢM ƠN BÀ NHA BÀ HÀ :))) GÌ CHỨ SAO TO LÀ NGHỀ CỦA TUI  
Translate
2
1",,2026-10-01T16:40:14+00:00,0,reject,missing_group:electric_bus,0
Dd9W65jE7ni,https://www.threads.com/@meocam.omcuutrangw/post/Dd9W65jE7ni,tuyến xe buýt điện,kw_tuyen_xe_buyt_dien,"meocam.omcuutrangw
2m
Replying to @hoandyne
tag vào bắt mua vmb nha 
@came.llia1507
  
Translate
1",,2026-10-01T16:39:05+00:00,0,reject,missing_group:electric_bus,0
Dd9W-Ydkz4p,https://www.threads.com/@hoandyne/post/Dd9W-Ydkz4p,tuyến xe buýt điện,kw_tuyen_xe_buyt_dien,"hoandyne
2m
Yeah 
@came.llia1507
 mua vmb vào đem ô mai  
Translate
2",,2026-10-01T16:39:33+00:00,0,reject,missing_group:electric_bus,0
Dc59mxTk3-u,https://www.threads.com/@gaixinhcohondaixinhxinh/post/Dc59mxTk3-u,tuyến xe buýt điện,kw_tuyen_xe_buyt_dien,"gaixinhcohondaixinhxinh
09/05/26
muốn đi dạo SG bằng xe buýt thì lựa tuyến nào vậy ạ  
Translate
41
8
2",,2026-09-05T12:28:46+00:00,0,reject,missing_group:electric_bus,0
Dcz4sfREqPr,https://www.threads.com/@huy_dabeo/post/Dcz4sfREqPr,tuyến xe buýt điện,kw_tuyen_xe_buyt_dien,"huy_dabeo
viral
09/03/26
Góc thắc mắc. Mình thấy các bác tài chạy xe buýt các tuyến trong thành phố phải chạy liên tục. Vậy thì họ sẽ ăn uống và đi vệ sinh như thế nào trong nguyên cả ngày nhỉ?  
Translate
 
1
/
2
413
59
3
5",,2026-09-03T03:50:24+00:00,0,reject,missing_group:electric_bus,0
Dd6dFQVlH9l,https://www.threads.com/@_thatinsecurebtch_/post/Dd6dFQVlH9l,tuyến xe buýt điện,kw_tuyen_xe_buyt_dien,"_thatinsecurebtch_
xe buýt hcm
1d
Ngày mai 1/10, xe buýt ở Sài Gòn sẽ tiến hành định danh. Cô chú anh chị đi xe buýt đi xe buýt phải có định danh mới được đi xe, nhân viên phục vụ có quyền từ chối phục vụ nha
Mà cũng dễ lắm: thẻ CCCD, mã CCCD VNEID, mã QR của ngân hàng/ví điện tử thì mở QR quẹt thẻ
Thẻ ngân hàng thì quét NFC trên đầu đọc là xong.
Mọi người để ý tìm đường đi bằng buýt, tìm trạm buýt, hay tìm tuyến buýt đều được tích hợp trong multi go rất tiện nhe  
Translate
22",,2026-09-30T13:35:12+00:00,0,reject,missing_group:electric_bus,0
Dd9XMnEiWE4,https://www.threads.com/@trong16.03/post/Dd9XMnEiWE4,tuyến xe buýt điện,kw_tuyen_xe_buyt_dien,"trong16.03
1m
tên trọng để biệt danh gì cho ngầu ạ ???  
Translate
 
1
/
2
1",,2026-10-01T16:41:30+00:00,0,reject,missing_group:electric_bus,0
Dd9XH0emdwQ,https://www.threads.com/@maidieulinh722/post/Dd9XH0emdwQ,tuyến xe buýt điện,kw_tuyen_xe_buyt_dien,"maidieulinh722
1m
giờ này có ai ở hà Nội đã ngủ chưa nhắn tin lm quen khum ạ  
Translate
1",,2026-10-01T16:40:50+00:00,0,reject,missing_group:electric_bus,0
Dd2UM5YEgzJ,https://www.threads.com/@krix.iew/post/Dd2UM5YEgzJ,tuyến bus điện,kw_tuyen_bus_dien,"krix.iew
2d
:)) 5h30 đi ra thấy lỡ tuyến bus là thấy mẹ t r  
Translate
 
1
/
2
1K
20
82
21",,2026-09-28T23:00:38+00:00,0,reject,missing_group:electric_bus,0
DdXuHw3kuKy,https://www.threads.com/@tanle8572/post/DdXuHw3kuKy,tuyến bus điện,kw_tuyen_bus_dien,"tanle8572
Giao thông Việt Nam
09/17/26
Hệ thống tự lái của Tesla vốn lướt đi êm ru trên khắp thế giới, cho đến một ngày đẹp trời, chiếc xe được thả vào ""ma trận"" ngã tư tại Việt Nam đúng 5 giờ chiều. ​Xe vừa lăn bánh tới giao lộ, màn hình lập tức nhảy hàng loạt thông báo khẩn: ​438 vật thể đang di chuyển theo quỹ đạo phi tuyến tính. ​72 nguy cơ tạt đầu tiềm ẩn. ​19 phương tiện đi ngược chiều gió, ngược luôn cả chiều dự đoán.  
Translate
 
1
/
7
5.6K
45
314
738",,2026-09-17T01:50:40+00:00,0,reject,missing_group:electric_bus,0
Db_WLgnE3kk,https://www.threads.com/@ureng.teacher/post/Db_WLgnE3kk,tuyến bus điện,kw_tuyen_bus_dien,"ureng.teacher
ulis
08/14/26
em ở hđông ạ, có a/c nào biết các tuyến bus để đến ulis không ạ ( tàu điện cũng được ạ), em cảm ơn  
Translate
7
5",,2026-08-13T18:08:18+00:00,0,reject,missing_group:electric_bus,0
DdLAvwUE56X,https://www.threads.com/@lumine1106/post/DdLAvwUE56X,tuyến bus điện,kw_tuyen_bus_dien,"lumine1106
09/12/26
Khbt tuyến bus các tân sinh viên lần đầu đi là tuyến nào và coá kỷ niệm j hem nè. Chuyến của tui chắc các bus thủ ai cx đoán dc :)))  
Translate
7
4
1",,2026-09-12T03:23:17+00:00,0,reject,missing_group:electric_bus,0
Dc7w2cJidNp,https://www.threads.com/@arkiarcwhateveritis/post/Dc7w2cJidNp,tuyến bus điện,kw_tuyen_bus_dien,"arkiarcwhateveritis
09/06/26
má nay đi bus thử, bộ t bị ngu kbt coi hay multigo bị jz t xem bảng chỗ trạm xe với trên app chỉ k giống gì hết làm đi lại mấy tuyến nóng thấy bà :(  
Translate
179
48
7",,2026-09-06T05:15:47+00:00,0,reject,missing_group:electric_bus,0
DcIHSuSiRRW,https://www.threads.com/@kanz_1122/post/DcIHSuSiRRW,tuyến bus điện,kw_tuyen_bus_dien,"kanz_1122
08/17/26
Sao mng có thể bt những tuyến xe bus nào đi đến đâu và bt nơi mik muốn đến đi những tuyến nào z ạ. Ai khai sáng cho toii đi toii tối cổ quáa  
Translate
20
5
4",,2026-08-17T03:51:23+00:00,0,reject,missing_group:electric_bus,0
Dc7sc8kD5aV,https://www.threads.com/@buytsaigon/post/Dc7sc8kD5aV,trạm xe buýt điện,kw_tram_xe_buyt_dien,"buytsaigon
09/06/26
Trạm xe buýt vừa được lắp đặt đã bị xịt sơn bôi bẩn. Vào trung tâm thành phố thấy tường, tủ điện, cửa sắt,… bị xịt bẩn rất nhếch nhác.😢
📍Trạm xe buýt Lê Duẩn (Đường Pasteur, phường Sài Gòn)  
Translate
305
30
3
6",,2026-09-06T04:37:21+00:00,0,reject,missing_group:electric_bus,0
Dd9XOPSkxx3,https://www.threads.com/@nacute0604/post/Dd9XOPSkxx3,trạm xe buýt điện,kw_tram_xe_buyt_dien,"nacute0604
1m
Replying to @kbg00.n
Ủa s cao v bà gtt tầm 400 thui á  
Translate
1",,2026-10-01T16:41:43+00:00,0,reject,missing_group:electric_bus,0
Dd9XQdyD2js,https://www.threads.com/@kbg00.n/post/Dd9XQdyD2js,trạm xe buýt điện,kw_tram_xe_buyt_dien,"kbg00.n
1m
t mua giá đó lun á :))) mới mua lun  
Translate
1",,2026-10-01T16:42:01+00:00,0,reject,missing_group:electric_bus,0
DdBB9H1mIE4,https://www.threads.com/@fuo_tha.0_o/post/DdBB9H1mIE4,trạm xe buýt điện,kw_tram_xe_buyt_dien,"fuo_tha.0_o
09/08/26
sự tích bắt trạm xe buýt ngu xong đi bộ 1km giữa 13h t sẽ không baoh quên đâu hola nhé😞  
Translate
 
1
/
2
14
5
1",,2026-09-08T06:21:27+00:00,0,reject,missing_group:electric_bus,0
Dd9XOKegWFd,https://www.threads.com/@botay.chamcom.vn/post/Dd9XOKegWFd,trạm xe buýt điện,kw_tram_xe_buyt_dien,"botay.chamcom.vn
1m
mình sẽ tiết lộ tại sao mình đeo vòng hình trái tim và chữ i nha  
Translate
 
1
/
2
1",,2026-10-01T16:41:42+00:00,0,reject,missing_group:electric_bus,0
DcN_iHFjzFm,https://www.threads.com/@adelaidemaxwells/post/DcN_iHFjzFm,trạm xe buýt điện,kw_tram_xe_buyt_dien,"adelaidemaxwells
08/19/26
Xin ý kiến cộng đồng Thread 🥲🥲🥲
Nhà em muốn mua xe để đi học ĐH trên Hà Nội cho thuận tiện, gia đình có điều kiện để mua trong phân khúc 20tr (30-40 thì phải vay thêm).
Em học ĐH ở Ba Đình, cách trường 10km. Em muốn mua xe máy điện cho tiết kiệm, đỡ tiền xăng. Bố mẹ lại thích xe xăng hơn, vì đi bền và có trạm xăng truyền thống quen rồi, cần xăng gấp thì có thể nhờ đi mua.
Em có khuyên là trong nội đô sau này có thể cấm xe xăng và em cx muốn tiết kiệm tiền xăng...  
Translate
 
1
/
2
3
13",,2026-08-19T10:39:01+00:00,0,reject,missing_group:electric_bus,0
DcKJvnfAVHi,https://www.threads.com/@its_ryou.2310/post/DcKJvnfAVHi,điểm dừng xe buýt điện,kw_diem_dung_xe_buyt_dien,"its_ryou.2310
08/18/26
cái dcm t đi xe buýt đi học 2 năm r, t biết là con l 60a nó sẽ đéo dừng ở điểm nào đéo có người NHƯNG MÀ NAY NÓ LƯỚT QUA TAO MẸ LUÔN thì là lần đầu t thấy=))))))))))) m hay á may mà t đi sớm k đi đúng giờ chắc cx đến chịu con xe l này  
Translate
 
1
/
2
1
5",,2026-08-17T22:51:17+00:00,0,reject,missing_group:electric_bus,0
DcxqhOSkf0d,https://www.threads.com/@kittymeomeo20/post/DcxqhOSkf0d,điểm dừng xe buýt điện,kw_diem_dung_xe_buyt_dien,"kittymeomeo20
09/02/26
tui xin tips để có thể đi xe máy an toàn khi có xe buýt vào điểm dừng đón khách ạ, suýt die mấy lần vì né xe buýt 😭  
Translate
6
4",,2026-09-02T07:08:03+00:00,0,reject,missing_group:electric_bus,0
Dd66NmcE5au,https://www.threads.com/@_neih.uht__/post/Dd66NmcE5au,điểm dừng xe buýt điện,kw_diem_dung_xe_buyt_dien,"_neih.uht__
cướp
22h
T đang đi lượn ở đường Phạm Văn Đồng thì nghe thấy tiếng hét ""cướp"" t với ny t dừng xe thì thấy đứa con gái kêu ""anh chị ơi cứu em thằng này nó dẫn em đi nhà nghỉ em không chịu nên nó cướp điện thoại của em""🙂, xong thấy có thêm vài người tới thg kia sợ quá lên xe đi mất, có 3 em zai boi phố trên 1 chiếc xe đuổi theo mà k biết đuổi kịp k,đèo mẹ quen mấy cái thằng như này sợ vcl, cũng may cho em gái là đường lớn nhiều người qua lại, chứ nó dẫn vào mấy cái hẻm tối om thì k biết điều gì xảy ra🥲  
Translate
 
1
/
2
2.4K
103
43
274",,2026-09-30T17:49:45+00:00,0,reject,missing_group:electric_bus,0
DcrAGbekx2x,https://www.threads.com/@skibidjtoiletrizz/post/DcrAGbekx2x,điểm dừng xe buýt điện,kw_diem_dung_xe_buyt_dien,"skibidjtoiletrizz
08/31/26
Trc từ Khâm Thiên ra Cầu Giấy ngại nhất đoạn Đê La Thành: nó bé lại còn có điểm dừng xe buýt nên đã tắc r lại còn tắc hơn, nên mình hay vòng qua Kim Mã. Mà chưa đến 1 năm bác Lâm cook ra đường vành đai 1 ntn peak thật sự luôn. Cảm ơn bác Tô Lâm  
Translate
 
1
/
2
722
81
16
123",,2026-08-30T17:01:57+00:00,0,reject,missing_group:electric_bus,0
Dd9ONYQkhdv,https://www.threads.com/@nagb.etuty/post/Dd9ONYQkhdv,điểm dừng xe buýt điện,kw_diem_dung_xe_buyt_dien,"nagb.etuty
1h
sau khi vượt hết ba bốn điểm ngập cùng con xe tuổi đời gần bằng t ở dọc đường đi làm về, t đã rất háo hức về nhà để được tắm rửa xong lên giường bấm điện thoại và vừa mở cửa ra thì phòng t đầy nước, nệm hay mền gối gì đều ướt nhem ra. thế nào mà nào trọ t ở tầng 2 mà nó cũng ngập được  
Translate
 
1
/
2
35
13
2",,2026-10-01T15:22:57+00:00,0,reject,missing_group:electric_bus,0
Dd3MWfHktIP,https://www.threads.com/@hanng.hann/post/Dd3MWfHktIP,điểm dừng xe buýt điện,kw_diem_dung_xe_buyt_dien,"hanng.hann
2d
Mọi người không thấy việc mượn xe nhưng lúc trả lại không đổ xăng thì rất mất lịch sự à  
Translate
845
68
21
4",,2026-09-29T07:11:17+00:00,0,reject,missing_group:electric_bus,0
Dbxkt3CkcA0,https://www.threads.com/@chien._.01/post/Dbxkt3CkcA0,điểm dừng xe buýt điện,kw_diem_dung_xe_buyt_dien,"chien._.01
08/08/26
Mấy ông có công nhận không? Bạn nữ nào biết gạt lại chỗ để chân sau khi xuống xe thì thực sự là 1 điểm cộng rất lớn  
Translate
6.9K
362
197
480",,2026-08-08T09:45:57+00:00,0,reject,missing_group:electric_bus,0
Dd9Xa0GErMy,https://www.threads.com/@_y.zxwuuo/post/Dd9Xa0GErMy,điểm dừng xe buýt điện,kw_diem_dung_xe_buyt_dien,"_y.zxwuuo
1m
Mn cho e xin tip học toán 11 ạ  
Translate
1",,2026-10-01T16:43:26+00:00,0,reject,missing_group:electric_bus,0
Dd9XX_ak1Kh,https://www.threads.com/@winn.ahn_/post/Dd9XX_ak1Kh,điểm dừng xe buýt điện,kw_diem_dung_xe_buyt_dien,"winn.ahn_
1m
Tb học sinh Việt Nam khi viết văn:
-lập dàn ý trước khi viết❌
-chữ chạy đến đâu viết tới đó✔️  
Translate
1",,2026-10-01T16:43:03+00:00,0,reject,missing_group:electric_bus,0
Dd9Xb9Cj4vO,https://www.threads.com/@diepanhahaha/post/Dd9Xb9Cj4vO,điểm dừng xe buýt điện,kw_diem_dung_xe_buyt_dien,"diepanhahaha
1m
h mới có thời gian coi clip của anh jun với mẹ mew ui sao mà nói chuyện như 2 người bạn già z tr 😬 t với con mã bạn thân hơn 20 năm của t thoại cũng y chang   cuối cùng thì vẫn là thương nhau mà thui í  
Translate",,2026-10-01T16:43:35+00:00,0,reject,missing_group:electric_bus,0
Dd9XYttE2n8,https://www.threads.com/@hn.athw/post/Dd9XYttE2n8,điểm dừng xe buýt điện,kw_diem_dung_xe_buyt_dien,"hn.athw
Cortis
1m
Còn 1 em ngs cần gả đi ạ  
Translate",,2026-10-01T16:43:09+00:00,0,reject,missing_group:electric_bus,0
Dd9XYLdn8ha,https://www.threads.com/@tiembanhhoangtuxinh/post/Dd9XYLdn8ha,điểm dừng xe buýt điện,kw_diem_dung_xe_buyt_dien,"tiembanhhoangtuxinh
1m
T PHẢI ỒN GIỮA ĐÊM VÌ CÁI SỐP COI TỬ VI VÀ BÁT TỰ NÀYYY
TRỜI ƠI SAO CÓ THỂ LUẬN VỪA KĨ VỪA CHUẨN MÀ VỪA TẬN TÂM TỈ MỈ ĐẾN THẾ HẢ?? BÂY ỒN LÊN CHO T !! CÁI GIÁ T PHẢI TRẢ CHƯA TỚI HAI TRĂM NĂM MƯƠI CHO MỘT CÁI FILE DÀI 30 TRANG VÀ CHAT CHIT SIÊU KỸ SAU ĐÓ
ĐÂY LÀ 2026 PHẢI KO ALLIE ƠI 
@allie_coziest
 ??  
Translate",,2026-10-01T16:43:04+00:00,0,reject,missing_group:electric_bus,0
Dd9Xeg7E6yN,https://www.threads.com/@kkkaaahhhds/post/Dd9Xeg7E6yN,xe bus điện hài lòng,kw_xe_bus_dien_hai_long,"kkkaaahhhds
1m
Ghét cái kiểu so sánh kép lắm luon.
Chuyện là thằng anh tao nói tao thái độ với nó về việc nó kêu tao soạn đồ để ngày mai đi học, k vào phòng lấy đồ và yah nó chỉ là lí do để xạo vs tao để nó đưa ny nó vào phòng ngủ lén. Chỉ vì lúc lấy đồ t hơi khó chịu vì nó lấy xe tao đi chở bồ nó và việc hối thúc tao vào soạn trong khi t đang ăn làm t hơi khó chịu. Trong khi anh của tôi cũng hơi thái độ về ba mẹ mà lại đi nói rằng tôi thái độ, mất dạy và còn doạ sẽ tác động nếu tao còn như vậy, và tôi cảm  
Translate
 
1
/
2
1",,2026-10-01T16:43:56+00:00,0,reject,missing_group:electric_bus,0
Dd8zdDQE6A_,https://www.threads.com/@dclamneee/post/Dd8zdDQE6A_,xe bus điện hài lòng,kw_xe_bus_dien_hai_long,"dclamneee
Xe bus
5h
Là một sinh viên mình chưa từng đi xe bus đi học dự định sắp tới là mình đi học từ long biên đến huce . Thì cho mình hỏi các ac và các bạn nên chuẩn bị những gì và kinh nghiệm khi đi xe bus ạ
Em cảm ơnn ac  
Translate
3
5",,2026-10-01T11:29:10+00:00,0,reject,missing_group:electric_bus,0
DdIH3qCE8hn,https://www.threads.com/@nhituyet822/post/DdIH3qCE8hn,xe bus điện hài lòng,kw_xe_bus_dien_hai_long,"nhituyet822
xuhuongthread
09/11/26
Topic : những cách coi gg map khi đi xe máy dễ cho người mù đường.  
Translate
76
8
4
3",,2026-09-11T00:27:49+00:00,0,reject,missing_group:electric_bus,0
DdB4A8fEldR,https://www.threads.com/@h.anh4545/post/DdB4A8fEldR,xe bus điện hài lòng,kw_xe_bus_dien_hai_long,"h.anh4545
Hà Nội
09/08/26
vl cmay ơi, nay t đi làm về xe t tự nhiên kh đề ga được
t dắt vào quán sửa xe cạnh đường vào trần cung, ông anh báo t hỏng bình ắc quy, thay bình mới hết 550k =)))
t là cgai nên cũng có biết mẹ gì về xe đâu, nghe ông ý bảo hỏng thì cũng định thay luôn
may là trước đấy t có gọi ny, lúc định sửa thì ny t gọi đt bảo t đừng sửa ở đấy, đợi ny t qua đón t rồi mang xe về gần nhà sửa luôn cho tiện  
Translate
 
1
/
2
1.5K
126
55
265",,2026-09-08T14:13:50+00:00,0,reject,missing_group:electric_bus,0
DcZB08Akn-h,https://www.threads.com/@duck.72595455/post/DcZB08Akn-h,xe bus điện hài lòng,kw_xe_bus_dien_hai_long,"duck.72595455
08/24/26
em là tsv cbi đi bus lên hola học, có lưu ý gì không ạ? từ cách bắt xe, lên xe, trả tiền, xuống xe…mình xuống ở đâu là mình nói với ngta ạ  
Translate
158
46
21
13",,2026-08-23T17:30:43+00:00,0,reject,missing_group:electric_bus,0
DdDIXHyjyTS,https://www.threads.com/@bendta2025/post/DdDIXHyjyTS,xe bus điện hài lòng,kw_xe_bus_dien_hai_long,"bendta2025
09/09/26
Vụ chuyển đổi xe điện sao im re vậy? Một thời gian tuyên truyền và truyền thông rầm rộ lắm mà?  
Translate
383
19
4",,2026-09-09T01:55:54+00:00,0,reject,missing_group:electric_bus,0
Dc2xEB8lLIM,https://www.threads.com/@starry.hci/post/Dc2xEB8lLIM,xe bus điện hài lòng,kw_xe_bus_dien_hai_long,"starry.hci
09/04/26
Mong ước của hs đi xe bus cụ thể là tôi:
BẾN XE GẦN NHÀ VÀ CÓ GHẾ NGỒI:)))))))))  
Translate
 
1
/
2
29
6
6",,2026-09-04T06:41:26+00:00,0,reject,missing_group:electric_bus,0
DdnKb8mlJfC,https://www.threads.com/@kim_wander/post/DdnKb8mlJfC,xe bus điện hài lòng,kw_xe_bus_dien_hai_long,"kim_wander
Sài Gòn Dễ Thương
09/23/26
Ê bọn m ơi, sáng t mới gặp một chuyện làm t hoài nghi nhân sinh. Chuyện là sáng t đi grab đi làm, đường thì đông, trời thì mưa, t cứ bị bực bội trong người. Đi được nửa đường, tới khúc chùa Vĩnh Nghiêm thì xe tắt máy, đề mãi không lên. Thấy bạn tài xế chật vật mãi với cái xe, cô bán bông ngay đó bảo: ""m dắt xe m vào đây, rồi lấy xe t chở người ta đi lẹ lên"". Ban đầu bạn grab cũng còn ngại ngùng, nhưng t thì sắp trễ, xe thì vẫn ko đề lên.  
Translate
 
1
/
2
493
26
9
5",,2026-09-23T01:46:42+00:00,0,reject,missing_group:electric_bus,0
DdWQagbjQMB,https://www.threads.com/@thienthanhomenh82/post/DdWQagbjQMB,xe bus điện hài lòng,kw_xe_bus_dien_hai_long,"thienthanhomenh82
09/16/26
🚨 🚨🚨34 NGƯỜI NƯỚC NGOÀI ĐƯỢC PHÁT HIỆN TRONG XE TẢI ĐÔNG LẠNH HƯỚNG VỀ BIÊN GIỚI ĐỨC Ngày 14/9/2026, lực lượng Biên phòng Ba Lan phát hiện 34 người nước ngoài ẩn trong khoang hàng của một xe tải đông lạnh trên cao tốc A2, khu vực Nagradowice gần Poznań, khi chiếc xe đang chạy về hướng Świecko – biên giới Ba Lan–Đức.  
Translate
 
1
/
4
526
9
15
182",,2026-09-16T12:11:51+00:00,0,reject,missing_group:electric_bus,0
DdVu6DeFBB-,https://www.threads.com/@l.nah06/post/DdVu6DeFBB-,xe bus điện hài lòng,kw_xe_bus_dien_hai_long,"l.nah06
09/16/26
Góc kể chuyện
Ê nay bố t đặt xe cái tủ cho t xong t chở về gần trọ t lúc xuống thì nặng quá xong mình t k đỡ được thì ngay đó chỗ t ở có cái bến xe buýt đứng đợi cỡ gần 2chục người t có nói nhờ là mọi người ơi giúp e đỡ cái tủ với không mình e đỡ k đỡ được xong rồi mọi người đứng nhìn k ai thèm lại giúp t huhu xong có 1 anh lại đỡ cho t xong rồi bê lên trên nhà cùng b t nữa xong t lên t mới hỏi là: '' a ơi a có sợ trễ buýt k ạ'' xong a ấy k nói gì và chỉ tay vào ngực ôi t bị bất ngờ  
Translate
 
1
/
2
5
3",,2026-09-16T07:19:03+00:00,0,reject,missing_group:electric_bus,0
DcWf4lrAbll,https://www.threads.com/@the_sheep_who_says_naaahh/post/DcWf4lrAbll,xe bus điện hài lòng,kw_xe_bus_dien_hai_long,"the_sheep_who_says_naaahh
08/23/26
Nửa đêm nửa hôm, chính xac là 12h quá 40 phút, 3 cái ô tô chen nhau qua 1 cái đường bé tí đã bị ô tô đỗ chiếm mất 2 làn. Và cách giải quyết của chúng nó là gì? Dí còi ầm lên trong khu dân cư. Xe ô tô bán ở vn nên có tính năng trả tiền để bấm còi.  
Translate
 
1
/
2
3.2K
80
62
27",,2026-08-22T17:55:40+00:00,0,reject,missing_group:electric_bus,0
DbqGDXhFFWX,https://www.threads.com/@gg88.vietgiaitri/post/DbqGDXhFFWX,xe bus điện hài lòng,kw_xe_bus_dien_hai_long,"gg88.vietgiaitri
xuhuongthread
08/05/26
Cuốc xe này của bạn ấy chắc âm rồi, nhìn bạn bất lực mà thương quá...  
Translate
 
1
/
2
226
6
2
3",,2026-08-05T12:03:20+00:00,0,reject,missing_group:electric_bus,0
Dd9XfE0Ewf8,https://www.threads.com/@tbmlavohoacon/post/Dd9XfE0Ewf8,xe bus điện hài lòng,kw_xe_bus_dien_hai_long,"tbmlavohoacon
peanut
1m
Khảo sát thử ""pola xịt nước""
nếu ổn thì gom
Target:30
Xưởng:?
Giá:?  
Translate
 
1
/
2
2",,2026-10-01T16:44:01+00:00,0,reject,missing_group:electric_bus,0
Dd8yJ6tkvTk,https://www.threads.com/@namvan.1996/post/Dd8yJ6tkvTk,xe bus điện hài lòng,kw_xe_bus_dien_hai_long,"namvan.1996
nhism
5h
MỌI NGƯỜI TRONG TEAM REFUND THỰC SỰ ĐI.ÊN HẾT RỒI À?
Tại sao các anh em trong team REFUND lại có thể đặt title ""NHOĂM NHOĂM"" để bình thường hoá việc 1 thằng đàn ông gần 30 tuổi yêu 1 đứa con gái chưa học hết cấp 3 vậy? Điều này thực sự có vấn đề và cần đáng được lên án đấy. Còn các bạn fan mù quáng vẫn còn bênh Nhism được thì nên coi lại tam quan của mình đi nhé, nếu đặt trong trường hợp đấy là em gái của các bạn thì sẽ như thế nào?  
Translate
773
161
33
329",,2026-10-01T11:17:49+00:00,0,reject,missing_group:electric_bus,0
Dd9XY5JDxeU,https://www.threads.com/@ktln_thread/post/Dd9XY5JDxeU,xe bus điện hài lòng,kw_xe_bus_dien_hai_long,"ktln_thread
1m
t thắc mắc là team refund đã làm gì với b mà b đay nghiến thế =))))  
Translate",,2026-10-01T16:43:10+00:00,0,reject,missing_group:electric_bus,0
Dd9XeyPCSDN,https://www.threads.com/@_hong.ttt/post/Dd9XeyPCSDN,xe bus điện hài lòng,kw_xe_bus_dien_hai_long,"_hong.ttt
1m
Hồi nhỏ nghĩ làm ngân hàng cho dễ lấy chồng
Lớn lên rồi mới biết thật ra nghành nào cũng dễ lấy chồng, trừ ngân hàng !  
Translate
1",,2026-10-01T16:43:59+00:00,0,reject,missing_group:electric_bus,0
Dd9XadyCa1k,https://www.threads.com/@duahau_muahe19/post/Dd9XadyCa1k,xe bus điện hài lòng,kw_xe_bus_dien_hai_long,"duahau_muahe19
1m
0H GRAB CÓ MÃ GIẢM 27K, 0H SHOPEEFOOD BACK MÃ 50% 
1
/
3
2",,2026-10-01T16:43:23+00:00,0,reject,missing_group:electric_bus,0
Dd9XfY-Ge5S,https://www.threads.com/@turtle58928/post/Dd9XfY-Ge5S,xe bus điện hài lòng,kw_xe_bus_dien_hai_long,"turtle58928
1m
Mik cần share slot 4k netflix ạ ai cần ib mik nha 60k một tháng  
Translate",,2026-10-01T16:44:04+00:00,0,reject,missing_group:electric_bus,0
Dd9Xc1IDwoi,https://www.threads.com/@nuocmatcasau54/post/Dd9Xc1IDwoi,xe bus điện hài lòng,kw_xe_bus_dien_hai_long,"nuocmatcasau54
KEONHYEON
1m
Đòi cưới quá r yêu cầu xon hi on cho ngta danh phận ngay  
Translate
1",,2026-10-01T16:44:15+00:00,0,reject,missing_group:electric_bus,0
Dd872iCI5Cr,https://www.threads.com/@dangiuukitty/post/Dd872iCI5Cr,review bus điện,kw_review_bus_dien,"dangiuukitty
4h
có ai sv ở 1m 1 tháng mà điện nước như này kh ạ☺️ kh hiểu sao kh ở nhà mấy mà điện nước cỡ này nữa..  
Translate
 
1
/
2
16
25
13",,2026-10-01T12:42:33+00:00,0,reject,missing_group:electric_bus,0
Dc8loksCfbo,https://www.threads.com/@baby.152408/post/Dc8loksCfbo,review bus điện,kw_review_bus_dien,"baby.152408
09/06/26
Mình là sinh viên năm nhất. Chủ nhật này mình về nhà lấy thêm đồ. Trên xe bus, mình có gọi cho bố báo là mình sắp về, nhưng khoảng 15 phút sau điện thoại hết pin. Đến bến gần nhà, mình mượn điện thoại của chú bán nước gọi bố nhờ em trai ra đón. Tối hôm đó bố đi làm về, mắng em vì lúc bố gọi mấy cuộc để đón mình thì em không nghe máy. Bố nói lúc mình gọi khi đang trên xe, bố đã gọi cho em và bảo em chuẩn bị đi đón mình.  
Translate
 
1
/
3
315
6
2
2",,2026-09-06T12:57:01+00:00,0,reject,missing_group:electric_bus,0
Dc_sVDPHwgc,https://www.threads.com/@ikarawa_phuong/post/Dc_sVDPHwgc,review bus điện,kw_review_bus_dien,"ikarawa_phuong
Bus
09/08/26
Bình thường mình hay đi bus đi làm thì mình thấy tiếp viên nhắc khách hàng các vấn đề này nhiều nhất.
- Vấn đề 1: Các bạn vừa đi vừa bấm điện thoại ko nhìn đường khi lên xe hoặc đứng bấm đt mở app ngay trước cửa xe mà không lên xe. Mình có thể bước hẳn lên xe rồi mở app từ từ xác thực được mà. Mình thấy vừa đi vừa bấm gây nguy hiểm cho chính bản thân các bạn rồi tv với tx chịu chứ ai chịu nữa  
Translate
 
1
/
2
3
3",,2026-09-07T17:53:14+00:00,0,reject,missing_group:electric_bus,0
DdrII7siUlr,https://www.threads.com/@lahahn_/post/DdrII7siUlr,review bus điện,kw_review_bus_dien,"lahahn_
Grab
09/24/26
Kiếp nạn tân sinh viên năm nhất và niềm tin vào tình người được vực dậy
Chuyện là nay em có bắt xe bus ra Phạm Văn Đồng vì có hẹn với bạn. Mọi chuyện sẽ k có gì đặc biệt nếu như lúc em xuống chỗ cổng trường Cao đẳng TM&DL thì bỗng k thấy điện thoại đâu nữa. Vì lúc chuẩn bị đến bến trời bỗng mưa to nên em vội lấy ô và xuống xe quá nên k nhớ là mình để quên đt trên xe bus hay là rơi lúc xuống xe. Cũng vì hoảng quá nên lúc đó e khóc luôn (và tiếp tục khóc trong 1 tiếng tiếp theo)  
Translate
 
1
/
4
28
15",,2026-09-24T14:43:36+00:00,0,reject,missing_group:electric_bus,0
Dc8p3PtE8CW,https://www.threads.com/@lilac.memory__/post/Dc8p3PtE8CW,review bus điện,kw_review_bus_dien,"lilac.memory__
Xe bus
09/06/26
Mng ơi , cho sinh viên năm nhất xin tips đi xe bus với ạ=))) (nỗi lòng của người chưa đi xe bus bao giờ)
Nhà em ở gần go thăng long í, muốn ra ftu thì phải bắt chuyến nào z mn 😭
Với cả làm sao để phân biệt lượt đi lượt về ạ 🥲  
Translate
13
7
1
7",,2026-09-06T13:33:58+00:00,0,reject,missing_group:electric_bus,0
DdThdC8iRzi,https://www.threads.com/@pakpungpu/post/DdThdC8iRzi,review bus điện,kw_review_bus_dien,"pakpungpu
09/15/26
Sau thông tin các tài xế “ đình công “ thì giá grab bike ngang hoặc mắc hơn 4 bánh điện luôn và cắt hết các khuyến mãi :))))). thật là thú dị :)))  
Translate
503
45
4
17",,2026-09-15T10:43:01+00:00,0,reject,missing_group:electric_bus,0
DcK8HnPCXob,https://www.threads.com/@quat_0706/post/DcK8HnPCXob,review bus điện,kw_review_bus_dien,"quat_0706
08/18/26
Giá điện như này thì báo như nào được 😶😶  
Translate
 
1
/
2
3.9K
360
31
86",,2026-08-18T06:11:28+00:00,0,reject,missing_group:electric_bus,0
Dd9Xk4Oifdk,https://www.threads.com/@_k.ms23_/post/Dd9Xk4Oifdk,trải nghiệm xe buýt điện,kw_trai_nghiem_xe_buyt_dien,"_k.ms23_
1m
mình sống ích kỉ và tham vọng lắm,nên mình chỉ muốn mọi vinh quang hạnh phúc trên đời đều dành cho người mình yêu thôi  
Translate
 
1
/
2
1
1",,2026-10-01T16:44:49+00:00,0,reject,missing_group:electric_bus,0
Db4tJZEj0eX,https://www.threads.com/@caodangsaigoners/post/Db4tJZEj0eX,trải nghiệm xe buýt điện,kw_trai_nghiem_xe_buyt_dien,"caodangsaigoners
08/11/26
Ủa sinh viên đi xe buýt dùng thẻ svien có vấn đề gì hả mọi người , sao thấy tài xế khó chịu quá ạ 🙃  
Translate
67
3
1
1",,2026-08-11T04:14:18+00:00,0,reject,missing_group:electric_bus,0
Dd9XkILmYGH,https://www.threads.com/@ng_c_l_nh/post/Dd9XkILmYGH,trải nghiệm xe buýt điện,kw_trai_nghiem_xe_buyt_dien,"ng_c_l_nh
1m
Mọi người ơi sắp tới là sinh nhật của ny e rồi, e muốn mua 1 chiếc áo sơ mi để tặng bạn trai của e. Mọi người biết shop, hãng nào bán sơ mi ok thì mọi người rcm cho e với ạ
E đang rất cần sự trợ giúp từ mn 😭  
Translate
 
1
/
2
1",,2026-10-01T16:44:42+00:00,0,reject,missing_group:electric_bus,0
DdBXHiNGLub,https://www.threads.com/@hoangkim_22/post/DdBXHiNGLub,trải nghiệm xe buýt điện,kw_trai_nghiem_xe_buyt_dien,"hoangkim_22
09/08/26
Thắc mắc vì sao mấy ae xe ôm công nghệ có thể tin người đến mức khách chỉ vừa quét cái QR để chuyển khoản là đã phóng xe đi mất tiêu rồi🥲  
Translate
28
12
3",,2026-09-08T09:26:22+00:00,0,reject,missing_group:electric_bus,0
Dd9Xi5FCVz5,https://www.threads.com/@tarotby.nuu/post/Dd9Xi5FCVz5,trải nghiệm xe buýt điện,kw_trai_nghiem_xe_buyt_dien,"tarotby.nuu
1m
Sốp vẫn nhận khách coi tarot khuya ạ, 10k/câu siu chi tiết lun nha. Ib hoặc rep story sốp qua ig tarotby_nu nhaa  
Translate
 
1
/
2
1
1",,2026-10-01T16:44:32+00:00,0,reject,missing_group:electric_bus,0
Dcxgkipkm5w,https://www.threads.com/@n_b_t_1312/post/Dcxgkipkm5w,trải nghiệm xe buýt điện,kw_trai_nghiem_xe_buyt_dien,"n_b_t_1312
09/02/26
Dạ em sắp chuẩn bị lên SG học đại học, nhưng mà về vấn đề đi xe bus thế nào em vẫn còn lơ ngơ lắm ạ. Anh chị có thể bày cho em cách đi xe bus như thế nào hong ạ 🥹 Như là làm sao để tìm tuyến đường từ trọ đến trường, thời gian các chuyến chạy của xe, xe nào chạy qua tuyến đường mình cần, .... Em cảm ơn mọi người nhiều ạ  
Translate
2
6",,2026-09-02T05:41:08+00:00,0,reject,missing_group:electric_bus,0
DdHKa4qiZxg,https://www.threads.com/@anan.ahah_/post/DdHKa4qiZxg,trải nghiệm xe buýt điện,kw_trai_nghiem_xe_buyt_dien,"anan.ahah_
09/10/26
TRẢI NGHIỆM LÀM TSV ĐÃ LẮM MỌI NGƯỜI Ạ!
Cái cảnh ra khỏi nhà lúc 5h30 sáng, chen chúc trên xe buýt cỡ 1 tiếng 30 phút, đi bộ từ nhà đến trạm và từ trạm đến trường, đến trường mồ hôi nhễ nhại, đầu tóc bù lu bù loa, son trôi, tay chân rã rời, lưng đau do vác theo máy tính, chiều về phải bỏ 4 5 chuyến xe buýt do quá đông, thêm kẹt xe giờ tan tầm, có thể là ngủ mấy giấc vẫn ko lo đi lố trạm. Đã lắm Sài Gòn ơi!  
Translate
28
1
1",,2026-09-10T15:30:52+00:00,0,reject,missing_group:electric_bus,0
DdbHGP_iXPd,https://www.threads.com/@sinhvien.nam_nhat/post/DdbHGP_iXPd,trải nghiệm xe buýt điện,kw_trai_nghiem_xe_buyt_dien,"sinhvien.nam_nhat
09/18/26
Mình sợ đi vào vết xe đổ của anh
Anh trai mình tốt nghiệp đại học bằng xuất sắc, ra trường 6 tháng vẫn chưa tìm đc việc, hoặc có thì lương rất thấp chỉ 6tr. Anh mình bảo chạy xe công nghệ nếu chăm chỉ đều đặn cũng đc 10 củ/tháng chứ giờ làm lương 5-6tr không đành. Bố mẹ mình làm lao động chân tay, tiết kiệm bao năm cho 2 anh em đi học. Mình mới năm nhất mà nghĩ đến cảnh sau ra trường cũng vậy chắc bố mẹ mình thất vọng lắm :(  
Translate
168
36
6
10",,2026-09-18T09:26:38+00:00,0,reject,missing_group:electric_bus,0
Dd9XjEsknbq,https://www.threads.com/@biological._clock/post/Dd9XjEsknbq,trải nghiệm xe buýt điện,kw_trai_nghiem_xe_buyt_dien,"biological._clock
1m
@lifeisharderthanadih
 bt thích r nma đưgf fetish  
Translate
 
1
/
2
2",,2026-10-01T16:44:34+00:00,0,reject,missing_group:electric_bus,0
Dbv_KhqgSDi,https://www.threads.com/@graffiti.iu/post/Dbv_KhqgSDi,trải nghiệm xe buýt điện,kw_trai_nghiem_xe_buyt_dien,"graffiti.iu
THPTQG 2026
08/08/26
Cho mình hỏi mn làm gì khi vừa từ quê đến tp để nhập học ạ?? Kiểu bạn vừa bước xuống xe và không có người thân, bạn bè hay chỗ ở thì mình nên đi đâu và làm gì tiếp theo á😭 Mọi người có ai cùng trong hoàn cảnh này có thể chỉ dẫn mình với được không😭 Xin lỗi vì sự phế vật của mình😭  
Translate
366
74
37
29",,2026-08-07T18:58:35+00:00,0,reject,missing_group:electric_bus,0
Dd9XtkdGd25,https://www.threads.com/@iwall.vie/post/Dd9XtkdGd25,trải nghiệm xe buýt điện,kw_trai_nghiem_xe_buyt_dien,"iwall.vie
1m
tìm mấy em móc khoá này
hcm càng tốt  
Translate",,2026-10-01T16:46:00+00:00,0,reject,missing_group:electric_bus,0
DdG-tkXgaZ1,https://www.threads.com/@coachtruongtrang/post/DdG-tkXgaZ1,trải nghiệm xe buýt điện,kw_trai_nghiem_xe_buyt_dien,"coachtruongtrang
09/10/26
Lần đầu tiên Trang đc trải nghiệm đi xe buýt.
Nhớ lại cách đây 20 năm trước, lần đầu tiên tui đặt chân vô SG…
Lúc đó xe buýt là 1 nỗi “ám ảnh” đối với tui vì tui trùm say xe, thấy cái xe buýt từ xa là bên này đã vội bịt mũi bịt miệng… 🫣
Cho đến tận bây giờ tui mới dám bước chân lên để “trải nghiệm” nó. Và cái kết là đi từ trưa nhưng tới tận 9h tối mới về đc tới nhà! Mưa gió, ngập đường, kẹt xe, đói bụng, mắc t.è… thiệt đúng là thử thách dữ dằn 🥲🥲  
Translate
1",,2026-09-10T13:48:33+00:00,0,reject,missing_group:electric_bus,0
Dd9XtNsj3y8,https://www.threads.com/@eshma.ja/post/Dd9XtNsj3y8,trải nghiệm xe buýt điện,kw_trai_nghiem_xe_buyt_dien,"eshma.ja
Cortis
1m
Tui cần pass ver dice nguyên seal, tại Nhật  
Translate",,2026-10-01T16:45:57+00:00,0,reject,missing_group:electric_bus,0
Dd9XqGymRgk,https://www.threads.com/@titmitlibra_nh/post/Dd9XqGymRgk,vận hành xe điện vinbus,kw_van_hanh_xe_dien_vinbus,"titmitlibra_nh
1m
Replying to @hwvafvootaam
Lightstick MasterD kia thì phải chờ hay sẵn z c  
Translate
1",,2026-10-01T16:45:31+00:00,0,reject,missing_group:electric_bus,0
Dd9XvSbj8UN,https://www.threads.com/@hwvafvootaam/post/Dd9XvSbj8UN,vận hành xe điện vinbus,kw_van_hanh_xe_dien_vinbus,"hwvafvootaam
1m
pre order hết á mom ui  
Translate
1",,2026-10-01T16:46:14+00:00,0,reject,missing_group:electric_bus,0
Dd9XsixE7D9,https://www.threads.com/@trungcut.didaudo/post/Dd9XsixE7D9,vận hành xe điện vinbus,kw_van_hanh_xe_dien_vinbus,"trungcut.didaudo
1m
MỞ FACEBOOK LÊN MÀ THẤY DÒNG CHỮ “ PHIÊN BẢN HẾT HẠN “ LÀ CON TYM T ĐẬP BA ĐA BA ĐA BÙM RỒI ĐÓ  
Translate
 
1
/
2
1",,2026-10-01T16:45:51+00:00,0,reject,missing_group:electric_bus,0
Dc5bZibH89q,https://www.threads.com/@fondoceanique/post/Dc5bZibH89q,vận hành xe điện vinbus,kw_van_hanh_xe_dien_vinbus,"fondoceanique
09/05/26
TẠI SAO ĐỨA ĐI KÉ XE MN ĐỀU BIẾT TRẢ TIỀN GỬI XE MÀ ĐỨA ĐI KÉ XE T LẠI ĐÉO BIẾT VẬY  
Translate
 
1
/
2
8K
229
376
240",,2026-09-05T07:29:51+00:00,0,reject,missing_group:electric_bus,0
DcHGqOEEguo,https://www.threads.com/@socola.dubai_/post/DcHGqOEEguo,vận hành xe điện vinbus,kw_van_hanh_xe_dien_vinbus,"socola.dubai_
08/17/26
em 2k8 mới đỗ đh nhưng trường xa vl 25km chưa đủ tuổi thi blx. em cũng chưa bao giờ đi xe buýt luôn mà thấy bảo dạo này đổi sang thẻ xe điện tử, em cũng ít bạn bè kh có ai để hỏi nên anh/chị/bạn nào từng đi xe buýt có thể cho em xin ít kinh nghiệm được kh ạ, em cảm ơn.  
Translate
 
1
/
2
56
20
11
5",,2026-08-16T18:26:36+00:00,0,reject,missing_group:electric_bus,0
DcG1-yVEjhQ,https://www.threads.com/@imhajzm/post/DcG1-yVEjhQ,vận hành xe điện vinbus,kw_van_hanh_xe_dien_vinbus,"imhajzm
08/16/26
sao mình để ý tai nạn xe máy thường ng ngồi sau lại bị nặng hơn ng điều khiển v  
Translate
6.8K
113
95
120",,2026-08-16T16:00:52+00:00,0,reject,missing_group:electric_bus,0
DdgzSIanzOL,https://www.threads.com/@de._chaos/post/DdgzSIanzOL,vận hành xe điện vinbus,kw_van_hanh_xe_dien_vinbus,"de._chaos
09/20/26
Dạ mng có tips nào để dắt xe không ạ. huhu xe nặng quá em dắt không nổi, có cách nào khắc phục không ạ😭  
Translate
3.5K
223
299
158",,2026-09-20T14:28:56+00:00,0,reject,missing_group:electric_bus,0
Dc0sbxwn2hQ,https://www.threads.com/@uchuchuchacha/post/Dc0sbxwn2hQ,vận hành xe điện vinbus,kw_van_hanh_xe_dien_vinbus,"uchuchuchacha
09/03/26
có ai biết bắt chuyến xe bus kiểu gi k ạ? t k có xe định đi làm mà nhìn tiền app cả đi cả về bằng tiền cả buổi di làm🥹  
Translate
 
1
/
2
1
4",,2026-09-03T11:22:30+00:00,0,reject,missing_group:electric_bus,0
DdAn8Q_EzI1,https://www.threads.com/@hanhngyun._/post/DdAn8Q_EzI1,vận hành xe điện vinbus,kw_van_hanh_xe_dien_vinbus,"hanhngyun._
HANU
09/08/26
Mọi người ơi em kp svien ktx muốn gửi xe điện qua đêm với sạc thì gửi ở đâu gần trường được ạ 😭😭😭  
Translate
4
2",,2026-09-08T02:34:08+00:00,0,reject,missing_group:electric_bus,0
DdWRqqmFJjp,https://www.threads.com/@shon.yngng/post/DdWRqqmFJjp,vận hành xe điện vinbus,kw_van_hanh_xe_dien_vinbus,"shon.yngng
tân sinh viên
09/16/26
Hà Nội ơi đừng mưa nữa, sáng xài tận 3 cái app đặt xe mà nửa tiếng vẫn không xe nào nhận cuốc muộn cmn học 15p rồi 💔  
Translate
 
1
/
2
92
27
9
2",,2026-09-16T12:22:47+00:00,0,reject,missing_group:electric_bus,0
Dc_A9BJGmJ7,https://www.threads.com/@sylas.vx_/post/Dc_A9BJGmJ7,vận hành xe điện vinbus,kw_van_hanh_xe_dien_vinbus,"sylas.vx_
09/07/26
Anh em Bách Khoa đ bao giờ lo tắc đường với bãi gửi xe vì kể cả K mới hay K cũ thì cũng khoảng 2 tuần là rụng mẹ 70% đ đi học  
Translate
3.7K
108
176
472",,2026-09-07T11:34:13+00:00,0,reject,missing_group:electric_bus,0
Dd9Xg3Nkqpu,https://www.threads.com/@xxdkrhk/post/Dd9Xg3Nkqpu,vận hành xe điện vinbus,kw_van_hanh_xe_dien_vinbus,"xxdkrhk
Louis Lngshot
1m
cái tướng chạy thí cưng v chòii  
Translate
 
1
/
2
1
2",,2026-10-01T16:46:11+00:00,0,reject,missing_group:electric_bus,0
Dd9XzS4GPAY,https://www.threads.com/@nhughyna_/post/Dd9XzS4GPAY,vận hành xe điện vinbus,kw_van_hanh_xe_dien_vinbus,"nhughyna_
Negav
1m
Freestyle rap by Negav gửi tặng anh hai và thk cốt =))))))
Ngày mai là chung kết THSH.... tôi xin chúc cho người anh hai của tôi không được giải một thì giải hai và chắc chắn là QUÁN QUÂN Ở QUẬN :))))🥰
..... tôi mặc cái quần màu xám TÔI CŨNG CÓ THK BẠN TÊN LÀ XÁM NHƯNG MÀ LÀ XÁM DÊ =))))))))  
Translate
3",,2026-10-01T16:46:47+00:00,0,reject,missing_group:electric_bus,0
Dd9XxCXmNrm,https://www.threads.com/@u_hts9/post/Dd9XxCXmNrm,vận hành xe điện vinbus,kw_van_hanh_xe_dien_vinbus,"u_hts9
Dân Chơi Dân Ca
1m
 Có ai đi một mình không rủ nhau đi huhu  
Translate
 
1
/
2
Có Nhau · Phương Mỹ Chi, Nguyễn Hùng, DTAP
1",,2026-10-01T16:46:28+00:00,0,reject,missing_group:electric_bus,0
Dd9Wz9piSMZ,https://www.threads.com/@kazeniasahi/post/Dd9Wz9piSMZ,vận hành xe điện vinbus,kw_van_hanh_xe_dien_vinbus,"kazeniasahi
9m
Replying to @casinhdoi
nó tự block too rồi ÷) chả hiểu sao khùng điên tự nhiên tỉnh dậy thấy nó ghi một tràng dài xong block luôn. tôi cũng kệ. hâm hấp vậy tự trả nghiệp.  
Translate
1
1",,2026-10-01T16:38:08+00:00,0,reject,missing_group:electric_bus,0
Dd9XpKGE9dG,https://www.threads.com/@casinhdoi/post/Dd9XpKGE9dG,vận hành xe điện vinbus,kw_van_hanh_xe_dien_vinbus,"casinhdoi
1m
Trộm vía nó chán chứ đừng nghĩ thêm trò ngợm nữa  
Translate
1",,2026-10-01T16:45:24+00:00,0,reject,missing_group:electric_bus,0
Dd9Xu5pE1lA,https://www.threads.com/@baba.lounge.bn/post/Dd9Xu5pE1lA,vận hành xe điện vinbus,kw_van_hanh_xe_dien_vinbus,"baba.lounge.bn
1m
Hơn cả một cuộc hẹn, chúng tớ gọi đấy là yêu
______________
Địa chỉ: Số 227 Ngọc Hân Công Chúa, Phường Võ Cường, Thành phố Bắc Ninh.
Thời gian mở cửa: 17:00 – 01:00 (Hàng ngày)
Số điện thoại liên hệ đặt bàn: 0354 671 233  
Translate",,2026-10-01T16:46:11+00:00,0,reject,missing_group:electric_bus,0
Dd9X08Qk3g0,https://www.threads.com/@chiq_ynh/post/Dd9X08Qk3g0,vận hành xe điện vinbus,kw_van_hanh_xe_dien_vinbus,"chiq_ynh
1m
nếu người yêu mình làm trong quán bar thì mấy bà có cảm nhận như nao the  
Translate",,2026-10-01T16:47:00+00:00,0,reject,missing_group:electric_bus,0
Dd9XxJJE8-K,https://www.threads.com/@_ysshshsnkzmj_/post/Dd9XxJJE8-K,vận hành xe điện vinbus,kw_van_hanh_xe_dien_vinbus,"_ysshshsnkzmj_
1m
Nhóm tạo ra để tâm sự, chia sẻ,…Thì chưa chắc tv nào bố mẹ cx tệ, nhm có phải ai cũng thế đâu? Mỗi ng một hoàn cảnh, có phải ai cũng hỗn hào bất hiếu đâu? Phụ huynh cứ vào bảo đừng sống bằng tiền cha mẹ nhm là cha mẹ, đẻ con ra phải nuôi con chứ nhỉ? Cho con môi trường phát triển lành mạnh, đi học, ăn uống sinh hoạt đầy đủ là việc cha mẹ phải làm cơ mà?Phụ huynh chửi bới thì thôi đằng này có mấy ng cứ vào “con yêu bố mẹ”? “Con yêu bố mẹ” thì đăng chỗ khác đi vô đây làm gì?  
Translate
1",,2026-10-01T16:46:29+00:00,0,reject,missing_group:electric_bus,0
Dd9XxVMAU9S,https://www.threads.com/@nguyenthanhphongphong/post/Dd9XxVMAU9S,vận hành xe điện vinbus,kw_van_hanh_xe_dien_vinbus,"nguyenthanhphongphong
1m
Me ơi con mệt lắm rồi  
Translate",,2026-10-01T16:46:31+00:00,0,reject,missing_group:electric_bus,0
Dd9XkdOkgax,https://www.threads.com/@phamtien__94/post/Dd9XkdOkgax,vận hành xe điện vinbus,kw_van_hanh_xe_dien_vinbus,"phamtien__94
Lời đề nghị của công tố viên
1m
CON THỎ XÍNH LAO THẬT SỰ ‼️‼️
BIẾT SẼ BỊ MẮNG NHƯNG VẪN GỬI CHO FAN XEM ‼️‼️
LÌ MÀ GAN KHÔNG AI BẰNG ⁉️⁉️  
Translate
1",,2026-10-01T16:46:47+00:00,0,reject,missing_group:electric_bus,0
Ddi-LKXiZ78,https://www.threads.com/@cuocsongtuoidep_sg/post/Ddi-LKXiZ78,chất lượng vinbus,kw_chat_luong_vinbus,"cuocsongtuoidep_sg
09/21/26
Quả phanh ABS chất lượng. CBS chắc đi luôn rồi.  
Translate
246
17
1
172",,2026-09-21T10:42:35+00:00,0,reject,missing_group:electric_bus,0
Dd9V0RtgeoO,https://www.threads.com/@thytng9/post/Dd9V0RtgeoO,chất lượng vinbus,kw_chat_luong_vinbus,"thytng9
18m
hog ấy mình wfh hết dc k mng? mình ở nhà cho an toàn dc k 😔 thật sự lỡ ai có chuyện gì thì cũng kbiet cứu hộ làm sao lun ý
đã đến lúc để dàn trải độ trung-tâm của TP lớn 😔 sự đông đúc thật sự không efficient cho bất kỳ một ai. mình nâng cấp y tế, chất lượng trường học & doanh nghiệp ở tỉnh thành khác để ai cũng có thể học tập & đi làm gần quê hương gia đình đc k mn…
nhà nước ơi doanh nghiệp ơi mình có thể k 😔  
Translate
 
1
/
6
9
5",,2026-10-01T16:29:26+00:00,0,reject,missing_group:electric_bus,0
Dd9X3_rj9qB,https://www.threads.com/@seja_2hand/post/Dd9X3_rj9qB,chất lượng vinbus,kw_chat_luong_vinbus,"seja_2hand
1m
áo kiểu váy cúp hello kitty | 95.000
dài 50 - ngang eo 30~40
size S/M nhỏ
cond 9/10
ᯓ★ Không COD/ CK FULL đi đơn ạ.
ᯓ★ Do điều kiện ánh sáng, màu sản phẩm có thể chênh lệch 5-10%.
ᯓ★ Đồ 2hand khó tránh khỏi lỗi nhỏ, mong mng hoan hỉ bỏ qua nhen.
ᯓ★ Xem kĩ trước khi chốt, sốp không nhận đổi/trả.  
Translate",,2026-10-01T16:47:25+00:00,0,reject,missing_group:electric_bus,0
Dd9VOaEHcRb,https://www.threads.com/@hoamy862/post/Dd9VOaEHcRb,chất lượng vinbus,kw_chat_luong_vinbus,"hoamy862
23m
Có anh chị nào thi sử được điểm cao có thế chia sẻ cho em một vài thầy cô chất lượng và số tip học môn sử đc ko ạ em phân vân ko bic học thầy cô nào nữa   
Translate
1
2",,2026-10-01T16:24:16+00:00,0,reject,missing_group:electric_bus,0
Dd9VbGun0th,https://www.threads.com/@_shinn28/post/Dd9VbGun0th,chất lượng vinbus,kw_chat_luong_vinbus,"_shinn28
nhẫn cưới
22m
Mọi ngừi ơi nên mua nhẫn cưới và nhẫn cầu hôn ở đâu uy tín mà không dính lùm xùm vàng kém chất lượng ạ ,không sd ạ
#nhẫn  
Translate
2
2",#nhẫn,2026-10-01T16:26:00+00:00,0,reject,missing_group:electric_bus,0
Dd9NVR8k4KN,https://www.threads.com/@bao687112/post/Dd9NVR8k4KN,chất lượng vinbus,kw_chat_luong_vinbus,"bao687112
Host livestream
1h
Tâm sự 1 xíu nha
Mình là 1 host livestream. Việc ra đơn nó sẽ dựa vào nhiều yếu tố như media, có chạy ads không? Sản phẩm chất lượng không, nội dung, content có thu hút khách hàng không. Chứ không chỉ dựa vào mỗi việc xem host có tư vấn hay hay năng lượng làm việc như nào. Khi ra đơn đều thì brand khen do sản phẩm này kia bla bla, nhưng không ra đơn lại quy chụp tất cả các lỗi lên đầu host, do host như này như kia nên không ra đơn.  
Translate
 
1
/
2
1",,2026-10-01T15:15:18+00:00,0,reject,missing_group:electric_bus,0
Dd9KU2cky9b,https://www.threads.com/@cachua1579/post/Dd9KU2cky9b,chất lượng vinbus,kw_chat_luong_vinbus,"cachua1579
1h
Cho mình hỏi có ai đi tour nước ngoài của PYS Travel chưa ạ? Mọi người thấy chất lượng thế nào ạ?
Em đang tính book tour đi Thượng Hải ở bên này ạ   
Translate
3
3",,2026-10-01T14:49:01+00:00,0,reject,missing_group:electric_bus,0
Dd9LM54ElV8,https://www.threads.com/@vaniudoi/post/Dd9LM54ElV8,chất lượng vinbus,kw_chat_luong_vinbus,"vaniudoi
Cacao
1h
Có chỗ nào bán bột cacao nguyên chất ngon chất lượng không mấy bà. Chỉ tui với.. Cacao pha bột thì đừng có chỉ tui nha, tui bị lừa mấy lần goy. Mua về đem bỏ lun 😓  
Translate
12
19
1
1",,2026-10-01T14:56:41+00:00,0,reject,missing_group:electric_bus,0
Dd9X4NRj90S,https://www.threads.com/@_reberth/post/Dd9X4NRj90S,chất lượng vinbus,kw_chat_luong_vinbus,"_reberth
viral
1m
Tôi tuyệt vọng quá mng ơi  
Translate",,2026-10-01T16:47:27+00:00,0,reject,missing_group:electric_bus,0
Dd9LaOPkyUP,https://www.threads.com/@maybe_dtqa/post/Dd9LaOPkyUP,chất lượng vinbus,kw_chat_luong_vinbus,"maybe_dtqa
Kiếm việc làm
1h
Sao mà job bh người thiếu người thừa thế, rốt cuộc nhà tuyển dụng chất lượng ở đâu vậy, để ý em sinh viên này 1 tý đi ạ 😭  
Translate
1
4",,2026-10-01T14:58:30+00:00,0,reject,missing_group:electric_bus,0
Dc7g6nQmHr_,https://www.threads.com/@vincenzer0/post/Dc7g6nQmHr_,chất lượng vinbus,kw_chat_luong_vinbus,"vincenzer0
09/06/26
Sống ở HN gần 2 chục năm và đây là 10 con đường quen của t:
- Phạm Ngọc Thạch: Khá ít khi tắc. Lưu lượng nhiều nhưng từ lúc t tự đi đến giờ thì t không nhớ bị kẹt xe lần nào chưa.
- Đại Cồ Việt: Tương tự với PNT.
- Phố Huế: Thường t chỉ đi được 1 nửa Phố Huế để rẻ phải. Nếu muốn lên phố thì t cx hay đi qua Phố Huế vì t đã quá quen với phố này.  
Translate
 
1
/
4
90
6
1
5",,2026-09-06T02:56:33+00:00,0,reject,missing_group:electric_bus,0
Dd9ICN8nyuZ,https://www.threads.com/@laiguodazaifuhehe/post/Dd9ICN8nyuZ,chất lượng vinbus,kw_chat_luong_vinbus,"laiguodazaifuhehe
2h
Nay mình có nói chuyện với một bé người Trung cũng apply ngành mình theo đuổi.
Xong nói chuyện ra mới thấy dịch vụ mentor Trung đỉnh quãi chưởng. Từ dịch vụ dạy viết research plan đến dạy kiến thức chuyên ngành để thi kiểu siêu bài bản và chất lượng 😨
=))) Tiền hơi đắt nhưng mà coi tài liệu bé nó học mà thèm vữiii
Giá tiếng Trung mình tốt một xíu là nhảy dô học luôn 🥹  
Translate
 
1
/
2
8
1",,2026-10-01T14:29:00+00:00,0,reject,missing_group:electric_bus,0
Dd9HQd0gVqt,https://www.threads.com/@annie.trannn_/post/Dd9HQd0gVqt,chất lượng vinbus,kw_chat_luong_vinbus,"annie.trannn_
2h
Kẹp giữa Tiến độ dự án và Áp lực chất lượng... Có anh em dân Tester / QA / QC nào mệt mỏi vì suốt ngày phải chạy đi ""vét bug"" hay tranh cãi với đội Dev chưa ạ?
Làm nghề kiểm thử, chắc mọi người không lạ gì cảnh này: Sếp và BA thì muốn app mượt mà, không lỗi và release đúng hẹn; còn phía Dev thì bảo ""code chạy tốt trên máy em mà"", hoặc deadline giục sát nút, bắt buộc phải ép test nhanh.  
Translate
 
1
/
4
3
3",,2026-10-01T14:22:13+00:00,0,reject,missing_group:electric_bus,0
Dd9X8QkgWdq,https://www.threads.com/@nikochang_.09/post/Dd9X8QkgWdq,chất lượng vinbus,kw_chat_luong_vinbus,"nikochang_.09
1m
Lọ chung ik mấy ck  
Translate",,2026-10-01T16:48:00+00:00,0,reject,missing_group:electric_bus,0
Dd9X7kEj37-,https://www.threads.com/@blueinmee/post/Dd9X7kEj37-,chất lượng vinbus,kw_chat_luong_vinbus,"blueinmee
1m
nghe thì cũng hơi buồn cười nma trước kia mình chưa bao giờ nghĩ là mình sẽ stan hoặc đặc biệt thích một idol nào quốc nội 😂 cũng có biết vài bài của Khang lúc còn là KNG nma lúc đó cũng chỉ là nghe rồi thấy cũng hay hay thả vào playlist thôi. có lẽ là cho đến tận Up And Down ra mắt, mình mới thật sự rơi vào cái hố do HURRYKNG đào 🥹
lúc nãy nghe lại reverse 2023 của Khang trong lúc chạy dl 🤓 có khúc Khang nói là 2023 là năm down cúi cùng trước khi up trở lại ✨  
Translate
 
1
/
2
1",,2026-10-01T16:47:54+00:00,0,reject,missing_group:electric_bus,0
Dd9X4ByCdTL,https://www.threads.com/@chau_ngoc33/post/Dd9X4ByCdTL,chất lượng vinbus,kw_chat_luong_vinbus,"chau_ngoc33
1m
Hc khuya tranh thủ kiếm thêm…  
Translate
2",,2026-10-01T16:47:25+00:00,0,reject,missing_group:electric_bus,0
Dd9X8gOkmbV,https://www.threads.com/@sadpotatophan/post/Dd9X8gOkmbV,chất lượng vinbus,kw_chat_luong_vinbus,"sadpotatophan
1m
[THÁNG 10/2026] CUNG NÀO LẬT NGƯỢC TÌNH THẾ?
Tháng 9 drama quá nhiều, tháng 10 này ai sẽ được vũ trụ bù đắp?
TOP 3 CUNG BỨT PHÁ MẠNH NHẤT:
1. THIÊN BÌNH (23/9-22/10) - ĐÚNG THÁNG CỦA BẠN!
Tháng sinh nhật, vận may mở toang. Công việc có người nâng đỡ, tiền về từ việc cũ. Tình cảm: người cũ có thể quay lại.
2. MA KẾT (22/12-19/1)
Sau chuỗi ngày bị dí deadline, tháng 10 bạn được thở. Có cơ hội ký hợp đồng, chốt deal lớn. Lời khuyên: đừng ôm đồm.
3. SONG NGƯ (19/2-20/3)  
Translate
 
1
/
2
1",,2026-10-01T16:48:02+00:00,0,reject,missing_group:electric_bus,0
Dd9X5nPErFu,https://www.threads.com/@p1nk1nthe9/post/Dd9X5nPErFu,chất lượng vinbus,kw_chat_luong_vinbus,"p1nk1nthe9
1m
ooopenlab.cc/quiz…
tui isfp luôn ak  
Translate
keemthyr
14m
chó  
Translate
int3netruinsmy.wh0lesoul: mng là con chó
gì?
tôi là chó corgi
1
1",,2026-10-01T16:47:38+00:00,0,reject,missing_group:electric_bus,0
Dd9WSLpmaJI,https://www.threads.com/@keemthyr/post/Dd9WSLpmaJI,chất lượng vinbus,kw_chat_luong_vinbus,"keemthyr
14m
chó  
Translate
int3netruinsmy.wh0lesoul: mng là con chó
gì?
tôi là chó corgi
1
1",,2026-10-01T16:33:31+00:00,0,reject,missing_group:electric_bus,0
Dd9X4XdD11U,https://www.threads.com/@famming.aura/post/Dd9X4XdD11U,đánh giá xe buýt điện,kw_danh_gia_xe_buyt_dien,"famming.aura
ftu
1m
(#^.^#) Cuối cùng thì ngày hội mở đơn đã đến và CLB Mỹ Thuật FTU - DRC cũng đã mở rùi mng uiii. Rất chào đón các bé K65 đáng iu đam mê nghệ thuật hoặc wibi vào chơi với chúng tui ạ!! Ai quan tâm or có thắc mắc gì thì cứ cmt ở dưới or ib tui để tâm hự nhé kkk :3  
Translate
 
1
/
2
1
1",,2026-10-01T16:47:28+00:00,0,reject,missing_group:electric_bus,0
Dd9X9JhiUF7,https://www.threads.com/@du100loisechiatay/post/Dd9X9JhiUF7,đánh giá xe buýt điện,kw_danh_gia_xe_buyt_dien,"du100loisechiatay
lỗi số 1
1m
1. Hôm nay tụi t silient treatment
Mình đã có ds dài và đã tới lỗi thứ 15. Nhưng mình cứ thấy từng lỗi nhỏ kiểu gì á. Mình lập kênh này, nào đủ 100 lỗi hi vọng mình sẽ tỉnh và nhận ra nha.
Chuyện là 4 năm trước mình mua vàng có giá 2tr và nay đã lên đc 6tr. Mình đang có ý định bán, hứng z thôi chứ k cần tiền lắm. Nhưng chần chừ thì qua ngày hôm sau vàng rớt giá. Mình nói a là rớt giá r, thôi k bán. A k nói gì. Nhưng a phản bát là nhưng e vẫn lời mà?
- Lời nhưng k được giá, mắc gì bán?  
Translate
 
1
/
2
1",,2026-10-01T16:48:07+00:00,0,reject,missing_group:electric_bus,0
DdBn4HzGqgQ,https://www.threads.com/@mw_meow4/post/DdBn4HzGqgQ,đánh giá xe buýt điện,kw_danh_gia_xe_buyt_dien,"mw_meow4
09/08/26
Mình bị tai nạn giao thông lúc đi học thêm ( cụ thể là bị một người say rượu lái xe tông phải ).
Khi tỉnh dậy, thứ mình nghe được không phải là lời hỏi thăm từ ba mẹ, mà là lời trách móc không ngừng nói mình chạy xe ẩu tả mới bị...
Rồi họ cằn nhằn về việc xe hư hỏng, nhiều người nhìn rồi chỉ trỏ, tốn tiền viện phí, lỡ mất buổi học thêm đã đóng tiền... Không một lời hỏi thăm, những lời cằn nhằn liên tục khiến mình chóng mặt và đau đầu liên tục, mình ngất thêm một lần nữa...  
Translate
 
1
/
2
1.4K
83
59
11",,2026-09-08T11:52:49+00:00,0,reject,missing_group:electric_bus,0
Ddh_BVAGQvl,https://www.threads.com/@xyttan_n/post/Ddh_BVAGQvl,đánh giá xe buýt điện,kw_danh_gia_xe_buyt_dien,"xyttan_n
09/21/26
Mình là T
T hết tiền và bắt xe bus đi học
T đói nên mua xôi ngay chỗ đón xe bus
T kiu cô bán 1 hộp xôi kh vs nước tương 2-3 lần
Cô bán T hộp xôi mặn bth
Xe bus đi ngang qua
T trễ học
T đập hộp xôi ngay trước quán
T lụm hộp xôi chờ xe vừa ăn vừa khóc
Đừng như T  
Translate
26
2",,2026-09-21T01:30:45+00:00,0,reject,missing_group:electric_bus,0
Dc-_DSrjqY7,https://www.threads.com/@gaowi_hc/post/Dc-_DSrjqY7,đánh giá xe buýt điện,kw_danh_gia_xe_buyt_dien,"gaowi_hc
09/07/26
t mới bị bắt xe vì lỗi vượt đèn đỏ cm ạ, nhưng vấn đề ở chỗ rõ ràng t thấy đèn xanh vẫn còn khoảng mấy giây t mới dám phóng đi. tđn chú công an chạy ra chặn vẫy t vào. t có giải thích như trên thì họ trích xuất cam cho xem và tđn lại thấy đèn đỏ 99s. thế là t bị phạt 1tr5 :(((
t đang không hiểu là mình có scam hay gì không và tại sao đèn giao thông bên ngoài với trên cam lại có sự khác nhau như thế?? có gì t không biết thì bọn m cũng đừng chửi t nha vì t chỉ thắc mắc thôi  
Translate
594
127
11
140",,2026-09-07T11:17:36+00:00,0,reject,missing_group:electric_bus,0
Dd8RrjaGf5P,https://www.threads.com/@aerisart2647/post/Dd8RrjaGf5P,đánh giá xe buýt điện,kw_danh_gia_xe_buyt_dien,"aerisart2647
10h
Mấy bà chạy xe điện cho tui hỏi. Xe máy điện/xe đạp điện so với xe xăng thì có tiết kiệm hơn bao nhiêu khg vậy?  
Translate
1
5",,2026-10-01T06:34:03+00:00,0,reject,missing_group:electric_bus,0
Dd9X_QTn32c,https://www.threads.com/@eomsh._.cutie/post/Dd9X_QTn32c,đánh giá xe buýt điện,kw_danh_gia_xe_buyt_dien,"eomsh._.cutie
1m
""Buổi tối hôm ấy, mắt Seonghyeon sáng bừng lên khi nhìn thấy banner của Trạm Rừng""
🖇️ xhs.一颗小栗猪  
Translate
 
1
/
2
3
1",,2026-10-01T16:48:25+00:00,0,reject,missing_group:electric_bus,0
Dd9YCXimLHf,https://www.threads.com/@njgocthor_/post/Dd9YCXimLHf,đánh giá xe buýt điện,kw_danh_gia_xe_buyt_dien,"njgocthor_
1m
Mấy giờ a qua đón e ???  
Translate",,2026-10-01T16:48:50+00:00,0,reject,missing_group:electric_bus,0
Dd9YBTqn3aH,https://www.threads.com/@diffalley/post/Dd9YBTqn3aH,đánh giá xe buýt điện,kw_danh_gia_xe_buyt_dien,"diffalley
1m
DIFF ALLEY — Different is the point.
⚫ Black/Grey: lạnh, tối giản, dễ phối – mặc everyday vẫn chất.
🤎 Beige/Black: tone vintage nổi bật, graphic lớn + chi tiết thêu tạo cảm giác premium.
Size : M L XL
📸 Ảnh của DIFF ALLEY chụp thật 100%
🪐 Ship Việt - Nhật - Đài - Hàn
- Kiểm hàng trước khi thanh toán
_________________________
Sỉ và CTV add Zalo 0965042218
Zalo link sỉ-lẻ hàng Quảng Châu: zalo.me/g/oyw…  
Translate
 
1
/
2
1",,2026-10-01T16:48:41+00:00,0,reject,missing_group:electric_bus,0
Db--tUuk-vr,https://www.threads.com/@chocolate.dark05/post/Db--tUuk-vr,đánh giá xe buýt điện,kw_danh_gia_xe_buyt_dien,"chocolate.dark05
08/13/26
nay mình đặt grab để đi học
lên xe thì ông a tài xế bảo b ơi mình hủy chuyến nhé
xg mình đơ mình đ hiểu=)) xg ổng bảo là hủy nhưng vẫn chở mình,mình vẫn đ hiểu ,về mới biết là ổng hủy thì tiền mình trả ổng ổng dc nuốt trọn luôn:))) k phải trả cho app=))))))))))))) bro khá là stonks đấy 🗿🗿🗿  
Translate
14.9K
151
252
155",,2026-08-13T14:43:12+00:00,0,reject,missing_group:electric_bus,0
Dd9X1IHEuar,https://www.threads.com/@ibthntrng_vii/post/Dd9X1IHEuar,đánh giá xe buýt điện,kw_danh_gia_xe_buyt_dien,"ibthntrng_vii
G-Dragon
1m
Nửa đêm lướt đc cái video dance break Too Bad của GD xem chục lần r, nhớ Übermensch era vch 🥹
Ảnh nhảy mà như chơi đùa trên con beat, lại còn lấy cái dây che mắt vs ngậm lên miệng nữa chứ, quyến rũ ai đấy hả Long 😭  
Translate",,2026-10-01T16:48:59+00:00,0,reject,missing_group:electric_bus,0
Dd9YDNUk-Wv,https://www.threads.com/@xinhgai_dm/post/Dd9YDNUk-Wv,đi xe buýt điện Hà Nội,kw_di_xe_buyt_dien_ha_noi,"xinhgai_dm
Mập mờ cũ
1m
ê ê ê
ai cho a đăng chuỗi 9,9k tn với nhỏ khác hả(trái tym e rỉ máu rồi...)  
Translate
 
1
/
2
1
1",,2026-10-01T16:48:57+00:00,0,reject,missing_group:electric_bus,0
Dd0_GVCE8sZ,https://www.threads.com/@elylthh/post/Dd0_GVCE8sZ,đi xe buýt điện Hà Nội,kw_di_xe_buyt_dien_ha_noi,"elylthh
3d
đi xe buýt ở hà nội vào giờ cao điểm nên được xếp hạng vào top những điều kinh tởm  
Translate
 
1
/
2
6.4K
163
904
116",,2026-09-28T10:37:00+00:00,0,reject,missing_group:electric_bus,0
DdlnR4Aj-Bq,https://www.threads.com/@g1ng3r_rr/post/DdlnR4Aj-Bq,đi xe buýt điện Hà Nội,kw_di_xe_buyt_dien_ha_noi,"g1ng3r_rr
09/22/26
hà nội nhỏ đến mức đang đi xe buýt thì nhận ra ngồi đằng trc là nghệ sĩ indie lol 😭😭😭  
Translate
 
1
/
2
3.6K
39
84
36",,2026-09-22T11:20:15+00:00,0,reject,missing_group:electric_bus,0
DbnfGpUExQj,https://www.threads.com/@anhemtaobacao/post/DbnfGpUExQj,đi xe buýt điện Hà Nội,kw_di_xe_buyt_dien_ha_noi,"anhemtaobacao
THPTQG 2026
08/04/26
mn ơi cho e hỏi là đi học ở hà nội thì đi xe điện có đáp ứng đc k ạ , có bất tiện gì quá k ạ  
Translate
4
8",,2026-08-04T11:44:30+00:00,0,reject,missing_group:electric_bus,0
DdlvyHbCb-t,https://www.threads.com/@justforme_1104/post/DdlvyHbCb-t,đi xe buýt điện Hà Nội,kw_di_xe_buyt_dien_ha_noi,"justforme_1104
09/22/26
Hà Nội ơi có thể tăng tuyến xe buýt k. E chờ hơn 1h vẫn ch có xe hhuhu 😭😭😭  
Translate
29
4
2
2",,2026-09-22T12:34:34+00:00,0,reject,missing_group:electric_bus,0
DdWaiHOk1et,https://www.threads.com/@misamyangcarbonaracream/post/DdWaiHOk1et,đi xe buýt điện Hà Nội,kw_di_xe_buyt_dien_ha_noi,"misamyangcarbonaracream
VNU
09/16/26
Nhà ở nội thành HN thì đi bus đi học có khả thi kh anh chị em ơi😭 tôi sắp khóc r😭😭😭  
Translate
16
5",,2026-09-16T13:40:16+00:00,0,reject,missing_group:electric_bus,0
Dd9YJUsEzoh,https://www.threads.com/@passdocungchip/post/Dd9YJUsEzoh,đi xe buýt điện Hà Nội,kw_di_xe_buyt_dien_ha_noi,"passdocungchip
1m
dỗ dành em khó đến thế à  
Translate",,2026-10-01T16:49:47+00:00,0,reject,missing_group:electric_bus,0
Dd9YHluj1t_,https://www.threads.com/@linhat90land/post/Dd9YHluj1t_,đi xe buýt điện Hà Nội,kw_di_xe_buyt_dien_ha_noi,"linhat90land
viral
1m
Dạo này genz lên làm chủ trọ hết r à toàn kiểu xanh matcha latte thế này :)))  
Translate
 
1
/
2
1",,2026-10-01T16:49:33+00:00,0,reject,missing_group:electric_bus,0
Dd9YCAEHwwo,https://www.threads.com/@blinhowo/post/Dd9YCAEHwwo,đi xe buýt điện Hà Nội,kw_di_xe_buyt_dien_ha_noi,"blinhowo
Đinh Mạnh Ninh ATVNCG2026
1m
MÙA YÊU ĐẦU - Đinh Mạnh Ninh
[26.09.2026]
bài hát khiến tui biết đến chú Ninh từ hồi bé tíi  
Translate
 
1
/
2
1",,2026-10-01T16:48:47+00:00,0,reject,missing_group:electric_bus,0
Dd87pTzj_6a,https://www.threads.com/@vantusieunhan/post/Dd87pTzj_6a,đi xe buýt điện Hà Nội,kw_di_xe_buyt_dien_ha_noi,"vantusieunhan
viral
4h
Update đường Điện Biên Phủ hôm nay.
8g nhưng vẫn yêu công ty nên chưa về :)))  
Translate
6.8K
159
265
4.5K",,2026-10-01T12:40:45+00:00,0,reject,missing_group:electric_bus,0
Dd9Rne3E2G0,https://www.threads.com/@mina.changg/post/Dd9Rne3E2G0,đi xe buýt điện Hà Nội,kw_di_xe_buyt_dien_ha_noi,"mina.changg
57m
Thường hay đi Điện Biên Phủ để rẽ vào xa lộ Hà Nội nhưng đợi 15p mà xe không nhích được nên t kiếm đường khác về 😇  
Translate
1
1",,2026-10-01T15:52:44+00:00,0,reject,missing_group:electric_bus,0
Dd9YB11EhEG,https://www.threads.com/@manhhhh0719/post/Dd9YB11EhEG,đi xe buýt điện Hà Nội,kw_di_xe_buyt_dien_ha_noi,"manhhhh0719
IDOL LIVE
1m
Chính thức đu OTP 2 nhà Cỏ Kẹo nhá, chị Hi vuýp quá trời, nay bay uni cho ẻm luôn🥹  
Translate
2",,2026-10-01T16:48:46+00:00,0,reject,missing_group:electric_bus,0
Dd9YE_riRLV,https://www.threads.com/@sang7.71/post/Dd9YE_riRLV,đi xe buýt điện Hà Nội,kw_di_xe_buyt_dien_ha_noi,"sang7.71
1m
Tìm nữ z âm ạ  
Translate",,2026-10-01T16:49:12+00:00,0,reject,missing_group:electric_bus,0
Dd9YFmjk392,https://www.threads.com/@luna_ne02/post/Dd9YFmjk392,đi xe buýt điện Hà Nội,kw_di_xe_buyt_dien_ha_noi,"luna_ne02
HURRYKNG TinhHaSayHi
1m
skin care choa đệp xí để mai đi nhạn giải 🤓  
Translate
2",,2026-10-01T16:49:17+00:00,0,reject,missing_group:electric_bus,0
Dd9YEHUCRIk,https://www.threads.com/@lemneii_/post/Dd9YEHUCRIk,đi xe buýt điện Hà Nội,kw_di_xe_buyt_dien_ha_noi,"lemneii_
hue
1m
Tóm tắt 1 buổi đi chơi đầu tháng 10 của hai cô gáiii 🙄🙄  
Translate
Ngân Hàng Nỗi Nhớ · Đạt G
1",,2026-10-01T16:49:04+00:00,0,reject,missing_group:electric_bus,0
Dd9YE60CRaS,https://www.threads.com/@tphuongne97/post/Dd9YE60CRaS,đi xe buýt điện Hà Nội,kw_di_xe_buyt_dien_ha_noi,"tphuongne97
Beauty Threads
1m
Fomo theo chị VHL và cái kết bất ngờ
trời ơi em này đắp nó rát đư “rát ví” kkkkk
lần đầu tui mua thử coi đắp có như chi khen khum mà giờ mê em mask này quên đường đi lối về lun trời. Mask gì mà nó kongr, nó ôm, gỡ ra da cứ phải gọi là ẩm mịn, ngắm mình trong gương cỡ 2 tiếng mà vẫn chưa có dấu hiệu dừng lại
lần này tui fomo kiểu gì mà thấy tháng nào cũng phải sắm vài hộp dùng dần, hiuhiu  
Translate
 
1
/
2
1
1",,2026-10-01T16:49:11+00:00,0,reject,missing_group:electric_bus,0
DcOGa_LFHUX,https://www.threads.com/@doiboboquan_11/post/DcOGa_LFHUX,trạm sạc xe buýt điện,kw_tram_sac_xe_buyt_dien,"doiboboquan_11
ocean park 3
08/19/26
Điểm 10 tinh tế: Trạm sạc xe điện xịn sò được bố trí ngay bên ngoài khuôn viên công viên cho các mom và cả nhà hoàn toàn yên tâm nha!
Cứ việc cắm sạc cho ""xế cưng"" nạp đầy năng lượng rồi thong thả dắt bé vào bơi lội, quẩy nước thả ga suốt cả ngày.
Hè tới rồi, hè là phải đi VinWonders thôi! ⚡🚗
#greencreator #dulich #vinwonderswaterpark #wondersummer  
Translate
 
1
/
2
10
11",#greencreator #dulich #vinwonderswaterpark #wondersummer,2026-08-19T11:39:13+00:00,0,reject,missing_group:electric_bus,0
Dc8j5A1kx_l,https://www.threads.com/@huni.oixx/post/Dc8j5A1kx_l,trạm sạc xe buýt điện,kw_tram_sac_xe_buyt_dien,"huni.oixx
09/06/26
Mọi người cho mình hỏi. Nếu m có xe điện và sạc điện tại toà của mình. Phía toà thu điện sạc: 130k/ tháng là hợp lý chưa ạ??  
Translate
1
4",,2026-09-06T12:41:47+00:00,0,reject,missing_group:electric_bus,0
Ddo1teNknRX,https://www.threads.com/@d.do_oin05/post/Ddo1teNknRX,trạm sạc xe buýt điện,kw_tram_sac_xe_buyt_dien,"d.do_oin05
09/24/26
Có ai rõ về điện cho em hỏi?
Em sạc xe điện cùng lúc 2 cục, 1 cục 1000w với 1 cục 400w thì sài ổ điện nào phù hợp ạ
Em sài mấy ổ đều bị nóng và chảy nhựa  
Translate
4",,2026-09-23T17:24:04+00:00,0,reject,missing_group:electric_bus,0
DdB-PqBDzyk,https://www.threads.com/@minjjs.08/post/DdB-PqBDzyk,trạm sạc xe buýt điện,kw_tram_sac_xe_buyt_dien,"minjjs.08
Đại học
09/08/26
Hi em chào mng ạ, em là tsv K8, em cần lời khuyên ạ. Em đang đi xe điện đi học, phí ra vào cổng KTX 100k/1 tháng, phí sạc xe điện là 120k/ 1 tháng. Xe điện của e bình cũng bắt đầu yếu r (đc 1,5 năm) Em cách trường khoảng 1,8km. Hiện tại em đang muốn mua xe đạp pass thì có ổn không ạ? (Xe đạp k mất tiền gửi sạc xe, k mất tiền vé ra vào cổng). Em không hay đi chơi lắm  
Translate
4
4",,2026-09-08T15:08:16+00:00,0,reject,missing_group:electric_bus,0
Dc3HHFzgUKU,https://www.threads.com/@dungkook8386/post/Dc3HHFzgUKU,trạm sạc xe buýt điện,kw_tram_sac_xe_buyt_dien,"dungkook8386
VinFastEMotorcycle
09/04/26
Ở hnoi có trạm sạc xe máy điện vinfast ko ạ( kiểu sạc xe bằng dây ko pk là kiểu thay pin ạ)  
Translate
4
6",,2026-09-04T09:54:06+00:00,0,reject,missing_group:electric_bus,0
Dd9YMETmW1f,https://www.threads.com/@panther.42608174/post/Dd9YMETmW1f,trạm sạc xe buýt điện,kw_tram_sac_xe_buyt_dien,"panther.42608174
IDOL LIVE
1m
Woa hôm nay là ngày tuyệt vời khi otp N và L chuẩn bị gặp nhau ở đà lạt 🤭 còn gặp để làm gì thì ai hiểu thì sẽ hiểu  
Translate",,2026-10-01T16:50:10+00:00,0,reject,missing_group:electric_bus,0
Dd9YJofjPjG,https://www.threads.com/@cxl501/post/Dd9YJofjPjG,trạm sạc xe buýt điện,kw_tram_sac_xe_buyt_dien,"cxl501
1m
Đã tìm ra người biết làm mưa hết rơi  
Translate",,2026-10-01T16:50:34+00:00,0,reject,missing_group:electric_bus,0
Dd9YPBCE-a9,https://www.threads.com/@pvanie1901/post/Dd9YPBCE-a9,trạm sạc xe buýt điện,kw_tram_sac_xe_buyt_dien,"pvanie1901
1m
Nhủ 4 ô Relvon like new màu 04
Bảng này new 400 mấy á
99k lun  
Translate",,2026-10-01T16:50:34+00:00,0,reject,missing_group:electric_bus,0
Dd9YP2sAZdD,https://www.threads.com/@_qhwls/post/Dd9YP2sAZdD,trạm sạc xe buýt điện,kw_tram_sac_xe_buyt_dien,"_qhwls
CONGB TINHHASAYHI
1m
Cho bạn Bi thêm 1 trụ nx di ạ:))))))))  
Translate
just.buyenough
1",,2026-10-01T16:50:41+00:00,0,reject,missing_group:electric_bus,0
Dd9M9NaGpIo,https://www.threads.com/@just.buyenough/post/Dd9M9NaGpIo,trạm sạc xe buýt điện,kw_tram_sac_xe_buyt_dien,"_qhwls
CONGB TINHHASAYHI
1m
Cho bạn Bi thêm 1 trụ nx di ạ:))))))))  
Translate
just.buyenough
1",,2026-10-01T16:50:41+00:00,0,reject,missing_group:electric_bus,0
Dd9YPVzGA_H,https://www.threads.com/@margaret.mt_/post/Dd9YPVzGA_H,trạm sạc xe buýt điện,kw_tram_sac_xe_buyt_dien,"margaret.mt_
Jun Phạm x LifebuoyVietnam
1m
trời ơi bà Buoy tôn vinh Phụ nữ Việt, quảng bá dòng tranh dân gian Đông Hồ nhân dịp 20/10 này. bả bế Jun Phạm cùng các đại sứ lên LED ở TIME SQUARE lun, bá khí quáaaa  
Translate",,2026-10-01T16:50:36+00:00,0,reject,missing_group:electric_bus,0
Dd7gAljkxm2,https://www.threads.com/@yvoahtel/post/Dd7gAljkxm2,trạm sạc xe buýt điện,kw_tram_sac_xe_buyt_dien,"yvoahtel
17h
à ngoài trai bk thì ai ở đồng nai né luôn trai chuyên ltv nha  
Translate
cuachong107_
22h
nt- cúk
ltv- cúk
ute- cúk
bk- cúk
hcmus-iuiu
k chú thích gì thêm, ce tự nhìn và hiểu!!  
Translate
15
11
6
5
59
19
12
26",,2026-09-30T23:20:01+00:00,0,reject,missing_group:electric_bus,0
Dd6_-TkE4y6,https://www.threads.com/@cuachong107_/post/Dd6_-TkE4y6,trạm sạc xe buýt điện,kw_tram_sac_xe_buyt_dien,"cuachong107_
22h
nt- cúk
ltv- cúk
ute- cúk
bk- cúk
hcmus-iuiu
k chú thích gì thêm, ce tự nhìn và hiểu!!  
Translate
15
11
6
5",,2026-09-30T18:40:05+00:00,0,reject,missing_group:electric_bus,0
Dd9YPu8k3Zr,https://www.threads.com/@itismenguyenkien_/post/Dd9YPu8k3Zr,trạm sạc xe buýt điện,kw_tram_sac_xe_buyt_dien,"itismenguyenkien_
1m
Bạn t vừa cựu ch toán ltv vừa hc bk, bảo sao kh mấy b nữ né hết  
Translate",,2026-10-01T16:50:40+00:00,0,reject,missing_group:electric_bus,0
Db9eg3Fggk0,https://www.threads.com/@tinhotngaymoi/post/Db9eg3Fggk0,trạm sạc xe buýt điện,kw_tram_sac_xe_buyt_dien,"tinhotngaymoi
08/13/26
21 trạm dừng nghỉ cao tốc Bắc - Nam: Bao giờ đồng bộ trạm sạc xe điện?  
Translate
 
1
/
2
1",,2026-08-13T00:43:26+00:00,0,reject,missing_group:electric_bus,0
Dd9IO3FEsex,https://www.threads.com/@athenaleenaa/post/Dd9IO3FEsex,trạm sạc xe buýt điện,kw_tram_sac_xe_buyt_dien,"athenaleenaa
start up
2h
giờ này khởi nghiệp in 3D có ổn hong mn?  
Translate
1
3",,2026-10-01T14:30:44+00:00,0,reject,missing_group:electric_bus,0
Dd9YLkRiqwf,https://www.threads.com/@3dprint.songphuong/post/Dd9YLkRiqwf,trạm sạc xe buýt điện,kw_tram_sac_xe_buyt_dien,"3dprint.songphuong
1m
Bên mình có khoá học online cho ai muốn starup in 3D nhe 🕺 inbox shop gửi info ạ  
Translate
1",,2026-10-01T16:50:05+00:00,0,reject,missing_group:electric_bus,0
Dd8CRHFAaCm,https://www.threads.com/@glow.upup.club/post/Dd8CRHFAaCm,trạm sạc xe buýt điện,kw_tram_sac_xe_buyt_dien,"glow.upup.club
Vietnam woman's day
12h
Trời ơi, hổm nay lo chạy chuẩn bị Workshop cho mn mà giờ mới ngoi lên lại đâyyy🙆🏻‍♀️
✨✨✨
Nhớ ra sắp 20/10 rồi nên các doanh nghiệp nào muốn tổ chức cho các chị em về Thời Trang - về Mặc Đẹp-Làm Đẹp thì liên hệ liền để tụi em chừa lịch cho các chị em nha✨❤️
⛳️Tụi e sẽ lên nội dung diễn ra Buổi Workshop Doanh nghiệp theo từng nhu cầu của mỗi quý công ty nên mn liên hệ sớm để tụi em chuẩn bị nội dung sớm cho mn nha🙆🏻‍♀️🥰✨❤️❤️❤️💃🏻💃🏻💃🏻  
Translate
5
1
3",,2026-10-01T04:19:22+00:00,0,reject,missing_group:electric_bus,0
Dd9YPYtgW_T,https://www.threads.com/@glow.upup.club/post/Dd9YPYtgW_T,trạm sạc xe buýt điện,kw_tram_sac_xe_buyt_dien,"glow.upup.club
1m
Buồn🥹Không có quý doanh nghiệp nào liên hệ muốn tổ chức Workshop Phong Cách ngày 20/10 cho các chị em gái hết trơn😭😭😭
🎁Muốn tặng chị em 20/10 thì tặng chị em cách làm đẹp đi😭✨🥰  
Translate
 
2
/
2",,2026-10-01T16:50:37+00:00,0,reject,missing_group:electric_bus,0
DdGKIuyEpj1,https://www.threads.com/@pilsang139/post/DdGKIuyEpj1,giá vé xe buýt điện,kw_gia_ve_xe_buyt_dien,"pilsang139
09/10/26
Xe 33 Hà Nội bị j vậy trời , mẹ tan học từ đời nào r , chờ từ 11h49 đến 12h45 đếch thấy xe đâu , xe bus cứ thế này chắc t bỏ học về quê quá  
Translate
21
6
1
1",,2026-09-10T06:09:08+00:00,0,reject,missing_group:electric_bus,0
DcooxCiEx3T,https://www.threads.com/@septh_15/post/DcooxCiEx3T,giá vé xe buýt điện,kw_gia_ve_xe_buyt_dien,"septh_15
08/30/26
Mình chạy xe ôm công nghệ(xanh sm). Mí bạn cho mình hỏi có cách nào nhắc khách đừng có ngồi tít ra sau đít xe mà ko gây khó chịu cho khách ko. Chứ gặp bạn nào đeo thêm cả ba lô nữa thì đít xe nặng lắm. Chạy cứ bị mất cân bằng xe ý :((  
Translate
 
1
/
2
331
84
1
4",,2026-08-29T18:59:34+00:00,0,reject,missing_group:electric_bus,0
DdMSz0BD83Q,https://www.threads.com/@turtle.6623008/post/DdMSz0BD83Q,giá vé xe buýt điện,kw_gia_ve_xe_buyt_dien,"turtle.6623008
xe 50cc
09/12/26
sao người ta k cho đi xe biển xin số v nhỉ huhu?? mua xe về mà k dc đi liền mà phải để ở nhà nào có biển xe mới đi dc huhuhuhu  
Translate
1
3",,2026-09-12T15:20:22+00:00,0,reject,missing_group:electric_bus,0
Dd8w09Dmu27,https://www.threads.com/@mrd.control_/post/Dd8w09Dmu27,giá vé xe buýt điện,kw_gia_ve_xe_buyt_dien,"mrd.control_
Chạy xe công nghệ
5h
anh chị ơi cho e hỏi , bây giờ em làm thêm về mảng chạy xe chở khách là chính . mà be đợt này thì hơi lẹt đẹt . liệu còn app nào ổn hơn không ạ ( trừ xanh ra vì xanh phải đăng ký xe điện ạ )  
Translate
4",,2026-10-01T11:06:13+00:00,0,reject,missing_group:electric_bus,0
Dd9YQ_mDzL8,https://www.threads.com/@lly_gad/post/Dd9YQ_mDzL8,giá vé xe buýt điện,kw_gia_ve_xe_buyt_dien,"lly_gad
1m
huhu thương hai đứa lắm  
Translate
 
1
/
2
1
2",,2026-10-01T16:50:50+00:00,0,reject,missing_group:electric_bus,0
Dd9YOpnk7QB,https://www.threads.com/@prvnvlnd/post/Dd9YOpnk7QB,giá vé xe buýt điện,kw_gia_ve_xe_buyt_dien,"prvnvlnd
1m
Đhs thấy threads hiện CONGB reposted mà t đã tự hỏi ủa ai vậy =)))))
Quen với nền văn minh kốp kốp quá ròi  
Translate
 
1
/
2
1",,2026-10-01T16:50:31+00:00,0,reject,missing_group:electric_bus,0
Dd9YLRdiZL_,https://www.threads.com/@thegioicuakembo/post/Dd9YLRdiZL_,giá vé xe buýt điện,kw_gia_ve_xe_buyt_dien,"thegioicuakembo
1m
bye mn, chàng Cún nhà em về đây~  
Translate
 
1
/
2
2",,2026-10-01T16:50:16+00:00,0,reject,missing_group:electric_bus,0
Dd9YPtYE_wc,https://www.threads.com/@lovelymimi644/post/Dd9YPtYE_wc,giá vé xe buýt điện,kw_gia_ve_xe_buyt_dien,"lovelymimi644
1m
Những thành quả đầu tiên 💐  
Translate",,2026-10-01T16:50:39+00:00,0,reject,missing_group:electric_bus,0
Dd7_tq8E_rz,https://www.threads.com/@thanhnamintheworld/post/Dd7_tq8E_rz,giá vé xe buýt điện,kw_gia_ve_xe_buyt_dien,"thanhnamintheworld
12h
Replying to @betokon07
Hồi Thủ Thiêm bị cưỡng chế, dân chúng ở đó căng bạt, biểu tình thì đám ngoài vĩ tuyến kêu người ta là 3que phản động, cấu kết với phản động.
Giờ thì hiểu được cảnh cùng trời chiếu đất rồi đó.
Nhưng vô ích, dân Thủ Thiêm đến giờ bao nhiêu năm rồi có đòi được công lý đâu.  
Translate
357
4
2
2",,2026-10-01T03:57:03+00:00,0,reject,missing_group:electric_bus,0
Dd9YQ2hD-UB,https://www.threads.com/@mokavsloki/post/Dd9YQ2hD-UB,giá vé xe buýt điện,kw_gia_ve_xe_buyt_dien,"mokavsloki
1m
meta.ai
 Tại sao dân phải ra canh đất , có phải người dân không được đền bù không  
Translate
1",,2026-10-01T16:50:49+00:00,0,reject,missing_group:electric_bus,0
Dc7ypW3j-bu,https://www.threads.com/@teyut_hna08/post/Dc7ypW3j-bu,giá vé xe buýt điện,kw_gia_ve_xe_buyt_dien,"teyut_hna08
09/06/26
🚨 CẢNH BÁO: ĐỪNG CHỦ QUAN KHI GỬI XE Ở CÔNG VIÊN NGHĨA ĐÔ!
🚨 MỘT CHIÊU TRÒ NHỎ – CÓ THỂ KHIẾN BẠN MẤT CẢ TRIỆU ĐỒNG?
Mn đọc bài mình để dưới cmt ⬇️⤵️  
Translate
282
20
37
212",,2026-09-06T05:31:28+00:00,0,reject,missing_group:electric_bus,0
Dd9YMydEpCD,https://www.threads.com/@vet.thuonglong.54772/post/Dd9YMydEpCD,giá vé xe buýt điện,kw_gia_ve_xe_buyt_dien,"vet.thuonglong.54772
1m
Replying to @nguyen6536huy
Lúc thở ít lúc nhìu lúc thở gấp kkk  
Translate
1",,2026-10-01T16:50:15+00:00,0,reject,missing_group:electric_bus,0
Dd9YRGZk1ft,https://www.threads.com/@nguyen6536huy/post/Dd9YRGZk1ft,giá vé xe buýt điện,kw_gia_ve_xe_buyt_dien,"nguyen6536huy
1m
Lúc nào thở gấp là lúc đó biết rồi đó nghe  
Translate
1",,2026-10-01T16:50:51+00:00,0,reject,missing_group:electric_bus,0
Dd9YOtkGAp4,https://www.threads.com/@njgocthor_/post/Dd9YOtkGAp4,giá vé xe buýt điện,kw_gia_ve_xe_buyt_dien,"njgocthor_
1m
Mấy h a qua đón e ??  
Translate",,2026-10-01T16:50:31+00:00,0,reject,missing_group:electric_bus,0
Dd9YNQiE78f,https://www.threads.com/@tnn1238/post/Dd9YNQiE78f,giá vé xe buýt điện,kw_gia_ve_xe_buyt_dien,"tnn1238
passdo
1m
Sosss 🆘🆘
passss đồ ạ huhuhu
áo quần e chất thành núii rồi e vừa xếp vừa pass mấy chục thui ạ mng mua dùm e nhen huhuhu🥲🥲
ship spx đgia 22k ai có mã rẻ hơn thì báo e e gói rùi mng tự tạo đơn cũm dc ạ 🥲🥲  
Translate
 
1
/
2
1
2",,2026-10-01T16:50:19+00:00,0,reject,missing_group:electric_bus,0
Dd9Odw_k1jE,https://www.threads.com/@nhungnhanhinho_23/post/Dd9Odw_k1jE,giá vé xe buýt điện,kw_gia_ve_xe_buyt_dien,"nhungnhanhinho_23
Đại học
1h
Xin chào mn, em là tsv ạ, em hiện nay đang sử dụng xe buýt để đi đi về về cho tiện, em muốn sử dụng vé tháng cho tiết kiệm, tại chuyến đi chuyến về của em cùng một xe, cho em hỏi là mình nên làm thế nào để mua vé tháng, rồi lúc lên xe mình nói hay làm như nào để sử dụng vé tháng vậy ạ, vd như em đi từ BH tới SG thì có 2 60-1 hoặc 60-7 thì nên mua vé tháng như thế nào vậy ạ, mong mn giải đáp giúp em với ạ  
Translate
7",,2026-10-01T15:25:12+00:00,0,reject,missing_group:electric_bus,0
Dd9XPx3D2_C,https://www.threads.com/@null.at/post/Dd9XPx3D2_C,lộ trình VinBus,kw_lo_trinh_vinbus,"null.at
10m
Có thể b chưa biết t là dân sp nhưng chưa đi gia sư bao giờ (?). Hmm thật ra t có từng dạy 1 em người quen thi tốt nghiệp nhưng chỉ đơn giản là cho em luyện các đề và t chữa, chấm bài. Còn lại thì t không có lộ trình nền tảng rõ ràng gì đi dạy. Nhìn thấy các bạn mình đi dạy nhiều t cũng sốt ruột lắm nhưng t đang ôm quá nhiều môn trong kì này. Và cũng một phần vì t sợ kiến thức của mình không đủ chắc…. Mng nghĩ sao về việc đi gia sư?  
Translate
1
2",,2026-10-01T16:41:56+00:00,0,reject,missing_group:electric_bus,0
Dd6yo5Kk2Ia,https://www.threads.com/@_nkckln/post/Dd6yo5Kk2Ia,lộ trình VinBus,kw_lo_trinh_vinbus,"_nkckln
ielts
1d
Mình cần tìm in4 chỗ học ielts uy tín, mình học onl, muốn đóng học phí theo tháng, có lộ trình rõ ràng, nhiệt tình, có tâm. Mn rcm giúp mình với ( mình band 3.0 muốn lên 6.5-7.0)  
Translate
17
47
3",,2026-09-30T16:43:34+00:00,0,reject,missing_group:electric_bus,0
Dd9X5o1kvGL,https://www.threads.com/@bear.56258827/post/Dd9X5o1kvGL,lộ trình VinBus,kw_lo_trinh_vinbus,"bear.56258827
4m
em kiếm giáo viên dạy ielts e band 6 muốn lên 7 budget một tuần 2 buổi một tháng ~2m học onl hay off j cx dc ạ  
Translate
1
4",,2026-10-01T16:47:39+00:00,0,reject,missing_group:electric_bus,0
Dd9YW1ZiZfs,https://www.threads.com/@cayluachubby/post/Dd9YW1ZiZfs,lộ trình VinBus,kw_lo_trinh_vinbus,"cayluachubby
1m
Em tham khảo khoá onl bên 
@ieltsonepath
 thử nè, c thấy học phí bên đây hạt dẻ, lộ trình rõ ràng  
Translate
facebook.com
IELTS ONE PATH - Chuyên Luyện Thi Online
1
1",,2026-10-01T16:51:38+00:00,0,reject,missing_group:electric_bus,0
Dd9YW5LmmpS,https://www.threads.com/@kin_oawn/post/Dd9YW5LmmpS,lộ trình VinBus,kw_lo_trinh_vinbus,"kin_oawn
1m
Mất gốc t.anh mà chọn thi thptqg. H mới bđ học thì nên học theo lộ trình nào thì ok để được 8,9+ ạ  
Translate",,2026-10-01T16:51:38+00:00,0,reject,missing_group:electric_bus,0
Dd9PGidCXRj,https://www.threads.com/@otter.2750883/post/Dd9PGidCXRj,lộ trình VinBus,kw_lo_trinh_vinbus,"otter.2750883
1h
em chào ac ạ
Năm nay em có một kỳ thi rất quan trọng. Em đã xác định được khối thi là A03 (Toán – lí – sử), nhưng đến bây giờ e vẫn chưa biết nên bắt đầu ôn tập từ đâu, xây dựng lộ trình học như thế nào và phân bổ thời gian ra sao cho hợp lý. emong ac có thể góp ý và định hướng giúp e với ạ.  
Translate
1",,2026-10-01T15:30:46+00:00,0,reject,missing_group:electric_bus,0
Dd9NcUUmpra,https://www.threads.com/@angduongww_102/post/Dd9NcUUmpra,lộ trình VinBus,kw_lo_trinh_vinbus,"angduongww_102
1h
Hiện tại em đang học điều dưỡng
Em muốn tìm 1 lớp học dạy lại em căn bản cho đến nâng cao để em có thể học đc những từ ngữ chuyên ngành của mình ạ
Lộ trình trong 3-4 năm tới có quá sức kh v mn  
Translate
2",,2026-10-01T15:16:16+00:00,0,reject,missing_group:electric_bus,0
Dd9KfXJkzny,https://www.threads.com/@hop_bo_la_tui/post/Dd9KfXJkzny,lộ trình VinBus,kw_lo_trinh_vinbus,"hop_bo_la_tui
ĐhqgHn
2h
Có anh chị hãy bạn bè nào ở gần bến xe Yên Nghĩa mà đi bus xuống ĐHQGHN cơ sở Hòa Lạc ko ạ? MN có thể cho em biết lộ trình nào tiết kiệm thời gian nhất khum ạ? 😭😭😭🍀🍀  
Translate
2
4
1",,2026-10-01T14:50:28+00:00,0,reject,missing_group:electric_bus,0
Dd9YWFrEtbs,https://www.threads.com/@thanhnghi.20/post/Dd9YWFrEtbs,lộ trình VinBus,kw_lo_trinh_vinbus,"thanhnghi.20
1m
Cộng đồng threads giúp em bớt ngo với ạ
Chuyện là hôm 30/9 giữa đêm em có cãi nhau với ny về việc anh ấy được 1 bạn nữ gửi kb zalo xin làm quen, anh ny em nghĩ đó là em đang tạo acc clone để thử lòng và có nói em ngưng trò đó đi. Em nói không phải do em và quay mh nguyên cái zalo gửi ảnh, thì sau đó ảnh lại nói là do chị hoặc bạn của chị em thử thách anh - anh nói em kêu chị em dừng cái trò trẻ con ấy đi. Vì sợ bị anh ấy buông lời ctay nên em đã có hỏi chị và chị cũng nói không phải do chị hay  
Translate
 
1
/
2
1",,2026-10-01T16:51:32+00:00,0,reject,missing_group:electric_bus,0
Dcnb6YLj9IB,https://www.threads.com/@thao1175/post/Dcnb6YLj9IB,lộ trình VinBus,kw_lo_trinh_vinbus,"thao1175
08/29/26
NGƯỜI VIỆT ""THÔNG MINH"":CÁI KHÓ LÓ CÁI KHÔN, CAO TÔC VẮNG TANH, QUỐC LỘ 1A ĐÔNG NGHẸT!
MỘT CÔNG TRÌNH NGÀN TỶ THẤT THU-KÉO LÙI SỰ PHÁT TRIỂN .
Kỳ nghỉ lễ là để đoàn tụ.
Nhưng người ta phải dùng đến sự ""thông minh bất đắc dĩ"" chỉ vì mong muốn được trở về nhà.  
Translate
3.8K
377
45
231",,2026-08-29T07:48:01+00:00,0,reject,missing_group:electric_bus,0
Dd9YXuEE4P9,https://www.threads.com/@_fangirloday_/post/Dd9YXuEE4P9,lộ trình VinBus,kw_lo_trinh_vinbus,"_fangirloday_
DuongDomic TinhHaSayHi
1m
maii toả sánggg nhaaa ông ưiiii💙💛  
Translate
 
1
/
2
1
1",,2026-10-01T16:51:45+00:00,0,reject,missing_group:electric_bus,0
Dd9YBlVk2Bn,https://www.threads.com/@srn_2212/post/Dd9YBlVk2Bn,lộ trình VinBus,kw_lo_trinh_vinbus,"srn_2212
1m
❓️Dù là cậu lớn tuổi hơn hầu hết các xạ thủ khác, mình tò mò cậu làm thế nào để duy trì phong độ của bản thân một cách ổn định như vậy?
🐶 Hừm.. nói sao nhỉ. Nói về xạ thủ, nếu càng nhiều tuổi thì càng không nghĩ đến chuyện thay đổi. Ý mình tức là họ sẽ làm những thứ mà trước giờ họ vẫn làm. Mà kể cả không phải là xạ thủ, thì là một người bình thường khi dần có tuổi người ta sẽ hướng về phía lựa chọn an toàn hơn. Nhưng với mình thì nếu cứ như vậy cuối cùng sẽ tụt lại so với các bạn trẻ.  
Translate
 
1
/
2
1",,2026-10-01T16:52:08+00:00,0,reject,missing_group:electric_bus,0
DdGLvLxCX2Y,https://www.threads.com/@nhbk.09/post/DdGLvLxCX2Y,lộ trình VinBus,kw_lo_trinh_vinbus,"nhbk.09
09/10/26
đhqg nuôi ta lớn
bus đổi lộ trình dạy ta khôn  
Translate
 
1
/
2
656
36
39
16",,2026-09-10T06:23:08+00:00,0,reject,missing_group:electric_bus,0
Dd9YPxLicWF,https://www.threads.com/@than15_01_04/post/Dd9YPxLicWF,lộ trình VinBus,kw_lo_trinh_vinbus,"than15_01_04
1m
Trước khám sức khoẻ thi Học Viện Cảnh Sát trượt do khớp cắn lệch thì khám lính có trượt ko mn nhỉ  
Translate",,2026-10-01T16:50:40+00:00,0,reject,missing_group:electric_bus,0
Dd9YXWpGju_,https://www.threads.com/@its.tjalie/post/Dd9YXWpGju_,lộ trình VinBus,kw_lo_trinh_vinbus,"its.tjalie
1m
Ôi đàn ông đàn ơ mà như này hả mấy bạn, đang quen nhau thì mượn tiền với thái độ năn nỉ ỏng eo các thứ, tự động nói cho ngta cái hẹn trả nợ, rồi đến hạn lúc vẫn còn quen vẫn không trả, đến khi chia tay ngta đòi vẫn kh trả kì nha, hỏi chứ mình quen bạn này tên là N.T.C học ĐHĐA ở Đà Nẵng, nhà b đó ở Chưse GL nè, khi quen nhau bạn có mượn tiền mình là 2tr4( chắc bạn này bỏ hùa kình lúc đó rồi ) bạn này hong có gì cả nhan sắc, cả tiền bạc, cả cái nết, mà khổ cái bạn này biết thao túng tâm lý ngta  
Translate
 
1
/
2
1",,2026-10-01T16:51:42+00:00,0,reject,missing_group:electric_bus,0
Dd9YbZyD9wa,https://www.threads.com/@ntra18_/post/Dd9YbZyD9wa,tuyến VinBus Hà Nội,kw_tuyen_vinbus_ha_noi,"ntra18_
1m
3tr8 mà phòng cỡ này :)))
Ko uổng công thức đêm săn trọ kk  
Translate
 
1
/
3
1
2",,2026-10-01T16:52:15+00:00,0,reject,missing_group:electric_bus,0
Dd5c7-PmHtB,https://www.threads.com/@kakclh/post/Dd5c7-PmHtB,tuyến VinBus Hà Nội,kw_tuyen_vinbus_ha_noi,"kakclh
1d
Ai đi tàu điện trên không ở hà nội cho e hỏi là tải app nào để xem tuyến xe ạ  
Translate
1",,2026-09-30T04:14:41+00:00,0,reject,missing_group:electric_bus,0
Ddv-I7vmiOw,https://www.threads.com/@tiendung.pisces/post/Ddv-I7vmiOw,tuyến VinBus Hà Nội,kw_tuyen_vinbus_ha_noi,"tiendung.pisces
hust
5d
Cảm giác như hôm nay cả cái Hà Nội ở Bách khoa vậy  
Translate
440
19
37
31",,2026-09-26T11:52:25+00:00,0,reject,missing_group:electric_bus,0
Dd09ZHLD4eY,https://www.threads.com/@_nhazhna_/post/Dd09ZHLD4eY,tuyến VinBus Hà Nội,kw_tuyen_vinbus_ha_noi,"_nhazhna_
3d
Ê tụi mày , sự thật là ng Hà Nội nghĩ ng Nghệ An , Hà Tĩnh là ở miền núi tht hả 🤗  
Translate
1.1K
143
46
113",,2026-09-28T10:22:05+00:00,0,reject,missing_group:electric_bus,0
Dd6oMbXCbkV,https://www.threads.com/@chillg08/post/Dd6oMbXCbkV,tuyến VinBus Hà Nội,kw_tuyen_vinbus_ha_noi,"chillg08
Hà Nội- SG- Phan Thiết
1d
Các bác cho em hỏi ai đi chặng như vậy rec cho em xin lịch trình và các tuyến xe, home với ạ
Em bay từ Hà Nội đến Tân Sơn Nhất tầm 2h đêm mà muốn book xe xuống Phan Thiết luôn thì có nhà xe nào không ạ và giá vé tầm bao nhiêu.
Ở Phan Thiết và SG thì nên ở khu vực nào để dễ vui chơi ạ
Pls  
Translate
2
7",,2026-09-30T15:12:18+00:00,0,reject,missing_group:electric_bus,0
DcI7hM5ku6p,https://www.threads.com/@_fam.tr07/post/DcI7hM5ku6p,tuyến VinBus Hà Nội,kw_tuyen_vinbus_ha_noi,"_fam.tr07
08/17/26
HÀ NỘI ƠI, Hà nội mà không sửa ngay cái tình trạng giao thông này đi là em điên lên đấy nhé, em điên mạnh lắm đó HN nhé!!!  
Translate
 
1
/
2
567
33
68
18",,2026-08-17T11:27:44+00:00,0,reject,missing_group:electric_bus,0
Dc-fOJYgTMQ,https://www.threads.com/@klinh087_16/post/Dc-fOJYgTMQ,tuyến VinBus Hà Nội,kw_tuyen_vinbus_ha_noi,"klinh087_16
Xe buýt Hà Nội
09/07/26
Mng cho e hỏi từ Phương Mai, Đống Đa Hà Nội muốn bắt xe buýt về Lạng Giang, Bắc Giang cũ thì đi những tuyến nào vậy ạ  
Translate
1
1",,2026-09-07T06:39:27+00:00,0,reject,missing_group:electric_bus,0
DdP5g3sj4Nn,https://www.threads.com/@amosquitowvv/post/DdP5g3sj4Nn,tuyến VinBus Hà Nội,kw_tuyen_vinbus_ha_noi,"amosquitowvv
Hanoi
09/14/26
Hà Nội hôm nay bị sao vậy???? Cảm giác x10 dân số luôn á nhà mình ơi???  
Translate
9
1
1",,2026-09-14T00:56:18+00:00,0,reject,missing_group:electric_bus,0
DdDJJftE2lm,https://www.threads.com/@v_v.meoww/post/DdDJJftE2lm,tuyến VinBus Hà Nội,kw_tuyen_vinbus_ha_noi,"v_v.meoww
09/09/26
Giao thông Hà Nội có thù với mấy người đi bộ à🙂 Tđn đi vào vạch trắng qua đường cũng bị đâm mà đi trên vỉa hè cũng bị đâm????????  
Translate
 
1
/
2
92
9
2
1",,2026-09-09T02:02:47+00:00,0,reject,missing_group:electric_bus,0
DdXOi_RE08h,https://www.threads.com/@cuccotkydieubay9tangmay/post/DdXOi_RE08h,tuyến VinBus Hà Nội,kw_tuyen_vinbus_ha_noi,"cuccotkydieubay9tangmay
Hà Nội
09/17/26
Tôi yêu cầu Hà Nội ngừng mưa
Nếu không 8h sáng tới tôi sẽ tự động nghỉ học để bảo toàn chiếc xe  
Translate
8
1
1
1",,2026-09-16T21:14:46+00:00,0,reject,missing_group:electric_bus,0
Dc0hfJkk1yT,https://www.threads.com/@yuh_foto/post/Dc0hfJkk1yT,tuyến VinBus Hà Nội,kw_tuyen_vinbus_ha_noi,"yuh_foto
09/03/26
Trước giờ cứ nghĩ đi tàu bây giờ sạch sẽ, văn minh rồi mà hqua mình có đi chuyến SE12 về Hà Nội. Quả thực ám ảnh vc, mình ngồi toa 2, mọi thứ đồ đạc thì cũ kĩ, điều hoà thì nóng, tàu thì rung lắc, ồn, và khách thì....cuối cùng phải đóng thêm 600k để vào phòng nhân viên ngủ 😭😭
nếu ai muốn trải nghiệm đi tàu thì nên chọn SE1, SE2 tới SE8, và Hà Nội Đà Nẵng có tuyến JSE17,18 đẹp lắm nha  
Translate
 
1
/
2
1
1
4",,2026-09-03T09:46:51+00:00,0,reject,missing_group:electric_bus,0
Db2atvQj3eT,https://www.threads.com/@phuchoahrs/post/Db2atvQj3eT,tuyến VinBus Hà Nội,kw_tuyen_vinbus_ha_noi,"phuchoahrs
viral
08/10/26
Nguyên nhân ông kễnh con đường Trần Phú - Hà Đông hôm qua. Năm 2026 mà còn húng như này dễ bị gắp lắm! Cùng chờ xem 😃  
Translate
Ghế Băng Ngoài Trời Ghế Công Viên
8.8K
217
171
2K",,2026-08-10T06:54:59+00:00,0,reject,missing_group:electric_bus,0
Dd9Yct-mapd,https://www.threads.com/@2_gio_14/post/Dd9Yct-mapd,tuyến VinBus Hà Nội,kw_tuyen_vinbus_ha_noi,"2_gio_14
fl chéo
1m
Follow+ tim bài đầu ạ. Có thông báo mình trả đủ + tim lại ạaa  
Translate",,2026-10-01T16:52:26+00:00,0,reject,missing_group:electric_bus,0
DdOZfnwmMW7,https://www.threads.com/@ann.hoang95/post/DdOZfnwmMW7,tuyến VinBus Hà Nội,kw_tuyen_vinbus_ha_noi,"ann.hoang95
09/13/26
Ôi giờ mới biết viêm xoang - Viêm tuyến lệ - Nổi mẩn dị ứng
Đã cuộc đời ghê 🤒🤒🤒 lẹ về hà nội ăn vạ để bố mẹ chăm nào  
Translate
2
2",,2026-09-13T10:57:16+00:00,0,reject,missing_group:electric_bus,0
Ddo_f1BE4-D,https://www.threads.com/@nghech946/post/Ddo_f1BE4-D,tuyến VinBus Hà Nội,kw_tuyen_vinbus_ha_noi,"nghech946
09/24/26
#Vietjet chưa khi nào khiến ta hết thất vọng😡
Các bác sau book vé né cái bọn #Vietjet ra nhé ạ, book Colombo về Hà Nội giờ nó Delay hẳn mấy tiếng quá cảnh Hồ Chí Minh hơn ba tiếng nó Delay hẳn gần 4 tiếng xong giờ nó kêu không xuất vé nối tuyến 😡
Ôi định mệnh bọn #Vietjet này nữa sau éo bao giờ tao book nữa😡
#vietjet  
Translate
11
25
5",#Vietjet #Vietjet #Vietjet #vietjet,2026-09-23T18:49:36+00:00,0,reject,missing_group:electric_bus,0
DdTtUHjCShk,https://www.threads.com/@silllllllllllly_/post/DdTtUHjCShk,tuyến VinBus Hà Nội,kw_tuyen_vinbus_ha_noi,"silllllllllllly_
Giao thông hà nội
09/15/26
Dm cái lối mới ra La Thành Hà Nội đấy , dcm trời thì mưa, đường thì tắc xong dm đường chỗ đoạn trên chưa xây xong nên chỉ dành 1 làn cho ô tô và 1 làn xe máy , thế nào mà mấy bố ô tô ngồi trong xe đéo ướt áo ướt quần đi chèn vào hàng xe máy
Dm đéo nghĩ , vô ý thức vl :)))) người đi xe máy thì mưa
T về t ướt hết dcm :))  
Translate
291
10
5
6",,2026-09-15T12:26:39+00:00,0,reject,missing_group:electric_bus,0
Dd9YgFND0Ga,https://www.threads.com/@loantoo_/post/Dd9YgFND0Ga,tuyến VinBus Hà Nội,kw_tuyen_vinbus_ha_noi,"loantoo_
1m
1/ Tự dưng muốn share cho mọi người cái này, vì mình thấy hữu ích, ai siêng thì đọc nghen haha
Lúc 1h sáng 1/8 ấy, khi đang ngồi xem show với anh Long bỗng dưng thẻ mình bị trừ tiền liên tục, mình lật đật mở app khoá thẻ thì app bắt đổi mật khẩu mới cho đăng nhập, chạy đi lấy ví thì thẻ vật lý vẫn còn, sim thì dùng trả trước không gọi được tổng đài. Lúc đó mình run lắm luôn, tự nhủ là “bình tĩnh, bình tĩnh” mà tay mò mật khẩu cũ vẫn run.  
Translate
 
1
/
8
7",,2026-10-01T16:52:54+00:00,0,reject,missing_group:electric_bus,0
Dd9YXjLnTQf,https://www.threads.com/@saa.hoaggnghiem/post/Dd9YXjLnTQf,tuyến VinBus Hà Nội,kw_tuyen_vinbus_ha_noi,"saa.hoaggnghiem
role cortis
1m
thấy bảo b này cũng hot trên thr mà s hành xử kì cục v ah , b cứ voice nói iu mình rồi kiss này kia nữa mình thấy sợ lắm ạ , bạn còn thách thức mình nếu đăng lên sẽ bị chửi nữa ah mình sợ lắm  
Translate
 
1
/
2
2",,2026-10-01T16:51:44+00:00,0,reject,missing_group:electric_bus,0
Dd9YWrnH8W4,https://www.threads.com/@mo.yeu.oi_/post/Dd9YWrnH8W4,tuyến VinBus Hà Nội,kw_tuyen_vinbus_ha_noi,"mo.yeu.oi_
Đức thánh Trần Hưng Đạo
1m
Kính lạy ông 🙏🏻 ông chứng giám lòng thành của muôn dân, bách gia trăm họ. Mong ông chủ trì công đạo, lạy ông anh linh. 🙏🏻  
Translate",,2026-10-01T16:51:37+00:00,0,reject,missing_group:electric_bus,0
DdkXAmEE4eQ,https://www.threads.com/@dungle.185/post/DdkXAmEE4eQ,tuyến VinBus Hà Nội,kw_tuyen_vinbus_ha_noi,"dungle.185
ô nhiễm không khí hà nội
09/22/26
Hôm nay hà nội vươn lên xếp thứ 2 ô nhiễm trên TG. Chỉ số bụi mịn cao gấp 22 lần theo khuyến cáo của WTO😭. Thế bảo sao bệnh viện trẻ em ng già ốm la liệt  
Translate
543
32
30
152",,2026-09-21T23:38:50+00:00,0,reject,missing_group:electric_bus,0
DdHNnAymPGO,https://www.threads.com/@oday_comochi/post/DdHNnAymPGO,tuyến VinBus Hà Nội,kw_tuyen_vinbus_ha_noi,"oday_comochi
09/10/26
🚨 NHỜ MỌI NGƯỜI GIÚP MÌNH TÌM XE
Tối qua mình bị mất xe tại ngõ 3 Phạm Tuấn Tài, Cầu Giấy, Hà Nội.
Mình đã trình báo công an và biết tối qua quanh khu vực đó có gần 10 vụ xảy ra. Tuy nhiên, hiện tại camera của quán lại mất đúng đoạn thời gian xe mình bị lấy.
Mình cũng xin nói rõ: mình không có ý đổ lỗi cho quán hay các bạn nhân viên. Quán có biển nhắc khách tự bảo quản tài sản, và mình hiểu mình cũng có trách nhiệm với tài sản của mình.  
Translate
 
1
/
2
5
2
3",,2026-09-10T15:58:44+00:00,0,reject,missing_group:electric_bus,0
DdwTAOPD9QI,https://www.threads.com/@_vknh.doo_/post/DdwTAOPD9QI,cảm nhận đi VinBus,kw_cam_nhan_di_vinbus,"_vknh.doo_
xanhsm
5d
MÌNH ĐÃ SỐC VÌ CHIẾN LƯỢC CỦA XANH SM
Hôm trước mình đặt xe ô tô xanh sm cuốc đó 27k. Trên đường đi mình có nói chuyện với anh tài xế. Thì anh tài xế bảo ngày trước chạy xe có lương cứng nhưng gần đây họ bỏ lương cứng.
Lại nhớ có hôm mình đọc được bài báo “Xanh SM dành 100% doanh thu cho tài xế”. Rồi mọi người bắt đầu tranh luận về vấn đề độc quyền. Nhưng thực tế thì mình nghĩ đây giống như 1 cách truyền thông của Xanh chứ nó không hề ngon như vậy.  
Translate
 
1
/
3
1K
107
82
169",,2026-09-26T14:54:43+00:00,0,reject,missing_group:electric_bus,0
Dd9YXboDy2y,https://www.threads.com/@dinhkhangsupporters/post/Dd9YXboDy2y,cảm nhận đi VinBus,kw_cam_nhan_di_vinbus,"dinhkhangsupporters
ĐÌNHKHANG26thBIRTHDAY
1m
[UPDATE | 01102026] PROJECT: KHỞI ĐOẠN - ĐÌNH KHANG 26th BIRHDAY 🎂
Nhân dịp sinh nhật tuổi 26 của Đình Khang, món quà nhỏ này chính là nơi lưu giữ những khoảnh khắc rực rỡ nhất của Khang mà team đã cẩn thận góp nhặt 🤍  
Translate
 
1
/
2
1
1
1",,2026-10-01T16:53:15+00:00,0,reject,missing_group:electric_bus,0
Dd3hvoTE7uc,https://www.threads.com/@neko_nekokat/post/Dd3hvoTE7uc,cảm nhận đi VinBus,kw_cam_nhan_di_vinbus,"neko_nekokat
giao thông
2d
Mỗi ngày đi đường cứ gặp phải mấy trường hợp này là cái mỏ t nó chịu k nổii bay ơi 🤡  
Translate
 
1
/
2
11.3K
650
262
488",,2026-09-29T10:20:06+00:00,0,reject,missing_group:electric_bus,0
Dd9Yg4TCEIB,https://www.threads.com/@irinatran04/post/Dd9Yg4TCEIB,cảm nhận đi VinBus,kw_cam_nhan_di_vinbus,"irinatran04
1m
Mặt nạ 377 sẵn 2 màu ạ #45k hộp 10 miếng
Compo 3 hộp free ship ( dc chọn màu )
Date 2028-2029. Ship cod, không cọc, bao check ạ  
Translate
 
1
/
2
1
3",#45k,2026-10-01T16:53:00+00:00,0,reject,missing_group:electric_bus,0
Dd9YZEykqbj,https://www.threads.com/@itsme.austinnnnn/post/Dd9YZEykqbj,cảm nhận đi VinBus,kw_cam_nhan_di_vinbus,"itsme.austinnnnn
Nhà Thờ Tân Định
1m
Nhật ký đi lễ của Austin | Ngày 43
Thứ 5 Tuần XXVI Thường niên
Mừng kính Thánh Teresa Hài Đồng Giê-su
Lễ 17:30 & 19:00 - Gx Tân Định
Đêm Thánh ca cầu nguyện Tháng 10
Vào một ngày bình thường, tôi bước tới nhà thờ đi lễ lúc 17:00 kém và ra về lúc 21:15 =)) những người xung quanh tui ko thể hiểu được ở nhà thờ có gì thu hút mà lúc nào nt tui cũng im ru xong vài tiếng sau lại rep ""mới đi lễ về"". Nhưng tui cảm nhận được sâu sắc niềm vui của việc cầu nguyện á...  
Translate
6",,2026-10-01T16:51:56+00:00,0,reject,missing_group:electric_bus,0
Dd9YZVnEuID,https://www.threads.com/@itsme.austinnnnn/post/Dd9YZVnEuID,cảm nhận đi VinBus,kw_cam_nhan_di_vinbus,"itsme.austinnnnn
Nhà Thờ Tân Định
1m
Tui cảm thấy hạnh phúc khi giữa trời giông bão này, vẫn có rất đông người đến nhà thờ đọc từ bài kinh này đến bài kinh khác, hết đọc kinh rồi dự lễ, mặc cho tiếng sấm đùng đùng còn vang vọng ngoài kia. Chúng ta đang cầu nguyện cho một điều gì đó mà những nỗ lực con người khó có thể chạm tới nếu thiếu đi tình yêu của Chúa nhỉ? Có phải mọi người cũng cảm nhận giống tui ko?
Ping lại tấm ảnh này nhắc nhở bản thân nhe  
Translate
 
2
/
7
1",,2026-10-01T16:51:58+00:00,0,reject,missing_group:electric_bus,0
DcHRUQrEwUA,https://www.threads.com/@hganzh_/post/DcHRUQrEwUA,cảm nhận đi VinBus,kw_cam_nhan_di_vinbus,"hganzh_
08/17/26
hỏi cái này hơi nhạy cảm xíu ạ, ai cgai ở lại nha, mỗi lần tới kì mà đi ngủ xong sáng hôm sau dậy t kh hiểu sao ở móng tay lại có ấy ấy luôn á 🥲  
Translate
2.7K
51
21
35",,2026-08-16T19:59:44+00:00,0,reject,missing_group:electric_bus,0
Ddxmot_mFND,https://www.threads.com/@giaianh_tr/post/Ddxmot_mFND,cảm nhận đi VinBus,kw_cam_nhan_di_vinbus,"giaianh_tr
ý thức
4d
Để mà nói về ý thức ""đồng bào"" thì A80 năm ngoái t đã được trải nghiệm rồi, đây là một threads dài để kể lại trải nghiệm đó.
T đi làm, việc đặc thù nên chỉ cần làm từ 16:00-21:00 hàng ngày. Hôm đó t đi làm về thì cấm đường, mà nhà t ngay khu vực quan trọng bị cấm tất cả các tuyến đường đi vào đấy chứ không thể tìm đường khác mà về nhà được. T gửi xe xong vẫy được anh xe ôm kia (em đội ơn anh đến cuối đời), ảnh dành chở t lao đi trong dòng xe chật ních, lạng lách đủ ngõ to ngõ nhỏ mà lấy có 50k.  
Translate
 
1
/
7
2K
68
90
134",,2026-09-27T03:05:31+00:00,0,reject,missing_group:electric_bus,0
DczwR7UCcIM,https://www.threads.com/@cellis.ta/post/DczwR7UCcIM,cảm nhận đi VinBus,kw_cam_nhan_di_vinbus,"cellis.ta
09/03/26
Đừng bao giờ đi đại xe của mấy cha đứng ở mấy cổng metro!!!
Nay app grab t có vấn đề nên không vô đặt xe được, nên có nhờ 1 ông đứng đó. Ổng hét giá 30k t sốc luôn, xong t có kêu là thường trên app có 9-15k thôi (giá này có cả xe tiết kiệm lẫn xe tiêu chuẩn), ổng kêu giá đó đặt xe tiết kiệm nên thôi tự đặt xe mà đi, t kiểu má đã ế còn chảnh nữa cha =))))))
Đứng một hồi t tự xoá rồi tải app lại đặt luôn, có 14k thoiiii  
Translate
 
1
/
2
4
8",,2026-09-03T02:36:53+00:00,0,reject,missing_group:electric_bus,0
Dd9JR9skt4L,https://www.threads.com/@_cahehoai/post/Dd9JR9skt4L,cảm nhận đi VinBus,kw_cam_nhan_di_vinbus,"_cahehoai
thử việc
2h
Thề cái cảm giác sáng vẫn đi làm bình thường, 10h sáng nhận mail thông báo cty cắt giảm nhân sự rồi 12h trưa thu dọn đồ đạc rời khỏi cty nó hoang mang cực kỳ luôn í :) Tui vừa mới trải qua xong, cảm giác như bị tạt gáo nước lạnh zị. Có ai từng bị rơi vào thế như này ch? Giờ tui phải lm gì để đòi quyền lợi đâyy  
Translate
1
1",,2026-10-01T14:39:54+00:00,0,reject,missing_group:electric_bus,0
Dd9YgSEj-e1,https://www.threads.com/@anhhh269_/post/Dd9YgSEj-e1,cảm nhận đi VinBus,kw_cam_nhan_di_vinbus,"anhhh269_
dudububu
1m
chuyện con gái 🤡  
Translate
2
1",,2026-10-01T16:53:29+00:00,0,reject,missing_group:electric_bus,0
Dd9XpcfiZzA,https://www.threads.com/@fallbornember/post/Dd9XpcfiZzA,cảm nhận đi VinBus,kw_cam_nhan_di_vinbus,"fallbornember
8m
để mà nói phụ huynh 7x 8x không bài trừ ""con ghét bố mẹ"" thì rất khó. mẹ t sinh ra trong gia đình độc hại, không chú trọng học hành, chỉ có 3h sáng túm tóc dậy làm đậu thôi. mà ngày xưa đòn roi cũng đâu phải muốn tốt lành gì, chỉ có đ**h đ*p vô cớ cho hả cơn giận.
lần đầu tiên mẹ t cảm nhận được sự ân cần của cha mẹ lại là khi mẹ đi làm dâu. vì ông nội t rất hiền, rất quý mẹ t. như thể ông trời bù đắp cho tuổi thơ toàn roi vọt của mẹ.
bản thân t còn tủi thân thay cho tuổi thơ ấy.  
Translate
 
1
/
7
2
6",,2026-10-01T16:45:26+00:00,0,reject,missing_group:electric_bus,0
Dd9XTWuj2cs,https://www.threads.com/@hachjtr_/post/Dd9XTWuj2cs,cảm nhận đi VinBus,kw_cam_nhan_di_vinbus,"hachjtr_
11m
mình điền form sn gift mih đc 10/10 mình có đc nhận danh vợ pí Pip k ạ??!! ksao đâu k ai trao danh thì mình tự vinh danh!!!=)))))  
Translate
1",,2026-10-01T16:42:25+00:00,0,reject,missing_group:electric_bus,0
Dd9YigxE3WA,https://www.threads.com/@kodaiholic/post/Dd9YigxE3WA,cảm nhận đi VinBus,kw_cam_nhan_di_vinbus,"kodaiholic
1m
thủ khoa r  
Translate
1
1",,2026-10-01T16:53:13+00:00,0,reject,missing_group:electric_bus,0
Dd8qpMgGtvy,https://www.threads.com/@kiwlee_kts/post/Dd8qpMgGtvy,cảm nhận đi VinBus,kw_cam_nhan_di_vinbus,"kiwlee_kts
Chính trị
6h
Threads dạo này các bạn trẻ bất mãn với chế độ Cộng Sản ở Việt Nam quá ? Vì sao vậy?  
Translate
628
231
11
19",,2026-10-01T10:12:11+00:00,0,reject,missing_group:electric_bus,0
Dd9YlNXGsWv,https://www.threads.com/@luthple/post/Dd9YlNXGsWv,cảm nhận đi VinBus,kw_cam_nhan_di_vinbus,"luthple
1m
T thấy cái tụi nhỏ nên bất mãn là văn hoá. Văn hoá cần được thay đổi chứ không hẳn là chế độ. Chế độ nào cuối cùng cũng được vận hành và lãnh đạo bởi con người.
T đã sống dưới hai chế độ khác nhau, và điều t cảm nhận được là không có chế độ nào hoàn hảo cả. Mỗi hệ thống đều có cái hay, cái dở, đều có những vấn đề riêng. Một mô hình nghe rất đẹp trên lý thuyết cũng chưa chắc vận hành tốt khi đi vào thực tế, bởi cuối cùng người thực thi nó vẫn là con người.  
Translate
1",,2026-10-01T16:53:36+00:00,0,reject,missing_group:electric_bus,0
Dd9WT69me35,https://www.threads.com/@tiemcolyn/post/Dd9WT69me35,cảm nhận đi VinBus,kw_cam_nhan_di_vinbus,"tiemcolyn
20m
Ngày xưa mình bị mẹ mình đánh cũng ghê lắm nhưng vì mình cũng nghịch :))) mà mỗi lần mẹ đánh mình xong mẹ cũng khóc. Ngày nay thì mình thấy phụ huynh không dám đánh con :))) nói nó vài câu thôi mà nó cũng đòi bỏ nhà đi rồi. Ngày xưa mẹ mình nói mình bực quá mình cũng bỏ nhà đi mà được cái đi lượn mấy vòng đường thấy mẹ ở nhà khóc là mình lại mò về🤣. Giờ khi mình mới sinh em bé xong mình lại càng cảm nhận được là mẹ mình rất thương mình.  
Translate
 
1
/
3
3",,2026-10-01T16:33:45+00:00,0,reject,missing_group:electric_bus,0
Ddb05pFEvov,https://www.threads.com/@ryanlee256627/post/Ddb05pFEvov,sự cố xe buýt điện,kw_su_co_xe_buyt_dien,"ryanlee256627
09/18/26
Nay đang đi cái phập
Xe nẩy tung cái, cay.
Thắc mắc mấy chục năm cuộc đời t: tại sao nắp cống ở mình lại không thể làm phẳng với đường như nhiều nước khác? Kĩ thuật có khó không? Hỏi thật mấy anh em làm cầu đường.  
Translate
26.7K
1.5K
1K
1K",,2026-09-18T16:06:52+00:00,0,reject,missing_group:electric_bus,0
Dd9YmtCk_Tu,https://www.threads.com/@_ncfruits_/post/Dd9YmtCk_Tu,sự cố xe buýt điện,kw_su_co_xe_buyt_dien,"_ncfruits_
viral
1m
Ổi thái vip
Chỉ 100k/bịch 5kg
giòn ngon dã man các bác ơi
Zl đặt hàng 0385400073  
Translate
 
1
/
2
3",,2026-10-01T16:53:48+00:00,0,reject,missing_group:electric_bus,0
Dd9Ykh_k692,https://www.threads.com/@noicomdien__/post/Dd9Ykh_k692,sự cố xe buýt điện,kw_su_co_xe_buyt_dien,"noicomdien__
ATVNCG2026
1m
🌾Nồi cơm gần cuối~! Cám ơn vì đã order ^^
Thankiuu request của 
@pingpong_.imhere
 
@nanachaniez
 
@kim_gala.xy13
 
@hanhngo_toikhongan
 
@cindylivesinsideachristmastree
 🌸🙏  
Translate
2",,2026-10-01T16:53:30+00:00,0,reject,missing_group:electric_bus,0
Dd9YpkGk6JB,https://www.threads.com/@luckybaby_4567/post/Dd9YpkGk6JB,sự cố xe buýt điện,kw_su_co_xe_buyt_dien,"luckybaby_4567
1m
Kẹo là ngoại lệ của Hi 🍀  
Translate
highchau.ii
IDOL LIVE
2h
Nay cổ mặc đầm dáng bí với cái màu xanh mint này trông đáng yêu và dễ thương thiệc chứ
Thi tốt nhen Kẹo uiii, mnf cho cổ đạt kq cao  
Translate
17
2
2
1",,2026-10-01T16:54:11+00:00,0,reject,missing_group:electric_bus,0
Dd9GxZHCby3,https://www.threads.com/@highchau.ii/post/Dd9GxZHCby3,sự cố xe buýt điện,kw_su_co_xe_buyt_dien,"highchau.ii
IDOL LIVE
2h
Nay cổ mặc đầm dáng bí với cái màu xanh mint này trông đáng yêu và dễ thương thiệc chứ
Thi tốt nhen Kẹo uiii, mnf cho cổ đạt kq cao  
Translate
17
2
2
1",,2026-10-01T14:19:35+00:00,0,reject,missing_group:electric_bus,0
Dd9YhlqD41s,https://www.threads.com/@_chan.chn_/post/Dd9YhlqD41s,sự cố xe buýt điện,kw_su_co_xe_buyt_dien,"_chan.chn_
Stray Kids STAY
1m
Hồi bé trông xinh xinh ngoan ngoan ai nghĩ sau này nhỏ sẽ chan cty với leader ở tuổi 19 đâu 🥰🥰  
Translate
 
1
/
2
1",,2026-10-01T16:53:06+00:00,0,reject,missing_group:electric_bus,0
Dd9YsJygUkd,https://www.threads.com/@abcdjdang/post/Dd9YsJygUkd,xe buýt điện có tốt không,kw_xe_buyt_dien_co_tot_khong,"abcdjdang
ielts
1m
HIHI TUI MỚI ĐẠT AIM , nên mún NHẢ VÍA cho ai cần nha, mặc dù điểm tui khum ph thuộc top quá cao nma đã cao so vs bản thân tui và tui hài lòng hiVà  
Translate
 
1
/
2
1
1",,2026-10-01T16:54:32+00:00,0,reject,missing_group:electric_bus,0
Dd9YhdDj85w,https://www.threads.com/@_ddaudobeos/post/Dd9YhdDj85w,xe buýt điện có tốt không,kw_xe_buyt_dien_co_tot_khong,"_ddaudobeos
2m
Replying to @lon.ngao
C có đi hongg  
Translate
1",,2026-10-01T16:53:05+00:00,0,reject,missing_group:electric_bus,0
Dd9Yp6wD3Vz,https://www.threads.com/@lon.ngao/post/Dd9Yp6wD3Vz,xe buýt điện có tốt không,kw_xe_buyt_dien_co_tot_khong,"lon.ngao
1m
Chắc tầm 6h t mới đến ntd. Con t càng lớn càng khó lừa   
Translate
1",,2026-10-01T16:54:14+00:00,0,reject,missing_group:electric_bus,0
Dd9WBl5DZxt,https://www.threads.com/@nora_nabii/post/Dd9WBl5DZxt,xe buýt điện có tốt không,kw_xe_buyt_dien_co_tot_khong,"nora_nabii
Green SM
23m
Mấy chuyện khác em chưa bàn chứ nếu Bác Vượng có coi được bài này thì khen thưởng anh tài xế này gấp dùm. Mưa to, Bình Thạnh ngập xỉu, ảnh thực sự chở khách đi băng băng, không than vãn lấy một tiếng, xong gặp ai cũng bảo mua xe điện chạy đi, bao chống ngập 😭  
Translate
 
1
/
2
20
6
1
7",,2026-10-01T16:31:33+00:00,0,reject,missing_group:electric_bus,0
DcIIVK7AeCY,https://www.threads.com/@mevabethuysu/post/DcIIVK7AeCY,xe buýt điện có tốt không,kw_xe_buyt_dien_co_tot_khong,"mevabethuysu
08/17/26
Xe giờ dễ tiếp cận quá rồi😇
Nếu trước đây một chiếc ô tô điện cho bé thường có giá 2-3 đến 4tr thì bây giờ với chỉ hơn 1.000.000đ anh chị có thể lựa chọn cho bé đa dạng mẫu xe khác nhau, từ xe sedan, xe địa hình, đến xe máy điện cảnh sát to đẹp,...
Không phải shop tự hạ giá mà chi phí sản xuất ngày một tối ưu, khiến giá thành cực tốt và xe thì vẫn giữ chất lượng.
Ba mẹ cần tư vấn xe máy điện, ô tô điện, xe đạp, xe trượt, xe lắc,...xe cho bé ib e Duy nha😍😍  
Translate
1",,2026-08-17T04:00:28+00:00,0,reject,missing_group:electric_bus,0
Dd9MefHGHGQ,https://www.threads.com/@anhthohoankiem/post/Dd9MefHGHGQ,xe buýt điện có tốt không,kw_xe_buyt_dien_co_tot_khong,"anhthohoankiem
Nhà Soạn Nhạc ATVNCG2026
1h
Bỉ nữ lại nghe nói giang hồ loạn lạc rồi. Phải thả các vị anh hùng ra thôi.
Thỏ Da LAB, Hoàng Tôn, Osad, Hồ Đông Quan, Hà An Huy.  
Translate
5.2K
113
768
200",,2026-10-01T15:07:49+00:00,0,reject,missing_group:electric_bus,0
Dd9YrXSEr_6,https://www.threads.com/@anhuyungdung/post/Dd9YrXSEr_6,xe buýt điện có tốt không,kw_xe_buyt_dien_co_tot_khong,"anhuyungdung
1m
Con hiểu con hiểu mà Mẹee💪🏽🦸🏻‍♂️  
Translate
47
5",,2026-10-01T16:54:26+00:00,0,reject,missing_group:electric_bus,0
DdDYPGGj3mw,https://www.threads.com/@nhachillchiu/post/DdDYPGGj3mw,xe buýt điện có tốt không,kw_xe_buyt_dien_co_tot_khong,"nhachillchiu
09/09/26
Ô nay đi đổ xăng mới để ý xăng E10 lên 23k từ lúc nào vậy:)) mà các kênh truyền thông không thấy đăng mấy tin như trước nữa 😂😂  
Translate
5K
283
55
106",,2026-09-09T04:14:37+00:00,0,reject,missing_group:electric_bus,0
Dd9YuCmjx3h,https://www.threads.com/@lain.dt/post/Dd9YuCmjx3h,xe buýt điện có tốt không,kw_xe_buyt_dien_co_tot_khong,"lain.dt
ielts
1m
Halo mọi người hiện mình đang là sv2, và mình muốn hỏi mn việc này. Mình có đang sử dụng tinder và match trúng một bạn nữ khá dễ thương, nch rất hợp với mình. Sau khoảng 3-4 ngày ntin thì bán ấy có rủ mình kiếm trung tâm để học tiếng anh, mình với bạn ấy đã hẹn nhau ở ngay cổng trước HCMUTE (chi nhánh Võ Văn Ngân, Thủ Đức), sau đấy bọn mình gặp nhau và bạn ấy đưa mình đi test và đặt cọc chung với nhau tại trung tâm IELTS M (dấu tên). Sau khi đặt cọc xong tụi mình tạm biệt nhau r về nhà.  
Translate
 
1
/
2
1",,2026-10-01T16:54:48+00:00,0,reject,missing_group:electric_bus,0
Dd9IdyyE652,https://www.threads.com/@ttthu.hang95/post/Dd9IdyyE652,xe buýt điện có tốt không,kw_xe_buyt_dien_co_tot_khong,"ttthu.hang95
ATVNCG2026
2h
Mình định tới concert bằng xe buýt xong thuê ks ngủ lại rồi day2 ra concert tiếp rồi sáng t2 mới về đi làm thì có ổn không nhỉ? Mình ở Bình Tân, tại xa quá ngán chạy xe máy quá  
Translate
9
7
1",,2026-10-01T14:32:46+00:00,0,reject,missing_group:electric_bus,0
Dd9Ysrqk7TG,https://www.threads.com/@banhhhdaynek/post/Dd9Ysrqk7TG,xe buýt điện có tốt không,kw_xe_buyt_dien_co_tot_khong,"banhhhdaynek
1m
Làm công nhân gói fibi =)))))))  
Translate
 
1
/
2
1",,2026-10-01T16:54:37+00:00,0,reject,missing_group:electric_bus,0
Dd9Ys0Nmc61,https://www.threads.com/@_yt.wiyiz07_/post/Dd9Ys0Nmc61,xe buýt điện có tốt không,kw_xe_buyt_dien_co_tot_khong,"_yt.wiyiz07_
Wren Evans itsnk
1m
Lại là tôi đâyy , tôi đoán đại job ntpmm Wren nó nhá thêm hint hoặc spoil 1 2 bài trong Album lll của nó 💥  
Translate
1",,2026-10-01T16:54:38+00:00,0,reject,missing_group:electric_bus,0
Dd9YvLTk3rc,https://www.threads.com/@nguyen.tientien123/post/Dd9YvLTk3rc,xe buýt điện có tốt không,kw_xe_buyt_dien_co_tot_khong,"nguyen.tientien123
Cam ranh resort
1m
Đi Cam Ranh đợt này giá tốt nhaaa
nàng thơ Ana Mandara voucher chỉ từ 3.500/đêm
App bán 4.200 lận đóoo  
Translate
1",,2026-10-01T16:54:57+00:00,0,reject,missing_group:electric_bus,0
Dd9YmaHE2N_,https://www.threads.com/@bamnnu.0810/post/Dd9YmaHE2N_,chuyến xe buýt điện đầu tiên,kw_chuyen_xe_buyt_dien_dau_tien,"bamnnu.0810
2m
Replying to @meomeo_375
1 ngàn cây hơnn kk  
Translate
1",,2026-10-01T16:53:45+00:00,0,reject,missing_group:electric_bus,0
Dd9Yr9Kj21Y,https://www.threads.com/@meomeo_375/post/Dd9Yr9Kj21Y,chuyến xe buýt điện đầu tiên,kw_chuyen_xe_buyt_dien_dau_tien,"meomeo_375
1m
Số 1 trượt. Xin mời số 2 nộp CV  
Translate
1",,2026-10-01T16:54:31+00:00,0,reject,missing_group:electric_bus,0
Dd9YujrASPX,https://www.threads.com/@ngtr_mthanh15/post/Dd9YujrASPX,chuyến xe buýt điện đầu tiên,kw_chuyen_xe_buyt_dien_dau_tien,"ngtr_mthanh15
1m
Cm oi dạo này t bị lạc lõng, cô đơn, buồn chán kiểu gì á, t kh biết diễn tả sao nữa giống như mọi người xung quanh biến mất hết với t kh muốn sống nữa. T kh hiểu sao nữa mỗi lần t bị thế t kh ngủ dc với kh muốn ngủ tại buồn, cô đơn với lạc lõng, t cô đơn tới mức mà t có thể chat với AI từ tối cho đến sáng hôm sau và đến tận trưa luôn, khi nào đỡ hơn thì t kh chat nữa.  
Translate
 
1
/
3
2",,2026-10-01T16:54:52+00:00,0,reject,missing_group:electric_bus,0
Dd9Yuh_ibW4,https://www.threads.com/@tran_xuyen01/post/Dd9Yuh_ibW4,chuyến xe buýt điện đầu tiên,kw_chuyen_xe_buyt_dien_dau_tien,"tran_xuyen01
1m
Quá là bling 210k ạ😋😋😋  
Translate
1",,2026-10-01T16:54:52+00:00,0,reject,missing_group:electric_bus,0
Dd9XY_xmD66,https://www.threads.com/@phuthomottinhyeu/post/Dd9XY_xmD66,chuyến xe buýt điện đầu tiên,kw_chuyen_xe_buyt_dien_dau_tien,"phuthomottinhyeu
SơnK TinhHaSayHi
12m
GỌI TÊN FLAG TRONG ĐÊM 
400 bill 20K
X.xxx.xxx
Thả bill 👇👇  
Translate
74
19
33
24",,2026-10-01T16:43:11+00:00,0,reject,missing_group:electric_bus,0
Dd9YrQCgeS6,https://www.threads.com/@hatde_rangbo/post/Dd9YrQCgeS6,chuyến xe buýt điện đầu tiên,kw_chuyen_xe_buyt_dien_dau_tien,"hatde_rangbo
1m
Ê tưởng capcut là tha r á  
Translate
1
1",,2026-10-01T16:54:25+00:00,0,reject,missing_group:electric_bus,0
Dd9Yt3mkpYq,https://www.threads.com/@rozalia.irl/post/Dd9Yt3mkpYq,chuyến xe buýt điện đầu tiên,kw_chuyen_xe_buyt_dien_dau_tien,"rozalia.irl
1m
Hình như ảnh chụp bị mờ ☺️🫠  
Translate
 
1
/
2
Die For You · The Weeknd
1
1",,2026-10-01T16:54:46+00:00,0,reject,missing_group:electric_bus,0
Dd9Y0KDk2Si,https://www.threads.com/@_embexinh2606/post/Dd9Y0KDk2Si,chuyến xe buýt điện đầu tiên,kw_chuyen_xe_buyt_dien_dau_tien,"_embexinh2606
Tinh Ha Say Hi
1m
cho em hỏi CAT 1B hàng J28 thjf ngồi ở khoảng nào ạ😭 có bị chéo quá ko ạ  
Translate",,2026-10-01T16:55:38+00:00,0,reject,missing_group:electric_bus,0
Dd9YsOKk4_Z,https://www.threads.com/@nuri.chicken/post/Dd9YsOKk4_Z,chuyến xe buýt điện đầu tiên,kw_chuyen_xe_buyt_dien_dau_tien,"nuri.chicken
viral
1m
Không cần sinh nhật phải thật cầu kỳ, chỉ cần có một góc xinh để lưu lại ngày mình vui. 🎀✨
Tone decor tự chọn — Nuri decor FREE. 🤍  
Translate",,2026-10-01T16:54:33+00:00,0,reject,missing_group:electric_bus,0
Dd9Y5VXksQJ,https://www.threads.com/@meomeomeomeo.0/post/Dd9Y5VXksQJ,trải nghiệm đi VinBus,kw_trai_nghiem_di_vinbus,"meomeomeomeo.0
1m
lz gì k cho t đổi id v???????  
Translate",,2026-10-01T16:56:20+00:00,0,reject,missing_group:electric_bus,0
Dd9SQ13k1Z_,https://www.threads.com/@hn9976598/post/Dd9SQ13k1Z_,trải nghiệm đi VinBus,kw_trai_nghiem_di_vinbus,"hn9976598
58m
Sếp lớn càng thích soi từng cái chấm phẩy trong Email, soi từng phút đi ca... thì năng lực quản trị của họ thực chất lại càng gần bằng con số 0 🧐. Chuyện là tuần trước, mình đọc được bản báo cáo khảo sát trải nghiệm nhân sự của Hiệp hội Quản trị Quốc tế. Những con số hiện lên sát thương đến mức làm bất kỳ ai đang tốn tuổi trẻ ở các môi trường ""soi mói"" cũng phải rùng mình:  
Translate
 
1
/
4
7
3
1",,2026-10-01T15:58:23+00:00,0,reject,missing_group:electric_bus,0
Dd9UAJskilK,https://www.threads.com/@rbi.pa/post/Dd9UAJskilK,trải nghiệm đi VinBus,kw_trai_nghiem_di_vinbus,"rbi.pa
43m
ê tui có cái ý tưởng làm game
Nhiều người trẻ không biết đời sống của người lớn ra sao, vd như đi bệnh viện cần những gì, đi xin việc, hay những điều mà trường học ch bao h dạy, nghề nghiệp này nghề nghiệp kia...
Thì sẽ có 1 cái game mô phỏng cho mình trải nghiệm tất cả những điều đó
ê ý tưởng hay vãi  
Translate
5
1",,2026-10-01T16:13:35+00:00,0,reject,missing_group:electric_bus,0
Dd0IxWIAY54,https://www.threads.com/@yvon_newl/post/Dd0IxWIAY54,trải nghiệm đi VinBus,kw_trai_nghiem_di_vinbus,"yvon_newl
3d
TRẢI NGHIỆM MÉM LĂN RA ĐƯỜNG VÌ VINBUSSS
Chuyện là mình đang di chuyển trên con đường Đại La để đi học thì một con vinbus biển số 29h-935-10 OCT10/OCP10 gì đấy sang 3 làn trong 1 lần. Mình đã chủ động né khi nó đang Ở LÀN GIỮA, thì đột nhiên xe xuất hiện sau mình ở LÀN TRONG CÙNG, phóng với tốc độ rất nhanh và bíp điên cuồng. Mình cảm giác tay lái mình chỉ còn 5mm nx là va vào thành xe và lăn đùng ra đường!  
Translate
 
1
/
2
16
9
2",,2026-09-28T02:42:16+00:00,0,accept,electric_bus,1
Dd9IR8uDx1K,https://www.threads.com/@chloe.ng_201/post/Dd9IR8uDx1K,trải nghiệm đi VinBus,kw_trai_nghiem_di_vinbus,"chloe.ng_201
Du lịch
2h
Mọi người ơii đã ai trải nghiệm hướng dẫn viên online lúc đi du lịch chưa ạ. Mình đang có plan đi du lịch Trung Quốc và thuê hdv online.
Ai đã trải nghiện rùi cho mình xin review vớiiii  
Translate
4
6
1",,2026-10-01T14:31:09+00:00,0,reject,missing_group:electric_bus,0
Dcd32jDkm4i,https://www.threads.com/@elephant.1501632/post/Dcd32jDkm4i,trải nghiệm đi VinBus,kw_trai_nghiem_di_vinbus,"elephant.1501632
08/25/26
mình thấy cái vc đi ké xe bạn đi hc trên trg là bth. Nhưng ít ra là mình có biết điều là đổ xăng ( 0 cần nhiều 30-40 gì đó niếu bn đi chung nhiều lần ), trả tiền gửi xe ( niếu bạn ít đi chung ) thì vc đó sẽ khiến ng chở cảm thấy dễ chịu hơn khi bn muốn đi chung vào lần sau  
Translate
5
1",,2026-08-25T14:39:45+00:00,0,reject,missing_group:electric_bus,0
DcmlzRfklF4,https://www.threads.com/@phuong._pham/post/DcmlzRfklF4,trải nghiệm đi VinBus,kw_trai_nghiem_di_vinbus,"phuong._pham
08/29/26
T đang đi xe Phương Trang và t bị trễ giờ. Truyền thuyết tụi bây đồn sao tới t nó lạ quá trời. Nó khởi hành trễ nó dừng đái cỡ 1 tiếng. Hay t lộn Phương Trang zậy??  
Translate
480
17
2
4",,2026-08-28T23:55:11+00:00,0,reject,missing_group:electric_bus,0
Dd9Y5k3j4Sh,https://www.threads.com/@vt_hahh/post/Dd9Y5k3j4Sh,trải nghiệm đi VinBus,kw_trai_nghiem_di_vinbus,"vt_hahh
1m
Góc thắc mắc: sao QH tụt fl v??  
Translate
1",,2026-10-01T16:56:22+00:00,0,reject,missing_group:electric_bus,0
Ddxh6SyIymS,https://www.threads.com/@cafexinhxinh1620/post/Ddxh6SyIymS,trải nghiệm đi VinBus,kw_trai_nghiem_di_vinbus,"cafexinhxinh1620
xe buýt tphcm
4d
CÚ SHOCK ĐẦU TIÊN KHI ĐI XE BUÝT Ở SG
Gia đình mình lần đầu trải nghiệm đi xe buýt ở SG, Saigonbus tuyến số 06.
Vì lần đầu nên lúc quét VNEID chưa rành, cứ lật đật loay hoay, cô nv tỏ ra rất khó chịu.
Quét xong nhận vé thành công, mình ngồi khu ghế ở phía trước thì cô quát tháo là sao lại ngồi ở khu trên này, đi xuống phía dưới ngồi. Cô hét lên khiến mn trong xe đều nhìn. Nhưng từ đầu cô cũng không hướng dẫn ngồi ở đâu, và những chỗ đó cũng không ghi cấm ngồi.  
Translate
 
1
/
3
388
118
10
62",,2026-09-27T02:24:14+00:00,0,reject,missing_group:electric_bus,0
Dd7iuMNn7CZ,https://www.threads.com/@u_um_u_um/post/Dd7iuMNn7CZ,trải nghiệm đi VinBus,kw_trai_nghiem_di_vinbus,"u_um_u_um
17h
Trải nghiệm hơi hãi nên phải viết luôn.
Sáng nay mình đã dậy từ 5h để dọn dẹp và chuẩn bị đồ để đi tàu. Chỉ 30s mở cửa ra ngoài vứt rác, lúc quay lại thì cửa từ bị gió sập khoá chặt, mình không mang điện thoại, không mang thẻ. Vậy là đứng ở ngoài cửa bấm chuông trong 25 phút. Cho đến khi housemate tỉnh ngủ mở cửa cho mình đã là 6h17 và 6h25 tàu sẽ dừng trong khoảng 5 phút để đón khách. Lúc mình ngồi được trên xe grab là 6h23 rồi.  
Translate
 
1
/
2
17
2",,2026-09-30T23:43:43+00:00,0,reject,missing_group:electric_bus,0
Dd9Y3w7E6jl,https://www.threads.com/@_daisydotori/post/Dd9Y3w7E6jl,trải nghiệm đi VinBus,kw_trai_nghiem_di_vinbus,"_daisydotori
choran
1m
GOM KEYRING + STANDEE
target 15set ; form gồm thông tin standee và key, rules, không có câu hỏi ạ. first come first serve nhế, mng đọc kĩ các thông tin giúp em nha. em cảm ơn ạ 🫶
forms.gle/44hpt…  
Translate",,2026-10-01T16:56:08+00:00,0,reject,missing_group:electric_bus,0
Dd9Y4Dfkw3w,https://www.threads.com/@thanhphongle92287/post/Dd9Y4Dfkw3w,trải nghiệm đi VinBus,kw_trai_nghiem_di_vinbus,"thanhphongle92287
1m
Mẹ cho t nhiều như vậy, mẹ còn money ko😭
T thật sự ko hiểu được
Có lúc t cảm thấy thương mẹ vì có thể mẹ rất nghèo
Nhưng cũng có lúc t lại thấy mẹ không nghèo tí nào
Thật sự khó hiểu
Nên thỉnh thoảng t sẽ tự tin ko lo sợ về tương lai, ko sợ mình là gánh nặng nhưng thỉnh thoảng t lại áp lực ko dám học thêm tiêu thêm tiền vì sợ thẻm gánh nặng cho mẹ
T ko hiểu
Tình hình tài chính thật sự của gd mk là ntn để liệu cơm mà gắp mắm  
Translate
 
1
/
2
1",,2026-10-01T16:56:10+00:00,0,reject,missing_group:electric_bus,0
Dd9Y4D4D0ro,https://www.threads.com/@seja_2hand/post/Dd9Y4D4D0ro,trải nghiệm đi VinBus,kw_trai_nghiem_di_vinbus,"seja_2hand
1m
áo kiểu Y2K ôm dáng | 75.000
dài 50 - ngang eo 32~40
size S/M
cond 9/10
ᯓ★ Không COD/ CK FULL đi đơn ạ.
ᯓ★ Do điều kiện ánh sáng, màu sản phẩm có thể chênh lệch 5-10%.
ᯓ★ Đồ 2hand khó tránh khỏi lỗi nhỏ, mong mng hoan hỉ bỏ qua nhen.
ᯓ★ Xem kĩ trước khi chốt, sốp không nhận đổi/trả.  
Translate",,2026-10-01T16:56:10+00:00,0,reject,missing_group:electric_bus,0
Dd9Y1jPATQm,https://www.threads.com/@mier.vn/post/Dd9Y1jPATQm,trải nghiệm đi VinBus,kw_trai_nghiem_di_vinbus,"mier.vn
decor
1m
Ê ok nha má, 200 cành mà nhìn xịn dữ z 🤎🧸  
Translate
 
1
/
2
1",,2026-10-01T16:55:49+00:00,0,reject,missing_group:electric_bus,0
Dd9Fjj1Eu0o,https://www.threads.com/@chch_hii/post/Dd9Fjj1Eu0o,trải nghiệm đi VinBus,kw_trai_nghiem_di_vinbus,"chch_hii
2h
Trải nghiệm ngã xe đầu đời=))))
Liệu đi sửa hết tầm bnh ạ  
Translate
4
4",,2026-10-01T14:07:21+00:00,0,reject,missing_group:electric_bus,0
Dd9Y23RE06H,https://www.threads.com/@kieuvi.ng/post/Dd9Y23RE06H,trải nghiệm đi VinBus,kw_trai_nghiem_di_vinbus,"kieuvi.ng
hồng trà ngô gia
1m
Cùng tần số màaaa
Chụp nhắm mắt là cùng nhắm mắt
Chụp cười tươi là cùng nhau cười tươi  
Translate
Ôi Cái Sự Đời Này Lắm Trớ Trêu
1
1",,2026-10-01T16:56:00+00:00,0,reject,missing_group:electric_bus,0
Dd9Y3DDEmDA,https://www.threads.com/@lan540237/post/Dd9Y3DDEmDA,trải nghiệm đi VinBus,kw_trai_nghiem_di_vinbus,"lan540237
1m
CẢM ƠN CHỊ GÁI TRÊN THREADS ĐÃ DỤ TUI UỐNG TRÀ QUẢ PHÚC BỒN TỬ NÀY NHEN…
DỪNG NGAY mấy cơn thèm MẤY MÓN NƯỚC NGỌT linh tinh lại liền. Điểm cộng là 0 calo mà lại đậm vị trái cây. Thề ngon xĩu luôn á 🥹  
Translate
 
1
/
2
1",,2026-10-01T16:56:02+00:00,0,reject,missing_group:electric_bus,0
Dd9Y4c3iUcE,https://www.threads.com/@dungdeptrai147/post/Dd9Y4c3iUcE,xe điện VinFast công cộng,kw_xe_dien_vinfast_cong_cong,"dungdeptrai147
1m
Chưa ngủ gửi stk tui ting ting nha 🫶  
Translate
1",,2026-10-01T16:56:13+00:00,0,reject,missing_group:electric_bus,0
Dd9BGGKne41,https://www.threads.com/@kasnig_byszi6/post/Dd9BGGKne41,xe điện VinFast công cộng,kw_xe_dien_vinfast_cong_cong,"kasnig_byszi6
Vinfast
3h
Sao pin xe máy V mau tụt vậy mọi người?
Xe Vinfast Evo Grand mua ngày 1/3 năm nay, lúc mới thì chạy 1 vòng đi làm về nhà là hết 8% pin, 2 ngày cuối tuần đi ít chỉ chục km. Giờ 1/10 thì 1 vòng đi làm về hết 10%, mới có 7 tháng trôi qua. Kiểu này k b tới năm thứ 5 thì chắc thay pin quá.  
Translate
2
8
1",,2026-10-01T13:28:22+00:00,0,reject,missing_group:electric_bus,0
Dca9MxlEpNM,https://www.threads.com/@thevinhthang/post/Dca9MxlEpNM,xe điện VinFast công cộng,kw_xe_dien_vinfast_cong_cong,"thevinhthang
08/24/26
Chạy xe ban đêm ghét nhất mấy con nhỏ xin đi nhờ xe xong chỉ vô vách núi nói ""Tôi đã chết ở đây"" vl, ko có mồm nói tiếng cám ơn à  
Translate
54.5K
524
5.4K
7.6K",,2026-08-24T11:28:45+00:00,0,reject,missing_group:electric_bus,0
Dd9Y2wwATuD,https://www.threads.com/@linh._.04/post/Dd9Y2wwATuD,xe điện VinFast công cộng,kw_xe_dien_vinfast_cong_cong,"linh._.04
1m
Mn cho em hỏi cầm căn cước ở đâu đc ạ 7/10 trả ạ  
Translate
1",,2026-10-01T16:55:59+00:00,0,reject,missing_group:electric_bus,0
Dbf_7ktk7_9,https://www.threads.com/@dcansieu/post/Dbf_7ktk7_9,xe điện VinFast công cộng,kw_xe_dien_vinfast_cong_cong,"dcansieu
sale ô tô
08/01/26
Góc thắc mắc là một chiếc xe ô tô bán ra sale được bao nhiêu vậy  
Translate
 
1
/
2
102
35
4",,2026-08-01T13:57:26+00:00,0,reject,missing_group:electric_bus,0
Dd9Y_VmEoQm,https://www.threads.com/@doant.hanhnhung/post/Dd9Y_VmEoQm,xe điện VinFast công cộng,kw_xe_dien_vinfast_cong_cong,"doant.hanhnhung
1m
Ny thì tui cho trần thoải mái nhưng với mấy thèn f/w/b thì bắt buộc phải dùng áo mưa chứ không mặc là không cho hs đâu nhé  
Translate",,2026-10-01T16:57:10+00:00,0,reject,missing_group:electric_bus,0
Dd9Y7rnCeoO,https://www.threads.com/@anh.anh1414/post/Dd9Y7rnCeoO,xe điện VinFast công cộng,kw_xe_dien_vinfast_cong_cong,"anh.anh1414
1m
Các bạn hoặc cô chú đang thăm khám/điều trị ở bệnh viện Nhiệt đới SG đang muốn tìm ks để nghỉ ngơi thì xin hãy tham khảo Hostel này nhé ạ.
Mẹ mình vào Sg khám bệnh ở bệnh viện nhiệt đới, phát sinh phải ở lại 1 đêm. Mình may mắn tìm được trên Google map chiếc hostel Tzone House này.
Lần đầu tiên mà mình thấy 1 nơi mà tất cả các đánh giá đều được chủ Page rep 1 cách chân thành, gọi tên khách và trân trọng như vậy.
Ở đây chủ yếu là phòng Dorm. Giá chỉ 160k/giường/ngày. Thơm tho, sạch sẽ, bạn host  
Translate
 
1
/
3
2",,2026-10-01T16:56:40+00:00,0,reject,missing_group:electric_bus,0
Dd9Y6gvk6Oo,https://www.threads.com/@burning.focus/post/Dd9Y6gvk6Oo,xe điện VinFast công cộng,kw_xe_dien_vinfast_cong_cong,"burning.focus
1m
Khi bạn bị thời tiết trap 🥹  
Translate",,2026-10-01T16:56:30+00:00,0,reject,missing_group:electric_bus,0
Dd9Y8qskyBC,https://www.threads.com/@lii.nggg/post/Dd9Y8qskyBC,xe điện VinFast công cộng,kw_xe_dien_vinfast_cong_cong,"lii.nggg
vĩnh yên vĩnh phúc
1m
Các bác book lịch sớm đi ạ, chụp kỷ yếu, du lịch, cafe đời thường,… em cân được hết ạ 📸
Shop cho thuê máy ảnh kv Vĩnh Yên- Vĩnh Phúc 📍
Có thể nhận máy trực tiếp tại 2 địa chỉ sau:
📍Cạnh siêu thị lanchi mart, đường Nguyễn Tất Thành
📍Kđt nam vĩnh yên (gần quán Sáu Lab)
Hoặc chúng mình có nhận ship máy tận nơi cho khách nhé (phí ship máy và trả máy khách thanh toán 100% ạ) 🛵  
Translate
1",,2026-10-01T16:56:48+00:00,0,reject,missing_group:electric_bus,0
Dd9XlwsH2TO,https://www.threads.com/@bdsnhatrang79/post/Dd9XlwsH2TO,buýt điện thông minh,kw_buyt_dien_thong_minh,"bdsnhatrang79
ngập lụt sài gòn
13m
Với tình hình thời tiết và hạ tầng thế này thì sắp tới xe điện bán cháy hàng.
Tầm nhìn thực tiễn ạ. Đáp ứng đúng nhu cầu thực tại sài gòn
Hình ảnh trên xe bus điện tại Tp Hồ Chí Minh
Bạn nào ra Nha Trang tránh ngập inbox mình nha.  
Translate
 
1
/
2
2
1
1",,2026-10-01T16:44:56+00:00,0,accept,electric_bus,1
Dd9Xcz9E9y0,https://www.threads.com/@nggnhii/post/Dd9Xcz9E9y0,buýt điện thông minh,kw_buyt_dien_thong_minh,"nggnhii
hutech
14m
Ngày 1 tháng 10 năm 2026
Đứng ở Điện Biên Phủ 4 tiếng, mưa 2 chập, xe chết máy, quyết định dắt bộ tới tiệm sửa xe thì mấy anh bảo qua hôm sau mới sửa dc.
Dắt xe tới Hutech thì gặp được mấy bạn sinh viên quá dễ thương, mấy bạn chổng ngược con chiến mã của mình để nước ra khỏi xe nhưng cuối cùng vẫn ko đề máy dc vì chiếc xe đã trải qua con sông Nguyễn Gia Trí. Nhưng vẫn cảm ơn mấy bạn rất rất nhiều luônnnn 💗
Quyết định book ks gần đó để ngủ thì mắc con Sữa, ks ko cho chó vô.  
Translate
 
1
/
2
5
1
1",,2026-10-01T16:43:42+00:00,0,reject,missing_group:electric_bus,0
Dd9ZBd4ksDT,https://www.threads.com/@moontarotby1989/post/Dd9ZBd4ksDT,buýt điện thông minh,kw_buyt_dien_thong_minh,"moontarotby1989
1m
12H30' XOÁ BÀI🌑🌑🌑
HƯU DUYÊN FREE COI TAROT CHO AI TYM BÀI  
Translate
 
1
/
2
1",,2026-10-01T16:57:27+00:00,0,reject,missing_group:electric_bus,0
Dd9ZCheExel,https://www.threads.com/@jshdhdjdjdj44/post/Dd9ZCheExel,buýt điện thông minh,kw_buyt_dien_thong_minh,"jshdhdjdjdj44
Trọ Hà Nội
1m
Phòng này ở nhà ngắm mưa bật nhạc chill giữa thời tiết Hà Nội thì hết xảyyy🔥🔥🔥  
Translate
 
1
/
2
1",,2026-10-01T16:57:36+00:00,0,reject,missing_group:electric_bus,0
Dd9ZAb9D5V3,https://www.threads.com/@dainzver_/post/Dd9ZAb9D5V3,buýt điện thông minh,kw_buyt_dien_thong_minh,"dainzver_
1m
Nhập viện 1 tuần nên h mới update đc hết 1 con zịt tròn vo đi thi hsg 🥹🫳
Mún xoa đầu bông cải qus  
Translate
 
1
/
2
1",,2026-10-01T16:57:19+00:00,0,reject,missing_group:electric_bus,0
Dd8-zZ4n3FU,https://www.threads.com/@repair.datle/post/Dd8-zZ4n3FU,buýt điện thông minh,kw_buyt_dien_thong_minh,"repair.datle
3h
Mấy cái đồ điện tử thông minh như này tốn pin thật đấy, mua 3 quả pin xịn 30k chỉ vài tháng là hết pin. Chế 1 lần như này cho đỡ phải thay 🤣  
Translate
1",,2026-10-01T13:08:20+00:00,0,reject,missing_group:electric_bus,0
Dd9Y_v0n32x,https://www.threads.com/@jjvacxjjjj/post/Dd9Y_v0n32x,buýt điện thông minh,kw_buyt_dien_thong_minh,"jjvacxjjjj
1m
hôm nay em bị scam, xong có bạn đã giúp em lúc hạn chót và nhắn như này 😭😭  
Translate
 
1
/
2
1",,2026-10-01T16:57:13+00:00,0,reject,missing_group:electric_bus,0
Dd9ZF-wGA4L,https://www.threads.com/@btmeow0.0/post/Dd9ZF-wGA4L,dự án xe buýt điện Hà Nội,kw_du_an_xe_buyt_dien_ha_noi,"btmeow0.0
1m
Phòng tone trắng cho mấy đứa gu Ngọc Trinh =)))
nma sao cái lavabo lại ở đó nhỉ:))) gương đối diện giường nữa chứ...
📍12 Lương Khánh Thiện, Hai Bà Trưng  
Translate
 
1
/
2
1
2",,2026-10-01T16:58:04+00:00,0,reject,missing_group:electric_bus,0
Dd9ZCezCd-f,https://www.threads.com/@hoangton.official/post/Dd9ZCezCd-f,dự án xe buýt điện Hà Nội,kw_du_an_xe_buyt_dien_ha_noi,"hoangton.official
1m
Dạ lỗi muôn phần tại đệ, đôi khi không kiểm soát được bá khí của mình… 😔  
Translate
58
6",,2026-10-01T16:57:35+00:00,0,reject,missing_group:electric_bus,0
Dda0rS9Ev93,https://www.threads.com/@itsm4nh.nd/post/Dda0rS9Ev93,dự án xe buýt điện Hà Nội,kw_du_an_xe_buyt_dien_ha_noi,"itsm4nh.nd
tai nạn giao thông
09/18/26
Trước giờ mình chứng kiến các vụ tai nạn kinh dị qua màn hình nhiều rồi, nhưng thật sự hôm nay mình đã phải ko may tận mắt chứng kiến vụ tai nạn kinh dị đó ngoài đời thực, rất ám ảnh. Mình có đi trên đường về, đoạn mình đi là đường cao tốc, rất nhiều xe máy và container, khi đi qua đoạn đèn đỏ, thì trước mắt mình là 1 thi thể đã NÁT BÉT, NỘI TẠNG, MÁU, THỊT, XƯƠNG văng khắp nơi trên đường. Xe container thì đậu trên phía thi thể một đoạn, chưa kịp nghĩ gì thì mình đã biết là xe container cán qua  
Translate
 
1
/
4
5K
229
170
394",,2026-09-18T06:45:40+00:00,0,reject,missing_group:electric_bus,0
Dd9ZEXOmTdC,https://www.threads.com/@hazel.lab28/post/Dd9ZEXOmTdC,dự án xe buýt điện Hà Nội,kw_du_an_xe_buyt_dien_ha_noi,"hazel.lab28
Thơm Da LAB ATVNCG2026
1m
Jô bi li ơi sao chưa thấy vào cuộc nữa z 😔  
Translate
 
1
/
2
chu_chu285
Thơm Da LAB ATVNCG26
3h
Cái look chấn động khiến người ta nhìn phát muốn mua tai nghe luôn của Thơm Quách 
Thơm Da LAB 🍍  
Translate
231
1
23
3
1",,2026-10-01T16:57:51+00:00,0,reject,missing_group:electric_bus,0
Dd9CkSzkrRo,https://www.threads.com/@chu_chu285/post/Dd9CkSzkrRo,dự án xe buýt điện Hà Nội,kw_du_an_xe_buyt_dien_ha_noi,"chu_chu285
Thơm Da LAB ATVNCG26
3h
Cái look chấn động khiến người ta nhìn phát muốn mua tai nghe luôn của Thơm Quách 
Thơm Da LAB 🍍  
Translate
231
1
23
3",,2026-10-01T13:42:16+00:00,0,reject,missing_group:electric_bus,0
Dd9ZE9liU8G,https://www.threads.com/@14.extra_thirft/post/Dd9ZE9liU8G,dự án xe buýt điện Hà Nội,kw_du_an_xe_buyt_dien_ha_noi,"14.extra_thirft
Fashion Threads
1m
PERSON'S FOR MEN SHIRT Super Easy Iron Cotton Bleend
Thương hiệu thời trang công sở cao cấp rất được ưa chuộng tại Nhật Bản
Màu: Đen (áo đen đều màu, độ mới 9,99/10 bị ám màu do ánh sáng thui ạ)
size S Dài 69CM - Ngang 50CM - Dài tay 60CM
S.A.L.E🏷️210.000VND (New ~1.500.000VND )
Độ mới đẹp hoàn hảo không lỗi thiếu mỗi tags là như áo mới, Dáng cổ Spread vát rộng đứng form, áo chiết eo tôn dáng, có cúc dự phòng đầy đủ  
Translate",,2026-10-01T16:57:56+00:00,0,reject,missing_group:electric_bus,0
Dd9ZFHlDKGH,https://www.threads.com/@maherg123456/post/Dd9ZFHlDKGH,dự án xe buýt điện Hà Nội,kw_du_an_xe_buyt_dien_ha_noi,"maherg123456
1m
Viode viral",,2026-10-01T16:57:57+00:00,0,reject,missing_group:electric_bus,0
Dd9ZAh_j-U_,https://www.threads.com/@ng.miinthu/post/Dd9ZAh_j-U_,dự án xe buýt điện Hà Nội,kw_du_an_xe_buyt_dien_ha_noi,"ng.miinthu
1m
ok zì sắp đi ngủ nên tranh thủ sì poi gift led 🐈‍⬛🐿️  
Translate
 
1
/
2
1
1",,2026-10-01T16:57:19+00:00,0,reject,missing_group:electric_bus,0
Dd9YsZaCvOo,https://www.threads.com/@con.rong_laplanh/post/Dd9YsZaCvOo,dự án xe buýt điện Hà Nội,kw_du_an_xe_buyt_dien_ha_noi,"con.rong_laplanh
Kim Tuyến Đồng Ánh Quỳnh
1m
Cách 1m73 với 1m70 set ảnh nền.  
Translate
1",,2026-10-01T16:57:16+00:00,0,reject,missing_group:electric_bus,0
Dd9ZAGwE4Af,https://www.threads.com/@nguye_nbao2812/post/Dd9ZAGwE4Af,dự án xe buýt điện Hà Nội,kw_du_an_xe_buyt_dien_ha_noi,"nguye_nbao2812
1m
Replying to @mango.a227
ib kh gơn xinh gái  
Translate
1",,2026-10-01T16:57:16+00:00,0,reject,missing_group:electric_bus,0
Dd9ZDQcgZTS,https://www.threads.com/@mango.a227/post/Dd9ZDQcgZTS,dự án xe buýt điện Hà Nội,kw_du_an_xe_buyt_dien_ha_noi,"mango.a227
1m
Vào vc đi thôi  
Translate
1",,2026-10-01T16:57:42+00:00,0,reject,missing_group:electric_bus,0
Dd9ZAoQj45k,https://www.threads.com/@ngo_huyhleedung/post/Dd9ZAoQj45k,dự án xe buýt điện Hà Nội,kw_du_an_xe_buyt_dien_ha_noi,"ngo_huyhleedung
1m
“ Nếu bạn thật sự là ngoại lệ.. người nóng tính sẽ hoá dịu dàng, người bận rộn sẽ coi bạn là duy nhất, người đào hoa sẽ coi bạn là duy nhất “  
Translate
1",,2026-10-01T16:57:20+00:00,0,reject,missing_group:electric_bus,0
Dc-tCk0kvQ2,https://www.threads.com/@gihyu._/post/Dc-tCk0kvQ2,dự án xe buýt điện Hà Nội,kw_du_an_xe_buyt_dien_ha_noi,"gihyu._
xhuongthreads
09/07/26
Có ai ngu như t không
t 2009 đang định cư ở mỹ và có 1 chị mm 2004 ở vn
t bank tiền cho chị mua Pocket 4 và Insta360 , đồ make up đâu đó tầm 60tr
cuối cùng t phát hiện chị có bồ mà vẫn nhận tiền của t :)))
Đcm chị  
Translate
276
147
4
123",,2026-09-07T08:40:13+00:00,0,reject,missing_group:electric_bus,0
Dd9ZIcGEuye,https://www.threads.com/@_hi.iamcat_07/post/Dd9ZIcGEuye,dự án xe buýt điện Hà Nội,kw_du_an_xe_buyt_dien_ha_noi,"_hi.iamcat_07
1m
Đổi sang nam đi Huy  
Translate",,2026-10-01T16:58:24+00:00,0,reject,missing_group:electric_bus,0
DdMQLE4GqMB,https://www.threads.com/@eccedentesiasme/post/DdMQLE4GqMB,chính sách vé xe buýt điện,kw_chinh_sach_ve_xe_buyt_dien,"eccedentesiasme
09/12/26
Mng ơi em khá ngại khi hỏi cnay nma mai lần đầu em đi xe buýt mng có tips nào hong ạ 😭 bth em thấy xe chạy nhanh quá  
Translate
20
19
1
1",,2026-09-12T14:57:20+00:00,0,reject,missing_group:electric_bus,0
DbvVQJPk4Om,https://www.threads.com/@ngoclamhana/post/DbvVQJPk4Om,chính sách vé xe buýt điện,kw_chinh_sach_ve_xe_buyt_dien,"ngoclamhana
viralthread
08/07/26
Lễ này về quê mà check giá vé xe khách ngán quá mấy bác ơi. Có cách nào săn vé xe rẻ không ạ?  
Translate
5
5",,2026-08-07T12:52:21+00:00,0,reject,missing_group:electric_bus,0
Dd9ZIkJCYAC,https://www.threads.com/@minh.duy1506/post/Dd9ZIkJCYAC,chính sách vé xe buýt điện,kw_chinh_sach_ve_xe_buyt_dien,"minh.duy1506
căn hộ bình thạnh
1m
Trung tâm bình thạnh - Rộng 60m2
Chỉ tính điện nước ae eiii
0333.347.137 ( Duy )  
Translate
 
1
/
2
1
3",,2026-10-01T16:58:57+00:00,0,reject,missing_group:electric_bus,0
Ddy29-9kp1e,https://www.threads.com/@betokon07/post/Ddy29-9kp1e,chính sách vé xe buýt điện,kw_chinh_sach_ve_xe_buyt_dien,"betokon07
4d
Nghe nó lùng bùng lỗ tai thật, Vịt kinh doanh xe điện, bắt House Water phải ra chính sách cấm xe xăng, HN làm chuột bạch xong giờ đi kinh doanh xăng dầu 😉  
Translate
456
30
12
178",,2026-09-27T14:47:28+00:00,0,reject,missing_group:electric_bus,0
Dd9ZPfgD3hn,https://www.threads.com/@mewmew_046/post/Dd9ZPfgD3hn,chính sách vé xe buýt điện,kw_chinh_sach_ve_xe_buyt_dien,"mewmew_046
Makeup Threads
1m
TONE NÀY LIỆU CÓ HOT MÙA KỶ YẾU KH CÁC BÁC NHỈ
=)))  
Translate
1",,2026-10-01T16:59:22+00:00,0,reject,missing_group:electric_bus,0
Dd9ZLtBElnV,https://www.threads.com/@chutamvietaccepted/post/Dd9ZLtBElnV,chính sách vé xe buýt điện,kw_chinh_sach_ve_xe_buyt_dien,"chutamvietaccepted
1m
Lên cho ae câu cuối trc kì t10 làm bằng desmos
Desmos solution dưới cmt nha  
Translate
 
1
/
2
1",,2026-10-01T16:58:51+00:00,0,reject,missing_group:electric_bus,0
Dd9ZK0ck6Iu,https://www.threads.com/@ksmmhkkb_/post/Dd9ZK0ck6Iu,chính sách vé xe buýt điện,kw_chinh_sach_ve_xe_buyt_dien,"ksmmhkkb_
1m
g....gái....g....ái ..th...thẳng...ggg...h...h.ức..hứ...c.c......thí...thích....tr...ai...h...hức...h...hức...trai...ga..yyy...gayyy....hức...hức..  
Translate",,2026-10-01T16:58:44+00:00,0,reject,missing_group:electric_bus,0
Dd9ZPibk2K5,https://www.threads.com/@unicorn.2131132/post/Dd9ZPibk2K5,chính sách vé xe buýt điện,kw_chinh_sach_ve_xe_buyt_dien,"unicorn.2131132
1m
Biểu cảm của ông bsi khám định kì ở trường cho t khi thấy t m8 đc 49 cân cả cứt  
Translate",,2026-10-01T16:59:22+00:00,0,reject,missing_group:electric_bus,0
Dd9ZLuVEwje,https://www.threads.com/@dece.mber3020/post/Dd9ZLuVEwje,so sánh xe buýt điện xe buýt thường,kw_so_sanh_xe_buyt_dien_xe_buyt_thuong,"dece.mber3020
1m
Hmm, vào tháng 2 năm 2026 mình dùng hết can đảm để tỏ tình cr, bạn ấy và mình là bạn bè thân thiết của nhau, chơi chung cũng từ đầu năm 2025. Ngày hôm đó mình tỏ tình bạn ấy, bạn ấy từ chối, bạn ấy không nói là không thích mình, nhưng bạn ấy lại kể rằng mình không muốn yêu qua mạng? vì cũng đã từng yêu qua mạng và bị cắm sừng.  
Translate
 
1
/
4
4",,2026-10-01T16:58:51+00:00,0,reject,missing_group:electric_bus,0
Dd9ZLJWj5b0,https://www.threads.com/@gia.dinh.thi.meo/post/Dd9ZLJWj5b0,so sánh xe buýt điện xe buýt thường,kw_so_sanh_xe_buyt_dien_xe_buyt_thuong,"gia.dinh.thi.meo
1m
Tưởng liệt cả đời, sau 3 tháng hồi sinh kỳ diệu thì gặp ngay ""kiếp nạn"" vô duyên dưới sảnh chung cư.
Mình đang trông hộ bạn bé cún trong hình vài tuần. Bé bị xe tông gãy hai chân sau và bạn mình cứu về chữa trị. Từ chỗ chỉ biết lết, sau gần 3 tháng phẫu thuật và vật lý trị liệu, bé đã đi được đoạn ngắn, nhưng ra ngoài đi dạo xa thì vẫn phải nằm xe đẩy.
Sáng nay đẩy bé ra ngoài tập đi thì gặp bà kia cũng đẩy cháu đi dạo. Bả nhìn tụi mình rồi nói bâng quơ với đứa nhỏ tầm 2 tuổi:  
Translate
 
1
/
2
1",,2026-10-01T16:58:46+00:00,0,reject,missing_group:electric_bus,0
Dd8gxu4Cda5,https://www.threads.com/@mango_thichanmangcut/post/Dd8gxu4Cda5,so sánh xe buýt điện xe buýt thường,kw_so_sanh_xe_buyt_dien_xe_buyt_thuong,"mango_thichanmangcut
8h
Replying to @mango_thichanmangcut
Sài gòn bạc ok hơn nhé  
Translate
1
1",,2026-10-01T08:45:58+00:00,0,reject,missing_group:electric_bus,0
Dd9ZOhInzKX,https://www.threads.com/@ph_1uu/post/Dd9ZOhInzKX,so sánh xe buýt điện xe buýt thường,kw_so_sanh_xe_buyt_dien_xe_buyt_thuong,"ph_1uu
1m
Quét cái mã kia. Chưa  
Translate
1",,2026-10-01T16:59:14+00:00,0,reject,missing_group:electric_bus,0
Db2coWUElFo,https://www.threads.com/@tudo_0_0_/post/Db2coWUElFo,so sánh xe buýt điện xe buýt thường,kw_so_sanh_xe_buyt_dien_xe_buyt_thuong,"tudo_0_0_
08/10/26
Ủa mn cho em hỏi chút
Đi đại học mà không có laptop không có xe riêng bị kì thị ghê lắm hả
Em cũng chuẩn bị đi học mà cả cái đó đều không có 😔
Em thấy mọi người bảo tránh xa ra  
Translate
371
83
3
3",,2026-08-10T07:11:30+00:00,0,reject,missing_group:electric_bus,0
Dd9ZUMvE-cT,https://www.threads.com/@giraffes_corner/post/Dd9ZUMvE-cT,so sánh xe buýt điện xe buýt thường,kw_so_sanh_xe_buyt_dien_xe_buyt_thuong,"giraffes_corner
ENHYPEN
1m
đăng giờ oái ăm  
Translate
Everybody Here Wants You · Jeff Buckley",,2026-10-01T17:00:00+00:00,0,reject,missing_group:electric_bus,0
Dd9ZSi5n74e,https://www.threads.com/@tarot.patient/post/Dd9ZSi5n74e,so sánh xe buýt điện xe buýt thường,kw_so_sanh_xe_buyt_dien_xe_buyt_thuong,"tarot.patient
1m
hôm nay thấy có bạn hỏi nên tui cũng nhân dịp nói qua luôn
bình thường trước khi coi tui sẽ hỏi qua thông tin cơ bản của khách để mường tượng được mọi người là ai, và vì chúng ta cũng không đối diện với nhau bằng cơ thể vật lý, t luôn hy vọng và nghĩ rằng sẽ tốt nhất nếu như những thông tin mà cậu đưa là cái cậu thấy liên hệ nhất với identity của bản thân - cách cậu hình dung về chính mình
vậy nên nếu mọi người cảm thấy mình gắn liền với một cái tên, giới tính nào hoặc không gì cả,  
Translate
 
1
/
2
1",,2026-10-01T16:59:47+00:00,0,reject,missing_group:electric_bus,0
Dd9ZQd7Ce-d,https://www.threads.com/@14.extra_thirft/post/Dd9ZQd7Ce-d,so sánh xe buýt điện xe buýt thường,kw_so_sanh_xe_buyt_dien_xe_buyt_thuong,"14.extra_thirft
UNIQLO
1m
UNIQLO COTTON SHIRT LONG SLEEVE
↘️web: ~800.000VND
Màu: Tím than trầm (độ mới cao 9,99/10 thiếu mỗi tags là như áo mới)
🏷️185.000VND (size nhỏ nên mình để giá tốt ạ)
Size S Dài trước 66/ Sau 70CM - Ngang 46CM
Độ mới cao đẹp hoàn hảo, không lỗi vặt￼. Chiết eo nhẹ mặc lên cực kì tôn dáng  
Translate
1",,2026-10-01T16:59:30+00:00,0,reject,missing_group:electric_bus,0
Dd9Wn5lE5i8,https://www.threads.com/@nguoi_tinh_bang_gia/post/Dd9Wn5lE5i8,so sánh xe buýt điện xe buýt thường,kw_so_sanh_xe_buyt_dien_xe_buyt_thuong,"nguoi_tinh_bang_gia
23m
Replying to @tngvidih
sao hum tag acc kia....  
Translate
1",,2026-10-01T16:36:29+00:00,0,reject,missing_group:electric_bus,0
Dd9ZR4YE9xR,https://www.threads.com/@tngvidih/post/Dd9ZR4YE9xR,so sánh xe buýt điện xe buýt thường,kw_so_sanh_xe_buyt_dien_xe_buyt_thuong,"tngvidih
1m
ủa acc đó hông có threads…  
Translate
1",,2026-10-01T16:59:42+00:00,0,reject,missing_group:electric_bus,0
DcKTZ7rkphk,https://www.threads.com/@_mjju.iii09/post/DcKTZ7rkphk,so sánh xe buýt điện xe buýt thường,kw_so_sanh_xe_buyt_dien_xe_buyt_thuong,"_mjju.iii09
08/18/26
Ủa mọi người ơi cho mình hỏi là lúc tắc đường mấy xe ở phía trước làm gì mà không đi vậy ạ  
Translate
1.4K
20
29
19",,2026-08-18T00:15:42+00:00,0,reject,missing_group:electric_bus,0
Dd9ZN46E4Od,https://www.threads.com/@idia_.123/post/Dd9ZN46E4Od,so sánh xe buýt điện xe buýt thường,kw_so_sanh_xe_buyt_dien_xe_buyt_thuong,"idia_.123
1m
vì cậu là iu dấu của tớ mà  
Translate",,2026-10-01T16:59:09+00:00,0,reject,missing_group:electric_bus,0
Dd9ZL63kzcQ,https://www.threads.com/@donguyenhoaibang/post/Dd9ZL63kzcQ,so sánh xe buýt điện xe buýt thường,kw_so_sanh_xe_buyt_dien_xe_buyt_thuong,"donguyenhoaibang
1m
Sắp tới sn bạn mình (nữ) mà mình vẫn k bt tặng gì hết mng có thể gợi ý cho mình mấy món mà mng đã tặng sn bạn của mng đc k ạ  
Translate
1",,2026-10-01T16:58:53+00:00,0,reject,missing_group:electric_bus,0
Dd9ZL5KAXPW,https://www.threads.com/@curated.byva/post/Dd9ZL5KAXPW,so sánh xe buýt điện xe buýt thường,kw_so_sanh_xe_buyt_dien_xe_buyt_thuong,"curated.byva
thriftshop
1m
Lụa thêu 🤩
📏 Size: M/L
👉 Ngang: 47 - 51
👉 Dài: 61
💸 Giá: 69🐠
🌟Màu sắc sản phẩm có thể chênh lệch nhẹ do ánh sáng và thiết bị hiển thị ạ💥
🌱Khách iu xem kỹ thông tin mô tả giúp sốp nhé ạ🍃
#2hand #2handvietnam
#vintage #thrift #y2k  
Translate",#2hand #2handvietnam #vintage #thrift #y2k,2026-10-01T16:58:52+00:00,0,reject,missing_group:electric_bus,0
DckeMOekwnt,https://www.threads.com/@bbikedanang/post/DckeMOekwnt,lịch trình xe buýt điện,kw_lich_trinh_xe_buyt_dien,"bbikedanang
du lịch đà nẵng
08/28/26
Nay em back lại đc vài xe, xe máy điện ở Đà Nẵng hiện tại là số 1 , vừa nhanh vừa tiết kiệm nè
❌ CHƯƠNG TRÌNH GIẢM GIÁ 20% áp dụng cho tất cả các ngày ❌
Ace có ghé Đà Nẵng nhắn em hỗ trợ giá tốt có xe vivu nhaaa  
Translate
1
1",,2026-08-28T04:10:12+00:00,0,reject,missing_group:electric_bus,0
DcqRpyoFtw8,https://www.threads.com/@_stay_michi_/post/DcqRpyoFtw8,lịch trình xe buýt điện,kw_lich_trinh_xe_buyt_dien,"_stay_michi_
08/30/26
Replying to @_stay_michi_
3. The Westin Josun Seoul
Nổi tiếng với 'bữa sáng Aria' — một trong 3 buffet hàng đầu Seoul. Món nào cũng ổn, đặc biệt là khu bánh mì. Cơ sở vật chất được chăm chút, phòng cũng không hề chật.
The Westin Josun Seoul  
Translate
agoda.com
The Westin Josun Seoul, Myeong-dong, Seoul
1",,2026-08-30T10:16:10+00:00,0,reject,missing_group:electric_bus,0
DcqRrVfFifU,https://www.threads.com/@_stay_michi_/post/DcqRrVfFifU,lịch trình xe buýt điện,kw_lich_trinh_xe_buyt_dien,"_stay_michi_
08/30/26
[Mẹo du lịch]
Có tour xe buýt cùng hướng dẫn viên đi qua các điểm chính của Seoul — hợp với người đến lần đầu hoặc lịch trình ngắn.  
Translate
 
5
/
6
klook.com
Khám phá Seoul với Klook
1",,2026-08-30T10:16:23+00:00,0,reject,missing_group:electric_bus,0
Dd9ZVLCj5gC,https://www.threads.com/@endwluv/post/Dd9ZVLCj5gC,lịch trình xe buýt điện,kw_lich_trinh_xe_buyt_dien,"endwluv
1m
ủa 2 ng k follow nhau trên thread ntin kiểu gì v mng? Ngta bảo ib qua thread mà t vào tcn k thấy chỗ ib, ngta còn k gắn ig cơ  
Translate
 
1
/
2
3",,2026-10-01T17:00:08+00:00,0,reject,missing_group:electric_bus,0
Db51CIYkfPf,https://www.threads.com/@giraffe.8950959/post/Db51CIYkfPf,lịch trình xe buýt điện,kw_lich_trinh_xe_buyt_dien,"giraffe.8950959
08/11/26
đi xe bus dùng thẻ sinh viên thay thẻ học sinh được hong ạ  
Translate
5
4
1",,2026-08-11T14:42:28+00:00,0,reject,missing_group:electric_bus,0
DdGlz0MmrIV,https://www.threads.com/@thyronically/post/DdGlz0MmrIV,lịch trình xe buýt điện,kw_lich_trinh_xe_buyt_dien,"thyronically
09/10/26
dm con xe buýt 49 đi lâu thế đợi nãy giờ 15 20p r  
Translate
 
1
/
2
1",,2026-09-10T10:10:57+00:00,0,reject,missing_group:electric_bus,0
Dd9ZUWNEsvH,https://www.threads.com/@nhat.rau.tienganh.la.gi/post/Dd9ZUWNEsvH,lịch trình xe buýt điện,kw_lich_trinh_xe_buyt_dien,"nhat.rau.tienganh.la.gi
1m
Ôn tập những từ hôm nay?
Bạn nhớ bao nhiêu từ ?/8
-Tortoiseshell = Đồi mồi
-Wickerwork = Đồ đan lát (mây tre)
-Kiln = Lò nung (lò gạch/gốm)  
Translate
 
1
/
2
3",,2026-10-01T17:00:10+00:00,0,reject,missing_group:electric_bus,0
Dd9ZXonowU_,https://www.threads.com/@wz_.xvl/post/Dd9ZXonowU_,lịch trình xe buýt điện,kw_lich_trinh_xe_buyt_dien,"wz_.xvl
Huế📍
1m
Ae nào ở Huế ib làm quen nch vui vui cái, chứ đang chán. Càng đông càng vui nha 🥵  
Translate",,2026-10-01T17:00:29+00:00,0,reject,missing_group:electric_bus,0
Dd9ZVLUEoo2,https://www.threads.com/@___callxyz___/post/Dd9ZVLUEoo2,lịch trình xe buýt điện,kw_lich_trinh_xe_buyt_dien,"___callxyz___
1m
mí hôm nữa tui về thêm squishy cho cả nhà đây ạa, mng đặt trc t lên đơn liềnn
Dâu nhạt vaseline: 55k
Đào vaseline: 40k
Lạc rộp: 45k
Xà phòng rộp: 45k
Butter sáp giòn giòn: 48k
Xoài đổi màu rộp: 55k/c
Khoai rộp: 45k
Măng cụt vaseline trong: 45k
Mỳ tôm rộp: 45k
Dâu rộp: 45k
Chanh rộp: 45k
Măng cụt rộp: 45k
gdtt ba đình, hà nội ạa  
Translate
 
1
/
2
1",,2026-10-01T17:00:08+00:00,0,reject,missing_group:electric_bus,0
Dd6xiVkks02,https://www.threads.com/@wsup.a_/post/Dd6xiVkks02,lịch trình xe buýt điện,kw_lich_trinh_xe_buyt_dien,"wsup.a_
1d
thèm brownies  
Translate
16
11
1
2",,2026-09-30T16:33:56+00:00,0,reject,missing_group:electric_bus,0
Dd9ZWwiH6p9,https://www.threads.com/@ohyulnsalmon/post/Dd9ZWwiH6p9,lịch trình xe buýt điện,kw_lich_trinh_xe_buyt_dien,"ohyulnsalmon
1m
để balm làm choa bún  
Translate
1",,2026-10-01T17:00:21+00:00,0,reject,missing_group:electric_bus,0
Dd9ZX-Go6Md,https://www.threads.com/@huyen.vy27/post/Dd9ZX-Go6Md,lịch trình xe buýt điện,kw_lich_trinh_xe_buyt_dien,"huyen.vy27
1m
📢 TUYỂN SINH LỚP HSK1
🌱 Dành cho: Người mới bắt đầu học tiếng Trung từ số 0.
👩🏻‍🏫 GIÁO VIÊN
• Tốt nghiệp Giỏi – Ngôn ngữ Trung Quốc
• HSK 6 – HSKK Cao cấp
• 2,5 năm làm việc tại doanh nghiệp Trung Quốc
• Kinh nghiệm dạy Online & Offline
📚 KHÓA HỌC
• Giáo trình HSK 3.0
• 💻 Online qua VooV Meeting
• 📅 Khai giảng: 12/10/2026
• ⏰ Thứ 2 & Thứ 6 | 21:00–22:30
• 📖 25 buổi | 👥 Chỉ 5–7 học viên/lớp
• 💰 Học phí: Đóng theo tháng
🎯 SAU KHÓA HỌC
✨ Nắm khoảng 300 từ vựng HSK 1
✨ Nắm ngữ pháp & mẫu câu cơ bản  
Translate
 
1
/
2
1",,2026-10-01T17:00:31+00:00,0,reject,missing_group:electric_bus,0
Dd9Un6unTqG,https://www.threads.com/@_hm_aniya/post/Dd9Un6unTqG,lịch trình xe buýt điện,kw_lich_trinh_xe_buyt_dien,"_hm_aniya
chiikawa
42m
Rakko noel sẵn nhà tui 140k ạ hjc hjc  
Translate
2
2
1",,2026-10-01T16:19:01+00:00,0,reject,missing_group:electric_bus,0
Dd9ZWlqk3sl,https://www.threads.com/@yeu_tham_kim_jong_un/post/Dd9ZWlqk3sl,lịch trình xe buýt điện,kw_lich_trinh_xe_buyt_dien,"yeu_tham_kim_jong_un
1m
Còn tag hăm cục dòn  
Translate
1",,2026-10-01T17:00:20+00:00,0,reject,missing_group:electric_bus,0
Dd9ZZg_Epx9,https://www.threads.com/@xuyenle95/post/Dd9ZZg_Epx9,lịch trình xe buýt điện,kw_lich_trinh_xe_buyt_dien,"xuyenle95
1m
Replying to @xuyenle95
► 0H, 12H: back mã giảm 25% tối đa 250K đơn 100K tại: s.shopee.vn/AKb1J…
► Áp list sp: s.shopee.vn/2gBaB…
📌 Áp gần Toàn sàn: ► AFFCG26 giảm 69K đơn 250K áp list: s.shopee.vn/2qV0N… ► AFF10OC giảm 50K đơn 199K áp list: s.shopee.vn/30oQZ… ► AFFANAN giảm 40K đơn 159K áp list: s.shopee.vn/3B7qm…  
Translate
shopee.vn
giá tốt Tháng 10, 2026 | Mua ngay | Shopee Việt Nam
1",,2026-10-01T17:00:44+00:00,0,reject,missing_group:electric_bus,0
Dd9ZZgrkuVD,https://www.threads.com/@xuyenle95/post/Dd9ZZgrkuVD,lịch trình xe buýt điện,kw_lich_trinh_xe_buyt_dien,"xuyenle95
1m
► AFFOCTT giảm 29K đơn 99K áp list: s.shopee.vn/3LRGy…
📌 Ưu đãi sVip:  
Translate
 
5
/
7
shopee.vn
giá tốt Tháng 10, 2026 | Mua ngay | Shopee Việt Nam
1",,2026-10-01T17:00:44+00:00,0,reject,missing_group:electric_bus,0
Dd9ZYwEEwzk,https://www.threads.com/@itskh._lyy/post/Dd9ZYwEEwzk,lịch trình xe buýt điện,kw_lich_trinh_xe_buyt_dien,"itskh._lyy
1m
🎬 TÌM THUÊ BỐI CẢNH QUAY PHIM – HÀ NỘI
Team mình đang cần tìm bối cảnh để quay phim tại Hà Nội.
📍 Khu vực: Hà Nội
🏠 Loại bối cảnh cần tìm: nhà riêng kiểu ngày xưa, 1 khách 2 phòng ngủ
⏰ Thời gian: 1 ngày
👥 Số lượng ekip: khoảng 20 người
🎥 Mục đích: short film
💰 Ngân sách dự kiến: team xin phép trao đổi trực tiếp
Team làm việc nghiêm túc, cam kết giữ gìn hiện trạng, vệ sinh và bàn giao bối cảnh đầy đủ sau khi quay.  
Translate
 
1
/
2
1",,2026-10-01T17:00:38+00:00,0,reject,missing_group:electric_bus,0
Dd9ZbRqE8MH,https://www.threads.com/@ngkieuanh_07/post/Dd9ZbRqE8MH,hình ảnh xe buýt điện,kw_hinh_anh_xe_buyt_dien,"ngkieuanh_07
1m
Khi m và thằng bạn m ghét chung 1 đứa  
Translate
 
1
/
2
1",,2026-10-01T17:00:58+00:00,0,reject,missing_group:electric_bus,0
Dd9ZUo0D3Bm,https://www.threads.com/@bluebleuuu_/post/Dd9ZUo0D3Bm,hình ảnh xe buýt điện,kw_hinh_anh_xe_buyt_dien,"bluebleuuu_
1m
đu idol thấy có nhiều lợi ích đấy chứ, trao đi thì cũng được nhận lại mà. ví dụ mình bị khó ngủ, mình có thể chọn mở nhạc jun phạm lên nghe, hoặc lấy sách jun phạm ra đọc cho thư thái đầu óc để dễ ngủ hơn 💆‍♀️ tự dưng có cuốn bookcharm gối đầu giường lại hợp lý quá đi chứ 😎  
Translate
 
1
/
2
1",,2026-10-01T17:00:04+00:00,0,reject,missing_group:electric_bus,0
DdZKanyEzfm,https://www.threads.com/@duybanglaixehn/post/DdZKanyEzfm,hình ảnh xe buýt điện,kw_hinh_anh_xe_buyt_dien,"duybanglaixehn
Thi bằng lái xe
09/17/26
Thi bằng lái xe máy theo sa hình mới😂
Sao thấy dễ thế nhỉ
#thibanglaixe #hoclaixe  
Translate
 
1
/
2
583
32
21
1K",#thibanglaixe #hoclaixe,2026-09-17T15:17:50+00:00,0,reject,missing_group:electric_bus,0
Dd9ZetdCSrC,https://www.threads.com/@dongquannnnn/post/Dd9ZetdCSrC,video xe buýt điện,kw_video_xe_buyt_dien,"dongquannnnn
1m
Haiza sư nương bá khí thật là bá khí quá đi đó mà 🙏🏻  
Translate
37
3",,2026-10-01T17:01:27+00:00,0,reject,missing_group:electric_bus,0
Dd9Zf0Yn1ai,https://www.threads.com/@bat.26146491/post/Dd9Zf0Yn1ai,video xe buýt điện,kw_video_xe_buyt_dien,"bat.26146491
Cộng đồng Threads
1m
mn ơi, chuyện là e có một nhóm bn c2 chs chung ( để nói thân cg ko hẳn tại e mãi lp 8 và ph sang năm lp 9 ms tiếp xúc và nch nh vs nhóm đấy ), cho đến h c3 r bọn e vẫn còn nhóm nhg cg bị tách ra thành nh nhóm nhỏ hơn. e và 3 bn khác(3 bn này ko chung lp còn e khác lp) có chs cùng game nên bọn e lập nhóm chs chung và khá thân. Chuyện sẽ chẳng có j cho đến khi e có dg ntin vs 1 bn nữ khác và cg ntin dc 1 tgian r. Tại e cg hơi lowkey xíu vs e sợ kể chuyện này ra nhỡ ko thành ( hơi tâm linh nhẹ) nên  
Translate
 
1
/
4
3",,2026-10-01T17:01:36+00:00,0,reject,missing_group:electric_bus,0
Dbvyr79GLb-,https://www.threads.com/@tuyet.chau_w123/post/Dbvyr79GLb-,video xe buýt điện,kw_video_xe_buyt_dien,"tuyet.chau_w123
viral
08/08/26
Chúng m ơi lên cấp 3 r mà ko có xe máy riêng đi học phải nhờ bạn bè ba mẹ t thấy phiền vc chúng m ạ phải làm sao bâyh 💔  
Translate
6
31",,2026-08-07T17:09:33+00:00,0,reject,missing_group:electric_bus,0
Dd9Zhbjk-ib,https://www.threads.com/@idia_.123/post/Dd9Zhbjk-ib,video xe buýt điện,kw_video_xe_buyt_dien,"idia_.123
1m
giờ tớ tỏ tình cậu có đồng ý không  
Translate",,2026-10-01T17:01:49+00:00,0,reject,missing_group:electric_bus,0
Dd9ZjtOknhN,https://www.threads.com/@_miantheyapperz_/post/Dd9ZjtOknhN,video xe buýt điện,kw_video_xe_buyt_dien,"_miantheyapperz_
1m
Mở ao3 và nhận ra kinktober đã đến 🤤  
Translate
 
1
/
2
1",,2026-10-01T17:02:07+00:00,0,reject,missing_group:electric_bus,0
Dd9Zgssj78p,https://www.threads.com/@meohoangdangngongtrongem/post/Dd9Zgssj78p,video xe buýt điện,kw_video_xe_buyt_dien,"meohoangdangngongtrongem
MASONNGUYEN
1m
Òoooo, còn lên nữa 🤝  
Translate",,2026-10-01T17:01:43+00:00,0,reject,missing_group:electric_bus,0
Dd9ZhPej1WI,https://www.threads.com/@cmtu.nae/post/Dd9ZhPej1WI,video xe buýt điện,kw_video_xe_buyt_dien,"cmtu.nae
1m
nửa đêm cứ vầy khổ lắm🤡  
Translate
1",,2026-10-01T17:01:47+00:00,0,reject,missing_group:electric_bus,0
Dd9Zh74E-mV,https://www.threads.com/@noashh__/post/Dd9Zh74E-mV,video xe buýt điện,kw_video_xe_buyt_dien,"noashh__
viral
1m
dạo gần đây shop thấy rất nhiều bạn bị SCAM trên nền tảng Threads này khá nhiều nên shop sẽ quyết định đổi hình thức mua hàng từ ck full sang thành ship COD bởi shop cũng từng là 1 trong những người bị scam nên hiểu được tâm lý các bạn khi thấy shop chỉ nhận ck full.  
Translate
 
1
/
3
2",,2026-10-01T17:01:53+00:00,0,reject,missing_group:electric_bus,0
Dd9ZgmgEyyt,https://www.threads.com/@urilaweilt.vr/post/Dd9ZgmgEyyt,video xe buýt điện,kw_video_xe_buyt_dien,"urilaweilt.vr
1m
à vâng rất hay đây r t nghiện bài này r  
Translate
 
1
/
2
1",,2026-10-01T17:01:42+00:00,0,reject,missing_group:electric_bus,0
Dd9Y4Eqks-T,https://www.threads.com/@yoon64life/post/Dd9Y4Eqks-T,video xe buýt điện,kw_video_xe_buyt_dien,"yoon64life
Yoon Sik Kim
6m
Mai nổ to lắm hay sao mà bỏ ghim superelle lun dạ Yoon Sik Kim 🫣🫣  
Translate
29
4
1",,2026-10-01T16:56:10+00:00,0,reject,missing_group:electric_bus,0
Dd9Zegrk_M_,https://www.threads.com/@maiii.ieee/post/Dd9Zegrk_M_,video xe buýt điện,kw_video_xe_buyt_dien,"maiii.ieee
1m
Mới bỏ đúng k b? Nãy t nhớ vẫn thấy  
Translate
1",,2026-10-01T17:01:25+00:00,0,reject,missing_group:electric_bus,0
Dd9BM0ciaYT,https://www.threads.com/@nhi4952nhi/post/Dd9BM0ciaYT,video xe buýt điện,kw_video_xe_buyt_dien,"nhi4952nhi
3h
E muốn tìm hoa tặng mẹ 20/10 ai cs k ạ  
Translate
29
89
3",,2026-10-01T13:29:17+00:00,0,reject,missing_group:electric_bus,0
Dd9ZjR8E3A0,https://www.threads.com/@mona.banhoadao/post/Dd9ZjR8E3A0,video xe buýt điện,kw_video_xe_buyt_dien,"mona.banhoadao
1m
M có hoa len 180k/ 1 bó ạ  
Translate",,2026-10-01T17:02:04+00:00,0,reject,missing_group:electric_bus,0
Dd9ZiKbj6VQ,https://www.threads.com/@melnguyn234/post/Dd9ZiKbj6VQ,video xe buýt điện,kw_video_xe_buyt_dien,"melnguyn234
trà sữa
1m
Bất cứ a nào(or ng đàn ông nào) hãy mua trà sữa cho t ngay lúc này dù đầy bụng nhg t vẫn muốn uống, vì lâu t k uống rồi :)) vẫn muốn tỏ ra giới trẻ :))  
Translate
 
1
/
2
1",,2026-10-01T17:01:55+00:00,0,reject,missing_group:electric_bus,0
Dd9ZhgcgZQl,https://www.threads.com/@chothuexetulaihanoi_hixe/post/Dd9ZhgcgZQl,video xe buýt điện,kw_video_xe_buyt_dien,"chothuexetulaihanoi_hixe
TinhHaSayHi concert
1m
Điểm đón trải khắp Hà Nội, xe đời mới sạch đẹp, tài xế chuyên nghiệp, đội ngũ vận hành tận tâm, giá cả hợp lý,... vậy còn lăn tăn gì mà không lên xe cùng A Plus ngay thôi anh chị em ơi !!!  
Translate
chothuexetulaihanoi_aplus
Tinh Hà Say Hi
36m
🔥 FLASH SALE XE GHÉP – TINH HÀ SAY HI
Chào tháng 10, A Plus dành tặng quý ace 100 voucher khuyến mãi giảm giá ghép xe kể từ thời điểm bài viết được đăng tải:
🚐 2 chiều: 200K → chỉ 139K/người
➡️ 1 chiều đi hoặc về: đồng giá 99K/người
📍 35 điểm đón/trả quanh Nội Thành Hà Nội
⏰ Áp dụng từ thời điểm đăng bài đến hết 15/10 hoặc khi đủ 100 slot đăng ký đầu tiên kể từ khi áp dụng khuyến mãi.
Những Vì Tinh Tú hãy đăng ký sớm để giữ slot ưu đãi cùng A Plus nhé! 💙
forms.gle/H2VEF…  
Translate
 
1
/
2
2
1
1
2",,2026-10-01T17:01:49+00:00,0,reject,missing_group:electric_bus,0
Dd9VakFk1yf,https://www.threads.com/@chothuexetulaihanoi_aplus/post/Dd9VakFk1yf,video xe buýt điện,kw_video_xe_buyt_dien,"chothuexetulaihanoi_aplus
Tinh Hà Say Hi
36m
🔥 FLASH SALE XE GHÉP – TINH HÀ SAY HI
Chào tháng 10, A Plus dành tặng quý ace 100 voucher khuyến mãi giảm giá ghép xe kể từ thời điểm bài viết được đăng tải:
🚐 2 chiều: 200K → chỉ 139K/người
➡️ 1 chiều đi hoặc về: đồng giá 99K/người
📍 35 điểm đón/trả quanh Nội Thành Hà Nội
⏰ Áp dụng từ thời điểm đăng bài đến hết 15/10 hoặc khi đủ 100 slot đăng ký đầu tiên kể từ khi áp dụng khuyến mãi.
Những Vì Tinh Tú hãy đăng ký sớm để giữ slot ưu đãi cùng A Plus nhé! 💙
forms.gle/H2VEF…  
Translate
 
1
/
2
2
1
1
2",,2026-10-01T16:25:55+00:00,0,reject,missing_group:electric_bus,0
Dd9ZlUnI0R7,https://www.threads.com/@dxng201/post/Dd9ZlUnI0R7,phản hồi xe buýt điện,kw_phan_hoi_xe_buyt_dien,"dxng201
1m
anh nhớ em  
Translate
Thói Quen (25 Mét Vuông) [feat. Gducky]
Hoàng Dũng",,2026-10-01T17:02:21+00:00,0,reject,missing_group:electric_bus,0
Dd9ZNbpmFvD,https://www.threads.com/@opps._xi/post/Dd9ZNbpmFvD,phản hồi xe buýt điện,kw_phan_hoi_xe_buyt_dien,"opps._xi
3m
Replying to @xingai.daisbu
ủa mà tui đụng bà hả hay có liên quan j tới nhỏ đó mà s bà call out tui, tui hỏi thôi làm gì căng 😋  
Translate
1",,2026-10-01T16:59:05+00:00,0,reject,missing_group:electric_bus,0
Dd9ZgIRk5VA,https://www.threads.com/@xingai.daisbu/post/Dd9ZgIRk5VA,phản hồi xe buýt điện,kw_phan_hoi_xe_buyt_dien,"xingai.daisbu
1m
Đâu do cái cmt đang nói vụ hiền hiền cái t nhớ lại 2 con tụi bây cũng lên gp đá xéo nhà ai đó nên t tag vô hỏi thử ai ngờ hèn đéo dám nói rõ ra 😋  
Translate
1",,2026-10-01T17:01:38+00:00,0,reject,missing_group:electric_bus,0
Dd89-bwAeu0,https://www.threads.com/@x.xyu158/post/Dd89-bwAeu0,phản hồi xe buýt điện,kw_phan_hoi_xe_buyt_dien,"x.xyu158
HK trong đắng có độc
4h
Giữa hôn má và hôn môi
Tôi chọn loại sạch team để em ấy suốt đời ko thể quên toi  
Translate
Nước Mắt Em Rơi Trò Chơi Kết Thúc (feat. RIN9, DREAMeR) · Phí Phương Anh
100
10
16
23",,2026-10-01T13:02:11+00:00,0,reject,missing_group:electric_bus,0
Dd9Zf-PH4JC,https://www.threads.com/@fwq._ht/post/Dd9Zf-PH4JC,phản hồi xe buýt điện,kw_phan_hoi_xe_buyt_dien,"fwq._ht
1m
Xưa còn k biết show này, làm quả chấn động mxh phải mò dô coi rồi lên thuyền ma :))))  
Translate
1
1",,2026-10-01T17:01:37+00:00,0,reject,missing_group:electric_bus,0
Dd9WY_Hj1QU,https://www.threads.com/@thuyuyen00/post/Dd9WY_Hj1QU,phản hồi xe buýt điện,kw_phan_hoi_xe_buyt_dien,"thuyuyen00
28m
Có ai bán gì ăn ship liền gò vấp kh ạ :))) đói sắp chết rồi  
Translate
1
2",,2026-10-01T16:34:27+00:00,0,reject,missing_group:electric_bus,0
Dd9ZeclEqZD,https://www.threads.com/@buncangu_menauu/post/Dd9ZeclEqZD,phản hồi xe buýt điện,kw_phan_hoi_xe_buyt_dien,"buncangu_menauu
1m
Bếp mình có Bún Cá Ngừ Trộn Cay Gò Vấp ạ💖
Bạn đặt nhắn bếp nha  
Translate
1",,2026-10-01T17:01:24+00:00,0,reject,missing_group:electric_bus,0
Dd9RWOjEg-V,https://www.threads.com/@tranquocbaoo/post/Dd9RWOjEg-V,phản hồi xe buýt điện,kw_phan_hoi_xe_buyt_dien,"tranquocbaoo
Mew Amazing ATVNCG2026
1h
Khi bạn cook ra con beat cháy rụi quần xì YUH mother is mothering and let đàn con feeling their boobies be like 💅💅💅  
Translate
80
8
6
6",,2026-10-01T15:52:55+00:00,0,reject,missing_group:electric_bus,0
Dd9ZglcmDqq,https://www.threads.com/@will365.official/post/Dd9ZglcmDqq,phản hồi xe buýt điện,kw_phan_hoi_xe_buyt_dien,"Will 365
will365.official
1m
@mewamazing
 may bà Hùng ko mang giao diện này di thi đó  
Translate
20
1
3
2",,2026-10-01T17:01:42+00:00,0,reject,missing_group:electric_bus,0
Dc7iVmjE1hB,https://www.threads.com/@lanhomaiii/post/Dc7iVmjE1hB,phản hồi xe buýt điện,kw_phan_hoi_xe_buyt_dien,"lanhomaiii
09/06/26
Vâng chào mn, em k14 lên đây để kể về thk cha khốn nạn của gia đình em,
Vào năm 2023 khoản tháng 9 lúc đó em học nhưng là ngày nghỉ nên em ở nhà với mẹ em, cha em đi thì đi đâu r, khoản 9h sáng mẹ em có nhờ đi mua đồ thì tạp hóa ở bên kia đường cũng hơi gần nên em đi bộ, khi em xong đi về thì cũng ổn, nhưng em không thấy và cũng không hề nghe tiếng xe gì hết, em nói thật em thật sự không hề nghe tiếng xe, khi em chạy qua thì xe máy loại nhỏ ấy tông vào chân tay em, lúc đó có 1 hay 2 người hàng  
Translate
 
1
/
7
9
6
1",,2026-09-06T03:08:58+00:00,0,reject,missing_group:electric_bus,0
Dd9Zk-lEt4j,https://www.threads.com/@teresahughesp_735386/post/Dd9Zk-lEt4j,phản hồi xe buýt điện,kw_phan_hoi_xe_buyt_dien,"teresahughesp_735386
1m
Sg hú hí điii  
Translate",,2026-10-01T17:02:18+00:00,0,reject,missing_group:electric_bus,0
Dd9ZduzgW83,https://www.threads.com/@justmyworld.__/post/Dd9ZduzgW83,phản hồi xe buýt điện,kw_phan_hoi_xe_buyt_dien,"justmyworld.__
1m
CHÚC BÀ TUỔI MỚI CÓ NHIỀU TIỀN MUA CARD PERTHSANTA NHA (mua cho tui nữa) 
@mit10794
  
Translate
 
1
/
2
2",,2026-10-01T17:01:40+00:00,0,reject,missing_group:electric_bus,0
Dd9ZlpPkknN,https://www.threads.com/@leon_nppn/post/Dd9ZlpPkknN,phản hồi xe buýt điện,kw_phan_hoi_xe_buyt_dien,"leon_nppn
tâm sự
1m
tâm sự tủi hồnk đêm khuya
cuối những năm c2, t có quen 1 b cùng trường ( có thể gọi là tình đầu của nhau). b cũng khá nổi trong khối, chơi thể thao giỏi, chưa bao giờ t nghĩ mình sẽ cua dc b. là lần đầu tiên t được iu thương, chiều chuộng nên t thích lắm. nma ô trời đùng 1 phát cho bọn t yêu xa, b đột ngột nói gđ b đi tp khác sống. ban đầu tụi t hứa hẹn sau này sẽ gặp lại nhau, t sẽ học đh ở tp b rồi tụi t có thể quen nhau thoải mái. yêu xa được 1,2 tháng thì t bắt đầu chán, t dần k muốn vd call  
Translate
 
1
/
4
3",,2026-10-01T17:02:23+00:00,0,reject,missing_group:electric_bus,0
Dd9XUyYkhOA,https://www.threads.com/@muza_thuha/post/Dd9XUyYkhOA,phản hồi xe buýt điện,kw_phan_hoi_xe_buyt_dien,"muza_thuha
20m
Replying to @pdiem.lqh
Ai nhận sip hộ ko zậy  
Translate
1
1",,2026-10-01T16:42:37+00:00,0,reject,missing_group:electric_bus,0
Dd9ZisjErWM,https://www.threads.com/@pdiem.lqh/post/Dd9ZisjErWM,phản hồi xe buýt điện,kw_phan_hoi_xe_buyt_dien,"pdiem.lqh
1m
Có bà r ạ  
Translate
1",,2026-10-01T17:01:59+00:00,0,reject,missing_group:electric_bus,0
Dd9ZlbSkspU,https://www.threads.com/@nlhnd17/post/Dd9ZlbSkspU,phản hồi xe buýt điện,kw_phan_hoi_xe_buyt_dien,"nlhnd17
1m
Trông  
Translate
 
1
/
2
2",,2026-10-01T17:02:22+00:00,0,reject,missing_group:electric_bus,0
DdA7yKLj57U,https://www.threads.com/@banhmimeotom201/post/DdA7yKLj57U,phản hồi xe buýt điện,kw_phan_hoi_xe_buyt_dien,"banhmimeotom201
09/08/26
Đang có một vấn đề rất nóng trong cộng đồng tài xế công nghệ, khi xuất hiện hàng loạt bài đăng từ các tài xế Grab bày tỏ quan điểm tắt ứng dụng để phản đối Grab, yêu cầu Grab đối thoại làm rõ tình trạng thu nhập của tài xế giảm, chi phí cước mù mờ, đồng thời đảm bảo quyền lợi cho tài xế.
Đặc biệt, vấn đề nổi cộm nhất mà các bác tài phản ánh là chi phí cuốc xe. Khi các bác tài tung ra bằng chứng về nhiều cuốc xe rất “bào” tài xế.  
Translate
 
1
/
5
35
12
5",,2026-09-08T05:27:31+00:00,0,reject,missing_group:electric_bus,0
Dd9ZqJeH7B7,https://www.threads.com/@shinthichreview/post/Dd9ZqJeH7B7,xe buýt điện VinFast Hà Nội,kw_xe_buyt_dien_vinfast_ha_noi,"shinthichreview
1m
lẹ lẹ mấy bà ơi 2 lọ torriden đó  
Translate
 
1
/
2
1",,2026-10-01T17:03:00+00:00,0,reject,missing_group:electric_bus,0
Dd9ZsKfGPDI,https://www.threads.com/@iguana.00008888/post/Dd9ZsKfGPDI,xe buýt điện VinFast Hà Nội,kw_xe_buyt_dien_vinfast_ha_noi,"iguana.00008888
1m
t thấy t yếu đuối vl  
Translate",,2026-10-01T17:03:17+00:00,0,reject,missing_group:electric_bus,0
Dd9ZSYDGHtR,https://www.threads.com/@_jur.aw01z/post/Dd9ZSYDGHtR,xe buýt điện VinFast Hà Nội,kw_xe_buyt_dien_vinfast_ha_noi,"_jur.aw01z
4m
wlw ib  
Translate
1",,2026-10-01T16:59:46+00:00,0,reject,missing_group:electric_bus,0
Dd9ZqGDk0UG,https://www.threads.com/@jjfwvhk/post/Dd9ZqGDk0UG,xe buýt điện VinFast Hà Nội,kw_xe_buyt_dien_vinfast_ha_noi,"jjfwvhk
1m
Ib qua đâu zạ  
Translate
1",,2026-10-01T17:03:00+00:00,0,reject,missing_group:electric_bus,0
Dd9Zri3iT-b,https://www.threads.com/@doooingjaem/post/Dd9Zri3iT-b,xe buýt điện VinFast Hà Nội,kw_xe_buyt_dien_vinfast_ha_noi,"doooingjaem
1m
níu mà sát anni thì coá nên cbi hai cái bánh kem thổi nến phù chúp mừn cạ hai khum nhờ  
Translate
 
1
/
2
2",,2026-10-01T17:03:12+00:00,0,reject,missing_group:electric_bus,0
Dd9ZtDIkwj9,https://www.threads.com/@carahmoon1004/post/Dd9ZtDIkwj9,xe buýt điện VinFast Hà Nội,kw_xe_buyt_dien_vinfast_ha_noi,"carahmoon1004
MasonNguyen Lifebuoy VietNam
1m
Á đc lên led ở Mỹ nữa nè, lần thứ mấy của Bách r ta 🥰 cảm ơn bà Boi nhìu nha  
Translate",,2026-10-01T17:03:24+00:00,0,reject,missing_group:electric_bus,0
Dd9ZpMTkkQD,https://www.threads.com/@lwesthyle/post/Dd9ZpMTkkQD,xe buýt điện VinFast Hà Nội,kw_xe_buyt_dien_vinfast_ha_noi,"lwesthyle
1m
🗣️: Lớp mình ôn kĩ theo đề này, tuần sau cô cho làm kiểm tra, giống 80% nhé!  
Translate",,2026-10-01T17:02:52+00:00,0,reject,missing_group:electric_bus,0
Dd9ZrmuErdJ,https://www.threads.com/@tiemtarotnhameuu/post/Dd9ZrmuErdJ,xe buýt điện VinFast Hà Nội,kw_xe_buyt_dien_vinfast_ha_noi,"tiemtarotnhameuu
1m
nếu bạn đang trong trường hợp muốn coi tarot/lenormand vào ban đêm nhưng không READER nào coi ?🔎
🔮🔮 thì không sao,đã có Mèu lo,giờ này Mèu vẫn nhận coi tarot/lenormand lunn,muốn coi ib tiktok/threads hay ig đều đựttt (📌TIKTOK 
@tiemtarotnhameu_
 📌 )  
Translate
 
1
/
2
1",,2026-10-01T17:03:12+00:00,0,reject,missing_group:electric_bus,0
Dd9KV6YE7lg,https://www.threads.com/@p_chith2/post/Dd9KV6YE7lg,xe buýt điện VinFast Hà Nội,kw_xe_buyt_dien_vinfast_ha_noi,"p_chith2
HIEUTHUHAI MATNHAMMATMO CONCERT
2h
Set gift đợt 2 đây ạaaaaaaâ
Mọi người check cmt sẽ có form gift đợt 3 nhé ưu tiên bạn SUNDAYs nào có donate/vote/gấp sao cho Khang nhennnnn
Set gift bao gồm:
- 2 banner
- 1 poster
- random card/pola/ticket/vòng tayy  
Translate
23
18
1
1",,2026-10-01T14:49:10+00:00,0,reject,missing_group:electric_bus,0
Dd9ZoHDo0jT,https://www.threads.com/@ang_thb/post/Dd9ZoHDo0jT,xe buýt điện VinFast Hà Nội,kw_xe_buyt_dien_vinfast_ha_noi,"ang_thb
1m
Mnf 2 Khang QQ nè và cũng mnf tui trúng quà của bn nha  
Translate
1",,2026-10-01T17:02:44+00:00,0,reject,missing_group:electric_bus,0
