id,platform,source_url,context_id,post_context,post_title,post_published_at_raw,post_published_at,comment_text,comment_type,parent_comment_id,thread_id,reply_depth,posted_at_raw,posted_at,likes_count,author_key,matched_groups,co_thanh_pho_khac,parent_unresolved,crawl_batch_id,run_id,crawled_at
youtube_c_Ugwwcs1cv07au82hd3p4AaABAg,youtube,https://www.youtube.com/watch?v=-I7sCfwJng0,-I7sCfwJng0,"Rajwada में city e-bus  से पहला सड़क हादसा #indore #indorenews #roadaccident #cityebus
Patrika is the India's new hindi news digital platform that act as the mirror of the society. It helps in bridging the gap between the users and the current happenings in the society all around the world. If you are interested in watching hindi live news as well as breaking news then our YouTube channel will help you in giving you infotainment.

Subscribe our YouTube Channel and Never miss our Video: https://www.youtube.com/@PATRIKAMADHYAPRADESH

Visit Our Website: https://www.patrika.com/madhya-pradesh-news/

Follow and Like us on Facebook: https://www.facebook.com/Patrikamadhyapradesh/

Follow and Like us on Twitter: https://twitter.com/patrika_mp

Follow and Like us on Instagram: https://bit.ly/3QjNz0F",Rajwada में city e-bus  से पहला सड़क हादसा #indore #indorenews #roadaccident #cityebus,2026-09-27T10:42:15Z,2026-09-27T10:42:15Z,I was there,top_level,,Ugwwcs1cv07au82hd3p4AaABAg,0,2026-09-27T12:13:43Z,2026-09-27T12:13:43Z,0,UCLgWqT0_Mw935GYJanPD7Qg,,0,0,youtube_20260927_1302,baseline_20260926_134704,2026-09-27T20:02:26.744143+07:00
youtube_c_UgzG1NIJaol-g8gPLd54AaABAg,youtube,https://www.youtube.com/watch?v=-I7sCfwJng0,-I7sCfwJng0,"Rajwada में city e-bus  से पहला सड़क हादसा #indore #indorenews #roadaccident #cityebus
Patrika is the India's new hindi news digital platform that act as the mirror of the society. It helps in bridging the gap between the users and the current happenings in the society all around the world. If you are interested in watching hindi live news as well as breaking news then our YouTube channel will help you in giving you infotainment.

Subscribe our YouTube Channel and Never miss our Video: https://www.youtube.com/@PATRIKAMADHYAPRADESH

Visit Our Website: https://www.patrika.com/madhya-pradesh-news/

Follow and Like us on Facebook: https://www.facebook.com/Patrikamadhyapradesh/

Follow and Like us on Twitter: https://twitter.com/patrika_mp

Follow and Like us on Instagram: https://bit.ly/3QjNz0F",Rajwada में city e-bus  से पहला सड़क हादसा #indore #indorenews #roadaccident #cityebus,2026-09-27T10:42:15Z,2026-09-27T10:42:15Z,Humare samne huaa yh,top_level,,UgzG1NIJaol-g8gPLd54AaABAg,0,2026-09-27T11:21:48Z,2026-09-27T11:21:48Z,0,UCYq2pPZ8iWgFK_N764F-ukA,,0,0,youtube_20260927_1203,baseline_20260926_134704,2026-09-27T19:03:46.787562+07:00
youtube_c_Ugw-Naan9s1jbE0NupN4AaABAg,youtube,https://www.youtube.com/watch?v=-sY0ZwB6vnw,-sY0ZwB6vnw,"단 두 대만 판매된 희귀 전기버스, 서울에서만 운행 중? / 비야디 NEW eBus-7
[촬영] 2025년 7월, 8월

[배경음악]
Title - New Super Mario Bros 2
https://youtu.be/V3vVu32jS-o?si=SHVKu3JHTkiQlrZ6
Good for you - T-SQUARE
https://youtu.be/SjnLwuyEnwM?si=pH58vXQOssKA-Z3n

[타임스탬프]
0:00 인트로
0:10 차종 소개
0:42 차종 둘러보기
1:05 주행 (모터음)
1:25 문 개폐
1:31 주행 (대학병원 구간)
2:39 아웃트로","단 두 대만 판매된 희귀 전기버스, 서울에서만 운행 중? / 비야디 NEW eBus-7",2026-09-25T10:30:10Z,2026-09-25T10:30:10Z,멈춰있던 루레온님의 시간이 흐르기 시작했다..,top_level,,Ugw-Naan9s1jbE0NupN4AaABAg,0,2026-09-25T10:39:15Z,2026-09-25T10:39:15Z,0,UCnuJVJcKhgJjmK8yhuERuug,,0,0,youtube_20260926_1347,baseline_20260926_134704,2026-09-26T21:00:01.140616+07:00
youtube_c_Ugw-Naan9s1jbE0NupN4AaABAg.AbAlq9sjVdYAbAo6cruree,youtube,https://www.youtube.com/watch?v=-sY0ZwB6vnw,-sY0ZwB6vnw,"단 두 대만 판매된 희귀 전기버스, 서울에서만 운행 중? / 비야디 NEW eBus-7
[촬영] 2025년 7월, 8월

[배경음악]
Title - New Super Mario Bros 2
https://youtu.be/V3vVu32jS-o?si=SHVKu3JHTkiQlrZ6
Good for you - T-SQUARE
https://youtu.be/SjnLwuyEnwM?si=pH58vXQOssKA-Z3n

[타임스탬프]
0:00 인트로
0:10 차종 소개
0:42 차종 둘러보기
1:05 주행 (모터음)
1:25 문 개폐
1:31 주행 (대학병원 구간)
2:39 아웃트로","단 두 대만 판매된 희귀 전기버스, 서울에서만 운행 중? / 비야디 NEW eBus-7",2026-09-25T10:30:10Z,2026-09-25T10:30:10Z,기다려주셔서 고맙습니다 ㅎㅎ,reply,Ugw-Naan9s1jbE0NupN4AaABAg,Ugw-Naan9s1jbE0NupN4AaABAg,1,2026-09-25T10:59:07Z,2026-09-25T10:59:07Z,0,UCF8YMN-bG5kgKG50VZFjhoA,,0,0,youtube_20260926_1347,baseline_20260926_134704,2026-09-26T21:00:04.544446+07:00
youtube_c_UgwBUvGtzIsLv3MO_pJ4AaABAg,youtube,https://www.youtube.com/watch?v=-sY0ZwB6vnw,-sY0ZwB6vnw,"단 두 대만 판매된 희귀 전기버스, 서울에서만 운행 중? / 비야디 NEW eBus-7
[촬영] 2025년 7월, 8월

[배경음악]
Title - New Super Mario Bros 2
https://youtu.be/V3vVu32jS-o?si=SHVKu3JHTkiQlrZ6
Good for you - T-SQUARE
https://youtu.be/SjnLwuyEnwM?si=pH58vXQOssKA-Z3n

[타임스탬프]
0:00 인트로
0:10 차종 소개
0:42 차종 둘러보기
1:05 주행 (모터음)
1:25 문 개폐
1:31 주행 (대학병원 구간)
2:39 아웃트로","단 두 대만 판매된 희귀 전기버스, 서울에서만 운행 중? / 비야디 NEW eBus-7",2026-09-25T10:30:10Z,2026-09-25T10:30:10Z,진짜 정말로 오랜만입니다.,top_level,,UgwBUvGtzIsLv3MO_pJ4AaABAg,0,2026-09-25T10:54:30Z,2026-09-25T10:54:30Z,2,UChyj4X8Qqp7PLj-P98XndHw,,0,0,youtube_20260926_1347,baseline_20260926_134704,2026-09-26T20:59:57.784906+07:00
youtube_c_UgwOmCNtpjFPAOac9cF4AaABAg,youtube,https://www.youtube.com/watch?v=-sY0ZwB6vnw,-sY0ZwB6vnw,"단 두 대만 판매된 희귀 전기버스, 서울에서만 운행 중? / 비야디 NEW eBus-7
[촬영] 2025년 7월, 8월

[배경음악]
Title - New Super Mario Bros 2
https://youtu.be/V3vVu32jS-o?si=SHVKu3JHTkiQlrZ6
Good for you - T-SQUARE
https://youtu.be/SjnLwuyEnwM?si=pH58vXQOssKA-Z3n

[타임스탬프]
0:00 인트로
0:10 차종 소개
0:42 차종 둘러보기
1:05 주행 (모터음)
1:25 문 개폐
1:31 주행 (대학병원 구간)
2:39 아웃트로","단 두 대만 판매된 희귀 전기버스, 서울에서만 운행 중? / 비야디 NEW eBus-7",2026-09-25T10:30:10Z,2026-09-25T10:30:10Z,루레온님 근데 교통여행님 영상 썸네일이 루레온님이 제작했다고 되어있던데 그거 콜라보인가요?,top_level,,UgwOmCNtpjFPAOac9cF4AaABAg,0,2026-09-25T12:05:05Z,2026-09-25T12:05:05Z,1,UCEl44BXP6tsdaruLA2OIvjw,,0,0,youtube_20260926_1347,baseline_20260926_134704,2026-09-26T20:59:47.830683+07:00
youtube_c_UgwOmCNtpjFPAOac9cF4AaABAg.AbAvesNf_HXAbB1nAIsPSM,youtube,https://www.youtube.com/watch?v=-sY0ZwB6vnw,-sY0ZwB6vnw,"단 두 대만 판매된 희귀 전기버스, 서울에서만 운행 중? / 비야디 NEW eBus-7
[촬영] 2025년 7월, 8월

[배경음악]
Title - New Super Mario Bros 2
https://youtu.be/V3vVu32jS-o?si=SHVKu3JHTkiQlrZ6
Good for you - T-SQUARE
https://youtu.be/SjnLwuyEnwM?si=pH58vXQOssKA-Z3n

[타임스탬프]
0:00 인트로
0:10 차종 소개
0:42 차종 둘러보기
1:05 주행 (모터음)
1:25 문 개폐
1:31 주행 (대학병원 구간)
2:39 아웃트로","단 두 대만 판매된 희귀 전기버스, 서울에서만 운행 중? / 비야디 NEW eBus-7",2026-09-25T10:30:10Z,2026-09-25T10:30:10Z,제작만 해준겁니다 ㅎㅎ,reply,UgwOmCNtpjFPAOac9cF4AaABAg,UgwOmCNtpjFPAOac9cF4AaABAg,1,2026-09-25T13:07:23Z,2026-09-25T13:07:23Z,1,UCF8YMN-bG5kgKG50VZFjhoA,,0,0,youtube_20260926_1347,baseline_20260926_134704,2026-09-26T20:59:51.111882+07:00
youtube_c_UgwOmCNtpjFPAOac9cF4AaABAg.AbAvesNf_HXAbD4UV8PN-M,youtube,https://www.youtube.com/watch?v=-sY0ZwB6vnw,-sY0ZwB6vnw,"단 두 대만 판매된 희귀 전기버스, 서울에서만 운행 중? / 비야디 NEW eBus-7
[촬영] 2025년 7월, 8월

[배경음악]
Title - New Super Mario Bros 2
https://youtu.be/V3vVu32jS-o?si=SHVKu3JHTkiQlrZ6
Good for you - T-SQUARE
https://youtu.be/SjnLwuyEnwM?si=pH58vXQOssKA-Z3n

[타임스탬프]
0:00 인트로
0:10 차종 소개
0:42 차종 둘러보기
1:05 주행 (모터음)
1:25 문 개폐
1:31 주행 (대학병원 구간)
2:39 아웃트로","단 두 대만 판매된 희귀 전기버스, 서울에서만 운행 중? / 비야디 NEW eBus-7",2026-09-25T10:30:10Z,2026-09-25T10:30:10Z,​​@lureonside아... 그럼 제 영상 썸네일도 가능한가요?,reply,UgwOmCNtpjFPAOac9cF4AaABAg,UgwOmCNtpjFPAOac9cF4AaABAg,1,2026-09-26T08:09:24Z,2026-09-26T08:09:24Z,1,UCEl44BXP6tsdaruLA2OIvjw,,0,0,youtube_20260926_1347,baseline_20260926_134704,2026-09-26T20:59:51.113077+07:00
youtube_c_UgwQmXrZ5RwxGOQPnwF4AaABAg,youtube,https://www.youtube.com/watch?v=-sY0ZwB6vnw,-sY0ZwB6vnw,"단 두 대만 판매된 희귀 전기버스, 서울에서만 운행 중? / 비야디 NEW eBus-7
[촬영] 2025년 7월, 8월

[배경음악]
Title - New Super Mario Bros 2
https://youtu.be/V3vVu32jS-o?si=SHVKu3JHTkiQlrZ6
Good for you - T-SQUARE
https://youtu.be/SjnLwuyEnwM?si=pH58vXQOssKA-Z3n

[타임스탬프]
0:00 인트로
0:10 차종 소개
0:42 차종 둘러보기
1:05 주행 (모터음)
1:25 문 개폐
1:31 주행 (대학병원 구간)
2:39 아웃트로","단 두 대만 판매된 희귀 전기버스, 서울에서만 운행 중? / 비야디 NEW eBus-7",2026-09-25T10:30:10Z,2026-09-25T10:30:10Z,제가 항상 서울이나 성남쪽에서 뭐 계속 버스 타고 댕기고 그러는데 지금까지 본 서울 전기버스 승차감중에서 제일 좋은건 우진 아폴로나 일렉밖에 없나봅니다 최근에 아폴로도 많이 생산됬지만 종로쪽은 대도록 심야버스도 붐비고 보이는 버스가 대부분 하이거나 아폴로다 보니까 승차감 꼴등은 역시나 일레누스나 스마트나 포톤뿐인듯 해요,top_level,,UgwQmXrZ5RwxGOQPnwF4AaABAg,0,2026-09-27T06:02:15Z,2026-09-27T06:02:15Z,0,UCHSs_eJ31WptzzWLsH6PQVg,,0,0,youtube_20260927_0855,baseline_20260926_134704,2026-09-27T15:56:35.793750+07:00
youtube_c_UgwS9BFhz-hCx4koTA14AaABAg,youtube,https://www.youtube.com/watch?v=-sY0ZwB6vnw,-sY0ZwB6vnw,"단 두 대만 판매된 희귀 전기버스, 서울에서만 운행 중? / 비야디 NEW eBus-7
[촬영] 2025년 7월, 8월

[배경음악]
Title - New Super Mario Bros 2
https://youtu.be/V3vVu32jS-o?si=SHVKu3JHTkiQlrZ6
Good for you - T-SQUARE
https://youtu.be/SjnLwuyEnwM?si=pH58vXQOssKA-Z3n

[타임스탬프]
0:00 인트로
0:10 차종 소개
0:42 차종 둘러보기
1:05 주행 (모터음)
1:25 문 개폐
1:31 주행 (대학병원 구간)
2:39 아웃트로","단 두 대만 판매된 희귀 전기버스, 서울에서만 운행 중? / 비야디 NEW eBus-7",2026-09-25T10:30:10Z,2026-09-25T10:30:10Z,"채널 배너에 쪼그만하게 있길래 영상 언제 올리시려나 했더니 올라왔군요! 전조등 디자인이 ADL Enviro MMC 느낌이 나는데 개인적으론 좀 비호감이네요 😅
풍성한 한가위 되세요!",top_level,,UgwS9BFhz-hCx4koTA14AaABAg,0,2026-09-25T10:59:49Z,2026-09-25T10:59:49Z,1,UCmM92v_F7D9V_-kYmGu9deQ,,0,0,youtube_20260926_1347,baseline_20260926_134704,2026-09-26T20:59:51.121886+07:00
youtube_c_UgwS9BFhz-hCx4koTA14AaABAg.AbAoBlETDFMAbAq6iHctnb,youtube,https://www.youtube.com/watch?v=-sY0ZwB6vnw,-sY0ZwB6vnw,"단 두 대만 판매된 희귀 전기버스, 서울에서만 운행 중? / 비야디 NEW eBus-7
[촬영] 2025년 7월, 8월

[배경음악]
Title - New Super Mario Bros 2
https://youtu.be/V3vVu32jS-o?si=SHVKu3JHTkiQlrZ6
Good for you - T-SQUARE
https://youtu.be/SjnLwuyEnwM?si=pH58vXQOssKA-Z3n

[타임스탬프]
0:00 인트로
0:10 차종 소개
0:42 차종 둘러보기
1:05 주행 (모터음)
1:25 문 개폐
1:31 주행 (대학병원 구간)
2:39 아웃트로","단 두 대만 판매된 희귀 전기버스, 서울에서만 운행 중? / 비야디 NEW eBus-7",2026-09-25T10:30:10Z,2026-09-25T10:30:10Z,좋은 명절 보내세요!,reply,UgwS9BFhz-hCx4koTA14AaABAg,UgwS9BFhz-hCx4koTA14AaABAg,1,2026-09-25T11:16:36Z,2026-09-25T11:16:36Z,0,UCF8YMN-bG5kgKG50VZFjhoA,,0,0,youtube_20260926_1347,baseline_20260926_134704,2026-09-26T20:59:54.418637+07:00
youtube_c_UgwamRICMIeMP7e-q6B4AaABAg,youtube,https://www.youtube.com/watch?v=-sY0ZwB6vnw,-sY0ZwB6vnw,"단 두 대만 판매된 희귀 전기버스, 서울에서만 운행 중? / 비야디 NEW eBus-7
[촬영] 2025년 7월, 8월

[배경음악]
Title - New Super Mario Bros 2
https://youtu.be/V3vVu32jS-o?si=SHVKu3JHTkiQlrZ6
Good for you - T-SQUARE
https://youtu.be/SjnLwuyEnwM?si=pH58vXQOssKA-Z3n

[타임스탬프]
0:00 인트로
0:10 차종 소개
0:42 차종 둘러보기
1:05 주행 (모터음)
1:25 문 개폐
1:31 주행 (대학병원 구간)
2:39 아웃트로","단 두 대만 판매된 희귀 전기버스, 서울에서만 운행 중? / 비야디 NEW eBus-7",2026-09-25T10:30:10Z,2026-09-25T10:30:10Z,아 이 얼마만의 루레온이란 말인가 ♡♡,top_level,,UgwamRICMIeMP7e-q6B4AaABAg,0,2026-09-25T10:59:01Z,2026-09-25T10:59:01Z,0,UCeN0JrNIDD3AqNh3W2O1svg,,0,0,youtube_20260926_1347,baseline_20260926_134704,2026-09-26T20:59:54.419737+07:00
youtube_c_Ugwjey4aQGaltVKoGjh4AaABAg,youtube,https://www.youtube.com/watch?v=-sY0ZwB6vnw,-sY0ZwB6vnw,"단 두 대만 판매된 희귀 전기버스, 서울에서만 운행 중? / 비야디 NEW eBus-7
[촬영] 2025년 7월, 8월

[배경음악]
Title - New Super Mario Bros 2
https://youtu.be/V3vVu32jS-o?si=SHVKu3JHTkiQlrZ6
Good for you - T-SQUARE
https://youtu.be/SjnLwuyEnwM?si=pH58vXQOssKA-Z3n

[타임스탬프]
0:00 인트로
0:10 차종 소개
0:42 차종 둘러보기
1:05 주행 (모터음)
1:25 문 개폐
1:31 주행 (대학병원 구간)
2:39 아웃트로","단 두 대만 판매된 희귀 전기버스, 서울에서만 운행 중? / 비야디 NEW eBus-7",2026-09-25T10:30:10Z,2026-09-25T10:30:10Z,저거 찍어야되는데 나는 전남광주에 살아서 탈수가 없음(?),top_level,,Ugwjey4aQGaltVKoGjh4AaABAg,0,2026-09-25T11:59:54Z,2026-09-25T11:59:54Z,1,UCEl44BXP6tsdaruLA2OIvjw,,0,0,youtube_20260926_1347,baseline_20260926_134704,2026-09-26T20:59:51.114412+07:00
youtube_c_UgwkzIzX_BEb8SauGSx4AaABAg,youtube,https://www.youtube.com/watch?v=-sY0ZwB6vnw,-sY0ZwB6vnw,"단 두 대만 판매된 희귀 전기버스, 서울에서만 운행 중? / 비야디 NEW eBus-7
[촬영] 2025년 7월, 8월

[배경음악]
Title - New Super Mario Bros 2
https://youtu.be/V3vVu32jS-o?si=SHVKu3JHTkiQlrZ6
Good for you - T-SQUARE
https://youtu.be/SjnLwuyEnwM?si=pH58vXQOssKA-Z3n

[타임스탬프]
0:00 인트로
0:10 차종 소개
0:42 차종 둘러보기
1:05 주행 (모터음)
1:25 문 개폐
1:31 주행 (대학병원 구간)
2:39 아웃트로","단 두 대만 판매된 희귀 전기버스, 서울에서만 운행 중? / 비야디 NEW eBus-7",2026-09-25T10:30:10Z,2026-09-25T10:30:10Z,3달만에 ㅠㅠ,top_level,,UgwkzIzX_BEb8SauGSx4AaABAg,0,2026-09-25T10:31:47Z,2026-09-25T10:31:47Z,0,UCXKI3SyDoaDYJ3999ejcYDw,,0,0,youtube_20260926_1347,baseline_20260926_134704,2026-09-26T21:00:04.548556+07:00
youtube_c_UgwkzIzX_BEb8SauGSx4AaABAg.AbAkzQJ8kBJAbAl6HZ652z,youtube,https://www.youtube.com/watch?v=-sY0ZwB6vnw,-sY0ZwB6vnw,"단 두 대만 판매된 희귀 전기버스, 서울에서만 운행 중? / 비야디 NEW eBus-7
[촬영] 2025년 7월, 8월

[배경음악]
Title - New Super Mario Bros 2
https://youtu.be/V3vVu32jS-o?si=SHVKu3JHTkiQlrZ6
Good for you - T-SQUARE
https://youtu.be/SjnLwuyEnwM?si=pH58vXQOssKA-Z3n

[타임스탬프]
0:00 인트로
0:10 차종 소개
0:42 차종 둘러보기
1:05 주행 (모터음)
1:25 문 개폐
1:31 주행 (대학병원 구간)
2:39 아웃트로","단 두 대만 판매된 희귀 전기버스, 서울에서만 운행 중? / 비야디 NEW eBus-7",2026-09-25T10:30:10Z,2026-09-25T10:30:10Z,ㅠㅠ,reply,UgwkzIzX_BEb8SauGSx4AaABAg,UgwkzIzX_BEb8SauGSx4AaABAg,1,2026-09-25T10:32:51Z,2026-09-25T10:32:51Z,1,UCVgawOsfGby4_ySZP87OCGw,,0,0,youtube_20260926_1347,baseline_20260926_134704,2026-09-26T21:00:07.800026+07:00
youtube_c_UgwkzIzX_BEb8SauGSx4AaABAg.AbAkzQJ8kBJAbAsIWvdz5A,youtube,https://www.youtube.com/watch?v=-sY0ZwB6vnw,-sY0ZwB6vnw,"단 두 대만 판매된 희귀 전기버스, 서울에서만 운행 중? / 비야디 NEW eBus-7
[촬영] 2025년 7월, 8월

[배경음악]
Title - New Super Mario Bros 2
https://youtu.be/V3vVu32jS-o?si=SHVKu3JHTkiQlrZ6
Good for you - T-SQUARE
https://youtu.be/SjnLwuyEnwM?si=pH58vXQOssKA-Z3n

[타임스탬프]
0:00 인트로
0:10 차종 소개
0:42 차종 둘러보기
1:05 주행 (모터음)
1:25 문 개폐
1:31 주행 (대학병원 구간)
2:39 아웃트로","단 두 대만 판매된 희귀 전기버스, 서울에서만 운행 중? / 비야디 NEW eBus-7",2026-09-25T10:30:10Z,2026-09-25T10:30:10Z,님도 여기에 ㅋㅋㅋ,reply,UgwkzIzX_BEb8SauGSx4AaABAg,UgwkzIzX_BEb8SauGSx4AaABAg,1,2026-09-25T11:35:41Z,2026-09-25T11:35:41Z,1,UCXKI3SyDoaDYJ3999ejcYDw,,0,0,youtube_20260926_1347,baseline_20260926_134704,2026-09-26T21:00:07.800026+07:00
youtube_c_Ugwor_2Pwtm23-T2d414AaABAg,youtube,https://www.youtube.com/watch?v=-sY0ZwB6vnw,-sY0ZwB6vnw,"단 두 대만 판매된 희귀 전기버스, 서울에서만 운행 중? / 비야디 NEW eBus-7
[촬영] 2025년 7월, 8월

[배경음악]
Title - New Super Mario Bros 2
https://youtu.be/V3vVu32jS-o?si=SHVKu3JHTkiQlrZ6
Good for you - T-SQUARE
https://youtu.be/SjnLwuyEnwM?si=pH58vXQOssKA-Z3n

[타임스탬프]
0:00 인트로
0:10 차종 소개
0:42 차종 둘러보기
1:05 주행 (모터음)
1:25 문 개폐
1:31 주행 (대학병원 구간)
2:39 아웃트로","단 두 대만 판매된 희귀 전기버스, 서울에서만 운행 중? / 비야디 NEW eBus-7",2026-09-25T10:30:10Z,2026-09-25T10:30:10Z,창원에 뉴카운티가 폐차되면 이거로 될것같은(?),top_level,,Ugwor_2Pwtm23-T2d414AaABAg,0,2026-09-25T21:14:49Z,2026-09-25T21:14:49Z,1,UCAW3heTzsAxClB7qSXYAvxA,,0,0,youtube_20260926_1347,baseline_20260926_134704,2026-09-26T20:59:47.825603+07:00
youtube_c_Ugwzy_uAQQOaAYOF8F14AaABAg,youtube,https://www.youtube.com/watch?v=-sY0ZwB6vnw,-sY0ZwB6vnw,"단 두 대만 판매된 희귀 전기버스, 서울에서만 운행 중? / 비야디 NEW eBus-7
[촬영] 2025년 7월, 8월

[배경음악]
Title - New Super Mario Bros 2
https://youtu.be/V3vVu32jS-o?si=SHVKu3JHTkiQlrZ6
Good for you - T-SQUARE
https://youtu.be/SjnLwuyEnwM?si=pH58vXQOssKA-Z3n

[타임스탬프]
0:00 인트로
0:10 차종 소개
0:42 차종 둘러보기
1:05 주행 (모터음)
1:25 문 개폐
1:31 주행 (대학병원 구간)
2:39 아웃트로","단 두 대만 판매된 희귀 전기버스, 서울에서만 운행 중? / 비야디 NEW eBus-7",2026-09-25T10:30:10Z,2026-09-25T10:30:10Z,9초전 ㄷㄷ,top_level,,Ugwzy_uAQQOaAYOF8F14AaABAg,0,2026-09-25T10:30:32Z,2026-09-25T10:30:32Z,0,UCVgawOsfGby4_ySZP87OCGw,,0,0,youtube_20260926_1347,baseline_20260926_134704,2026-09-26T21:00:11.102272+07:00
youtube_c_Ugx2LytZL3m0BGVCawh4AaABAg,youtube,https://www.youtube.com/watch?v=-sY0ZwB6vnw,-sY0ZwB6vnw,"단 두 대만 판매된 희귀 전기버스, 서울에서만 운행 중? / 비야디 NEW eBus-7
[촬영] 2025년 7월, 8월

[배경음악]
Title - New Super Mario Bros 2
https://youtu.be/V3vVu32jS-o?si=SHVKu3JHTkiQlrZ6
Good for you - T-SQUARE
https://youtu.be/SjnLwuyEnwM?si=pH58vXQOssKA-Z3n

[타임스탬프]
0:00 인트로
0:10 차종 소개
0:42 차종 둘러보기
1:05 주행 (모터음)
1:25 문 개폐
1:31 주행 (대학병원 구간)
2:39 아웃트로","단 두 대만 판매된 희귀 전기버스, 서울에서만 운행 중? / 비야디 NEW eBus-7",2026-09-25T10:30:10Z,2026-09-25T10:30:10Z,전면부가 자일대우 레스타같네ㅋ,top_level,,Ugx2LytZL3m0BGVCawh4AaABAg,0,2026-09-25T11:08:44Z,2026-09-25T11:08:44Z,1,UCoMuH_KJ3AI1dnIZislm--Q,,0,0,youtube_20260926_1347,baseline_20260926_134704,2026-09-26T20:59:51.117250+07:00
youtube_c_UgxC_qRY76a2lar_XwR4AaABAg,youtube,https://www.youtube.com/watch?v=-sY0ZwB6vnw,-sY0ZwB6vnw,"단 두 대만 판매된 희귀 전기버스, 서울에서만 운행 중? / 비야디 NEW eBus-7
[촬영] 2025년 7월, 8월

[배경음악]
Title - New Super Mario Bros 2
https://youtu.be/V3vVu32jS-o?si=SHVKu3JHTkiQlrZ6
Good for you - T-SQUARE
https://youtu.be/SjnLwuyEnwM?si=pH58vXQOssKA-Z3n

[타임스탬프]
0:00 인트로
0:10 차종 소개
0:42 차종 둘러보기
1:05 주행 (모터음)
1:25 문 개폐
1:31 주행 (대학병원 구간)
2:39 아웃트로","단 두 대만 판매된 희귀 전기버스, 서울에서만 운행 중? / 비야디 NEW eBus-7",2026-09-25T10:30:10Z,2026-09-25T10:30:10Z,"종로12 서울대병원 장례식장갈때 혜화역 근처에서 저 버스를 한 번 타봤는데, 비야디였군요",top_level,,UgxC_qRY76a2lar_XwR4AaABAg,0,2026-09-25T10:45:07Z,2026-09-25T10:45:07Z,0,UC3xfbJ82QzmuthMnYVe2HZg,,0,0,youtube_20260926_1347,baseline_20260926_134704,2026-09-26T21:00:01.138228+07:00
youtube_c_UgxH_ja8Hf8kbQ99Rih4AaABAg,youtube,https://www.youtube.com/watch?v=-sY0ZwB6vnw,-sY0ZwB6vnw,"단 두 대만 판매된 희귀 전기버스, 서울에서만 운행 중? / 비야디 NEW eBus-7
[촬영] 2025년 7월, 8월

[배경음악]
Title - New Super Mario Bros 2
https://youtu.be/V3vVu32jS-o?si=SHVKu3JHTkiQlrZ6
Good for you - T-SQUARE
https://youtu.be/SjnLwuyEnwM?si=pH58vXQOssKA-Z3n

[타임스탬프]
0:00 인트로
0:10 차종 소개
0:42 차종 둘러보기
1:05 주행 (모터음)
1:25 문 개폐
1:31 주행 (대학병원 구간)
2:39 아웃트로","단 두 대만 판매된 희귀 전기버스, 서울에서만 운행 중? / 비야디 NEW eBus-7",2026-09-25T10:30:10Z,2026-09-25T10:30:10Z,"오랜만에 영상이네요! ㅎㅎ
재밌게 보겠습니다!",top_level,,UgxH_ja8Hf8kbQ99Rih4AaABAg,0,2026-09-25T10:31:43Z,2026-09-25T10:31:43Z,1,UCS9ou7h7bXBLjZAhi5hG5pg,,0,0,youtube_20260926_1347,baseline_20260926_134704,2026-09-26T21:00:07.802873+07:00
youtube_c_Ugxl7Fp4NKPoP95FWDJ4AaABAg,youtube,https://www.youtube.com/watch?v=-sY0ZwB6vnw,-sY0ZwB6vnw,"단 두 대만 판매된 희귀 전기버스, 서울에서만 운행 중? / 비야디 NEW eBus-7
[촬영] 2025년 7월, 8월

[배경음악]
Title - New Super Mario Bros 2
https://youtu.be/V3vVu32jS-o?si=SHVKu3JHTkiQlrZ6
Good for you - T-SQUARE
https://youtu.be/SjnLwuyEnwM?si=pH58vXQOssKA-Z3n

[타임스탬프]
0:00 인트로
0:10 차종 소개
0:42 차종 둘러보기
1:05 주행 (모터음)
1:25 문 개폐
1:31 주행 (대학병원 구간)
2:39 아웃트로","단 두 대만 판매된 희귀 전기버스, 서울에서만 운행 중? / 비야디 NEW eBus-7",2026-09-25T10:30:10Z,2026-09-25T10:30:10Z,넘 보고싶었어요❤,top_level,,Ugxl7Fp4NKPoP95FWDJ4AaABAg,0,2026-09-25T12:23:33Z,2026-09-25T12:23:33Z,0,UCqYuyapcGXGCm2lPN3A1cQw,,0,0,youtube_20260926_1347,baseline_20260926_134704,2026-09-26T20:59:47.828341+07:00
youtube_c_Ugxmci8DXRYKcO4B33h4AaABAg,youtube,https://www.youtube.com/watch?v=-sY0ZwB6vnw,-sY0ZwB6vnw,"단 두 대만 판매된 희귀 전기버스, 서울에서만 운행 중? / 비야디 NEW eBus-7
[촬영] 2025년 7월, 8월

[배경음악]
Title - New Super Mario Bros 2
https://youtu.be/V3vVu32jS-o?si=SHVKu3JHTkiQlrZ6
Good for you - T-SQUARE
https://youtu.be/SjnLwuyEnwM?si=pH58vXQOssKA-Z3n

[타임스탬프]
0:00 인트로
0:10 차종 소개
0:42 차종 둘러보기
1:05 주행 (모터음)
1:25 문 개폐
1:31 주행 (대학병원 구간)
2:39 아웃트로","단 두 대만 판매된 희귀 전기버스, 서울에서만 운행 중? / 비야디 NEW eBus-7",2026-09-25T10:30:10Z,2026-09-25T10:30:10Z,"안산 11
동부차고지~원시 
상록수 ~수원역",top_level,,Ugxmci8DXRYKcO4B33h4AaABAg,0,2026-09-26T00:48:44Z,2026-09-26T00:48:44Z,1,UCPtjnMx-w_2AtsMUx_7O-IA,,0,0,youtube_20260926_1347,baseline_20260926_134704,2026-09-26T20:59:47.825603+07:00
youtube_c_UgxpnoEJ4bDBI7BiOZR4AaABAg,youtube,https://www.youtube.com/watch?v=-sY0ZwB6vnw,-sY0ZwB6vnw,"단 두 대만 판매된 희귀 전기버스, 서울에서만 운행 중? / 비야디 NEW eBus-7
[촬영] 2025년 7월, 8월

[배경음악]
Title - New Super Mario Bros 2
https://youtu.be/V3vVu32jS-o?si=SHVKu3JHTkiQlrZ6
Good for you - T-SQUARE
https://youtu.be/SjnLwuyEnwM?si=pH58vXQOssKA-Z3n

[타임스탬프]
0:00 인트로
0:10 차종 소개
0:42 차종 둘러보기
1:05 주행 (모터음)
1:25 문 개폐
1:31 주행 (대학병원 구간)
2:39 아웃트로","단 두 대만 판매된 희귀 전기버스, 서울에서만 운행 중? / 비야디 NEW eBus-7",2026-09-25T10:30:10Z,2026-09-25T10:30:10Z,마중버스랑 다른 종이었다니..,top_level,,UgxpnoEJ4bDBI7BiOZR4AaABAg,0,2026-09-25T10:38:34Z,2026-09-25T10:38:34Z,0,UCajREuJipQEQF4GJIU2R0HA,,0,0,youtube_20260926_1347,baseline_20260926_134704,2026-09-26T21:00:04.545951+07:00
youtube_c_Ugy2942NaTgyxVA6tm14AaABAg,youtube,https://www.youtube.com/watch?v=-sY0ZwB6vnw,-sY0ZwB6vnw,"단 두 대만 판매된 희귀 전기버스, 서울에서만 운행 중? / 비야디 NEW eBus-7
[촬영] 2025년 7월, 8월

[배경음악]
Title - New Super Mario Bros 2
https://youtu.be/V3vVu32jS-o?si=SHVKu3JHTkiQlrZ6
Good for you - T-SQUARE
https://youtu.be/SjnLwuyEnwM?si=pH58vXQOssKA-Z3n

[타임스탬프]
0:00 인트로
0:10 차종 소개
0:42 차종 둘러보기
1:05 주행 (모터음)
1:25 문 개폐
1:31 주행 (대학병원 구간)
2:39 아웃트로","단 두 대만 판매된 희귀 전기버스, 서울에서만 운행 중? / 비야디 NEW eBus-7",2026-09-25T10:30:10Z,2026-09-25T10:30:10Z,오랜만입니다아ㅏ,top_level,,Ugy2942NaTgyxVA6tm14AaABAg,0,2026-09-27T05:54:29Z,2026-09-27T05:54:29Z,0,UCM9cYysb_kk6MCGxGtHlZcA,,0,0,youtube_20260927_0855,baseline_20260926_134704,2026-09-27T15:56:35.793750+07:00
youtube_c_Ugy2942NaTgyxVA6tm14AaABAg.AbFPqEOkzQ-AbFUWM64ssF,youtube,https://www.youtube.com/watch?v=-sY0ZwB6vnw,-sY0ZwB6vnw,"단 두 대만 판매된 희귀 전기버스, 서울에서만 운행 중? / 비야디 NEW eBus-7
[촬영] 2025년 7월, 8월

[배경음악]
Title - New Super Mario Bros 2
https://youtu.be/V3vVu32jS-o?si=SHVKu3JHTkiQlrZ6
Good for you - T-SQUARE
https://youtu.be/SjnLwuyEnwM?si=pH58vXQOssKA-Z3n

[타임스탬프]
0:00 인트로
0:10 차종 소개
0:42 차종 둘러보기
1:05 주행 (모터음)
1:25 문 개폐
1:31 주행 (대학병원 구간)
2:39 아웃트로","단 두 대만 판매된 희귀 전기버스, 서울에서만 운행 중? / 비야디 NEW eBus-7",2026-09-25T10:30:10Z,2026-09-25T10:30:10Z,기다려주셔서 감사합니다!,reply,Ugy2942NaTgyxVA6tm14AaABAg,Ugy2942NaTgyxVA6tm14AaABAg,1,2026-09-27T06:35:20Z,2026-09-27T06:35:20Z,0,UCF8YMN-bG5kgKG50VZFjhoA,,0,0,youtube_20260927_0855,baseline_20260926_134704,2026-09-27T15:56:39.076356+07:00
youtube_c_UgyF6CVQDVNK_Z8OTIZ4AaABAg,youtube,https://www.youtube.com/watch?v=-sY0ZwB6vnw,-sY0ZwB6vnw,"단 두 대만 판매된 희귀 전기버스, 서울에서만 운행 중? / 비야디 NEW eBus-7
[촬영] 2025년 7월, 8월

[배경음악]
Title - New Super Mario Bros 2
https://youtu.be/V3vVu32jS-o?si=SHVKu3JHTkiQlrZ6
Good for you - T-SQUARE
https://youtu.be/SjnLwuyEnwM?si=pH58vXQOssKA-Z3n

[타임스탬프]
0:00 인트로
0:10 차종 소개
0:42 차종 둘러보기
1:05 주행 (모터음)
1:25 문 개폐
1:31 주행 (대학병원 구간)
2:39 아웃트로","단 두 대만 판매된 희귀 전기버스, 서울에서만 운행 중? / 비야디 NEW eBus-7",2026-09-25T10:30:10Z,2026-09-25T10:30:10Z,오랜만이네요,top_level,,UgyF6CVQDVNK_Z8OTIZ4AaABAg,0,2026-09-25T12:07:35Z,2026-09-25T12:07:35Z,0,UCIgynTzOX9v66WhFessXfcg,,0,0,youtube_20260926_1347,baseline_20260926_134704,2026-09-26T20:59:47.829381+07:00
youtube_c_UgycZcOWCZuU1IgDHil4AaABAg,youtube,https://www.youtube.com/watch?v=-sY0ZwB6vnw,-sY0ZwB6vnw,"단 두 대만 판매된 희귀 전기버스, 서울에서만 운행 중? / 비야디 NEW eBus-7
[촬영] 2025년 7월, 8월

[배경음악]
Title - New Super Mario Bros 2
https://youtu.be/V3vVu32jS-o?si=SHVKu3JHTkiQlrZ6
Good for you - T-SQUARE
https://youtu.be/SjnLwuyEnwM?si=pH58vXQOssKA-Z3n

[타임스탬프]
0:00 인트로
0:10 차종 소개
0:42 차종 둘러보기
1:05 주행 (모터음)
1:25 문 개폐
1:31 주행 (대학병원 구간)
2:39 아웃트로","단 두 대만 판매된 희귀 전기버스, 서울에서만 운행 중? / 비야디 NEW eBus-7",2026-09-25T10:30:10Z,2026-09-25T10:30:10Z,"루레온님  왜이리 늦게 돌아온겨!! 휴식 하실거면 게시물 공지라도 해주시지😢
쨋든 즐거운 추석 보내세요",top_level,,UgycZcOWCZuU1IgDHil4AaABAg,0,2026-09-25T10:31:05Z,2026-09-25T10:31:05Z,2,UCl974pwOT6l7ERlw8CtnfbA,,0,0,youtube_20260926_1347,baseline_20260926_134704,2026-09-26T21:00:07.804181+07:00
youtube_c_UgycZcOWCZuU1IgDHil4AaABAg.AbAkuOZHKK8AbAo9x6KHCo,youtube,https://www.youtube.com/watch?v=-sY0ZwB6vnw,-sY0ZwB6vnw,"단 두 대만 판매된 희귀 전기버스, 서울에서만 운행 중? / 비야디 NEW eBus-7
[촬영] 2025년 7월, 8월

[배경음악]
Title - New Super Mario Bros 2
https://youtu.be/V3vVu32jS-o?si=SHVKu3JHTkiQlrZ6
Good for you - T-SQUARE
https://youtu.be/SjnLwuyEnwM?si=pH58vXQOssKA-Z3n

[타임스탬프]
0:00 인트로
0:10 차종 소개
0:42 차종 둘러보기
1:05 주행 (모터음)
1:25 문 개폐
1:31 주행 (대학병원 구간)
2:39 아웃트로","단 두 대만 판매된 희귀 전기버스, 서울에서만 운행 중? / 비야디 NEW eBus-7",2026-09-25T10:30:10Z,2026-09-25T10:30:10Z,즐거운 명절 보내세요!,reply,UgycZcOWCZuU1IgDHil4AaABAg,UgycZcOWCZuU1IgDHil4AaABAg,1,2026-09-25T10:59:34Z,2026-09-25T10:59:34Z,0,UCF8YMN-bG5kgKG50VZFjhoA,,0,0,youtube_20260926_1347,baseline_20260926_134704,2026-09-26T21:00:11.101293+07:00
youtube_c_UgygO7qIJ5Qk0G65XMp4AaABAg,youtube,https://www.youtube.com/watch?v=-sY0ZwB6vnw,-sY0ZwB6vnw,"단 두 대만 판매된 희귀 전기버스, 서울에서만 운행 중? / 비야디 NEW eBus-7
[촬영] 2025년 7월, 8월

[배경음악]
Title - New Super Mario Bros 2
https://youtu.be/V3vVu32jS-o?si=SHVKu3JHTkiQlrZ6
Good for you - T-SQUARE
https://youtu.be/SjnLwuyEnwM?si=pH58vXQOssKA-Z3n

[타임스탬프]
0:00 인트로
0:10 차종 소개
0:42 차종 둘러보기
1:05 주행 (모터음)
1:25 문 개폐
1:31 주행 (대학병원 구간)
2:39 아웃트로","단 두 대만 판매된 희귀 전기버스, 서울에서만 운행 중? / 비야디 NEW eBus-7",2026-09-25T10:30:10Z,2026-09-25T10:30:10Z,BYD그저 영천에선 없는차종이네요....(가장 가까이 BYD버스있는지역은양산인듯),top_level,,UgygO7qIJ5Qk0G65XMp4AaABAg,0,2026-09-25T12:12:08Z,2026-09-25T12:12:08Z,0,UC67vetRj3SBQcZztDYAfB0g,,0,0,youtube_20260926_1347,baseline_20260926_134704,2026-09-26T20:59:47.829381+07:00
youtube_c_UgyiHgOTWaqVKr3pSE54AaABAg,youtube,https://www.youtube.com/watch?v=-sY0ZwB6vnw,-sY0ZwB6vnw,"단 두 대만 판매된 희귀 전기버스, 서울에서만 운행 중? / 비야디 NEW eBus-7
[촬영] 2025년 7월, 8월

[배경음악]
Title - New Super Mario Bros 2
https://youtu.be/V3vVu32jS-o?si=SHVKu3JHTkiQlrZ6
Good for you - T-SQUARE
https://youtu.be/SjnLwuyEnwM?si=pH58vXQOssKA-Z3n

[타임스탬프]
0:00 인트로
0:10 차종 소개
0:42 차종 둘러보기
1:05 주행 (모터음)
1:25 문 개폐
1:31 주행 (대학병원 구간)
2:39 아웃트로","단 두 대만 판매된 희귀 전기버스, 서울에서만 운행 중? / 비야디 NEW eBus-7",2026-09-25T10:30:10Z,2026-09-25T10:30:10Z,오랜만에 돌아온 정말 좋은 영상이네요! 루레온님을 여러므로 본받고 싶습니다!❤😊,top_level,,UgyiHgOTWaqVKr3pSE54AaABAg,0,2026-09-25T10:51:36Z,2026-09-25T10:51:36Z,1,UCqnf1Q7RAtY3-SJI1cdfKmw,,0,0,youtube_20260926_1347,baseline_20260926_134704,2026-09-26T20:59:57.786569+07:00
youtube_c_UgyiHgOTWaqVKr3pSE54AaABAg.AbAnFdtfptjAbAo3wiMBu2,youtube,https://www.youtube.com/watch?v=-sY0ZwB6vnw,-sY0ZwB6vnw,"단 두 대만 판매된 희귀 전기버스, 서울에서만 운행 중? / 비야디 NEW eBus-7
[촬영] 2025년 7월, 8월

[배경음악]
Title - New Super Mario Bros 2
https://youtu.be/V3vVu32jS-o?si=SHVKu3JHTkiQlrZ6
Good for you - T-SQUARE
https://youtu.be/SjnLwuyEnwM?si=pH58vXQOssKA-Z3n

[타임스탬프]
0:00 인트로
0:10 차종 소개
0:42 차종 둘러보기
1:05 주행 (모터음)
1:25 문 개폐
1:31 주행 (대학병원 구간)
2:39 아웃트로","단 두 대만 판매된 희귀 전기버스, 서울에서만 운행 중? / 비야디 NEW eBus-7",2026-09-25T10:30:10Z,2026-09-25T10:30:10Z,감사합니다! 즐거운 명절 되세요 ㅎㅎ,reply,UgyiHgOTWaqVKr3pSE54AaABAg,UgyiHgOTWaqVKr3pSE54AaABAg,1,2026-09-25T10:58:45Z,2026-09-25T10:58:45Z,0,UCF8YMN-bG5kgKG50VZFjhoA,,0,0,youtube_20260926_1347,baseline_20260926_134704,2026-09-26T21:00:01.135332+07:00
youtube_c_UgyiHgOTWaqVKr3pSE54AaABAg.AbAnFdtfptjAbArMnsIHL1,youtube,https://www.youtube.com/watch?v=-sY0ZwB6vnw,-sY0ZwB6vnw,"단 두 대만 판매된 희귀 전기버스, 서울에서만 운행 중? / 비야디 NEW eBus-7
[촬영] 2025년 7월, 8월

[배경음악]
Title - New Super Mario Bros 2
https://youtu.be/V3vVu32jS-o?si=SHVKu3JHTkiQlrZ6
Good for you - T-SQUARE
https://youtu.be/SjnLwuyEnwM?si=pH58vXQOssKA-Z3n

[타임스탬프]
0:00 인트로
0:10 차종 소개
0:42 차종 둘러보기
1:05 주행 (모터음)
1:25 문 개폐
1:31 주행 (대학병원 구간)
2:39 아웃트로","단 두 대만 판매된 희귀 전기버스, 서울에서만 운행 중? / 비야디 NEW eBus-7",2026-09-25T10:30:10Z,2026-09-25T10:30:10Z,​@lureonside루레온님도 즐추 보네세요!,reply,UgyiHgOTWaqVKr3pSE54AaABAg,UgyiHgOTWaqVKr3pSE54AaABAg,1,2026-09-25T11:27:32Z,2026-09-25T11:27:32Z,0,UCqnf1Q7RAtY3-SJI1cdfKmw,,0,0,youtube_20260926_1347,baseline_20260926_134704,2026-09-26T21:00:01.135939+07:00
youtube_c_Ugyu0-rierwMulXzLEp4AaABAg,youtube,https://www.youtube.com/watch?v=-sY0ZwB6vnw,-sY0ZwB6vnw,"단 두 대만 판매된 희귀 전기버스, 서울에서만 운행 중? / 비야디 NEW eBus-7
[촬영] 2025년 7월, 8월

[배경음악]
Title - New Super Mario Bros 2
https://youtu.be/V3vVu32jS-o?si=SHVKu3JHTkiQlrZ6
Good for you - T-SQUARE
https://youtu.be/SjnLwuyEnwM?si=pH58vXQOssKA-Z3n

[타임스탬프]
0:00 인트로
0:10 차종 소개
0:42 차종 둘러보기
1:05 주행 (모터음)
1:25 문 개폐
1:31 주행 (대학병원 구간)
2:39 아웃트로","단 두 대만 판매된 희귀 전기버스, 서울에서만 운행 중? / 비야디 NEW eBus-7",2026-09-25T10:30:10Z,2026-09-25T10:30:10Z,오랜만에 영상이라 좀 재밌게 느껴지네요 ㅎ,top_level,,Ugyu0-rierwMulXzLEp4AaABAg,0,2026-09-25T11:02:25Z,2026-09-25T11:02:25Z,1,UCRlEz8FNx3mJm61NOHa5q8w,,0,0,youtube_20260926_1347,baseline_20260926_134704,2026-09-26T20:59:51.119703+07:00
youtube_c_UgzRpNvwaPENP2Y-WbN4AaABAg,youtube,https://www.youtube.com/watch?v=-sY0ZwB6vnw,-sY0ZwB6vnw,"단 두 대만 판매된 희귀 전기버스, 서울에서만 운행 중? / 비야디 NEW eBus-7
[촬영] 2025년 7월, 8월

[배경음악]
Title - New Super Mario Bros 2
https://youtu.be/V3vVu32jS-o?si=SHVKu3JHTkiQlrZ6
Good for you - T-SQUARE
https://youtu.be/SjnLwuyEnwM?si=pH58vXQOssKA-Z3n

[타임스탬프]
0:00 인트로
0:10 차종 소개
0:42 차종 둘러보기
1:05 주행 (모터음)
1:25 문 개폐
1:31 주행 (대학병원 구간)
2:39 아웃트로","단 두 대만 판매된 희귀 전기버스, 서울에서만 운행 중? / 비야디 NEW eBus-7",2026-09-25T10:30:10Z,2026-09-25T10:30:10Z,오랜만이네요! 시험 12일 남았는데.... ㅋㅋㅋㅋㅋㅋ,top_level,,UgzRpNvwaPENP2Y-WbN4AaABAg,0,2026-09-25T10:56:49Z,2026-09-25T10:56:49Z,7,UCs2iWFy14nrhjMzphajRUHA,,0,0,youtube_20260926_1347,baseline_20260926_134704,2026-09-26T20:59:54.420660+07:00
youtube_c_UgzRpNvwaPENP2Y-WbN4AaABAg.AbAnqk1fFP3AbCGvCCHVbx,youtube,https://www.youtube.com/watch?v=-sY0ZwB6vnw,-sY0ZwB6vnw,"단 두 대만 판매된 희귀 전기버스, 서울에서만 운행 중? / 비야디 NEW eBus-7
[촬영] 2025년 7월, 8월

[배경음악]
Title - New Super Mario Bros 2
https://youtu.be/V3vVu32jS-o?si=SHVKu3JHTkiQlrZ6
Good for you - T-SQUARE
https://youtu.be/SjnLwuyEnwM?si=pH58vXQOssKA-Z3n

[타임스탬프]
0:00 인트로
0:10 차종 소개
0:42 차종 둘러보기
1:05 주행 (모터음)
1:25 문 개폐
1:31 주행 (대학병원 구간)
2:39 아웃트로","단 두 대만 판매된 희귀 전기버스, 서울에서만 운행 중? / 비야디 NEW eBus-7",2026-09-25T10:30:10Z,2026-09-25T10:30:10Z,저는 바로 월요일이에요 ㅠㅠ,reply,UgzRpNvwaPENP2Y-WbN4AaABAg,UgzRpNvwaPENP2Y-WbN4AaABAg,1,2026-09-26T00:38:48Z,2026-09-26T00:38:48Z,0,UC-HeAgLDqPGn9vlUWHVZaRg,,0,0,youtube_20260926_1347,baseline_20260926_134704,2026-09-26T20:59:57.782462+07:00
youtube_c_UgzWPbtpoCZlamOjUnR4AaABAg,youtube,https://www.youtube.com/watch?v=-sY0ZwB6vnw,-sY0ZwB6vnw,"단 두 대만 판매된 희귀 전기버스, 서울에서만 운행 중? / 비야디 NEW eBus-7
[촬영] 2025년 7월, 8월

[배경음악]
Title - New Super Mario Bros 2
https://youtu.be/V3vVu32jS-o?si=SHVKu3JHTkiQlrZ6
Good for you - T-SQUARE
https://youtu.be/SjnLwuyEnwM?si=pH58vXQOssKA-Z3n

[타임스탬프]
0:00 인트로
0:10 차종 소개
0:42 차종 둘러보기
1:05 주행 (모터음)
1:25 문 개폐
1:31 주행 (대학병원 구간)
2:39 아웃트로","단 두 대만 판매된 희귀 전기버스, 서울에서만 운행 중? / 비야디 NEW eBus-7",2026-09-25T10:30:10Z,2026-09-25T10:30:10Z,오랜만이네요 근데 안내방송 신호음이 대전이랑 거의 일치하는 것 같은데...,top_level,,UgzWPbtpoCZlamOjUnR4AaABAg,0,2026-09-25T19:34:05Z,2026-09-25T19:34:05Z,0,UCVpNObLtiOShVgO0UktEP8A,,0,0,youtube_20260926_1347,baseline_20260926_134704,2026-09-26T20:59:47.826853+07:00
youtube_c_UgzXTJlisfTJ7ea6CCN4AaABAg,youtube,https://www.youtube.com/watch?v=-sY0ZwB6vnw,-sY0ZwB6vnw,"단 두 대만 판매된 희귀 전기버스, 서울에서만 운행 중? / 비야디 NEW eBus-7
[촬영] 2025년 7월, 8월

[배경음악]
Title - New Super Mario Bros 2
https://youtu.be/V3vVu32jS-o?si=SHVKu3JHTkiQlrZ6
Good for you - T-SQUARE
https://youtu.be/SjnLwuyEnwM?si=pH58vXQOssKA-Z3n

[타임스탬프]
0:00 인트로
0:10 차종 소개
0:42 차종 둘러보기
1:05 주행 (모터음)
1:25 문 개폐
1:31 주행 (대학병원 구간)
2:39 아웃트로","단 두 대만 판매된 희귀 전기버스, 서울에서만 운행 중? / 비야디 NEW eBus-7",2026-09-25T10:30:10Z,2026-09-25T10:30:10Z,승차감이 전작보다 딱딱해졌나???,top_level,,UgzXTJlisfTJ7ea6CCN4AaABAg,0,2026-09-26T01:23:49Z,2026-09-26T01:23:49Z,2,UClm59Fm8qPTYqcRCAmubJsw,,0,0,youtube_20260926_1347,baseline_20260926_134704,2026-09-26T20:59:47.823656+07:00
youtube_c_UgzXTJlisfTJ7ea6CCN4AaABAg.AbCM3wjZ0boAbDtmF17XfT,youtube,https://www.youtube.com/watch?v=-sY0ZwB6vnw,-sY0ZwB6vnw,"단 두 대만 판매된 희귀 전기버스, 서울에서만 운행 중? / 비야디 NEW eBus-7
[촬영] 2025년 7월, 8월

[배경음악]
Title - New Super Mario Bros 2
https://youtu.be/V3vVu32jS-o?si=SHVKu3JHTkiQlrZ6
Good for you - T-SQUARE
https://youtu.be/SjnLwuyEnwM?si=pH58vXQOssKA-Z3n

[타임스탬프]
0:00 인트로
0:10 차종 소개
0:42 차종 둘러보기
1:05 주행 (모터음)
1:25 문 개폐
1:31 주행 (대학병원 구간)
2:39 아웃트로","단 두 대만 판매된 희귀 전기버스, 서울에서만 운행 중? / 비야디 NEW eBus-7",2026-09-25T10:30:10Z,2026-09-25T10:30:10Z,서스펜션에선 달라진 게 없어서 똑같았습니다,reply,UgzXTJlisfTJ7ea6CCN4AaABAg,UgzXTJlisfTJ7ea6CCN4AaABAg,1,2026-09-26T15:46:21Z,2026-09-26T15:46:21Z,0,UCF8YMN-bG5kgKG50VZFjhoA,,0,0,youtube_20260926_1601,baseline_20260926_134704,2026-09-26T23:01:39.737431+07:00
youtube_c_UgzXTJlisfTJ7ea6CCN4AaABAg.AbCM3wjZ0boAbEpttjLb9A,youtube,https://www.youtube.com/watch?v=-sY0ZwB6vnw,-sY0ZwB6vnw,"단 두 대만 판매된 희귀 전기버스, 서울에서만 운행 중? / 비야디 NEW eBus-7
[촬영] 2025년 7월, 8월

[배경음악]
Title - New Super Mario Bros 2
https://youtu.be/V3vVu32jS-o?si=SHVKu3JHTkiQlrZ6
Good for you - T-SQUARE
https://youtu.be/SjnLwuyEnwM?si=pH58vXQOssKA-Z3n

[타임스탬프]
0:00 인트로
0:10 차종 소개
0:42 차종 둘러보기
1:05 주행 (모터음)
1:25 문 개폐
1:31 주행 (대학병원 구간)
2:39 아웃트로","단 두 대만 판매된 희귀 전기버스, 서울에서만 운행 중? / 비야디 NEW eBus-7",2026-09-25T10:30:10Z,2026-09-25T10:30:10Z,​​@lureonside카운티랑 비교하면 어떤차가 승차감이 더 좋아요?,reply,UgzXTJlisfTJ7ea6CCN4AaABAg,UgzXTJlisfTJ7ea6CCN4AaABAg,1,2026-09-27T00:31:41Z,2026-09-27T00:31:41Z,1,UClm59Fm8qPTYqcRCAmubJsw,,0,0,youtube_20260927_0855,baseline_20260926_134704,2026-09-27T15:56:42.409508+07:00
youtube_c_UgzXTJlisfTJ7ea6CCN4AaABAg.AbCM3wjZ0boAbFE0oBN9XO,youtube,https://www.youtube.com/watch?v=-sY0ZwB6vnw,-sY0ZwB6vnw,"단 두 대만 판매된 희귀 전기버스, 서울에서만 운행 중? / 비야디 NEW eBus-7
[촬영] 2025년 7월, 8월

[배경음악]
Title - New Super Mario Bros 2
https://youtu.be/V3vVu32jS-o?si=SHVKu3JHTkiQlrZ6
Good for you - T-SQUARE
https://youtu.be/SjnLwuyEnwM?si=pH58vXQOssKA-Z3n

[타임스탬프]
0:00 인트로
0:10 차종 소개
0:42 차종 둘러보기
1:05 주행 (모터음)
1:25 문 개폐
1:31 주행 (대학병원 구간)
2:39 아웃트로","단 두 대만 판매된 희귀 전기버스, 서울에서만 운행 중? / 비야디 NEW eBus-7",2026-09-25T10:30:10Z,2026-09-25T10:30:10Z,@악질잡는_팰리 큰 차이는 안 나는 것 같더라고요,reply,UgzXTJlisfTJ7ea6CCN4AaABAg,UgzXTJlisfTJ7ea6CCN4AaABAg,1,2026-09-27T04:11:13Z,2026-09-27T04:11:13Z,1,UCF8YMN-bG5kgKG50VZFjhoA,,0,0,youtube_20260927_0855,baseline_20260926_134704,2026-09-27T15:56:42.410567+07:00
youtube_c_UgzXTJlisfTJ7ea6CCN4AaABAg.AbCM3wjZ0boAbFEiCQ-NKH,youtube,https://www.youtube.com/watch?v=-sY0ZwB6vnw,-sY0ZwB6vnw,"단 두 대만 판매된 희귀 전기버스, 서울에서만 운행 중? / 비야디 NEW eBus-7
[촬영] 2025년 7월, 8월

[배경음악]
Title - New Super Mario Bros 2
https://youtu.be/V3vVu32jS-o?si=SHVKu3JHTkiQlrZ6
Good for you - T-SQUARE
https://youtu.be/SjnLwuyEnwM?si=pH58vXQOssKA-Z3n

[타임스탬프]
0:00 인트로
0:10 차종 소개
0:42 차종 둘러보기
1:05 주행 (모터음)
1:25 문 개폐
1:31 주행 (대학병원 구간)
2:39 아웃트로","단 두 대만 판매된 희귀 전기버스, 서울에서만 운행 중? / 비야디 NEW eBus-7",2026-09-25T10:30:10Z,2026-09-25T10:30:10Z,​@lureonside아;;;,reply,UgzXTJlisfTJ7ea6CCN4AaABAg,UgzXTJlisfTJ7ea6CCN4AaABAg,1,2026-09-27T04:17:16Z,2026-09-27T04:17:16Z,1,UClm59Fm8qPTYqcRCAmubJsw,,0,0,youtube_20260927_0855,baseline_20260926_134704,2026-09-27T15:56:42.410567+07:00
youtube_c_UgwTItX_OlR0EyjxPFd4AaABAg,youtube,https://www.youtube.com/watch?v=0sYtn3n03sc,0sYtn3n03sc,"Xe buýt truyền thống và xe buýt điện khác nhau như thế nào #hoihamhoc
Trải nghiệm xe buýt điện có gì khác biệt so với xe buýt truyền thống? 
Bình luận ngay cảm nhận của bạn sau khi trải nghiệm xe buýt điện nhé!",Xe buýt truyền thống và xe buýt điện khác nhau như thế nào #hoihamhoc,2026-08-26T04:00:13Z,2026-08-26T04:00:13Z,😃👍,top_level,,UgwTItX_OlR0EyjxPFd4AaABAg,0,2026-08-27T20:23:03Z,2026-08-27T20:23:03Z,0,UCr3BN-qYq4CHmZ89Yz9C2Ww,,0,0,youtube_20260926_1347,baseline_20260926_134704,2026-09-26T21:08:17.938984+07:00
youtube_c_UgwrHtxa3acAh7VRyFl4AaABAg,youtube,https://www.youtube.com/watch?v=0sYtn3n03sc,0sYtn3n03sc,"Xe buýt truyền thống và xe buýt điện khác nhau như thế nào #hoihamhoc
Trải nghiệm xe buýt điện có gì khác biệt so với xe buýt truyền thống? 
Bình luận ngay cảm nhận của bạn sau khi trải nghiệm xe buýt điện nhé!",Xe buýt truyền thống và xe buýt điện khác nhau như thế nào #hoihamhoc,2026-08-26T04:00:13Z,2026-08-26T04:00:13Z,đi xe điện dễ say xe kinh,top_level,,UgwrHtxa3acAh7VRyFl4AaABAg,0,2026-08-26T05:37:16Z,2026-08-26T05:37:16Z,0,UC5WBucoeEaU7tm1T9iRHqWw,transport_impact,0,0,youtube_20260926_1347,baseline_20260926_134704,2026-09-26T21:08:17.940861+07:00
youtube_c_UgwjaaXwUt1fJ72BQFR4AaABAg,youtube,https://www.youtube.com/watch?v=10f8CREnHc4,10f8CREnHc4,Ebus ki all bus 🚌 mai lagne wala ek no ac sidwal #new #bus #ac #shorts #vlog #ytshorts #ebus,Ebus ki all bus 🚌 mai lagne wala ek no ac sidwal #new #bus #ac #shorts #vlog #ytshorts #ebus,2026-09-22T14:07:27Z,2026-09-22T14:07:27Z,Bhai E-BUS india ki full form kyaa haii,top_level,,UgwjaaXwUt1fJ72BQFR4AaABAg,0,2026-09-23T15:56:40Z,2026-09-23T15:56:40Z,0,UCta46PF1rcn8Pd-FbVxdXnA,"transport_impact,electric_bus",0,0,youtube_20260926_1347,baseline_20260926_134704,2026-09-26T21:01:27.801191+07:00
youtube_c_UgyOOmANMWjk_s4RvOh4AaABAg,youtube,https://www.youtube.com/watch?v=10f8CREnHc4,10f8CREnHc4,"Ebus ki all bus 🚌 mai lagne wala ek no ac sidwal #new #bus #ac #shorts #vlog #ytshorts #ebus
Ebus ki all bus 🚌 mai lagne wala ek no ac sidwal #new #bus #ac #shorts #vlog #ytshorts #ebus",Ebus ki all bus 🚌 mai lagne wala ek no ac sidwal #new #bus #ac #shorts #vlog #ytshorts #ebus,2026-09-22T14:07:27Z,2026-09-22T14:07:27Z,❤❤❤❤❤❤❤,top_level,,UgyOOmANMWjk_s4RvOh4AaABAg,0,2026-09-27T02:40:06Z,2026-09-27T02:40:06Z,0,UCLpT9xrY5OL2s83C0AB5UIw,,0,0,youtube_20260927_0855,baseline_20260926_134704,2026-09-27T15:57:49.645177+07:00
youtube_c_Ugw1KNgUqKyi7-n1_tt4AaABAg,youtube,https://www.youtube.com/watch?v=1cf_oplDD9E,1cf_oplDD9E,"Tuyến xe buýt điện VinBus miễn phí từ Hà Nội đi Hạ Long Xanh chính thức dừng hoạt động từ 1/9
VinBus dừng tuyến xe miễn phí Hà Nội - Hạ Long sau 3 tháng #f247",Tuyến xe buýt điện VinBus miễn phí từ Hà Nội đi Hạ Long Xanh chính thức dừng hoạt động từ 1/9,2026-08-30T14:46:26Z,2026-08-30T14:46:26Z,"TRÂU ẤN ĐỘ ĐẾN THĂM DŨNG ,DIỄM /
TRÂU CẢM ƠN: DŨNG,DIỄM YÊU THƯƠNG:  /
BIẾN TRÂU ẤN BẨN - MỌI PHƯƠNG .../
THÀNH TRÂU TÂY BẮC - MÙI HƯƠNG THUỐC TÀU",top_level,,Ugw1KNgUqKyi7-n1_tt4AaABAg,0,2026-09-05T12:02:41Z,2026-09-05T12:02:41Z,0,UCL-z8X9NFzJbNMvgdqFsEaw,,1,0,youtube_20260926_1347,baseline_20260926_134704,2026-09-26T20:52:53.875578+07:00
youtube_c_UgwSsmX8W7l1pZE5uWt4AaABAg,youtube,https://www.youtube.com/watch?v=1cf_oplDD9E,1cf_oplDD9E,"Tuyến xe buýt điện VinBus miễn phí từ Hà Nội đi Hạ Long Xanh chính thức dừng hoạt động từ 1/9
VinBus dừng tuyến xe miễn phí Hà Nội - Hạ Long sau 3 tháng #f247",Tuyến xe buýt điện VinBus miễn phí từ Hà Nội đi Hạ Long Xanh chính thức dừng hoạt động từ 1/9,2026-08-30T14:46:26Z,2026-08-30T14:46:26Z,Đam mê nhỏ giọt !😂🙆,top_level,,UgwSsmX8W7l1pZE5uWt4AaABAg,0,2026-08-31T03:45:57Z,2026-08-31T03:45:57Z,0,UC7PkTqOu0gls9OnVgjakMPA,,1,0,youtube_20260926_1347,baseline_20260926_134704,2026-09-26T20:52:53.878571+07:00
youtube_c_Ugwh5pOtH2FCKnn1fhF4AaABAg,youtube,https://www.youtube.com/watch?v=1cf_oplDD9E,1cf_oplDD9E,"Tuyến xe buýt điện VinBus miễn phí từ Hà Nội đi Hạ Long Xanh chính thức dừng hoạt động từ 1/9
VinBus dừng tuyến xe miễn phí Hà Nội - Hạ Long sau 3 tháng #f247",Tuyến xe buýt điện VinBus miễn phí từ Hà Nội đi Hạ Long Xanh chính thức dừng hoạt động từ 1/9,2026-08-30T14:46:26Z,2026-08-30T14:46:26Z,😂 lùa gà vào chuồng hết rồi thì cất mồi đi chứ để làm mẹ j nữa,top_level,,Ugwh5pOtH2FCKnn1fhF4AaABAg,0,2026-08-31T01:14:02Z,2026-08-31T01:14:02Z,0,UCHTlPjyKjrQ2vrg4yxJwLZw,transport_impact,1,0,youtube_20260926_1347,baseline_20260926_134704,2026-09-26T20:52:53.880439+07:00
youtube_c_Ugwufa3JCbxCTTnlA1d4AaABAg,youtube,https://www.youtube.com/watch?v=1cf_oplDD9E,1cf_oplDD9E,"Tuyến xe buýt điện VinBus miễn phí từ Hà Nội đi Hạ Long Xanh chính thức dừng hoạt động từ 1/9
VinBus dừng tuyến xe miễn phí Hà Nội - Hạ Long sau 3 tháng #f247",Tuyến xe buýt điện VinBus miễn phí từ Hà Nội đi Hạ Long Xanh chính thức dừng hoạt động từ 1/9,2026-08-30T14:46:26Z,2026-08-30T14:46:26Z,"Nó tes xe ,xong rồi thì hết.quảng cáo  kiếm viww.",top_level,,Ugwufa3JCbxCTTnlA1d4AaABAg,0,2026-09-01T18:35:47Z,2026-09-01T18:35:47Z,0,UCyCEisTOwYkfpsxzgsuEnqQ,,1,0,youtube_20260926_1347,baseline_20260926_134704,2026-09-26T20:52:53.877511+07:00
youtube_c_Ugx0u-z_DJCh8fpX6vh4AaABAg,youtube,https://www.youtube.com/watch?v=2sFcjBGWICE,2sFcjBGWICE,"Electric Bus | சென்னையில் மின்சார பஸ்களுக்கு மாஸ் வசதி!🚌⚡ரூ.500 கோடியில் 🏭பணிமனைகள்! | MTC
🚌⚡புகை இல்லா பயணத்திற்கு... புது வசதி முனையம்... சார்ஜிங் மையம் முதல் நவீன பணிமனை வரை... ஆயிரம் ஏசி மின்சாரப் பேருந்துகள்... 🏭சென்னையின் போக்குவரத்தில் புதிய 🧐அத்தியாயத்தை தொடங்க தயாராகி வருகின்றன...

#ZeeTamilNews #Chennai #ElectricBus #EBus #EVBus #ChennaiMTC #MTC #ElectricBuses #EV #EVTamilNadu #TamilNadu #ChennaiNews #TamilNews #ElectricBusChennai #GreenTransport #GreenMobility #CleanTransport #PublicTransport #MTCBuses #ChennaiTransport #EVInfrastructure

இனி WhatsApp செயலியிலும் உங்கள் ZEE Tamil News

👉 : https://whatsapp.com/channel/0029Va5XFvI90x2plF9cKY1r

Zee Media Corporation Limited (formerly Zee News Ltd.), part of multibillion-dollar Essel Group, is India's one of the largest News networks with 14 news channels. 

Zee Tamil News is the latest offering from Zee Media Corporation umbrella. Zee Tamil News brings you comprehensive and unbiased news coverage on social, political issues along with entertainment programs from Tamil Nadu, India and worldwide. 

For all-inclusive news coverage please follow Zee Tamil News content across all platforms.

Android Link: https://bit.ly/3AIMb22
Apple Link: https://apple.co/3yEataJ

#ZeeNewsTamil | #ZeeTamilNews | #TamilNews

Tamil News | World News | National News

Download App - https://bit.ly/3kAPe3Y
☛ Visit our website: https://zeenews.india.com/tamil
Subscribe: https://www.youtube.com/c/ZeeTamilNews

Website: www.zeetamilnews.com

FB : https://www.facebook.com/ZeeTamilNews
Twitter : https://twitter.com/ZeeTamilNews
Sharechat : https://sharechat.com/zeetamilnews
Insta : https://www.instagram.com/zeetamilnews/
Telegram - https://t.me/ZeeTamilNews
What'sapp Channel : https://whatsapp.com/channel/0029Va5XFvI90x2plF9cKY1r",Electric Bus | சென்னையில் மின்சார பஸ்களுக்கு மாஸ் வசதி!🚌⚡ரூ.500 கோடியில் 🏭பணிமனைகள்! | MTC,2026-09-27T06:52:17Z,2026-09-27T06:52:17Z,Super,top_level,,Ugx0u-z_DJCh8fpX6vh4AaABAg,0,2026-09-27T10:32:56Z,2026-09-27T10:32:56Z,0,UCgVsw0eRvaJYArafzQg-wjg,,0,0,youtube_20260927_1100,baseline_20260926_134704,2026-09-27T18:00:38.551748+07:00
youtube_c_UgxNCjtl3lPUIlQDhKZ4AaABAg,youtube,https://www.youtube.com/watch?v=2sFcjBGWICE,2sFcjBGWICE,"Electric Bus | சென்னையில் மின்சார பஸ்களுக்கு மாஸ் வசதி!🚌⚡ரூ.500 கோடியில் 🏭பணிமனைகள்! | MTC
🚌⚡புகை இல்லா பயணத்திற்கு... புது வசதி முனையம்... சார்ஜிங் மையம் முதல் நவீன பணிமனை வரை... ஆயிரம் ஏசி மின்சாரப் பேருந்துகள்... 🏭சென்னையின் போக்குவரத்தில் புதிய 🧐அத்தியாயத்தை தொடங்க தயாராகி வருகின்றன...

#ZeeTamilNews #Chennai #ElectricBus #EBus #EVBus #ChennaiMTC #MTC #ElectricBuses #EV #EVTamilNadu #TamilNadu #ChennaiNews #TamilNews #ElectricBusChennai #GreenTransport #GreenMobility #CleanTransport #PublicTransport #MTCBuses #ChennaiTransport #EVInfrastructure

இனி WhatsApp செயலியிலும் உங்கள் ZEE Tamil News

👉 : https://whatsapp.com/channel/0029Va5XFvI90x2plF9cKY1r

Zee Media Corporation Limited (formerly Zee News Ltd.), part of multibillion-dollar Essel Group, is India's one of the largest News networks with 14 news channels. 

Zee Tamil News is the latest offering from Zee Media Corporation umbrella. Zee Tamil News brings you comprehensive and unbiased news coverage on social, political issues along with entertainment programs from Tamil Nadu, India and worldwide. 

For all-inclusive news coverage please follow Zee Tamil News content across all platforms.

Android Link: https://bit.ly/3AIMb22
Apple Link: https://apple.co/3yEataJ

#ZeeNewsTamil | #ZeeTamilNews | #TamilNews

Tamil News | World News | National News

Download App - https://bit.ly/3kAPe3Y
☛ Visit our website: https://zeenews.india.com/tamil
Subscribe: https://www.youtube.com/c/ZeeTamilNews

Website: www.zeetamilnews.com

FB : https://www.facebook.com/ZeeTamilNews
Twitter : https://twitter.com/ZeeTamilNews
Sharechat : https://sharechat.com/zeetamilnews
Insta : https://www.instagram.com/zeetamilnews/
Telegram - https://t.me/ZeeTamilNews
What'sapp Channel : https://whatsapp.com/channel/0029Va5XFvI90x2plF9cKY1r",Electric Bus | சென்னையில் மின்சார பஸ்களுக்கு மாஸ் வசதி!🚌⚡ரூ.500 கோடியில் 🏭பணிமனைகள்! | MTC,2026-09-27T06:52:17Z,2026-09-27T06:52:17Z,❤❤,top_level,,UgxNCjtl3lPUIlQDhKZ4AaABAg,0,2026-09-27T07:13:34Z,2026-09-27T07:13:34Z,0,UCErKd_l-u_ehBMA-7az5Thg,,0,0,youtube_20260927_0855,baseline_20260926_134704,2026-09-27T16:04:10.305887+07:00
youtube_c_Ugyy4lRBgKoXE0268m14AaABAg,youtube,https://www.youtube.com/watch?v=2sFcjBGWICE,2sFcjBGWICE,"Electric Bus | சென்னையில் மின்சார பஸ்களுக்கு மாஸ் வசதி!🚌⚡ரூ.500 கோடியில் 🏭பணிமனைகள்! | MTC
🚌⚡புகை இல்லா பயணத்திற்கு... புது வசதி முனையம்... சார்ஜிங் மையம் முதல் நவீன பணிமனை வரை... ஆயிரம் ஏசி மின்சாரப் பேருந்துகள்... 🏭சென்னையின் போக்குவரத்தில் புதிய 🧐அத்தியாயத்தை தொடங்க தயாராகி வருகின்றன...

#ZeeTamilNews #Chennai #ElectricBus #EBus #EVBus #ChennaiMTC #MTC #ElectricBuses #EV #EVTamilNadu #TamilNadu #ChennaiNews #TamilNews #ElectricBusChennai #GreenTransport #GreenMobility #CleanTransport #PublicTransport #MTCBuses #ChennaiTransport #EVInfrastructure

இனி WhatsApp செயலியிலும் உங்கள் ZEE Tamil News

👉 : https://whatsapp.com/channel/0029Va5XFvI90x2plF9cKY1r

Zee Media Corporation Limited (formerly Zee News Ltd.), part of multibillion-dollar Essel Group, is India's one of the largest News networks with 14 news channels. 

Zee Tamil News is the latest offering from Zee Media Corporation umbrella. Zee Tamil News brings you comprehensive and unbiased news coverage on social, political issues along with entertainment programs from Tamil Nadu, India and worldwide. 

For all-inclusive news coverage please follow Zee Tamil News content across all platforms.

Android Link: https://bit.ly/3AIMb22
Apple Link: https://apple.co/3yEataJ

#ZeeNewsTamil | #ZeeTamilNews | #TamilNews

Tamil News | World News | National News

Download App - https://bit.ly/3kAPe3Y
☛ Visit our website: https://zeenews.india.com/tamil
Subscribe: https://www.youtube.com/c/ZeeTamilNews

Website: www.zeetamilnews.com

FB : https://www.facebook.com/ZeeTamilNews
Twitter : https://twitter.com/ZeeTamilNews
Sharechat : https://sharechat.com/zeetamilnews
Insta : https://www.instagram.com/zeetamilnews/
Telegram - https://t.me/ZeeTamilNews
What'sapp Channel : https://whatsapp.com/channel/0029Va5XFvI90x2plF9cKY1r",Electric Bus | சென்னையில் மின்சார பஸ்களுக்கு மாஸ் வசதி!🚌⚡ரூ.500 கோடியில் 🏭பணிமனைகள்! | MTC,2026-09-27T06:52:17Z,2026-09-27T06:52:17Z,Great CM Vijay 🎉🎉❤❤,top_level,,Ugyy4lRBgKoXE0268m14AaABAg,0,2026-09-27T12:53:44Z,2026-09-27T12:53:44Z,0,UCbVhcTSrcdMvdxv24PAmLFA,,0,0,youtube_20260927_1302,baseline_20260926_134704,2026-09-27T20:02:30.108421+07:00
youtube_c_Ugz8_HCfKuyNSCB7r8J4AaABAg,youtube,https://www.youtube.com/watch?v=2sFcjBGWICE,2sFcjBGWICE,"Electric Bus | சென்னையில் மின்சார பஸ்களுக்கு மாஸ் வசதி!🚌⚡ரூ.500 கோடியில் 🏭பணிமனைகள்! | MTC
🚌⚡புகை இல்லா பயணத்திற்கு... புது வசதி முனையம்... சார்ஜிங் மையம் முதல் நவீன பணிமனை வரை... ஆயிரம் ஏசி மின்சாரப் பேருந்துகள்... 🏭சென்னையின் போக்குவரத்தில் புதிய 🧐அத்தியாயத்தை தொடங்க தயாராகி வருகின்றன...

#ZeeTamilNews #Chennai #ElectricBus #EBus #EVBus #ChennaiMTC #MTC #ElectricBuses #EV #EVTamilNadu #TamilNadu #ChennaiNews #TamilNews #ElectricBusChennai #GreenTransport #GreenMobility #CleanTransport #PublicTransport #MTCBuses #ChennaiTransport #EVInfrastructure

இனி WhatsApp செயலியிலும் உங்கள் ZEE Tamil News

👉 : https://whatsapp.com/channel/0029Va5XFvI90x2plF9cKY1r

Zee Media Corporation Limited (formerly Zee News Ltd.), part of multibillion-dollar Essel Group, is India's one of the largest News networks with 14 news channels. 

Zee Tamil News is the latest offering from Zee Media Corporation umbrella. Zee Tamil News brings you comprehensive and unbiased news coverage on social, political issues along with entertainment programs from Tamil Nadu, India and worldwide. 

For all-inclusive news coverage please follow Zee Tamil News content across all platforms.

Android Link: https://bit.ly/3AIMb22
Apple Link: https://apple.co/3yEataJ

#ZeeNewsTamil | #ZeeTamilNews | #TamilNews

Tamil News | World News | National News

Download App - https://bit.ly/3kAPe3Y
☛ Visit our website: https://zeenews.india.com/tamil
Subscribe: https://www.youtube.com/c/ZeeTamilNews

Website: www.zeetamilnews.com

FB : https://www.facebook.com/ZeeTamilNews
Twitter : https://twitter.com/ZeeTamilNews
Sharechat : https://sharechat.com/zeetamilnews
Insta : https://www.instagram.com/zeetamilnews/
Telegram - https://t.me/ZeeTamilNews
What'sapp Channel : https://whatsapp.com/channel/0029Va5XFvI90x2plF9cKY1r",Electric Bus | சென்னையில் மின்சார பஸ்களுக்கு மாஸ் வசதி!🚌⚡ரூ.500 கோடியில் 🏭பணிமனைகள்! | MTC,2026-09-27T06:52:17Z,2026-09-27T06:52:17Z,Suuuuper❤❤❤,top_level,,Ugz8_HCfKuyNSCB7r8J4AaABAg,0,2026-09-27T07:14:28Z,2026-09-27T07:14:28Z,0,UChiyyzmTjivC_xaYZa_Dg-A,,0,0,youtube_20260927_0855,baseline_20260926_134704,2026-09-27T16:04:10.301695+07:00
youtube_c_Ugw0MJcWNT7Zn-4WeRB4AaABAg,youtube,https://www.youtube.com/watch?v=43GC1lUmcys,43GC1lUmcys,#vinbus,#vinbus,2026-09-24T18:06:56Z,2026-09-24T18:06:56Z,😮😮😮,top_level,,Ugw0MJcWNT7Zn-4WeRB4AaABAg,0,2026-09-24T19:16:25Z,2026-09-24T19:16:25Z,0,UCyHMf9WkXhC6qGbOjGm8ofA,,0,0,youtube_20260926_1347,baseline_20260926_134704,2026-09-26T21:02:19.021601+07:00
youtube_c_UgwvPtJBKQWLSDevjbF4AaABAg,youtube,https://www.youtube.com/watch?v=43GC1lUmcys,43GC1lUmcys,#vinbus,#vinbus,2026-09-24T18:06:56Z,2026-09-24T18:06:56Z,Vai ami❤❤❤❤,top_level,,UgwvPtJBKQWLSDevjbF4AaABAg,0,2026-09-24T23:20:27Z,2026-09-24T23:20:27Z,0,UCCLSa23AuoRP6mNjYols8BQ,,0,0,youtube_20260926_1347,baseline_20260926_134704,2026-09-26T21:02:19.020599+07:00
youtube_c_Ugy78DIYiR14U-tcL1x4AaABAg,youtube,https://www.youtube.com/watch?v=43GC1lUmcys,43GC1lUmcys,#vinbus,#vinbus,2026-09-24T18:06:56Z,2026-09-24T18:06:56Z,ভাই আমি,top_level,,Ugy78DIYiR14U-tcL1x4AaABAg,0,2026-09-24T18:19:13Z,2026-09-24T18:19:13Z,1,UCg5xZVf2vp3JsAl52MeG_-A,,0,0,youtube_20260926_1347,baseline_20260926_134704,2026-09-26T21:02:19.022600+07:00
youtube_c_Ugy_-QEvSxt60bW9bQV4AaABAg,youtube,https://www.youtube.com/watch?v=43GC1lUmcys,43GC1lUmcys,#vinbus,#vinbus,2026-09-24T18:06:56Z,2026-09-24T18:06:56Z,❤❤❤😊🎉,top_level,,Ugy_-QEvSxt60bW9bQV4AaABAg,0,2026-09-25T01:38:56Z,2026-09-25T01:38:56Z,0,UCJgXaeGGJnDK3AxEim8E93g,,0,0,youtube_20260926_1347,baseline_20260926_134704,2026-09-26T21:02:19.019601+07:00
youtube_c_Ugys5MmR6MwD5LPjb5t4AaABAg,youtube,https://www.youtube.com/watch?v=43GC1lUmcys,43GC1lUmcys,#vinbus,#vinbus,2026-09-24T18:06:56Z,2026-09-24T18:06:56Z,😅😅😅,top_level,,Ugys5MmR6MwD5LPjb5t4AaABAg,0,2026-09-25T04:14:26Z,2026-09-25T04:14:26Z,0,UC6OYZ086TfqpgXrwQZcQkPg,,0,0,youtube_20260926_1347,baseline_20260926_134704,2026-09-26T21:02:19.017031+07:00
youtube_c_Ugx1OPkUho3ZwhZMp5p4AaABAg,youtube,https://www.youtube.com/watch?v=5EkN59BqyCE,5EkN59BqyCE,"Sindh Government’s Electric Bus Service Has Five Active Routes in Karachi | City 41
Sindh Government’s Electric Bus Service Has Five Active Routes in Karachi | City 41
#pakistan #faisalabad #electricbus 
City 21 is a Karachi based news channel which broadcasts news and information about the latest happenings and events in the city of Karachi, Pakistan.

Follow us on:-
►https://www.youtube.com/c/City21
►https://www.facebook.com/C21.Karachi/
►https://www.twitter.com/City21KHI
►Website: https://www.24newshd.tv/
►Whatsapp Channel: https://whatsapp.com/channel/0029VaCiL516xCSS7wJzmw3i

►Watch News Headlines
https://www.youtube.com/playlist?list=PLTqPtFQtg0lJu-FmEx58nlytj7QOjQxb4

►Watch Latest News
https://www.youtube.com/playlist?list=PLTqPtFQtg0lJBYpHOe8Pyi00gMVR7IWt2

►Watch News Night Program
https://www.youtube.com/playlist?list=PLTqPtFQtg0lI9zJFxIzgQg_gbQb0nbijX

►Watch Program Mujrim Kon
https://www.youtube.com/playlist?list=PLTqPtFQtg0lLLAfKnWd5-7Jf_eS4nlKAm
https://www.youtube.com/playlist?list=PLTqPtFQtg0lJ1L_yFgesDkSInEXQTgyYo

#City21 #Karachi #Pakistan #News #BreakingNews #shehbazsharif #umarayub #nawazsharif #nasession #pakistan #armychief #asimmunir #nationalassembly #pmln #pti #imrankhan #ppp #shehbazsharif #nawazsharif #asifzardari",Sindh Government’s Electric Bus Service Has Five Active Routes in Karachi | City 41,2026-09-25T17:24:51Z,2026-09-25T17:24:51Z,"Madam ya Karachi k awam k kia Kam DHA,or Bahria town k lia hai ,wasey bi ya 1 sa 2 hr k wait k bad ati hai ..",top_level,,Ugx1OPkUho3ZwhZMp5p4AaABAg,0,2026-09-27T08:34:34Z,2026-09-27T08:34:34Z,0,UC8qIbWd3t6Ocm350HruTSqg,,0,0,youtube_20260927_0855,baseline_20260926_134704,2026-09-27T15:57:12.855598+07:00
youtube_c_Ugx5wK7AB0hdAuvOqJd4AaABAg,youtube,https://www.youtube.com/watch?v=5EkN59BqyCE,5EkN59BqyCE,"Sindh Government’s Electric Bus Service Has Five Active Routes in Karachi | City 41
Sindh Government’s Electric Bus Service Has Five Active Routes in Karachi | City 41
#pakistan #faisalabad #electricbus 
City 21 is a Karachi based news channel which broadcasts news and information about the latest happenings and events in the city of Karachi, Pakistan.

Follow us on:-
►https://www.youtube.com/c/City21
►https://www.facebook.com/C21.Karachi/
►https://www.twitter.com/City21KHI
►Website: https://www.24newshd.tv/
►Whatsapp Channel: https://whatsapp.com/channel/0029VaCiL516xCSS7wJzmw3i

►Watch News Headlines
https://www.youtube.com/playlist?list=PLTqPtFQtg0lJu-FmEx58nlytj7QOjQxb4

►Watch Latest News
https://www.youtube.com/playlist?list=PLTqPtFQtg0lJBYpHOe8Pyi00gMVR7IWt2

►Watch News Night Program
https://www.youtube.com/playlist?list=PLTqPtFQtg0lI9zJFxIzgQg_gbQb0nbijX

►Watch Program Mujrim Kon
https://www.youtube.com/playlist?list=PLTqPtFQtg0lLLAfKnWd5-7Jf_eS4nlKAm
https://www.youtube.com/playlist?list=PLTqPtFQtg0lJ1L_yFgesDkSInEXQTgyYo

#City21 #Karachi #Pakistan #News #BreakingNews #shehbazsharif #umarayub #nawazsharif #nasession #pakistan #armychief #asimmunir #nationalassembly #pmln #pti #imrankhan #ppp #shehbazsharif #nawazsharif #asifzardari",Sindh Government’s Electric Bus Service Has Five Active Routes in Karachi | City 41,2026-09-25T17:24:51Z,2026-09-25T17:24:51Z,"Chorein, naana dou din ki buses  ....phir na hoei maintenances  na kkair khaber...
Pehlay , Khawateen  buses jo Khawateen  driver  ur Khawateen passenger...wo kenhaa hy...bess  schemes  laa ker shore sharaba kerna ...😮jo Khawateen buses  thein un ko continuess ur mentain rekhna chahieay  thaa...from Karachi Pakistan 🇵🇰",top_level,,Ugx5wK7AB0hdAuvOqJd4AaABAg,0,2026-09-25T21:15:06Z,2026-09-25T21:15:06Z,0,UCcbzC1Jp5TwwGJHGwsZolIw,,0,0,youtube_20260926_1347,baseline_20260926_134704,2026-09-26T20:56:50.685580+07:00
youtube_c_Ugxjj1J25gojJRI217p4AaABAg,youtube,https://www.youtube.com/watch?v=5EkN59BqyCE,5EkN59BqyCE,"Sindh Government’s Electric Bus Service Has Five Active Routes in Karachi | City 41
Sindh Government’s Electric Bus Service Has Five Active Routes in Karachi | City 41
#pakistan #faisalabad #electricbus 
City 21 is a Karachi based news channel which broadcasts news and information about the latest happenings and events in the city of Karachi, Pakistan.

Follow us on:-
►https://www.youtube.com/c/City21
►https://www.facebook.com/C21.Karachi/
►https://www.twitter.com/City21KHI
►Website: https://www.24newshd.tv/
►Whatsapp Channel: https://whatsapp.com/channel/0029VaCiL516xCSS7wJzmw3i

►Watch News Headlines
https://www.youtube.com/playlist?list=PLTqPtFQtg0lJu-FmEx58nlytj7QOjQxb4

►Watch Latest News
https://www.youtube.com/playlist?list=PLTqPtFQtg0lJBYpHOe8Pyi00gMVR7IWt2

►Watch News Night Program
https://www.youtube.com/playlist?list=PLTqPtFQtg0lI9zJFxIzgQg_gbQb0nbijX

►Watch Program Mujrim Kon
https://www.youtube.com/playlist?list=PLTqPtFQtg0lLLAfKnWd5-7Jf_eS4nlKAm
https://www.youtube.com/playlist?list=PLTqPtFQtg0lJ1L_yFgesDkSInEXQTgyYo

#City21 #Karachi #Pakistan #News #BreakingNews #shehbazsharif #umarayub #nawazsharif #nasession #pakistan #armychief #asimmunir #nationalassembly #pmln #pti #imrankhan #ppp #shehbazsharif #nawazsharif #asifzardari",Sindh Government’s Electric Bus Service Has Five Active Routes in Karachi | City 41,2026-09-25T17:24:51Z,2026-09-25T17:24:51Z,کراچی شہر کی کروڑوں کی آبادی کے لئے محدود بسیں انتہائی ناکافی ہیں رش کے اوقات میں ان بسوں میں سوار ہونا انتہائی مشکل ہوتا ہے اس لئے ضروری ہے کہ بسوں کی تعداد میں اضافہ کیا جائے اور بسوں کی مینٹیننس کے نظام پر بھرپور توجہ دی جائے کیونکہ اس سے پہلے کے۔ ٹی۔ سی کی ہزاروں گاڑیاں آئیں اور چند سالوں میں کچرے کا ڈھیر بن گئیں۔,top_level,,Ugxjj1J25gojJRI217p4AaABAg,0,2026-09-26T11:49:14Z,2026-09-26T11:49:14Z,0,UCpKBBI58HjYGzl0siMCvGnA,,0,0,youtube_20260926_1347,baseline_20260926_134704,2026-09-26T20:56:50.679582+07:00
youtube_c_UgybGTTeAT1uoekeGNN4AaABAg,youtube,https://www.youtube.com/watch?v=5EkN59BqyCE,5EkN59BqyCE,"Sindh Government’s Electric Bus Service Has Five Active Routes in Karachi | City 41
Sindh Government’s Electric Bus Service Has Five Active Routes in Karachi | City 41
#pakistan #faisalabad #electricbus 
City 21 is a Karachi based news channel which broadcasts news and information about the latest happenings and events in the city of Karachi, Pakistan.

Follow us on:-
►https://www.youtube.com/c/City21
►https://www.facebook.com/C21.Karachi/
►https://www.twitter.com/City21KHI
►Website: https://www.24newshd.tv/
►Whatsapp Channel: https://whatsapp.com/channel/0029VaCiL516xCSS7wJzmw3i

►Watch News Headlines
https://www.youtube.com/playlist?list=PLTqPtFQtg0lJu-FmEx58nlytj7QOjQxb4

►Watch Latest News
https://www.youtube.com/playlist?list=PLTqPtFQtg0lJBYpHOe8Pyi00gMVR7IWt2

►Watch News Night Program
https://www.youtube.com/playlist?list=PLTqPtFQtg0lI9zJFxIzgQg_gbQb0nbijX

►Watch Program Mujrim Kon
https://www.youtube.com/playlist?list=PLTqPtFQtg0lLLAfKnWd5-7Jf_eS4nlKAm
https://www.youtube.com/playlist?list=PLTqPtFQtg0lJ1L_yFgesDkSInEXQTgyYo

#City21 #Karachi #Pakistan #News #BreakingNews #shehbazsharif #umarayub #nawazsharif #nasession #pakistan #armychief #asimmunir #nationalassembly #pmln #pti #imrankhan #ppp #shehbazsharif #nawazsharif #asifzardari",Sindh Government’s Electric Bus Service Has Five Active Routes in Karachi | City 41,2026-09-25T17:24:51Z,2026-09-25T17:24:51Z,Yes Girl! We need more 'f these! Feel like Texas at home.......,top_level,,UgybGTTeAT1uoekeGNN4AaABAg,0,2026-09-26T11:06:55Z,2026-09-26T11:06:55Z,0,UCNUF9KElwln13fOy4xE16Hw,,0,0,youtube_20260926_1347,baseline_20260926_134704,2026-09-26T20:56:50.681650+07:00
youtube_c_UgyxjvZPwoXJVBMXCEN4AaABAg,youtube,https://www.youtube.com/watch?v=5EkN59BqyCE,5EkN59BqyCE,"Sindh Government’s Electric Bus Service Has Five Active Routes in Karachi | City 41
Sindh Government’s Electric Bus Service Has Five Active Routes in Karachi | City 41
#pakistan #faisalabad #electricbus 
City 21 is a Karachi based news channel which broadcasts news and information about the latest happenings and events in the city of Karachi, Pakistan.

Follow us on:-
►https://www.youtube.com/c/City21
►https://www.facebook.com/C21.Karachi/
►https://www.twitter.com/City21KHI
►Website: https://www.24newshd.tv/
►Whatsapp Channel: https://whatsapp.com/channel/0029VaCiL516xCSS7wJzmw3i

►Watch News Headlines
https://www.youtube.com/playlist?list=PLTqPtFQtg0lJu-FmEx58nlytj7QOjQxb4

►Watch Latest News
https://www.youtube.com/playlist?list=PLTqPtFQtg0lJBYpHOe8Pyi00gMVR7IWt2

►Watch News Night Program
https://www.youtube.com/playlist?list=PLTqPtFQtg0lI9zJFxIzgQg_gbQb0nbijX

►Watch Program Mujrim Kon
https://www.youtube.com/playlist?list=PLTqPtFQtg0lLLAfKnWd5-7Jf_eS4nlKAm
https://www.youtube.com/playlist?list=PLTqPtFQtg0lJ1L_yFgesDkSInEXQTgyYo

#City21 #Karachi #Pakistan #News #BreakingNews #shehbazsharif #umarayub #nawazsharif #nasession #pakistan #armychief #asimmunir #nationalassembly #pmln #pti #imrankhan #ppp #shehbazsharif #nawazsharif #asifzardari",Sindh Government’s Electric Bus Service Has Five Active Routes in Karachi | City 41,2026-09-25T17:24:51Z,2026-09-25T17:24:51Z,Yeh bassey kis sarek pe chaleyen gi,top_level,,UgyxjvZPwoXJVBMXCEN4AaABAg,0,2026-09-25T18:41:51Z,2026-09-25T18:41:51Z,0,UCcBHsBufuc8gPeGmoQq8Hfg,,0,0,youtube_20260926_1347,baseline_20260926_134704,2026-09-26T20:56:50.687101+07:00
youtube_c_UgzJ40fZY3ujjnSmwkR4AaABAg,youtube,https://www.youtube.com/watch?v=5EkN59BqyCE,5EkN59BqyCE,"Sindh Government’s Electric Bus Service Has Five Active Routes in Karachi | City 41
Sindh Government’s Electric Bus Service Has Five Active Routes in Karachi | City 41
#pakistan #faisalabad #electricbus 
City 21 is a Karachi based news channel which broadcasts news and information about the latest happenings and events in the city of Karachi, Pakistan.

Follow us on:-
►https://www.youtube.com/c/City21
►https://www.facebook.com/C21.Karachi/
►https://www.twitter.com/City21KHI
►Website: https://www.24newshd.tv/
►Whatsapp Channel: https://whatsapp.com/channel/0029VaCiL516xCSS7wJzmw3i

►Watch News Headlines
https://www.youtube.com/playlist?list=PLTqPtFQtg0lJu-FmEx58nlytj7QOjQxb4

►Watch Latest News
https://www.youtube.com/playlist?list=PLTqPtFQtg0lJBYpHOe8Pyi00gMVR7IWt2

►Watch News Night Program
https://www.youtube.com/playlist?list=PLTqPtFQtg0lI9zJFxIzgQg_gbQb0nbijX

►Watch Program Mujrim Kon
https://www.youtube.com/playlist?list=PLTqPtFQtg0lLLAfKnWd5-7Jf_eS4nlKAm
https://www.youtube.com/playlist?list=PLTqPtFQtg0lJ1L_yFgesDkSInEXQTgyYo

#City21 #Karachi #Pakistan #News #BreakingNews #shehbazsharif #umarayub #nawazsharif #nasession #pakistan #armychief #asimmunir #nationalassembly #pmln #pti #imrankhan #ppp #shehbazsharif #nawazsharif #asifzardari",Sindh Government’s Electric Bus Service Has Five Active Routes in Karachi | City 41,2026-09-25T17:24:51Z,2026-09-25T17:24:51Z,اور۔جو ان کا کرایہ بڑھ ھے آن۔کا وہ,top_level,,UgzJ40fZY3ujjnSmwkR4AaABAg,0,2026-09-26T18:01:08Z,2026-09-26T18:01:08Z,0,UCl9DigVIQt_JtKtTL-U7oqA,,0,0,youtube_20260927_0855,baseline_20260926_134704,2026-09-27T15:57:12.858141+07:00
youtube_c_Ugw7QwJS_pe8iuchqsB4AaABAg,youtube,https://www.youtube.com/watch?v=7tR_QeKFhgQ,7tR_QeKFhgQ,"Xe buýt 146 HCM:BX Miền Đông cũ -Chợ Bà Chiểu-BV Gia Định,Ung Bướu-Gò Vấp-BX Hiệp Thành, #viralvideo
XE BUÝT 146 | Tuyến xe buýt điện có Wifi, máy lạnh và miễn phí tại TP.HCM. #video.
XE BUÝT 146 TP.HCM 🚌 | Đi Hàng Xanh, Chợ Bà Chiểu, BV Ung Bướu & Gia Định

Lộ trình : 
    Lượt đi : Bến xe Miền Đông cũ - Đường Đinh Bộ Lĩnh - Đường Bạch Đằng - Đường Lê Quang Định - Đường Nguyễn Huy Lượng - Đường Nơ Trang Long - Đường Phan Đăng Lưu - Đường Hoàng Hoa Thám - Đường Nguyễn Văn Đậu - Đường Lê Quang Định - Đường Nguyễn Văn Nghi - Đường Nguyễn Thái Sơn - Đường Phan Văn Trị - Hẻm 468 - Đường Dương Quảng Hàm - Đường Lê Đức Thọ - Đường Nguyễn Văn Lượng - Đường Thống Nhất - Đường Tô Ngọc Vân – Đường Đỗ Mười - Đường Lê Thị Riêng - Đường Nguyễn Thị Kiêu - Đường Nguyễn Ảnh Thủ - Đường HT17 - Bến xe buýt Hiệp Thành

    Lượt về : Bến xe buýt Hiệp Thành - Đường HT17 - Đường Nguyễn Ảnh Thủ - Đường Nguyễn Thị Kiêu - Đường Lê Thị Riêng - Đường Đỗ Mười - Đường Tô Ngọc Vân - Đường Thống Nhất - Đường Nguyễn Văn Lượng - Đường Lê Đức Thọ - Đường Dương Quảng Hàm - Đường Nguyễn Thái Sơn - Đường Nguyễn Văn Nghi - Đường Lê Quang Định - Đường Nguyễn Văn Đậu - Đường Hoàng Hoa Thám - Đường Phan Đăng Lưu - Đường Nơ Trang Long - Đường Nguyễn Huy Lượng - Đường Lê Quang Định - Đường Bạch Đằng - Đường Xô Viết Nghệ Tĩnh - Quốc lộ 13 - Đường Đinh Bộ Lĩnh - Bến xe Miền Đông cũ.
🚌 XE BUÝT 146 TP.HCM – MỘT TUYẾN XE RẤT TIỆN CHO BẠN!

Nếu bạn đang cần đi Hàng Xanh, Chợ Bà Chiểu, Bệnh viện Ung Bướu hoặc Bệnh viện Gia Định thì tuyến xe buýt 146 có thể là một lựa chọn rất thuận tiện.

Trong video này, mình sẽ cùng bạn trải nghiệm tuyến xe buýt 146 và chia sẻ những thông tin thực tế về tuyến xe.

📍 Tuyến xe phù hợp nếu bạn cần:
• Đi Ngã tư Hàng Xanh
• Đi Chợ Bà Chiểu
• Đi Bệnh viện Ung Bướu
• Đi Bệnh viện Gia Định
• Di chuyển từ khu vực Bến xe Miền Đông cũ

🚍 Đặc biệt, đây là xe buýt điện với:
❄️ Máy lạnh
📶 Wifi
♻️ Di chuyển thân thiện với môi trường
💰 MIỄN PHÍ

Nếu bạn đang tìm hiểu cách đi xe buýt ở TP.HCM, hy vọng video này sẽ giúp bạn có thêm một lựa chọn thuận tiện cho hành trình của mình.
#XeBuyt146, #XeBuytTPHCM, #XeBuytDien, #Bus146 ,#XeBuytSaiGon, #HangXanh #ChoBaChieu #BenhVienUngBuou #BenhVienGiaDinh #DiXeBuyt

Nếu thấy video hữu ích, đừng quên LIKE 👍, ĐĂNG KÝ KÊNH ❤️ và chia sẻ cho những người đang cần đi xe buýt nhé!

#XeBuyt146 #XeBuytTPHCM #XeBuytDien #Bus146 #SaiGon
xe buýt TPHCM
xe bus Sài Gòn.
phương tiện công cộng TPHCM.
đi xe buýt Sài Gòn.
hướng dẫn đi xe buýt TPHCM.
xe buýt miễn phí TPHCM.
xe buýt có wifi.
xe buýt có máy lạnh.
trải nghiệm xe buýt điện.
review xe buýt TPHCM.xe buýt 146
tuyến xe buýt 146.
xe bus 146.
bus 146 TPHCM.
tuyến 146 TPHCM.
xe buýt tuyến 146 TPHCM.
lộ trình xe buýt 146.
xe buýt điện 146.
bus điện 146.
xe buýt điện TPHCM.","Xe buýt 146 HCM:BX Miền Đông cũ -Chợ Bà Chiểu-BV Gia Định,Ung Bướu-Gò Vấp-BX Hiệp Thành, #viralvideo",2026-09-07T09:01:22Z,2026-09-07T09:01:22Z,Cảm ơn bạn chia sẻ,top_level,,Ugw7QwJS_pe8iuchqsB4AaABAg,0,2026-09-08T10:01:30Z,2026-09-08T10:01:30Z,1,UCv8Luz-8ChnTqvmWDqYRGHg,,1,0,youtube_20260926_1347,baseline_20260926_134704,2026-09-26T20:52:10.516205+07:00
youtube_c_UgwL5bOH7zJbJoSeaOV4AaABAg,youtube,https://www.youtube.com/watch?v=7tR_QeKFhgQ,7tR_QeKFhgQ,"Xe buýt 146 HCM:BX Miền Đông cũ -Chợ Bà Chiểu-BV Gia Định,Ung Bướu-Gò Vấp-BX Hiệp Thành, #viralvideo
XE BUÝT 146 | Tuyến xe buýt điện có Wifi, máy lạnh và miễn phí tại TP.HCM. #video.
XE BUÝT 146 TP.HCM 🚌 | Đi Hàng Xanh, Chợ Bà Chiểu, BV Ung Bướu & Gia Định

Lộ trình : 
    Lượt đi : Bến xe Miền Đông cũ - Đường Đinh Bộ Lĩnh - Đường Bạch Đằng - Đường Lê Quang Định - Đường Nguyễn Huy Lượng - Đường Nơ Trang Long - Đường Phan Đăng Lưu - Đường Hoàng Hoa Thám - Đường Nguyễn Văn Đậu - Đường Lê Quang Định - Đường Nguyễn Văn Nghi - Đường Nguyễn Thái Sơn - Đường Phan Văn Trị - Hẻm 468 - Đường Dương Quảng Hàm - Đường Lê Đức Thọ - Đường Nguyễn Văn Lượng - Đường Thống Nhất - Đường Tô Ngọc Vân – Đường Đỗ Mười - Đường Lê Thị Riêng - Đường Nguyễn Thị Kiêu - Đường Nguyễn Ảnh Thủ - Đường HT17 - Bến xe buýt Hiệp Thành

    Lượt về : Bến xe buýt Hiệp Thành - Đường HT17 - Đường Nguyễn Ảnh Thủ - Đường Nguyễn Thị Kiêu - Đường Lê Thị Riêng - Đường Đỗ Mười - Đường Tô Ngọc Vân - Đường Thống Nhất - Đường Nguyễn Văn Lượng - Đường Lê Đức Thọ - Đường Dương Quảng Hàm - Đường Nguyễn Thái Sơn - Đường Nguyễn Văn Nghi - Đường Lê Quang Định - Đường Nguyễn Văn Đậu - Đường Hoàng Hoa Thám - Đường Phan Đăng Lưu - Đường Nơ Trang Long - Đường Nguyễn Huy Lượng - Đường Lê Quang Định - Đường Bạch Đằng - Đường Xô Viết Nghệ Tĩnh - Quốc lộ 13 - Đường Đinh Bộ Lĩnh - Bến xe Miền Đông cũ.
🚌 XE BUÝT 146 TP.HCM – MỘT TUYẾN XE RẤT TIỆN CHO BẠN!

Nếu bạn đang cần đi Hàng Xanh, Chợ Bà Chiểu, Bệnh viện Ung Bướu hoặc Bệnh viện Gia Định thì tuyến xe buýt 146 có thể là một lựa chọn rất thuận tiện.

Trong video này, mình sẽ cùng bạn trải nghiệm tuyến xe buýt 146 và chia sẻ những thông tin thực tế về tuyến xe.

📍 Tuyến xe phù hợp nếu bạn cần:
• Đi Ngã tư Hàng Xanh
• Đi Chợ Bà Chiểu
• Đi Bệnh viện Ung Bướu
• Đi Bệnh viện Gia Định
• Di chuyển từ khu vực Bến xe Miền Đông cũ

🚍 Đặc biệt, đây là xe buýt điện với:
❄️ Máy lạnh
📶 Wifi
♻️ Di chuyển thân thiện với môi trường
💰 MIỄN PHÍ

Nếu bạn đang tìm hiểu cách đi xe buýt ở TP.HCM, hy vọng video này sẽ giúp bạn có thêm một lựa chọn thuận tiện cho hành trình của mình.
#XeBuyt146, #XeBuytTPHCM, #XeBuytDien, #Bus146 ,#XeBuytSaiGon, #HangXanh #ChoBaChieu #BenhVienUngBuou #BenhVienGiaDinh #DiXeBuyt

Nếu thấy video hữu ích, đừng quên LIKE 👍, ĐĂNG KÝ KÊNH ❤️ và chia sẻ cho những người đang cần đi xe buýt nhé!

#XeBuyt146 #XeBuytTPHCM #XeBuytDien #Bus146 #SaiGon
xe buýt TPHCM
xe bus Sài Gòn.
phương tiện công cộng TPHCM.
đi xe buýt Sài Gòn.
hướng dẫn đi xe buýt TPHCM.
xe buýt miễn phí TPHCM.
xe buýt có wifi.
xe buýt có máy lạnh.
trải nghiệm xe buýt điện.
review xe buýt TPHCM.xe buýt 146
tuyến xe buýt 146.
xe bus 146.
bus 146 TPHCM.
tuyến 146 TPHCM.
xe buýt tuyến 146 TPHCM.
lộ trình xe buýt 146.
xe buýt điện 146.
bus điện 146.
xe buýt điện TPHCM.","Xe buýt 146 HCM:BX Miền Đông cũ -Chợ Bà Chiểu-BV Gia Định,Ung Bướu-Gò Vấp-BX Hiệp Thành, #viralvideo",2026-09-07T09:01:22Z,2026-09-07T09:01:22Z,Rất hữu ích,top_level,,UgwL5bOH7zJbJoSeaOV4AaABAg,0,2026-09-21T04:20:31Z,2026-09-21T04:20:31Z,1,UCsnZrTmjTGXXcoCtr1kwiNg,,1,0,youtube_20260926_1347,baseline_20260926_134704,2026-09-26T20:51:57.358664+07:00
youtube_c_UgxEiH_ILX866mUUZFV4AaABAg,youtube,https://www.youtube.com/watch?v=7tR_QeKFhgQ,7tR_QeKFhgQ,"Xe buýt 146 HCM:BX Miền Đông cũ -Chợ Bà Chiểu-BV Gia Định,Ung Bướu-Gò Vấp-BX Hiệp Thành, #viralvideo
XE BUÝT 146 | Tuyến xe buýt điện có Wifi, máy lạnh và miễn phí tại TP.HCM. #video.
XE BUÝT 146 TP.HCM 🚌 | Đi Hàng Xanh, Chợ Bà Chiểu, BV Ung Bướu & Gia Định

Lộ trình : 
    Lượt đi : Bến xe Miền Đông cũ - Đường Đinh Bộ Lĩnh - Đường Bạch Đằng - Đường Lê Quang Định - Đường Nguyễn Huy Lượng - Đường Nơ Trang Long - Đường Phan Đăng Lưu - Đường Hoàng Hoa Thám - Đường Nguyễn Văn Đậu - Đường Lê Quang Định - Đường Nguyễn Văn Nghi - Đường Nguyễn Thái Sơn - Đường Phan Văn Trị - Hẻm 468 - Đường Dương Quảng Hàm - Đường Lê Đức Thọ - Đường Nguyễn Văn Lượng - Đường Thống Nhất - Đường Tô Ngọc Vân – Đường Đỗ Mười - Đường Lê Thị Riêng - Đường Nguyễn Thị Kiêu - Đường Nguyễn Ảnh Thủ - Đường HT17 - Bến xe buýt Hiệp Thành

    Lượt về : Bến xe buýt Hiệp Thành - Đường HT17 - Đường Nguyễn Ảnh Thủ - Đường Nguyễn Thị Kiêu - Đường Lê Thị Riêng - Đường Đỗ Mười - Đường Tô Ngọc Vân - Đường Thống Nhất - Đường Nguyễn Văn Lượng - Đường Lê Đức Thọ - Đường Dương Quảng Hàm - Đường Nguyễn Thái Sơn - Đường Nguyễn Văn Nghi - Đường Lê Quang Định - Đường Nguyễn Văn Đậu - Đường Hoàng Hoa Thám - Đường Phan Đăng Lưu - Đường Nơ Trang Long - Đường Nguyễn Huy Lượng - Đường Lê Quang Định - Đường Bạch Đằng - Đường Xô Viết Nghệ Tĩnh - Quốc lộ 13 - Đường Đinh Bộ Lĩnh - Bến xe Miền Đông cũ.
🚌 XE BUÝT 146 TP.HCM – MỘT TUYẾN XE RẤT TIỆN CHO BẠN!

Nếu bạn đang cần đi Hàng Xanh, Chợ Bà Chiểu, Bệnh viện Ung Bướu hoặc Bệnh viện Gia Định thì tuyến xe buýt 146 có thể là một lựa chọn rất thuận tiện.

Trong video này, mình sẽ cùng bạn trải nghiệm tuyến xe buýt 146 và chia sẻ những thông tin thực tế về tuyến xe.

📍 Tuyến xe phù hợp nếu bạn cần:
• Đi Ngã tư Hàng Xanh
• Đi Chợ Bà Chiểu
• Đi Bệnh viện Ung Bướu
• Đi Bệnh viện Gia Định
• Di chuyển từ khu vực Bến xe Miền Đông cũ

🚍 Đặc biệt, đây là xe buýt điện với:
❄️ Máy lạnh
📶 Wifi
♻️ Di chuyển thân thiện với môi trường
💰 MIỄN PHÍ

Nếu bạn đang tìm hiểu cách đi xe buýt ở TP.HCM, hy vọng video này sẽ giúp bạn có thêm một lựa chọn thuận tiện cho hành trình của mình.
#XeBuyt146, #XeBuytTPHCM, #XeBuytDien, #Bus146 ,#XeBuytSaiGon, #HangXanh #ChoBaChieu #BenhVienUngBuou #BenhVienGiaDinh #DiXeBuyt

Nếu thấy video hữu ích, đừng quên LIKE 👍, ĐĂNG KÝ KÊNH ❤️ và chia sẻ cho những người đang cần đi xe buýt nhé!

#XeBuyt146 #XeBuytTPHCM #XeBuytDien #Bus146 #SaiGon
xe buýt TPHCM
xe bus Sài Gòn.
phương tiện công cộng TPHCM.
đi xe buýt Sài Gòn.
hướng dẫn đi xe buýt TPHCM.
xe buýt miễn phí TPHCM.
xe buýt có wifi.
xe buýt có máy lạnh.
trải nghiệm xe buýt điện.
review xe buýt TPHCM.xe buýt 146
tuyến xe buýt 146.
xe bus 146.
bus 146 TPHCM.
tuyến 146 TPHCM.
xe buýt tuyến 146 TPHCM.
lộ trình xe buýt 146.
xe buýt điện 146.
bus điện 146.
xe buýt điện TPHCM.","Xe buýt 146 HCM:BX Miền Đông cũ -Chợ Bà Chiểu-BV Gia Định,Ung Bướu-Gò Vấp-BX Hiệp Thành, #viralvideo",2026-09-07T09:01:22Z,2026-09-07T09:01:22Z,Cảm ơn ad chia sẻ,top_level,,UgxEiH_ILX866mUUZFV4AaABAg,0,2026-09-09T12:01:39Z,2026-09-09T12:01:39Z,1,UCwCXO-D207dHOMJwYplFyZg,,1,0,youtube_20260926_1347,baseline_20260926_134704,2026-09-26T20:52:03.954886+07:00
youtube_c_UgxEiH_ILX866mUUZFV4AaABAg.AaXiYSFwg_XAaYIwFxg9nG,youtube,https://www.youtube.com/watch?v=7tR_QeKFhgQ,7tR_QeKFhgQ,"Xe buýt 146 HCM:BX Miền Đông cũ -Chợ Bà Chiểu-BV Gia Định,Ung Bướu-Gò Vấp-BX Hiệp Thành, #viralvideo
XE BUÝT 146 | Tuyến xe buýt điện có Wifi, máy lạnh và miễn phí tại TP.HCM. #video.
XE BUÝT 146 TP.HCM 🚌 | Đi Hàng Xanh, Chợ Bà Chiểu, BV Ung Bướu & Gia Định

Lộ trình : 
    Lượt đi : Bến xe Miền Đông cũ - Đường Đinh Bộ Lĩnh - Đường Bạch Đằng - Đường Lê Quang Định - Đường Nguyễn Huy Lượng - Đường Nơ Trang Long - Đường Phan Đăng Lưu - Đường Hoàng Hoa Thám - Đường Nguyễn Văn Đậu - Đường Lê Quang Định - Đường Nguyễn Văn Nghi - Đường Nguyễn Thái Sơn - Đường Phan Văn Trị - Hẻm 468 - Đường Dương Quảng Hàm - Đường Lê Đức Thọ - Đường Nguyễn Văn Lượng - Đường Thống Nhất - Đường Tô Ngọc Vân – Đường Đỗ Mười - Đường Lê Thị Riêng - Đường Nguyễn Thị Kiêu - Đường Nguyễn Ảnh Thủ - Đường HT17 - Bến xe buýt Hiệp Thành

    Lượt về : Bến xe buýt Hiệp Thành - Đường HT17 - Đường Nguyễn Ảnh Thủ - Đường Nguyễn Thị Kiêu - Đường Lê Thị Riêng - Đường Đỗ Mười - Đường Tô Ngọc Vân - Đường Thống Nhất - Đường Nguyễn Văn Lượng - Đường Lê Đức Thọ - Đường Dương Quảng Hàm - Đường Nguyễn Thái Sơn - Đường Nguyễn Văn Nghi - Đường Lê Quang Định - Đường Nguyễn Văn Đậu - Đường Hoàng Hoa Thám - Đường Phan Đăng Lưu - Đường Nơ Trang Long - Đường Nguyễn Huy Lượng - Đường Lê Quang Định - Đường Bạch Đằng - Đường Xô Viết Nghệ Tĩnh - Quốc lộ 13 - Đường Đinh Bộ Lĩnh - Bến xe Miền Đông cũ.
🚌 XE BUÝT 146 TP.HCM – MỘT TUYẾN XE RẤT TIỆN CHO BẠN!

Nếu bạn đang cần đi Hàng Xanh, Chợ Bà Chiểu, Bệnh viện Ung Bướu hoặc Bệnh viện Gia Định thì tuyến xe buýt 146 có thể là một lựa chọn rất thuận tiện.

Trong video này, mình sẽ cùng bạn trải nghiệm tuyến xe buýt 146 và chia sẻ những thông tin thực tế về tuyến xe.

📍 Tuyến xe phù hợp nếu bạn cần:
• Đi Ngã tư Hàng Xanh
• Đi Chợ Bà Chiểu
• Đi Bệnh viện Ung Bướu
• Đi Bệnh viện Gia Định
• Di chuyển từ khu vực Bến xe Miền Đông cũ

🚍 Đặc biệt, đây là xe buýt điện với:
❄️ Máy lạnh
📶 Wifi
♻️ Di chuyển thân thiện với môi trường
💰 MIỄN PHÍ

Nếu bạn đang tìm hiểu cách đi xe buýt ở TP.HCM, hy vọng video này sẽ giúp bạn có thêm một lựa chọn thuận tiện cho hành trình của mình.
#XeBuyt146, #XeBuytTPHCM, #XeBuytDien, #Bus146 ,#XeBuytSaiGon, #HangXanh #ChoBaChieu #BenhVienUngBuou #BenhVienGiaDinh #DiXeBuyt

Nếu thấy video hữu ích, đừng quên LIKE 👍, ĐĂNG KÝ KÊNH ❤️ và chia sẻ cho những người đang cần đi xe buýt nhé!

#XeBuyt146 #XeBuytTPHCM #XeBuytDien #Bus146 #SaiGon
xe buýt TPHCM
xe bus Sài Gòn.
phương tiện công cộng TPHCM.
đi xe buýt Sài Gòn.
hướng dẫn đi xe buýt TPHCM.
xe buýt miễn phí TPHCM.
xe buýt có wifi.
xe buýt có máy lạnh.
trải nghiệm xe buýt điện.
review xe buýt TPHCM.xe buýt 146
tuyến xe buýt 146.
xe bus 146.
bus 146 TPHCM.
tuyến 146 TPHCM.
xe buýt tuyến 146 TPHCM.
lộ trình xe buýt 146.
xe buýt điện 146.
bus điện 146.
xe buýt điện TPHCM.","Xe buýt 146 HCM:BX Miền Đông cũ -Chợ Bà Chiểu-BV Gia Định,Ung Bướu-Gò Vấp-BX Hiệp Thành, #viralvideo",2026-09-07T09:01:22Z,2026-09-07T09:01:22Z,Không có chi nè❤,reply,UgxEiH_ILX866mUUZFV4AaABAg,UgxEiH_ILX866mUUZFV4AaABAg,1,2026-09-09T17:28:19Z,2026-09-09T17:28:19Z,0,UCMegx_S_DUntIk251HGmDMg,,1,0,youtube_20260926_1347,baseline_20260926_134704,2026-09-26T20:52:07.249678+07:00
youtube_c_UgyXH-4c9VG0JxsiyFV4AaABAg,youtube,https://www.youtube.com/watch?v=7tR_QeKFhgQ,7tR_QeKFhgQ,"Xe buýt 146 HCM:BX Miền Đông cũ -Chợ Bà Chiểu-BV Gia Định,Ung Bướu-Gò Vấp-BX Hiệp Thành, #viralvideo
XE BUÝT 146 | Tuyến xe buýt điện có Wifi, máy lạnh và miễn phí tại TP.HCM. #video.
XE BUÝT 146 TP.HCM 🚌 | Đi Hàng Xanh, Chợ Bà Chiểu, BV Ung Bướu & Gia Định

Lộ trình : 
    Lượt đi : Bến xe Miền Đông cũ - Đường Đinh Bộ Lĩnh - Đường Bạch Đằng - Đường Lê Quang Định - Đường Nguyễn Huy Lượng - Đường Nơ Trang Long - Đường Phan Đăng Lưu - Đường Hoàng Hoa Thám - Đường Nguyễn Văn Đậu - Đường Lê Quang Định - Đường Nguyễn Văn Nghi - Đường Nguyễn Thái Sơn - Đường Phan Văn Trị - Hẻm 468 - Đường Dương Quảng Hàm - Đường Lê Đức Thọ - Đường Nguyễn Văn Lượng - Đường Thống Nhất - Đường Tô Ngọc Vân – Đường Đỗ Mười - Đường Lê Thị Riêng - Đường Nguyễn Thị Kiêu - Đường Nguyễn Ảnh Thủ - Đường HT17 - Bến xe buýt Hiệp Thành

    Lượt về : Bến xe buýt Hiệp Thành - Đường HT17 - Đường Nguyễn Ảnh Thủ - Đường Nguyễn Thị Kiêu - Đường Lê Thị Riêng - Đường Đỗ Mười - Đường Tô Ngọc Vân - Đường Thống Nhất - Đường Nguyễn Văn Lượng - Đường Lê Đức Thọ - Đường Dương Quảng Hàm - Đường Nguyễn Thái Sơn - Đường Nguyễn Văn Nghi - Đường Lê Quang Định - Đường Nguyễn Văn Đậu - Đường Hoàng Hoa Thám - Đường Phan Đăng Lưu - Đường Nơ Trang Long - Đường Nguyễn Huy Lượng - Đường Lê Quang Định - Đường Bạch Đằng - Đường Xô Viết Nghệ Tĩnh - Quốc lộ 13 - Đường Đinh Bộ Lĩnh - Bến xe Miền Đông cũ.
🚌 XE BUÝT 146 TP.HCM – MỘT TUYẾN XE RẤT TIỆN CHO BẠN!

Nếu bạn đang cần đi Hàng Xanh, Chợ Bà Chiểu, Bệnh viện Ung Bướu hoặc Bệnh viện Gia Định thì tuyến xe buýt 146 có thể là một lựa chọn rất thuận tiện.

Trong video này, mình sẽ cùng bạn trải nghiệm tuyến xe buýt 146 và chia sẻ những thông tin thực tế về tuyến xe.

📍 Tuyến xe phù hợp nếu bạn cần:
• Đi Ngã tư Hàng Xanh
• Đi Chợ Bà Chiểu
• Đi Bệnh viện Ung Bướu
• Đi Bệnh viện Gia Định
• Di chuyển từ khu vực Bến xe Miền Đông cũ

🚍 Đặc biệt, đây là xe buýt điện với:
❄️ Máy lạnh
📶 Wifi
♻️ Di chuyển thân thiện với môi trường
💰 MIỄN PHÍ

Nếu bạn đang tìm hiểu cách đi xe buýt ở TP.HCM, hy vọng video này sẽ giúp bạn có thêm một lựa chọn thuận tiện cho hành trình của mình.
#XeBuyt146, #XeBuytTPHCM, #XeBuytDien, #Bus146 ,#XeBuytSaiGon, #HangXanh #ChoBaChieu #BenhVienUngBuou #BenhVienGiaDinh #DiXeBuyt

Nếu thấy video hữu ích, đừng quên LIKE 👍, ĐĂNG KÝ KÊNH ❤️ và chia sẻ cho những người đang cần đi xe buýt nhé!

#XeBuyt146 #XeBuytTPHCM #XeBuytDien #Bus146 #SaiGon
xe buýt TPHCM
xe bus Sài Gòn.
phương tiện công cộng TPHCM.
đi xe buýt Sài Gòn.
hướng dẫn đi xe buýt TPHCM.
xe buýt miễn phí TPHCM.
xe buýt có wifi.
xe buýt có máy lạnh.
trải nghiệm xe buýt điện.
review xe buýt TPHCM.xe buýt 146
tuyến xe buýt 146.
xe bus 146.
bus 146 TPHCM.
tuyến 146 TPHCM.
xe buýt tuyến 146 TPHCM.
lộ trình xe buýt 146.
xe buýt điện 146.
bus điện 146.
xe buýt điện TPHCM.","Xe buýt 146 HCM:BX Miền Đông cũ -Chợ Bà Chiểu-BV Gia Định,Ung Bướu-Gò Vấp-BX Hiệp Thành, #viralvideo",2026-09-07T09:01:22Z,2026-09-07T09:01:22Z,hay. xe buýt rất ok,top_level,,UgyXH-4c9VG0JxsiyFV4AaABAg,0,2026-09-09T06:12:18Z,2026-09-09T06:12:18Z,1,UC37nOH42eBwEy53PtfDIRWg,transport_impact,1,0,youtube_20260926_1347,baseline_20260926_134704,2026-09-26T20:52:07.251899+07:00
youtube_c_UgyXH-4c9VG0JxsiyFV4AaABAg.AaX5ZhsKbn7AaYIuNRO4cR,youtube,https://www.youtube.com/watch?v=7tR_QeKFhgQ,7tR_QeKFhgQ,"Xe buýt 146 HCM:BX Miền Đông cũ -Chợ Bà Chiểu-BV Gia Định,Ung Bướu-Gò Vấp-BX Hiệp Thành, #viralvideo
XE BUÝT 146 | Tuyến xe buýt điện có Wifi, máy lạnh và miễn phí tại TP.HCM. #video.
XE BUÝT 146 TP.HCM 🚌 | Đi Hàng Xanh, Chợ Bà Chiểu, BV Ung Bướu & Gia Định

Lộ trình : 
    Lượt đi : Bến xe Miền Đông cũ - Đường Đinh Bộ Lĩnh - Đường Bạch Đằng - Đường Lê Quang Định - Đường Nguyễn Huy Lượng - Đường Nơ Trang Long - Đường Phan Đăng Lưu - Đường Hoàng Hoa Thám - Đường Nguyễn Văn Đậu - Đường Lê Quang Định - Đường Nguyễn Văn Nghi - Đường Nguyễn Thái Sơn - Đường Phan Văn Trị - Hẻm 468 - Đường Dương Quảng Hàm - Đường Lê Đức Thọ - Đường Nguyễn Văn Lượng - Đường Thống Nhất - Đường Tô Ngọc Vân – Đường Đỗ Mười - Đường Lê Thị Riêng - Đường Nguyễn Thị Kiêu - Đường Nguyễn Ảnh Thủ - Đường HT17 - Bến xe buýt Hiệp Thành

    Lượt về : Bến xe buýt Hiệp Thành - Đường HT17 - Đường Nguyễn Ảnh Thủ - Đường Nguyễn Thị Kiêu - Đường Lê Thị Riêng - Đường Đỗ Mười - Đường Tô Ngọc Vân - Đường Thống Nhất - Đường Nguyễn Văn Lượng - Đường Lê Đức Thọ - Đường Dương Quảng Hàm - Đường Nguyễn Thái Sơn - Đường Nguyễn Văn Nghi - Đường Lê Quang Định - Đường Nguyễn Văn Đậu - Đường Hoàng Hoa Thám - Đường Phan Đăng Lưu - Đường Nơ Trang Long - Đường Nguyễn Huy Lượng - Đường Lê Quang Định - Đường Bạch Đằng - Đường Xô Viết Nghệ Tĩnh - Quốc lộ 13 - Đường Đinh Bộ Lĩnh - Bến xe Miền Đông cũ.
🚌 XE BUÝT 146 TP.HCM – MỘT TUYẾN XE RẤT TIỆN CHO BẠN!

Nếu bạn đang cần đi Hàng Xanh, Chợ Bà Chiểu, Bệnh viện Ung Bướu hoặc Bệnh viện Gia Định thì tuyến xe buýt 146 có thể là một lựa chọn rất thuận tiện.

Trong video này, mình sẽ cùng bạn trải nghiệm tuyến xe buýt 146 và chia sẻ những thông tin thực tế về tuyến xe.

📍 Tuyến xe phù hợp nếu bạn cần:
• Đi Ngã tư Hàng Xanh
• Đi Chợ Bà Chiểu
• Đi Bệnh viện Ung Bướu
• Đi Bệnh viện Gia Định
• Di chuyển từ khu vực Bến xe Miền Đông cũ

🚍 Đặc biệt, đây là xe buýt điện với:
❄️ Máy lạnh
📶 Wifi
♻️ Di chuyển thân thiện với môi trường
💰 MIỄN PHÍ

Nếu bạn đang tìm hiểu cách đi xe buýt ở TP.HCM, hy vọng video này sẽ giúp bạn có thêm một lựa chọn thuận tiện cho hành trình của mình.
#XeBuyt146, #XeBuytTPHCM, #XeBuytDien, #Bus146 ,#XeBuytSaiGon, #HangXanh #ChoBaChieu #BenhVienUngBuou #BenhVienGiaDinh #DiXeBuyt

Nếu thấy video hữu ích, đừng quên LIKE 👍, ĐĂNG KÝ KÊNH ❤️ và chia sẻ cho những người đang cần đi xe buýt nhé!

#XeBuyt146 #XeBuytTPHCM #XeBuytDien #Bus146 #SaiGon
xe buýt TPHCM
xe bus Sài Gòn.
phương tiện công cộng TPHCM.
đi xe buýt Sài Gòn.
hướng dẫn đi xe buýt TPHCM.
xe buýt miễn phí TPHCM.
xe buýt có wifi.
xe buýt có máy lạnh.
trải nghiệm xe buýt điện.
review xe buýt TPHCM.xe buýt 146
tuyến xe buýt 146.
xe bus 146.
bus 146 TPHCM.
tuyến 146 TPHCM.
xe buýt tuyến 146 TPHCM.
lộ trình xe buýt 146.
xe buýt điện 146.
bus điện 146.
xe buýt điện TPHCM.","Xe buýt 146 HCM:BX Miền Đông cũ -Chợ Bà Chiểu-BV Gia Định,Ung Bướu-Gò Vấp-BX Hiệp Thành, #viralvideo",2026-09-07T09:01:22Z,2026-09-07T09:01:22Z,Cám ơn bạn đã ủng hộ nhé🎉,reply,UgyXH-4c9VG0JxsiyFV4AaABAg,UgyXH-4c9VG0JxsiyFV4AaABAg,1,2026-09-09T17:28:04Z,2026-09-09T17:28:04Z,0,UCMegx_S_DUntIk251HGmDMg,,1,0,youtube_20260926_1347,baseline_20260926_134704,2026-09-26T20:52:10.514209+07:00
youtube_c_Ugz5TdIAFHHEXR9qC314AaABAg,youtube,https://www.youtube.com/watch?v=7tR_QeKFhgQ,7tR_QeKFhgQ,"Xe buýt 146 HCM:BX Miền Đông cũ -Chợ Bà Chiểu-BV Gia Định,Ung Bướu-Gò Vấp-BX Hiệp Thành, #viralvideo
XE BUÝT 146 | Tuyến xe buýt điện có Wifi, máy lạnh và miễn phí tại TP.HCM. #video.
XE BUÝT 146 TP.HCM 🚌 | Đi Hàng Xanh, Chợ Bà Chiểu, BV Ung Bướu & Gia Định

Lộ trình : 
    Lượt đi : Bến xe Miền Đông cũ - Đường Đinh Bộ Lĩnh - Đường Bạch Đằng - Đường Lê Quang Định - Đường Nguyễn Huy Lượng - Đường Nơ Trang Long - Đường Phan Đăng Lưu - Đường Hoàng Hoa Thám - Đường Nguyễn Văn Đậu - Đường Lê Quang Định - Đường Nguyễn Văn Nghi - Đường Nguyễn Thái Sơn - Đường Phan Văn Trị - Hẻm 468 - Đường Dương Quảng Hàm - Đường Lê Đức Thọ - Đường Nguyễn Văn Lượng - Đường Thống Nhất - Đường Tô Ngọc Vân – Đường Đỗ Mười - Đường Lê Thị Riêng - Đường Nguyễn Thị Kiêu - Đường Nguyễn Ảnh Thủ - Đường HT17 - Bến xe buýt Hiệp Thành

    Lượt về : Bến xe buýt Hiệp Thành - Đường HT17 - Đường Nguyễn Ảnh Thủ - Đường Nguyễn Thị Kiêu - Đường Lê Thị Riêng - Đường Đỗ Mười - Đường Tô Ngọc Vân - Đường Thống Nhất - Đường Nguyễn Văn Lượng - Đường Lê Đức Thọ - Đường Dương Quảng Hàm - Đường Nguyễn Thái Sơn - Đường Nguyễn Văn Nghi - Đường Lê Quang Định - Đường Nguyễn Văn Đậu - Đường Hoàng Hoa Thám - Đường Phan Đăng Lưu - Đường Nơ Trang Long - Đường Nguyễn Huy Lượng - Đường Lê Quang Định - Đường Bạch Đằng - Đường Xô Viết Nghệ Tĩnh - Quốc lộ 13 - Đường Đinh Bộ Lĩnh - Bến xe Miền Đông cũ.
🚌 XE BUÝT 146 TP.HCM – MỘT TUYẾN XE RẤT TIỆN CHO BẠN!

Nếu bạn đang cần đi Hàng Xanh, Chợ Bà Chiểu, Bệnh viện Ung Bướu hoặc Bệnh viện Gia Định thì tuyến xe buýt 146 có thể là một lựa chọn rất thuận tiện.

Trong video này, mình sẽ cùng bạn trải nghiệm tuyến xe buýt 146 và chia sẻ những thông tin thực tế về tuyến xe.

📍 Tuyến xe phù hợp nếu bạn cần:
• Đi Ngã tư Hàng Xanh
• Đi Chợ Bà Chiểu
• Đi Bệnh viện Ung Bướu
• Đi Bệnh viện Gia Định
• Di chuyển từ khu vực Bến xe Miền Đông cũ

🚍 Đặc biệt, đây là xe buýt điện với:
❄️ Máy lạnh
📶 Wifi
♻️ Di chuyển thân thiện với môi trường
💰 MIỄN PHÍ

Nếu bạn đang tìm hiểu cách đi xe buýt ở TP.HCM, hy vọng video này sẽ giúp bạn có thêm một lựa chọn thuận tiện cho hành trình của mình.
#XeBuyt146, #XeBuytTPHCM, #XeBuytDien, #Bus146 ,#XeBuytSaiGon, #HangXanh #ChoBaChieu #BenhVienUngBuou #BenhVienGiaDinh #DiXeBuyt

Nếu thấy video hữu ích, đừng quên LIKE 👍, ĐĂNG KÝ KÊNH ❤️ và chia sẻ cho những người đang cần đi xe buýt nhé!

#XeBuyt146 #XeBuytTPHCM #XeBuytDien #Bus146 #SaiGon
xe buýt TPHCM
xe bus Sài Gòn.
phương tiện công cộng TPHCM.
đi xe buýt Sài Gòn.
hướng dẫn đi xe buýt TPHCM.
xe buýt miễn phí TPHCM.
xe buýt có wifi.
xe buýt có máy lạnh.
trải nghiệm xe buýt điện.
review xe buýt TPHCM.xe buýt 146
tuyến xe buýt 146.
xe bus 146.
bus 146 TPHCM.
tuyến 146 TPHCM.
xe buýt tuyến 146 TPHCM.
lộ trình xe buýt 146.
xe buýt điện 146.
bus điện 146.
xe buýt điện TPHCM.","Xe buýt 146 HCM:BX Miền Đông cũ -Chợ Bà Chiểu-BV Gia Định,Ung Bướu-Gò Vấp-BX Hiệp Thành, #viralvideo",2026-09-07T09:01:22Z,2026-09-07T09:01:22Z,Tuyệt vời,top_level,,Ugz5TdIAFHHEXR9qC314AaABAg,0,2026-09-09T13:08:18Z,2026-09-09T13:08:18Z,1,UCX_4OW_Z2Mb-nvbJdAKYjaA,,1,0,youtube_20260926_1347,baseline_20260926_134704,2026-09-26T20:52:00.705102+07:00
youtube_c_Ugz5TdIAFHHEXR9qC314AaABAg.AaXqAoOC8H8AaYIxX_X2rH,youtube,https://www.youtube.com/watch?v=7tR_QeKFhgQ,7tR_QeKFhgQ,"Xe buýt 146 HCM:BX Miền Đông cũ -Chợ Bà Chiểu-BV Gia Định,Ung Bướu-Gò Vấp-BX Hiệp Thành, #viralvideo
XE BUÝT 146 | Tuyến xe buýt điện có Wifi, máy lạnh và miễn phí tại TP.HCM. #video.
XE BUÝT 146 TP.HCM 🚌 | Đi Hàng Xanh, Chợ Bà Chiểu, BV Ung Bướu & Gia Định

Lộ trình : 
    Lượt đi : Bến xe Miền Đông cũ - Đường Đinh Bộ Lĩnh - Đường Bạch Đằng - Đường Lê Quang Định - Đường Nguyễn Huy Lượng - Đường Nơ Trang Long - Đường Phan Đăng Lưu - Đường Hoàng Hoa Thám - Đường Nguyễn Văn Đậu - Đường Lê Quang Định - Đường Nguyễn Văn Nghi - Đường Nguyễn Thái Sơn - Đường Phan Văn Trị - Hẻm 468 - Đường Dương Quảng Hàm - Đường Lê Đức Thọ - Đường Nguyễn Văn Lượng - Đường Thống Nhất - Đường Tô Ngọc Vân – Đường Đỗ Mười - Đường Lê Thị Riêng - Đường Nguyễn Thị Kiêu - Đường Nguyễn Ảnh Thủ - Đường HT17 - Bến xe buýt Hiệp Thành

    Lượt về : Bến xe buýt Hiệp Thành - Đường HT17 - Đường Nguyễn Ảnh Thủ - Đường Nguyễn Thị Kiêu - Đường Lê Thị Riêng - Đường Đỗ Mười - Đường Tô Ngọc Vân - Đường Thống Nhất - Đường Nguyễn Văn Lượng - Đường Lê Đức Thọ - Đường Dương Quảng Hàm - Đường Nguyễn Thái Sơn - Đường Nguyễn Văn Nghi - Đường Lê Quang Định - Đường Nguyễn Văn Đậu - Đường Hoàng Hoa Thám - Đường Phan Đăng Lưu - Đường Nơ Trang Long - Đường Nguyễn Huy Lượng - Đường Lê Quang Định - Đường Bạch Đằng - Đường Xô Viết Nghệ Tĩnh - Quốc lộ 13 - Đường Đinh Bộ Lĩnh - Bến xe Miền Đông cũ.
🚌 XE BUÝT 146 TP.HCM – MỘT TUYẾN XE RẤT TIỆN CHO BẠN!

Nếu bạn đang cần đi Hàng Xanh, Chợ Bà Chiểu, Bệnh viện Ung Bướu hoặc Bệnh viện Gia Định thì tuyến xe buýt 146 có thể là một lựa chọn rất thuận tiện.

Trong video này, mình sẽ cùng bạn trải nghiệm tuyến xe buýt 146 và chia sẻ những thông tin thực tế về tuyến xe.

📍 Tuyến xe phù hợp nếu bạn cần:
• Đi Ngã tư Hàng Xanh
• Đi Chợ Bà Chiểu
• Đi Bệnh viện Ung Bướu
• Đi Bệnh viện Gia Định
• Di chuyển từ khu vực Bến xe Miền Đông cũ

🚍 Đặc biệt, đây là xe buýt điện với:
❄️ Máy lạnh
📶 Wifi
♻️ Di chuyển thân thiện với môi trường
💰 MIỄN PHÍ

Nếu bạn đang tìm hiểu cách đi xe buýt ở TP.HCM, hy vọng video này sẽ giúp bạn có thêm một lựa chọn thuận tiện cho hành trình của mình.
#XeBuyt146, #XeBuytTPHCM, #XeBuytDien, #Bus146 ,#XeBuytSaiGon, #HangXanh #ChoBaChieu #BenhVienUngBuou #BenhVienGiaDinh #DiXeBuyt

Nếu thấy video hữu ích, đừng quên LIKE 👍, ĐĂNG KÝ KÊNH ❤️ và chia sẻ cho những người đang cần đi xe buýt nhé!

#XeBuyt146 #XeBuytTPHCM #XeBuytDien #Bus146 #SaiGon
xe buýt TPHCM
xe bus Sài Gòn.
phương tiện công cộng TPHCM.
đi xe buýt Sài Gòn.
hướng dẫn đi xe buýt TPHCM.
xe buýt miễn phí TPHCM.
xe buýt có wifi.
xe buýt có máy lạnh.
trải nghiệm xe buýt điện.
review xe buýt TPHCM.xe buýt 146
tuyến xe buýt 146.
xe bus 146.
bus 146 TPHCM.
tuyến 146 TPHCM.
xe buýt tuyến 146 TPHCM.
lộ trình xe buýt 146.
xe buýt điện 146.
bus điện 146.
xe buýt điện TPHCM.","Xe buýt 146 HCM:BX Miền Đông cũ -Chợ Bà Chiểu-BV Gia Định,Ung Bướu-Gò Vấp-BX Hiệp Thành, #viralvideo",2026-09-07T09:01:22Z,2026-09-07T09:01:22Z,Cám ơn bạn,reply,Ugz5TdIAFHHEXR9qC314AaABAg,Ugz5TdIAFHHEXR9qC314AaABAg,1,2026-09-09T17:28:30Z,2026-09-09T17:28:30Z,0,UCMegx_S_DUntIk251HGmDMg,,1,0,youtube_20260926_1347,baseline_20260926_134704,2026-09-26T20:52:03.951571+07:00
youtube_c_UgzhCD-OkC3_4_OPZm54AaABAg,youtube,https://www.youtube.com/watch?v=7tR_QeKFhgQ,7tR_QeKFhgQ,"Xe buýt 146 HCM:BX Miền Đông cũ -Chợ Bà Chiểu-BV Gia Định,Ung Bướu-Gò Vấp-BX Hiệp Thành, #viralvideo
XE BUÝT 146 | Tuyến xe buýt điện có Wifi, máy lạnh và miễn phí tại TP.HCM. #video.
XE BUÝT 146 TP.HCM 🚌 | Đi Hàng Xanh, Chợ Bà Chiểu, BV Ung Bướu & Gia Định

Lộ trình : 
    Lượt đi : Bến xe Miền Đông cũ - Đường Đinh Bộ Lĩnh - Đường Bạch Đằng - Đường Lê Quang Định - Đường Nguyễn Huy Lượng - Đường Nơ Trang Long - Đường Phan Đăng Lưu - Đường Hoàng Hoa Thám - Đường Nguyễn Văn Đậu - Đường Lê Quang Định - Đường Nguyễn Văn Nghi - Đường Nguyễn Thái Sơn - Đường Phan Văn Trị - Hẻm 468 - Đường Dương Quảng Hàm - Đường Lê Đức Thọ - Đường Nguyễn Văn Lượng - Đường Thống Nhất - Đường Tô Ngọc Vân – Đường Đỗ Mười - Đường Lê Thị Riêng - Đường Nguyễn Thị Kiêu - Đường Nguyễn Ảnh Thủ - Đường HT17 - Bến xe buýt Hiệp Thành

    Lượt về : Bến xe buýt Hiệp Thành - Đường HT17 - Đường Nguyễn Ảnh Thủ - Đường Nguyễn Thị Kiêu - Đường Lê Thị Riêng - Đường Đỗ Mười - Đường Tô Ngọc Vân - Đường Thống Nhất - Đường Nguyễn Văn Lượng - Đường Lê Đức Thọ - Đường Dương Quảng Hàm - Đường Nguyễn Thái Sơn - Đường Nguyễn Văn Nghi - Đường Lê Quang Định - Đường Nguyễn Văn Đậu - Đường Hoàng Hoa Thám - Đường Phan Đăng Lưu - Đường Nơ Trang Long - Đường Nguyễn Huy Lượng - Đường Lê Quang Định - Đường Bạch Đằng - Đường Xô Viết Nghệ Tĩnh - Quốc lộ 13 - Đường Đinh Bộ Lĩnh - Bến xe Miền Đông cũ.
🚌 XE BUÝT 146 TP.HCM – MỘT TUYẾN XE RẤT TIỆN CHO BẠN!

Nếu bạn đang cần đi Hàng Xanh, Chợ Bà Chiểu, Bệnh viện Ung Bướu hoặc Bệnh viện Gia Định thì tuyến xe buýt 146 có thể là một lựa chọn rất thuận tiện.

Trong video này, mình sẽ cùng bạn trải nghiệm tuyến xe buýt 146 và chia sẻ những thông tin thực tế về tuyến xe.

📍 Tuyến xe phù hợp nếu bạn cần:
• Đi Ngã tư Hàng Xanh
• Đi Chợ Bà Chiểu
• Đi Bệnh viện Ung Bướu
• Đi Bệnh viện Gia Định
• Di chuyển từ khu vực Bến xe Miền Đông cũ

🚍 Đặc biệt, đây là xe buýt điện với:
❄️ Máy lạnh
📶 Wifi
♻️ Di chuyển thân thiện với môi trường
💰 MIỄN PHÍ

Nếu bạn đang tìm hiểu cách đi xe buýt ở TP.HCM, hy vọng video này sẽ giúp bạn có thêm một lựa chọn thuận tiện cho hành trình của mình.
#XeBuyt146, #XeBuytTPHCM, #XeBuytDien, #Bus146 ,#XeBuytSaiGon, #HangXanh #ChoBaChieu #BenhVienUngBuou #BenhVienGiaDinh #DiXeBuyt

Nếu thấy video hữu ích, đừng quên LIKE 👍, ĐĂNG KÝ KÊNH ❤️ và chia sẻ cho những người đang cần đi xe buýt nhé!

#XeBuyt146 #XeBuytTPHCM #XeBuytDien #Bus146 #SaiGon
xe buýt TPHCM
xe bus Sài Gòn.
phương tiện công cộng TPHCM.
đi xe buýt Sài Gòn.
hướng dẫn đi xe buýt TPHCM.
xe buýt miễn phí TPHCM.
xe buýt có wifi.
xe buýt có máy lạnh.
trải nghiệm xe buýt điện.
review xe buýt TPHCM.xe buýt 146
tuyến xe buýt 146.
xe bus 146.
bus 146 TPHCM.
tuyến 146 TPHCM.
xe buýt tuyến 146 TPHCM.
lộ trình xe buýt 146.
xe buýt điện 146.
bus điện 146.
xe buýt điện TPHCM.","Xe buýt 146 HCM:BX Miền Đông cũ -Chợ Bà Chiểu-BV Gia Định,Ung Bướu-Gò Vấp-BX Hiệp Thành, #viralvideo",2026-09-07T09:01:22Z,2026-09-07T09:01:22Z,bạn chia sẻ đường phố sài gòn xem thích quá đi,top_level,,UgzhCD-OkC3_4_OPZm54AaABAg,0,2026-09-18T03:35:41Z,2026-09-18T03:35:41Z,1,UCLGu4hdsEyoPPh-01qtT4jA,transport_impact,1,0,youtube_20260926_1347,baseline_20260926_134704,2026-09-26T20:51:57.362521+07:00
youtube_c_UgzhCD-OkC3_4_OPZm54AaABAg.AasznhuAvQXAaw3Grbbr1p,youtube,https://www.youtube.com/watch?v=7tR_QeKFhgQ,7tR_QeKFhgQ,"Xe buýt 146 HCM:BX Miền Đông cũ -Chợ Bà Chiểu-BV Gia Định,Ung Bướu-Gò Vấp-BX Hiệp Thành, #viralvideo
XE BUÝT 146 | Tuyến xe buýt điện có Wifi, máy lạnh và miễn phí tại TP.HCM. #video.
XE BUÝT 146 TP.HCM 🚌 | Đi Hàng Xanh, Chợ Bà Chiểu, BV Ung Bướu & Gia Định

Lộ trình : 
    Lượt đi : Bến xe Miền Đông cũ - Đường Đinh Bộ Lĩnh - Đường Bạch Đằng - Đường Lê Quang Định - Đường Nguyễn Huy Lượng - Đường Nơ Trang Long - Đường Phan Đăng Lưu - Đường Hoàng Hoa Thám - Đường Nguyễn Văn Đậu - Đường Lê Quang Định - Đường Nguyễn Văn Nghi - Đường Nguyễn Thái Sơn - Đường Phan Văn Trị - Hẻm 468 - Đường Dương Quảng Hàm - Đường Lê Đức Thọ - Đường Nguyễn Văn Lượng - Đường Thống Nhất - Đường Tô Ngọc Vân – Đường Đỗ Mười - Đường Lê Thị Riêng - Đường Nguyễn Thị Kiêu - Đường Nguyễn Ảnh Thủ - Đường HT17 - Bến xe buýt Hiệp Thành

    Lượt về : Bến xe buýt Hiệp Thành - Đường HT17 - Đường Nguyễn Ảnh Thủ - Đường Nguyễn Thị Kiêu - Đường Lê Thị Riêng - Đường Đỗ Mười - Đường Tô Ngọc Vân - Đường Thống Nhất - Đường Nguyễn Văn Lượng - Đường Lê Đức Thọ - Đường Dương Quảng Hàm - Đường Nguyễn Thái Sơn - Đường Nguyễn Văn Nghi - Đường Lê Quang Định - Đường Nguyễn Văn Đậu - Đường Hoàng Hoa Thám - Đường Phan Đăng Lưu - Đường Nơ Trang Long - Đường Nguyễn Huy Lượng - Đường Lê Quang Định - Đường Bạch Đằng - Đường Xô Viết Nghệ Tĩnh - Quốc lộ 13 - Đường Đinh Bộ Lĩnh - Bến xe Miền Đông cũ.
🚌 XE BUÝT 146 TP.HCM – MỘT TUYẾN XE RẤT TIỆN CHO BẠN!

Nếu bạn đang cần đi Hàng Xanh, Chợ Bà Chiểu, Bệnh viện Ung Bướu hoặc Bệnh viện Gia Định thì tuyến xe buýt 146 có thể là một lựa chọn rất thuận tiện.

Trong video này, mình sẽ cùng bạn trải nghiệm tuyến xe buýt 146 và chia sẻ những thông tin thực tế về tuyến xe.

📍 Tuyến xe phù hợp nếu bạn cần:
• Đi Ngã tư Hàng Xanh
• Đi Chợ Bà Chiểu
• Đi Bệnh viện Ung Bướu
• Đi Bệnh viện Gia Định
• Di chuyển từ khu vực Bến xe Miền Đông cũ

🚍 Đặc biệt, đây là xe buýt điện với:
❄️ Máy lạnh
📶 Wifi
♻️ Di chuyển thân thiện với môi trường
💰 MIỄN PHÍ

Nếu bạn đang tìm hiểu cách đi xe buýt ở TP.HCM, hy vọng video này sẽ giúp bạn có thêm một lựa chọn thuận tiện cho hành trình của mình.
#XeBuyt146, #XeBuytTPHCM, #XeBuytDien, #Bus146 ,#XeBuytSaiGon, #HangXanh #ChoBaChieu #BenhVienUngBuou #BenhVienGiaDinh #DiXeBuyt

Nếu thấy video hữu ích, đừng quên LIKE 👍, ĐĂNG KÝ KÊNH ❤️ và chia sẻ cho những người đang cần đi xe buýt nhé!

#XeBuyt146 #XeBuytTPHCM #XeBuytDien #Bus146 #SaiGon
xe buýt TPHCM
xe bus Sài Gòn.
phương tiện công cộng TPHCM.
đi xe buýt Sài Gòn.
hướng dẫn đi xe buýt TPHCM.
xe buýt miễn phí TPHCM.
xe buýt có wifi.
xe buýt có máy lạnh.
trải nghiệm xe buýt điện.
review xe buýt TPHCM.xe buýt 146
tuyến xe buýt 146.
xe bus 146.
bus 146 TPHCM.
tuyến 146 TPHCM.
xe buýt tuyến 146 TPHCM.
lộ trình xe buýt 146.
xe buýt điện 146.
bus điện 146.
xe buýt điện TPHCM.","Xe buýt 146 HCM:BX Miền Đông cũ -Chợ Bà Chiểu-BV Gia Định,Ung Bướu-Gò Vấp-BX Hiệp Thành, #viralvideo",2026-09-07T09:01:22Z,2026-09-07T09:01:22Z,Cám ơn bạn đã động viên,reply,UgzhCD-OkC3_4_OPZm54AaABAg,UgzhCD-OkC3_4_OPZm54AaABAg,1,2026-09-19T08:12:28Z,2026-09-19T08:12:28Z,0,UCMegx_S_DUntIk251HGmDMg,,1,0,youtube_20260926_1347,baseline_20260926_134704,2026-09-26T20:52:00.696869+07:00
youtube_c_UgxyBGT8KZDZWJVF3754AaABAg,youtube,https://www.youtube.com/watch?v=7zARzdN1T5A,7zARzdN1T5A,"Mulugu Road Horror | RTC Electric Bus Stuck In Potholes | Sand Lorries Traffic Jam | MeeTVtelugu
Mulugu Road Horror | RTC Electric Bus Stuck In Potholes | Sand Lorries Traffic Jam | MeeTVtelugu 
#mulugu #mangapet #eturnagaram #kamalapuram #rtcbus #roadcondition #trafficjam #sandmining #breakingnews #viralvideo #trending #latestupdates #telugunews #meetvtelugu #viralnews #trendingnews #telugulive #shortsviral #telangananews #warangalnews 

Mee TV NEWS: Your trusted source for breaking Telugu news. Stay informed with the latest updates on current events, politics, entertainment, and more, all in Telugu. Subscribe now for your daily dose of news!
Enjoy and stay connected with us !! 
►Subscribe us on Youtube: https://goo.gl/WrmtwK

►Like Us On Facebook: https://www.facebook.com/share/1CFDNdiFWn/?mibextid=wwXIfr     
►Follow Us On Instagram:  https://www.instagram.com/meetvnews8?igsh=MTAycDZhMTAzbHIzaw==
►Follow Us On Twitter: https://x.com/mee18apple?s=11
#telugunews  #telanganapolitics  #newsanalysistelugu  #hyderabadnews #meetvnewsn #meetv #meetvnews  #viralvideo",Mulugu Road Horror | RTC Electric Bus Stuck In Potholes | Sand Lorries Traffic Jam | MeeTVtelugu,2026-09-26T14:03:36Z,2026-09-26T14:03:36Z,Reels rani ekada,top_level,,UgxyBGT8KZDZWJVF3754AaABAg,0,2026-09-26T14:45:39Z,2026-09-26T14:45:39Z,0,UCbXeXsvPgP11nVeeE0vW_uw,,0,0,youtube_20260926_1502,baseline_20260926_134704,2026-09-26T22:03:11.600363+07:00
youtube_c_Ugy_uW79UJrX_vB63NV4AaABAg,youtube,https://www.youtube.com/watch?v=97RoVIf7nHM,97RoVIf7nHM,"Trải Nghiệm xe buýt điện T2 : Quy Nhơn -Phước Mỹ
Thông Tin xe buýt 

Đây là xe buýt T2 ( Quy Nhơn - Phước Mỹ ) 

Cự ly: 25km

Thời gian hoàn thành tuyến: 50p

Lộ trình tuyến:

1- Quy Nhơn -2- Chợ Lớn Quy Nhơn 3- Tăng Bạt Hổ -4 Lê Hồng Phong -5 Hội Trường Quang Trung -6 Nguyễn Thái Học -7  Ngô
Mây -8 Đại Học Quy Nhơn -9 Bến Xe Quy Nhơn -10 Ngã 3 Phú Tài -11 Phú Tài -12 Ngã 4 Long Mỳ -13 Phước mỳ 

Dữ liệu xe buýt bởi :  Quynhonbus


Ảnh xe :  https://www.vnbusarchive.io.vn/photo/14885 

Ảnh xe buýt trên đã được đăng tải và có bản quyền của hệ thống đăng ảnh xe buýt Việt Nam  : VNBUSARCHIVE ( VNBA )",Trải Nghiệm xe buýt điện T2 : Quy Nhơn -Phước Mỹ,2026-08-20T15:19:17Z,2026-08-20T15:19:17Z,Bạn là người SG hay ở đâu?,top_level,,Ugy_uW79UJrX_vB63NV4AaABAg,0,2026-09-03T05:15:57Z,2026-09-03T05:15:57Z,0,UCluC9s_bSZBQiP57ob1mxJg,,0,0,youtube_20260926_1347,baseline_20260926_134704,2026-09-26T20:52:57.176555+07:00
youtube_c_Ugy_uW79UJrX_vB63NV4AaABAg.AaHYM1O0YF_AaIjKpw4enE,youtube,https://www.youtube.com/watch?v=97RoVIf7nHM,97RoVIf7nHM,"Trải Nghiệm xe buýt điện T2 : Quy Nhơn -Phước Mỹ
Thông Tin xe buýt 

Đây là xe buýt T2 ( Quy Nhơn - Phước Mỹ ) 

Cự ly: 25km

Thời gian hoàn thành tuyến: 50p

Lộ trình tuyến:

1- Quy Nhơn -2- Chợ Lớn Quy Nhơn 3- Tăng Bạt Hổ -4 Lê Hồng Phong -5 Hội Trường Quang Trung -6 Nguyễn Thái Học -7  Ngô
Mây -8 Đại Học Quy Nhơn -9 Bến Xe Quy Nhơn -10 Ngã 3 Phú Tài -11 Phú Tài -12 Ngã 4 Long Mỳ -13 Phước mỳ 

Dữ liệu xe buýt bởi :  Quynhonbus


Ảnh xe :  https://www.vnbusarchive.io.vn/photo/14885 

Ảnh xe buýt trên đã được đăng tải và có bản quyền của hệ thống đăng ảnh xe buýt Việt Nam  : VNBUSARCHIVE ( VNBA )",Trải Nghiệm xe buýt điện T2 : Quy Nhơn -Phước Mỹ,2026-08-20T15:19:17Z,2026-08-20T15:19:17Z,mình sống ờ Sài Gòn cậu à,reply,Ugy_uW79UJrX_vB63NV4AaABAg,Ugy_uW79UJrX_vB63NV4AaABAg,1,2026-09-03T16:19:53Z,2026-09-03T16:19:53Z,0,UCbKu-A7JAf_UrMWjREuJCqg,,0,0,youtube_20260926_1347,baseline_20260926_134704,2026-09-26T20:53:00.451792+07:00
youtube_c_UgzOcu9F6sg8a-o4kAt4AaABAg,youtube,https://www.youtube.com/watch?v=9LQ7iu8IYHQ,9LQ7iu8IYHQ,"Cột mốc lịch sử, Kim Long xuất khẩu lô xe bus điện đi Thái Lan #kimlong #automobile #xekhach","Cột mốc lịch sử, Kim Long xuất khẩu lô xe bus điện đi Thái Lan #kimlong #automobile #xekhach",2026-09-19T03:56:58Z,2026-09-19T03:56:58Z,❤❤❤❤❤❤🎉🎉🎉🎉🎉🎉🎉🎉,top_level,,UgzOcu9F6sg8a-o4kAt4AaABAg,0,2026-09-19T05:33:25Z,2026-09-19T05:33:25Z,0,UCnXS9Ml2R3TNVUalFJYCLyQ,,0,0,youtube_20260926_1347,baseline_20260926_134704,2026-09-26T20:49:35.242495+07:00
youtube_c_UgwnediTdM6gI-rDakN4AaABAg,youtube,https://www.youtube.com/watch?v=AAKaq77etCs,AAKaq77etCs,"The Future of Travel is Electric ⚡ | EDGO Electric Bus #automobile #madeinindia #electricvehicle
📌 CAPTION

A smarter way to move. A greener way to travel. 🌿⚡

Introducing the EDGO Electric Bus — designed for comfortable, efficient and eco-friendly passenger mobility.

From resorts and hotels to campuses, tourism destinations and institutions, EDGO brings sustainable transportation to every journey.

Ride Electric. Ride Smart. Go EDGO.

📝 DESCRIPTION

Discover the next generation of passenger mobility with the EDGO Electric Bus.

⚡ Electric & Efficient
🌿 Eco-Friendly Mobility
🚌 Comfortable Passenger Transport
🔇 Smooth & Low-Noise Operation
🏨 Ideal for Resorts & Hotels
🏫 Perfect for Campuses & Institutions
🌱 Built for a Greener Future

EDGO Carts — Driving Sustainable Mobility.

📞 +91-7657825344 | +91-7717669549 | +91-7983336432
🌐 www.edgocarts.com

#️⃣ HASHTAGS

#EDGOCarts #ElectricBus #ElectricVehicle #ElectricMobility #EVBus #GreenMobility #SustainableMobility #ElectricTransportation #EVIndia #ElectricVehiclesIndia #EcoFriendly #SmartMobility #CleanMobility #FutureOfMobility #GreenTransportation #ResortMobility #HotelMobility #CampusMobility #TourismMobility #GoGreenGoEdgo #DrivingSustainableMobility #MadeInIndia #ElectricTransport",The Future of Travel is Electric ⚡ | EDGO Electric Bus #automobile #madeinindia #electricvehicle,2026-09-26T05:19:43Z,2026-09-26T05:19:43Z,Too good 🎉💥,top_level,,UgwnediTdM6gI-rDakN4AaABAg,0,2026-09-26T05:26:23Z,2026-09-26T05:26:23Z,0,UC78Z7cbnJjl6bi5stQTM3xw,,0,0,youtube_20260926_1347,baseline_20260926_134704,2026-09-26T20:55:51.385273+07:00
youtube_c_Ugysjq6f4vKejif6ov94AaABAg,youtube,https://www.youtube.com/watch?v=AAKaq77etCs,AAKaq77etCs,"The Future of Travel is Electric ⚡ | EDGO Electric Bus #automobile #madeinindia #electricvehicle
📌 CAPTION

A smarter way to move. A greener way to travel. 🌿⚡

Introducing the EDGO Electric Bus — designed for comfortable, efficient and eco-friendly passenger mobility.

From resorts and hotels to campuses, tourism destinations and institutions, EDGO brings sustainable transportation to every journey.

Ride Electric. Ride Smart. Go EDGO.

📝 DESCRIPTION

Discover the next generation of passenger mobility with the EDGO Electric Bus.

⚡ Electric & Efficient
🌿 Eco-Friendly Mobility
🚌 Comfortable Passenger Transport
🔇 Smooth & Low-Noise Operation
🏨 Ideal for Resorts & Hotels
🏫 Perfect for Campuses & Institutions
🌱 Built for a Greener Future

EDGO Carts — Driving Sustainable Mobility.

📞 +91-7657825344 | +91-7717669549 | +91-7983336432
🌐 www.edgocarts.com

#️⃣ HASHTAGS

#EDGOCarts #ElectricBus #ElectricVehicle #ElectricMobility #EVBus #GreenMobility #SustainableMobility #ElectricTransportation #EVIndia #ElectricVehiclesIndia #EcoFriendly #SmartMobility #CleanMobility #FutureOfMobility #GreenTransportation #ResortMobility #HotelMobility #CampusMobility #TourismMobility #GoGreenGoEdgo #DrivingSustainableMobility #MadeInIndia #ElectricTransport",The Future of Travel is Electric ⚡ | EDGO Electric Bus #automobile #madeinindia #electricvehicle,2026-09-26T05:19:43Z,2026-09-26T05:19:43Z,What an awesome Bus.........,top_level,,Ugysjq6f4vKejif6ov94AaABAg,0,2026-09-26T05:24:49Z,2026-09-26T05:24:49Z,0,UCGGqsylUpHfWTU-mSe-FEEw,transport_impact,0,0,youtube_20260926_1347,baseline_20260926_134704,2026-09-26T20:55:51.386271+07:00
youtube_c_UgwqcYJpT4sXVlT6s_J4AaABAg,youtube,https://www.youtube.com/watch?v=BkhZIjmGb_8,BkhZIjmGb_8,"PM E-Bus Service Madhya Pradesh: MP के सात शहरों में शुरू हुई इंटरसिटी बस सेवा | Mohan Yadav
PM E-Bus Service Madhya Pradesh: MP के सात शहरों में शुरू हुई इंटरसिटी बस सेवा | Mohan Yadav

मध्य प्रदेश के लिए 25 सितंबर का दिन ऐतिहासिक रहा। अब प्रदेश में सफर आसान, सुरक्षित और सुविधाओं से भरपूर होगा। दरअसल, भोपाल के भेल दशहरा मैदान में आयोजित कार्यक्रम में केंद्रीय सड़क परिवहन एवं राजमार्ग मंत्री नितिन गडकरी और मुख्यमंत्री डॉ. मोहन यादव ने मुख्यमंत्री सुगम परिवहन सेवा और पीएम ई-बस सेवा की शुरुआत की। मोबिलिटी विजन-2030 (Mobility Vision-2030) के तहत केंद्रीय मंत्री गडकरी और सीएम डॉ. मोहन यादव ने 7 शहरों की 351 इंटरसिटी और इंट्रासिटी बसों को हरी झंडी दिखाकर रवाना किया।

#mpbusservice #nitingadkari #mohanyadav #indiatv 

----------------------------------------------------------------------------------------------------------------------------------------
For more videos, visit https://www.indiatvnews.com/video or https://www.indiatv.in/video

VETO - Subscription free OTT Platform, Download Now: https://onelink.to/s3rweu
Subscribe to IndiaTV and don't forget to press ""THE BELL ICON"" to never miss any updates-
http://bit.ly/2O2aC1J

Download Mobile App:
Link for Android device: https://bit.ly/2V2wnA3
Link for Apple device: https://apple.co/2EB9lKr 

Follow Us On: 
Facebook: https://www.facebook.com/indiatvnews/
                    https://www.facebook.com/IndiaTV.in/      
Twitter: https://twitter.com/indiatvnews
               https://twitter.com/IndiaTVHindi

About Us: IndiaTV is the country's most trusted Hindi News Channel. IndiaTV covers the latest news in Politics, Nation, World, Entertainment, Bollywood, Business, and Sports categories and delivers reliable information across all platforms - TV, Internet, and Mobile. Stay tuned for IndiaTV's flagship programs like Aap Ki Adalat, Aaj Ki Baat with Rajat Sharma, Corona Se Jung Swami Ramdev Ke Sang, Bhavishyavani, Haqiqat Kya Hai, OMG, Special Report, and many more.

IndiaTV भारत का No.1 विश्वसनीय Hindi News Channel है। IndiaTV News Channel राजनीति, मनोरंजन, बॉलीवुड, व्यापार और खेल से जुड़े Latest News अपने दर्शकों तक पहुंचाता है। IndiaTV की Live खबरें एवं Hindi Breaking News के लिए बने रहें। 

Also Watch:
Aaj Ki Baat: https://www.youtube.com/playlist?list=PLrPV4CIjXWRq9VzZJ7FiAy4nrR9LPV8Qp
Aap Ki Adalat: https://www.youtube.com/playlist?list=PL24E9622EAB8ADE7E
Haqiqat Kya Hai: https://www.youtube.com/playlist?list=PLrPV4CIjXWRocWbHMXhZvXISEFTOanOab
Yoga by Swami Ramdev: https://www.youtube.com/playlist?list=PLrPV4CIjXWRoZVeiAhcmasZ6Pv3YTE5O3

Get All Latest Updates Here:
IndiaTV Live TV Streaming: https://www.indiatvnews.com/livetv 
IndiaTV News in English:  https://www.indiatvnews.com 
IndiaTV News in Hindi: https://www.indiatv.in",PM E-Bus Service Madhya Pradesh: MP के सात शहरों में शुरू हुई इंटरसिटी बस सेवा | Mohan Yadav,2026-09-25T15:06:28Z,2026-09-25T15:06:28Z,Thanks good step for better communication.deprived.long.time,top_level,,UgwqcYJpT4sXVlT6s_J4AaABAg,0,2026-09-25T15:20:36Z,2026-09-25T15:20:36Z,0,UC2o4fzFjvDVI5HQZiuY9wvQ,,0,0,youtube_20260926_1347,baseline_20260926_134704,2026-09-26T20:58:47.781528+07:00
youtube_c_Ugws-FDBu-x5rcrxBC54AaABAg,youtube,https://www.youtube.com/watch?v=BkhZIjmGb_8,BkhZIjmGb_8,"PM E-Bus Service Madhya Pradesh: MP के सात शहरों में शुरू हुई इंटरसिटी बस सेवा | Mohan Yadav
PM E-Bus Service Madhya Pradesh: MP के सात शहरों में शुरू हुई इंटरसिटी बस सेवा | Mohan Yadav

मध्य प्रदेश के लिए 25 सितंबर का दिन ऐतिहासिक रहा। अब प्रदेश में सफर आसान, सुरक्षित और सुविधाओं से भरपूर होगा। दरअसल, भोपाल के भेल दशहरा मैदान में आयोजित कार्यक्रम में केंद्रीय सड़क परिवहन एवं राजमार्ग मंत्री नितिन गडकरी और मुख्यमंत्री डॉ. मोहन यादव ने मुख्यमंत्री सुगम परिवहन सेवा और पीएम ई-बस सेवा की शुरुआत की। मोबिलिटी विजन-2030 (Mobility Vision-2030) के तहत केंद्रीय मंत्री गडकरी और सीएम डॉ. मोहन यादव ने 7 शहरों की 351 इंटरसिटी और इंट्रासिटी बसों को हरी झंडी दिखाकर रवाना किया।

#mpbusservice #nitingadkari #mohanyadav #indiatv 

----------------------------------------------------------------------------------------------------------------------------------------
For more videos, visit https://www.indiatvnews.com/video or https://www.indiatv.in/video

VETO - Subscription free OTT Platform, Download Now: https://onelink.to/s3rweu
Subscribe to IndiaTV and don't forget to press ""THE BELL ICON"" to never miss any updates-
http://bit.ly/2O2aC1J

Download Mobile App:
Link for Android device: https://bit.ly/2V2wnA3
Link for Apple device: https://apple.co/2EB9lKr 

Follow Us On: 
Facebook: https://www.facebook.com/indiatvnews/
                    https://www.facebook.com/IndiaTV.in/      
Twitter: https://twitter.com/indiatvnews
               https://twitter.com/IndiaTVHindi

About Us: IndiaTV is the country's most trusted Hindi News Channel. IndiaTV covers the latest news in Politics, Nation, World, Entertainment, Bollywood, Business, and Sports categories and delivers reliable information across all platforms - TV, Internet, and Mobile. Stay tuned for IndiaTV's flagship programs like Aap Ki Adalat, Aaj Ki Baat with Rajat Sharma, Corona Se Jung Swami Ramdev Ke Sang, Bhavishyavani, Haqiqat Kya Hai, OMG, Special Report, and many more.

IndiaTV भारत का No.1 विश्वसनीय Hindi News Channel है। IndiaTV News Channel राजनीति, मनोरंजन, बॉलीवुड, व्यापार और खेल से जुड़े Latest News अपने दर्शकों तक पहुंचाता है। IndiaTV की Live खबरें एवं Hindi Breaking News के लिए बने रहें। 

Also Watch:
Aaj Ki Baat: https://www.youtube.com/playlist?list=PLrPV4CIjXWRq9VzZJ7FiAy4nrR9LPV8Qp
Aap Ki Adalat: https://www.youtube.com/playlist?list=PL24E9622EAB8ADE7E
Haqiqat Kya Hai: https://www.youtube.com/playlist?list=PLrPV4CIjXWRocWbHMXhZvXISEFTOanOab
Yoga by Swami Ramdev: https://www.youtube.com/playlist?list=PLrPV4CIjXWRoZVeiAhcmasZ6Pv3YTE5O3

Get All Latest Updates Here:
IndiaTV Live TV Streaming: https://www.indiatvnews.com/livetv 
IndiaTV News in English:  https://www.indiatvnews.com 
IndiaTV News in Hindi: https://www.indiatv.in",PM E-Bus Service Madhya Pradesh: MP के सात शहरों में शुरू हुई इंटरसिटी बस सेवा | Mohan Yadav,2026-09-25T15:06:28Z,2026-09-25T15:06:28Z,नई बसे चलानी थी सूत्र सेवा की पुरानी बसो को पेन्ट करके चला दी,top_level,,Ugws-FDBu-x5rcrxBC54AaABAg,0,2026-09-25T15:23:55Z,2026-09-25T15:23:55Z,1,UCS_emt4vuDTFS_YQbk-bXww,,0,0,youtube_20260926_1347,baseline_20260926_134704,2026-09-26T20:58:44.512415+07:00
youtube_c_Ugws-FDBu-x5rcrxBC54AaABAg.AbBHQ6LPRWCAbBJpYX9FJb,youtube,https://www.youtube.com/watch?v=BkhZIjmGb_8,BkhZIjmGb_8,"PM E-Bus Service Madhya Pradesh: MP के सात शहरों में शुरू हुई इंटरसिटी बस सेवा | Mohan Yadav
PM E-Bus Service Madhya Pradesh: MP के सात शहरों में शुरू हुई इंटरसिटी बस सेवा | Mohan Yadav

मध्य प्रदेश के लिए 25 सितंबर का दिन ऐतिहासिक रहा। अब प्रदेश में सफर आसान, सुरक्षित और सुविधाओं से भरपूर होगा। दरअसल, भोपाल के भेल दशहरा मैदान में आयोजित कार्यक्रम में केंद्रीय सड़क परिवहन एवं राजमार्ग मंत्री नितिन गडकरी और मुख्यमंत्री डॉ. मोहन यादव ने मुख्यमंत्री सुगम परिवहन सेवा और पीएम ई-बस सेवा की शुरुआत की। मोबिलिटी विजन-2030 (Mobility Vision-2030) के तहत केंद्रीय मंत्री गडकरी और सीएम डॉ. मोहन यादव ने 7 शहरों की 351 इंटरसिटी और इंट्रासिटी बसों को हरी झंडी दिखाकर रवाना किया।

#mpbusservice #nitingadkari #mohanyadav #indiatv 

----------------------------------------------------------------------------------------------------------------------------------------
For more videos, visit https://www.indiatvnews.com/video or https://www.indiatv.in/video

VETO - Subscription free OTT Platform, Download Now: https://onelink.to/s3rweu
Subscribe to IndiaTV and don't forget to press ""THE BELL ICON"" to never miss any updates-
http://bit.ly/2O2aC1J

Download Mobile App:
Link for Android device: https://bit.ly/2V2wnA3
Link for Apple device: https://apple.co/2EB9lKr 

Follow Us On: 
Facebook: https://www.facebook.com/indiatvnews/
                    https://www.facebook.com/IndiaTV.in/      
Twitter: https://twitter.com/indiatvnews
               https://twitter.com/IndiaTVHindi

About Us: IndiaTV is the country's most trusted Hindi News Channel. IndiaTV covers the latest news in Politics, Nation, World, Entertainment, Bollywood, Business, and Sports categories and delivers reliable information across all platforms - TV, Internet, and Mobile. Stay tuned for IndiaTV's flagship programs like Aap Ki Adalat, Aaj Ki Baat with Rajat Sharma, Corona Se Jung Swami Ramdev Ke Sang, Bhavishyavani, Haqiqat Kya Hai, OMG, Special Report, and many more.

IndiaTV भारत का No.1 विश्वसनीय Hindi News Channel है। IndiaTV News Channel राजनीति, मनोरंजन, बॉलीवुड, व्यापार और खेल से जुड़े Latest News अपने दर्शकों तक पहुंचाता है। IndiaTV की Live खबरें एवं Hindi Breaking News के लिए बने रहें। 

Also Watch:
Aaj Ki Baat: https://www.youtube.com/playlist?list=PLrPV4CIjXWRq9VzZJ7FiAy4nrR9LPV8Qp
Aap Ki Adalat: https://www.youtube.com/playlist?list=PL24E9622EAB8ADE7E
Haqiqat Kya Hai: https://www.youtube.com/playlist?list=PLrPV4CIjXWRocWbHMXhZvXISEFTOanOab
Yoga by Swami Ramdev: https://www.youtube.com/playlist?list=PLrPV4CIjXWRoZVeiAhcmasZ6Pv3YTE5O3

Get All Latest Updates Here:
IndiaTV Live TV Streaming: https://www.indiatvnews.com/livetv 
IndiaTV News in English:  https://www.indiatvnews.com 
IndiaTV News in Hindi: https://www.indiatv.in",PM E-Bus Service Madhya Pradesh: MP के सात शहरों में शुरू हुई इंटरसिटी बस सेवा | Mohan Yadav,2026-09-25T15:06:28Z,2026-09-25T15:06:28Z,isme bhi dikkat hai,reply,Ugws-FDBu-x5rcrxBC54AaABAg,Ugws-FDBu-x5rcrxBC54AaABAg,1,2026-09-25T15:45:00Z,2026-09-25T15:45:00Z,0,UCghwN-qU0L64pc-zsopWY8w,,0,0,youtube_20260926_1347,baseline_20260926_134704,2026-09-26T20:58:47.777156+07:00
youtube_c_Ugy82b-Thq_vNrH4bpV4AaABAg,youtube,https://www.youtube.com/watch?v=BkhZIjmGb_8,BkhZIjmGb_8,"PM E-Bus Service Madhya Pradesh: MP के सात शहरों में शुरू हुई इंटरसिटी बस सेवा | Mohan Yadav
PM E-Bus Service Madhya Pradesh: MP के सात शहरों में शुरू हुई इंटरसिटी बस सेवा | Mohan Yadav

मध्य प्रदेश के लिए 25 सितंबर का दिन ऐतिहासिक रहा। अब प्रदेश में सफर आसान, सुरक्षित और सुविधाओं से भरपूर होगा। दरअसल, भोपाल के भेल दशहरा मैदान में आयोजित कार्यक्रम में केंद्रीय सड़क परिवहन एवं राजमार्ग मंत्री नितिन गडकरी और मुख्यमंत्री डॉ. मोहन यादव ने मुख्यमंत्री सुगम परिवहन सेवा और पीएम ई-बस सेवा की शुरुआत की। मोबिलिटी विजन-2030 (Mobility Vision-2030) के तहत केंद्रीय मंत्री गडकरी और सीएम डॉ. मोहन यादव ने 7 शहरों की 351 इंटरसिटी और इंट्रासिटी बसों को हरी झंडी दिखाकर रवाना किया।

#mpbusservice #nitingadkari #mohanyadav #indiatv 

----------------------------------------------------------------------------------------------------------------------------------------
For more videos, visit https://www.indiatvnews.com/video or https://www.indiatv.in/video

VETO - Subscription free OTT Platform, Download Now: https://onelink.to/s3rweu
Subscribe to IndiaTV and don't forget to press ""THE BELL ICON"" to never miss any updates-
http://bit.ly/2O2aC1J

Download Mobile App:
Link for Android device: https://bit.ly/2V2wnA3
Link for Apple device: https://apple.co/2EB9lKr 

Follow Us On: 
Facebook: https://www.facebook.com/indiatvnews/
                    https://www.facebook.com/IndiaTV.in/      
Twitter: https://twitter.com/indiatvnews
               https://twitter.com/IndiaTVHindi

About Us: IndiaTV is the country's most trusted Hindi News Channel. IndiaTV covers the latest news in Politics, Nation, World, Entertainment, Bollywood, Business, and Sports categories and delivers reliable information across all platforms - TV, Internet, and Mobile. Stay tuned for IndiaTV's flagship programs like Aap Ki Adalat, Aaj Ki Baat with Rajat Sharma, Corona Se Jung Swami Ramdev Ke Sang, Bhavishyavani, Haqiqat Kya Hai, OMG, Special Report, and many more.

IndiaTV भारत का No.1 विश्वसनीय Hindi News Channel है। IndiaTV News Channel राजनीति, मनोरंजन, बॉलीवुड, व्यापार और खेल से जुड़े Latest News अपने दर्शकों तक पहुंचाता है। IndiaTV की Live खबरें एवं Hindi Breaking News के लिए बने रहें। 

Also Watch:
Aaj Ki Baat: https://www.youtube.com/playlist?list=PLrPV4CIjXWRq9VzZJ7FiAy4nrR9LPV8Qp
Aap Ki Adalat: https://www.youtube.com/playlist?list=PL24E9622EAB8ADE7E
Haqiqat Kya Hai: https://www.youtube.com/playlist?list=PLrPV4CIjXWRocWbHMXhZvXISEFTOanOab
Yoga by Swami Ramdev: https://www.youtube.com/playlist?list=PLrPV4CIjXWRoZVeiAhcmasZ6Pv3YTE5O3

Get All Latest Updates Here:
IndiaTV Live TV Streaming: https://www.indiatvnews.com/livetv 
IndiaTV News in English:  https://www.indiatvnews.com 
IndiaTV News in Hindi: https://www.indiatv.in",PM E-Bus Service Madhya Pradesh: MP के सात शहरों में शुरू हुई इंटरसिटी बस सेवा | Mohan Yadav,2026-09-25T15:06:28Z,2026-09-25T15:06:28Z,"Feel  good.....  C M  sahab  is  great.... 
Ye  super  kam  kiya  .....",top_level,,Ugy82b-Thq_vNrH4bpV4AaABAg,0,2026-09-25T15:23:51Z,2026-09-25T15:23:51Z,1,UCPEQHIVxsm3HEUOUYhNUe3w,,0,0,youtube_20260926_1347,baseline_20260926_134704,2026-09-26T20:58:47.779166+07:00
youtube_c_Ugy82b-Thq_vNrH4bpV4AaABAg.AbBHPZN5kLqAbEPxhy-V5o,youtube,https://www.youtube.com/watch?v=BkhZIjmGb_8,BkhZIjmGb_8,"PM E-Bus Service Madhya Pradesh: MP के सात शहरों में शुरू हुई इंटरसिटी बस सेवा | Mohan Yadav
PM E-Bus Service Madhya Pradesh: MP के सात शहरों में शुरू हुई इंटरसिटी बस सेवा | Mohan Yadav

मध्य प्रदेश के लिए 25 सितंबर का दिन ऐतिहासिक रहा। अब प्रदेश में सफर आसान, सुरक्षित और सुविधाओं से भरपूर होगा। दरअसल, भोपाल के भेल दशहरा मैदान में आयोजित कार्यक्रम में केंद्रीय सड़क परिवहन एवं राजमार्ग मंत्री नितिन गडकरी और मुख्यमंत्री डॉ. मोहन यादव ने मुख्यमंत्री सुगम परिवहन सेवा और पीएम ई-बस सेवा की शुरुआत की। मोबिलिटी विजन-2030 (Mobility Vision-2030) के तहत केंद्रीय मंत्री गडकरी और सीएम डॉ. मोहन यादव ने 7 शहरों की 351 इंटरसिटी और इंट्रासिटी बसों को हरी झंडी दिखाकर रवाना किया।

#mpbusservice #nitingadkari #mohanyadav #indiatv 

----------------------------------------------------------------------------------------------------------------------------------------
For more videos, visit https://www.indiatvnews.com/video or https://www.indiatv.in/video

VETO - Subscription free OTT Platform, Download Now: https://onelink.to/s3rweu
Subscribe to IndiaTV and don't forget to press ""THE BELL ICON"" to never miss any updates-
http://bit.ly/2O2aC1J

Download Mobile App:
Link for Android device: https://bit.ly/2V2wnA3
Link for Apple device: https://apple.co/2EB9lKr 

Follow Us On: 
Facebook: https://www.facebook.com/indiatvnews/
                    https://www.facebook.com/IndiaTV.in/      
Twitter: https://twitter.com/indiatvnews
               https://twitter.com/IndiaTVHindi

About Us: IndiaTV is the country's most trusted Hindi News Channel. IndiaTV covers the latest news in Politics, Nation, World, Entertainment, Bollywood, Business, and Sports categories and delivers reliable information across all platforms - TV, Internet, and Mobile. Stay tuned for IndiaTV's flagship programs like Aap Ki Adalat, Aaj Ki Baat with Rajat Sharma, Corona Se Jung Swami Ramdev Ke Sang, Bhavishyavani, Haqiqat Kya Hai, OMG, Special Report, and many more.

IndiaTV भारत का No.1 विश्वसनीय Hindi News Channel है। IndiaTV News Channel राजनीति, मनोरंजन, बॉलीवुड, व्यापार और खेल से जुड़े Latest News अपने दर्शकों तक पहुंचाता है। IndiaTV की Live खबरें एवं Hindi Breaking News के लिए बने रहें। 

Also Watch:
Aaj Ki Baat: https://www.youtube.com/playlist?list=PLrPV4CIjXWRq9VzZJ7FiAy4nrR9LPV8Qp
Aap Ki Adalat: https://www.youtube.com/playlist?list=PL24E9622EAB8ADE7E
Haqiqat Kya Hai: https://www.youtube.com/playlist?list=PLrPV4CIjXWRocWbHMXhZvXISEFTOanOab
Yoga by Swami Ramdev: https://www.youtube.com/playlist?list=PLrPV4CIjXWRoZVeiAhcmasZ6Pv3YTE5O3

Get All Latest Updates Here:
IndiaTV Live TV Streaming: https://www.indiatvnews.com/livetv 
IndiaTV News in English:  https://www.indiatvnews.com 
IndiaTV News in Hindi: https://www.indiatv.in",PM E-Bus Service Madhya Pradesh: MP के सात शहरों में शुरू हुई इंटरसिटी बस सेवा | Mohan Yadav,2026-09-25T15:06:28Z,2026-09-25T15:06:28Z,Abe purani bus thi😂😂😂😂,reply,Ugy82b-Thq_vNrH4bpV4AaABAg,Ugy82b-Thq_vNrH4bpV4AaABAg,1,2026-09-26T20:36:16Z,2026-09-26T20:36:16Z,0,UCwb7mBeiM2Yd4tL2oD6yqpA,transport_impact,0,0,youtube_20260927_0855,baseline_20260926_134704,2026-09-27T15:58:00.523310+07:00
youtube_c_Ugw1RowtCfjcLptSyYR4AaABAg,youtube,https://www.youtube.com/watch?v=C_KTvMUJTy4,C_KTvMUJTy4,VIỆT NAM THỊ UY XE BUS ĐIỆN GIỮA LÒNG BANGKOK  #quansu #vietnam #vũkhí,VIỆT NAM THỊ UY XE BUS ĐIỆN GIỮA LÒNG BANGKOK  #quansu #vietnam #vũkhí,2026-09-21T13:28:17Z,2026-09-21T13:28:17Z,"Nc nào xe điện cũng chỉ dùng xe dịch vụ thôi, dân vãn đi xe xăng 9999,9%",top_level,,Ugw1RowtCfjcLptSyYR4AaABAg,0,2026-09-22T05:40:20Z,2026-09-22T05:40:20Z,0,UCkL_CMhWnXvvawWl_pEV7pA,transport_impact,0,0,youtube_20260926_1347,baseline_20260926_134704,2026-09-26T20:47:42.361351+07:00
youtube_c_UgwU-pYiNq0D5yTXnzZ4AaABAg,youtube,https://www.youtube.com/watch?v=C_KTvMUJTy4,C_KTvMUJTy4,VIỆT NAM THỊ UY XE BUS ĐIỆN GIỮA LÒNG BANGKOK  #quansu #vietnam #vũkhí,VIỆT NAM THỊ UY XE BUS ĐIỆN GIỮA LÒNG BANGKOK  #quansu #vietnam #vũkhí,2026-09-21T13:28:17Z,2026-09-21T13:28:17Z,thái lan nó kg nhục như vn là kg chơi hàng vn đội lốp trung quốc.,top_level,,UgwU-pYiNq0D5yTXnzZ4AaABAg,0,2026-09-25T07:57:52Z,2026-09-25T07:57:52Z,0,UCHjPmkSKF8JSKDbkqA0ZY-Q,,0,0,youtube_20260926_1347,baseline_20260926_134704,2026-09-26T20:47:39.112504+07:00
youtube_c_Ugwu622XhlKlJjTpc7Z4AaABAg,youtube,https://www.youtube.com/watch?v=C_KTvMUJTy4,C_KTvMUJTy4,VIỆT NAM THỊ UY XE BUS ĐIỆN GIỮA LÒNG BANGKOK  #quansu #vietnam #vũkhí,VIỆT NAM THỊ UY XE BUS ĐIỆN GIỮA LÒNG BANGKOK  #quansu #vietnam #vũkhí,2026-09-21T13:28:17Z,2026-09-21T13:28:17Z,"thị uy xe buýt đội lốp trung quốc ah, ngạo nghễ hàng trung quốc quá.",top_level,,Ugwu622XhlKlJjTpc7Z4AaABAg,0,2026-09-25T07:57:00Z,2026-09-25T07:57:00Z,0,UCHjPmkSKF8JSKDbkqA0ZY-Q,transport_impact,0,0,youtube_20260926_1347,baseline_20260926_134704,2026-09-26T20:47:39.112504+07:00
youtube_c_UgzKWxUCv--imJbzZDF4AaABAg,youtube,https://www.youtube.com/watch?v=C_KTvMUJTy4,C_KTvMUJTy4,VIỆT NAM THỊ UY XE BUS ĐIỆN GIỮA LÒNG BANGKOK  #quansu #vietnam #vũkhí,VIỆT NAM THỊ UY XE BUS ĐIỆN GIỮA LÒNG BANGKOK  #quansu #vietnam #vũkhí,2026-09-21T13:28:17Z,2026-09-21T13:28:17Z,Nổ không đúng chổ,top_level,,UgzKWxUCv--imJbzZDF4AaABAg,0,2026-09-23T04:27:38Z,2026-09-23T04:27:38Z,0,UCU7ISkWQhL75MjUeWKX6AXg,,0,0,youtube_20260926_1347,baseline_20260926_134704,2026-09-26T20:47:39.112504+07:00
youtube_c_UgzKWxUCv--imJbzZDF4AaABAg.Ab4xiXYQp7UAb5lUB-Zm9a,youtube,https://www.youtube.com/watch?v=C_KTvMUJTy4,C_KTvMUJTy4,VIỆT NAM THỊ UY XE BUS ĐIỆN GIỮA LÒNG BANGKOK  #quansu #vietnam #vũkhí,VIỆT NAM THỊ UY XE BUS ĐIỆN GIỮA LÒNG BANGKOK  #quansu #vietnam #vũkhí,2026-09-21T13:28:17Z,2026-09-21T13:28:17Z,Đúng đó,reply,UgzKWxUCv--imJbzZDF4AaABAg,UgzKWxUCv--imJbzZDF4AaABAg,1,2026-09-23T11:59:55Z,2026-09-23T11:59:55Z,0,UClybuXkffsB2MZFeC9AjVcg,,0,0,youtube_20260926_1347,baseline_20260926_134704,2026-09-26T20:47:42.361351+07:00
youtube_c_UgzHv1TwtyQZOzybBg54AaABAg,youtube,https://www.youtube.com/watch?v=CdfL3hpGSuo,CdfL3hpGSuo,"Faisalabad Electric bus #bus #electricbus #metro
Faisalabad electric bus is a great facility for both urban and rural people of Faisalabad #bus #electricbus #greenbus #publictransport #punjabgovernment #shorts #short #shortvideo 
@StreamHunger",Faisalabad Electric bus #bus #electricbus #metro,2026-09-25T15:00:04Z,2026-09-25T15:00:04Z,❤️❤️❤️❤️🇨🇦,top_level,,UgzHv1TwtyQZOzybBg54AaABAg,0,2026-09-26T09:43:00Z,2026-09-26T09:43:00Z,1,UC5I5iZKIXB_Wv9j9IMdyo5Q,,0,0,youtube_20260926_1347,baseline_20260926_134704,2026-09-26T20:57:13.745939+07:00
youtube_c_Ugy7UhVb2gTrgUwtdB94AaABAg,youtube,https://www.youtube.com/watch?v=CgilWktyxgg,CgilWktyxgg,"सजी सुर्ख जोड़े में चाँद सी दुल्हन #bhopal #madhyapradesh #ebus #bhopalnews #mpnews #shortsindia
🚌 सजी सुर्ख जोड़े… मुंह दिखाई के लिए तैयार रहिए मध्यप्रदेश! 😂

21 साल का इंतज़ार खत्म… अब 351 सरकारी बसें सड़कों पर दौड़ेंगी।
जनता बोली—इतना लंबा इंतज़ार तो रिश्तेदार भी शादी में नहीं करवाते! 😂

अब देखना ये है कि बसें चलती कितनी हैं और जनता तक पहुँचती कितनी हैं! 👀🚌

#MadhyaPradesh #MPNews #Bhopal #BhopalNews #GovernmentBus #MPGovernment #PublicTransport #BhopalDiaries #MadhyaPradeshNews #MPNewsToday #BhopalUpdates #ViralNews #TrendingReels #ReelsIndia #BreakingNews",सजी सुर्ख जोड़े में चाँद सी दुल्हन #bhopal #madhyapradesh #ebus #bhopalnews #mpnews #shortsindia,2026-09-25T14:26:39Z,2026-09-25T14:26:39Z,I love BJP,top_level,,Ugy7UhVb2gTrgUwtdB94AaABAg,0,2026-09-25T15:41:33Z,2026-09-25T15:41:33Z,0,UCCNDLWubEsspN2b12OSXN2w,,0,0,youtube_20260926_1347,baseline_20260926_134704,2026-09-26T20:58:51.052693+07:00
youtube_c_Ugwn95zWgR3UBNCWlO94AaABAg,youtube,https://www.youtube.com/watch?v=CyFUGNvytkA,CyFUGNvytkA,Học Sinh Hạ Long Hân Hoan Đón Chuyến Bus Điện Miễn Phí Đến Trường,Học Sinh Hạ Long Hân Hoan Đón Chuyến Bus Điện Miễn Phí Đến Trường,2026-09-07T10:27:02Z,2026-09-07T10:27:02Z,Nước ngoài người ta làm cả thế kỷ rồi,top_level,,Ugwn95zWgR3UBNCWlO94AaABAg,0,2026-09-07T10:53:08Z,2026-09-07T10:53:08Z,0,UCsjCAS8R0HcOW2nQI5-5GGw,,1,0,youtube_20260926_1347,baseline_20260926_134704,2026-09-26T20:51:54.078824+07:00
youtube_c_Ugwe_hu4yTN99TvfpiF4AaABAg,youtube,https://www.youtube.com/watch?v=DLStg0UVWQ8,DLStg0UVWQ8,"Electric Golden Dragon XML6125CLE ebus of Metropoline on Route 24 in Ramat HaSharon
24.09.2026, 07:31 (גרסת שורטס (Shorts version): https://youtube.com/shorts/nhiiDmPVfxk ).

גולדן דרגון XML6125CLE חשמלי של מטרופולין מבצע קו 24 (ממסוף כרמלית תל אביב למסוף קדמה רמת השרון) ברח' בית הלל (on Beit Hillel st.)/בר יוחאי רמת השרון.

555-75-704; https://x.com/yoramkraus/status/2102974297635459330",Electric Golden Dragon XML6125CLE ebus of Metropoline on Route 24 in Ramat HaSharon,2026-09-26T16:45:27Z,2026-09-26T16:45:27Z,ואגב ראית את הפוסט שפרסמתי מהסרטון של אפיקים מפתח תקווה שלך שצולם ב15 בדצמבר 2021?,top_level,,Ugwe_hu4yTN99TvfpiF4AaABAg,0,2026-09-26T17:31:36Z,2026-09-26T17:31:36Z,1,UC-85KGzWA5tBh7lpd_gmuUg,,0,0,youtube_20260927_0855,baseline_20260926_134704,2026-09-27T16:01:44.733362+07:00
youtube_c_Ugwe_hu4yTN99TvfpiF4AaABAg.AbE4pBHQhR9AbE5YOBRZKB,youtube,https://www.youtube.com/watch?v=DLStg0UVWQ8,DLStg0UVWQ8,"Electric Golden Dragon XML6125CLE ebus of Metropoline on Route 24 in Ramat HaSharon
24.09.2026, 07:31 (גרסת שורטס (Shorts version): https://youtube.com/shorts/nhiiDmPVfxk ).

גולדן דרגון XML6125CLE חשמלי של מטרופולין מבצע קו 24 (ממסוף כרמלית תל אביב למסוף קדמה רמת השרון) ברח' בית הלל (on Beit Hillel st.)/בר יוחאי רמת השרון.

555-75-704; https://x.com/yoramkraus/status/2102974297635459330",Electric Golden Dragon XML6125CLE ebus of Metropoline on Route 24 in Ramat HaSharon,2026-09-26T16:45:27Z,2026-09-26T16:45:27Z,כן. יפה🎉,reply,Ugwe_hu4yTN99TvfpiF4AaABAg,Ugwe_hu4yTN99TvfpiF4AaABAg,1,2026-09-26T17:37:55Z,2026-09-26T17:37:55Z,0,UCXL_AYfMk2H4nEs_k1dwF2w,,0,0,youtube_20260927_0855,baseline_20260926_134704,2026-09-27T16:01:48.794221+07:00
youtube_c_Ugwe_hu4yTN99TvfpiF4AaABAg.AbE4pBHQhR9AbFVmEbFdvz,youtube,https://www.youtube.com/watch?v=DLStg0UVWQ8,DLStg0UVWQ8,"Electric Golden Dragon XML6125CLE ebus of Metropoline on Route 24 in Ramat HaSharon
24.09.2026, 07:31 (גרסת שורטס (Shorts version): https://youtube.com/shorts/nhiiDmPVfxk ).

גולדן דרגון XML6125CLE חשמלי של מטרופולין מבצע קו 24 (ממסוף כרמלית תל אביב למסוף קדמה רמת השרון) ברח' בית הלל (on Beit Hillel st.)/בר יוחאי רמת השרון.

555-75-704; https://x.com/yoramkraus/status/2102974297635459330",Electric Golden Dragon XML6125CLE ebus of Metropoline on Route 24 in Ramat HaSharon,2026-09-26T16:45:27Z,2026-09-26T16:45:27Z,אני בדרך לאילת בקו 390,reply,Ugwe_hu4yTN99TvfpiF4AaABAg,Ugwe_hu4yTN99TvfpiF4AaABAg,1,2026-09-27T06:46:22Z,2026-09-27T06:46:22Z,0,UCXL_AYfMk2H4nEs_k1dwF2w,,0,0,youtube_20260927_0855,baseline_20260926_134704,2026-09-27T16:01:48.795232+07:00
youtube_c_Ugzzsl0Ui1dRtom7Z4F4AaABAg,youtube,https://www.youtube.com/watch?v=DLStg0UVWQ8,DLStg0UVWQ8,"Electric Golden Dragon XML6125CLE ebus of Metropoline on Route 24 in Ramat HaSharon
24.09.2026, 07:31 (גרסת שורטס (Shorts version): https://youtube.com/shorts/nhiiDmPVfxk ).

גולדן דרגון XML6125CLE חשמלי של מטרופולין מבצע קו 24 (ממסוף כרמלית תל אביב למסוף קדמה רמת השרון) ברח' בית הלל (on Beit Hillel st.)/בר יוחאי רמת השרון.

555-75-704; https://x.com/yoramkraus/status/2102974297635459330",Electric Golden Dragon XML6125CLE ebus of Metropoline on Route 24 in Ramat HaSharon,2026-09-26T16:45:27Z,2026-09-26T16:45:27Z,יהיו עוד סרטונים של אפיקים מפתח תקווה ולא רק?🎉,top_level,,Ugzzsl0Ui1dRtom7Z4F4AaABAg,0,2026-09-26T17:23:55Z,2026-09-26T17:23:55Z,0,UC-85KGzWA5tBh7lpd_gmuUg,,0,0,youtube_20260927_0855,baseline_20260926_134704,2026-09-27T16:01:48.796648+07:00
youtube_c_Ugzzsl0Ui1dRtom7Z4F4AaABAg.AbE3wvQpx07AbE4IRVOoYk,youtube,https://www.youtube.com/watch?v=DLStg0UVWQ8,DLStg0UVWQ8,"Electric Golden Dragon XML6125CLE ebus of Metropoline on Route 24 in Ramat HaSharon
24.09.2026, 07:31 (גרסת שורטס (Shorts version): https://youtube.com/shorts/nhiiDmPVfxk ).

גולדן דרגון XML6125CLE חשמלי של מטרופולין מבצע קו 24 (ממסוף כרמלית תל אביב למסוף קדמה רמת השרון) ברח' בית הלל (on Beit Hillel st.)/בר יוחאי רמת השרון.

555-75-704; https://x.com/yoramkraus/status/2102974297635459330",Electric Golden Dragon XML6125CLE ebus of Metropoline on Route 24 in Ramat HaSharon,2026-09-26T16:45:27Z,2026-09-26T16:45:27Z,"בשנים שונות, לא בטוח שמ 2021, אבל מניח שיש כמה מ 2023 עד השנה. אגב יש מצב שבשבוע הקרוב אסע לשם לצלם, סביר להניח שיום ג' ו/או ד' ו/או ה' ו/או ו'.",reply,Ugzzsl0Ui1dRtom7Z4F4AaABAg,Ugzzsl0Ui1dRtom7Z4F4AaABAg,1,2026-09-26T17:27:00Z,2026-09-26T17:27:00Z,0,UCXL_AYfMk2H4nEs_k1dwF2w,,0,0,youtube_20260927_0855,baseline_20260926_134704,2026-09-27T16:01:52.074530+07:00
youtube_c_Ugzzsl0Ui1dRtom7Z4F4AaABAg.AbE3wvQpx07AbE6cpIXiX1,youtube,https://www.youtube.com/watch?v=DLStg0UVWQ8,DLStg0UVWQ8,"Electric Golden Dragon XML6125CLE ebus of Metropoline on Route 24 in Ramat HaSharon
24.09.2026, 07:31 (גרסת שורטס (Shorts version): https://youtube.com/shorts/nhiiDmPVfxk ).

גולדן דרגון XML6125CLE חשמלי של מטרופולין מבצע קו 24 (ממסוף כרמלית תל אביב למסוף קדמה רמת השרון) ברח' בית הלל (on Beit Hillel st.)/בר יוחאי רמת השרון.

555-75-704; https://x.com/yoramkraus/status/2102974297635459330",Electric Golden Dragon XML6125CLE ebus of Metropoline on Route 24 in Ramat HaSharon,2026-09-26T16:45:27Z,2026-09-26T16:45:27Z,​@il-pt_by_2dאני רק שואל אותך. אתה רוצה שאפיקים תחזור להיות לבד?,reply,Ugzzsl0Ui1dRtom7Z4F4AaABAg,Ugzzsl0Ui1dRtom7Z4F4AaABAg,1,2026-09-26T17:47:23Z,2026-09-26T17:47:23Z,0,UC-85KGzWA5tBh7lpd_gmuUg,,0,0,youtube_20260927_0855,baseline_20260926_134704,2026-09-27T16:01:52.075528+07:00
youtube_c_Ugzzsl0Ui1dRtom7Z4F4AaABAg.AbE3wvQpx07AbE6ycsgFpO,youtube,https://www.youtube.com/watch?v=DLStg0UVWQ8,DLStg0UVWQ8,"Electric Golden Dragon XML6125CLE ebus of Metropoline on Route 24 in Ramat HaSharon
24.09.2026, 07:31 (גרסת שורטס (Shorts version): https://youtube.com/shorts/nhiiDmPVfxk ).

גולדן דרגון XML6125CLE חשמלי של מטרופולין מבצע קו 24 (ממסוף כרמלית תל אביב למסוף קדמה רמת השרון) ברח' בית הלל (on Beit Hillel st.)/בר יוחאי רמת השרון.

555-75-704; https://x.com/yoramkraus/status/2102974297635459330",Electric Golden Dragon XML6125CLE ebus of Metropoline on Route 24 in Ramat HaSharon,2026-09-26T16:45:27Z,2026-09-26T16:45:27Z,לא,reply,Ugzzsl0Ui1dRtom7Z4F4AaABAg,Ugzzsl0Ui1dRtom7Z4F4AaABAg,1,2026-09-26T17:50:22Z,2026-09-26T17:50:22Z,0,UCXL_AYfMk2H4nEs_k1dwF2w,,0,0,youtube_20260927_0855,baseline_20260926_134704,2026-09-27T16:01:52.075528+07:00
youtube_c_Ugzzsl0Ui1dRtom7Z4F4AaABAg.AbE3wvQpx07AbE7F4ArX2R,youtube,https://www.youtube.com/watch?v=DLStg0UVWQ8,DLStg0UVWQ8,"Electric Golden Dragon XML6125CLE ebus of Metropoline on Route 24 in Ramat HaSharon
24.09.2026, 07:31 (גרסת שורטס (Shorts version): https://youtube.com/shorts/nhiiDmPVfxk ).

גולדן דרגון XML6125CLE חשמלי של מטרופולין מבצע קו 24 (ממסוף כרמלית תל אביב למסוף קדמה רמת השרון) ברח' בית הלל (on Beit Hillel st.)/בר יוחאי רמת השרון.

555-75-704; https://x.com/yoramkraus/status/2102974297635459330",Electric Golden Dragon XML6125CLE ebus of Metropoline on Route 24 in Ramat HaSharon,2026-09-26T16:45:27Z,2026-09-26T16:45:27Z,​@il-pt_by_2dלמה לא?,reply,Ugzzsl0Ui1dRtom7Z4F4AaABAg,Ugzzsl0Ui1dRtom7Z4F4AaABAg,1,2026-09-26T17:52:45Z,2026-09-26T17:52:45Z,0,UC-85KGzWA5tBh7lpd_gmuUg,,0,0,youtube_20260927_0855,baseline_20260926_134704,2026-09-27T16:01:52.075528+07:00
youtube_c_Ugzzsl0Ui1dRtom7Z4F4AaABAg.AbE3wvQpx07AbE7OXpS3_v,youtube,https://www.youtube.com/watch?v=DLStg0UVWQ8,DLStg0UVWQ8,"Electric Golden Dragon XML6125CLE ebus of Metropoline on Route 24 in Ramat HaSharon
24.09.2026, 07:31 (גרסת שורטס (Shorts version): https://youtube.com/shorts/nhiiDmPVfxk ).

גולדן דרגון XML6125CLE חשמלי של מטרופולין מבצע קו 24 (ממסוף כרמלית תל אביב למסוף קדמה רמת השרון) ברח' בית הלל (on Beit Hillel st.)/בר יוחאי רמת השרון.

555-75-704; https://x.com/yoramkraus/status/2102974297635459330",Electric Golden Dragon XML6125CLE ebus of Metropoline on Route 24 in Ramat HaSharon,2026-09-26T16:45:27Z,2026-09-26T16:45:27Z,כי הם השתדרגו מאז שהם עם אלקטרה,reply,Ugzzsl0Ui1dRtom7Z4F4AaABAg,Ugzzsl0Ui1dRtom7Z4F4AaABAg,1,2026-09-26T17:54:03Z,2026-09-26T17:54:03Z,0,UCXL_AYfMk2H4nEs_k1dwF2w,,0,0,youtube_20260927_0855,baseline_20260926_134704,2026-09-27T16:01:52.075528+07:00
youtube_c_Ugy2_DILE-_4VDVx0pJ4AaABAg,youtube,https://www.youtube.com/watch?v=F9xu61Nz-24,F9xu61Nz-24,"मप्र में नहीं चलेंगी सरकारी बस? Mohan Yadav Nitin Gadkari PM EBus Sewa मुख्यमंत्री सुगम परिवहन सेवा 
केंद्रीय सड़क एवं परिवहन मंत्री नितिन गडकरी ने 25 सितंबर 2026 को भोपाल में प्रधानमंत्री ई बस सेवा और मुख्यमंत्री सुगम परिवहन सेवा का उद्घाटन किया। हरी झंडी दिखाकर बसों को रवाना किया। मप्र के मुख्यमंत्री मोहन यादव लगातार प्रदेश को नई योजनाएं देने का प्रयास कर रहे है। लेकिन उनका यह प्रयास सफल होता नहीं दिख रहा है। 

सरकारी दावे अनुसार इस योजना के तहत मप्र को 21 साल बाद सरकारी बसों की सुविधा मिलेगी, जिससे आम जनता को सुविधा होगी। लेकिन पड़ताल करने पर पता चला कि मोहन सरकार और इनके परिवहन विभाग में पदस्थ आईएएस मनीष सिंह के प्रयासों से शुरू हुई सुगम परिवहन सेवा दरअसल एक छलावा जैसी प्रतीत हो रही है। क्योंकि इसमें न तो सरकार बस खरीदेगी और न ही स्टाफ की नियुक्ति करेगीं। ऐसे में क्या यह वाकई सरकारी बस सुविधा है या फिर एक और इवेंट मैनजमेंट।

पूरी खबर देखिए और निर्णय लीजिए।

#मोहन #राजनीति #मुख्यमंत्री_सुगम_परिवहन_सेवा #पीेएम_ई_बस_सेवा #नितिनगडकरी #इथेनॉल #e20 #mohanyadav #mpnews",मप्र में नहीं चलेंगी सरकारी बस? Mohan Yadav Nitin Gadkari PM EBus Sewa मुख्यमंत्री सुगम परिवहन सेवा ,2026-09-26T07:03:14Z,2026-09-26T07:03:14Z,excellent analysis,top_level,,Ugy2_DILE-_4VDVx0pJ4AaABAg,0,2026-09-26T07:34:28Z,2026-09-26T07:34:28Z,1,UC3sTsDWS-ql_jpacnQRCFXg,,0,0,youtube_20260926_1347,baseline_20260926_134704,2026-09-26T20:59:28.066259+07:00
youtube_c_UgwOrOIriUORNOioSeR4AaABAg,youtube,https://www.youtube.com/watch?v=FVrczGRATrs,FVrczGRATrs,"The EBUS On PS5 - Line 277 In Hamburg City - The Bus
Checking out the Ebus DLC on console whilst driving the Line 277 in Hamburg for the first time. Hope you enjoy!

HUGE THANKS TO AEROSOFT FOR PROVIDING A KEY 

UK Departure Board Affiliate Link - https://ukdepartureboards.co.uk/store?rtwapwcm_aff=ADIzAl

Want to chat with a thousand plus likeminded enthusiasts, feel free to join the Discord! 🤝

https://discord.gg/SDGW8vx

Like what you see and want to support the channel further? 💷

https://paypal.me/BritishAce

Buy Yourself Some Merch! 👕

https://teespring.com/en-GB/stores/the-british-ace

-----------------------------------------------------------------
🚉 Find All Your Train Sim Needs Using The Links Below:

https://www.trainsimcommunity.com/ 
https://alanthomsonsim.com/
https://www.justtrains.net/
https://www.armstrongpowerhouse.com/
https://www.simworkshop.net/ (TSC-X Controller - HARDWARE)
https://tscontrollers.com/ (Door Panel, PBC Pro, Flexi Brake, AWS Plunger - HARDWARE)",The EBUS On PS5 - Line 277 In Hamburg City - The Bus,2026-09-19T12:00:06Z,2026-09-19T12:00:06Z,"Amazing how this game looks horrific on PS5 on PC you name it, they could not have sucked any harder on how they did UE5",top_level,,UgwOrOIriUORNOioSeR4AaABAg,0,2026-09-20T15:40:50Z,2026-09-20T15:40:50Z,0,UCT1JRREQmWJr0G-7z6DXXBg,,0,0,youtube_20260926_1347,baseline_20260926_134704,2026-09-26T20:58:05.121556+07:00
youtube_c_UgwOrOIriUORNOioSeR4AaABAg.AazRNfbAznGAb-D78B7Mor,youtube,https://www.youtube.com/watch?v=FVrczGRATrs,FVrczGRATrs,"The EBUS On PS5 - Line 277 In Hamburg City - The Bus
Checking out the Ebus DLC on console whilst driving the Line 277 in Hamburg for the first time. Hope you enjoy!

HUGE THANKS TO AEROSOFT FOR PROVIDING A KEY 

UK Departure Board Affiliate Link - https://ukdepartureboards.co.uk/store?rtwapwcm_aff=ADIzAl

Want to chat with a thousand plus likeminded enthusiasts, feel free to join the Discord! 🤝

https://discord.gg/SDGW8vx

Like what you see and want to support the channel further? 💷

https://paypal.me/BritishAce

Buy Yourself Some Merch! 👕

https://teespring.com/en-GB/stores/the-british-ace

-----------------------------------------------------------------
🚉 Find All Your Train Sim Needs Using The Links Below:

https://www.trainsimcommunity.com/ 
https://alanthomsonsim.com/
https://www.justtrains.net/
https://www.armstrongpowerhouse.com/
https://www.simworkshop.net/ (TSC-X Controller - HARDWARE)
https://tscontrollers.com/ (Door Panel, PBC Pro, Flexi Brake, AWS Plunger - HARDWARE)",The EBUS On PS5 - Line 277 In Hamburg City - The Bus,2026-09-19T12:00:06Z,2026-09-19T12:00:06Z,"Having played the PC version myself, I don't think it looks much worse on PS5? My graphical settings on PC were near top - although prefer now to play the PS5 edition as easier for me👍 What part/bits looks blatantly worse?",reply,UgwOrOIriUORNOioSeR4AaABAg,UgwOrOIriUORNOioSeR4AaABAg,1,2026-09-20T22:55:29Z,2026-09-20T22:55:29Z,1,UC1Nb3L1s96CivcAvi-cAPqw,,0,0,youtube_20260926_1347,baseline_20260926_134704,2026-09-26T20:58:08.396777+07:00
youtube_c_UgxxR3WVxgtUT4WPKv54AaABAg,youtube,https://www.youtube.com/watch?v=FVrczGRATrs,FVrczGRATrs,"The EBUS On PS5 - Line 277 In Hamburg City - The Bus
Checking out the Ebus DLC on console whilst driving the Line 277 in Hamburg for the first time. Hope you enjoy!

HUGE THANKS TO AEROSOFT FOR PROVIDING A KEY 

UK Departure Board Affiliate Link - https://ukdepartureboards.co.uk/store?rtwapwcm_aff=ADIzAl

Want to chat with a thousand plus likeminded enthusiasts, feel free to join the Discord! 🤝

https://discord.gg/SDGW8vx

Like what you see and want to support the channel further? 💷

https://paypal.me/BritishAce

Buy Yourself Some Merch! 👕

https://teespring.com/en-GB/stores/the-british-ace

-----------------------------------------------------------------
🚉 Find All Your Train Sim Needs Using The Links Below:

https://www.trainsimcommunity.com/ 
https://alanthomsonsim.com/
https://www.justtrains.net/
https://www.armstrongpowerhouse.com/
https://www.simworkshop.net/ (TSC-X Controller - HARDWARE)
https://tscontrollers.com/ (Door Panel, PBC Pro, Flexi Brake, AWS Plunger - HARDWARE)",The EBUS On PS5 - Line 277 In Hamburg City - The Bus,2026-09-19T12:00:06Z,2026-09-19T12:00:06Z,"Sadly, there is a bug, so there is no electric engine sound on PS5 at the moment.",top_level,,UgxxR3WVxgtUT4WPKv54AaABAg,0,2026-09-19T16:40:41Z,2026-09-19T16:40:41Z,2,UChHrualAE4ydpWF7c45YpLA,,0,0,youtube_20260926_1347,baseline_20260926_134704,2026-09-26T20:58:08.400151+07:00
youtube_c_UgxxR3WVxgtUT4WPKv54AaABAg.AawyR5JdsJLAax-szDC242,youtube,https://www.youtube.com/watch?v=FVrczGRATrs,FVrczGRATrs,"The EBUS On PS5 - Line 277 In Hamburg City - The Bus
Checking out the Ebus DLC on console whilst driving the Line 277 in Hamburg for the first time. Hope you enjoy!

HUGE THANKS TO AEROSOFT FOR PROVIDING A KEY 

UK Departure Board Affiliate Link - https://ukdepartureboards.co.uk/store?rtwapwcm_aff=ADIzAl

Want to chat with a thousand plus likeminded enthusiasts, feel free to join the Discord! 🤝

https://discord.gg/SDGW8vx

Like what you see and want to support the channel further? 💷

https://paypal.me/BritishAce

Buy Yourself Some Merch! 👕

https://teespring.com/en-GB/stores/the-british-ace

-----------------------------------------------------------------
🚉 Find All Your Train Sim Needs Using The Links Below:

https://www.trainsimcommunity.com/ 
https://alanthomsonsim.com/
https://www.justtrains.net/
https://www.armstrongpowerhouse.com/
https://www.simworkshop.net/ (TSC-X Controller - HARDWARE)
https://tscontrollers.com/ (Door Panel, PBC Pro, Flexi Brake, AWS Plunger - HARDWARE)",The EBUS On PS5 - Line 277 In Hamburg City - The Bus,2026-09-19T12:00:06Z,2026-09-19T12:00:06Z,Oh great 😢,reply,UgxxR3WVxgtUT4WPKv54AaABAg,UgxxR3WVxgtUT4WPKv54AaABAg,1,2026-09-19T17:02:06Z,2026-09-19T17:02:06Z,0,UC1Nb3L1s96CivcAvi-cAPqw,,0,0,youtube_20260926_1347,baseline_20260926_134704,2026-09-26T20:58:11.714962+07:00
youtube_c_Ugzb4eZdERLeEp45sVt4AaABAg,youtube,https://www.youtube.com/watch?v=FVrczGRATrs,FVrczGRATrs,"The EBUS On PS5 - Line 277 In Hamburg City - The Bus
Checking out the Ebus DLC on console whilst driving the Line 277 in Hamburg for the first time. Hope you enjoy!

HUGE THANKS TO AEROSOFT FOR PROVIDING A KEY 

UK Departure Board Affiliate Link - https://ukdepartureboards.co.uk/store?rtwapwcm_aff=ADIzAl

Want to chat with a thousand plus likeminded enthusiasts, feel free to join the Discord! 🤝

https://discord.gg/SDGW8vx

Like what you see and want to support the channel further? 💷

https://paypal.me/BritishAce

Buy Yourself Some Merch! 👕

https://teespring.com/en-GB/stores/the-british-ace

-----------------------------------------------------------------
🚉 Find All Your Train Sim Needs Using The Links Below:

https://www.trainsimcommunity.com/ 
https://alanthomsonsim.com/
https://www.justtrains.net/
https://www.armstrongpowerhouse.com/
https://www.simworkshop.net/ (TSC-X Controller - HARDWARE)
https://tscontrollers.com/ (Door Panel, PBC Pro, Flexi Brake, AWS Plunger - HARDWARE)",The EBUS On PS5 - Line 277 In Hamburg City - The Bus,2026-09-19T12:00:06Z,2026-09-19T12:00:06Z,Can you turn your mic up pls?,top_level,,Ugzb4eZdERLeEp45sVt4AaABAg,0,2026-09-19T12:04:47Z,2026-09-19T12:04:47Z,3,UC0qse2SXC5M_PmGHKlDXOFg,,0,0,youtube_20260926_1347,baseline_20260926_134704,2026-09-26T20:58:11.717037+07:00
youtube_c_Ugzb4eZdERLeEp45sVt4AaABAg.AawTrKREAsSAax06uslPxw,youtube,https://www.youtube.com/watch?v=FVrczGRATrs,FVrczGRATrs,"The EBUS On PS5 - Line 277 In Hamburg City - The Bus
Checking out the Ebus DLC on console whilst driving the Line 277 in Hamburg for the first time. Hope you enjoy!

HUGE THANKS TO AEROSOFT FOR PROVIDING A KEY 

UK Departure Board Affiliate Link - https://ukdepartureboards.co.uk/store?rtwapwcm_aff=ADIzAl

Want to chat with a thousand plus likeminded enthusiasts, feel free to join the Discord! 🤝

https://discord.gg/SDGW8vx

Like what you see and want to support the channel further? 💷

https://paypal.me/BritishAce

Buy Yourself Some Merch! 👕

https://teespring.com/en-GB/stores/the-british-ace

-----------------------------------------------------------------
🚉 Find All Your Train Sim Needs Using The Links Below:

https://www.trainsimcommunity.com/ 
https://alanthomsonsim.com/
https://www.justtrains.net/
https://www.armstrongpowerhouse.com/
https://www.simworkshop.net/ (TSC-X Controller - HARDWARE)
https://tscontrollers.com/ (Door Panel, PBC Pro, Flexi Brake, AWS Plunger - HARDWARE)",The EBUS On PS5 - Line 277 In Hamburg City - The Bus,2026-09-19T12:00:06Z,2026-09-19T12:00:06Z,For next video it will be 👍 Found an issue after recording,reply,Ugzb4eZdERLeEp45sVt4AaABAg,Ugzb4eZdERLeEp45sVt4AaABAg,1,2026-09-19T17:04:08Z,2026-09-19T17:04:08Z,0,UC1Nb3L1s96CivcAvi-cAPqw,transport_impact,0,0,youtube_20260926_1347,baseline_20260926_134704,2026-09-26T20:58:15.058970+07:00
youtube_c_Ugzb4eZdERLeEp45sVt4AaABAg.AawTrKREAsSAaxgiJoMKPT,youtube,https://www.youtube.com/watch?v=FVrczGRATrs,FVrczGRATrs,"The EBUS On PS5 - Line 277 In Hamburg City - The Bus
Checking out the Ebus DLC on console whilst driving the Line 277 in Hamburg for the first time. Hope you enjoy!

HUGE THANKS TO AEROSOFT FOR PROVIDING A KEY 

UK Departure Board Affiliate Link - https://ukdepartureboards.co.uk/store?rtwapwcm_aff=ADIzAl

Want to chat with a thousand plus likeminded enthusiasts, feel free to join the Discord! 🤝

https://discord.gg/SDGW8vx

Like what you see and want to support the channel further? 💷

https://paypal.me/BritishAce

Buy Yourself Some Merch! 👕

https://teespring.com/en-GB/stores/the-british-ace

-----------------------------------------------------------------
🚉 Find All Your Train Sim Needs Using The Links Below:

https://www.trainsimcommunity.com/ 
https://alanthomsonsim.com/
https://www.justtrains.net/
https://www.armstrongpowerhouse.com/
https://www.simworkshop.net/ (TSC-X Controller - HARDWARE)
https://tscontrollers.com/ (Door Panel, PBC Pro, Flexi Brake, AWS Plunger - HARDWARE)",The EBUS On PS5 - Line 277 In Hamburg City - The Bus,2026-09-19T12:00:06Z,2026-09-19T12:00:06Z,Apparently there’s a sound issue on the eBus and the MB buses. Only on consoles the problem is occurring.,reply,Ugzb4eZdERLeEp45sVt4AaABAg,Ugzb4eZdERLeEp45sVt4AaABAg,1,2026-09-19T23:25:07Z,2026-09-19T23:25:07Z,0,UClsJKu-iSxPcaoc8mBPqD_g,electric_bus,0,0,youtube_20260926_1347,baseline_20260926_134704,2026-09-26T20:58:15.060545+07:00
youtube_c_Ugzb4eZdERLeEp45sVt4AaABAg.AawTrKREAsSAayi6LOVVLn,youtube,https://www.youtube.com/watch?v=FVrczGRATrs,FVrczGRATrs,"The EBUS On PS5 - Line 277 In Hamburg City - The Bus
Checking out the Ebus DLC on console whilst driving the Line 277 in Hamburg for the first time. Hope you enjoy!

HUGE THANKS TO AEROSOFT FOR PROVIDING A KEY 

UK Departure Board Affiliate Link - https://ukdepartureboards.co.uk/store?rtwapwcm_aff=ADIzAl

Want to chat with a thousand plus likeminded enthusiasts, feel free to join the Discord! 🤝

https://discord.gg/SDGW8vx

Like what you see and want to support the channel further? 💷

https://paypal.me/BritishAce

Buy Yourself Some Merch! 👕

https://teespring.com/en-GB/stores/the-british-ace

-----------------------------------------------------------------
🚉 Find All Your Train Sim Needs Using The Links Below:

https://www.trainsimcommunity.com/ 
https://alanthomsonsim.com/
https://www.justtrains.net/
https://www.armstrongpowerhouse.com/
https://www.simworkshop.net/ (TSC-X Controller - HARDWARE)
https://tscontrollers.com/ (Door Panel, PBC Pro, Flexi Brake, AWS Plunger - HARDWARE)",The EBUS On PS5 - Line 277 In Hamburg City - The Bus,2026-09-19T12:00:06Z,2026-09-19T12:00:06Z,@simonkalavazides6422Yes there is! Hopefully a hotfix comes out this week!,reply,Ugzb4eZdERLeEp45sVt4AaABAg,Ugzb4eZdERLeEp45sVt4AaABAg,1,2026-09-20T08:56:31Z,2026-09-20T08:56:31Z,0,UC0qse2SXC5M_PmGHKlDXOFg,,0,0,youtube_20260926_1347,baseline_20260926_134704,2026-09-26T20:58:15.061634+07:00
youtube_c_UgwzmD_OUJD_p2mD8lF4AaABAg,youtube,https://www.youtube.com/watch?v=FpU3Z4pyaJ0,FpU3Z4pyaJ0,"Trải nghiệm lộ trình buýt điện 90 Hào Nam (ga Cát Linh) - Sân bay Nội Bài
Tuyến 90 Lộ trình chiều đi: Hào Nam (điểm đỗ xe buýt - ga Cát Linh) - Hào Nam - Giảng Võ - Núi Trúc - Kim Mã - Kim Mã dưới - Đào Tấn - đường Bưởi - Lạc Long Quân - Nguyễn Hoàng Tôn - Võ Chí Công - Cầu Nhật Tân - Võ Nguyên Giáp - đường nội bộ trong sân bay Nội Bài - sảnh tầng 1 Nhà ga nội địa T1, sân bay Nội Bài - đường nội bộ trong sân bay Nội Bài - Võ Nguyên Giáp - Bãi đỗ xe Nhà ga quốc tế T2 (trả khách và đỗ đầu cuối tại bãi đỗ xe Nhà ga quốc tế T2
Timeline:
0:00 Intro
0:18 Hào Nam (điểm đỗ xe buýt - ga Cát Linh)
1:16 Hào Nam
1:43 Giảng Võ
2:57 Núi Trúc
4:35 Kim Mã
5:00 Kim Mã đường trên
6:12 Đào Tấn
9:37 đường Bưởi
13:26 Lạc Long Quân
22:37 Khu LCQ sở ngành (điểm cuối E09)
23:02 Nguyễn Hoàng Tôn
23:39 Võ Chí Công
27:01 Cầu Nhật Tân
32:01 Đại Lộ Võ Nguyên Giáp
33:10 Nút giao Vĩnh Ngọc (giao vs QL5 kéo dài)
33:59 Đại Lộ Võ Nguyên Giáp
37:08 chui gầm QL23
37:13 Đại Lộ Võ Nguyên Giáp
40:47 Vượt đường QL2
41:09 Đại Lộ Võ Nguyên Giáp
42:15 Nút giao vs QL18
42:44 Đại Lộ Võ Nguyên Giáp
44:42 Võ Chí Công
47:26 đường vào nhà ga T1 (ga Nội địa)
48:05 Sảnh đến (tầng 1) nhà ga T1
49:20 bãi đỗ xe nhà ga T1
50:14 ra lại Võ Chí Công
50:41 Võ Chí Công
51:06 đường vào nhà ga T2 (ga Quốc tế)
52:10 Sảnh đến (tầng 1) nhà ga T2
52:43 Outtro 
#xebuyt #hanoibus #sanbay #noibai #airportbus #hanoitravel #vinfast  #xedien #catlinh #taudien #maybay #donghanhcungxebusthudo",Trải nghiệm lộ trình buýt điện 90 Hào Nam (ga Cát Linh) - Sân bay Nội Bài,2026-09-15T16:56:56Z,2026-09-15T16:56:56Z,Sau có thời gian rảnh bạn trải nghiệm tuyến 20ATC nhé,top_level,,UgwzmD_OUJD_p2mD8lF4AaABAg,0,2026-09-15T17:32:31Z,2026-09-15T17:32:31Z,0,UCItjn0cUEnXX5_Q9siMM2ww,,0,0,youtube_20260926_1347,baseline_20260926_134704,2026-09-26T20:50:21.282154+07:00
youtube_c_UgwzmD_OUJD_p2mD8lF4AaABAg.AamlBEihQ1xAampphP1OrH,youtube,https://www.youtube.com/watch?v=FpU3Z4pyaJ0,FpU3Z4pyaJ0,"Trải nghiệm lộ trình buýt điện 90 Hào Nam (ga Cát Linh) - Sân bay Nội Bài
Tuyến 90 Lộ trình chiều đi: Hào Nam (điểm đỗ xe buýt - ga Cát Linh) - Hào Nam - Giảng Võ - Núi Trúc - Kim Mã - Kim Mã dưới - Đào Tấn - đường Bưởi - Lạc Long Quân - Nguyễn Hoàng Tôn - Võ Chí Công - Cầu Nhật Tân - Võ Nguyên Giáp - đường nội bộ trong sân bay Nội Bài - sảnh tầng 1 Nhà ga nội địa T1, sân bay Nội Bài - đường nội bộ trong sân bay Nội Bài - Võ Nguyên Giáp - Bãi đỗ xe Nhà ga quốc tế T2 (trả khách và đỗ đầu cuối tại bãi đỗ xe Nhà ga quốc tế T2
Timeline:
0:00 Intro
0:18 Hào Nam (điểm đỗ xe buýt - ga Cát Linh)
1:16 Hào Nam
1:43 Giảng Võ
2:57 Núi Trúc
4:35 Kim Mã
5:00 Kim Mã đường trên
6:12 Đào Tấn
9:37 đường Bưởi
13:26 Lạc Long Quân
22:37 Khu LCQ sở ngành (điểm cuối E09)
23:02 Nguyễn Hoàng Tôn
23:39 Võ Chí Công
27:01 Cầu Nhật Tân
32:01 Đại Lộ Võ Nguyên Giáp
33:10 Nút giao Vĩnh Ngọc (giao vs QL5 kéo dài)
33:59 Đại Lộ Võ Nguyên Giáp
37:08 chui gầm QL23
37:13 Đại Lộ Võ Nguyên Giáp
40:47 Vượt đường QL2
41:09 Đại Lộ Võ Nguyên Giáp
42:15 Nút giao vs QL18
42:44 Đại Lộ Võ Nguyên Giáp
44:42 Võ Chí Công
47:26 đường vào nhà ga T1 (ga Nội địa)
48:05 Sảnh đến (tầng 1) nhà ga T1
49:20 bãi đỗ xe nhà ga T1
50:14 ra lại Võ Chí Công
50:41 Võ Chí Công
51:06 đường vào nhà ga T2 (ga Quốc tế)
52:10 Sảnh đến (tầng 1) nhà ga T2
52:43 Outtro 
#xebuyt #hanoibus #sanbay #noibai #airportbus #hanoitravel #vinfast  #xedien #catlinh #taudien #maybay #donghanhcungxebusthudo",Trải nghiệm lộ trình buýt điện 90 Hào Nam (ga Cát Linh) - Sân bay Nội Bài,2026-09-15T16:56:56Z,2026-09-15T16:56:56Z,Ok bạn nhé rảnh mình sẽ quay ^^,reply,UgwzmD_OUJD_p2mD8lF4AaABAg,UgwzmD_OUJD_p2mD8lF4AaABAg,1,2026-09-15T18:13:08Z,2026-09-15T18:13:08Z,1,UCa1DDbvcfsL4BqLPaex8qVw,,0,0,youtube_20260926_1347,baseline_20260926_134704,2026-09-26T20:50:24.551007+07:00
youtube_c_UgxKAwC-93vBh0mQV0x4AaABAg,youtube,https://www.youtube.com/watch?v=FpU3Z4pyaJ0,FpU3Z4pyaJ0,"Trải nghiệm lộ trình buýt điện 90 Hào Nam (ga Cát Linh) - Sân bay Nội Bài
Tuyến 90 Lộ trình chiều đi: Hào Nam (điểm đỗ xe buýt - ga Cát Linh) - Hào Nam - Giảng Võ - Núi Trúc - Kim Mã - Kim Mã dưới - Đào Tấn - đường Bưởi - Lạc Long Quân - Nguyễn Hoàng Tôn - Võ Chí Công - Cầu Nhật Tân - Võ Nguyên Giáp - đường nội bộ trong sân bay Nội Bài - sảnh tầng 1 Nhà ga nội địa T1, sân bay Nội Bài - đường nội bộ trong sân bay Nội Bài - Võ Nguyên Giáp - Bãi đỗ xe Nhà ga quốc tế T2 (trả khách và đỗ đầu cuối tại bãi đỗ xe Nhà ga quốc tế T2
Timeline:
0:00 Intro
0:18 Hào Nam (điểm đỗ xe buýt - ga Cát Linh)
1:16 Hào Nam
1:43 Giảng Võ
2:57 Núi Trúc
4:35 Kim Mã
5:00 Kim Mã đường trên
6:12 Đào Tấn
9:37 đường Bưởi
13:26 Lạc Long Quân
22:37 Khu LCQ sở ngành (điểm cuối E09)
23:02 Nguyễn Hoàng Tôn
23:39 Võ Chí Công
27:01 Cầu Nhật Tân
32:01 Đại Lộ Võ Nguyên Giáp
33:10 Nút giao Vĩnh Ngọc (giao vs QL5 kéo dài)
33:59 Đại Lộ Võ Nguyên Giáp
37:08 chui gầm QL23
37:13 Đại Lộ Võ Nguyên Giáp
40:47 Vượt đường QL2
41:09 Đại Lộ Võ Nguyên Giáp
42:15 Nút giao vs QL18
42:44 Đại Lộ Võ Nguyên Giáp
44:42 Võ Chí Công
47:26 đường vào nhà ga T1 (ga Nội địa)
48:05 Sảnh đến (tầng 1) nhà ga T1
49:20 bãi đỗ xe nhà ga T1
50:14 ra lại Võ Chí Công
50:41 Võ Chí Công
51:06 đường vào nhà ga T2 (ga Quốc tế)
52:10 Sảnh đến (tầng 1) nhà ga T2
52:43 Outtro 
#xebuyt #hanoibus #sanbay #noibai #airportbus #hanoitravel #vinfast  #xedien #catlinh #taudien #maybay #donghanhcungxebusthudo",Trải nghiệm lộ trình buýt điện 90 Hào Nam (ga Cát Linh) - Sân bay Nội Bài,2026-09-15T16:56:56Z,2026-09-15T16:56:56Z,Anh quay 17 long biên Nội bài nhé,top_level,,UgxKAwC-93vBh0mQV0x4AaABAg,0,2026-09-15T23:43:10Z,2026-09-15T23:43:10Z,0,UCofvbrdwMjaAewrU5CtHC0Q,hanoi_location,0,0,youtube_20260926_1347,baseline_20260926_134704,2026-09-26T20:50:17.987909+07:00
youtube_c_UgxKAwC-93vBh0mQV0x4AaABAg.AanQayjjjJxAanXk62WJVP,youtube,https://www.youtube.com/watch?v=FpU3Z4pyaJ0,FpU3Z4pyaJ0,"Trải nghiệm lộ trình buýt điện 90 Hào Nam (ga Cát Linh) - Sân bay Nội Bài
Tuyến 90 Lộ trình chiều đi: Hào Nam (điểm đỗ xe buýt - ga Cát Linh) - Hào Nam - Giảng Võ - Núi Trúc - Kim Mã - Kim Mã dưới - Đào Tấn - đường Bưởi - Lạc Long Quân - Nguyễn Hoàng Tôn - Võ Chí Công - Cầu Nhật Tân - Võ Nguyên Giáp - đường nội bộ trong sân bay Nội Bài - sảnh tầng 1 Nhà ga nội địa T1, sân bay Nội Bài - đường nội bộ trong sân bay Nội Bài - Võ Nguyên Giáp - Bãi đỗ xe Nhà ga quốc tế T2 (trả khách và đỗ đầu cuối tại bãi đỗ xe Nhà ga quốc tế T2
Timeline:
0:00 Intro
0:18 Hào Nam (điểm đỗ xe buýt - ga Cát Linh)
1:16 Hào Nam
1:43 Giảng Võ
2:57 Núi Trúc
4:35 Kim Mã
5:00 Kim Mã đường trên
6:12 Đào Tấn
9:37 đường Bưởi
13:26 Lạc Long Quân
22:37 Khu LCQ sở ngành (điểm cuối E09)
23:02 Nguyễn Hoàng Tôn
23:39 Võ Chí Công
27:01 Cầu Nhật Tân
32:01 Đại Lộ Võ Nguyên Giáp
33:10 Nút giao Vĩnh Ngọc (giao vs QL5 kéo dài)
33:59 Đại Lộ Võ Nguyên Giáp
37:08 chui gầm QL23
37:13 Đại Lộ Võ Nguyên Giáp
40:47 Vượt đường QL2
41:09 Đại Lộ Võ Nguyên Giáp
42:15 Nút giao vs QL18
42:44 Đại Lộ Võ Nguyên Giáp
44:42 Võ Chí Công
47:26 đường vào nhà ga T1 (ga Nội địa)
48:05 Sảnh đến (tầng 1) nhà ga T1
49:20 bãi đỗ xe nhà ga T1
50:14 ra lại Võ Chí Công
50:41 Võ Chí Công
51:06 đường vào nhà ga T2 (ga Quốc tế)
52:10 Sảnh đến (tầng 1) nhà ga T2
52:43 Outtro 
#xebuyt #hanoibus #sanbay #noibai #airportbus #hanoitravel #vinfast  #xedien #catlinh #taudien #maybay #donghanhcungxebusthudo",Trải nghiệm lộ trình buýt điện 90 Hào Nam (ga Cát Linh) - Sân bay Nội Bài,2026-09-15T16:56:56Z,2026-09-15T16:56:56Z,Ok b nhé 😄,reply,UgxKAwC-93vBh0mQV0x4AaABAg,UgxKAwC-93vBh0mQV0x4AaABAg,1,2026-09-16T00:45:35Z,2026-09-16T00:45:35Z,1,UCa1DDbvcfsL4BqLPaex8qVw,,0,0,youtube_20260926_1347,baseline_20260926_134704,2026-09-26T20:50:21.282154+07:00
youtube_c_UgzdSxrBQdIm14A3rGV4AaABAg,youtube,https://www.youtube.com/watch?v=FpU3Z4pyaJ0,FpU3Z4pyaJ0,"Trải nghiệm lộ trình buýt điện 90 Hào Nam (ga Cát Linh) - Sân bay Nội Bài
Tuyến 90 Lộ trình chiều đi: Hào Nam (điểm đỗ xe buýt - ga Cát Linh) - Hào Nam - Giảng Võ - Núi Trúc - Kim Mã - Kim Mã dưới - Đào Tấn - đường Bưởi - Lạc Long Quân - Nguyễn Hoàng Tôn - Võ Chí Công - Cầu Nhật Tân - Võ Nguyên Giáp - đường nội bộ trong sân bay Nội Bài - sảnh tầng 1 Nhà ga nội địa T1, sân bay Nội Bài - đường nội bộ trong sân bay Nội Bài - Võ Nguyên Giáp - Bãi đỗ xe Nhà ga quốc tế T2 (trả khách và đỗ đầu cuối tại bãi đỗ xe Nhà ga quốc tế T2
Timeline:
0:00 Intro
0:18 Hào Nam (điểm đỗ xe buýt - ga Cát Linh)
1:16 Hào Nam
1:43 Giảng Võ
2:57 Núi Trúc
4:35 Kim Mã
5:00 Kim Mã đường trên
6:12 Đào Tấn
9:37 đường Bưởi
13:26 Lạc Long Quân
22:37 Khu LCQ sở ngành (điểm cuối E09)
23:02 Nguyễn Hoàng Tôn
23:39 Võ Chí Công
27:01 Cầu Nhật Tân
32:01 Đại Lộ Võ Nguyên Giáp
33:10 Nút giao Vĩnh Ngọc (giao vs QL5 kéo dài)
33:59 Đại Lộ Võ Nguyên Giáp
37:08 chui gầm QL23
37:13 Đại Lộ Võ Nguyên Giáp
40:47 Vượt đường QL2
41:09 Đại Lộ Võ Nguyên Giáp
42:15 Nút giao vs QL18
42:44 Đại Lộ Võ Nguyên Giáp
44:42 Võ Chí Công
47:26 đường vào nhà ga T1 (ga Nội địa)
48:05 Sảnh đến (tầng 1) nhà ga T1
49:20 bãi đỗ xe nhà ga T1
50:14 ra lại Võ Chí Công
50:41 Võ Chí Công
51:06 đường vào nhà ga T2 (ga Quốc tế)
52:10 Sảnh đến (tầng 1) nhà ga T2
52:43 Outtro 
#xebuyt #hanoibus #sanbay #noibai #airportbus #hanoitravel #vinfast  #xedien #catlinh #taudien #maybay #donghanhcungxebusthudo",Trải nghiệm lộ trình buýt điện 90 Hào Nam (ga Cát Linh) - Sân bay Nội Bài,2026-09-15T16:56:56Z,2026-09-15T16:56:56Z,Bạn trải nghiệm tuyến 24 nhé,top_level,,UgzdSxrBQdIm14A3rGV4AaABAg,0,2026-09-16T06:19:22Z,2026-09-16T06:19:22Z,0,UC7N2CaWwDd0bgwSwKhF3WBQ,,0,0,youtube_20260926_1347,baseline_20260926_134704,2026-09-26T20:50:11.313806+07:00
youtube_c_UgzdSxrBQdIm14A3rGV4AaABAg.Aao7wsy2-SmAaoPphklsgr,youtube,https://www.youtube.com/watch?v=FpU3Z4pyaJ0,FpU3Z4pyaJ0,"Trải nghiệm lộ trình buýt điện 90 Hào Nam (ga Cát Linh) - Sân bay Nội Bài
Tuyến 90 Lộ trình chiều đi: Hào Nam (điểm đỗ xe buýt - ga Cát Linh) - Hào Nam - Giảng Võ - Núi Trúc - Kim Mã - Kim Mã dưới - Đào Tấn - đường Bưởi - Lạc Long Quân - Nguyễn Hoàng Tôn - Võ Chí Công - Cầu Nhật Tân - Võ Nguyên Giáp - đường nội bộ trong sân bay Nội Bài - sảnh tầng 1 Nhà ga nội địa T1, sân bay Nội Bài - đường nội bộ trong sân bay Nội Bài - Võ Nguyên Giáp - Bãi đỗ xe Nhà ga quốc tế T2 (trả khách và đỗ đầu cuối tại bãi đỗ xe Nhà ga quốc tế T2
Timeline:
0:00 Intro
0:18 Hào Nam (điểm đỗ xe buýt - ga Cát Linh)
1:16 Hào Nam
1:43 Giảng Võ
2:57 Núi Trúc
4:35 Kim Mã
5:00 Kim Mã đường trên
6:12 Đào Tấn
9:37 đường Bưởi
13:26 Lạc Long Quân
22:37 Khu LCQ sở ngành (điểm cuối E09)
23:02 Nguyễn Hoàng Tôn
23:39 Võ Chí Công
27:01 Cầu Nhật Tân
32:01 Đại Lộ Võ Nguyên Giáp
33:10 Nút giao Vĩnh Ngọc (giao vs QL5 kéo dài)
33:59 Đại Lộ Võ Nguyên Giáp
37:08 chui gầm QL23
37:13 Đại Lộ Võ Nguyên Giáp
40:47 Vượt đường QL2
41:09 Đại Lộ Võ Nguyên Giáp
42:15 Nút giao vs QL18
42:44 Đại Lộ Võ Nguyên Giáp
44:42 Võ Chí Công
47:26 đường vào nhà ga T1 (ga Nội địa)
48:05 Sảnh đến (tầng 1) nhà ga T1
49:20 bãi đỗ xe nhà ga T1
50:14 ra lại Võ Chí Công
50:41 Võ Chí Công
51:06 đường vào nhà ga T2 (ga Quốc tế)
52:10 Sảnh đến (tầng 1) nhà ga T2
52:43 Outtro 
#xebuyt #hanoibus #sanbay #noibai #airportbus #hanoitravel #vinfast  #xedien #catlinh #taudien #maybay #donghanhcungxebusthudo",Trải nghiệm lộ trình buýt điện 90 Hào Nam (ga Cát Linh) - Sân bay Nội Bài,2026-09-15T16:56:56Z,2026-09-15T16:56:56Z,Ok bạn nhé ^^,reply,UgzdSxrBQdIm14A3rGV4AaABAg,UgzdSxrBQdIm14A3rGV4AaABAg,1,2026-09-16T08:55:41Z,2026-09-16T08:55:41Z,0,UCa1DDbvcfsL4BqLPaex8qVw,,0,0,youtube_20260926_1347,baseline_20260926_134704,2026-09-26T20:50:14.681399+07:00
youtube_c_UgznlLA7djkTzkwR0xh4AaABAg,youtube,https://www.youtube.com/watch?v=FpU3Z4pyaJ0,FpU3Z4pyaJ0,"Trải nghiệm lộ trình buýt điện 90 Hào Nam (ga Cát Linh) - Sân bay Nội Bài
Tuyến 90 Lộ trình chiều đi: Hào Nam (điểm đỗ xe buýt - ga Cát Linh) - Hào Nam - Giảng Võ - Núi Trúc - Kim Mã - Kim Mã dưới - Đào Tấn - đường Bưởi - Lạc Long Quân - Nguyễn Hoàng Tôn - Võ Chí Công - Cầu Nhật Tân - Võ Nguyên Giáp - đường nội bộ trong sân bay Nội Bài - sảnh tầng 1 Nhà ga nội địa T1, sân bay Nội Bài - đường nội bộ trong sân bay Nội Bài - Võ Nguyên Giáp - Bãi đỗ xe Nhà ga quốc tế T2 (trả khách và đỗ đầu cuối tại bãi đỗ xe Nhà ga quốc tế T2
Timeline:
0:00 Intro
0:18 Hào Nam (điểm đỗ xe buýt - ga Cát Linh)
1:16 Hào Nam
1:43 Giảng Võ
2:57 Núi Trúc
4:35 Kim Mã
5:00 Kim Mã đường trên
6:12 Đào Tấn
9:37 đường Bưởi
13:26 Lạc Long Quân
22:37 Khu LCQ sở ngành (điểm cuối E09)
23:02 Nguyễn Hoàng Tôn
23:39 Võ Chí Công
27:01 Cầu Nhật Tân
32:01 Đại Lộ Võ Nguyên Giáp
33:10 Nút giao Vĩnh Ngọc (giao vs QL5 kéo dài)
33:59 Đại Lộ Võ Nguyên Giáp
37:08 chui gầm QL23
37:13 Đại Lộ Võ Nguyên Giáp
40:47 Vượt đường QL2
41:09 Đại Lộ Võ Nguyên Giáp
42:15 Nút giao vs QL18
42:44 Đại Lộ Võ Nguyên Giáp
44:42 Võ Chí Công
47:26 đường vào nhà ga T1 (ga Nội địa)
48:05 Sảnh đến (tầng 1) nhà ga T1
49:20 bãi đỗ xe nhà ga T1
50:14 ra lại Võ Chí Công
50:41 Võ Chí Công
51:06 đường vào nhà ga T2 (ga Quốc tế)
52:10 Sảnh đến (tầng 1) nhà ga T2
52:43 Outtro 
#xebuyt #hanoibus #sanbay #noibai #airportbus #hanoitravel #vinfast  #xedien #catlinh #taudien #maybay #donghanhcungxebusthudo",Trải nghiệm lộ trình buýt điện 90 Hào Nam (ga Cát Linh) - Sân bay Nội Bài,2026-09-15T16:56:56Z,2026-09-15T16:56:56Z,quay 24 điện đi hay 26 xe điện 😅,top_level,,UgznlLA7djkTzkwR0xh4AaABAg,0,2026-09-16T02:12:35Z,2026-09-16T02:12:35Z,0,UCWIAS0hT0Tdh4nJuqCyXP2g,transport_impact,0,0,youtube_20260926_1347,baseline_20260926_134704,2026-09-26T20:50:14.683391+07:00
youtube_c_UgznlLA7djkTzkwR0xh4AaABAg.AanghMYwRvaAanwnaXn-F5,youtube,https://www.youtube.com/watch?v=FpU3Z4pyaJ0,FpU3Z4pyaJ0,"Trải nghiệm lộ trình buýt điện 90 Hào Nam (ga Cát Linh) - Sân bay Nội Bài
Tuyến 90 Lộ trình chiều đi: Hào Nam (điểm đỗ xe buýt - ga Cát Linh) - Hào Nam - Giảng Võ - Núi Trúc - Kim Mã - Kim Mã dưới - Đào Tấn - đường Bưởi - Lạc Long Quân - Nguyễn Hoàng Tôn - Võ Chí Công - Cầu Nhật Tân - Võ Nguyên Giáp - đường nội bộ trong sân bay Nội Bài - sảnh tầng 1 Nhà ga nội địa T1, sân bay Nội Bài - đường nội bộ trong sân bay Nội Bài - Võ Nguyên Giáp - Bãi đỗ xe Nhà ga quốc tế T2 (trả khách và đỗ đầu cuối tại bãi đỗ xe Nhà ga quốc tế T2
Timeline:
0:00 Intro
0:18 Hào Nam (điểm đỗ xe buýt - ga Cát Linh)
1:16 Hào Nam
1:43 Giảng Võ
2:57 Núi Trúc
4:35 Kim Mã
5:00 Kim Mã đường trên
6:12 Đào Tấn
9:37 đường Bưởi
13:26 Lạc Long Quân
22:37 Khu LCQ sở ngành (điểm cuối E09)
23:02 Nguyễn Hoàng Tôn
23:39 Võ Chí Công
27:01 Cầu Nhật Tân
32:01 Đại Lộ Võ Nguyên Giáp
33:10 Nút giao Vĩnh Ngọc (giao vs QL5 kéo dài)
33:59 Đại Lộ Võ Nguyên Giáp
37:08 chui gầm QL23
37:13 Đại Lộ Võ Nguyên Giáp
40:47 Vượt đường QL2
41:09 Đại Lộ Võ Nguyên Giáp
42:15 Nút giao vs QL18
42:44 Đại Lộ Võ Nguyên Giáp
44:42 Võ Chí Công
47:26 đường vào nhà ga T1 (ga Nội địa)
48:05 Sảnh đến (tầng 1) nhà ga T1
49:20 bãi đỗ xe nhà ga T1
50:14 ra lại Võ Chí Công
50:41 Võ Chí Công
51:06 đường vào nhà ga T2 (ga Quốc tế)
52:10 Sảnh đến (tầng 1) nhà ga T2
52:43 Outtro 
#xebuyt #hanoibus #sanbay #noibai #airportbus #hanoitravel #vinfast  #xedien #catlinh #taudien #maybay #donghanhcungxebusthudo",Trải nghiệm lộ trình buýt điện 90 Hào Nam (ga Cát Linh) - Sân bay Nội Bài,2026-09-15T16:56:56Z,2026-09-15T16:56:56Z,Ok bạn nhé ^^,reply,UgznlLA7djkTzkwR0xh4AaABAg,UgznlLA7djkTzkwR0xh4AaABAg,1,2026-09-16T04:33:15Z,2026-09-16T04:33:15Z,0,UCa1DDbvcfsL4BqLPaex8qVw,,0,0,youtube_20260926_1347,baseline_20260926_134704,2026-09-26T20:50:17.986741+07:00
youtube_c_UgxNy68RRMuAC71XFjZ4AaABAg,youtube,https://www.youtube.com/watch?v=H7YocwC_UWg,H7YocwC_UWg,"JSW AMPSTAR Electric Bus - 200 किलोमीटर रेंज | AMPSTAR Electric Bus
JSW AMPSTAR Electric Bus - 200 किलोमीटर रेंज | AMPSTAR Electric Bus

#BoldInSoch #SolidInSath #BuildForPeople #BuildForBusiness #BuildForIndia #Ampstar 


About Video:- Dosto Is Video Mein Maine Apko JSW New Launch AMPSTAR Brands Ke 12 Meter Electric Bus Ke Bare Mein Jankari Dii Hai .

Follow Me on:
📸 Instagram: http://Instagram.com/usha_ki_kiran_
📘 Facebook: https://www.facebook.com/UshaKiKiran22
📧 Email: ushakikiran17@gmail.com

Related Search:-

JSW AMPSTAR New Launch Trucks 
JSW AMPSTAR Brand
AMPSTAR New Launch Bus
AMPSTAR New Launch Truck 
Electric Bus
Electric Tractor Trailer",JSW AMPSTAR Electric Bus - 200 किलोमीटर रेंज | AMPSTAR Electric Bus,2026-09-26T06:39:27Z,2026-09-26T06:39:27Z,👌🏻👌🏻,top_level,,UgxNy68RRMuAC71XFjZ4AaABAg,0,2026-09-26T06:44:38Z,2026-09-26T06:44:38Z,1,UCSbHICh1cI-mBS-xKki9qpg,,0,0,youtube_20260926_1347,baseline_20260926_134704,2026-09-26T20:55:34.729597+07:00
youtube_c_Ugz1BV8Q5LyBYmMtSV94AaABAg,youtube,https://www.youtube.com/watch?v=H7YocwC_UWg,H7YocwC_UWg,"JSW AMPSTAR Electric Bus - 200 किलोमीटर रेंज | AMPSTAR Electric Bus
JSW AMPSTAR Electric Bus - 200 किलोमीटर रेंज | AMPSTAR Electric Bus

#BoldInSoch #SolidInSath #BuildForPeople #BuildForBusiness #BuildForIndia #Ampstar 


About Video:- Dosto Is Video Mein Maine Apko JSW New Launch AMPSTAR Brands Ke 12 Meter Electric Bus Ke Bare Mein Jankari Dii Hai .

Follow Me on:
📸 Instagram: http://Instagram.com/usha_ki_kiran_
📘 Facebook: https://www.facebook.com/UshaKiKiran22
📧 Email: ushakikiran17@gmail.com

Related Search:-

JSW AMPSTAR New Launch Trucks 
JSW AMPSTAR Brand
AMPSTAR New Launch Bus
AMPSTAR New Launch Truck 
Electric Bus
Electric Tractor Trailer",JSW AMPSTAR Electric Bus - 200 किलोमीटर रेंज | AMPSTAR Electric Bus,2026-09-26T06:39:27Z,2026-09-26T06:39:27Z,Jay shree Jagannath ji,top_level,,Ugz1BV8Q5LyBYmMtSV94AaABAg,0,2026-09-26T09:14:57Z,2026-09-26T09:14:57Z,1,UCXYRX1QVcBxwE2s5RrkFoIw,,0,0,youtube_20260926_1347,baseline_20260926_134704,2026-09-26T20:55:34.728584+07:00
youtube_c_UgzQpA73L_-_5r5gaPJ4AaABAg,youtube,https://www.youtube.com/watch?v=H7YocwC_UWg,H7YocwC_UWg,"JSW AMPSTAR Electric Bus - 200 किलोमीटर रेंज | AMPSTAR Electric Bus
JSW AMPSTAR Electric Bus - 200 किलोमीटर रेंज | AMPSTAR Electric Bus

#BoldInSoch #SolidInSath #BuildForPeople #BuildForBusiness #BuildForIndia #Ampstar 


About Video:- Dosto Is Video Mein Maine Apko JSW New Launch AMPSTAR Brands Ke 12 Meter Electric Bus Ke Bare Mein Jankari Dii Hai .

Follow Me on:
📸 Instagram: http://Instagram.com/usha_ki_kiran_
📘 Facebook: https://www.facebook.com/UshaKiKiran22
📧 Email: ushakikiran17@gmail.com

Related Search:-

JSW AMPSTAR New Launch Trucks 
JSW AMPSTAR Brand
AMPSTAR New Launch Bus
AMPSTAR New Launch Truck 
Electric Bus
Electric Tractor Trailer",JSW AMPSTAR Electric Bus - 200 किलोमीटर रेंज | AMPSTAR Electric Bus,2026-09-26T06:39:27Z,2026-09-26T06:39:27Z,👌👌,top_level,,UgzQpA73L_-_5r5gaPJ4AaABAg,0,2026-09-26T06:43:33Z,2026-09-26T06:43:33Z,1,UC-FtnqKkmkkBcgDhdUbaFEA,,0,0,youtube_20260926_1347,baseline_20260926_134704,2026-09-26T20:55:34.729597+07:00
youtube_c_UgzXPppN5ztzm-8Yyvd4AaABAg,youtube,https://www.youtube.com/watch?v=H7YocwC_UWg,H7YocwC_UWg,"JSW AMPSTAR Electric Bus - 200 किलोमीटर रेंज | AMPSTAR Electric Bus
JSW AMPSTAR Electric Bus - 200 किलोमीटर रेंज | AMPSTAR Electric Bus

#BoldInSoch #SolidInSath #BuildForPeople #BuildForBusiness #BuildForIndia #Ampstar 


About Video:- Dosto Is Video Mein Maine Apko JSW New Launch AMPSTAR Brands Ke 12 Meter Electric Bus Ke Bare Mein Jankari Dii Hai .

Follow Me on:
📸 Instagram: http://Instagram.com/usha_ki_kiran_
📘 Facebook: https://www.facebook.com/UshaKiKiran22
📧 Email: ushakikiran17@gmail.com

Related Search:-

JSW AMPSTAR New Launch Trucks 
JSW AMPSTAR Brand
AMPSTAR New Launch Bus
AMPSTAR New Launch Truck 
Electric Bus
Electric Tractor Trailer",JSW AMPSTAR Electric Bus - 200 किलोमीटर रेंज | AMPSTAR Electric Bus,2026-09-26T06:39:27Z,2026-09-26T06:39:27Z,🔥🔥,top_level,,UgzXPppN5ztzm-8Yyvd4AaABAg,0,2026-09-26T12:46:40Z,2026-09-26T12:46:40Z,1,UCZDQecWI7BXxl_pD0dKtyhQ,,0,0,youtube_20260926_1347,baseline_20260926_134704,2026-09-26T20:55:34.726315+07:00
youtube_c_UgwkQfN7ADw1q1xD9rd4AaABAg,youtube,https://www.youtube.com/watch?v=Iv7E3tzXXMg,Iv7E3tzXXMg,"Khai trương xe bus điện miễn phí đưa đón học sinh đến trường
Chiều 3/9, thành phố Quảng Ninh tổ chức khai trương tuyến xe buýt đưa đón học sinh đến trường năm học 2026 - 2027 trên địa bàn các phường Hạ Long, Hồng Gai và Hà Tu. Với quy mô 50 xe được bố trí trên 6 tuyến chính, Quảng Ninh là địa phương đầu tiên trên cả nước triển khai mô hình xe buýt điện miễn phí đưa đón học sinh đến trường.",Khai trương xe bus điện miễn phí đưa đón học sinh đến trường,2026-09-04T07:26:27Z,2026-09-04T07:26:27Z,Đúng là vở này ta tặng cháu yêu ta tỏ chút lòng thành ra công mà học tập mai sau các cháu giúp nước non nhà vâng thưa quý vị nhà nước quan tâm su hướng dạy trẻ từ thủa còn thơ học không bè phái học đường,top_level,,UgwkQfN7ADw1q1xD9rd4AaABAg,0,2026-09-04T16:08:42Z,2026-09-04T16:08:42Z,0,UCmxsff7jsiLRpLJbet3erzQ,,1,0,youtube_20260926_1347,baseline_20260926_134704,2026-09-26T20:54:57.010250+07:00
youtube_c_Ugywsl4SlUahtdxr2fV4AaABAg,youtube,https://www.youtube.com/watch?v=Iv7E3tzXXMg,Iv7E3tzXXMg,"Khai trương xe bus điện miễn phí đưa đón học sinh đến trường
Chiều 3/9, thành phố Quảng Ninh tổ chức khai trương tuyến xe buýt đưa đón học sinh đến trường năm học 2026 - 2027 trên địa bàn các phường Hạ Long, Hồng Gai và Hà Tu. Với quy mô 50 xe được bố trí trên 6 tuyến chính, Quảng Ninh là địa phương đầu tiên trên cả nước triển khai mô hình xe buýt điện miễn phí đưa đón học sinh đến trường.",Khai trương xe bus điện miễn phí đưa đón học sinh đến trường,2026-09-04T07:26:27Z,2026-09-04T07:26:27Z,Cái tỉnh Bình Phước cũ trước đây người Bắc vào Nam khai hoang thành tập đoàn cao su và cà phê Tây Nguyên tỉnh phước long nay thị xã Đồng xoài nay về TP đồng nai trên quốc lộ 14 các em đi xe buýt rất nhiều để về phường Đồng xoài kiến nghị tỉnh đồng nai nên học hỏi quảng ninh cha mẹ các em trước đây sau 75 vào Nam. Tất cả các tỉnh miền đông nam bộ tây nguyên họ vào nam khai hoang khí hậu rất khắc nghiệt sốt rét rừng rừng thiêng nước độc bom minh chất độc da cam. Phường Đồng xoài trước đây là huyện lỵ hiện nay có các nông trường cao su trước đây có 90% đất rừng hoang vào vùng này như đi chiến trường miền Nam rất mong chỉ thấy các em ham học đi xe buýt rất đông giá như xe điện rất tốt,top_level,,Ugywsl4SlUahtdxr2fV4AaABAg,0,2026-09-04T07:54:52Z,2026-09-04T07:54:52Z,0,UCFTkqLRq3jsqTDBZIXuJgow,transport_impact,1,0,youtube_20260926_1347,baseline_20260926_134704,2026-09-26T20:54:57.014817+07:00
youtube_c_UgzjtZYGU2Tb0tyX9pZ4AaABAg,youtube,https://www.youtube.com/watch?v=Jpy8pIsUWPE,Jpy8pIsUWPE,"1000 VOLT Ka Charger 😱 | E-Bus Kaise Charge Hoti Hai? | Charger No.15#shorts
Jai Shree Ram Dosto 🙏

Aaj ke vlog me dikha raha hu hamara E-Bus Charging Station! 
Ye hai TATA Power EZ Charge, CHARGER No.15

Is video me dekho:
0:00 - Intro
0:11 - Charger No.15
0:16 - Bus ka Charging Socket (Dual)
0:21 - Blue Safety Mat Kyu Zaruri Hai?
0:33 - 22 Charger Ek Line Me
0:47 - Charger Display

Hamare depot pe 22 charger hai aur har ek 1000 volt tak ka hai. Safety ke liye rubber mat aur gloves pehenna padta hai.

Aapne kabhi E-Bus charge hote dekhi hai? Comment me batao 👇

📍 Location: DTC E-Bus Depot, Delhi

#electricbus #ebus #tatapower #ezcharge #chargingstation #delhibus #dtc #evbus #busvlog #depotlife #jaishreeram #ytshorts #viral #1000volt",1000 VOLT Ka Charger 😱 | E-Bus Kaise Charge Hoti Hai? | Charger No.15#shorts,2026-09-09T14:13:19Z,2026-09-09T14:13:19Z,Jai Shree Ram 🙏 Poora vlog chahiye kya? Comment karo - E-Bus ke andar ka battery setup dikhaunga agle video me!,top_level,,UgzjtZYGU2Tb0tyX9pZ4AaABAg,0,2026-09-09T14:14:39Z,2026-09-09T14:14:39Z,0,UCKGa5GfV5_1617s-SOFxkxA,"transport_impact,electric_bus",0,0,youtube_20260926_1347,baseline_20260926_134704,2026-09-26T20:54:18.744888+07:00
youtube_c_UgzFWp4vi6O9BFXSTp54AaABAg,youtube,https://www.youtube.com/watch?v=KBGRtzXTNJ4,KBGRtzXTNJ4,"Beautiful Electric Bus Departs Wabern Bf🇩🇪#shorts #electricbus #bus
Beautiful Electric Bus Departs Wabern Bf🇩🇪#shorts #electricbus #bus #deutschebahn #trending",Beautiful Electric Bus Departs Wabern Bf🇩🇪#shorts #electricbus #bus,2026-09-26T11:17:12Z,2026-09-26T11:17:12Z,❤,top_level,,UgzFWp4vi6O9BFXSTp54AaABAg,0,2026-09-26T20:52:29Z,2026-09-26T20:52:29Z,0,UCf2ybCCInGs1P_4cZp008iw,,0,0,youtube_20260927_0855,baseline_20260926_134704,2026-09-27T15:58:03.917859+07:00
youtube_c_UgwDznr1TUMcIM2TtF14AaABAg,youtube,https://www.youtube.com/watch?v=KHWlelYnPd8,KHWlelYnPd8,"JSW AMPSTAR Launch | 55 Tons Electric Tractor Trailer | 12 Meter Electric Bus | AMPSTAR Electric 
JSW AMPSTAR Launch | 55 Tons Electric Tractor Trailer | 12 Meter Electric Bus | AMPSTAR Electric 

#BoldInSoch #SolidInSath #BuildForPeople #BuildForBusiness #BuildForIndia #Ampstar 


About Video:- Dosto Is Video Mein Maine Apko JSW New Launch AMPSTAR Brands Electric Vehicles 55 Tons Tractor Trailer And 12 Meter Electric Bus Ke Bare Mein Jankari Dii Hai 

Follow Me on:
📸 Instagram: http://Instagram.com/usha_ki_kiran_
📘 Facebook: https://www.facebook.com/UshaKiKiran22
📧 Email: ushakikiran17@gmail.com

Related Search:-

JSW AMPSTAR New Launch Trucks 
JSW AMPSTAR Brand
AMPSTAR New Launch Bus
AMPSTAR New Launch Truck 
Electric Bus
Electric Tractor Trailer",JSW AMPSTAR Launch | 55 Tons Electric Tractor Trailer | 12 Meter Electric Bus | AMPSTAR Electric ,2026-09-26T05:50:57Z,2026-09-26T05:50:57Z,Aapane bahut dinon se refrigerator ka video nahi banya na please review kijiye Whirlpool ka single door refrigerator,top_level,,UgwDznr1TUMcIM2TtF14AaABAg,0,2026-09-26T09:45:56Z,2026-09-26T09:45:56Z,1,UCkwrLTSgzv7wBYZWK-dJSpQ,,0,0,youtube_20260926_1347,baseline_20260926_134704,2026-09-26T20:55:41.355809+07:00
youtube_c_UgwbSfist9XgUtbd01J4AaABAg,youtube,https://www.youtube.com/watch?v=KHWlelYnPd8,KHWlelYnPd8,"JSW AMPSTAR Launch | 55 Tons Electric Tractor Trailer | 12 Meter Electric Bus | AMPSTAR Electric 
JSW AMPSTAR Launch | 55 Tons Electric Tractor Trailer | 12 Meter Electric Bus | AMPSTAR Electric 

#BoldInSoch #SolidInSath #BuildForPeople #BuildForBusiness #BuildForIndia #Ampstar 


About Video:- Dosto Is Video Mein Maine Apko JSW New Launch AMPSTAR Brands Electric Vehicles 55 Tons Tractor Trailer And 12 Meter Electric Bus Ke Bare Mein Jankari Dii Hai 

Follow Me on:
📸 Instagram: http://Instagram.com/usha_ki_kiran_
📘 Facebook: https://www.facebook.com/UshaKiKiran22
📧 Email: ushakikiran17@gmail.com

Related Search:-

JSW AMPSTAR New Launch Trucks 
JSW AMPSTAR Brand
AMPSTAR New Launch Bus
AMPSTAR New Launch Truck 
Electric Bus
Electric Tractor Trailer",JSW AMPSTAR Launch | 55 Tons Electric Tractor Trailer | 12 Meter Electric Bus | AMPSTAR Electric ,2026-09-26T05:50:57Z,2026-09-26T05:50:57Z,vote for Whirlpool single door refrigerator 205l,top_level,,UgwbSfist9XgUtbd01J4AaABAg,0,2026-09-26T09:38:57Z,2026-09-26T09:38:57Z,1,UCkwrLTSgzv7wBYZWK-dJSpQ,,0,0,youtube_20260926_1347,baseline_20260926_134704,2026-09-26T20:55:41.361813+07:00
youtube_c_UgwkxMYBFsUdyLUM75x4AaABAg,youtube,https://www.youtube.com/watch?v=KHWlelYnPd8,KHWlelYnPd8,"JSW AMPSTAR Launch | 55 Tons Electric Tractor Trailer | 12 Meter Electric Bus | AMPSTAR Electric 
JSW AMPSTAR Launch | 55 Tons Electric Tractor Trailer | 12 Meter Electric Bus | AMPSTAR Electric 

#BoldInSoch #SolidInSath #BuildForPeople #BuildForBusiness #BuildForIndia #Ampstar 


About Video:- Dosto Is Video Mein Maine Apko JSW New Launch AMPSTAR Brands Electric Vehicles 55 Tons Tractor Trailer And 12 Meter Electric Bus Ke Bare Mein Jankari Dii Hai 

Follow Me on:
📸 Instagram: http://Instagram.com/usha_ki_kiran_
📘 Facebook: https://www.facebook.com/UshaKiKiran22
📧 Email: ushakikiran17@gmail.com

Related Search:-

JSW AMPSTAR New Launch Trucks 
JSW AMPSTAR Brand
AMPSTAR New Launch Bus
AMPSTAR New Launch Truck 
Electric Bus
Electric Tractor Trailer",JSW AMPSTAR Launch | 55 Tons Electric Tractor Trailer | 12 Meter Electric Bus | AMPSTAR Electric ,2026-09-26T05:50:57Z,2026-09-26T05:50:57Z,Vote for Whirlpool single door refrigerator 205l reply to comments please request,top_level,,UgwkxMYBFsUdyLUM75x4AaABAg,0,2026-09-26T09:40:02Z,2026-09-26T09:40:02Z,1,UCkwrLTSgzv7wBYZWK-dJSpQ,,0,0,youtube_20260926_1347,baseline_20260926_134704,2026-09-26T20:55:41.360812+07:00
youtube_c_Ugxp0CXtF6lZ1uI7OGF4AaABAg,youtube,https://www.youtube.com/watch?v=KHWlelYnPd8,KHWlelYnPd8,"JSW AMPSTAR Launch | 55 Tons Electric Tractor Trailer | 12 Meter Electric Bus | AMPSTAR Electric 
JSW AMPSTAR Launch | 55 Tons Electric Tractor Trailer | 12 Meter Electric Bus | AMPSTAR Electric 

#BoldInSoch #SolidInSath #BuildForPeople #BuildForBusiness #BuildForIndia #Ampstar 


About Video:- Dosto Is Video Mein Maine Apko JSW New Launch AMPSTAR Brands Electric Vehicles 55 Tons Tractor Trailer And 12 Meter Electric Bus Ke Bare Mein Jankari Dii Hai 

Follow Me on:
📸 Instagram: http://Instagram.com/usha_ki_kiran_
📘 Facebook: https://www.facebook.com/UshaKiKiran22
📧 Email: ushakikiran17@gmail.com

Related Search:-

JSW AMPSTAR New Launch Trucks 
JSW AMPSTAR Brand
AMPSTAR New Launch Bus
AMPSTAR New Launch Truck 
Electric Bus
Electric Tractor Trailer",JSW AMPSTAR Launch | 55 Tons Electric Tractor Trailer | 12 Meter Electric Bus | AMPSTAR Electric ,2026-09-26T05:50:57Z,2026-09-26T05:50:57Z,Very nice,top_level,,Ugxp0CXtF6lZ1uI7OGF4AaABAg,0,2026-09-26T05:53:06Z,2026-09-26T05:53:06Z,1,UCSbHICh1cI-mBS-xKki9qpg,,0,0,youtube_20260926_1347,baseline_20260926_134704,2026-09-26T20:55:41.364296+07:00
youtube_c_Ugxp0CXtF6lZ1uI7OGF4AaABAg.AbCpt9PKQCeAbD8s_oxTQt,youtube,https://www.youtube.com/watch?v=KHWlelYnPd8,KHWlelYnPd8,"JSW AMPSTAR Launch | 55 Tons Electric Tractor Trailer | 12 Meter Electric Bus | AMPSTAR Electric 
JSW AMPSTAR Launch | 55 Tons Electric Tractor Trailer | 12 Meter Electric Bus | AMPSTAR Electric 

#BoldInSoch #SolidInSath #BuildForPeople #BuildForBusiness #BuildForIndia #Ampstar 


About Video:- Dosto Is Video Mein Maine Apko JSW New Launch AMPSTAR Brands Electric Vehicles 55 Tons Tractor Trailer And 12 Meter Electric Bus Ke Bare Mein Jankari Dii Hai 

Follow Me on:
📸 Instagram: http://Instagram.com/usha_ki_kiran_
📘 Facebook: https://www.facebook.com/UshaKiKiran22
📧 Email: ushakikiran17@gmail.com

Related Search:-

JSW AMPSTAR New Launch Trucks 
JSW AMPSTAR Brand
AMPSTAR New Launch Bus
AMPSTAR New Launch Truck 
Electric Bus
Electric Tractor Trailer",JSW AMPSTAR Launch | 55 Tons Electric Tractor Trailer | 12 Meter Electric Bus | AMPSTAR Electric ,2026-09-26T05:50:57Z,2026-09-26T05:50:57Z,Thanks! 👍,reply,Ugxp0CXtF6lZ1uI7OGF4AaABAg,Ugxp0CXtF6lZ1uI7OGF4AaABAg,1,2026-09-26T08:47:47Z,2026-09-26T08:47:47Z,0,UCG9Ubyz65muonOIaZndsUFQ,,0,0,youtube_20260926_1347,baseline_20260926_134704,2026-09-26T20:55:44.691703+07:00
youtube_c_UgxyjpW_1kr0BI_BLrJ4AaABAg,youtube,https://www.youtube.com/watch?v=KHWlelYnPd8,KHWlelYnPd8,"JSW AMPSTAR Launch | 55 Tons Electric Tractor Trailer | 12 Meter Electric Bus | AMPSTAR Electric 
JSW AMPSTAR Launch | 55 Tons Electric Tractor Trailer | 12 Meter Electric Bus | AMPSTAR Electric 

#BoldInSoch #SolidInSath #BuildForPeople #BuildForBusiness #BuildForIndia #Ampstar 


About Video:- Dosto Is Video Mein Maine Apko JSW New Launch AMPSTAR Brands Electric Vehicles 55 Tons Tractor Trailer And 12 Meter Electric Bus Ke Bare Mein Jankari Dii Hai 

Follow Me on:
📸 Instagram: http://Instagram.com/usha_ki_kiran_
📘 Facebook: https://www.facebook.com/UshaKiKiran22
📧 Email: ushakikiran17@gmail.com

Related Search:-

JSW AMPSTAR New Launch Trucks 
JSW AMPSTAR Brand
AMPSTAR New Launch Bus
AMPSTAR New Launch Truck 
Electric Bus
Electric Tractor Trailer",JSW AMPSTAR Launch | 55 Tons Electric Tractor Trailer | 12 Meter Electric Bus | AMPSTAR Electric ,2026-09-26T05:50:57Z,2026-09-26T05:50:57Z,Thankyou uncle,top_level,,UgxyjpW_1kr0BI_BLrJ4AaABAg,0,2026-09-26T09:42:00Z,2026-09-26T09:42:00Z,2,UCkwrLTSgzv7wBYZWK-dJSpQ,,0,0,youtube_20260926_1347,baseline_20260926_134704,2026-09-26T20:55:41.356810+07:00
youtube_c_UgyiNov09Qdaw8vn-MF4AaABAg,youtube,https://www.youtube.com/watch?v=KHWlelYnPd8,KHWlelYnPd8,"JSW AMPSTAR Launch | 55 Tons Electric Tractor Trailer | 12 Meter Electric Bus | AMPSTAR Electric 
JSW AMPSTAR Launch | 55 Tons Electric Tractor Trailer | 12 Meter Electric Bus | AMPSTAR Electric 

#BoldInSoch #SolidInSath #BuildForPeople #BuildForBusiness #BuildForIndia #Ampstar 


About Video:- Dosto Is Video Mein Maine Apko JSW New Launch AMPSTAR Brands Electric Vehicles 55 Tons Tractor Trailer And 12 Meter Electric Bus Ke Bare Mein Jankari Dii Hai 

Follow Me on:
📸 Instagram: http://Instagram.com/usha_ki_kiran_
📘 Facebook: https://www.facebook.com/UshaKiKiran22
📧 Email: ushakikiran17@gmail.com

Related Search:-

JSW AMPSTAR New Launch Trucks 
JSW AMPSTAR Brand
AMPSTAR New Launch Bus
AMPSTAR New Launch Truck 
Electric Bus
Electric Tractor Trailer",JSW AMPSTAR Launch | 55 Tons Electric Tractor Trailer | 12 Meter Electric Bus | AMPSTAR Electric ,2026-09-26T05:50:57Z,2026-09-26T05:50:57Z,"Soram,",top_level,,UgyiNov09Qdaw8vn-MF4AaABAg,0,2026-09-26T10:14:23Z,2026-09-26T10:14:23Z,0,UCSRkt74bonVVuUmidtUDaLw,,0,0,youtube_20260926_1347,baseline_20260926_134704,2026-09-26T20:55:41.354809+07:00
youtube_c_UgzWWo4vjQDoFPWhgOp4AaABAg,youtube,https://www.youtube.com/watch?v=KHWlelYnPd8,KHWlelYnPd8,"JSW AMPSTAR Launch | 55 Tons Electric Tractor Trailer | 12 Meter Electric Bus | AMPSTAR Electric 
JSW AMPSTAR Launch | 55 Tons Electric Tractor Trailer | 12 Meter Electric Bus | AMPSTAR Electric 

#BoldInSoch #SolidInSath #BuildForPeople #BuildForBusiness #BuildForIndia #Ampstar 


About Video:- Dosto Is Video Mein Maine Apko JSW New Launch AMPSTAR Brands Electric Vehicles 55 Tons Tractor Trailer And 12 Meter Electric Bus Ke Bare Mein Jankari Dii Hai 

Follow Me on:
📸 Instagram: http://Instagram.com/usha_ki_kiran_
📘 Facebook: https://www.facebook.com/UshaKiKiran22
📧 Email: ushakikiran17@gmail.com

Related Search:-

JSW AMPSTAR New Launch Trucks 
JSW AMPSTAR Brand
AMPSTAR New Launch Bus
AMPSTAR New Launch Truck 
Electric Bus
Electric Tractor Trailer",JSW AMPSTAR Launch | 55 Tons Electric Tractor Trailer | 12 Meter Electric Bus | AMPSTAR Electric ,2026-09-26T05:50:57Z,2026-09-26T05:50:57Z,Vote for LG single door refrigerator review please request,top_level,,UgzWWo4vjQDoFPWhgOp4AaABAg,0,2026-09-26T09:40:50Z,2026-09-26T09:40:50Z,1,UCkwrLTSgzv7wBYZWK-dJSpQ,,0,0,youtube_20260926_1347,baseline_20260926_134704,2026-09-26T20:55:41.358810+07:00
youtube_c_UgzdeJKbsObH0BbPhvZ4AaABAg,youtube,https://www.youtube.com/watch?v=KHWlelYnPd8,KHWlelYnPd8,"JSW AMPSTAR Launch | 55 Tons Electric Tractor Trailer | 12 Meter Electric Bus | AMPSTAR Electric 
JSW AMPSTAR Launch | 55 Tons Electric Tractor Trailer | 12 Meter Electric Bus | AMPSTAR Electric 

#BoldInSoch #SolidInSath #BuildForPeople #BuildForBusiness #BuildForIndia #Ampstar 


About Video:- Dosto Is Video Mein Maine Apko JSW New Launch AMPSTAR Brands Electric Vehicles 55 Tons Tractor Trailer And 12 Meter Electric Bus Ke Bare Mein Jankari Dii Hai 

Follow Me on:
📸 Instagram: http://Instagram.com/usha_ki_kiran_
📘 Facebook: https://www.facebook.com/UshaKiKiran22
📧 Email: ushakikiran17@gmail.com

Related Search:-

JSW AMPSTAR New Launch Trucks 
JSW AMPSTAR Brand
AMPSTAR New Launch Bus
AMPSTAR New Launch Truck 
Electric Bus
Electric Tractor Trailer",JSW AMPSTAR Launch | 55 Tons Electric Tractor Trailer | 12 Meter Electric Bus | AMPSTAR Electric ,2026-09-26T05:50:57Z,2026-09-26T05:50:57Z,Uncle Whirlpool single door ka fridge ka review karo na please request please reply,top_level,,UgzdeJKbsObH0BbPhvZ4AaABAg,0,2026-09-26T09:37:56Z,2026-09-26T09:37:56Z,1,UCkwrLTSgzv7wBYZWK-dJSpQ,,0,0,youtube_20260926_1347,baseline_20260926_134704,2026-09-26T20:55:41.362814+07:00
youtube_c_Ugzr-CnSKF4miviSQNt4AaABAg,youtube,https://www.youtube.com/watch?v=KHWlelYnPd8,KHWlelYnPd8,"JSW AMPSTAR Launch | 55 Tons Electric Tractor Trailer | 12 Meter Electric Bus | AMPSTAR Electric 
JSW AMPSTAR Launch | 55 Tons Electric Tractor Trailer | 12 Meter Electric Bus | AMPSTAR Electric 

#BoldInSoch #SolidInSath #BuildForPeople #BuildForBusiness #BuildForIndia #Ampstar 


About Video:- Dosto Is Video Mein Maine Apko JSW New Launch AMPSTAR Brands Electric Vehicles 55 Tons Tractor Trailer And 12 Meter Electric Bus Ke Bare Mein Jankari Dii Hai 

Follow Me on:
📸 Instagram: http://Instagram.com/usha_ki_kiran_
📘 Facebook: https://www.facebook.com/UshaKiKiran22
📧 Email: ushakikiran17@gmail.com

Related Search:-

JSW AMPSTAR New Launch Trucks 
JSW AMPSTAR Brand
AMPSTAR New Launch Bus
AMPSTAR New Launch Truck 
Electric Bus
Electric Tractor Trailer",JSW AMPSTAR Launch | 55 Tons Electric Tractor Trailer | 12 Meter Electric Bus | AMPSTAR Electric ,2026-09-26T05:50:57Z,2026-09-26T05:50:57Z,goreous,top_level,,Ugzr-CnSKF4miviSQNt4AaABAg,0,2026-09-26T12:56:13Z,2026-09-26T12:56:13Z,0,UCmiw4s-oD4TAMW_sS8iqpbA,,0,0,youtube_20260926_1347,baseline_20260926_134704,2026-09-26T20:55:41.353811+07:00
youtube_c_UgxySQj-h4oO4S_8fM54AaABAg,youtube,https://www.youtube.com/watch?v=O8h17JJYVbA,O8h17JJYVbA,"Hành Trình Đăng Đón Xe Buýt Từ An Nhơn Tây Đi Bến Xe Buýt Củ Chi, Xe Buýt Điện Phương Trang Miễn Phí
Hành Trình Đăng Đón Xe Buýt Từ An Nhơn Tây Đi Bến Xe Buýt Củ Chi, Xe Buýt Điện Phương Trang Miễn Phí
@utlieufamily9680","Hành Trình Đăng Đón Xe Buýt Từ An Nhơn Tây Đi Bến Xe Buýt Củ Chi, Xe Buýt Điện Phương Trang Miễn Phí",2026-08-15T11:54:40Z,2026-08-15T11:54:40Z,❤,top_level,,UgxySQj-h4oO4S_8fM54AaABAg,0,2026-08-15T13:09:57Z,2026-08-15T13:09:57Z,0,UC5YZy83J0vz-4BAUY3J76TQ,,0,0,youtube_20260926_1347,baseline_20260926_134704,2026-09-26T20:53:10.487185+07:00
youtube_c_UgzLJdHguiQ5pW0i9DR4AaABAg,youtube,https://www.youtube.com/watch?v=O8h17JJYVbA,O8h17JJYVbA,"Hành Trình Đăng Đón Xe Buýt Từ An Nhơn Tây Đi Bến Xe Buýt Củ Chi, Xe Buýt Điện Phương Trang Miễn Phí
Hành Trình Đăng Đón Xe Buýt Từ An Nhơn Tây Đi Bến Xe Buýt Củ Chi, Xe Buýt Điện Phương Trang Miễn Phí
@utlieufamily9680","Hành Trình Đăng Đón Xe Buýt Từ An Nhơn Tây Đi Bến Xe Buýt Củ Chi, Xe Buýt Điện Phương Trang Miễn Phí",2026-08-15T11:54:40Z,2026-08-15T11:54:40Z,Chúc hai mẹ con được nhiều bieu nha,top_level,,UgzLJdHguiQ5pW0i9DR4AaABAg,0,2026-08-15T13:11:18Z,2026-08-15T13:11:18Z,0,UC5YZy83J0vz-4BAUY3J76TQ,,0,0,youtube_20260926_1347,baseline_20260926_134704,2026-09-26T20:53:07.219314+07:00
youtube_c_UgzLJdHguiQ5pW0i9DR4AaABAg.A_XTdxHorRvA_YdkTjbw8G,youtube,https://www.youtube.com/watch?v=O8h17JJYVbA,O8h17JJYVbA,"Hành Trình Đăng Đón Xe Buýt Từ An Nhơn Tây Đi Bến Xe Buýt Củ Chi, Xe Buýt Điện Phương Trang Miễn Phí
Hành Trình Đăng Đón Xe Buýt Từ An Nhơn Tây Đi Bến Xe Buýt Củ Chi, Xe Buýt Điện Phương Trang Miễn Phí
@utlieufamily9680","Hành Trình Đăng Đón Xe Buýt Từ An Nhơn Tây Đi Bến Xe Buýt Củ Chi, Xe Buýt Điện Phương Trang Miễn Phí",2026-08-15T11:54:40Z,2026-08-15T11:54:40Z,Dạ Út cảm ơn nhiều ạ,reply,UgzLJdHguiQ5pW0i9DR4AaABAg,UgzLJdHguiQ5pW0i9DR4AaABAg,1,2026-08-16T00:07:33Z,2026-08-16T00:07:33Z,0,UCDchI0HyNAD7yO1yE3zefCg,,0,0,youtube_20260926_1347,baseline_20260926_134704,2026-09-26T20:53:10.487185+07:00
youtube_c_UgxNy9a800vCakv1yqp4AaABAg,youtube,https://www.youtube.com/watch?v=OYGhY2TM_PE,OYGhY2TM_PE,"Foton Ebus U12 SC | G23 | Conecta Mobility (US18) #touhouproject #redmovilidad #vocaloid
#hatsunemiku #automobile #enbuscadelosmejoresprecios #redmovilidad #metro #kagaminerin #train #subway #vocaloid #travel #reimuhakurei #touhouproject #touhou",Foton Ebus U12 SC | G23 | Conecta Mobility (US18) #touhouproject #redmovilidad #vocaloid,2026-09-22T11:04:08Z,2026-09-22T11:04:08Z,Y la música asiática es por algo en específico????,top_level,,UgxNy9a800vCakv1yqp4AaABAg,0,2026-09-22T17:12:12Z,2026-09-22T17:12:12Z,1,UC-783bq93ao_LfAr4htEksQ,,0,0,youtube_20260927_1100,baseline_20260926_134704,2026-09-27T18:02:07.745516+07:00
youtube_c_UgxNy9a800vCakv1yqp4AaABAg.Ab3kQazoCa6Ab3kj0pvEAf,youtube,https://www.youtube.com/watch?v=OYGhY2TM_PE,OYGhY2TM_PE,"Foton Ebus U12 SC | G23 | Conecta Mobility (US18) #touhouproject #redmovilidad #vocaloid
#hatsunemiku #automobile #enbuscadelosmejoresprecios #redmovilidad #metro #kagaminerin #train #subway #vocaloid #travel #reimuhakurei #touhouproject #touhou",Foton Ebus U12 SC | G23 | Conecta Mobility (US18) #touhouproject #redmovilidad #vocaloid,2026-09-22T11:04:08Z,2026-09-22T11:04:08Z,Por si acaso es un cover en inglés de Bad Apple de Touhou Project amigo,reply,UgxNy9a800vCakv1yqp4AaABAg,UgxNy9a800vCakv1yqp4AaABAg,1,2026-09-22T17:14:51Z,2026-09-22T17:14:51Z,1,UCJzJBY0ljjVp53iiSlQvIvg,,0,0,youtube_20260927_1100,baseline_20260926_134704,2026-09-27T18:02:11.030542+07:00
youtube_c_UgxNy9a800vCakv1yqp4AaABAg.Ab3kQazoCa6AbC4MpSS5lk,youtube,https://www.youtube.com/watch?v=OYGhY2TM_PE,OYGhY2TM_PE,"Foton Ebus U12 SC | G23 | Conecta Mobility (US18) #touhouproject #redmovilidad #vocaloid
#hatsunemiku #automobile #enbuscadelosmejoresprecios #redmovilidad #metro #kagaminerin #train #subway #vocaloid #travel #reimuhakurei #touhouproject #touhou",Foton Ebus U12 SC | G23 | Conecta Mobility (US18) #touhouproject #redmovilidad #vocaloid,2026-09-22T11:04:08Z,2026-09-22T11:04:08Z,​@Leon_Busologo_Viajemos_BCL soy muy millennial para eso... Pensé que era por ser una marca china 😅😂😂😂😂,reply,UgxNy9a800vCakv1yqp4AaABAg,UgxNy9a800vCakv1yqp4AaABAg,1,2026-09-25T22:49:07Z,2026-09-25T22:49:07Z,1,UC-783bq93ao_LfAr4htEksQ,,0,0,youtube_20260927_1100,baseline_20260926_134704,2026-09-27T18:02:11.031616+07:00
youtube_c_UgxNy9a800vCakv1yqp4AaABAg.Ab3kQazoCa6AbDrNRB51IZ,youtube,https://www.youtube.com/watch?v=OYGhY2TM_PE,OYGhY2TM_PE,"Foton Ebus U12 SC | G23 | Conecta Mobility (US18) #touhouproject #redmovilidad #vocaloid
#hatsunemiku #automobile #enbuscadelosmejoresprecios #redmovilidad #metro #kagaminerin #train #subway #vocaloid #travel #reimuhakurei #touhouproject #touhou",Foton Ebus U12 SC | G23 | Conecta Mobility (US18) #touhouproject #redmovilidad #vocaloid,2026-09-22T11:04:08Z,2026-09-22T11:04:08Z,@l@labalaun7XD,reply,UgxNy9a800vCakv1yqp4AaABAg,UgxNy9a800vCakv1yqp4AaABAg,1,2026-09-26T15:25:20Z,2026-09-26T15:25:20Z,1,UCJzJBY0ljjVp53iiSlQvIvg,,0,0,youtube_20260927_1100,baseline_20260926_134704,2026-09-27T18:02:11.031616+07:00
youtube_c_UgzGVfaD2jxb6B_EGTh4AaABAg,youtube,https://www.youtube.com/watch?v=OgVytCKKfzs,OgVytCKKfzs,"Lần đầu đi show bằng xe bus điện 🚗 
Trải nghiệm đi show bằng xe bus 🚌
Và sau đây tui xin dẫn mọi người đi show Q1 bằng xe bus cùng tui nha!!! #mc  #dieptieubang #event #trending  #xuhuongyoutube  #spa",Lần đầu đi show bằng xe bus điện 🚗 ,2026-09-23T01:37:46Z,2026-09-23T01:37:46Z,Đẹp quá em,top_level,,UgzGVfaD2jxb6B_EGTh4AaABAg,0,2026-09-23T02:42:51Z,2026-09-23T02:42:51Z,1,UCeq-Yt7eVMvQFMsjEupXdGw,,0,0,youtube_20260926_1347,baseline_20260926_134704,2026-09-26T20:51:27.915223+07:00
youtube_c_UgzGVfaD2jxb6B_EGTh4AaABAg.Ab4lj9vvbg7Ab4qtfo7wgy,youtube,https://www.youtube.com/watch?v=OgVytCKKfzs,OgVytCKKfzs,"Lần đầu đi show bằng xe bus điện 🚗 
Trải nghiệm đi show bằng xe bus 🚌
Và sau đây tui xin dẫn mọi người đi show Q1 bằng xe bus cùng tui nha!!! #mc  #dieptieubang #event #trending  #xuhuongyoutube  #spa",Lần đầu đi show bằng xe bus điện 🚗 ,2026-09-23T01:37:46Z,2026-09-23T01:37:46Z,Cảm ơn a,reply,UgzGVfaD2jxb6B_EGTh4AaABAg,UgzGVfaD2jxb6B_EGTh4AaABAg,1,2026-09-23T03:27:59Z,2026-09-23T03:27:59Z,1,UCHiiHX1jTFsnY3xL7lpvwiw,,0,0,youtube_20260926_1347,baseline_20260926_134704,2026-09-26T20:51:31.191540+07:00
youtube_c_Ugz1orMQ_1DoqpDbHUV4AaABAg,youtube,https://www.youtube.com/watch?v=QI1E57Y2USI,QI1E57Y2USI,"Mod skin VinBus Bsu
skin by me 
link : trên fb",Mod skin VinBus Bsu,2026-09-20T08:56:45Z,2026-09-20T08:56:45Z,Bạn ê có skin xe Doremon thaco 2022 ko,top_level,,Ugz1orMQ_1DoqpDbHUV4AaABAg,0,2026-09-26T04:07:36Z,2026-09-26T04:07:36Z,0,UCPH5SetX2SvMReVix0OZzPA,,0,0,youtube_20260926_1347,baseline_20260926_134704,2026-09-26T21:02:39.017922+07:00
youtube_c_Ugz1orMQ_1DoqpDbHUV4AaABAg.AbCdoT7_nZxAbCjIJ0EyP4,youtube,https://www.youtube.com/watch?v=QI1E57Y2USI,QI1E57Y2USI,"Mod skin VinBus Bsu
skin by me 
link : trên fb",Mod skin VinBus Bsu,2026-09-20T08:56:45Z,2026-09-20T08:56:45Z,Ri,reply,Ugz1orMQ_1DoqpDbHUV4AaABAg,Ugz1orMQ_1DoqpDbHUV4AaABAg,1,2026-09-26T04:55:30Z,2026-09-26T04:55:30Z,0,UCg_W8bAOy7CASGKtD1jrRoQ,,0,0,youtube_20260926_1347,baseline_20260926_134704,2026-09-26T21:02:42.617050+07:00
youtube_c_Ugwwqkcami2eGSuwYQp4AaABAg,youtube,https://www.youtube.com/watch?v=R-DdF7b8FM0,R-DdF7b8FM0,"Hành Trình Đăng Đi Xe Bus Điện Phương Trang Số 70 Đi Từ Bến Súc Đến Tân Quy Củ Chi
Hành Trình Đăng Đi Xe Bus Điện Phương Trang Số 70 Đi Từ Bến Súc Đến Tân Quy Củ Chi
@utlieufamily9680",Hành Trình Đăng Đi Xe Bus Điện Phương Trang Số 70 Đi Từ Bến Súc Đến Tân Quy Củ Chi,2026-09-17T12:15:24Z,2026-09-17T12:15:24Z,Bà Tám chúc hai mẹ con hành trình đi quay được nhiều bieu nha,top_level,,Ugwwqkcami2eGSuwYQp4AaABAg,0,2026-09-17T14:46:49Z,2026-09-17T14:46:49Z,1,UC5YZy83J0vz-4BAUY3J76TQ,transport_impact,0,0,youtube_20260926_1347,baseline_20260926_134704,2026-09-26T20:49:38.515814+07:00
youtube_c_Ugx4_PgyngboharV_c54AaABAg,youtube,https://www.youtube.com/watch?v=R-DdF7b8FM0,R-DdF7b8FM0,"Hành Trình Đăng Đi Xe Bus Điện Phương Trang Số 70 Đi Từ Bến Súc Đến Tân Quy Củ Chi
Hành Trình Đăng Đi Xe Bus Điện Phương Trang Số 70 Đi Từ Bến Súc Đến Tân Quy Củ Chi
@utlieufamily9680",Hành Trình Đăng Đi Xe Bus Điện Phương Trang Số 70 Đi Từ Bến Súc Đến Tân Quy Củ Chi,2026-09-17T12:15:24Z,2026-09-17T12:15:24Z,❤❤❤❤❤,top_level,,Ugx4_PgyngboharV_c54AaABAg,0,2026-09-17T14:47:14Z,2026-09-17T14:47:14Z,0,UC5YZy83J0vz-4BAUY3J76TQ,,0,0,youtube_20260926_1347,baseline_20260926_134704,2026-09-26T20:49:38.509882+07:00
youtube_c_Ugy0aoH59RjwEPwyWuF4AaABAg,youtube,https://www.youtube.com/watch?v=RtoObNsw5TM,RtoObNsw5TM,"Muree Electric Bus service Routes Timing and bus stops location | All bus routes | CDA Bus service 
Muree Electric Bus service Routes Timing and bus stops location | All bus routes | CDA Bus service 
#cda #electricbus #mureeElectricBus #Busstop",Muree Electric Bus service Routes Timing and bus stops location | All bus routes | CDA Bus service ,2026-09-26T04:54:19Z,2026-09-26T04:54:19Z,Electric bus a good option.,top_level,,Ugy0aoH59RjwEPwyWuF4AaABAg,0,2026-09-26T06:12:10Z,2026-09-26T06:12:10Z,1,UCsuqokPC8KJI2EavvHfmV7w,"transport_impact,electric_bus",0,0,youtube_20260926_1347,baseline_20260926_134704,2026-09-26T20:55:57.940277+07:00
youtube_c_Ugy0aoH59RjwEPwyWuF4AaABAg.AbCs3pYgogFAbD9pr__A2H,youtube,https://www.youtube.com/watch?v=RtoObNsw5TM,RtoObNsw5TM,"Muree Electric Bus service Routes Timing and bus stops location | All bus routes | CDA Bus service 
Muree Electric Bus service Routes Timing and bus stops location | All bus routes | CDA Bus service 
#cda #electricbus #mureeElectricBus #Busstop",Muree Electric Bus service Routes Timing and bus stops location | All bus routes | CDA Bus service ,2026-09-26T04:54:19Z,2026-09-26T04:54:19Z,❤,reply,Ugy0aoH59RjwEPwyWuF4AaABAg,Ugy0aoH59RjwEPwyWuF4AaABAg,1,2026-09-26T08:56:09Z,2026-09-26T08:56:09Z,0,UC0WTqCu1wyvylf8dag3H6WQ,,0,0,youtube_20260926_1347,baseline_20260926_134704,2026-09-26T20:56:01.258350+07:00
youtube_c_Ugx8-FMI0MlDs9KbBgV4AaABAg,youtube,https://www.youtube.com/watch?v=VdNG2nfV7xQ,VdNG2nfV7xQ,"Ampstar Bus Walkaround ✅ JSW Greentech Electric Bus All Details 
jsw greentech, jsw group ampstar, electric bus, jsw electric, electric buses, jsw ampstar, jsw group launches new brand ampstar, greentech, electricbuses, ampstar ev, electric truck, ampstar launch, ampstar, electric trucks, electric vehicle, electric vehicles, jsw group, electrictrucks, electricvehiclemarket, electricvehicles, electricmobility, jsw, jsw ev",Ampstar Bus Walkaround ✅ JSW Greentech Electric Bus All Details ,2026-09-22T08:48:17Z,2026-09-22T08:48:17Z,Jsw helping china alot.. with mg to this amstar,top_level,,Ugx8-FMI0MlDs9KbBgV4AaABAg,0,2026-09-23T06:05:41Z,2026-09-23T06:05:41Z,5,UCVvwQW_VTBhRu4ZmD3Ubv1Q,,0,0,youtube_20260926_1347,baseline_20260926_134704,2026-09-26T20:57:55.158799+07:00
youtube_c_UgybQpV75xUkVoooIRx4AaABAg,youtube,https://www.youtube.com/watch?v=VdNG2nfV7xQ,VdNG2nfV7xQ,"Ampstar Bus Walkaround ✅ JSW Greentech Electric Bus All Details 
jsw greentech, jsw group ampstar, electric bus, jsw electric, electric buses, jsw ampstar, jsw group launches new brand ampstar, greentech, electricbuses, ampstar ev, electric truck, ampstar launch, ampstar, electric trucks, electric vehicle, electric vehicles, jsw group, electrictrucks, electricvehiclemarket, electricvehicles, electricmobility, jsw, jsw ev",Ampstar Bus Walkaround ✅ JSW Greentech Electric Bus All Details ,2026-09-22T08:48:17Z,2026-09-22T08:48:17Z,18m length really?,top_level,,UgybQpV75xUkVoooIRx4AaABAg,0,2026-09-23T04:45:33Z,2026-09-23T04:45:33Z,1,UCbIzxh2JlsHRs107vG-wJ4Q,,0,0,youtube_20260926_1347,baseline_20260926_134704,2026-09-26T20:57:55.158799+07:00
youtube_c_UgybQpV75xUkVoooIRx4AaABAg.Ab4zlsYjeTxAb6F53g966N,youtube,https://www.youtube.com/watch?v=VdNG2nfV7xQ,VdNG2nfV7xQ,"Ampstar Bus Walkaround ✅ JSW Greentech Electric Bus All Details 
jsw greentech, jsw group ampstar, electric bus, jsw electric, electric buses, jsw ampstar, jsw group launches new brand ampstar, greentech, electricbuses, ampstar ev, electric truck, ampstar launch, ampstar, electric trucks, electric vehicle, electric vehicles, jsw group, electrictrucks, electricvehiclemarket, electricvehicles, electricmobility, jsw, jsw ev",Ampstar Bus Walkaround ✅ JSW Greentech Electric Bus All Details ,2026-09-22T08:48:17Z,2026-09-22T08:48:17Z,I also wonder😢😢😢is that even possible,reply,UgybQpV75xUkVoooIRx4AaABAg,UgybQpV75xUkVoooIRx4AaABAg,1,2026-09-23T16:27:22Z,2026-09-23T16:27:22Z,0,UCxQuNk1BPd1B6U6SLXU7F-g,,0,0,youtube_20260926_1347,baseline_20260926_134704,2026-09-26T20:57:58.441267+07:00
youtube_c_UgzPQcyDylm-_HeFuXZ4AaABAg,youtube,https://www.youtube.com/watch?v=VdNG2nfV7xQ,VdNG2nfV7xQ,"Ampstar Bus Walkaround ✅ JSW Greentech Electric Bus All Details 
jsw greentech, jsw group ampstar, electric bus, jsw electric, electric buses, jsw ampstar, jsw group launches new brand ampstar, greentech, electricbuses, ampstar ev, electric truck, ampstar launch, ampstar, electric trucks, electric vehicle, electric vehicles, jsw group, electrictrucks, electricvehiclemarket, electricvehicles, electricmobility, jsw, jsw ev",Ampstar Bus Walkaround ✅ JSW Greentech Electric Bus All Details ,2026-09-22T08:48:17Z,2026-09-22T08:48:17Z,Chinese rebadged bus.,top_level,,UgzPQcyDylm-_HeFuXZ4AaABAg,0,2026-09-22T11:28:40Z,2026-09-22T11:28:40Z,7,UCb4h3RRLkCFJP8znsOU5p-g,transport_impact,0,0,youtube_20260926_1347,baseline_20260926_134704,2026-09-26T20:57:58.444627+07:00
youtube_c_UgzPQcyDylm-_HeFuXZ4AaABAg.Ab386S9nImcAb3E_5A1C9z,youtube,https://www.youtube.com/watch?v=VdNG2nfV7xQ,VdNG2nfV7xQ,"Ampstar Bus Walkaround ✅ JSW Greentech Electric Bus All Details 
jsw greentech, jsw group ampstar, electric bus, jsw electric, electric buses, jsw ampstar, jsw group launches new brand ampstar, greentech, electricbuses, ampstar ev, electric truck, ampstar launch, ampstar, electric trucks, electric vehicle, electric vehicles, jsw group, electrictrucks, electricvehiclemarket, electricvehicles, electricmobility, jsw, jsw ev",Ampstar Bus Walkaround ✅ JSW Greentech Electric Bus All Details ,2026-09-22T08:48:17Z,2026-09-22T08:48:17Z,Which chiense brand?,reply,UgzPQcyDylm-_HeFuXZ4AaABAg,UgzPQcyDylm-_HeFuXZ4AaABAg,1,2026-09-22T12:25:08Z,2026-09-22T12:25:08Z,0,UCbq5M_w-1fP6ZabYjC4GP3A,,0,0,youtube_20260926_1347,baseline_20260926_134704,2026-09-26T20:58:01.774477+07:00
youtube_c_UgzPQcyDylm-_HeFuXZ4AaABAg.Ab386S9nImcAb3UXM-DPsm,youtube,https://www.youtube.com/watch?v=VdNG2nfV7xQ,VdNG2nfV7xQ,"Ampstar Bus Walkaround ✅ JSW Greentech Electric Bus All Details 
jsw greentech, jsw group ampstar, electric bus, jsw electric, electric buses, jsw ampstar, jsw group launches new brand ampstar, greentech, electricbuses, ampstar ev, electric truck, ampstar launch, ampstar, electric trucks, electric vehicle, electric vehicles, jsw group, electrictrucks, electricvehiclemarket, electricvehicles, electricmobility, jsw, jsw ev",Ampstar Bus Walkaround ✅ JSW Greentech Electric Bus All Details ,2026-09-22T08:48:17Z,2026-09-22T08:48:17Z,​@unknownBrain99mg,reply,UgzPQcyDylm-_HeFuXZ4AaABAg,UgzPQcyDylm-_HeFuXZ4AaABAg,1,2026-09-22T14:44:35Z,2026-09-22T14:44:35Z,0,UC7EiuhnKkAmRq9LzlGu8xTw,,0,0,youtube_20260926_1347,baseline_20260926_134704,2026-09-26T20:58:01.774477+07:00
youtube_c_UgzPQcyDylm-_HeFuXZ4AaABAg.Ab386S9nImcAb4dxZyru8U,youtube,https://www.youtube.com/watch?v=VdNG2nfV7xQ,VdNG2nfV7xQ,"Ampstar Bus Walkaround ✅ JSW Greentech Electric Bus All Details 
jsw greentech, jsw group ampstar, electric bus, jsw electric, electric buses, jsw ampstar, jsw group launches new brand ampstar, greentech, electricbuses, ampstar ev, electric truck, ampstar launch, ampstar, electric trucks, electric vehicle, electric vehicles, jsw group, electrictrucks, electricvehiclemarket, electricvehicles, electricmobility, jsw, jsw ev",Ampstar Bus Walkaround ✅ JSW Greentech Electric Bus All Details ,2026-09-22T08:48:17Z,2026-09-22T08:48:17Z,​SAIC sunwin,reply,UgzPQcyDylm-_HeFuXZ4AaABAg,UgzPQcyDylm-_HeFuXZ4AaABAg,1,2026-09-23T01:34:55Z,2026-09-23T01:34:55Z,2,UCmBBAIBbhXbGOFIQ6u9ngVg,,0,0,youtube_20260926_1347,baseline_20260926_134704,2026-09-26T20:58:01.775287+07:00
youtube_c_UgwDNHFh2ovpXEVlA5l4AaABAg,youtube,https://www.youtube.com/watch?v=YvU0MEw5ogs,YvU0MEw5ogs,"Sleeper Bus Fire Accidents पर Nitin Gadkari ने बस बनाने वालों को क्या चेतावनी दी?
Why did Madhya Pradesh bring back a state-backed bus network after 21 years? Union Minister Nitin Gadkari and Chief Minister Mohan Yadav flagged off 351 buses in Bhopal under the Mukhyamantri Sugam Parivahan Sewa and the PM e-Bus Sewa.

In this video, find out:
Why the MP State Road Transport Corporation was shut down in 2005, with liabilities of about Rs 756 crore and monthly losses of nearly Rs 5 crore.
How the new system will run through private operators under government-regulated contracts.
Which cities got the most buses. Indore got 145, Bhopal 106 and Jabalpur 67.
What the targets are: about 1,500 buses in the first year and 15,000 by 2031.
What Gadkari told bus manufacturers and RTO officers, including his ""Gandhiwadi"" remark.
What the new rules are for bus registration, including type-approval and physical and video verification.
How many electric buses MP has got under the PM e-Bus Sewa, and what safety features the new buses will have.

Subscribe for clear and simple updates on the news that matters.

#MadhyaPradesh #NitinGadkari #MohanYadav #PublicTransport #ElectricBus #PMeBusSewa #Bhopal #Indore

Produced by: Indian Express Hindi
Edited by: Baivhaw Kesharwani",Sleeper Bus Fire Accidents पर Nitin Gadkari ने बस बनाने वालों को क्या चेतावनी दी?,2026-09-26T12:24:30Z,2026-09-26T12:24:30Z,"Bus body builder mostly local welders have no knowledge of automobile engineering use cheap material and designs is main reason for fire these buses are coffins on wheels ....only manufacture like Tata , Mahindra , Eicher should be allowed to manufacture bus bodies who have expertise is automobile engineering",top_level,,UgwDNHFh2ovpXEVlA5l4AaABAg,0,2026-09-27T09:31:39Z,2026-09-27T09:31:39Z,0,UCj7R13OvFolHKIcengFgtQA,transport_impact,0,0,youtube_20260927_1002,baseline_20260926_134704,2026-09-27T17:02:40.522487+07:00
youtube_c_UgwKsBRdQnJOvRY4qGx4AaABAg,youtube,https://www.youtube.com/watch?v=YvU0MEw5ogs,YvU0MEw5ogs,"Sleeper Bus Fire Accidents पर Nitin Gadkari ने बस बनाने वालों को क्या चेतावनी दी?
Why did Madhya Pradesh bring back a state-backed bus network after 21 years? Union Minister Nitin Gadkari and Chief Minister Mohan Yadav flagged off 351 buses in Bhopal under the Mukhyamantri Sugam Parivahan Sewa and the PM e-Bus Sewa.

In this video, find out:
Why the MP State Road Transport Corporation was shut down in 2005, with liabilities of about Rs 756 crore and monthly losses of nearly Rs 5 crore.
How the new system will run through private operators under government-regulated contracts.
Which cities got the most buses. Indore got 145, Bhopal 106 and Jabalpur 67.
What the targets are: about 1,500 buses in the first year and 15,000 by 2031.
What Gadkari told bus manufacturers and RTO officers, including his ""Gandhiwadi"" remark.
What the new rules are for bus registration, including type-approval and physical and video verification.
How many electric buses MP has got under the PM e-Bus Sewa, and what safety features the new buses will have.

Subscribe for clear and simple updates on the news that matters.

#MadhyaPradesh #NitinGadkari #MohanYadav #PublicTransport #ElectricBus #PMeBusSewa #Bhopal #Indore

Produced by: Indian Express Hindi
Edited by: Baivhaw Kesharwani",Sleeper Bus Fire Accidents पर Nitin Gadkari ने बस बनाने वालों को क्या चेतावनी दी?,2026-09-26T12:24:30Z,2026-09-26T12:24:30Z,RTO ki sari galti hai unhe fasi ki saja do,top_level,,UgwKsBRdQnJOvRY4qGx4AaABAg,0,2026-09-26T12:45:07Z,2026-09-26T12:45:07Z,0,UCdP50HkiR8_SrWWUKTTs0JA,,0,0,youtube_20260926_1347,baseline_20260926_134704,2026-09-26T20:57:38.743327+07:00
youtube_c_UgwLDqhDTG9b2HxsVVl4AaABAg,youtube,https://www.youtube.com/watch?v=YvU0MEw5ogs,YvU0MEw5ogs,"Sleeper Bus Fire Accidents पर Nitin Gadkari ने बस बनाने वालों को क्या चेतावनी दी?
Why did Madhya Pradesh bring back a state-backed bus network after 21 years? Union Minister Nitin Gadkari and Chief Minister Mohan Yadav flagged off 351 buses in Bhopal under the Mukhyamantri Sugam Parivahan Sewa and the PM e-Bus Sewa.

In this video, find out:
Why the MP State Road Transport Corporation was shut down in 2005, with liabilities of about Rs 756 crore and monthly losses of nearly Rs 5 crore.
How the new system will run through private operators under government-regulated contracts.
Which cities got the most buses. Indore got 145, Bhopal 106 and Jabalpur 67.
What the targets are: about 1,500 buses in the first year and 15,000 by 2031.
What Gadkari told bus manufacturers and RTO officers, including his ""Gandhiwadi"" remark.
What the new rules are for bus registration, including type-approval and physical and video verification.
How many electric buses MP has got under the PM e-Bus Sewa, and what safety features the new buses will have.

Subscribe for clear and simple updates on the news that matters.

#MadhyaPradesh #NitinGadkari #MohanYadav #PublicTransport #ElectricBus #PMeBusSewa #Bhopal #Indore

Produced by: Indian Express Hindi
Edited by: Baivhaw Kesharwani",Sleeper Bus Fire Accidents पर Nitin Gadkari ने बस बनाने वालों को क्या चेतावनी दी?,2026-09-26T12:24:30Z,2026-09-26T12:24:30Z,Ek aur mauka janta ke paise fookne ka,top_level,,UgwLDqhDTG9b2HxsVVl4AaABAg,0,2026-09-26T14:52:09Z,2026-09-26T14:52:09Z,0,UCuPgEDfRGzjgh7mcbFckhxg,,0,0,youtube_20260926_1502,baseline_20260926_134704,2026-09-26T22:03:15.047448+07:00
youtube_c_Ugx-lHWWHcy5c3R03Jt4AaABAg,youtube,https://www.youtube.com/watch?v=YvU0MEw5ogs,YvU0MEw5ogs,"Sleeper Bus Fire Accidents पर Nitin Gadkari ने बस बनाने वालों को क्या चेतावनी दी?
Why did Madhya Pradesh bring back a state-backed bus network after 21 years? Union Minister Nitin Gadkari and Chief Minister Mohan Yadav flagged off 351 buses in Bhopal under the Mukhyamantri Sugam Parivahan Sewa and the PM e-Bus Sewa.

In this video, find out:
Why the MP State Road Transport Corporation was shut down in 2005, with liabilities of about Rs 756 crore and monthly losses of nearly Rs 5 crore.
How the new system will run through private operators under government-regulated contracts.
Which cities got the most buses. Indore got 145, Bhopal 106 and Jabalpur 67.
What the targets are: about 1,500 buses in the first year and 15,000 by 2031.
What Gadkari told bus manufacturers and RTO officers, including his ""Gandhiwadi"" remark.
What the new rules are for bus registration, including type-approval and physical and video verification.
How many electric buses MP has got under the PM e-Bus Sewa, and what safety features the new buses will have.

Subscribe for clear and simple updates on the news that matters.

#MadhyaPradesh #NitinGadkari #MohanYadav #PublicTransport #ElectricBus #PMeBusSewa #Bhopal #Indore

Produced by: Indian Express Hindi
Edited by: Baivhaw Kesharwani",Sleeper Bus Fire Accidents पर Nitin Gadkari ने बस बनाने वालों को क्या चेतावनी दी?,2026-09-26T12:24:30Z,2026-09-26T12:24:30Z,Public k paiso se assets kharid k private companies ko dena ek fashion ban gaya hai BJP ka,top_level,,Ugx-lHWWHcy5c3R03Jt4AaABAg,0,2026-09-26T15:55:24Z,2026-09-26T15:55:24Z,0,UCH2Il9sX7FY6AR-HV0GlTlw,,0,0,youtube_20260926_1601,baseline_20260926_134704,2026-09-26T23:01:32.729435+07:00
youtube_c_UgxAwuLtjJeJiY5-ULJ4AaABAg,youtube,https://www.youtube.com/watch?v=YvU0MEw5ogs,YvU0MEw5ogs,"Sleeper Bus Fire Accidents पर Nitin Gadkari ने बस बनाने वालों को क्या चेतावनी दी?
Why did Madhya Pradesh bring back a state-backed bus network after 21 years? Union Minister Nitin Gadkari and Chief Minister Mohan Yadav flagged off 351 buses in Bhopal under the Mukhyamantri Sugam Parivahan Sewa and the PM e-Bus Sewa.

In this video, find out:
Why the MP State Road Transport Corporation was shut down in 2005, with liabilities of about Rs 756 crore and monthly losses of nearly Rs 5 crore.
How the new system will run through private operators under government-regulated contracts.
Which cities got the most buses. Indore got 145, Bhopal 106 and Jabalpur 67.
What the targets are: about 1,500 buses in the first year and 15,000 by 2031.
What Gadkari told bus manufacturers and RTO officers, including his ""Gandhiwadi"" remark.
What the new rules are for bus registration, including type-approval and physical and video verification.
How many electric buses MP has got under the PM e-Bus Sewa, and what safety features the new buses will have.

Subscribe for clear and simple updates on the news that matters.

#MadhyaPradesh #NitinGadkari #MohanYadav #PublicTransport #ElectricBus #PMeBusSewa #Bhopal #Indore

Produced by: Indian Express Hindi
Edited by: Baivhaw Kesharwani",Sleeper Bus Fire Accidents पर Nitin Gadkari ने बस बनाने वालों को क्या चेतावनी दी?,2026-09-26T12:24:30Z,2026-09-26T12:24:30Z,"Jhoot bol raha hai , politician kuch nahi hoga , chadwa and partnership neta ke sath badni hogi , phir tum kuch bhi kam kar lo ?",top_level,,UgxAwuLtjJeJiY5-ULJ4AaABAg,0,2026-09-26T19:39:40Z,2026-09-26T19:39:40Z,0,UCt6aMpRz_qDRFg3ZSkA05Dg,,0,0,youtube_20260927_0855,baseline_20260926_134704,2026-09-27T15:58:07.335627+07:00
youtube_c_UgxkEzzhvldyi0-9ffV4AaABAg,youtube,https://www.youtube.com/watch?v=YvU0MEw5ogs,YvU0MEw5ogs,"Sleeper Bus Fire Accidents पर Nitin Gadkari ने बस बनाने वालों को क्या चेतावनी दी?
Why did Madhya Pradesh bring back a state-backed bus network after 21 years? Union Minister Nitin Gadkari and Chief Minister Mohan Yadav flagged off 351 buses in Bhopal under the Mukhyamantri Sugam Parivahan Sewa and the PM e-Bus Sewa.

In this video, find out:
Why the MP State Road Transport Corporation was shut down in 2005, with liabilities of about Rs 756 crore and monthly losses of nearly Rs 5 crore.
How the new system will run through private operators under government-regulated contracts.
Which cities got the most buses. Indore got 145, Bhopal 106 and Jabalpur 67.
What the targets are: about 1,500 buses in the first year and 15,000 by 2031.
What Gadkari told bus manufacturers and RTO officers, including his ""Gandhiwadi"" remark.
What the new rules are for bus registration, including type-approval and physical and video verification.
How many electric buses MP has got under the PM e-Bus Sewa, and what safety features the new buses will have.

Subscribe for clear and simple updates on the news that matters.

#MadhyaPradesh #NitinGadkari #MohanYadav #PublicTransport #ElectricBus #PMeBusSewa #Bhopal #Indore

Produced by: Indian Express Hindi
Edited by: Baivhaw Kesharwani",Sleeper Bus Fire Accidents पर Nitin Gadkari ने बस बनाने वालों को क्या चेतावनी दी?,2026-09-26T12:24:30Z,2026-09-26T12:24:30Z,Thoda dhyan  faulty bs 6 par bhi do purani gadiya nahi jal rahi h sari bs 6  h kyunki bs 6 regeneration k time wo aag ka gola ban jata h,top_level,,UgxkEzzhvldyi0-9ffV4AaABAg,0,2026-09-26T12:58:42Z,2026-09-26T12:58:42Z,0,UCKxBtOCAMsTm3QMiBrzCLkw,,0,0,youtube_20260926_1347,baseline_20260926_134704,2026-09-26T20:57:38.741370+07:00
youtube_c_Ugxz-fScTjrHHDB8dbB4AaABAg,youtube,https://www.youtube.com/watch?v=YvU0MEw5ogs,YvU0MEw5ogs,"Sleeper Bus Fire Accidents पर Nitin Gadkari ने बस बनाने वालों को क्या चेतावनी दी?
Why did Madhya Pradesh bring back a state-backed bus network after 21 years? Union Minister Nitin Gadkari and Chief Minister Mohan Yadav flagged off 351 buses in Bhopal under the Mukhyamantri Sugam Parivahan Sewa and the PM e-Bus Sewa.

In this video, find out:
Why the MP State Road Transport Corporation was shut down in 2005, with liabilities of about Rs 756 crore and monthly losses of nearly Rs 5 crore.
How the new system will run through private operators under government-regulated contracts.
Which cities got the most buses. Indore got 145, Bhopal 106 and Jabalpur 67.
What the targets are: about 1,500 buses in the first year and 15,000 by 2031.
What Gadkari told bus manufacturers and RTO officers, including his ""Gandhiwadi"" remark.
What the new rules are for bus registration, including type-approval and physical and video verification.
How many electric buses MP has got under the PM e-Bus Sewa, and what safety features the new buses will have.

Subscribe for clear and simple updates on the news that matters.

#MadhyaPradesh #NitinGadkari #MohanYadav #PublicTransport #ElectricBus #PMeBusSewa #Bhopal #Indore

Produced by: Indian Express Hindi
Edited by: Baivhaw Kesharwani",Sleeper Bus Fire Accidents पर Nitin Gadkari ने बस बनाने वालों को क्या चेतावनी दी?,2026-09-26T12:24:30Z,2026-09-26T12:24:30Z,"Parameter पूरा ना करने वाली company  से वैसे ही निपटेगी जैसे ठेकेदार से 
मतलब सारा लोन माफ़ 😂😂😂",top_level,,Ugxz-fScTjrHHDB8dbB4AaABAg,0,2026-09-26T12:33:39Z,2026-09-26T12:33:39Z,0,UCYIP0wHdeQid3cO_PORY8TA,,0,0,youtube_20260926_1347,baseline_20260926_134704,2026-09-26T20:57:38.750278+07:00
youtube_c_UgyaUcfHDGpmqLMqhnN4AaABAg,youtube,https://www.youtube.com/watch?v=YvU0MEw5ogs,YvU0MEw5ogs,"Sleeper Bus Fire Accidents पर Nitin Gadkari ने बस बनाने वालों को क्या चेतावनी दी?
Why did Madhya Pradesh bring back a state-backed bus network after 21 years? Union Minister Nitin Gadkari and Chief Minister Mohan Yadav flagged off 351 buses in Bhopal under the Mukhyamantri Sugam Parivahan Sewa and the PM e-Bus Sewa.

In this video, find out:
Why the MP State Road Transport Corporation was shut down in 2005, with liabilities of about Rs 756 crore and monthly losses of nearly Rs 5 crore.
How the new system will run through private operators under government-regulated contracts.
Which cities got the most buses. Indore got 145, Bhopal 106 and Jabalpur 67.
What the targets are: about 1,500 buses in the first year and 15,000 by 2031.
What Gadkari told bus manufacturers and RTO officers, including his ""Gandhiwadi"" remark.
What the new rules are for bus registration, including type-approval and physical and video verification.
How many electric buses MP has got under the PM e-Bus Sewa, and what safety features the new buses will have.

Subscribe for clear and simple updates on the news that matters.

#MadhyaPradesh #NitinGadkari #MohanYadav #PublicTransport #ElectricBus #PMeBusSewa #Bhopal #Indore

Produced by: Indian Express Hindi
Edited by: Baivhaw Kesharwani",Sleeper Bus Fire Accidents पर Nitin Gadkari ने बस बनाने वालों को क्या चेतावनी दी?,2026-09-26T12:24:30Z,2026-09-26T12:24:30Z,ऐसे विकास के कार्य पहली सरकारों ने भी किए हैं मगर संतरी की तरह झंडी दिखाने का काम बीजेपी के मंत्री ही कर सकते हैं। शायद ये इसी काबिल थे। जनता ने गलती की इनको सत्ता देकर। अब सब उसी गलती को भुगत रहे हैं।,top_level,,UgyaUcfHDGpmqLMqhnN4AaABAg,0,2026-09-26T13:50:55Z,2026-09-26T13:50:55Z,0,UC48AsqA-q6MRLQkTQtvWQRw,,0,0,youtube_20260926_1347,baseline_20260926_134704,2026-09-26T20:57:38.731023+07:00
youtube_c_Ugyt0vwLTKks5dKFOeN4AaABAg,youtube,https://www.youtube.com/watch?v=YvU0MEw5ogs,YvU0MEw5ogs,"Sleeper Bus Fire Accidents पर Nitin Gadkari ने बस बनाने वालों को क्या चेतावनी दी?
Why did Madhya Pradesh bring back a state-backed bus network after 21 years? Union Minister Nitin Gadkari and Chief Minister Mohan Yadav flagged off 351 buses in Bhopal under the Mukhyamantri Sugam Parivahan Sewa and the PM e-Bus Sewa.

In this video, find out:
Why the MP State Road Transport Corporation was shut down in 2005, with liabilities of about Rs 756 crore and monthly losses of nearly Rs 5 crore.
How the new system will run through private operators under government-regulated contracts.
Which cities got the most buses. Indore got 145, Bhopal 106 and Jabalpur 67.
What the targets are: about 1,500 buses in the first year and 15,000 by 2031.
What Gadkari told bus manufacturers and RTO officers, including his ""Gandhiwadi"" remark.
What the new rules are for bus registration, including type-approval and physical and video verification.
How many electric buses MP has got under the PM e-Bus Sewa, and what safety features the new buses will have.

Subscribe for clear and simple updates on the news that matters.

#MadhyaPradesh #NitinGadkari #MohanYadav #PublicTransport #ElectricBus #PMeBusSewa #Bhopal #Indore

Produced by: Indian Express Hindi
Edited by: Baivhaw Kesharwani",Sleeper Bus Fire Accidents पर Nitin Gadkari ने बस बनाने वालों को क्या चेतावनी दी?,2026-09-26T12:24:30Z,2026-09-26T12:24:30Z,बीजेपी वालों के सारे कानून खोखले साबित हुऐ हैं और आगे भी ऐसा ही होगा क्योंकि ये कानून बनाने के नाम पर सिर्फ़ दिखावा करते हैं होता कुछ नहीं। इनकी बनाई सड़के आए दिन टूट जाती हैं उनमें गड्ढे पड़ जाते हैं वो इनसे संभाले नहीं जाते तो बसों को क्या संभालेंगे।,top_level,,Ugyt0vwLTKks5dKFOeN4AaABAg,0,2026-09-26T13:47:08Z,2026-09-26T13:47:08Z,0,UC48AsqA-q6MRLQkTQtvWQRw,,0,0,youtube_20260926_1347,baseline_20260926_134704,2026-09-26T20:57:38.735679+07:00
youtube_c_UgzNQN_Y7ke4QB9MM1R4AaABAg,youtube,https://www.youtube.com/watch?v=YvU0MEw5ogs,YvU0MEw5ogs,"Sleeper Bus Fire Accidents पर Nitin Gadkari ने बस बनाने वालों को क्या चेतावनी दी?
Why did Madhya Pradesh bring back a state-backed bus network after 21 years? Union Minister Nitin Gadkari and Chief Minister Mohan Yadav flagged off 351 buses in Bhopal under the Mukhyamantri Sugam Parivahan Sewa and the PM e-Bus Sewa.

In this video, find out:
Why the MP State Road Transport Corporation was shut down in 2005, with liabilities of about Rs 756 crore and monthly losses of nearly Rs 5 crore.
How the new system will run through private operators under government-regulated contracts.
Which cities got the most buses. Indore got 145, Bhopal 106 and Jabalpur 67.
What the targets are: about 1,500 buses in the first year and 15,000 by 2031.
What Gadkari told bus manufacturers and RTO officers, including his ""Gandhiwadi"" remark.
What the new rules are for bus registration, including type-approval and physical and video verification.
How many electric buses MP has got under the PM e-Bus Sewa, and what safety features the new buses will have.

Subscribe for clear and simple updates on the news that matters.

#MadhyaPradesh #NitinGadkari #MohanYadav #PublicTransport #ElectricBus #PMeBusSewa #Bhopal #Indore

Produced by: Indian Express Hindi
Edited by: Baivhaw Kesharwani",Sleeper Bus Fire Accidents पर Nitin Gadkari ने बस बनाने वालों को क्या चेतावनी दी?,2026-09-26T12:24:30Z,2026-09-26T12:24:30Z,Indian Express 351 bus ki photo to thik se dekho..  O bus nhi kura h😂,top_level,,UgzNQN_Y7ke4QB9MM1R4AaABAg,0,2026-09-26T12:34:03Z,2026-09-26T12:34:03Z,1,UCsG1Qyr0xpZ2ywq9INyF0dw,transport_impact,0,0,youtube_20260926_1347,baseline_20260926_134704,2026-09-26T20:57:38.746975+07:00
youtube_c_UgzQ8urkuUSkuDyu9354AaABAg,youtube,https://www.youtube.com/watch?v=YvU0MEw5ogs,YvU0MEw5ogs,"Sleeper Bus Fire Accidents पर Nitin Gadkari ने बस बनाने वालों को क्या चेतावनी दी?
Why did Madhya Pradesh bring back a state-backed bus network after 21 years? Union Minister Nitin Gadkari and Chief Minister Mohan Yadav flagged off 351 buses in Bhopal under the Mukhyamantri Sugam Parivahan Sewa and the PM e-Bus Sewa.

In this video, find out:
Why the MP State Road Transport Corporation was shut down in 2005, with liabilities of about Rs 756 crore and monthly losses of nearly Rs 5 crore.
How the new system will run through private operators under government-regulated contracts.
Which cities got the most buses. Indore got 145, Bhopal 106 and Jabalpur 67.
What the targets are: about 1,500 buses in the first year and 15,000 by 2031.
What Gadkari told bus manufacturers and RTO officers, including his ""Gandhiwadi"" remark.
What the new rules are for bus registration, including type-approval and physical and video verification.
How many electric buses MP has got under the PM e-Bus Sewa, and what safety features the new buses will have.

Subscribe for clear and simple updates on the news that matters.

#MadhyaPradesh #NitinGadkari #MohanYadav #PublicTransport #ElectricBus #PMeBusSewa #Bhopal #Indore

Produced by: Indian Express Hindi
Edited by: Baivhaw Kesharwani",Sleeper Bus Fire Accidents पर Nitin Gadkari ने बस बनाने वालों को क्या चेतावनी दी?,2026-09-26T12:24:30Z,2026-09-26T12:24:30Z,आपके चैनल से और बेहतर रिपोर्टिंग की उम्मीद है। इस विषय पर आप विशेषज्ञों के साथ रिपोर्ट करें जिसमें रोड की क्वालिटी उसका मैटिरियल और वाहनों की क्वालिटी उसका मैटिरियल पर चर्चा हो 🌹🌹🌹🌹🌹,top_level,,UgzQ8urkuUSkuDyu9354AaABAg,0,2026-09-26T13:10:17Z,2026-09-26T13:10:17Z,1,UCG1W7xzoL-Wu2TjD9tDpabg,,0,0,youtube_20260926_1347,baseline_20260926_134704,2026-09-26T20:57:38.738308+07:00
youtube_c_Ugzbsbj5JK6KyQZJkBd4AaABAg,youtube,https://www.youtube.com/watch?v=YvU0MEw5ogs,YvU0MEw5ogs,"Sleeper Bus Fire Accidents पर Nitin Gadkari ने बस बनाने वालों को क्या चेतावनी दी?
Why did Madhya Pradesh bring back a state-backed bus network after 21 years? Union Minister Nitin Gadkari and Chief Minister Mohan Yadav flagged off 351 buses in Bhopal under the Mukhyamantri Sugam Parivahan Sewa and the PM e-Bus Sewa.

In this video, find out:
Why the MP State Road Transport Corporation was shut down in 2005, with liabilities of about Rs 756 crore and monthly losses of nearly Rs 5 crore.
How the new system will run through private operators under government-regulated contracts.
Which cities got the most buses. Indore got 145, Bhopal 106 and Jabalpur 67.
What the targets are: about 1,500 buses in the first year and 15,000 by 2031.
What Gadkari told bus manufacturers and RTO officers, including his ""Gandhiwadi"" remark.
What the new rules are for bus registration, including type-approval and physical and video verification.
How many electric buses MP has got under the PM e-Bus Sewa, and what safety features the new buses will have.

Subscribe for clear and simple updates on the news that matters.

#MadhyaPradesh #NitinGadkari #MohanYadav #PublicTransport #ElectricBus #PMeBusSewa #Bhopal #Indore

Produced by: Indian Express Hindi
Edited by: Baivhaw Kesharwani",Sleeper Bus Fire Accidents पर Nitin Gadkari ने बस बनाने वालों को क्या चेतावनी दी?,2026-09-26T12:24:30Z,2026-09-26T12:24:30Z,Ethanol minister 👍,top_level,,Ugzbsbj5JK6KyQZJkBd4AaABAg,0,2026-09-26T15:23:21Z,2026-09-26T15:23:21Z,1,UCG2p01n5cmSII94lDOMkqZg,,0,0,youtube_20260926_1601,baseline_20260926_134704,2026-09-26T23:01:32.731947+07:00
youtube_c_Ugzeh7CL55lDXdXVg7N4AaABAg,youtube,https://www.youtube.com/watch?v=YvU0MEw5ogs,YvU0MEw5ogs,"Sleeper Bus Fire Accidents पर Nitin Gadkari ने बस बनाने वालों को क्या चेतावनी दी?
Why did Madhya Pradesh bring back a state-backed bus network after 21 years? Union Minister Nitin Gadkari and Chief Minister Mohan Yadav flagged off 351 buses in Bhopal under the Mukhyamantri Sugam Parivahan Sewa and the PM e-Bus Sewa.

In this video, find out:
Why the MP State Road Transport Corporation was shut down in 2005, with liabilities of about Rs 756 crore and monthly losses of nearly Rs 5 crore.
How the new system will run through private operators under government-regulated contracts.
Which cities got the most buses. Indore got 145, Bhopal 106 and Jabalpur 67.
What the targets are: about 1,500 buses in the first year and 15,000 by 2031.
What Gadkari told bus manufacturers and RTO officers, including his ""Gandhiwadi"" remark.
What the new rules are for bus registration, including type-approval and physical and video verification.
How many electric buses MP has got under the PM e-Bus Sewa, and what safety features the new buses will have.

Subscribe for clear and simple updates on the news that matters.

#MadhyaPradesh #NitinGadkari #MohanYadav #PublicTransport #ElectricBus #PMeBusSewa #Bhopal #Indore

Produced by: Indian Express Hindi
Edited by: Baivhaw Kesharwani",Sleeper Bus Fire Accidents पर Nitin Gadkari ने बस बनाने वालों को क्या चेतावनी दी?,2026-09-26T12:24:30Z,2026-09-26T12:24:30Z,BUSES MEIN BAR BAR AAG LAGNE KA KAARAN YAH RAHA KI PICHHLE HAADSE MEIN DOSHIYON PER KOI KATHORE ACTION NAHIN HUA... HAADSE KI CHAPET MEIN KOI BADI HASTIYAAN AAI HOTI TOH ALAG HI ACTION HOTA... VAISA HI ACTION DOSHIYON PER HONA CHAHIYE THAA... JO  UNKA BHI SUKH CHAIN KHATM KAR DETI...LEKIN NIBTAARA PAISE SE HO JAATA HAI..   ISLIYE AAGE BHI KOI STRICT ACTION NAHIN HOGA AUR HAADSE BHI RUKNE WALE NAHIN...,top_level,,Ugzeh7CL55lDXdXVg7N4AaABAg,0,2026-09-26T16:42:50Z,2026-09-26T16:42:50Z,0,UCtWOHHRz1J1-A_3NwElX8EA,,0,0,youtube_20260926_1700,baseline_20260926_134704,2026-09-27T00:00:39.114097+07:00
youtube_c_UgziasiehS0RYGOiOLt4AaABAg,youtube,https://www.youtube.com/watch?v=YvU0MEw5ogs,YvU0MEw5ogs,"Sleeper Bus Fire Accidents पर Nitin Gadkari ने बस बनाने वालों को क्या चेतावनी दी?
Why did Madhya Pradesh bring back a state-backed bus network after 21 years? Union Minister Nitin Gadkari and Chief Minister Mohan Yadav flagged off 351 buses in Bhopal under the Mukhyamantri Sugam Parivahan Sewa and the PM e-Bus Sewa.

In this video, find out:
Why the MP State Road Transport Corporation was shut down in 2005, with liabilities of about Rs 756 crore and monthly losses of nearly Rs 5 crore.
How the new system will run through private operators under government-regulated contracts.
Which cities got the most buses. Indore got 145, Bhopal 106 and Jabalpur 67.
What the targets are: about 1,500 buses in the first year and 15,000 by 2031.
What Gadkari told bus manufacturers and RTO officers, including his ""Gandhiwadi"" remark.
What the new rules are for bus registration, including type-approval and physical and video verification.
How many electric buses MP has got under the PM e-Bus Sewa, and what safety features the new buses will have.

Subscribe for clear and simple updates on the news that matters.

#MadhyaPradesh #NitinGadkari #MohanYadav #PublicTransport #ElectricBus #PMeBusSewa #Bhopal #Indore

Produced by: Indian Express Hindi
Edited by: Baivhaw Kesharwani",Sleeper Bus Fire Accidents पर Nitin Gadkari ने बस बनाने वालों को क्या चेतावनी दी?,2026-09-26T12:24:30Z,2026-09-26T12:24:30Z,Bhai abhi underground hi raho...qk mausam abhi sahi nhi chal rha h 😂,top_level,,UgziasiehS0RYGOiOLt4AaABAg,0,2026-09-26T12:41:12Z,2026-09-26T12:41:12Z,0,UC8Rw6Vp7b_HMsbhgON46Z8w,,0,0,youtube_20260926_1347,baseline_20260926_134704,2026-09-26T20:57:38.744353+07:00
youtube_c_Ugw-TZLQsddDR9Z3Esl4AaABAg,youtube,https://www.youtube.com/watch?v=Zu1BmRGMYWM,Zu1BmRGMYWM,Xe Vinbus sẽ tham gia đưa đón học sinh miễn phí tại 1 số phường trên địa bàn thành phố Quảng Ninh,Xe Vinbus sẽ tham gia đưa đón học sinh miễn phí tại 1 số phường trên địa bàn thành phố Quảng Ninh,2026-08-29T03:42:33Z,2026-08-29T03:42:33Z,Quảng Ninh thật tuyệt vời❤,top_level,,Ugw-TZLQsddDR9Z3Esl4AaABAg,0,2026-09-08T13:25:21Z,2026-09-08T13:25:21Z,0,UCZH9ttY-QVMJmSEXoz1bHVg,,0,0,youtube_20260926_1347,baseline_20260926_134704,2026-09-26T21:04:04.247550+07:00
youtube_c_Ugw0f78jKp_9qsXU9et4AaABAg,youtube,https://www.youtube.com/watch?v=Zu1BmRGMYWM,Zu1BmRGMYWM,Xe Vinbus sẽ tham gia đưa đón học sinh miễn phí tại 1 số phường trên địa bàn thành phố Quảng Ninh,Xe Vinbus sẽ tham gia đưa đón học sinh miễn phí tại 1 số phường trên địa bàn thành phố Quảng Ninh,2026-08-29T03:42:33Z,2026-08-29T03:42:33Z,Mở niềm tin và hy vọng. Nó rảnh thế ah,top_level,,Ugw0f78jKp_9qsXU9et4AaABAg,0,2026-09-09T10:31:06Z,2026-09-09T10:31:06Z,0,UCsvZ-UtNflCdvz6O9fjDCzw,,0,0,youtube_20260926_1347,baseline_20260926_134704,2026-09-26T21:04:00.914075+07:00
youtube_c_UgwKMckeLCMA088UB3R4AaABAg,youtube,https://www.youtube.com/watch?v=Zu1BmRGMYWM,Zu1BmRGMYWM,Xe Vinbus sẽ tham gia đưa đón học sinh miễn phí tại 1 số phường trên địa bàn thành phố Quảng Ninh,Xe Vinbus sẽ tham gia đưa đón học sinh miễn phí tại 1 số phường trên địa bàn thành phố Quảng Ninh,2026-08-29T03:42:33Z,2026-08-29T03:42:33Z,Quá tuyệt vời.,top_level,,UgwKMckeLCMA088UB3R4AaABAg,0,2026-09-04T15:59:31Z,2026-09-04T15:59:31Z,0,UC8lACH4yV5DgQcmFuyhZ36g,,0,0,youtube_20260926_1347,baseline_20260926_134704,2026-09-26T21:04:07.516903+07:00
youtube_c_UgwL4EjajzkROATEcfB4AaABAg,youtube,https://www.youtube.com/watch?v=Zu1BmRGMYWM,Zu1BmRGMYWM,Xe Vinbus sẽ tham gia đưa đón học sinh miễn phí tại 1 số phường trên địa bàn thành phố Quảng Ninh,Xe Vinbus sẽ tham gia đưa đón học sinh miễn phí tại 1 số phường trên địa bàn thành phố Quảng Ninh,2026-08-29T03:42:33Z,2026-08-29T03:42:33Z,Lãnh đạo Quảng Ninh rất có tâm. Vài năm trước một đoàn cán bộ tỉnh Quảng Ninh vào tận Sóc Trăng thâm cơ sở phân bón hóa học và kỹ thuật nuôi tôm của tiến sĩ Nguyễn Thanh Mỹ thì tôi biết cán bộ Quảng Ninh có tâm hơn nhiều với các lãnh đạo tỉnh nhỏ  khác chỉ biết xin tiền trung ương xây tượng đài.,top_level,,UgwL4EjajzkROATEcfB4AaABAg,0,2026-08-30T12:13:29Z,2026-08-30T12:13:29Z,26,UCX0-i9k10hF3dfdvwj7Z_bA,,0,0,youtube_20260926_1347,baseline_20260926_134704,2026-09-26T21:04:07.530203+07:00
youtube_c_UgwL4EjajzkROATEcfB4AaABAg.Aa7zxanAhXZAaE8oM_FGhT,youtube,https://www.youtube.com/watch?v=Zu1BmRGMYWM,Zu1BmRGMYWM,Xe Vinbus sẽ tham gia đưa đón học sinh miễn phí tại 1 số phường trên địa bàn thành phố Quảng Ninh,Xe Vinbus sẽ tham gia đưa đón học sinh miễn phí tại 1 số phường trên địa bàn thành phố Quảng Ninh,2026-08-29T03:42:33Z,2026-08-29T03:42:33Z,Thủ tướng Phạm Minh Chính cũng từng làm bí thư Tỉnh ủy Quảng Ninh. Vậy mới thấy rằng Quảng Ninh rất may mắn khi có những người vừa có tài vừa có đức lãnh đạo.,reply,UgwL4EjajzkROATEcfB4AaABAg,UgwL4EjajzkROATEcfB4AaABAg,1,2026-09-01T21:35:03Z,2026-09-01T21:35:03Z,7,UCaelKmCy0n4f2z0qo9dDr6w,,0,0,youtube_20260926_1347,baseline_20260926_134704,2026-09-26T21:04:10.942053+07:00
youtube_c_UgwL4EjajzkROATEcfB4AaABAg.Aa7zxanAhXZAaZ7-JTYMJL,youtube,https://www.youtube.com/watch?v=Zu1BmRGMYWM,Zu1BmRGMYWM,Xe Vinbus sẽ tham gia đưa đón học sinh miễn phí tại 1 số phường trên địa bàn thành phố Quảng Ninh,Xe Vinbus sẽ tham gia đưa đón học sinh miễn phí tại 1 số phường trên địa bàn thành phố Quảng Ninh,2026-08-29T03:42:33Z,2026-08-29T03:42:33Z,"Đang đọc và thích nhận xét công tâm của bạn . Cho đến câu cuối thì ...  nếu hay các tỉnh thành cũng hoạt động như vậy  thì chúng ta tiến nhanh hơn nữa , dân được hưởng lợi hơn nữa .",reply,UgwL4EjajzkROATEcfB4AaABAg,UgwL4EjajzkROATEcfB4AaABAg,1,2026-09-10T01:03:16Z,2026-09-10T01:03:16Z,0,UCjSqTTC9yPa80EuBAv7_CIA,,0,0,youtube_20260926_1347,baseline_20260926_134704,2026-09-26T21:04:10.944067+07:00
youtube_c_UgwQVKpfegc66VGdXNN4AaABAg,youtube,https://www.youtube.com/watch?v=Zu1BmRGMYWM,Zu1BmRGMYWM,Xe Vinbus sẽ tham gia đưa đón học sinh miễn phí tại 1 số phường trên địa bàn thành phố Quảng Ninh,Xe Vinbus sẽ tham gia đưa đón học sinh miễn phí tại 1 số phường trên địa bàn thành phố Quảng Ninh,2026-08-29T03:42:33Z,2026-08-29T03:42:33Z,Ai chi phi mua xe va bao duong va cha tai xe .,top_level,,UgwQVKpfegc66VGdXNN4AaABAg,0,2026-09-16T14:59:43Z,2026-09-16T14:59:43Z,0,UC_5MYHVSPtKLLbQoGJWGquw,,0,0,youtube_20260926_1347,baseline_20260926_134704,2026-09-26T21:03:57.606057+07:00
youtube_c_UgwQ_VN0FizjJQWJ9lp4AaABAg,youtube,https://www.youtube.com/watch?v=Zu1BmRGMYWM,Zu1BmRGMYWM,Xe Vinbus sẽ tham gia đưa đón học sinh miễn phí tại 1 số phường trên địa bàn thành phố Quảng Ninh,Xe Vinbus sẽ tham gia đưa đón học sinh miễn phí tại 1 số phường trên địa bàn thành phố Quảng Ninh,2026-08-29T03:42:33Z,2026-08-29T03:42:33Z,Quá tuyệt vời cho các con.thời 2000 nhà ở giếng đáy đi học bên hòn gai mình đạp xe đạp tù chân luôn😂😂,top_level,,UgwQ_VN0FizjJQWJ9lp4AaABAg,0,2026-08-30T07:51:07Z,2026-08-30T07:51:07Z,9,UC240nxw9yrZiP3HpiSNEFMA,transport_impact,0,0,youtube_20260926_1347,baseline_20260926_134704,2026-09-26T21:04:10.946565+07:00
youtube_c_UgwQ_VN0FizjJQWJ9lp4AaABAg.Aa7WvzzzolnAaULjH3I0X-,youtube,https://www.youtube.com/watch?v=Zu1BmRGMYWM,Zu1BmRGMYWM,Xe Vinbus sẽ tham gia đưa đón học sinh miễn phí tại 1 số phường trên địa bàn thành phố Quảng Ninh,Xe Vinbus sẽ tham gia đưa đón học sinh miễn phí tại 1 số phường trên địa bàn thành phố Quảng Ninh,2026-08-29T03:42:33Z,2026-08-29T03:42:33Z,"Thế chân mới to,sức khoẻ tốt!👍",reply,UgwQ_VN0FizjJQWJ9lp4AaABAg,UgwQ_VN0FizjJQWJ9lp4AaABAg,1,2026-09-08T04:35:48Z,2026-09-08T04:35:48Z,0,UCP4_xllY7T6Xo28HhvgP_Xg,,0,0,youtube_20260926_1347,baseline_20260926_134704,2026-09-26T21:04:14.374582+07:00
youtube_c_UgwWlU5Jb9z0wOw0_PR4AaABAg,youtube,https://www.youtube.com/watch?v=Zu1BmRGMYWM,Zu1BmRGMYWM,Xe Vinbus sẽ tham gia đưa đón học sinh miễn phí tại 1 số phường trên địa bàn thành phố Quảng Ninh,Xe Vinbus sẽ tham gia đưa đón học sinh miễn phí tại 1 số phường trên địa bàn thành phố Quảng Ninh,2026-08-29T03:42:33Z,2026-08-29T03:42:33Z,Tuyệt vời chúc mừng tp Quảng Ninh,top_level,,UgwWlU5Jb9z0wOw0_PR4AaABAg,0,2026-09-14T07:08:36Z,2026-09-14T07:08:36Z,0,UClKnAOY2oMpA9VUybqH1dOQ,,0,0,youtube_20260926_1347,baseline_20260926_134704,2026-09-26T21:04:00.911086+07:00
youtube_c_UgwebX4LJ0cO4ixpVAJ4AaABAg,youtube,https://www.youtube.com/watch?v=Zu1BmRGMYWM,Zu1BmRGMYWM,Xe Vinbus sẽ tham gia đưa đón học sinh miễn phí tại 1 số phường trên địa bàn thành phố Quảng Ninh,Xe Vinbus sẽ tham gia đưa đón học sinh miễn phí tại 1 số phường trên địa bàn thành phố Quảng Ninh,2026-08-29T03:42:33Z,2026-08-29T03:42:33Z,"Tôi nghĩ đến điều này, nay đã có tại QN. Xin chúc mừng. Tôi mong cả nc chỉ có 1 bộ sgk giảm tải cho các bé cấp 1. Mong bữa ăn của các cháu đc CN hóa và kiểm soát chất lg hằng ngày để bố mẹ khỏi phập phồng lo sợ bị ngộ độc và cắt xén. Cũng mong toàn quốc chuẩn hóa luôn đồng phục cho các cấp thì chi phí rẽ hơn và giải phóng cho BGH và cô thầy việc này.",top_level,,UgwebX4LJ0cO4ixpVAJ4AaABAg,0,2026-09-12T08:46:59Z,2026-09-12T08:46:59Z,1,UCNvib-pQwCRdC4683KiPjmA,hanoi_location,0,0,youtube_20260926_1347,baseline_20260926_134704,2026-09-26T21:04:00.913083+07:00
youtube_c_Ugwn7FK4mJfNGIW-iNN4AaABAg,youtube,https://www.youtube.com/watch?v=Zu1BmRGMYWM,Zu1BmRGMYWM,Xe Vinbus sẽ tham gia đưa đón học sinh miễn phí tại 1 số phường trên địa bàn thành phố Quảng Ninh,Xe Vinbus sẽ tham gia đưa đón học sinh miễn phí tại 1 số phường trên địa bàn thành phố Quảng Ninh,2026-08-29T03:42:33Z,2026-08-29T03:42:33Z,Vịnh di sản giờ đag trong tay phải ưu tiên😂,top_level,,Ugwn7FK4mJfNGIW-iNN4AaABAg,0,2026-09-04T00:02:34Z,2026-09-04T00:02:34Z,1,UC1BYQyc8PGpaxfcys1R7ubA,,0,0,youtube_20260926_1347,baseline_20260926_134704,2026-09-26T21:04:07.520041+07:00
youtube_c_UgwojHUMPDmpTXH_Evx4AaABAg,youtube,https://www.youtube.com/watch?v=Zu1BmRGMYWM,Zu1BmRGMYWM,Xe Vinbus sẽ tham gia đưa đón học sinh miễn phí tại 1 số phường trên địa bàn thành phố Quảng Ninh,Xe Vinbus sẽ tham gia đưa đón học sinh miễn phí tại 1 số phường trên địa bàn thành phố Quảng Ninh,2026-08-29T03:42:33Z,2026-08-29T03:42:33Z,Vừa thu được hơn tỷ USD tiền đất hạ long xanh tha hồ mà chi,top_level,,UgwojHUMPDmpTXH_Evx4AaABAg,0,2026-09-15T07:49:33Z,2026-09-15T07:49:33Z,0,UCh5X0nt1HJ_qE-wyzoTCNkg,,0,0,youtube_20260926_1347,baseline_20260926_134704,2026-09-26T21:03:57.609063+07:00
youtube_c_UgwojHUMPDmpTXH_Evx4AaABAg.AaliTSLnHnhAb5TpymG1jk,youtube,https://www.youtube.com/watch?v=Zu1BmRGMYWM,Zu1BmRGMYWM,Xe Vinbus sẽ tham gia đưa đón học sinh miễn phí tại 1 số phường trên địa bàn thành phố Quảng Ninh,Xe Vinbus sẽ tham gia đưa đón học sinh miễn phí tại 1 số phường trên địa bàn thành phố Quảng Ninh,2026-08-29T03:42:33Z,2026-08-29T03:42:33Z,Chẳng có Hạ Long xanh thì từ trước đến giờ nó cũng éo xin ngân sách nhà nước,reply,UgwojHUMPDmpTXH_Evx4AaABAg,UgwojHUMPDmpTXH_Evx4AaABAg,1,2026-09-23T09:17:00Z,2026-09-23T09:17:00Z,0,UCCWiu3_ce1bgKbhSYq9x7Sw,,0,0,youtube_20260926_1347,baseline_20260926_134704,2026-09-26T21:04:00.908538+07:00
youtube_c_UgwzOQlZpjL-kG6kQRN4AaABAg,youtube,https://www.youtube.com/watch?v=Zu1BmRGMYWM,Zu1BmRGMYWM,Xe Vinbus sẽ tham gia đưa đón học sinh miễn phí tại 1 số phường trên địa bàn thành phố Quảng Ninh,Xe Vinbus sẽ tham gia đưa đón học sinh miễn phí tại 1 số phường trên địa bàn thành phố Quảng Ninh,2026-08-29T03:42:33Z,2026-08-29T03:42:33Z,Quá tuyệt vời Quảng Ninh ơi!,top_level,,UgwzOQlZpjL-kG6kQRN4AaABAg,0,2026-09-08T00:19:33Z,2026-09-08T00:19:33Z,0,UCm9tZWVjJ3NnfSgtjsnv1lQ,,0,0,youtube_20260926_1347,baseline_20260926_134704,2026-09-26T21:04:07.515919+07:00
youtube_c_Ugx2T8McC5rsE1j7vEB4AaABAg,youtube,https://www.youtube.com/watch?v=Zu1BmRGMYWM,Zu1BmRGMYWM,Xe Vinbus sẽ tham gia đưa đón học sinh miễn phí tại 1 số phường trên địa bàn thành phố Quảng Ninh,Xe Vinbus sẽ tham gia đưa đón học sinh miễn phí tại 1 số phường trên địa bàn thành phố Quảng Ninh,2026-08-29T03:42:33Z,2026-08-29T03:42:33Z,"Quảng Ninh quá chịu chi, nghĩ tới dân quá tuyệt vời, mong tất cả tỉnh thành học hỏi Quảng Ninh",top_level,,Ugx2T8McC5rsE1j7vEB4AaABAg,0,2026-09-04T14:24:54Z,2026-09-04T14:24:54Z,7,UC2_inn8F1Rgb_ktuTFvF66Q,,0,0,youtube_20260926_1347,baseline_20260926_134704,2026-09-26T21:04:07.517917+07:00
youtube_c_UgxJleoJUqpNKJkavIF4AaABAg,youtube,https://www.youtube.com/watch?v=Zu1BmRGMYWM,Zu1BmRGMYWM,Xe Vinbus sẽ tham gia đưa đón học sinh miễn phí tại 1 số phường trên địa bàn thành phố Quảng Ninh,Xe Vinbus sẽ tham gia đưa đón học sinh miễn phí tại 1 số phường trên địa bàn thành phố Quảng Ninh,2026-08-29T03:42:33Z,2026-08-29T03:42:33Z,Giảm tai nạn giao thông cho học sinh.  Xin cảm ơn VIN. Hãy giao việc đưa đón học sinh cho VIN . Vì tương lai đất nước Việt Nam.,top_level,,UgxJleoJUqpNKJkavIF4AaABAg,0,2026-09-08T04:22:00Z,2026-09-08T04:22:00Z,1,UCCeW8fspoJoxBKEVsfXvDYQ,transport_impact,0,0,youtube_20260926_1347,baseline_20260926_134704,2026-09-26T21:04:07.511688+07:00
youtube_c_UgxhU9QFOLGDRdpdF814AaABAg,youtube,https://www.youtube.com/watch?v=Zu1BmRGMYWM,Zu1BmRGMYWM,Xe Vinbus sẽ tham gia đưa đón học sinh miễn phí tại 1 số phường trên địa bàn thành phố Quảng Ninh,Xe Vinbus sẽ tham gia đưa đón học sinh miễn phí tại 1 số phường trên địa bàn thành phố Quảng Ninh,2026-08-29T03:42:33Z,2026-08-29T03:42:33Z,Bán cái Hạ long xanh ntn vãn rẻ chán,top_level,,UgxhU9QFOLGDRdpdF814AaABAg,0,2026-09-09T09:15:18Z,2026-09-09T09:15:18Z,0,UCzK4Avu28xIixIQUgAJ-zWA,,0,0,youtube_20260926_1347,baseline_20260926_134704,2026-09-26T21:04:00.915061+07:00
youtube_c_UgxhU9QFOLGDRdpdF814AaABAg.AaXQWJE0tO2Ab5TyNnSzOi,youtube,https://www.youtube.com/watch?v=Zu1BmRGMYWM,Zu1BmRGMYWM,Xe Vinbus sẽ tham gia đưa đón học sinh miễn phí tại 1 số phường trên địa bàn thành phố Quảng Ninh,Xe Vinbus sẽ tham gia đưa đón học sinh miễn phí tại 1 số phường trên địa bàn thành phố Quảng Ninh,2026-08-29T03:42:33Z,2026-08-29T03:42:33Z,Mày ở trên núi hả thằng đầu đất...muốn phát triển mà éo muốn mất gì thì có cái đb,reply,UgxhU9QFOLGDRdpdF814AaABAg,UgxhU9QFOLGDRdpdF814AaABAg,1,2026-09-23T09:18:09Z,2026-09-23T09:18:09Z,0,UCCWiu3_ce1bgKbhSYq9x7Sw,,0,0,youtube_20260926_1347,baseline_20260926_134704,2026-09-26T21:04:04.243178+07:00
youtube_c_UgxiaGajXOVgcr1iZVB4AaABAg,youtube,https://www.youtube.com/watch?v=Zu1BmRGMYWM,Zu1BmRGMYWM,Xe Vinbus sẽ tham gia đưa đón học sinh miễn phí tại 1 số phường trên địa bàn thành phố Quảng Ninh,Xe Vinbus sẽ tham gia đưa đón học sinh miễn phí tại 1 số phường trên địa bàn thành phố Quảng Ninh,2026-08-29T03:42:33Z,2026-08-29T03:42:33Z,Rất tốt,top_level,,UgxiaGajXOVgcr1iZVB4AaABAg,0,2026-09-13T09:48:06Z,2026-09-13T09:48:06Z,0,UCN_5lE3j0pQL9oO7dd2_oWw,,0,0,youtube_20260926_1347,baseline_20260926_134704,2026-09-26T21:04:00.911086+07:00
youtube_c_UgxjkYUAXwK7VHapHMt4AaABAg,youtube,https://www.youtube.com/watch?v=Zu1BmRGMYWM,Zu1BmRGMYWM,Xe Vinbus sẽ tham gia đưa đón học sinh miễn phí tại 1 số phường trên địa bàn thành phố Quảng Ninh,Xe Vinbus sẽ tham gia đưa đón học sinh miễn phí tại 1 số phường trên địa bàn thành phố Quảng Ninh,2026-08-29T03:42:33Z,2026-08-29T03:42:33Z,❤❤❤🎉🎉🎉,top_level,,UgxjkYUAXwK7VHapHMt4AaABAg,0,2026-09-08T12:57:32Z,2026-09-08T12:57:32Z,0,UCGULwn-BoMyg6yr9N_AbUZA,,0,0,youtube_20260926_1347,baseline_20260926_134704,2026-09-26T21:04:04.248416+07:00
youtube_c_UgxnVOGaJIFNEjQEUxF4AaABAg,youtube,https://www.youtube.com/watch?v=Zu1BmRGMYWM,Zu1BmRGMYWM,Xe Vinbus sẽ tham gia đưa đón học sinh miễn phí tại 1 số phường trên địa bàn thành phố Quảng Ninh,Xe Vinbus sẽ tham gia đưa đón học sinh miễn phí tại 1 số phường trên địa bàn thành phố Quảng Ninh,2026-08-29T03:42:33Z,2026-08-29T03:42:33Z,"tuyệt vời quá, vừa an toàn vừa bớt áp lực cho cha mẹ",top_level,,UgxnVOGaJIFNEjQEUxF4AaABAg,0,2026-09-03T11:27:53Z,2026-09-03T11:27:53Z,1,UCInsxYkIlwcbzpaw_3Yt9-Q,,0,0,youtube_20260926_1347,baseline_20260926_134704,2026-09-26T21:04:07.520898+07:00
youtube_c_UgybDnDEuQ6ugGbeBqh4AaABAg,youtube,https://www.youtube.com/watch?v=Zu1BmRGMYWM,Zu1BmRGMYWM,Xe Vinbus sẽ tham gia đưa đón học sinh miễn phí tại 1 số phường trên địa bàn thành phố Quảng Ninh,Xe Vinbus sẽ tham gia đưa đón học sinh miễn phí tại 1 số phường trên địa bàn thành phố Quảng Ninh,2026-08-29T03:42:33Z,2026-08-29T03:42:33Z,Các cháu đi học được đi xe buts sướng quá à,top_level,,UgybDnDEuQ6ugGbeBqh4AaABAg,0,2026-08-30T06:24:47Z,2026-08-30T06:24:47Z,0,UCUgahei9LTT9bxoMsfrtR7g,transport_impact,0,0,youtube_20260926_1347,baseline_20260926_134704,2026-09-26T21:04:14.375574+07:00
youtube_c_Ugypa9XJghDKNBgBEI54AaABAg,youtube,https://www.youtube.com/watch?v=Zu1BmRGMYWM,Zu1BmRGMYWM,Xe Vinbus sẽ tham gia đưa đón học sinh miễn phí tại 1 số phường trên địa bàn thành phố Quảng Ninh,Xe Vinbus sẽ tham gia đưa đón học sinh miễn phí tại 1 số phường trên địa bàn thành phố Quảng Ninh,2026-08-29T03:42:33Z,2026-08-29T03:42:33Z,"Các Tỉnh,TP ngân sách rủng rỉnh hãy học tập Quảng Ninh.🎉",top_level,,Ugypa9XJghDKNBgBEI54AaABAg,0,2026-09-08T04:38:07Z,2026-09-08T04:38:07Z,0,UCP4_xllY7T6Xo28HhvgP_Xg,,0,0,youtube_20260926_1347,baseline_20260926_134704,2026-09-26T21:04:07.510683+07:00
youtube_c_UgytjzdtPWk7ozu-p6F4AaABAg,youtube,https://www.youtube.com/watch?v=Zu1BmRGMYWM,Zu1BmRGMYWM,Xe Vinbus sẽ tham gia đưa đón học sinh miễn phí tại 1 số phường trên địa bàn thành phố Quảng Ninh,Xe Vinbus sẽ tham gia đưa đón học sinh miễn phí tại 1 số phường trên địa bàn thành phố Quảng Ninh,2026-08-29T03:42:33Z,2026-08-29T03:42:33Z,Quá tốt. Vin luôn có tâm với đất nước. Một số người luôn có ý nghĩ tiêu cực. Cuộc sống của họ không bao giờ thanh thản.,top_level,,UgytjzdtPWk7ozu-p6F4AaABAg,0,2026-09-01T13:55:32Z,2026-09-01T13:55:32Z,6,UCmOH_wFvaw8xgMcqte8C-ig,,0,0,youtube_20260926_1347,baseline_20260926_134704,2026-09-26T21:04:07.523088+07:00
youtube_c_UgytsTlW_di-NxedyE94AaABAg,youtube,https://www.youtube.com/watch?v=Zu1BmRGMYWM,Zu1BmRGMYWM,Xe Vinbus sẽ tham gia đưa đón học sinh miễn phí tại 1 số phường trên địa bàn thành phố Quảng Ninh,Xe Vinbus sẽ tham gia đưa đón học sinh miễn phí tại 1 số phường trên địa bàn thành phố Quảng Ninh,2026-08-29T03:42:33Z,2026-08-29T03:42:33Z,Thí  điểm để bán DA hạ long,top_level,,UgytsTlW_di-NxedyE94AaABAg,0,2026-08-31T10:51:22Z,2026-08-31T10:51:22Z,0,UCqVZ85VwMT7CJ-C1PDhvExA,,0,0,youtube_20260926_1347,baseline_20260926_134704,2026-09-26T21:04:07.525627+07:00
youtube_c_UgyyY2KarHdIlP_BZlF4AaABAg,youtube,https://www.youtube.com/watch?v=Zu1BmRGMYWM,Zu1BmRGMYWM,Xe Vinbus sẽ tham gia đưa đón học sinh miễn phí tại 1 số phường trên địa bàn thành phố Quảng Ninh,Xe Vinbus sẽ tham gia đưa đón học sinh miễn phí tại 1 số phường trên địa bàn thành phố Quảng Ninh,2026-08-29T03:42:33Z,2026-08-29T03:42:33Z,Hay 👏👏👍,top_level,,UgyyY2KarHdIlP_BZlF4AaABAg,0,2026-08-31T10:05:58Z,2026-08-31T10:05:58Z,0,UCrryXDz7h1l2xF0iym9RFoA,,0,0,youtube_20260926_1347,baseline_20260926_134704,2026-09-26T21:04:07.525627+07:00
youtube_c_Ugz7rCh9S-TkuwickWp4AaABAg,youtube,https://www.youtube.com/watch?v=Zu1BmRGMYWM,Zu1BmRGMYWM,Xe Vinbus sẽ tham gia đưa đón học sinh miễn phí tại 1 số phường trên địa bàn thành phố Quảng Ninh,Xe Vinbus sẽ tham gia đưa đón học sinh miễn phí tại 1 số phường trên địa bàn thành phố Quảng Ninh,2026-08-29T03:42:33Z,2026-08-29T03:42:33Z,"Không chở được bao nhiêu  học sinh đâu, mấy chục nghìn học sinh có vài chục cái xe, chủ yếu làm màu thôi",top_level,,Ugz7rCh9S-TkuwickWp4AaABAg,0,2026-09-15T07:50:53Z,2026-09-15T07:50:53Z,0,UCh5X0nt1HJ_qE-wyzoTCNkg,,0,0,youtube_20260926_1347,baseline_20260926_134704,2026-09-26T21:03:57.608064+07:00
youtube_c_UgzOD186xYaIqFvHMI14AaABAg,youtube,https://www.youtube.com/watch?v=Zu1BmRGMYWM,Zu1BmRGMYWM,Xe Vinbus sẽ tham gia đưa đón học sinh miễn phí tại 1 số phường trên địa bàn thành phố Quảng Ninh,Xe Vinbus sẽ tham gia đưa đón học sinh miễn phí tại 1 số phường trên địa bàn thành phố Quảng Ninh,2026-08-29T03:42:33Z,2026-08-29T03:42:33Z,Tôi tưởng xe đưa đón học sinh phải sơn màu vàng chứ 😮,top_level,,UgzOD186xYaIqFvHMI14AaABAg,0,2026-09-08T11:42:57Z,2026-09-08T11:42:57Z,2,UCbc2QOywS6AFGFGSUmxhoSg,,0,0,youtube_20260926_1347,baseline_20260926_134704,2026-09-26T21:04:04.248416+07:00
youtube_c_UgzOD186xYaIqFvHMI14AaABAg.AaV6bpSMHO4AaVZXOn0Drl,youtube,https://www.youtube.com/watch?v=Zu1BmRGMYWM,Zu1BmRGMYWM,Xe Vinbus sẽ tham gia đưa đón học sinh miễn phí tại 1 số phường trên địa bàn thành phố Quảng Ninh,Xe Vinbus sẽ tham gia đưa đón học sinh miễn phí tại 1 số phường trên địa bàn thành phố Quảng Ninh,2026-08-29T03:42:33Z,2026-08-29T03:42:33Z,Chỉ có tây nội địa mới thích màu 3sọc.,reply,UgzOD186xYaIqFvHMI14AaABAg,UgzOD186xYaIqFvHMI14AaABAg,1,2026-09-08T15:55:37Z,2026-09-08T15:55:37Z,4,UCABEGB4uh5-wPJazPWHdUfg,,0,0,youtube_20260926_1347,baseline_20260926_134704,2026-09-26T21:04:07.506283+07:00
youtube_c_UgzOD186xYaIqFvHMI14AaABAg.AaV6bpSMHO4AaeHEFqU6Zg,youtube,https://www.youtube.com/watch?v=Zu1BmRGMYWM,Zu1BmRGMYWM,Xe Vinbus sẽ tham gia đưa đón học sinh miễn phí tại 1 số phường trên địa bàn thành phố Quảng Ninh,Xe Vinbus sẽ tham gia đưa đón học sinh miễn phí tại 1 số phường trên địa bàn thành phố Quảng Ninh,2026-08-29T03:42:33Z,2026-08-29T03:42:33Z,khái niệm gì đây,reply,UgzOD186xYaIqFvHMI14AaABAg,UgzOD186xYaIqFvHMI14AaABAg,1,2026-09-12T10:28:07Z,2026-09-12T10:28:07Z,0,UC5jqWxVhtR8tQZPHCk-2zGg,,0,0,youtube_20260926_1347,baseline_20260926_134704,2026-09-26T21:04:07.506283+07:00
youtube_c_UgzVtlXBr_STkVIMn_d4AaABAg,youtube,https://www.youtube.com/watch?v=Zu1BmRGMYWM,Zu1BmRGMYWM,Xe Vinbus sẽ tham gia đưa đón học sinh miễn phí tại 1 số phường trên địa bàn thành phố Quảng Ninh,Xe Vinbus sẽ tham gia đưa đón học sinh miễn phí tại 1 số phường trên địa bàn thành phố Quảng Ninh,2026-08-29T03:42:33Z,2026-08-29T03:42:33Z,Thật tuyệt vời ạ,top_level,,UgzVtlXBr_STkVIMn_d4AaABAg,0,2026-08-31T23:17:32Z,2026-08-31T23:17:32Z,0,UChp_cqlQqeDajXJVZyDc_0Q,,0,0,youtube_20260926_1347,baseline_20260926_134704,2026-09-26T21:04:07.524091+07:00
youtube_c_UgzivTCC8nR2dMC_1EN4AaABAg,youtube,https://www.youtube.com/watch?v=Zu1BmRGMYWM,Zu1BmRGMYWM,Xe Vinbus sẽ tham gia đưa đón học sinh miễn phí tại 1 số phường trên địa bàn thành phố Quảng Ninh,Xe Vinbus sẽ tham gia đưa đón học sinh miễn phí tại 1 số phường trên địa bàn thành phố Quảng Ninh,2026-08-29T03:42:33Z,2026-08-29T03:42:33Z,"Rất là nhiều ""và"", và, và 😂😂😂",top_level,,UgzivTCC8nR2dMC_1EN4AaABAg,0,2026-09-08T01:59:09Z,2026-09-08T01:59:09Z,1,UCjsHmY5KZuD1rvOXcdtLb3Q,,0,0,youtube_20260926_1347,baseline_20260926_134704,2026-09-26T21:04:07.513905+07:00
youtube_c_Ugzv7ik8JjrdQYXHk3V4AaABAg,youtube,https://www.youtube.com/watch?v=Zu1BmRGMYWM,Zu1BmRGMYWM,Xe Vinbus sẽ tham gia đưa đón học sinh miễn phí tại 1 số phường trên địa bàn thành phố Quảng Ninh,Xe Vinbus sẽ tham gia đưa đón học sinh miễn phí tại 1 số phường trên địa bàn thành phố Quảng Ninh,2026-08-29T03:42:33Z,2026-08-29T03:42:33Z,Mong sau này các tỉnh thành đều có xe pus của  Vin đưa đón các cháu đi học hàng ngày ko cần phải đi xe máy xe điện đến trường  rất mất thời gian và gây ùng tắt giao thông,top_level,,Ugzv7ik8JjrdQYXHk3V4AaABAg,0,2026-09-08T06:59:25Z,2026-09-08T06:59:25Z,0,UC_6qLqA_hsQo8yEiBS59guQ,transport_impact,0,0,youtube_20260926_1347,baseline_20260926_134704,2026-09-26T21:04:07.508684+07:00
youtube_c_Ugzw0e6Jyl2tc9a8F494AaABAg,youtube,https://www.youtube.com/watch?v=Zu1BmRGMYWM,Zu1BmRGMYWM,Xe Vinbus sẽ tham gia đưa đón học sinh miễn phí tại 1 số phường trên địa bàn thành phố Quảng Ninh,Xe Vinbus sẽ tham gia đưa đón học sinh miễn phí tại 1 số phường trên địa bàn thành phố Quảng Ninh,2026-08-29T03:42:33Z,2026-08-29T03:42:33Z,Học sinh Hải Phòng có được như vậy không,top_level,,Ugzw0e6Jyl2tc9a8F494AaABAg,0,2026-08-29T15:58:27Z,2026-08-29T15:58:27Z,1,UCQpSLxazMr1cc9VRINmoLxQ,,0,0,youtube_20260926_1347,baseline_20260926_134704,2026-09-26T21:04:14.377142+07:00
youtube_c_UgwJnu86bd37gco-QtZ4AaABAg,youtube,https://www.youtube.com/watch?v=_Dtqx4QU8lQ,_Dtqx4QU8lQ,Tuyến 09A trên xe buýt điện Vinfast EB8 29E-422.38,Tuyến 09A trên xe buýt điện Vinfast EB8 29E-422.38,2026-08-03T10:10:25Z,2026-08-03T10:10:25Z,"Khoi ASEAN muon ket noi mang luoi dien voi Viet Nam de huong loi kinh te , Viet nam co the nhap dien tu Lao va Trung Quoc. Trong khi Philipine, Indoensia, maylaysia , Thailand dau co tien xay dung nha may dien hat nhan, Singapore dau co dat xay dung nha may dien hat nhan.

Nhung ASEAN tu choi nhap  Buyt Dien Vinfast de phuc vu thi truong ASEAN 700 trieu dan . Vinfast dau can den thi truong Chau Au hay My de kiem song ? Hang ho viet nam va cong nhan lao dong  Viet Nam , Lao va Campuchia khong duoc uu tien. 

Do la tri tue cua chuyen gia kinh te va nghanh ngoai Viet nam , Nen giao duc day nguoi dan  thich nguoi ta khen tang  va ca ngoi .",top_level,,UgwJnu86bd37gco-QtZ4AaABAg,0,2026-08-04T20:11:01Z,2026-08-04T20:11:01Z,0,UCaDsI5FQfrQM4Lfjg8tAeFg,electric_bus,0,0,youtube_20260926_1347,baseline_20260926_134704,2026-09-26T21:06:19.588924+07:00
youtube_c_UgyTCXM6zvU0tbE7YCd4AaABAg,youtube,https://www.youtube.com/watch?v=a81u6TMeKec,a81u6TMeKec,"Tin Nóng! Cột mốc mới, Kim Long Motor xuất khẩu xe bus điện sang Thái Lan #KimLongMotor #XeBusDien","Tin Nóng! Cột mốc mới, Kim Long Motor xuất khẩu xe bus điện sang Thái Lan #KimLongMotor #XeBusDien",2026-09-13T07:25:18Z,2026-09-13T07:25:18Z,❤❤❤❤❤❤🎉🎉🎉🎉🎉🎉,top_level,,UgyTCXM6zvU0tbE7YCd4AaABAg,0,2026-09-18T09:38:04Z,2026-09-18T09:38:04Z,0,UCnXS9Ml2R3TNVUalFJYCLyQ,,0,0,youtube_20260926_1347,baseline_20260926_134704,2026-09-26T20:51:00.847512+07:00
youtube_c_Ugw-59pjsCEp9MDzzph4AaABAg,youtube,https://www.youtube.com/watch?v=aXxkDW6mtME,aXxkDW6mtME,"Pakistan Green Electric Bus 🚌💚 | Modern Electric Bus in Pakistan | Green Bus.. Green Bus Green Bus
Pakistan Green Electric Bus 🚌💚 | Modern Electric Bus in Pakistan | Green Bus.. Green Bus Green Bus
. 
. 
. Pakistan Green Electric Bus 🚌💚 | Modern Electric Bus in Pakistan | Green Bus#GreenElectricBus
#ElectricBusPakistan
#PakistanElectricBus
#GreenBus
#ElectricBus
#Pakistan
#BusPakistan
#ModernBus
#ElectricVehicle
#PublicTransport
#PakistanTransport
#ViralVideo
#Trending
#Shorts
#YouTubeShorts
# Punjab
# Punjabkivideo
# Pakistanibase
#viral 
#viralvideo 
#viralshorts 
#shorts 
#shortvideo 
#song 
#short 
#viralshorts",Pakistan Green Electric Bus 🚌💚 | Modern Electric Bus in Pakistan | Green Bus.. Green Bus Green Bus,2026-09-26T04:27:30Z,2026-09-26T04:27:30Z,FLYING  COACH ......!,top_level,,Ugw-59pjsCEp9MDzzph4AaABAg,0,2026-09-26T16:08:27Z,2026-09-26T16:08:27Z,0,UCY7zfwqPI3WbRhHku4keMZA,,0,0,youtube_20260926_1700,baseline_20260926_134704,2026-09-27T00:00:43.070364+07:00
youtube_c_UgwYHsNIzF4hrNH8lfp4AaABAg,youtube,https://www.youtube.com/watch?v=aXxkDW6mtME,aXxkDW6mtME,"Pakistan Green Electric Bus 🚌💚 | Modern Electric Bus in Pakistan | Green Bus.. Green Bus Green Bus
Pakistan Green Electric Bus 🚌💚 | Modern Electric Bus in Pakistan | Green Bus.. Green Bus Green Bus
. 
. 
. Pakistan Green Electric Bus 🚌💚 | Modern Electric Bus in Pakistan | Green Bus#GreenElectricBus
#ElectricBusPakistan
#PakistanElectricBus
#GreenBus
#ElectricBus
#Pakistan
#BusPakistan
#ModernBus
#ElectricVehicle
#PublicTransport
#PakistanTransport
#ViralVideo
#Trending
#Shorts
#YouTubeShorts
# Punjab
# Punjabkivideo
# Pakistanibase
#viral 
#viralvideo 
#viralshorts 
#shorts 
#shortvideo 
#song 
#short 
#viralshorts",Pakistan Green Electric Bus 🚌💚 | Modern Electric Bus in Pakistan | Green Bus.. Green Bus Green Bus,2026-09-26T04:27:30Z,2026-09-26T04:27:30Z,Ap Sahiwal City say ho,top_level,,UgwYHsNIzF4hrNH8lfp4AaABAg,0,2026-09-26T11:36:33Z,2026-09-26T11:36:33Z,0,UCA0xSdwndMGU4ihRacOymNg,,0,0,youtube_20260926_1347,baseline_20260926_134704,2026-09-26T20:56:04.514457+07:00
youtube_c_UgwYHsNIzF4hrNH8lfp4AaABAg.AbDSBe9jRSwAbDnGEUXFK9,youtube,https://www.youtube.com/watch?v=aXxkDW6mtME,aXxkDW6mtME,"Pakistan Green Electric Bus 🚌💚 | Modern Electric Bus in Pakistan | Green Bus.. Green Bus Green Bus
Pakistan Green Electric Bus 🚌💚 | Modern Electric Bus in Pakistan | Green Bus.. Green Bus Green Bus
. 
. 
. Pakistan Green Electric Bus 🚌💚 | Modern Electric Bus in Pakistan | Green Bus#GreenElectricBus
#ElectricBusPakistan
#PakistanElectricBus
#GreenBus
#ElectricBus
#Pakistan
#BusPakistan
#ModernBus
#ElectricVehicle
#PublicTransport
#PakistanTransport
#ViralVideo
#Trending
#Shorts
#YouTubeShorts
# Punjab
# Punjabkivideo
# Pakistanibase
#viral 
#viralvideo 
#viralshorts 
#shorts 
#shortvideo 
#song 
#short 
#viralshorts",Pakistan Green Electric Bus 🚌💚 | Modern Electric Bus in Pakistan | Green Bus.. Green Bus Green Bus,2026-09-26T04:27:30Z,2026-09-26T04:27:30Z,Nh gi,reply,UgwYHsNIzF4hrNH8lfp4AaABAg,UgwYHsNIzF4hrNH8lfp4AaABAg,1,2026-09-26T14:49:24Z,2026-09-26T14:49:24Z,0,UCwmZKmSGQtPhm48InohNq4Q,,0,0,youtube_20260926_1502,baseline_20260926_134704,2026-09-26T22:02:58.397768+07:00
youtube_c_UgwuSW8fLcdiv4tqDLV4AaABAg,youtube,https://www.youtube.com/watch?v=aXxkDW6mtME,aXxkDW6mtME,"Pakistan Green Electric Bus 🚌💚 | Modern Electric Bus in Pakistan | Green Bus.. Green Bus Green Bus
Pakistan Green Electric Bus 🚌💚 | Modern Electric Bus in Pakistan | Green Bus.. Green Bus Green Bus
. 
. 
. Pakistan Green Electric Bus 🚌💚 | Modern Electric Bus in Pakistan | Green Bus#GreenElectricBus
#ElectricBusPakistan
#PakistanElectricBus
#GreenBus
#ElectricBus
#Pakistan
#BusPakistan
#ModernBus
#ElectricVehicle
#PublicTransport
#PakistanTransport
#ViralVideo
#Trending
#Shorts
#YouTubeShorts
# Punjab
# Punjabkivideo
# Pakistanibase
#viral 
#viralvideo 
#viralshorts 
#shorts 
#shortvideo 
#song 
#short 
#viralshorts",Pakistan Green Electric Bus 🚌💚 | Modern Electric Bus in Pakistan | Green Bus.. Green Bus Green Bus,2026-09-26T04:27:30Z,2026-09-26T04:27:30Z,Ai se pagel bna rahe ho,top_level,,UgwuSW8fLcdiv4tqDLV4AaABAg,0,2026-09-27T09:46:08Z,2026-09-27T09:46:08Z,0,UCWjyoClbJoPo3oEn7afHBpw,,0,0,youtube_20260927_1002,baseline_20260926_134704,2026-09-27T17:02:43.918171+07:00
youtube_c_Ugy1NbYHNFOKwtpKkzd4AaABAg,youtube,https://www.youtube.com/watch?v=aXxkDW6mtME,aXxkDW6mtME,"Pakistan Green Electric Bus 🚌💚 | Modern Electric Bus in Pakistan | Green Bus.. Green Bus Green Bus
Pakistan Green Electric Bus 🚌💚 | Modern Electric Bus in Pakistan | Green Bus.. Green Bus Green Bus
. 
. 
. Pakistan Green Electric Bus 🚌💚 | Modern Electric Bus in Pakistan | Green Bus#GreenElectricBus
#ElectricBusPakistan
#PakistanElectricBus
#GreenBus
#ElectricBus
#Pakistan
#BusPakistan
#ModernBus
#ElectricVehicle
#PublicTransport
#PakistanTransport
#ViralVideo
#Trending
#Shorts
#YouTubeShorts
# Punjab
# Punjabkivideo
# Pakistanibase
#viral 
#viralvideo 
#viralshorts 
#shorts 
#shortvideo 
#song 
#short 
#viralshorts",Pakistan Green Electric Bus 🚌💚 | Modern Electric Bus in Pakistan | Green Bus.. Green Bus Green Bus,2026-09-26T04:27:30Z,2026-09-26T04:27:30Z,Good fake,top_level,,Ugy1NbYHNFOKwtpKkzd4AaABAg,0,2026-09-27T11:08:49Z,2026-09-27T11:08:49Z,0,UC0lta1-wp-5m-oyV4wAuJKw,,0,0,youtube_20260927_1203,baseline_20260926_134704,2026-09-27T19:03:50.356836+07:00
youtube_c_Ugz1VP0fmd8HWGeiRx14AaABAg,youtube,https://www.youtube.com/watch?v=aXxkDW6mtME,aXxkDW6mtME,"Pakistan Green Electric Bus 🚌💚 | Modern Electric Bus in Pakistan | Green Bus.. Green Bus Green Bus
Pakistan Green Electric Bus 🚌💚 | Modern Electric Bus in Pakistan | Green Bus.. Green Bus Green Bus
. 
. 
. Pakistan Green Electric Bus 🚌💚 | Modern Electric Bus in Pakistan | Green Bus#GreenElectricBus
#ElectricBusPakistan
#PakistanElectricBus
#GreenBus
#ElectricBus
#Pakistan
#BusPakistan
#ModernBus
#ElectricVehicle
#PublicTransport
#PakistanTransport
#ViralVideo
#Trending
#Shorts
#YouTubeShorts
# Punjab
# Punjabkivideo
# Pakistanibase
#viral 
#viralvideo 
#viralshorts 
#shorts 
#shortvideo 
#song 
#short 
#viralshorts",Pakistan Green Electric Bus 🚌💚 | Modern Electric Bus in Pakistan | Green Bus.. Green Bus Green Bus,2026-09-26T04:27:30Z,2026-09-26T04:27:30Z,Good❤❤❤😂😂,top_level,,Ugz1VP0fmd8HWGeiRx14AaABAg,0,2026-09-26T07:31:47Z,2026-09-26T07:31:47Z,0,UC-fr-mdid2OKF8F2aUelQVg,,0,0,youtube_20260926_1347,baseline_20260926_134704,2026-09-26T20:56:04.515697+07:00
youtube_c_Ugz1VP0fmd8HWGeiRx14AaABAg.AbD0AzfgUXYAbDnEO6J1Lc,youtube,https://www.youtube.com/watch?v=aXxkDW6mtME,aXxkDW6mtME,"Pakistan Green Electric Bus 🚌💚 | Modern Electric Bus in Pakistan | Green Bus.. Green Bus Green Bus
Pakistan Green Electric Bus 🚌💚 | Modern Electric Bus in Pakistan | Green Bus.. Green Bus Green Bus
. 
. 
. Pakistan Green Electric Bus 🚌💚 | Modern Electric Bus in Pakistan | Green Bus#GreenElectricBus
#ElectricBusPakistan
#PakistanElectricBus
#GreenBus
#ElectricBus
#Pakistan
#BusPakistan
#ModernBus
#ElectricVehicle
#PublicTransport
#PakistanTransport
#ViralVideo
#Trending
#Shorts
#YouTubeShorts
# Punjab
# Punjabkivideo
# Pakistanibase
#viral 
#viralvideo 
#viralshorts 
#shorts 
#shortvideo 
#song 
#short 
#viralshorts",Pakistan Green Electric Bus 🚌💚 | Modern Electric Bus in Pakistan | Green Bus.. Green Bus Green Bus,2026-09-26T04:27:30Z,2026-09-26T04:27:30Z,❤❤,reply,Ugz1VP0fmd8HWGeiRx14AaABAg,Ugz1VP0fmd8HWGeiRx14AaABAg,1,2026-09-26T14:49:09Z,2026-09-26T14:49:09Z,0,UCwmZKmSGQtPhm48InohNq4Q,,0,0,youtube_20260926_1502,baseline_20260926_134704,2026-09-26T22:03:01.651763+07:00
youtube_c_UgzAAlzLPsnapnqAqCl4AaABAg,youtube,https://www.youtube.com/watch?v=aXxkDW6mtME,aXxkDW6mtME,"Pakistan Green Electric Bus 🚌💚 | Modern Electric Bus in Pakistan | Green Bus.. Green Bus Green Bus
Pakistan Green Electric Bus 🚌💚 | Modern Electric Bus in Pakistan | Green Bus.. Green Bus Green Bus
. 
. 
. Pakistan Green Electric Bus 🚌💚 | Modern Electric Bus in Pakistan | Green Bus#GreenElectricBus
#ElectricBusPakistan
#PakistanElectricBus
#GreenBus
#ElectricBus
#Pakistan
#BusPakistan
#ModernBus
#ElectricVehicle
#PublicTransport
#PakistanTransport
#ViralVideo
#Trending
#Shorts
#YouTubeShorts
# Punjab
# Punjabkivideo
# Pakistanibase
#viral 
#viralvideo 
#viralshorts 
#shorts 
#shortvideo 
#song 
#short 
#viralshorts",Pakistan Green Electric Bus 🚌💚 | Modern Electric Bus in Pakistan | Green Bus.. Green Bus Green Bus,2026-09-26T04:27:30Z,2026-09-26T04:27:30Z,What the hell!🤣🤣🤣,top_level,,UgzAAlzLPsnapnqAqCl4AaABAg,0,2026-09-26T06:22:17Z,2026-09-26T06:22:17Z,1,UC1hd6cxMKE9JfeG6BhMA04A,,0,0,youtube_20260926_1347,baseline_20260926_134704,2026-09-26T20:56:04.517134+07:00
youtube_c_UgzAAlzLPsnapnqAqCl4AaABAg.AbCtDvvWh7_AbDnDuCqbio,youtube,https://www.youtube.com/watch?v=aXxkDW6mtME,aXxkDW6mtME,"Pakistan Green Electric Bus 🚌💚 | Modern Electric Bus in Pakistan | Green Bus.. Green Bus Green Bus
Pakistan Green Electric Bus 🚌💚 | Modern Electric Bus in Pakistan | Green Bus.. Green Bus Green Bus
. 
. 
. Pakistan Green Electric Bus 🚌💚 | Modern Electric Bus in Pakistan | Green Bus#GreenElectricBus
#ElectricBusPakistan
#PakistanElectricBus
#GreenBus
#ElectricBus
#Pakistan
#BusPakistan
#ModernBus
#ElectricVehicle
#PublicTransport
#PakistanTransport
#ViralVideo
#Trending
#Shorts
#YouTubeShorts
# Punjab
# Punjabkivideo
# Pakistanibase
#viral 
#viralvideo 
#viralshorts 
#shorts 
#shortvideo 
#song 
#short 
#viralshorts",Pakistan Green Electric Bus 🚌💚 | Modern Electric Bus in Pakistan | Green Bus.. Green Bus Green Bus,2026-09-26T04:27:30Z,2026-09-26T04:27:30Z,Thanks❤❤,reply,UgzAAlzLPsnapnqAqCl4AaABAg,UgzAAlzLPsnapnqAqCl4AaABAg,1,2026-09-26T14:49:05Z,2026-09-26T14:49:05Z,0,UCwmZKmSGQtPhm48InohNq4Q,,0,0,youtube_20260926_1502,baseline_20260926_134704,2026-09-26T22:03:08.286986+07:00
youtube_c_UgzECI2ixIpw5Cgzcmp4AaABAg,youtube,https://www.youtube.com/watch?v=aXxkDW6mtME,aXxkDW6mtME,"Pakistan Green Electric Bus 🚌💚 | Modern Electric Bus in Pakistan | Green Bus.. Green Bus Green Bus
Pakistan Green Electric Bus 🚌💚 | Modern Electric Bus in Pakistan | Green Bus.. Green Bus Green Bus
. 
. 
. Pakistan Green Electric Bus 🚌💚 | Modern Electric Bus in Pakistan | Green Bus#GreenElectricBus
#ElectricBusPakistan
#PakistanElectricBus
#GreenBus
#ElectricBus
#Pakistan
#BusPakistan
#ModernBus
#ElectricVehicle
#PublicTransport
#PakistanTransport
#ViralVideo
#Trending
#Shorts
#YouTubeShorts
# Punjab
# Punjabkivideo
# Pakistanibase
#viral 
#viralvideo 
#viralshorts 
#shorts 
#shortvideo 
#song 
#short 
#viralshorts",Pakistan Green Electric Bus 🚌💚 | Modern Electric Bus in Pakistan | Green Bus.. Green Bus Green Bus,2026-09-26T04:27:30Z,2026-09-26T04:27:30Z,Very nice..,top_level,,UgzECI2ixIpw5Cgzcmp4AaABAg,0,2026-09-26T07:31:31Z,2026-09-26T07:31:31Z,0,UC-fr-mdid2OKF8F2aUelQVg,,0,0,youtube_20260926_1347,baseline_20260926_134704,2026-09-26T20:56:04.516104+07:00
youtube_c_UgzECI2ixIpw5Cgzcmp4AaABAg.AbD08zgnGWSAbDnCmREMqc,youtube,https://www.youtube.com/watch?v=aXxkDW6mtME,aXxkDW6mtME,"Pakistan Green Electric Bus 🚌💚 | Modern Electric Bus in Pakistan | Green Bus.. Green Bus Green Bus
Pakistan Green Electric Bus 🚌💚 | Modern Electric Bus in Pakistan | Green Bus.. Green Bus Green Bus
. 
. 
. Pakistan Green Electric Bus 🚌💚 | Modern Electric Bus in Pakistan | Green Bus#GreenElectricBus
#ElectricBusPakistan
#PakistanElectricBus
#GreenBus
#ElectricBus
#Pakistan
#BusPakistan
#ModernBus
#ElectricVehicle
#PublicTransport
#PakistanTransport
#ViralVideo
#Trending
#Shorts
#YouTubeShorts
# Punjab
# Punjabkivideo
# Pakistanibase
#viral 
#viralvideo 
#viralshorts 
#shorts 
#shortvideo 
#song 
#short 
#viralshorts",Pakistan Green Electric Bus 🚌💚 | Modern Electric Bus in Pakistan | Green Bus.. Green Bus Green Bus,2026-09-26T04:27:30Z,2026-09-26T04:27:30Z,Thanks❤❤,reply,UgzECI2ixIpw5Cgzcmp4AaABAg,UgzECI2ixIpw5Cgzcmp4AaABAg,1,2026-09-26T14:48:56Z,2026-09-26T14:48:56Z,0,UCwmZKmSGQtPhm48InohNq4Q,,0,0,youtube_20260926_1502,baseline_20260926_134704,2026-09-26T22:03:04.911088+07:00
youtube_c_UgxPgjRm_LV2zP-Mze14AaABAg,youtube,https://www.youtube.com/watch?v=auL9FEmj8zw,auL9FEmj8zw,New sleeper bus 🚌 kaise banti hai #new #sleeper #bus #ebus #shorts #busbody #vlog,New sleeper bus 🚌 kaise banti hai #new #sleeper #bus #ebus #shorts #busbody #vlog,2026-09-22T06:21:56Z,2026-09-22T06:21:56Z,Tum ye btao iske owner ramashankar sing hai😂😂😊,top_level,,UgxPgjRm_LV2zP-Mze14AaABAg,0,2026-09-23T02:10:40Z,2026-09-23T02:10:40Z,0,UCUHp1fYgTVmBYnVBGLd311Q,,0,0,youtube_20260926_1347,baseline_20260926_134704,2026-09-26T21:01:37.702058+07:00
youtube_c_UgyRibvfM9aU6ZNeWJR4AaABAg,youtube,https://www.youtube.com/watch?v=auL9FEmj8zw,auL9FEmj8zw,New sleeper bus 🚌 kaise banti hai #new #sleeper #bus #ebus #shorts #busbody #vlog,New sleeper bus 🚌 kaise banti hai #new #sleeper #bus #ebus #shorts #busbody #vlog,2026-09-22T06:21:56Z,2026-09-22T06:21:56Z,Bhai muje bhi driver ki job krni h Heavy licence h koi Dilli s Bahraich route pr h to btao,top_level,,UgyRibvfM9aU6ZNeWJR4AaABAg,0,2026-09-26T04:47:46Z,2026-09-26T04:47:46Z,0,UCBWPUvlB4SpCrX5w_8N3_bQ,,0,0,youtube_20260926_1347,baseline_20260926_134704,2026-09-26T21:01:37.698955+07:00
youtube_c_Ugz_YY7yUaoW-eT0NL94AaABAg,youtube,https://www.youtube.com/watch?v=auL9FEmj8zw,auL9FEmj8zw,"New sleeper bus 🚌 kaise banti hai #new #sleeper #bus #ebus #shorts #busbody #vlog
New sleeper bus 🚌 kaise banti hai #new #sleeper #bus #ebus #shorts #busbody #vlog",New sleeper bus 🚌 kaise banti hai #new #sleeper #bus #ebus #shorts #busbody #vlog,2026-09-22T06:21:56Z,2026-09-22T06:21:56Z,❤❤❤❤❤❤❤❤,top_level,,Ugz_YY7yUaoW-eT0NL94AaABAg,0,2026-09-27T02:40:57Z,2026-09-27T02:40:57Z,0,UCLpT9xrY5OL2s83C0AB5UIw,,0,0,youtube_20260927_0855,baseline_20260926_134704,2026-09-27T15:58:10.624492+07:00
youtube_c_UgwNSdGUSJfmBqI7rBx4AaABAg,youtube,https://www.youtube.com/watch?v=bjBRYNMLa6c,bjBRYNMLa6c,"Sleeper Bus Fire Accidents पर Nitin Gadkari ने बस बनाने वालों को क्या चेतावनी दी?
Why did Madhya Pradesh bring back a state-backed bus network after 21 years? Union Minister Nitin Gadkari and Chief Minister Mohan Yadav flagged off 351 buses in Bhopal under the Mukhyamantri Sugam Parivahan Sewa and the PM e-Bus Sewa.

In this video, find out:
Why the MP State Road Transport Corporation was shut down in 2005, with liabilities of about Rs 756 crore and monthly losses of nearly Rs 5 crore.
How the new system will run through private operators under government-regulated contracts.
Which cities got the most buses. Indore got 145, Bhopal 106 and Jabalpur 67.
What the targets are: about 1,500 buses in the first year and 15,000 by 2031.
What Gadkari told bus manufacturers and RTO officers, including his ""Gandhiwadi"" remark.
What the new rules are for bus registration, including type-approval and physical and video verification.
How many electric buses MP has got under the PM e-Bus Sewa, and what safety features the new buses will have.

Subscribe for clear and simple updates on the news that matters.

#MadhyaPradesh #NitinGadkari #MohanYadav #PublicTransport #ElectricBus #PMeBusSewa #Bhopal #Indore

Produced by: Indian Express Hindi
Edited by: Baivhaw Kesharwani",Sleeper Bus Fire Accidents पर Nitin Gadkari ने बस बनाने वालों को क्या चेतावनी दी?,2026-09-26T13:00:28Z,2026-09-26T13:00:28Z,"सारे मिनिस्टर को इंकलाब मूवी की तरह एक जगह जमा करके सब का काम तमाम ,, 😮😢
भारत की जनता का जीना मुश्किल कर दिया है 🍆 सारे मिनिस्टर मंत्री नेता cm पीएमओ सारे के सारे भ्रष्ट हैं 🥱",top_level,,UgwNSdGUSJfmBqI7rBx4AaABAg,0,2026-09-26T13:53:28Z,2026-09-26T13:53:28Z,0,UCSxXDqTLX-e7FN18FG6Rw6g,,0,0,youtube_20260926_1347,baseline_20260926_134704,2026-09-26T20:55:11.051576+07:00
youtube_c_UgwfuRelUGdaYecnl094AaABAg,youtube,https://www.youtube.com/watch?v=bjBRYNMLa6c,bjBRYNMLa6c,"Sleeper Bus Fire Accidents पर Nitin Gadkari ने बस बनाने वालों को क्या चेतावनी दी?
Why did Madhya Pradesh bring back a state-backed bus network after 21 years? Union Minister Nitin Gadkari and Chief Minister Mohan Yadav flagged off 351 buses in Bhopal under the Mukhyamantri Sugam Parivahan Sewa and the PM e-Bus Sewa.

In this video, find out:
Why the MP State Road Transport Corporation was shut down in 2005, with liabilities of about Rs 756 crore and monthly losses of nearly Rs 5 crore.
How the new system will run through private operators under government-regulated contracts.
Which cities got the most buses. Indore got 145, Bhopal 106 and Jabalpur 67.
What the targets are: about 1,500 buses in the first year and 15,000 by 2031.
What Gadkari told bus manufacturers and RTO officers, including his ""Gandhiwadi"" remark.
What the new rules are for bus registration, including type-approval and physical and video verification.
How many electric buses MP has got under the PM e-Bus Sewa, and what safety features the new buses will have.

Subscribe for clear and simple updates on the news that matters.

#MadhyaPradesh #NitinGadkari #MohanYadav #PublicTransport #ElectricBus #PMeBusSewa #Bhopal #Indore

Produced by: Indian Express Hindi
Edited by: Baivhaw Kesharwani",Sleeper Bus Fire Accidents पर Nitin Gadkari ने बस बनाने वालों को क्या चेतावनी दी?,2026-09-26T13:00:28Z,2026-09-26T13:00:28Z,Implementation nahi ho payega inase yahi track record hai Gadgari ji ka,top_level,,UgwfuRelUGdaYecnl094AaABAg,0,2026-09-26T16:07:25Z,2026-09-26T16:07:25Z,0,UCw-ONT-2oaSUjCKKkt7TCwA,,0,0,youtube_20260926_1700,baseline_20260926_134704,2026-09-27T00:00:32.134602+07:00
youtube_c_UgwnyJ7w3Y323E6OCbp4AaABAg,youtube,https://www.youtube.com/watch?v=bjBRYNMLa6c,bjBRYNMLa6c,"Sleeper Bus Fire Accidents पर Nitin Gadkari ने बस बनाने वालों को क्या चेतावनी दी?
Why did Madhya Pradesh bring back a state-backed bus network after 21 years? Union Minister Nitin Gadkari and Chief Minister Mohan Yadav flagged off 351 buses in Bhopal under the Mukhyamantri Sugam Parivahan Sewa and the PM e-Bus Sewa.

In this video, find out:
Why the MP State Road Transport Corporation was shut down in 2005, with liabilities of about Rs 756 crore and monthly losses of nearly Rs 5 crore.
How the new system will run through private operators under government-regulated contracts.
Which cities got the most buses. Indore got 145, Bhopal 106 and Jabalpur 67.
What the targets are: about 1,500 buses in the first year and 15,000 by 2031.
What Gadkari told bus manufacturers and RTO officers, including his ""Gandhiwadi"" remark.
What the new rules are for bus registration, including type-approval and physical and video verification.
How many electric buses MP has got under the PM e-Bus Sewa, and what safety features the new buses will have.

Subscribe for clear and simple updates on the news that matters.

#MadhyaPradesh #NitinGadkari #MohanYadav #PublicTransport #ElectricBus #PMeBusSewa #Bhopal #Indore

Produced by: Indian Express Hindi
Edited by: Baivhaw Kesharwani",Sleeper Bus Fire Accidents पर Nitin Gadkari ने बस बनाने वालों को क्या चेतावनी दी?,2026-09-26T13:00:28Z,2026-09-26T13:00:28Z,E20 ki warning bhi dede😂😂,top_level,,UgwnyJ7w3Y323E6OCbp4AaABAg,0,2026-09-26T18:09:20Z,2026-09-26T18:09:20Z,0,UCFMpmbH7Dm1nokjx8-6JmsA,,0,0,youtube_20260927_0855,baseline_20260926_134704,2026-09-27T15:56:32.307508+07:00
youtube_c_UgwtEWSDnXIglNlMSFB4AaABAg,youtube,https://www.youtube.com/watch?v=bjBRYNMLa6c,bjBRYNMLa6c,"Sleeper Bus Fire Accidents पर Nitin Gadkari ने बस बनाने वालों को क्या चेतावनी दी?
Why did Madhya Pradesh bring back a state-backed bus network after 21 years? Union Minister Nitin Gadkari and Chief Minister Mohan Yadav flagged off 351 buses in Bhopal under the Mukhyamantri Sugam Parivahan Sewa and the PM e-Bus Sewa.

In this video, find out:
Why the MP State Road Transport Corporation was shut down in 2005, with liabilities of about Rs 756 crore and monthly losses of nearly Rs 5 crore.
How the new system will run through private operators under government-regulated contracts.
Which cities got the most buses. Indore got 145, Bhopal 106 and Jabalpur 67.
What the targets are: about 1,500 buses in the first year and 15,000 by 2031.
What Gadkari told bus manufacturers and RTO officers, including his ""Gandhiwadi"" remark.
What the new rules are for bus registration, including type-approval and physical and video verification.
How many electric buses MP has got under the PM e-Bus Sewa, and what safety features the new buses will have.

Subscribe for clear and simple updates on the news that matters.

#MadhyaPradesh #NitinGadkari #MohanYadav #PublicTransport #ElectricBus #PMeBusSewa #Bhopal #Indore

Produced by: Indian Express Hindi
Edited by: Baivhaw Kesharwani",Sleeper Bus Fire Accidents पर Nitin Gadkari ने बस बनाने वालों को क्या चेतावनी दी?,2026-09-26T13:00:28Z,2026-09-26T13:00:28Z,Gandhi se nafrat to hai,top_level,,UgwtEWSDnXIglNlMSFB4AaABAg,0,2026-09-26T17:00:46Z,2026-09-26T17:00:46Z,0,UCBzOvVy2GDlV5HN7SejQiyw,,0,0,youtube_20260927_0855,baseline_20260926_134704,2026-09-27T15:56:32.310802+07:00
youtube_c_UgxRpSlH9eht-Cbc_Ul4AaABAg,youtube,https://www.youtube.com/watch?v=bjBRYNMLa6c,bjBRYNMLa6c,"Sleeper Bus Fire Accidents पर Nitin Gadkari ने बस बनाने वालों को क्या चेतावनी दी?
Why did Madhya Pradesh bring back a state-backed bus network after 21 years? Union Minister Nitin Gadkari and Chief Minister Mohan Yadav flagged off 351 buses in Bhopal under the Mukhyamantri Sugam Parivahan Sewa and the PM e-Bus Sewa.

In this video, find out:
Why the MP State Road Transport Corporation was shut down in 2005, with liabilities of about Rs 756 crore and monthly losses of nearly Rs 5 crore.
How the new system will run through private operators under government-regulated contracts.
Which cities got the most buses. Indore got 145, Bhopal 106 and Jabalpur 67.
What the targets are: about 1,500 buses in the first year and 15,000 by 2031.
What Gadkari told bus manufacturers and RTO officers, including his ""Gandhiwadi"" remark.
What the new rules are for bus registration, including type-approval and physical and video verification.
How many electric buses MP has got under the PM e-Bus Sewa, and what safety features the new buses will have.

Subscribe for clear and simple updates on the news that matters.

#MadhyaPradesh #NitinGadkari #MohanYadav #PublicTransport #ElectricBus #PMeBusSewa #Bhopal #Indore

Produced by: Indian Express Hindi
Edited by: Baivhaw Kesharwani",Sleeper Bus Fire Accidents पर Nitin Gadkari ने बस बनाने वालों को क्या चेतावनी दी?,2026-09-26T13:00:28Z,2026-09-26T13:00:28Z,Ganne ki juice bechne se fursat ho gya to ab yad aya hai Nitin Garbari ko apne Ministry,top_level,,UgxRpSlH9eht-Cbc_Ul4AaABAg,0,2026-09-27T02:31:18Z,2026-09-27T02:31:18Z,0,UC4Is7BIY20Mzra2zAmXp_DA,,0,0,youtube_20260927_0855,baseline_20260926_134704,2026-09-27T15:56:32.304565+07:00
youtube_c_UgxZcbZtTvIFPmy7hB94AaABAg,youtube,https://www.youtube.com/watch?v=bjBRYNMLa6c,bjBRYNMLa6c,"Sleeper Bus Fire Accidents पर Nitin Gadkari ने बस बनाने वालों को क्या चेतावनी दी?
Why did Madhya Pradesh bring back a state-backed bus network after 21 years? Union Minister Nitin Gadkari and Chief Minister Mohan Yadav flagged off 351 buses in Bhopal under the Mukhyamantri Sugam Parivahan Sewa and the PM e-Bus Sewa.

In this video, find out:
Why the MP State Road Transport Corporation was shut down in 2005, with liabilities of about Rs 756 crore and monthly losses of nearly Rs 5 crore.
How the new system will run through private operators under government-regulated contracts.
Which cities got the most buses. Indore got 145, Bhopal 106 and Jabalpur 67.
What the targets are: about 1,500 buses in the first year and 15,000 by 2031.
What Gadkari told bus manufacturers and RTO officers, including his ""Gandhiwadi"" remark.
What the new rules are for bus registration, including type-approval and physical and video verification.
How many electric buses MP has got under the PM e-Bus Sewa, and what safety features the new buses will have.

Subscribe for clear and simple updates on the news that matters.

#MadhyaPradesh #NitinGadkari #MohanYadav #PublicTransport #ElectricBus #PMeBusSewa #Bhopal #Indore

Produced by: Indian Express Hindi
Edited by: Baivhaw Kesharwani",Sleeper Bus Fire Accidents पर Nitin Gadkari ने बस बनाने वालों को क्या चेतावनी दी?,2026-09-26T13:00:28Z,2026-09-26T13:00:28Z,Iska istifa kub hoga sabsa bada fraud hai modi govt mein,top_level,,UgxZcbZtTvIFPmy7hB94AaABAg,0,2026-09-26T17:04:34Z,2026-09-26T17:04:34Z,0,UCXYXKUSCX-RItk9phG4ITow,,0,0,youtube_20260927_0855,baseline_20260926_134704,2026-09-27T15:56:32.309805+07:00
youtube_c_UgxfO8ycje5q31YJ8g94AaABAg,youtube,https://www.youtube.com/watch?v=bjBRYNMLa6c,bjBRYNMLa6c,"Sleeper Bus Fire Accidents पर Nitin Gadkari ने बस बनाने वालों को क्या चेतावनी दी?
Why did Madhya Pradesh bring back a state-backed bus network after 21 years? Union Minister Nitin Gadkari and Chief Minister Mohan Yadav flagged off 351 buses in Bhopal under the Mukhyamantri Sugam Parivahan Sewa and the PM e-Bus Sewa.

In this video, find out:
Why the MP State Road Transport Corporation was shut down in 2005, with liabilities of about Rs 756 crore and monthly losses of nearly Rs 5 crore.
How the new system will run through private operators under government-regulated contracts.
Which cities got the most buses. Indore got 145, Bhopal 106 and Jabalpur 67.
What the targets are: about 1,500 buses in the first year and 15,000 by 2031.
What Gadkari told bus manufacturers and RTO officers, including his ""Gandhiwadi"" remark.
What the new rules are for bus registration, including type-approval and physical and video verification.
How many electric buses MP has got under the PM e-Bus Sewa, and what safety features the new buses will have.

Subscribe for clear and simple updates on the news that matters.

#MadhyaPradesh #NitinGadkari #MohanYadav #PublicTransport #ElectricBus #PMeBusSewa #Bhopal #Indore

Produced by: Indian Express Hindi
Edited by: Baivhaw Kesharwani",Sleeper Bus Fire Accidents पर Nitin Gadkari ने बस बनाने वालों को क्या चेतावनी दी?,2026-09-26T13:00:28Z,2026-09-26T13:00:28Z,बिहार से दिल्ली आने की साड़ी बस सेवा जो है वह सर बिल्कुल ही घटिया बेकार है,top_level,,UgxfO8ycje5q31YJ8g94AaABAg,0,2026-09-26T16:28:45Z,2026-09-26T16:28:45Z,1,UCXibsZTkH9HEaZA8CD8Ho9Q,,0,0,youtube_20260926_1700,baseline_20260926_134704,2026-09-27T00:00:32.132738+07:00
youtube_c_UgxlqKamvxCMz3vH8RV4AaABAg,youtube,https://www.youtube.com/watch?v=bjBRYNMLa6c,bjBRYNMLa6c,"Sleeper Bus Fire Accidents पर Nitin Gadkari ने बस बनाने वालों को क्या चेतावनी दी?
Why did Madhya Pradesh bring back a state-backed bus network after 21 years? Union Minister Nitin Gadkari and Chief Minister Mohan Yadav flagged off 351 buses in Bhopal under the Mukhyamantri Sugam Parivahan Sewa and the PM e-Bus Sewa.

In this video, find out:
Why the MP State Road Transport Corporation was shut down in 2005, with liabilities of about Rs 756 crore and monthly losses of nearly Rs 5 crore.
How the new system will run through private operators under government-regulated contracts.
Which cities got the most buses. Indore got 145, Bhopal 106 and Jabalpur 67.
What the targets are: about 1,500 buses in the first year and 15,000 by 2031.
What Gadkari told bus manufacturers and RTO officers, including his ""Gandhiwadi"" remark.
What the new rules are for bus registration, including type-approval and physical and video verification.
How many electric buses MP has got under the PM e-Bus Sewa, and what safety features the new buses will have.

Subscribe for clear and simple updates on the news that matters.

#MadhyaPradesh #NitinGadkari #MohanYadav #PublicTransport #ElectricBus #PMeBusSewa #Bhopal #Indore

Produced by: Indian Express Hindi
Edited by: Baivhaw Kesharwani",Sleeper Bus Fire Accidents पर Nitin Gadkari ने बस बनाने वालों को क्या चेतावनी दी?,2026-09-26T13:00:28Z,2026-09-26T13:00:28Z,Bhaiya aap haat thoda km hilaya kro,top_level,,UgxlqKamvxCMz3vH8RV4AaABAg,0,2026-09-27T03:56:29Z,2026-09-27T03:56:29Z,0,UCBbP8wfNE8oBfksJiifzOJg,,0,0,youtube_20260927_0855,baseline_20260926_134704,2026-09-27T15:56:32.300023+07:00
youtube_c_UgxpigYDncpmvMr_n314AaABAg,youtube,https://www.youtube.com/watch?v=bjBRYNMLa6c,bjBRYNMLa6c,"Sleeper Bus Fire Accidents पर Nitin Gadkari ने बस बनाने वालों को क्या चेतावनी दी?
Why did Madhya Pradesh bring back a state-backed bus network after 21 years? Union Minister Nitin Gadkari and Chief Minister Mohan Yadav flagged off 351 buses in Bhopal under the Mukhyamantri Sugam Parivahan Sewa and the PM e-Bus Sewa.

In this video, find out:
Why the MP State Road Transport Corporation was shut down in 2005, with liabilities of about Rs 756 crore and monthly losses of nearly Rs 5 crore.
How the new system will run through private operators under government-regulated contracts.
Which cities got the most buses. Indore got 145, Bhopal 106 and Jabalpur 67.
What the targets are: about 1,500 buses in the first year and 15,000 by 2031.
What Gadkari told bus manufacturers and RTO officers, including his ""Gandhiwadi"" remark.
What the new rules are for bus registration, including type-approval and physical and video verification.
How many electric buses MP has got under the PM e-Bus Sewa, and what safety features the new buses will have.

Subscribe for clear and simple updates on the news that matters.

#MadhyaPradesh #NitinGadkari #MohanYadav #PublicTransport #ElectricBus #PMeBusSewa #Bhopal #Indore

Produced by: Indian Express Hindi
Edited by: Baivhaw Kesharwani",Sleeper Bus Fire Accidents पर Nitin Gadkari ने बस बनाने वालों को क्या चेतावनी दी?,2026-09-26T13:00:28Z,2026-09-26T13:00:28Z,😂😂😂😂😂,top_level,,UgxpigYDncpmvMr_n314AaABAg,0,2026-09-27T01:47:08Z,2026-09-27T01:47:08Z,0,UCxpTsVMv-us34nlu1GVcgbg,,0,0,youtube_20260927_0855,baseline_20260926_134704,2026-09-27T15:56:32.305994+07:00
youtube_c_UgyANPdQmgSMIqcaZiF4AaABAg,youtube,https://www.youtube.com/watch?v=bjBRYNMLa6c,bjBRYNMLa6c,"Sleeper Bus Fire Accidents पर Nitin Gadkari ने बस बनाने वालों को क्या चेतावनी दी?
Why did Madhya Pradesh bring back a state-backed bus network after 21 years? Union Minister Nitin Gadkari and Chief Minister Mohan Yadav flagged off 351 buses in Bhopal under the Mukhyamantri Sugam Parivahan Sewa and the PM e-Bus Sewa.

In this video, find out:
Why the MP State Road Transport Corporation was shut down in 2005, with liabilities of about Rs 756 crore and monthly losses of nearly Rs 5 crore.
How the new system will run through private operators under government-regulated contracts.
Which cities got the most buses. Indore got 145, Bhopal 106 and Jabalpur 67.
What the targets are: about 1,500 buses in the first year and 15,000 by 2031.
What Gadkari told bus manufacturers and RTO officers, including his ""Gandhiwadi"" remark.
What the new rules are for bus registration, including type-approval and physical and video verification.
How many electric buses MP has got under the PM e-Bus Sewa, and what safety features the new buses will have.

Subscribe for clear and simple updates on the news that matters.

#MadhyaPradesh #NitinGadkari #MohanYadav #PublicTransport #ElectricBus #PMeBusSewa #Bhopal #Indore

Produced by: Indian Express Hindi
Edited by: Baivhaw Kesharwani",Sleeper Bus Fire Accidents पर Nitin Gadkari ने बस बनाने वालों को क्या चेतावनी दी?,2026-09-26T13:00:28Z,2026-09-26T13:00:28Z,इसका मतलब इसे अपना मंत्रालय याद है,top_level,,UgyANPdQmgSMIqcaZiF4AaABAg,0,2026-09-26T13:50:04Z,2026-09-26T13:50:04Z,0,UCQbQjIJY8wjh6F7DIW7n2Mg,,0,0,youtube_20260926_1347,baseline_20260926_134704,2026-09-26T20:55:11.052572+07:00
youtube_c_UgyXzzYEktruUiyqV7h4AaABAg,youtube,https://www.youtube.com/watch?v=bjBRYNMLa6c,bjBRYNMLa6c,"Sleeper Bus Fire Accidents पर Nitin Gadkari ने बस बनाने वालों को क्या चेतावनी दी?
Why did Madhya Pradesh bring back a state-backed bus network after 21 years? Union Minister Nitin Gadkari and Chief Minister Mohan Yadav flagged off 351 buses in Bhopal under the Mukhyamantri Sugam Parivahan Sewa and the PM e-Bus Sewa.

In this video, find out:
Why the MP State Road Transport Corporation was shut down in 2005, with liabilities of about Rs 756 crore and monthly losses of nearly Rs 5 crore.
How the new system will run through private operators under government-regulated contracts.
Which cities got the most buses. Indore got 145, Bhopal 106 and Jabalpur 67.
What the targets are: about 1,500 buses in the first year and 15,000 by 2031.
What Gadkari told bus manufacturers and RTO officers, including his ""Gandhiwadi"" remark.
What the new rules are for bus registration, including type-approval and physical and video verification.
How many electric buses MP has got under the PM e-Bus Sewa, and what safety features the new buses will have.

Subscribe for clear and simple updates on the news that matters.

#MadhyaPradesh #NitinGadkari #MohanYadav #PublicTransport #ElectricBus #PMeBusSewa #Bhopal #Indore

Produced by: Indian Express Hindi
Edited by: Baivhaw Kesharwani",Sleeper Bus Fire Accidents पर Nitin Gadkari ने बस बनाने वालों को क्या चेतावनी दी?,2026-09-26T13:00:28Z,2026-09-26T13:00:28Z,गडकरी को अपना मंत्रालय तो याद है यह बात कन्फर्म,top_level,,UgyXzzYEktruUiyqV7h4AaABAg,0,2026-09-27T03:04:13Z,2026-09-27T03:04:13Z,0,UCxQvOjeJYU-PeZYPAJOdXcw,,0,0,youtube_20260927_0855,baseline_20260926_134704,2026-09-27T15:56:32.303574+07:00
youtube_c_UgytKv_16h9kORMA9qp4AaABAg,youtube,https://www.youtube.com/watch?v=bjBRYNMLa6c,bjBRYNMLa6c,"Sleeper Bus Fire Accidents पर Nitin Gadkari ने बस बनाने वालों को क्या चेतावनी दी?
Why did Madhya Pradesh bring back a state-backed bus network after 21 years? Union Minister Nitin Gadkari and Chief Minister Mohan Yadav flagged off 351 buses in Bhopal under the Mukhyamantri Sugam Parivahan Sewa and the PM e-Bus Sewa.

In this video, find out:
Why the MP State Road Transport Corporation was shut down in 2005, with liabilities of about Rs 756 crore and monthly losses of nearly Rs 5 crore.
How the new system will run through private operators under government-regulated contracts.
Which cities got the most buses. Indore got 145, Bhopal 106 and Jabalpur 67.
What the targets are: about 1,500 buses in the first year and 15,000 by 2031.
What Gadkari told bus manufacturers and RTO officers, including his ""Gandhiwadi"" remark.
What the new rules are for bus registration, including type-approval and physical and video verification.
How many electric buses MP has got under the PM e-Bus Sewa, and what safety features the new buses will have.

Subscribe for clear and simple updates on the news that matters.

#MadhyaPradesh #NitinGadkari #MohanYadav #PublicTransport #ElectricBus #PMeBusSewa #Bhopal #Indore

Produced by: Indian Express Hindi
Edited by: Baivhaw Kesharwani",Sleeper Bus Fire Accidents पर Nitin Gadkari ने बस बनाने वालों को क्या चेतावनी दी?,2026-09-26T13:00:28Z,2026-09-26T13:00:28Z,Ye manak to govt buses bhi follow na krti h,top_level,,UgytKv_16h9kORMA9qp4AaABAg,0,2026-09-26T15:09:11Z,2026-09-26T15:09:11Z,0,UCz7XbDA5YPl75huvddDxxQw,,0,0,youtube_20260926_1601,baseline_20260926_134704,2026-09-26T23:02:06.258317+07:00
youtube_c_Ugz-Ot97bMW_ROcmIRB4AaABAg,youtube,https://www.youtube.com/watch?v=bjBRYNMLa6c,bjBRYNMLa6c,"Sleeper Bus Fire Accidents पर Nitin Gadkari ने बस बनाने वालों को क्या चेतावनी दी?
Why did Madhya Pradesh bring back a state-backed bus network after 21 years? Union Minister Nitin Gadkari and Chief Minister Mohan Yadav flagged off 351 buses in Bhopal under the Mukhyamantri Sugam Parivahan Sewa and the PM e-Bus Sewa.

In this video, find out:
Why the MP State Road Transport Corporation was shut down in 2005, with liabilities of about Rs 756 crore and monthly losses of nearly Rs 5 crore.
How the new system will run through private operators under government-regulated contracts.
Which cities got the most buses. Indore got 145, Bhopal 106 and Jabalpur 67.
What the targets are: about 1,500 buses in the first year and 15,000 by 2031.
What Gadkari told bus manufacturers and RTO officers, including his ""Gandhiwadi"" remark.
What the new rules are for bus registration, including type-approval and physical and video verification.
How many electric buses MP has got under the PM e-Bus Sewa, and what safety features the new buses will have.

Subscribe for clear and simple updates on the news that matters.

#MadhyaPradesh #NitinGadkari #MohanYadav #PublicTransport #ElectricBus #PMeBusSewa #Bhopal #Indore

Produced by: Indian Express Hindi
Edited by: Baivhaw Kesharwani",Sleeper Bus Fire Accidents पर Nitin Gadkari ने बस बनाने वालों को क्या चेतावनी दी?,2026-09-26T13:00:28Z,2026-09-26T13:00:28Z,E 20 aur Expressway me ghaplaa karne ke baad ab ye Bus ka banta-dhaar karega,top_level,,Ugz-Ot97bMW_ROcmIRB4AaABAg,0,2026-09-26T16:51:38Z,2026-09-26T16:51:38Z,0,UCgdhaVUqle97QD0LaLgOi3w,transport_impact,0,0,youtube_20260926_1700,baseline_20260926_134704,2026-09-27T00:00:32.130602+07:00
youtube_c_UgzQzgWIcJpK4s_YuMF4AaABAg,youtube,https://www.youtube.com/watch?v=bjBRYNMLa6c,bjBRYNMLa6c,"Sleeper Bus Fire Accidents पर Nitin Gadkari ने बस बनाने वालों को क्या चेतावनी दी?
Why did Madhya Pradesh bring back a state-backed bus network after 21 years? Union Minister Nitin Gadkari and Chief Minister Mohan Yadav flagged off 351 buses in Bhopal under the Mukhyamantri Sugam Parivahan Sewa and the PM e-Bus Sewa.

In this video, find out:
Why the MP State Road Transport Corporation was shut down in 2005, with liabilities of about Rs 756 crore and monthly losses of nearly Rs 5 crore.
How the new system will run through private operators under government-regulated contracts.
Which cities got the most buses. Indore got 145, Bhopal 106 and Jabalpur 67.
What the targets are: about 1,500 buses in the first year and 15,000 by 2031.
What Gadkari told bus manufacturers and RTO officers, including his ""Gandhiwadi"" remark.
What the new rules are for bus registration, including type-approval and physical and video verification.
How many electric buses MP has got under the PM e-Bus Sewa, and what safety features the new buses will have.

Subscribe for clear and simple updates on the news that matters.

#MadhyaPradesh #NitinGadkari #MohanYadav #PublicTransport #ElectricBus #PMeBusSewa #Bhopal #Indore

Produced by: Indian Express Hindi
Edited by: Baivhaw Kesharwani",Sleeper Bus Fire Accidents पर Nitin Gadkari ने बस बनाने वालों को क्या चेतावनी दी?,2026-09-26T13:00:28Z,2026-09-26T13:00:28Z,Wo ye bhi bola ki ethanol ki wajah se avg badh rhi h,top_level,,UgzQzgWIcJpK4s_YuMF4AaABAg,0,2026-09-26T15:02:13Z,2026-09-26T15:02:13Z,0,UC5Lnh1en1bOaAomDhfKBlNA,,0,0,youtube_20260926_1502,baseline_20260926_134704,2026-09-26T22:03:18.353785+07:00
youtube_c_UgzRzDuTvSx6jGVY24F4AaABAg,youtube,https://www.youtube.com/watch?v=bjBRYNMLa6c,bjBRYNMLa6c,"Sleeper Bus Fire Accidents पर Nitin Gadkari ने बस बनाने वालों को क्या चेतावनी दी?
Why did Madhya Pradesh bring back a state-backed bus network after 21 years? Union Minister Nitin Gadkari and Chief Minister Mohan Yadav flagged off 351 buses in Bhopal under the Mukhyamantri Sugam Parivahan Sewa and the PM e-Bus Sewa.

In this video, find out:
Why the MP State Road Transport Corporation was shut down in 2005, with liabilities of about Rs 756 crore and monthly losses of nearly Rs 5 crore.
How the new system will run through private operators under government-regulated contracts.
Which cities got the most buses. Indore got 145, Bhopal 106 and Jabalpur 67.
What the targets are: about 1,500 buses in the first year and 15,000 by 2031.
What Gadkari told bus manufacturers and RTO officers, including his ""Gandhiwadi"" remark.
What the new rules are for bus registration, including type-approval and physical and video verification.
How many electric buses MP has got under the PM e-Bus Sewa, and what safety features the new buses will have.

Subscribe for clear and simple updates on the news that matters.

#MadhyaPradesh #NitinGadkari #MohanYadav #PublicTransport #ElectricBus #PMeBusSewa #Bhopal #Indore

Produced by: Indian Express Hindi
Edited by: Baivhaw Kesharwani",Sleeper Bus Fire Accidents पर Nitin Gadkari ने बस बनाने वालों को क्या चेतावनी दी?,2026-09-26T13:00:28Z,2026-09-26T13:00:28Z,यह काम जो है ना बिहार के भी बस सर्विस पर लागू होनी चाहिए,top_level,,UgzRzDuTvSx6jGVY24F4AaABAg,0,2026-09-26T16:28:12Z,2026-09-26T16:28:12Z,1,UCXibsZTkH9HEaZA8CD8Ho9Q,,0,0,youtube_20260926_1700,baseline_20260926_134704,2026-09-27T00:00:32.133602+07:00
youtube_c_UgwXPA7q6XR-gWGTVdN4AaABAg,youtube,https://www.youtube.com/watch?v=cLv33FVtW54,cLv33FVtW54,"എന്താണ് Endobronchial Ultrasound അഥവ EBUS
എന്താണ് Endobronchial Ultrasound അഥവ EBUS",എന്താണ് Endobronchial Ultrasound അഥവ EBUS,2026-09-26T12:23:10Z,2026-09-26T12:23:10Z,❤️,top_level,,UgwXPA7q6XR-gWGTVdN4AaABAg,0,2026-09-27T02:37:46Z,2026-09-27T02:37:46Z,0,UCJ1V-RQ7Ce9C0XF9XauYfNQ,,0,0,youtube_20260927_0855,baseline_20260926_134704,2026-09-27T15:58:14.806230+07:00
youtube_c_UgyOqwhRIpWXiIyCED14AaABAg,youtube,https://www.youtube.com/watch?v=cLv33FVtW54,cLv33FVtW54,എന്താണ് Endobronchial Ultrasound അഥവ EBUS,എന്താണ് Endobronchial Ultrasound അഥവ EBUS,2026-09-26T12:23:10Z,2026-09-26T12:23:10Z,My madam,top_level,,UgyOqwhRIpWXiIyCED14AaABAg,0,2026-09-26T13:06:49Z,2026-09-26T13:06:49Z,0,UCnUBjJoVGSxKy6ZI015uUxQ,,0,0,youtube_20260926_1347,baseline_20260926_134704,2026-09-26T20:59:11.499789+07:00
youtube_c_Ugw5VDdW2H_RH1oT8294AaABAg,youtube,https://www.youtube.com/watch?v=d_79KbN18Vs,d_79KbN18Vs,"गणपती नंतर पुन्हा परतीचा प्रवास 🥹❤️ | Electric Bus Journey - Dapoli To Panvel| Mi Kokani Nikhil
गणपती नंतर पुन्हा परतीचा प्रवास 🥹❤️ | Electric Bus Journey - Dapoli To Panvel| Mi Kokani Nikhil
.

गणपती बाप्पाला निरोप दिल्यानंतर पुन्हा एकदा गावातून परतीचा प्रवास सुरू झाला .

सकाळी ६:३० वाजता दापोलीहून ठाणे खोपटसाठी निघालो 🚌
यावेळी Electric Bus ने प्रवास केला आणि गाव सोडताना मनात पुन्हा एकदा गावच्या सुंदर आठवणी दाटून आल्या .

गावचं वातावरण, गणपतीचे दिवस आणि आपल्या माणसांसोबत घालवलेले क्षण मागे सोडून पुन्हा पनवेलच्या दिशेने प्रवास… 

या परतीच्या प्रवासात तुम्हीही आमच्यासोबत या! 

व्हिडिओ आवडला असेल तर Like करा, Comment करा आणि Channel ला Subscribe करायला विसरू नका!

Dapoli To Thane Khopat
Electric Bus Journey
सकाळी ६:३० ची बस
Mi Kokani Nikhil

#MiKokaniNikhil #DapoliToPanvel #DapoliToThane #ElectricBus #KokanVlog #KokanTravel #MarathiVlog #GanpatiFestival2026 #KokanGanpati #परतीचाप्रवास",गणपती नंतर पुन्हा परतीचा प्रवास 🥹❤️ | Electric Bus Journey - Dapoli To Panvel| Mi Kokani Nikhil,2026-09-25T12:30:16Z,2026-09-25T12:30:16Z,Me penla ch rahto 😢 bheth zali aasati❤,top_level,,Ugw5VDdW2H_RH1oT8294AaABAg,0,2026-09-25T14:08:53Z,2026-09-25T14:08:53Z,0,UCwO07r7QfoW5ImZJGUItT9g,,0,0,youtube_20260926_1347,baseline_20260926_134704,2026-09-26T21:10:16.596572+07:00
youtube_c_Ugw5VDdW2H_RH1oT8294AaABAg.AbB8pW40jpCAbD-ZRHZeV3,youtube,https://www.youtube.com/watch?v=d_79KbN18Vs,d_79KbN18Vs,"गणपती नंतर पुन्हा परतीचा प्रवास 🥹❤️ | Electric Bus Journey - Dapoli To Panvel| Mi Kokani Nikhil
गणपती नंतर पुन्हा परतीचा प्रवास 🥹❤️ | Electric Bus Journey - Dapoli To Panvel| Mi Kokani Nikhil
.

गणपती बाप्पाला निरोप दिल्यानंतर पुन्हा एकदा गावातून परतीचा प्रवास सुरू झाला .

सकाळी ६:३० वाजता दापोलीहून ठाणे खोपटसाठी निघालो 🚌
यावेळी Electric Bus ने प्रवास केला आणि गाव सोडताना मनात पुन्हा एकदा गावच्या सुंदर आठवणी दाटून आल्या .

गावचं वातावरण, गणपतीचे दिवस आणि आपल्या माणसांसोबत घालवलेले क्षण मागे सोडून पुन्हा पनवेलच्या दिशेने प्रवास… 

या परतीच्या प्रवासात तुम्हीही आमच्यासोबत या! 

व्हिडिओ आवडला असेल तर Like करा, Comment करा आणि Channel ला Subscribe करायला विसरू नका!

Dapoli To Thane Khopat
Electric Bus Journey
सकाळी ६:३० ची बस
Mi Kokani Nikhil

#MiKokaniNikhil #DapoliToPanvel #DapoliToThane #ElectricBus #KokanVlog #KokanTravel #MarathiVlog #GanpatiFestival2026 #KokanGanpati #परतीचाप्रवास",गणपती नंतर पुन्हा परतीचा प्रवास 🥹❤️ | Electric Bus Journey - Dapoli To Panvel| Mi Kokani Nikhil,2026-09-25T12:30:16Z,2026-09-25T12:30:16Z,पुढच्या वेळी नक्की भेटू! ❤️,reply,Ugw5VDdW2H_RH1oT8294AaABAg,Ugw5VDdW2H_RH1oT8294AaABAg,1,2026-09-26T07:26:23Z,2026-09-26T07:26:23Z,1,UCSzKZz3YPIkl4G4uSWrKFgQ,,0,0,youtube_20260926_1347,baseline_20260926_134704,2026-09-26T21:10:19.902588+07:00
youtube_c_Ugw8bK1oV1vEtymj4_l4AaABAg,youtube,https://www.youtube.com/watch?v=d_79KbN18Vs,d_79KbN18Vs,"गणपती नंतर पुन्हा परतीचा प्रवास 🥹❤️ | Electric Bus Journey - Dapoli To Panvel| Mi Kokani Nikhil
गणपती नंतर पुन्हा परतीचा प्रवास 🥹❤️ | Electric Bus Journey - Dapoli To Panvel| Mi Kokani Nikhil
.

गणपती बाप्पाला निरोप दिल्यानंतर पुन्हा एकदा गावातून परतीचा प्रवास सुरू झाला .

सकाळी ६:३० वाजता दापोलीहून ठाणे खोपटसाठी निघालो 🚌
यावेळी Electric Bus ने प्रवास केला आणि गाव सोडताना मनात पुन्हा एकदा गावच्या सुंदर आठवणी दाटून आल्या .

गावचं वातावरण, गणपतीचे दिवस आणि आपल्या माणसांसोबत घालवलेले क्षण मागे सोडून पुन्हा पनवेलच्या दिशेने प्रवास… 

या परतीच्या प्रवासात तुम्हीही आमच्यासोबत या! 

व्हिडिओ आवडला असेल तर Like करा, Comment करा आणि Channel ला Subscribe करायला विसरू नका!

Dapoli To Thane Khopat
Electric Bus Journey
सकाळी ६:३० ची बस
Mi Kokani Nikhil

#MiKokaniNikhil #DapoliToPanvel #DapoliToThane #ElectricBus #KokanVlog #KokanTravel #MarathiVlog #GanpatiFestival2026 #KokanGanpati #परतीचाप्रवास",गणपती नंतर पुन्हा परतीचा प्रवास 🥹❤️ | Electric Bus Journey - Dapoli To Panvel| Mi Kokani Nikhil,2026-09-25T12:30:16Z,2026-09-25T12:30:16Z,❤😢,top_level,,Ugw8bK1oV1vEtymj4_l4AaABAg,0,2026-09-26T05:36:52Z,2026-09-26T05:36:52Z,1,UCVXMxrUK0SewPwPAAMPUHiQ,,0,0,youtube_20260926_1347,baseline_20260926_134704,2026-09-26T21:10:03.453730+07:00
youtube_c_UgwAlDiUcvNCVB0AMVp4AaABAg,youtube,https://www.youtube.com/watch?v=d_79KbN18Vs,d_79KbN18Vs,"गणपती नंतर पुन्हा परतीचा प्रवास 🥹❤️ | Electric Bus Journey - Dapoli To Panvel| Mi Kokani Nikhil
गणपती नंतर पुन्हा परतीचा प्रवास 🥹❤️ | Electric Bus Journey - Dapoli To Panvel| Mi Kokani Nikhil
.

गणपती बाप्पाला निरोप दिल्यानंतर पुन्हा एकदा गावातून परतीचा प्रवास सुरू झाला .

सकाळी ६:३० वाजता दापोलीहून ठाणे खोपटसाठी निघालो 🚌
यावेळी Electric Bus ने प्रवास केला आणि गाव सोडताना मनात पुन्हा एकदा गावच्या सुंदर आठवणी दाटून आल्या .

गावचं वातावरण, गणपतीचे दिवस आणि आपल्या माणसांसोबत घालवलेले क्षण मागे सोडून पुन्हा पनवेलच्या दिशेने प्रवास… 

या परतीच्या प्रवासात तुम्हीही आमच्यासोबत या! 

व्हिडिओ आवडला असेल तर Like करा, Comment करा आणि Channel ला Subscribe करायला विसरू नका!

Dapoli To Thane Khopat
Electric Bus Journey
सकाळी ६:३० ची बस
Mi Kokani Nikhil

#MiKokaniNikhil #DapoliToPanvel #DapoliToThane #ElectricBus #KokanVlog #KokanTravel #MarathiVlog #GanpatiFestival2026 #KokanGanpati #परतीचाप्रवास",गणपती नंतर पुन्हा परतीचा प्रवास 🥹❤️ | Electric Bus Journey - Dapoli To Panvel| Mi Kokani Nikhil,2026-09-25T12:30:16Z,2026-09-25T12:30:16Z,Dada vahinila nhi bhetun aalas ka 😊.... video chan ❤❤,top_level,,UgwAlDiUcvNCVB0AMVp4AaABAg,0,2026-09-25T20:15:02Z,2026-09-25T20:15:02Z,1,UCgYaObAKFvhQtn1tWd9Rb0w,,0,0,youtube_20260926_1347,baseline_20260926_134704,2026-09-26T21:10:03.455348+07:00
youtube_c_UgwT5_xK5G-TOxbzJH54AaABAg,youtube,https://www.youtube.com/watch?v=d_79KbN18Vs,d_79KbN18Vs,"गणपती नंतर पुन्हा परतीचा प्रवास 🥹❤️ | Electric Bus Journey - Dapoli To Panvel| Mi Kokani Nikhil
गणपती नंतर पुन्हा परतीचा प्रवास 🥹❤️ | Electric Bus Journey - Dapoli To Panvel| Mi Kokani Nikhil
.

गणपती बाप्पाला निरोप दिल्यानंतर पुन्हा एकदा गावातून परतीचा प्रवास सुरू झाला .

सकाळी ६:३० वाजता दापोलीहून ठाणे खोपटसाठी निघालो 🚌
यावेळी Electric Bus ने प्रवास केला आणि गाव सोडताना मनात पुन्हा एकदा गावच्या सुंदर आठवणी दाटून आल्या .

गावचं वातावरण, गणपतीचे दिवस आणि आपल्या माणसांसोबत घालवलेले क्षण मागे सोडून पुन्हा पनवेलच्या दिशेने प्रवास… 

या परतीच्या प्रवासात तुम्हीही आमच्यासोबत या! 

व्हिडिओ आवडला असेल तर Like करा, Comment करा आणि Channel ला Subscribe करायला विसरू नका!

Dapoli To Thane Khopat
Electric Bus Journey
सकाळी ६:३० ची बस
Mi Kokani Nikhil

#MiKokaniNikhil #DapoliToPanvel #DapoliToThane #ElectricBus #KokanVlog #KokanTravel #MarathiVlog #GanpatiFestival2026 #KokanGanpati #परतीचाप्रवास",गणपती नंतर पुन्हा परतीचा प्रवास 🥹❤️ | Electric Bus Journey - Dapoli To Panvel| Mi Kokani Nikhil,2026-09-25T12:30:16Z,2026-09-25T12:30:16Z,Khupach masta video ❤❤❤,top_level,,UgwT5_xK5G-TOxbzJH54AaABAg,0,2026-09-25T14:29:28Z,2026-09-25T14:29:28Z,0,UCxtnSoEDNktutxGhloN9HWw,,0,0,youtube_20260926_1347,baseline_20260926_134704,2026-09-26T21:10:10.010861+07:00
youtube_c_UgwT5_xK5G-TOxbzJH54AaABAg.AbBBBHhm_8-AbD-YQ-Pb7Q,youtube,https://www.youtube.com/watch?v=d_79KbN18Vs,d_79KbN18Vs,"गणपती नंतर पुन्हा परतीचा प्रवास 🥹❤️ | Electric Bus Journey - Dapoli To Panvel| Mi Kokani Nikhil
गणपती नंतर पुन्हा परतीचा प्रवास 🥹❤️ | Electric Bus Journey - Dapoli To Panvel| Mi Kokani Nikhil
.

गणपती बाप्पाला निरोप दिल्यानंतर पुन्हा एकदा गावातून परतीचा प्रवास सुरू झाला .

सकाळी ६:३० वाजता दापोलीहून ठाणे खोपटसाठी निघालो 🚌
यावेळी Electric Bus ने प्रवास केला आणि गाव सोडताना मनात पुन्हा एकदा गावच्या सुंदर आठवणी दाटून आल्या .

गावचं वातावरण, गणपतीचे दिवस आणि आपल्या माणसांसोबत घालवलेले क्षण मागे सोडून पुन्हा पनवेलच्या दिशेने प्रवास… 

या परतीच्या प्रवासात तुम्हीही आमच्यासोबत या! 

व्हिडिओ आवडला असेल तर Like करा, Comment करा आणि Channel ला Subscribe करायला विसरू नका!

Dapoli To Thane Khopat
Electric Bus Journey
सकाळी ६:३० ची बस
Mi Kokani Nikhil

#MiKokaniNikhil #DapoliToPanvel #DapoliToThane #ElectricBus #KokanVlog #KokanTravel #MarathiVlog #GanpatiFestival2026 #KokanGanpati #परतीचाप्रवास",गणपती नंतर पुन्हा परतीचा प्रवास 🥹❤️ | Electric Bus Journey - Dapoli To Panvel| Mi Kokani Nikhil,2026-09-25T12:30:16Z,2026-09-25T12:30:16Z,धन्यवाद! 😊❤️,reply,UgwT5_xK5G-TOxbzJH54AaABAg,UgwT5_xK5G-TOxbzJH54AaABAg,1,2026-09-26T07:26:15Z,2026-09-26T07:26:15Z,0,UCSzKZz3YPIkl4G4uSWrKFgQ,,0,0,youtube_20260926_1347,baseline_20260926_134704,2026-09-26T21:10:13.309346+07:00
youtube_c_Ugwa-vyrg_In0fuVMlh4AaABAg,youtube,https://www.youtube.com/watch?v=d_79KbN18Vs,d_79KbN18Vs,"गणपती नंतर पुन्हा परतीचा प्रवास 🥹❤️ | Electric Bus Journey - Dapoli To Panvel| Mi Kokani Nikhil
गणपती नंतर पुन्हा परतीचा प्रवास 🥹❤️ | Electric Bus Journey - Dapoli To Panvel| Mi Kokani Nikhil
.

गणपती बाप्पाला निरोप दिल्यानंतर पुन्हा एकदा गावातून परतीचा प्रवास सुरू झाला .

सकाळी ६:३० वाजता दापोलीहून ठाणे खोपटसाठी निघालो 🚌
यावेळी Electric Bus ने प्रवास केला आणि गाव सोडताना मनात पुन्हा एकदा गावच्या सुंदर आठवणी दाटून आल्या .

गावचं वातावरण, गणपतीचे दिवस आणि आपल्या माणसांसोबत घालवलेले क्षण मागे सोडून पुन्हा पनवेलच्या दिशेने प्रवास… 

या परतीच्या प्रवासात तुम्हीही आमच्यासोबत या! 

व्हिडिओ आवडला असेल तर Like करा, Comment करा आणि Channel ला Subscribe करायला विसरू नका!

Dapoli To Thane Khopat
Electric Bus Journey
सकाळी ६:३० ची बस
Mi Kokani Nikhil

#MiKokaniNikhil #DapoliToPanvel #DapoliToThane #ElectricBus #KokanVlog #KokanTravel #MarathiVlog #GanpatiFestival2026 #KokanGanpati #परतीचाप्रवास",गणपती नंतर पुन्हा परतीचा प्रवास 🥹❤️ | Electric Bus Journey - Dapoli To Panvel| Mi Kokani Nikhil,2026-09-25T12:30:16Z,2026-09-25T12:30:16Z,Nice mst Volg.,top_level,,Ugwa-vyrg_In0fuVMlh4AaABAg,0,2026-09-25T14:29:57Z,2026-09-25T14:29:57Z,0,UC-9f_kXhFXgGp7C2se15fnw,,0,0,youtube_20260926_1347,baseline_20260926_134704,2026-09-26T21:10:06.724206+07:00
youtube_c_Ugwa-vyrg_In0fuVMlh4AaABAg.AbBBEsjZ6RWAbD-XxDY5us,youtube,https://www.youtube.com/watch?v=d_79KbN18Vs,d_79KbN18Vs,"गणपती नंतर पुन्हा परतीचा प्रवास 🥹❤️ | Electric Bus Journey - Dapoli To Panvel| Mi Kokani Nikhil
गणपती नंतर पुन्हा परतीचा प्रवास 🥹❤️ | Electric Bus Journey - Dapoli To Panvel| Mi Kokani Nikhil
.

गणपती बाप्पाला निरोप दिल्यानंतर पुन्हा एकदा गावातून परतीचा प्रवास सुरू झाला .

सकाळी ६:३० वाजता दापोलीहून ठाणे खोपटसाठी निघालो 🚌
यावेळी Electric Bus ने प्रवास केला आणि गाव सोडताना मनात पुन्हा एकदा गावच्या सुंदर आठवणी दाटून आल्या .

गावचं वातावरण, गणपतीचे दिवस आणि आपल्या माणसांसोबत घालवलेले क्षण मागे सोडून पुन्हा पनवेलच्या दिशेने प्रवास… 

या परतीच्या प्रवासात तुम्हीही आमच्यासोबत या! 

व्हिडिओ आवडला असेल तर Like करा, Comment करा आणि Channel ला Subscribe करायला विसरू नका!

Dapoli To Thane Khopat
Electric Bus Journey
सकाळी ६:३० ची बस
Mi Kokani Nikhil

#MiKokaniNikhil #DapoliToPanvel #DapoliToThane #ElectricBus #KokanVlog #KokanTravel #MarathiVlog #GanpatiFestival2026 #KokanGanpati #परतीचाप्रवास",गणपती नंतर पुन्हा परतीचा प्रवास 🥹❤️ | Electric Bus Journey - Dapoli To Panvel| Mi Kokani Nikhil,2026-09-25T12:30:16Z,2026-09-25T12:30:16Z,धन्यवाद! ❤️,reply,Ugwa-vyrg_In0fuVMlh4AaABAg,Ugwa-vyrg_In0fuVMlh4AaABAg,1,2026-09-26T07:26:11Z,2026-09-26T07:26:11Z,0,UCSzKZz3YPIkl4G4uSWrKFgQ,,0,0,youtube_20260926_1347,baseline_20260926_134704,2026-09-26T21:10:10.008529+07:00
youtube_c_Ugwa-vyrg_In0fuVMlh4AaABAg.AbBBEsjZ6RWAbD08WEZh-S,youtube,https://www.youtube.com/watch?v=d_79KbN18Vs,d_79KbN18Vs,"गणपती नंतर पुन्हा परतीचा प्रवास 🥹❤️ | Electric Bus Journey - Dapoli To Panvel| Mi Kokani Nikhil
गणपती नंतर पुन्हा परतीचा प्रवास 🥹❤️ | Electric Bus Journey - Dapoli To Panvel| Mi Kokani Nikhil
.

गणपती बाप्पाला निरोप दिल्यानंतर पुन्हा एकदा गावातून परतीचा प्रवास सुरू झाला .

सकाळी ६:३० वाजता दापोलीहून ठाणे खोपटसाठी निघालो 🚌
यावेळी Electric Bus ने प्रवास केला आणि गाव सोडताना मनात पुन्हा एकदा गावच्या सुंदर आठवणी दाटून आल्या .

गावचं वातावरण, गणपतीचे दिवस आणि आपल्या माणसांसोबत घालवलेले क्षण मागे सोडून पुन्हा पनवेलच्या दिशेने प्रवास… 

या परतीच्या प्रवासात तुम्हीही आमच्यासोबत या! 

व्हिडिओ आवडला असेल तर Like करा, Comment करा आणि Channel ला Subscribe करायला विसरू नका!

Dapoli To Thane Khopat
Electric Bus Journey
सकाळी ६:३० ची बस
Mi Kokani Nikhil

#MiKokaniNikhil #DapoliToPanvel #DapoliToThane #ElectricBus #KokanVlog #KokanTravel #MarathiVlog #GanpatiFestival2026 #KokanGanpati #परतीचाप्रवास",गणपती नंतर पुन्हा परतीचा प्रवास 🥹❤️ | Electric Bus Journey - Dapoli To Panvel| Mi Kokani Nikhil,2026-09-25T12:30:16Z,2026-09-25T12:30:16Z,​@MIKOKANINIKHILCongratulations bro.,reply,Ugwa-vyrg_In0fuVMlh4AaABAg,Ugwa-vyrg_In0fuVMlh4AaABAg,1,2026-09-26T07:31:27Z,2026-09-26T07:31:27Z,0,UC-9f_kXhFXgGp7C2se15fnw,,0,0,youtube_20260926_1347,baseline_20260926_134704,2026-09-26T21:10:10.008529+07:00
youtube_c_UgwwmbdCklOW3PI_MuJ4AaABAg,youtube,https://www.youtube.com/watch?v=d_79KbN18Vs,d_79KbN18Vs,"गणपती नंतर पुन्हा परतीचा प्रवास 🥹❤️ | Electric Bus Journey - Dapoli To Panvel| Mi Kokani Nikhil
गणपती नंतर पुन्हा परतीचा प्रवास 🥹❤️ | Electric Bus Journey - Dapoli To Panvel| Mi Kokani Nikhil
.

गणपती बाप्पाला निरोप दिल्यानंतर पुन्हा एकदा गावातून परतीचा प्रवास सुरू झाला .

सकाळी ६:३० वाजता दापोलीहून ठाणे खोपटसाठी निघालो 🚌
यावेळी Electric Bus ने प्रवास केला आणि गाव सोडताना मनात पुन्हा एकदा गावच्या सुंदर आठवणी दाटून आल्या .

गावचं वातावरण, गणपतीचे दिवस आणि आपल्या माणसांसोबत घालवलेले क्षण मागे सोडून पुन्हा पनवेलच्या दिशेने प्रवास… 

या परतीच्या प्रवासात तुम्हीही आमच्यासोबत या! 

व्हिडिओ आवडला असेल तर Like करा, Comment करा आणि Channel ला Subscribe करायला विसरू नका!

Dapoli To Thane Khopat
Electric Bus Journey
सकाळी ६:३० ची बस
Mi Kokani Nikhil

#MiKokaniNikhil #DapoliToPanvel #DapoliToThane #ElectricBus #KokanVlog #KokanTravel #MarathiVlog #GanpatiFestival2026 #KokanGanpati #परतीचाप्रवास",गणपती नंतर पुन्हा परतीचा प्रवास 🥹❤️ | Electric Bus Journey - Dapoli To Panvel| Mi Kokani Nikhil,2026-09-25T12:30:16Z,2026-09-25T12:30:16Z,😢😢,top_level,,UgwwmbdCklOW3PI_MuJ4AaABAg,0,2026-09-25T17:01:36Z,2026-09-25T17:01:36Z,0,UCxguVqEEEHI2fg05Urngxsw,,0,0,youtube_20260926_1347,baseline_20260926_134704,2026-09-26T21:10:03.458378+07:00
youtube_c_Ugx281doXJ6OBBdzGeN4AaABAg,youtube,https://www.youtube.com/watch?v=d_79KbN18Vs,d_79KbN18Vs,"गणपती नंतर पुन्हा परतीचा प्रवास 🥹❤️ | Electric Bus Journey - Dapoli To Panvel| Mi Kokani Nikhil
गणपती नंतर पुन्हा परतीचा प्रवास 🥹❤️ | Electric Bus Journey - Dapoli To Panvel| Mi Kokani Nikhil
.

गणपती बाप्पाला निरोप दिल्यानंतर पुन्हा एकदा गावातून परतीचा प्रवास सुरू झाला .

सकाळी ६:३० वाजता दापोलीहून ठाणे खोपटसाठी निघालो 🚌
यावेळी Electric Bus ने प्रवास केला आणि गाव सोडताना मनात पुन्हा एकदा गावच्या सुंदर आठवणी दाटून आल्या .

गावचं वातावरण, गणपतीचे दिवस आणि आपल्या माणसांसोबत घालवलेले क्षण मागे सोडून पुन्हा पनवेलच्या दिशेने प्रवास… 

या परतीच्या प्रवासात तुम्हीही आमच्यासोबत या! 

व्हिडिओ आवडला असेल तर Like करा, Comment करा आणि Channel ला Subscribe करायला विसरू नका!

Dapoli To Thane Khopat
Electric Bus Journey
सकाळी ६:३० ची बस
Mi Kokani Nikhil

#MiKokaniNikhil #DapoliToPanvel #DapoliToThane #ElectricBus #KokanVlog #KokanTravel #MarathiVlog #GanpatiFestival2026 #KokanGanpati #परतीचाप्रवास",गणपती नंतर पुन्हा परतीचा प्रवास 🥹❤️ | Electric Bus Journey - Dapoli To Panvel| Mi Kokani Nikhil,2026-09-25T12:30:16Z,2026-09-25T12:30:16Z,❤🎉🎉,top_level,,Ugx281doXJ6OBBdzGeN4AaABAg,0,2026-09-25T18:09:06Z,2026-09-25T18:09:06Z,0,UCDZURWzNS8HWeQ7dK9cLbbA,,0,0,youtube_20260926_1347,baseline_20260926_134704,2026-09-26T21:10:03.457379+07:00
youtube_c_Ugx4nSx0gTA_3cmI1F14AaABAg,youtube,https://www.youtube.com/watch?v=d_79KbN18Vs,d_79KbN18Vs,"गणपती नंतर पुन्हा परतीचा प्रवास 🥹❤️ | Electric Bus Journey - Dapoli To Panvel| Mi Kokani Nikhil
गणपती नंतर पुन्हा परतीचा प्रवास 🥹❤️ | Electric Bus Journey - Dapoli To Panvel| Mi Kokani Nikhil
.

गणपती बाप्पाला निरोप दिल्यानंतर पुन्हा एकदा गावातून परतीचा प्रवास सुरू झाला .

सकाळी ६:३० वाजता दापोलीहून ठाणे खोपटसाठी निघालो 🚌
यावेळी Electric Bus ने प्रवास केला आणि गाव सोडताना मनात पुन्हा एकदा गावच्या सुंदर आठवणी दाटून आल्या .

गावचं वातावरण, गणपतीचे दिवस आणि आपल्या माणसांसोबत घालवलेले क्षण मागे सोडून पुन्हा पनवेलच्या दिशेने प्रवास… 

या परतीच्या प्रवासात तुम्हीही आमच्यासोबत या! 

व्हिडिओ आवडला असेल तर Like करा, Comment करा आणि Channel ला Subscribe करायला विसरू नका!

Dapoli To Thane Khopat
Electric Bus Journey
सकाळी ६:३० ची बस
Mi Kokani Nikhil

#MiKokaniNikhil #DapoliToPanvel #DapoliToThane #ElectricBus #KokanVlog #KokanTravel #MarathiVlog #GanpatiFestival2026 #KokanGanpati #परतीचाप्रवास",गणपती नंतर पुन्हा परतीचा प्रवास 🥹❤️ | Electric Bus Journey - Dapoli To Panvel| Mi Kokani Nikhil,2026-09-25T12:30:16Z,2026-09-25T12:30:16Z,❤😢,top_level,,Ugx4nSx0gTA_3cmI1F14AaABAg,0,2026-09-25T15:55:07Z,2026-09-25T15:55:07Z,0,UC0HBtNFpmYs7yZmgWazstkA,,0,0,youtube_20260926_1347,baseline_20260926_134704,2026-09-26T21:10:03.459491+07:00
youtube_c_UgxJ_NNmlZWsjBm_7Dx4AaABAg,youtube,https://www.youtube.com/watch?v=d_79KbN18Vs,d_79KbN18Vs,"गणपती नंतर पुन्हा परतीचा प्रवास 🥹❤️ | Electric Bus Journey - Dapoli To Panvel| Mi Kokani Nikhil
गणपती नंतर पुन्हा परतीचा प्रवास 🥹❤️ | Electric Bus Journey - Dapoli To Panvel| Mi Kokani Nikhil
.

गणपती बाप्पाला निरोप दिल्यानंतर पुन्हा एकदा गावातून परतीचा प्रवास सुरू झाला .

सकाळी ६:३० वाजता दापोलीहून ठाणे खोपटसाठी निघालो 🚌
यावेळी Electric Bus ने प्रवास केला आणि गाव सोडताना मनात पुन्हा एकदा गावच्या सुंदर आठवणी दाटून आल्या .

गावचं वातावरण, गणपतीचे दिवस आणि आपल्या माणसांसोबत घालवलेले क्षण मागे सोडून पुन्हा पनवेलच्या दिशेने प्रवास… 

या परतीच्या प्रवासात तुम्हीही आमच्यासोबत या! 

व्हिडिओ आवडला असेल तर Like करा, Comment करा आणि Channel ला Subscribe करायला विसरू नका!

Dapoli To Thane Khopat
Electric Bus Journey
सकाळी ६:३० ची बस
Mi Kokani Nikhil

#MiKokaniNikhil #DapoliToPanvel #DapoliToThane #ElectricBus #KokanVlog #KokanTravel #MarathiVlog #GanpatiFestival2026 #KokanGanpati #परतीचाप्रवास",गणपती नंतर पुन्हा परतीचा प्रवास 🥹❤️ | Electric Bus Journey - Dapoli To Panvel| Mi Kokani Nikhil,2026-09-25T12:30:16Z,2026-09-25T12:30:16Z,"निखिल नवरात्री उत्सव मध्ये [खरोशी- पेन ] 
आई केळंबा देवीच्या यात्रेला ये",top_level,,UgxJ_NNmlZWsjBm_7Dx4AaABAg,0,2026-09-27T06:41:50Z,2026-09-27T06:41:50Z,0,UCV0q0eLAJpnMF2I2st7wSNA,,0,0,youtube_20260927_0855,baseline_20260926_134704,2026-09-27T15:57:16.255428+07:00
youtube_c_UgxJ_NNmlZWsjBm_7Dx4AaABAg.AbFVG1Wr2NYAbFYJrqKCWD,youtube,https://www.youtube.com/watch?v=d_79KbN18Vs,d_79KbN18Vs,"गणपती नंतर पुन्हा परतीचा प्रवास 🥹❤️ | Electric Bus Journey - Dapoli To Panvel| Mi Kokani Nikhil
गणपती नंतर पुन्हा परतीचा प्रवास 🥹❤️ | Electric Bus Journey - Dapoli To Panvel| Mi Kokani Nikhil
.

गणपती बाप्पाला निरोप दिल्यानंतर पुन्हा एकदा गावातून परतीचा प्रवास सुरू झाला .

सकाळी ६:३० वाजता दापोलीहून ठाणे खोपटसाठी निघालो 🚌
यावेळी Electric Bus ने प्रवास केला आणि गाव सोडताना मनात पुन्हा एकदा गावच्या सुंदर आठवणी दाटून आल्या .

गावचं वातावरण, गणपतीचे दिवस आणि आपल्या माणसांसोबत घालवलेले क्षण मागे सोडून पुन्हा पनवेलच्या दिशेने प्रवास… 

या परतीच्या प्रवासात तुम्हीही आमच्यासोबत या! 

व्हिडिओ आवडला असेल तर Like करा, Comment करा आणि Channel ला Subscribe करायला विसरू नका!

Dapoli To Thane Khopat
Electric Bus Journey
सकाळी ६:३० ची बस
Mi Kokani Nikhil

#MiKokaniNikhil #DapoliToPanvel #DapoliToThane #ElectricBus #KokanVlog #KokanTravel #MarathiVlog #GanpatiFestival2026 #KokanGanpati #परतीचाप्रवास",गणपती नंतर पुन्हा परतीचा प्रवास 🥹❤️ | Electric Bus Journey - Dapoli To Panvel| Mi Kokani Nikhil,2026-09-25T12:30:16Z,2026-09-25T12:30:16Z,नक्कीच प्रयत्न करेन! 🙏😊,reply,UgxJ_NNmlZWsjBm_7Dx4AaABAg,UgxJ_NNmlZWsjBm_7Dx4AaABAg,1,2026-09-27T07:08:34Z,2026-09-27T07:08:34Z,0,UCSzKZz3YPIkl4G4uSWrKFgQ,,0,0,youtube_20260927_0855,baseline_20260926_134704,2026-09-27T15:57:19.851366+07:00
youtube_c_UgxbZ_HQouCvSIMaw7t4AaABAg,youtube,https://www.youtube.com/watch?v=d_79KbN18Vs,d_79KbN18Vs,"गणपती नंतर पुन्हा परतीचा प्रवास 🥹❤️ | Electric Bus Journey - Dapoli To Panvel| Mi Kokani Nikhil
गणपती नंतर पुन्हा परतीचा प्रवास 🥹❤️ | Electric Bus Journey - Dapoli To Panvel| Mi Kokani Nikhil
.

गणपती बाप्पाला निरोप दिल्यानंतर पुन्हा एकदा गावातून परतीचा प्रवास सुरू झाला .

सकाळी ६:३० वाजता दापोलीहून ठाणे खोपटसाठी निघालो 🚌
यावेळी Electric Bus ने प्रवास केला आणि गाव सोडताना मनात पुन्हा एकदा गावच्या सुंदर आठवणी दाटून आल्या .

गावचं वातावरण, गणपतीचे दिवस आणि आपल्या माणसांसोबत घालवलेले क्षण मागे सोडून पुन्हा पनवेलच्या दिशेने प्रवास… 

या परतीच्या प्रवासात तुम्हीही आमच्यासोबत या! 

व्हिडिओ आवडला असेल तर Like करा, Comment करा आणि Channel ला Subscribe करायला विसरू नका!

Dapoli To Thane Khopat
Electric Bus Journey
सकाळी ६:३० ची बस
Mi Kokani Nikhil

#MiKokaniNikhil #DapoliToPanvel #DapoliToThane #ElectricBus #KokanVlog #KokanTravel #MarathiVlog #GanpatiFestival2026 #KokanGanpati #परतीचाप्रवास",गणपती नंतर पुन्हा परतीचा प्रवास 🥹❤️ | Electric Bus Journey - Dapoli To Panvel| Mi Kokani Nikhil,2026-09-25T12:30:16Z,2026-09-25T12:30:16Z,भावा मी पेण la रहातो... भेट झाली असती...❤,top_level,,UgxbZ_HQouCvSIMaw7t4AaABAg,0,2026-09-26T13:57:23Z,2026-09-26T13:57:23Z,0,UCBNYQvQDz7CDud9_fnHv2mg,,0,0,youtube_20260926_1347,baseline_20260926_134704,2026-09-26T21:10:03.449256+07:00
youtube_c_UgyrZqdqb5961YGs4YN4AaABAg,youtube,https://www.youtube.com/watch?v=d_79KbN18Vs,d_79KbN18Vs,"गणपती नंतर पुन्हा परतीचा प्रवास 🥹❤️ | Electric Bus Journey - Dapoli To Panvel| Mi Kokani Nikhil
गणपती नंतर पुन्हा परतीचा प्रवास 🥹❤️ | Electric Bus Journey - Dapoli To Panvel| Mi Kokani Nikhil
.

गणपती बाप्पाला निरोप दिल्यानंतर पुन्हा एकदा गावातून परतीचा प्रवास सुरू झाला .

सकाळी ६:३० वाजता दापोलीहून ठाणे खोपटसाठी निघालो 🚌
यावेळी Electric Bus ने प्रवास केला आणि गाव सोडताना मनात पुन्हा एकदा गावच्या सुंदर आठवणी दाटून आल्या .

गावचं वातावरण, गणपतीचे दिवस आणि आपल्या माणसांसोबत घालवलेले क्षण मागे सोडून पुन्हा पनवेलच्या दिशेने प्रवास… 

या परतीच्या प्रवासात तुम्हीही आमच्यासोबत या! 

व्हिडिओ आवडला असेल तर Like करा, Comment करा आणि Channel ला Subscribe करायला विसरू नका!

Dapoli To Thane Khopat
Electric Bus Journey
सकाळी ६:३० ची बस
Mi Kokani Nikhil

#MiKokaniNikhil #DapoliToPanvel #DapoliToThane #ElectricBus #KokanVlog #KokanTravel #MarathiVlog #GanpatiFestival2026 #KokanGanpati #परतीचाप्रवास",गणपती नंतर पुन्हा परतीचा प्रवास 🥹❤️ | Electric Bus Journey - Dapoli To Panvel| Mi Kokani Nikhil,2026-09-25T12:30:16Z,2026-09-25T12:30:16Z,First ❤,top_level,,UgyrZqdqb5961YGs4YN4AaABAg,0,2026-09-25T12:32:00Z,2026-09-25T12:32:00Z,0,UClhPntwPWJUAQUxlaT8QS3Q,,0,0,youtube_20260926_1347,baseline_20260926_134704,2026-09-26T21:10:23.271239+07:00
youtube_c_UgyrZqdqb5961YGs4YN4AaABAg.AbAyjxMAi4JAbB2Z6WKFnd,youtube,https://www.youtube.com/watch?v=d_79KbN18Vs,d_79KbN18Vs,"गणपती नंतर पुन्हा परतीचा प्रवास 🥹❤️ | Electric Bus Journey - Dapoli To Panvel| Mi Kokani Nikhil
गणपती नंतर पुन्हा परतीचा प्रवास 🥹❤️ | Electric Bus Journey - Dapoli To Panvel| Mi Kokani Nikhil
.

गणपती बाप्पाला निरोप दिल्यानंतर पुन्हा एकदा गावातून परतीचा प्रवास सुरू झाला .

सकाळी ६:३० वाजता दापोलीहून ठाणे खोपटसाठी निघालो 🚌
यावेळी Electric Bus ने प्रवास केला आणि गाव सोडताना मनात पुन्हा एकदा गावच्या सुंदर आठवणी दाटून आल्या .

गावचं वातावरण, गणपतीचे दिवस आणि आपल्या माणसांसोबत घालवलेले क्षण मागे सोडून पुन्हा पनवेलच्या दिशेने प्रवास… 

या परतीच्या प्रवासात तुम्हीही आमच्यासोबत या! 

व्हिडिओ आवडला असेल तर Like करा, Comment करा आणि Channel ला Subscribe करायला विसरू नका!

Dapoli To Thane Khopat
Electric Bus Journey
सकाळी ६:३० ची बस
Mi Kokani Nikhil

#MiKokaniNikhil #DapoliToPanvel #DapoliToThane #ElectricBus #KokanVlog #KokanTravel #MarathiVlog #GanpatiFestival2026 #KokanGanpati #परतीचाप्रवास",गणपती नंतर पुन्हा परतीचा प्रवास 🥹❤️ | Electric Bus Journey - Dapoli To Panvel| Mi Kokani Nikhil,2026-09-25T12:30:16Z,2026-09-25T12:30:16Z,Thank you! ❤️,reply,UgyrZqdqb5961YGs4YN4AaABAg,UgyrZqdqb5961YGs4YN4AaABAg,1,2026-09-25T13:14:04Z,2026-09-25T13:14:04Z,0,UCSzKZz3YPIkl4G4uSWrKFgQ,,0,0,youtube_20260926_1347,baseline_20260926_134704,2026-09-26T21:10:26.559656+07:00
youtube_c_Ugz8d5TvDpnuxMp1CVF4AaABAg,youtube,https://www.youtube.com/watch?v=d_79KbN18Vs,d_79KbN18Vs,"गणपती नंतर पुन्हा परतीचा प्रवास 🥹❤️ | Electric Bus Journey - Dapoli To Panvel| Mi Kokani Nikhil
गणपती नंतर पुन्हा परतीचा प्रवास 🥹❤️ | Electric Bus Journey - Dapoli To Panvel| Mi Kokani Nikhil
.

गणपती बाप्पाला निरोप दिल्यानंतर पुन्हा एकदा गावातून परतीचा प्रवास सुरू झाला .

सकाळी ६:३० वाजता दापोलीहून ठाणे खोपटसाठी निघालो 🚌
यावेळी Electric Bus ने प्रवास केला आणि गाव सोडताना मनात पुन्हा एकदा गावच्या सुंदर आठवणी दाटून आल्या .

गावचं वातावरण, गणपतीचे दिवस आणि आपल्या माणसांसोबत घालवलेले क्षण मागे सोडून पुन्हा पनवेलच्या दिशेने प्रवास… 

या परतीच्या प्रवासात तुम्हीही आमच्यासोबत या! 

व्हिडिओ आवडला असेल तर Like करा, Comment करा आणि Channel ला Subscribe करायला विसरू नका!

Dapoli To Thane Khopat
Electric Bus Journey
सकाळी ६:३० ची बस
Mi Kokani Nikhil

#MiKokaniNikhil #DapoliToPanvel #DapoliToThane #ElectricBus #KokanVlog #KokanTravel #MarathiVlog #GanpatiFestival2026 #KokanGanpati #परतीचाप्रवास",गणपती नंतर पुन्हा परतीचा प्रवास 🥹❤️ | Electric Bus Journey - Dapoli To Panvel| Mi Kokani Nikhil,2026-09-25T12:30:16Z,2026-09-25T12:30:16Z,Chan block,top_level,,Ugz8d5TvDpnuxMp1CVF4AaABAg,0,2026-09-25T15:44:37Z,2026-09-25T15:44:37Z,0,UClwj2ATtj7ShQC-wjcAUjtg,,0,0,youtube_20260926_1347,baseline_20260926_134704,2026-09-26T21:10:03.462010+07:00
youtube_c_Ugz8d5TvDpnuxMp1CVF4AaABAg.AbBJmeRofxcAbD-Z2XkMOD,youtube,https://www.youtube.com/watch?v=d_79KbN18Vs,d_79KbN18Vs,"गणपती नंतर पुन्हा परतीचा प्रवास 🥹❤️ | Electric Bus Journey - Dapoli To Panvel| Mi Kokani Nikhil
गणपती नंतर पुन्हा परतीचा प्रवास 🥹❤️ | Electric Bus Journey - Dapoli To Panvel| Mi Kokani Nikhil
.

गणपती बाप्पाला निरोप दिल्यानंतर पुन्हा एकदा गावातून परतीचा प्रवास सुरू झाला .

सकाळी ६:३० वाजता दापोलीहून ठाणे खोपटसाठी निघालो 🚌
यावेळी Electric Bus ने प्रवास केला आणि गाव सोडताना मनात पुन्हा एकदा गावच्या सुंदर आठवणी दाटून आल्या .

गावचं वातावरण, गणपतीचे दिवस आणि आपल्या माणसांसोबत घालवलेले क्षण मागे सोडून पुन्हा पनवेलच्या दिशेने प्रवास… 

या परतीच्या प्रवासात तुम्हीही आमच्यासोबत या! 

व्हिडिओ आवडला असेल तर Like करा, Comment करा आणि Channel ला Subscribe करायला विसरू नका!

Dapoli To Thane Khopat
Electric Bus Journey
सकाळी ६:३० ची बस
Mi Kokani Nikhil

#MiKokaniNikhil #DapoliToPanvel #DapoliToThane #ElectricBus #KokanVlog #KokanTravel #MarathiVlog #GanpatiFestival2026 #KokanGanpati #परतीचाप्रवास",गणपती नंतर पुन्हा परतीचा प्रवास 🥹❤️ | Electric Bus Journey - Dapoli To Panvel| Mi Kokani Nikhil,2026-09-25T12:30:16Z,2026-09-25T12:30:16Z,Thank you! ❤️,reply,Ugz8d5TvDpnuxMp1CVF4AaABAg,Ugz8d5TvDpnuxMp1CVF4AaABAg,1,2026-09-26T07:26:20Z,2026-09-26T07:26:20Z,0,UCSzKZz3YPIkl4G4uSWrKFgQ,,0,0,youtube_20260926_1347,baseline_20260926_134704,2026-09-26T21:10:06.723699+07:00
youtube_c_Ugz8yfPDI_jPbq97V7V4AaABAg,youtube,https://www.youtube.com/watch?v=d_79KbN18Vs,d_79KbN18Vs,"गणपती नंतर पुन्हा परतीचा प्रवास 🥹❤️ | Electric Bus Journey - Dapoli To Panvel| Mi Kokani Nikhil
गणपती नंतर पुन्हा परतीचा प्रवास 🥹❤️ | Electric Bus Journey - Dapoli To Panvel| Mi Kokani Nikhil
.

गणपती बाप्पाला निरोप दिल्यानंतर पुन्हा एकदा गावातून परतीचा प्रवास सुरू झाला .

सकाळी ६:३० वाजता दापोलीहून ठाणे खोपटसाठी निघालो 🚌
यावेळी Electric Bus ने प्रवास केला आणि गाव सोडताना मनात पुन्हा एकदा गावच्या सुंदर आठवणी दाटून आल्या .

गावचं वातावरण, गणपतीचे दिवस आणि आपल्या माणसांसोबत घालवलेले क्षण मागे सोडून पुन्हा पनवेलच्या दिशेने प्रवास… 

या परतीच्या प्रवासात तुम्हीही आमच्यासोबत या! 

व्हिडिओ आवडला असेल तर Like करा, Comment करा आणि Channel ला Subscribe करायला विसरू नका!

Dapoli To Thane Khopat
Electric Bus Journey
सकाळी ६:३० ची बस
Mi Kokani Nikhil

#MiKokaniNikhil #DapoliToPanvel #DapoliToThane #ElectricBus #KokanVlog #KokanTravel #MarathiVlog #GanpatiFestival2026 #KokanGanpati #परतीचाप्रवास",गणपती नंतर पुन्हा परतीचा प्रवास 🥹❤️ | Electric Bus Journey - Dapoli To Panvel| Mi Kokani Nikhil,2026-09-25T12:30:16Z,2026-09-25T12:30:16Z,So good village morning and return journey👌👌😊,top_level,,Ugz8yfPDI_jPbq97V7V4AaABAg,0,2026-09-25T12:47:38Z,2026-09-25T12:47:38Z,1,UC0XgnSPHIl8Humd010n0VVQ,,0,0,youtube_20260926_1347,baseline_20260926_134704,2026-09-26T21:10:19.906108+07:00
youtube_c_Ugz8yfPDI_jPbq97V7V4AaABAg.AbB-XPpCG_YAbB2YhvnaFQ,youtube,https://www.youtube.com/watch?v=d_79KbN18Vs,d_79KbN18Vs,"गणपती नंतर पुन्हा परतीचा प्रवास 🥹❤️ | Electric Bus Journey - Dapoli To Panvel| Mi Kokani Nikhil
गणपती नंतर पुन्हा परतीचा प्रवास 🥹❤️ | Electric Bus Journey - Dapoli To Panvel| Mi Kokani Nikhil
.

गणपती बाप्पाला निरोप दिल्यानंतर पुन्हा एकदा गावातून परतीचा प्रवास सुरू झाला .

सकाळी ६:३० वाजता दापोलीहून ठाणे खोपटसाठी निघालो 🚌
यावेळी Electric Bus ने प्रवास केला आणि गाव सोडताना मनात पुन्हा एकदा गावच्या सुंदर आठवणी दाटून आल्या .

गावचं वातावरण, गणपतीचे दिवस आणि आपल्या माणसांसोबत घालवलेले क्षण मागे सोडून पुन्हा पनवेलच्या दिशेने प्रवास… 

या परतीच्या प्रवासात तुम्हीही आमच्यासोबत या! 

व्हिडिओ आवडला असेल तर Like करा, Comment करा आणि Channel ला Subscribe करायला विसरू नका!

Dapoli To Thane Khopat
Electric Bus Journey
सकाळी ६:३० ची बस
Mi Kokani Nikhil

#MiKokaniNikhil #DapoliToPanvel #DapoliToThane #ElectricBus #KokanVlog #KokanTravel #MarathiVlog #GanpatiFestival2026 #KokanGanpati #परतीचाप्रवास",गणपती नंतर पुन्हा परतीचा प्रवास 🥹❤️ | Electric Bus Journey - Dapoli To Panvel| Mi Kokani Nikhil,2026-09-25T12:30:16Z,2026-09-25T12:30:16Z,Thank you so much! 😊,reply,Ugz8yfPDI_jPbq97V7V4AaABAg,Ugz8yfPDI_jPbq97V7V4AaABAg,1,2026-09-25T13:14:01Z,2026-09-25T13:14:01Z,0,UCSzKZz3YPIkl4G4uSWrKFgQ,,0,0,youtube_20260926_1347,baseline_20260926_134704,2026-09-26T21:10:23.264579+07:00
youtube_c_UgzgIebRBQMnPzsR7Kd4AaABAg,youtube,https://www.youtube.com/watch?v=d_79KbN18Vs,d_79KbN18Vs,"गणपती नंतर पुन्हा परतीचा प्रवास 🥹❤️ | Electric Bus Journey - Dapoli To Panvel| Mi Kokani Nikhil
गणपती नंतर पुन्हा परतीचा प्रवास 🥹❤️ | Electric Bus Journey - Dapoli To Panvel| Mi Kokani Nikhil
.

गणपती बाप्पाला निरोप दिल्यानंतर पुन्हा एकदा गावातून परतीचा प्रवास सुरू झाला .

सकाळी ६:३० वाजता दापोलीहून ठाणे खोपटसाठी निघालो 🚌
यावेळी Electric Bus ने प्रवास केला आणि गाव सोडताना मनात पुन्हा एकदा गावच्या सुंदर आठवणी दाटून आल्या .

गावचं वातावरण, गणपतीचे दिवस आणि आपल्या माणसांसोबत घालवलेले क्षण मागे सोडून पुन्हा पनवेलच्या दिशेने प्रवास… 

या परतीच्या प्रवासात तुम्हीही आमच्यासोबत या! 

व्हिडिओ आवडला असेल तर Like करा, Comment करा आणि Channel ला Subscribe करायला विसरू नका!

Dapoli To Thane Khopat
Electric Bus Journey
सकाळी ६:३० ची बस
Mi Kokani Nikhil

#MiKokaniNikhil #DapoliToPanvel #DapoliToThane #ElectricBus #KokanVlog #KokanTravel #MarathiVlog #GanpatiFestival2026 #KokanGanpati #परतीचाप्रवास",गणपती नंतर पुन्हा परतीचा प्रवास 🥹❤️ | Electric Bus Journey - Dapoli To Panvel| Mi Kokani Nikhil,2026-09-25T12:30:16Z,2026-09-25T12:30:16Z,Mast video hota nikhil,top_level,,UgzgIebRBQMnPzsR7Kd4AaABAg,0,2026-09-25T14:28:22Z,2026-09-25T14:28:22Z,0,UCCSHPOFnCuIA8dLnVwkpDwg,,0,0,youtube_20260926_1347,baseline_20260926_134704,2026-09-26T21:10:13.311479+07:00
youtube_c_UgzgIebRBQMnPzsR7Kd4AaABAg.AbBB3JGWUp6AbD-_bUZshm,youtube,https://www.youtube.com/watch?v=d_79KbN18Vs,d_79KbN18Vs,"गणपती नंतर पुन्हा परतीचा प्रवास 🥹❤️ | Electric Bus Journey - Dapoli To Panvel| Mi Kokani Nikhil
गणपती नंतर पुन्हा परतीचा प्रवास 🥹❤️ | Electric Bus Journey - Dapoli To Panvel| Mi Kokani Nikhil
.

गणपती बाप्पाला निरोप दिल्यानंतर पुन्हा एकदा गावातून परतीचा प्रवास सुरू झाला .

सकाळी ६:३० वाजता दापोलीहून ठाणे खोपटसाठी निघालो 🚌
यावेळी Electric Bus ने प्रवास केला आणि गाव सोडताना मनात पुन्हा एकदा गावच्या सुंदर आठवणी दाटून आल्या .

गावचं वातावरण, गणपतीचे दिवस आणि आपल्या माणसांसोबत घालवलेले क्षण मागे सोडून पुन्हा पनवेलच्या दिशेने प्रवास… 

या परतीच्या प्रवासात तुम्हीही आमच्यासोबत या! 

व्हिडिओ आवडला असेल तर Like करा, Comment करा आणि Channel ला Subscribe करायला विसरू नका!

Dapoli To Thane Khopat
Electric Bus Journey
सकाळी ६:३० ची बस
Mi Kokani Nikhil

#MiKokaniNikhil #DapoliToPanvel #DapoliToThane #ElectricBus #KokanVlog #KokanTravel #MarathiVlog #GanpatiFestival2026 #KokanGanpati #परतीचाप्रवास",गणपती नंतर पुन्हा परतीचा प्रवास 🥹❤️ | Electric Bus Journey - Dapoli To Panvel| Mi Kokani Nikhil,2026-09-25T12:30:16Z,2026-09-25T12:30:16Z,धन्यवाद! 😊,reply,UgzgIebRBQMnPzsR7Kd4AaABAg,UgzgIebRBQMnPzsR7Kd4AaABAg,1,2026-09-26T07:26:33Z,2026-09-26T07:26:33Z,0,UCSzKZz3YPIkl4G4uSWrKFgQ,,0,0,youtube_20260926_1347,baseline_20260926_134704,2026-09-26T21:10:16.593861+07:00
youtube_c_UgziCAI4W6kCJm7mZ454AaABAg,youtube,https://www.youtube.com/watch?v=d_79KbN18Vs,d_79KbN18Vs,"गणपती नंतर पुन्हा परतीचा प्रवास 🥹❤️ | Electric Bus Journey - Dapoli To Panvel| Mi Kokani Nikhil
गणपती नंतर पुन्हा परतीचा प्रवास 🥹❤️ | Electric Bus Journey - Dapoli To Panvel| Mi Kokani Nikhil
.

गणपती बाप्पाला निरोप दिल्यानंतर पुन्हा एकदा गावातून परतीचा प्रवास सुरू झाला .

सकाळी ६:३० वाजता दापोलीहून ठाणे खोपटसाठी निघालो 🚌
यावेळी Electric Bus ने प्रवास केला आणि गाव सोडताना मनात पुन्हा एकदा गावच्या सुंदर आठवणी दाटून आल्या .

गावचं वातावरण, गणपतीचे दिवस आणि आपल्या माणसांसोबत घालवलेले क्षण मागे सोडून पुन्हा पनवेलच्या दिशेने प्रवास… 

या परतीच्या प्रवासात तुम्हीही आमच्यासोबत या! 

व्हिडिओ आवडला असेल तर Like करा, Comment करा आणि Channel ला Subscribe करायला विसरू नका!

Dapoli To Thane Khopat
Electric Bus Journey
सकाळी ६:३० ची बस
Mi Kokani Nikhil

#MiKokaniNikhil #DapoliToPanvel #DapoliToThane #ElectricBus #KokanVlog #KokanTravel #MarathiVlog #GanpatiFestival2026 #KokanGanpati #परतीचाप्रवास",गणपती नंतर पुन्हा परतीचा प्रवास 🥹❤️ | Electric Bus Journey - Dapoli To Panvel| Mi Kokani Nikhil,2026-09-25T12:30:16Z,2026-09-25T12:30:16Z,लग्नाला बोलवशील ना मला नक्की ना,top_level,,UgziCAI4W6kCJm7mZ454AaABAg,0,2026-09-26T13:15:16Z,2026-09-26T13:15:16Z,0,UCnRjqyZHojLRNMBM3hAEr4A,,0,0,youtube_20260926_1347,baseline_20260926_134704,2026-09-26T21:10:03.451491+07:00
youtube_c_Ugyg675dCqroz58b3Oh4AaABAg,youtube,https://www.youtube.com/watch?v=dh3J0bCEzL8,dh3J0bCEzL8,"Punjab Green Electric Bus Restoration | Rusty to Brand New#PunjabGreenBus #ElectricBus
Punjab Green Electric Bus Restoration | Rusty to Brand New#PunjabGreenBus #ElectricBus",Punjab Green Electric Bus Restoration | Rusty to Brand New#PunjabGreenBus #ElectricBus,2026-09-25T13:00:23Z,2026-09-25T13:00:23Z,Nice work❤,top_level,,Ugyg675dCqroz58b3Oh4AaABAg,0,2026-09-26T16:29:26Z,2026-09-26T16:29:26Z,0,UCuXaRjEZILfNmY2t9L8BXFg,,0,0,youtube_20260926_1700,baseline_20260926_134704,2026-09-27T00:00:59.439579+07:00
youtube_c_Ugwbr0FcZI-fpK8wnMR4AaABAg,youtube,https://www.youtube.com/watch?v=eDLoiWpKeo8,eDLoiWpKeo8,"Chuyên Gia Xe Bus Châu Âu Ngỡ Ngàng Trước Quy Mô Nhà Máy Xe Bus Điện VinFast Hải Phòng
☎️ LIÊN HỆ VỚI TÔI
📩 Email: jionhoang92@gmail.com
📞 Hotline/Zalo : 0868.289.098
--------------------------------------------------------
♻️ THEO DÕI TÔI
⏯️ Youtube: https://www.youtube.com/channel/UCv08_sH5fn2EVRPIYXmvdAw
⏯️ Thời sự trong nước : https://www.youtube.com/playlist?list=PLmsrCEuK8fEWoLJHUYMGZUrzv7wpbFzmh
 ⏯️ Thời sự toàn diện:https://www.youtube.com/playlist?list=PLmsrCEuK8fEUQBf6C_soimMYXWwFwu2nR
--------------------------------------------------------
✅ Đăng ký kênh (miễn phí) để nhận được nhiều nội dung video giá trị khác: https://www.youtube.com/channel/UCv08_sH5fn2EVRPIYXmvdAw
Chuyên gia xe bus hàng đầu Châu Âu – Tom Terjesen (Tổng biên tập tạp chí Bussmagasinet Na Uy, Chủ tịch Ban giám khảo giải thưởng Bus & Coach of the Year) đã có chuyến thăm trực tiếp tổ hợp nhà máy VinFast tại Hải Phòng.

Ngay khi đặt chân vào bên trong xưởng sản xuất, vị chuyên gia Châu Âu đã phải thốt lên kinh ngạc trước quy mô ""quá khủng khiếp"" và hiện đại của nhà máy xe bus điện VinFast. Cùng theo chân ông khám phá quy trình lắp ráp thực tế và xem cộng đồng mạng quốc tế đánh giá như thế nào về bước tiến của ngành công nghiệp ô tô Việt Nam!
--------------------------------------------------------
❤️ Cảm ơn bạn đã theo dõi và ủng hộ. Chúc bạn luôn Vui vẻ, hạnh phúc và thành công!#VinFast #VinBus #XeBusDien #NhaMayVinFast #CongNgheVietNam #HaiPhong #TomTerjesen #Bussmagasinet #OToDien #XeBusChauAu",Chuyên Gia Xe Bus Châu Âu Ngỡ Ngàng Trước Quy Mô Nhà Máy Xe Bus Điện VinFast Hải Phòng,2026-08-30T02:58:26Z,2026-08-30T02:58:26Z,❤❤❤🎉🎉🎉,top_level,,Ugwbr0FcZI-fpK8wnMR4AaABAg,0,2026-08-30T12:09:43Z,2026-08-30T12:09:43Z,1,UCdjVPN7F1v966-Tnf48_gCg,,1,0,youtube_20260926_1347,baseline_20260926_134704,2026-09-26T21:03:41.017103+07:00
youtube_c_UgyVfLV7VNmsnmUssSZ4AaABAg,youtube,https://www.youtube.com/watch?v=eDLoiWpKeo8,eDLoiWpKeo8,"Chuyên Gia Xe Bus Châu Âu Ngỡ Ngàng Trước Quy Mô Nhà Máy Xe Bus Điện VinFast Hải Phòng
☎️ LIÊN HỆ VỚI TÔI
📩 Email: jionhoang92@gmail.com
📞 Hotline/Zalo : 0868.289.098
--------------------------------------------------------
♻️ THEO DÕI TÔI
⏯️ Youtube: https://www.youtube.com/channel/UCv08_sH5fn2EVRPIYXmvdAw
⏯️ Thời sự trong nước : https://www.youtube.com/playlist?list=PLmsrCEuK8fEWoLJHUYMGZUrzv7wpbFzmh
 ⏯️ Thời sự toàn diện:https://www.youtube.com/playlist?list=PLmsrCEuK8fEUQBf6C_soimMYXWwFwu2nR
--------------------------------------------------------
✅ Đăng ký kênh (miễn phí) để nhận được nhiều nội dung video giá trị khác: https://www.youtube.com/channel/UCv08_sH5fn2EVRPIYXmvdAw
Chuyên gia xe bus hàng đầu Châu Âu – Tom Terjesen (Tổng biên tập tạp chí Bussmagasinet Na Uy, Chủ tịch Ban giám khảo giải thưởng Bus & Coach of the Year) đã có chuyến thăm trực tiếp tổ hợp nhà máy VinFast tại Hải Phòng.

Ngay khi đặt chân vào bên trong xưởng sản xuất, vị chuyên gia Châu Âu đã phải thốt lên kinh ngạc trước quy mô ""quá khủng khiếp"" và hiện đại của nhà máy xe bus điện VinFast. Cùng theo chân ông khám phá quy trình lắp ráp thực tế và xem cộng đồng mạng quốc tế đánh giá như thế nào về bước tiến của ngành công nghiệp ô tô Việt Nam!
--------------------------------------------------------
❤️ Cảm ơn bạn đã theo dõi và ủng hộ. Chúc bạn luôn Vui vẻ, hạnh phúc và thành công!#VinFast #VinBus #XeBusDien #NhaMayVinFast #CongNgheVietNam #HaiPhong #TomTerjesen #Bussmagasinet #OToDien #XeBusChauAu",Chuyên Gia Xe Bus Châu Âu Ngỡ Ngàng Trước Quy Mô Nhà Máy Xe Bus Điện VinFast Hải Phòng,2026-08-30T02:58:26Z,2026-08-30T02:58:26Z,Nghe giọng AI đọc sai chính tả thấy mắc ói...!,top_level,,UgyVfLV7VNmsnmUssSZ4AaABAg,0,2026-08-31T08:59:03Z,2026-08-31T08:59:03Z,0,UCKy5Nl1DJ8QIUaD2f9QkLcw,,1,0,youtube_20260926_1347,baseline_20260926_134704,2026-09-26T21:03:41.011387+07:00
youtube_c_UgypvjNjuH2V55c1Qa14AaABAg,youtube,https://www.youtube.com/watch?v=eDLoiWpKeo8,eDLoiWpKeo8,"Chuyên Gia Xe Bus Châu Âu Ngỡ Ngàng Trước Quy Mô Nhà Máy Xe Bus Điện VinFast Hải Phòng
☎️ LIÊN HỆ VỚI TÔI
📩 Email: jionhoang92@gmail.com
📞 Hotline/Zalo : 0868.289.098
--------------------------------------------------------
♻️ THEO DÕI TÔI
⏯️ Youtube: https://www.youtube.com/channel/UCv08_sH5fn2EVRPIYXmvdAw
⏯️ Thời sự trong nước : https://www.youtube.com/playlist?list=PLmsrCEuK8fEWoLJHUYMGZUrzv7wpbFzmh
 ⏯️ Thời sự toàn diện:https://www.youtube.com/playlist?list=PLmsrCEuK8fEUQBf6C_soimMYXWwFwu2nR
--------------------------------------------------------
✅ Đăng ký kênh (miễn phí) để nhận được nhiều nội dung video giá trị khác: https://www.youtube.com/channel/UCv08_sH5fn2EVRPIYXmvdAw
Chuyên gia xe bus hàng đầu Châu Âu – Tom Terjesen (Tổng biên tập tạp chí Bussmagasinet Na Uy, Chủ tịch Ban giám khảo giải thưởng Bus & Coach of the Year) đã có chuyến thăm trực tiếp tổ hợp nhà máy VinFast tại Hải Phòng.

Ngay khi đặt chân vào bên trong xưởng sản xuất, vị chuyên gia Châu Âu đã phải thốt lên kinh ngạc trước quy mô ""quá khủng khiếp"" và hiện đại của nhà máy xe bus điện VinFast. Cùng theo chân ông khám phá quy trình lắp ráp thực tế và xem cộng đồng mạng quốc tế đánh giá như thế nào về bước tiến của ngành công nghiệp ô tô Việt Nam!
--------------------------------------------------------
❤️ Cảm ơn bạn đã theo dõi và ủng hộ. Chúc bạn luôn Vui vẻ, hạnh phúc và thành công!#VinFast #VinBus #XeBusDien #NhaMayVinFast #CongNgheVietNam #HaiPhong #TomTerjesen #Bussmagasinet #OToDien #XeBusChauAu",Chuyên Gia Xe Bus Châu Âu Ngỡ Ngàng Trước Quy Mô Nhà Máy Xe Bus Điện VinFast Hải Phòng,2026-08-30T02:58:26Z,2026-08-30T02:58:26Z,Tuyệt vời ❤,top_level,,UgypvjNjuH2V55c1Qa14AaABAg,0,2026-08-30T03:12:41Z,2026-08-30T03:12:41Z,1,UCMIC7N6R75qQdlbQkxzRtwA,,1,0,youtube_20260926_1347,baseline_20260926_134704,2026-09-26T21:03:41.017103+07:00
youtube_c_UgzKVCrksgKHkXEUdmt4AaABAg,youtube,https://www.youtube.com/watch?v=eDLoiWpKeo8,eDLoiWpKeo8,"Chuyên Gia Xe Bus Châu Âu Ngỡ Ngàng Trước Quy Mô Nhà Máy Xe Bus Điện VinFast Hải Phòng
☎️ LIÊN HỆ VỚI TÔI
📩 Email: jionhoang92@gmail.com
📞 Hotline/Zalo : 0868.289.098
--------------------------------------------------------
♻️ THEO DÕI TÔI
⏯️ Youtube: https://www.youtube.com/channel/UCv08_sH5fn2EVRPIYXmvdAw
⏯️ Thời sự trong nước : https://www.youtube.com/playlist?list=PLmsrCEuK8fEWoLJHUYMGZUrzv7wpbFzmh
 ⏯️ Thời sự toàn diện:https://www.youtube.com/playlist?list=PLmsrCEuK8fEUQBf6C_soimMYXWwFwu2nR
--------------------------------------------------------
✅ Đăng ký kênh (miễn phí) để nhận được nhiều nội dung video giá trị khác: https://www.youtube.com/channel/UCv08_sH5fn2EVRPIYXmvdAw
Chuyên gia xe bus hàng đầu Châu Âu – Tom Terjesen (Tổng biên tập tạp chí Bussmagasinet Na Uy, Chủ tịch Ban giám khảo giải thưởng Bus & Coach of the Year) đã có chuyến thăm trực tiếp tổ hợp nhà máy VinFast tại Hải Phòng.

Ngay khi đặt chân vào bên trong xưởng sản xuất, vị chuyên gia Châu Âu đã phải thốt lên kinh ngạc trước quy mô ""quá khủng khiếp"" và hiện đại của nhà máy xe bus điện VinFast. Cùng theo chân ông khám phá quy trình lắp ráp thực tế và xem cộng đồng mạng quốc tế đánh giá như thế nào về bước tiến của ngành công nghiệp ô tô Việt Nam!
--------------------------------------------------------
❤️ Cảm ơn bạn đã theo dõi và ủng hộ. Chúc bạn luôn Vui vẻ, hạnh phúc và thành công!#VinFast #VinBus #XeBusDien #NhaMayVinFast #CongNgheVietNam #HaiPhong #TomTerjesen #Bussmagasinet #OToDien #XeBusChauAu",Chuyên Gia Xe Bus Châu Âu Ngỡ Ngàng Trước Quy Mô Nhà Máy Xe Bus Điện VinFast Hải Phòng,2026-08-30T02:58:26Z,2026-08-30T02:58:26Z,Vin quá đỉnh!!,top_level,,UgzKVCrksgKHkXEUdmt4AaABAg,0,2026-08-30T15:19:16Z,2026-08-30T15:19:16Z,0,UCR75woqC4m3vui1qFXuB7xA,,1,0,youtube_20260926_1347,baseline_20260926_134704,2026-09-26T21:03:41.016104+07:00
youtube_c_UgxNfdSbv4G2H0OuzM14AaABAg,youtube,https://www.youtube.com/watch?v=eJsutMvwSB0,eJsutMvwSB0,گرین electric bus مریم نواز کا فیصلہ ہے غریب عوام کی سہولت electric bus 🚌🚌🚌 Pakistani bus #shorts #,گرین electric bus مریم نواز کا فیصلہ ہے غریب عوام کی سہولت electric bus 🚌🚌🚌 Pakistani bus #shorts #,2026-09-27T05:10:14Z,2026-09-27T05:10:14Z,😮😮😮😮,top_level,,UgxNfdSbv4G2H0OuzM14AaABAg,0,2026-09-27T05:20:08Z,2026-09-27T05:20:08Z,0,UCEnS-3pIbrKHlj0qkTsXRmw,,0,0,youtube_20260927_0855,baseline_20260926_134704,2026-09-27T16:04:35.289323+07:00
youtube_c_UgzOkRelaa9yc94JtRR4AaABAg,youtube,https://www.youtube.com/watch?v=ex3w96z9OI8,ex3w96z9OI8,बीकानेर में दो नए रूट पर e bus sewa शुरू #बस #ebus #bikaner #route #ebussewabikaner #electricbuses,बीकानेर में दो नए रूट पर e bus sewa शुरू #बस #ebus #bikaner #route #ebussewabikaner #electricbuses,2026-09-21T12:46:47Z,2026-09-21T12:46:47Z,Bikaner deshnok bus ka time kya hai,top_level,,UgzOkRelaa9yc94JtRR4AaABAg,0,2026-09-23T08:17:11Z,2026-09-23T08:17:11Z,0,UCqXMtHq6mXSrxmolbuVcxHg,transport_impact,0,0,youtube_20260926_1347,baseline_20260926_134704,2026-09-26T21:01:51.436065+07:00
youtube_c_Ugxfq9ZqQ5vlUkdV-Qx4AaABAg,youtube,https://www.youtube.com/watch?v=ggRsPWNQimM,ggRsPWNQimM,THE BUS 🚌 Der NEUE Ebus 2.2 für PLAYSTATION 5 ist da ! 😎❤️😜,THE BUS 🚌 Der NEUE Ebus 2.2 für PLAYSTATION 5 ist da ! 😎❤️😜,2026-09-03T18:16:03Z,2026-09-03T18:16:03Z,"Ja Co-op gibt es ja leider nur am PC bei The Bus ich habe es mir wegen diverser Bugs tatsächlich noch nicht zugelegt man liest sehr viel Negatives das Hauptspiel ist zu Release wohl sehr oft Abgestürzt Hamburg Linie 218 Stürzt ständig ab wurde sogar schon von Halycon Media bestätigt das der Fehler bekannt ist und an einem Fix gearbeitet wird in den Sozialen Medien ich frage mich dann immer warum Released man dann testen die ihre Spiele Add Ons usw.nie trotzdem Danke fürs Zeigen 😊 Bus Simulator 27 hat auch noch Krankheiten habe es schon die ersten 6Std gezockt mit der Year One Edition war Release am 3.9.26 also denke da fehlt noch der Day One Patch kommt Offiziell am 8.9.26 dann raus aber 0 Abstürze meine Favoriten im Bus Genre aktuell Bus Bound wenn man einfach nur nach Feierabend gechillt ne Runde drehen möchte und BS27 etwas komplexer aber auch sehr zugänglich dazu kann ich aber noch nicht allzuviel sagen auch nach knapp 6 Std nicht will erstmal den Day One Patch abwarten und weiter in der Story vorran schreiten wegen Langzeitmotivation Vorteil Bus Bound & BS27 beide Multiplayer Möglich im gegensatz zu The Bus auch auf der Ps5

Edit: Ja Berlin ist Authentisch habe 14 Jahre dort gelebt 😉",top_level,,Ugxfq9ZqQ5vlUkdV-Qx4AaABAg,0,2026-09-04T00:26:57Z,2026-09-04T00:26:57Z,2,UCzl6NuHkY5mjFDRb71LOCbA,transport_impact,0,0,youtube_20260926_1347,baseline_20260926_134704,2026-09-26T21:00:45.001067+07:00
youtube_c_Ugxfq9ZqQ5vlUkdV-Qx4AaABAg.AaJb47wmo37AaL-lI109wL,youtube,https://www.youtube.com/watch?v=ggRsPWNQimM,ggRsPWNQimM,THE BUS 🚌 Der NEUE Ebus 2.2 für PLAYSTATION 5 ist da ! 😎❤️😜,THE BUS 🚌 Der NEUE Ebus 2.2 für PLAYSTATION 5 ist da ! 😎❤️😜,2026-09-03T18:16:03Z,2026-09-03T18:16:03Z,Danke dir für dieses ausführliche Feedback! 👍😊,reply,Ugxfq9ZqQ5vlUkdV-Qx4AaABAg,Ugxfq9ZqQ5vlUkdV-Qx4AaABAg,1,2026-09-04T13:30:40Z,2026-09-04T13:30:40Z,0,UCW0rL9XZ8cSWSog3TSQPSAw,,0,0,youtube_20260926_1347,baseline_20260926_134704,2026-09-26T21:00:48.261067+07:00
youtube_c_UgyVaDsN6S3Dk5pwHSJ4AaABAg,youtube,https://www.youtube.com/watch?v=ggRsPWNQimM,ggRsPWNQimM,THE BUS 🚌 Der NEUE Ebus 2.2 für PLAYSTATION 5 ist da ! 😎❤️😜,THE BUS 🚌 Der NEUE Ebus 2.2 für PLAYSTATION 5 ist da ! 😎❤️😜,2026-09-03T18:16:03Z,2026-09-03T18:16:03Z,Dann ist bei mir kein force feedback auf der ps5 in den steuerungsoptionen die kriegen nix auf der Reihe und jetzt dauert es erstmal wieder bis das behoben wird,top_level,,UgyVaDsN6S3Dk5pwHSJ4AaABAg,0,2026-09-04T11:52:06Z,2026-09-04T11:52:06Z,1,UC98XgDB7X-hz9o2-dlhp7qQ,,0,0,youtube_20260926_1347,baseline_20260926_134704,2026-09-26T21:00:41.651077+07:00
youtube_c_UgyVaDsN6S3Dk5pwHSJ4AaABAg.AaKpUJ2NPXLAaL0lcDgzqy,youtube,https://www.youtube.com/watch?v=ggRsPWNQimM,ggRsPWNQimM,THE BUS 🚌 Der NEUE Ebus 2.2 für PLAYSTATION 5 ist da ! 😎❤️😜,THE BUS 🚌 Der NEUE Ebus 2.2 für PLAYSTATION 5 ist da ! 😎❤️😜,2026-09-03T18:16:03Z,2026-09-03T18:16:03Z,"Das ist natürlich ärgerlich.
Vielleicht könntest du ja hier nochmal ein Update geben, sobald das gefixt ist.
Zumindest falls das einigermaßen zeitnah stattfindet.
Ist ja sicherlich für mehrere relevant und von Interesse.
Dankeschön schon mal im Voraus…",reply,UgyVaDsN6S3Dk5pwHSJ4AaABAg,UgyVaDsN6S3Dk5pwHSJ4AaABAg,1,2026-09-04T13:39:27Z,2026-09-04T13:39:27Z,1,UCW0rL9XZ8cSWSog3TSQPSAw,,0,0,youtube_20260926_1347,baseline_20260926_134704,2026-09-26T21:00:44.995583+07:00
youtube_c_Ugw90UuYgOlGrjE2MTZ4AaABAg,youtube,https://www.youtube.com/watch?v=gy8bTIuBGNU,gy8bTIuBGNU,"Người Thái Tự Ái, Dân Mạng Quay Xe: 1.000 Chiếc Xe Buýt Điện VIỆT NAM Viết Lại Trật Tự Đông Nam Á
Thương vụ hàng nghìn chiếc xe buýt điện Việt Nam tiến thẳng vào Thái Lan không chỉ là một bản hợp đồng kinh tế tỷ trọng lớn, mà còn tạo ra một cú sốc tâm lý chưa từng có trên mạng xã hội xứ chùa Vàng. Đằng sau những bình luận chạnh lòng của người Thái và sự tự hào bùng nổ của người Việt, sự thật về bài toán công nghệ, giá vé và chiến lược biến Thái Lan thành sân nhà của doanh nghiệp Việt là gì? Cùng bóc tách chi tiết trong video này!
#tinnong #tinnhanh #
#xebuytdien #xedienvietnam #kimlongmotor #kinhtevietnam #thailan #phantichkinhte #dramamangxahoi #giaothongxanh","Người Thái Tự Ái, Dân Mạng Quay Xe: 1.000 Chiếc Xe Buýt Điện VIỆT NAM Viết Lại Trật Tự Đông Nam Á",2026-09-16T08:00:14Z,2026-09-16T08:00:14Z,"Thái Lan một lần nữa bị TQ lừa rồi. Khoảng 1.000 chiếc xe buýt điện đó là của hãng Kim Long của TQ, không phải của xe buýt điện VinBus chất lượng tốt của Việt Nam. Hãy nhìn xe buýt Phương Trang của Kim Long! Xe buýt Phương Trang được mệnh danh là xe buýt chở khách đến nghĩa trang do xe có chất lượng thấp và tài xế lái xe ẩu. Tương tự, các mẫu xe giường nằm của Kim Long tại Việt Nam đã có một số tai nạn cháy nổ chết người. Trái lại, xe buýt điện VinBus của Việt Nam đã vận hành gần 5 năm từ khi được giới thiệu lần đầu vào năm 2021, và cho đến nay vẫn chưa hề có một sự cố cháy nổ nào được ghi nhận.",top_level,,Ugw90UuYgOlGrjE2MTZ4AaABAg,0,2026-09-19T19:24:55Z,2026-09-19T19:24:55Z,3,UCTns25JwgBR_HOZp1nBIuAw,"transport_impact,electric_bus",0,0,youtube_20260926_1347,baseline_20260926_134704,2026-09-26T20:49:58.276254+07:00
youtube_c_UgwCmKe3_u0TspcoOyZ4AaABAg,youtube,https://www.youtube.com/watch?v=gy8bTIuBGNU,gy8bTIuBGNU,"Người Thái Tự Ái, Dân Mạng Quay Xe: 1.000 Chiếc Xe Buýt Điện VIỆT NAM Viết Lại Trật Tự Đông Nam Á
Thương vụ hàng nghìn chiếc xe buýt điện Việt Nam tiến thẳng vào Thái Lan không chỉ là một bản hợp đồng kinh tế tỷ trọng lớn, mà còn tạo ra một cú sốc tâm lý chưa từng có trên mạng xã hội xứ chùa Vàng. Đằng sau những bình luận chạnh lòng của người Thái và sự tự hào bùng nổ của người Việt, sự thật về bài toán công nghệ, giá vé và chiến lược biến Thái Lan thành sân nhà của doanh nghiệp Việt là gì? Cùng bóc tách chi tiết trong video này!
#tinnong #tinnhanh #
#xebuytdien #xedienvietnam #kimlongmotor #kinhtevietnam #thailan #phantichkinhte #dramamangxahoi #giaothongxanh","Người Thái Tự Ái, Dân Mạng Quay Xe: 1.000 Chiếc Xe Buýt Điện VIỆT NAM Viết Lại Trật Tự Đông Nam Á",2026-09-16T08:00:14Z,2026-09-16T08:00:14Z,Việt Nam hay quá,top_level,,UgwCmKe3_u0TspcoOyZ4AaABAg,0,2026-09-21T01:54:55Z,2026-09-21T01:54:55Z,0,UCACPFSokkkjWdbAVIa2ns-g,,0,0,youtube_20260926_1347,baseline_20260926_134704,2026-09-26T20:49:55.041120+07:00
youtube_c_UgwESNrE8zkFMHLaEZZ4AaABAg,youtube,https://www.youtube.com/watch?v=gy8bTIuBGNU,gy8bTIuBGNU,"Người Thái Tự Ái, Dân Mạng Quay Xe: 1.000 Chiếc Xe Buýt Điện VIỆT NAM Viết Lại Trật Tự Đông Nam Á
Thương vụ hàng nghìn chiếc xe buýt điện Việt Nam tiến thẳng vào Thái Lan không chỉ là một bản hợp đồng kinh tế tỷ trọng lớn, mà còn tạo ra một cú sốc tâm lý chưa từng có trên mạng xã hội xứ chùa Vàng. Đằng sau những bình luận chạnh lòng của người Thái và sự tự hào bùng nổ của người Việt, sự thật về bài toán công nghệ, giá vé và chiến lược biến Thái Lan thành sân nhà của doanh nghiệp Việt là gì? Cùng bóc tách chi tiết trong video này!
#tinnong #tinnhanh #
#xebuytdien #xedienvietnam #kimlongmotor #kinhtevietnam #thailan #phantichkinhte #dramamangxahoi #giaothongxanh","Người Thái Tự Ái, Dân Mạng Quay Xe: 1.000 Chiếc Xe Buýt Điện VIỆT NAM Viết Lại Trật Tự Đông Nam Á",2026-09-16T08:00:14Z,2026-09-16T08:00:14Z,"khi so sánh giữa xe Bus cử Kim Long với xe của Vin grup thì cấu tạo hình giáng của xe Vin Bus tôi vẫn thích hơn vì nó trong thoáng hơn, gânguix với con người và thiên nhiên hơn.",top_level,,UgwESNrE8zkFMHLaEZZ4AaABAg,0,2026-09-17T03:33:18Z,2026-09-17T03:33:18Z,3,UChbwSF2dUjUnbadbPOkAt0g,"transport_impact,electric_bus",0,0,youtube_20260926_1347,baseline_20260926_134704,2026-09-26T20:50:01.511139+07:00
youtube_c_UgwESNrE8zkFMHLaEZZ4AaABAg.AaqPjRaxtHsAaqblGFyWUL,youtube,https://www.youtube.com/watch?v=gy8bTIuBGNU,gy8bTIuBGNU,"Người Thái Tự Ái, Dân Mạng Quay Xe: 1.000 Chiếc Xe Buýt Điện VIỆT NAM Viết Lại Trật Tự Đông Nam Á
Thương vụ hàng nghìn chiếc xe buýt điện Việt Nam tiến thẳng vào Thái Lan không chỉ là một bản hợp đồng kinh tế tỷ trọng lớn, mà còn tạo ra một cú sốc tâm lý chưa từng có trên mạng xã hội xứ chùa Vàng. Đằng sau những bình luận chạnh lòng của người Thái và sự tự hào bùng nổ của người Việt, sự thật về bài toán công nghệ, giá vé và chiến lược biến Thái Lan thành sân nhà của doanh nghiệp Việt là gì? Cùng bóc tách chi tiết trong video này!
#tinnong #tinnhanh #
#xebuytdien #xedienvietnam #kimlongmotor #kinhtevietnam #thailan #phantichkinhte #dramamangxahoi #giaothongxanh","Người Thái Tự Ái, Dân Mạng Quay Xe: 1.000 Chiếc Xe Buýt Điện VIỆT NAM Viết Lại Trật Tự Đông Nam Á",2026-09-16T08:00:14Z,2026-09-16T08:00:14Z,"Xe bus Vin đẹp, hiện đại hơn KL. Có lẽ do giá rẻ hơn nên Thái Lan mới mua",reply,UgwESNrE8zkFMHLaEZZ4AaABAg,UgwESNrE8zkFMHLaEZZ4AaABAg,1,2026-09-17T05:27:09Z,2026-09-17T05:27:09Z,0,UCIGMMEeWpVWBwUKLBc2Jw0A,transport_impact,0,0,youtube_20260926_1347,baseline_20260926_134704,2026-09-26T20:50:04.743450+07:00
youtube_c_UgwESNrE8zkFMHLaEZZ4AaABAg.AaqPjRaxtHsAarJRB0nFVX,youtube,https://www.youtube.com/watch?v=gy8bTIuBGNU,gy8bTIuBGNU,"Người Thái Tự Ái, Dân Mạng Quay Xe: 1.000 Chiếc Xe Buýt Điện VIỆT NAM Viết Lại Trật Tự Đông Nam Á
Thương vụ hàng nghìn chiếc xe buýt điện Việt Nam tiến thẳng vào Thái Lan không chỉ là một bản hợp đồng kinh tế tỷ trọng lớn, mà còn tạo ra một cú sốc tâm lý chưa từng có trên mạng xã hội xứ chùa Vàng. Đằng sau những bình luận chạnh lòng của người Thái và sự tự hào bùng nổ của người Việt, sự thật về bài toán công nghệ, giá vé và chiến lược biến Thái Lan thành sân nhà của doanh nghiệp Việt là gì? Cùng bóc tách chi tiết trong video này!
#tinnong #tinnhanh #
#xebuytdien #xedienvietnam #kimlongmotor #kinhtevietnam #thailan #phantichkinhte #dramamangxahoi #giaothongxanh","Người Thái Tự Ái, Dân Mạng Quay Xe: 1.000 Chiếc Xe Buýt Điện VIỆT NAM Viết Lại Trật Tự Đông Nam Á",2026-09-16T08:00:14Z,2026-09-16T08:00:14Z,Xe bus Kim Long công nghệ Tàu!,reply,UgwESNrE8zkFMHLaEZZ4AaABAg,UgwESNrE8zkFMHLaEZZ4AaABAg,1,2026-09-17T11:57:29Z,2026-09-17T11:57:29Z,2,UCVfvT7hnbp23_3cY_BVDwig,transport_impact,0,0,youtube_20260926_1347,baseline_20260926_134704,2026-09-26T20:50:04.743450+07:00
youtube_c_UgwgHv6wKcXId-5gs614AaABAg,youtube,https://www.youtube.com/watch?v=gy8bTIuBGNU,gy8bTIuBGNU,"Người Thái Tự Ái, Dân Mạng Quay Xe: 1.000 Chiếc Xe Buýt Điện VIỆT NAM Viết Lại Trật Tự Đông Nam Á
Thương vụ hàng nghìn chiếc xe buýt điện Việt Nam tiến thẳng vào Thái Lan không chỉ là một bản hợp đồng kinh tế tỷ trọng lớn, mà còn tạo ra một cú sốc tâm lý chưa từng có trên mạng xã hội xứ chùa Vàng. Đằng sau những bình luận chạnh lòng của người Thái và sự tự hào bùng nổ của người Việt, sự thật về bài toán công nghệ, giá vé và chiến lược biến Thái Lan thành sân nhà của doanh nghiệp Việt là gì? Cùng bóc tách chi tiết trong video này!
#tinnong #tinnhanh #
#xebuytdien #xedienvietnam #kimlongmotor #kinhtevietnam #thailan #phantichkinhte #dramamangxahoi #giaothongxanh","Người Thái Tự Ái, Dân Mạng Quay Xe: 1.000 Chiếc Xe Buýt Điện VIỆT NAM Viết Lại Trật Tự Đông Nam Á",2026-09-16T08:00:14Z,2026-09-16T08:00:14Z,"Cho đến hiện nay, các xe điện TQ đã bị cấm nhập khẩu vào thị trường Mỹ khắt khe khó tánh do quan ngại về chất lượng thấp và không an toàn cho người sử dụng. Đó là chưa kể đến việc các xe điện TQ được cho là đã gài những con chip hoặc mã độc để đánh cắp, thu thập một cách bất hợp pháp thông tin cá nhân người tiêu dùng và an ninh quốc phòng của quốc gia sở tại–theo báo cáo của quốc hội Hoa Kỳ. Gần đây nhất vào ngày 3 tháng 6 năm 2026, có 33 chiếc Jaecoo E5 EV của Geely – hoàn toàn mới và có 0 km – đã bốc cháy tại một khu chứa xe ở Cảng Southampton, Vương quốc Anh! Trước đó khoảng 2 tháng, vào ngày 14 tháng 4 năm 2026, một vụ hỏa hoạn lớn đã xảy ra tại nhà máy BYD trên đường Loning ở Thâm Quyến, thiêu rụi khoảng 2.000 chiếc xe điện BYD và tạo ra một đám mây khói độc hại khổng lồ cao hơn 200 mét và trải dài tới vài km. Trái lại, xe buýt điện VinBus từ khi ra mắt lần đầu vào tháng 4 năm 2021 tại Việt Nam, cho đến nay hơn 5 năm, đã vận chuyển hơn 200.000 triệu lượt hành khách tại Việt Nam (tương đương gấp 3 lần tổng dân số Thái Lan), và chưa hề có một sự cố cháy nỗ nào được ghi nhận. Đó là một thành tích mà chưa hề có một hãng xe buýt điện nào trên thế giới có thể đạt được. Bạn có bao giờ tự hỏi tại sao xe điện VinFast được cho phép nhập khẩu và bán vào thị trường Mỹ–một trong những trung công nghệ ôtô toàn cầu, trong khi các xe điện TQ thì bị cấm hoàn toàn!",top_level,,UgwgHv6wKcXId-5gs614AaABAg,0,2026-09-19T19:29:50Z,2026-09-19T19:29:50Z,0,UCTns25JwgBR_HOZp1nBIuAw,"transport_impact,electric_bus",0,0,youtube_20260926_1347,baseline_20260926_134704,2026-09-26T20:49:55.049465+07:00
youtube_c_Ugx1UIkB5u6cXjJOm8p4AaABAg,youtube,https://www.youtube.com/watch?v=gy8bTIuBGNU,gy8bTIuBGNU,"Người Thái Tự Ái, Dân Mạng Quay Xe: 1.000 Chiếc Xe Buýt Điện VIỆT NAM Viết Lại Trật Tự Đông Nam Á
Thương vụ hàng nghìn chiếc xe buýt điện Việt Nam tiến thẳng vào Thái Lan không chỉ là một bản hợp đồng kinh tế tỷ trọng lớn, mà còn tạo ra một cú sốc tâm lý chưa từng có trên mạng xã hội xứ chùa Vàng. Đằng sau những bình luận chạnh lòng của người Thái và sự tự hào bùng nổ của người Việt, sự thật về bài toán công nghệ, giá vé và chiến lược biến Thái Lan thành sân nhà của doanh nghiệp Việt là gì? Cùng bóc tách chi tiết trong video này!
#tinnong #tinnhanh #
#xebuytdien #xedienvietnam #kimlongmotor #kinhtevietnam #thailan #phantichkinhte #dramamangxahoi #giaothongxanh","Người Thái Tự Ái, Dân Mạng Quay Xe: 1.000 Chiếc Xe Buýt Điện VIỆT NAM Viết Lại Trật Tự Đông Nam Á",2026-09-16T08:00:14Z,2026-09-16T08:00:14Z,Hy vọng sẽ có nhiều dữ liệu khác để minh chứng rằng :Đây là những sản phẩm của VN,top_level,,Ugx1UIkB5u6cXjJOm8p4AaABAg,0,2026-09-18T01:09:45Z,2026-09-18T01:09:45Z,2,UCqKzo6r2ZXPMn3aX-Tpentg,,0,0,youtube_20260926_1347,baseline_20260926_134704,2026-09-26T20:49:58.282055+07:00
youtube_c_Ugx1UIkB5u6cXjJOm8p4AaABAg.Aasj5rZhcHaAawS6__iKie,youtube,https://www.youtube.com/watch?v=gy8bTIuBGNU,gy8bTIuBGNU,"Người Thái Tự Ái, Dân Mạng Quay Xe: 1.000 Chiếc Xe Buýt Điện VIỆT NAM Viết Lại Trật Tự Đông Nam Á
Thương vụ hàng nghìn chiếc xe buýt điện Việt Nam tiến thẳng vào Thái Lan không chỉ là một bản hợp đồng kinh tế tỷ trọng lớn, mà còn tạo ra một cú sốc tâm lý chưa từng có trên mạng xã hội xứ chùa Vàng. Đằng sau những bình luận chạnh lòng của người Thái và sự tự hào bùng nổ của người Việt, sự thật về bài toán công nghệ, giá vé và chiến lược biến Thái Lan thành sân nhà của doanh nghiệp Việt là gì? Cùng bóc tách chi tiết trong video này!
#tinnong #tinnhanh #
#xebuytdien #xedienvietnam #kimlongmotor #kinhtevietnam #thailan #phantichkinhte #dramamangxahoi #giaothongxanh","Người Thái Tự Ái, Dân Mạng Quay Xe: 1.000 Chiếc Xe Buýt Điện VIỆT NAM Viết Lại Trật Tự Đông Nam Á",2026-09-16T08:00:14Z,2026-09-16T08:00:14Z,"Nghĩ thoáng hơn đi bạn. iPhone vẫn được coi là smartphone Mỹ nhưng tỷ lệ nội địa hóa phần cứng có lẽ chưa tới 10% đâu. Thế giới phẳng rồi, một sản phẩm bán ra quốc tế mang thương hiệu Việt Nam thì dù thế nào cũng vẫn là của Việt Nam miễn là nó được sản xuất tại Việt Nam",reply,Ugx1UIkB5u6cXjJOm8p4AaABAg,Ugx1UIkB5u6cXjJOm8p4AaABAg,1,2026-09-19T11:49:31Z,2026-09-19T11:49:31Z,0,UC71jbHQx4IZqFFGwsvBvV9g,transport_impact,0,0,youtube_20260926_1347,baseline_20260926_134704,2026-09-26T20:50:01.506587+07:00
youtube_c_UgxRzkXttuucElWM32l4AaABAg,youtube,https://www.youtube.com/watch?v=gy8bTIuBGNU,gy8bTIuBGNU,"Người Thái Tự Ái, Dân Mạng Quay Xe: 1.000 Chiếc Xe Buýt Điện VIỆT NAM Viết Lại Trật Tự Đông Nam Á
Thương vụ hàng nghìn chiếc xe buýt điện Việt Nam tiến thẳng vào Thái Lan không chỉ là một bản hợp đồng kinh tế tỷ trọng lớn, mà còn tạo ra một cú sốc tâm lý chưa từng có trên mạng xã hội xứ chùa Vàng. Đằng sau những bình luận chạnh lòng của người Thái và sự tự hào bùng nổ của người Việt, sự thật về bài toán công nghệ, giá vé và chiến lược biến Thái Lan thành sân nhà của doanh nghiệp Việt là gì? Cùng bóc tách chi tiết trong video này!
#tinnong #tinnhanh #
#xebuytdien #xedienvietnam #kimlongmotor #kinhtevietnam #thailan #phantichkinhte #dramamangxahoi #giaothongxanh","Người Thái Tự Ái, Dân Mạng Quay Xe: 1.000 Chiếc Xe Buýt Điện VIỆT NAM Viết Lại Trật Tự Đông Nam Á",2026-09-16T08:00:14Z,2026-09-16T08:00:14Z,Xe vinfat sang hoa kỳ,top_level,,UgxRzkXttuucElWM32l4AaABAg,0,2026-09-17T08:58:11Z,2026-09-17T08:58:11Z,0,UCaBQtQJwYkLKLyBwp2U0bhg,,0,0,youtube_20260926_1347,baseline_20260926_134704,2026-09-26T20:50:01.508085+07:00
youtube_c_Ugx_lFdp1_Fh_heCsmh4AaABAg,youtube,https://www.youtube.com/watch?v=gy8bTIuBGNU,gy8bTIuBGNU,"Người Thái Tự Ái, Dân Mạng Quay Xe: 1.000 Chiếc Xe Buýt Điện VIỆT NAM Viết Lại Trật Tự Đông Nam Á
Thương vụ hàng nghìn chiếc xe buýt điện Việt Nam tiến thẳng vào Thái Lan không chỉ là một bản hợp đồng kinh tế tỷ trọng lớn, mà còn tạo ra một cú sốc tâm lý chưa từng có trên mạng xã hội xứ chùa Vàng. Đằng sau những bình luận chạnh lòng của người Thái và sự tự hào bùng nổ của người Việt, sự thật về bài toán công nghệ, giá vé và chiến lược biến Thái Lan thành sân nhà của doanh nghiệp Việt là gì? Cùng bóc tách chi tiết trong video này!
#tinnong #tinnhanh #
#xebuytdien #xedienvietnam #kimlongmotor #kinhtevietnam #thailan #phantichkinhte #dramamangxahoi #giaothongxanh","Người Thái Tự Ái, Dân Mạng Quay Xe: 1.000 Chiếc Xe Buýt Điện VIỆT NAM Viết Lại Trật Tự Đông Nam Á",2026-09-16T08:00:14Z,2026-09-16T08:00:14Z,"world trade  markets international,  if you coming to Club you have to be do that,",top_level,,Ugx_lFdp1_Fh_heCsmh4AaABAg,0,2026-09-16T18:17:44Z,2026-09-16T18:17:44Z,0,UC9A9y_sYLUXYhH_-QJSO7IA,transport_impact,0,0,youtube_20260926_1347,baseline_20260926_134704,2026-09-26T20:50:08.018932+07:00
youtube_c_UgxkHBTZ0FDEHCSl4HB4AaABAg,youtube,https://www.youtube.com/watch?v=gy8bTIuBGNU,gy8bTIuBGNU,"Người Thái Tự Ái, Dân Mạng Quay Xe: 1.000 Chiếc Xe Buýt Điện VIỆT NAM Viết Lại Trật Tự Đông Nam Á
Thương vụ hàng nghìn chiếc xe buýt điện Việt Nam tiến thẳng vào Thái Lan không chỉ là một bản hợp đồng kinh tế tỷ trọng lớn, mà còn tạo ra một cú sốc tâm lý chưa từng có trên mạng xã hội xứ chùa Vàng. Đằng sau những bình luận chạnh lòng của người Thái và sự tự hào bùng nổ của người Việt, sự thật về bài toán công nghệ, giá vé và chiến lược biến Thái Lan thành sân nhà của doanh nghiệp Việt là gì? Cùng bóc tách chi tiết trong video này!
#tinnong #tinnhanh #
#xebuytdien #xedienvietnam #kimlongmotor #kinhtevietnam #thailan #phantichkinhte #dramamangxahoi #giaothongxanh","Người Thái Tự Ái, Dân Mạng Quay Xe: 1.000 Chiếc Xe Buýt Điện VIỆT NAM Viết Lại Trật Tự Đông Nam Á",2026-09-16T08:00:14Z,2026-09-16T08:00:14Z,Xe buýt điện và xe buýt thông thường ở VN là miễn phí 100% nhé,top_level,,UgxkHBTZ0FDEHCSl4HB4AaABAg,0,2026-09-22T01:30:02Z,2026-09-22T01:30:02Z,0,UC-vtVag3i5v2qVtTvC8pOuA,"transport_impact,electric_bus",0,0,youtube_20260926_1347,baseline_20260926_134704,2026-09-26T20:49:55.037114+07:00
youtube_c_UgxkWhIAN0GYbCFUXL94AaABAg,youtube,https://www.youtube.com/watch?v=gy8bTIuBGNU,gy8bTIuBGNU,"Người Thái Tự Ái, Dân Mạng Quay Xe: 1.000 Chiếc Xe Buýt Điện VIỆT NAM Viết Lại Trật Tự Đông Nam Á
Thương vụ hàng nghìn chiếc xe buýt điện Việt Nam tiến thẳng vào Thái Lan không chỉ là một bản hợp đồng kinh tế tỷ trọng lớn, mà còn tạo ra một cú sốc tâm lý chưa từng có trên mạng xã hội xứ chùa Vàng. Đằng sau những bình luận chạnh lòng của người Thái và sự tự hào bùng nổ của người Việt, sự thật về bài toán công nghệ, giá vé và chiến lược biến Thái Lan thành sân nhà của doanh nghiệp Việt là gì? Cùng bóc tách chi tiết trong video này!
#tinnong #tinnhanh #
#xebuytdien #xedienvietnam #kimlongmotor #kinhtevietnam #thailan #phantichkinhte #dramamangxahoi #giaothongxanh","Người Thái Tự Ái, Dân Mạng Quay Xe: 1.000 Chiếc Xe Buýt Điện VIỆT NAM Viết Lại Trật Tự Đông Nam Á",2026-09-16T08:00:14Z,2026-09-16T08:00:14Z,"Viet nam xu dung xe buyt cong nghe cu gan kinh hau 2 ben de bi xe tai di nguoc chieu da cham dung. 

 Hang xe buyt BYD Trung Quoc xuat khau xe Buyt sang thi truong Uc khong con dung kinh hau 2 ben nua .

 Chiec buyt dien BYD,  gan he thong camera 2 ben nhu Tesla , mang hinh ro net nhu dien thoai Samsung va ban dem nhin thay ro rang nhu xem phim. 

 Tap doan Vinfast chua lam duoc dieu do.",top_level,,UgxkWhIAN0GYbCFUXL94AaABAg,0,2026-09-18T22:25:56Z,2026-09-18T22:25:56Z,0,UCaDsI5FQfrQM4Lfjg8tAeFg,electric_bus,0,0,youtube_20260926_1347,baseline_20260926_134704,2026-09-26T20:49:58.280058+07:00
youtube_c_UgxpqKStbssJeydNl_B4AaABAg,youtube,https://www.youtube.com/watch?v=gy8bTIuBGNU,gy8bTIuBGNU,"Người Thái Tự Ái, Dân Mạng Quay Xe: 1.000 Chiếc Xe Buýt Điện VIỆT NAM Viết Lại Trật Tự Đông Nam Á
Thương vụ hàng nghìn chiếc xe buýt điện Việt Nam tiến thẳng vào Thái Lan không chỉ là một bản hợp đồng kinh tế tỷ trọng lớn, mà còn tạo ra một cú sốc tâm lý chưa từng có trên mạng xã hội xứ chùa Vàng. Đằng sau những bình luận chạnh lòng của người Thái và sự tự hào bùng nổ của người Việt, sự thật về bài toán công nghệ, giá vé và chiến lược biến Thái Lan thành sân nhà của doanh nghiệp Việt là gì? Cùng bóc tách chi tiết trong video này!
#tinnong #tinnhanh #
#xebuytdien #xedienvietnam #kimlongmotor #kinhtevietnam #thailan #phantichkinhte #dramamangxahoi #giaothongxanh","Người Thái Tự Ái, Dân Mạng Quay Xe: 1.000 Chiếc Xe Buýt Điện VIỆT NAM Viết Lại Trật Tự Đông Nam Á",2026-09-16T08:00:14Z,2026-09-16T08:00:14Z,Kim long?BYD,top_level,,UgxpqKStbssJeydNl_B4AaABAg,0,2026-09-17T02:26:58Z,2026-09-17T02:26:58Z,0,UC48SDHBADtDGOXwPuU_9awQ,,0,0,youtube_20260926_1347,baseline_20260926_134704,2026-09-26T20:50:08.016516+07:00
youtube_c_UgyUH4G21lnY7yCNJLN4AaABAg,youtube,https://www.youtube.com/watch?v=gy8bTIuBGNU,gy8bTIuBGNU,"Người Thái Tự Ái, Dân Mạng Quay Xe: 1.000 Chiếc Xe Buýt Điện VIỆT NAM Viết Lại Trật Tự Đông Nam Á
Thương vụ hàng nghìn chiếc xe buýt điện Việt Nam tiến thẳng vào Thái Lan không chỉ là một bản hợp đồng kinh tế tỷ trọng lớn, mà còn tạo ra một cú sốc tâm lý chưa từng có trên mạng xã hội xứ chùa Vàng. Đằng sau những bình luận chạnh lòng của người Thái và sự tự hào bùng nổ của người Việt, sự thật về bài toán công nghệ, giá vé và chiến lược biến Thái Lan thành sân nhà của doanh nghiệp Việt là gì? Cùng bóc tách chi tiết trong video này!
#tinnong #tinnhanh #
#xebuytdien #xedienvietnam #kimlongmotor #kinhtevietnam #thailan #phantichkinhte #dramamangxahoi #giaothongxanh","Người Thái Tự Ái, Dân Mạng Quay Xe: 1.000 Chiếc Xe Buýt Điện VIỆT NAM Viết Lại Trật Tự Đông Nam Á",2026-09-16T08:00:14Z,2026-09-16T08:00:14Z,Nhưng kim long không phải là công ty Việt Nam thuần túy vì đồ phụ tùng của nó là từ Trung Quốc?😅,top_level,,UgyUH4G21lnY7yCNJLN4AaABAg,0,2026-09-21T12:19:41Z,2026-09-21T12:19:41Z,0,UCw3m8Xx9qfbBC6-ES74_Fhg,,0,0,youtube_20260926_1347,baseline_20260926_134704,2026-09-26T20:49:55.040127+07:00
youtube_c_Ugysvw23OUSJKH3ZL-F4AaABAg,youtube,https://www.youtube.com/watch?v=gy8bTIuBGNU,gy8bTIuBGNU,"Người Thái Tự Ái, Dân Mạng Quay Xe: 1.000 Chiếc Xe Buýt Điện VIỆT NAM Viết Lại Trật Tự Đông Nam Á
Thương vụ hàng nghìn chiếc xe buýt điện Việt Nam tiến thẳng vào Thái Lan không chỉ là một bản hợp đồng kinh tế tỷ trọng lớn, mà còn tạo ra một cú sốc tâm lý chưa từng có trên mạng xã hội xứ chùa Vàng. Đằng sau những bình luận chạnh lòng của người Thái và sự tự hào bùng nổ của người Việt, sự thật về bài toán công nghệ, giá vé và chiến lược biến Thái Lan thành sân nhà của doanh nghiệp Việt là gì? Cùng bóc tách chi tiết trong video này!
#tinnong #tinnhanh #
#xebuytdien #xedienvietnam #kimlongmotor #kinhtevietnam #thailan #phantichkinhte #dramamangxahoi #giaothongxanh","Người Thái Tự Ái, Dân Mạng Quay Xe: 1.000 Chiếc Xe Buýt Điện VIỆT NAM Viết Lại Trật Tự Đông Nam Á",2026-09-16T08:00:14Z,2026-09-16T08:00:14Z,Xe trung quốc hay ho gì mà nổ bạn ơi..,top_level,,Ugysvw23OUSJKH3ZL-F4AaABAg,0,2026-09-17T03:17:12Z,2026-09-17T03:17:12Z,3,UCntuPaajvBBQQQcj1jY_YvQ,,0,0,youtube_20260926_1347,baseline_20260926_134704,2026-09-26T20:50:04.745443+07:00
youtube_c_Ugysvw23OUSJKH3ZL-F4AaABAg.AaqNtRepkYtAaqiCdqMR0x,youtube,https://www.youtube.com/watch?v=gy8bTIuBGNU,gy8bTIuBGNU,"Người Thái Tự Ái, Dân Mạng Quay Xe: 1.000 Chiếc Xe Buýt Điện VIỆT NAM Viết Lại Trật Tự Đông Nam Á
Thương vụ hàng nghìn chiếc xe buýt điện Việt Nam tiến thẳng vào Thái Lan không chỉ là một bản hợp đồng kinh tế tỷ trọng lớn, mà còn tạo ra một cú sốc tâm lý chưa từng có trên mạng xã hội xứ chùa Vàng. Đằng sau những bình luận chạnh lòng của người Thái và sự tự hào bùng nổ của người Việt, sự thật về bài toán công nghệ, giá vé và chiến lược biến Thái Lan thành sân nhà của doanh nghiệp Việt là gì? Cùng bóc tách chi tiết trong video này!
#tinnong #tinnhanh #
#xebuytdien #xedienvietnam #kimlongmotor #kinhtevietnam #thailan #phantichkinhte #dramamangxahoi #giaothongxanh","Người Thái Tự Ái, Dân Mạng Quay Xe: 1.000 Chiếc Xe Buýt Điện VIỆT NAM Viết Lại Trật Tự Đông Nam Á",2026-09-16T08:00:14Z,2026-09-16T08:00:14Z,phụ tùng nhập khẩu thứ gì của ai là quyền của doanh nghiệp họ nội địa hóa những gì mà họ sx được đem lại lợi ích lớn nhất não bé thì nói ít thôi,reply,Ugysvw23OUSJKH3ZL-F4AaABAg,Ugysvw23OUSJKH3ZL-F4AaABAg,1,2026-09-17T06:23:27Z,2026-09-17T06:23:27Z,1,UCMdYtXRlQaJlrWrQeGTIXyg,,0,0,youtube_20260926_1347,baseline_20260926_134704,2026-09-26T20:50:08.013525+07:00
youtube_c_Ugysvw23OUSJKH3ZL-F4AaABAg.AaqNtRepkYtAaripScHwiV,youtube,https://www.youtube.com/watch?v=gy8bTIuBGNU,gy8bTIuBGNU,"Người Thái Tự Ái, Dân Mạng Quay Xe: 1.000 Chiếc Xe Buýt Điện VIỆT NAM Viết Lại Trật Tự Đông Nam Á
Thương vụ hàng nghìn chiếc xe buýt điện Việt Nam tiến thẳng vào Thái Lan không chỉ là một bản hợp đồng kinh tế tỷ trọng lớn, mà còn tạo ra một cú sốc tâm lý chưa từng có trên mạng xã hội xứ chùa Vàng. Đằng sau những bình luận chạnh lòng của người Thái và sự tự hào bùng nổ của người Việt, sự thật về bài toán công nghệ, giá vé và chiến lược biến Thái Lan thành sân nhà của doanh nghiệp Việt là gì? Cùng bóc tách chi tiết trong video này!
#tinnong #tinnhanh #
#xebuytdien #xedienvietnam #kimlongmotor #kinhtevietnam #thailan #phantichkinhte #dramamangxahoi #giaothongxanh","Người Thái Tự Ái, Dân Mạng Quay Xe: 1.000 Chiếc Xe Buýt Điện VIỆT NAM Viết Lại Trật Tự Đông Nam Á",2026-09-16T08:00:14Z,2026-09-16T08:00:14Z,Dế nhũi.,reply,Ugysvw23OUSJKH3ZL-F4AaABAg,Ugysvw23OUSJKH3ZL-F4AaABAg,1,2026-09-17T15:48:08Z,2026-09-17T15:48:08Z,0,UCp0e10gDhQRcY3a7ynklXvg,,0,0,youtube_20260926_1347,baseline_20260926_134704,2026-09-26T20:50:08.014517+07:00
youtube_c_Ugysvw23OUSJKH3ZL-F4AaABAg.AaqNtRepkYtAast1lTTsQN,youtube,https://www.youtube.com/watch?v=gy8bTIuBGNU,gy8bTIuBGNU,"Người Thái Tự Ái, Dân Mạng Quay Xe: 1.000 Chiếc Xe Buýt Điện VIỆT NAM Viết Lại Trật Tự Đông Nam Á
Thương vụ hàng nghìn chiếc xe buýt điện Việt Nam tiến thẳng vào Thái Lan không chỉ là một bản hợp đồng kinh tế tỷ trọng lớn, mà còn tạo ra một cú sốc tâm lý chưa từng có trên mạng xã hội xứ chùa Vàng. Đằng sau những bình luận chạnh lòng của người Thái và sự tự hào bùng nổ của người Việt, sự thật về bài toán công nghệ, giá vé và chiến lược biến Thái Lan thành sân nhà của doanh nghiệp Việt là gì? Cùng bóc tách chi tiết trong video này!
#tinnong #tinnhanh #
#xebuytdien #xedienvietnam #kimlongmotor #kinhtevietnam #thailan #phantichkinhte #dramamangxahoi #giaothongxanh","Người Thái Tự Ái, Dân Mạng Quay Xe: 1.000 Chiếc Xe Buýt Điện VIỆT NAM Viết Lại Trật Tự Đông Nam Á",2026-09-16T08:00:14Z,2026-09-16T08:00:14Z,Xe buýt Trung Quốc đội lốt hàng việt nam thôi có gì tự hào,reply,Ugysvw23OUSJKH3ZL-F4AaABAg,Ugysvw23OUSJKH3ZL-F4AaABAg,1,2026-09-18T02:36:34Z,2026-09-18T02:36:34Z,1,UCC5ggqMjveIeNLNskVxANOg,transport_impact,0,0,youtube_20260926_1347,baseline_20260926_134704,2026-09-26T20:50:08.014517+07:00
youtube_c_Ugysvw23OUSJKH3ZL-F4AaABAg.AaqNtRepkYtAb3Ph-GQ-3M,youtube,https://www.youtube.com/watch?v=gy8bTIuBGNU,gy8bTIuBGNU,"Người Thái Tự Ái, Dân Mạng Quay Xe: 1.000 Chiếc Xe Buýt Điện VIỆT NAM Viết Lại Trật Tự Đông Nam Á
Thương vụ hàng nghìn chiếc xe buýt điện Việt Nam tiến thẳng vào Thái Lan không chỉ là một bản hợp đồng kinh tế tỷ trọng lớn, mà còn tạo ra một cú sốc tâm lý chưa từng có trên mạng xã hội xứ chùa Vàng. Đằng sau những bình luận chạnh lòng của người Thái và sự tự hào bùng nổ của người Việt, sự thật về bài toán công nghệ, giá vé và chiến lược biến Thái Lan thành sân nhà của doanh nghiệp Việt là gì? Cùng bóc tách chi tiết trong video này!
#tinnong #tinnhanh #
#xebuytdien #xedienvietnam #kimlongmotor #kinhtevietnam #thailan #phantichkinhte #dramamangxahoi #giaothongxanh","Người Thái Tự Ái, Dân Mạng Quay Xe: 1.000 Chiếc Xe Buýt Điện VIỆT NAM Viết Lại Trật Tự Đông Nam Á",2026-09-16T08:00:14Z,2026-09-16T08:00:14Z,​@phongtran-ih2fyngáo,reply,Ugysvw23OUSJKH3ZL-F4AaABAg,Ugysvw23OUSJKH3ZL-F4AaABAg,1,2026-09-22T14:02:20Z,2026-09-22T14:02:20Z,0,UC-dgQjPmbpkB4G-LwR-kCbg,,0,0,youtube_20260926_1347,baseline_20260926_134704,2026-09-26T20:50:08.014517+07:00
youtube_c_UgzcRAIOQsCwkwxEeU94AaABAg,youtube,https://www.youtube.com/watch?v=gy8bTIuBGNU,gy8bTIuBGNU,"Người Thái Tự Ái, Dân Mạng Quay Xe: 1.000 Chiếc Xe Buýt Điện VIỆT NAM Viết Lại Trật Tự Đông Nam Á
Thương vụ hàng nghìn chiếc xe buýt điện Việt Nam tiến thẳng vào Thái Lan không chỉ là một bản hợp đồng kinh tế tỷ trọng lớn, mà còn tạo ra một cú sốc tâm lý chưa từng có trên mạng xã hội xứ chùa Vàng. Đằng sau những bình luận chạnh lòng của người Thái và sự tự hào bùng nổ của người Việt, sự thật về bài toán công nghệ, giá vé và chiến lược biến Thái Lan thành sân nhà của doanh nghiệp Việt là gì? Cùng bóc tách chi tiết trong video này!
#tinnong #tinnhanh #
#xebuytdien #xedienvietnam #kimlongmotor #kinhtevietnam #thailan #phantichkinhte #dramamangxahoi #giaothongxanh","Người Thái Tự Ái, Dân Mạng Quay Xe: 1.000 Chiếc Xe Buýt Điện VIỆT NAM Viết Lại Trật Tự Đông Nam Á",2026-09-16T08:00:14Z,2026-09-16T08:00:14Z,"Theo kênh StacheD Training của Hoa Kỳ với chủ đề ""Cháy xe buýt điện trên toàn thế giới"": Vào ngày 25 tháng 7 năm 2025 tại Orlando, Florida, hai chiếc xe buýt điện hoàn toàn mới của trung tâm giải trí Universal Studio đã bốc cháy. Theo báo cáo của kênh StacheD Training, Có vẻ như những chiếc xe buýt điện này được sản xuất bởi nhà sản xuất ô tô Geely của TQ, và chỉ mới được sử dụng tại Hoa Kỳ khoảng 6 tháng, kể từ tháng 1 năm 2025. Kim Long là một trong những hãng xe buýt điện của TQ.",top_level,,UgzcRAIOQsCwkwxEeU94AaABAg,0,2026-09-19T19:28:06Z,2026-09-19T19:28:06Z,1,UCTns25JwgBR_HOZp1nBIuAw,"transport_impact,electric_bus",0,0,youtube_20260926_1347,baseline_20260926_134704,2026-09-26T20:49:55.053465+07:00
youtube_c_UgzcRAIOQsCwkwxEeU94AaABAg.AaxGaI9E5wqAayxDvGvs8E,youtube,https://www.youtube.com/watch?v=gy8bTIuBGNU,gy8bTIuBGNU,"Người Thái Tự Ái, Dân Mạng Quay Xe: 1.000 Chiếc Xe Buýt Điện VIỆT NAM Viết Lại Trật Tự Đông Nam Á
Thương vụ hàng nghìn chiếc xe buýt điện Việt Nam tiến thẳng vào Thái Lan không chỉ là một bản hợp đồng kinh tế tỷ trọng lớn, mà còn tạo ra một cú sốc tâm lý chưa từng có trên mạng xã hội xứ chùa Vàng. Đằng sau những bình luận chạnh lòng của người Thái và sự tự hào bùng nổ của người Việt, sự thật về bài toán công nghệ, giá vé và chiến lược biến Thái Lan thành sân nhà của doanh nghiệp Việt là gì? Cùng bóc tách chi tiết trong video này!
#tinnong #tinnhanh #
#xebuytdien #xedienvietnam #kimlongmotor #kinhtevietnam #thailan #phantichkinhte #dramamangxahoi #giaothongxanh","Người Thái Tự Ái, Dân Mạng Quay Xe: 1.000 Chiếc Xe Buýt Điện VIỆT NAM Viết Lại Trật Tự Đông Nam Á",2026-09-16T08:00:14Z,2026-09-16T08:00:14Z,Ban chưa về Việt Nam phán bừa,reply,UgzcRAIOQsCwkwxEeU94AaABAg,UgzcRAIOQsCwkwxEeU94AaABAg,1,2026-09-20T11:08:37Z,2026-09-20T11:08:37Z,0,UCHKuGAb06_Fm6XdU8pY6-Sg,,0,0,youtube_20260926_1347,baseline_20260926_134704,2026-09-26T20:49:58.271180+07:00
youtube_c_UgzcRAIOQsCwkwxEeU94AaABAg.AaxGaI9E5wqAb1MtFqWIyK,youtube,https://www.youtube.com/watch?v=gy8bTIuBGNU,gy8bTIuBGNU,"Người Thái Tự Ái, Dân Mạng Quay Xe: 1.000 Chiếc Xe Buýt Điện VIỆT NAM Viết Lại Trật Tự Đông Nam Á
Thương vụ hàng nghìn chiếc xe buýt điện Việt Nam tiến thẳng vào Thái Lan không chỉ là một bản hợp đồng kinh tế tỷ trọng lớn, mà còn tạo ra một cú sốc tâm lý chưa từng có trên mạng xã hội xứ chùa Vàng. Đằng sau những bình luận chạnh lòng của người Thái và sự tự hào bùng nổ của người Việt, sự thật về bài toán công nghệ, giá vé và chiến lược biến Thái Lan thành sân nhà của doanh nghiệp Việt là gì? Cùng bóc tách chi tiết trong video này!
#tinnong #tinnhanh #
#xebuytdien #xedienvietnam #kimlongmotor #kinhtevietnam #thailan #phantichkinhte #dramamangxahoi #giaothongxanh","Người Thái Tự Ái, Dân Mạng Quay Xe: 1.000 Chiếc Xe Buýt Điện VIỆT NAM Viết Lại Trật Tự Đông Nam Á",2026-09-16T08:00:14Z,2026-09-16T08:00:14Z,"@sinoca-ys3hm Theo kênh StacheD Training của Hoa Kỳ với chủ đề ""Cháy xe buýt điện trên toàn thế giới"": Vào ngày 25 tháng 7 năm 2025 tại Orlando, Florida, hai chiếc xe buýt điện hoàn toàn mới của trung tâm giải trí Universal Studio đã bốc cháy. Theo báo cáo của kênh StacheD Training, Có vẻ như những chiếc xe buýt điện này được sản xuất bởi nhà sản xuất ô tô Geely của TQ, và chỉ mới được sử dụng tại Hoa Kỳ khoảng 6 tháng, kể từ tháng 1 năm 2025. Kim Long là một trong những hãng xe buýt điện của TQ.",reply,UgzcRAIOQsCwkwxEeU94AaABAg,UgzcRAIOQsCwkwxEeU94AaABAg,1,2026-09-21T18:59:19Z,2026-09-21T18:59:19Z,0,UCTns25JwgBR_HOZp1nBIuAw,"transport_impact,electric_bus",0,0,youtube_20260926_1347,baseline_20260926_134704,2026-09-26T20:49:58.272191+07:00
youtube_c_Ugzd8SrrBve5EJVgJAd4AaABAg,youtube,https://www.youtube.com/watch?v=gy8bTIuBGNU,gy8bTIuBGNU,"Người Thái Tự Ái, Dân Mạng Quay Xe: 1.000 Chiếc Xe Buýt Điện VIỆT NAM Viết Lại Trật Tự Đông Nam Á
Thương vụ hàng nghìn chiếc xe buýt điện Việt Nam tiến thẳng vào Thái Lan không chỉ là một bản hợp đồng kinh tế tỷ trọng lớn, mà còn tạo ra một cú sốc tâm lý chưa từng có trên mạng xã hội xứ chùa Vàng. Đằng sau những bình luận chạnh lòng của người Thái và sự tự hào bùng nổ của người Việt, sự thật về bài toán công nghệ, giá vé và chiến lược biến Thái Lan thành sân nhà của doanh nghiệp Việt là gì? Cùng bóc tách chi tiết trong video này!
#tinnong #tinnhanh #
#xebuytdien #xedienvietnam #kimlongmotor #kinhtevietnam #thailan #phantichkinhte #dramamangxahoi #giaothongxanh","Người Thái Tự Ái, Dân Mạng Quay Xe: 1.000 Chiếc Xe Buýt Điện VIỆT NAM Viết Lại Trật Tự Đông Nam Á",2026-09-16T08:00:14Z,2026-09-16T08:00:14Z,Thái Lan nên thay nhanh hệ thông xe buýt ô nhiễm quá nhiều rồi,top_level,,Ugzd8SrrBve5EJVgJAd4AaABAg,0,2026-09-20T23:22:50Z,2026-09-20T23:22:50Z,0,UCHKuGAb06_Fm6XdU8pY6-Sg,transport_impact,0,0,youtube_20260926_1347,baseline_20260926_134704,2026-09-26T20:49:55.042122+07:00
youtube_c_UgzqyVUTUmof7WQBf_N4AaABAg,youtube,https://www.youtube.com/watch?v=itb2BhUldE0,itb2BhUldE0,"🇻🇳 Du lịch VinBus Hà Nội. Tất cả trong 1. Chi phí rẻ+Chuyến tham quan+Cảm xúc!? Hanoi VinBus Tour!?
Tour VinBus E04 Hà Nội. Tất cả trong 1. Chi phí rẻ + Chuyến tham quan + Cảm xúc!? 

All in 1 - Hanoi VinBus E04 Tour for cheap cost.+.emotion + tour!?",🇻🇳 Du lịch VinBus Hà Nội. Tất cả trong 1. Chi phí rẻ+Chuyến tham quan+Cảm xúc!? Hanoi VinBus Tour!?,2026-09-20T00:58:16Z,2026-09-20T00:58:16Z,❤❤❤Vietnamese version!,top_level,,UgzqyVUTUmof7WQBf_N4AaABAg,0,2026-09-20T01:15:11Z,2026-09-20T01:15:11Z,1,UCidO4YiEFtaO-_zmZrBzjkA,,0,0,youtube_20260926_1347,baseline_20260926_134704,2026-09-26T21:02:45.907709+07:00
youtube_c_UgzPCjhrMh7dTQgSSot4AaABAg,youtube,https://www.youtube.com/watch?v=l4VxY6qIDqQ,l4VxY6qIDqQ,"VINGROUP CHI TIỀN: TỪ NGHĨA TÌNH ĐẾN LỢI NHUẬN! #Shorts
Vingroup vừa chi tiền cho nghĩa tình, xe buýt và cả những cú chuyển mình.

🔥 Cập nhật Tin Hot 24h: Tại Hải Phòng, Quỹ Thiện Tâm thuộc Tập đoàn Vingroup sẽ hỗ trợ 5 triệu đồng mỗi tháng cho 16 người con liệt sĩ chưa đủ 18 tuổi. Khoản tiền được duy trì đến khi các cháu tròn 18, chuyển vào tài khoản của người được hỗ trợ hoặc người giám hộ. Báo Hải Phòng cho biết việc chi trả thực hiện định kỳ ba tháng một lần, vào ngày 15 của tháng thứ hai trong mỗi quý. Một khoản hỗ trợ không ồn ào, nhưng đủ thiết thực để cuộc sống bớt chật vật. Ở Hà Nội, VinBus lại miễn vé từ ngày 29 tháng 8 đến hết ngày 2 tháng 9 năm 2026, cùng các tuyến buýt thành phố và hai tuyến đường sắt đô thị. Xe chạy từ 4 giờ 30 đến 22 giờ 30, thành phố còn chuẩn bị 42 xe dự phòng. Trong khi đó, báo cáo bán niên ghi nhận Vingroup lãi trước thuế 34.400 tỷ đồng, phần lớn nhờ doanh thu tài chính và thương vụ chuyển nhượng công ty con. Gia đình Phạm Nhật Vượng cũng có thêm thế hệ kế cận tham gia quản trị doanh nghiệp.

Đăng ký kênh ""Tin Nóng Mà Vui"" để không bỏ lỡ những tin tức mới nhất, hài hước và độc lạ mỗi ngày!
👉 Link đăng ký: https://www.youtube.com/@tinnongmavui

#tinnongmavui #tinnhanh #tintuc #trend #shorts #Vingroup #kinhte #tapdoanvingroup #vietnam #tinnong

Nguồn tham khảo:
https://soha.vn/tap-doan-vingroup-chinh-thuc-ho-tro-5-trieu-dong-nguoi-thang-cho-16-con-liet-si-o-hai-phong-den-khi-du-18-tuoi-198260830221058708.htm
https://nguoiquansat.vn/vingroup-tuyen-bo-se-ho-tro-5-trieu-dong-thang-cho-16-nguoi-con-cua-cac-liet-si-den-khi-du-18-tuoi-313545.html
https://kenh14.vn/tap-doan-vingroup-cua-ty-phu-pham-nhat-vuong-chinh-thuc-mien-phi-100-dich-vu-nay-tu-ngay-mai-215260828154125545.chn",VINGROUP CHI TIỀN: TỪ NGHĨA TÌNH ĐẾN LỢI NHUẬN! #Shorts,2026-08-31T09:10:36Z,2026-08-31T09:10:36Z,"Một tập đoàn, ba mặt trận: làm việc thiện, miễn vé xe và khiến dân tài chính phải lấy máy tính ra tính lại! 👇",top_level,,UgzPCjhrMh7dTQgSSot4AaABAg,0,2026-08-31T09:10:17Z,2026-08-31T09:10:17Z,0,UC3L-dpLf0qpwZ4DtQCY5Zmg,,1,0,youtube_20260926_1347,baseline_20260926_134704,2026-09-26T21:05:24.241112+07:00
youtube_c_UgwTKqIdYkRmycI0NuJ4AaABAg,youtube,https://www.youtube.com/watch?v=m6fjM-2kDJw,m6fjM-2kDJw,"$870,000 Redding electric bus headed for surplus after 500 days out of service
READ MORE: https://krcrtv.com/news/local/870000-redding-electric-bus-headed-for-surplus-after-500-days-out-of-service

RABA says the Proterra bus, purchased in 2018 and put into service in 2020, suffered repeated malfunctions and became increasingly difficult to repair after the manufacturer filed for bankruptcy. The bus was expected to have a minimum 12-year useful life, but federal officials approved RABA’s request to dispose of it after about six years in service.

#redding #electricbuses #publictransit shastacounty #northstate
-------------------------------------

Stay up to date with our social media: 

Facebook: https://www.facebook.com/KRCR7
Twitter: https://twitter.com/KRCR7
Instagram: https://www.instagram.com/krcrnews/
Subscribe: https://www.youtube.com/@krcrnewschannel7 

KRCR is a Redding-based station and a KCVU/KAEF affiliate owned and operated by Sinclair Broadcast Group. Sinclair Broadcast Group is one of the largest and most diversified broadcasting companies in the country today. Sinclair owns and operates, programs or provides sales services to 163 television stations in 77 markets, after pending transactions. Sinclair’s television group reaches approximately 38.7% of US television households and includes FOX, ABC, MyTV, CW, CBS, NBC, Univision, and Azteca affiliates.","$870,000 Redding electric bus headed for surplus after 500 days out of service",2026-09-25T19:00:38Z,2026-09-25T19:00:38Z,Meanwhile a diesel bus could run 20 years. 😂😂😂😂😂,top_level,,UgwTKqIdYkRmycI0NuJ4AaABAg,0,2026-09-26T02:53:26Z,2026-09-26T02:53:26Z,0,UCpFa2NcHkL_2by6mvXCsj_A,transport_impact,0,0,youtube_20260926_1347,baseline_20260926_134704,2026-09-26T20:56:44.030615+07:00
youtube_c_Ugx36g83iwn9pOiYcDV4AaABAg,youtube,https://www.youtube.com/watch?v=m6fjM-2kDJw,m6fjM-2kDJw,"$870,000 Redding electric bus headed for surplus after 500 days out of service
READ MORE: https://krcrtv.com/news/local/870000-redding-electric-bus-headed-for-surplus-after-500-days-out-of-service

RABA says the Proterra bus, purchased in 2018 and put into service in 2020, suffered repeated malfunctions and became increasingly difficult to repair after the manufacturer filed for bankruptcy. The bus was expected to have a minimum 12-year useful life, but federal officials approved RABA’s request to dispose of it after about six years in service.

#redding #electricbuses #publictransit shastacounty #northstate
-------------------------------------

Stay up to date with our social media: 

Facebook: https://www.facebook.com/KRCR7
Twitter: https://twitter.com/KRCR7
Instagram: https://www.instagram.com/krcrnews/
Subscribe: https://www.youtube.com/@krcrnewschannel7 

KRCR is a Redding-based station and a KCVU/KAEF affiliate owned and operated by Sinclair Broadcast Group. Sinclair Broadcast Group is one of the largest and most diversified broadcasting companies in the country today. Sinclair owns and operates, programs or provides sales services to 163 television stations in 77 markets, after pending transactions. Sinclair’s television group reaches approximately 38.7% of US television households and includes FOX, ABC, MyTV, CW, CBS, NBC, Univision, and Azteca affiliates.","$870,000 Redding electric bus headed for surplus after 500 days out of service",2026-09-25T19:00:38Z,2026-09-25T19:00:38Z,California screwing the Federal taxpayers once again for their pie in the sky dreams of utopia.,top_level,,Ugx36g83iwn9pOiYcDV4AaABAg,0,2026-09-26T02:55:23Z,2026-09-26T02:55:23Z,0,UCpFa2NcHkL_2by6mvXCsj_A,,0,0,youtube_20260926_1347,baseline_20260926_134704,2026-09-26T20:56:44.027600+07:00
youtube_c_Ugx36g83iwn9pOiYcDV4AaABAg.AbCWYXMP3f1AbEKqR0pb5H,youtube,https://www.youtube.com/watch?v=m6fjM-2kDJw,m6fjM-2kDJw,"$870,000 Redding electric bus headed for surplus after 500 days out of service
READ MORE: https://krcrtv.com/news/local/870000-redding-electric-bus-headed-for-surplus-after-500-days-out-of-service

RABA says the Proterra bus, purchased in 2018 and put into service in 2020, suffered repeated malfunctions and became increasingly difficult to repair after the manufacturer filed for bankruptcy. The bus was expected to have a minimum 12-year useful life, but federal officials approved RABA’s request to dispose of it after about six years in service.

#redding #electricbuses #publictransit shastacounty #northstate
-------------------------------------

Stay up to date with our social media: 

Facebook: https://www.facebook.com/KRCR7
Twitter: https://twitter.com/KRCR7
Instagram: https://www.instagram.com/krcrnews/
Subscribe: https://www.youtube.com/@krcrnewschannel7 

KRCR is a Redding-based station and a KCVU/KAEF affiliate owned and operated by Sinclair Broadcast Group. Sinclair Broadcast Group is one of the largest and most diversified broadcasting companies in the country today. Sinclair owns and operates, programs or provides sales services to 163 television stations in 77 markets, after pending transactions. Sinclair’s television group reaches approximately 38.7% of US television households and includes FOX, ABC, MyTV, CW, CBS, NBC, Univision, and Azteca affiliates.","$870,000 Redding electric bus headed for surplus after 500 days out of service",2026-09-25T19:00:38Z,2026-09-25T19:00:38Z,"California regularly  funds a large number of  states with its HUGE   contribution to the federal budget.   It's usually  the other way around:  tbe feds screw CA taxpayers out of programs which  they legitimately paid for. Also, many California cities have had successful electric bus programs for years; it looks like this city signed up with a lemon company.",reply,Ugx36g83iwn9pOiYcDV4AaABAg,Ugx36g83iwn9pOiYcDV4AaABAg,1,2026-09-26T19:51:35Z,2026-09-26T19:51:35Z,0,UCTiFIfxdQP9Dsq84LmG5Lmg,"transport_impact,electric_bus",0,0,youtube_20260927_0855,baseline_20260926_134704,2026-09-27T15:58:21.363398+07:00
youtube_c_Ugx36g83iwn9pOiYcDV4AaABAg.AbCWYXMP3f1AbExlByEp-S,youtube,https://www.youtube.com/watch?v=m6fjM-2kDJw,m6fjM-2kDJw,"$870,000 Redding electric bus headed for surplus after 500 days out of service
READ MORE: https://krcrtv.com/news/local/870000-redding-electric-bus-headed-for-surplus-after-500-days-out-of-service

RABA says the Proterra bus, purchased in 2018 and put into service in 2020, suffered repeated malfunctions and became increasingly difficult to repair after the manufacturer filed for bankruptcy. The bus was expected to have a minimum 12-year useful life, but federal officials approved RABA’s request to dispose of it after about six years in service.

#redding #electricbuses #publictransit shastacounty #northstate
-------------------------------------

Stay up to date with our social media: 

Facebook: https://www.facebook.com/KRCR7
Twitter: https://twitter.com/KRCR7
Instagram: https://www.instagram.com/krcrnews/
Subscribe: https://www.youtube.com/@krcrnewschannel7 

KRCR is a Redding-based station and a KCVU/KAEF affiliate owned and operated by Sinclair Broadcast Group. Sinclair Broadcast Group is one of the largest and most diversified broadcasting companies in the country today. Sinclair owns and operates, programs or provides sales services to 163 television stations in 77 markets, after pending transactions. Sinclair’s television group reaches approximately 38.7% of US television households and includes FOX, ABC, MyTV, CW, CBS, NBC, Univision, and Azteca affiliates.","$870,000 Redding electric bus headed for surplus after 500 days out of service",2026-09-25T19:00:38Z,2026-09-25T19:00:38Z,@eh3477 It`s your story tell it how you like. 😂,reply,Ugx36g83iwn9pOiYcDV4AaABAg,Ugx36g83iwn9pOiYcDV4AaABAg,1,2026-09-27T01:40:24Z,2026-09-27T01:40:24Z,0,UCpFa2NcHkL_2by6mvXCsj_A,,0,0,youtube_20260927_0855,baseline_20260926_134704,2026-09-27T15:58:21.364320+07:00
youtube_c_UgxA5B2H3s5cumtskph4AaABAg,youtube,https://www.youtube.com/watch?v=m6fjM-2kDJw,m6fjM-2kDJw,"$870,000 Redding electric bus headed for surplus after 500 days out of service
READ MORE: https://krcrtv.com/news/local/870000-redding-electric-bus-headed-for-surplus-after-500-days-out-of-service

RABA says the Proterra bus, purchased in 2018 and put into service in 2020, suffered repeated malfunctions and became increasingly difficult to repair after the manufacturer filed for bankruptcy. The bus was expected to have a minimum 12-year useful life, but federal officials approved RABA’s request to dispose of it after about six years in service.

#redding #electricbuses #publictransit shastacounty #northstate
-------------------------------------

Stay up to date with our social media: 

Facebook: https://www.facebook.com/KRCR7
Twitter: https://twitter.com/KRCR7
Instagram: https://www.instagram.com/krcrnews/
Subscribe: https://www.youtube.com/@krcrnewschannel7 

KRCR is a Redding-based station and a KCVU/KAEF affiliate owned and operated by Sinclair Broadcast Group. Sinclair Broadcast Group is one of the largest and most diversified broadcasting companies in the country today. Sinclair owns and operates, programs or provides sales services to 163 television stations in 77 markets, after pending transactions. Sinclair’s television group reaches approximately 38.7% of US television households and includes FOX, ABC, MyTV, CW, CBS, NBC, Univision, and Azteca affiliates.","$870,000 Redding electric bus headed for surplus after 500 days out of service",2026-09-25T19:00:38Z,2026-09-25T19:00:38Z,Did they sue the manufacturers?,top_level,,UgxA5B2H3s5cumtskph4AaABAg,0,2026-09-26T19:47:16Z,2026-09-26T19:47:16Z,0,UCTiFIfxdQP9Dsq84LmG5Lmg,,0,0,youtube_20260927_0855,baseline_20260926_134704,2026-09-27T15:58:18.072477+07:00
youtube_c_UgyeOWWBeZjH2YnMapp4AaABAg,youtube,https://www.youtube.com/watch?v=m6fjM-2kDJw,m6fjM-2kDJw,"$870,000 Redding electric bus headed for surplus after 500 days out of service
READ MORE: https://krcrtv.com/news/local/870000-redding-electric-bus-headed-for-surplus-after-500-days-out-of-service

RABA says the Proterra bus, purchased in 2018 and put into service in 2020, suffered repeated malfunctions and became increasingly difficult to repair after the manufacturer filed for bankruptcy. The bus was expected to have a minimum 12-year useful life, but federal officials approved RABA’s request to dispose of it after about six years in service.

#redding #electricbuses #publictransit shastacounty #northstate
-------------------------------------

Stay up to date with our social media: 

Facebook: https://www.facebook.com/KRCR7
Twitter: https://twitter.com/KRCR7
Instagram: https://www.instagram.com/krcrnews/
Subscribe: https://www.youtube.com/@krcrnewschannel7 

KRCR is a Redding-based station and a KCVU/KAEF affiliate owned and operated by Sinclair Broadcast Group. Sinclair Broadcast Group is one of the largest and most diversified broadcasting companies in the country today. Sinclair owns and operates, programs or provides sales services to 163 television stations in 77 markets, after pending transactions. Sinclair’s television group reaches approximately 38.7% of US television households and includes FOX, ABC, MyTV, CW, CBS, NBC, Univision, and Azteca affiliates.","$870,000 Redding electric bus headed for surplus after 500 days out of service",2026-09-25T19:00:38Z,2026-09-25T19:00:38Z,"Please read the full staff report; it will actually cost RABA only around $120k, and the rest is from grants.",top_level,,UgyeOWWBeZjH2YnMapp4AaABAg,0,2026-09-25T23:15:34Z,2026-09-25T23:15:34Z,0,UCfRjgi8gQC-C5w-VaRx27ZA,,0,0,youtube_20260926_1347,baseline_20260926_134704,2026-09-26T20:56:44.034610+07:00
youtube_c_UgyeOWWBeZjH2YnMapp4AaABAg.AbC7Ob4UQFYAbCWzH_tWBr,youtube,https://www.youtube.com/watch?v=m6fjM-2kDJw,m6fjM-2kDJw,"$870,000 Redding electric bus headed for surplus after 500 days out of service
READ MORE: https://krcrtv.com/news/local/870000-redding-electric-bus-headed-for-surplus-after-500-days-out-of-service

RABA says the Proterra bus, purchased in 2018 and put into service in 2020, suffered repeated malfunctions and became increasingly difficult to repair after the manufacturer filed for bankruptcy. The bus was expected to have a minimum 12-year useful life, but federal officials approved RABA’s request to dispose of it after about six years in service.

#redding #electricbuses #publictransit shastacounty #northstate
-------------------------------------

Stay up to date with our social media: 

Facebook: https://www.facebook.com/KRCR7
Twitter: https://twitter.com/KRCR7
Instagram: https://www.instagram.com/krcrnews/
Subscribe: https://www.youtube.com/@krcrnewschannel7 

KRCR is a Redding-based station and a KCVU/KAEF affiliate owned and operated by Sinclair Broadcast Group. Sinclair Broadcast Group is one of the largest and most diversified broadcasting companies in the country today. Sinclair owns and operates, programs or provides sales services to 163 television stations in 77 markets, after pending transactions. Sinclair’s television group reaches approximately 38.7% of US television households and includes FOX, ABC, MyTV, CW, CBS, NBC, Univision, and Azteca affiliates.","$870,000 Redding electric bus headed for surplus after 500 days out of service",2026-09-25T19:00:38Z,2026-09-25T19:00:38Z,"Still even $120,000 is a waste of money",reply,UgyeOWWBeZjH2YnMapp4AaABAg,UgyeOWWBeZjH2YnMapp4AaABAg,1,2026-09-26T02:59:10Z,2026-09-26T02:59:10Z,0,UCWbzcZ9tMBcEylmFzxlJCpA,,0,0,youtube_20260926_1347,baseline_20260926_134704,2026-09-26T20:56:47.308187+07:00
youtube_c_UgzAdpFdKLgrnRT0bYx4AaABAg,youtube,https://www.youtube.com/watch?v=m6fjM-2kDJw,m6fjM-2kDJw,"$870,000 Redding electric bus headed for surplus after 500 days out of service
READ MORE: https://krcrtv.com/news/local/870000-redding-electric-bus-headed-for-surplus-after-500-days-out-of-service

RABA says the Proterra bus, purchased in 2018 and put into service in 2020, suffered repeated malfunctions and became increasingly difficult to repair after the manufacturer filed for bankruptcy. The bus was expected to have a minimum 12-year useful life, but federal officials approved RABA’s request to dispose of it after about six years in service.

#redding #electricbuses #publictransit shastacounty #northstate
-------------------------------------

Stay up to date with our social media: 

Facebook: https://www.facebook.com/KRCR7
Twitter: https://twitter.com/KRCR7
Instagram: https://www.instagram.com/krcrnews/
Subscribe: https://www.youtube.com/@krcrnewschannel7 

KRCR is a Redding-based station and a KCVU/KAEF affiliate owned and operated by Sinclair Broadcast Group. Sinclair Broadcast Group is one of the largest and most diversified broadcasting companies in the country today. Sinclair owns and operates, programs or provides sales services to 163 television stations in 77 markets, after pending transactions. Sinclair’s television group reaches approximately 38.7% of US television households and includes FOX, ABC, MyTV, CW, CBS, NBC, Univision, and Azteca affiliates.","$870,000 Redding electric bus headed for surplus after 500 days out of service",2026-09-25T19:00:38Z,2026-09-25T19:00:38Z,X cleanerall,top_level,,UgzAdpFdKLgrnRT0bYx4AaABAg,0,2026-09-26T06:06:54Z,2026-09-26T06:06:54Z,0,UC9ZE4eSTbK3tPNjnSXvel5Q,,0,0,youtube_20260926_1347,baseline_20260926_134704,2026-09-26T20:56:44.025589+07:00
youtube_c_UgzLLlvJZOX85qV00Et4AaABAg,youtube,https://www.youtube.com/watch?v=m6fjM-2kDJw,m6fjM-2kDJw,"$870,000 Redding electric bus headed for surplus after 500 days out of service
READ MORE: https://krcrtv.com/news/local/870000-redding-electric-bus-headed-for-surplus-after-500-days-out-of-service

RABA says the Proterra bus, purchased in 2018 and put into service in 2020, suffered repeated malfunctions and became increasingly difficult to repair after the manufacturer filed for bankruptcy. The bus was expected to have a minimum 12-year useful life, but federal officials approved RABA’s request to dispose of it after about six years in service.

#redding #electricbuses #publictransit shastacounty #northstate
-------------------------------------

Stay up to date with our social media: 

Facebook: https://www.facebook.com/KRCR7
Twitter: https://twitter.com/KRCR7
Instagram: https://www.instagram.com/krcrnews/
Subscribe: https://www.youtube.com/@krcrnewschannel7 

KRCR is a Redding-based station and a KCVU/KAEF affiliate owned and operated by Sinclair Broadcast Group. Sinclair Broadcast Group is one of the largest and most diversified broadcasting companies in the country today. Sinclair owns and operates, programs or provides sales services to 163 television stations in 77 markets, after pending transactions. Sinclair’s television group reaches approximately 38.7% of US television households and includes FOX, ABC, MyTV, CW, CBS, NBC, Univision, and Azteca affiliates.","$870,000 Redding electric bus headed for surplus after 500 days out of service",2026-09-25T19:00:38Z,2026-09-25T19:00:38Z,What a waste of money. Plus they were dealing with a fly by night electric bus manufacturer. Transit board should be ashamed in agreeing to this feel good project.,top_level,,UgzLLlvJZOX85qV00Et4AaABAg,0,2026-09-26T02:38:25Z,2026-09-26T02:38:25Z,1,UCWbzcZ9tMBcEylmFzxlJCpA,"transport_impact,electric_bus",0,0,youtube_20260926_1347,baseline_20260926_134704,2026-09-26T20:56:44.032608+07:00
youtube_c_UgySiyvkMegNIGKctg54AaABAg,youtube,https://www.youtube.com/watch?v=mqLSNcfKJck,mqLSNcfKJck,"Red Big Electric Bus Vs Ramp | #shorts #gaming #beamngdrive #ramp #bus
Red Big Electric Bus Vs Ramp | #shorts #gaming #beamngdrive #ramp #bus 



Disclaimer:
This video contains original gameplay recorded by me. Music used in this Short is provided by YouTube. All game rights belong to their respective owners. For entertainment purposes only.

#beamngdrive
#beamng
#shorts
#youtubeshorts
#gaming
#cargame
#carjump
#supercar
#sleepercar
#carvscar
#carcrash
#carstunt
#physics
#gamingshorts
#viral
#beamngdriveshorts
#beamngdrivegame
#beamngphysics
#beamngcrash
#beamngmods
#carjumpchallenge
#supercarvs
#sleeperbuild
#fastcars
#cargaming
#drivinggame
#carlover
#gamingreels
#reelsgaming
#trendingshorts
#bngfrag",Red Big Electric Bus Vs Ramp | #shorts #gaming #beamngdrive #ramp #bus,2026-09-26T05:30:36Z,2026-09-26T05:30:36Z,Puj,top_level,,UgySiyvkMegNIGKctg54AaABAg,0,2026-09-26T15:02:43Z,2026-09-26T15:02:43Z,0,UCvlsjnTgcseHR4C3ElNhqQg,,0,0,youtube_20260926_1502,baseline_20260926_134704,2026-09-26T22:03:21.643950+07:00
youtube_c_UgySiyvkMegNIGKctg54AaABAg.AbDomeNqDWLAbE31J7Un7J,youtube,https://www.youtube.com/watch?v=mqLSNcfKJck,mqLSNcfKJck,"Red Big Electric Bus Vs Ramp | #shorts #gaming #beamngdrive #ramp #bus
Red Big Electric Bus Vs Ramp | #shorts #gaming #beamngdrive #ramp #bus 



Disclaimer:
This video contains original gameplay recorded by me. Music used in this Short is provided by YouTube. All game rights belong to their respective owners. For entertainment purposes only.

#beamngdrive
#beamng
#shorts
#youtubeshorts
#gaming
#cargame
#carjump
#supercar
#sleepercar
#carvscar
#carcrash
#carstunt
#physics
#gamingshorts
#viral
#beamngdriveshorts
#beamngdrivegame
#beamngphysics
#beamngcrash
#beamngmods
#carjumpchallenge
#supercarvs
#sleeperbuild
#fastcars
#cargaming
#drivinggame
#carlover
#gamingreels
#reelsgaming
#trendingshorts
#bngfrag",Red Big Electric Bus Vs Ramp | #shorts #gaming #beamngdrive #ramp #bus,2026-09-26T05:30:36Z,2026-09-26T05:30:36Z,😊,reply,UgySiyvkMegNIGKctg54AaABAg,UgySiyvkMegNIGKctg54AaABAg,1,2026-09-26T17:15:56Z,2026-09-26T17:15:56Z,1,UCXzWTPAKKNKHlLA7SDHPtVw,,0,0,youtube_20260927_0855,baseline_20260926_134704,2026-09-27T15:58:27.960633+07:00
youtube_c_Ugx0H8kR434M2w3fei94AaABAg,youtube,https://www.youtube.com/watch?v=n_60qRicdGY,n_60qRicdGY,XE BUÝT 33 VINBUS TPHCM:BXB KHU A ĐHQG TPHCM🔁BX AN SƯƠNG #shorts,XE BUÝT 33 VINBUS TPHCM:BXB KHU A ĐHQG TPHCM🔁BX AN SƯƠNG #shorts,2026-08-17T00:35:06Z,2026-08-17T00:35:06Z,❤,top_level,,Ugx0H8kR434M2w3fei94AaABAg,0,2026-08-17T02:56:39Z,2026-08-17T02:56:39Z,3,UCD0ZP3-Ajio00bd1MwmjaKw,,1,0,youtube_20260926_1347,baseline_20260926_134704,2026-09-26T21:04:40.930102+07:00
youtube_c_Ugx10ZGUl15s7ydRovJ4AaABAg,youtube,https://www.youtube.com/watch?v=nhiiDmPVfxk,nhiiDmPVfxk,"Electric Golden Dragon XML6125CLE ebus of Metropoline on Route 24 in Ramat HaSharon
24.09.2026, 07:31 (גרסת סרטון רגיל (Long-form version): https://youtu.be/DLStg0UVWQ8 ).

גולדן דרגון XML6125CLE חשמלי של מטרופולין מבצע קו 24 (ממסוף כרמלית תל אביב למסוף קדמה רמת השרון) ברח' בית הלל (on Beit Hillel st.)/בר יוחאי רמת השרון.

555-75-704; https://x.com/yoramkraus/status/2102974297635459330",Electric Golden Dragon XML6125CLE ebus of Metropoline on Route 24 in Ramat HaSharon,2026-09-26T10:20:02Z,2026-09-26T10:20:02Z,יש גם קו 21 לרמת השרון,top_level,,Ugx10ZGUl15s7ydRovJ4AaABAg,0,2026-09-26T10:52:48Z,2026-09-26T10:52:48Z,1,UCaixP1DN9fnoCcjY4JKGqFA,,0,0,youtube_20260926_1347,baseline_20260926_134704,2026-09-26T20:59:21.380753+07:00
youtube_c_Ugx10ZGUl15s7ydRovJ4AaABAg.AbDNBDSACedAbDPlNU8O2V,youtube,https://www.youtube.com/watch?v=nhiiDmPVfxk,nhiiDmPVfxk,"Electric Golden Dragon XML6125CLE ebus of Metropoline on Route 24 in Ramat HaSharon
24.09.2026, 07:31 (גרסת סרטון רגיל (Long-form version): https://youtu.be/DLStg0UVWQ8 ).

גולדן דרגון XML6125CLE חשמלי של מטרופולין מבצע קו 24 (ממסוף כרמלית תל אביב למסוף קדמה רמת השרון) ברח' בית הלל (on Beit Hillel st.)/בר יוחאי רמת השרון.

555-75-704; https://x.com/yoramkraus/status/2102974297635459330",Electric Golden Dragon XML6125CLE ebus of Metropoline on Route 24 in Ramat HaSharon,2026-09-26T10:20:02Z,2026-09-26T10:20:02Z,גם אותו צילמתי בהפרש של כמה דק'. אפרסם מתישהו,reply,Ugx10ZGUl15s7ydRovJ4AaABAg,Ugx10ZGUl15s7ydRovJ4AaABAg,1,2026-09-26T11:15:21Z,2026-09-26T11:15:21Z,0,UCXL_AYfMk2H4nEs_k1dwF2w,,0,0,youtube_20260926_1347,baseline_20260926_134704,2026-09-26T20:59:24.755805+07:00
youtube_c_Ugx10ZGUl15s7ydRovJ4AaABAg.AbDNBDSACedAbDRpUqI_Yd,youtube,https://www.youtube.com/watch?v=nhiiDmPVfxk,nhiiDmPVfxk,"Electric Golden Dragon XML6125CLE ebus of Metropoline on Route 24 in Ramat HaSharon
24.09.2026, 07:31 (גרסת סרטון רגיל (Long-form version): https://youtu.be/DLStg0UVWQ8 ).

גולדן דרגון XML6125CLE חשמלי של מטרופולין מבצע קו 24 (ממסוף כרמלית תל אביב למסוף קדמה רמת השרון) ברח' בית הלל (on Beit Hillel st.)/בר יוחאי רמת השרון.

555-75-704; https://x.com/yoramkraus/status/2102974297635459330",Electric Golden Dragon XML6125CLE ebus of Metropoline on Route 24 in Ramat HaSharon,2026-09-26T10:20:02Z,2026-09-26T10:20:02Z,​@il-pt_by_2dאתה רוצה שאפיקים תחזור להיות לבד?,reply,Ugx10ZGUl15s7ydRovJ4AaABAg,Ugx10ZGUl15s7ydRovJ4AaABAg,1,2026-09-26T11:33:23Z,2026-09-26T11:33:23Z,0,UC-85KGzWA5tBh7lpd_gmuUg,,0,0,youtube_20260926_1347,baseline_20260926_134704,2026-09-26T20:59:24.755805+07:00
youtube_c_UgyvVsJRe1b1Sa1Uu_B4AaABAg,youtube,https://www.youtube.com/watch?v=nhiiDmPVfxk,nhiiDmPVfxk,"Electric Golden Dragon XML6125CLE ebus of Metropoline on Route 24 in Ramat HaSharon
24.09.2026, 07:31 (גרסת סרטון רגיל (Long-form version): https://youtu.be/DLStg0UVWQ8 ).

גולדן דרגון XML6125CLE חשמלי של מטרופולין מבצע קו 24 (ממסוף כרמלית תל אביב למסוף קדמה רמת השרון) ברח' בית הלל (on Beit Hillel st.)/בר יוחאי רמת השרון.

555-75-704; https://x.com/yoramkraus/status/2102974297635459330",Electric Golden Dragon XML6125CLE ebus of Metropoline on Route 24 in Ramat HaSharon,2026-09-26T10:20:02Z,2026-09-26T10:20:02Z,תגיד אתה נוסע לאילת מחר בבוקר או בצהריים או בערב,top_level,,UgyvVsJRe1b1Sa1Uu_B4AaABAg,0,2026-09-26T13:32:07Z,2026-09-26T13:32:07Z,1,UCaixP1DN9fnoCcjY4JKGqFA,,0,0,youtube_20260926_1347,baseline_20260926_134704,2026-09-26T20:59:18.088296+07:00
youtube_c_UgyvVsJRe1b1Sa1Uu_B4AaABAg.AbDeQ7nWmA0AbDezoyGFOc,youtube,https://www.youtube.com/watch?v=nhiiDmPVfxk,nhiiDmPVfxk,"Electric Golden Dragon XML6125CLE ebus of Metropoline on Route 24 in Ramat HaSharon
24.09.2026, 07:31 (גרסת סרטון רגיל (Long-form version): https://youtu.be/DLStg0UVWQ8 ).

גולדן דרגון XML6125CLE חשמלי של מטרופולין מבצע קו 24 (ממסוף כרמלית תל אביב למסוף קדמה רמת השרון) ברח' בית הלל (on Beit Hillel st.)/בר יוחאי רמת השרון.

555-75-704; https://x.com/yoramkraus/status/2102974297635459330",Electric Golden Dragon XML6125CLE ebus of Metropoline on Route 24 in Ramat HaSharon,2026-09-26T10:20:02Z,2026-09-26T10:20:02Z,אני אמור לעלות מחר בתל אביב לקו 390 ב 8:30 או 9:00 ולעלות בחזרה מאילת ב 15:30,reply,UgyvVsJRe1b1Sa1Uu_B4AaABAg,UgyvVsJRe1b1Sa1Uu_B4AaABAg,1,2026-09-26T13:37:08Z,2026-09-26T13:37:08Z,0,UCXL_AYfMk2H4nEs_k1dwF2w,,0,0,youtube_20260926_1347,baseline_20260926_134704,2026-09-26T20:59:21.377946+07:00
youtube_c_UgwQh28rTGGKG9l7Dtl4AaABAg,youtube,https://www.youtube.com/watch?v=nwIGLELlQY4,nwIGLELlQY4,"VinBus Bất Ngờ Dừng Ứng Dụng Từ 1/9: Người Dùng Sẽ Chuyển Sang Green SM Ra Sao?
VinBus Bất Ngờ Dừng Ứng Dụng Từ 1/9: Người Dùng Sẽ Chuyển Sang Green SM Ra Sao? https://youtu.be/nwIGLELlQY4
✦ Đăng ký theo dõi kênh Độc Đáo TV: 》https://bit.ly/dkdocdaotv 《
----
Những ngày cuối tháng 8, người dùng khi mở ứng dụng VinBus bắt đầu nhận được một thông báo đáng chú ý. Ngay trên màn hình chính, VinBus hiển thị pop-up với tiêu đề “Thông báo dừng hoạt động ứng dụng VinBus”.

• Nguồn: https://bom.so/LQ9Not
----
✦ Liên hệ quảng cáo:
- Hotline: 0964.002.593 (Mr. Nghia)
- Fanpage: https://fb.com/docdaotv
- Website: https://quangcaoytb.com/
✮ ✮ ✮ ✮ ✮ ✮ ✮ ✮ ✮ ✮ 
----
✪ Cảm ơn các bạn đã theo dõi, cmt để lại ý kiến nhận xét để Độc Đáo TV cố gắng hoàn thiện hơn trong các sản phẩm khác nhé!
✪ Mọi vấn đề cần trao đổi về nội dung video, bản quyền, vui lòng liên hệ SĐT: 0964.002.593 (Mr. Nghia)
► This music was buy from: https://1.envato.market/OR7kKQ

#docdaotv #passionstudio #kinhdoanh

🔻🔻🔻🔻🔻🔻🔻🔻🔻🔻🔻🔻🔻🔻🔻🔻
✅ Sản xuất video quảng cáo theo yêu cầu: https://quangcaoytb.com/
✅ Săn mã khuyến mại:  https://docdaotv.koc.asia/",VinBus Bất Ngờ Dừng Ứng Dụng Từ 1/9: Người Dùng Sẽ Chuyển Sang Green SM Ra Sao?,2026-08-27T11:00:06Z,2026-08-27T11:00:06Z,"VinBus Bất Ngờ Dừng Ứng Dụng Từ 1/9: Người Dùng Sẽ Chuyển Sang Green SM Ra Sao? https://youtu.be/nwIGLELlQY4
✦ Đăng ký theo dõi kênh Độc Đáo TV: 》https://bit.ly/dkdocdaotv 《",top_level,,UgwQh28rTGGKG9l7Dtl4AaABAg,0,2026-08-27T10:38:34Z,2026-08-27T10:38:34Z,0,UCzwytnAtK-ImRW0T4V0PkXQ,"transport_impact,electric_bus",0,0,youtube_20260926_1347,baseline_20260926_134704,2026-09-26T21:04:27.742225+07:00
youtube_c_Ugw1ywXB49SdXwO1GTR4AaABAg,youtube,https://www.youtube.com/watch?v=o5hjDTBi694,o5hjDTBi694,"DÂN THÁI LAN CAY ĐẮNG NHÌN CẢNH DOANH NGHIỆP VIỆT NAM &quot;THỊ UY&quot; XE BUS ĐIỆN GIỮA LÒNG BANGKOK
👉 Khám phá ngay Tủ sách số và Audio book Thực chiến tại hệ thống Sơn Hải Nguyễn. Chỉ 15 phút nghe mỗi ngày, bạn sẽ có ngay tư duy sắc bén để xử lý gọn gàng những góc khuất đời thường và công sở.

👉 Truy cập ngay sonhainguyen.com để khám phá thêm kho công cụ và tài liệu hỗ trợ cho công việc và nâng cao kỹ năng làm việc của bạn
---------------------------------
Một đất nước có năng lực sản xuất khoảng 1,5 triệu ô tô mỗi năm, sở hữu hàng loạt nhà máy của Toyota, Honda, Isuzu hay Mitsubishi, giờ lại chứng kiến Kim Long Motor của Việt Nam mang xe buýt điện sang Bangkok, tổ chức lễ ra mắt và ký những đơn hàng hàng trăm chiếc ngay trên sân nhà của ngành ô tô Thái.

Câu chuyện càng đáng chú ý bởi trong nhiều năm, Việt Nam thường được xem là người đi sau trong ngành công nghiệp ô tô khu vực. Nhưng chỉ trong một thời gian ngắn, doanh nghiệp Việt đã bắt đầu xuất hiện ở những phân khúc mới như xe điện, xe buýt và phương tiện thương mại xanh.

Một số tư liệu được sử dụng trong video thuộc về các chủ sở hữu đáng kính. Mọi vấn đề liên quan đến bản quyền, vui lòng liên hệ: battlecry.vn@gmail.com.
Some of the materials used in the video belongs to the rightful owners. All Copyrights related issues should be sent to battlecry.vn@gmail.com. Thank you.

#battlecry #khampha #kinhte #dialy",DÂN THÁI LAN CAY ĐẮNG NHÌN CẢNH DOANH NGHIỆP VIỆT NAM &quot;THỊ UY&quot; XE BUS ĐIỆN GIỮA LÒNG BANGKOK,2026-09-21T05:18:24Z,2026-09-21T05:18:24Z,金龙？一个很久远的品牌了,top_level,,Ugw1ywXB49SdXwO1GTR4AaABAg,0,2026-09-21T11:30:31Z,2026-09-21T11:30:31Z,0,UCGmCchs_koTNN8Ixgzcl77g,,0,0,youtube_20260926_1347,baseline_20260926_134704,2026-09-26T20:47:55.836705+07:00
youtube_c_Ugw8jMH80KhuCnQ_9-F4AaABAg,youtube,https://www.youtube.com/watch?v=o5hjDTBi694,o5hjDTBi694,"DÂN THÁI LAN CAY ĐẮNG NHÌN CẢNH DOANH NGHIỆP VIỆT NAM &quot;THỊ UY&quot; XE BUS ĐIỆN GIỮA LÒNG BANGKOK
👉 Khám phá ngay Tủ sách số và Audio book Thực chiến tại hệ thống Sơn Hải Nguyễn. Chỉ 15 phút nghe mỗi ngày, bạn sẽ có ngay tư duy sắc bén để xử lý gọn gàng những góc khuất đời thường và công sở.

👉 Truy cập ngay sonhainguyen.com để khám phá thêm kho công cụ và tài liệu hỗ trợ cho công việc và nâng cao kỹ năng làm việc của bạn
---------------------------------
Một đất nước có năng lực sản xuất khoảng 1,5 triệu ô tô mỗi năm, sở hữu hàng loạt nhà máy của Toyota, Honda, Isuzu hay Mitsubishi, giờ lại chứng kiến Kim Long Motor của Việt Nam mang xe buýt điện sang Bangkok, tổ chức lễ ra mắt và ký những đơn hàng hàng trăm chiếc ngay trên sân nhà của ngành ô tô Thái.

Câu chuyện càng đáng chú ý bởi trong nhiều năm, Việt Nam thường được xem là người đi sau trong ngành công nghiệp ô tô khu vực. Nhưng chỉ trong một thời gian ngắn, doanh nghiệp Việt đã bắt đầu xuất hiện ở những phân khúc mới như xe điện, xe buýt và phương tiện thương mại xanh.

Một số tư liệu được sử dụng trong video thuộc về các chủ sở hữu đáng kính. Mọi vấn đề liên quan đến bản quyền, vui lòng liên hệ: battlecry.vn@gmail.com.
Some of the materials used in the video belongs to the rightful owners. All Copyrights related issues should be sent to battlecry.vn@gmail.com. Thank you.

#battlecry #khampha #kinhte #dialy",DÂN THÁI LAN CAY ĐẮNG NHÌN CẢNH DOANH NGHIỆP VIỆT NAM &quot;THỊ UY&quot; XE BUS ĐIỆN GIỮA LÒNG BANGKOK,2026-09-21T05:18:24Z,2026-09-21T05:18:24Z,Kim long gốc tàu mà?,top_level,,Ugw8jMH80KhuCnQ_9-F4AaABAg,0,2026-09-21T12:44:04Z,2026-09-21T12:44:04Z,1,UCaM5S9dSRRynwVebT4Yqoew,,0,0,youtube_20260926_1347,baseline_20260926_134704,2026-09-26T20:47:55.835233+07:00
youtube_c_Ugw96PG4M6zXUzIGlLV4AaABAg,youtube,https://www.youtube.com/watch?v=o5hjDTBi694,o5hjDTBi694,"DÂN THÁI LAN CAY ĐẮNG NHÌN CẢNH DOANH NGHIỆP VIỆT NAM &quot;THỊ UY&quot; XE BUS ĐIỆN GIỮA LÒNG BANGKOK
👉 Khám phá ngay Tủ sách số và Audio book Thực chiến tại hệ thống Sơn Hải Nguyễn. Chỉ 15 phút nghe mỗi ngày, bạn sẽ có ngay tư duy sắc bén để xử lý gọn gàng những góc khuất đời thường và công sở.

👉 Truy cập ngay sonhainguyen.com để khám phá thêm kho công cụ và tài liệu hỗ trợ cho công việc và nâng cao kỹ năng làm việc của bạn
---------------------------------
Một đất nước có năng lực sản xuất khoảng 1,5 triệu ô tô mỗi năm, sở hữu hàng loạt nhà máy của Toyota, Honda, Isuzu hay Mitsubishi, giờ lại chứng kiến Kim Long Motor của Việt Nam mang xe buýt điện sang Bangkok, tổ chức lễ ra mắt và ký những đơn hàng hàng trăm chiếc ngay trên sân nhà của ngành ô tô Thái.

Câu chuyện càng đáng chú ý bởi trong nhiều năm, Việt Nam thường được xem là người đi sau trong ngành công nghiệp ô tô khu vực. Nhưng chỉ trong một thời gian ngắn, doanh nghiệp Việt đã bắt đầu xuất hiện ở những phân khúc mới như xe điện, xe buýt và phương tiện thương mại xanh.

Một số tư liệu được sử dụng trong video thuộc về các chủ sở hữu đáng kính. Mọi vấn đề liên quan đến bản quyền, vui lòng liên hệ: battlecry.vn@gmail.com.
Some of the materials used in the video belongs to the rightful owners. All Copyrights related issues should be sent to battlecry.vn@gmail.com. Thank you.

#battlecry #khampha #kinhte #dialy",DÂN THÁI LAN CAY ĐẮNG NHÌN CẢNH DOANH NGHIỆP VIỆT NAM &quot;THỊ UY&quot; XE BUS ĐIỆN GIỮA LÒNG BANGKOK,2026-09-21T05:18:24Z,2026-09-21T05:18:24Z,"Xe này của Trung Quốc lắp ráp ckd tại việt nam nhé, không phải xe của Việt Nam",top_level,,Ugw96PG4M6zXUzIGlLV4AaABAg,0,2026-09-21T07:51:37Z,2026-09-21T07:51:37Z,0,UCBF0u90aknUmxY0Fgf9pxJg,,0,0,youtube_20260926_1347,baseline_20260926_134704,2026-09-26T20:48:29.253031+07:00
youtube_c_Ugw96PG4M6zXUzIGlLV4AaABAg.Ab0ATozsrzKAb0E1Y6P2zh,youtube,https://www.youtube.com/watch?v=o5hjDTBi694,o5hjDTBi694,"DÂN THÁI LAN CAY ĐẮNG NHÌN CẢNH DOANH NGHIỆP VIỆT NAM &quot;THỊ UY&quot; XE BUS ĐIỆN GIỮA LÒNG BANGKOK
👉 Khám phá ngay Tủ sách số và Audio book Thực chiến tại hệ thống Sơn Hải Nguyễn. Chỉ 15 phút nghe mỗi ngày, bạn sẽ có ngay tư duy sắc bén để xử lý gọn gàng những góc khuất đời thường và công sở.

👉 Truy cập ngay sonhainguyen.com để khám phá thêm kho công cụ và tài liệu hỗ trợ cho công việc và nâng cao kỹ năng làm việc của bạn
---------------------------------
Một đất nước có năng lực sản xuất khoảng 1,5 triệu ô tô mỗi năm, sở hữu hàng loạt nhà máy của Toyota, Honda, Isuzu hay Mitsubishi, giờ lại chứng kiến Kim Long Motor của Việt Nam mang xe buýt điện sang Bangkok, tổ chức lễ ra mắt và ký những đơn hàng hàng trăm chiếc ngay trên sân nhà của ngành ô tô Thái.

Câu chuyện càng đáng chú ý bởi trong nhiều năm, Việt Nam thường được xem là người đi sau trong ngành công nghiệp ô tô khu vực. Nhưng chỉ trong một thời gian ngắn, doanh nghiệp Việt đã bắt đầu xuất hiện ở những phân khúc mới như xe điện, xe buýt và phương tiện thương mại xanh.

Một số tư liệu được sử dụng trong video thuộc về các chủ sở hữu đáng kính. Mọi vấn đề liên quan đến bản quyền, vui lòng liên hệ: battlecry.vn@gmail.com.
Some of the materials used in the video belongs to the rightful owners. All Copyrights related issues should be sent to battlecry.vn@gmail.com. Thank you.

#battlecry #khampha #kinhte #dialy",DÂN THÁI LAN CAY ĐẮNG NHÌN CẢNH DOANH NGHIỆP VIỆT NAM &quot;THỊ UY&quot; XE BUS ĐIỆN GIỮA LÒNG BANGKOK,2026-09-21T05:18:24Z,2026-09-21T05:18:24Z,Hãng việt nam nhé ko phải lắp nguyên chiếc,reply,Ugw96PG4M6zXUzIGlLV4AaABAg,Ugw96PG4M6zXUzIGlLV4AaABAg,1,2026-09-21T08:22:42Z,2026-09-21T08:22:42Z,1,UCNKo8_Uxh8JShUMA10wJq2A,,0,0,youtube_20260926_1347,baseline_20260926_134704,2026-09-26T20:48:32.532956+07:00
youtube_c_Ugw96PG4M6zXUzIGlLV4AaABAg.Ab0ATozsrzKAb0e5rE5nqM,youtube,https://www.youtube.com/watch?v=o5hjDTBi694,o5hjDTBi694,"DÂN THÁI LAN CAY ĐẮNG NHÌN CẢNH DOANH NGHIỆP VIỆT NAM &quot;THỊ UY&quot; XE BUS ĐIỆN GIỮA LÒNG BANGKOK
👉 Khám phá ngay Tủ sách số và Audio book Thực chiến tại hệ thống Sơn Hải Nguyễn. Chỉ 15 phút nghe mỗi ngày, bạn sẽ có ngay tư duy sắc bén để xử lý gọn gàng những góc khuất đời thường và công sở.

👉 Truy cập ngay sonhainguyen.com để khám phá thêm kho công cụ và tài liệu hỗ trợ cho công việc và nâng cao kỹ năng làm việc của bạn
---------------------------------
Một đất nước có năng lực sản xuất khoảng 1,5 triệu ô tô mỗi năm, sở hữu hàng loạt nhà máy của Toyota, Honda, Isuzu hay Mitsubishi, giờ lại chứng kiến Kim Long Motor của Việt Nam mang xe buýt điện sang Bangkok, tổ chức lễ ra mắt và ký những đơn hàng hàng trăm chiếc ngay trên sân nhà của ngành ô tô Thái.

Câu chuyện càng đáng chú ý bởi trong nhiều năm, Việt Nam thường được xem là người đi sau trong ngành công nghiệp ô tô khu vực. Nhưng chỉ trong một thời gian ngắn, doanh nghiệp Việt đã bắt đầu xuất hiện ở những phân khúc mới như xe điện, xe buýt và phương tiện thương mại xanh.

Một số tư liệu được sử dụng trong video thuộc về các chủ sở hữu đáng kính. Mọi vấn đề liên quan đến bản quyền, vui lòng liên hệ: battlecry.vn@gmail.com.
Some of the materials used in the video belongs to the rightful owners. All Copyrights related issues should be sent to battlecry.vn@gmail.com. Thank you.

#battlecry #khampha #kinhte #dialy",DÂN THÁI LAN CAY ĐẮNG NHÌN CẢNH DOANH NGHIỆP VIỆT NAM &quot;THỊ UY&quot; XE BUS ĐIỆN GIỮA LÒNG BANGKOK,2026-09-21T05:18:24Z,2026-09-21T05:18:24Z,Nhưng mà nếu có lắp ráp thì sao ? Công nghệ là của cty nào trung quốc nói luôn ?,reply,Ugw96PG4M6zXUzIGlLV4AaABAg,Ugw96PG4M6zXUzIGlLV4AaABAg,1,2026-09-21T12:19:13Z,2026-09-21T12:19:13Z,1,UCKwc38u0idpHLkDRLzdQdnA,,0,0,youtube_20260926_1347,baseline_20260926_134704,2026-09-26T20:48:32.532956+07:00
youtube_c_UgwABjKrOVNtuiVBzNR4AaABAg,youtube,https://www.youtube.com/watch?v=o5hjDTBi694,o5hjDTBi694,"DÂN THÁI LAN CAY ĐẮNG NHÌN CẢNH DOANH NGHIỆP VIỆT NAM &quot;THỊ UY&quot; XE BUS ĐIỆN GIỮA LÒNG BANGKOK
👉 Khám phá ngay Tủ sách số và Audio book Thực chiến tại hệ thống Sơn Hải Nguyễn. Chỉ 15 phút nghe mỗi ngày, bạn sẽ có ngay tư duy sắc bén để xử lý gọn gàng những góc khuất đời thường và công sở.

👉 Truy cập ngay sonhainguyen.com để khám phá thêm kho công cụ và tài liệu hỗ trợ cho công việc và nâng cao kỹ năng làm việc của bạn
---------------------------------
Một đất nước có năng lực sản xuất khoảng 1,5 triệu ô tô mỗi năm, sở hữu hàng loạt nhà máy của Toyota, Honda, Isuzu hay Mitsubishi, giờ lại chứng kiến Kim Long Motor của Việt Nam mang xe buýt điện sang Bangkok, tổ chức lễ ra mắt và ký những đơn hàng hàng trăm chiếc ngay trên sân nhà của ngành ô tô Thái.

Câu chuyện càng đáng chú ý bởi trong nhiều năm, Việt Nam thường được xem là người đi sau trong ngành công nghiệp ô tô khu vực. Nhưng chỉ trong một thời gian ngắn, doanh nghiệp Việt đã bắt đầu xuất hiện ở những phân khúc mới như xe điện, xe buýt và phương tiện thương mại xanh.

Một số tư liệu được sử dụng trong video thuộc về các chủ sở hữu đáng kính. Mọi vấn đề liên quan đến bản quyền, vui lòng liên hệ: battlecry.vn@gmail.com.
Some of the materials used in the video belongs to the rightful owners. All Copyrights related issues should be sent to battlecry.vn@gmail.com. Thank you.

#battlecry #khampha #kinhte #dialy",DÂN THÁI LAN CAY ĐẮNG NHÌN CẢNH DOANH NGHIỆP VIỆT NAM &quot;THỊ UY&quot; XE BUS ĐIỆN GIỮA LÒNG BANGKOK,2026-09-21T05:18:24Z,2026-09-21T05:18:24Z,"đi làm thuê bao năm, thật chí còn có các nhà máy sx linh kiện cho oto, mà lại không học hỏi được gì để tự làm xe cho chính mình thì quá kém cỏi",top_level,,UgwABjKrOVNtuiVBzNR4AaABAg,0,2026-09-21T06:30:07Z,2026-09-21T06:30:07Z,1,UCLwPJQRuDb7eYGCEYX974QQ,transport_impact,0,0,youtube_20260926_1347,baseline_20260926_134704,2026-09-26T20:49:12.076037+07:00
youtube_c_UgwABjKrOVNtuiVBzNR4AaABAg.Ab019-Pei2TAb01r4hHl_z,youtube,https://www.youtube.com/watch?v=o5hjDTBi694,o5hjDTBi694,"DÂN THÁI LAN CAY ĐẮNG NHÌN CẢNH DOANH NGHIỆP VIỆT NAM &quot;THỊ UY&quot; XE BUS ĐIỆN GIỮA LÒNG BANGKOK
👉 Khám phá ngay Tủ sách số và Audio book Thực chiến tại hệ thống Sơn Hải Nguyễn. Chỉ 15 phút nghe mỗi ngày, bạn sẽ có ngay tư duy sắc bén để xử lý gọn gàng những góc khuất đời thường và công sở.

👉 Truy cập ngay sonhainguyen.com để khám phá thêm kho công cụ và tài liệu hỗ trợ cho công việc và nâng cao kỹ năng làm việc của bạn
---------------------------------
Một đất nước có năng lực sản xuất khoảng 1,5 triệu ô tô mỗi năm, sở hữu hàng loạt nhà máy của Toyota, Honda, Isuzu hay Mitsubishi, giờ lại chứng kiến Kim Long Motor của Việt Nam mang xe buýt điện sang Bangkok, tổ chức lễ ra mắt và ký những đơn hàng hàng trăm chiếc ngay trên sân nhà của ngành ô tô Thái.

Câu chuyện càng đáng chú ý bởi trong nhiều năm, Việt Nam thường được xem là người đi sau trong ngành công nghiệp ô tô khu vực. Nhưng chỉ trong một thời gian ngắn, doanh nghiệp Việt đã bắt đầu xuất hiện ở những phân khúc mới như xe điện, xe buýt và phương tiện thương mại xanh.

Một số tư liệu được sử dụng trong video thuộc về các chủ sở hữu đáng kính. Mọi vấn đề liên quan đến bản quyền, vui lòng liên hệ: battlecry.vn@gmail.com.
Some of the materials used in the video belongs to the rightful owners. All Copyrights related issues should be sent to battlecry.vn@gmail.com. Thank you.

#battlecry #khampha #kinhte #dialy",DÂN THÁI LAN CAY ĐẮNG NHÌN CẢNH DOANH NGHIỆP VIỆT NAM &quot;THỊ UY&quot; XE BUS ĐIỆN GIỮA LÒNG BANGKOK,2026-09-21T05:18:24Z,2026-09-21T05:18:24Z,"Có, họ từng có là thương hiệu mine oto gì đó của Absolute Energy. Nma vì tâm lý của họ y chang VN ban đầu Vinfast mở bán nên họk còn nữa.",reply,UgwABjKrOVNtuiVBzNR4AaABAg,UgwABjKrOVNtuiVBzNR4AaABAg,1,2026-09-21T06:36:17Z,2026-09-21T06:36:17Z,0,UCt8j9-MKSo18JDfWuRA7-cg,,0,0,youtube_20260926_1347,baseline_20260926_134704,2026-09-26T20:49:15.339370+07:00
youtube_c_UgwABjKrOVNtuiVBzNR4AaABAg.Ab019-Pei2TAb01suEII2j,youtube,https://www.youtube.com/watch?v=o5hjDTBi694,o5hjDTBi694,"DÂN THÁI LAN CAY ĐẮNG NHÌN CẢNH DOANH NGHIỆP VIỆT NAM &quot;THỊ UY&quot; XE BUS ĐIỆN GIỮA LÒNG BANGKOK
👉 Khám phá ngay Tủ sách số và Audio book Thực chiến tại hệ thống Sơn Hải Nguyễn. Chỉ 15 phút nghe mỗi ngày, bạn sẽ có ngay tư duy sắc bén để xử lý gọn gàng những góc khuất đời thường và công sở.

👉 Truy cập ngay sonhainguyen.com để khám phá thêm kho công cụ và tài liệu hỗ trợ cho công việc và nâng cao kỹ năng làm việc của bạn
---------------------------------
Một đất nước có năng lực sản xuất khoảng 1,5 triệu ô tô mỗi năm, sở hữu hàng loạt nhà máy của Toyota, Honda, Isuzu hay Mitsubishi, giờ lại chứng kiến Kim Long Motor của Việt Nam mang xe buýt điện sang Bangkok, tổ chức lễ ra mắt và ký những đơn hàng hàng trăm chiếc ngay trên sân nhà của ngành ô tô Thái.

Câu chuyện càng đáng chú ý bởi trong nhiều năm, Việt Nam thường được xem là người đi sau trong ngành công nghiệp ô tô khu vực. Nhưng chỉ trong một thời gian ngắn, doanh nghiệp Việt đã bắt đầu xuất hiện ở những phân khúc mới như xe điện, xe buýt và phương tiện thương mại xanh.

Một số tư liệu được sử dụng trong video thuộc về các chủ sở hữu đáng kính. Mọi vấn đề liên quan đến bản quyền, vui lòng liên hệ: battlecry.vn@gmail.com.
Some of the materials used in the video belongs to the rightful owners. All Copyrights related issues should be sent to battlecry.vn@gmail.com. Thank you.

#battlecry #khampha #kinhte #dialy",DÂN THÁI LAN CAY ĐẮNG NHÌN CẢNH DOANH NGHIỆP VIỆT NAM &quot;THỊ UY&quot; XE BUS ĐIỆN GIỮA LÒNG BANGKOK,2026-09-21T05:18:24Z,2026-09-21T05:18:24Z,Giống kiểu Vinaxuki của VN v á,reply,UgwABjKrOVNtuiVBzNR4AaABAg,UgwABjKrOVNtuiVBzNR4AaABAg,1,2026-09-21T06:36:32Z,2026-09-21T06:36:32Z,0,UCt8j9-MKSo18JDfWuRA7-cg,,0,0,youtube_20260926_1347,baseline_20260926_134704,2026-09-26T20:49:15.339370+07:00
youtube_c_UgwBkTzgvjY_gWf0ob54AaABAg,youtube,https://www.youtube.com/watch?v=o5hjDTBi694,o5hjDTBi694,"DÂN THÁI LAN CAY ĐẮNG NHÌN CẢNH DOANH NGHIỆP VIỆT NAM &quot;THỊ UY&quot; XE BUS ĐIỆN GIỮA LÒNG BANGKOK
👉 Khám phá ngay Tủ sách số và Audio book Thực chiến tại hệ thống Sơn Hải Nguyễn. Chỉ 15 phút nghe mỗi ngày, bạn sẽ có ngay tư duy sắc bén để xử lý gọn gàng những góc khuất đời thường và công sở.

👉 Truy cập ngay sonhainguyen.com để khám phá thêm kho công cụ và tài liệu hỗ trợ cho công việc và nâng cao kỹ năng làm việc của bạn
---------------------------------
Một đất nước có năng lực sản xuất khoảng 1,5 triệu ô tô mỗi năm, sở hữu hàng loạt nhà máy của Toyota, Honda, Isuzu hay Mitsubishi, giờ lại chứng kiến Kim Long Motor của Việt Nam mang xe buýt điện sang Bangkok, tổ chức lễ ra mắt và ký những đơn hàng hàng trăm chiếc ngay trên sân nhà của ngành ô tô Thái.

Câu chuyện càng đáng chú ý bởi trong nhiều năm, Việt Nam thường được xem là người đi sau trong ngành công nghiệp ô tô khu vực. Nhưng chỉ trong một thời gian ngắn, doanh nghiệp Việt đã bắt đầu xuất hiện ở những phân khúc mới như xe điện, xe buýt và phương tiện thương mại xanh.

Một số tư liệu được sử dụng trong video thuộc về các chủ sở hữu đáng kính. Mọi vấn đề liên quan đến bản quyền, vui lòng liên hệ: battlecry.vn@gmail.com.
Some of the materials used in the video belongs to the rightful owners. All Copyrights related issues should be sent to battlecry.vn@gmail.com. Thank you.

#battlecry #khampha #kinhte #dialy",DÂN THÁI LAN CAY ĐẮNG NHÌN CẢNH DOANH NGHIỆP VIỆT NAM &quot;THỊ UY&quot; XE BUS ĐIỆN GIỮA LÒNG BANGKOK,2026-09-21T05:18:24Z,2026-09-21T05:18:24Z,vua Thái qua thăm Việt Nam là cũng hiểu rồi,top_level,,UgwBkTzgvjY_gWf0ob54AaABAg,0,2026-09-21T13:03:56Z,2026-09-21T13:03:56Z,1,UCFA0rXIEbgPFdP0Dnl7Sqig,,0,0,youtube_20260926_1347,baseline_20260926_134704,2026-09-26T20:47:55.829818+07:00
youtube_c_UgwCv2RCGBVA7nm7xj54AaABAg,youtube,https://www.youtube.com/watch?v=o5hjDTBi694,o5hjDTBi694,"DÂN THÁI LAN CAY ĐẮNG NHÌN CẢNH DOANH NGHIỆP VIỆT NAM &quot;THỊ UY&quot; XE BUS ĐIỆN GIỮA LÒNG BANGKOK
👉 Khám phá ngay Tủ sách số và Audio book Thực chiến tại hệ thống Sơn Hải Nguyễn. Chỉ 15 phút nghe mỗi ngày, bạn sẽ có ngay tư duy sắc bén để xử lý gọn gàng những góc khuất đời thường và công sở.

👉 Truy cập ngay sonhainguyen.com để khám phá thêm kho công cụ và tài liệu hỗ trợ cho công việc và nâng cao kỹ năng làm việc của bạn
---------------------------------
Một đất nước có năng lực sản xuất khoảng 1,5 triệu ô tô mỗi năm, sở hữu hàng loạt nhà máy của Toyota, Honda, Isuzu hay Mitsubishi, giờ lại chứng kiến Kim Long Motor của Việt Nam mang xe buýt điện sang Bangkok, tổ chức lễ ra mắt và ký những đơn hàng hàng trăm chiếc ngay trên sân nhà của ngành ô tô Thái.

Câu chuyện càng đáng chú ý bởi trong nhiều năm, Việt Nam thường được xem là người đi sau trong ngành công nghiệp ô tô khu vực. Nhưng chỉ trong một thời gian ngắn, doanh nghiệp Việt đã bắt đầu xuất hiện ở những phân khúc mới như xe điện, xe buýt và phương tiện thương mại xanh.

Một số tư liệu được sử dụng trong video thuộc về các chủ sở hữu đáng kính. Mọi vấn đề liên quan đến bản quyền, vui lòng liên hệ: battlecry.vn@gmail.com.
Some of the materials used in the video belongs to the rightful owners. All Copyrights related issues should be sent to battlecry.vn@gmail.com. Thank you.

#battlecry #khampha #kinhte #dialy",DÂN THÁI LAN CAY ĐẮNG NHÌN CẢNH DOANH NGHIỆP VIỆT NAM &quot;THỊ UY&quot; XE BUS ĐIỆN GIỮA LÒNG BANGKOK,2026-09-21T05:18:24Z,2026-09-21T05:18:24Z,"AD đi buýt điện của KIM LONG chưa nhờ :) trên đó vẫn còn đầy chữ TQ đấy. Tới cái tên cty cũng chỉ đơn giản là ""Việt sub"" từ tên gốc của nó là Golden Dragon thôi ad à. Đây hoàn toàn là xe TQ, VN chỉ có ráp thôi :)",top_level,,UgwCv2RCGBVA7nm7xj54AaABAg,0,2026-09-21T07:43:51Z,2026-09-21T07:43:51Z,1,UC7FyLKaU-S-gnCsltG-mbFQ,"transport_impact,electric_bus",0,0,youtube_20260926_1347,baseline_20260926_134704,2026-09-26T20:48:35.810049+07:00
youtube_c_UgwDQ7JF4k_VQw8esHl4AaABAg,youtube,https://www.youtube.com/watch?v=o5hjDTBi694,o5hjDTBi694,"DÂN THÁI LAN CAY ĐẮNG NHÌN CẢNH DOANH NGHIỆP VIỆT NAM &quot;THỊ UY&quot; XE BUS ĐIỆN GIỮA LÒNG BANGKOK
👉 Khám phá ngay Tủ sách số và Audio book Thực chiến tại hệ thống Sơn Hải Nguyễn. Chỉ 15 phút nghe mỗi ngày, bạn sẽ có ngay tư duy sắc bén để xử lý gọn gàng những góc khuất đời thường và công sở.

👉 Truy cập ngay sonhainguyen.com để khám phá thêm kho công cụ và tài liệu hỗ trợ cho công việc và nâng cao kỹ năng làm việc của bạn
---------------------------------
Một đất nước có năng lực sản xuất khoảng 1,5 triệu ô tô mỗi năm, sở hữu hàng loạt nhà máy của Toyota, Honda, Isuzu hay Mitsubishi, giờ lại chứng kiến Kim Long Motor của Việt Nam mang xe buýt điện sang Bangkok, tổ chức lễ ra mắt và ký những đơn hàng hàng trăm chiếc ngay trên sân nhà của ngành ô tô Thái.

Câu chuyện càng đáng chú ý bởi trong nhiều năm, Việt Nam thường được xem là người đi sau trong ngành công nghiệp ô tô khu vực. Nhưng chỉ trong một thời gian ngắn, doanh nghiệp Việt đã bắt đầu xuất hiện ở những phân khúc mới như xe điện, xe buýt và phương tiện thương mại xanh.

Một số tư liệu được sử dụng trong video thuộc về các chủ sở hữu đáng kính. Mọi vấn đề liên quan đến bản quyền, vui lòng liên hệ: battlecry.vn@gmail.com.
Some of the materials used in the video belongs to the rightful owners. All Copyrights related issues should be sent to battlecry.vn@gmail.com. Thank you.

#battlecry #khampha #kinhte #dialy",DÂN THÁI LAN CAY ĐẮNG NHÌN CẢNH DOANH NGHIỆP VIỆT NAM &quot;THỊ UY&quot; XE BUS ĐIỆN GIỮA LÒNG BANGKOK,2026-09-21T05:18:24Z,2026-09-21T05:18:24Z,xữa có nhận giặc làm cha: giờ có lạ nội địa bợ,top_level,,UgwDQ7JF4k_VQw8esHl4AaABAg,0,2026-09-21T08:36:40Z,2026-09-21T08:36:40Z,1,UCwivSQ57beUxMLCfx--Rq_A,,0,0,youtube_20260926_1347,baseline_20260926_134704,2026-09-26T20:48:22.685920+07:00
youtube_c_UgwEojSjjMZicZDZWTZ4AaABAg,youtube,https://www.youtube.com/watch?v=o5hjDTBi694,o5hjDTBi694,"DÂN THÁI LAN CAY ĐẮNG NHÌN CẢNH DOANH NGHIỆP VIỆT NAM &quot;THỊ UY&quot; XE BUS ĐIỆN GIỮA LÒNG BANGKOK
👉 Khám phá ngay Tủ sách số và Audio book Thực chiến tại hệ thống Sơn Hải Nguyễn. Chỉ 15 phút nghe mỗi ngày, bạn sẽ có ngay tư duy sắc bén để xử lý gọn gàng những góc khuất đời thường và công sở.

👉 Truy cập ngay sonhainguyen.com để khám phá thêm kho công cụ và tài liệu hỗ trợ cho công việc và nâng cao kỹ năng làm việc của bạn
---------------------------------
Một đất nước có năng lực sản xuất khoảng 1,5 triệu ô tô mỗi năm, sở hữu hàng loạt nhà máy của Toyota, Honda, Isuzu hay Mitsubishi, giờ lại chứng kiến Kim Long Motor của Việt Nam mang xe buýt điện sang Bangkok, tổ chức lễ ra mắt và ký những đơn hàng hàng trăm chiếc ngay trên sân nhà của ngành ô tô Thái.

Câu chuyện càng đáng chú ý bởi trong nhiều năm, Việt Nam thường được xem là người đi sau trong ngành công nghiệp ô tô khu vực. Nhưng chỉ trong một thời gian ngắn, doanh nghiệp Việt đã bắt đầu xuất hiện ở những phân khúc mới như xe điện, xe buýt và phương tiện thương mại xanh.

Một số tư liệu được sử dụng trong video thuộc về các chủ sở hữu đáng kính. Mọi vấn đề liên quan đến bản quyền, vui lòng liên hệ: battlecry.vn@gmail.com.
Some of the materials used in the video belongs to the rightful owners. All Copyrights related issues should be sent to battlecry.vn@gmail.com. Thank you.

#battlecry #khampha #kinhte #dialy",DÂN THÁI LAN CAY ĐẮNG NHÌN CẢNH DOANH NGHIỆP VIỆT NAM &quot;THỊ UY&quot; XE BUS ĐIỆN GIỮA LÒNG BANGKOK,2026-09-21T05:18:24Z,2026-09-21T05:18:24Z,Kim Long thì cũng dạng chuyển giá từ Trung Quốc rồi xuất qua Thái Lan thôi,top_level,,UgwEojSjjMZicZDZWTZ4AaABAg,0,2026-09-21T08:58:41Z,2026-09-21T08:58:41Z,1,UCTVYFd9gYQn-pKd-G_OqUDA,,0,0,youtube_20260926_1347,baseline_20260926_134704,2026-09-26T20:48:16.043419+07:00
youtube_c_UgwEojSjjMZicZDZWTZ4AaABAg.Ab0I947FguKAb0JxENYcwG,youtube,https://www.youtube.com/watch?v=o5hjDTBi694,o5hjDTBi694,"DÂN THÁI LAN CAY ĐẮNG NHÌN CẢNH DOANH NGHIỆP VIỆT NAM &quot;THỊ UY&quot; XE BUS ĐIỆN GIỮA LÒNG BANGKOK
👉 Khám phá ngay Tủ sách số và Audio book Thực chiến tại hệ thống Sơn Hải Nguyễn. Chỉ 15 phút nghe mỗi ngày, bạn sẽ có ngay tư duy sắc bén để xử lý gọn gàng những góc khuất đời thường và công sở.

👉 Truy cập ngay sonhainguyen.com để khám phá thêm kho công cụ và tài liệu hỗ trợ cho công việc và nâng cao kỹ năng làm việc của bạn
---------------------------------
Một đất nước có năng lực sản xuất khoảng 1,5 triệu ô tô mỗi năm, sở hữu hàng loạt nhà máy của Toyota, Honda, Isuzu hay Mitsubishi, giờ lại chứng kiến Kim Long Motor của Việt Nam mang xe buýt điện sang Bangkok, tổ chức lễ ra mắt và ký những đơn hàng hàng trăm chiếc ngay trên sân nhà của ngành ô tô Thái.

Câu chuyện càng đáng chú ý bởi trong nhiều năm, Việt Nam thường được xem là người đi sau trong ngành công nghiệp ô tô khu vực. Nhưng chỉ trong một thời gian ngắn, doanh nghiệp Việt đã bắt đầu xuất hiện ở những phân khúc mới như xe điện, xe buýt và phương tiện thương mại xanh.

Một số tư liệu được sử dụng trong video thuộc về các chủ sở hữu đáng kính. Mọi vấn đề liên quan đến bản quyền, vui lòng liên hệ: battlecry.vn@gmail.com.
Some of the materials used in the video belongs to the rightful owners. All Copyrights related issues should be sent to battlecry.vn@gmail.com. Thank you.

#battlecry #khampha #kinhte #dialy",DÂN THÁI LAN CAY ĐẮNG NHÌN CẢNH DOANH NGHIỆP VIỆT NAM &quot;THỊ UY&quot; XE BUS ĐIỆN GIỮA LÒNG BANGKOK,2026-09-21T05:18:24Z,2026-09-21T05:18:24Z,"Bn biết rõ quá ta, ngồi nhà mà phán cả một cty người ta như vậy, nếu lm dễ hay đơn giản thái nó đã lm từ lâu rồi, công nhận trí tuệ của người Việt khó vậy sao bn, hay do tinh thần tự nhục bn quá cao, bn biết xuất phát điểm của xe Huyndai như nào ko, cũng là từ đi mua công nghệ và chuyển giao công nghệ đấy, sau này họ mới bắt đầu nghiên cứu và cải tiến cho riêng mình nên mới đc như ngày hôm nay, các doanh nghiệp VN đang phát triển theo con đường như vậy, vì xuất phát điểm công nghiệp đất nc rất thấp, thay vì đi cmt một cách ngu xuẩn thì chịu khó học và giúp ích cho quốc gia đi",reply,UgwEojSjjMZicZDZWTZ4AaABAg,UgwEojSjjMZicZDZWTZ4AaABAg,1,2026-09-21T09:14:24Z,2026-09-21T09:14:24Z,5,UCvpigxe3qUv03eOROuWFTnQ,transport_impact,0,0,youtube_20260926_1347,baseline_20260926_134704,2026-09-26T20:48:19.305246+07:00
youtube_c_UgwEojSjjMZicZDZWTZ4AaABAg.Ab0I947FguKAb0ZehU0YUV,youtube,https://www.youtube.com/watch?v=o5hjDTBi694,o5hjDTBi694,"DÂN THÁI LAN CAY ĐẮNG NHÌN CẢNH DOANH NGHIỆP VIỆT NAM &quot;THỊ UY&quot; XE BUS ĐIỆN GIỮA LÒNG BANGKOK
👉 Khám phá ngay Tủ sách số và Audio book Thực chiến tại hệ thống Sơn Hải Nguyễn. Chỉ 15 phút nghe mỗi ngày, bạn sẽ có ngay tư duy sắc bén để xử lý gọn gàng những góc khuất đời thường và công sở.

👉 Truy cập ngay sonhainguyen.com để khám phá thêm kho công cụ và tài liệu hỗ trợ cho công việc và nâng cao kỹ năng làm việc của bạn
---------------------------------
Một đất nước có năng lực sản xuất khoảng 1,5 triệu ô tô mỗi năm, sở hữu hàng loạt nhà máy của Toyota, Honda, Isuzu hay Mitsubishi, giờ lại chứng kiến Kim Long Motor của Việt Nam mang xe buýt điện sang Bangkok, tổ chức lễ ra mắt và ký những đơn hàng hàng trăm chiếc ngay trên sân nhà của ngành ô tô Thái.

Câu chuyện càng đáng chú ý bởi trong nhiều năm, Việt Nam thường được xem là người đi sau trong ngành công nghiệp ô tô khu vực. Nhưng chỉ trong một thời gian ngắn, doanh nghiệp Việt đã bắt đầu xuất hiện ở những phân khúc mới như xe điện, xe buýt và phương tiện thương mại xanh.

Một số tư liệu được sử dụng trong video thuộc về các chủ sở hữu đáng kính. Mọi vấn đề liên quan đến bản quyền, vui lòng liên hệ: battlecry.vn@gmail.com.
Some of the materials used in the video belongs to the rightful owners. All Copyrights related issues should be sent to battlecry.vn@gmail.com. Thank you.

#battlecry #khampha #kinhte #dialy",DÂN THÁI LAN CAY ĐẮNG NHÌN CẢNH DOANH NGHIỆP VIỆT NAM &quot;THỊ UY&quot; XE BUS ĐIỆN GIỮA LÒNG BANGKOK,2026-09-21T05:18:24Z,2026-09-21T05:18:24Z,Tự nhiên 2 thằng Tàu nó đổ vốn cho làm ah? Ngây thơ,reply,UgwEojSjjMZicZDZWTZ4AaABAg,UgwEojSjjMZicZDZWTZ4AaABAg,1,2026-09-21T11:31:41Z,2026-09-21T11:31:41Z,1,UCTVYFd9gYQn-pKd-G_OqUDA,,0,0,youtube_20260926_1347,baseline_20260926_134704,2026-09-26T20:48:19.305246+07:00
youtube_c_UgwGe13F6hWdEQJeXXp4AaABAg,youtube,https://www.youtube.com/watch?v=o5hjDTBi694,o5hjDTBi694,"DÂN THÁI LAN CAY ĐẮNG NHÌN CẢNH DOANH NGHIỆP VIỆT NAM &quot;THỊ UY&quot; XE BUS ĐIỆN GIỮA LÒNG BANGKOK
👉 Khám phá ngay Tủ sách số và Audio book Thực chiến tại hệ thống Sơn Hải Nguyễn. Chỉ 15 phút nghe mỗi ngày, bạn sẽ có ngay tư duy sắc bén để xử lý gọn gàng những góc khuất đời thường và công sở.

👉 Truy cập ngay sonhainguyen.com để khám phá thêm kho công cụ và tài liệu hỗ trợ cho công việc và nâng cao kỹ năng làm việc của bạn
---------------------------------
Một đất nước có năng lực sản xuất khoảng 1,5 triệu ô tô mỗi năm, sở hữu hàng loạt nhà máy của Toyota, Honda, Isuzu hay Mitsubishi, giờ lại chứng kiến Kim Long Motor của Việt Nam mang xe buýt điện sang Bangkok, tổ chức lễ ra mắt và ký những đơn hàng hàng trăm chiếc ngay trên sân nhà của ngành ô tô Thái.

Câu chuyện càng đáng chú ý bởi trong nhiều năm, Việt Nam thường được xem là người đi sau trong ngành công nghiệp ô tô khu vực. Nhưng chỉ trong một thời gian ngắn, doanh nghiệp Việt đã bắt đầu xuất hiện ở những phân khúc mới như xe điện, xe buýt và phương tiện thương mại xanh.

Một số tư liệu được sử dụng trong video thuộc về các chủ sở hữu đáng kính. Mọi vấn đề liên quan đến bản quyền, vui lòng liên hệ: battlecry.vn@gmail.com.
Some of the materials used in the video belongs to the rightful owners. All Copyrights related issues should be sent to battlecry.vn@gmail.com. Thank you.

#battlecry #khampha #kinhte #dialy",DÂN THÁI LAN CAY ĐẮNG NHÌN CẢNH DOANH NGHIỆP VIỆT NAM &quot;THỊ UY&quot; XE BUS ĐIỆN GIỮA LÒNG BANGKOK,2026-09-21T05:18:24Z,2026-09-21T05:18:24Z,"Quan trọng là tư bản, tinh hoa thái (đều gốc tàu) thì tụi nó đâu có muốn làm chuyện vừa mệt vừa khó như vậy. Xe điện thì nó sẽ đẩy mạnh nhập từ mẫu quốc hoặc là đem nhà máy của mẫu quốc qua để làm trong nước. Dân bản địa thái thì chả được vẹo gì đâu. Tới cái bồn cầu trong nhà máy mà nó còn đem từ mẫu quốc sang để lắp thì đừng hòng nó chuyển giao công nghệ😂😂😂😂",top_level,,UgwGe13F6hWdEQJeXXp4AaABAg,0,2026-09-21T15:28:24Z,2026-09-21T15:28:24Z,1,UCv1S3nvk6gM08rg2TB7jqjg,transport_impact,0,0,youtube_20260926_1347,baseline_20260926_134704,2026-09-26T20:47:52.552843+07:00
youtube_c_UgwGe13F6hWdEQJeXXp4AaABAg.Ab0zkWHNp1jAb8XToob-sm,youtube,https://www.youtube.com/watch?v=o5hjDTBi694,o5hjDTBi694,"DÂN THÁI LAN CAY ĐẮNG NHÌN CẢNH DOANH NGHIỆP VIỆT NAM &quot;THỊ UY&quot; XE BUS ĐIỆN GIỮA LÒNG BANGKOK
👉 Khám phá ngay Tủ sách số và Audio book Thực chiến tại hệ thống Sơn Hải Nguyễn. Chỉ 15 phút nghe mỗi ngày, bạn sẽ có ngay tư duy sắc bén để xử lý gọn gàng những góc khuất đời thường và công sở.

👉 Truy cập ngay sonhainguyen.com để khám phá thêm kho công cụ và tài liệu hỗ trợ cho công việc và nâng cao kỹ năng làm việc của bạn
---------------------------------
Một đất nước có năng lực sản xuất khoảng 1,5 triệu ô tô mỗi năm, sở hữu hàng loạt nhà máy của Toyota, Honda, Isuzu hay Mitsubishi, giờ lại chứng kiến Kim Long Motor của Việt Nam mang xe buýt điện sang Bangkok, tổ chức lễ ra mắt và ký những đơn hàng hàng trăm chiếc ngay trên sân nhà của ngành ô tô Thái.

Câu chuyện càng đáng chú ý bởi trong nhiều năm, Việt Nam thường được xem là người đi sau trong ngành công nghiệp ô tô khu vực. Nhưng chỉ trong một thời gian ngắn, doanh nghiệp Việt đã bắt đầu xuất hiện ở những phân khúc mới như xe điện, xe buýt và phương tiện thương mại xanh.

Một số tư liệu được sử dụng trong video thuộc về các chủ sở hữu đáng kính. Mọi vấn đề liên quan đến bản quyền, vui lòng liên hệ: battlecry.vn@gmail.com.
Some of the materials used in the video belongs to the rightful owners. All Copyrights related issues should be sent to battlecry.vn@gmail.com. Thank you.

#battlecry #khampha #kinhte #dialy",DÂN THÁI LAN CAY ĐẮNG NHÌN CẢNH DOANH NGHIỆP VIỆT NAM &quot;THỊ UY&quot; XE BUS ĐIỆN GIỮA LÒNG BANGKOK,2026-09-21T05:18:24Z,2026-09-21T05:18:24Z,Đừng cười nhạo Thái Lan nữa; nhiều linh kiện và thiết kế cho xe điện VinFast của các bạn thực ra lại do các công ty Trung Quốc cung cấp.,reply,UgwGe13F6hWdEQJeXXp4AaABAg,UgwGe13F6hWdEQJeXXp4AaABAg,1,2026-09-24T13:46:31Z,2026-09-24T13:46:31Z,0,UCxYMhJ-Ub3QGotnLIr5y5Fw,transport_impact,0,0,youtube_20260926_1347,baseline_20260926_134704,2026-09-26T20:47:55.808792+07:00
youtube_c_UgwKi9N3XqsSI0i-1dZ4AaABAg,youtube,https://www.youtube.com/watch?v=o5hjDTBi694,o5hjDTBi694,"DÂN THÁI LAN CAY ĐẮNG NHÌN CẢNH DOANH NGHIỆP VIỆT NAM &quot;THỊ UY&quot; XE BUS ĐIỆN GIỮA LÒNG BANGKOK
👉 Khám phá ngay Tủ sách số và Audio book Thực chiến tại hệ thống Sơn Hải Nguyễn. Chỉ 15 phút nghe mỗi ngày, bạn sẽ có ngay tư duy sắc bén để xử lý gọn gàng những góc khuất đời thường và công sở.

👉 Truy cập ngay sonhainguyen.com để khám phá thêm kho công cụ và tài liệu hỗ trợ cho công việc và nâng cao kỹ năng làm việc của bạn
---------------------------------
Một đất nước có năng lực sản xuất khoảng 1,5 triệu ô tô mỗi năm, sở hữu hàng loạt nhà máy của Toyota, Honda, Isuzu hay Mitsubishi, giờ lại chứng kiến Kim Long Motor của Việt Nam mang xe buýt điện sang Bangkok, tổ chức lễ ra mắt và ký những đơn hàng hàng trăm chiếc ngay trên sân nhà của ngành ô tô Thái.

Câu chuyện càng đáng chú ý bởi trong nhiều năm, Việt Nam thường được xem là người đi sau trong ngành công nghiệp ô tô khu vực. Nhưng chỉ trong một thời gian ngắn, doanh nghiệp Việt đã bắt đầu xuất hiện ở những phân khúc mới như xe điện, xe buýt và phương tiện thương mại xanh.

Một số tư liệu được sử dụng trong video thuộc về các chủ sở hữu đáng kính. Mọi vấn đề liên quan đến bản quyền, vui lòng liên hệ: battlecry.vn@gmail.com.
Some of the materials used in the video belongs to the rightful owners. All Copyrights related issues should be sent to battlecry.vn@gmail.com. Thank you.

#battlecry #khampha #kinhte #dialy",DÂN THÁI LAN CAY ĐẮNG NHÌN CẢNH DOANH NGHIỆP VIỆT NAM &quot;THỊ UY&quot; XE BUS ĐIỆN GIỮA LÒNG BANGKOK,2026-09-21T05:18:24Z,2026-09-21T05:18:24Z,"Kim Long này là cánh tay nối dài của Trung Quốc mà thôi, công nghệ lõi toàn nhập từ Trung Quốc chứ không có giống như xe Vin đâu. Kim Long có bàn tay của Trung Quốc phía sau, tuy mang tiếng là Hàng Việt nhưng thực chất đó là của Trung Quốc mà thôi 😂.
Thật đau lòng, Việt Nam sao đời nào cũng có những kẻ cam tâm tình nguyện làm tay sai cho giặc không biết nữa 😥",top_level,,UgwKi9N3XqsSI0i-1dZ4AaABAg,0,2026-09-21T06:24:22Z,2026-09-21T06:24:22Z,1,UCvXupIvf54QL1B-8PW2wUVg,,0,0,youtube_20260926_1347,baseline_20260926_134704,2026-09-26T20:49:15.340807+07:00
youtube_c_UgwKi9N3XqsSI0i-1dZ4AaABAg.Ab00UlYgy1UAb01K_K8uj8,youtube,https://www.youtube.com/watch?v=o5hjDTBi694,o5hjDTBi694,"DÂN THÁI LAN CAY ĐẮNG NHÌN CẢNH DOANH NGHIỆP VIỆT NAM &quot;THỊ UY&quot; XE BUS ĐIỆN GIỮA LÒNG BANGKOK
👉 Khám phá ngay Tủ sách số và Audio book Thực chiến tại hệ thống Sơn Hải Nguyễn. Chỉ 15 phút nghe mỗi ngày, bạn sẽ có ngay tư duy sắc bén để xử lý gọn gàng những góc khuất đời thường và công sở.

👉 Truy cập ngay sonhainguyen.com để khám phá thêm kho công cụ và tài liệu hỗ trợ cho công việc và nâng cao kỹ năng làm việc của bạn
---------------------------------
Một đất nước có năng lực sản xuất khoảng 1,5 triệu ô tô mỗi năm, sở hữu hàng loạt nhà máy của Toyota, Honda, Isuzu hay Mitsubishi, giờ lại chứng kiến Kim Long Motor của Việt Nam mang xe buýt điện sang Bangkok, tổ chức lễ ra mắt và ký những đơn hàng hàng trăm chiếc ngay trên sân nhà của ngành ô tô Thái.

Câu chuyện càng đáng chú ý bởi trong nhiều năm, Việt Nam thường được xem là người đi sau trong ngành công nghiệp ô tô khu vực. Nhưng chỉ trong một thời gian ngắn, doanh nghiệp Việt đã bắt đầu xuất hiện ở những phân khúc mới như xe điện, xe buýt và phương tiện thương mại xanh.

Một số tư liệu được sử dụng trong video thuộc về các chủ sở hữu đáng kính. Mọi vấn đề liên quan đến bản quyền, vui lòng liên hệ: battlecry.vn@gmail.com.
Some of the materials used in the video belongs to the rightful owners. All Copyrights related issues should be sent to battlecry.vn@gmail.com. Thank you.

#battlecry #khampha #kinhte #dialy",DÂN THÁI LAN CAY ĐẮNG NHÌN CẢNH DOANH NGHIỆP VIỆT NAM &quot;THỊ UY&quot; XE BUS ĐIỆN GIỮA LÒNG BANGKOK,2026-09-21T05:18:24Z,2026-09-21T05:18:24Z,Chắc Thái không ồ ạt nhập lô xe điện từ Tung Của vào đâu nhỉ? Giỏi thì qua Thái hồi sinh My Mobility đi 🙃,reply,UgwKi9N3XqsSI0i-1dZ4AaABAg,UgwKi9N3XqsSI0i-1dZ4AaABAg,1,2026-09-21T06:31:42Z,2026-09-21T06:31:42Z,1,UCFLZMJV3f7P-f98n6dPFutQ,transport_impact,0,0,youtube_20260926_1347,baseline_20260926_134704,2026-09-26T20:49:18.628975+07:00
youtube_c_UgwKi9N3XqsSI0i-1dZ4AaABAg.Ab00UlYgy1UAb02ZNqL5Mv,youtube,https://www.youtube.com/watch?v=o5hjDTBi694,o5hjDTBi694,"DÂN THÁI LAN CAY ĐẮNG NHÌN CẢNH DOANH NGHIỆP VIỆT NAM &quot;THỊ UY&quot; XE BUS ĐIỆN GIỮA LÒNG BANGKOK
👉 Khám phá ngay Tủ sách số và Audio book Thực chiến tại hệ thống Sơn Hải Nguyễn. Chỉ 15 phút nghe mỗi ngày, bạn sẽ có ngay tư duy sắc bén để xử lý gọn gàng những góc khuất đời thường và công sở.

👉 Truy cập ngay sonhainguyen.com để khám phá thêm kho công cụ và tài liệu hỗ trợ cho công việc và nâng cao kỹ năng làm việc của bạn
---------------------------------
Một đất nước có năng lực sản xuất khoảng 1,5 triệu ô tô mỗi năm, sở hữu hàng loạt nhà máy của Toyota, Honda, Isuzu hay Mitsubishi, giờ lại chứng kiến Kim Long Motor của Việt Nam mang xe buýt điện sang Bangkok, tổ chức lễ ra mắt và ký những đơn hàng hàng trăm chiếc ngay trên sân nhà của ngành ô tô Thái.

Câu chuyện càng đáng chú ý bởi trong nhiều năm, Việt Nam thường được xem là người đi sau trong ngành công nghiệp ô tô khu vực. Nhưng chỉ trong một thời gian ngắn, doanh nghiệp Việt đã bắt đầu xuất hiện ở những phân khúc mới như xe điện, xe buýt và phương tiện thương mại xanh.

Một số tư liệu được sử dụng trong video thuộc về các chủ sở hữu đáng kính. Mọi vấn đề liên quan đến bản quyền, vui lòng liên hệ: battlecry.vn@gmail.com.
Some of the materials used in the video belongs to the rightful owners. All Copyrights related issues should be sent to battlecry.vn@gmail.com. Thank you.

#battlecry #khampha #kinhte #dialy",DÂN THÁI LAN CAY ĐẮNG NHÌN CẢNH DOANH NGHIỆP VIỆT NAM &quot;THỊ UY&quot; XE BUS ĐIỆN GIỮA LÒNG BANGKOK,2026-09-21T05:18:24Z,2026-09-21T05:18:24Z,Vậy theo cách nói của bạn thì iphone cũng là hàng trung đội lốt mỹ ah,reply,UgwKi9N3XqsSI0i-1dZ4AaABAg,UgwKi9N3XqsSI0i-1dZ4AaABAg,1,2026-09-21T06:42:28Z,2026-09-21T06:42:28Z,2,UCUY4756xRW3rPljekYO8ruQ,,0,0,youtube_20260926_1347,baseline_20260926_134704,2026-09-26T20:49:18.629977+07:00
youtube_c_UgwKi9N3XqsSI0i-1dZ4AaABAg.Ab00UlYgy1UAb02aXIv_RF,youtube,https://www.youtube.com/watch?v=o5hjDTBi694,o5hjDTBi694,"DÂN THÁI LAN CAY ĐẮNG NHÌN CẢNH DOANH NGHIỆP VIỆT NAM &quot;THỊ UY&quot; XE BUS ĐIỆN GIỮA LÒNG BANGKOK
👉 Khám phá ngay Tủ sách số và Audio book Thực chiến tại hệ thống Sơn Hải Nguyễn. Chỉ 15 phút nghe mỗi ngày, bạn sẽ có ngay tư duy sắc bén để xử lý gọn gàng những góc khuất đời thường và công sở.

👉 Truy cập ngay sonhainguyen.com để khám phá thêm kho công cụ và tài liệu hỗ trợ cho công việc và nâng cao kỹ năng làm việc của bạn
---------------------------------
Một đất nước có năng lực sản xuất khoảng 1,5 triệu ô tô mỗi năm, sở hữu hàng loạt nhà máy của Toyota, Honda, Isuzu hay Mitsubishi, giờ lại chứng kiến Kim Long Motor của Việt Nam mang xe buýt điện sang Bangkok, tổ chức lễ ra mắt và ký những đơn hàng hàng trăm chiếc ngay trên sân nhà của ngành ô tô Thái.

Câu chuyện càng đáng chú ý bởi trong nhiều năm, Việt Nam thường được xem là người đi sau trong ngành công nghiệp ô tô khu vực. Nhưng chỉ trong một thời gian ngắn, doanh nghiệp Việt đã bắt đầu xuất hiện ở những phân khúc mới như xe điện, xe buýt và phương tiện thương mại xanh.

Một số tư liệu được sử dụng trong video thuộc về các chủ sở hữu đáng kính. Mọi vấn đề liên quan đến bản quyền, vui lòng liên hệ: battlecry.vn@gmail.com.
Some of the materials used in the video belongs to the rightful owners. All Copyrights related issues should be sent to battlecry.vn@gmail.com. Thank you.

#battlecry #khampha #kinhte #dialy",DÂN THÁI LAN CAY ĐẮNG NHÌN CẢNH DOANH NGHIỆP VIỆT NAM &quot;THỊ UY&quot; XE BUS ĐIỆN GIỮA LÒNG BANGKOK,2026-09-21T05:18:24Z,2026-09-21T05:18:24Z,"Công nghệ lõi của Kim Long bỏ tiền mua dây chuyền sản xuất. 
Chỉ có động cơ diesel YuChai là quyền sở hữu sản xuất và phân phối còn lại từ khung thân là công nghệ Đức Áo. 
Kim Long 100% vốn của người Việt làm mẹ gì có vốn Tàu??? 
Nói luyên thuyên.",reply,UgwKi9N3XqsSI0i-1dZ4AaABAg,UgwKi9N3XqsSI0i-1dZ4AaABAg,1,2026-09-21T06:42:45Z,2026-09-21T06:42:45Z,2,UC1uhLPzt7UtKnP6fIaKvpgw,,0,0,youtube_20260926_1347,baseline_20260926_134704,2026-09-26T20:49:18.631974+07:00
youtube_c_UgwKi9N3XqsSI0i-1dZ4AaABAg.Ab00UlYgy1UAb02vBGaHd6,youtube,https://www.youtube.com/watch?v=o5hjDTBi694,o5hjDTBi694,"DÂN THÁI LAN CAY ĐẮNG NHÌN CẢNH DOANH NGHIỆP VIỆT NAM &quot;THỊ UY&quot; XE BUS ĐIỆN GIỮA LÒNG BANGKOK
👉 Khám phá ngay Tủ sách số và Audio book Thực chiến tại hệ thống Sơn Hải Nguyễn. Chỉ 15 phút nghe mỗi ngày, bạn sẽ có ngay tư duy sắc bén để xử lý gọn gàng những góc khuất đời thường và công sở.

👉 Truy cập ngay sonhainguyen.com để khám phá thêm kho công cụ và tài liệu hỗ trợ cho công việc và nâng cao kỹ năng làm việc của bạn
---------------------------------
Một đất nước có năng lực sản xuất khoảng 1,5 triệu ô tô mỗi năm, sở hữu hàng loạt nhà máy của Toyota, Honda, Isuzu hay Mitsubishi, giờ lại chứng kiến Kim Long Motor của Việt Nam mang xe buýt điện sang Bangkok, tổ chức lễ ra mắt và ký những đơn hàng hàng trăm chiếc ngay trên sân nhà của ngành ô tô Thái.

Câu chuyện càng đáng chú ý bởi trong nhiều năm, Việt Nam thường được xem là người đi sau trong ngành công nghiệp ô tô khu vực. Nhưng chỉ trong một thời gian ngắn, doanh nghiệp Việt đã bắt đầu xuất hiện ở những phân khúc mới như xe điện, xe buýt và phương tiện thương mại xanh.

Một số tư liệu được sử dụng trong video thuộc về các chủ sở hữu đáng kính. Mọi vấn đề liên quan đến bản quyền, vui lòng liên hệ: battlecry.vn@gmail.com.
Some of the materials used in the video belongs to the rightful owners. All Copyrights related issues should be sent to battlecry.vn@gmail.com. Thank you.

#battlecry #khampha #kinhte #dialy",DÂN THÁI LAN CAY ĐẮNG NHÌN CẢNH DOANH NGHIỆP VIỆT NAM &quot;THỊ UY&quot; XE BUS ĐIỆN GIỮA LÒNG BANGKOK,2026-09-21T05:18:24Z,2026-09-21T05:18:24Z,Biết đéo gì đâu mà nói :)),reply,UgwKi9N3XqsSI0i-1dZ4AaABAg,UgwKi9N3XqsSI0i-1dZ4AaABAg,1,2026-09-21T06:45:35Z,2026-09-21T06:45:35Z,0,UCqYyjxEVlgYzSyo29FCcSKg,,0,0,youtube_20260926_1347,baseline_20260926_134704,2026-09-26T20:49:18.631974+07:00
youtube_c_UgwKi9N3XqsSI0i-1dZ4AaABAg.Ab00UlYgy1UAb030-R9O1H,youtube,https://www.youtube.com/watch?v=o5hjDTBi694,o5hjDTBi694,"DÂN THÁI LAN CAY ĐẮNG NHÌN CẢNH DOANH NGHIỆP VIỆT NAM &quot;THỊ UY&quot; XE BUS ĐIỆN GIỮA LÒNG BANGKOK
👉 Khám phá ngay Tủ sách số và Audio book Thực chiến tại hệ thống Sơn Hải Nguyễn. Chỉ 15 phút nghe mỗi ngày, bạn sẽ có ngay tư duy sắc bén để xử lý gọn gàng những góc khuất đời thường và công sở.

👉 Truy cập ngay sonhainguyen.com để khám phá thêm kho công cụ và tài liệu hỗ trợ cho công việc và nâng cao kỹ năng làm việc của bạn
---------------------------------
Một đất nước có năng lực sản xuất khoảng 1,5 triệu ô tô mỗi năm, sở hữu hàng loạt nhà máy của Toyota, Honda, Isuzu hay Mitsubishi, giờ lại chứng kiến Kim Long Motor của Việt Nam mang xe buýt điện sang Bangkok, tổ chức lễ ra mắt và ký những đơn hàng hàng trăm chiếc ngay trên sân nhà của ngành ô tô Thái.

Câu chuyện càng đáng chú ý bởi trong nhiều năm, Việt Nam thường được xem là người đi sau trong ngành công nghiệp ô tô khu vực. Nhưng chỉ trong một thời gian ngắn, doanh nghiệp Việt đã bắt đầu xuất hiện ở những phân khúc mới như xe điện, xe buýt và phương tiện thương mại xanh.

Một số tư liệu được sử dụng trong video thuộc về các chủ sở hữu đáng kính. Mọi vấn đề liên quan đến bản quyền, vui lòng liên hệ: battlecry.vn@gmail.com.
Some of the materials used in the video belongs to the rightful owners. All Copyrights related issues should be sent to battlecry.vn@gmail.com. Thank you.

#battlecry #khampha #kinhte #dialy",DÂN THÁI LAN CAY ĐẮNG NHÌN CẢNH DOANH NGHIỆP VIỆT NAM &quot;THỊ UY&quot; XE BUS ĐIỆN GIỮA LÒNG BANGKOK,2026-09-21T05:18:24Z,2026-09-21T05:18:24Z,"@se7en890 iphone là hàng mỹ, được lắp ráp ở Trung Quốc nhé, mà bây giờ thì đa phần là lắp ráp ở Ấn Độ rồi.
Đừng đánh tráo giữa Hàng Trung Quốc và hàng được lắp ráp ở Trung Quốc nhé 😂",reply,UgwKi9N3XqsSI0i-1dZ4AaABAg,UgwKi9N3XqsSI0i-1dZ4AaABAg,1,2026-09-21T06:46:22Z,2026-09-21T06:46:22Z,0,UCvXupIvf54QL1B-8PW2wUVg,,0,0,youtube_20260926_1347,baseline_20260926_134704,2026-09-26T20:49:18.632975+07:00
youtube_c_UgwKi9N3XqsSI0i-1dZ4AaABAg.Ab00UlYgy1UAb07z4EIaV3,youtube,https://www.youtube.com/watch?v=o5hjDTBi694,o5hjDTBi694,"DÂN THÁI LAN CAY ĐẮNG NHÌN CẢNH DOANH NGHIỆP VIỆT NAM &quot;THỊ UY&quot; XE BUS ĐIỆN GIỮA LÒNG BANGKOK
👉 Khám phá ngay Tủ sách số và Audio book Thực chiến tại hệ thống Sơn Hải Nguyễn. Chỉ 15 phút nghe mỗi ngày, bạn sẽ có ngay tư duy sắc bén để xử lý gọn gàng những góc khuất đời thường và công sở.

👉 Truy cập ngay sonhainguyen.com để khám phá thêm kho công cụ và tài liệu hỗ trợ cho công việc và nâng cao kỹ năng làm việc của bạn
---------------------------------
Một đất nước có năng lực sản xuất khoảng 1,5 triệu ô tô mỗi năm, sở hữu hàng loạt nhà máy của Toyota, Honda, Isuzu hay Mitsubishi, giờ lại chứng kiến Kim Long Motor của Việt Nam mang xe buýt điện sang Bangkok, tổ chức lễ ra mắt và ký những đơn hàng hàng trăm chiếc ngay trên sân nhà của ngành ô tô Thái.

Câu chuyện càng đáng chú ý bởi trong nhiều năm, Việt Nam thường được xem là người đi sau trong ngành công nghiệp ô tô khu vực. Nhưng chỉ trong một thời gian ngắn, doanh nghiệp Việt đã bắt đầu xuất hiện ở những phân khúc mới như xe điện, xe buýt và phương tiện thương mại xanh.

Một số tư liệu được sử dụng trong video thuộc về các chủ sở hữu đáng kính. Mọi vấn đề liên quan đến bản quyền, vui lòng liên hệ: battlecry.vn@gmail.com.
Some of the materials used in the video belongs to the rightful owners. All Copyrights related issues should be sent to battlecry.vn@gmail.com. Thank you.

#battlecry #khampha #kinhte #dialy",DÂN THÁI LAN CAY ĐẮNG NHÌN CẢNH DOANH NGHIỆP VIỆT NAM &quot;THỊ UY&quot; XE BUS ĐIỆN GIỮA LÒNG BANGKOK,2026-09-21T05:18:24Z,2026-09-21T05:18:24Z,đau lòng mà no cái bụng là được rồi không làm được gì cho đời thì nín,reply,UgwKi9N3XqsSI0i-1dZ4AaABAg,UgwKi9N3XqsSI0i-1dZ4AaABAg,1,2026-09-21T07:29:48Z,2026-09-21T07:29:48Z,1,UC8eKW7r7XVOzGsWu4mRFNEA,,0,0,youtube_20260926_1347,baseline_20260926_134704,2026-09-26T20:49:18.634556+07:00
youtube_c_UgwKi9N3XqsSI0i-1dZ4AaABAg.Ab00UlYgy1UAb0AufEq2Fw,youtube,https://www.youtube.com/watch?v=o5hjDTBi694,o5hjDTBi694,"DÂN THÁI LAN CAY ĐẮNG NHÌN CẢNH DOANH NGHIỆP VIỆT NAM &quot;THỊ UY&quot; XE BUS ĐIỆN GIỮA LÒNG BANGKOK
👉 Khám phá ngay Tủ sách số và Audio book Thực chiến tại hệ thống Sơn Hải Nguyễn. Chỉ 15 phút nghe mỗi ngày, bạn sẽ có ngay tư duy sắc bén để xử lý gọn gàng những góc khuất đời thường và công sở.

👉 Truy cập ngay sonhainguyen.com để khám phá thêm kho công cụ và tài liệu hỗ trợ cho công việc và nâng cao kỹ năng làm việc của bạn
---------------------------------
Một đất nước có năng lực sản xuất khoảng 1,5 triệu ô tô mỗi năm, sở hữu hàng loạt nhà máy của Toyota, Honda, Isuzu hay Mitsubishi, giờ lại chứng kiến Kim Long Motor của Việt Nam mang xe buýt điện sang Bangkok, tổ chức lễ ra mắt và ký những đơn hàng hàng trăm chiếc ngay trên sân nhà của ngành ô tô Thái.

Câu chuyện càng đáng chú ý bởi trong nhiều năm, Việt Nam thường được xem là người đi sau trong ngành công nghiệp ô tô khu vực. Nhưng chỉ trong một thời gian ngắn, doanh nghiệp Việt đã bắt đầu xuất hiện ở những phân khúc mới như xe điện, xe buýt và phương tiện thương mại xanh.

Một số tư liệu được sử dụng trong video thuộc về các chủ sở hữu đáng kính. Mọi vấn đề liên quan đến bản quyền, vui lòng liên hệ: battlecry.vn@gmail.com.
Some of the materials used in the video belongs to the rightful owners. All Copyrights related issues should be sent to battlecry.vn@gmail.com. Thank you.

#battlecry #khampha #kinhte #dialy",DÂN THÁI LAN CAY ĐẮNG NHÌN CẢNH DOANH NGHIỆP VIỆT NAM &quot;THỊ UY&quot; XE BUS ĐIỆN GIỮA LÒNG BANGKOK,2026-09-21T05:18:24Z,2026-09-21T05:18:24Z,"@locphamba8337chỉ biết ăn với uống, bà con với Trư bát giới à 😂😂",reply,UgwKi9N3XqsSI0i-1dZ4AaABAg,UgwKi9N3XqsSI0i-1dZ4AaABAg,1,2026-09-21T07:55:25Z,2026-09-21T07:55:25Z,2,UCvXupIvf54QL1B-8PW2wUVg,,0,0,youtube_20260926_1347,baseline_20260926_134704,2026-09-26T20:49:18.635569+07:00
youtube_c_UgwKi9N3XqsSI0i-1dZ4AaABAg.Ab00UlYgy1UAb0EQCaj2xv,youtube,https://www.youtube.com/watch?v=o5hjDTBi694,o5hjDTBi694,"DÂN THÁI LAN CAY ĐẮNG NHÌN CẢNH DOANH NGHIỆP VIỆT NAM &quot;THỊ UY&quot; XE BUS ĐIỆN GIỮA LÒNG BANGKOK
👉 Khám phá ngay Tủ sách số và Audio book Thực chiến tại hệ thống Sơn Hải Nguyễn. Chỉ 15 phút nghe mỗi ngày, bạn sẽ có ngay tư duy sắc bén để xử lý gọn gàng những góc khuất đời thường và công sở.

👉 Truy cập ngay sonhainguyen.com để khám phá thêm kho công cụ và tài liệu hỗ trợ cho công việc và nâng cao kỹ năng làm việc của bạn
---------------------------------
Một đất nước có năng lực sản xuất khoảng 1,5 triệu ô tô mỗi năm, sở hữu hàng loạt nhà máy của Toyota, Honda, Isuzu hay Mitsubishi, giờ lại chứng kiến Kim Long Motor của Việt Nam mang xe buýt điện sang Bangkok, tổ chức lễ ra mắt và ký những đơn hàng hàng trăm chiếc ngay trên sân nhà của ngành ô tô Thái.

Câu chuyện càng đáng chú ý bởi trong nhiều năm, Việt Nam thường được xem là người đi sau trong ngành công nghiệp ô tô khu vực. Nhưng chỉ trong một thời gian ngắn, doanh nghiệp Việt đã bắt đầu xuất hiện ở những phân khúc mới như xe điện, xe buýt và phương tiện thương mại xanh.

Một số tư liệu được sử dụng trong video thuộc về các chủ sở hữu đáng kính. Mọi vấn đề liên quan đến bản quyền, vui lòng liên hệ: battlecry.vn@gmail.com.
Some of the materials used in the video belongs to the rightful owners. All Copyrights related issues should be sent to battlecry.vn@gmail.com. Thank you.

#battlecry #khampha #kinhte #dialy",DÂN THÁI LAN CAY ĐẮNG NHÌN CẢNH DOANH NGHIỆP VIỆT NAM &quot;THỊ UY&quot; XE BUS ĐIỆN GIỮA LÒNG BANGKOK,2026-09-21T05:18:24Z,2026-09-21T05:18:24Z,​@catbui.tiensinh chỉ thấy thanh niên thích nói xỉa kim long thôi nên lôi táo khuyết vào đấy rồi sao? 😂,reply,UgwKi9N3XqsSI0i-1dZ4AaABAg,UgwKi9N3XqsSI0i-1dZ4AaABAg,1,2026-09-21T08:26:05Z,2026-09-21T08:26:05Z,1,UCFLZMJV3f7P-f98n6dPFutQ,,0,0,youtube_20260926_1347,baseline_20260926_134704,2026-09-26T20:49:18.636564+07:00
youtube_c_UgwTBZEVCFWmxzoTvnR4AaABAg,youtube,https://www.youtube.com/watch?v=o5hjDTBi694,o5hjDTBi694,"DÂN THÁI LAN CAY ĐẮNG NHÌN CẢNH DOANH NGHIỆP VIỆT NAM &quot;THỊ UY&quot; XE BUS ĐIỆN GIỮA LÒNG BANGKOK
👉 Khám phá ngay Tủ sách số và Audio book Thực chiến tại hệ thống Sơn Hải Nguyễn. Chỉ 15 phút nghe mỗi ngày, bạn sẽ có ngay tư duy sắc bén để xử lý gọn gàng những góc khuất đời thường và công sở.

👉 Truy cập ngay sonhainguyen.com để khám phá thêm kho công cụ và tài liệu hỗ trợ cho công việc và nâng cao kỹ năng làm việc của bạn
---------------------------------
Một đất nước có năng lực sản xuất khoảng 1,5 triệu ô tô mỗi năm, sở hữu hàng loạt nhà máy của Toyota, Honda, Isuzu hay Mitsubishi, giờ lại chứng kiến Kim Long Motor của Việt Nam mang xe buýt điện sang Bangkok, tổ chức lễ ra mắt và ký những đơn hàng hàng trăm chiếc ngay trên sân nhà của ngành ô tô Thái.

Câu chuyện càng đáng chú ý bởi trong nhiều năm, Việt Nam thường được xem là người đi sau trong ngành công nghiệp ô tô khu vực. Nhưng chỉ trong một thời gian ngắn, doanh nghiệp Việt đã bắt đầu xuất hiện ở những phân khúc mới như xe điện, xe buýt và phương tiện thương mại xanh.

Một số tư liệu được sử dụng trong video thuộc về các chủ sở hữu đáng kính. Mọi vấn đề liên quan đến bản quyền, vui lòng liên hệ: battlecry.vn@gmail.com.
Some of the materials used in the video belongs to the rightful owners. All Copyrights related issues should be sent to battlecry.vn@gmail.com. Thank you.

#battlecry #khampha #kinhte #dialy",DÂN THÁI LAN CAY ĐẮNG NHÌN CẢNH DOANH NGHIỆP VIỆT NAM &quot;THỊ UY&quot; XE BUS ĐIỆN GIỮA LÒNG BANGKOK,2026-09-21T05:18:24Z,2026-09-21T05:18:24Z,"Cái này liên quan đến cấu trúc thượng tần. Dù có tham ô, tham nhũng nhưng nước ta vẫn được tính là ổn định chính trị và đường lối nên hỗ trợ Vin phát triển công nghiệp. Nếu các nhà máy có chủ nước ngoài thì nước ta chỉ có việc làm còn lợi nhuận sẽ chuyển về mẫu quốc của hãng nên không có tái đầu tư vào nghiên cứu và phát triển thành lợi thế cạnh tranh.",top_level,,UgwTBZEVCFWmxzoTvnR4AaABAg,0,2026-09-21T06:49:17Z,2026-09-21T06:49:17Z,2,UCEhpTz0aY9--hx6brAPTiDA,,0,0,youtube_20260926_1347,baseline_20260926_134704,2026-09-26T20:49:02.084226+07:00
youtube_c_UgwTBZEVCFWmxzoTvnR4AaABAg.Ab03LNhxcLTAb09UYaX6G3,youtube,https://www.youtube.com/watch?v=o5hjDTBi694,o5hjDTBi694,"DÂN THÁI LAN CAY ĐẮNG NHÌN CẢNH DOANH NGHIỆP VIỆT NAM &quot;THỊ UY&quot; XE BUS ĐIỆN GIỮA LÒNG BANGKOK
👉 Khám phá ngay Tủ sách số và Audio book Thực chiến tại hệ thống Sơn Hải Nguyễn. Chỉ 15 phút nghe mỗi ngày, bạn sẽ có ngay tư duy sắc bén để xử lý gọn gàng những góc khuất đời thường và công sở.

👉 Truy cập ngay sonhainguyen.com để khám phá thêm kho công cụ và tài liệu hỗ trợ cho công việc và nâng cao kỹ năng làm việc của bạn
---------------------------------
Một đất nước có năng lực sản xuất khoảng 1,5 triệu ô tô mỗi năm, sở hữu hàng loạt nhà máy của Toyota, Honda, Isuzu hay Mitsubishi, giờ lại chứng kiến Kim Long Motor của Việt Nam mang xe buýt điện sang Bangkok, tổ chức lễ ra mắt và ký những đơn hàng hàng trăm chiếc ngay trên sân nhà của ngành ô tô Thái.

Câu chuyện càng đáng chú ý bởi trong nhiều năm, Việt Nam thường được xem là người đi sau trong ngành công nghiệp ô tô khu vực. Nhưng chỉ trong một thời gian ngắn, doanh nghiệp Việt đã bắt đầu xuất hiện ở những phân khúc mới như xe điện, xe buýt và phương tiện thương mại xanh.

Một số tư liệu được sử dụng trong video thuộc về các chủ sở hữu đáng kính. Mọi vấn đề liên quan đến bản quyền, vui lòng liên hệ: battlecry.vn@gmail.com.
Some of the materials used in the video belongs to the rightful owners. All Copyrights related issues should be sent to battlecry.vn@gmail.com. Thank you.

#battlecry #khampha #kinhte #dialy",DÂN THÁI LAN CAY ĐẮNG NHÌN CẢNH DOANH NGHIỆP VIỆT NAM &quot;THỊ UY&quot; XE BUS ĐIỆN GIỮA LÒNG BANGKOK,2026-09-21T05:18:24Z,2026-09-21T05:18:24Z,"Hay cái là tham ô, tham nhũng không gây thiệt hại nhiều đến tốc độ phát triển của đất nước",reply,UgwTBZEVCFWmxzoTvnR4AaABAg,UgwTBZEVCFWmxzoTvnR4AaABAg,1,2026-09-21T07:42:58Z,2026-09-21T07:42:58Z,2,UCXbHE1uj9X2KRojkknlZ5RQ,,0,0,youtube_20260926_1347,baseline_20260926_134704,2026-09-26T20:49:05.361387+07:00
youtube_c_UgwVfsx8gakXuPWLdq54AaABAg,youtube,https://www.youtube.com/watch?v=o5hjDTBi694,o5hjDTBi694,"DÂN THÁI LAN CAY ĐẮNG NHÌN CẢNH DOANH NGHIỆP VIỆT NAM &quot;THỊ UY&quot; XE BUS ĐIỆN GIỮA LÒNG BANGKOK
👉 Khám phá ngay Tủ sách số và Audio book Thực chiến tại hệ thống Sơn Hải Nguyễn. Chỉ 15 phút nghe mỗi ngày, bạn sẽ có ngay tư duy sắc bén để xử lý gọn gàng những góc khuất đời thường và công sở.

👉 Truy cập ngay sonhainguyen.com để khám phá thêm kho công cụ và tài liệu hỗ trợ cho công việc và nâng cao kỹ năng làm việc của bạn
---------------------------------
Một đất nước có năng lực sản xuất khoảng 1,5 triệu ô tô mỗi năm, sở hữu hàng loạt nhà máy của Toyota, Honda, Isuzu hay Mitsubishi, giờ lại chứng kiến Kim Long Motor của Việt Nam mang xe buýt điện sang Bangkok, tổ chức lễ ra mắt và ký những đơn hàng hàng trăm chiếc ngay trên sân nhà của ngành ô tô Thái.

Câu chuyện càng đáng chú ý bởi trong nhiều năm, Việt Nam thường được xem là người đi sau trong ngành công nghiệp ô tô khu vực. Nhưng chỉ trong một thời gian ngắn, doanh nghiệp Việt đã bắt đầu xuất hiện ở những phân khúc mới như xe điện, xe buýt và phương tiện thương mại xanh.

Một số tư liệu được sử dụng trong video thuộc về các chủ sở hữu đáng kính. Mọi vấn đề liên quan đến bản quyền, vui lòng liên hệ: battlecry.vn@gmail.com.
Some of the materials used in the video belongs to the rightful owners. All Copyrights related issues should be sent to battlecry.vn@gmail.com. Thank you.

#battlecry #khampha #kinhte #dialy",DÂN THÁI LAN CAY ĐẮNG NHÌN CẢNH DOANH NGHIỆP VIỆT NAM &quot;THỊ UY&quot; XE BUS ĐIỆN GIỮA LÒNG BANGKOK,2026-09-21T05:18:24Z,2026-09-21T05:18:24Z,Lo lắp lắp ráp cho CTY nước ngoài còn đâu nghĩ tới tự chủ sản xuất cho riêng mình hỡi Detroit châu Á.,top_level,,UgwVfsx8gakXuPWLdq54AaABAg,0,2026-09-24T09:18:25Z,2026-09-24T09:18:25Z,0,UCdD5FvaEWMURowvcivRZynA,,0,0,youtube_20260926_1347,baseline_20260926_134704,2026-09-26T20:47:45.891078+07:00
youtube_c_UgwXkf77ToufJy1z3y94AaABAg,youtube,https://www.youtube.com/watch?v=o5hjDTBi694,o5hjDTBi694,"DÂN THÁI LAN CAY ĐẮNG NHÌN CẢNH DOANH NGHIỆP VIỆT NAM &quot;THỊ UY&quot; XE BUS ĐIỆN GIỮA LÒNG BANGKOK
👉 Khám phá ngay Tủ sách số và Audio book Thực chiến tại hệ thống Sơn Hải Nguyễn. Chỉ 15 phút nghe mỗi ngày, bạn sẽ có ngay tư duy sắc bén để xử lý gọn gàng những góc khuất đời thường và công sở.

👉 Truy cập ngay sonhainguyen.com để khám phá thêm kho công cụ và tài liệu hỗ trợ cho công việc và nâng cao kỹ năng làm việc của bạn
---------------------------------
Một đất nước có năng lực sản xuất khoảng 1,5 triệu ô tô mỗi năm, sở hữu hàng loạt nhà máy của Toyota, Honda, Isuzu hay Mitsubishi, giờ lại chứng kiến Kim Long Motor của Việt Nam mang xe buýt điện sang Bangkok, tổ chức lễ ra mắt và ký những đơn hàng hàng trăm chiếc ngay trên sân nhà của ngành ô tô Thái.

Câu chuyện càng đáng chú ý bởi trong nhiều năm, Việt Nam thường được xem là người đi sau trong ngành công nghiệp ô tô khu vực. Nhưng chỉ trong một thời gian ngắn, doanh nghiệp Việt đã bắt đầu xuất hiện ở những phân khúc mới như xe điện, xe buýt và phương tiện thương mại xanh.

Một số tư liệu được sử dụng trong video thuộc về các chủ sở hữu đáng kính. Mọi vấn đề liên quan đến bản quyền, vui lòng liên hệ: battlecry.vn@gmail.com.
Some of the materials used in the video belongs to the rightful owners. All Copyrights related issues should be sent to battlecry.vn@gmail.com. Thank you.

#battlecry #khampha #kinhte #dialy",DÂN THÁI LAN CAY ĐẮNG NHÌN CẢNH DOANH NGHIỆP VIỆT NAM &quot;THỊ UY&quot; XE BUS ĐIỆN GIỮA LÒNG BANGKOK,2026-09-21T05:18:24Z,2026-09-21T05:18:24Z,"Xe Kim Long của doanh nghiệp hoa kiều nhập 100% công nghệ, linh kiện từ 1 hãng của Trung về ráp, thay mỗi cái logo. K biết ông lớn nào góp vốn, đứng sau mà dành đc rất nhiều hợp đồng cung cấp xe Bus trong này và cho Phương Trang dù là 1 doanh nghiệp mới toanh k có nền tảng sản xuất ô tô. Họ làm đc điều đó vì mạng lưới người Hoa thôi!",top_level,,UgwXkf77ToufJy1z3y94AaABAg,0,2026-09-21T05:29:13Z,2026-09-21T05:29:13Z,4,UCBAjz9yVHBc55eHJlmqyokQ,transport_impact,0,0,youtube_20260926_1347,baseline_20260926_134704,2026-09-26T20:49:21.943626+07:00
youtube_c_UgwXkf77ToufJy1z3y94AaABAg.Ab-vAqmALn4Ab-vuakiEtj,youtube,https://www.youtube.com/watch?v=o5hjDTBi694,o5hjDTBi694,"DÂN THÁI LAN CAY ĐẮNG NHÌN CẢNH DOANH NGHIỆP VIỆT NAM &quot;THỊ UY&quot; XE BUS ĐIỆN GIỮA LÒNG BANGKOK
👉 Khám phá ngay Tủ sách số và Audio book Thực chiến tại hệ thống Sơn Hải Nguyễn. Chỉ 15 phút nghe mỗi ngày, bạn sẽ có ngay tư duy sắc bén để xử lý gọn gàng những góc khuất đời thường và công sở.

👉 Truy cập ngay sonhainguyen.com để khám phá thêm kho công cụ và tài liệu hỗ trợ cho công việc và nâng cao kỹ năng làm việc của bạn
---------------------------------
Một đất nước có năng lực sản xuất khoảng 1,5 triệu ô tô mỗi năm, sở hữu hàng loạt nhà máy của Toyota, Honda, Isuzu hay Mitsubishi, giờ lại chứng kiến Kim Long Motor của Việt Nam mang xe buýt điện sang Bangkok, tổ chức lễ ra mắt và ký những đơn hàng hàng trăm chiếc ngay trên sân nhà của ngành ô tô Thái.

Câu chuyện càng đáng chú ý bởi trong nhiều năm, Việt Nam thường được xem là người đi sau trong ngành công nghiệp ô tô khu vực. Nhưng chỉ trong một thời gian ngắn, doanh nghiệp Việt đã bắt đầu xuất hiện ở những phân khúc mới như xe điện, xe buýt và phương tiện thương mại xanh.

Một số tư liệu được sử dụng trong video thuộc về các chủ sở hữu đáng kính. Mọi vấn đề liên quan đến bản quyền, vui lòng liên hệ: battlecry.vn@gmail.com.
Some of the materials used in the video belongs to the rightful owners. All Copyrights related issues should be sent to battlecry.vn@gmail.com. Thank you.

#battlecry #khampha #kinhte #dialy",DÂN THÁI LAN CAY ĐẮNG NHÌN CẢNH DOANH NGHIỆP VIỆT NAM &quot;THỊ UY&quot; XE BUS ĐIỆN GIỮA LÒNG BANGKOK,2026-09-21T05:18:24Z,2026-09-21T05:18:24Z,BYD và LG Electronics cùng rót vốn. Pin của LG Electronics và BYD làm động cơ và sạc còn lại Kim Long làm hết.,reply,UgwXkf77ToufJy1z3y94AaABAg,UgwXkf77ToufJy1z3y94AaABAg,1,2026-09-21T05:35:36Z,2026-09-21T05:35:36Z,0,UCt8j9-MKSo18JDfWuRA7-cg,,0,0,youtube_20260926_1347,baseline_20260926_134704,2026-09-26T20:49:25.337485+07:00
youtube_c_UgwXkf77ToufJy1z3y94AaABAg.Ab-vAqmALn4Ab-wXRZaXsC,youtube,https://www.youtube.com/watch?v=o5hjDTBi694,o5hjDTBi694,"DÂN THÁI LAN CAY ĐẮNG NHÌN CẢNH DOANH NGHIỆP VIỆT NAM &quot;THỊ UY&quot; XE BUS ĐIỆN GIỮA LÒNG BANGKOK
👉 Khám phá ngay Tủ sách số và Audio book Thực chiến tại hệ thống Sơn Hải Nguyễn. Chỉ 15 phút nghe mỗi ngày, bạn sẽ có ngay tư duy sắc bén để xử lý gọn gàng những góc khuất đời thường và công sở.

👉 Truy cập ngay sonhainguyen.com để khám phá thêm kho công cụ và tài liệu hỗ trợ cho công việc và nâng cao kỹ năng làm việc của bạn
---------------------------------
Một đất nước có năng lực sản xuất khoảng 1,5 triệu ô tô mỗi năm, sở hữu hàng loạt nhà máy của Toyota, Honda, Isuzu hay Mitsubishi, giờ lại chứng kiến Kim Long Motor của Việt Nam mang xe buýt điện sang Bangkok, tổ chức lễ ra mắt và ký những đơn hàng hàng trăm chiếc ngay trên sân nhà của ngành ô tô Thái.

Câu chuyện càng đáng chú ý bởi trong nhiều năm, Việt Nam thường được xem là người đi sau trong ngành công nghiệp ô tô khu vực. Nhưng chỉ trong một thời gian ngắn, doanh nghiệp Việt đã bắt đầu xuất hiện ở những phân khúc mới như xe điện, xe buýt và phương tiện thương mại xanh.

Một số tư liệu được sử dụng trong video thuộc về các chủ sở hữu đáng kính. Mọi vấn đề liên quan đến bản quyền, vui lòng liên hệ: battlecry.vn@gmail.com.
Some of the materials used in the video belongs to the rightful owners. All Copyrights related issues should be sent to battlecry.vn@gmail.com. Thank you.

#battlecry #khampha #kinhte #dialy",DÂN THÁI LAN CAY ĐẮNG NHÌN CẢNH DOANH NGHIỆP VIỆT NAM &quot;THỊ UY&quot; XE BUS ĐIỆN GIỮA LÒNG BANGKOK,2026-09-21T05:18:24Z,2026-09-21T05:18:24Z,bạn ơi họ làm vì ai tôi không biết nhưng họ làm trên đất VN đóng thuế cho VN thuê người VN trả lương cho người VN thì vẫn hơn những thằng không làm gì mà cứ lên mạng cào phím bàn lùi đấy bạn còn nói về công nghê TQ thì xin thưa với bạn là gần như toàn bộ thế giới này đều xài hàng TQ thôi bạn tôi ở nhật mà hàng tôi mua như cái máy tính toàn là hàng phụ tùng made in china thôi bạn chỉ có cái tên thương hiệu là của nhật bản,reply,UgwXkf77ToufJy1z3y94AaABAg,UgwXkf77ToufJy1z3y94AaABAg,1,2026-09-21T05:41:02Z,2026-09-21T05:41:02Z,7,UC8eKW7r7XVOzGsWu4mRFNEA,,0,0,youtube_20260926_1347,baseline_20260926_134704,2026-09-26T20:49:25.337485+07:00
youtube_c_UgwXkf77ToufJy1z3y94AaABAg.Ab-vAqmALn4Ab-xzwVMEfG,youtube,https://www.youtube.com/watch?v=o5hjDTBi694,o5hjDTBi694,"DÂN THÁI LAN CAY ĐẮNG NHÌN CẢNH DOANH NGHIỆP VIỆT NAM &quot;THỊ UY&quot; XE BUS ĐIỆN GIỮA LÒNG BANGKOK
👉 Khám phá ngay Tủ sách số và Audio book Thực chiến tại hệ thống Sơn Hải Nguyễn. Chỉ 15 phút nghe mỗi ngày, bạn sẽ có ngay tư duy sắc bén để xử lý gọn gàng những góc khuất đời thường và công sở.

👉 Truy cập ngay sonhainguyen.com để khám phá thêm kho công cụ và tài liệu hỗ trợ cho công việc và nâng cao kỹ năng làm việc của bạn
---------------------------------
Một đất nước có năng lực sản xuất khoảng 1,5 triệu ô tô mỗi năm, sở hữu hàng loạt nhà máy của Toyota, Honda, Isuzu hay Mitsubishi, giờ lại chứng kiến Kim Long Motor của Việt Nam mang xe buýt điện sang Bangkok, tổ chức lễ ra mắt và ký những đơn hàng hàng trăm chiếc ngay trên sân nhà của ngành ô tô Thái.

Câu chuyện càng đáng chú ý bởi trong nhiều năm, Việt Nam thường được xem là người đi sau trong ngành công nghiệp ô tô khu vực. Nhưng chỉ trong một thời gian ngắn, doanh nghiệp Việt đã bắt đầu xuất hiện ở những phân khúc mới như xe điện, xe buýt và phương tiện thương mại xanh.

Một số tư liệu được sử dụng trong video thuộc về các chủ sở hữu đáng kính. Mọi vấn đề liên quan đến bản quyền, vui lòng liên hệ: battlecry.vn@gmail.com.
Some of the materials used in the video belongs to the rightful owners. All Copyrights related issues should be sent to battlecry.vn@gmail.com. Thank you.

#battlecry #khampha #kinhte #dialy",DÂN THÁI LAN CAY ĐẮNG NHÌN CẢNH DOANH NGHIỆP VIỆT NAM &quot;THỊ UY&quot; XE BUS ĐIỆN GIỮA LÒNG BANGKOK,2026-09-21T05:18:24Z,2026-09-21T05:18:24Z,Giọng điệu tự nhục tư duy ấu trĩ.,reply,UgwXkf77ToufJy1z3y94AaABAg,UgwXkf77ToufJy1z3y94AaABAg,1,2026-09-21T05:53:48Z,2026-09-21T05:53:48Z,0,UCVQqwhZbDWBVTAnowQRXX1A,,0,0,youtube_20260926_1347,baseline_20260926_134704,2026-09-26T20:49:25.344290+07:00
youtube_c_UgwXkf77ToufJy1z3y94AaABAg.Ab-vAqmALn4Ab-yW5RUaZk,youtube,https://www.youtube.com/watch?v=o5hjDTBi694,o5hjDTBi694,"DÂN THÁI LAN CAY ĐẮNG NHÌN CẢNH DOANH NGHIỆP VIỆT NAM &quot;THỊ UY&quot; XE BUS ĐIỆN GIỮA LÒNG BANGKOK
👉 Khám phá ngay Tủ sách số và Audio book Thực chiến tại hệ thống Sơn Hải Nguyễn. Chỉ 15 phút nghe mỗi ngày, bạn sẽ có ngay tư duy sắc bén để xử lý gọn gàng những góc khuất đời thường và công sở.

👉 Truy cập ngay sonhainguyen.com để khám phá thêm kho công cụ và tài liệu hỗ trợ cho công việc và nâng cao kỹ năng làm việc của bạn
---------------------------------
Một đất nước có năng lực sản xuất khoảng 1,5 triệu ô tô mỗi năm, sở hữu hàng loạt nhà máy của Toyota, Honda, Isuzu hay Mitsubishi, giờ lại chứng kiến Kim Long Motor của Việt Nam mang xe buýt điện sang Bangkok, tổ chức lễ ra mắt và ký những đơn hàng hàng trăm chiếc ngay trên sân nhà của ngành ô tô Thái.

Câu chuyện càng đáng chú ý bởi trong nhiều năm, Việt Nam thường được xem là người đi sau trong ngành công nghiệp ô tô khu vực. Nhưng chỉ trong một thời gian ngắn, doanh nghiệp Việt đã bắt đầu xuất hiện ở những phân khúc mới như xe điện, xe buýt và phương tiện thương mại xanh.

Một số tư liệu được sử dụng trong video thuộc về các chủ sở hữu đáng kính. Mọi vấn đề liên quan đến bản quyền, vui lòng liên hệ: battlecry.vn@gmail.com.
Some of the materials used in the video belongs to the rightful owners. All Copyrights related issues should be sent to battlecry.vn@gmail.com. Thank you.

#battlecry #khampha #kinhte #dialy",DÂN THÁI LAN CAY ĐẮNG NHÌN CẢNH DOANH NGHIỆP VIỆT NAM &quot;THỊ UY&quot; XE BUS ĐIỆN GIỮA LÒNG BANGKOK,2026-09-21T05:18:24Z,2026-09-21T05:18:24Z,Nguồn đâu mày?,reply,UgwXkf77ToufJy1z3y94AaABAg,UgwXkf77ToufJy1z3y94AaABAg,1,2026-09-21T05:58:19Z,2026-09-21T05:58:19Z,0,UC9QPhHuDR8OK4VevrCpCluQ,,0,0,youtube_20260926_1347,baseline_20260926_134704,2026-09-26T20:49:25.344290+07:00
youtube_c_UgwXkf77ToufJy1z3y94AaABAg.Ab-vAqmALn4Ab-ycYn3nn8,youtube,https://www.youtube.com/watch?v=o5hjDTBi694,o5hjDTBi694,"DÂN THÁI LAN CAY ĐẮNG NHÌN CẢNH DOANH NGHIỆP VIỆT NAM &quot;THỊ UY&quot; XE BUS ĐIỆN GIỮA LÒNG BANGKOK
👉 Khám phá ngay Tủ sách số và Audio book Thực chiến tại hệ thống Sơn Hải Nguyễn. Chỉ 15 phút nghe mỗi ngày, bạn sẽ có ngay tư duy sắc bén để xử lý gọn gàng những góc khuất đời thường và công sở.

👉 Truy cập ngay sonhainguyen.com để khám phá thêm kho công cụ và tài liệu hỗ trợ cho công việc và nâng cao kỹ năng làm việc của bạn
---------------------------------
Một đất nước có năng lực sản xuất khoảng 1,5 triệu ô tô mỗi năm, sở hữu hàng loạt nhà máy của Toyota, Honda, Isuzu hay Mitsubishi, giờ lại chứng kiến Kim Long Motor của Việt Nam mang xe buýt điện sang Bangkok, tổ chức lễ ra mắt và ký những đơn hàng hàng trăm chiếc ngay trên sân nhà của ngành ô tô Thái.

Câu chuyện càng đáng chú ý bởi trong nhiều năm, Việt Nam thường được xem là người đi sau trong ngành công nghiệp ô tô khu vực. Nhưng chỉ trong một thời gian ngắn, doanh nghiệp Việt đã bắt đầu xuất hiện ở những phân khúc mới như xe điện, xe buýt và phương tiện thương mại xanh.

Một số tư liệu được sử dụng trong video thuộc về các chủ sở hữu đáng kính. Mọi vấn đề liên quan đến bản quyền, vui lòng liên hệ: battlecry.vn@gmail.com.
Some of the materials used in the video belongs to the rightful owners. All Copyrights related issues should be sent to battlecry.vn@gmail.com. Thank you.

#battlecry #khampha #kinhte #dialy",DÂN THÁI LAN CAY ĐẮNG NHÌN CẢNH DOANH NGHIỆP VIỆT NAM &quot;THỊ UY&quot; XE BUS ĐIỆN GIỮA LÒNG BANGKOK,2026-09-21T05:18:24Z,2026-09-21T05:18:24Z,"Quan trọng là bao nhiêu % tiền về TQ, bao nhiêu % tiền ở lại VN",reply,UgwXkf77ToufJy1z3y94AaABAg,UgwXkf77ToufJy1z3y94AaABAg,1,2026-09-21T05:59:21Z,2026-09-21T05:59:21Z,2,UCehCnaABybKW3AVA1sph9lA,,0,0,youtube_20260926_1347,baseline_20260926_134704,2026-09-26T20:49:25.344290+07:00
youtube_c_UgwXkf77ToufJy1z3y94AaABAg.Ab-vAqmALn4Ab-z3zfrm-r,youtube,https://www.youtube.com/watch?v=o5hjDTBi694,o5hjDTBi694,"DÂN THÁI LAN CAY ĐẮNG NHÌN CẢNH DOANH NGHIỆP VIỆT NAM &quot;THỊ UY&quot; XE BUS ĐIỆN GIỮA LÒNG BANGKOK
👉 Khám phá ngay Tủ sách số và Audio book Thực chiến tại hệ thống Sơn Hải Nguyễn. Chỉ 15 phút nghe mỗi ngày, bạn sẽ có ngay tư duy sắc bén để xử lý gọn gàng những góc khuất đời thường và công sở.

👉 Truy cập ngay sonhainguyen.com để khám phá thêm kho công cụ và tài liệu hỗ trợ cho công việc và nâng cao kỹ năng làm việc của bạn
---------------------------------
Một đất nước có năng lực sản xuất khoảng 1,5 triệu ô tô mỗi năm, sở hữu hàng loạt nhà máy của Toyota, Honda, Isuzu hay Mitsubishi, giờ lại chứng kiến Kim Long Motor của Việt Nam mang xe buýt điện sang Bangkok, tổ chức lễ ra mắt và ký những đơn hàng hàng trăm chiếc ngay trên sân nhà của ngành ô tô Thái.

Câu chuyện càng đáng chú ý bởi trong nhiều năm, Việt Nam thường được xem là người đi sau trong ngành công nghiệp ô tô khu vực. Nhưng chỉ trong một thời gian ngắn, doanh nghiệp Việt đã bắt đầu xuất hiện ở những phân khúc mới như xe điện, xe buýt và phương tiện thương mại xanh.

Một số tư liệu được sử dụng trong video thuộc về các chủ sở hữu đáng kính. Mọi vấn đề liên quan đến bản quyền, vui lòng liên hệ: battlecry.vn@gmail.com.
Some of the materials used in the video belongs to the rightful owners. All Copyrights related issues should be sent to battlecry.vn@gmail.com. Thank you.

#battlecry #khampha #kinhte #dialy",DÂN THÁI LAN CAY ĐẮNG NHÌN CẢNH DOANH NGHIỆP VIỆT NAM &quot;THỊ UY&quot; XE BUS ĐIỆN GIỮA LÒNG BANGKOK,2026-09-21T05:18:24Z,2026-09-21T05:18:24Z,"Bác nói chuẩn nè, chừng nào xe  bus thaco hay vinfast xuất qua thái thì mình cùng tự hào, Chứ kimlong thì cũng doanh nghiệp tàu thôi,lắp ráp ở vn, chuyển giá, vật tư chuỗi cung ứng thì cũng từ tàu qua cả thôi!",reply,UgwXkf77ToufJy1z3y94AaABAg,UgwXkf77ToufJy1z3y94AaABAg,1,2026-09-21T06:03:14Z,2026-09-21T06:03:14Z,2,UCFa2zXWRACrd92z3BNU2Q5Q,transport_impact,0,0,youtube_20260926_1347,baseline_20260926_134704,2026-09-26T20:49:25.345489+07:00
youtube_c_UgwXkf77ToufJy1z3y94AaABAg.Ab-vAqmALn4Ab0-F9es5-N,youtube,https://www.youtube.com/watch?v=o5hjDTBi694,o5hjDTBi694,"DÂN THÁI LAN CAY ĐẮNG NHÌN CẢNH DOANH NGHIỆP VIỆT NAM &quot;THỊ UY&quot; XE BUS ĐIỆN GIỮA LÒNG BANGKOK
👉 Khám phá ngay Tủ sách số và Audio book Thực chiến tại hệ thống Sơn Hải Nguyễn. Chỉ 15 phút nghe mỗi ngày, bạn sẽ có ngay tư duy sắc bén để xử lý gọn gàng những góc khuất đời thường và công sở.

👉 Truy cập ngay sonhainguyen.com để khám phá thêm kho công cụ và tài liệu hỗ trợ cho công việc và nâng cao kỹ năng làm việc của bạn
---------------------------------
Một đất nước có năng lực sản xuất khoảng 1,5 triệu ô tô mỗi năm, sở hữu hàng loạt nhà máy của Toyota, Honda, Isuzu hay Mitsubishi, giờ lại chứng kiến Kim Long Motor của Việt Nam mang xe buýt điện sang Bangkok, tổ chức lễ ra mắt và ký những đơn hàng hàng trăm chiếc ngay trên sân nhà của ngành ô tô Thái.

Câu chuyện càng đáng chú ý bởi trong nhiều năm, Việt Nam thường được xem là người đi sau trong ngành công nghiệp ô tô khu vực. Nhưng chỉ trong một thời gian ngắn, doanh nghiệp Việt đã bắt đầu xuất hiện ở những phân khúc mới như xe điện, xe buýt và phương tiện thương mại xanh.

Một số tư liệu được sử dụng trong video thuộc về các chủ sở hữu đáng kính. Mọi vấn đề liên quan đến bản quyền, vui lòng liên hệ: battlecry.vn@gmail.com.
Some of the materials used in the video belongs to the rightful owners. All Copyrights related issues should be sent to battlecry.vn@gmail.com. Thank you.

#battlecry #khampha #kinhte #dialy",DÂN THÁI LAN CAY ĐẮNG NHÌN CẢNH DOANH NGHIỆP VIỆT NAM &quot;THỊ UY&quot; XE BUS ĐIỆN GIỮA LÒNG BANGKOK,2026-09-21T05:18:24Z,2026-09-21T05:18:24Z,"Lại tự nhục, ko biết điều nó quen 😰",reply,UgwXkf77ToufJy1z3y94AaABAg,UgwXkf77ToufJy1z3y94AaABAg,1,2026-09-21T06:13:29Z,2026-09-21T06:13:29Z,0,UC1IYiFSC_ArqChHkZTNNX1g,,0,0,youtube_20260926_1347,baseline_20260926_134704,2026-09-26T20:49:25.345489+07:00
youtube_c_UgwXkf77ToufJy1z3y94AaABAg.Ab-vAqmALn4Ab0-GH21Pss,youtube,https://www.youtube.com/watch?v=o5hjDTBi694,o5hjDTBi694,"DÂN THÁI LAN CAY ĐẮNG NHÌN CẢNH DOANH NGHIỆP VIỆT NAM &quot;THỊ UY&quot; XE BUS ĐIỆN GIỮA LÒNG BANGKOK
👉 Khám phá ngay Tủ sách số và Audio book Thực chiến tại hệ thống Sơn Hải Nguyễn. Chỉ 15 phút nghe mỗi ngày, bạn sẽ có ngay tư duy sắc bén để xử lý gọn gàng những góc khuất đời thường và công sở.

👉 Truy cập ngay sonhainguyen.com để khám phá thêm kho công cụ và tài liệu hỗ trợ cho công việc và nâng cao kỹ năng làm việc của bạn
---------------------------------
Một đất nước có năng lực sản xuất khoảng 1,5 triệu ô tô mỗi năm, sở hữu hàng loạt nhà máy của Toyota, Honda, Isuzu hay Mitsubishi, giờ lại chứng kiến Kim Long Motor của Việt Nam mang xe buýt điện sang Bangkok, tổ chức lễ ra mắt và ký những đơn hàng hàng trăm chiếc ngay trên sân nhà của ngành ô tô Thái.

Câu chuyện càng đáng chú ý bởi trong nhiều năm, Việt Nam thường được xem là người đi sau trong ngành công nghiệp ô tô khu vực. Nhưng chỉ trong một thời gian ngắn, doanh nghiệp Việt đã bắt đầu xuất hiện ở những phân khúc mới như xe điện, xe buýt và phương tiện thương mại xanh.

Một số tư liệu được sử dụng trong video thuộc về các chủ sở hữu đáng kính. Mọi vấn đề liên quan đến bản quyền, vui lòng liên hệ: battlecry.vn@gmail.com.
Some of the materials used in the video belongs to the rightful owners. All Copyrights related issues should be sent to battlecry.vn@gmail.com. Thank you.

#battlecry #khampha #kinhte #dialy",DÂN THÁI LAN CAY ĐẮNG NHÌN CẢNH DOANH NGHIỆP VIỆT NAM &quot;THỊ UY&quot; XE BUS ĐIỆN GIỮA LÒNG BANGKOK,2026-09-21T05:18:24Z,2026-09-21T05:18:24Z,Tôi chỉ ủng hô   DN Vingroup  XS ra xe điện Winfats  ok,reply,UgwXkf77ToufJy1z3y94AaABAg,UgwXkf77ToufJy1z3y94AaABAg,1,2026-09-21T06:13:38Z,2026-09-21T06:13:38Z,1,UCDigEvcSmwIBcJ90W5FRq9Q,transport_impact,0,0,youtube_20260926_1347,baseline_20260926_134704,2026-09-26T20:49:25.345489+07:00
youtube_c_UgwXkf77ToufJy1z3y94AaABAg.Ab-vAqmALn4Ab00Oj7ErkV,youtube,https://www.youtube.com/watch?v=o5hjDTBi694,o5hjDTBi694,"DÂN THÁI LAN CAY ĐẮNG NHÌN CẢNH DOANH NGHIỆP VIỆT NAM &quot;THỊ UY&quot; XE BUS ĐIỆN GIỮA LÒNG BANGKOK
👉 Khám phá ngay Tủ sách số và Audio book Thực chiến tại hệ thống Sơn Hải Nguyễn. Chỉ 15 phút nghe mỗi ngày, bạn sẽ có ngay tư duy sắc bén để xử lý gọn gàng những góc khuất đời thường và công sở.

👉 Truy cập ngay sonhainguyen.com để khám phá thêm kho công cụ và tài liệu hỗ trợ cho công việc và nâng cao kỹ năng làm việc của bạn
---------------------------------
Một đất nước có năng lực sản xuất khoảng 1,5 triệu ô tô mỗi năm, sở hữu hàng loạt nhà máy của Toyota, Honda, Isuzu hay Mitsubishi, giờ lại chứng kiến Kim Long Motor của Việt Nam mang xe buýt điện sang Bangkok, tổ chức lễ ra mắt và ký những đơn hàng hàng trăm chiếc ngay trên sân nhà của ngành ô tô Thái.

Câu chuyện càng đáng chú ý bởi trong nhiều năm, Việt Nam thường được xem là người đi sau trong ngành công nghiệp ô tô khu vực. Nhưng chỉ trong một thời gian ngắn, doanh nghiệp Việt đã bắt đầu xuất hiện ở những phân khúc mới như xe điện, xe buýt và phương tiện thương mại xanh.

Một số tư liệu được sử dụng trong video thuộc về các chủ sở hữu đáng kính. Mọi vấn đề liên quan đến bản quyền, vui lòng liên hệ: battlecry.vn@gmail.com.
Some of the materials used in the video belongs to the rightful owners. All Copyrights related issues should be sent to battlecry.vn@gmail.com. Thank you.

#battlecry #khampha #kinhte #dialy",DÂN THÁI LAN CAY ĐẮNG NHÌN CẢNH DOANH NGHIỆP VIỆT NAM &quot;THỊ UY&quot; XE BUS ĐIỆN GIỮA LÒNG BANGKOK,2026-09-21T05:18:24Z,2026-09-21T05:18:24Z,"Người Hoa cũng thuộc 54 dân tộc Việt Nam
Quan trọng là Kim Long có nhà máy sản xuất động cơ Diesel tại Huế , có nhà máy sản xuất khung, thân xe các thứ nội địa 90% rồi
Còn xe điện cũng như Vinfast cái nào làm được thì làm trong nước, cái nào k làm được thì nhập khẩu. Quan trọng là có R&D để tiếp tục nội địa hoá sản phẩm
Cốt lõi là Cty tạo ra việc làm, đóng thuế cho nhà nước
Quê tôi là Kiên Giang cũ người gốc Hoa tính bằng Vạn có làm sao đâu. Họ cũng như người Kinh chứ có được hưởng ưu đãi chính sách gì đâu, cũng nai lưng làm kiếm cơm mà ăn",reply,UgwXkf77ToufJy1z3y94AaABAg,UgwXkf77ToufJy1z3y94AaABAg,1,2026-09-21T06:23:32Z,2026-09-21T06:23:32Z,3,UC2TWeht8MKAcn1bAXq4yASA,transport_impact,0,0,youtube_20260926_1347,baseline_20260926_134704,2026-09-26T20:49:25.347493+07:00
youtube_c_UgwXkf77ToufJy1z3y94AaABAg.Ab-vAqmALn4Ab00eMXFtQo,youtube,https://www.youtube.com/watch?v=o5hjDTBi694,o5hjDTBi694,"DÂN THÁI LAN CAY ĐẮNG NHÌN CẢNH DOANH NGHIỆP VIỆT NAM &quot;THỊ UY&quot; XE BUS ĐIỆN GIỮA LÒNG BANGKOK
👉 Khám phá ngay Tủ sách số và Audio book Thực chiến tại hệ thống Sơn Hải Nguyễn. Chỉ 15 phút nghe mỗi ngày, bạn sẽ có ngay tư duy sắc bén để xử lý gọn gàng những góc khuất đời thường và công sở.

👉 Truy cập ngay sonhainguyen.com để khám phá thêm kho công cụ và tài liệu hỗ trợ cho công việc và nâng cao kỹ năng làm việc của bạn
---------------------------------
Một đất nước có năng lực sản xuất khoảng 1,5 triệu ô tô mỗi năm, sở hữu hàng loạt nhà máy của Toyota, Honda, Isuzu hay Mitsubishi, giờ lại chứng kiến Kim Long Motor của Việt Nam mang xe buýt điện sang Bangkok, tổ chức lễ ra mắt và ký những đơn hàng hàng trăm chiếc ngay trên sân nhà của ngành ô tô Thái.

Câu chuyện càng đáng chú ý bởi trong nhiều năm, Việt Nam thường được xem là người đi sau trong ngành công nghiệp ô tô khu vực. Nhưng chỉ trong một thời gian ngắn, doanh nghiệp Việt đã bắt đầu xuất hiện ở những phân khúc mới như xe điện, xe buýt và phương tiện thương mại xanh.

Một số tư liệu được sử dụng trong video thuộc về các chủ sở hữu đáng kính. Mọi vấn đề liên quan đến bản quyền, vui lòng liên hệ: battlecry.vn@gmail.com.
Some of the materials used in the video belongs to the rightful owners. All Copyrights related issues should be sent to battlecry.vn@gmail.com. Thank you.

#battlecry #khampha #kinhte #dialy",DÂN THÁI LAN CAY ĐẮNG NHÌN CẢNH DOANH NGHIỆP VIỆT NAM &quot;THỊ UY&quot; XE BUS ĐIỆN GIỮA LÒNG BANGKOK,2026-09-21T05:18:24Z,2026-09-21T05:18:24Z,"Thật đau lòng, Việt Nam sao đời nào cũng có những kẻ cam tâm tình nguyện làm tay sai cho giặc không biết nữa 😥",reply,UgwXkf77ToufJy1z3y94AaABAg,UgwXkf77ToufJy1z3y94AaABAg,1,2026-09-21T06:25:48Z,2026-09-21T06:25:48Z,0,UCvXupIvf54QL1B-8PW2wUVg,,0,0,youtube_20260926_1347,baseline_20260926_134704,2026-09-26T20:49:25.348995+07:00
youtube_c_UgwXkf77ToufJy1z3y94AaABAg.Ab-vAqmALn4Ab00fGDnwVV,youtube,https://www.youtube.com/watch?v=o5hjDTBi694,o5hjDTBi694,"DÂN THÁI LAN CAY ĐẮNG NHÌN CẢNH DOANH NGHIỆP VIỆT NAM &quot;THỊ UY&quot; XE BUS ĐIỆN GIỮA LÒNG BANGKOK
👉 Khám phá ngay Tủ sách số và Audio book Thực chiến tại hệ thống Sơn Hải Nguyễn. Chỉ 15 phút nghe mỗi ngày, bạn sẽ có ngay tư duy sắc bén để xử lý gọn gàng những góc khuất đời thường và công sở.

👉 Truy cập ngay sonhainguyen.com để khám phá thêm kho công cụ và tài liệu hỗ trợ cho công việc và nâng cao kỹ năng làm việc của bạn
---------------------------------
Một đất nước có năng lực sản xuất khoảng 1,5 triệu ô tô mỗi năm, sở hữu hàng loạt nhà máy của Toyota, Honda, Isuzu hay Mitsubishi, giờ lại chứng kiến Kim Long Motor của Việt Nam mang xe buýt điện sang Bangkok, tổ chức lễ ra mắt và ký những đơn hàng hàng trăm chiếc ngay trên sân nhà của ngành ô tô Thái.

Câu chuyện càng đáng chú ý bởi trong nhiều năm, Việt Nam thường được xem là người đi sau trong ngành công nghiệp ô tô khu vực. Nhưng chỉ trong một thời gian ngắn, doanh nghiệp Việt đã bắt đầu xuất hiện ở những phân khúc mới như xe điện, xe buýt và phương tiện thương mại xanh.

Một số tư liệu được sử dụng trong video thuộc về các chủ sở hữu đáng kính. Mọi vấn đề liên quan đến bản quyền, vui lòng liên hệ: battlecry.vn@gmail.com.
Some of the materials used in the video belongs to the rightful owners. All Copyrights related issues should be sent to battlecry.vn@gmail.com. Thank you.

#battlecry #khampha #kinhte #dialy",DÂN THÁI LAN CAY ĐẮNG NHÌN CẢNH DOANH NGHIỆP VIỆT NAM &quot;THỊ UY&quot; XE BUS ĐIỆN GIỮA LÒNG BANGKOK,2026-09-21T05:18:24Z,2026-09-21T05:18:24Z,"@locphamba8337 Thật đau lòng, Việt Nam sao đời nào cũng có những kẻ cam tâm tình nguyện làm tay sai cho giặc không biết nữa 😥",reply,UgwXkf77ToufJy1z3y94AaABAg,UgwXkf77ToufJy1z3y94AaABAg,1,2026-09-21T06:25:56Z,2026-09-21T06:25:56Z,2,UCvXupIvf54QL1B-8PW2wUVg,,0,0,youtube_20260926_1347,baseline_20260926_134704,2026-09-26T20:49:25.348995+07:00
youtube_c_UgwXkf77ToufJy1z3y94AaABAg.Ab-vAqmALn4Ab00i7oVsnm,youtube,https://www.youtube.com/watch?v=o5hjDTBi694,o5hjDTBi694,"DÂN THÁI LAN CAY ĐẮNG NHÌN CẢNH DOANH NGHIỆP VIỆT NAM &quot;THỊ UY&quot; XE BUS ĐIỆN GIỮA LÒNG BANGKOK
👉 Khám phá ngay Tủ sách số và Audio book Thực chiến tại hệ thống Sơn Hải Nguyễn. Chỉ 15 phút nghe mỗi ngày, bạn sẽ có ngay tư duy sắc bén để xử lý gọn gàng những góc khuất đời thường và công sở.

👉 Truy cập ngay sonhainguyen.com để khám phá thêm kho công cụ và tài liệu hỗ trợ cho công việc và nâng cao kỹ năng làm việc của bạn
---------------------------------
Một đất nước có năng lực sản xuất khoảng 1,5 triệu ô tô mỗi năm, sở hữu hàng loạt nhà máy của Toyota, Honda, Isuzu hay Mitsubishi, giờ lại chứng kiến Kim Long Motor của Việt Nam mang xe buýt điện sang Bangkok, tổ chức lễ ra mắt và ký những đơn hàng hàng trăm chiếc ngay trên sân nhà của ngành ô tô Thái.

Câu chuyện càng đáng chú ý bởi trong nhiều năm, Việt Nam thường được xem là người đi sau trong ngành công nghiệp ô tô khu vực. Nhưng chỉ trong một thời gian ngắn, doanh nghiệp Việt đã bắt đầu xuất hiện ở những phân khúc mới như xe điện, xe buýt và phương tiện thương mại xanh.

Một số tư liệu được sử dụng trong video thuộc về các chủ sở hữu đáng kính. Mọi vấn đề liên quan đến bản quyền, vui lòng liên hệ: battlecry.vn@gmail.com.
Some of the materials used in the video belongs to the rightful owners. All Copyrights related issues should be sent to battlecry.vn@gmail.com. Thank you.

#battlecry #khampha #kinhte #dialy",DÂN THÁI LAN CAY ĐẮNG NHÌN CẢNH DOANH NGHIỆP VIỆT NAM &quot;THỊ UY&quot; XE BUS ĐIỆN GIỮA LÒNG BANGKOK,2026-09-21T05:18:24Z,2026-09-21T05:18:24Z,Cái điện thoại IPhone mà bạn đang dùng được SX tại TQ đó người Mỹ chỉ cái tên.,reply,UgwXkf77ToufJy1z3y94AaABAg,UgwXkf77ToufJy1z3y94AaABAg,1,2026-09-21T06:26:19Z,2026-09-21T06:26:19Z,0,UCxlz5boEfKhCFiCD7Qe7jmQ,,0,0,youtube_20260926_1347,baseline_20260926_134704,2026-09-26T20:49:25.348995+07:00
youtube_c_UgwXkf77ToufJy1z3y94AaABAg.Ab-vAqmALn4Ab02kzC5EXz,youtube,https://www.youtube.com/watch?v=o5hjDTBi694,o5hjDTBi694,"DÂN THÁI LAN CAY ĐẮNG NHÌN CẢNH DOANH NGHIỆP VIỆT NAM &quot;THỊ UY&quot; XE BUS ĐIỆN GIỮA LÒNG BANGKOK
👉 Khám phá ngay Tủ sách số và Audio book Thực chiến tại hệ thống Sơn Hải Nguyễn. Chỉ 15 phút nghe mỗi ngày, bạn sẽ có ngay tư duy sắc bén để xử lý gọn gàng những góc khuất đời thường và công sở.

👉 Truy cập ngay sonhainguyen.com để khám phá thêm kho công cụ và tài liệu hỗ trợ cho công việc và nâng cao kỹ năng làm việc của bạn
---------------------------------
Một đất nước có năng lực sản xuất khoảng 1,5 triệu ô tô mỗi năm, sở hữu hàng loạt nhà máy của Toyota, Honda, Isuzu hay Mitsubishi, giờ lại chứng kiến Kim Long Motor của Việt Nam mang xe buýt điện sang Bangkok, tổ chức lễ ra mắt và ký những đơn hàng hàng trăm chiếc ngay trên sân nhà của ngành ô tô Thái.

Câu chuyện càng đáng chú ý bởi trong nhiều năm, Việt Nam thường được xem là người đi sau trong ngành công nghiệp ô tô khu vực. Nhưng chỉ trong một thời gian ngắn, doanh nghiệp Việt đã bắt đầu xuất hiện ở những phân khúc mới như xe điện, xe buýt và phương tiện thương mại xanh.

Một số tư liệu được sử dụng trong video thuộc về các chủ sở hữu đáng kính. Mọi vấn đề liên quan đến bản quyền, vui lòng liên hệ: battlecry.vn@gmail.com.
Some of the materials used in the video belongs to the rightful owners. All Copyrights related issues should be sent to battlecry.vn@gmail.com. Thank you.

#battlecry #khampha #kinhte #dialy",DÂN THÁI LAN CAY ĐẮNG NHÌN CẢNH DOANH NGHIỆP VIỆT NAM &quot;THỊ UY&quot; XE BUS ĐIỆN GIỮA LÒNG BANGKOK,2026-09-21T05:18:24Z,2026-09-21T05:18:24Z,😂Bố thằng hâm.,reply,UgwXkf77ToufJy1z3y94AaABAg,UgwXkf77ToufJy1z3y94AaABAg,1,2026-09-21T06:44:11Z,2026-09-21T06:44:11Z,0,UC1uhLPzt7UtKnP6fIaKvpgw,,0,0,youtube_20260926_1347,baseline_20260926_134704,2026-09-26T20:49:25.348995+07:00
youtube_c_UgwXkf77ToufJy1z3y94AaABAg.Ab-vAqmALn4Ab02wb8-W8-,youtube,https://www.youtube.com/watch?v=o5hjDTBi694,o5hjDTBi694,"DÂN THÁI LAN CAY ĐẮNG NHÌN CẢNH DOANH NGHIỆP VIỆT NAM &quot;THỊ UY&quot; XE BUS ĐIỆN GIỮA LÒNG BANGKOK
👉 Khám phá ngay Tủ sách số và Audio book Thực chiến tại hệ thống Sơn Hải Nguyễn. Chỉ 15 phút nghe mỗi ngày, bạn sẽ có ngay tư duy sắc bén để xử lý gọn gàng những góc khuất đời thường và công sở.

👉 Truy cập ngay sonhainguyen.com để khám phá thêm kho công cụ và tài liệu hỗ trợ cho công việc và nâng cao kỹ năng làm việc của bạn
---------------------------------
Một đất nước có năng lực sản xuất khoảng 1,5 triệu ô tô mỗi năm, sở hữu hàng loạt nhà máy của Toyota, Honda, Isuzu hay Mitsubishi, giờ lại chứng kiến Kim Long Motor của Việt Nam mang xe buýt điện sang Bangkok, tổ chức lễ ra mắt và ký những đơn hàng hàng trăm chiếc ngay trên sân nhà của ngành ô tô Thái.

Câu chuyện càng đáng chú ý bởi trong nhiều năm, Việt Nam thường được xem là người đi sau trong ngành công nghiệp ô tô khu vực. Nhưng chỉ trong một thời gian ngắn, doanh nghiệp Việt đã bắt đầu xuất hiện ở những phân khúc mới như xe điện, xe buýt và phương tiện thương mại xanh.

Một số tư liệu được sử dụng trong video thuộc về các chủ sở hữu đáng kính. Mọi vấn đề liên quan đến bản quyền, vui lòng liên hệ: battlecry.vn@gmail.com.
Some of the materials used in the video belongs to the rightful owners. All Copyrights related issues should be sent to battlecry.vn@gmail.com. Thank you.

#battlecry #khampha #kinhte #dialy",DÂN THÁI LAN CAY ĐẮNG NHÌN CẢNH DOANH NGHIỆP VIỆT NAM &quot;THỊ UY&quot; XE BUS ĐIỆN GIỮA LÒNG BANGKOK,2026-09-21T05:18:24Z,2026-09-21T05:18:24Z,Mẹ đọc toàn khóc thuê khóc mướn =)))),reply,UgwXkf77ToufJy1z3y94AaABAg,UgwXkf77ToufJy1z3y94AaABAg,1,2026-09-21T06:45:47Z,2026-09-21T06:45:47Z,0,UCbrPxwt9C6Jm2esyia7EV7Q,,0,0,youtube_20260926_1347,baseline_20260926_134704,2026-09-26T20:49:25.350894+07:00
youtube_c_UgwXkf77ToufJy1z3y94AaABAg.Ab-vAqmALn4Ab03J9obkTi,youtube,https://www.youtube.com/watch?v=o5hjDTBi694,o5hjDTBi694,"DÂN THÁI LAN CAY ĐẮNG NHÌN CẢNH DOANH NGHIỆP VIỆT NAM &quot;THỊ UY&quot; XE BUS ĐIỆN GIỮA LÒNG BANGKOK
👉 Khám phá ngay Tủ sách số và Audio book Thực chiến tại hệ thống Sơn Hải Nguyễn. Chỉ 15 phút nghe mỗi ngày, bạn sẽ có ngay tư duy sắc bén để xử lý gọn gàng những góc khuất đời thường và công sở.

👉 Truy cập ngay sonhainguyen.com để khám phá thêm kho công cụ và tài liệu hỗ trợ cho công việc và nâng cao kỹ năng làm việc của bạn
---------------------------------
Một đất nước có năng lực sản xuất khoảng 1,5 triệu ô tô mỗi năm, sở hữu hàng loạt nhà máy của Toyota, Honda, Isuzu hay Mitsubishi, giờ lại chứng kiến Kim Long Motor của Việt Nam mang xe buýt điện sang Bangkok, tổ chức lễ ra mắt và ký những đơn hàng hàng trăm chiếc ngay trên sân nhà của ngành ô tô Thái.

Câu chuyện càng đáng chú ý bởi trong nhiều năm, Việt Nam thường được xem là người đi sau trong ngành công nghiệp ô tô khu vực. Nhưng chỉ trong một thời gian ngắn, doanh nghiệp Việt đã bắt đầu xuất hiện ở những phân khúc mới như xe điện, xe buýt và phương tiện thương mại xanh.

Một số tư liệu được sử dụng trong video thuộc về các chủ sở hữu đáng kính. Mọi vấn đề liên quan đến bản quyền, vui lòng liên hệ: battlecry.vn@gmail.com.
Some of the materials used in the video belongs to the rightful owners. All Copyrights related issues should be sent to battlecry.vn@gmail.com. Thank you.

#battlecry #khampha #kinhte #dialy",DÂN THÁI LAN CAY ĐẮNG NHÌN CẢNH DOANH NGHIỆP VIỆT NAM &quot;THỊ UY&quot; XE BUS ĐIỆN GIỮA LÒNG BANGKOK,2026-09-21T05:18:24Z,2026-09-21T05:18:24Z,"@NgọcQuýLê-l8g Iphone là cty của Mỹ nhé, Trung Quốc chỉ có công đoạn lắp ráp mà thôi, mặt khác là do Foxcon của Đài Loan lắp ráp chứ cũng chẳng phải là cty của Trung Quốc đâu.
Hãy phân biệt rõ ràng giữa hàng Trung Quốc với hàng được lắp ráp ở Trung Quốc nhé, đừng đánh tráo khái niệm 😂",reply,UgwXkf77ToufJy1z3y94AaABAg,UgwXkf77ToufJy1z3y94AaABAg,1,2026-09-21T06:48:59Z,2026-09-21T06:48:59Z,0,UCvXupIvf54QL1B-8PW2wUVg,,0,0,youtube_20260926_1347,baseline_20260926_134704,2026-09-26T20:49:25.351240+07:00
youtube_c_UgwXkf77ToufJy1z3y94AaABAg.Ab-vAqmALn4Ab03kLIp-XW,youtube,https://www.youtube.com/watch?v=o5hjDTBi694,o5hjDTBi694,"DÂN THÁI LAN CAY ĐẮNG NHÌN CẢNH DOANH NGHIỆP VIỆT NAM &quot;THỊ UY&quot; XE BUS ĐIỆN GIỮA LÒNG BANGKOK
👉 Khám phá ngay Tủ sách số và Audio book Thực chiến tại hệ thống Sơn Hải Nguyễn. Chỉ 15 phút nghe mỗi ngày, bạn sẽ có ngay tư duy sắc bén để xử lý gọn gàng những góc khuất đời thường và công sở.

👉 Truy cập ngay sonhainguyen.com để khám phá thêm kho công cụ và tài liệu hỗ trợ cho công việc và nâng cao kỹ năng làm việc của bạn
---------------------------------
Một đất nước có năng lực sản xuất khoảng 1,5 triệu ô tô mỗi năm, sở hữu hàng loạt nhà máy của Toyota, Honda, Isuzu hay Mitsubishi, giờ lại chứng kiến Kim Long Motor của Việt Nam mang xe buýt điện sang Bangkok, tổ chức lễ ra mắt và ký những đơn hàng hàng trăm chiếc ngay trên sân nhà của ngành ô tô Thái.

Câu chuyện càng đáng chú ý bởi trong nhiều năm, Việt Nam thường được xem là người đi sau trong ngành công nghiệp ô tô khu vực. Nhưng chỉ trong một thời gian ngắn, doanh nghiệp Việt đã bắt đầu xuất hiện ở những phân khúc mới như xe điện, xe buýt và phương tiện thương mại xanh.

Một số tư liệu được sử dụng trong video thuộc về các chủ sở hữu đáng kính. Mọi vấn đề liên quan đến bản quyền, vui lòng liên hệ: battlecry.vn@gmail.com.
Some of the materials used in the video belongs to the rightful owners. All Copyrights related issues should be sent to battlecry.vn@gmail.com. Thank you.

#battlecry #khampha #kinhte #dialy",DÂN THÁI LAN CAY ĐẮNG NHÌN CẢNH DOANH NGHIỆP VIỆT NAM &quot;THỊ UY&quot; XE BUS ĐIỆN GIỮA LÒNG BANGKOK,2026-09-21T05:18:24Z,2026-09-21T05:18:24Z,@nguyenhoangquan6607nguồn đâu mày?,reply,UgwXkf77ToufJy1z3y94AaABAg,UgwXkf77ToufJy1z3y94AaABAg,1,2026-09-21T06:52:50Z,2026-09-21T06:52:50Z,0,UC9QPhHuDR8OK4VevrCpCluQ,,0,0,youtube_20260926_1347,baseline_20260926_134704,2026-09-26T20:49:25.351240+07:00
youtube_c_UgwXkf77ToufJy1z3y94AaABAg.Ab-vAqmALn4Ab03pHlLe0k,youtube,https://www.youtube.com/watch?v=o5hjDTBi694,o5hjDTBi694,"DÂN THÁI LAN CAY ĐẮNG NHÌN CẢNH DOANH NGHIỆP VIỆT NAM &quot;THỊ UY&quot; XE BUS ĐIỆN GIỮA LÒNG BANGKOK
👉 Khám phá ngay Tủ sách số và Audio book Thực chiến tại hệ thống Sơn Hải Nguyễn. Chỉ 15 phút nghe mỗi ngày, bạn sẽ có ngay tư duy sắc bén để xử lý gọn gàng những góc khuất đời thường và công sở.

👉 Truy cập ngay sonhainguyen.com để khám phá thêm kho công cụ và tài liệu hỗ trợ cho công việc và nâng cao kỹ năng làm việc của bạn
---------------------------------
Một đất nước có năng lực sản xuất khoảng 1,5 triệu ô tô mỗi năm, sở hữu hàng loạt nhà máy của Toyota, Honda, Isuzu hay Mitsubishi, giờ lại chứng kiến Kim Long Motor của Việt Nam mang xe buýt điện sang Bangkok, tổ chức lễ ra mắt và ký những đơn hàng hàng trăm chiếc ngay trên sân nhà của ngành ô tô Thái.

Câu chuyện càng đáng chú ý bởi trong nhiều năm, Việt Nam thường được xem là người đi sau trong ngành công nghiệp ô tô khu vực. Nhưng chỉ trong một thời gian ngắn, doanh nghiệp Việt đã bắt đầu xuất hiện ở những phân khúc mới như xe điện, xe buýt và phương tiện thương mại xanh.

Một số tư liệu được sử dụng trong video thuộc về các chủ sở hữu đáng kính. Mọi vấn đề liên quan đến bản quyền, vui lòng liên hệ: battlecry.vn@gmail.com.
Some of the materials used in the video belongs to the rightful owners. All Copyrights related issues should be sent to battlecry.vn@gmail.com. Thank you.

#battlecry #khampha #kinhte #dialy",DÂN THÁI LAN CAY ĐẮNG NHÌN CẢNH DOANH NGHIỆP VIỆT NAM &quot;THỊ UY&quot; XE BUS ĐIỆN GIỮA LÒNG BANGKOK,2026-09-21T05:18:24Z,2026-09-21T05:18:24Z,"Ngáo đá hả😂 Linh kiện TQ là đúng nhưng là mua dây chuyền về sản xuất (của DONGFENG và Yuchai), còn Ông Luận chủ tịch Kim Long đồng thời là chủ tịch FUTA (Phương Trang) là người Kinh. Phương Trang dùng xe Kim Long thì khác gì VinBus dùng Vinfast đâu mà dành đc nhiều với ít hợp đồng😂",reply,UgwXkf77ToufJy1z3y94AaABAg,UgwXkf77ToufJy1z3y94AaABAg,1,2026-09-21T06:53:31Z,2026-09-21T06:53:31Z,0,UCO7wzFUVeYMm2Ff9FfLE43Q,electric_bus,0,0,youtube_20260926_1347,baseline_20260926_134704,2026-09-26T20:49:25.351240+07:00
youtube_c_UgwXkf77ToufJy1z3y94AaABAg.Ab-vAqmALn4Ab047RX391X,youtube,https://www.youtube.com/watch?v=o5hjDTBi694,o5hjDTBi694,"DÂN THÁI LAN CAY ĐẮNG NHÌN CẢNH DOANH NGHIỆP VIỆT NAM &quot;THỊ UY&quot; XE BUS ĐIỆN GIỮA LÒNG BANGKOK
👉 Khám phá ngay Tủ sách số và Audio book Thực chiến tại hệ thống Sơn Hải Nguyễn. Chỉ 15 phút nghe mỗi ngày, bạn sẽ có ngay tư duy sắc bén để xử lý gọn gàng những góc khuất đời thường và công sở.

👉 Truy cập ngay sonhainguyen.com để khám phá thêm kho công cụ và tài liệu hỗ trợ cho công việc và nâng cao kỹ năng làm việc của bạn
---------------------------------
Một đất nước có năng lực sản xuất khoảng 1,5 triệu ô tô mỗi năm, sở hữu hàng loạt nhà máy của Toyota, Honda, Isuzu hay Mitsubishi, giờ lại chứng kiến Kim Long Motor của Việt Nam mang xe buýt điện sang Bangkok, tổ chức lễ ra mắt và ký những đơn hàng hàng trăm chiếc ngay trên sân nhà của ngành ô tô Thái.

Câu chuyện càng đáng chú ý bởi trong nhiều năm, Việt Nam thường được xem là người đi sau trong ngành công nghiệp ô tô khu vực. Nhưng chỉ trong một thời gian ngắn, doanh nghiệp Việt đã bắt đầu xuất hiện ở những phân khúc mới như xe điện, xe buýt và phương tiện thương mại xanh.

Một số tư liệu được sử dụng trong video thuộc về các chủ sở hữu đáng kính. Mọi vấn đề liên quan đến bản quyền, vui lòng liên hệ: battlecry.vn@gmail.com.
Some of the materials used in the video belongs to the rightful owners. All Copyrights related issues should be sent to battlecry.vn@gmail.com. Thank you.

#battlecry #khampha #kinhte #dialy",DÂN THÁI LAN CAY ĐẮNG NHÌN CẢNH DOANH NGHIỆP VIỆT NAM &quot;THỊ UY&quot; XE BUS ĐIỆN GIỮA LÒNG BANGKOK,2026-09-21T05:18:24Z,2026-09-21T05:18:24Z,"@catbui.tiensinhAi chẳng biết là Cty Mỹ lắp ráp ở TQ, IPhone cũng mua linh kiện của TQ, Hàn Quốc để hoàn thiện SP, Và Các hãng khác cũng vậy.",reply,UgwXkf77ToufJy1z3y94AaABAg,UgwXkf77ToufJy1z3y94AaABAg,1,2026-09-21T06:56:08Z,2026-09-21T06:56:08Z,0,UCxlz5boEfKhCFiCD7Qe7jmQ,,0,0,youtube_20260926_1347,baseline_20260926_134704,2026-09-26T20:49:25.351240+07:00
youtube_c_UgwXkf77ToufJy1z3y94AaABAg.Ab-vAqmALn4Ab06MHxJWm4,youtube,https://www.youtube.com/watch?v=o5hjDTBi694,o5hjDTBi694,"DÂN THÁI LAN CAY ĐẮNG NHÌN CẢNH DOANH NGHIỆP VIỆT NAM &quot;THỊ UY&quot; XE BUS ĐIỆN GIỮA LÒNG BANGKOK
👉 Khám phá ngay Tủ sách số và Audio book Thực chiến tại hệ thống Sơn Hải Nguyễn. Chỉ 15 phút nghe mỗi ngày, bạn sẽ có ngay tư duy sắc bén để xử lý gọn gàng những góc khuất đời thường và công sở.

👉 Truy cập ngay sonhainguyen.com để khám phá thêm kho công cụ và tài liệu hỗ trợ cho công việc và nâng cao kỹ năng làm việc của bạn
---------------------------------
Một đất nước có năng lực sản xuất khoảng 1,5 triệu ô tô mỗi năm, sở hữu hàng loạt nhà máy của Toyota, Honda, Isuzu hay Mitsubishi, giờ lại chứng kiến Kim Long Motor của Việt Nam mang xe buýt điện sang Bangkok, tổ chức lễ ra mắt và ký những đơn hàng hàng trăm chiếc ngay trên sân nhà của ngành ô tô Thái.

Câu chuyện càng đáng chú ý bởi trong nhiều năm, Việt Nam thường được xem là người đi sau trong ngành công nghiệp ô tô khu vực. Nhưng chỉ trong một thời gian ngắn, doanh nghiệp Việt đã bắt đầu xuất hiện ở những phân khúc mới như xe điện, xe buýt và phương tiện thương mại xanh.

Một số tư liệu được sử dụng trong video thuộc về các chủ sở hữu đáng kính. Mọi vấn đề liên quan đến bản quyền, vui lòng liên hệ: battlecry.vn@gmail.com.
Some of the materials used in the video belongs to the rightful owners. All Copyrights related issues should be sent to battlecry.vn@gmail.com. Thank you.

#battlecry #khampha #kinhte #dialy",DÂN THÁI LAN CAY ĐẮNG NHÌN CẢNH DOANH NGHIỆP VIỆT NAM &quot;THỊ UY&quot; XE BUS ĐIỆN GIỮA LÒNG BANGKOK,2026-09-21T05:18:24Z,2026-09-21T05:18:24Z,"Kim Long chỉ là một phiên bản khác của Asanzo mà thôi .
Rõ ràng là Asanzo đã chết oan còn Kim Long vẫn nhởn nhơ mang mác Việt nhưng ruột tàu .",reply,UgwXkf77ToufJy1z3y94AaABAg,UgwXkf77ToufJy1z3y94AaABAg,1,2026-09-21T07:15:38Z,2026-09-21T07:15:38Z,0,UCemMMFsjeV3ejRxJICNcxxA,,0,0,youtube_20260926_1347,baseline_20260926_134704,2026-09-26T20:49:25.351240+07:00
youtube_c_UgwXkf77ToufJy1z3y94AaABAg.Ab-vAqmALn4Ab07JGY3-Dp,youtube,https://www.youtube.com/watch?v=o5hjDTBi694,o5hjDTBi694,"DÂN THÁI LAN CAY ĐẮNG NHÌN CẢNH DOANH NGHIỆP VIỆT NAM &quot;THỊ UY&quot; XE BUS ĐIỆN GIỮA LÒNG BANGKOK
👉 Khám phá ngay Tủ sách số và Audio book Thực chiến tại hệ thống Sơn Hải Nguyễn. Chỉ 15 phút nghe mỗi ngày, bạn sẽ có ngay tư duy sắc bén để xử lý gọn gàng những góc khuất đời thường và công sở.

👉 Truy cập ngay sonhainguyen.com để khám phá thêm kho công cụ và tài liệu hỗ trợ cho công việc và nâng cao kỹ năng làm việc của bạn
---------------------------------
Một đất nước có năng lực sản xuất khoảng 1,5 triệu ô tô mỗi năm, sở hữu hàng loạt nhà máy của Toyota, Honda, Isuzu hay Mitsubishi, giờ lại chứng kiến Kim Long Motor của Việt Nam mang xe buýt điện sang Bangkok, tổ chức lễ ra mắt và ký những đơn hàng hàng trăm chiếc ngay trên sân nhà của ngành ô tô Thái.

Câu chuyện càng đáng chú ý bởi trong nhiều năm, Việt Nam thường được xem là người đi sau trong ngành công nghiệp ô tô khu vực. Nhưng chỉ trong một thời gian ngắn, doanh nghiệp Việt đã bắt đầu xuất hiện ở những phân khúc mới như xe điện, xe buýt và phương tiện thương mại xanh.

Một số tư liệu được sử dụng trong video thuộc về các chủ sở hữu đáng kính. Mọi vấn đề liên quan đến bản quyền, vui lòng liên hệ: battlecry.vn@gmail.com.
Some of the materials used in the video belongs to the rightful owners. All Copyrights related issues should be sent to battlecry.vn@gmail.com. Thank you.

#battlecry #khampha #kinhte #dialy",DÂN THÁI LAN CAY ĐẮNG NHÌN CẢNH DOANH NGHIỆP VIỆT NAM &quot;THỊ UY&quot; XE BUS ĐIỆN GIỮA LÒNG BANGKOK,2026-09-21T05:18:24Z,2026-09-21T05:18:24Z,"@VinhLê-s8nhọ lắp ráp xe từ 2018, mua dây chuyền từ 2020. 2025 thì cây khu phức hợp? Họ mua linh kiện và hợp tác mua dây chuyền hợp pháp được đăng ký đàng hoàng? Quan trọng là thương hiệu là của người Việt, ko mua linh kiện của thằng này thì mua của thằng khác, mình làm chủ tên thương hiệu. Nước nhỏ như lỗ mũi, nền công nghiệp đẻ sau đòi 100%? Tỉ lệ nội địa hoá hoi có thua VF éo đâu, vấn đề là họ không truyền thông đại chúng nhiều vì khách hàng của họ ko phải kh cá nhân, mà là doanh nghiệp vận tải.",reply,UgwXkf77ToufJy1z3y94AaABAg,UgwXkf77ToufJy1z3y94AaABAg,1,2026-09-21T07:23:57Z,2026-09-21T07:23:57Z,0,UCO7wzFUVeYMm2Ff9FfLE43Q,,0,0,youtube_20260926_1347,baseline_20260926_134704,2026-09-26T20:49:25.357959+07:00
youtube_c_UgwXkf77ToufJy1z3y94AaABAg.Ab-vAqmALn4Ab07ZOjrCKF,youtube,https://www.youtube.com/watch?v=o5hjDTBi694,o5hjDTBi694,"DÂN THÁI LAN CAY ĐẮNG NHÌN CẢNH DOANH NGHIỆP VIỆT NAM &quot;THỊ UY&quot; XE BUS ĐIỆN GIỮA LÒNG BANGKOK
👉 Khám phá ngay Tủ sách số và Audio book Thực chiến tại hệ thống Sơn Hải Nguyễn. Chỉ 15 phút nghe mỗi ngày, bạn sẽ có ngay tư duy sắc bén để xử lý gọn gàng những góc khuất đời thường và công sở.

👉 Truy cập ngay sonhainguyen.com để khám phá thêm kho công cụ và tài liệu hỗ trợ cho công việc và nâng cao kỹ năng làm việc của bạn
---------------------------------
Một đất nước có năng lực sản xuất khoảng 1,5 triệu ô tô mỗi năm, sở hữu hàng loạt nhà máy của Toyota, Honda, Isuzu hay Mitsubishi, giờ lại chứng kiến Kim Long Motor của Việt Nam mang xe buýt điện sang Bangkok, tổ chức lễ ra mắt và ký những đơn hàng hàng trăm chiếc ngay trên sân nhà của ngành ô tô Thái.

Câu chuyện càng đáng chú ý bởi trong nhiều năm, Việt Nam thường được xem là người đi sau trong ngành công nghiệp ô tô khu vực. Nhưng chỉ trong một thời gian ngắn, doanh nghiệp Việt đã bắt đầu xuất hiện ở những phân khúc mới như xe điện, xe buýt và phương tiện thương mại xanh.

Một số tư liệu được sử dụng trong video thuộc về các chủ sở hữu đáng kính. Mọi vấn đề liên quan đến bản quyền, vui lòng liên hệ: battlecry.vn@gmail.com.
Some of the materials used in the video belongs to the rightful owners. All Copyrights related issues should be sent to battlecry.vn@gmail.com. Thank you.

#battlecry #khampha #kinhte #dialy",DÂN THÁI LAN CAY ĐẮNG NHÌN CẢNH DOANH NGHIỆP VIỆT NAM &quot;THỊ UY&quot; XE BUS ĐIỆN GIỮA LÒNG BANGKOK,2026-09-21T05:18:24Z,2026-09-21T05:18:24Z,@catbui.tiensinh kể cả làm tay sai mà có tiền có xe có nhà có của còn hơn cái bọn mõm đồi bài tàu bài trung mà éo có cái gì trong tay,reply,UgwXkf77ToufJy1z3y94AaABAg,UgwXkf77ToufJy1z3y94AaABAg,1,2026-09-21T07:26:09Z,2026-09-21T07:26:09Z,0,UC8eKW7r7XVOzGsWu4mRFNEA,,0,0,youtube_20260926_1347,baseline_20260926_134704,2026-09-26T20:49:25.359150+07:00
youtube_c_UgwXkf77ToufJy1z3y94AaABAg.Ab-vAqmALn4Ab07xSYnmX3,youtube,https://www.youtube.com/watch?v=o5hjDTBi694,o5hjDTBi694,"DÂN THÁI LAN CAY ĐẮNG NHÌN CẢNH DOANH NGHIỆP VIỆT NAM &quot;THỊ UY&quot; XE BUS ĐIỆN GIỮA LÒNG BANGKOK
👉 Khám phá ngay Tủ sách số và Audio book Thực chiến tại hệ thống Sơn Hải Nguyễn. Chỉ 15 phút nghe mỗi ngày, bạn sẽ có ngay tư duy sắc bén để xử lý gọn gàng những góc khuất đời thường và công sở.

👉 Truy cập ngay sonhainguyen.com để khám phá thêm kho công cụ và tài liệu hỗ trợ cho công việc và nâng cao kỹ năng làm việc của bạn
---------------------------------
Một đất nước có năng lực sản xuất khoảng 1,5 triệu ô tô mỗi năm, sở hữu hàng loạt nhà máy của Toyota, Honda, Isuzu hay Mitsubishi, giờ lại chứng kiến Kim Long Motor của Việt Nam mang xe buýt điện sang Bangkok, tổ chức lễ ra mắt và ký những đơn hàng hàng trăm chiếc ngay trên sân nhà của ngành ô tô Thái.

Câu chuyện càng đáng chú ý bởi trong nhiều năm, Việt Nam thường được xem là người đi sau trong ngành công nghiệp ô tô khu vực. Nhưng chỉ trong một thời gian ngắn, doanh nghiệp Việt đã bắt đầu xuất hiện ở những phân khúc mới như xe điện, xe buýt và phương tiện thương mại xanh.

Một số tư liệu được sử dụng trong video thuộc về các chủ sở hữu đáng kính. Mọi vấn đề liên quan đến bản quyền, vui lòng liên hệ: battlecry.vn@gmail.com.
Some of the materials used in the video belongs to the rightful owners. All Copyrights related issues should be sent to battlecry.vn@gmail.com. Thank you.

#battlecry #khampha #kinhte #dialy",DÂN THÁI LAN CAY ĐẮNG NHÌN CẢNH DOANH NGHIỆP VIỆT NAM &quot;THỊ UY&quot; XE BUS ĐIỆN GIỮA LÒNG BANGKOK,2026-09-21T05:18:24Z,2026-09-21T05:18:24Z,"​@catbui.tiensinhLắp ráp cc, tỷ lệ nội hoá gần 90% rồi biết thì tậm tặc",reply,UgwXkf77ToufJy1z3y94AaABAg,UgwXkf77ToufJy1z3y94AaABAg,1,2026-09-21T07:29:35Z,2026-09-21T07:29:35Z,0,UCQsoZ0DOxCEH56Ls8iUZNaw,,0,0,youtube_20260926_1347,baseline_20260926_134704,2026-09-26T20:49:25.359659+07:00
youtube_c_UgwXkf77ToufJy1z3y94AaABAg.Ab-vAqmALn4Ab082QPA2am,youtube,https://www.youtube.com/watch?v=o5hjDTBi694,o5hjDTBi694,"DÂN THÁI LAN CAY ĐẮNG NHÌN CẢNH DOANH NGHIỆP VIỆT NAM &quot;THỊ UY&quot; XE BUS ĐIỆN GIỮA LÒNG BANGKOK
👉 Khám phá ngay Tủ sách số và Audio book Thực chiến tại hệ thống Sơn Hải Nguyễn. Chỉ 15 phút nghe mỗi ngày, bạn sẽ có ngay tư duy sắc bén để xử lý gọn gàng những góc khuất đời thường và công sở.

👉 Truy cập ngay sonhainguyen.com để khám phá thêm kho công cụ và tài liệu hỗ trợ cho công việc và nâng cao kỹ năng làm việc của bạn
---------------------------------
Một đất nước có năng lực sản xuất khoảng 1,5 triệu ô tô mỗi năm, sở hữu hàng loạt nhà máy của Toyota, Honda, Isuzu hay Mitsubishi, giờ lại chứng kiến Kim Long Motor của Việt Nam mang xe buýt điện sang Bangkok, tổ chức lễ ra mắt và ký những đơn hàng hàng trăm chiếc ngay trên sân nhà của ngành ô tô Thái.

Câu chuyện càng đáng chú ý bởi trong nhiều năm, Việt Nam thường được xem là người đi sau trong ngành công nghiệp ô tô khu vực. Nhưng chỉ trong một thời gian ngắn, doanh nghiệp Việt đã bắt đầu xuất hiện ở những phân khúc mới như xe điện, xe buýt và phương tiện thương mại xanh.

Một số tư liệu được sử dụng trong video thuộc về các chủ sở hữu đáng kính. Mọi vấn đề liên quan đến bản quyền, vui lòng liên hệ: battlecry.vn@gmail.com.
Some of the materials used in the video belongs to the rightful owners. All Copyrights related issues should be sent to battlecry.vn@gmail.com. Thank you.

#battlecry #khampha #kinhte #dialy",DÂN THÁI LAN CAY ĐẮNG NHÌN CẢNH DOANH NGHIỆP VIỆT NAM &quot;THỊ UY&quot; XE BUS ĐIỆN GIỮA LÒNG BANGKOK,2026-09-21T05:18:24Z,2026-09-21T05:18:24Z,@catbui.tiensinh mày có tiền thì cứ mua hàng mẽo hàng âu mà xài ai bắt mày phải xài hàng tàu,reply,UgwXkf77ToufJy1z3y94AaABAg,UgwXkf77ToufJy1z3y94AaABAg,1,2026-09-21T07:30:24Z,2026-09-21T07:30:24Z,0,UC8eKW7r7XVOzGsWu4mRFNEA,,0,0,youtube_20260926_1347,baseline_20260926_134704,2026-09-26T20:49:25.359659+07:00
youtube_c_UgwXkf77ToufJy1z3y94AaABAg.Ab-vAqmALn4Ab08dn5yUGG,youtube,https://www.youtube.com/watch?v=o5hjDTBi694,o5hjDTBi694,"DÂN THÁI LAN CAY ĐẮNG NHÌN CẢNH DOANH NGHIỆP VIỆT NAM &quot;THỊ UY&quot; XE BUS ĐIỆN GIỮA LÒNG BANGKOK
👉 Khám phá ngay Tủ sách số và Audio book Thực chiến tại hệ thống Sơn Hải Nguyễn. Chỉ 15 phút nghe mỗi ngày, bạn sẽ có ngay tư duy sắc bén để xử lý gọn gàng những góc khuất đời thường và công sở.

👉 Truy cập ngay sonhainguyen.com để khám phá thêm kho công cụ và tài liệu hỗ trợ cho công việc và nâng cao kỹ năng làm việc của bạn
---------------------------------
Một đất nước có năng lực sản xuất khoảng 1,5 triệu ô tô mỗi năm, sở hữu hàng loạt nhà máy của Toyota, Honda, Isuzu hay Mitsubishi, giờ lại chứng kiến Kim Long Motor của Việt Nam mang xe buýt điện sang Bangkok, tổ chức lễ ra mắt và ký những đơn hàng hàng trăm chiếc ngay trên sân nhà của ngành ô tô Thái.

Câu chuyện càng đáng chú ý bởi trong nhiều năm, Việt Nam thường được xem là người đi sau trong ngành công nghiệp ô tô khu vực. Nhưng chỉ trong một thời gian ngắn, doanh nghiệp Việt đã bắt đầu xuất hiện ở những phân khúc mới như xe điện, xe buýt và phương tiện thương mại xanh.

Một số tư liệu được sử dụng trong video thuộc về các chủ sở hữu đáng kính. Mọi vấn đề liên quan đến bản quyền, vui lòng liên hệ: battlecry.vn@gmail.com.
Some of the materials used in the video belongs to the rightful owners. All Copyrights related issues should be sent to battlecry.vn@gmail.com. Thank you.

#battlecry #khampha #kinhte #dialy",DÂN THÁI LAN CAY ĐẮNG NHÌN CẢNH DOANH NGHIỆP VIỆT NAM &quot;THỊ UY&quot; XE BUS ĐIỆN GIỮA LÒNG BANGKOK,2026-09-21T05:18:24Z,2026-09-21T05:18:24Z,Mua bản quyền sáng chế công nghệ đúc phôi khung máy và thân xe lắp ráp trong nước. Mặc dù không chúng ta phải là nơi tự thiết kế ngay từ đầu vì ngốn hàng tỷ usd vốn. Chúng ta mua bằng sáng chế còn chuyện tương lai từ cái bằng sáng chế chúng ta độ chế như thế nào chưa ai biết được. Hiện tại nói về giá thành sản xuất không có 1 quốc gia cạnh tranh nổi với Trung Quốc đó là 1 sự thật 😅😅😅,reply,UgwXkf77ToufJy1z3y94AaABAg,UgwXkf77ToufJy1z3y94AaABAg,1,2026-09-21T07:35:38Z,2026-09-21T07:35:38Z,0,UCZ4WO63HkjnHcpEUiZWq71w,,0,0,youtube_20260926_1347,baseline_20260926_134704,2026-09-26T20:49:25.359659+07:00
youtube_c_UgwXkf77ToufJy1z3y94AaABAg.Ab-vAqmALn4Ab0B8odf5E_,youtube,https://www.youtube.com/watch?v=o5hjDTBi694,o5hjDTBi694,"DÂN THÁI LAN CAY ĐẮNG NHÌN CẢNH DOANH NGHIỆP VIỆT NAM &quot;THỊ UY&quot; XE BUS ĐIỆN GIỮA LÒNG BANGKOK
👉 Khám phá ngay Tủ sách số và Audio book Thực chiến tại hệ thống Sơn Hải Nguyễn. Chỉ 15 phút nghe mỗi ngày, bạn sẽ có ngay tư duy sắc bén để xử lý gọn gàng những góc khuất đời thường và công sở.

👉 Truy cập ngay sonhainguyen.com để khám phá thêm kho công cụ và tài liệu hỗ trợ cho công việc và nâng cao kỹ năng làm việc của bạn
---------------------------------
Một đất nước có năng lực sản xuất khoảng 1,5 triệu ô tô mỗi năm, sở hữu hàng loạt nhà máy của Toyota, Honda, Isuzu hay Mitsubishi, giờ lại chứng kiến Kim Long Motor của Việt Nam mang xe buýt điện sang Bangkok, tổ chức lễ ra mắt và ký những đơn hàng hàng trăm chiếc ngay trên sân nhà của ngành ô tô Thái.

Câu chuyện càng đáng chú ý bởi trong nhiều năm, Việt Nam thường được xem là người đi sau trong ngành công nghiệp ô tô khu vực. Nhưng chỉ trong một thời gian ngắn, doanh nghiệp Việt đã bắt đầu xuất hiện ở những phân khúc mới như xe điện, xe buýt và phương tiện thương mại xanh.

Một số tư liệu được sử dụng trong video thuộc về các chủ sở hữu đáng kính. Mọi vấn đề liên quan đến bản quyền, vui lòng liên hệ: battlecry.vn@gmail.com.
Some of the materials used in the video belongs to the rightful owners. All Copyrights related issues should be sent to battlecry.vn@gmail.com. Thank you.

#battlecry #khampha #kinhte #dialy",DÂN THÁI LAN CAY ĐẮNG NHÌN CẢNH DOANH NGHIỆP VIỆT NAM &quot;THỊ UY&quot; XE BUS ĐIỆN GIỮA LÒNG BANGKOK,2026-09-21T05:18:24Z,2026-09-21T05:18:24Z,@nguyenkhue4021nội địa được cái khung xe cùng với bulong và ốc vít 😂,reply,UgwXkf77ToufJy1z3y94AaABAg,UgwXkf77ToufJy1z3y94AaABAg,1,2026-09-21T07:57:29Z,2026-09-21T07:57:29Z,1,UCvXupIvf54QL1B-8PW2wUVg,,0,0,youtube_20260926_1347,baseline_20260926_134704,2026-09-26T20:49:25.359659+07:00
youtube_c_UgwXkf77ToufJy1z3y94AaABAg.Ab-vAqmALn4Ab0PBBWh2kM,youtube,https://www.youtube.com/watch?v=o5hjDTBi694,o5hjDTBi694,"DÂN THÁI LAN CAY ĐẮNG NHÌN CẢNH DOANH NGHIỆP VIỆT NAM &quot;THỊ UY&quot; XE BUS ĐIỆN GIỮA LÒNG BANGKOK
👉 Khám phá ngay Tủ sách số và Audio book Thực chiến tại hệ thống Sơn Hải Nguyễn. Chỉ 15 phút nghe mỗi ngày, bạn sẽ có ngay tư duy sắc bén để xử lý gọn gàng những góc khuất đời thường và công sở.

👉 Truy cập ngay sonhainguyen.com để khám phá thêm kho công cụ và tài liệu hỗ trợ cho công việc và nâng cao kỹ năng làm việc của bạn
---------------------------------
Một đất nước có năng lực sản xuất khoảng 1,5 triệu ô tô mỗi năm, sở hữu hàng loạt nhà máy của Toyota, Honda, Isuzu hay Mitsubishi, giờ lại chứng kiến Kim Long Motor của Việt Nam mang xe buýt điện sang Bangkok, tổ chức lễ ra mắt và ký những đơn hàng hàng trăm chiếc ngay trên sân nhà của ngành ô tô Thái.

Câu chuyện càng đáng chú ý bởi trong nhiều năm, Việt Nam thường được xem là người đi sau trong ngành công nghiệp ô tô khu vực. Nhưng chỉ trong một thời gian ngắn, doanh nghiệp Việt đã bắt đầu xuất hiện ở những phân khúc mới như xe điện, xe buýt và phương tiện thương mại xanh.

Một số tư liệu được sử dụng trong video thuộc về các chủ sở hữu đáng kính. Mọi vấn đề liên quan đến bản quyền, vui lòng liên hệ: battlecry.vn@gmail.com.
Some of the materials used in the video belongs to the rightful owners. All Copyrights related issues should be sent to battlecry.vn@gmail.com. Thank you.

#battlecry #khampha #kinhte #dialy",DÂN THÁI LAN CAY ĐẮNG NHÌN CẢNH DOANH NGHIỆP VIỆT NAM &quot;THỊ UY&quot; XE BUS ĐIỆN GIỮA LÒNG BANGKOK,2026-09-21T05:18:24Z,2026-09-21T05:18:24Z,"@catbui.tiensinh  Chủ là người Việt, hợp tác trả tiền bản quyền cho TQ để từ đó tùy ý sản xuất mẫu xe mà TQ đã tự chủ, đây là mua luôn cách làm 1 con xe, chủ tịch là người Việt, nắm toàn bộ quyền hành, chuyên gia TQ làm công cho chủ Việt",reply,UgwXkf77ToufJy1z3y94AaABAg,UgwXkf77ToufJy1z3y94AaABAg,1,2026-09-21T10:00:08Z,2026-09-21T10:00:08Z,0,UCKeg5hg2D7vW_ro_sMf3GyA,,0,0,youtube_20260926_1347,baseline_20260926_134704,2026-09-26T20:49:25.359659+07:00
youtube_c_UgwXkf77ToufJy1z3y94AaABAg.Ab-vAqmALn4Ab0PQyIQsEy,youtube,https://www.youtube.com/watch?v=o5hjDTBi694,o5hjDTBi694,"DÂN THÁI LAN CAY ĐẮNG NHÌN CẢNH DOANH NGHIỆP VIỆT NAM &quot;THỊ UY&quot; XE BUS ĐIỆN GIỮA LÒNG BANGKOK
👉 Khám phá ngay Tủ sách số và Audio book Thực chiến tại hệ thống Sơn Hải Nguyễn. Chỉ 15 phút nghe mỗi ngày, bạn sẽ có ngay tư duy sắc bén để xử lý gọn gàng những góc khuất đời thường và công sở.

👉 Truy cập ngay sonhainguyen.com để khám phá thêm kho công cụ và tài liệu hỗ trợ cho công việc và nâng cao kỹ năng làm việc của bạn
---------------------------------
Một đất nước có năng lực sản xuất khoảng 1,5 triệu ô tô mỗi năm, sở hữu hàng loạt nhà máy của Toyota, Honda, Isuzu hay Mitsubishi, giờ lại chứng kiến Kim Long Motor của Việt Nam mang xe buýt điện sang Bangkok, tổ chức lễ ra mắt và ký những đơn hàng hàng trăm chiếc ngay trên sân nhà của ngành ô tô Thái.

Câu chuyện càng đáng chú ý bởi trong nhiều năm, Việt Nam thường được xem là người đi sau trong ngành công nghiệp ô tô khu vực. Nhưng chỉ trong một thời gian ngắn, doanh nghiệp Việt đã bắt đầu xuất hiện ở những phân khúc mới như xe điện, xe buýt và phương tiện thương mại xanh.

Một số tư liệu được sử dụng trong video thuộc về các chủ sở hữu đáng kính. Mọi vấn đề liên quan đến bản quyền, vui lòng liên hệ: battlecry.vn@gmail.com.
Some of the materials used in the video belongs to the rightful owners. All Copyrights related issues should be sent to battlecry.vn@gmail.com. Thank you.

#battlecry #khampha #kinhte #dialy",DÂN THÁI LAN CAY ĐẮNG NHÌN CẢNH DOANH NGHIỆP VIỆT NAM &quot;THỊ UY&quot; XE BUS ĐIỆN GIỮA LÒNG BANGKOK,2026-09-21T05:18:24Z,2026-09-21T05:18:24Z,"@waves-0201  nhập con ốc, tấm thép về, sau đó bán được con xe, giá trị tăng gấp bội vì chủ hãng xe là ông chủ Việt, y hệt cách Vinfast phải mua công nghệ sản xuất pin xe điện",reply,UgwXkf77ToufJy1z3y94AaABAg,UgwXkf77ToufJy1z3y94AaABAg,1,2026-09-21T10:02:18Z,2026-09-21T10:02:18Z,0,UCKeg5hg2D7vW_ro_sMf3GyA,transport_impact,0,0,youtube_20260926_1347,baseline_20260926_134704,2026-09-26T20:49:25.364990+07:00
youtube_c_UgwXkf77ToufJy1z3y94AaABAg.Ab-vAqmALn4Ab0PdpvhrN6,youtube,https://www.youtube.com/watch?v=o5hjDTBi694,o5hjDTBi694,"DÂN THÁI LAN CAY ĐẮNG NHÌN CẢNH DOANH NGHIỆP VIỆT NAM &quot;THỊ UY&quot; XE BUS ĐIỆN GIỮA LÒNG BANGKOK
👉 Khám phá ngay Tủ sách số và Audio book Thực chiến tại hệ thống Sơn Hải Nguyễn. Chỉ 15 phút nghe mỗi ngày, bạn sẽ có ngay tư duy sắc bén để xử lý gọn gàng những góc khuất đời thường và công sở.

👉 Truy cập ngay sonhainguyen.com để khám phá thêm kho công cụ và tài liệu hỗ trợ cho công việc và nâng cao kỹ năng làm việc của bạn
---------------------------------
Một đất nước có năng lực sản xuất khoảng 1,5 triệu ô tô mỗi năm, sở hữu hàng loạt nhà máy của Toyota, Honda, Isuzu hay Mitsubishi, giờ lại chứng kiến Kim Long Motor của Việt Nam mang xe buýt điện sang Bangkok, tổ chức lễ ra mắt và ký những đơn hàng hàng trăm chiếc ngay trên sân nhà của ngành ô tô Thái.

Câu chuyện càng đáng chú ý bởi trong nhiều năm, Việt Nam thường được xem là người đi sau trong ngành công nghiệp ô tô khu vực. Nhưng chỉ trong một thời gian ngắn, doanh nghiệp Việt đã bắt đầu xuất hiện ở những phân khúc mới như xe điện, xe buýt và phương tiện thương mại xanh.

Một số tư liệu được sử dụng trong video thuộc về các chủ sở hữu đáng kính. Mọi vấn đề liên quan đến bản quyền, vui lòng liên hệ: battlecry.vn@gmail.com.
Some of the materials used in the video belongs to the rightful owners. All Copyrights related issues should be sent to battlecry.vn@gmail.com. Thank you.

#battlecry #khampha #kinhte #dialy",DÂN THÁI LAN CAY ĐẮNG NHÌN CẢNH DOANH NGHIỆP VIỆT NAM &quot;THỊ UY&quot; XE BUS ĐIỆN GIỮA LÒNG BANGKOK,2026-09-21T05:18:24Z,2026-09-21T05:18:24Z,"@nguyenhoangquan6607  Vin từng phải nhập khẩu từng cái động cơ, từng cục pin, đến nay họ mới dần mua bản quyền và sản xuất trong nước, Kim Long còn mới, và đang đi đúng con đường Vinfast từng đi",reply,UgwXkf77ToufJy1z3y94AaABAg,UgwXkf77ToufJy1z3y94AaABAg,1,2026-09-21T10:04:11Z,2026-09-21T10:04:11Z,0,UCKeg5hg2D7vW_ro_sMf3GyA,transport_impact,0,0,youtube_20260926_1347,baseline_20260926_134704,2026-09-26T20:49:25.364990+07:00
youtube_c_UgwXkf77ToufJy1z3y94AaABAg.Ab-vAqmALn4Ab0Xg6v7chA,youtube,https://www.youtube.com/watch?v=o5hjDTBi694,o5hjDTBi694,"DÂN THÁI LAN CAY ĐẮNG NHÌN CẢNH DOANH NGHIỆP VIỆT NAM &quot;THỊ UY&quot; XE BUS ĐIỆN GIỮA LÒNG BANGKOK
👉 Khám phá ngay Tủ sách số và Audio book Thực chiến tại hệ thống Sơn Hải Nguyễn. Chỉ 15 phút nghe mỗi ngày, bạn sẽ có ngay tư duy sắc bén để xử lý gọn gàng những góc khuất đời thường và công sở.

👉 Truy cập ngay sonhainguyen.com để khám phá thêm kho công cụ và tài liệu hỗ trợ cho công việc và nâng cao kỹ năng làm việc của bạn
---------------------------------
Một đất nước có năng lực sản xuất khoảng 1,5 triệu ô tô mỗi năm, sở hữu hàng loạt nhà máy của Toyota, Honda, Isuzu hay Mitsubishi, giờ lại chứng kiến Kim Long Motor của Việt Nam mang xe buýt điện sang Bangkok, tổ chức lễ ra mắt và ký những đơn hàng hàng trăm chiếc ngay trên sân nhà của ngành ô tô Thái.

Câu chuyện càng đáng chú ý bởi trong nhiều năm, Việt Nam thường được xem là người đi sau trong ngành công nghiệp ô tô khu vực. Nhưng chỉ trong một thời gian ngắn, doanh nghiệp Việt đã bắt đầu xuất hiện ở những phân khúc mới như xe điện, xe buýt và phương tiện thương mại xanh.

Một số tư liệu được sử dụng trong video thuộc về các chủ sở hữu đáng kính. Mọi vấn đề liên quan đến bản quyền, vui lòng liên hệ: battlecry.vn@gmail.com.
Some of the materials used in the video belongs to the rightful owners. All Copyrights related issues should be sent to battlecry.vn@gmail.com. Thank you.

#battlecry #khampha #kinhte #dialy",DÂN THÁI LAN CAY ĐẮNG NHÌN CẢNH DOANH NGHIỆP VIỆT NAM &quot;THỊ UY&quot; XE BUS ĐIỆN GIỮA LÒNG BANGKOK,2026-09-21T05:18:24Z,2026-09-21T05:18:24Z,"@thanhthiennguyen3082 Bề ngoài là chủ ""Việt"" nhưng ai biết được bên trong là ""Việt hay Trung"". Zalo ban đầu cũng là ""Việt"" đó nhưng bây giờ thì sao, những kẻ đó đã bán mình cho giặc (những kẻ đó toàn họ Vương gốc Trung Quốc không)",reply,UgwXkf77ToufJy1z3y94AaABAg,UgwXkf77ToufJy1z3y94AaABAg,1,2026-09-21T11:14:24Z,2026-09-21T11:14:24Z,0,UCvXupIvf54QL1B-8PW2wUVg,,0,0,youtube_20260926_1347,baseline_20260926_134704,2026-09-26T20:49:25.364990+07:00
youtube_c_UgwZgQ3AvmyfddEthXx4AaABAg,youtube,https://www.youtube.com/watch?v=o5hjDTBi694,o5hjDTBi694,"DÂN THÁI LAN CAY ĐẮNG NHÌN CẢNH DOANH NGHIỆP VIỆT NAM &quot;THỊ UY&quot; XE BUS ĐIỆN GIỮA LÒNG BANGKOK
👉 Khám phá ngay Tủ sách số và Audio book Thực chiến tại hệ thống Sơn Hải Nguyễn. Chỉ 15 phút nghe mỗi ngày, bạn sẽ có ngay tư duy sắc bén để xử lý gọn gàng những góc khuất đời thường và công sở.

👉 Truy cập ngay sonhainguyen.com để khám phá thêm kho công cụ và tài liệu hỗ trợ cho công việc và nâng cao kỹ năng làm việc của bạn
---------------------------------
Một đất nước có năng lực sản xuất khoảng 1,5 triệu ô tô mỗi năm, sở hữu hàng loạt nhà máy của Toyota, Honda, Isuzu hay Mitsubishi, giờ lại chứng kiến Kim Long Motor của Việt Nam mang xe buýt điện sang Bangkok, tổ chức lễ ra mắt và ký những đơn hàng hàng trăm chiếc ngay trên sân nhà của ngành ô tô Thái.

Câu chuyện càng đáng chú ý bởi trong nhiều năm, Việt Nam thường được xem là người đi sau trong ngành công nghiệp ô tô khu vực. Nhưng chỉ trong một thời gian ngắn, doanh nghiệp Việt đã bắt đầu xuất hiện ở những phân khúc mới như xe điện, xe buýt và phương tiện thương mại xanh.

Một số tư liệu được sử dụng trong video thuộc về các chủ sở hữu đáng kính. Mọi vấn đề liên quan đến bản quyền, vui lòng liên hệ: battlecry.vn@gmail.com.
Some of the materials used in the video belongs to the rightful owners. All Copyrights related issues should be sent to battlecry.vn@gmail.com. Thank you.

#battlecry #khampha #kinhte #dialy",DÂN THÁI LAN CAY ĐẮNG NHÌN CẢNH DOANH NGHIỆP VIỆT NAM &quot;THỊ UY&quot; XE BUS ĐIỆN GIỮA LÒNG BANGKOK,2026-09-21T05:18:24Z,2026-09-21T05:18:24Z,😂 vinfast ยังขายในไทยไม่ได้เลย,top_level,,UgwZgQ3AvmyfddEthXx4AaABAg,0,2026-09-26T02:11:13Z,2026-09-26T02:11:13Z,0,UCe9SHyJ7yGq5n90WOThJ-CA,,0,0,youtube_20260926_1347,baseline_20260926_134704,2026-09-26T20:47:45.889079+07:00
youtube_c_UgwaSFqMm1uk93WpZgl4AaABAg,youtube,https://www.youtube.com/watch?v=o5hjDTBi694,o5hjDTBi694,"DÂN THÁI LAN CAY ĐẮNG NHÌN CẢNH DOANH NGHIỆP VIỆT NAM &quot;THỊ UY&quot; XE BUS ĐIỆN GIỮA LÒNG BANGKOK
👉 Khám phá ngay Tủ sách số và Audio book Thực chiến tại hệ thống Sơn Hải Nguyễn. Chỉ 15 phút nghe mỗi ngày, bạn sẽ có ngay tư duy sắc bén để xử lý gọn gàng những góc khuất đời thường và công sở.

👉 Truy cập ngay sonhainguyen.com để khám phá thêm kho công cụ và tài liệu hỗ trợ cho công việc và nâng cao kỹ năng làm việc của bạn
---------------------------------
Một đất nước có năng lực sản xuất khoảng 1,5 triệu ô tô mỗi năm, sở hữu hàng loạt nhà máy của Toyota, Honda, Isuzu hay Mitsubishi, giờ lại chứng kiến Kim Long Motor của Việt Nam mang xe buýt điện sang Bangkok, tổ chức lễ ra mắt và ký những đơn hàng hàng trăm chiếc ngay trên sân nhà của ngành ô tô Thái.

Câu chuyện càng đáng chú ý bởi trong nhiều năm, Việt Nam thường được xem là người đi sau trong ngành công nghiệp ô tô khu vực. Nhưng chỉ trong một thời gian ngắn, doanh nghiệp Việt đã bắt đầu xuất hiện ở những phân khúc mới như xe điện, xe buýt và phương tiện thương mại xanh.

Một số tư liệu được sử dụng trong video thuộc về các chủ sở hữu đáng kính. Mọi vấn đề liên quan đến bản quyền, vui lòng liên hệ: battlecry.vn@gmail.com.
Some of the materials used in the video belongs to the rightful owners. All Copyrights related issues should be sent to battlecry.vn@gmail.com. Thank you.

#battlecry #khampha #kinhte #dialy",DÂN THÁI LAN CAY ĐẮNG NHÌN CẢNH DOANH NGHIỆP VIỆT NAM &quot;THỊ UY&quot; XE BUS ĐIỆN GIỮA LÒNG BANGKOK,2026-09-21T05:18:24Z,2026-09-21T05:18:24Z,"Cập nhật danh sách các thương hiệu ô tô Việt Nam độc lập (không phải thương hiệu xe ngoại):

1. Xe du lịch & Xe điện cá nhân
VinFast: Thương hiệu Việt Nam sản xuất xe du lịch, xe gầm cao và bus điện.   

2. Xe khách, Xe buýt & Xe tải
Kim Long Motor (KIM LONG): Thương hiệu xe thương mại Việt Nam đang phát triển mạnh dòng xe bus giường nằm, city buýt điện, minibus và xe tải.   

THACO Bus / THACO Truck: Thương hiệu xe khách, xe tải nội địa thuộc Tập đoàn Trường Hải.   

SAMCO: Thương hiệu xe buýt, xe khách và xe chuyên dụng thuộc Tổng công ty Cơ khí Giao thông Vận tải Sài Gòn.   

VEAM Motors: Thương hiệu xe tải thuộc Tổng công ty Máy động lực và Máy nông nghiệp Việt Nam.

TMT Motors (Cửu Long): Thương hiệu xe tải nội địa thuộc Công ty CP Ô tô TMT.   

Chiến Thắng / Hoa Mai / Giải Phóng: Các thương hiệu xe tải nội địa quen thuộc ở phân khúc xe tải nhẹ và xe ben.

Danh sách các thương hiệu ô tô Việt Nam độc lập (tính cả mảng xe thương mại) hiện gồm khoảng 8 – 10 cái tên tiêu biểu. HÃY ỦNG HỘ HÀNG VIỆT NAM ĐỪNG CHÊ TỔ QUỐC ĐÂM ĐỒNG BÀO-NẾU MUỐN ĐẤT NƯỚC MẠNH NHƯ NHẬT-TRUNG-HÀN",top_level,,UgwaSFqMm1uk93WpZgl4AaABAg,0,2026-09-21T10:17:48Z,2026-09-21T10:17:48Z,1,UCGl65xiAs-ipcN0G3enLOQg,"transport_impact,hanoi_location,electric_bus",0,0,youtube_20260926_1347,baseline_20260926_134704,2026-09-26T20:48:05.976772+07:00
youtube_c_UgwebVsV-dYuTAsGy354AaABAg,youtube,https://www.youtube.com/watch?v=o5hjDTBi694,o5hjDTBi694,"DÂN THÁI LAN CAY ĐẮNG NHÌN CẢNH DOANH NGHIỆP VIỆT NAM &quot;THỊ UY&quot; XE BUS ĐIỆN GIỮA LÒNG BANGKOK
👉 Khám phá ngay Tủ sách số và Audio book Thực chiến tại hệ thống Sơn Hải Nguyễn. Chỉ 15 phút nghe mỗi ngày, bạn sẽ có ngay tư duy sắc bén để xử lý gọn gàng những góc khuất đời thường và công sở.

👉 Truy cập ngay sonhainguyen.com để khám phá thêm kho công cụ và tài liệu hỗ trợ cho công việc và nâng cao kỹ năng làm việc của bạn
---------------------------------
Một đất nước có năng lực sản xuất khoảng 1,5 triệu ô tô mỗi năm, sở hữu hàng loạt nhà máy của Toyota, Honda, Isuzu hay Mitsubishi, giờ lại chứng kiến Kim Long Motor của Việt Nam mang xe buýt điện sang Bangkok, tổ chức lễ ra mắt và ký những đơn hàng hàng trăm chiếc ngay trên sân nhà của ngành ô tô Thái.

Câu chuyện càng đáng chú ý bởi trong nhiều năm, Việt Nam thường được xem là người đi sau trong ngành công nghiệp ô tô khu vực. Nhưng chỉ trong một thời gian ngắn, doanh nghiệp Việt đã bắt đầu xuất hiện ở những phân khúc mới như xe điện, xe buýt và phương tiện thương mại xanh.

Một số tư liệu được sử dụng trong video thuộc về các chủ sở hữu đáng kính. Mọi vấn đề liên quan đến bản quyền, vui lòng liên hệ: battlecry.vn@gmail.com.
Some of the materials used in the video belongs to the rightful owners. All Copyrights related issues should be sent to battlecry.vn@gmail.com. Thank you.

#battlecry #khampha #kinhte #dialy",DÂN THÁI LAN CAY ĐẮNG NHÌN CẢNH DOANH NGHIỆP VIỆT NAM &quot;THỊ UY&quot; XE BUS ĐIỆN GIỮA LÒNG BANGKOK,2026-09-21T05:18:24Z,2026-09-21T05:18:24Z,không có tiếng còi xe nhé ad,top_level,,UgwebVsV-dYuTAsGy354AaABAg,0,2026-09-21T14:18:56Z,2026-09-21T14:18:56Z,1,UCuvRVBgfNF40CxkH1AZjKWA,,0,0,youtube_20260926_1347,baseline_20260926_134704,2026-09-26T20:47:55.823207+07:00
youtube_c_UgwlxLnkMfVmJh20ewB4AaABAg,youtube,https://www.youtube.com/watch?v=o5hjDTBi694,o5hjDTBi694,"DÂN THÁI LAN CAY ĐẮNG NHÌN CẢNH DOANH NGHIỆP VIỆT NAM &quot;THỊ UY&quot; XE BUS ĐIỆN GIỮA LÒNG BANGKOK
👉 Khám phá ngay Tủ sách số và Audio book Thực chiến tại hệ thống Sơn Hải Nguyễn. Chỉ 15 phút nghe mỗi ngày, bạn sẽ có ngay tư duy sắc bén để xử lý gọn gàng những góc khuất đời thường và công sở.

👉 Truy cập ngay sonhainguyen.com để khám phá thêm kho công cụ và tài liệu hỗ trợ cho công việc và nâng cao kỹ năng làm việc của bạn
---------------------------------
Một đất nước có năng lực sản xuất khoảng 1,5 triệu ô tô mỗi năm, sở hữu hàng loạt nhà máy của Toyota, Honda, Isuzu hay Mitsubishi, giờ lại chứng kiến Kim Long Motor của Việt Nam mang xe buýt điện sang Bangkok, tổ chức lễ ra mắt và ký những đơn hàng hàng trăm chiếc ngay trên sân nhà của ngành ô tô Thái.

Câu chuyện càng đáng chú ý bởi trong nhiều năm, Việt Nam thường được xem là người đi sau trong ngành công nghiệp ô tô khu vực. Nhưng chỉ trong một thời gian ngắn, doanh nghiệp Việt đã bắt đầu xuất hiện ở những phân khúc mới như xe điện, xe buýt và phương tiện thương mại xanh.

Một số tư liệu được sử dụng trong video thuộc về các chủ sở hữu đáng kính. Mọi vấn đề liên quan đến bản quyền, vui lòng liên hệ: battlecry.vn@gmail.com.
Some of the materials used in the video belongs to the rightful owners. All Copyrights related issues should be sent to battlecry.vn@gmail.com. Thank you.

#battlecry #khampha #kinhte #dialy",DÂN THÁI LAN CAY ĐẮNG NHÌN CẢNH DOANH NGHIỆP VIỆT NAM &quot;THỊ UY&quot; XE BUS ĐIỆN GIỮA LÒNG BANGKOK,2026-09-21T05:18:24Z,2026-09-21T05:18:24Z,Neu ban mua do an ve an re hon tu minh nau thi ban se lam gi? Neu ban khong muon nau vay la ban khong biet nau sao? That la toi ngjiep co nhung ai nghi nguoi khac khong biet nau an.,top_level,,UgwlxLnkMfVmJh20ewB4AaABAg,0,2026-09-22T14:26:57Z,2026-09-22T14:26:57Z,0,UCivH8yXfCfDgN-5LhseRH3w,,0,0,youtube_20260926_1347,baseline_20260926_134704,2026-09-26T20:47:45.907762+07:00
youtube_c_Ugwm-LtT1s0Dgx8VRQx4AaABAg,youtube,https://www.youtube.com/watch?v=o5hjDTBi694,o5hjDTBi694,"DÂN THÁI LAN CAY ĐẮNG NHÌN CẢNH DOANH NGHIỆP VIỆT NAM &quot;THỊ UY&quot; XE BUS ĐIỆN GIỮA LÒNG BANGKOK
👉 Khám phá ngay Tủ sách số và Audio book Thực chiến tại hệ thống Sơn Hải Nguyễn. Chỉ 15 phút nghe mỗi ngày, bạn sẽ có ngay tư duy sắc bén để xử lý gọn gàng những góc khuất đời thường và công sở.

👉 Truy cập ngay sonhainguyen.com để khám phá thêm kho công cụ và tài liệu hỗ trợ cho công việc và nâng cao kỹ năng làm việc của bạn
---------------------------------
Một đất nước có năng lực sản xuất khoảng 1,5 triệu ô tô mỗi năm, sở hữu hàng loạt nhà máy của Toyota, Honda, Isuzu hay Mitsubishi, giờ lại chứng kiến Kim Long Motor của Việt Nam mang xe buýt điện sang Bangkok, tổ chức lễ ra mắt và ký những đơn hàng hàng trăm chiếc ngay trên sân nhà của ngành ô tô Thái.

Câu chuyện càng đáng chú ý bởi trong nhiều năm, Việt Nam thường được xem là người đi sau trong ngành công nghiệp ô tô khu vực. Nhưng chỉ trong một thời gian ngắn, doanh nghiệp Việt đã bắt đầu xuất hiện ở những phân khúc mới như xe điện, xe buýt và phương tiện thương mại xanh.

Một số tư liệu được sử dụng trong video thuộc về các chủ sở hữu đáng kính. Mọi vấn đề liên quan đến bản quyền, vui lòng liên hệ: battlecry.vn@gmail.com.
Some of the materials used in the video belongs to the rightful owners. All Copyrights related issues should be sent to battlecry.vn@gmail.com. Thank you.

#battlecry #khampha #kinhte #dialy",DÂN THÁI LAN CAY ĐẮNG NHÌN CẢNH DOANH NGHIỆP VIỆT NAM &quot;THỊ UY&quot; XE BUS ĐIỆN GIỮA LÒNG BANGKOK,2026-09-21T05:18:24Z,2026-09-21T05:18:24Z,"Vì Thái là dân gia công, lắp ráp cho ông chủ Nhật, muốn xin làm xe bus, hay lập cty thì cũng phải xin ý kiến ông chủ Nhật  là có dùng được tài nguyên của ông chủ đề sản xuất không, làm ra ai mua, phân phối thế nào..... Ko tự lực mà cứ sản xuất theo đơn của ông chủ đưa xuống thì muốn tự làm gì cũng khó lắm.",top_level,,Ugwm-LtT1s0Dgx8VRQx4AaABAg,0,2026-09-21T07:45:56Z,2026-09-21T07:45:56Z,4,UC9_7G5WUBFoIxMSbVb1-qgg,transport_impact,0,0,youtube_20260926_1347,baseline_20260926_134704,2026-09-26T20:48:32.538400+07:00
youtube_c_Ugwm-LtT1s0Dgx8VRQx4AaABAg.Ab09pHYqnVmAb0zEyJ8sMg,youtube,https://www.youtube.com/watch?v=o5hjDTBi694,o5hjDTBi694,"DÂN THÁI LAN CAY ĐẮNG NHÌN CẢNH DOANH NGHIỆP VIỆT NAM &quot;THỊ UY&quot; XE BUS ĐIỆN GIỮA LÒNG BANGKOK
👉 Khám phá ngay Tủ sách số và Audio book Thực chiến tại hệ thống Sơn Hải Nguyễn. Chỉ 15 phút nghe mỗi ngày, bạn sẽ có ngay tư duy sắc bén để xử lý gọn gàng những góc khuất đời thường và công sở.

👉 Truy cập ngay sonhainguyen.com để khám phá thêm kho công cụ và tài liệu hỗ trợ cho công việc và nâng cao kỹ năng làm việc của bạn
---------------------------------
Một đất nước có năng lực sản xuất khoảng 1,5 triệu ô tô mỗi năm, sở hữu hàng loạt nhà máy của Toyota, Honda, Isuzu hay Mitsubishi, giờ lại chứng kiến Kim Long Motor của Việt Nam mang xe buýt điện sang Bangkok, tổ chức lễ ra mắt và ký những đơn hàng hàng trăm chiếc ngay trên sân nhà của ngành ô tô Thái.

Câu chuyện càng đáng chú ý bởi trong nhiều năm, Việt Nam thường được xem là người đi sau trong ngành công nghiệp ô tô khu vực. Nhưng chỉ trong một thời gian ngắn, doanh nghiệp Việt đã bắt đầu xuất hiện ở những phân khúc mới như xe điện, xe buýt và phương tiện thương mại xanh.

Một số tư liệu được sử dụng trong video thuộc về các chủ sở hữu đáng kính. Mọi vấn đề liên quan đến bản quyền, vui lòng liên hệ: battlecry.vn@gmail.com.
Some of the materials used in the video belongs to the rightful owners. All Copyrights related issues should be sent to battlecry.vn@gmail.com. Thank you.

#battlecry #khampha #kinhte #dialy",DÂN THÁI LAN CAY ĐẮNG NHÌN CẢNH DOANH NGHIỆP VIỆT NAM &quot;THỊ UY&quot; XE BUS ĐIỆN GIỮA LÒNG BANGKOK,2026-09-21T05:18:24Z,2026-09-21T05:18:24Z,Ô này hiểu vấn đề nè,reply,Ugwm-LtT1s0Dgx8VRQx4AaABAg,Ugwm-LtT1s0Dgx8VRQx4AaABAg,1,2026-09-21T15:23:58Z,2026-09-21T15:23:58Z,1,UCv1S3nvk6gM08rg2TB7jqjg,,0,0,youtube_20260926_1347,baseline_20260926_134704,2026-09-26T20:48:35.810049+07:00
youtube_c_Ugwt8Hhno7KlFozKcT54AaABAg,youtube,https://www.youtube.com/watch?v=o5hjDTBi694,o5hjDTBi694,"DÂN THÁI LAN CAY ĐẮNG NHÌN CẢNH DOANH NGHIỆP VIỆT NAM &quot;THỊ UY&quot; XE BUS ĐIỆN GIỮA LÒNG BANGKOK
👉 Khám phá ngay Tủ sách số và Audio book Thực chiến tại hệ thống Sơn Hải Nguyễn. Chỉ 15 phút nghe mỗi ngày, bạn sẽ có ngay tư duy sắc bén để xử lý gọn gàng những góc khuất đời thường và công sở.

👉 Truy cập ngay sonhainguyen.com để khám phá thêm kho công cụ và tài liệu hỗ trợ cho công việc và nâng cao kỹ năng làm việc của bạn
---------------------------------
Một đất nước có năng lực sản xuất khoảng 1,5 triệu ô tô mỗi năm, sở hữu hàng loạt nhà máy của Toyota, Honda, Isuzu hay Mitsubishi, giờ lại chứng kiến Kim Long Motor của Việt Nam mang xe buýt điện sang Bangkok, tổ chức lễ ra mắt và ký những đơn hàng hàng trăm chiếc ngay trên sân nhà của ngành ô tô Thái.

Câu chuyện càng đáng chú ý bởi trong nhiều năm, Việt Nam thường được xem là người đi sau trong ngành công nghiệp ô tô khu vực. Nhưng chỉ trong một thời gian ngắn, doanh nghiệp Việt đã bắt đầu xuất hiện ở những phân khúc mới như xe điện, xe buýt và phương tiện thương mại xanh.

Một số tư liệu được sử dụng trong video thuộc về các chủ sở hữu đáng kính. Mọi vấn đề liên quan đến bản quyền, vui lòng liên hệ: battlecry.vn@gmail.com.
Some of the materials used in the video belongs to the rightful owners. All Copyrights related issues should be sent to battlecry.vn@gmail.com. Thank you.

#battlecry #khampha #kinhte #dialy",DÂN THÁI LAN CAY ĐẮNG NHÌN CẢNH DOANH NGHIỆP VIỆT NAM &quot;THỊ UY&quot; XE BUS ĐIỆN GIỮA LÒNG BANGKOK,2026-09-21T05:18:24Z,2026-09-21T05:18:24Z,ông chủ Kim Long là ông chủ của Phương Trang đấy,top_level,,Ugwt8Hhno7KlFozKcT54AaABAg,0,2026-09-21T08:29:57Z,2026-09-21T08:29:57Z,5,UC5V6wCo3XYZ_CRKcQMdZEPA,,0,0,youtube_20260926_1347,baseline_20260926_134704,2026-09-26T20:48:22.688279+07:00
youtube_c_Ugwt8Hhno7KlFozKcT54AaABAg.Ab0EraXT2saAb0vy62iXNK,youtube,https://www.youtube.com/watch?v=o5hjDTBi694,o5hjDTBi694,"DÂN THÁI LAN CAY ĐẮNG NHÌN CẢNH DOANH NGHIỆP VIỆT NAM &quot;THỊ UY&quot; XE BUS ĐIỆN GIỮA LÒNG BANGKOK
👉 Khám phá ngay Tủ sách số và Audio book Thực chiến tại hệ thống Sơn Hải Nguyễn. Chỉ 15 phút nghe mỗi ngày, bạn sẽ có ngay tư duy sắc bén để xử lý gọn gàng những góc khuất đời thường và công sở.

👉 Truy cập ngay sonhainguyen.com để khám phá thêm kho công cụ và tài liệu hỗ trợ cho công việc và nâng cao kỹ năng làm việc của bạn
---------------------------------
Một đất nước có năng lực sản xuất khoảng 1,5 triệu ô tô mỗi năm, sở hữu hàng loạt nhà máy của Toyota, Honda, Isuzu hay Mitsubishi, giờ lại chứng kiến Kim Long Motor của Việt Nam mang xe buýt điện sang Bangkok, tổ chức lễ ra mắt và ký những đơn hàng hàng trăm chiếc ngay trên sân nhà của ngành ô tô Thái.

Câu chuyện càng đáng chú ý bởi trong nhiều năm, Việt Nam thường được xem là người đi sau trong ngành công nghiệp ô tô khu vực. Nhưng chỉ trong một thời gian ngắn, doanh nghiệp Việt đã bắt đầu xuất hiện ở những phân khúc mới như xe điện, xe buýt và phương tiện thương mại xanh.

Một số tư liệu được sử dụng trong video thuộc về các chủ sở hữu đáng kính. Mọi vấn đề liên quan đến bản quyền, vui lòng liên hệ: battlecry.vn@gmail.com.
Some of the materials used in the video belongs to the rightful owners. All Copyrights related issues should be sent to battlecry.vn@gmail.com. Thank you.

#battlecry #khampha #kinhte #dialy",DÂN THÁI LAN CAY ĐẮNG NHÌN CẢNH DOANH NGHIỆP VIỆT NAM &quot;THỊ UY&quot; XE BUS ĐIỆN GIỮA LÒNG BANGKOK,2026-09-21T05:18:24Z,2026-09-21T05:18:24Z,"Gần nhà mình đây, Doanh nghiệp này không phải của người Việt Nam mình nhé, toàn người Trung Quốc thôi, lảnh đạo cấp cao toàn người Trung Quốc, người Việt mình đa số làm công nhân",reply,Ugwt8Hhno7KlFozKcT54AaABAg,Ugwt8Hhno7KlFozKcT54AaABAg,1,2026-09-21T14:55:19Z,2026-09-21T14:55:19Z,0,UCcHpr37GQCsS5GxPrN1_Tvw,,0,0,youtube_20260926_1347,baseline_20260926_134704,2026-09-26T20:48:25.980797+07:00
youtube_c_UgwvWO71wu3LEQQgF-F4AaABAg,youtube,https://www.youtube.com/watch?v=o5hjDTBi694,o5hjDTBi694,"DÂN THÁI LAN CAY ĐẮNG NHÌN CẢNH DOANH NGHIỆP VIỆT NAM &quot;THỊ UY&quot; XE BUS ĐIỆN GIỮA LÒNG BANGKOK
👉 Khám phá ngay Tủ sách số và Audio book Thực chiến tại hệ thống Sơn Hải Nguyễn. Chỉ 15 phút nghe mỗi ngày, bạn sẽ có ngay tư duy sắc bén để xử lý gọn gàng những góc khuất đời thường và công sở.

👉 Truy cập ngay sonhainguyen.com để khám phá thêm kho công cụ và tài liệu hỗ trợ cho công việc và nâng cao kỹ năng làm việc của bạn
---------------------------------
Một đất nước có năng lực sản xuất khoảng 1,5 triệu ô tô mỗi năm, sở hữu hàng loạt nhà máy của Toyota, Honda, Isuzu hay Mitsubishi, giờ lại chứng kiến Kim Long Motor của Việt Nam mang xe buýt điện sang Bangkok, tổ chức lễ ra mắt và ký những đơn hàng hàng trăm chiếc ngay trên sân nhà của ngành ô tô Thái.

Câu chuyện càng đáng chú ý bởi trong nhiều năm, Việt Nam thường được xem là người đi sau trong ngành công nghiệp ô tô khu vực. Nhưng chỉ trong một thời gian ngắn, doanh nghiệp Việt đã bắt đầu xuất hiện ở những phân khúc mới như xe điện, xe buýt và phương tiện thương mại xanh.

Một số tư liệu được sử dụng trong video thuộc về các chủ sở hữu đáng kính. Mọi vấn đề liên quan đến bản quyền, vui lòng liên hệ: battlecry.vn@gmail.com.
Some of the materials used in the video belongs to the rightful owners. All Copyrights related issues should be sent to battlecry.vn@gmail.com. Thank you.

#battlecry #khampha #kinhte #dialy",DÂN THÁI LAN CAY ĐẮNG NHÌN CẢNH DOANH NGHIỆP VIỆT NAM &quot;THỊ UY&quot; XE BUS ĐIỆN GIỮA LÒNG BANGKOK,2026-09-21T05:18:24Z,2026-09-21T05:18:24Z,Make Thailand Great Again,top_level,,UgwvWO71wu3LEQQgF-F4AaABAg,0,2026-09-21T10:22:20Z,2026-09-21T10:22:20Z,1,UCO2KbQvpMUQqLzyU12getnw,,0,0,youtube_20260926_1347,baseline_20260926_134704,2026-09-26T20:48:05.970770+07:00
youtube_c_UgwwbkRq2POI-oxPu014AaABAg,youtube,https://www.youtube.com/watch?v=o5hjDTBi694,o5hjDTBi694,"DÂN THÁI LAN CAY ĐẮNG NHÌN CẢNH DOANH NGHIỆP VIỆT NAM &quot;THỊ UY&quot; XE BUS ĐIỆN GIỮA LÒNG BANGKOK
👉 Khám phá ngay Tủ sách số và Audio book Thực chiến tại hệ thống Sơn Hải Nguyễn. Chỉ 15 phút nghe mỗi ngày, bạn sẽ có ngay tư duy sắc bén để xử lý gọn gàng những góc khuất đời thường và công sở.

👉 Truy cập ngay sonhainguyen.com để khám phá thêm kho công cụ và tài liệu hỗ trợ cho công việc và nâng cao kỹ năng làm việc của bạn
---------------------------------
Một đất nước có năng lực sản xuất khoảng 1,5 triệu ô tô mỗi năm, sở hữu hàng loạt nhà máy của Toyota, Honda, Isuzu hay Mitsubishi, giờ lại chứng kiến Kim Long Motor của Việt Nam mang xe buýt điện sang Bangkok, tổ chức lễ ra mắt và ký những đơn hàng hàng trăm chiếc ngay trên sân nhà của ngành ô tô Thái.

Câu chuyện càng đáng chú ý bởi trong nhiều năm, Việt Nam thường được xem là người đi sau trong ngành công nghiệp ô tô khu vực. Nhưng chỉ trong một thời gian ngắn, doanh nghiệp Việt đã bắt đầu xuất hiện ở những phân khúc mới như xe điện, xe buýt và phương tiện thương mại xanh.

Một số tư liệu được sử dụng trong video thuộc về các chủ sở hữu đáng kính. Mọi vấn đề liên quan đến bản quyền, vui lòng liên hệ: battlecry.vn@gmail.com.
Some of the materials used in the video belongs to the rightful owners. All Copyrights related issues should be sent to battlecry.vn@gmail.com. Thank you.

#battlecry #khampha #kinhte #dialy",DÂN THÁI LAN CAY ĐẮNG NHÌN CẢNH DOANH NGHIỆP VIỆT NAM &quot;THỊ UY&quot; XE BUS ĐIỆN GIỮA LÒNG BANGKOK,2026-09-21T05:18:24Z,2026-09-21T05:18:24Z,Xe điện ở phú quốc ngồi bao phê,top_level,,UgwwbkRq2POI-oxPu014AaABAg,0,2026-09-21T10:43:23Z,2026-09-21T10:43:23Z,1,UCVmVevv-5ILeoOZfjEOM-WQ,transport_impact,0,0,youtube_20260926_1347,baseline_20260926_134704,2026-09-26T20:48:02.401819+07:00
youtube_c_UgwyPjKNH1b9Hb0C4i54AaABAg,youtube,https://www.youtube.com/watch?v=o5hjDTBi694,o5hjDTBi694,"DÂN THÁI LAN CAY ĐẮNG NHÌN CẢNH DOANH NGHIỆP VIỆT NAM &quot;THỊ UY&quot; XE BUS ĐIỆN GIỮA LÒNG BANGKOK
👉 Khám phá ngay Tủ sách số và Audio book Thực chiến tại hệ thống Sơn Hải Nguyễn. Chỉ 15 phút nghe mỗi ngày, bạn sẽ có ngay tư duy sắc bén để xử lý gọn gàng những góc khuất đời thường và công sở.

👉 Truy cập ngay sonhainguyen.com để khám phá thêm kho công cụ và tài liệu hỗ trợ cho công việc và nâng cao kỹ năng làm việc của bạn
---------------------------------
Một đất nước có năng lực sản xuất khoảng 1,5 triệu ô tô mỗi năm, sở hữu hàng loạt nhà máy của Toyota, Honda, Isuzu hay Mitsubishi, giờ lại chứng kiến Kim Long Motor của Việt Nam mang xe buýt điện sang Bangkok, tổ chức lễ ra mắt và ký những đơn hàng hàng trăm chiếc ngay trên sân nhà của ngành ô tô Thái.

Câu chuyện càng đáng chú ý bởi trong nhiều năm, Việt Nam thường được xem là người đi sau trong ngành công nghiệp ô tô khu vực. Nhưng chỉ trong một thời gian ngắn, doanh nghiệp Việt đã bắt đầu xuất hiện ở những phân khúc mới như xe điện, xe buýt và phương tiện thương mại xanh.

Một số tư liệu được sử dụng trong video thuộc về các chủ sở hữu đáng kính. Mọi vấn đề liên quan đến bản quyền, vui lòng liên hệ: battlecry.vn@gmail.com.
Some of the materials used in the video belongs to the rightful owners. All Copyrights related issues should be sent to battlecry.vn@gmail.com. Thank you.

#battlecry #khampha #kinhte #dialy",DÂN THÁI LAN CAY ĐẮNG NHÌN CẢNH DOANH NGHIỆP VIỆT NAM &quot;THỊ UY&quot; XE BUS ĐIỆN GIỮA LÒNG BANGKOK,2026-09-21T05:18:24Z,2026-09-21T05:18:24Z,"Kim long ô tô là gì ? Vốn đầu tư tư Trung quốc , thiết bị công nghệ sản xuất TQ , đến kiểu dáng, mẫu mã , nhập linh kiên từ nguồn nào cũng do đối tác TQ quyết định  và giờ là bán cho mấy ông .....Ba tàu Thái . Vậy là TQ chứ Việt cái gì mà....tự hào",top_level,,UgwyPjKNH1b9Hb0C4i54AaABAg,0,2026-09-21T06:59:28Z,2026-09-21T06:59:28Z,0,UCrPTyelOX5mK8fyHOqOf_3A,transport_impact,0,0,youtube_20260926_1347,baseline_20260926_134704,2026-09-26T20:48:58.779787+07:00
youtube_c_Ugx0CU_eK44zN6H5Y554AaABAg,youtube,https://www.youtube.com/watch?v=o5hjDTBi694,o5hjDTBi694,"DÂN THÁI LAN CAY ĐẮNG NHÌN CẢNH DOANH NGHIỆP VIỆT NAM &quot;THỊ UY&quot; XE BUS ĐIỆN GIỮA LÒNG BANGKOK
👉 Khám phá ngay Tủ sách số và Audio book Thực chiến tại hệ thống Sơn Hải Nguyễn. Chỉ 15 phút nghe mỗi ngày, bạn sẽ có ngay tư duy sắc bén để xử lý gọn gàng những góc khuất đời thường và công sở.

👉 Truy cập ngay sonhainguyen.com để khám phá thêm kho công cụ và tài liệu hỗ trợ cho công việc và nâng cao kỹ năng làm việc của bạn
---------------------------------
Một đất nước có năng lực sản xuất khoảng 1,5 triệu ô tô mỗi năm, sở hữu hàng loạt nhà máy của Toyota, Honda, Isuzu hay Mitsubishi, giờ lại chứng kiến Kim Long Motor của Việt Nam mang xe buýt điện sang Bangkok, tổ chức lễ ra mắt và ký những đơn hàng hàng trăm chiếc ngay trên sân nhà của ngành ô tô Thái.

Câu chuyện càng đáng chú ý bởi trong nhiều năm, Việt Nam thường được xem là người đi sau trong ngành công nghiệp ô tô khu vực. Nhưng chỉ trong một thời gian ngắn, doanh nghiệp Việt đã bắt đầu xuất hiện ở những phân khúc mới như xe điện, xe buýt và phương tiện thương mại xanh.

Một số tư liệu được sử dụng trong video thuộc về các chủ sở hữu đáng kính. Mọi vấn đề liên quan đến bản quyền, vui lòng liên hệ: battlecry.vn@gmail.com.
Some of the materials used in the video belongs to the rightful owners. All Copyrights related issues should be sent to battlecry.vn@gmail.com. Thank you.

#battlecry #khampha #kinhte #dialy",DÂN THÁI LAN CAY ĐẮNG NHÌN CẢNH DOANH NGHIỆP VIỆT NAM &quot;THỊ UY&quot; XE BUS ĐIỆN GIỮA LÒNG BANGKOK,2026-09-21T05:18:24Z,2026-09-21T05:18:24Z,Chuyện nhỏ mà cũng thổi phồng,top_level,,Ugx0CU_eK44zN6H5Y554AaABAg,0,2026-09-21T11:38:57Z,2026-09-21T11:38:57Z,1,UC8PtX8LQTy_XUlw6KzpMUqA,,0,0,youtube_20260926_1347,baseline_20260926_134704,2026-09-26T20:47:55.836705+07:00
youtube_c_Ugx6Sc6fTnnfAgckUI54AaABAg,youtube,https://www.youtube.com/watch?v=o5hjDTBi694,o5hjDTBi694,"DÂN THÁI LAN CAY ĐẮNG NHÌN CẢNH DOANH NGHIỆP VIỆT NAM &quot;THỊ UY&quot; XE BUS ĐIỆN GIỮA LÒNG BANGKOK
👉 Khám phá ngay Tủ sách số và Audio book Thực chiến tại hệ thống Sơn Hải Nguyễn. Chỉ 15 phút nghe mỗi ngày, bạn sẽ có ngay tư duy sắc bén để xử lý gọn gàng những góc khuất đời thường và công sở.

👉 Truy cập ngay sonhainguyen.com để khám phá thêm kho công cụ và tài liệu hỗ trợ cho công việc và nâng cao kỹ năng làm việc của bạn
---------------------------------
Một đất nước có năng lực sản xuất khoảng 1,5 triệu ô tô mỗi năm, sở hữu hàng loạt nhà máy của Toyota, Honda, Isuzu hay Mitsubishi, giờ lại chứng kiến Kim Long Motor của Việt Nam mang xe buýt điện sang Bangkok, tổ chức lễ ra mắt và ký những đơn hàng hàng trăm chiếc ngay trên sân nhà của ngành ô tô Thái.

Câu chuyện càng đáng chú ý bởi trong nhiều năm, Việt Nam thường được xem là người đi sau trong ngành công nghiệp ô tô khu vực. Nhưng chỉ trong một thời gian ngắn, doanh nghiệp Việt đã bắt đầu xuất hiện ở những phân khúc mới như xe điện, xe buýt và phương tiện thương mại xanh.

Một số tư liệu được sử dụng trong video thuộc về các chủ sở hữu đáng kính. Mọi vấn đề liên quan đến bản quyền, vui lòng liên hệ: battlecry.vn@gmail.com.
Some of the materials used in the video belongs to the rightful owners. All Copyrights related issues should be sent to battlecry.vn@gmail.com. Thank you.

#battlecry #khampha #kinhte #dialy",DÂN THÁI LAN CAY ĐẮNG NHÌN CẢNH DOANH NGHIỆP VIỆT NAM &quot;THỊ UY&quot; XE BUS ĐIỆN GIỮA LÒNG BANGKOK,2026-09-21T05:18:24Z,2026-09-21T05:18:24Z,"Gọi là xe VN nhưng có bao nhiêu phần là của ng Việt chứ, mình nên khiêm tốn hơn😅",top_level,,Ugx6Sc6fTnnfAgckUI54AaABAg,0,2026-09-21T16:15:18Z,2026-09-21T16:15:18Z,2,UC1uSeNrxf43aevmQAAAVTOg,,0,0,youtube_20260926_1347,baseline_20260926_134704,2026-09-26T20:47:45.920976+07:00
youtube_c_Ugx7QmPZHkvnNzSlvVN4AaABAg,youtube,https://www.youtube.com/watch?v=o5hjDTBi694,o5hjDTBi694,"DÂN THÁI LAN CAY ĐẮNG NHÌN CẢNH DOANH NGHIỆP VIỆT NAM &quot;THỊ UY&quot; XE BUS ĐIỆN GIỮA LÒNG BANGKOK
👉 Khám phá ngay Tủ sách số và Audio book Thực chiến tại hệ thống Sơn Hải Nguyễn. Chỉ 15 phút nghe mỗi ngày, bạn sẽ có ngay tư duy sắc bén để xử lý gọn gàng những góc khuất đời thường và công sở.

👉 Truy cập ngay sonhainguyen.com để khám phá thêm kho công cụ và tài liệu hỗ trợ cho công việc và nâng cao kỹ năng làm việc của bạn
---------------------------------
Một đất nước có năng lực sản xuất khoảng 1,5 triệu ô tô mỗi năm, sở hữu hàng loạt nhà máy của Toyota, Honda, Isuzu hay Mitsubishi, giờ lại chứng kiến Kim Long Motor của Việt Nam mang xe buýt điện sang Bangkok, tổ chức lễ ra mắt và ký những đơn hàng hàng trăm chiếc ngay trên sân nhà của ngành ô tô Thái.

Câu chuyện càng đáng chú ý bởi trong nhiều năm, Việt Nam thường được xem là người đi sau trong ngành công nghiệp ô tô khu vực. Nhưng chỉ trong một thời gian ngắn, doanh nghiệp Việt đã bắt đầu xuất hiện ở những phân khúc mới như xe điện, xe buýt và phương tiện thương mại xanh.

Một số tư liệu được sử dụng trong video thuộc về các chủ sở hữu đáng kính. Mọi vấn đề liên quan đến bản quyền, vui lòng liên hệ: battlecry.vn@gmail.com.
Some of the materials used in the video belongs to the rightful owners. All Copyrights related issues should be sent to battlecry.vn@gmail.com. Thank you.

#battlecry #khampha #kinhte #dialy",DÂN THÁI LAN CAY ĐẮNG NHÌN CẢNH DOANH NGHIỆP VIỆT NAM &quot;THỊ UY&quot; XE BUS ĐIỆN GIỮA LÒNG BANGKOK,2026-09-21T05:18:24Z,2026-09-21T05:18:24Z,🎉❤,top_level,,Ugx7QmPZHkvnNzSlvVN4AaABAg,0,2026-09-21T10:41:07Z,2026-09-21T10:41:07Z,2,UCWYs7JlAw4Z1XOQuZpws_0A,,0,0,youtube_20260926_1347,baseline_20260926_134704,2026-09-26T20:48:02.403335+07:00
youtube_c_UgxB7WKKIy1i3Y5h8gJ4AaABAg,youtube,https://www.youtube.com/watch?v=o5hjDTBi694,o5hjDTBi694,"DÂN THÁI LAN CAY ĐẮNG NHÌN CẢNH DOANH NGHIỆP VIỆT NAM &quot;THỊ UY&quot; XE BUS ĐIỆN GIỮA LÒNG BANGKOK
👉 Khám phá ngay Tủ sách số và Audio book Thực chiến tại hệ thống Sơn Hải Nguyễn. Chỉ 15 phút nghe mỗi ngày, bạn sẽ có ngay tư duy sắc bén để xử lý gọn gàng những góc khuất đời thường và công sở.

👉 Truy cập ngay sonhainguyen.com để khám phá thêm kho công cụ và tài liệu hỗ trợ cho công việc và nâng cao kỹ năng làm việc của bạn
---------------------------------
Một đất nước có năng lực sản xuất khoảng 1,5 triệu ô tô mỗi năm, sở hữu hàng loạt nhà máy của Toyota, Honda, Isuzu hay Mitsubishi, giờ lại chứng kiến Kim Long Motor của Việt Nam mang xe buýt điện sang Bangkok, tổ chức lễ ra mắt và ký những đơn hàng hàng trăm chiếc ngay trên sân nhà của ngành ô tô Thái.

Câu chuyện càng đáng chú ý bởi trong nhiều năm, Việt Nam thường được xem là người đi sau trong ngành công nghiệp ô tô khu vực. Nhưng chỉ trong một thời gian ngắn, doanh nghiệp Việt đã bắt đầu xuất hiện ở những phân khúc mới như xe điện, xe buýt và phương tiện thương mại xanh.

Một số tư liệu được sử dụng trong video thuộc về các chủ sở hữu đáng kính. Mọi vấn đề liên quan đến bản quyền, vui lòng liên hệ: battlecry.vn@gmail.com.
Some of the materials used in the video belongs to the rightful owners. All Copyrights related issues should be sent to battlecry.vn@gmail.com. Thank you.

#battlecry #khampha #kinhte #dialy",DÂN THÁI LAN CAY ĐẮNG NHÌN CẢNH DOANH NGHIỆP VIỆT NAM &quot;THỊ UY&quot; XE BUS ĐIỆN GIỮA LÒNG BANGKOK,2026-09-21T05:18:24Z,2026-09-21T05:18:24Z,Mở rộng thị trường,top_level,,UgxB7WKKIy1i3Y5h8gJ4AaABAg,0,2026-09-23T06:44:53Z,2026-09-23T06:44:53Z,0,UCkTsYIxm7SWE_I0kT8SFXmQ,,0,0,youtube_20260926_1347,baseline_20260926_134704,2026-09-26T20:47:45.892079+07:00
youtube_c_UgxCF8mGY9T6U7MY8xZ4AaABAg,youtube,https://www.youtube.com/watch?v=o5hjDTBi694,o5hjDTBi694,"DÂN THÁI LAN CAY ĐẮNG NHÌN CẢNH DOANH NGHIỆP VIỆT NAM &quot;THỊ UY&quot; XE BUS ĐIỆN GIỮA LÒNG BANGKOK
👉 Khám phá ngay Tủ sách số và Audio book Thực chiến tại hệ thống Sơn Hải Nguyễn. Chỉ 15 phút nghe mỗi ngày, bạn sẽ có ngay tư duy sắc bén để xử lý gọn gàng những góc khuất đời thường và công sở.

👉 Truy cập ngay sonhainguyen.com để khám phá thêm kho công cụ và tài liệu hỗ trợ cho công việc và nâng cao kỹ năng làm việc của bạn
---------------------------------
Một đất nước có năng lực sản xuất khoảng 1,5 triệu ô tô mỗi năm, sở hữu hàng loạt nhà máy của Toyota, Honda, Isuzu hay Mitsubishi, giờ lại chứng kiến Kim Long Motor của Việt Nam mang xe buýt điện sang Bangkok, tổ chức lễ ra mắt và ký những đơn hàng hàng trăm chiếc ngay trên sân nhà của ngành ô tô Thái.

Câu chuyện càng đáng chú ý bởi trong nhiều năm, Việt Nam thường được xem là người đi sau trong ngành công nghiệp ô tô khu vực. Nhưng chỉ trong một thời gian ngắn, doanh nghiệp Việt đã bắt đầu xuất hiện ở những phân khúc mới như xe điện, xe buýt và phương tiện thương mại xanh.

Một số tư liệu được sử dụng trong video thuộc về các chủ sở hữu đáng kính. Mọi vấn đề liên quan đến bản quyền, vui lòng liên hệ: battlecry.vn@gmail.com.
Some of the materials used in the video belongs to the rightful owners. All Copyrights related issues should be sent to battlecry.vn@gmail.com. Thank you.

#battlecry #khampha #kinhte #dialy",DÂN THÁI LAN CAY ĐẮNG NHÌN CẢNH DOANH NGHIỆP VIỆT NAM &quot;THỊ UY&quot; XE BUS ĐIỆN GIỮA LÒNG BANGKOK,2026-09-21T05:18:24Z,2026-09-21T05:18:24Z,"Điều khác biệt ở chỗ, giới tính hoa của họ ko có tư duy muốn hi sinh, xây dựng đất nc bằng mọi giá, sẵn sàng đánh đổi, chấp nhận rủi ro như Vin,với ông Vượng, khi khởi nghiệp tại VN, cũng giống như các tài phiệt Thái làm giàu mọi giá, vơ vét,thâu tóm các BĐS giá trị, vc ng dân mất đất để ông ta thâu tóm những dự án vĩ mô…mang lại rất rất nhiều tài sản cho Vin. Nhưng rồi tài sản tích lũy đó ông ta xây dựng thương hiệu cho V Group, cho xe Vin và cho VN…xd cs hạ tầng, tạo ra những kỷ lục vô tiền thoáng hậu..BĐS và những con gà đẻ trứng vàng hàng ngày tháng năm nó nuôi sống những dự án cho tương lai của Vin và VN..giờ là lúc Vin gặt hái chút thành công ban đầu..",top_level,,UgxCF8mGY9T6U7MY8xZ4AaABAg,0,2026-09-23T01:38:37Z,2026-09-23T01:38:37Z,0,UCXS9f1DQ-Nb02LZ3jiR-z2Q,,0,0,youtube_20260926_1347,baseline_20260926_134704,2026-09-26T20:47:45.903756+07:00
youtube_c_UgxCygt9rrs6yOsH09V4AaABAg,youtube,https://www.youtube.com/watch?v=o5hjDTBi694,o5hjDTBi694,"DÂN THÁI LAN CAY ĐẮNG NHÌN CẢNH DOANH NGHIỆP VIỆT NAM &quot;THỊ UY&quot; XE BUS ĐIỆN GIỮA LÒNG BANGKOK
👉 Khám phá ngay Tủ sách số và Audio book Thực chiến tại hệ thống Sơn Hải Nguyễn. Chỉ 15 phút nghe mỗi ngày, bạn sẽ có ngay tư duy sắc bén để xử lý gọn gàng những góc khuất đời thường và công sở.

👉 Truy cập ngay sonhainguyen.com để khám phá thêm kho công cụ và tài liệu hỗ trợ cho công việc và nâng cao kỹ năng làm việc của bạn
---------------------------------
Một đất nước có năng lực sản xuất khoảng 1,5 triệu ô tô mỗi năm, sở hữu hàng loạt nhà máy của Toyota, Honda, Isuzu hay Mitsubishi, giờ lại chứng kiến Kim Long Motor của Việt Nam mang xe buýt điện sang Bangkok, tổ chức lễ ra mắt và ký những đơn hàng hàng trăm chiếc ngay trên sân nhà của ngành ô tô Thái.

Câu chuyện càng đáng chú ý bởi trong nhiều năm, Việt Nam thường được xem là người đi sau trong ngành công nghiệp ô tô khu vực. Nhưng chỉ trong một thời gian ngắn, doanh nghiệp Việt đã bắt đầu xuất hiện ở những phân khúc mới như xe điện, xe buýt và phương tiện thương mại xanh.

Một số tư liệu được sử dụng trong video thuộc về các chủ sở hữu đáng kính. Mọi vấn đề liên quan đến bản quyền, vui lòng liên hệ: battlecry.vn@gmail.com.
Some of the materials used in the video belongs to the rightful owners. All Copyrights related issues should be sent to battlecry.vn@gmail.com. Thank you.

#battlecry #khampha #kinhte #dialy",DÂN THÁI LAN CAY ĐẮNG NHÌN CẢNH DOANH NGHIỆP VIỆT NAM &quot;THỊ UY&quot; XE BUS ĐIỆN GIỮA LÒNG BANGKOK,2026-09-21T05:18:24Z,2026-09-21T05:18:24Z,Ủng hộ vinfast không ủng hộ hàng tàu,top_level,,UgxCygt9rrs6yOsH09V4AaABAg,0,2026-09-21T10:51:35Z,2026-09-21T10:51:35Z,9,UC-3x6594i9LdrnKjYfUVRYA,,0,0,youtube_20260926_1347,baseline_20260926_134704,2026-09-26T20:47:59.087999+07:00
youtube_c_UgxCygt9rrs6yOsH09V4AaABAg.Ab0V3yi7y8BAb8VtqZJ45-,youtube,https://www.youtube.com/watch?v=o5hjDTBi694,o5hjDTBi694,"DÂN THÁI LAN CAY ĐẮNG NHÌN CẢNH DOANH NGHIỆP VIỆT NAM &quot;THỊ UY&quot; XE BUS ĐIỆN GIỮA LÒNG BANGKOK
👉 Khám phá ngay Tủ sách số và Audio book Thực chiến tại hệ thống Sơn Hải Nguyễn. Chỉ 15 phút nghe mỗi ngày, bạn sẽ có ngay tư duy sắc bén để xử lý gọn gàng những góc khuất đời thường và công sở.

👉 Truy cập ngay sonhainguyen.com để khám phá thêm kho công cụ và tài liệu hỗ trợ cho công việc và nâng cao kỹ năng làm việc của bạn
---------------------------------
Một đất nước có năng lực sản xuất khoảng 1,5 triệu ô tô mỗi năm, sở hữu hàng loạt nhà máy của Toyota, Honda, Isuzu hay Mitsubishi, giờ lại chứng kiến Kim Long Motor của Việt Nam mang xe buýt điện sang Bangkok, tổ chức lễ ra mắt và ký những đơn hàng hàng trăm chiếc ngay trên sân nhà của ngành ô tô Thái.

Câu chuyện càng đáng chú ý bởi trong nhiều năm, Việt Nam thường được xem là người đi sau trong ngành công nghiệp ô tô khu vực. Nhưng chỉ trong một thời gian ngắn, doanh nghiệp Việt đã bắt đầu xuất hiện ở những phân khúc mới như xe điện, xe buýt và phương tiện thương mại xanh.

Một số tư liệu được sử dụng trong video thuộc về các chủ sở hữu đáng kính. Mọi vấn đề liên quan đến bản quyền, vui lòng liên hệ: battlecry.vn@gmail.com.
Some of the materials used in the video belongs to the rightful owners. All Copyrights related issues should be sent to battlecry.vn@gmail.com. Thank you.

#battlecry #khampha #kinhte #dialy",DÂN THÁI LAN CAY ĐẮNG NHÌN CẢNH DOANH NGHIỆP VIỆT NAM &quot;THỊ UY&quot; XE BUS ĐIỆN GIỮA LÒNG BANGKOK,2026-09-21T05:18:24Z,2026-09-21T05:18:24Z,Để tôi nói cho mấy gã ngu ngốc các người biết: nếu thiếu linh kiện Trung Quốc thì chiếc VinFast của các người thậm chí còn chẳng có nổi cái khung xe. Do Việt Nam thiếu công nghệ sản xuất thép tấm đạt chuẩn ô tô nên nhiều khả năng VinFast phải nhập khẩu từ Trung Quốc; thực tế là nhiều mẫu xe điện VinFast của các người còn do chính các công ty Trung Quốc thiết kế.,reply,UgxCygt9rrs6yOsH09V4AaABAg,UgxCygt9rrs6yOsH09V4AaABAg,1,2026-09-24T13:32:43Z,2026-09-24T13:32:43Z,0,UCxYMhJ-Ub3QGotnLIr5y5Fw,transport_impact,0,0,youtube_20260926_1347,baseline_20260926_134704,2026-09-26T20:48:02.398813+07:00
youtube_c_UgxF4i4AEor0uJz8Wbh4AaABAg,youtube,https://www.youtube.com/watch?v=o5hjDTBi694,o5hjDTBi694,"DÂN THÁI LAN CAY ĐẮNG NHÌN CẢNH DOANH NGHIỆP VIỆT NAM &quot;THỊ UY&quot; XE BUS ĐIỆN GIỮA LÒNG BANGKOK
👉 Khám phá ngay Tủ sách số và Audio book Thực chiến tại hệ thống Sơn Hải Nguyễn. Chỉ 15 phút nghe mỗi ngày, bạn sẽ có ngay tư duy sắc bén để xử lý gọn gàng những góc khuất đời thường và công sở.

👉 Truy cập ngay sonhainguyen.com để khám phá thêm kho công cụ và tài liệu hỗ trợ cho công việc và nâng cao kỹ năng làm việc của bạn
---------------------------------
Một đất nước có năng lực sản xuất khoảng 1,5 triệu ô tô mỗi năm, sở hữu hàng loạt nhà máy của Toyota, Honda, Isuzu hay Mitsubishi, giờ lại chứng kiến Kim Long Motor của Việt Nam mang xe buýt điện sang Bangkok, tổ chức lễ ra mắt và ký những đơn hàng hàng trăm chiếc ngay trên sân nhà của ngành ô tô Thái.

Câu chuyện càng đáng chú ý bởi trong nhiều năm, Việt Nam thường được xem là người đi sau trong ngành công nghiệp ô tô khu vực. Nhưng chỉ trong một thời gian ngắn, doanh nghiệp Việt đã bắt đầu xuất hiện ở những phân khúc mới như xe điện, xe buýt và phương tiện thương mại xanh.

Một số tư liệu được sử dụng trong video thuộc về các chủ sở hữu đáng kính. Mọi vấn đề liên quan đến bản quyền, vui lòng liên hệ: battlecry.vn@gmail.com.
Some of the materials used in the video belongs to the rightful owners. All Copyrights related issues should be sent to battlecry.vn@gmail.com. Thank you.

#battlecry #khampha #kinhte #dialy",DÂN THÁI LAN CAY ĐẮNG NHÌN CẢNH DOANH NGHIỆP VIỆT NAM &quot;THỊ UY&quot; XE BUS ĐIỆN GIỮA LÒNG BANGKOK,2026-09-21T05:18:24Z,2026-09-21T05:18:24Z,😂,top_level,,UgxF4i4AEor0uJz8Wbh4AaABAg,0,2026-09-21T07:56:26Z,2026-09-21T07:56:26Z,1,UCoBdVEg_QqHP6D4gapiwZ3g,,0,0,youtube_20260926_1347,baseline_20260926_134704,2026-09-26T20:48:29.251027+07:00
youtube_c_UgxG8BOdfzn0Zf0uuDJ4AaABAg,youtube,https://www.youtube.com/watch?v=o5hjDTBi694,o5hjDTBi694,"DÂN THÁI LAN CAY ĐẮNG NHÌN CẢNH DOANH NGHIỆP VIỆT NAM &quot;THỊ UY&quot; XE BUS ĐIỆN GIỮA LÒNG BANGKOK
👉 Khám phá ngay Tủ sách số và Audio book Thực chiến tại hệ thống Sơn Hải Nguyễn. Chỉ 15 phút nghe mỗi ngày, bạn sẽ có ngay tư duy sắc bén để xử lý gọn gàng những góc khuất đời thường và công sở.

👉 Truy cập ngay sonhainguyen.com để khám phá thêm kho công cụ và tài liệu hỗ trợ cho công việc và nâng cao kỹ năng làm việc của bạn
---------------------------------
Một đất nước có năng lực sản xuất khoảng 1,5 triệu ô tô mỗi năm, sở hữu hàng loạt nhà máy của Toyota, Honda, Isuzu hay Mitsubishi, giờ lại chứng kiến Kim Long Motor của Việt Nam mang xe buýt điện sang Bangkok, tổ chức lễ ra mắt và ký những đơn hàng hàng trăm chiếc ngay trên sân nhà của ngành ô tô Thái.

Câu chuyện càng đáng chú ý bởi trong nhiều năm, Việt Nam thường được xem là người đi sau trong ngành công nghiệp ô tô khu vực. Nhưng chỉ trong một thời gian ngắn, doanh nghiệp Việt đã bắt đầu xuất hiện ở những phân khúc mới như xe điện, xe buýt và phương tiện thương mại xanh.

Một số tư liệu được sử dụng trong video thuộc về các chủ sở hữu đáng kính. Mọi vấn đề liên quan đến bản quyền, vui lòng liên hệ: battlecry.vn@gmail.com.
Some of the materials used in the video belongs to the rightful owners. All Copyrights related issues should be sent to battlecry.vn@gmail.com. Thank you.

#battlecry #khampha #kinhte #dialy",DÂN THÁI LAN CAY ĐẮNG NHÌN CẢNH DOANH NGHIỆP VIỆT NAM &quot;THỊ UY&quot; XE BUS ĐIỆN GIỮA LÒNG BANGKOK,2026-09-21T05:18:24Z,2026-09-21T05:18:24Z,Thành phố Hồ Chí Minh đã chuyển sang xe điện hết rồi,top_level,,UgxG8BOdfzn0Zf0uuDJ4AaABAg,0,2026-09-26T11:14:05Z,2026-09-26T11:14:05Z,0,UCHKuGAb06_Fm6XdU8pY6-Sg,transport_impact,0,0,youtube_20260926_1347,baseline_20260926_134704,2026-09-26T20:47:45.887075+07:00
youtube_c_UgxHNHjltcQ2bdiHLrp4AaABAg,youtube,https://www.youtube.com/watch?v=o5hjDTBi694,o5hjDTBi694,"DÂN THÁI LAN CAY ĐẮNG NHÌN CẢNH DOANH NGHIỆP VIỆT NAM &quot;THỊ UY&quot; XE BUS ĐIỆN GIỮA LÒNG BANGKOK
👉 Khám phá ngay Tủ sách số và Audio book Thực chiến tại hệ thống Sơn Hải Nguyễn. Chỉ 15 phút nghe mỗi ngày, bạn sẽ có ngay tư duy sắc bén để xử lý gọn gàng những góc khuất đời thường và công sở.

👉 Truy cập ngay sonhainguyen.com để khám phá thêm kho công cụ và tài liệu hỗ trợ cho công việc và nâng cao kỹ năng làm việc của bạn
---------------------------------
Một đất nước có năng lực sản xuất khoảng 1,5 triệu ô tô mỗi năm, sở hữu hàng loạt nhà máy của Toyota, Honda, Isuzu hay Mitsubishi, giờ lại chứng kiến Kim Long Motor của Việt Nam mang xe buýt điện sang Bangkok, tổ chức lễ ra mắt và ký những đơn hàng hàng trăm chiếc ngay trên sân nhà của ngành ô tô Thái.

Câu chuyện càng đáng chú ý bởi trong nhiều năm, Việt Nam thường được xem là người đi sau trong ngành công nghiệp ô tô khu vực. Nhưng chỉ trong một thời gian ngắn, doanh nghiệp Việt đã bắt đầu xuất hiện ở những phân khúc mới như xe điện, xe buýt và phương tiện thương mại xanh.

Một số tư liệu được sử dụng trong video thuộc về các chủ sở hữu đáng kính. Mọi vấn đề liên quan đến bản quyền, vui lòng liên hệ: battlecry.vn@gmail.com.
Some of the materials used in the video belongs to the rightful owners. All Copyrights related issues should be sent to battlecry.vn@gmail.com. Thank you.

#battlecry #khampha #kinhte #dialy",DÂN THÁI LAN CAY ĐẮNG NHÌN CẢNH DOANH NGHIỆP VIỆT NAM &quot;THỊ UY&quot; XE BUS ĐIỆN GIỮA LÒNG BANGKOK,2026-09-21T05:18:24Z,2026-09-21T05:18:24Z,"Mỗi năm cải tiến mẫu xe, cải tiến chất lượng xe ngày càng hiện đại và chất lượng ngày càng tốt hơn. Giá thành tốt. Lắm nghe người tiêu dùng.nội địa hóa phụ tùng trong nước, tạo điều kiện cho danh nghiệp tư nhân phát triển phụ tùng, thiết bị bổ trợ. Kéo đất nước phát triển mọi lĩnh vực, có công ăn việc làm, kinh nghiệm sản xuất xe ngày càng cao. Đất nước phát triển bền vững và hội nhận thế giới.",top_level,,UgxHNHjltcQ2bdiHLrp4AaABAg,0,2026-09-23T04:25:21Z,2026-09-23T04:25:21Z,0,UCycLhFC60ujNFbRbDNChI-w,,0,0,youtube_20260926_1347,baseline_20260926_134704,2026-09-26T20:47:45.896449+07:00
youtube_c_UgxSHaPe2-xqkz3HcLN4AaABAg,youtube,https://www.youtube.com/watch?v=o5hjDTBi694,o5hjDTBi694,"DÂN THÁI LAN CAY ĐẮNG NHÌN CẢNH DOANH NGHIỆP VIỆT NAM &quot;THỊ UY&quot; XE BUS ĐIỆN GIỮA LÒNG BANGKOK
👉 Khám phá ngay Tủ sách số và Audio book Thực chiến tại hệ thống Sơn Hải Nguyễn. Chỉ 15 phút nghe mỗi ngày, bạn sẽ có ngay tư duy sắc bén để xử lý gọn gàng những góc khuất đời thường và công sở.

👉 Truy cập ngay sonhainguyen.com để khám phá thêm kho công cụ và tài liệu hỗ trợ cho công việc và nâng cao kỹ năng làm việc của bạn
---------------------------------
Một đất nước có năng lực sản xuất khoảng 1,5 triệu ô tô mỗi năm, sở hữu hàng loạt nhà máy của Toyota, Honda, Isuzu hay Mitsubishi, giờ lại chứng kiến Kim Long Motor của Việt Nam mang xe buýt điện sang Bangkok, tổ chức lễ ra mắt và ký những đơn hàng hàng trăm chiếc ngay trên sân nhà của ngành ô tô Thái.

Câu chuyện càng đáng chú ý bởi trong nhiều năm, Việt Nam thường được xem là người đi sau trong ngành công nghiệp ô tô khu vực. Nhưng chỉ trong một thời gian ngắn, doanh nghiệp Việt đã bắt đầu xuất hiện ở những phân khúc mới như xe điện, xe buýt và phương tiện thương mại xanh.

Một số tư liệu được sử dụng trong video thuộc về các chủ sở hữu đáng kính. Mọi vấn đề liên quan đến bản quyền, vui lòng liên hệ: battlecry.vn@gmail.com.
Some of the materials used in the video belongs to the rightful owners. All Copyrights related issues should be sent to battlecry.vn@gmail.com. Thank you.

#battlecry #khampha #kinhte #dialy",DÂN THÁI LAN CAY ĐẮNG NHÌN CẢNH DOANH NGHIỆP VIỆT NAM &quot;THỊ UY&quot; XE BUS ĐIỆN GIỮA LÒNG BANGKOK,2026-09-21T05:18:24Z,2026-09-21T05:18:24Z,Kim Long là xe Tàu đội lốt xuất sang chuỗi tiêu thguj của nó thì tự hào nỗi gì.,top_level,,UgxSHaPe2-xqkz3HcLN4AaABAg,0,2026-09-21T07:29:41Z,2026-09-21T07:29:41Z,0,UCJqXSfAK_eHYPQP8pqkDZLQ,,0,0,youtube_20260926_1347,baseline_20260926_134704,2026-09-26T20:48:39.080177+07:00
youtube_c_UgxSHaPe2-xqkz3HcLN4AaABAg.Ab07yFnh3lYAb0OcuOlv5I,youtube,https://www.youtube.com/watch?v=o5hjDTBi694,o5hjDTBi694,"DÂN THÁI LAN CAY ĐẮNG NHÌN CẢNH DOANH NGHIỆP VIỆT NAM &quot;THỊ UY&quot; XE BUS ĐIỆN GIỮA LÒNG BANGKOK
👉 Khám phá ngay Tủ sách số và Audio book Thực chiến tại hệ thống Sơn Hải Nguyễn. Chỉ 15 phút nghe mỗi ngày, bạn sẽ có ngay tư duy sắc bén để xử lý gọn gàng những góc khuất đời thường và công sở.

👉 Truy cập ngay sonhainguyen.com để khám phá thêm kho công cụ và tài liệu hỗ trợ cho công việc và nâng cao kỹ năng làm việc của bạn
---------------------------------
Một đất nước có năng lực sản xuất khoảng 1,5 triệu ô tô mỗi năm, sở hữu hàng loạt nhà máy của Toyota, Honda, Isuzu hay Mitsubishi, giờ lại chứng kiến Kim Long Motor của Việt Nam mang xe buýt điện sang Bangkok, tổ chức lễ ra mắt và ký những đơn hàng hàng trăm chiếc ngay trên sân nhà của ngành ô tô Thái.

Câu chuyện càng đáng chú ý bởi trong nhiều năm, Việt Nam thường được xem là người đi sau trong ngành công nghiệp ô tô khu vực. Nhưng chỉ trong một thời gian ngắn, doanh nghiệp Việt đã bắt đầu xuất hiện ở những phân khúc mới như xe điện, xe buýt và phương tiện thương mại xanh.

Một số tư liệu được sử dụng trong video thuộc về các chủ sở hữu đáng kính. Mọi vấn đề liên quan đến bản quyền, vui lòng liên hệ: battlecry.vn@gmail.com.
Some of the materials used in the video belongs to the rightful owners. All Copyrights related issues should be sent to battlecry.vn@gmail.com. Thank you.

#battlecry #khampha #kinhte #dialy",DÂN THÁI LAN CAY ĐẮNG NHÌN CẢNH DOANH NGHIỆP VIỆT NAM &quot;THỊ UY&quot; XE BUS ĐIỆN GIỮA LÒNG BANGKOK,2026-09-21T05:18:24Z,2026-09-21T05:18:24Z,"mua giấy phép sản xuất động cơ và mẫu mã xe từ Đức là cách Vinfast tự sản xuất các mẫu xe đầu tiên, bạn có bản quyền, tự chế về sau, đến nay đã thấy Vinfast bật lên như thế nào. Lần này chỉ khác là mua bản quyền mọi thứ từ Trung Quốc",reply,UgxSHaPe2-xqkz3HcLN4AaABAg,UgxSHaPe2-xqkz3HcLN4AaABAg,1,2026-09-21T09:55:19Z,2026-09-21T09:55:19Z,2,UCKeg5hg2D7vW_ro_sMf3GyA,,0,0,youtube_20260926_1347,baseline_20260926_134704,2026-09-26T20:48:42.347216+07:00
youtube_c_UgxSHaPe2-xqkz3HcLN4AaABAg.Ab07yFnh3lYAb8XllEWHqU,youtube,https://www.youtube.com/watch?v=o5hjDTBi694,o5hjDTBi694,"DÂN THÁI LAN CAY ĐẮNG NHÌN CẢNH DOANH NGHIỆP VIỆT NAM &quot;THỊ UY&quot; XE BUS ĐIỆN GIỮA LÒNG BANGKOK
👉 Khám phá ngay Tủ sách số và Audio book Thực chiến tại hệ thống Sơn Hải Nguyễn. Chỉ 15 phút nghe mỗi ngày, bạn sẽ có ngay tư duy sắc bén để xử lý gọn gàng những góc khuất đời thường và công sở.

👉 Truy cập ngay sonhainguyen.com để khám phá thêm kho công cụ và tài liệu hỗ trợ cho công việc và nâng cao kỹ năng làm việc của bạn
---------------------------------
Một đất nước có năng lực sản xuất khoảng 1,5 triệu ô tô mỗi năm, sở hữu hàng loạt nhà máy của Toyota, Honda, Isuzu hay Mitsubishi, giờ lại chứng kiến Kim Long Motor của Việt Nam mang xe buýt điện sang Bangkok, tổ chức lễ ra mắt và ký những đơn hàng hàng trăm chiếc ngay trên sân nhà của ngành ô tô Thái.

Câu chuyện càng đáng chú ý bởi trong nhiều năm, Việt Nam thường được xem là người đi sau trong ngành công nghiệp ô tô khu vực. Nhưng chỉ trong một thời gian ngắn, doanh nghiệp Việt đã bắt đầu xuất hiện ở những phân khúc mới như xe điện, xe buýt và phương tiện thương mại xanh.

Một số tư liệu được sử dụng trong video thuộc về các chủ sở hữu đáng kính. Mọi vấn đề liên quan đến bản quyền, vui lòng liên hệ: battlecry.vn@gmail.com.
Some of the materials used in the video belongs to the rightful owners. All Copyrights related issues should be sent to battlecry.vn@gmail.com. Thank you.

#battlecry #khampha #kinhte #dialy",DÂN THÁI LAN CAY ĐẮNG NHÌN CẢNH DOANH NGHIỆP VIỆT NAM &quot;THỊ UY&quot; XE BUS ĐIỆN GIỮA LÒNG BANGKOK,2026-09-21T05:18:24Z,2026-09-21T05:18:24Z,@thanhthiennguyen3082 Đừng cười nhạo Thái Lan nữa; nhiều linh kiện và thiết kế cho xe điện VinFast của các bạn thực ra lại do các công ty Trung Quốc cung cấp.,reply,UgxSHaPe2-xqkz3HcLN4AaABAg,UgxSHaPe2-xqkz3HcLN4AaABAg,1,2026-09-24T13:49:06Z,2026-09-24T13:49:06Z,0,UCxYMhJ-Ub3QGotnLIr5y5Fw,transport_impact,0,0,youtube_20260926_1347,baseline_20260926_134704,2026-09-26T20:48:42.347842+07:00
youtube_c_UgxSHaPe2-xqkz3HcLN4AaABAg.Ab07yFnh3lYAbEvEdaZF-U,youtube,https://www.youtube.com/watch?v=o5hjDTBi694,o5hjDTBi694,"DÂN THÁI LAN CAY ĐẮNG NHÌN CẢNH DOANH NGHIỆP VIỆT NAM &quot;THỊ UY&quot; XE BUS ĐIỆN GIỮA LÒNG BANGKOK
👉 Khám phá ngay Tủ sách số và Audio book Thực chiến tại hệ thống Sơn Hải Nguyễn. Chỉ 15 phút nghe mỗi ngày, bạn sẽ có ngay tư duy sắc bén để xử lý gọn gàng những góc khuất đời thường và công sở.

👉 Truy cập ngay sonhainguyen.com để khám phá thêm kho công cụ và tài liệu hỗ trợ cho công việc và nâng cao kỹ năng làm việc của bạn
---------------------------------
Một đất nước có năng lực sản xuất khoảng 1,5 triệu ô tô mỗi năm, sở hữu hàng loạt nhà máy của Toyota, Honda, Isuzu hay Mitsubishi, giờ lại chứng kiến Kim Long Motor của Việt Nam mang xe buýt điện sang Bangkok, tổ chức lễ ra mắt và ký những đơn hàng hàng trăm chiếc ngay trên sân nhà của ngành ô tô Thái.

Câu chuyện càng đáng chú ý bởi trong nhiều năm, Việt Nam thường được xem là người đi sau trong ngành công nghiệp ô tô khu vực. Nhưng chỉ trong một thời gian ngắn, doanh nghiệp Việt đã bắt đầu xuất hiện ở những phân khúc mới như xe điện, xe buýt và phương tiện thương mại xanh.

Một số tư liệu được sử dụng trong video thuộc về các chủ sở hữu đáng kính. Mọi vấn đề liên quan đến bản quyền, vui lòng liên hệ: battlecry.vn@gmail.com.
Some of the materials used in the video belongs to the rightful owners. All Copyrights related issues should be sent to battlecry.vn@gmail.com. Thank you.

#battlecry #khampha #kinhte #dialy",DÂN THÁI LAN CAY ĐẮNG NHÌN CẢNH DOANH NGHIỆP VIỆT NAM &quot;THỊ UY&quot; XE BUS ĐIỆN GIỮA LÒNG BANGKOK,2026-09-21T05:18:24Z,2026-09-21T05:18:24Z,@thanhthiennguyen3082 Mua ở đâu? Bạn đưa bằng chứng?,reply,UgxSHaPe2-xqkz3HcLN4AaABAg,UgxSHaPe2-xqkz3HcLN4AaABAg,1,2026-09-27T01:18:20Z,2026-09-27T01:18:20Z,0,UCJqXSfAK_eHYPQP8pqkDZLQ,,0,0,youtube_20260927_0855,baseline_20260926_134704,2026-09-27T15:59:31.744441+07:00
youtube_c_UgxV5aXexH6UejyqkVF4AaABAg,youtube,https://www.youtube.com/watch?v=o5hjDTBi694,o5hjDTBi694,"DÂN THÁI LAN CAY ĐẮNG NHÌN CẢNH DOANH NGHIỆP VIỆT NAM &quot;THỊ UY&quot; XE BUS ĐIỆN GIỮA LÒNG BANGKOK
👉 Khám phá ngay Tủ sách số và Audio book Thực chiến tại hệ thống Sơn Hải Nguyễn. Chỉ 15 phút nghe mỗi ngày, bạn sẽ có ngay tư duy sắc bén để xử lý gọn gàng những góc khuất đời thường và công sở.

👉 Truy cập ngay sonhainguyen.com để khám phá thêm kho công cụ và tài liệu hỗ trợ cho công việc và nâng cao kỹ năng làm việc của bạn
---------------------------------
Một đất nước có năng lực sản xuất khoảng 1,5 triệu ô tô mỗi năm, sở hữu hàng loạt nhà máy của Toyota, Honda, Isuzu hay Mitsubishi, giờ lại chứng kiến Kim Long Motor của Việt Nam mang xe buýt điện sang Bangkok, tổ chức lễ ra mắt và ký những đơn hàng hàng trăm chiếc ngay trên sân nhà của ngành ô tô Thái.

Câu chuyện càng đáng chú ý bởi trong nhiều năm, Việt Nam thường được xem là người đi sau trong ngành công nghiệp ô tô khu vực. Nhưng chỉ trong một thời gian ngắn, doanh nghiệp Việt đã bắt đầu xuất hiện ở những phân khúc mới như xe điện, xe buýt và phương tiện thương mại xanh.

Một số tư liệu được sử dụng trong video thuộc về các chủ sở hữu đáng kính. Mọi vấn đề liên quan đến bản quyền, vui lòng liên hệ: battlecry.vn@gmail.com.
Some of the materials used in the video belongs to the rightful owners. All Copyrights related issues should be sent to battlecry.vn@gmail.com. Thank you.

#battlecry #khampha #kinhte #dialy",DÂN THÁI LAN CAY ĐẮNG NHÌN CẢNH DOANH NGHIỆP VIỆT NAM &quot;THỊ UY&quot; XE BUS ĐIỆN GIỮA LÒNG BANGKOK,2026-09-21T05:18:24Z,2026-09-21T05:18:24Z,"Thực ra Thái bốc phét số liệu thôi, làm 70% quy trình sản xuất xe cho Nhật mà không có hãng xe riêng",top_level,,UgxV5aXexH6UejyqkVF4AaABAg,0,2026-09-21T07:42:07Z,2026-09-21T07:42:07Z,1,UCW4KIj1jtatWOflQuaX5oHQ,,0,0,youtube_20260926_1347,baseline_20260926_134704,2026-09-26T20:48:35.810049+07:00
youtube_c_UgxW0WFzpWcLNxbXkQd4AaABAg,youtube,https://www.youtube.com/watch?v=o5hjDTBi694,o5hjDTBi694,"DÂN THÁI LAN CAY ĐẮNG NHÌN CẢNH DOANH NGHIỆP VIỆT NAM &quot;THỊ UY&quot; XE BUS ĐIỆN GIỮA LÒNG BANGKOK
👉 Khám phá ngay Tủ sách số và Audio book Thực chiến tại hệ thống Sơn Hải Nguyễn. Chỉ 15 phút nghe mỗi ngày, bạn sẽ có ngay tư duy sắc bén để xử lý gọn gàng những góc khuất đời thường và công sở.

👉 Truy cập ngay sonhainguyen.com để khám phá thêm kho công cụ và tài liệu hỗ trợ cho công việc và nâng cao kỹ năng làm việc của bạn
---------------------------------
Một đất nước có năng lực sản xuất khoảng 1,5 triệu ô tô mỗi năm, sở hữu hàng loạt nhà máy của Toyota, Honda, Isuzu hay Mitsubishi, giờ lại chứng kiến Kim Long Motor của Việt Nam mang xe buýt điện sang Bangkok, tổ chức lễ ra mắt và ký những đơn hàng hàng trăm chiếc ngay trên sân nhà của ngành ô tô Thái.

Câu chuyện càng đáng chú ý bởi trong nhiều năm, Việt Nam thường được xem là người đi sau trong ngành công nghiệp ô tô khu vực. Nhưng chỉ trong một thời gian ngắn, doanh nghiệp Việt đã bắt đầu xuất hiện ở những phân khúc mới như xe điện, xe buýt và phương tiện thương mại xanh.

Một số tư liệu được sử dụng trong video thuộc về các chủ sở hữu đáng kính. Mọi vấn đề liên quan đến bản quyền, vui lòng liên hệ: battlecry.vn@gmail.com.
Some of the materials used in the video belongs to the rightful owners. All Copyrights related issues should be sent to battlecry.vn@gmail.com. Thank you.

#battlecry #khampha #kinhte #dialy",DÂN THÁI LAN CAY ĐẮNG NHÌN CẢNH DOANH NGHIỆP VIỆT NAM &quot;THỊ UY&quot; XE BUS ĐIỆN GIỮA LÒNG BANGKOK,2026-09-21T05:18:24Z,2026-09-21T05:18:24Z,Kim ling nhập xe buyt điện của TQ về ráp mà,top_level,,UgxW0WFzpWcLNxbXkQd4AaABAg,0,2026-09-21T10:17:20Z,2026-09-21T10:17:20Z,0,UCsqpjJv8w40R2UXAr0iOODw,electric_bus,0,0,youtube_20260926_1347,baseline_20260926_134704,2026-09-26T20:48:05.978771+07:00
youtube_c_Ugxe7RK20b5zqVWS4Ct4AaABAg,youtube,https://www.youtube.com/watch?v=o5hjDTBi694,o5hjDTBi694,"DÂN THÁI LAN CAY ĐẮNG NHÌN CẢNH DOANH NGHIỆP VIỆT NAM &quot;THỊ UY&quot; XE BUS ĐIỆN GIỮA LÒNG BANGKOK
👉 Khám phá ngay Tủ sách số và Audio book Thực chiến tại hệ thống Sơn Hải Nguyễn. Chỉ 15 phút nghe mỗi ngày, bạn sẽ có ngay tư duy sắc bén để xử lý gọn gàng những góc khuất đời thường và công sở.

👉 Truy cập ngay sonhainguyen.com để khám phá thêm kho công cụ và tài liệu hỗ trợ cho công việc và nâng cao kỹ năng làm việc của bạn
---------------------------------
Một đất nước có năng lực sản xuất khoảng 1,5 triệu ô tô mỗi năm, sở hữu hàng loạt nhà máy của Toyota, Honda, Isuzu hay Mitsubishi, giờ lại chứng kiến Kim Long Motor của Việt Nam mang xe buýt điện sang Bangkok, tổ chức lễ ra mắt và ký những đơn hàng hàng trăm chiếc ngay trên sân nhà của ngành ô tô Thái.

Câu chuyện càng đáng chú ý bởi trong nhiều năm, Việt Nam thường được xem là người đi sau trong ngành công nghiệp ô tô khu vực. Nhưng chỉ trong một thời gian ngắn, doanh nghiệp Việt đã bắt đầu xuất hiện ở những phân khúc mới như xe điện, xe buýt và phương tiện thương mại xanh.

Một số tư liệu được sử dụng trong video thuộc về các chủ sở hữu đáng kính. Mọi vấn đề liên quan đến bản quyền, vui lòng liên hệ: battlecry.vn@gmail.com.
Some of the materials used in the video belongs to the rightful owners. All Copyrights related issues should be sent to battlecry.vn@gmail.com. Thank you.

#battlecry #khampha #kinhte #dialy",DÂN THÁI LAN CAY ĐẮNG NHÌN CẢNH DOANH NGHIỆP VIỆT NAM &quot;THỊ UY&quot; XE BUS ĐIỆN GIỮA LÒNG BANGKOK,2026-09-21T05:18:24Z,2026-09-21T05:18:24Z,Kim long hãng xe trung quốc,top_level,,Ugxe7RK20b5zqVWS4Ct4AaABAg,0,2026-09-21T06:47:31Z,2026-09-21T06:47:31Z,2,UC6qY6aFNLM_hRaQR9oYuJkQ,,0,0,youtube_20260926_1347,baseline_20260926_134704,2026-09-26T20:49:05.364398+07:00
youtube_c_UgxfcrdvFDSD6wZlNXF4AaABAg,youtube,https://www.youtube.com/watch?v=o5hjDTBi694,o5hjDTBi694,"DÂN THÁI LAN CAY ĐẮNG NHÌN CẢNH DOANH NGHIỆP VIỆT NAM &quot;THỊ UY&quot; XE BUS ĐIỆN GIỮA LÒNG BANGKOK
👉 Khám phá ngay Tủ sách số và Audio book Thực chiến tại hệ thống Sơn Hải Nguyễn. Chỉ 15 phút nghe mỗi ngày, bạn sẽ có ngay tư duy sắc bén để xử lý gọn gàng những góc khuất đời thường và công sở.

👉 Truy cập ngay sonhainguyen.com để khám phá thêm kho công cụ và tài liệu hỗ trợ cho công việc và nâng cao kỹ năng làm việc của bạn
---------------------------------
Một đất nước có năng lực sản xuất khoảng 1,5 triệu ô tô mỗi năm, sở hữu hàng loạt nhà máy của Toyota, Honda, Isuzu hay Mitsubishi, giờ lại chứng kiến Kim Long Motor của Việt Nam mang xe buýt điện sang Bangkok, tổ chức lễ ra mắt và ký những đơn hàng hàng trăm chiếc ngay trên sân nhà của ngành ô tô Thái.

Câu chuyện càng đáng chú ý bởi trong nhiều năm, Việt Nam thường được xem là người đi sau trong ngành công nghiệp ô tô khu vực. Nhưng chỉ trong một thời gian ngắn, doanh nghiệp Việt đã bắt đầu xuất hiện ở những phân khúc mới như xe điện, xe buýt và phương tiện thương mại xanh.

Một số tư liệu được sử dụng trong video thuộc về các chủ sở hữu đáng kính. Mọi vấn đề liên quan đến bản quyền, vui lòng liên hệ: battlecry.vn@gmail.com.
Some of the materials used in the video belongs to the rightful owners. All Copyrights related issues should be sent to battlecry.vn@gmail.com. Thank you.

#battlecry #khampha #kinhte #dialy",DÂN THÁI LAN CAY ĐẮNG NHÌN CẢNH DOANH NGHIỆP VIỆT NAM &quot;THỊ UY&quot; XE BUS ĐIỆN GIỮA LÒNG BANGKOK,2026-09-21T05:18:24Z,2026-09-21T05:18:24Z,Kiểu gì cũng có bọn tây nội địa vào chê,top_level,,UgxfcrdvFDSD6wZlNXF4AaABAg,0,2026-09-21T12:50:40Z,2026-09-21T12:50:40Z,0,UCC_UspKeeapyodqBYbDPrbw,,0,0,youtube_20260926_1347,baseline_20260926_134704,2026-09-26T20:47:55.829818+07:00
youtube_c_UgxiveFmQYpEW4rVmZd4AaABAg,youtube,https://www.youtube.com/watch?v=o5hjDTBi694,o5hjDTBi694,"DÂN THÁI LAN CAY ĐẮNG NHÌN CẢNH DOANH NGHIỆP VIỆT NAM &quot;THỊ UY&quot; XE BUS ĐIỆN GIỮA LÒNG BANGKOK
👉 Khám phá ngay Tủ sách số và Audio book Thực chiến tại hệ thống Sơn Hải Nguyễn. Chỉ 15 phút nghe mỗi ngày, bạn sẽ có ngay tư duy sắc bén để xử lý gọn gàng những góc khuất đời thường và công sở.

👉 Truy cập ngay sonhainguyen.com để khám phá thêm kho công cụ và tài liệu hỗ trợ cho công việc và nâng cao kỹ năng làm việc của bạn
---------------------------------
Một đất nước có năng lực sản xuất khoảng 1,5 triệu ô tô mỗi năm, sở hữu hàng loạt nhà máy của Toyota, Honda, Isuzu hay Mitsubishi, giờ lại chứng kiến Kim Long Motor của Việt Nam mang xe buýt điện sang Bangkok, tổ chức lễ ra mắt và ký những đơn hàng hàng trăm chiếc ngay trên sân nhà của ngành ô tô Thái.

Câu chuyện càng đáng chú ý bởi trong nhiều năm, Việt Nam thường được xem là người đi sau trong ngành công nghiệp ô tô khu vực. Nhưng chỉ trong một thời gian ngắn, doanh nghiệp Việt đã bắt đầu xuất hiện ở những phân khúc mới như xe điện, xe buýt và phương tiện thương mại xanh.

Một số tư liệu được sử dụng trong video thuộc về các chủ sở hữu đáng kính. Mọi vấn đề liên quan đến bản quyền, vui lòng liên hệ: battlecry.vn@gmail.com.
Some of the materials used in the video belongs to the rightful owners. All Copyrights related issues should be sent to battlecry.vn@gmail.com. Thank you.

#battlecry #khampha #kinhte #dialy",DÂN THÁI LAN CAY ĐẮNG NHÌN CẢNH DOANH NGHIỆP VIỆT NAM &quot;THỊ UY&quot; XE BUS ĐIỆN GIỮA LÒNG BANGKOK,2026-09-21T05:18:24Z,2026-09-21T05:18:24Z,Việt nam đứng đâù thế giới về mọi mặt hoá kì trung quốc tụi nó chỉ lêm sao hoả chơi thôi chứ trái đất này việt nam là nhất. Nếu không có việt nam thì không ai dùng mã QR nếu không có việt nam thì không nước nào có 331 nếu không có việt nam thì đâu ai trên thế giới này sống nỗi,top_level,,UgxiveFmQYpEW4rVmZd4AaABAg,0,2026-09-21T14:46:00Z,2026-09-21T14:46:00Z,1,UCOAlsNrk9ZTLD8hg9wWsBYQ,,0,0,youtube_20260926_1347,baseline_20260926_134704,2026-09-26T20:47:55.822901+07:00
youtube_c_UgxlyuIibKdjBiKYFGh4AaABAg,youtube,https://www.youtube.com/watch?v=o5hjDTBi694,o5hjDTBi694,"DÂN THÁI LAN CAY ĐẮNG NHÌN CẢNH DOANH NGHIỆP VIỆT NAM &quot;THỊ UY&quot; XE BUS ĐIỆN GIỮA LÒNG BANGKOK
👉 Khám phá ngay Tủ sách số và Audio book Thực chiến tại hệ thống Sơn Hải Nguyễn. Chỉ 15 phút nghe mỗi ngày, bạn sẽ có ngay tư duy sắc bén để xử lý gọn gàng những góc khuất đời thường và công sở.

👉 Truy cập ngay sonhainguyen.com để khám phá thêm kho công cụ và tài liệu hỗ trợ cho công việc và nâng cao kỹ năng làm việc của bạn
---------------------------------
Một đất nước có năng lực sản xuất khoảng 1,5 triệu ô tô mỗi năm, sở hữu hàng loạt nhà máy của Toyota, Honda, Isuzu hay Mitsubishi, giờ lại chứng kiến Kim Long Motor của Việt Nam mang xe buýt điện sang Bangkok, tổ chức lễ ra mắt và ký những đơn hàng hàng trăm chiếc ngay trên sân nhà của ngành ô tô Thái.

Câu chuyện càng đáng chú ý bởi trong nhiều năm, Việt Nam thường được xem là người đi sau trong ngành công nghiệp ô tô khu vực. Nhưng chỉ trong một thời gian ngắn, doanh nghiệp Việt đã bắt đầu xuất hiện ở những phân khúc mới như xe điện, xe buýt và phương tiện thương mại xanh.

Một số tư liệu được sử dụng trong video thuộc về các chủ sở hữu đáng kính. Mọi vấn đề liên quan đến bản quyền, vui lòng liên hệ: battlecry.vn@gmail.com.
Some of the materials used in the video belongs to the rightful owners. All Copyrights related issues should be sent to battlecry.vn@gmail.com. Thank you.

#battlecry #khampha #kinhte #dialy",DÂN THÁI LAN CAY ĐẮNG NHÌN CẢNH DOANH NGHIỆP VIỆT NAM &quot;THỊ UY&quot; XE BUS ĐIỆN GIỮA LÒNG BANGKOK,2026-09-21T05:18:24Z,2026-09-21T05:18:24Z,"Kim Long vẫn chưa cho tôi cái cảm giác xe thuần Việt như Vinbus và Thaco. Vì sao?

Kim Long Motor  chỉ là mô hình ""Chuyển giao công nghệ & Hợp tác OEM sâu"":

- Ở giai đoạn hiện tại, bản chất các dòng xe bus Kim Long mang đậm dấu ấn của công nghệ và nền tảng Trung Quốc. Động cơ dùng Yuchai, cầu-hộp số hợp tác với Dongfeng Dana, thiết kế khung gầm và kiểu dáng cơ bản dựa trên các mẫu xe thương mại đã định hình từ Trung Quốc.

- Về mặt bản chất kỹ thuật lúc này, Kim Long hoạt động như một ""nhà lắp ráp & chuyển giao công nghệ"" (Assembler & Licensee) nâng cấp, hợp tác sâu với các tập đoàn công nghiệp Trung Quốc để tối ưu hóa chi phí sản xuất tại Việt Nam.",top_level,,UgxlyuIibKdjBiKYFGh4AaABAg,0,2026-09-21T06:42:54Z,2026-09-21T06:42:54Z,7,UCjo_zKt4SHheBq9F3mRem2g,"transport_impact,electric_bus",0,0,youtube_20260926_1347,baseline_20260926_134704,2026-09-26T20:49:08.815809+07:00
youtube_c_UgxlyuIibKdjBiKYFGh4AaABAg.Ab02bZ0Vjr-Ab06-16gXdJ,youtube,https://www.youtube.com/watch?v=o5hjDTBi694,o5hjDTBi694,"DÂN THÁI LAN CAY ĐẮNG NHÌN CẢNH DOANH NGHIỆP VIỆT NAM &quot;THỊ UY&quot; XE BUS ĐIỆN GIỮA LÒNG BANGKOK
👉 Khám phá ngay Tủ sách số và Audio book Thực chiến tại hệ thống Sơn Hải Nguyễn. Chỉ 15 phút nghe mỗi ngày, bạn sẽ có ngay tư duy sắc bén để xử lý gọn gàng những góc khuất đời thường và công sở.

👉 Truy cập ngay sonhainguyen.com để khám phá thêm kho công cụ và tài liệu hỗ trợ cho công việc và nâng cao kỹ năng làm việc của bạn
---------------------------------
Một đất nước có năng lực sản xuất khoảng 1,5 triệu ô tô mỗi năm, sở hữu hàng loạt nhà máy của Toyota, Honda, Isuzu hay Mitsubishi, giờ lại chứng kiến Kim Long Motor của Việt Nam mang xe buýt điện sang Bangkok, tổ chức lễ ra mắt và ký những đơn hàng hàng trăm chiếc ngay trên sân nhà của ngành ô tô Thái.

Câu chuyện càng đáng chú ý bởi trong nhiều năm, Việt Nam thường được xem là người đi sau trong ngành công nghiệp ô tô khu vực. Nhưng chỉ trong một thời gian ngắn, doanh nghiệp Việt đã bắt đầu xuất hiện ở những phân khúc mới như xe điện, xe buýt và phương tiện thương mại xanh.

Một số tư liệu được sử dụng trong video thuộc về các chủ sở hữu đáng kính. Mọi vấn đề liên quan đến bản quyền, vui lòng liên hệ: battlecry.vn@gmail.com.
Some of the materials used in the video belongs to the rightful owners. All Copyrights related issues should be sent to battlecry.vn@gmail.com. Thank you.

#battlecry #khampha #kinhte #dialy",DÂN THÁI LAN CAY ĐẮNG NHÌN CẢNH DOANH NGHIỆP VIỆT NAM &quot;THỊ UY&quot; XE BUS ĐIỆN GIỮA LÒNG BANGKOK,2026-09-21T05:18:24Z,2026-09-21T05:18:24Z,"Kim Long chỉ là một phiên bản khác của Asanzo mà thôi .
TQ đang lợi dụng hoặc núp sau lưng người Việt để chiếm đoạt thị phần tại Việt Nam và xuất khẩu ra thế giới và tránh thuế .",reply,UgxlyuIibKdjBiKYFGh4AaABAg,UgxlyuIibKdjBiKYFGh4AaABAg,1,2026-09-21T07:12:27Z,2026-09-21T07:12:27Z,4,UCemMMFsjeV3ejRxJICNcxxA,,0,0,youtube_20260926_1347,baseline_20260926_134704,2026-09-26T20:49:12.068972+07:00
youtube_c_UgxlyuIibKdjBiKYFGh4AaABAg.Ab02bZ0Vjr-Ab0K9WE1ijd,youtube,https://www.youtube.com/watch?v=o5hjDTBi694,o5hjDTBi694,"DÂN THÁI LAN CAY ĐẮNG NHÌN CẢNH DOANH NGHIỆP VIỆT NAM &quot;THỊ UY&quot; XE BUS ĐIỆN GIỮA LÒNG BANGKOK
👉 Khám phá ngay Tủ sách số và Audio book Thực chiến tại hệ thống Sơn Hải Nguyễn. Chỉ 15 phút nghe mỗi ngày, bạn sẽ có ngay tư duy sắc bén để xử lý gọn gàng những góc khuất đời thường và công sở.

👉 Truy cập ngay sonhainguyen.com để khám phá thêm kho công cụ và tài liệu hỗ trợ cho công việc và nâng cao kỹ năng làm việc của bạn
---------------------------------
Một đất nước có năng lực sản xuất khoảng 1,5 triệu ô tô mỗi năm, sở hữu hàng loạt nhà máy của Toyota, Honda, Isuzu hay Mitsubishi, giờ lại chứng kiến Kim Long Motor của Việt Nam mang xe buýt điện sang Bangkok, tổ chức lễ ra mắt và ký những đơn hàng hàng trăm chiếc ngay trên sân nhà của ngành ô tô Thái.

Câu chuyện càng đáng chú ý bởi trong nhiều năm, Việt Nam thường được xem là người đi sau trong ngành công nghiệp ô tô khu vực. Nhưng chỉ trong một thời gian ngắn, doanh nghiệp Việt đã bắt đầu xuất hiện ở những phân khúc mới như xe điện, xe buýt và phương tiện thương mại xanh.

Một số tư liệu được sử dụng trong video thuộc về các chủ sở hữu đáng kính. Mọi vấn đề liên quan đến bản quyền, vui lòng liên hệ: battlecry.vn@gmail.com.
Some of the materials used in the video belongs to the rightful owners. All Copyrights related issues should be sent to battlecry.vn@gmail.com. Thank you.

#battlecry #khampha #kinhte #dialy",DÂN THÁI LAN CAY ĐẮNG NHÌN CẢNH DOANH NGHIỆP VIỆT NAM &quot;THỊ UY&quot; XE BUS ĐIỆN GIỮA LÒNG BANGKOK,2026-09-21T05:18:24Z,2026-09-21T05:18:24Z,@VinhLê-s8n hay ghê 😂 phán như đúng rồi,reply,UgxlyuIibKdjBiKYFGh4AaABAg,UgxlyuIibKdjBiKYFGh4AaABAg,1,2026-09-21T09:16:13Z,2026-09-21T09:16:13Z,1,UCvpigxe3qUv03eOROuWFTnQ,,0,0,youtube_20260926_1347,baseline_20260926_134704,2026-09-26T20:49:12.068972+07:00
youtube_c_UgxlyuIibKdjBiKYFGh4AaABAg.Ab02bZ0Vjr-Ab2OJhYHAhZ,youtube,https://www.youtube.com/watch?v=o5hjDTBi694,o5hjDTBi694,"DÂN THÁI LAN CAY ĐẮNG NHÌN CẢNH DOANH NGHIỆP VIỆT NAM &quot;THỊ UY&quot; XE BUS ĐIỆN GIỮA LÒNG BANGKOK
👉 Khám phá ngay Tủ sách số và Audio book Thực chiến tại hệ thống Sơn Hải Nguyễn. Chỉ 15 phút nghe mỗi ngày, bạn sẽ có ngay tư duy sắc bén để xử lý gọn gàng những góc khuất đời thường và công sở.

👉 Truy cập ngay sonhainguyen.com để khám phá thêm kho công cụ và tài liệu hỗ trợ cho công việc và nâng cao kỹ năng làm việc của bạn
---------------------------------
Một đất nước có năng lực sản xuất khoảng 1,5 triệu ô tô mỗi năm, sở hữu hàng loạt nhà máy của Toyota, Honda, Isuzu hay Mitsubishi, giờ lại chứng kiến Kim Long Motor của Việt Nam mang xe buýt điện sang Bangkok, tổ chức lễ ra mắt và ký những đơn hàng hàng trăm chiếc ngay trên sân nhà của ngành ô tô Thái.

Câu chuyện càng đáng chú ý bởi trong nhiều năm, Việt Nam thường được xem là người đi sau trong ngành công nghiệp ô tô khu vực. Nhưng chỉ trong một thời gian ngắn, doanh nghiệp Việt đã bắt đầu xuất hiện ở những phân khúc mới như xe điện, xe buýt và phương tiện thương mại xanh.

Một số tư liệu được sử dụng trong video thuộc về các chủ sở hữu đáng kính. Mọi vấn đề liên quan đến bản quyền, vui lòng liên hệ: battlecry.vn@gmail.com.
Some of the materials used in the video belongs to the rightful owners. All Copyrights related issues should be sent to battlecry.vn@gmail.com. Thank you.

#battlecry #khampha #kinhte #dialy",DÂN THÁI LAN CAY ĐẮNG NHÌN CẢNH DOANH NGHIỆP VIỆT NAM &quot;THỊ UY&quot; XE BUS ĐIỆN GIỮA LÒNG BANGKOK,2026-09-21T05:18:24Z,2026-09-21T05:18:24Z,thế cũng đã là ok rồi bác ạ,reply,UgxlyuIibKdjBiKYFGh4AaABAg,UgxlyuIibKdjBiKYFGh4AaABAg,1,2026-09-22T04:31:03Z,2026-09-22T04:31:03Z,1,UCeHgHb7-eaGnL5ZZlERzfFA,,0,0,youtube_20260926_1347,baseline_20260926_134704,2026-09-26T20:49:12.068972+07:00
youtube_c_UgxlyuIibKdjBiKYFGh4AaABAg.Ab02bZ0Vjr-Ab8W4AtPDd3,youtube,https://www.youtube.com/watch?v=o5hjDTBi694,o5hjDTBi694,"DÂN THÁI LAN CAY ĐẮNG NHÌN CẢNH DOANH NGHIỆP VIỆT NAM &quot;THỊ UY&quot; XE BUS ĐIỆN GIỮA LÒNG BANGKOK
👉 Khám phá ngay Tủ sách số và Audio book Thực chiến tại hệ thống Sơn Hải Nguyễn. Chỉ 15 phút nghe mỗi ngày, bạn sẽ có ngay tư duy sắc bén để xử lý gọn gàng những góc khuất đời thường và công sở.

👉 Truy cập ngay sonhainguyen.com để khám phá thêm kho công cụ và tài liệu hỗ trợ cho công việc và nâng cao kỹ năng làm việc của bạn
---------------------------------
Một đất nước có năng lực sản xuất khoảng 1,5 triệu ô tô mỗi năm, sở hữu hàng loạt nhà máy của Toyota, Honda, Isuzu hay Mitsubishi, giờ lại chứng kiến Kim Long Motor của Việt Nam mang xe buýt điện sang Bangkok, tổ chức lễ ra mắt và ký những đơn hàng hàng trăm chiếc ngay trên sân nhà của ngành ô tô Thái.

Câu chuyện càng đáng chú ý bởi trong nhiều năm, Việt Nam thường được xem là người đi sau trong ngành công nghiệp ô tô khu vực. Nhưng chỉ trong một thời gian ngắn, doanh nghiệp Việt đã bắt đầu xuất hiện ở những phân khúc mới như xe điện, xe buýt và phương tiện thương mại xanh.

Một số tư liệu được sử dụng trong video thuộc về các chủ sở hữu đáng kính. Mọi vấn đề liên quan đến bản quyền, vui lòng liên hệ: battlecry.vn@gmail.com.
Some of the materials used in the video belongs to the rightful owners. All Copyrights related issues should be sent to battlecry.vn@gmail.com. Thank you.

#battlecry #khampha #kinhte #dialy",DÂN THÁI LAN CAY ĐẮNG NHÌN CẢNH DOANH NGHIỆP VIỆT NAM &quot;THỊ UY&quot; XE BUS ĐIỆN GIỮA LÒNG BANGKOK,2026-09-21T05:18:24Z,2026-09-21T05:18:24Z,@VinhLê-s8n Các xe điện VinFast của bạn thực tế sử dụng linh kiện Trung Quốc để lắp ráp.,reply,UgxlyuIibKdjBiKYFGh4AaABAg,UgxlyuIibKdjBiKYFGh4AaABAg,1,2026-09-24T13:34:17Z,2026-09-24T13:34:17Z,0,UCxYMhJ-Ub3QGotnLIr5y5Fw,transport_impact,0,0,youtube_20260926_1347,baseline_20260926_134704,2026-09-26T20:49:12.068972+07:00
youtube_c_UgxnVAV_802plJ27M614AaABAg,youtube,https://www.youtube.com/watch?v=o5hjDTBi694,o5hjDTBi694,"DÂN THÁI LAN CAY ĐẮNG NHÌN CẢNH DOANH NGHIỆP VIỆT NAM &quot;THỊ UY&quot; XE BUS ĐIỆN GIỮA LÒNG BANGKOK
👉 Khám phá ngay Tủ sách số và Audio book Thực chiến tại hệ thống Sơn Hải Nguyễn. Chỉ 15 phút nghe mỗi ngày, bạn sẽ có ngay tư duy sắc bén để xử lý gọn gàng những góc khuất đời thường và công sở.

👉 Truy cập ngay sonhainguyen.com để khám phá thêm kho công cụ và tài liệu hỗ trợ cho công việc và nâng cao kỹ năng làm việc của bạn
---------------------------------
Một đất nước có năng lực sản xuất khoảng 1,5 triệu ô tô mỗi năm, sở hữu hàng loạt nhà máy của Toyota, Honda, Isuzu hay Mitsubishi, giờ lại chứng kiến Kim Long Motor của Việt Nam mang xe buýt điện sang Bangkok, tổ chức lễ ra mắt và ký những đơn hàng hàng trăm chiếc ngay trên sân nhà của ngành ô tô Thái.

Câu chuyện càng đáng chú ý bởi trong nhiều năm, Việt Nam thường được xem là người đi sau trong ngành công nghiệp ô tô khu vực. Nhưng chỉ trong một thời gian ngắn, doanh nghiệp Việt đã bắt đầu xuất hiện ở những phân khúc mới như xe điện, xe buýt và phương tiện thương mại xanh.

Một số tư liệu được sử dụng trong video thuộc về các chủ sở hữu đáng kính. Mọi vấn đề liên quan đến bản quyền, vui lòng liên hệ: battlecry.vn@gmail.com.
Some of the materials used in the video belongs to the rightful owners. All Copyrights related issues should be sent to battlecry.vn@gmail.com. Thank you.

#battlecry #khampha #kinhte #dialy",DÂN THÁI LAN CAY ĐẮNG NHÌN CẢNH DOANH NGHIỆP VIỆT NAM &quot;THỊ UY&quot; XE BUS ĐIỆN GIỮA LÒNG BANGKOK,2026-09-21T05:18:24Z,2026-09-21T05:18:24Z,"Thực lòng mình tin rằng Kim long không phải hãng xe của Việt Nam, nó chỉ đơn giản là nằm trên trên lãnh thổ Việt Nam và được một công ty Việt Nam góp vốn. Có thể 100% linh kiện đều là hàng Trung Quốc.",top_level,,UgxnVAV_802plJ27M614AaABAg,0,2026-09-21T15:58:31Z,2026-09-21T15:58:31Z,5,UC7Bx6IEtm2t_vpcOIa2pVAA,,0,0,youtube_20260926_1347,baseline_20260926_134704,2026-09-26T20:47:45.924246+07:00
youtube_c_UgxnVAV_802plJ27M614AaABAg.Ab12C0iKHWjAb1LZu6q4eZ,youtube,https://www.youtube.com/watch?v=o5hjDTBi694,o5hjDTBi694,"DÂN THÁI LAN CAY ĐẮNG NHÌN CẢNH DOANH NGHIỆP VIỆT NAM &quot;THỊ UY&quot; XE BUS ĐIỆN GIỮA LÒNG BANGKOK
👉 Khám phá ngay Tủ sách số và Audio book Thực chiến tại hệ thống Sơn Hải Nguyễn. Chỉ 15 phút nghe mỗi ngày, bạn sẽ có ngay tư duy sắc bén để xử lý gọn gàng những góc khuất đời thường và công sở.

👉 Truy cập ngay sonhainguyen.com để khám phá thêm kho công cụ và tài liệu hỗ trợ cho công việc và nâng cao kỹ năng làm việc của bạn
---------------------------------
Một đất nước có năng lực sản xuất khoảng 1,5 triệu ô tô mỗi năm, sở hữu hàng loạt nhà máy của Toyota, Honda, Isuzu hay Mitsubishi, giờ lại chứng kiến Kim Long Motor của Việt Nam mang xe buýt điện sang Bangkok, tổ chức lễ ra mắt và ký những đơn hàng hàng trăm chiếc ngay trên sân nhà của ngành ô tô Thái.

Câu chuyện càng đáng chú ý bởi trong nhiều năm, Việt Nam thường được xem là người đi sau trong ngành công nghiệp ô tô khu vực. Nhưng chỉ trong một thời gian ngắn, doanh nghiệp Việt đã bắt đầu xuất hiện ở những phân khúc mới như xe điện, xe buýt và phương tiện thương mại xanh.

Một số tư liệu được sử dụng trong video thuộc về các chủ sở hữu đáng kính. Mọi vấn đề liên quan đến bản quyền, vui lòng liên hệ: battlecry.vn@gmail.com.
Some of the materials used in the video belongs to the rightful owners. All Copyrights related issues should be sent to battlecry.vn@gmail.com. Thank you.

#battlecry #khampha #kinhte #dialy",DÂN THÁI LAN CAY ĐẮNG NHÌN CẢNH DOANH NGHIỆP VIỆT NAM &quot;THỊ UY&quot; XE BUS ĐIỆN GIỮA LÒNG BANGKOK,2026-09-21T05:18:24Z,2026-09-21T05:18:24Z,"Khi TQ thành lập nhà nước CHNDTH vào 1/10/1949. Liên xô đã đưa sang giúp TQ với hai ngàn nhà khoa học đủ mọi ngành nghề kể cả kỹ thuật về hạt nhân chưa tính chuyển giao dây chuyền sản xuất máy bay Mig 15,17,19 và xe tăng T54 ( type 59)  súng AK 47 ( type 56) và rất nhiều thứ khác mà lúc đó TQ cần. giờ nếu như VN tiếp nhận cái gì đó của nước khác thì có gì là không tốt chứ....có người nói nhà Bác học không có nghĩa là ngừng học.",reply,UgxnVAV_802plJ27M614AaABAg,UgxnVAV_802plJ27M614AaABAg,1,2026-09-21T18:47:48Z,2026-09-21T18:47:48Z,3,UCsRUJ3lwB3PgHfN852JIIDw,,0,0,youtube_20260926_1347,baseline_20260926_134704,2026-09-26T20:47:49.199633+07:00
youtube_c_UgxnVAV_802plJ27M614AaABAg.Ab12C0iKHWjAb8W69Y4DBd,youtube,https://www.youtube.com/watch?v=o5hjDTBi694,o5hjDTBi694,"DÂN THÁI LAN CAY ĐẮNG NHÌN CẢNH DOANH NGHIỆP VIỆT NAM &quot;THỊ UY&quot; XE BUS ĐIỆN GIỮA LÒNG BANGKOK
👉 Khám phá ngay Tủ sách số và Audio book Thực chiến tại hệ thống Sơn Hải Nguyễn. Chỉ 15 phút nghe mỗi ngày, bạn sẽ có ngay tư duy sắc bén để xử lý gọn gàng những góc khuất đời thường và công sở.

👉 Truy cập ngay sonhainguyen.com để khám phá thêm kho công cụ và tài liệu hỗ trợ cho công việc và nâng cao kỹ năng làm việc của bạn
---------------------------------
Một đất nước có năng lực sản xuất khoảng 1,5 triệu ô tô mỗi năm, sở hữu hàng loạt nhà máy của Toyota, Honda, Isuzu hay Mitsubishi, giờ lại chứng kiến Kim Long Motor của Việt Nam mang xe buýt điện sang Bangkok, tổ chức lễ ra mắt và ký những đơn hàng hàng trăm chiếc ngay trên sân nhà của ngành ô tô Thái.

Câu chuyện càng đáng chú ý bởi trong nhiều năm, Việt Nam thường được xem là người đi sau trong ngành công nghiệp ô tô khu vực. Nhưng chỉ trong một thời gian ngắn, doanh nghiệp Việt đã bắt đầu xuất hiện ở những phân khúc mới như xe điện, xe buýt và phương tiện thương mại xanh.

Một số tư liệu được sử dụng trong video thuộc về các chủ sở hữu đáng kính. Mọi vấn đề liên quan đến bản quyền, vui lòng liên hệ: battlecry.vn@gmail.com.
Some of the materials used in the video belongs to the rightful owners. All Copyrights related issues should be sent to battlecry.vn@gmail.com. Thank you.

#battlecry #khampha #kinhte #dialy",DÂN THÁI LAN CAY ĐẮNG NHÌN CẢNH DOANH NGHIỆP VIỆT NAM &quot;THỊ UY&quot; XE BUS ĐIỆN GIỮA LÒNG BANGKOK,2026-09-21T05:18:24Z,2026-09-21T05:18:24Z,Các xe điện VinFast của bạn thực tế sử dụng linh kiện Trung Quốc để lắp ráp.,reply,UgxnVAV_802plJ27M614AaABAg,UgxnVAV_802plJ27M614AaABAg,1,2026-09-24T13:34:33Z,2026-09-24T13:34:33Z,0,UCxYMhJ-Ub3QGotnLIr5y5Fw,transport_impact,0,0,youtube_20260926_1347,baseline_20260926_134704,2026-09-26T20:47:49.200641+07:00
youtube_c_UgxnVAV_802plJ27M614AaABAg.Ab12C0iKHWjAb8WNX-qjKA,youtube,https://www.youtube.com/watch?v=o5hjDTBi694,o5hjDTBi694,"DÂN THÁI LAN CAY ĐẮNG NHÌN CẢNH DOANH NGHIỆP VIỆT NAM &quot;THỊ UY&quot; XE BUS ĐIỆN GIỮA LÒNG BANGKOK
👉 Khám phá ngay Tủ sách số và Audio book Thực chiến tại hệ thống Sơn Hải Nguyễn. Chỉ 15 phút nghe mỗi ngày, bạn sẽ có ngay tư duy sắc bén để xử lý gọn gàng những góc khuất đời thường và công sở.

👉 Truy cập ngay sonhainguyen.com để khám phá thêm kho công cụ và tài liệu hỗ trợ cho công việc và nâng cao kỹ năng làm việc của bạn
---------------------------------
Một đất nước có năng lực sản xuất khoảng 1,5 triệu ô tô mỗi năm, sở hữu hàng loạt nhà máy của Toyota, Honda, Isuzu hay Mitsubishi, giờ lại chứng kiến Kim Long Motor của Việt Nam mang xe buýt điện sang Bangkok, tổ chức lễ ra mắt và ký những đơn hàng hàng trăm chiếc ngay trên sân nhà của ngành ô tô Thái.

Câu chuyện càng đáng chú ý bởi trong nhiều năm, Việt Nam thường được xem là người đi sau trong ngành công nghiệp ô tô khu vực. Nhưng chỉ trong một thời gian ngắn, doanh nghiệp Việt đã bắt đầu xuất hiện ở những phân khúc mới như xe điện, xe buýt và phương tiện thương mại xanh.

Một số tư liệu được sử dụng trong video thuộc về các chủ sở hữu đáng kính. Mọi vấn đề liên quan đến bản quyền, vui lòng liên hệ: battlecry.vn@gmail.com.
Some of the materials used in the video belongs to the rightful owners. All Copyrights related issues should be sent to battlecry.vn@gmail.com. Thank you.

#battlecry #khampha #kinhte #dialy",DÂN THÁI LAN CAY ĐẮNG NHÌN CẢNH DOANH NGHIỆP VIỆT NAM &quot;THỊ UY&quot; XE BUS ĐIỆN GIỮA LÒNG BANGKOK,2026-09-21T05:18:24Z,2026-09-21T05:18:24Z,"@VinhNguyen-ei8sx Vào những năm 1960, Trung Quốc đã viện trợ xây dựng nhiều nhà máy tại miền Bắc Việt Nam; tuy nhiên, sau khi Việt Nam ""phản bội"" Trung Quốc vào năm 1979, Quân Giải phóng Nhân dân Trung Quốc đã phá hủy toàn bộ các cơ sở này trong cuộc tấn công xâm lược. Hậu quả là hiện nay Việt Nam không thể tự sản xuất nổi dù chỉ là động cơ cho máy cày dắt tay và vẫn phải phụ thuộc nặng nề vào nguồn hàng nhập khẩu từ Trung Quốc.",reply,UgxnVAV_802plJ27M614AaABAg,UgxnVAV_802plJ27M614AaABAg,1,2026-09-24T13:36:55Z,2026-09-24T13:36:55Z,0,UCxYMhJ-Ub3QGotnLIr5y5Fw,hanoi_location,0,0,youtube_20260926_1347,baseline_20260926_134704,2026-09-26T20:47:49.203648+07:00
youtube_c_UgxnVAV_802plJ27M614AaABAg.Ab12C0iKHWjAb8ZdiQgy5T,youtube,https://www.youtube.com/watch?v=o5hjDTBi694,o5hjDTBi694,"DÂN THÁI LAN CAY ĐẮNG NHÌN CẢNH DOANH NGHIỆP VIỆT NAM &quot;THỊ UY&quot; XE BUS ĐIỆN GIỮA LÒNG BANGKOK
👉 Khám phá ngay Tủ sách số và Audio book Thực chiến tại hệ thống Sơn Hải Nguyễn. Chỉ 15 phút nghe mỗi ngày, bạn sẽ có ngay tư duy sắc bén để xử lý gọn gàng những góc khuất đời thường và công sở.

👉 Truy cập ngay sonhainguyen.com để khám phá thêm kho công cụ và tài liệu hỗ trợ cho công việc và nâng cao kỹ năng làm việc của bạn
---------------------------------
Một đất nước có năng lực sản xuất khoảng 1,5 triệu ô tô mỗi năm, sở hữu hàng loạt nhà máy của Toyota, Honda, Isuzu hay Mitsubishi, giờ lại chứng kiến Kim Long Motor của Việt Nam mang xe buýt điện sang Bangkok, tổ chức lễ ra mắt và ký những đơn hàng hàng trăm chiếc ngay trên sân nhà của ngành ô tô Thái.

Câu chuyện càng đáng chú ý bởi trong nhiều năm, Việt Nam thường được xem là người đi sau trong ngành công nghiệp ô tô khu vực. Nhưng chỉ trong một thời gian ngắn, doanh nghiệp Việt đã bắt đầu xuất hiện ở những phân khúc mới như xe điện, xe buýt và phương tiện thương mại xanh.

Một số tư liệu được sử dụng trong video thuộc về các chủ sở hữu đáng kính. Mọi vấn đề liên quan đến bản quyền, vui lòng liên hệ: battlecry.vn@gmail.com.
Some of the materials used in the video belongs to the rightful owners. All Copyrights related issues should be sent to battlecry.vn@gmail.com. Thank you.

#battlecry #khampha #kinhte #dialy",DÂN THÁI LAN CAY ĐẮNG NHÌN CẢNH DOANH NGHIỆP VIỆT NAM &quot;THỊ UY&quot; XE BUS ĐIỆN GIỮA LÒNG BANGKOK,2026-09-21T05:18:24Z,2026-09-21T05:18:24Z,​​​@Sam-bm8tusau khi làm được vũ khí hạt nhân  .TQ đã tấn công và chiếm đóng lãnh thổ của Ấn độ 1963 và đến lượt Tây tạng 1959 rồi cũng đến lượt ân nhân của mình 1969 vào lúc 4:30 sáng khi họ đang ngủ say .... cuộc chiến biên giới Xô - Trung.  Việt Nam bị tấn công và bị bôi nhọ ... vì Việt Nam không muốn bị thao túng và TQ không muốn Việt Nam thống nhất đất nước và Việt Nam vĩnh viễn không còn là vùng đệm an toàn theo suy nghỉ của TQ cũng như không còn là con bài để TQ mặc cả với phương Tây. Trên đời này TQ có bao giờ cho không ai cái gì đâu... !,reply,UgxnVAV_802plJ27M614AaABAg,UgxnVAV_802plJ27M614AaABAg,1,2026-09-24T14:05:29Z,2026-09-24T14:05:29Z,0,UCsRUJ3lwB3PgHfN852JIIDw,,0,0,youtube_20260926_1347,baseline_20260926_134704,2026-09-26T20:47:49.208016+07:00
youtube_c_UgxnVAV_802plJ27M614AaABAg.Ab12C0iKHWjAb9IVFLrqb6,youtube,https://www.youtube.com/watch?v=o5hjDTBi694,o5hjDTBi694,"DÂN THÁI LAN CAY ĐẮNG NHÌN CẢNH DOANH NGHIỆP VIỆT NAM &quot;THỊ UY&quot; XE BUS ĐIỆN GIỮA LÒNG BANGKOK
👉 Khám phá ngay Tủ sách số và Audio book Thực chiến tại hệ thống Sơn Hải Nguyễn. Chỉ 15 phút nghe mỗi ngày, bạn sẽ có ngay tư duy sắc bén để xử lý gọn gàng những góc khuất đời thường và công sở.

👉 Truy cập ngay sonhainguyen.com để khám phá thêm kho công cụ và tài liệu hỗ trợ cho công việc và nâng cao kỹ năng làm việc của bạn
---------------------------------
Một đất nước có năng lực sản xuất khoảng 1,5 triệu ô tô mỗi năm, sở hữu hàng loạt nhà máy của Toyota, Honda, Isuzu hay Mitsubishi, giờ lại chứng kiến Kim Long Motor của Việt Nam mang xe buýt điện sang Bangkok, tổ chức lễ ra mắt và ký những đơn hàng hàng trăm chiếc ngay trên sân nhà của ngành ô tô Thái.

Câu chuyện càng đáng chú ý bởi trong nhiều năm, Việt Nam thường được xem là người đi sau trong ngành công nghiệp ô tô khu vực. Nhưng chỉ trong một thời gian ngắn, doanh nghiệp Việt đã bắt đầu xuất hiện ở những phân khúc mới như xe điện, xe buýt và phương tiện thương mại xanh.

Một số tư liệu được sử dụng trong video thuộc về các chủ sở hữu đáng kính. Mọi vấn đề liên quan đến bản quyền, vui lòng liên hệ: battlecry.vn@gmail.com.
Some of the materials used in the video belongs to the rightful owners. All Copyrights related issues should be sent to battlecry.vn@gmail.com. Thank you.

#battlecry #khampha #kinhte #dialy",DÂN THÁI LAN CAY ĐẮNG NHÌN CẢNH DOANH NGHIỆP VIỆT NAM &quot;THỊ UY&quot; XE BUS ĐIỆN GIỮA LÒNG BANGKOK,2026-09-21T05:18:24Z,2026-09-21T05:18:24Z,"Bạn khỏe chứ  ? Trước lạ sau quen , bạn cứ nói hết những gì bạn muốn...và mình cũng cố gắng trò truyện và rất vinh hạnh được lắng nghe và tiếp thu những kiến thức bổ ích về lịch sử cũng như văn hoá của đất nước Trung Hoa vĩ đại.... Chào trân trọng  !",reply,UgxnVAV_802plJ27M614AaABAg,UgxnVAV_802plJ27M614AaABAg,1,2026-09-24T20:54:53Z,2026-09-24T20:54:53Z,0,UCsRUJ3lwB3PgHfN852JIIDw,,0,0,youtube_20260926_1347,baseline_20260926_134704,2026-09-26T20:47:49.210020+07:00
youtube_c_UgxnVAV_802plJ27M614AaABAg.Ab12C0iKHWjAbB1P-u1189,youtube,https://www.youtube.com/watch?v=o5hjDTBi694,o5hjDTBi694,"DÂN THÁI LAN CAY ĐẮNG NHÌN CẢNH DOANH NGHIỆP VIỆT NAM &quot;THỊ UY&quot; XE BUS ĐIỆN GIỮA LÒNG BANGKOK
👉 Khám phá ngay Tủ sách số và Audio book Thực chiến tại hệ thống Sơn Hải Nguyễn. Chỉ 15 phút nghe mỗi ngày, bạn sẽ có ngay tư duy sắc bén để xử lý gọn gàng những góc khuất đời thường và công sở.

👉 Truy cập ngay sonhainguyen.com để khám phá thêm kho công cụ và tài liệu hỗ trợ cho công việc và nâng cao kỹ năng làm việc của bạn
---------------------------------
Một đất nước có năng lực sản xuất khoảng 1,5 triệu ô tô mỗi năm, sở hữu hàng loạt nhà máy của Toyota, Honda, Isuzu hay Mitsubishi, giờ lại chứng kiến Kim Long Motor của Việt Nam mang xe buýt điện sang Bangkok, tổ chức lễ ra mắt và ký những đơn hàng hàng trăm chiếc ngay trên sân nhà của ngành ô tô Thái.

Câu chuyện càng đáng chú ý bởi trong nhiều năm, Việt Nam thường được xem là người đi sau trong ngành công nghiệp ô tô khu vực. Nhưng chỉ trong một thời gian ngắn, doanh nghiệp Việt đã bắt đầu xuất hiện ở những phân khúc mới như xe điện, xe buýt và phương tiện thương mại xanh.

Một số tư liệu được sử dụng trong video thuộc về các chủ sở hữu đáng kính. Mọi vấn đề liên quan đến bản quyền, vui lòng liên hệ: battlecry.vn@gmail.com.
Some of the materials used in the video belongs to the rightful owners. All Copyrights related issues should be sent to battlecry.vn@gmail.com. Thank you.

#battlecry #khampha #kinhte #dialy",DÂN THÁI LAN CAY ĐẮNG NHÌN CẢNH DOANH NGHIỆP VIỆT NAM &quot;THỊ UY&quot; XE BUS ĐIỆN GIỮA LÒNG BANGKOK,2026-09-21T05:18:24Z,2026-09-21T05:18:24Z,"@VinhNguyen-ei8sx Trung Quốc thử nghiệm quả bom nguyên tử đầu tiên vào năm 1964 chứ không phải năm 1963; hơn nữa, cuộc chiến tranh Trung-Ấn nổ ra vào năm 1962, kéo dài chưa đầy hai tháng và kết thúc bằng việc lực lượng Ấn Độ đầu hàng vào cuối năm đó—trái ngược với tuyên bố cho rằng cuộc chiến diễn ra vào năm 1963. Điều này cho thấy rõ ràng rằng người Việt thiếu kiến ​​thức lịch sử cơ bản và hay nói năng nhảm nhí.",reply,UgxnVAV_802plJ27M614AaABAg,UgxnVAV_802plJ27M614AaABAg,1,2026-09-25T13:03:57Z,2026-09-25T13:03:57Z,0,UCxYMhJ-Ub3QGotnLIr5y5Fw,,0,0,youtube_20260926_1347,baseline_20260926_134704,2026-09-26T20:47:49.213373+07:00
youtube_c_UgxnVAV_802plJ27M614AaABAg.Ab12C0iKHWjAbB45PIbcfV,youtube,https://www.youtube.com/watch?v=o5hjDTBi694,o5hjDTBi694,"DÂN THÁI LAN CAY ĐẮNG NHÌN CẢNH DOANH NGHIỆP VIỆT NAM &quot;THỊ UY&quot; XE BUS ĐIỆN GIỮA LÒNG BANGKOK
👉 Khám phá ngay Tủ sách số và Audio book Thực chiến tại hệ thống Sơn Hải Nguyễn. Chỉ 15 phút nghe mỗi ngày, bạn sẽ có ngay tư duy sắc bén để xử lý gọn gàng những góc khuất đời thường và công sở.

👉 Truy cập ngay sonhainguyen.com để khám phá thêm kho công cụ và tài liệu hỗ trợ cho công việc và nâng cao kỹ năng làm việc của bạn
---------------------------------
Một đất nước có năng lực sản xuất khoảng 1,5 triệu ô tô mỗi năm, sở hữu hàng loạt nhà máy của Toyota, Honda, Isuzu hay Mitsubishi, giờ lại chứng kiến Kim Long Motor của Việt Nam mang xe buýt điện sang Bangkok, tổ chức lễ ra mắt và ký những đơn hàng hàng trăm chiếc ngay trên sân nhà của ngành ô tô Thái.

Câu chuyện càng đáng chú ý bởi trong nhiều năm, Việt Nam thường được xem là người đi sau trong ngành công nghiệp ô tô khu vực. Nhưng chỉ trong một thời gian ngắn, doanh nghiệp Việt đã bắt đầu xuất hiện ở những phân khúc mới như xe điện, xe buýt và phương tiện thương mại xanh.

Một số tư liệu được sử dụng trong video thuộc về các chủ sở hữu đáng kính. Mọi vấn đề liên quan đến bản quyền, vui lòng liên hệ: battlecry.vn@gmail.com.
Some of the materials used in the video belongs to the rightful owners. All Copyrights related issues should be sent to battlecry.vn@gmail.com. Thank you.

#battlecry #khampha #kinhte #dialy",DÂN THÁI LAN CAY ĐẮNG NHÌN CẢNH DOANH NGHIỆP VIỆT NAM &quot;THỊ UY&quot; XE BUS ĐIỆN GIỮA LÒNG BANGKOK,2026-09-21T05:18:24Z,2026-09-21T05:18:24Z,​@Sam-bm8tucũng được ...nói gì thì nói...hy vọng đừng đem mặt trăng về nhà làm của riêng nhé trên thế giới này trẻ em nhiều lắm đó để chúng vui đùa dưới ánh trăng.  Và làm ơn cũng đừng mang mặt trời xuống nha bạn...nóng lắm đó.,reply,UgxnVAV_802plJ27M614AaABAg,UgxnVAV_802plJ27M614AaABAg,1,2026-09-25T13:27:30Z,2026-09-25T13:27:30Z,0,UCsRUJ3lwB3PgHfN852JIIDw,transport_impact,0,0,youtube_20260926_1347,baseline_20260926_134704,2026-09-26T20:47:49.214925+07:00
youtube_c_UgxnVAV_802plJ27M614AaABAg.Ab12C0iKHWjAbB4lgE2xas,youtube,https://www.youtube.com/watch?v=o5hjDTBi694,o5hjDTBi694,"DÂN THÁI LAN CAY ĐẮNG NHÌN CẢNH DOANH NGHIỆP VIỆT NAM &quot;THỊ UY&quot; XE BUS ĐIỆN GIỮA LÒNG BANGKOK
👉 Khám phá ngay Tủ sách số và Audio book Thực chiến tại hệ thống Sơn Hải Nguyễn. Chỉ 15 phút nghe mỗi ngày, bạn sẽ có ngay tư duy sắc bén để xử lý gọn gàng những góc khuất đời thường và công sở.

👉 Truy cập ngay sonhainguyen.com để khám phá thêm kho công cụ và tài liệu hỗ trợ cho công việc và nâng cao kỹ năng làm việc của bạn
---------------------------------
Một đất nước có năng lực sản xuất khoảng 1,5 triệu ô tô mỗi năm, sở hữu hàng loạt nhà máy của Toyota, Honda, Isuzu hay Mitsubishi, giờ lại chứng kiến Kim Long Motor của Việt Nam mang xe buýt điện sang Bangkok, tổ chức lễ ra mắt và ký những đơn hàng hàng trăm chiếc ngay trên sân nhà của ngành ô tô Thái.

Câu chuyện càng đáng chú ý bởi trong nhiều năm, Việt Nam thường được xem là người đi sau trong ngành công nghiệp ô tô khu vực. Nhưng chỉ trong một thời gian ngắn, doanh nghiệp Việt đã bắt đầu xuất hiện ở những phân khúc mới như xe điện, xe buýt và phương tiện thương mại xanh.

Một số tư liệu được sử dụng trong video thuộc về các chủ sở hữu đáng kính. Mọi vấn đề liên quan đến bản quyền, vui lòng liên hệ: battlecry.vn@gmail.com.
Some of the materials used in the video belongs to the rightful owners. All Copyrights related issues should be sent to battlecry.vn@gmail.com. Thank you.

#battlecry #khampha #kinhte #dialy",DÂN THÁI LAN CAY ĐẮNG NHÌN CẢNH DOANH NGHIỆP VIỆT NAM &quot;THỊ UY&quot; XE BUS ĐIỆN GIỮA LÒNG BANGKOK,2026-09-21T05:18:24Z,2026-09-21T05:18:24Z,​@Sam-bm8tucó thể cho biết tại sao xung đột lãnh thổ với láng giềng nhiều quá vậy 13/14  ?,reply,UgxnVAV_802plJ27M614AaABAg,UgxnVAV_802plJ27M614AaABAg,1,2026-09-25T13:33:24Z,2026-09-25T13:33:24Z,0,UCsRUJ3lwB3PgHfN852JIIDw,,0,0,youtube_20260926_1347,baseline_20260926_134704,2026-09-26T20:47:49.215954+07:00
youtube_c_UgxnwOTuDilu3ieAzBJ4AaABAg,youtube,https://www.youtube.com/watch?v=o5hjDTBi694,o5hjDTBi694,"DÂN THÁI LAN CAY ĐẮNG NHÌN CẢNH DOANH NGHIỆP VIỆT NAM &quot;THỊ UY&quot; XE BUS ĐIỆN GIỮA LÒNG BANGKOK
👉 Khám phá ngay Tủ sách số và Audio book Thực chiến tại hệ thống Sơn Hải Nguyễn. Chỉ 15 phút nghe mỗi ngày, bạn sẽ có ngay tư duy sắc bén để xử lý gọn gàng những góc khuất đời thường và công sở.

👉 Truy cập ngay sonhainguyen.com để khám phá thêm kho công cụ và tài liệu hỗ trợ cho công việc và nâng cao kỹ năng làm việc của bạn
---------------------------------
Một đất nước có năng lực sản xuất khoảng 1,5 triệu ô tô mỗi năm, sở hữu hàng loạt nhà máy của Toyota, Honda, Isuzu hay Mitsubishi, giờ lại chứng kiến Kim Long Motor của Việt Nam mang xe buýt điện sang Bangkok, tổ chức lễ ra mắt và ký những đơn hàng hàng trăm chiếc ngay trên sân nhà của ngành ô tô Thái.

Câu chuyện càng đáng chú ý bởi trong nhiều năm, Việt Nam thường được xem là người đi sau trong ngành công nghiệp ô tô khu vực. Nhưng chỉ trong một thời gian ngắn, doanh nghiệp Việt đã bắt đầu xuất hiện ở những phân khúc mới như xe điện, xe buýt và phương tiện thương mại xanh.

Một số tư liệu được sử dụng trong video thuộc về các chủ sở hữu đáng kính. Mọi vấn đề liên quan đến bản quyền, vui lòng liên hệ: battlecry.vn@gmail.com.
Some of the materials used in the video belongs to the rightful owners. All Copyrights related issues should be sent to battlecry.vn@gmail.com. Thank you.

#battlecry #khampha #kinhte #dialy",DÂN THÁI LAN CAY ĐẮNG NHÌN CẢNH DOANH NGHIỆP VIỆT NAM &quot;THỊ UY&quot; XE BUS ĐIỆN GIỮA LÒNG BANGKOK,2026-09-21T05:18:24Z,2026-09-21T05:18:24Z,"Xem mấy bài viết của Thái mới biết dân nó hâm mộ người Việt Nam mình nhiều ntn, nó chê trách chính quyền Thái tệ, từ giao thông, quân sự, các dự án…",top_level,,UgxnwOTuDilu3ieAzBJ4AaABAg,0,2026-09-21T08:08:28Z,2026-09-21T08:08:28Z,17,UC4Pp7bd5yZWE4-a7yFBzBbQ,transport_impact,0,0,youtube_20260926_1347,baseline_20260926_134704,2026-09-26T20:48:25.985240+07:00
youtube_c_UgxnwOTuDilu3ieAzBJ4AaABAg.Ab0CPHN4DLgAb0Qr2bhlLO,youtube,https://www.youtube.com/watch?v=o5hjDTBi694,o5hjDTBi694,"DÂN THÁI LAN CAY ĐẮNG NHÌN CẢNH DOANH NGHIỆP VIỆT NAM &quot;THỊ UY&quot; XE BUS ĐIỆN GIỮA LÒNG BANGKOK
👉 Khám phá ngay Tủ sách số và Audio book Thực chiến tại hệ thống Sơn Hải Nguyễn. Chỉ 15 phút nghe mỗi ngày, bạn sẽ có ngay tư duy sắc bén để xử lý gọn gàng những góc khuất đời thường và công sở.

👉 Truy cập ngay sonhainguyen.com để khám phá thêm kho công cụ và tài liệu hỗ trợ cho công việc và nâng cao kỹ năng làm việc của bạn
---------------------------------
Một đất nước có năng lực sản xuất khoảng 1,5 triệu ô tô mỗi năm, sở hữu hàng loạt nhà máy của Toyota, Honda, Isuzu hay Mitsubishi, giờ lại chứng kiến Kim Long Motor của Việt Nam mang xe buýt điện sang Bangkok, tổ chức lễ ra mắt và ký những đơn hàng hàng trăm chiếc ngay trên sân nhà của ngành ô tô Thái.

Câu chuyện càng đáng chú ý bởi trong nhiều năm, Việt Nam thường được xem là người đi sau trong ngành công nghiệp ô tô khu vực. Nhưng chỉ trong một thời gian ngắn, doanh nghiệp Việt đã bắt đầu xuất hiện ở những phân khúc mới như xe điện, xe buýt và phương tiện thương mại xanh.

Một số tư liệu được sử dụng trong video thuộc về các chủ sở hữu đáng kính. Mọi vấn đề liên quan đến bản quyền, vui lòng liên hệ: battlecry.vn@gmail.com.
Some of the materials used in the video belongs to the rightful owners. All Copyrights related issues should be sent to battlecry.vn@gmail.com. Thank you.

#battlecry #khampha #kinhte #dialy",DÂN THÁI LAN CAY ĐẮNG NHÌN CẢNH DOANH NGHIỆP VIỆT NAM &quot;THỊ UY&quot; XE BUS ĐIỆN GIỮA LÒNG BANGKOK,2026-09-21T05:18:24Z,2026-09-21T05:18:24Z,"Thật sự thì Thái Lan chỉ thiếu ổn định chính trị thôi, quá nhiều phe phái đấu đá tranh giành, mỗi phe lên lại đảo ngược chính sách trước đây, rồi thêm Hoàng gia lộng quyền. Điều này khiến họ tiến chậm hơn trong khi chúng ta đang bức tốc mạnh mẽ, từ thu hẹp khoảng cách đến giờ đang dần vượt qua",reply,UgxnwOTuDilu3ieAzBJ4AaABAg,UgxnwOTuDilu3ieAzBJ4AaABAg,1,2026-09-21T10:14:44Z,2026-09-21T10:14:44Z,4,UCW-zNC2gT2l37nNGh06E4Tw,transport_impact,0,0,youtube_20260926_1347,baseline_20260926_134704,2026-09-26T20:48:29.247648+07:00
youtube_c_UgxnwOTuDilu3ieAzBJ4AaABAg.Ab0CPHN4DLgAb0djGc5pWq,youtube,https://www.youtube.com/watch?v=o5hjDTBi694,o5hjDTBi694,"DÂN THÁI LAN CAY ĐẮNG NHÌN CẢNH DOANH NGHIỆP VIỆT NAM &quot;THỊ UY&quot; XE BUS ĐIỆN GIỮA LÒNG BANGKOK
👉 Khám phá ngay Tủ sách số và Audio book Thực chiến tại hệ thống Sơn Hải Nguyễn. Chỉ 15 phút nghe mỗi ngày, bạn sẽ có ngay tư duy sắc bén để xử lý gọn gàng những góc khuất đời thường và công sở.

👉 Truy cập ngay sonhainguyen.com để khám phá thêm kho công cụ và tài liệu hỗ trợ cho công việc và nâng cao kỹ năng làm việc của bạn
---------------------------------
Một đất nước có năng lực sản xuất khoảng 1,5 triệu ô tô mỗi năm, sở hữu hàng loạt nhà máy của Toyota, Honda, Isuzu hay Mitsubishi, giờ lại chứng kiến Kim Long Motor của Việt Nam mang xe buýt điện sang Bangkok, tổ chức lễ ra mắt và ký những đơn hàng hàng trăm chiếc ngay trên sân nhà của ngành ô tô Thái.

Câu chuyện càng đáng chú ý bởi trong nhiều năm, Việt Nam thường được xem là người đi sau trong ngành công nghiệp ô tô khu vực. Nhưng chỉ trong một thời gian ngắn, doanh nghiệp Việt đã bắt đầu xuất hiện ở những phân khúc mới như xe điện, xe buýt và phương tiện thương mại xanh.

Một số tư liệu được sử dụng trong video thuộc về các chủ sở hữu đáng kính. Mọi vấn đề liên quan đến bản quyền, vui lòng liên hệ: battlecry.vn@gmail.com.
Some of the materials used in the video belongs to the rightful owners. All Copyrights related issues should be sent to battlecry.vn@gmail.com. Thank you.

#battlecry #khampha #kinhte #dialy",DÂN THÁI LAN CAY ĐẮNG NHÌN CẢNH DOANH NGHIỆP VIỆT NAM &quot;THỊ UY&quot; XE BUS ĐIỆN GIỮA LÒNG BANGKOK,2026-09-21T05:18:24Z,2026-09-21T05:18:24Z,"@nmchanh các nước châu Á như Hàn quốc , Đài Loan, Singapore ... đều phát triển mạnh thành nước công nghiệp trong giai đoạn độc tài một đảng",reply,UgxnwOTuDilu3ieAzBJ4AaABAg,UgxnwOTuDilu3ieAzBJ4AaABAg,1,2026-09-21T12:16:00Z,2026-09-21T12:16:00Z,2,UCHSE6k1UlMV5FlYdWsWBFhA,,0,0,youtube_20260926_1347,baseline_20260926_134704,2026-09-26T20:48:29.249019+07:00
youtube_c_UgxnwOTuDilu3ieAzBJ4AaABAg.Ab0CPHN4DLgAb0qb3To-VI,youtube,https://www.youtube.com/watch?v=o5hjDTBi694,o5hjDTBi694,"DÂN THÁI LAN CAY ĐẮNG NHÌN CẢNH DOANH NGHIỆP VIỆT NAM &quot;THỊ UY&quot; XE BUS ĐIỆN GIỮA LÒNG BANGKOK
👉 Khám phá ngay Tủ sách số và Audio book Thực chiến tại hệ thống Sơn Hải Nguyễn. Chỉ 15 phút nghe mỗi ngày, bạn sẽ có ngay tư duy sắc bén để xử lý gọn gàng những góc khuất đời thường và công sở.

👉 Truy cập ngay sonhainguyen.com để khám phá thêm kho công cụ và tài liệu hỗ trợ cho công việc và nâng cao kỹ năng làm việc của bạn
---------------------------------
Một đất nước có năng lực sản xuất khoảng 1,5 triệu ô tô mỗi năm, sở hữu hàng loạt nhà máy của Toyota, Honda, Isuzu hay Mitsubishi, giờ lại chứng kiến Kim Long Motor của Việt Nam mang xe buýt điện sang Bangkok, tổ chức lễ ra mắt và ký những đơn hàng hàng trăm chiếc ngay trên sân nhà của ngành ô tô Thái.

Câu chuyện càng đáng chú ý bởi trong nhiều năm, Việt Nam thường được xem là người đi sau trong ngành công nghiệp ô tô khu vực. Nhưng chỉ trong một thời gian ngắn, doanh nghiệp Việt đã bắt đầu xuất hiện ở những phân khúc mới như xe điện, xe buýt và phương tiện thương mại xanh.

Một số tư liệu được sử dụng trong video thuộc về các chủ sở hữu đáng kính. Mọi vấn đề liên quan đến bản quyền, vui lòng liên hệ: battlecry.vn@gmail.com.
Some of the materials used in the video belongs to the rightful owners. All Copyrights related issues should be sent to battlecry.vn@gmail.com. Thank you.

#battlecry #khampha #kinhte #dialy",DÂN THÁI LAN CAY ĐẮNG NHÌN CẢNH DOANH NGHIỆP VIỆT NAM &quot;THỊ UY&quot; XE BUS ĐIỆN GIỮA LÒNG BANGKOK,2026-09-21T05:18:24Z,2026-09-21T05:18:24Z,​@nmchanhsao ko cắt luôn vua nhỉ,reply,UgxnwOTuDilu3ieAzBJ4AaABAg,UgxnwOTuDilu3ieAzBJ4AaABAg,1,2026-09-21T14:08:28Z,2026-09-21T14:08:28Z,1,UC60pkxnq05M15HTFZqAzZqg,,0,0,youtube_20260926_1347,baseline_20260926_134704,2026-09-26T20:48:29.249019+07:00
youtube_c_UgxnwOTuDilu3ieAzBJ4AaABAg.Ab0CPHN4DLgAb6P1C3WSnr,youtube,https://www.youtube.com/watch?v=o5hjDTBi694,o5hjDTBi694,"DÂN THÁI LAN CAY ĐẮNG NHÌN CẢNH DOANH NGHIỆP VIỆT NAM &quot;THỊ UY&quot; XE BUS ĐIỆN GIỮA LÒNG BANGKOK
👉 Khám phá ngay Tủ sách số và Audio book Thực chiến tại hệ thống Sơn Hải Nguyễn. Chỉ 15 phút nghe mỗi ngày, bạn sẽ có ngay tư duy sắc bén để xử lý gọn gàng những góc khuất đời thường và công sở.

👉 Truy cập ngay sonhainguyen.com để khám phá thêm kho công cụ và tài liệu hỗ trợ cho công việc và nâng cao kỹ năng làm việc của bạn
---------------------------------
Một đất nước có năng lực sản xuất khoảng 1,5 triệu ô tô mỗi năm, sở hữu hàng loạt nhà máy của Toyota, Honda, Isuzu hay Mitsubishi, giờ lại chứng kiến Kim Long Motor của Việt Nam mang xe buýt điện sang Bangkok, tổ chức lễ ra mắt và ký những đơn hàng hàng trăm chiếc ngay trên sân nhà của ngành ô tô Thái.

Câu chuyện càng đáng chú ý bởi trong nhiều năm, Việt Nam thường được xem là người đi sau trong ngành công nghiệp ô tô khu vực. Nhưng chỉ trong một thời gian ngắn, doanh nghiệp Việt đã bắt đầu xuất hiện ở những phân khúc mới như xe điện, xe buýt và phương tiện thương mại xanh.

Một số tư liệu được sử dụng trong video thuộc về các chủ sở hữu đáng kính. Mọi vấn đề liên quan đến bản quyền, vui lòng liên hệ: battlecry.vn@gmail.com.
Some of the materials used in the video belongs to the rightful owners. All Copyrights related issues should be sent to battlecry.vn@gmail.com. Thank you.

#battlecry #khampha #kinhte #dialy",DÂN THÁI LAN CAY ĐẮNG NHÌN CẢNH DOANH NGHIỆP VIỆT NAM &quot;THỊ UY&quot; XE BUS ĐIỆN GIỮA LÒNG BANGKOK,2026-09-21T05:18:24Z,2026-09-21T05:18:24Z,"@ThìthuNghiem-h6w Vua nắm binh quyền mà. Với cả dân Thái vẫn tôn sùng Vua do các đời trước vẫn cai trị ổn, chỉ có thời ông Vua hiện tại mới nát thôi",reply,UgxnwOTuDilu3ieAzBJ4AaABAg,UgxnwOTuDilu3ieAzBJ4AaABAg,1,2026-09-23T17:54:13Z,2026-09-23T17:54:13Z,0,UCVbLjM5FVYW8F6cv1WGEVrQ,,0,0,youtube_20260926_1347,baseline_20260926_134704,2026-09-26T20:48:29.250025+07:00
youtube_c_UgxpcH5BHgQ1vAXNt7J4AaABAg,youtube,https://www.youtube.com/watch?v=o5hjDTBi694,o5hjDTBi694,"DÂN THÁI LAN CAY ĐẮNG NHÌN CẢNH DOANH NGHIỆP VIỆT NAM &quot;THỊ UY&quot; XE BUS ĐIỆN GIỮA LÒNG BANGKOK
👉 Khám phá ngay Tủ sách số và Audio book Thực chiến tại hệ thống Sơn Hải Nguyễn. Chỉ 15 phút nghe mỗi ngày, bạn sẽ có ngay tư duy sắc bén để xử lý gọn gàng những góc khuất đời thường và công sở.

👉 Truy cập ngay sonhainguyen.com để khám phá thêm kho công cụ và tài liệu hỗ trợ cho công việc và nâng cao kỹ năng làm việc của bạn
---------------------------------
Một đất nước có năng lực sản xuất khoảng 1,5 triệu ô tô mỗi năm, sở hữu hàng loạt nhà máy của Toyota, Honda, Isuzu hay Mitsubishi, giờ lại chứng kiến Kim Long Motor của Việt Nam mang xe buýt điện sang Bangkok, tổ chức lễ ra mắt và ký những đơn hàng hàng trăm chiếc ngay trên sân nhà của ngành ô tô Thái.

Câu chuyện càng đáng chú ý bởi trong nhiều năm, Việt Nam thường được xem là người đi sau trong ngành công nghiệp ô tô khu vực. Nhưng chỉ trong một thời gian ngắn, doanh nghiệp Việt đã bắt đầu xuất hiện ở những phân khúc mới như xe điện, xe buýt và phương tiện thương mại xanh.

Một số tư liệu được sử dụng trong video thuộc về các chủ sở hữu đáng kính. Mọi vấn đề liên quan đến bản quyền, vui lòng liên hệ: battlecry.vn@gmail.com.
Some of the materials used in the video belongs to the rightful owners. All Copyrights related issues should be sent to battlecry.vn@gmail.com. Thank you.

#battlecry #khampha #kinhte #dialy",DÂN THÁI LAN CAY ĐẮNG NHÌN CẢNH DOANH NGHIỆP VIỆT NAM &quot;THỊ UY&quot; XE BUS ĐIỆN GIỮA LÒNG BANGKOK,2026-09-21T05:18:24Z,2026-09-21T05:18:24Z,Mình đi bus vn 20 cây điều hòa mát lạnh.có 13k,top_level,,UgxpcH5BHgQ1vAXNt7J4AaABAg,0,2026-09-21T06:47:30Z,2026-09-21T06:47:30Z,4,UCZOeMaA6Or6KxV4IwQK7UcA,transport_impact,0,0,youtube_20260926_1347,baseline_20260926_134704,2026-09-26T20:49:05.374398+07:00
youtube_c_UgxpcH5BHgQ1vAXNt7J4AaABAg.Ab038J-xnGMAb0AAdGRwig,youtube,https://www.youtube.com/watch?v=o5hjDTBi694,o5hjDTBi694,"DÂN THÁI LAN CAY ĐẮNG NHÌN CẢNH DOANH NGHIỆP VIỆT NAM &quot;THỊ UY&quot; XE BUS ĐIỆN GIỮA LÒNG BANGKOK
👉 Khám phá ngay Tủ sách số và Audio book Thực chiến tại hệ thống Sơn Hải Nguyễn. Chỉ 15 phút nghe mỗi ngày, bạn sẽ có ngay tư duy sắc bén để xử lý gọn gàng những góc khuất đời thường và công sở.

👉 Truy cập ngay sonhainguyen.com để khám phá thêm kho công cụ và tài liệu hỗ trợ cho công việc và nâng cao kỹ năng làm việc của bạn
---------------------------------
Một đất nước có năng lực sản xuất khoảng 1,5 triệu ô tô mỗi năm, sở hữu hàng loạt nhà máy của Toyota, Honda, Isuzu hay Mitsubishi, giờ lại chứng kiến Kim Long Motor của Việt Nam mang xe buýt điện sang Bangkok, tổ chức lễ ra mắt và ký những đơn hàng hàng trăm chiếc ngay trên sân nhà của ngành ô tô Thái.

Câu chuyện càng đáng chú ý bởi trong nhiều năm, Việt Nam thường được xem là người đi sau trong ngành công nghiệp ô tô khu vực. Nhưng chỉ trong một thời gian ngắn, doanh nghiệp Việt đã bắt đầu xuất hiện ở những phân khúc mới như xe điện, xe buýt và phương tiện thương mại xanh.

Một số tư liệu được sử dụng trong video thuộc về các chủ sở hữu đáng kính. Mọi vấn đề liên quan đến bản quyền, vui lòng liên hệ: battlecry.vn@gmail.com.
Some of the materials used in the video belongs to the rightful owners. All Copyrights related issues should be sent to battlecry.vn@gmail.com. Thank you.

#battlecry #khampha #kinhte #dialy",DÂN THÁI LAN CAY ĐẮNG NHÌN CẢNH DOANH NGHIỆP VIỆT NAM &quot;THỊ UY&quot; XE BUS ĐIỆN GIỮA LÒNG BANGKOK,2026-09-21T05:18:24Z,2026-09-21T05:18:24Z,Sài Gòn đi miễn phí,reply,UgxpcH5BHgQ1vAXNt7J4AaABAg,UgxpcH5BHgQ1vAXNt7J4AaABAg,1,2026-09-21T07:49:00Z,2026-09-21T07:49:00Z,2,UCor6FZu8Y_jvI1gaedz3H2g,transport_impact,0,0,youtube_20260926_1347,baseline_20260926_134704,2026-09-26T20:49:08.808901+07:00
youtube_c_UgxpcH5BHgQ1vAXNt7J4AaABAg.Ab038J-xnGMAb0AUUIV9Dm,youtube,https://www.youtube.com/watch?v=o5hjDTBi694,o5hjDTBi694,"DÂN THÁI LAN CAY ĐẮNG NHÌN CẢNH DOANH NGHIỆP VIỆT NAM &quot;THỊ UY&quot; XE BUS ĐIỆN GIỮA LÒNG BANGKOK
👉 Khám phá ngay Tủ sách số và Audio book Thực chiến tại hệ thống Sơn Hải Nguyễn. Chỉ 15 phút nghe mỗi ngày, bạn sẽ có ngay tư duy sắc bén để xử lý gọn gàng những góc khuất đời thường và công sở.

👉 Truy cập ngay sonhainguyen.com để khám phá thêm kho công cụ và tài liệu hỗ trợ cho công việc và nâng cao kỹ năng làm việc của bạn
---------------------------------
Một đất nước có năng lực sản xuất khoảng 1,5 triệu ô tô mỗi năm, sở hữu hàng loạt nhà máy của Toyota, Honda, Isuzu hay Mitsubishi, giờ lại chứng kiến Kim Long Motor của Việt Nam mang xe buýt điện sang Bangkok, tổ chức lễ ra mắt và ký những đơn hàng hàng trăm chiếc ngay trên sân nhà của ngành ô tô Thái.

Câu chuyện càng đáng chú ý bởi trong nhiều năm, Việt Nam thường được xem là người đi sau trong ngành công nghiệp ô tô khu vực. Nhưng chỉ trong một thời gian ngắn, doanh nghiệp Việt đã bắt đầu xuất hiện ở những phân khúc mới như xe điện, xe buýt và phương tiện thương mại xanh.

Một số tư liệu được sử dụng trong video thuộc về các chủ sở hữu đáng kính. Mọi vấn đề liên quan đến bản quyền, vui lòng liên hệ: battlecry.vn@gmail.com.
Some of the materials used in the video belongs to the rightful owners. All Copyrights related issues should be sent to battlecry.vn@gmail.com. Thank you.

#battlecry #khampha #kinhte #dialy",DÂN THÁI LAN CAY ĐẮNG NHÌN CẢNH DOANH NGHIỆP VIỆT NAM &quot;THỊ UY&quot; XE BUS ĐIỆN GIỮA LÒNG BANGKOK,2026-09-21T05:18:24Z,2026-09-21T05:18:24Z,@huhhjjhyy mình nói khu vực Bắc ninh.,reply,UgxpcH5BHgQ1vAXNt7J4AaABAg,UgxpcH5BHgQ1vAXNt7J4AaABAg,1,2026-09-21T07:51:42Z,2026-09-21T07:51:42Z,2,UCZOeMaA6Or6KxV4IwQK7UcA,,0,0,youtube_20260926_1347,baseline_20260926_134704,2026-09-26T20:49:08.808901+07:00
youtube_c_UgxpcH5BHgQ1vAXNt7J4AaABAg.Ab038J-xnGMAb0DWJoajke,youtube,https://www.youtube.com/watch?v=o5hjDTBi694,o5hjDTBi694,"DÂN THÁI LAN CAY ĐẮNG NHÌN CẢNH DOANH NGHIỆP VIỆT NAM &quot;THỊ UY&quot; XE BUS ĐIỆN GIỮA LÒNG BANGKOK
👉 Khám phá ngay Tủ sách số và Audio book Thực chiến tại hệ thống Sơn Hải Nguyễn. Chỉ 15 phút nghe mỗi ngày, bạn sẽ có ngay tư duy sắc bén để xử lý gọn gàng những góc khuất đời thường và công sở.

👉 Truy cập ngay sonhainguyen.com để khám phá thêm kho công cụ và tài liệu hỗ trợ cho công việc và nâng cao kỹ năng làm việc của bạn
---------------------------------
Một đất nước có năng lực sản xuất khoảng 1,5 triệu ô tô mỗi năm, sở hữu hàng loạt nhà máy của Toyota, Honda, Isuzu hay Mitsubishi, giờ lại chứng kiến Kim Long Motor của Việt Nam mang xe buýt điện sang Bangkok, tổ chức lễ ra mắt và ký những đơn hàng hàng trăm chiếc ngay trên sân nhà của ngành ô tô Thái.

Câu chuyện càng đáng chú ý bởi trong nhiều năm, Việt Nam thường được xem là người đi sau trong ngành công nghiệp ô tô khu vực. Nhưng chỉ trong một thời gian ngắn, doanh nghiệp Việt đã bắt đầu xuất hiện ở những phân khúc mới như xe điện, xe buýt và phương tiện thương mại xanh.

Một số tư liệu được sử dụng trong video thuộc về các chủ sở hữu đáng kính. Mọi vấn đề liên quan đến bản quyền, vui lòng liên hệ: battlecry.vn@gmail.com.
Some of the materials used in the video belongs to the rightful owners. All Copyrights related issues should be sent to battlecry.vn@gmail.com. Thank you.

#battlecry #khampha #kinhte #dialy",DÂN THÁI LAN CAY ĐẮNG NHÌN CẢNH DOANH NGHIỆP VIỆT NAM &quot;THỊ UY&quot; XE BUS ĐIỆN GIỮA LÒNG BANGKOK,2026-09-21T05:18:24Z,2026-09-21T05:18:24Z,​@ToXuan-v9wbổ sung thêm là nếu đi trong vành đai 1 thì free nhé bạn.,reply,UgxpcH5BHgQ1vAXNt7J4AaABAg,UgxpcH5BHgQ1vAXNt7J4AaABAg,1,2026-09-21T08:18:10Z,2026-09-21T08:18:10Z,1,UCQ8EjKr-_HlZ3mt8gkvc1Vg,transport_impact,0,0,youtube_20260926_1347,baseline_20260926_134704,2026-09-26T20:49:08.808901+07:00
youtube_c_UgxrC-i6BlBFuo9RZQd4AaABAg,youtube,https://www.youtube.com/watch?v=o5hjDTBi694,o5hjDTBi694,"DÂN THÁI LAN CAY ĐẮNG NHÌN CẢNH DOANH NGHIỆP VIỆT NAM &quot;THỊ UY&quot; XE BUS ĐIỆN GIỮA LÒNG BANGKOK
👉 Khám phá ngay Tủ sách số và Audio book Thực chiến tại hệ thống Sơn Hải Nguyễn. Chỉ 15 phút nghe mỗi ngày, bạn sẽ có ngay tư duy sắc bén để xử lý gọn gàng những góc khuất đời thường và công sở.

👉 Truy cập ngay sonhainguyen.com để khám phá thêm kho công cụ và tài liệu hỗ trợ cho công việc và nâng cao kỹ năng làm việc của bạn
---------------------------------
Một đất nước có năng lực sản xuất khoảng 1,5 triệu ô tô mỗi năm, sở hữu hàng loạt nhà máy của Toyota, Honda, Isuzu hay Mitsubishi, giờ lại chứng kiến Kim Long Motor của Việt Nam mang xe buýt điện sang Bangkok, tổ chức lễ ra mắt và ký những đơn hàng hàng trăm chiếc ngay trên sân nhà của ngành ô tô Thái.

Câu chuyện càng đáng chú ý bởi trong nhiều năm, Việt Nam thường được xem là người đi sau trong ngành công nghiệp ô tô khu vực. Nhưng chỉ trong một thời gian ngắn, doanh nghiệp Việt đã bắt đầu xuất hiện ở những phân khúc mới như xe điện, xe buýt và phương tiện thương mại xanh.

Một số tư liệu được sử dụng trong video thuộc về các chủ sở hữu đáng kính. Mọi vấn đề liên quan đến bản quyền, vui lòng liên hệ: battlecry.vn@gmail.com.
Some of the materials used in the video belongs to the rightful owners. All Copyrights related issues should be sent to battlecry.vn@gmail.com. Thank you.

#battlecry #khampha #kinhte #dialy",DÂN THÁI LAN CAY ĐẮNG NHÌN CẢNH DOANH NGHIỆP VIỆT NAM &quot;THỊ UY&quot; XE BUS ĐIỆN GIỮA LÒNG BANGKOK,2026-09-21T05:18:24Z,2026-09-21T05:18:24Z,Kimlong nên tập trung vào mảng xe thương mại. Ngành vận tải Việt Nam hiện có nhu cầu về xe đầu kéo điện rất lớn nhưng thị trường vẫn đang độc chiếm bởi các thương hiệu tq.,top_level,,UgxrC-i6BlBFuo9RZQd4AaABAg,0,2026-09-21T10:02:42Z,2026-09-21T10:02:42Z,1,UCsuhlJas6TGn-K97BQrgwwg,,0,0,youtube_20260926_1347,baseline_20260926_134704,2026-09-26T20:48:05.980772+07:00
youtube_c_UgxrC-i6BlBFuo9RZQd4AaABAg.Ab0PTufqevCAb0kGVxEx9N,youtube,https://www.youtube.com/watch?v=o5hjDTBi694,o5hjDTBi694,"DÂN THÁI LAN CAY ĐẮNG NHÌN CẢNH DOANH NGHIỆP VIỆT NAM &quot;THỊ UY&quot; XE BUS ĐIỆN GIỮA LÒNG BANGKOK
👉 Khám phá ngay Tủ sách số và Audio book Thực chiến tại hệ thống Sơn Hải Nguyễn. Chỉ 15 phút nghe mỗi ngày, bạn sẽ có ngay tư duy sắc bén để xử lý gọn gàng những góc khuất đời thường và công sở.

👉 Truy cập ngay sonhainguyen.com để khám phá thêm kho công cụ và tài liệu hỗ trợ cho công việc và nâng cao kỹ năng làm việc của bạn
---------------------------------
Một đất nước có năng lực sản xuất khoảng 1,5 triệu ô tô mỗi năm, sở hữu hàng loạt nhà máy của Toyota, Honda, Isuzu hay Mitsubishi, giờ lại chứng kiến Kim Long Motor của Việt Nam mang xe buýt điện sang Bangkok, tổ chức lễ ra mắt và ký những đơn hàng hàng trăm chiếc ngay trên sân nhà của ngành ô tô Thái.

Câu chuyện càng đáng chú ý bởi trong nhiều năm, Việt Nam thường được xem là người đi sau trong ngành công nghiệp ô tô khu vực. Nhưng chỉ trong một thời gian ngắn, doanh nghiệp Việt đã bắt đầu xuất hiện ở những phân khúc mới như xe điện, xe buýt và phương tiện thương mại xanh.

Một số tư liệu được sử dụng trong video thuộc về các chủ sở hữu đáng kính. Mọi vấn đề liên quan đến bản quyền, vui lòng liên hệ: battlecry.vn@gmail.com.
Some of the materials used in the video belongs to the rightful owners. All Copyrights related issues should be sent to battlecry.vn@gmail.com. Thank you.

#battlecry #khampha #kinhte #dialy",DÂN THÁI LAN CAY ĐẮNG NHÌN CẢNH DOANH NGHIỆP VIỆT NAM &quot;THỊ UY&quot; XE BUS ĐIỆN GIỮA LÒNG BANGKOK,2026-09-21T05:18:24Z,2026-09-21T05:18:24Z,Khả năng cao là HP sẽ xd xưởng lắp ráp xe đầu kéo chạy điện để vc sắt thép đi khấp cả nước,reply,UgxrC-i6BlBFuo9RZQd4AaABAg,UgxrC-i6BlBFuo9RZQd4AaABAg,1,2026-09-21T13:13:06Z,2026-09-21T13:13:06Z,1,UCJjl8f49nDOO3NY5J9njFbw,transport_impact,0,0,youtube_20260926_1347,baseline_20260926_134704,2026-09-26T20:48:09.189904+07:00
youtube_c_UgxrC-i6BlBFuo9RZQd4AaABAg.Ab0PTufqevCAb0kWlWcEVq,youtube,https://www.youtube.com/watch?v=o5hjDTBi694,o5hjDTBi694,"DÂN THÁI LAN CAY ĐẮNG NHÌN CẢNH DOANH NGHIỆP VIỆT NAM &quot;THỊ UY&quot; XE BUS ĐIỆN GIỮA LÒNG BANGKOK
👉 Khám phá ngay Tủ sách số và Audio book Thực chiến tại hệ thống Sơn Hải Nguyễn. Chỉ 15 phút nghe mỗi ngày, bạn sẽ có ngay tư duy sắc bén để xử lý gọn gàng những góc khuất đời thường và công sở.

👉 Truy cập ngay sonhainguyen.com để khám phá thêm kho công cụ và tài liệu hỗ trợ cho công việc và nâng cao kỹ năng làm việc của bạn
---------------------------------
Một đất nước có năng lực sản xuất khoảng 1,5 triệu ô tô mỗi năm, sở hữu hàng loạt nhà máy của Toyota, Honda, Isuzu hay Mitsubishi, giờ lại chứng kiến Kim Long Motor của Việt Nam mang xe buýt điện sang Bangkok, tổ chức lễ ra mắt và ký những đơn hàng hàng trăm chiếc ngay trên sân nhà của ngành ô tô Thái.

Câu chuyện càng đáng chú ý bởi trong nhiều năm, Việt Nam thường được xem là người đi sau trong ngành công nghiệp ô tô khu vực. Nhưng chỉ trong một thời gian ngắn, doanh nghiệp Việt đã bắt đầu xuất hiện ở những phân khúc mới như xe điện, xe buýt và phương tiện thương mại xanh.

Một số tư liệu được sử dụng trong video thuộc về các chủ sở hữu đáng kính. Mọi vấn đề liên quan đến bản quyền, vui lòng liên hệ: battlecry.vn@gmail.com.
Some of the materials used in the video belongs to the rightful owners. All Copyrights related issues should be sent to battlecry.vn@gmail.com. Thank you.

#battlecry #khampha #kinhte #dialy",DÂN THÁI LAN CAY ĐẮNG NHÌN CẢNH DOANH NGHIỆP VIỆT NAM &quot;THỊ UY&quot; XE BUS ĐIỆN GIỮA LÒNG BANGKOK,2026-09-21T05:18:24Z,2026-09-21T05:18:24Z,"Pin thương mại khó vô cùng bạn ạ, mạnh như Vinfast còn phải vừa nhập nguyên pack pin, vừa nghiên cứu vừa làm vừa tinh chỉnh. Ngay cả mỹ với Châu Âu cũng không làm đc pin thương mại",reply,UgxrC-i6BlBFuo9RZQd4AaABAg,UgxrC-i6BlBFuo9RZQd4AaABAg,1,2026-09-21T13:15:19Z,2026-09-21T13:15:19Z,1,UCeKGeKs8pUcOgo_y9eas36w,,0,0,youtube_20260926_1347,baseline_20260926_134704,2026-09-26T20:48:09.191909+07:00
youtube_c_Ugxs7T4dalTcvtvrsbN4AaABAg,youtube,https://www.youtube.com/watch?v=o5hjDTBi694,o5hjDTBi694,"DÂN THÁI LAN CAY ĐẮNG NHÌN CẢNH DOANH NGHIỆP VIỆT NAM &quot;THỊ UY&quot; XE BUS ĐIỆN GIỮA LÒNG BANGKOK
👉 Khám phá ngay Tủ sách số và Audio book Thực chiến tại hệ thống Sơn Hải Nguyễn. Chỉ 15 phút nghe mỗi ngày, bạn sẽ có ngay tư duy sắc bén để xử lý gọn gàng những góc khuất đời thường và công sở.

👉 Truy cập ngay sonhainguyen.com để khám phá thêm kho công cụ và tài liệu hỗ trợ cho công việc và nâng cao kỹ năng làm việc của bạn
---------------------------------
Một đất nước có năng lực sản xuất khoảng 1,5 triệu ô tô mỗi năm, sở hữu hàng loạt nhà máy của Toyota, Honda, Isuzu hay Mitsubishi, giờ lại chứng kiến Kim Long Motor của Việt Nam mang xe buýt điện sang Bangkok, tổ chức lễ ra mắt và ký những đơn hàng hàng trăm chiếc ngay trên sân nhà của ngành ô tô Thái.

Câu chuyện càng đáng chú ý bởi trong nhiều năm, Việt Nam thường được xem là người đi sau trong ngành công nghiệp ô tô khu vực. Nhưng chỉ trong một thời gian ngắn, doanh nghiệp Việt đã bắt đầu xuất hiện ở những phân khúc mới như xe điện, xe buýt và phương tiện thương mại xanh.

Một số tư liệu được sử dụng trong video thuộc về các chủ sở hữu đáng kính. Mọi vấn đề liên quan đến bản quyền, vui lòng liên hệ: battlecry.vn@gmail.com.
Some of the materials used in the video belongs to the rightful owners. All Copyrights related issues should be sent to battlecry.vn@gmail.com. Thank you.

#battlecry #khampha #kinhte #dialy",DÂN THÁI LAN CAY ĐẮNG NHÌN CẢNH DOANH NGHIỆP VIỆT NAM &quot;THỊ UY&quot; XE BUS ĐIỆN GIỮA LÒNG BANGKOK,2026-09-21T05:18:24Z,2026-09-21T05:18:24Z,"👉 Khám phá ngay Tủ sách số và Audio book Thực chiến tại hệ thống Sơn Hải Nguyễn. Chỉ 15 phút nghe mỗi ngày, bạn sẽ có ngay tư duy sắc bén để xử lý gọn gàng những góc khuất đời thường và công sở.

👉 Truy cập ngay sonhainguyen.com để khám phá thêm kho công cụ và tài liệu hỗ trợ cho công việc và nâng cao kỹ năng làm việc của bạn
---------------------------------",top_level,,Ugxs7T4dalTcvtvrsbN4AaABAg,0,2026-09-21T05:27:36Z,2026-09-21T05:27:36Z,5,UCcPh5ceLi1c27GTFVWbttqw,,0,0,youtube_20260926_1347,baseline_20260926_134704,2026-09-26T20:47:45.885078+07:00
youtube_c_Ugy-hn-Dtc2PRQi92_54AaABAg,youtube,https://www.youtube.com/watch?v=o5hjDTBi694,o5hjDTBi694,"DÂN THÁI LAN CAY ĐẮNG NHÌN CẢNH DOANH NGHIỆP VIỆT NAM &quot;THỊ UY&quot; XE BUS ĐIỆN GIỮA LÒNG BANGKOK
👉 Khám phá ngay Tủ sách số và Audio book Thực chiến tại hệ thống Sơn Hải Nguyễn. Chỉ 15 phút nghe mỗi ngày, bạn sẽ có ngay tư duy sắc bén để xử lý gọn gàng những góc khuất đời thường và công sở.

👉 Truy cập ngay sonhainguyen.com để khám phá thêm kho công cụ và tài liệu hỗ trợ cho công việc và nâng cao kỹ năng làm việc của bạn
---------------------------------
Một đất nước có năng lực sản xuất khoảng 1,5 triệu ô tô mỗi năm, sở hữu hàng loạt nhà máy của Toyota, Honda, Isuzu hay Mitsubishi, giờ lại chứng kiến Kim Long Motor của Việt Nam mang xe buýt điện sang Bangkok, tổ chức lễ ra mắt và ký những đơn hàng hàng trăm chiếc ngay trên sân nhà của ngành ô tô Thái.

Câu chuyện càng đáng chú ý bởi trong nhiều năm, Việt Nam thường được xem là người đi sau trong ngành công nghiệp ô tô khu vực. Nhưng chỉ trong một thời gian ngắn, doanh nghiệp Việt đã bắt đầu xuất hiện ở những phân khúc mới như xe điện, xe buýt và phương tiện thương mại xanh.

Một số tư liệu được sử dụng trong video thuộc về các chủ sở hữu đáng kính. Mọi vấn đề liên quan đến bản quyền, vui lòng liên hệ: battlecry.vn@gmail.com.
Some of the materials used in the video belongs to the rightful owners. All Copyrights related issues should be sent to battlecry.vn@gmail.com. Thank you.

#battlecry #khampha #kinhte #dialy",DÂN THÁI LAN CAY ĐẮNG NHÌN CẢNH DOANH NGHIỆP VIỆT NAM &quot;THỊ UY&quot; XE BUS ĐIỆN GIỮA LÒNG BANGKOK,2026-09-21T05:18:24Z,2026-09-21T05:18:24Z,"So xe bus ko thì bất công cho BkK quá vì t thấy xe bus nó 1 nửa là cùi như clip thiệt, thua xa Hanoi hay HCM. Nhưng nói lại thì Việt Nam mình sử dụng xe bus nhiều hơn cho đa dạng tầng lớp nên xe mình ngon hơn nói chung. Nhưng dân Thái họ xe cá nhân nhiều, bts và mrt tiện lợi nữa. Vẫn đang ok hơn mình. 5 năm nữa thì chưa chắc ai hơn ai giờ thì mình vẫn cần cố gắng hơn. Còn bên đó t từng đi thăm nhà máy lắp ráp, họ nội địa hoá khá ổn, này chắc mình qua bán hàng chứ chắc ăn lắm đâu. Lôi đúng cái họ đang yếu là bus mà bỏ qua các phương tiên khác thì clip này nghe cho vui nhaz",top_level,,Ugy-hn-Dtc2PRQi92_54AaABAg,0,2026-09-21T11:23:57Z,2026-09-21T11:23:57Z,2,UC2UMV4qNQkJV3QsVKxvmVCA,transport_impact,0,0,youtube_20260926_1347,baseline_20260926_134704,2026-09-26T20:47:55.843938+07:00
youtube_c_Ugy-hn-Dtc2PRQi92_54AaABAg.Ab0Ym0TnZfDAb0rZusoglg,youtube,https://www.youtube.com/watch?v=o5hjDTBi694,o5hjDTBi694,"DÂN THÁI LAN CAY ĐẮNG NHÌN CẢNH DOANH NGHIỆP VIỆT NAM &quot;THỊ UY&quot; XE BUS ĐIỆN GIỮA LÒNG BANGKOK
👉 Khám phá ngay Tủ sách số và Audio book Thực chiến tại hệ thống Sơn Hải Nguyễn. Chỉ 15 phút nghe mỗi ngày, bạn sẽ có ngay tư duy sắc bén để xử lý gọn gàng những góc khuất đời thường và công sở.

👉 Truy cập ngay sonhainguyen.com để khám phá thêm kho công cụ và tài liệu hỗ trợ cho công việc và nâng cao kỹ năng làm việc của bạn
---------------------------------
Một đất nước có năng lực sản xuất khoảng 1,5 triệu ô tô mỗi năm, sở hữu hàng loạt nhà máy của Toyota, Honda, Isuzu hay Mitsubishi, giờ lại chứng kiến Kim Long Motor của Việt Nam mang xe buýt điện sang Bangkok, tổ chức lễ ra mắt và ký những đơn hàng hàng trăm chiếc ngay trên sân nhà của ngành ô tô Thái.

Câu chuyện càng đáng chú ý bởi trong nhiều năm, Việt Nam thường được xem là người đi sau trong ngành công nghiệp ô tô khu vực. Nhưng chỉ trong một thời gian ngắn, doanh nghiệp Việt đã bắt đầu xuất hiện ở những phân khúc mới như xe điện, xe buýt và phương tiện thương mại xanh.

Một số tư liệu được sử dụng trong video thuộc về các chủ sở hữu đáng kính. Mọi vấn đề liên quan đến bản quyền, vui lòng liên hệ: battlecry.vn@gmail.com.
Some of the materials used in the video belongs to the rightful owners. All Copyrights related issues should be sent to battlecry.vn@gmail.com. Thank you.

#battlecry #khampha #kinhte #dialy",DÂN THÁI LAN CAY ĐẮNG NHÌN CẢNH DOANH NGHIỆP VIỆT NAM &quot;THỊ UY&quot; XE BUS ĐIỆN GIỮA LÒNG BANGKOK,2026-09-21T05:18:24Z,2026-09-21T05:18:24Z,Clip đang nói về khả năng tự làm chủ thương hiệu tự sản xuất ô tô chứ có nói về hạ tầng đường xá đâu,reply,Ugy-hn-Dtc2PRQi92_54AaABAg,Ugy-hn-Dtc2PRQi92_54AaABAg,1,2026-09-21T14:16:56Z,2026-09-21T14:16:56Z,1,UCb11apLc5uf2ze20jIkps5A,transport_impact,0,0,youtube_20260926_1347,baseline_20260926_134704,2026-09-26T20:47:59.084145+07:00
youtube_c_Ugy3CpzE0SRJlJJWnot4AaABAg,youtube,https://www.youtube.com/watch?v=o5hjDTBi694,o5hjDTBi694,"DÂN THÁI LAN CAY ĐẮNG NHÌN CẢNH DOANH NGHIỆP VIỆT NAM &quot;THỊ UY&quot; XE BUS ĐIỆN GIỮA LÒNG BANGKOK
👉 Khám phá ngay Tủ sách số và Audio book Thực chiến tại hệ thống Sơn Hải Nguyễn. Chỉ 15 phút nghe mỗi ngày, bạn sẽ có ngay tư duy sắc bén để xử lý gọn gàng những góc khuất đời thường và công sở.

👉 Truy cập ngay sonhainguyen.com để khám phá thêm kho công cụ và tài liệu hỗ trợ cho công việc và nâng cao kỹ năng làm việc của bạn
---------------------------------
Một đất nước có năng lực sản xuất khoảng 1,5 triệu ô tô mỗi năm, sở hữu hàng loạt nhà máy của Toyota, Honda, Isuzu hay Mitsubishi, giờ lại chứng kiến Kim Long Motor của Việt Nam mang xe buýt điện sang Bangkok, tổ chức lễ ra mắt và ký những đơn hàng hàng trăm chiếc ngay trên sân nhà của ngành ô tô Thái.

Câu chuyện càng đáng chú ý bởi trong nhiều năm, Việt Nam thường được xem là người đi sau trong ngành công nghiệp ô tô khu vực. Nhưng chỉ trong một thời gian ngắn, doanh nghiệp Việt đã bắt đầu xuất hiện ở những phân khúc mới như xe điện, xe buýt và phương tiện thương mại xanh.

Một số tư liệu được sử dụng trong video thuộc về các chủ sở hữu đáng kính. Mọi vấn đề liên quan đến bản quyền, vui lòng liên hệ: battlecry.vn@gmail.com.
Some of the materials used in the video belongs to the rightful owners. All Copyrights related issues should be sent to battlecry.vn@gmail.com. Thank you.

#battlecry #khampha #kinhte #dialy",DÂN THÁI LAN CAY ĐẮNG NHÌN CẢNH DOANH NGHIỆP VIỆT NAM &quot;THỊ UY&quot; XE BUS ĐIỆN GIỮA LÒNG BANGKOK,2026-09-21T05:18:24Z,2026-09-21T05:18:24Z,"Kim Long Motors là một công ty Trung Quốc, không phải công ty Việt Nam.",top_level,,Ugy3CpzE0SRJlJJWnot4AaABAg,0,2026-09-21T07:13:41Z,2026-09-21T07:13:41Z,2,UCXGaRJSNMmN2x_rXbQT0N6g,,0,0,youtube_20260926_1347,baseline_20260926_134704,2026-09-26T20:48:48.964551+07:00
youtube_c_Ugy3CpzE0SRJlJJWnot4AaABAg.Ab067zbMrPiAb0DCg-FgCl,youtube,https://www.youtube.com/watch?v=o5hjDTBi694,o5hjDTBi694,"DÂN THÁI LAN CAY ĐẮNG NHÌN CẢNH DOANH NGHIỆP VIỆT NAM &quot;THỊ UY&quot; XE BUS ĐIỆN GIỮA LÒNG BANGKOK
👉 Khám phá ngay Tủ sách số và Audio book Thực chiến tại hệ thống Sơn Hải Nguyễn. Chỉ 15 phút nghe mỗi ngày, bạn sẽ có ngay tư duy sắc bén để xử lý gọn gàng những góc khuất đời thường và công sở.

👉 Truy cập ngay sonhainguyen.com để khám phá thêm kho công cụ và tài liệu hỗ trợ cho công việc và nâng cao kỹ năng làm việc của bạn
---------------------------------
Một đất nước có năng lực sản xuất khoảng 1,5 triệu ô tô mỗi năm, sở hữu hàng loạt nhà máy của Toyota, Honda, Isuzu hay Mitsubishi, giờ lại chứng kiến Kim Long Motor của Việt Nam mang xe buýt điện sang Bangkok, tổ chức lễ ra mắt và ký những đơn hàng hàng trăm chiếc ngay trên sân nhà của ngành ô tô Thái.

Câu chuyện càng đáng chú ý bởi trong nhiều năm, Việt Nam thường được xem là người đi sau trong ngành công nghiệp ô tô khu vực. Nhưng chỉ trong một thời gian ngắn, doanh nghiệp Việt đã bắt đầu xuất hiện ở những phân khúc mới như xe điện, xe buýt và phương tiện thương mại xanh.

Một số tư liệu được sử dụng trong video thuộc về các chủ sở hữu đáng kính. Mọi vấn đề liên quan đến bản quyền, vui lòng liên hệ: battlecry.vn@gmail.com.
Some of the materials used in the video belongs to the rightful owners. All Copyrights related issues should be sent to battlecry.vn@gmail.com. Thank you.

#battlecry #khampha #kinhte #dialy",DÂN THÁI LAN CAY ĐẮNG NHÌN CẢNH DOANH NGHIỆP VIỆT NAM &quot;THỊ UY&quot; XE BUS ĐIỆN GIỮA LÒNG BANGKOK,2026-09-21T05:18:24Z,2026-09-21T05:18:24Z,Việt nam họ mua công nghệ hoặc hợp tác với trung ko phải công ty trung nhé,reply,Ugy3CpzE0SRJlJJWnot4AaABAg,Ugy3CpzE0SRJlJJWnot4AaABAg,1,2026-09-21T08:15:29Z,2026-09-21T08:15:29Z,3,UCNKo8_Uxh8JShUMA10wJq2A,,0,0,youtube_20260926_1347,baseline_20260926_134704,2026-09-26T20:48:52.211421+07:00
youtube_c_Ugy3CpzE0SRJlJJWnot4AaABAg.Ab067zbMrPiAb0n1ejio8i,youtube,https://www.youtube.com/watch?v=o5hjDTBi694,o5hjDTBi694,"DÂN THÁI LAN CAY ĐẮNG NHÌN CẢNH DOANH NGHIỆP VIỆT NAM &quot;THỊ UY&quot; XE BUS ĐIỆN GIỮA LÒNG BANGKOK
👉 Khám phá ngay Tủ sách số và Audio book Thực chiến tại hệ thống Sơn Hải Nguyễn. Chỉ 15 phút nghe mỗi ngày, bạn sẽ có ngay tư duy sắc bén để xử lý gọn gàng những góc khuất đời thường và công sở.

👉 Truy cập ngay sonhainguyen.com để khám phá thêm kho công cụ và tài liệu hỗ trợ cho công việc và nâng cao kỹ năng làm việc của bạn
---------------------------------
Một đất nước có năng lực sản xuất khoảng 1,5 triệu ô tô mỗi năm, sở hữu hàng loạt nhà máy của Toyota, Honda, Isuzu hay Mitsubishi, giờ lại chứng kiến Kim Long Motor của Việt Nam mang xe buýt điện sang Bangkok, tổ chức lễ ra mắt và ký những đơn hàng hàng trăm chiếc ngay trên sân nhà của ngành ô tô Thái.

Câu chuyện càng đáng chú ý bởi trong nhiều năm, Việt Nam thường được xem là người đi sau trong ngành công nghiệp ô tô khu vực. Nhưng chỉ trong một thời gian ngắn, doanh nghiệp Việt đã bắt đầu xuất hiện ở những phân khúc mới như xe điện, xe buýt và phương tiện thương mại xanh.

Một số tư liệu được sử dụng trong video thuộc về các chủ sở hữu đáng kính. Mọi vấn đề liên quan đến bản quyền, vui lòng liên hệ: battlecry.vn@gmail.com.
Some of the materials used in the video belongs to the rightful owners. All Copyrights related issues should be sent to battlecry.vn@gmail.com. Thank you.

#battlecry #khampha #kinhte #dialy",DÂN THÁI LAN CAY ĐẮNG NHÌN CẢNH DOANH NGHIỆP VIỆT NAM &quot;THỊ UY&quot; XE BUS ĐIỆN GIỮA LÒNG BANGKOK,2026-09-21T05:18:24Z,2026-09-21T05:18:24Z,"@DangTien8388 Đây là một công ty Trung Quốc đã thành lập chi nhánh tại Việt Nam, chứ không phải là một công ty Việt Nam.",reply,Ugy3CpzE0SRJlJJWnot4AaABAg,Ugy3CpzE0SRJlJJWnot4AaABAg,1,2026-09-21T13:37:17Z,2026-09-21T13:37:17Z,0,UCXGaRJSNMmN2x_rXbQT0N6g,,0,0,youtube_20260926_1347,baseline_20260926_134704,2026-09-26T20:48:52.211421+07:00
youtube_c_Ugy3h82chcqd0zY9lYd4AaABAg,youtube,https://www.youtube.com/watch?v=o5hjDTBi694,o5hjDTBi694,"DÂN THÁI LAN CAY ĐẮNG NHÌN CẢNH DOANH NGHIỆP VIỆT NAM &quot;THỊ UY&quot; XE BUS ĐIỆN GIỮA LÒNG BANGKOK
👉 Khám phá ngay Tủ sách số và Audio book Thực chiến tại hệ thống Sơn Hải Nguyễn. Chỉ 15 phút nghe mỗi ngày, bạn sẽ có ngay tư duy sắc bén để xử lý gọn gàng những góc khuất đời thường và công sở.

👉 Truy cập ngay sonhainguyen.com để khám phá thêm kho công cụ và tài liệu hỗ trợ cho công việc và nâng cao kỹ năng làm việc của bạn
---------------------------------
Một đất nước có năng lực sản xuất khoảng 1,5 triệu ô tô mỗi năm, sở hữu hàng loạt nhà máy của Toyota, Honda, Isuzu hay Mitsubishi, giờ lại chứng kiến Kim Long Motor của Việt Nam mang xe buýt điện sang Bangkok, tổ chức lễ ra mắt và ký những đơn hàng hàng trăm chiếc ngay trên sân nhà của ngành ô tô Thái.

Câu chuyện càng đáng chú ý bởi trong nhiều năm, Việt Nam thường được xem là người đi sau trong ngành công nghiệp ô tô khu vực. Nhưng chỉ trong một thời gian ngắn, doanh nghiệp Việt đã bắt đầu xuất hiện ở những phân khúc mới như xe điện, xe buýt và phương tiện thương mại xanh.

Một số tư liệu được sử dụng trong video thuộc về các chủ sở hữu đáng kính. Mọi vấn đề liên quan đến bản quyền, vui lòng liên hệ: battlecry.vn@gmail.com.
Some of the materials used in the video belongs to the rightful owners. All Copyrights related issues should be sent to battlecry.vn@gmail.com. Thank you.

#battlecry #khampha #kinhte #dialy",DÂN THÁI LAN CAY ĐẮNG NHÌN CẢNH DOANH NGHIỆP VIỆT NAM &quot;THỊ UY&quot; XE BUS ĐIỆN GIỮA LÒNG BANGKOK,2026-09-21T05:18:24Z,2026-09-21T05:18:24Z,h,top_level,,Ugy3h82chcqd0zY9lYd4AaABAg,0,2026-09-21T06:45:21Z,2026-09-21T06:45:21Z,0,UCVydBW-jRvviieBBRyD-5dw,,0,0,youtube_20260926_1347,baseline_20260926_134704,2026-09-26T20:49:08.810804+07:00
youtube_c_Ugy83wzY1h3eC-yLjIh4AaABAg,youtube,https://www.youtube.com/watch?v=o5hjDTBi694,o5hjDTBi694,"DÂN THÁI LAN CAY ĐẮNG NHÌN CẢNH DOANH NGHIỆP VIỆT NAM &quot;THỊ UY&quot; XE BUS ĐIỆN GIỮA LÒNG BANGKOK
👉 Khám phá ngay Tủ sách số và Audio book Thực chiến tại hệ thống Sơn Hải Nguyễn. Chỉ 15 phút nghe mỗi ngày, bạn sẽ có ngay tư duy sắc bén để xử lý gọn gàng những góc khuất đời thường và công sở.

👉 Truy cập ngay sonhainguyen.com để khám phá thêm kho công cụ và tài liệu hỗ trợ cho công việc và nâng cao kỹ năng làm việc của bạn
---------------------------------
Một đất nước có năng lực sản xuất khoảng 1,5 triệu ô tô mỗi năm, sở hữu hàng loạt nhà máy của Toyota, Honda, Isuzu hay Mitsubishi, giờ lại chứng kiến Kim Long Motor của Việt Nam mang xe buýt điện sang Bangkok, tổ chức lễ ra mắt và ký những đơn hàng hàng trăm chiếc ngay trên sân nhà của ngành ô tô Thái.

Câu chuyện càng đáng chú ý bởi trong nhiều năm, Việt Nam thường được xem là người đi sau trong ngành công nghiệp ô tô khu vực. Nhưng chỉ trong một thời gian ngắn, doanh nghiệp Việt đã bắt đầu xuất hiện ở những phân khúc mới như xe điện, xe buýt và phương tiện thương mại xanh.

Một số tư liệu được sử dụng trong video thuộc về các chủ sở hữu đáng kính. Mọi vấn đề liên quan đến bản quyền, vui lòng liên hệ: battlecry.vn@gmail.com.
Some of the materials used in the video belongs to the rightful owners. All Copyrights related issues should be sent to battlecry.vn@gmail.com. Thank you.

#battlecry #khampha #kinhte #dialy",DÂN THÁI LAN CAY ĐẮNG NHÌN CẢNH DOANH NGHIỆP VIỆT NAM &quot;THỊ UY&quot; XE BUS ĐIỆN GIỮA LÒNG BANGKOK,2026-09-21T05:18:24Z,2026-09-21T05:18:24Z,Helo❤❤😂❤❤❤❤❤❤❤,top_level,,Ugy83wzY1h3eC-yLjIh4AaABAg,0,2026-09-21T17:07:37Z,2026-09-21T17:07:37Z,1,UCRHCJeHe8HSDJ45mSCK3mZw,,0,0,youtube_20260926_1347,baseline_20260926_134704,2026-09-26T20:47:45.918976+07:00
youtube_c_Ugy8_aHVt7BtQM_2YX54AaABAg,youtube,https://www.youtube.com/watch?v=o5hjDTBi694,o5hjDTBi694,"DÂN THÁI LAN CAY ĐẮNG NHÌN CẢNH DOANH NGHIỆP VIỆT NAM &quot;THỊ UY&quot; XE BUS ĐIỆN GIỮA LÒNG BANGKOK
👉 Khám phá ngay Tủ sách số và Audio book Thực chiến tại hệ thống Sơn Hải Nguyễn. Chỉ 15 phút nghe mỗi ngày, bạn sẽ có ngay tư duy sắc bén để xử lý gọn gàng những góc khuất đời thường và công sở.

👉 Truy cập ngay sonhainguyen.com để khám phá thêm kho công cụ và tài liệu hỗ trợ cho công việc và nâng cao kỹ năng làm việc của bạn
---------------------------------
Một đất nước có năng lực sản xuất khoảng 1,5 triệu ô tô mỗi năm, sở hữu hàng loạt nhà máy của Toyota, Honda, Isuzu hay Mitsubishi, giờ lại chứng kiến Kim Long Motor của Việt Nam mang xe buýt điện sang Bangkok, tổ chức lễ ra mắt và ký những đơn hàng hàng trăm chiếc ngay trên sân nhà của ngành ô tô Thái.

Câu chuyện càng đáng chú ý bởi trong nhiều năm, Việt Nam thường được xem là người đi sau trong ngành công nghiệp ô tô khu vực. Nhưng chỉ trong một thời gian ngắn, doanh nghiệp Việt đã bắt đầu xuất hiện ở những phân khúc mới như xe điện, xe buýt và phương tiện thương mại xanh.

Một số tư liệu được sử dụng trong video thuộc về các chủ sở hữu đáng kính. Mọi vấn đề liên quan đến bản quyền, vui lòng liên hệ: battlecry.vn@gmail.com.
Some of the materials used in the video belongs to the rightful owners. All Copyrights related issues should be sent to battlecry.vn@gmail.com. Thank you.

#battlecry #khampha #kinhte #dialy",DÂN THÁI LAN CAY ĐẮNG NHÌN CẢNH DOANH NGHIỆP VIỆT NAM &quot;THỊ UY&quot; XE BUS ĐIỆN GIỮA LÒNG BANGKOK,2026-09-21T05:18:24Z,2026-09-21T05:18:24Z,Kimlong là của trung quốc đội lốt hàng Việt Nam mà,top_level,,Ugy8_aHVt7BtQM_2YX54AaABAg,0,2026-09-21T08:42:01Z,2026-09-21T08:42:01Z,0,UCxZhODfCrWcatrcb-kmEY8A,,0,0,youtube_20260926_1347,baseline_20260926_134704,2026-09-26T20:48:19.308663+07:00
youtube_c_Ugy8_aHVt7BtQM_2YX54AaABAg.Ab0GEvCmpJqAb0NkIvtsZF,youtube,https://www.youtube.com/watch?v=o5hjDTBi694,o5hjDTBi694,"DÂN THÁI LAN CAY ĐẮNG NHÌN CẢNH DOANH NGHIỆP VIỆT NAM &quot;THỊ UY&quot; XE BUS ĐIỆN GIỮA LÒNG BANGKOK
👉 Khám phá ngay Tủ sách số và Audio book Thực chiến tại hệ thống Sơn Hải Nguyễn. Chỉ 15 phút nghe mỗi ngày, bạn sẽ có ngay tư duy sắc bén để xử lý gọn gàng những góc khuất đời thường và công sở.

👉 Truy cập ngay sonhainguyen.com để khám phá thêm kho công cụ và tài liệu hỗ trợ cho công việc và nâng cao kỹ năng làm việc của bạn
---------------------------------
Một đất nước có năng lực sản xuất khoảng 1,5 triệu ô tô mỗi năm, sở hữu hàng loạt nhà máy của Toyota, Honda, Isuzu hay Mitsubishi, giờ lại chứng kiến Kim Long Motor của Việt Nam mang xe buýt điện sang Bangkok, tổ chức lễ ra mắt và ký những đơn hàng hàng trăm chiếc ngay trên sân nhà của ngành ô tô Thái.

Câu chuyện càng đáng chú ý bởi trong nhiều năm, Việt Nam thường được xem là người đi sau trong ngành công nghiệp ô tô khu vực. Nhưng chỉ trong một thời gian ngắn, doanh nghiệp Việt đã bắt đầu xuất hiện ở những phân khúc mới như xe điện, xe buýt và phương tiện thương mại xanh.

Một số tư liệu được sử dụng trong video thuộc về các chủ sở hữu đáng kính. Mọi vấn đề liên quan đến bản quyền, vui lòng liên hệ: battlecry.vn@gmail.com.
Some of the materials used in the video belongs to the rightful owners. All Copyrights related issues should be sent to battlecry.vn@gmail.com. Thank you.

#battlecry #khampha #kinhte #dialy",DÂN THÁI LAN CAY ĐẮNG NHÌN CẢNH DOANH NGHIỆP VIỆT NAM &quot;THỊ UY&quot; XE BUS ĐIỆN GIỮA LÒNG BANGKOK,2026-09-21T05:18:24Z,2026-09-21T05:18:24Z,"100% cổ phần ng việt, còn vấn đề hợp tác với các hãng lớn trung quốc để gia công hàng cho họ thì là làm thuê bình thường. Có cơ hội hợp tác mới phát triển được. Chỉ giỏi ăn thôi có biết cái gì đâu",reply,Ugy8_aHVt7BtQM_2YX54AaABAg,Ugy8_aHVt7BtQM_2YX54AaABAg,1,2026-09-21T09:47:36Z,2026-09-21T09:47:36Z,2,UCDXaQLIbOb3xbTeFXB_Ygdw,,0,0,youtube_20260926_1347,baseline_20260926_134704,2026-09-26T20:48:22.683919+07:00
youtube_c_Ugy8_aHVt7BtQM_2YX54AaABAg.Ab0GEvCmpJqAbDQXCFeAEY,youtube,https://www.youtube.com/watch?v=o5hjDTBi694,o5hjDTBi694,"DÂN THÁI LAN CAY ĐẮNG NHÌN CẢNH DOANH NGHIỆP VIỆT NAM &quot;THỊ UY&quot; XE BUS ĐIỆN GIỮA LÒNG BANGKOK
👉 Khám phá ngay Tủ sách số và Audio book Thực chiến tại hệ thống Sơn Hải Nguyễn. Chỉ 15 phút nghe mỗi ngày, bạn sẽ có ngay tư duy sắc bén để xử lý gọn gàng những góc khuất đời thường và công sở.

👉 Truy cập ngay sonhainguyen.com để khám phá thêm kho công cụ và tài liệu hỗ trợ cho công việc và nâng cao kỹ năng làm việc của bạn
---------------------------------
Một đất nước có năng lực sản xuất khoảng 1,5 triệu ô tô mỗi năm, sở hữu hàng loạt nhà máy của Toyota, Honda, Isuzu hay Mitsubishi, giờ lại chứng kiến Kim Long Motor của Việt Nam mang xe buýt điện sang Bangkok, tổ chức lễ ra mắt và ký những đơn hàng hàng trăm chiếc ngay trên sân nhà của ngành ô tô Thái.

Câu chuyện càng đáng chú ý bởi trong nhiều năm, Việt Nam thường được xem là người đi sau trong ngành công nghiệp ô tô khu vực. Nhưng chỉ trong một thời gian ngắn, doanh nghiệp Việt đã bắt đầu xuất hiện ở những phân khúc mới như xe điện, xe buýt và phương tiện thương mại xanh.

Một số tư liệu được sử dụng trong video thuộc về các chủ sở hữu đáng kính. Mọi vấn đề liên quan đến bản quyền, vui lòng liên hệ: battlecry.vn@gmail.com.
Some of the materials used in the video belongs to the rightful owners. All Copyrights related issues should be sent to battlecry.vn@gmail.com. Thank you.

#battlecry #khampha #kinhte #dialy",DÂN THÁI LAN CAY ĐẮNG NHÌN CẢNH DOANH NGHIỆP VIỆT NAM &quot;THỊ UY&quot; XE BUS ĐIỆN GIỮA LÒNG BANGKOK,2026-09-21T05:18:24Z,2026-09-21T05:18:24Z,Bạn đi xe buýt chưa mà nói vậy,reply,Ugy8_aHVt7BtQM_2YX54AaABAg,Ugy8_aHVt7BtQM_2YX54AaABAg,1,2026-09-26T11:22:00Z,2026-09-26T11:22:00Z,0,UCHKuGAb06_Fm6XdU8pY6-Sg,transport_impact,0,0,youtube_20260926_1347,baseline_20260926_134704,2026-09-26T20:48:22.683919+07:00
youtube_c_UgyE-T1DT1w7P2cFJr14AaABAg,youtube,https://www.youtube.com/watch?v=o5hjDTBi694,o5hjDTBi694,"DÂN THÁI LAN CAY ĐẮNG NHÌN CẢNH DOANH NGHIỆP VIỆT NAM &quot;THỊ UY&quot; XE BUS ĐIỆN GIỮA LÒNG BANGKOK
👉 Khám phá ngay Tủ sách số và Audio book Thực chiến tại hệ thống Sơn Hải Nguyễn. Chỉ 15 phút nghe mỗi ngày, bạn sẽ có ngay tư duy sắc bén để xử lý gọn gàng những góc khuất đời thường và công sở.

👉 Truy cập ngay sonhainguyen.com để khám phá thêm kho công cụ và tài liệu hỗ trợ cho công việc và nâng cao kỹ năng làm việc của bạn
---------------------------------
Một đất nước có năng lực sản xuất khoảng 1,5 triệu ô tô mỗi năm, sở hữu hàng loạt nhà máy của Toyota, Honda, Isuzu hay Mitsubishi, giờ lại chứng kiến Kim Long Motor của Việt Nam mang xe buýt điện sang Bangkok, tổ chức lễ ra mắt và ký những đơn hàng hàng trăm chiếc ngay trên sân nhà của ngành ô tô Thái.

Câu chuyện càng đáng chú ý bởi trong nhiều năm, Việt Nam thường được xem là người đi sau trong ngành công nghiệp ô tô khu vực. Nhưng chỉ trong một thời gian ngắn, doanh nghiệp Việt đã bắt đầu xuất hiện ở những phân khúc mới như xe điện, xe buýt và phương tiện thương mại xanh.

Một số tư liệu được sử dụng trong video thuộc về các chủ sở hữu đáng kính. Mọi vấn đề liên quan đến bản quyền, vui lòng liên hệ: battlecry.vn@gmail.com.
Some of the materials used in the video belongs to the rightful owners. All Copyrights related issues should be sent to battlecry.vn@gmail.com. Thank you.

#battlecry #khampha #kinhte #dialy",DÂN THÁI LAN CAY ĐẮNG NHÌN CẢNH DOANH NGHIỆP VIỆT NAM &quot;THỊ UY&quot; XE BUS ĐIỆN GIỮA LÒNG BANGKOK,2026-09-21T05:18:24Z,2026-09-21T05:18:24Z,"nó dùng platform của BYD lắp ở VN, cái chính là bao nhiêu % giá trị ở lại VN thôi",top_level,,UgyE-T1DT1w7P2cFJr14AaABAg,0,2026-09-21T11:52:49Z,2026-09-21T11:52:49Z,1,UCnUZ3TmeqsMokQDMDXwEoVA,,0,0,youtube_20260926_1347,baseline_20260926_134704,2026-09-26T20:47:55.836705+07:00
youtube_c_UgyLsSn_pV4M4kz-F7d4AaABAg,youtube,https://www.youtube.com/watch?v=o5hjDTBi694,o5hjDTBi694,"DÂN THÁI LAN CAY ĐẮNG NHÌN CẢNH DOANH NGHIỆP VIỆT NAM &quot;THỊ UY&quot; XE BUS ĐIỆN GIỮA LÒNG BANGKOK
👉 Khám phá ngay Tủ sách số và Audio book Thực chiến tại hệ thống Sơn Hải Nguyễn. Chỉ 15 phút nghe mỗi ngày, bạn sẽ có ngay tư duy sắc bén để xử lý gọn gàng những góc khuất đời thường và công sở.

👉 Truy cập ngay sonhainguyen.com để khám phá thêm kho công cụ và tài liệu hỗ trợ cho công việc và nâng cao kỹ năng làm việc của bạn
---------------------------------
Một đất nước có năng lực sản xuất khoảng 1,5 triệu ô tô mỗi năm, sở hữu hàng loạt nhà máy của Toyota, Honda, Isuzu hay Mitsubishi, giờ lại chứng kiến Kim Long Motor của Việt Nam mang xe buýt điện sang Bangkok, tổ chức lễ ra mắt và ký những đơn hàng hàng trăm chiếc ngay trên sân nhà của ngành ô tô Thái.

Câu chuyện càng đáng chú ý bởi trong nhiều năm, Việt Nam thường được xem là người đi sau trong ngành công nghiệp ô tô khu vực. Nhưng chỉ trong một thời gian ngắn, doanh nghiệp Việt đã bắt đầu xuất hiện ở những phân khúc mới như xe điện, xe buýt và phương tiện thương mại xanh.

Một số tư liệu được sử dụng trong video thuộc về các chủ sở hữu đáng kính. Mọi vấn đề liên quan đến bản quyền, vui lòng liên hệ: battlecry.vn@gmail.com.
Some of the materials used in the video belongs to the rightful owners. All Copyrights related issues should be sent to battlecry.vn@gmail.com. Thank you.

#battlecry #khampha #kinhte #dialy",DÂN THÁI LAN CAY ĐẮNG NHÌN CẢNH DOANH NGHIỆP VIỆT NAM &quot;THỊ UY&quot; XE BUS ĐIỆN GIỮA LÒNG BANGKOK,2026-09-21T05:18:24Z,2026-09-21T05:18:24Z,Nghe bọn đi thái về nó khen mấy cái bus này dữ lắm mà...sao dân thái lại chê dc,top_level,,UgyLsSn_pV4M4kz-F7d4AaABAg,0,2026-09-21T10:48:51Z,2026-09-21T10:48:51Z,1,UCkWRiIAmGMMh5ALT7_bKAvw,transport_impact,0,0,youtube_20260926_1347,baseline_20260926_134704,2026-09-26T20:48:02.400818+07:00
youtube_c_UgyN8J9WZ4O8pUJXaGp4AaABAg,youtube,https://www.youtube.com/watch?v=o5hjDTBi694,o5hjDTBi694,"DÂN THÁI LAN CAY ĐẮNG NHÌN CẢNH DOANH NGHIỆP VIỆT NAM &quot;THỊ UY&quot; XE BUS ĐIỆN GIỮA LÒNG BANGKOK
👉 Khám phá ngay Tủ sách số và Audio book Thực chiến tại hệ thống Sơn Hải Nguyễn. Chỉ 15 phút nghe mỗi ngày, bạn sẽ có ngay tư duy sắc bén để xử lý gọn gàng những góc khuất đời thường và công sở.

👉 Truy cập ngay sonhainguyen.com để khám phá thêm kho công cụ và tài liệu hỗ trợ cho công việc và nâng cao kỹ năng làm việc của bạn
---------------------------------
Một đất nước có năng lực sản xuất khoảng 1,5 triệu ô tô mỗi năm, sở hữu hàng loạt nhà máy của Toyota, Honda, Isuzu hay Mitsubishi, giờ lại chứng kiến Kim Long Motor của Việt Nam mang xe buýt điện sang Bangkok, tổ chức lễ ra mắt và ký những đơn hàng hàng trăm chiếc ngay trên sân nhà của ngành ô tô Thái.

Câu chuyện càng đáng chú ý bởi trong nhiều năm, Việt Nam thường được xem là người đi sau trong ngành công nghiệp ô tô khu vực. Nhưng chỉ trong một thời gian ngắn, doanh nghiệp Việt đã bắt đầu xuất hiện ở những phân khúc mới như xe điện, xe buýt và phương tiện thương mại xanh.

Một số tư liệu được sử dụng trong video thuộc về các chủ sở hữu đáng kính. Mọi vấn đề liên quan đến bản quyền, vui lòng liên hệ: battlecry.vn@gmail.com.
Some of the materials used in the video belongs to the rightful owners. All Copyrights related issues should be sent to battlecry.vn@gmail.com. Thank you.

#battlecry #khampha #kinhte #dialy",DÂN THÁI LAN CAY ĐẮNG NHÌN CẢNH DOANH NGHIỆP VIỆT NAM &quot;THỊ UY&quot; XE BUS ĐIỆN GIỮA LÒNG BANGKOK,2026-09-21T05:18:24Z,2026-09-21T05:18:24Z,Nhìn xe vinphát vẫn đẹp hơn kim long,top_level,,UgyN8J9WZ4O8pUJXaGp4AaABAg,0,2026-09-21T09:03:46Z,2026-09-21T09:03:46Z,2,UC8fhBDlWUz_lpGSI8WV65kQ,,0,0,youtube_20260926_1347,baseline_20260926_134704,2026-09-26T20:48:12.549371+07:00
youtube_c_UgyN8J9WZ4O8pUJXaGp4AaABAg.Ab0IjJlrYZcAb0zH00YpBV,youtube,https://www.youtube.com/watch?v=o5hjDTBi694,o5hjDTBi694,"DÂN THÁI LAN CAY ĐẮNG NHÌN CẢNH DOANH NGHIỆP VIỆT NAM &quot;THỊ UY&quot; XE BUS ĐIỆN GIỮA LÒNG BANGKOK
👉 Khám phá ngay Tủ sách số và Audio book Thực chiến tại hệ thống Sơn Hải Nguyễn. Chỉ 15 phút nghe mỗi ngày, bạn sẽ có ngay tư duy sắc bén để xử lý gọn gàng những góc khuất đời thường và công sở.

👉 Truy cập ngay sonhainguyen.com để khám phá thêm kho công cụ và tài liệu hỗ trợ cho công việc và nâng cao kỹ năng làm việc của bạn
---------------------------------
Một đất nước có năng lực sản xuất khoảng 1,5 triệu ô tô mỗi năm, sở hữu hàng loạt nhà máy của Toyota, Honda, Isuzu hay Mitsubishi, giờ lại chứng kiến Kim Long Motor của Việt Nam mang xe buýt điện sang Bangkok, tổ chức lễ ra mắt và ký những đơn hàng hàng trăm chiếc ngay trên sân nhà của ngành ô tô Thái.

Câu chuyện càng đáng chú ý bởi trong nhiều năm, Việt Nam thường được xem là người đi sau trong ngành công nghiệp ô tô khu vực. Nhưng chỉ trong một thời gian ngắn, doanh nghiệp Việt đã bắt đầu xuất hiện ở những phân khúc mới như xe điện, xe buýt và phương tiện thương mại xanh.

Một số tư liệu được sử dụng trong video thuộc về các chủ sở hữu đáng kính. Mọi vấn đề liên quan đến bản quyền, vui lòng liên hệ: battlecry.vn@gmail.com.
Some of the materials used in the video belongs to the rightful owners. All Copyrights related issues should be sent to battlecry.vn@gmail.com. Thank you.

#battlecry #khampha #kinhte #dialy",DÂN THÁI LAN CAY ĐẮNG NHÌN CẢNH DOANH NGHIỆP VIỆT NAM &quot;THỊ UY&quot; XE BUS ĐIỆN GIỮA LÒNG BANGKOK,2026-09-21T05:18:24Z,2026-09-21T05:18:24Z,Thiết kế xe Vinbus đẹp thật.,reply,UgyN8J9WZ4O8pUJXaGp4AaABAg,UgyN8J9WZ4O8pUJXaGp4AaABAg,1,2026-09-21T15:24:15Z,2026-09-21T15:24:15Z,1,UCLCzYT-VWfCE1r2K86zZvHQ,electric_bus,0,0,youtube_20260926_1347,baseline_20260926_134704,2026-09-26T20:48:16.038336+07:00
youtube_c_UgyRC-2o4IcNs7chJQJ4AaABAg,youtube,https://www.youtube.com/watch?v=o5hjDTBi694,o5hjDTBi694,"DÂN THÁI LAN CAY ĐẮNG NHÌN CẢNH DOANH NGHIỆP VIỆT NAM &quot;THỊ UY&quot; XE BUS ĐIỆN GIỮA LÒNG BANGKOK
👉 Khám phá ngay Tủ sách số và Audio book Thực chiến tại hệ thống Sơn Hải Nguyễn. Chỉ 15 phút nghe mỗi ngày, bạn sẽ có ngay tư duy sắc bén để xử lý gọn gàng những góc khuất đời thường và công sở.

👉 Truy cập ngay sonhainguyen.com để khám phá thêm kho công cụ và tài liệu hỗ trợ cho công việc và nâng cao kỹ năng làm việc của bạn
---------------------------------
Một đất nước có năng lực sản xuất khoảng 1,5 triệu ô tô mỗi năm, sở hữu hàng loạt nhà máy của Toyota, Honda, Isuzu hay Mitsubishi, giờ lại chứng kiến Kim Long Motor của Việt Nam mang xe buýt điện sang Bangkok, tổ chức lễ ra mắt và ký những đơn hàng hàng trăm chiếc ngay trên sân nhà của ngành ô tô Thái.

Câu chuyện càng đáng chú ý bởi trong nhiều năm, Việt Nam thường được xem là người đi sau trong ngành công nghiệp ô tô khu vực. Nhưng chỉ trong một thời gian ngắn, doanh nghiệp Việt đã bắt đầu xuất hiện ở những phân khúc mới như xe điện, xe buýt và phương tiện thương mại xanh.

Một số tư liệu được sử dụng trong video thuộc về các chủ sở hữu đáng kính. Mọi vấn đề liên quan đến bản quyền, vui lòng liên hệ: battlecry.vn@gmail.com.
Some of the materials used in the video belongs to the rightful owners. All Copyrights related issues should be sent to battlecry.vn@gmail.com. Thank you.

#battlecry #khampha #kinhte #dialy",DÂN THÁI LAN CAY ĐẮNG NHÌN CẢNH DOANH NGHIỆP VIỆT NAM &quot;THỊ UY&quot; XE BUS ĐIỆN GIỮA LÒNG BANGKOK,2026-09-21T05:18:24Z,2026-09-21T05:18:24Z,Xe Buýt điện sẽ giúp bảo vệ môi trường,top_level,,UgyRC-2o4IcNs7chJQJ4AaABAg,0,2026-09-21T05:43:12Z,2026-09-21T05:43:12Z,13,UCIwc-G873I4-awMIrUkw7hA,"transport_impact,electric_bus",0,0,youtube_20260926_1347,baseline_20260926_134704,2026-09-26T20:49:21.940585+07:00
youtube_c_UgyYAYzS4loV8ifPtdt4AaABAg,youtube,https://www.youtube.com/watch?v=o5hjDTBi694,o5hjDTBi694,"DÂN THÁI LAN CAY ĐẮNG NHÌN CẢNH DOANH NGHIỆP VIỆT NAM &quot;THỊ UY&quot; XE BUS ĐIỆN GIỮA LÒNG BANGKOK
👉 Khám phá ngay Tủ sách số và Audio book Thực chiến tại hệ thống Sơn Hải Nguyễn. Chỉ 15 phút nghe mỗi ngày, bạn sẽ có ngay tư duy sắc bén để xử lý gọn gàng những góc khuất đời thường và công sở.

👉 Truy cập ngay sonhainguyen.com để khám phá thêm kho công cụ và tài liệu hỗ trợ cho công việc và nâng cao kỹ năng làm việc của bạn
---------------------------------
Một đất nước có năng lực sản xuất khoảng 1,5 triệu ô tô mỗi năm, sở hữu hàng loạt nhà máy của Toyota, Honda, Isuzu hay Mitsubishi, giờ lại chứng kiến Kim Long Motor của Việt Nam mang xe buýt điện sang Bangkok, tổ chức lễ ra mắt và ký những đơn hàng hàng trăm chiếc ngay trên sân nhà của ngành ô tô Thái.

Câu chuyện càng đáng chú ý bởi trong nhiều năm, Việt Nam thường được xem là người đi sau trong ngành công nghiệp ô tô khu vực. Nhưng chỉ trong một thời gian ngắn, doanh nghiệp Việt đã bắt đầu xuất hiện ở những phân khúc mới như xe điện, xe buýt và phương tiện thương mại xanh.

Một số tư liệu được sử dụng trong video thuộc về các chủ sở hữu đáng kính. Mọi vấn đề liên quan đến bản quyền, vui lòng liên hệ: battlecry.vn@gmail.com.
Some of the materials used in the video belongs to the rightful owners. All Copyrights related issues should be sent to battlecry.vn@gmail.com. Thank you.

#battlecry #khampha #kinhte #dialy",DÂN THÁI LAN CAY ĐẮNG NHÌN CẢNH DOANH NGHIỆP VIỆT NAM &quot;THỊ UY&quot; XE BUS ĐIỆN GIỮA LÒNG BANGKOK,2026-09-21T05:18:24Z,2026-09-21T05:18:24Z,Giờ VN sản xuất xe ô tô ko quá khó đâu,top_level,,UgyYAYzS4loV8ifPtdt4AaABAg,0,2026-09-21T10:38:22Z,2026-09-21T10:38:22Z,1,UCx2Or8qJw_xR-fl43IXCzYw,transport_impact,0,0,youtube_20260926_1347,baseline_20260926_134704,2026-09-26T20:48:02.405411+07:00
youtube_c_UgycUfz9GKSk8qOzdCJ4AaABAg,youtube,https://www.youtube.com/watch?v=o5hjDTBi694,o5hjDTBi694,"DÂN THÁI LAN CAY ĐẮNG NHÌN CẢNH DOANH NGHIỆP VIỆT NAM &quot;THỊ UY&quot; XE BUS ĐIỆN GIỮA LÒNG BANGKOK
👉 Khám phá ngay Tủ sách số và Audio book Thực chiến tại hệ thống Sơn Hải Nguyễn. Chỉ 15 phút nghe mỗi ngày, bạn sẽ có ngay tư duy sắc bén để xử lý gọn gàng những góc khuất đời thường và công sở.

👉 Truy cập ngay sonhainguyen.com để khám phá thêm kho công cụ và tài liệu hỗ trợ cho công việc và nâng cao kỹ năng làm việc của bạn
---------------------------------
Một đất nước có năng lực sản xuất khoảng 1,5 triệu ô tô mỗi năm, sở hữu hàng loạt nhà máy của Toyota, Honda, Isuzu hay Mitsubishi, giờ lại chứng kiến Kim Long Motor của Việt Nam mang xe buýt điện sang Bangkok, tổ chức lễ ra mắt và ký những đơn hàng hàng trăm chiếc ngay trên sân nhà của ngành ô tô Thái.

Câu chuyện càng đáng chú ý bởi trong nhiều năm, Việt Nam thường được xem là người đi sau trong ngành công nghiệp ô tô khu vực. Nhưng chỉ trong một thời gian ngắn, doanh nghiệp Việt đã bắt đầu xuất hiện ở những phân khúc mới như xe điện, xe buýt và phương tiện thương mại xanh.

Một số tư liệu được sử dụng trong video thuộc về các chủ sở hữu đáng kính. Mọi vấn đề liên quan đến bản quyền, vui lòng liên hệ: battlecry.vn@gmail.com.
Some of the materials used in the video belongs to the rightful owners. All Copyrights related issues should be sent to battlecry.vn@gmail.com. Thank you.

#battlecry #khampha #kinhte #dialy",DÂN THÁI LAN CAY ĐẮNG NHÌN CẢNH DOANH NGHIỆP VIỆT NAM &quot;THỊ UY&quot; XE BUS ĐIỆN GIỮA LÒNG BANGKOK,2026-09-21T05:18:24Z,2026-09-21T05:18:24Z,Dân thái cay cú lắm rồi,top_level,,UgycUfz9GKSk8qOzdCJ4AaABAg,0,2026-09-21T05:54:34Z,2026-09-21T05:54:34Z,5,UCVQqwhZbDWBVTAnowQRXX1A,,0,0,youtube_20260926_1347,baseline_20260926_134704,2026-09-26T20:49:18.637566+07:00
youtube_c_UgycUfz9GKSk8qOzdCJ4AaABAg.Ab-y4Zg4QNZAb0JPhEbqMX,youtube,https://www.youtube.com/watch?v=o5hjDTBi694,o5hjDTBi694,"DÂN THÁI LAN CAY ĐẮNG NHÌN CẢNH DOANH NGHIỆP VIỆT NAM &quot;THỊ UY&quot; XE BUS ĐIỆN GIỮA LÒNG BANGKOK
👉 Khám phá ngay Tủ sách số và Audio book Thực chiến tại hệ thống Sơn Hải Nguyễn. Chỉ 15 phút nghe mỗi ngày, bạn sẽ có ngay tư duy sắc bén để xử lý gọn gàng những góc khuất đời thường và công sở.

👉 Truy cập ngay sonhainguyen.com để khám phá thêm kho công cụ và tài liệu hỗ trợ cho công việc và nâng cao kỹ năng làm việc của bạn
---------------------------------
Một đất nước có năng lực sản xuất khoảng 1,5 triệu ô tô mỗi năm, sở hữu hàng loạt nhà máy của Toyota, Honda, Isuzu hay Mitsubishi, giờ lại chứng kiến Kim Long Motor của Việt Nam mang xe buýt điện sang Bangkok, tổ chức lễ ra mắt và ký những đơn hàng hàng trăm chiếc ngay trên sân nhà của ngành ô tô Thái.

Câu chuyện càng đáng chú ý bởi trong nhiều năm, Việt Nam thường được xem là người đi sau trong ngành công nghiệp ô tô khu vực. Nhưng chỉ trong một thời gian ngắn, doanh nghiệp Việt đã bắt đầu xuất hiện ở những phân khúc mới như xe điện, xe buýt và phương tiện thương mại xanh.

Một số tư liệu được sử dụng trong video thuộc về các chủ sở hữu đáng kính. Mọi vấn đề liên quan đến bản quyền, vui lòng liên hệ: battlecry.vn@gmail.com.
Some of the materials used in the video belongs to the rightful owners. All Copyrights related issues should be sent to battlecry.vn@gmail.com. Thank you.

#battlecry #khampha #kinhte #dialy",DÂN THÁI LAN CAY ĐẮNG NHÌN CẢNH DOANH NGHIỆP VIỆT NAM &quot;THỊ UY&quot; XE BUS ĐIỆN GIỮA LÒNG BANGKOK,2026-09-21T05:18:24Z,2026-09-21T05:18:24Z,Cũng được hưởng lợi mấy chục năm r. Bây h xoay chiều thôi 😁,reply,UgycUfz9GKSk8qOzdCJ4AaABAg,UgycUfz9GKSk8qOzdCJ4AaABAg,1,2026-09-21T09:09:41Z,2026-09-21T09:09:41Z,3,UCO9_wxsESkFWbIQXL9iDDIA,,0,0,youtube_20260926_1347,baseline_20260926_134704,2026-09-26T20:49:21.937551+07:00
youtube_c_Ugygg6mrlRHDP_6iSMV4AaABAg,youtube,https://www.youtube.com/watch?v=o5hjDTBi694,o5hjDTBi694,"DÂN THÁI LAN CAY ĐẮNG NHÌN CẢNH DOANH NGHIỆP VIỆT NAM &quot;THỊ UY&quot; XE BUS ĐIỆN GIỮA LÒNG BANGKOK
👉 Khám phá ngay Tủ sách số và Audio book Thực chiến tại hệ thống Sơn Hải Nguyễn. Chỉ 15 phút nghe mỗi ngày, bạn sẽ có ngay tư duy sắc bén để xử lý gọn gàng những góc khuất đời thường và công sở.

👉 Truy cập ngay sonhainguyen.com để khám phá thêm kho công cụ và tài liệu hỗ trợ cho công việc và nâng cao kỹ năng làm việc của bạn
---------------------------------
Một đất nước có năng lực sản xuất khoảng 1,5 triệu ô tô mỗi năm, sở hữu hàng loạt nhà máy của Toyota, Honda, Isuzu hay Mitsubishi, giờ lại chứng kiến Kim Long Motor của Việt Nam mang xe buýt điện sang Bangkok, tổ chức lễ ra mắt và ký những đơn hàng hàng trăm chiếc ngay trên sân nhà của ngành ô tô Thái.

Câu chuyện càng đáng chú ý bởi trong nhiều năm, Việt Nam thường được xem là người đi sau trong ngành công nghiệp ô tô khu vực. Nhưng chỉ trong một thời gian ngắn, doanh nghiệp Việt đã bắt đầu xuất hiện ở những phân khúc mới như xe điện, xe buýt và phương tiện thương mại xanh.

Một số tư liệu được sử dụng trong video thuộc về các chủ sở hữu đáng kính. Mọi vấn đề liên quan đến bản quyền, vui lòng liên hệ: battlecry.vn@gmail.com.
Some of the materials used in the video belongs to the rightful owners. All Copyrights related issues should be sent to battlecry.vn@gmail.com. Thank you.

#battlecry #khampha #kinhte #dialy",DÂN THÁI LAN CAY ĐẮNG NHÌN CẢNH DOANH NGHIỆP VIỆT NAM &quot;THỊ UY&quot; XE BUS ĐIỆN GIỮA LÒNG BANGKOK,2026-09-21T05:18:24Z,2026-09-21T05:18:24Z,"cái thời t còn đi học ĐH LÚC ĐÓ LÀ NĂM 2014-2015 là xe buýt lúc đó máy lạnh mát rượi,ghế êm rồi,thời nay mấy đứa được đi xe điện lại càng sướng",top_level,,Ugygg6mrlRHDP_6iSMV4AaABAg,0,2026-09-22T05:38:06Z,2026-09-22T05:38:06Z,2,UChYzCOBLCxKBT-Box-n74kw,transport_impact,0,0,youtube_20260926_1347,baseline_20260926_134704,2026-09-26T20:47:45.913480+07:00
youtube_c_UgyixLsh-HokmzGQmLB4AaABAg,youtube,https://www.youtube.com/watch?v=o5hjDTBi694,o5hjDTBi694,"DÂN THÁI LAN CAY ĐẮNG NHÌN CẢNH DOANH NGHIỆP VIỆT NAM &quot;THỊ UY&quot; XE BUS ĐIỆN GIỮA LÒNG BANGKOK
👉 Khám phá ngay Tủ sách số và Audio book Thực chiến tại hệ thống Sơn Hải Nguyễn. Chỉ 15 phút nghe mỗi ngày, bạn sẽ có ngay tư duy sắc bén để xử lý gọn gàng những góc khuất đời thường và công sở.

👉 Truy cập ngay sonhainguyen.com để khám phá thêm kho công cụ và tài liệu hỗ trợ cho công việc và nâng cao kỹ năng làm việc của bạn
---------------------------------
Một đất nước có năng lực sản xuất khoảng 1,5 triệu ô tô mỗi năm, sở hữu hàng loạt nhà máy của Toyota, Honda, Isuzu hay Mitsubishi, giờ lại chứng kiến Kim Long Motor của Việt Nam mang xe buýt điện sang Bangkok, tổ chức lễ ra mắt và ký những đơn hàng hàng trăm chiếc ngay trên sân nhà của ngành ô tô Thái.

Câu chuyện càng đáng chú ý bởi trong nhiều năm, Việt Nam thường được xem là người đi sau trong ngành công nghiệp ô tô khu vực. Nhưng chỉ trong một thời gian ngắn, doanh nghiệp Việt đã bắt đầu xuất hiện ở những phân khúc mới như xe điện, xe buýt và phương tiện thương mại xanh.

Một số tư liệu được sử dụng trong video thuộc về các chủ sở hữu đáng kính. Mọi vấn đề liên quan đến bản quyền, vui lòng liên hệ: battlecry.vn@gmail.com.
Some of the materials used in the video belongs to the rightful owners. All Copyrights related issues should be sent to battlecry.vn@gmail.com. Thank you.

#battlecry #khampha #kinhte #dialy",DÂN THÁI LAN CAY ĐẮNG NHÌN CẢNH DOANH NGHIỆP VIỆT NAM &quot;THỊ UY&quot; XE BUS ĐIỆN GIỮA LÒNG BANGKOK,2026-09-21T05:18:24Z,2026-09-21T05:18:24Z,"Đơn giản Thái Lan chỉ làm thuê cho Honda, Toyota,...Còn VN thì bắt đầu chuyển sang tự làm chủ. Trước kia là Vinaxuki, sau có Vinafast và Thaco",top_level,,UgyixLsh-HokmzGQmLB4AaABAg,0,2026-09-21T12:05:48Z,2026-09-21T12:05:48Z,2,UC6O04mixwxS41CKNorIKVoA,,0,0,youtube_20260926_1347,baseline_20260926_134704,2026-09-26T20:47:55.836705+07:00
youtube_c_UgykkbtMfnLxGR5cW_Z4AaABAg,youtube,https://www.youtube.com/watch?v=o5hjDTBi694,o5hjDTBi694,"DÂN THÁI LAN CAY ĐẮNG NHÌN CẢNH DOANH NGHIỆP VIỆT NAM &quot;THỊ UY&quot; XE BUS ĐIỆN GIỮA LÒNG BANGKOK
👉 Khám phá ngay Tủ sách số và Audio book Thực chiến tại hệ thống Sơn Hải Nguyễn. Chỉ 15 phút nghe mỗi ngày, bạn sẽ có ngay tư duy sắc bén để xử lý gọn gàng những góc khuất đời thường và công sở.

👉 Truy cập ngay sonhainguyen.com để khám phá thêm kho công cụ và tài liệu hỗ trợ cho công việc và nâng cao kỹ năng làm việc của bạn
---------------------------------
Một đất nước có năng lực sản xuất khoảng 1,5 triệu ô tô mỗi năm, sở hữu hàng loạt nhà máy của Toyota, Honda, Isuzu hay Mitsubishi, giờ lại chứng kiến Kim Long Motor của Việt Nam mang xe buýt điện sang Bangkok, tổ chức lễ ra mắt và ký những đơn hàng hàng trăm chiếc ngay trên sân nhà của ngành ô tô Thái.

Câu chuyện càng đáng chú ý bởi trong nhiều năm, Việt Nam thường được xem là người đi sau trong ngành công nghiệp ô tô khu vực. Nhưng chỉ trong một thời gian ngắn, doanh nghiệp Việt đã bắt đầu xuất hiện ở những phân khúc mới như xe điện, xe buýt và phương tiện thương mại xanh.

Một số tư liệu được sử dụng trong video thuộc về các chủ sở hữu đáng kính. Mọi vấn đề liên quan đến bản quyền, vui lòng liên hệ: battlecry.vn@gmail.com.
Some of the materials used in the video belongs to the rightful owners. All Copyrights related issues should be sent to battlecry.vn@gmail.com. Thank you.

#battlecry #khampha #kinhte #dialy",DÂN THÁI LAN CAY ĐẮNG NHÌN CẢNH DOANH NGHIỆP VIỆT NAM &quot;THỊ UY&quot; XE BUS ĐIỆN GIỮA LÒNG BANGKOK,2026-09-21T05:18:24Z,2026-09-21T05:18:24Z,Giá bằng 1/2 😂😂😂,top_level,,UgykkbtMfnLxGR5cW_Z4AaABAg,0,2026-09-21T10:20:34Z,2026-09-21T10:20:34Z,1,UCYYXh03ijRg5ucQWZ1VlYSA,,0,0,youtube_20260926_1347,baseline_20260926_134704,2026-09-26T20:48:05.971770+07:00
youtube_c_UgylXDgBCCfqgAUijoR4AaABAg,youtube,https://www.youtube.com/watch?v=o5hjDTBi694,o5hjDTBi694,"DÂN THÁI LAN CAY ĐẮNG NHÌN CẢNH DOANH NGHIỆP VIỆT NAM &quot;THỊ UY&quot; XE BUS ĐIỆN GIỮA LÒNG BANGKOK
👉 Khám phá ngay Tủ sách số và Audio book Thực chiến tại hệ thống Sơn Hải Nguyễn. Chỉ 15 phút nghe mỗi ngày, bạn sẽ có ngay tư duy sắc bén để xử lý gọn gàng những góc khuất đời thường và công sở.

👉 Truy cập ngay sonhainguyen.com để khám phá thêm kho công cụ và tài liệu hỗ trợ cho công việc và nâng cao kỹ năng làm việc của bạn
---------------------------------
Một đất nước có năng lực sản xuất khoảng 1,5 triệu ô tô mỗi năm, sở hữu hàng loạt nhà máy của Toyota, Honda, Isuzu hay Mitsubishi, giờ lại chứng kiến Kim Long Motor của Việt Nam mang xe buýt điện sang Bangkok, tổ chức lễ ra mắt và ký những đơn hàng hàng trăm chiếc ngay trên sân nhà của ngành ô tô Thái.

Câu chuyện càng đáng chú ý bởi trong nhiều năm, Việt Nam thường được xem là người đi sau trong ngành công nghiệp ô tô khu vực. Nhưng chỉ trong một thời gian ngắn, doanh nghiệp Việt đã bắt đầu xuất hiện ở những phân khúc mới như xe điện, xe buýt và phương tiện thương mại xanh.

Một số tư liệu được sử dụng trong video thuộc về các chủ sở hữu đáng kính. Mọi vấn đề liên quan đến bản quyền, vui lòng liên hệ: battlecry.vn@gmail.com.
Some of the materials used in the video belongs to the rightful owners. All Copyrights related issues should be sent to battlecry.vn@gmail.com. Thank you.

#battlecry #khampha #kinhte #dialy",DÂN THÁI LAN CAY ĐẮNG NHÌN CẢNH DOANH NGHIỆP VIỆT NAM &quot;THỊ UY&quot; XE BUS ĐIỆN GIỮA LÒNG BANGKOK,2026-09-21T05:18:24Z,2026-09-21T05:18:24Z,t ko nhớ rõ nhưng từ xưa mấy cái xe buýt dồn khách nó đã có điều hoà rồi. xe khách cũng cạnh tranh điều hoà từ lâu rồi. t 9x nhé,top_level,,UgylXDgBCCfqgAUijoR4AaABAg,0,2026-09-21T07:40:57Z,2026-09-21T07:40:57Z,1,UC_rRAl57v7ApHIw0Z4FjuiA,transport_impact,0,0,youtube_20260926_1347,baseline_20260926_134704,2026-09-26T20:48:35.817233+07:00
youtube_c_UgynQvAGNTd1HjxOwz94AaABAg,youtube,https://www.youtube.com/watch?v=o5hjDTBi694,o5hjDTBi694,"DÂN THÁI LAN CAY ĐẮNG NHÌN CẢNH DOANH NGHIỆP VIỆT NAM &quot;THỊ UY&quot; XE BUS ĐIỆN GIỮA LÒNG BANGKOK
👉 Khám phá ngay Tủ sách số và Audio book Thực chiến tại hệ thống Sơn Hải Nguyễn. Chỉ 15 phút nghe mỗi ngày, bạn sẽ có ngay tư duy sắc bén để xử lý gọn gàng những góc khuất đời thường và công sở.

👉 Truy cập ngay sonhainguyen.com để khám phá thêm kho công cụ và tài liệu hỗ trợ cho công việc và nâng cao kỹ năng làm việc của bạn
---------------------------------
Một đất nước có năng lực sản xuất khoảng 1,5 triệu ô tô mỗi năm, sở hữu hàng loạt nhà máy của Toyota, Honda, Isuzu hay Mitsubishi, giờ lại chứng kiến Kim Long Motor của Việt Nam mang xe buýt điện sang Bangkok, tổ chức lễ ra mắt và ký những đơn hàng hàng trăm chiếc ngay trên sân nhà của ngành ô tô Thái.

Câu chuyện càng đáng chú ý bởi trong nhiều năm, Việt Nam thường được xem là người đi sau trong ngành công nghiệp ô tô khu vực. Nhưng chỉ trong một thời gian ngắn, doanh nghiệp Việt đã bắt đầu xuất hiện ở những phân khúc mới như xe điện, xe buýt và phương tiện thương mại xanh.

Một số tư liệu được sử dụng trong video thuộc về các chủ sở hữu đáng kính. Mọi vấn đề liên quan đến bản quyền, vui lòng liên hệ: battlecry.vn@gmail.com.
Some of the materials used in the video belongs to the rightful owners. All Copyrights related issues should be sent to battlecry.vn@gmail.com. Thank you.

#battlecry #khampha #kinhte #dialy",DÂN THÁI LAN CAY ĐẮNG NHÌN CẢNH DOANH NGHIỆP VIỆT NAM &quot;THỊ UY&quot; XE BUS ĐIỆN GIỮA LÒNG BANGKOK,2026-09-21T05:18:24Z,2026-09-21T05:18:24Z,Vinfast ❤❤❤❤,top_level,,UgynQvAGNTd1HjxOwz94AaABAg,0,2026-09-21T13:33:43Z,2026-09-21T13:33:43Z,4,UCSUswQ9IStzUKZ4_rJ5Shwg,,0,0,youtube_20260926_1347,baseline_20260926_134704,2026-09-26T20:47:55.823207+07:00
youtube_c_Ugyq--mRkWERIloiRvZ4AaABAg,youtube,https://www.youtube.com/watch?v=o5hjDTBi694,o5hjDTBi694,"DÂN THÁI LAN CAY ĐẮNG NHÌN CẢNH DOANH NGHIỆP VIỆT NAM &quot;THỊ UY&quot; XE BUS ĐIỆN GIỮA LÒNG BANGKOK
👉 Khám phá ngay Tủ sách số và Audio book Thực chiến tại hệ thống Sơn Hải Nguyễn. Chỉ 15 phút nghe mỗi ngày, bạn sẽ có ngay tư duy sắc bén để xử lý gọn gàng những góc khuất đời thường và công sở.

👉 Truy cập ngay sonhainguyen.com để khám phá thêm kho công cụ và tài liệu hỗ trợ cho công việc và nâng cao kỹ năng làm việc của bạn
---------------------------------
Một đất nước có năng lực sản xuất khoảng 1,5 triệu ô tô mỗi năm, sở hữu hàng loạt nhà máy của Toyota, Honda, Isuzu hay Mitsubishi, giờ lại chứng kiến Kim Long Motor của Việt Nam mang xe buýt điện sang Bangkok, tổ chức lễ ra mắt và ký những đơn hàng hàng trăm chiếc ngay trên sân nhà của ngành ô tô Thái.

Câu chuyện càng đáng chú ý bởi trong nhiều năm, Việt Nam thường được xem là người đi sau trong ngành công nghiệp ô tô khu vực. Nhưng chỉ trong một thời gian ngắn, doanh nghiệp Việt đã bắt đầu xuất hiện ở những phân khúc mới như xe điện, xe buýt và phương tiện thương mại xanh.

Một số tư liệu được sử dụng trong video thuộc về các chủ sở hữu đáng kính. Mọi vấn đề liên quan đến bản quyền, vui lòng liên hệ: battlecry.vn@gmail.com.
Some of the materials used in the video belongs to the rightful owners. All Copyrights related issues should be sent to battlecry.vn@gmail.com. Thank you.

#battlecry #khampha #kinhte #dialy",DÂN THÁI LAN CAY ĐẮNG NHÌN CẢNH DOANH NGHIỆP VIỆT NAM &quot;THỊ UY&quot; XE BUS ĐIỆN GIỮA LÒNG BANGKOK,2026-09-21T05:18:24Z,2026-09-21T05:18:24Z,Xe bán tải VF WIL có lẽ sẽ đổ bộ TL nay mai...giá bán chỉ 799 tr vnđ...là dạng xe EREV...chi phí chạy 100km hết 1.2L-1.5L xăng...hay 63.000 vnđ tiền điện.Mọi người nói nếu nó chạy tốn 3L xăng /100km...thì đã bóp chết hết xe thuần xăng,top_level,,Ugyq--mRkWERIloiRvZ4AaABAg,0,2026-09-21T13:21:44Z,2026-09-21T13:21:44Z,1,UCJjl8f49nDOO3NY5J9njFbw,,0,0,youtube_20260926_1347,baseline_20260926_134704,2026-09-26T20:47:55.823207+07:00
youtube_c_Ugyq5iFCAp20QBVI6Pp4AaABAg,youtube,https://www.youtube.com/watch?v=o5hjDTBi694,o5hjDTBi694,"DÂN THÁI LAN CAY ĐẮNG NHÌN CẢNH DOANH NGHIỆP VIỆT NAM &quot;THỊ UY&quot; XE BUS ĐIỆN GIỮA LÒNG BANGKOK
👉 Khám phá ngay Tủ sách số và Audio book Thực chiến tại hệ thống Sơn Hải Nguyễn. Chỉ 15 phút nghe mỗi ngày, bạn sẽ có ngay tư duy sắc bén để xử lý gọn gàng những góc khuất đời thường và công sở.

👉 Truy cập ngay sonhainguyen.com để khám phá thêm kho công cụ và tài liệu hỗ trợ cho công việc và nâng cao kỹ năng làm việc của bạn
---------------------------------
Một đất nước có năng lực sản xuất khoảng 1,5 triệu ô tô mỗi năm, sở hữu hàng loạt nhà máy của Toyota, Honda, Isuzu hay Mitsubishi, giờ lại chứng kiến Kim Long Motor của Việt Nam mang xe buýt điện sang Bangkok, tổ chức lễ ra mắt và ký những đơn hàng hàng trăm chiếc ngay trên sân nhà của ngành ô tô Thái.

Câu chuyện càng đáng chú ý bởi trong nhiều năm, Việt Nam thường được xem là người đi sau trong ngành công nghiệp ô tô khu vực. Nhưng chỉ trong một thời gian ngắn, doanh nghiệp Việt đã bắt đầu xuất hiện ở những phân khúc mới như xe điện, xe buýt và phương tiện thương mại xanh.

Một số tư liệu được sử dụng trong video thuộc về các chủ sở hữu đáng kính. Mọi vấn đề liên quan đến bản quyền, vui lòng liên hệ: battlecry.vn@gmail.com.
Some of the materials used in the video belongs to the rightful owners. All Copyrights related issues should be sent to battlecry.vn@gmail.com. Thank you.

#battlecry #khampha #kinhte #dialy",DÂN THÁI LAN CAY ĐẮNG NHÌN CẢNH DOANH NGHIỆP VIỆT NAM &quot;THỊ UY&quot; XE BUS ĐIỆN GIỮA LÒNG BANGKOK,2026-09-21T05:18:24Z,2026-09-21T05:18:24Z,"Rồi thế giới sẽ có hàng triệu tấn pin xe điện hết hạn, đó sẽ là vấn đề môi trường, giờ thì chưa nhiều",top_level,,Ugyq5iFCAp20QBVI6Pp4AaABAg,0,2026-09-21T11:16:18Z,2026-09-21T11:16:18Z,1,UCLPLRtdOj44te_Akl4M3eZg,transport_impact,0,0,youtube_20260926_1347,baseline_20260926_134704,2026-09-26T20:47:59.085559+07:00
youtube_c_UgyyLMX7NwKNo2PrHIp4AaABAg,youtube,https://www.youtube.com/watch?v=o5hjDTBi694,o5hjDTBi694,"DÂN THÁI LAN CAY ĐẮNG NHÌN CẢNH DOANH NGHIỆP VIỆT NAM &quot;THỊ UY&quot; XE BUS ĐIỆN GIỮA LÒNG BANGKOK
👉 Khám phá ngay Tủ sách số và Audio book Thực chiến tại hệ thống Sơn Hải Nguyễn. Chỉ 15 phút nghe mỗi ngày, bạn sẽ có ngay tư duy sắc bén để xử lý gọn gàng những góc khuất đời thường và công sở.

👉 Truy cập ngay sonhainguyen.com để khám phá thêm kho công cụ và tài liệu hỗ trợ cho công việc và nâng cao kỹ năng làm việc của bạn
---------------------------------
Một đất nước có năng lực sản xuất khoảng 1,5 triệu ô tô mỗi năm, sở hữu hàng loạt nhà máy của Toyota, Honda, Isuzu hay Mitsubishi, giờ lại chứng kiến Kim Long Motor của Việt Nam mang xe buýt điện sang Bangkok, tổ chức lễ ra mắt và ký những đơn hàng hàng trăm chiếc ngay trên sân nhà của ngành ô tô Thái.

Câu chuyện càng đáng chú ý bởi trong nhiều năm, Việt Nam thường được xem là người đi sau trong ngành công nghiệp ô tô khu vực. Nhưng chỉ trong một thời gian ngắn, doanh nghiệp Việt đã bắt đầu xuất hiện ở những phân khúc mới như xe điện, xe buýt và phương tiện thương mại xanh.

Một số tư liệu được sử dụng trong video thuộc về các chủ sở hữu đáng kính. Mọi vấn đề liên quan đến bản quyền, vui lòng liên hệ: battlecry.vn@gmail.com.
Some of the materials used in the video belongs to the rightful owners. All Copyrights related issues should be sent to battlecry.vn@gmail.com. Thank you.

#battlecry #khampha #kinhte #dialy",DÂN THÁI LAN CAY ĐẮNG NHÌN CẢNH DOANH NGHIỆP VIỆT NAM &quot;THỊ UY&quot; XE BUS ĐIỆN GIỮA LÒNG BANGKOK,2026-09-21T05:18:24Z,2026-09-21T05:18:24Z,"Thế sao ko nghĩ đến bia Sài Gòn, big c v.v.. Những doanh nghiệp lớn mà VN bị ng Thái mua 😂 nói ng khác phải nhìn lại mình. Vn cũng đầy cty ng gốc Hoa nắm thị trường lớn chưa biết có như Trương Mỹ Lan không chứ chê Thái Lan riết mị dân VN đã giàu mạnh hơn Thái 😂 trò hề tự thẩm",top_level,,UgyyLMX7NwKNo2PrHIp4AaABAg,0,2026-09-21T06:59:16Z,2026-09-21T06:59:16Z,0,UCUYBeqGuggRP8KXRg3POTxg,,0,0,youtube_20260926_1347,baseline_20260926_134704,2026-09-26T20:48:58.783792+07:00
youtube_c_UgyyLMX7NwKNo2PrHIp4AaABAg.Ab04USzklkGAb07emA4x_K,youtube,https://www.youtube.com/watch?v=o5hjDTBi694,o5hjDTBi694,"DÂN THÁI LAN CAY ĐẮNG NHÌN CẢNH DOANH NGHIỆP VIỆT NAM &quot;THỊ UY&quot; XE BUS ĐIỆN GIỮA LÒNG BANGKOK
👉 Khám phá ngay Tủ sách số và Audio book Thực chiến tại hệ thống Sơn Hải Nguyễn. Chỉ 15 phút nghe mỗi ngày, bạn sẽ có ngay tư duy sắc bén để xử lý gọn gàng những góc khuất đời thường và công sở.

👉 Truy cập ngay sonhainguyen.com để khám phá thêm kho công cụ và tài liệu hỗ trợ cho công việc và nâng cao kỹ năng làm việc của bạn
---------------------------------
Một đất nước có năng lực sản xuất khoảng 1,5 triệu ô tô mỗi năm, sở hữu hàng loạt nhà máy của Toyota, Honda, Isuzu hay Mitsubishi, giờ lại chứng kiến Kim Long Motor của Việt Nam mang xe buýt điện sang Bangkok, tổ chức lễ ra mắt và ký những đơn hàng hàng trăm chiếc ngay trên sân nhà của ngành ô tô Thái.

Câu chuyện càng đáng chú ý bởi trong nhiều năm, Việt Nam thường được xem là người đi sau trong ngành công nghiệp ô tô khu vực. Nhưng chỉ trong một thời gian ngắn, doanh nghiệp Việt đã bắt đầu xuất hiện ở những phân khúc mới như xe điện, xe buýt và phương tiện thương mại xanh.

Một số tư liệu được sử dụng trong video thuộc về các chủ sở hữu đáng kính. Mọi vấn đề liên quan đến bản quyền, vui lòng liên hệ: battlecry.vn@gmail.com.
Some of the materials used in the video belongs to the rightful owners. All Copyrights related issues should be sent to battlecry.vn@gmail.com. Thank you.

#battlecry #khampha #kinhte #dialy",DÂN THÁI LAN CAY ĐẮNG NHÌN CẢNH DOANH NGHIỆP VIỆT NAM &quot;THỊ UY&quot; XE BUS ĐIỆN GIỮA LÒNG BANGKOK,2026-09-21T05:18:24Z,2026-09-21T05:18:24Z,Nó mua nó trả tiền mình chốt lời đúng thời điểm mà lo gì.. kinh doanh mà không thể nào có lời mãi từ khi nó mua lại bia sài gòn lợi nhuận giảm có còn như trước đâu.. đợi như xá xị chương dương sắp phá sản mới bán chắc 😂😂😂,reply,UgyyLMX7NwKNo2PrHIp4AaABAg,UgyyLMX7NwKNo2PrHIp4AaABAg,1,2026-09-21T07:27:02Z,2026-09-21T07:27:02Z,2,UCZ4WO63HkjnHcpEUiZWq71w,,0,0,youtube_20260926_1347,baseline_20260926_134704,2026-09-26T20:49:02.077156+07:00
youtube_c_UgyyLMX7NwKNo2PrHIp4AaABAg.Ab04USzklkGAb09X2MGt_o,youtube,https://www.youtube.com/watch?v=o5hjDTBi694,o5hjDTBi694,"DÂN THÁI LAN CAY ĐẮNG NHÌN CẢNH DOANH NGHIỆP VIỆT NAM &quot;THỊ UY&quot; XE BUS ĐIỆN GIỮA LÒNG BANGKOK
👉 Khám phá ngay Tủ sách số và Audio book Thực chiến tại hệ thống Sơn Hải Nguyễn. Chỉ 15 phút nghe mỗi ngày, bạn sẽ có ngay tư duy sắc bén để xử lý gọn gàng những góc khuất đời thường và công sở.

👉 Truy cập ngay sonhainguyen.com để khám phá thêm kho công cụ và tài liệu hỗ trợ cho công việc và nâng cao kỹ năng làm việc của bạn
---------------------------------
Một đất nước có năng lực sản xuất khoảng 1,5 triệu ô tô mỗi năm, sở hữu hàng loạt nhà máy của Toyota, Honda, Isuzu hay Mitsubishi, giờ lại chứng kiến Kim Long Motor của Việt Nam mang xe buýt điện sang Bangkok, tổ chức lễ ra mắt và ký những đơn hàng hàng trăm chiếc ngay trên sân nhà của ngành ô tô Thái.

Câu chuyện càng đáng chú ý bởi trong nhiều năm, Việt Nam thường được xem là người đi sau trong ngành công nghiệp ô tô khu vực. Nhưng chỉ trong một thời gian ngắn, doanh nghiệp Việt đã bắt đầu xuất hiện ở những phân khúc mới như xe điện, xe buýt và phương tiện thương mại xanh.

Một số tư liệu được sử dụng trong video thuộc về các chủ sở hữu đáng kính. Mọi vấn đề liên quan đến bản quyền, vui lòng liên hệ: battlecry.vn@gmail.com.
Some of the materials used in the video belongs to the rightful owners. All Copyrights related issues should be sent to battlecry.vn@gmail.com. Thank you.

#battlecry #khampha #kinhte #dialy",DÂN THÁI LAN CAY ĐẮNG NHÌN CẢNH DOANH NGHIỆP VIỆT NAM &quot;THỊ UY&quot; XE BUS ĐIỆN GIỮA LÒNG BANGKOK,2026-09-21T05:18:24Z,2026-09-21T05:18:24Z,Tao nghi Thái nó bốc phét về GDP đầu người,reply,UgyyLMX7NwKNo2PrHIp4AaABAg,UgyyLMX7NwKNo2PrHIp4AaABAg,1,2026-09-21T07:43:19Z,2026-09-21T07:43:19Z,1,UCW4KIj1jtatWOflQuaX5oHQ,,0,0,youtube_20260926_1347,baseline_20260926_134704,2026-09-26T20:49:02.084226+07:00
youtube_c_Ugz0H6cOLeduxJuepk54AaABAg,youtube,https://www.youtube.com/watch?v=o5hjDTBi694,o5hjDTBi694,"DÂN THÁI LAN CAY ĐẮNG NHÌN CẢNH DOANH NGHIỆP VIỆT NAM &quot;THỊ UY&quot; XE BUS ĐIỆN GIỮA LÒNG BANGKOK
👉 Khám phá ngay Tủ sách số và Audio book Thực chiến tại hệ thống Sơn Hải Nguyễn. Chỉ 15 phút nghe mỗi ngày, bạn sẽ có ngay tư duy sắc bén để xử lý gọn gàng những góc khuất đời thường và công sở.

👉 Truy cập ngay sonhainguyen.com để khám phá thêm kho công cụ và tài liệu hỗ trợ cho công việc và nâng cao kỹ năng làm việc của bạn
---------------------------------
Một đất nước có năng lực sản xuất khoảng 1,5 triệu ô tô mỗi năm, sở hữu hàng loạt nhà máy của Toyota, Honda, Isuzu hay Mitsubishi, giờ lại chứng kiến Kim Long Motor của Việt Nam mang xe buýt điện sang Bangkok, tổ chức lễ ra mắt và ký những đơn hàng hàng trăm chiếc ngay trên sân nhà của ngành ô tô Thái.

Câu chuyện càng đáng chú ý bởi trong nhiều năm, Việt Nam thường được xem là người đi sau trong ngành công nghiệp ô tô khu vực. Nhưng chỉ trong một thời gian ngắn, doanh nghiệp Việt đã bắt đầu xuất hiện ở những phân khúc mới như xe điện, xe buýt và phương tiện thương mại xanh.

Một số tư liệu được sử dụng trong video thuộc về các chủ sở hữu đáng kính. Mọi vấn đề liên quan đến bản quyền, vui lòng liên hệ: battlecry.vn@gmail.com.
Some of the materials used in the video belongs to the rightful owners. All Copyrights related issues should be sent to battlecry.vn@gmail.com. Thank you.

#battlecry #khampha #kinhte #dialy",DÂN THÁI LAN CAY ĐẮNG NHÌN CẢNH DOANH NGHIỆP VIỆT NAM &quot;THỊ UY&quot; XE BUS ĐIỆN GIỮA LÒNG BANGKOK,2026-09-21T05:18:24Z,2026-09-21T05:18:24Z,Kim Long Motor của tập đoàn Phương Trang. Ông chủ của Phương Trang là ông Nguyễn Hữu Luận. Mà trên báo đài không có thông tin của ông này nên không biết ông ấy là người Hoa hay người Việt nữa :)),top_level,,Ugz0H6cOLeduxJuepk54AaABAg,0,2026-09-21T07:08:40Z,2026-09-21T07:08:40Z,4,UCFABB8t8oJpj-POKIhOzMHg,,0,0,youtube_20260926_1347,baseline_20260926_134704,2026-09-26T20:48:52.217605+07:00
youtube_c_Ugz0H6cOLeduxJuepk54AaABAg.Ab05ZGJu2uRAb07zedUynE,youtube,https://www.youtube.com/watch?v=o5hjDTBi694,o5hjDTBi694,"DÂN THÁI LAN CAY ĐẮNG NHÌN CẢNH DOANH NGHIỆP VIỆT NAM &quot;THỊ UY&quot; XE BUS ĐIỆN GIỮA LÒNG BANGKOK
👉 Khám phá ngay Tủ sách số và Audio book Thực chiến tại hệ thống Sơn Hải Nguyễn. Chỉ 15 phút nghe mỗi ngày, bạn sẽ có ngay tư duy sắc bén để xử lý gọn gàng những góc khuất đời thường và công sở.

👉 Truy cập ngay sonhainguyen.com để khám phá thêm kho công cụ và tài liệu hỗ trợ cho công việc và nâng cao kỹ năng làm việc của bạn
---------------------------------
Một đất nước có năng lực sản xuất khoảng 1,5 triệu ô tô mỗi năm, sở hữu hàng loạt nhà máy của Toyota, Honda, Isuzu hay Mitsubishi, giờ lại chứng kiến Kim Long Motor của Việt Nam mang xe buýt điện sang Bangkok, tổ chức lễ ra mắt và ký những đơn hàng hàng trăm chiếc ngay trên sân nhà của ngành ô tô Thái.

Câu chuyện càng đáng chú ý bởi trong nhiều năm, Việt Nam thường được xem là người đi sau trong ngành công nghiệp ô tô khu vực. Nhưng chỉ trong một thời gian ngắn, doanh nghiệp Việt đã bắt đầu xuất hiện ở những phân khúc mới như xe điện, xe buýt và phương tiện thương mại xanh.

Một số tư liệu được sử dụng trong video thuộc về các chủ sở hữu đáng kính. Mọi vấn đề liên quan đến bản quyền, vui lòng liên hệ: battlecry.vn@gmail.com.
Some of the materials used in the video belongs to the rightful owners. All Copyrights related issues should be sent to battlecry.vn@gmail.com. Thank you.

#battlecry #khampha #kinhte #dialy",DÂN THÁI LAN CAY ĐẮNG NHÌN CẢNH DOANH NGHIỆP VIỆT NAM &quot;THỊ UY&quot; XE BUS ĐIỆN GIỮA LÒNG BANGKOK,2026-09-21T05:18:24Z,2026-09-21T05:18:24Z,"Lắp ráp hàng Uchai của Trung. Còn tỷ lệ nội địa bnhieu thì cái này mình ko biết. Mình làm du lịch đi xe của Kim long 45 chỗ tầm 4-5 năm nay- 100% xe mới. Các bác tài nói xe chắc chắn ko bền bầng xe của Hàn quốc, giá rẻ mua xe theo lô còn rẻ nữa, thậm chí còn đc tặng xe 16 chỗ để chung chuyển. Giá bằng 3/4 so với xe Hàn lắp ráp tại Việt Nam. 10 năm chắc xuống cấp hơn. Ae chăm chỉ cày thì đủ vốn xe bán xe là cái đó là lãi",reply,Ugz0H6cOLeduxJuepk54AaABAg,Ugz0H6cOLeduxJuepk54AaABAg,1,2026-09-21T07:29:53Z,2026-09-21T07:29:53Z,2,UCehdgFXOUxBHeC6V-G9pPug,transport_impact,0,0,youtube_20260926_1347,baseline_20260926_134704,2026-09-26T20:48:55.491054+07:00
youtube_c_Ugz0H6cOLeduxJuepk54AaABAg.Ab05ZGJu2uRAb0DAkgDEic,youtube,https://www.youtube.com/watch?v=o5hjDTBi694,o5hjDTBi694,"DÂN THÁI LAN CAY ĐẮNG NHÌN CẢNH DOANH NGHIỆP VIỆT NAM &quot;THỊ UY&quot; XE BUS ĐIỆN GIỮA LÒNG BANGKOK
👉 Khám phá ngay Tủ sách số và Audio book Thực chiến tại hệ thống Sơn Hải Nguyễn. Chỉ 15 phút nghe mỗi ngày, bạn sẽ có ngay tư duy sắc bén để xử lý gọn gàng những góc khuất đời thường và công sở.

👉 Truy cập ngay sonhainguyen.com để khám phá thêm kho công cụ và tài liệu hỗ trợ cho công việc và nâng cao kỹ năng làm việc của bạn
---------------------------------
Một đất nước có năng lực sản xuất khoảng 1,5 triệu ô tô mỗi năm, sở hữu hàng loạt nhà máy của Toyota, Honda, Isuzu hay Mitsubishi, giờ lại chứng kiến Kim Long Motor của Việt Nam mang xe buýt điện sang Bangkok, tổ chức lễ ra mắt và ký những đơn hàng hàng trăm chiếc ngay trên sân nhà của ngành ô tô Thái.

Câu chuyện càng đáng chú ý bởi trong nhiều năm, Việt Nam thường được xem là người đi sau trong ngành công nghiệp ô tô khu vực. Nhưng chỉ trong một thời gian ngắn, doanh nghiệp Việt đã bắt đầu xuất hiện ở những phân khúc mới như xe điện, xe buýt và phương tiện thương mại xanh.

Một số tư liệu được sử dụng trong video thuộc về các chủ sở hữu đáng kính. Mọi vấn đề liên quan đến bản quyền, vui lòng liên hệ: battlecry.vn@gmail.com.
Some of the materials used in the video belongs to the rightful owners. All Copyrights related issues should be sent to battlecry.vn@gmail.com. Thank you.

#battlecry #khampha #kinhte #dialy",DÂN THÁI LAN CAY ĐẮNG NHÌN CẢNH DOANH NGHIỆP VIỆT NAM &quot;THỊ UY&quot; XE BUS ĐIỆN GIỮA LÒNG BANGKOK,2026-09-21T05:18:24Z,2026-09-21T05:18:24Z,"@dongnguyenvan7537 Chạy xe khách 5 năm thu hồi vốn, cần gì đến 10 năm.",reply,Ugz0H6cOLeduxJuepk54AaABAg,Ugz0H6cOLeduxJuepk54AaABAg,1,2026-09-21T08:15:13Z,2026-09-21T08:15:13Z,0,UCRi813fDiSNEGrr9A99Boyw,,0,0,youtube_20260926_1347,baseline_20260926_134704,2026-09-26T20:48:55.492052+07:00
youtube_c_Ugz0H6cOLeduxJuepk54AaABAg.Ab05ZGJu2uRAb1K7tsEMH3,youtube,https://www.youtube.com/watch?v=o5hjDTBi694,o5hjDTBi694,"DÂN THÁI LAN CAY ĐẮNG NHÌN CẢNH DOANH NGHIỆP VIỆT NAM &quot;THỊ UY&quot; XE BUS ĐIỆN GIỮA LÒNG BANGKOK
👉 Khám phá ngay Tủ sách số và Audio book Thực chiến tại hệ thống Sơn Hải Nguyễn. Chỉ 15 phút nghe mỗi ngày, bạn sẽ có ngay tư duy sắc bén để xử lý gọn gàng những góc khuất đời thường và công sở.

👉 Truy cập ngay sonhainguyen.com để khám phá thêm kho công cụ và tài liệu hỗ trợ cho công việc và nâng cao kỹ năng làm việc của bạn
---------------------------------
Một đất nước có năng lực sản xuất khoảng 1,5 triệu ô tô mỗi năm, sở hữu hàng loạt nhà máy của Toyota, Honda, Isuzu hay Mitsubishi, giờ lại chứng kiến Kim Long Motor của Việt Nam mang xe buýt điện sang Bangkok, tổ chức lễ ra mắt và ký những đơn hàng hàng trăm chiếc ngay trên sân nhà của ngành ô tô Thái.

Câu chuyện càng đáng chú ý bởi trong nhiều năm, Việt Nam thường được xem là người đi sau trong ngành công nghiệp ô tô khu vực. Nhưng chỉ trong một thời gian ngắn, doanh nghiệp Việt đã bắt đầu xuất hiện ở những phân khúc mới như xe điện, xe buýt và phương tiện thương mại xanh.

Một số tư liệu được sử dụng trong video thuộc về các chủ sở hữu đáng kính. Mọi vấn đề liên quan đến bản quyền, vui lòng liên hệ: battlecry.vn@gmail.com.
Some of the materials used in the video belongs to the rightful owners. All Copyrights related issues should be sent to battlecry.vn@gmail.com. Thank you.

#battlecry #khampha #kinhte #dialy",DÂN THÁI LAN CAY ĐẮNG NHÌN CẢNH DOANH NGHIỆP VIỆT NAM &quot;THỊ UY&quot; XE BUS ĐIỆN GIỮA LÒNG BANGKOK,2026-09-21T05:18:24Z,2026-09-21T05:18:24Z,@d@dongnguyenvan7537不要再自欺欺人了，韩国路上的电动客车，公共汽车，电动货车全部采用中国品牌，日本上个月刚采购了几千架比亚迪电动公共汽车。看看比亚迪在韩国的销量和韩国车在中国的销量你就会明白差距在哪。韩国全部汽车品牌加起来的销量还不如吉利汽车一家公司。马来西亚的宝腾汽车也是吉利换了个名字而已，就跟vin fast一样，很多越南人认为这是越南国产车。但是你自己想，越南哪里来的技术生产电车，电机和底盘？越南现在甚至连圆珠笔也生产不了，更不用说汽车了。你去文具店看看，越南人连写字的笔也是中国生产的。,reply,Ugz0H6cOLeduxJuepk54AaABAg,Ugz0H6cOLeduxJuepk54AaABAg,1,2026-09-21T18:35:14Z,2026-09-21T18:35:14Z,0,UCyWKx19pdqqr5b8s1Icf3FQ,,0,0,youtube_20260926_1347,baseline_20260926_134704,2026-09-26T20:48:55.494051+07:00
youtube_c_Ugz0H6cOLeduxJuepk54AaABAg.Ab05ZGJu2uRAb8WvNSHSVf,youtube,https://www.youtube.com/watch?v=o5hjDTBi694,o5hjDTBi694,"DÂN THÁI LAN CAY ĐẮNG NHÌN CẢNH DOANH NGHIỆP VIỆT NAM &quot;THỊ UY&quot; XE BUS ĐIỆN GIỮA LÒNG BANGKOK
👉 Khám phá ngay Tủ sách số và Audio book Thực chiến tại hệ thống Sơn Hải Nguyễn. Chỉ 15 phút nghe mỗi ngày, bạn sẽ có ngay tư duy sắc bén để xử lý gọn gàng những góc khuất đời thường và công sở.

👉 Truy cập ngay sonhainguyen.com để khám phá thêm kho công cụ và tài liệu hỗ trợ cho công việc và nâng cao kỹ năng làm việc của bạn
---------------------------------
Một đất nước có năng lực sản xuất khoảng 1,5 triệu ô tô mỗi năm, sở hữu hàng loạt nhà máy của Toyota, Honda, Isuzu hay Mitsubishi, giờ lại chứng kiến Kim Long Motor của Việt Nam mang xe buýt điện sang Bangkok, tổ chức lễ ra mắt và ký những đơn hàng hàng trăm chiếc ngay trên sân nhà của ngành ô tô Thái.

Câu chuyện càng đáng chú ý bởi trong nhiều năm, Việt Nam thường được xem là người đi sau trong ngành công nghiệp ô tô khu vực. Nhưng chỉ trong một thời gian ngắn, doanh nghiệp Việt đã bắt đầu xuất hiện ở những phân khúc mới như xe điện, xe buýt và phương tiện thương mại xanh.

Một số tư liệu được sử dụng trong video thuộc về các chủ sở hữu đáng kính. Mọi vấn đề liên quan đến bản quyền, vui lòng liên hệ: battlecry.vn@gmail.com.
Some of the materials used in the video belongs to the rightful owners. All Copyrights related issues should be sent to battlecry.vn@gmail.com. Thank you.

#battlecry #khampha #kinhte #dialy",DÂN THÁI LAN CAY ĐẮNG NHÌN CẢNH DOANH NGHIỆP VIỆT NAM &quot;THỊ UY&quot; XE BUS ĐIỆN GIỮA LÒNG BANGKOK,2026-09-21T05:18:24Z,2026-09-21T05:18:24Z,"@dongnguyenvan7537 Người Việt các bạn cho rằng xe tải Chenglong sản xuất tại Quảng Tây (Trung Quốc) – vốn được trang bị động cơ của hãng Guangxi Yuchai – là loại xe tải tốt nhất, trong khi lại coi xe tải Hyundai của Hàn Quốc là đồ bỏ đi; còn các loại động cơ Yuchai và Weichai sử dụng trên xe buýt Trung Quốc đều đến từ những nhà sản xuất động cơ danh tiếng của nước này.",reply,Ugz0H6cOLeduxJuepk54AaABAg,Ugz0H6cOLeduxJuepk54AaABAg,1,2026-09-24T13:41:40Z,2026-09-24T13:41:40Z,0,UCxYMhJ-Ub3QGotnLIr5y5Fw,transport_impact,0,0,youtube_20260926_1347,baseline_20260926_134704,2026-09-26T20:48:55.497052+07:00
youtube_c_Ugz3P_kx2GI8EIlqVVd4AaABAg,youtube,https://www.youtube.com/watch?v=o5hjDTBi694,o5hjDTBi694,"DÂN THÁI LAN CAY ĐẮNG NHÌN CẢNH DOANH NGHIỆP VIỆT NAM &quot;THỊ UY&quot; XE BUS ĐIỆN GIỮA LÒNG BANGKOK
👉 Khám phá ngay Tủ sách số và Audio book Thực chiến tại hệ thống Sơn Hải Nguyễn. Chỉ 15 phút nghe mỗi ngày, bạn sẽ có ngay tư duy sắc bén để xử lý gọn gàng những góc khuất đời thường và công sở.

👉 Truy cập ngay sonhainguyen.com để khám phá thêm kho công cụ và tài liệu hỗ trợ cho công việc và nâng cao kỹ năng làm việc của bạn
---------------------------------
Một đất nước có năng lực sản xuất khoảng 1,5 triệu ô tô mỗi năm, sở hữu hàng loạt nhà máy của Toyota, Honda, Isuzu hay Mitsubishi, giờ lại chứng kiến Kim Long Motor của Việt Nam mang xe buýt điện sang Bangkok, tổ chức lễ ra mắt và ký những đơn hàng hàng trăm chiếc ngay trên sân nhà của ngành ô tô Thái.

Câu chuyện càng đáng chú ý bởi trong nhiều năm, Việt Nam thường được xem là người đi sau trong ngành công nghiệp ô tô khu vực. Nhưng chỉ trong một thời gian ngắn, doanh nghiệp Việt đã bắt đầu xuất hiện ở những phân khúc mới như xe điện, xe buýt và phương tiện thương mại xanh.

Một số tư liệu được sử dụng trong video thuộc về các chủ sở hữu đáng kính. Mọi vấn đề liên quan đến bản quyền, vui lòng liên hệ: battlecry.vn@gmail.com.
Some of the materials used in the video belongs to the rightful owners. All Copyrights related issues should be sent to battlecry.vn@gmail.com. Thank you.

#battlecry #khampha #kinhte #dialy",DÂN THÁI LAN CAY ĐẮNG NHÌN CẢNH DOANH NGHIỆP VIỆT NAM &quot;THỊ UY&quot; XE BUS ĐIỆN GIỮA LÒNG BANGKOK,2026-09-21T05:18:24Z,2026-09-21T05:18:24Z,"Sao ko đặt vinbus mà là Kl nhỉ, Kl nhìn hàng hơi lởm hơn Vinbus",top_level,,Ugz3P_kx2GI8EIlqVVd4AaABAg,0,2026-09-21T07:06:43Z,2026-09-21T07:06:43Z,0,UC44yuuImYiXGirDDbG5AMSw,electric_bus,0,0,youtube_20260926_1347,baseline_20260926_134704,2026-09-26T20:48:55.498908+07:00
youtube_c_Ugz3P_kx2GI8EIlqVVd4AaABAg.Ab05KwOJQ0ZAb0DWyww3Do,youtube,https://www.youtube.com/watch?v=o5hjDTBi694,o5hjDTBi694,"DÂN THÁI LAN CAY ĐẮNG NHÌN CẢNH DOANH NGHIỆP VIỆT NAM &quot;THỊ UY&quot; XE BUS ĐIỆN GIỮA LÒNG BANGKOK
👉 Khám phá ngay Tủ sách số và Audio book Thực chiến tại hệ thống Sơn Hải Nguyễn. Chỉ 15 phút nghe mỗi ngày, bạn sẽ có ngay tư duy sắc bén để xử lý gọn gàng những góc khuất đời thường và công sở.

👉 Truy cập ngay sonhainguyen.com để khám phá thêm kho công cụ và tài liệu hỗ trợ cho công việc và nâng cao kỹ năng làm việc của bạn
---------------------------------
Một đất nước có năng lực sản xuất khoảng 1,5 triệu ô tô mỗi năm, sở hữu hàng loạt nhà máy của Toyota, Honda, Isuzu hay Mitsubishi, giờ lại chứng kiến Kim Long Motor của Việt Nam mang xe buýt điện sang Bangkok, tổ chức lễ ra mắt và ký những đơn hàng hàng trăm chiếc ngay trên sân nhà của ngành ô tô Thái.

Câu chuyện càng đáng chú ý bởi trong nhiều năm, Việt Nam thường được xem là người đi sau trong ngành công nghiệp ô tô khu vực. Nhưng chỉ trong một thời gian ngắn, doanh nghiệp Việt đã bắt đầu xuất hiện ở những phân khúc mới như xe điện, xe buýt và phương tiện thương mại xanh.

Một số tư liệu được sử dụng trong video thuộc về các chủ sở hữu đáng kính. Mọi vấn đề liên quan đến bản quyền, vui lòng liên hệ: battlecry.vn@gmail.com.
Some of the materials used in the video belongs to the rightful owners. All Copyrights related issues should be sent to battlecry.vn@gmail.com. Thank you.

#battlecry #khampha #kinhte #dialy",DÂN THÁI LAN CAY ĐẮNG NHÌN CẢNH DOANH NGHIỆP VIỆT NAM &quot;THỊ UY&quot; XE BUS ĐIỆN GIỮA LÒNG BANGKOK,2026-09-21T05:18:24Z,2026-09-21T05:18:24Z,Ồ đặt là quyền của bên Thái họ thích mua của ai thì mua chứ bạn,reply,Ugz3P_kx2GI8EIlqVVd4AaABAg,Ugz3P_kx2GI8EIlqVVd4AaABAg,1,2026-09-21T08:18:15Z,2026-09-21T08:18:15Z,1,UCNKo8_Uxh8JShUMA10wJq2A,,0,0,youtube_20260926_1347,baseline_20260926_134704,2026-09-26T20:48:58.776788+07:00
youtube_c_Ugz3P_kx2GI8EIlqVVd4AaABAg.Ab05KwOJQ0ZAb0Q0l-el4w,youtube,https://www.youtube.com/watch?v=o5hjDTBi694,o5hjDTBi694,"DÂN THÁI LAN CAY ĐẮNG NHÌN CẢNH DOANH NGHIỆP VIỆT NAM &quot;THỊ UY&quot; XE BUS ĐIỆN GIỮA LÒNG BANGKOK
👉 Khám phá ngay Tủ sách số và Audio book Thực chiến tại hệ thống Sơn Hải Nguyễn. Chỉ 15 phút nghe mỗi ngày, bạn sẽ có ngay tư duy sắc bén để xử lý gọn gàng những góc khuất đời thường và công sở.

👉 Truy cập ngay sonhainguyen.com để khám phá thêm kho công cụ và tài liệu hỗ trợ cho công việc và nâng cao kỹ năng làm việc của bạn
---------------------------------
Một đất nước có năng lực sản xuất khoảng 1,5 triệu ô tô mỗi năm, sở hữu hàng loạt nhà máy của Toyota, Honda, Isuzu hay Mitsubishi, giờ lại chứng kiến Kim Long Motor của Việt Nam mang xe buýt điện sang Bangkok, tổ chức lễ ra mắt và ký những đơn hàng hàng trăm chiếc ngay trên sân nhà của ngành ô tô Thái.

Câu chuyện càng đáng chú ý bởi trong nhiều năm, Việt Nam thường được xem là người đi sau trong ngành công nghiệp ô tô khu vực. Nhưng chỉ trong một thời gian ngắn, doanh nghiệp Việt đã bắt đầu xuất hiện ở những phân khúc mới như xe điện, xe buýt và phương tiện thương mại xanh.

Một số tư liệu được sử dụng trong video thuộc về các chủ sở hữu đáng kính. Mọi vấn đề liên quan đến bản quyền, vui lòng liên hệ: battlecry.vn@gmail.com.
Some of the materials used in the video belongs to the rightful owners. All Copyrights related issues should be sent to battlecry.vn@gmail.com. Thank you.

#battlecry #khampha #kinhte #dialy",DÂN THÁI LAN CAY ĐẮNG NHÌN CẢNH DOANH NGHIỆP VIỆT NAM &quot;THỊ UY&quot; XE BUS ĐIỆN GIỮA LÒNG BANGKOK,2026-09-21T05:18:24Z,2026-09-21T05:18:24Z,"Bạn biết lởm, còn nước ngoài chắc coi Vinbus là nhất, bạn đúng áp đặt buồn cười, họ là chuyên gia, không phải bạn",reply,Ugz3P_kx2GI8EIlqVVd4AaABAg,Ugz3P_kx2GI8EIlqVVd4AaABAg,1,2026-09-21T10:07:27Z,2026-09-21T10:07:27Z,2,UCKeg5hg2D7vW_ro_sMf3GyA,electric_bus,0,0,youtube_20260926_1347,baseline_20260926_134704,2026-09-26T20:48:58.777781+07:00
youtube_c_Ugz9M1mhXCDALc9xuL94AaABAg,youtube,https://www.youtube.com/watch?v=o5hjDTBi694,o5hjDTBi694,"DÂN THÁI LAN CAY ĐẮNG NHÌN CẢNH DOANH NGHIỆP VIỆT NAM &quot;THỊ UY&quot; XE BUS ĐIỆN GIỮA LÒNG BANGKOK
👉 Khám phá ngay Tủ sách số và Audio book Thực chiến tại hệ thống Sơn Hải Nguyễn. Chỉ 15 phút nghe mỗi ngày, bạn sẽ có ngay tư duy sắc bén để xử lý gọn gàng những góc khuất đời thường và công sở.

👉 Truy cập ngay sonhainguyen.com để khám phá thêm kho công cụ và tài liệu hỗ trợ cho công việc và nâng cao kỹ năng làm việc của bạn
---------------------------------
Một đất nước có năng lực sản xuất khoảng 1,5 triệu ô tô mỗi năm, sở hữu hàng loạt nhà máy của Toyota, Honda, Isuzu hay Mitsubishi, giờ lại chứng kiến Kim Long Motor của Việt Nam mang xe buýt điện sang Bangkok, tổ chức lễ ra mắt và ký những đơn hàng hàng trăm chiếc ngay trên sân nhà của ngành ô tô Thái.

Câu chuyện càng đáng chú ý bởi trong nhiều năm, Việt Nam thường được xem là người đi sau trong ngành công nghiệp ô tô khu vực. Nhưng chỉ trong một thời gian ngắn, doanh nghiệp Việt đã bắt đầu xuất hiện ở những phân khúc mới như xe điện, xe buýt và phương tiện thương mại xanh.

Một số tư liệu được sử dụng trong video thuộc về các chủ sở hữu đáng kính. Mọi vấn đề liên quan đến bản quyền, vui lòng liên hệ: battlecry.vn@gmail.com.
Some of the materials used in the video belongs to the rightful owners. All Copyrights related issues should be sent to battlecry.vn@gmail.com. Thank you.

#battlecry #khampha #kinhte #dialy",DÂN THÁI LAN CAY ĐẮNG NHÌN CẢNH DOANH NGHIỆP VIỆT NAM &quot;THỊ UY&quot; XE BUS ĐIỆN GIỮA LÒNG BANGKOK,2026-09-21T05:18:24Z,2026-09-21T05:18:24Z,"Thủ dâm tinh thần à, khịa Thái làm gì. Thái thâu tóm biết bao thương hiệu Việt Nam. Chiếm bao nhiêu thị phần ở Thái mà tự hào",top_level,,Ugz9M1mhXCDALc9xuL94AaABAg,0,2026-09-21T14:54:39Z,2026-09-21T14:54:39Z,0,UCYjXba5qzLCfb67e7xl0gJw,,0,0,youtube_20260926_1347,baseline_20260926_134704,2026-09-26T20:47:55.815731+07:00
youtube_c_Ugz9UllTQBXtujk71kp4AaABAg,youtube,https://www.youtube.com/watch?v=o5hjDTBi694,o5hjDTBi694,"DÂN THÁI LAN CAY ĐẮNG NHÌN CẢNH DOANH NGHIỆP VIỆT NAM &quot;THỊ UY&quot; XE BUS ĐIỆN GIỮA LÒNG BANGKOK
👉 Khám phá ngay Tủ sách số và Audio book Thực chiến tại hệ thống Sơn Hải Nguyễn. Chỉ 15 phút nghe mỗi ngày, bạn sẽ có ngay tư duy sắc bén để xử lý gọn gàng những góc khuất đời thường và công sở.

👉 Truy cập ngay sonhainguyen.com để khám phá thêm kho công cụ và tài liệu hỗ trợ cho công việc và nâng cao kỹ năng làm việc của bạn
---------------------------------
Một đất nước có năng lực sản xuất khoảng 1,5 triệu ô tô mỗi năm, sở hữu hàng loạt nhà máy của Toyota, Honda, Isuzu hay Mitsubishi, giờ lại chứng kiến Kim Long Motor của Việt Nam mang xe buýt điện sang Bangkok, tổ chức lễ ra mắt và ký những đơn hàng hàng trăm chiếc ngay trên sân nhà của ngành ô tô Thái.

Câu chuyện càng đáng chú ý bởi trong nhiều năm, Việt Nam thường được xem là người đi sau trong ngành công nghiệp ô tô khu vực. Nhưng chỉ trong một thời gian ngắn, doanh nghiệp Việt đã bắt đầu xuất hiện ở những phân khúc mới như xe điện, xe buýt và phương tiện thương mại xanh.

Một số tư liệu được sử dụng trong video thuộc về các chủ sở hữu đáng kính. Mọi vấn đề liên quan đến bản quyền, vui lòng liên hệ: battlecry.vn@gmail.com.
Some of the materials used in the video belongs to the rightful owners. All Copyrights related issues should be sent to battlecry.vn@gmail.com. Thank you.

#battlecry #khampha #kinhte #dialy",DÂN THÁI LAN CAY ĐẮNG NHÌN CẢNH DOANH NGHIỆP VIỆT NAM &quot;THỊ UY&quot; XE BUS ĐIỆN GIỮA LÒNG BANGKOK,2026-09-21T05:18:24Z,2026-09-21T05:18:24Z,Xe tàu,top_level,,Ugz9UllTQBXtujk71kp4AaABAg,0,2026-09-21T12:59:01Z,2026-09-21T12:59:01Z,0,UCkJnUXYQqNpILa89kzkod9w,,0,0,youtube_20260926_1347,baseline_20260926_134704,2026-09-26T20:47:55.829818+07:00
youtube_c_UgzDK2U2gctgmLDEyWt4AaABAg,youtube,https://www.youtube.com/watch?v=o5hjDTBi694,o5hjDTBi694,"DÂN THÁI LAN CAY ĐẮNG NHÌN CẢNH DOANH NGHIỆP VIỆT NAM &quot;THỊ UY&quot; XE BUS ĐIỆN GIỮA LÒNG BANGKOK
👉 Khám phá ngay Tủ sách số và Audio book Thực chiến tại hệ thống Sơn Hải Nguyễn. Chỉ 15 phút nghe mỗi ngày, bạn sẽ có ngay tư duy sắc bén để xử lý gọn gàng những góc khuất đời thường và công sở.

👉 Truy cập ngay sonhainguyen.com để khám phá thêm kho công cụ và tài liệu hỗ trợ cho công việc và nâng cao kỹ năng làm việc của bạn
---------------------------------
Một đất nước có năng lực sản xuất khoảng 1,5 triệu ô tô mỗi năm, sở hữu hàng loạt nhà máy của Toyota, Honda, Isuzu hay Mitsubishi, giờ lại chứng kiến Kim Long Motor của Việt Nam mang xe buýt điện sang Bangkok, tổ chức lễ ra mắt và ký những đơn hàng hàng trăm chiếc ngay trên sân nhà của ngành ô tô Thái.

Câu chuyện càng đáng chú ý bởi trong nhiều năm, Việt Nam thường được xem là người đi sau trong ngành công nghiệp ô tô khu vực. Nhưng chỉ trong một thời gian ngắn, doanh nghiệp Việt đã bắt đầu xuất hiện ở những phân khúc mới như xe điện, xe buýt và phương tiện thương mại xanh.

Một số tư liệu được sử dụng trong video thuộc về các chủ sở hữu đáng kính. Mọi vấn đề liên quan đến bản quyền, vui lòng liên hệ: battlecry.vn@gmail.com.
Some of the materials used in the video belongs to the rightful owners. All Copyrights related issues should be sent to battlecry.vn@gmail.com. Thank you.

#battlecry #khampha #kinhte #dialy",DÂN THÁI LAN CAY ĐẮNG NHÌN CẢNH DOANH NGHIỆP VIỆT NAM &quot;THỊ UY&quot; XE BUS ĐIỆN GIỮA LÒNG BANGKOK,2026-09-21T05:18:24Z,2026-09-21T05:18:24Z,"Năm xưa gạo thái, xe thái, đồ gia dụng thái làm mưa làm gió thì chúng ta cũng đặt ra câu hỏi như vậy thôi",top_level,,UgzDK2U2gctgmLDEyWt4AaABAg,0,2026-09-21T07:24:07Z,2026-09-21T07:24:07Z,20,UCZ4WO63HkjnHcpEUiZWq71w,,0,0,youtube_20260926_1347,baseline_20260926_134704,2026-09-26T20:48:42.350495+07:00
youtube_c_UgzDK2U2gctgmLDEyWt4AaABAg.Ab07KSpnHsLAb0D0jI4v5V,youtube,https://www.youtube.com/watch?v=o5hjDTBi694,o5hjDTBi694,"DÂN THÁI LAN CAY ĐẮNG NHÌN CẢNH DOANH NGHIỆP VIỆT NAM &quot;THỊ UY&quot; XE BUS ĐIỆN GIỮA LÒNG BANGKOK
👉 Khám phá ngay Tủ sách số và Audio book Thực chiến tại hệ thống Sơn Hải Nguyễn. Chỉ 15 phút nghe mỗi ngày, bạn sẽ có ngay tư duy sắc bén để xử lý gọn gàng những góc khuất đời thường và công sở.

👉 Truy cập ngay sonhainguyen.com để khám phá thêm kho công cụ và tài liệu hỗ trợ cho công việc và nâng cao kỹ năng làm việc của bạn
---------------------------------
Một đất nước có năng lực sản xuất khoảng 1,5 triệu ô tô mỗi năm, sở hữu hàng loạt nhà máy của Toyota, Honda, Isuzu hay Mitsubishi, giờ lại chứng kiến Kim Long Motor của Việt Nam mang xe buýt điện sang Bangkok, tổ chức lễ ra mắt và ký những đơn hàng hàng trăm chiếc ngay trên sân nhà của ngành ô tô Thái.

Câu chuyện càng đáng chú ý bởi trong nhiều năm, Việt Nam thường được xem là người đi sau trong ngành công nghiệp ô tô khu vực. Nhưng chỉ trong một thời gian ngắn, doanh nghiệp Việt đã bắt đầu xuất hiện ở những phân khúc mới như xe điện, xe buýt và phương tiện thương mại xanh.

Một số tư liệu được sử dụng trong video thuộc về các chủ sở hữu đáng kính. Mọi vấn đề liên quan đến bản quyền, vui lòng liên hệ: battlecry.vn@gmail.com.
Some of the materials used in the video belongs to the rightful owners. All Copyrights related issues should be sent to battlecry.vn@gmail.com. Thank you.

#battlecry #khampha #kinhte #dialy",DÂN THÁI LAN CAY ĐẮNG NHÌN CẢNH DOANH NGHIỆP VIỆT NAM &quot;THỊ UY&quot; XE BUS ĐIỆN GIỮA LÒNG BANGKOK,2026-09-21T05:18:24Z,2026-09-21T05:18:24Z,Gạo với ô tô nó khác trời vực đó,reply,UgzDK2U2gctgmLDEyWt4AaABAg,UgzDK2U2gctgmLDEyWt4AaABAg,1,2026-09-21T08:13:51Z,2026-09-21T08:13:51Z,1,UCNKo8_Uxh8JShUMA10wJq2A,transport_impact,0,0,youtube_20260926_1347,baseline_20260926_134704,2026-09-26T20:48:45.650654+07:00
youtube_c_UgzDK2U2gctgmLDEyWt4AaABAg.Ab07KSpnHsLAb0DRA-qGtf,youtube,https://www.youtube.com/watch?v=o5hjDTBi694,o5hjDTBi694,"DÂN THÁI LAN CAY ĐẮNG NHÌN CẢNH DOANH NGHIỆP VIỆT NAM &quot;THỊ UY&quot; XE BUS ĐIỆN GIỮA LÒNG BANGKOK
👉 Khám phá ngay Tủ sách số và Audio book Thực chiến tại hệ thống Sơn Hải Nguyễn. Chỉ 15 phút nghe mỗi ngày, bạn sẽ có ngay tư duy sắc bén để xử lý gọn gàng những góc khuất đời thường và công sở.

👉 Truy cập ngay sonhainguyen.com để khám phá thêm kho công cụ và tài liệu hỗ trợ cho công việc và nâng cao kỹ năng làm việc của bạn
---------------------------------
Một đất nước có năng lực sản xuất khoảng 1,5 triệu ô tô mỗi năm, sở hữu hàng loạt nhà máy của Toyota, Honda, Isuzu hay Mitsubishi, giờ lại chứng kiến Kim Long Motor của Việt Nam mang xe buýt điện sang Bangkok, tổ chức lễ ra mắt và ký những đơn hàng hàng trăm chiếc ngay trên sân nhà của ngành ô tô Thái.

Câu chuyện càng đáng chú ý bởi trong nhiều năm, Việt Nam thường được xem là người đi sau trong ngành công nghiệp ô tô khu vực. Nhưng chỉ trong một thời gian ngắn, doanh nghiệp Việt đã bắt đầu xuất hiện ở những phân khúc mới như xe điện, xe buýt và phương tiện thương mại xanh.

Một số tư liệu được sử dụng trong video thuộc về các chủ sở hữu đáng kính. Mọi vấn đề liên quan đến bản quyền, vui lòng liên hệ: battlecry.vn@gmail.com.
Some of the materials used in the video belongs to the rightful owners. All Copyrights related issues should be sent to battlecry.vn@gmail.com. Thank you.

#battlecry #khampha #kinhte #dialy",DÂN THÁI LAN CAY ĐẮNG NHÌN CẢNH DOANH NGHIỆP VIỆT NAM &quot;THỊ UY&quot; XE BUS ĐIỆN GIỮA LÒNG BANGKOK,2026-09-21T05:18:24Z,2026-09-21T05:18:24Z,​@DangTien8388thế còn xe Thái ?  Người ta nói đúng rồi còn gì. Rõ ràng ngày xưa sản  xuất đồ công nghiệp Thái vượt trội so với Việt Nam là rõ.,reply,UgzDK2U2gctgmLDEyWt4AaABAg,UgzDK2U2gctgmLDEyWt4AaABAg,1,2026-09-21T08:17:28Z,2026-09-21T08:17:28Z,5,UCQ8EjKr-_HlZ3mt8gkvc1Vg,,0,0,youtube_20260926_1347,baseline_20260926_134704,2026-09-26T20:48:45.650654+07:00
youtube_c_UgzDK2U2gctgmLDEyWt4AaABAg.Ab07KSpnHsLAb0F8_0cKNP,youtube,https://www.youtube.com/watch?v=o5hjDTBi694,o5hjDTBi694,"DÂN THÁI LAN CAY ĐẮNG NHÌN CẢNH DOANH NGHIỆP VIỆT NAM &quot;THỊ UY&quot; XE BUS ĐIỆN GIỮA LÒNG BANGKOK
👉 Khám phá ngay Tủ sách số và Audio book Thực chiến tại hệ thống Sơn Hải Nguyễn. Chỉ 15 phút nghe mỗi ngày, bạn sẽ có ngay tư duy sắc bén để xử lý gọn gàng những góc khuất đời thường và công sở.

👉 Truy cập ngay sonhainguyen.com để khám phá thêm kho công cụ và tài liệu hỗ trợ cho công việc và nâng cao kỹ năng làm việc của bạn
---------------------------------
Một đất nước có năng lực sản xuất khoảng 1,5 triệu ô tô mỗi năm, sở hữu hàng loạt nhà máy của Toyota, Honda, Isuzu hay Mitsubishi, giờ lại chứng kiến Kim Long Motor của Việt Nam mang xe buýt điện sang Bangkok, tổ chức lễ ra mắt và ký những đơn hàng hàng trăm chiếc ngay trên sân nhà của ngành ô tô Thái.

Câu chuyện càng đáng chú ý bởi trong nhiều năm, Việt Nam thường được xem là người đi sau trong ngành công nghiệp ô tô khu vực. Nhưng chỉ trong một thời gian ngắn, doanh nghiệp Việt đã bắt đầu xuất hiện ở những phân khúc mới như xe điện, xe buýt và phương tiện thương mại xanh.

Một số tư liệu được sử dụng trong video thuộc về các chủ sở hữu đáng kính. Mọi vấn đề liên quan đến bản quyền, vui lòng liên hệ: battlecry.vn@gmail.com.
Some of the materials used in the video belongs to the rightful owners. All Copyrights related issues should be sent to battlecry.vn@gmail.com. Thank you.

#battlecry #khampha #kinhte #dialy",DÂN THÁI LAN CAY ĐẮNG NHÌN CẢNH DOANH NGHIỆP VIỆT NAM &quot;THỊ UY&quot; XE BUS ĐIỆN GIỮA LÒNG BANGKOK,2026-09-21T05:18:24Z,2026-09-21T05:18:24Z,Ầy,reply,UgzDK2U2gctgmLDEyWt4AaABAg,UgzDK2U2gctgmLDEyWt4AaABAg,1,2026-09-21T08:32:24Z,2026-09-21T08:32:24Z,1,UCNKo8_Uxh8JShUMA10wJq2A,,0,0,youtube_20260926_1347,baseline_20260926_134704,2026-09-26T20:48:45.650654+07:00
youtube_c_UgzDK2U2gctgmLDEyWt4AaABAg.Ab07KSpnHsLAb3DINeQ3J6,youtube,https://www.youtube.com/watch?v=o5hjDTBi694,o5hjDTBi694,"DÂN THÁI LAN CAY ĐẮNG NHÌN CẢNH DOANH NGHIỆP VIỆT NAM &quot;THỊ UY&quot; XE BUS ĐIỆN GIỮA LÒNG BANGKOK
👉 Khám phá ngay Tủ sách số và Audio book Thực chiến tại hệ thống Sơn Hải Nguyễn. Chỉ 15 phút nghe mỗi ngày, bạn sẽ có ngay tư duy sắc bén để xử lý gọn gàng những góc khuất đời thường và công sở.

👉 Truy cập ngay sonhainguyen.com để khám phá thêm kho công cụ và tài liệu hỗ trợ cho công việc và nâng cao kỹ năng làm việc của bạn
---------------------------------
Một đất nước có năng lực sản xuất khoảng 1,5 triệu ô tô mỗi năm, sở hữu hàng loạt nhà máy của Toyota, Honda, Isuzu hay Mitsubishi, giờ lại chứng kiến Kim Long Motor của Việt Nam mang xe buýt điện sang Bangkok, tổ chức lễ ra mắt và ký những đơn hàng hàng trăm chiếc ngay trên sân nhà của ngành ô tô Thái.

Câu chuyện càng đáng chú ý bởi trong nhiều năm, Việt Nam thường được xem là người đi sau trong ngành công nghiệp ô tô khu vực. Nhưng chỉ trong một thời gian ngắn, doanh nghiệp Việt đã bắt đầu xuất hiện ở những phân khúc mới như xe điện, xe buýt và phương tiện thương mại xanh.

Một số tư liệu được sử dụng trong video thuộc về các chủ sở hữu đáng kính. Mọi vấn đề liên quan đến bản quyền, vui lòng liên hệ: battlecry.vn@gmail.com.
Some of the materials used in the video belongs to the rightful owners. All Copyrights related issues should be sent to battlecry.vn@gmail.com. Thank you.

#battlecry #khampha #kinhte #dialy",DÂN THÁI LAN CAY ĐẮNG NHÌN CẢNH DOANH NGHIỆP VIỆT NAM &quot;THỊ UY&quot; XE BUS ĐIỆN GIỮA LÒNG BANGKOK,2026-09-21T05:18:24Z,2026-09-21T05:18:24Z,"Thật khó hiểu khi có tới 1500 xe búa k điều hòa giữa thời tiết nóng quanh năm như Thái, hãng xe bus k chịu bỏ tiền ra mua ce mới nhỉ? Đến giờ mới đi nhập xe điện mới",reply,UgzDK2U2gctgmLDEyWt4AaABAg,UgzDK2U2gctgmLDEyWt4AaABAg,1,2026-09-22T12:13:59Z,2026-09-22T12:13:59Z,0,UCuYL8PHsiaE6H65VcLvChVw,transport_impact,0,0,youtube_20260926_1347,baseline_20260926_134704,2026-09-26T20:48:45.650654+07:00
youtube_c_UgzDVDlM23wi6VAhKu14AaABAg,youtube,https://www.youtube.com/watch?v=o5hjDTBi694,o5hjDTBi694,"DÂN THÁI LAN CAY ĐẮNG NHÌN CẢNH DOANH NGHIỆP VIỆT NAM &quot;THỊ UY&quot; XE BUS ĐIỆN GIỮA LÒNG BANGKOK
👉 Khám phá ngay Tủ sách số và Audio book Thực chiến tại hệ thống Sơn Hải Nguyễn. Chỉ 15 phút nghe mỗi ngày, bạn sẽ có ngay tư duy sắc bén để xử lý gọn gàng những góc khuất đời thường và công sở.

👉 Truy cập ngay sonhainguyen.com để khám phá thêm kho công cụ và tài liệu hỗ trợ cho công việc và nâng cao kỹ năng làm việc của bạn
---------------------------------
Một đất nước có năng lực sản xuất khoảng 1,5 triệu ô tô mỗi năm, sở hữu hàng loạt nhà máy của Toyota, Honda, Isuzu hay Mitsubishi, giờ lại chứng kiến Kim Long Motor của Việt Nam mang xe buýt điện sang Bangkok, tổ chức lễ ra mắt và ký những đơn hàng hàng trăm chiếc ngay trên sân nhà của ngành ô tô Thái.

Câu chuyện càng đáng chú ý bởi trong nhiều năm, Việt Nam thường được xem là người đi sau trong ngành công nghiệp ô tô khu vực. Nhưng chỉ trong một thời gian ngắn, doanh nghiệp Việt đã bắt đầu xuất hiện ở những phân khúc mới như xe điện, xe buýt và phương tiện thương mại xanh.

Một số tư liệu được sử dụng trong video thuộc về các chủ sở hữu đáng kính. Mọi vấn đề liên quan đến bản quyền, vui lòng liên hệ: battlecry.vn@gmail.com.
Some of the materials used in the video belongs to the rightful owners. All Copyrights related issues should be sent to battlecry.vn@gmail.com. Thank you.

#battlecry #khampha #kinhte #dialy",DÂN THÁI LAN CAY ĐẮNG NHÌN CẢNH DOANH NGHIỆP VIỆT NAM &quot;THỊ UY&quot; XE BUS ĐIỆN GIỮA LÒNG BANGKOK,2026-09-21T05:18:24Z,2026-09-21T05:18:24Z,đừng nói thái tới mình còn bất ngờ với tốc độ thay đổi xe buýt của mình nữa chứ,top_level,,UgzDVDlM23wi6VAhKu14AaABAg,0,2026-09-21T09:00:29Z,2026-09-21T09:00:29Z,1,UCsDmFoxH77yh2D9aY5SIcng,transport_impact,0,0,youtube_20260926_1347,baseline_20260926_134704,2026-09-26T20:48:16.041336+07:00
youtube_c_UgzGaicn-0iwA8hyY-d4AaABAg,youtube,https://www.youtube.com/watch?v=o5hjDTBi694,o5hjDTBi694,"DÂN THÁI LAN CAY ĐẮNG NHÌN CẢNH DOANH NGHIỆP VIỆT NAM &quot;THỊ UY&quot; XE BUS ĐIỆN GIỮA LÒNG BANGKOK
👉 Khám phá ngay Tủ sách số và Audio book Thực chiến tại hệ thống Sơn Hải Nguyễn. Chỉ 15 phút nghe mỗi ngày, bạn sẽ có ngay tư duy sắc bén để xử lý gọn gàng những góc khuất đời thường và công sở.

👉 Truy cập ngay sonhainguyen.com để khám phá thêm kho công cụ và tài liệu hỗ trợ cho công việc và nâng cao kỹ năng làm việc của bạn
---------------------------------
Một đất nước có năng lực sản xuất khoảng 1,5 triệu ô tô mỗi năm, sở hữu hàng loạt nhà máy của Toyota, Honda, Isuzu hay Mitsubishi, giờ lại chứng kiến Kim Long Motor của Việt Nam mang xe buýt điện sang Bangkok, tổ chức lễ ra mắt và ký những đơn hàng hàng trăm chiếc ngay trên sân nhà của ngành ô tô Thái.

Câu chuyện càng đáng chú ý bởi trong nhiều năm, Việt Nam thường được xem là người đi sau trong ngành công nghiệp ô tô khu vực. Nhưng chỉ trong một thời gian ngắn, doanh nghiệp Việt đã bắt đầu xuất hiện ở những phân khúc mới như xe điện, xe buýt và phương tiện thương mại xanh.

Một số tư liệu được sử dụng trong video thuộc về các chủ sở hữu đáng kính. Mọi vấn đề liên quan đến bản quyền, vui lòng liên hệ: battlecry.vn@gmail.com.
Some of the materials used in the video belongs to the rightful owners. All Copyrights related issues should be sent to battlecry.vn@gmail.com. Thank you.

#battlecry #khampha #kinhte #dialy",DÂN THÁI LAN CAY ĐẮNG NHÌN CẢNH DOANH NGHIỆP VIỆT NAM &quot;THỊ UY&quot; XE BUS ĐIỆN GIỮA LÒNG BANGKOK,2026-09-21T05:18:24Z,2026-09-21T05:18:24Z,"Kim Long, họ sản xuất rồi",top_level,,UgzGaicn-0iwA8hyY-d4AaABAg,0,2026-09-21T09:22:41Z,2026-09-21T09:22:41Z,1,UC-qnaIVxpGn7uh2zHzxGdXg,,0,0,youtube_20260926_1347,baseline_20260926_134704,2026-09-26T20:48:12.549371+07:00
youtube_c_UgzLX0ANfCGrXUmh7314AaABAg,youtube,https://www.youtube.com/watch?v=o5hjDTBi694,o5hjDTBi694,"DÂN THÁI LAN CAY ĐẮNG NHÌN CẢNH DOANH NGHIỆP VIỆT NAM &quot;THỊ UY&quot; XE BUS ĐIỆN GIỮA LÒNG BANGKOK
👉 Khám phá ngay Tủ sách số và Audio book Thực chiến tại hệ thống Sơn Hải Nguyễn. Chỉ 15 phút nghe mỗi ngày, bạn sẽ có ngay tư duy sắc bén để xử lý gọn gàng những góc khuất đời thường và công sở.

👉 Truy cập ngay sonhainguyen.com để khám phá thêm kho công cụ và tài liệu hỗ trợ cho công việc và nâng cao kỹ năng làm việc của bạn
---------------------------------
Một đất nước có năng lực sản xuất khoảng 1,5 triệu ô tô mỗi năm, sở hữu hàng loạt nhà máy của Toyota, Honda, Isuzu hay Mitsubishi, giờ lại chứng kiến Kim Long Motor của Việt Nam mang xe buýt điện sang Bangkok, tổ chức lễ ra mắt và ký những đơn hàng hàng trăm chiếc ngay trên sân nhà của ngành ô tô Thái.

Câu chuyện càng đáng chú ý bởi trong nhiều năm, Việt Nam thường được xem là người đi sau trong ngành công nghiệp ô tô khu vực. Nhưng chỉ trong một thời gian ngắn, doanh nghiệp Việt đã bắt đầu xuất hiện ở những phân khúc mới như xe điện, xe buýt và phương tiện thương mại xanh.

Một số tư liệu được sử dụng trong video thuộc về các chủ sở hữu đáng kính. Mọi vấn đề liên quan đến bản quyền, vui lòng liên hệ: battlecry.vn@gmail.com.
Some of the materials used in the video belongs to the rightful owners. All Copyrights related issues should be sent to battlecry.vn@gmail.com. Thank you.

#battlecry #khampha #kinhte #dialy",DÂN THÁI LAN CAY ĐẮNG NHÌN CẢNH DOANH NGHIỆP VIỆT NAM &quot;THỊ UY&quot; XE BUS ĐIỆN GIỮA LÒNG BANGKOK,2026-09-21T05:18:24Z,2026-09-21T05:18:24Z,"Kỷ nguyên xe điện là công bằng nhất với tất cả các nước, tất cả các doanh nghiệp sx ô tô. Tất cả đều xuất phát từ con số 0.những nước có nền tảng kinh nghiệp sx xe xăng khi bước vào cuộc chơi xe điện thì nó cũng không giúp ích gì nhiều, thậm chí còn bị zàng buộc những chiếc xe xăng sx trước đó.",top_level,,UgzLX0ANfCGrXUmh7314AaABAg,0,2026-09-22T09:20:09Z,2026-09-22T09:20:09Z,0,UC4oQekdON9MeBObnQ60Ps1g,transport_impact,0,0,youtube_20260926_1347,baseline_20260926_134704,2026-09-26T20:47:45.911029+07:00
youtube_c_UgzRjCPjWtNGmTJocWp4AaABAg,youtube,https://www.youtube.com/watch?v=o5hjDTBi694,o5hjDTBi694,"DÂN THÁI LAN CAY ĐẮNG NHÌN CẢNH DOANH NGHIỆP VIỆT NAM &quot;THỊ UY&quot; XE BUS ĐIỆN GIỮA LÒNG BANGKOK
👉 Khám phá ngay Tủ sách số và Audio book Thực chiến tại hệ thống Sơn Hải Nguyễn. Chỉ 15 phút nghe mỗi ngày, bạn sẽ có ngay tư duy sắc bén để xử lý gọn gàng những góc khuất đời thường và công sở.

👉 Truy cập ngay sonhainguyen.com để khám phá thêm kho công cụ và tài liệu hỗ trợ cho công việc và nâng cao kỹ năng làm việc của bạn
---------------------------------
Một đất nước có năng lực sản xuất khoảng 1,5 triệu ô tô mỗi năm, sở hữu hàng loạt nhà máy của Toyota, Honda, Isuzu hay Mitsubishi, giờ lại chứng kiến Kim Long Motor của Việt Nam mang xe buýt điện sang Bangkok, tổ chức lễ ra mắt và ký những đơn hàng hàng trăm chiếc ngay trên sân nhà của ngành ô tô Thái.

Câu chuyện càng đáng chú ý bởi trong nhiều năm, Việt Nam thường được xem là người đi sau trong ngành công nghiệp ô tô khu vực. Nhưng chỉ trong một thời gian ngắn, doanh nghiệp Việt đã bắt đầu xuất hiện ở những phân khúc mới như xe điện, xe buýt và phương tiện thương mại xanh.

Một số tư liệu được sử dụng trong video thuộc về các chủ sở hữu đáng kính. Mọi vấn đề liên quan đến bản quyền, vui lòng liên hệ: battlecry.vn@gmail.com.
Some of the materials used in the video belongs to the rightful owners. All Copyrights related issues should be sent to battlecry.vn@gmail.com. Thank you.

#battlecry #khampha #kinhte #dialy",DÂN THÁI LAN CAY ĐẮNG NHÌN CẢNH DOANH NGHIỆP VIỆT NAM &quot;THỊ UY&quot; XE BUS ĐIỆN GIỮA LÒNG BANGKOK,2026-09-21T05:18:24Z,2026-09-21T05:18:24Z,Tôi đã ghét vin từ khi mua 2dt và 2tv rồi,top_level,,UgzRjCPjWtNGmTJocWp4AaABAg,0,2026-09-21T15:53:49Z,2026-09-21T15:53:49Z,1,UCxySM41tmh4Y7m5uTWRtOmg,,0,0,youtube_20260926_1347,baseline_20260926_134704,2026-09-26T20:47:49.218939+07:00
youtube_c_UgzVw2iZwt8zpxwergl4AaABAg,youtube,https://www.youtube.com/watch?v=o5hjDTBi694,o5hjDTBi694,"DÂN THÁI LAN CAY ĐẮNG NHÌN CẢNH DOANH NGHIỆP VIỆT NAM &quot;THỊ UY&quot; XE BUS ĐIỆN GIỮA LÒNG BANGKOK
👉 Khám phá ngay Tủ sách số và Audio book Thực chiến tại hệ thống Sơn Hải Nguyễn. Chỉ 15 phút nghe mỗi ngày, bạn sẽ có ngay tư duy sắc bén để xử lý gọn gàng những góc khuất đời thường và công sở.

👉 Truy cập ngay sonhainguyen.com để khám phá thêm kho công cụ và tài liệu hỗ trợ cho công việc và nâng cao kỹ năng làm việc của bạn
---------------------------------
Một đất nước có năng lực sản xuất khoảng 1,5 triệu ô tô mỗi năm, sở hữu hàng loạt nhà máy của Toyota, Honda, Isuzu hay Mitsubishi, giờ lại chứng kiến Kim Long Motor của Việt Nam mang xe buýt điện sang Bangkok, tổ chức lễ ra mắt và ký những đơn hàng hàng trăm chiếc ngay trên sân nhà của ngành ô tô Thái.

Câu chuyện càng đáng chú ý bởi trong nhiều năm, Việt Nam thường được xem là người đi sau trong ngành công nghiệp ô tô khu vực. Nhưng chỉ trong một thời gian ngắn, doanh nghiệp Việt đã bắt đầu xuất hiện ở những phân khúc mới như xe điện, xe buýt và phương tiện thương mại xanh.

Một số tư liệu được sử dụng trong video thuộc về các chủ sở hữu đáng kính. Mọi vấn đề liên quan đến bản quyền, vui lòng liên hệ: battlecry.vn@gmail.com.
Some of the materials used in the video belongs to the rightful owners. All Copyrights related issues should be sent to battlecry.vn@gmail.com. Thank you.

#battlecry #khampha #kinhte #dialy",DÂN THÁI LAN CAY ĐẮNG NHÌN CẢNH DOANH NGHIỆP VIỆT NAM &quot;THỊ UY&quot; XE BUS ĐIỆN GIỮA LÒNG BANGKOK,2026-09-21T05:18:24Z,2026-09-21T05:18:24Z,Kim Long là của china,top_level,,UgzVw2iZwt8zpxwergl4AaABAg,0,2026-09-22T14:46:41Z,2026-09-22T14:46:41Z,0,UCcanfKsnOLrb00xaFdaRxzQ,,0,0,youtube_20260926_1347,baseline_20260926_134704,2026-09-26T20:47:45.904755+07:00
youtube_c_UgzW90qehJft-b1ljKl4AaABAg,youtube,https://www.youtube.com/watch?v=o5hjDTBi694,o5hjDTBi694,"DÂN THÁI LAN CAY ĐẮNG NHÌN CẢNH DOANH NGHIỆP VIỆT NAM &quot;THỊ UY&quot; XE BUS ĐIỆN GIỮA LÒNG BANGKOK
👉 Khám phá ngay Tủ sách số và Audio book Thực chiến tại hệ thống Sơn Hải Nguyễn. Chỉ 15 phút nghe mỗi ngày, bạn sẽ có ngay tư duy sắc bén để xử lý gọn gàng những góc khuất đời thường và công sở.

👉 Truy cập ngay sonhainguyen.com để khám phá thêm kho công cụ và tài liệu hỗ trợ cho công việc và nâng cao kỹ năng làm việc của bạn
---------------------------------
Một đất nước có năng lực sản xuất khoảng 1,5 triệu ô tô mỗi năm, sở hữu hàng loạt nhà máy của Toyota, Honda, Isuzu hay Mitsubishi, giờ lại chứng kiến Kim Long Motor của Việt Nam mang xe buýt điện sang Bangkok, tổ chức lễ ra mắt và ký những đơn hàng hàng trăm chiếc ngay trên sân nhà của ngành ô tô Thái.

Câu chuyện càng đáng chú ý bởi trong nhiều năm, Việt Nam thường được xem là người đi sau trong ngành công nghiệp ô tô khu vực. Nhưng chỉ trong một thời gian ngắn, doanh nghiệp Việt đã bắt đầu xuất hiện ở những phân khúc mới như xe điện, xe buýt và phương tiện thương mại xanh.

Một số tư liệu được sử dụng trong video thuộc về các chủ sở hữu đáng kính. Mọi vấn đề liên quan đến bản quyền, vui lòng liên hệ: battlecry.vn@gmail.com.
Some of the materials used in the video belongs to the rightful owners. All Copyrights related issues should be sent to battlecry.vn@gmail.com. Thank you.

#battlecry #khampha #kinhte #dialy",DÂN THÁI LAN CAY ĐẮNG NHÌN CẢNH DOANH NGHIỆP VIỆT NAM &quot;THỊ UY&quot; XE BUS ĐIỆN GIỮA LÒNG BANGKOK,2026-09-21T05:18:24Z,2026-09-21T05:18:24Z,Mang tiếng xe vn😂 ko thâyd nhục khi k lòng tàu 100%😂 à,top_level,,UgzW90qehJft-b1ljKl4AaABAg,0,2026-09-21T07:19:02Z,2026-09-21T07:19:02Z,0,UC1BYQyc8PGpaxfcys1R7ubA,,0,0,youtube_20260926_1347,baseline_20260926_134704,2026-09-26T20:48:45.650654+07:00
youtube_c_UgzW90qehJft-b1ljKl4AaABAg.Ab06kGlwAHzAb07gpQMTCR,youtube,https://www.youtube.com/watch?v=o5hjDTBi694,o5hjDTBi694,"DÂN THÁI LAN CAY ĐẮNG NHÌN CẢNH DOANH NGHIỆP VIỆT NAM &quot;THỊ UY&quot; XE BUS ĐIỆN GIỮA LÒNG BANGKOK
👉 Khám phá ngay Tủ sách số và Audio book Thực chiến tại hệ thống Sơn Hải Nguyễn. Chỉ 15 phút nghe mỗi ngày, bạn sẽ có ngay tư duy sắc bén để xử lý gọn gàng những góc khuất đời thường và công sở.

👉 Truy cập ngay sonhainguyen.com để khám phá thêm kho công cụ và tài liệu hỗ trợ cho công việc và nâng cao kỹ năng làm việc của bạn
---------------------------------
Một đất nước có năng lực sản xuất khoảng 1,5 triệu ô tô mỗi năm, sở hữu hàng loạt nhà máy của Toyota, Honda, Isuzu hay Mitsubishi, giờ lại chứng kiến Kim Long Motor của Việt Nam mang xe buýt điện sang Bangkok, tổ chức lễ ra mắt và ký những đơn hàng hàng trăm chiếc ngay trên sân nhà của ngành ô tô Thái.

Câu chuyện càng đáng chú ý bởi trong nhiều năm, Việt Nam thường được xem là người đi sau trong ngành công nghiệp ô tô khu vực. Nhưng chỉ trong một thời gian ngắn, doanh nghiệp Việt đã bắt đầu xuất hiện ở những phân khúc mới như xe điện, xe buýt và phương tiện thương mại xanh.

Một số tư liệu được sử dụng trong video thuộc về các chủ sở hữu đáng kính. Mọi vấn đề liên quan đến bản quyền, vui lòng liên hệ: battlecry.vn@gmail.com.
Some of the materials used in the video belongs to the rightful owners. All Copyrights related issues should be sent to battlecry.vn@gmail.com. Thank you.

#battlecry #khampha #kinhte #dialy",DÂN THÁI LAN CAY ĐẮNG NHÌN CẢNH DOANH NGHIỆP VIỆT NAM &quot;THỊ UY&quot; XE BUS ĐIỆN GIỮA LÒNG BANGKOK,2026-09-21T05:18:24Z,2026-09-21T05:18:24Z,những thằng như mày thấy người ta phát triển chút là khích bác còn không thấy nhục thì việc gì học phải thấy nhục,reply,UgzW90qehJft-b1ljKl4AaABAg,UgzW90qehJft-b1ljKl4AaABAg,1,2026-09-21T07:27:18Z,2026-09-21T07:27:18Z,0,UC8eKW7r7XVOzGsWu4mRFNEA,,0,0,youtube_20260926_1347,baseline_20260926_134704,2026-09-26T20:48:48.962509+07:00
youtube_c_UgzYNTLJNFKMIDW7ued4AaABAg,youtube,https://www.youtube.com/watch?v=o5hjDTBi694,o5hjDTBi694,"DÂN THÁI LAN CAY ĐẮNG NHÌN CẢNH DOANH NGHIỆP VIỆT NAM &quot;THỊ UY&quot; XE BUS ĐIỆN GIỮA LÒNG BANGKOK
👉 Khám phá ngay Tủ sách số và Audio book Thực chiến tại hệ thống Sơn Hải Nguyễn. Chỉ 15 phút nghe mỗi ngày, bạn sẽ có ngay tư duy sắc bén để xử lý gọn gàng những góc khuất đời thường và công sở.

👉 Truy cập ngay sonhainguyen.com để khám phá thêm kho công cụ và tài liệu hỗ trợ cho công việc và nâng cao kỹ năng làm việc của bạn
---------------------------------
Một đất nước có năng lực sản xuất khoảng 1,5 triệu ô tô mỗi năm, sở hữu hàng loạt nhà máy của Toyota, Honda, Isuzu hay Mitsubishi, giờ lại chứng kiến Kim Long Motor của Việt Nam mang xe buýt điện sang Bangkok, tổ chức lễ ra mắt và ký những đơn hàng hàng trăm chiếc ngay trên sân nhà của ngành ô tô Thái.

Câu chuyện càng đáng chú ý bởi trong nhiều năm, Việt Nam thường được xem là người đi sau trong ngành công nghiệp ô tô khu vực. Nhưng chỉ trong một thời gian ngắn, doanh nghiệp Việt đã bắt đầu xuất hiện ở những phân khúc mới như xe điện, xe buýt và phương tiện thương mại xanh.

Một số tư liệu được sử dụng trong video thuộc về các chủ sở hữu đáng kính. Mọi vấn đề liên quan đến bản quyền, vui lòng liên hệ: battlecry.vn@gmail.com.
Some of the materials used in the video belongs to the rightful owners. All Copyrights related issues should be sent to battlecry.vn@gmail.com. Thank you.

#battlecry #khampha #kinhte #dialy",DÂN THÁI LAN CAY ĐẮNG NHÌN CẢNH DOANH NGHIỆP VIỆT NAM &quot;THỊ UY&quot; XE BUS ĐIỆN GIỮA LÒNG BANGKOK,2026-09-21T05:18:24Z,2026-09-21T05:18:24Z,❤❤❤,top_level,,UgzYNTLJNFKMIDW7ued4AaABAg,0,2026-09-21T06:48:49Z,2026-09-21T06:48:49Z,3,UCL_3jXQ3dTZb6f1YI8S1e_w,,0,0,youtube_20260926_1347,baseline_20260926_134704,2026-09-26T20:49:05.363396+07:00
youtube_c_UgzZNWCsHMu_yWIsQnd4AaABAg,youtube,https://www.youtube.com/watch?v=o5hjDTBi694,o5hjDTBi694,"DÂN THÁI LAN CAY ĐẮNG NHÌN CẢNH DOANH NGHIỆP VIỆT NAM &quot;THỊ UY&quot; XE BUS ĐIỆN GIỮA LÒNG BANGKOK
👉 Khám phá ngay Tủ sách số và Audio book Thực chiến tại hệ thống Sơn Hải Nguyễn. Chỉ 15 phút nghe mỗi ngày, bạn sẽ có ngay tư duy sắc bén để xử lý gọn gàng những góc khuất đời thường và công sở.

👉 Truy cập ngay sonhainguyen.com để khám phá thêm kho công cụ và tài liệu hỗ trợ cho công việc và nâng cao kỹ năng làm việc của bạn
---------------------------------
Một đất nước có năng lực sản xuất khoảng 1,5 triệu ô tô mỗi năm, sở hữu hàng loạt nhà máy của Toyota, Honda, Isuzu hay Mitsubishi, giờ lại chứng kiến Kim Long Motor của Việt Nam mang xe buýt điện sang Bangkok, tổ chức lễ ra mắt và ký những đơn hàng hàng trăm chiếc ngay trên sân nhà của ngành ô tô Thái.

Câu chuyện càng đáng chú ý bởi trong nhiều năm, Việt Nam thường được xem là người đi sau trong ngành công nghiệp ô tô khu vực. Nhưng chỉ trong một thời gian ngắn, doanh nghiệp Việt đã bắt đầu xuất hiện ở những phân khúc mới như xe điện, xe buýt và phương tiện thương mại xanh.

Một số tư liệu được sử dụng trong video thuộc về các chủ sở hữu đáng kính. Mọi vấn đề liên quan đến bản quyền, vui lòng liên hệ: battlecry.vn@gmail.com.
Some of the materials used in the video belongs to the rightful owners. All Copyrights related issues should be sent to battlecry.vn@gmail.com. Thank you.

#battlecry #khampha #kinhte #dialy",DÂN THÁI LAN CAY ĐẮNG NHÌN CẢNH DOANH NGHIỆP VIỆT NAM &quot;THỊ UY&quot; XE BUS ĐIỆN GIỮA LÒNG BANGKOK,2026-09-21T05:18:24Z,2026-09-21T05:18:24Z,"Nghĩ đến cái thời Dream Thái, Wave Thái, Innova Thái là ước mơ của nhiều người Việt Nam, thì mới thấy niềm  vui khi ô tô xe máy Vn xuất sang Thái nó thế nào.",top_level,,UgzZNWCsHMu_yWIsQnd4AaABAg,0,2026-09-21T10:25:29Z,2026-09-21T10:25:29Z,30,UCNUa5WA_8Qp6ZD8WSrfkCWg,transport_impact,0,0,youtube_20260926_1347,baseline_20260926_134704,2026-09-26T20:48:02.407691+07:00
youtube_c_UgzZNWCsHMu_yWIsQnd4AaABAg.Ab0S4nEcwuyAb22Hr8SfZ1,youtube,https://www.youtube.com/watch?v=o5hjDTBi694,o5hjDTBi694,"DÂN THÁI LAN CAY ĐẮNG NHÌN CẢNH DOANH NGHIỆP VIỆT NAM &quot;THỊ UY&quot; XE BUS ĐIỆN GIỮA LÒNG BANGKOK
👉 Khám phá ngay Tủ sách số và Audio book Thực chiến tại hệ thống Sơn Hải Nguyễn. Chỉ 15 phút nghe mỗi ngày, bạn sẽ có ngay tư duy sắc bén để xử lý gọn gàng những góc khuất đời thường và công sở.

👉 Truy cập ngay sonhainguyen.com để khám phá thêm kho công cụ và tài liệu hỗ trợ cho công việc và nâng cao kỹ năng làm việc của bạn
---------------------------------
Một đất nước có năng lực sản xuất khoảng 1,5 triệu ô tô mỗi năm, sở hữu hàng loạt nhà máy của Toyota, Honda, Isuzu hay Mitsubishi, giờ lại chứng kiến Kim Long Motor của Việt Nam mang xe buýt điện sang Bangkok, tổ chức lễ ra mắt và ký những đơn hàng hàng trăm chiếc ngay trên sân nhà của ngành ô tô Thái.

Câu chuyện càng đáng chú ý bởi trong nhiều năm, Việt Nam thường được xem là người đi sau trong ngành công nghiệp ô tô khu vực. Nhưng chỉ trong một thời gian ngắn, doanh nghiệp Việt đã bắt đầu xuất hiện ở những phân khúc mới như xe điện, xe buýt và phương tiện thương mại xanh.

Một số tư liệu được sử dụng trong video thuộc về các chủ sở hữu đáng kính. Mọi vấn đề liên quan đến bản quyền, vui lòng liên hệ: battlecry.vn@gmail.com.
Some of the materials used in the video belongs to the rightful owners. All Copyrights related issues should be sent to battlecry.vn@gmail.com. Thank you.

#battlecry #khampha #kinhte #dialy",DÂN THÁI LAN CAY ĐẮNG NHÌN CẢNH DOANH NGHIỆP VIỆT NAM &quot;THỊ UY&quot; XE BUS ĐIỆN GIỮA LÒNG BANGKOK,2026-09-21T05:18:24Z,2026-09-21T05:18:24Z,"Có 100 chiếc bus thôi. Nó đâu có rảnh mà xây cả đống nhà máy để ráp 100 chiếc bus nên doanh nghiệp bus nó nhập về chạy cho nhanh. Thị trường xe thì chưa có tuổi vớu nó vì doanh nghiệp honda, toyota ở nước nó đã quá tối ưu rồi xe chạy vẫn đã. Việt nam hơn nó là có hãng xe điện được cái tiết kiệm xăng chạy dịch vụ chứ sao bằng xe thái, nhập lại của nó bao nhiêu chiếc biết không",reply,UgzZNWCsHMu_yWIsQnd4AaABAg,UgzZNWCsHMu_yWIsQnd4AaABAg,1,2026-09-22T01:18:33Z,2026-09-22T01:18:33Z,1,UCctOUEVFP5LjyhlMC0lgqlw,transport_impact,0,0,youtube_20260926_1347,baseline_20260926_134704,2026-09-26T20:48:05.960769+07:00
youtube_c_UgzZNWCsHMu_yWIsQnd4AaABAg.Ab0S4nEcwuyAb2EA4QcKGm,youtube,https://www.youtube.com/watch?v=o5hjDTBi694,o5hjDTBi694,"DÂN THÁI LAN CAY ĐẮNG NHÌN CẢNH DOANH NGHIỆP VIỆT NAM &quot;THỊ UY&quot; XE BUS ĐIỆN GIỮA LÒNG BANGKOK
👉 Khám phá ngay Tủ sách số và Audio book Thực chiến tại hệ thống Sơn Hải Nguyễn. Chỉ 15 phút nghe mỗi ngày, bạn sẽ có ngay tư duy sắc bén để xử lý gọn gàng những góc khuất đời thường và công sở.

👉 Truy cập ngay sonhainguyen.com để khám phá thêm kho công cụ và tài liệu hỗ trợ cho công việc và nâng cao kỹ năng làm việc của bạn
---------------------------------
Một đất nước có năng lực sản xuất khoảng 1,5 triệu ô tô mỗi năm, sở hữu hàng loạt nhà máy của Toyota, Honda, Isuzu hay Mitsubishi, giờ lại chứng kiến Kim Long Motor của Việt Nam mang xe buýt điện sang Bangkok, tổ chức lễ ra mắt và ký những đơn hàng hàng trăm chiếc ngay trên sân nhà của ngành ô tô Thái.

Câu chuyện càng đáng chú ý bởi trong nhiều năm, Việt Nam thường được xem là người đi sau trong ngành công nghiệp ô tô khu vực. Nhưng chỉ trong một thời gian ngắn, doanh nghiệp Việt đã bắt đầu xuất hiện ở những phân khúc mới như xe điện, xe buýt và phương tiện thương mại xanh.

Một số tư liệu được sử dụng trong video thuộc về các chủ sở hữu đáng kính. Mọi vấn đề liên quan đến bản quyền, vui lòng liên hệ: battlecry.vn@gmail.com.
Some of the materials used in the video belongs to the rightful owners. All Copyrights related issues should be sent to battlecry.vn@gmail.com. Thank you.

#battlecry #khampha #kinhte #dialy",DÂN THÁI LAN CAY ĐẮNG NHÌN CẢNH DOANH NGHIỆP VIỆT NAM &quot;THỊ UY&quot; XE BUS ĐIỆN GIỮA LÒNG BANGKOK,2026-09-21T05:18:24Z,2026-09-21T05:18:24Z,"@h@homnaycogi5185Thì từ không đến có, từ có ít đến có nhiều, biết vui với thành quả có được nó cũng mang lại động lực soongs",reply,UgzZNWCsHMu_yWIsQnd4AaABAg,UgzZNWCsHMu_yWIsQnd4AaABAg,1,2026-09-22T03:02:21Z,2026-09-22T03:02:21Z,0,UCNUa5WA_8Qp6ZD8WSrfkCWg,,0,0,youtube_20260926_1347,baseline_20260926_134704,2026-09-26T20:48:05.962769+07:00
youtube_c_UgzZNWCsHMu_yWIsQnd4AaABAg.Ab0S4nEcwuyAb3BFfiv5jk,youtube,https://www.youtube.com/watch?v=o5hjDTBi694,o5hjDTBi694,"DÂN THÁI LAN CAY ĐẮNG NHÌN CẢNH DOANH NGHIỆP VIỆT NAM &quot;THỊ UY&quot; XE BUS ĐIỆN GIỮA LÒNG BANGKOK
👉 Khám phá ngay Tủ sách số và Audio book Thực chiến tại hệ thống Sơn Hải Nguyễn. Chỉ 15 phút nghe mỗi ngày, bạn sẽ có ngay tư duy sắc bén để xử lý gọn gàng những góc khuất đời thường và công sở.

👉 Truy cập ngay sonhainguyen.com để khám phá thêm kho công cụ và tài liệu hỗ trợ cho công việc và nâng cao kỹ năng làm việc của bạn
---------------------------------
Một đất nước có năng lực sản xuất khoảng 1,5 triệu ô tô mỗi năm, sở hữu hàng loạt nhà máy của Toyota, Honda, Isuzu hay Mitsubishi, giờ lại chứng kiến Kim Long Motor của Việt Nam mang xe buýt điện sang Bangkok, tổ chức lễ ra mắt và ký những đơn hàng hàng trăm chiếc ngay trên sân nhà của ngành ô tô Thái.

Câu chuyện càng đáng chú ý bởi trong nhiều năm, Việt Nam thường được xem là người đi sau trong ngành công nghiệp ô tô khu vực. Nhưng chỉ trong một thời gian ngắn, doanh nghiệp Việt đã bắt đầu xuất hiện ở những phân khúc mới như xe điện, xe buýt và phương tiện thương mại xanh.

Một số tư liệu được sử dụng trong video thuộc về các chủ sở hữu đáng kính. Mọi vấn đề liên quan đến bản quyền, vui lòng liên hệ: battlecry.vn@gmail.com.
Some of the materials used in the video belongs to the rightful owners. All Copyrights related issues should be sent to battlecry.vn@gmail.com. Thank you.

#battlecry #khampha #kinhte #dialy",DÂN THÁI LAN CAY ĐẮNG NHÌN CẢNH DOANH NGHIỆP VIỆT NAM &quot;THỊ UY&quot; XE BUS ĐIỆN GIỮA LÒNG BANGKOK,2026-09-21T05:18:24Z,2026-09-21T05:18:24Z,"@h@homnaycogi5185hặng đường nào cũng phải bắt đầu từ bước đi đầu tiên, đường dài mới biết ngựa hay.. toyota với honda đang thua vin trên đất Việt đó thôi",reply,UgzZNWCsHMu_yWIsQnd4AaABAg,UgzZNWCsHMu_yWIsQnd4AaABAg,1,2026-09-22T11:56:08Z,2026-09-22T11:56:08Z,0,UCW3uNHrxq8Lg5qZeCBfBSbA,transport_impact,0,0,youtube_20260926_1347,baseline_20260926_134704,2026-09-26T20:48:05.963770+07:00
youtube_c_UgzZNWCsHMu_yWIsQnd4AaABAg.Ab0S4nEcwuyAb4uM5noHpq,youtube,https://www.youtube.com/watch?v=o5hjDTBi694,o5hjDTBi694,"DÂN THÁI LAN CAY ĐẮNG NHÌN CẢNH DOANH NGHIỆP VIỆT NAM &quot;THỊ UY&quot; XE BUS ĐIỆN GIỮA LÒNG BANGKOK
👉 Khám phá ngay Tủ sách số và Audio book Thực chiến tại hệ thống Sơn Hải Nguyễn. Chỉ 15 phút nghe mỗi ngày, bạn sẽ có ngay tư duy sắc bén để xử lý gọn gàng những góc khuất đời thường và công sở.

👉 Truy cập ngay sonhainguyen.com để khám phá thêm kho công cụ và tài liệu hỗ trợ cho công việc và nâng cao kỹ năng làm việc của bạn
---------------------------------
Một đất nước có năng lực sản xuất khoảng 1,5 triệu ô tô mỗi năm, sở hữu hàng loạt nhà máy của Toyota, Honda, Isuzu hay Mitsubishi, giờ lại chứng kiến Kim Long Motor của Việt Nam mang xe buýt điện sang Bangkok, tổ chức lễ ra mắt và ký những đơn hàng hàng trăm chiếc ngay trên sân nhà của ngành ô tô Thái.

Câu chuyện càng đáng chú ý bởi trong nhiều năm, Việt Nam thường được xem là người đi sau trong ngành công nghiệp ô tô khu vực. Nhưng chỉ trong một thời gian ngắn, doanh nghiệp Việt đã bắt đầu xuất hiện ở những phân khúc mới như xe điện, xe buýt và phương tiện thương mại xanh.

Một số tư liệu được sử dụng trong video thuộc về các chủ sở hữu đáng kính. Mọi vấn đề liên quan đến bản quyền, vui lòng liên hệ: battlecry.vn@gmail.com.
Some of the materials used in the video belongs to the rightful owners. All Copyrights related issues should be sent to battlecry.vn@gmail.com. Thank you.

#battlecry #khampha #kinhte #dialy",DÂN THÁI LAN CAY ĐẮNG NHÌN CẢNH DOANH NGHIỆP VIỆT NAM &quot;THỊ UY&quot; XE BUS ĐIỆN GIỮA LÒNG BANGKOK,2026-09-21T05:18:24Z,2026-09-21T05:18:24Z,@h@homnaycogi5185ất ơ xe hơi thái cũng chỉ sản xuất phụ kiện công nghệ lõi thì thằng nhật ko bao giờ chuyển giao còn công nghệ xe điện thì trung quốc chiếm thị phần bên thái chưa hề có thế giới đang chuyển dần sang công nghệ xanh thì xe hơi chạy xăng dần thành đồ cổ mà thôi ..😅😅😅,reply,UgzZNWCsHMu_yWIsQnd4AaABAg,UgzZNWCsHMu_yWIsQnd4AaABAg,1,2026-09-23T03:58:13Z,2026-09-23T03:58:13Z,0,UC7jFabgs94utE3Ie7Ezqu6w,transport_impact,0,0,youtube_20260926_1347,baseline_20260926_134704,2026-09-26T20:48:05.965767+07:00
youtube_c_UgzZNWCsHMu_yWIsQnd4AaABAg.Ab0S4nEcwuyAb78RxQ3M42,youtube,https://www.youtube.com/watch?v=o5hjDTBi694,o5hjDTBi694,"DÂN THÁI LAN CAY ĐẮNG NHÌN CẢNH DOANH NGHIỆP VIỆT NAM &quot;THỊ UY&quot; XE BUS ĐIỆN GIỮA LÒNG BANGKOK
👉 Khám phá ngay Tủ sách số và Audio book Thực chiến tại hệ thống Sơn Hải Nguyễn. Chỉ 15 phút nghe mỗi ngày, bạn sẽ có ngay tư duy sắc bén để xử lý gọn gàng những góc khuất đời thường và công sở.

👉 Truy cập ngay sonhainguyen.com để khám phá thêm kho công cụ và tài liệu hỗ trợ cho công việc và nâng cao kỹ năng làm việc của bạn
---------------------------------
Một đất nước có năng lực sản xuất khoảng 1,5 triệu ô tô mỗi năm, sở hữu hàng loạt nhà máy của Toyota, Honda, Isuzu hay Mitsubishi, giờ lại chứng kiến Kim Long Motor của Việt Nam mang xe buýt điện sang Bangkok, tổ chức lễ ra mắt và ký những đơn hàng hàng trăm chiếc ngay trên sân nhà của ngành ô tô Thái.

Câu chuyện càng đáng chú ý bởi trong nhiều năm, Việt Nam thường được xem là người đi sau trong ngành công nghiệp ô tô khu vực. Nhưng chỉ trong một thời gian ngắn, doanh nghiệp Việt đã bắt đầu xuất hiện ở những phân khúc mới như xe điện, xe buýt và phương tiện thương mại xanh.

Một số tư liệu được sử dụng trong video thuộc về các chủ sở hữu đáng kính. Mọi vấn đề liên quan đến bản quyền, vui lòng liên hệ: battlecry.vn@gmail.com.
Some of the materials used in the video belongs to the rightful owners. All Copyrights related issues should be sent to battlecry.vn@gmail.com. Thank you.

#battlecry #khampha #kinhte #dialy",DÂN THÁI LAN CAY ĐẮNG NHÌN CẢNH DOANH NGHIỆP VIỆT NAM &quot;THỊ UY&quot; XE BUS ĐIỆN GIỮA LÒNG BANGKOK,2026-09-21T05:18:24Z,2026-09-21T05:18:24Z,Đọc tâng bốc riết lú. 1 bên đóng góp GPD cao ngất ngưỡng 1 bên đang lỗ để đầu tư hạ tầng mà đòi hơn,reply,UgzZNWCsHMu_yWIsQnd4AaABAg,UgzZNWCsHMu_yWIsQnd4AaABAg,1,2026-09-24T00:48:34Z,2026-09-24T00:48:34Z,0,UCctOUEVFP5LjyhlMC0lgqlw,,0,0,youtube_20260926_1347,baseline_20260926_134704,2026-09-26T20:48:05.966768+07:00
youtube_c_UgzZNWCsHMu_yWIsQnd4AaABAg.Ab0S4nEcwuyAb89eNPb55A,youtube,https://www.youtube.com/watch?v=o5hjDTBi694,o5hjDTBi694,"DÂN THÁI LAN CAY ĐẮNG NHÌN CẢNH DOANH NGHIỆP VIỆT NAM &quot;THỊ UY&quot; XE BUS ĐIỆN GIỮA LÒNG BANGKOK
👉 Khám phá ngay Tủ sách số và Audio book Thực chiến tại hệ thống Sơn Hải Nguyễn. Chỉ 15 phút nghe mỗi ngày, bạn sẽ có ngay tư duy sắc bén để xử lý gọn gàng những góc khuất đời thường và công sở.

👉 Truy cập ngay sonhainguyen.com để khám phá thêm kho công cụ và tài liệu hỗ trợ cho công việc và nâng cao kỹ năng làm việc của bạn
---------------------------------
Một đất nước có năng lực sản xuất khoảng 1,5 triệu ô tô mỗi năm, sở hữu hàng loạt nhà máy của Toyota, Honda, Isuzu hay Mitsubishi, giờ lại chứng kiến Kim Long Motor của Việt Nam mang xe buýt điện sang Bangkok, tổ chức lễ ra mắt và ký những đơn hàng hàng trăm chiếc ngay trên sân nhà của ngành ô tô Thái.

Câu chuyện càng đáng chú ý bởi trong nhiều năm, Việt Nam thường được xem là người đi sau trong ngành công nghiệp ô tô khu vực. Nhưng chỉ trong một thời gian ngắn, doanh nghiệp Việt đã bắt đầu xuất hiện ở những phân khúc mới như xe điện, xe buýt và phương tiện thương mại xanh.

Một số tư liệu được sử dụng trong video thuộc về các chủ sở hữu đáng kính. Mọi vấn đề liên quan đến bản quyền, vui lòng liên hệ: battlecry.vn@gmail.com.
Some of the materials used in the video belongs to the rightful owners. All Copyrights related issues should be sent to battlecry.vn@gmail.com. Thank you.

#battlecry #khampha #kinhte #dialy",DÂN THÁI LAN CAY ĐẮNG NHÌN CẢNH DOANH NGHIỆP VIỆT NAM &quot;THỊ UY&quot; XE BUS ĐIỆN GIỮA LÒNG BANGKOK,2026-09-21T05:18:24Z,2026-09-21T05:18:24Z,@h@homnaycogi5185 ừ đúng rồi GPD thái cao  tao cũng đến khép đuýt tao ạ mài ..😂😂😂,reply,UgzZNWCsHMu_yWIsQnd4AaABAg,UgzZNWCsHMu_yWIsQnd4AaABAg,1,2026-09-24T10:18:22Z,2026-09-24T10:18:22Z,0,UC7jFabgs94utE3Ie7Ezqu6w,,0,0,youtube_20260926_1347,baseline_20260926_134704,2026-09-26T20:48:05.967769+07:00
youtube_c_UgzZNWCsHMu_yWIsQnd4AaABAg.Ab0S4nEcwuyAb8As8isVX_,youtube,https://www.youtube.com/watch?v=o5hjDTBi694,o5hjDTBi694,"DÂN THÁI LAN CAY ĐẮNG NHÌN CẢNH DOANH NGHIỆP VIỆT NAM &quot;THỊ UY&quot; XE BUS ĐIỆN GIỮA LÒNG BANGKOK
👉 Khám phá ngay Tủ sách số và Audio book Thực chiến tại hệ thống Sơn Hải Nguyễn. Chỉ 15 phút nghe mỗi ngày, bạn sẽ có ngay tư duy sắc bén để xử lý gọn gàng những góc khuất đời thường và công sở.

👉 Truy cập ngay sonhainguyen.com để khám phá thêm kho công cụ và tài liệu hỗ trợ cho công việc và nâng cao kỹ năng làm việc của bạn
---------------------------------
Một đất nước có năng lực sản xuất khoảng 1,5 triệu ô tô mỗi năm, sở hữu hàng loạt nhà máy của Toyota, Honda, Isuzu hay Mitsubishi, giờ lại chứng kiến Kim Long Motor của Việt Nam mang xe buýt điện sang Bangkok, tổ chức lễ ra mắt và ký những đơn hàng hàng trăm chiếc ngay trên sân nhà của ngành ô tô Thái.

Câu chuyện càng đáng chú ý bởi trong nhiều năm, Việt Nam thường được xem là người đi sau trong ngành công nghiệp ô tô khu vực. Nhưng chỉ trong một thời gian ngắn, doanh nghiệp Việt đã bắt đầu xuất hiện ở những phân khúc mới như xe điện, xe buýt và phương tiện thương mại xanh.

Một số tư liệu được sử dụng trong video thuộc về các chủ sở hữu đáng kính. Mọi vấn đề liên quan đến bản quyền, vui lòng liên hệ: battlecry.vn@gmail.com.
Some of the materials used in the video belongs to the rightful owners. All Copyrights related issues should be sent to battlecry.vn@gmail.com. Thank you.

#battlecry #khampha #kinhte #dialy",DÂN THÁI LAN CAY ĐẮNG NHÌN CẢNH DOANH NGHIỆP VIỆT NAM &quot;THỊ UY&quot; XE BUS ĐIỆN GIỮA LÒNG BANGKOK,2026-09-21T05:18:24Z,2026-09-21T05:18:24Z,​@nguyenthanh..dốt được dạy thì phải lạy thôi,reply,UgzZNWCsHMu_yWIsQnd4AaABAg,UgzZNWCsHMu_yWIsQnd4AaABAg,1,2026-09-24T10:29:00Z,2026-09-24T10:29:00Z,0,UCctOUEVFP5LjyhlMC0lgqlw,,0,0,youtube_20260926_1347,baseline_20260926_134704,2026-09-26T20:48:05.968769+07:00
youtube_c_UgzpMFnjELgzbayF-dF4AaABAg,youtube,https://www.youtube.com/watch?v=o5hjDTBi694,o5hjDTBi694,"DÂN THÁI LAN CAY ĐẮNG NHÌN CẢNH DOANH NGHIỆP VIỆT NAM &quot;THỊ UY&quot; XE BUS ĐIỆN GIỮA LÒNG BANGKOK
👉 Khám phá ngay Tủ sách số và Audio book Thực chiến tại hệ thống Sơn Hải Nguyễn. Chỉ 15 phút nghe mỗi ngày, bạn sẽ có ngay tư duy sắc bén để xử lý gọn gàng những góc khuất đời thường và công sở.

👉 Truy cập ngay sonhainguyen.com để khám phá thêm kho công cụ và tài liệu hỗ trợ cho công việc và nâng cao kỹ năng làm việc của bạn
---------------------------------
Một đất nước có năng lực sản xuất khoảng 1,5 triệu ô tô mỗi năm, sở hữu hàng loạt nhà máy của Toyota, Honda, Isuzu hay Mitsubishi, giờ lại chứng kiến Kim Long Motor của Việt Nam mang xe buýt điện sang Bangkok, tổ chức lễ ra mắt và ký những đơn hàng hàng trăm chiếc ngay trên sân nhà của ngành ô tô Thái.

Câu chuyện càng đáng chú ý bởi trong nhiều năm, Việt Nam thường được xem là người đi sau trong ngành công nghiệp ô tô khu vực. Nhưng chỉ trong một thời gian ngắn, doanh nghiệp Việt đã bắt đầu xuất hiện ở những phân khúc mới như xe điện, xe buýt và phương tiện thương mại xanh.

Một số tư liệu được sử dụng trong video thuộc về các chủ sở hữu đáng kính. Mọi vấn đề liên quan đến bản quyền, vui lòng liên hệ: battlecry.vn@gmail.com.
Some of the materials used in the video belongs to the rightful owners. All Copyrights related issues should be sent to battlecry.vn@gmail.com. Thank you.

#battlecry #khampha #kinhte #dialy",DÂN THÁI LAN CAY ĐẮNG NHÌN CẢNH DOANH NGHIỆP VIỆT NAM &quot;THỊ UY&quot; XE BUS ĐIỆN GIỮA LÒNG BANGKOK,2026-09-21T05:18:24Z,2026-09-21T05:18:24Z,"😂😂 ที่ต้องถามคือ ขยันแต่วเรื่องไทยจริงๆ ยกหางตัวเองมากๆ มันเมื่อยนะ วางลงบ้าง เรื่องคุยโวนี่เก่งจริง
แล้วตองภามว่า ลำบากมาเปิดโรงงานในไทย ที่ค่าแรงแพงกว่าทำไม มันแปลกๆนะ
แล้วดูจะเสพติดมาก เรื่องแบรนด์รถแห่งชาติ ทำยังกะเป็นจอกศักดิ์สิทธิ์ ไม่ได้ดูสภาพบริษัทเลย ถ้าแบรนด์วินฟาสท์ เป็นบริษัทไทย อยู่ไม่ได้นะ ต้องเอาภาษีไปอุ้มบริษอทที่ผลงานระดับแค่นี้ แต่ที่นั่น ทำยังกะเป็นกิจการของรัฐ",top_level,,UgzpMFnjELgzbayF-dF4AaABAg,0,2026-09-21T09:28:55Z,2026-09-21T09:28:55Z,0,UCK36fkmizhfZu5osO7BqpRg,,0,0,youtube_20260926_1347,baseline_20260926_134704,2026-09-26T20:48:09.196905+07:00
youtube_c_UgzpMFnjELgzbayF-dF4AaABAg.Ab0LbUevgmqAb0P6v9FWGb,youtube,https://www.youtube.com/watch?v=o5hjDTBi694,o5hjDTBi694,"DÂN THÁI LAN CAY ĐẮNG NHÌN CẢNH DOANH NGHIỆP VIỆT NAM &quot;THỊ UY&quot; XE BUS ĐIỆN GIỮA LÒNG BANGKOK
👉 Khám phá ngay Tủ sách số và Audio book Thực chiến tại hệ thống Sơn Hải Nguyễn. Chỉ 15 phút nghe mỗi ngày, bạn sẽ có ngay tư duy sắc bén để xử lý gọn gàng những góc khuất đời thường và công sở.

👉 Truy cập ngay sonhainguyen.com để khám phá thêm kho công cụ và tài liệu hỗ trợ cho công việc và nâng cao kỹ năng làm việc của bạn
---------------------------------
Một đất nước có năng lực sản xuất khoảng 1,5 triệu ô tô mỗi năm, sở hữu hàng loạt nhà máy của Toyota, Honda, Isuzu hay Mitsubishi, giờ lại chứng kiến Kim Long Motor của Việt Nam mang xe buýt điện sang Bangkok, tổ chức lễ ra mắt và ký những đơn hàng hàng trăm chiếc ngay trên sân nhà của ngành ô tô Thái.

Câu chuyện càng đáng chú ý bởi trong nhiều năm, Việt Nam thường được xem là người đi sau trong ngành công nghiệp ô tô khu vực. Nhưng chỉ trong một thời gian ngắn, doanh nghiệp Việt đã bắt đầu xuất hiện ở những phân khúc mới như xe điện, xe buýt và phương tiện thương mại xanh.

Một số tư liệu được sử dụng trong video thuộc về các chủ sở hữu đáng kính. Mọi vấn đề liên quan đến bản quyền, vui lòng liên hệ: battlecry.vn@gmail.com.
Some of the materials used in the video belongs to the rightful owners. All Copyrights related issues should be sent to battlecry.vn@gmail.com. Thank you.

#battlecry #khampha #kinhte #dialy",DÂN THÁI LAN CAY ĐẮNG NHÌN CẢNH DOANH NGHIỆP VIỆT NAM &quot;THỊ UY&quot; XE BUS ĐIỆN GIỮA LÒNG BANGKOK,2026-09-21T05:18:24Z,2026-09-21T05:18:24Z,Khoe khoang gì? Thế xe thương hiệu Thái đâu? Hay Thái chỉ gia công và lắp ráp,reply,UgzpMFnjELgzbayF-dF4AaABAg,UgzpMFnjELgzbayF-dF4AaABAg,1,2026-09-21T09:59:33Z,2026-09-21T09:59:33Z,0,UCAVrUCuiTDBZLcjZn0-0bbw,,0,0,youtube_20260926_1347,baseline_20260926_134704,2026-09-26T20:48:12.546396+07:00
youtube_c_UgzpMFnjELgzbayF-dF4AaABAg.Ab0LbUevgmqAb0dliEwzNj,youtube,https://www.youtube.com/watch?v=o5hjDTBi694,o5hjDTBi694,"DÂN THÁI LAN CAY ĐẮNG NHÌN CẢNH DOANH NGHIỆP VIỆT NAM &quot;THỊ UY&quot; XE BUS ĐIỆN GIỮA LÒNG BANGKOK
👉 Khám phá ngay Tủ sách số và Audio book Thực chiến tại hệ thống Sơn Hải Nguyễn. Chỉ 15 phút nghe mỗi ngày, bạn sẽ có ngay tư duy sắc bén để xử lý gọn gàng những góc khuất đời thường và công sở.

👉 Truy cập ngay sonhainguyen.com để khám phá thêm kho công cụ và tài liệu hỗ trợ cho công việc và nâng cao kỹ năng làm việc của bạn
---------------------------------
Một đất nước có năng lực sản xuất khoảng 1,5 triệu ô tô mỗi năm, sở hữu hàng loạt nhà máy của Toyota, Honda, Isuzu hay Mitsubishi, giờ lại chứng kiến Kim Long Motor của Việt Nam mang xe buýt điện sang Bangkok, tổ chức lễ ra mắt và ký những đơn hàng hàng trăm chiếc ngay trên sân nhà của ngành ô tô Thái.

Câu chuyện càng đáng chú ý bởi trong nhiều năm, Việt Nam thường được xem là người đi sau trong ngành công nghiệp ô tô khu vực. Nhưng chỉ trong một thời gian ngắn, doanh nghiệp Việt đã bắt đầu xuất hiện ở những phân khúc mới như xe điện, xe buýt và phương tiện thương mại xanh.

Một số tư liệu được sử dụng trong video thuộc về các chủ sở hữu đáng kính. Mọi vấn đề liên quan đến bản quyền, vui lòng liên hệ: battlecry.vn@gmail.com.
Some of the materials used in the video belongs to the rightful owners. All Copyrights related issues should be sent to battlecry.vn@gmail.com. Thank you.

#battlecry #khampha #kinhte #dialy",DÂN THÁI LAN CAY ĐẮNG NHÌN CẢNH DOANH NGHIỆP VIỆT NAM &quot;THỊ UY&quot; XE BUS ĐIỆN GIỮA LÒNG BANGKOK,2026-09-21T05:18:24Z,2026-09-21T05:18:24Z,"Vậy rồi thương hiệu xe hơi với xe bus điện hiện đại của Thái đâu ? Nói nhiều làm gì ? Có hay không ? Yes or no , lèm bèm vãi lol",reply,UgzpMFnjELgzbayF-dF4AaABAg,UgzpMFnjELgzbayF-dF4AaABAg,1,2026-09-21T12:16:20Z,2026-09-21T12:16:20Z,0,UCKwc38u0idpHLkDRLzdQdnA,"transport_impact,electric_bus",0,0,youtube_20260926_1347,baseline_20260926_134704,2026-09-26T20:48:12.548450+07:00
youtube_c_UgzqZm_uvrfQyHAsG6J4AaABAg,youtube,https://www.youtube.com/watch?v=o5hjDTBi694,o5hjDTBi694,"DÂN THÁI LAN CAY ĐẮNG NHÌN CẢNH DOANH NGHIỆP VIỆT NAM &quot;THỊ UY&quot; XE BUS ĐIỆN GIỮA LÒNG BANGKOK
👉 Khám phá ngay Tủ sách số và Audio book Thực chiến tại hệ thống Sơn Hải Nguyễn. Chỉ 15 phút nghe mỗi ngày, bạn sẽ có ngay tư duy sắc bén để xử lý gọn gàng những góc khuất đời thường và công sở.

👉 Truy cập ngay sonhainguyen.com để khám phá thêm kho công cụ và tài liệu hỗ trợ cho công việc và nâng cao kỹ năng làm việc của bạn
---------------------------------
Một đất nước có năng lực sản xuất khoảng 1,5 triệu ô tô mỗi năm, sở hữu hàng loạt nhà máy của Toyota, Honda, Isuzu hay Mitsubishi, giờ lại chứng kiến Kim Long Motor của Việt Nam mang xe buýt điện sang Bangkok, tổ chức lễ ra mắt và ký những đơn hàng hàng trăm chiếc ngay trên sân nhà của ngành ô tô Thái.

Câu chuyện càng đáng chú ý bởi trong nhiều năm, Việt Nam thường được xem là người đi sau trong ngành công nghiệp ô tô khu vực. Nhưng chỉ trong một thời gian ngắn, doanh nghiệp Việt đã bắt đầu xuất hiện ở những phân khúc mới như xe điện, xe buýt và phương tiện thương mại xanh.

Một số tư liệu được sử dụng trong video thuộc về các chủ sở hữu đáng kính. Mọi vấn đề liên quan đến bản quyền, vui lòng liên hệ: battlecry.vn@gmail.com.
Some of the materials used in the video belongs to the rightful owners. All Copyrights related issues should be sent to battlecry.vn@gmail.com. Thank you.

#battlecry #khampha #kinhte #dialy",DÂN THÁI LAN CAY ĐẮNG NHÌN CẢNH DOANH NGHIỆP VIỆT NAM &quot;THỊ UY&quot; XE BUS ĐIỆN GIỮA LÒNG BANGKOK,2026-09-21T05:18:24Z,2026-09-21T05:18:24Z,Thái Lan nhiều tỉ phú gốc Hoa mà kim Long thì là 1 phiên bản của Trung Quốc núp bóng CTY việt.vậy nên nó nhập của nhau là người hoa ủng hộ người hoa,top_level,,UgzqZm_uvrfQyHAsG6J4AaABAg,0,2026-09-21T07:30:59Z,2026-09-21T07:30:59Z,2,UCXPIwHpmWeyjABMcV_CABHA,,0,0,youtube_20260926_1347,baseline_20260926_134704,2026-09-26T20:48:35.817233+07:00
youtube_c_UgzqZm_uvrfQyHAsG6J4AaABAg.Ab086mICpkWAb09IBZsYV9,youtube,https://www.youtube.com/watch?v=o5hjDTBi694,o5hjDTBi694,"DÂN THÁI LAN CAY ĐẮNG NHÌN CẢNH DOANH NGHIỆP VIỆT NAM &quot;THỊ UY&quot; XE BUS ĐIỆN GIỮA LÒNG BANGKOK
👉 Khám phá ngay Tủ sách số và Audio book Thực chiến tại hệ thống Sơn Hải Nguyễn. Chỉ 15 phút nghe mỗi ngày, bạn sẽ có ngay tư duy sắc bén để xử lý gọn gàng những góc khuất đời thường và công sở.

👉 Truy cập ngay sonhainguyen.com để khám phá thêm kho công cụ và tài liệu hỗ trợ cho công việc và nâng cao kỹ năng làm việc của bạn
---------------------------------
Một đất nước có năng lực sản xuất khoảng 1,5 triệu ô tô mỗi năm, sở hữu hàng loạt nhà máy của Toyota, Honda, Isuzu hay Mitsubishi, giờ lại chứng kiến Kim Long Motor của Việt Nam mang xe buýt điện sang Bangkok, tổ chức lễ ra mắt và ký những đơn hàng hàng trăm chiếc ngay trên sân nhà của ngành ô tô Thái.

Câu chuyện càng đáng chú ý bởi trong nhiều năm, Việt Nam thường được xem là người đi sau trong ngành công nghiệp ô tô khu vực. Nhưng chỉ trong một thời gian ngắn, doanh nghiệp Việt đã bắt đầu xuất hiện ở những phân khúc mới như xe điện, xe buýt và phương tiện thương mại xanh.

Một số tư liệu được sử dụng trong video thuộc về các chủ sở hữu đáng kính. Mọi vấn đề liên quan đến bản quyền, vui lòng liên hệ: battlecry.vn@gmail.com.
Some of the materials used in the video belongs to the rightful owners. All Copyrights related issues should be sent to battlecry.vn@gmail.com. Thank you.

#battlecry #khampha #kinhte #dialy",DÂN THÁI LAN CAY ĐẮNG NHÌN CẢNH DOANH NGHIỆP VIỆT NAM &quot;THỊ UY&quot; XE BUS ĐIỆN GIỮA LÒNG BANGKOK,2026-09-21T05:18:24Z,2026-09-21T05:18:24Z,núp bóng như thế nào bạn?,reply,UgzqZm_uvrfQyHAsG6J4AaABAg,UgzqZm_uvrfQyHAsG6J4AaABAg,1,2026-09-21T07:41:17Z,2026-09-21T07:41:17Z,0,UC7kkpEa5aglzCX_Cux_vJkg,,0,0,youtube_20260926_1347,baseline_20260926_134704,2026-09-26T20:48:39.073204+07:00
youtube_c_UgzqZm_uvrfQyHAsG6J4AaABAg.Ab086mICpkWAb09Nf4D0PK,youtube,https://www.youtube.com/watch?v=o5hjDTBi694,o5hjDTBi694,"DÂN THÁI LAN CAY ĐẮNG NHÌN CẢNH DOANH NGHIỆP VIỆT NAM &quot;THỊ UY&quot; XE BUS ĐIỆN GIỮA LÒNG BANGKOK
👉 Khám phá ngay Tủ sách số và Audio book Thực chiến tại hệ thống Sơn Hải Nguyễn. Chỉ 15 phút nghe mỗi ngày, bạn sẽ có ngay tư duy sắc bén để xử lý gọn gàng những góc khuất đời thường và công sở.

👉 Truy cập ngay sonhainguyen.com để khám phá thêm kho công cụ và tài liệu hỗ trợ cho công việc và nâng cao kỹ năng làm việc của bạn
---------------------------------
Một đất nước có năng lực sản xuất khoảng 1,5 triệu ô tô mỗi năm, sở hữu hàng loạt nhà máy của Toyota, Honda, Isuzu hay Mitsubishi, giờ lại chứng kiến Kim Long Motor của Việt Nam mang xe buýt điện sang Bangkok, tổ chức lễ ra mắt và ký những đơn hàng hàng trăm chiếc ngay trên sân nhà của ngành ô tô Thái.

Câu chuyện càng đáng chú ý bởi trong nhiều năm, Việt Nam thường được xem là người đi sau trong ngành công nghiệp ô tô khu vực. Nhưng chỉ trong một thời gian ngắn, doanh nghiệp Việt đã bắt đầu xuất hiện ở những phân khúc mới như xe điện, xe buýt và phương tiện thương mại xanh.

Một số tư liệu được sử dụng trong video thuộc về các chủ sở hữu đáng kính. Mọi vấn đề liên quan đến bản quyền, vui lòng liên hệ: battlecry.vn@gmail.com.
Some of the materials used in the video belongs to the rightful owners. All Copyrights related issues should be sent to battlecry.vn@gmail.com. Thank you.

#battlecry #khampha #kinhte #dialy",DÂN THÁI LAN CAY ĐẮNG NHÌN CẢNH DOANH NGHIỆP VIỆT NAM &quot;THỊ UY&quot; XE BUS ĐIỆN GIỮA LÒNG BANGKOK,2026-09-21T05:18:24Z,2026-09-21T05:18:24Z,ng hoa đoàn kết thế đó.,reply,UgzqZm_uvrfQyHAsG6J4AaABAg,UgzqZm_uvrfQyHAsG6J4AaABAg,1,2026-09-21T07:42:02Z,2026-09-21T07:42:02Z,0,UC_rRAl57v7ApHIw0Z4FjuiA,,0,0,youtube_20260926_1347,baseline_20260926_134704,2026-09-26T20:48:39.073204+07:00
youtube_c_UgzqZm_uvrfQyHAsG6J4AaABAg.Ab086mICpkWAb0Dw26a9hR,youtube,https://www.youtube.com/watch?v=o5hjDTBi694,o5hjDTBi694,"DÂN THÁI LAN CAY ĐẮNG NHÌN CẢNH DOANH NGHIỆP VIỆT NAM &quot;THỊ UY&quot; XE BUS ĐIỆN GIỮA LÒNG BANGKOK
👉 Khám phá ngay Tủ sách số và Audio book Thực chiến tại hệ thống Sơn Hải Nguyễn. Chỉ 15 phút nghe mỗi ngày, bạn sẽ có ngay tư duy sắc bén để xử lý gọn gàng những góc khuất đời thường và công sở.

👉 Truy cập ngay sonhainguyen.com để khám phá thêm kho công cụ và tài liệu hỗ trợ cho công việc và nâng cao kỹ năng làm việc của bạn
---------------------------------
Một đất nước có năng lực sản xuất khoảng 1,5 triệu ô tô mỗi năm, sở hữu hàng loạt nhà máy của Toyota, Honda, Isuzu hay Mitsubishi, giờ lại chứng kiến Kim Long Motor của Việt Nam mang xe buýt điện sang Bangkok, tổ chức lễ ra mắt và ký những đơn hàng hàng trăm chiếc ngay trên sân nhà của ngành ô tô Thái.

Câu chuyện càng đáng chú ý bởi trong nhiều năm, Việt Nam thường được xem là người đi sau trong ngành công nghiệp ô tô khu vực. Nhưng chỉ trong một thời gian ngắn, doanh nghiệp Việt đã bắt đầu xuất hiện ở những phân khúc mới như xe điện, xe buýt và phương tiện thương mại xanh.

Một số tư liệu được sử dụng trong video thuộc về các chủ sở hữu đáng kính. Mọi vấn đề liên quan đến bản quyền, vui lòng liên hệ: battlecry.vn@gmail.com.
Some of the materials used in the video belongs to the rightful owners. All Copyrights related issues should be sent to battlecry.vn@gmail.com. Thank you.

#battlecry #khampha #kinhte #dialy",DÂN THÁI LAN CAY ĐẮNG NHÌN CẢNH DOANH NGHIỆP VIỆT NAM &quot;THỊ UY&quot; XE BUS ĐIỆN GIỮA LÒNG BANGKOK,2026-09-21T05:18:24Z,2026-09-21T05:18:24Z,Là công ty họ đăng ký pháp nhân việt Nam nhé ko có từ nào nói công ty Trung Quốc cứ suy diễn lung tung . Còn việc họ hợp tác với công ty trung quốc mua bám máy móc chuyển giao công nghệ là bình thường hợp tác làm ăn thôi,reply,UgzqZm_uvrfQyHAsG6J4AaABAg,UgzqZm_uvrfQyHAsG6J4AaABAg,1,2026-09-21T08:21:49Z,2026-09-21T08:21:49Z,1,UCNKo8_Uxh8JShUMA10wJq2A,,0,0,youtube_20260926_1347,baseline_20260926_134704,2026-09-26T20:48:39.080177+07:00
youtube_c_UgzqZm_uvrfQyHAsG6J4AaABAg.Ab086mICpkWAb8XGP16cZM,youtube,https://www.youtube.com/watch?v=o5hjDTBi694,o5hjDTBi694,"DÂN THÁI LAN CAY ĐẮNG NHÌN CẢNH DOANH NGHIỆP VIỆT NAM &quot;THỊ UY&quot; XE BUS ĐIỆN GIỮA LÒNG BANGKOK
👉 Khám phá ngay Tủ sách số và Audio book Thực chiến tại hệ thống Sơn Hải Nguyễn. Chỉ 15 phút nghe mỗi ngày, bạn sẽ có ngay tư duy sắc bén để xử lý gọn gàng những góc khuất đời thường và công sở.

👉 Truy cập ngay sonhainguyen.com để khám phá thêm kho công cụ và tài liệu hỗ trợ cho công việc và nâng cao kỹ năng làm việc của bạn
---------------------------------
Một đất nước có năng lực sản xuất khoảng 1,5 triệu ô tô mỗi năm, sở hữu hàng loạt nhà máy của Toyota, Honda, Isuzu hay Mitsubishi, giờ lại chứng kiến Kim Long Motor của Việt Nam mang xe buýt điện sang Bangkok, tổ chức lễ ra mắt và ký những đơn hàng hàng trăm chiếc ngay trên sân nhà của ngành ô tô Thái.

Câu chuyện càng đáng chú ý bởi trong nhiều năm, Việt Nam thường được xem là người đi sau trong ngành công nghiệp ô tô khu vực. Nhưng chỉ trong một thời gian ngắn, doanh nghiệp Việt đã bắt đầu xuất hiện ở những phân khúc mới như xe điện, xe buýt và phương tiện thương mại xanh.

Một số tư liệu được sử dụng trong video thuộc về các chủ sở hữu đáng kính. Mọi vấn đề liên quan đến bản quyền, vui lòng liên hệ: battlecry.vn@gmail.com.
Some of the materials used in the video belongs to the rightful owners. All Copyrights related issues should be sent to battlecry.vn@gmail.com. Thank you.

#battlecry #khampha #kinhte #dialy",DÂN THÁI LAN CAY ĐẮNG NHÌN CẢNH DOANH NGHIỆP VIỆT NAM &quot;THỊ UY&quot; XE BUS ĐIỆN GIỮA LÒNG BANGKOK,2026-09-21T05:18:24Z,2026-09-21T05:18:24Z,"@DangTien8388 Suy cho cùng, Golden Dragon Bus là một nhà sản xuất xe buýt cỡ lớn của Trung Quốc—điều này chẳng có gì đáng ngạc nhiên cả; xét cho cùng, các linh kiện và thiết kế cho xe điện VinFast của bạn cũng do các công ty Trung Quốc cung cấp.",reply,UgzqZm_uvrfQyHAsG6J4AaABAg,UgzqZm_uvrfQyHAsG6J4AaABAg,1,2026-09-24T13:44:41Z,2026-09-24T13:44:41Z,0,UCxYMhJ-Ub3QGotnLIr5y5Fw,transport_impact,0,0,youtube_20260926_1347,baseline_20260926_134704,2026-09-26T20:48:39.080177+07:00
youtube_c_Ugzsbh-5wqFM2gykGhp4AaABAg,youtube,https://www.youtube.com/watch?v=o5hjDTBi694,o5hjDTBi694,"DÂN THÁI LAN CAY ĐẮNG NHÌN CẢNH DOANH NGHIỆP VIỆT NAM &quot;THỊ UY&quot; XE BUS ĐIỆN GIỮA LÒNG BANGKOK
👉 Khám phá ngay Tủ sách số và Audio book Thực chiến tại hệ thống Sơn Hải Nguyễn. Chỉ 15 phút nghe mỗi ngày, bạn sẽ có ngay tư duy sắc bén để xử lý gọn gàng những góc khuất đời thường và công sở.

👉 Truy cập ngay sonhainguyen.com để khám phá thêm kho công cụ và tài liệu hỗ trợ cho công việc và nâng cao kỹ năng làm việc của bạn
---------------------------------
Một đất nước có năng lực sản xuất khoảng 1,5 triệu ô tô mỗi năm, sở hữu hàng loạt nhà máy của Toyota, Honda, Isuzu hay Mitsubishi, giờ lại chứng kiến Kim Long Motor của Việt Nam mang xe buýt điện sang Bangkok, tổ chức lễ ra mắt và ký những đơn hàng hàng trăm chiếc ngay trên sân nhà của ngành ô tô Thái.

Câu chuyện càng đáng chú ý bởi trong nhiều năm, Việt Nam thường được xem là người đi sau trong ngành công nghiệp ô tô khu vực. Nhưng chỉ trong một thời gian ngắn, doanh nghiệp Việt đã bắt đầu xuất hiện ở những phân khúc mới như xe điện, xe buýt và phương tiện thương mại xanh.

Một số tư liệu được sử dụng trong video thuộc về các chủ sở hữu đáng kính. Mọi vấn đề liên quan đến bản quyền, vui lòng liên hệ: battlecry.vn@gmail.com.
Some of the materials used in the video belongs to the rightful owners. All Copyrights related issues should be sent to battlecry.vn@gmail.com. Thank you.

#battlecry #khampha #kinhte #dialy",DÂN THÁI LAN CAY ĐẮNG NHÌN CẢNH DOANH NGHIỆP VIỆT NAM &quot;THỊ UY&quot; XE BUS ĐIỆN GIỮA LÒNG BANGKOK,2026-09-21T05:18:24Z,2026-09-21T05:18:24Z,"Bravo Vietnam  ! Tuyet voi Vinfast  ! Niem tu hao Vietnam ! Rat mong moi nguoi mua Vinfast de ung ho ky nghe nuoc nha  ! Mua xe "" tau hu "" la dong nghia giup cho chung no xam luoc bien dao Vietnam !",top_level,,Ugzsbh-5wqFM2gykGhp4AaABAg,0,2026-09-22T00:53:52Z,2026-09-22T00:53:52Z,2,UCXxhy1b5CjBcLIE1k_T5XdA,,0,0,youtube_20260926_1347,baseline_20260926_134704,2026-09-26T20:47:45.915767+07:00
youtube_c_Ugztc0QI3PaoKGSCJfh4AaABAg,youtube,https://www.youtube.com/watch?v=o5hjDTBi694,o5hjDTBi694,"DÂN THÁI LAN CAY ĐẮNG NHÌN CẢNH DOANH NGHIỆP VIỆT NAM &quot;THỊ UY&quot; XE BUS ĐIỆN GIỮA LÒNG BANGKOK
👉 Khám phá ngay Tủ sách số và Audio book Thực chiến tại hệ thống Sơn Hải Nguyễn. Chỉ 15 phút nghe mỗi ngày, bạn sẽ có ngay tư duy sắc bén để xử lý gọn gàng những góc khuất đời thường và công sở.

👉 Truy cập ngay sonhainguyen.com để khám phá thêm kho công cụ và tài liệu hỗ trợ cho công việc và nâng cao kỹ năng làm việc của bạn
---------------------------------
Một đất nước có năng lực sản xuất khoảng 1,5 triệu ô tô mỗi năm, sở hữu hàng loạt nhà máy của Toyota, Honda, Isuzu hay Mitsubishi, giờ lại chứng kiến Kim Long Motor của Việt Nam mang xe buýt điện sang Bangkok, tổ chức lễ ra mắt và ký những đơn hàng hàng trăm chiếc ngay trên sân nhà của ngành ô tô Thái.

Câu chuyện càng đáng chú ý bởi trong nhiều năm, Việt Nam thường được xem là người đi sau trong ngành công nghiệp ô tô khu vực. Nhưng chỉ trong một thời gian ngắn, doanh nghiệp Việt đã bắt đầu xuất hiện ở những phân khúc mới như xe điện, xe buýt và phương tiện thương mại xanh.

Một số tư liệu được sử dụng trong video thuộc về các chủ sở hữu đáng kính. Mọi vấn đề liên quan đến bản quyền, vui lòng liên hệ: battlecry.vn@gmail.com.
Some of the materials used in the video belongs to the rightful owners. All Copyrights related issues should be sent to battlecry.vn@gmail.com. Thank you.

#battlecry #khampha #kinhte #dialy",DÂN THÁI LAN CAY ĐẮNG NHÌN CẢNH DOANH NGHIỆP VIỆT NAM &quot;THỊ UY&quot; XE BUS ĐIỆN GIỮA LÒNG BANGKOK,2026-09-21T05:18:24Z,2026-09-21T05:18:24Z,Nếu tôi là thủ TƯỚNG CHÍNH phủ: tôi bắt buộc tp HN và HCM CHUYỂN sang xe bus điện 100% trước 2025; CÁC tp CÒN LẠI HOÀN THÀNH trước 2030,top_level,,Ugztc0QI3PaoKGSCJfh4AaABAg,0,2026-09-21T14:47:57Z,2026-09-21T14:47:57Z,1,UCGl2Nvy4pKsCgAjGfLpOqNA,"transport_impact,hanoi_location,electric_bus",0,0,youtube_20260926_1347,baseline_20260926_134704,2026-09-26T20:47:55.815731+07:00
youtube_c_UgzvS-YW-gcbbYbdSdZ4AaABAg,youtube,https://www.youtube.com/watch?v=o5hjDTBi694,o5hjDTBi694,"DÂN THÁI LAN CAY ĐẮNG NHÌN CẢNH DOANH NGHIỆP VIỆT NAM &quot;THỊ UY&quot; XE BUS ĐIỆN GIỮA LÒNG BANGKOK
👉 Khám phá ngay Tủ sách số và Audio book Thực chiến tại hệ thống Sơn Hải Nguyễn. Chỉ 15 phút nghe mỗi ngày, bạn sẽ có ngay tư duy sắc bén để xử lý gọn gàng những góc khuất đời thường và công sở.

👉 Truy cập ngay sonhainguyen.com để khám phá thêm kho công cụ và tài liệu hỗ trợ cho công việc và nâng cao kỹ năng làm việc của bạn
---------------------------------
Một đất nước có năng lực sản xuất khoảng 1,5 triệu ô tô mỗi năm, sở hữu hàng loạt nhà máy của Toyota, Honda, Isuzu hay Mitsubishi, giờ lại chứng kiến Kim Long Motor của Việt Nam mang xe buýt điện sang Bangkok, tổ chức lễ ra mắt và ký những đơn hàng hàng trăm chiếc ngay trên sân nhà của ngành ô tô Thái.

Câu chuyện càng đáng chú ý bởi trong nhiều năm, Việt Nam thường được xem là người đi sau trong ngành công nghiệp ô tô khu vực. Nhưng chỉ trong một thời gian ngắn, doanh nghiệp Việt đã bắt đầu xuất hiện ở những phân khúc mới như xe điện, xe buýt và phương tiện thương mại xanh.

Một số tư liệu được sử dụng trong video thuộc về các chủ sở hữu đáng kính. Mọi vấn đề liên quan đến bản quyền, vui lòng liên hệ: battlecry.vn@gmail.com.
Some of the materials used in the video belongs to the rightful owners. All Copyrights related issues should be sent to battlecry.vn@gmail.com. Thank you.

#battlecry #khampha #kinhte #dialy",DÂN THÁI LAN CAY ĐẮNG NHÌN CẢNH DOANH NGHIỆP VIỆT NAM &quot;THỊ UY&quot; XE BUS ĐIỆN GIỮA LÒNG BANGKOK,2026-09-21T05:18:24Z,2026-09-21T05:18:24Z,Không nên dùng từ ngữ gây mâu thuẫn như vậy.,top_level,,UgzvS-YW-gcbbYbdSdZ4AaABAg,0,2026-09-21T09:11:02Z,2026-09-21T09:11:02Z,1,UCPJpLEDLW0yqVzo1WGL8yyQ,,0,0,youtube_20260926_1347,baseline_20260926_134704,2026-09-26T20:48:12.549371+07:00
youtube_c_Ugzz3Oxo9dLIjTTsmmx4AaABAg,youtube,https://www.youtube.com/watch?v=o5hjDTBi694,o5hjDTBi694,"DÂN THÁI LAN CAY ĐẮNG NHÌN CẢNH DOANH NGHIỆP VIỆT NAM &quot;THỊ UY&quot; XE BUS ĐIỆN GIỮA LÒNG BANGKOK
👉 Khám phá ngay Tủ sách số và Audio book Thực chiến tại hệ thống Sơn Hải Nguyễn. Chỉ 15 phút nghe mỗi ngày, bạn sẽ có ngay tư duy sắc bén để xử lý gọn gàng những góc khuất đời thường và công sở.

👉 Truy cập ngay sonhainguyen.com để khám phá thêm kho công cụ và tài liệu hỗ trợ cho công việc và nâng cao kỹ năng làm việc của bạn
---------------------------------
Một đất nước có năng lực sản xuất khoảng 1,5 triệu ô tô mỗi năm, sở hữu hàng loạt nhà máy của Toyota, Honda, Isuzu hay Mitsubishi, giờ lại chứng kiến Kim Long Motor của Việt Nam mang xe buýt điện sang Bangkok, tổ chức lễ ra mắt và ký những đơn hàng hàng trăm chiếc ngay trên sân nhà của ngành ô tô Thái.

Câu chuyện càng đáng chú ý bởi trong nhiều năm, Việt Nam thường được xem là người đi sau trong ngành công nghiệp ô tô khu vực. Nhưng chỉ trong một thời gian ngắn, doanh nghiệp Việt đã bắt đầu xuất hiện ở những phân khúc mới như xe điện, xe buýt và phương tiện thương mại xanh.

Một số tư liệu được sử dụng trong video thuộc về các chủ sở hữu đáng kính. Mọi vấn đề liên quan đến bản quyền, vui lòng liên hệ: battlecry.vn@gmail.com.
Some of the materials used in the video belongs to the rightful owners. All Copyrights related issues should be sent to battlecry.vn@gmail.com. Thank you.

#battlecry #khampha #kinhte #dialy",DÂN THÁI LAN CAY ĐẮNG NHÌN CẢNH DOANH NGHIỆP VIỆT NAM &quot;THỊ UY&quot; XE BUS ĐIỆN GIỮA LÒNG BANGKOK,2026-09-21T05:18:24Z,2026-09-21T05:18:24Z,Mọi người quên rằng kim Long là thương hiệu tàu à,top_level,,Ugzz3Oxo9dLIjTTsmmx4AaABAg,0,2026-09-21T15:35:23Z,2026-09-21T15:35:23Z,2,UCZNlT0jPPYsOxKBi8UOPAKw,,0,0,youtube_20260926_1347,baseline_20260926_134704,2026-09-26T20:47:49.219932+07:00
youtube_c_Ugzz3Oxo9dLIjTTsmmx4AaABAg.Ab1-YbGzDiXAb36QcYbl1b,youtube,https://www.youtube.com/watch?v=o5hjDTBi694,o5hjDTBi694,"DÂN THÁI LAN CAY ĐẮNG NHÌN CẢNH DOANH NGHIỆP VIỆT NAM &quot;THỊ UY&quot; XE BUS ĐIỆN GIỮA LÒNG BANGKOK
👉 Khám phá ngay Tủ sách số và Audio book Thực chiến tại hệ thống Sơn Hải Nguyễn. Chỉ 15 phút nghe mỗi ngày, bạn sẽ có ngay tư duy sắc bén để xử lý gọn gàng những góc khuất đời thường và công sở.

👉 Truy cập ngay sonhainguyen.com để khám phá thêm kho công cụ và tài liệu hỗ trợ cho công việc và nâng cao kỹ năng làm việc của bạn
---------------------------------
Một đất nước có năng lực sản xuất khoảng 1,5 triệu ô tô mỗi năm, sở hữu hàng loạt nhà máy của Toyota, Honda, Isuzu hay Mitsubishi, giờ lại chứng kiến Kim Long Motor của Việt Nam mang xe buýt điện sang Bangkok, tổ chức lễ ra mắt và ký những đơn hàng hàng trăm chiếc ngay trên sân nhà của ngành ô tô Thái.

Câu chuyện càng đáng chú ý bởi trong nhiều năm, Việt Nam thường được xem là người đi sau trong ngành công nghiệp ô tô khu vực. Nhưng chỉ trong một thời gian ngắn, doanh nghiệp Việt đã bắt đầu xuất hiện ở những phân khúc mới như xe điện, xe buýt và phương tiện thương mại xanh.

Một số tư liệu được sử dụng trong video thuộc về các chủ sở hữu đáng kính. Mọi vấn đề liên quan đến bản quyền, vui lòng liên hệ: battlecry.vn@gmail.com.
Some of the materials used in the video belongs to the rightful owners. All Copyrights related issues should be sent to battlecry.vn@gmail.com. Thank you.

#battlecry #khampha #kinhte #dialy",DÂN THÁI LAN CAY ĐẮNG NHÌN CẢNH DOANH NGHIỆP VIỆT NAM &quot;THỊ UY&quot; XE BUS ĐIỆN GIỮA LÒNG BANGKOK,2026-09-21T05:18:24Z,2026-09-21T05:18:24Z,"kệ đi, miễn có tiền về Việt Nam là được",reply,Ugzz3Oxo9dLIjTTsmmx4AaABAg,Ugzz3Oxo9dLIjTTsmmx4AaABAg,1,2026-09-22T11:13:57Z,2026-09-22T11:13:57Z,0,UCgryQXT0onAVTtFQXYC8WhA,transport_impact,0,0,youtube_20260926_1347,baseline_20260926_134704,2026-09-26T20:47:52.548845+07:00
youtube_c_UgyHEyxnuEoldLmFbvZ4AaABAg,youtube,https://www.youtube.com/watch?v=pPQW0iI8L6E,pPQW0iI8L6E,"Nhìn lại dàn xe buýt 148 cũ, sau hơn nửa năm về VinBus. SAMCO I.51 CNG (SaigonBus).
Nhìn lại dàn xe buýt 148 cũ, sau hơn nửa năm về VinBus. SAMCO I.51 CNG (SaigonBus).","Nhìn lại dàn xe buýt 148 cũ, sau hơn nửa năm về VinBus. SAMCO I.51 CNG (SaigonBus).",2026-09-26T11:00:03Z,2026-09-26T11:00:03Z,"Hồi xưa 148 êm ái, tiếng đóng mở cửa êm tai, lâu lâu có H68 tăng cường (tầm tháng 10/2025 thì đc bổ sung 3 xe 79405, 79843, 80604 vô biên chế). Giờ nhìn xe thấy chán",top_level,,UgyHEyxnuEoldLmFbvZ4AaABAg,0,2026-09-27T08:59:10Z,2026-09-27T08:59:10Z,0,UChZA2YeeQI5jLFb5ptkGZIw,,0,0,youtube_20260927_0911,baseline_20260926_134704,2026-09-27T16:12:19.659498+07:00
youtube_c_UgwCSDCr5tIQPOGFOwN4AaABAg,youtube,https://www.youtube.com/watch?v=rM_y4rWlOtg,rM_y4rWlOtg,"Trải nghiệm đi VŨNG TÀU  Bằng XE BUÝT ĐIỆN 172 Từ Quận 1 |GIÁ VÉ RẺ  Nhưng Liệu Có Đáng Đi Không ?
Đi Vũng Tàu bằng xe buýt điện 172 – xu hướng du lịch xanh và siêu tiết kiệm từ Sài Gòn!
Trong video hôm nay, mình sẽ dắt mọi người cùng trải nghiệm thực tế chuyến hành trình khứ hồi Sài Gòn - Vũng Tàu và ngược lại bằng tuyến xe buýt không trợ giá số 172 do Phương Trang vận hành. Tuyến xe này sử dụng dòng xe buýt điện 40 chỗ cực kỳ hiện đại, chạy êm ru, có máy lạnh mát rượi và hỗ trợ thanh toán chuyển khoản, quẹt thẻ và  tiền mặt.
Mình sẽ chia sẻ chi tiết cho các bạn về:
* Cách tìm trạm đón xe buýt 172 tại Làn B - Bến xe buýt Sài Gòn (Công viên 23/9, Quận 1).
* Lộ trình di chuyển xuyên qua hầm sông Sài Gòn, Mai Chí Thọ, cao tốc Long Thành - Dầu Giây và Quốc lộ 51.
* Giá vé thực tế tính theo chặng (từ 30.000đ đến 110.000đ cho toàn tuyến).
* Cập nhật lịch trình mới nhất: tăng lên 84 chuyến/ngày, xe chạy từ 4h00/4h30 sáng đến 21h30 tối.
* Những lưu ý quan trọng về thời gian di chuyển (khoảng 2,5 - 3 tiếng), trạm dừng chân và nhược điểm ghế nhựa không ngả để mọi người chuẩn bị tâm lý trước khi đi!
Nếu bạn đang lên kế hoạch phượt Vũng Tàu cuối tuần vừa rẻ vừa an toàn thì xe buýt 172 chắc chắn là lựa chọn đáng thử. 

Đừng quên nhấn LIKE, SHARE và SUBSCRIBE kênh @HolaKhanh_Vento để ủng hộ mình ra thêm nhiều video trải nghiệm  tiếp theo nhé!


📌 THÔNG TIN THAM KHẢO VỀ XE BUS 172:
• Hotline đặt vé/hỗ trợ: 1900 63 84 94
• Điểm đầu/cuối: Bến xe buýt Sài Gòn (Công viên 23/9, Lê Lai) ↔️ Bến xe Vũng Tàu
• Tần suất: 15 - 45 phút/chuyến tùy khung giờ



#xebuyt172 #xebuytdien172 #saigonvungtau #buyt172vungtau #dulichvungtau #xebuytphuongtrang#vungtau #saigon #reviewvungtau #dulichsaigon #phuongtrangfuta #xebuyttphcm #dulichtietkiem#trainghiemxebuyt",Trải nghiệm đi VŨNG TÀU  Bằng XE BUÝT ĐIỆN 172 Từ Quận 1 |GIÁ VÉ RẺ  Nhưng Liệu Có Đáng Đi Không ?,2026-09-14T09:46:21Z,2026-09-14T09:46:21Z,Nếu tuyến xe buýt VT-SG giảm giá hơn nữa thì hành khách sẽ hoan hỷ vì tuyến xe buýt SG-CG là miễn phí. Cảm ơn bác Phạm Nhật Vượng vì CG sẽ đẹp và nhộn nhịp hơn.,top_level,,UgwCSDCr5tIQPOGFOwN4AaABAg,0,2026-09-17T11:52:26Z,2026-09-17T11:52:26Z,1,UCZnL8tRhWFfIixZTJi6G1Ag,transport_impact,1,0,youtube_20260926_1347,baseline_20260926_134704,2026-09-26T20:50:54.282599+07:00
youtube_c_UgwCSDCr5tIQPOGFOwN4AaABAg.AarIr8i8ZN5AarRDiugNET,youtube,https://www.youtube.com/watch?v=rM_y4rWlOtg,rM_y4rWlOtg,"Trải nghiệm đi VŨNG TÀU  Bằng XE BUÝT ĐIỆN 172 Từ Quận 1 |GIÁ VÉ RẺ  Nhưng Liệu Có Đáng Đi Không ?
Đi Vũng Tàu bằng xe buýt điện 172 – xu hướng du lịch xanh và siêu tiết kiệm từ Sài Gòn!
Trong video hôm nay, mình sẽ dắt mọi người cùng trải nghiệm thực tế chuyến hành trình khứ hồi Sài Gòn - Vũng Tàu và ngược lại bằng tuyến xe buýt không trợ giá số 172 do Phương Trang vận hành. Tuyến xe này sử dụng dòng xe buýt điện 40 chỗ cực kỳ hiện đại, chạy êm ru, có máy lạnh mát rượi và hỗ trợ thanh toán chuyển khoản, quẹt thẻ và  tiền mặt.
Mình sẽ chia sẻ chi tiết cho các bạn về:
* Cách tìm trạm đón xe buýt 172 tại Làn B - Bến xe buýt Sài Gòn (Công viên 23/9, Quận 1).
* Lộ trình di chuyển xuyên qua hầm sông Sài Gòn, Mai Chí Thọ, cao tốc Long Thành - Dầu Giây và Quốc lộ 51.
* Giá vé thực tế tính theo chặng (từ 30.000đ đến 110.000đ cho toàn tuyến).
* Cập nhật lịch trình mới nhất: tăng lên 84 chuyến/ngày, xe chạy từ 4h00/4h30 sáng đến 21h30 tối.
* Những lưu ý quan trọng về thời gian di chuyển (khoảng 2,5 - 3 tiếng), trạm dừng chân và nhược điểm ghế nhựa không ngả để mọi người chuẩn bị tâm lý trước khi đi!
Nếu bạn đang lên kế hoạch phượt Vũng Tàu cuối tuần vừa rẻ vừa an toàn thì xe buýt 172 chắc chắn là lựa chọn đáng thử. 

Đừng quên nhấn LIKE, SHARE và SUBSCRIBE kênh @HolaKhanh_Vento để ủng hộ mình ra thêm nhiều video trải nghiệm  tiếp theo nhé!


📌 THÔNG TIN THAM KHẢO VỀ XE BUS 172:
• Hotline đặt vé/hỗ trợ: 1900 63 84 94
• Điểm đầu/cuối: Bến xe buýt Sài Gòn (Công viên 23/9, Lê Lai) ↔️ Bến xe Vũng Tàu
• Tần suất: 15 - 45 phút/chuyến tùy khung giờ



#xebuyt172 #xebuytdien172 #saigonvungtau #buyt172vungtau #dulichvungtau #xebuytphuongtrang#vungtau #saigon #reviewvungtau #dulichsaigon #phuongtrangfuta #xebuyttphcm #dulichtietkiem#trainghiemxebuyt",Trải nghiệm đi VŨNG TÀU  Bằng XE BUÝT ĐIỆN 172 Từ Quận 1 |GIÁ VÉ RẺ  Nhưng Liệu Có Đáng Đi Không ?,2026-09-14T09:46:21Z,2026-09-14T09:46:21Z,"Đúng là nếu giá vé ưu đãi hơn thì sẽ tuyệt vời biết bao, cảm ơn bạn đã đóng góp ý kiến nha ❤",reply,UgwCSDCr5tIQPOGFOwN4AaABAg,UgwCSDCr5tIQPOGFOwN4AaABAg,1,2026-09-17T13:05:33Z,2026-09-17T13:05:33Z,0,UCUFLdRd3HisXBZmty6K71kw,,1,0,youtube_20260926_1347,baseline_20260926_134704,2026-09-26T20:50:57.551136+07:00
youtube_c_UgwfgaUk48nQvpeUyit4AaABAg,youtube,https://www.youtube.com/watch?v=rM_y4rWlOtg,rM_y4rWlOtg,"Trải nghiệm đi VŨNG TÀU  Bằng XE BUÝT ĐIỆN 172 Từ Quận 1 |GIÁ VÉ RẺ  Nhưng Liệu Có Đáng Đi Không ?
Đi Vũng Tàu bằng xe buýt điện 172 – xu hướng du lịch xanh và siêu tiết kiệm từ Sài Gòn!
Trong video hôm nay, mình sẽ dắt mọi người cùng trải nghiệm thực tế chuyến hành trình khứ hồi Sài Gòn - Vũng Tàu và ngược lại bằng tuyến xe buýt không trợ giá số 172 do Phương Trang vận hành. Tuyến xe này sử dụng dòng xe buýt điện 40 chỗ cực kỳ hiện đại, chạy êm ru, có máy lạnh mát rượi và hỗ trợ thanh toán chuyển khoản, quẹt thẻ và  tiền mặt.
Mình sẽ chia sẻ chi tiết cho các bạn về:
* Cách tìm trạm đón xe buýt 172 tại Làn B - Bến xe buýt Sài Gòn (Công viên 23/9, Quận 1).
* Lộ trình di chuyển xuyên qua hầm sông Sài Gòn, Mai Chí Thọ, cao tốc Long Thành - Dầu Giây và Quốc lộ 51.
* Giá vé thực tế tính theo chặng (từ 30.000đ đến 110.000đ cho toàn tuyến).
* Cập nhật lịch trình mới nhất: tăng lên 84 chuyến/ngày, xe chạy từ 4h00/4h30 sáng đến 21h30 tối.
* Những lưu ý quan trọng về thời gian di chuyển (khoảng 2,5 - 3 tiếng), trạm dừng chân và nhược điểm ghế nhựa không ngả để mọi người chuẩn bị tâm lý trước khi đi!
Nếu bạn đang lên kế hoạch phượt Vũng Tàu cuối tuần vừa rẻ vừa an toàn thì xe buýt 172 chắc chắn là lựa chọn đáng thử. 

Đừng quên nhấn LIKE, SHARE và SUBSCRIBE kênh @HolaKhanh_Vento để ủng hộ mình ra thêm nhiều video trải nghiệm  tiếp theo nhé!


📌 THÔNG TIN THAM KHẢO VỀ XE BUS 172:
• Hotline đặt vé/hỗ trợ: 1900 63 84 94
• Điểm đầu/cuối: Bến xe buýt Sài Gòn (Công viên 23/9, Lê Lai) ↔️ Bến xe Vũng Tàu
• Tần suất: 15 - 45 phút/chuyến tùy khung giờ



#xebuyt172 #xebuytdien172 #saigonvungtau #buyt172vungtau #dulichvungtau #xebuytphuongtrang#vungtau #saigon #reviewvungtau #dulichsaigon #phuongtrangfuta #xebuyttphcm #dulichtietkiem#trainghiemxebuyt",Trải nghiệm đi VŨNG TÀU  Bằng XE BUÝT ĐIỆN 172 Từ Quận 1 |GIÁ VÉ RẺ  Nhưng Liệu Có Đáng Đi Không ?,2026-09-14T09:46:21Z,2026-09-14T09:46:21Z,"Cám ơn con Khanh rất nhiều, chú đã đăng ký kênh và chúc kênh của con được phát triển nhanh chóng.",top_level,,UgwfgaUk48nQvpeUyit4AaABAg,0,2026-09-25T07:13:27Z,2026-09-25T07:13:27Z,1,UCDe9FaAcWIKxMrXPqmSX1gQ,,1,0,youtube_20260926_1347,baseline_20260926_134704,2026-09-26T20:50:37.764262+07:00
youtube_c_UgwfgaUk48nQvpeUyit4AaABAg.AbAPHodQQOlAbATcKiOhAf,youtube,https://www.youtube.com/watch?v=rM_y4rWlOtg,rM_y4rWlOtg,"Trải nghiệm đi VŨNG TÀU  Bằng XE BUÝT ĐIỆN 172 Từ Quận 1 |GIÁ VÉ RẺ  Nhưng Liệu Có Đáng Đi Không ?
Đi Vũng Tàu bằng xe buýt điện 172 – xu hướng du lịch xanh và siêu tiết kiệm từ Sài Gòn!
Trong video hôm nay, mình sẽ dắt mọi người cùng trải nghiệm thực tế chuyến hành trình khứ hồi Sài Gòn - Vũng Tàu và ngược lại bằng tuyến xe buýt không trợ giá số 172 do Phương Trang vận hành. Tuyến xe này sử dụng dòng xe buýt điện 40 chỗ cực kỳ hiện đại, chạy êm ru, có máy lạnh mát rượi và hỗ trợ thanh toán chuyển khoản, quẹt thẻ và  tiền mặt.
Mình sẽ chia sẻ chi tiết cho các bạn về:
* Cách tìm trạm đón xe buýt 172 tại Làn B - Bến xe buýt Sài Gòn (Công viên 23/9, Quận 1).
* Lộ trình di chuyển xuyên qua hầm sông Sài Gòn, Mai Chí Thọ, cao tốc Long Thành - Dầu Giây và Quốc lộ 51.
* Giá vé thực tế tính theo chặng (từ 30.000đ đến 110.000đ cho toàn tuyến).
* Cập nhật lịch trình mới nhất: tăng lên 84 chuyến/ngày, xe chạy từ 4h00/4h30 sáng đến 21h30 tối.
* Những lưu ý quan trọng về thời gian di chuyển (khoảng 2,5 - 3 tiếng), trạm dừng chân và nhược điểm ghế nhựa không ngả để mọi người chuẩn bị tâm lý trước khi đi!
Nếu bạn đang lên kế hoạch phượt Vũng Tàu cuối tuần vừa rẻ vừa an toàn thì xe buýt 172 chắc chắn là lựa chọn đáng thử. 

Đừng quên nhấn LIKE, SHARE và SUBSCRIBE kênh @HolaKhanh_Vento để ủng hộ mình ra thêm nhiều video trải nghiệm  tiếp theo nhé!


📌 THÔNG TIN THAM KHẢO VỀ XE BUS 172:
• Hotline đặt vé/hỗ trợ: 1900 63 84 94
• Điểm đầu/cuối: Bến xe buýt Sài Gòn (Công viên 23/9, Lê Lai) ↔️ Bến xe Vũng Tàu
• Tần suất: 15 - 45 phút/chuyến tùy khung giờ



#xebuyt172 #xebuytdien172 #saigonvungtau #buyt172vungtau #dulichvungtau #xebuytphuongtrang#vungtau #saigon #reviewvungtau #dulichsaigon #phuongtrangfuta #xebuyttphcm #dulichtietkiem#trainghiemxebuyt",Trải nghiệm đi VŨNG TÀU  Bằng XE BUÝT ĐIỆN 172 Từ Quận 1 |GIÁ VÉ RẺ  Nhưng Liệu Có Đáng Đi Không ?,2026-09-14T09:46:21Z,2026-09-14T09:46:21Z,"Dạ cháu cám ơn chú đã ủng hộ kênh
Mong được chú yêu thích nhiều video của Hola Khanh ạ ❤",reply,UgwfgaUk48nQvpeUyit4AaABAg,UgwfgaUk48nQvpeUyit4AaABAg,1,2026-09-25T07:51:20Z,2026-09-25T07:51:20Z,0,UCUFLdRd3HisXBZmty6K71kw,,1,0,youtube_20260926_1347,baseline_20260926_134704,2026-09-26T20:50:41.069823+07:00
youtube_c_UgxZ23ixnkPkAmRx32x4AaABAg,youtube,https://www.youtube.com/watch?v=rM_y4rWlOtg,rM_y4rWlOtg,"Trải nghiệm đi VŨNG TÀU  Bằng XE BUÝT ĐIỆN 172 Từ Quận 1 |GIÁ VÉ RẺ  Nhưng Liệu Có Đáng Đi Không ?
Đi Vũng Tàu bằng xe buýt điện 172 – xu hướng du lịch xanh và siêu tiết kiệm từ Sài Gòn!
Trong video hôm nay, mình sẽ dắt mọi người cùng trải nghiệm thực tế chuyến hành trình khứ hồi Sài Gòn - Vũng Tàu và ngược lại bằng tuyến xe buýt không trợ giá số 172 do Phương Trang vận hành. Tuyến xe này sử dụng dòng xe buýt điện 40 chỗ cực kỳ hiện đại, chạy êm ru, có máy lạnh mát rượi và hỗ trợ thanh toán chuyển khoản, quẹt thẻ và  tiền mặt.
Mình sẽ chia sẻ chi tiết cho các bạn về:
* Cách tìm trạm đón xe buýt 172 tại Làn B - Bến xe buýt Sài Gòn (Công viên 23/9, Quận 1).
* Lộ trình di chuyển xuyên qua hầm sông Sài Gòn, Mai Chí Thọ, cao tốc Long Thành - Dầu Giây và Quốc lộ 51.
* Giá vé thực tế tính theo chặng (từ 30.000đ đến 110.000đ cho toàn tuyến).
* Cập nhật lịch trình mới nhất: tăng lên 84 chuyến/ngày, xe chạy từ 4h00/4h30 sáng đến 21h30 tối.
* Những lưu ý quan trọng về thời gian di chuyển (khoảng 2,5 - 3 tiếng), trạm dừng chân và nhược điểm ghế nhựa không ngả để mọi người chuẩn bị tâm lý trước khi đi!
Nếu bạn đang lên kế hoạch phượt Vũng Tàu cuối tuần vừa rẻ vừa an toàn thì xe buýt 172 chắc chắn là lựa chọn đáng thử. 

Đừng quên nhấn LIKE, SHARE và SUBSCRIBE kênh @HolaKhanh_Vento để ủng hộ mình ra thêm nhiều video trải nghiệm  tiếp theo nhé!


📌 THÔNG TIN THAM KHẢO VỀ XE BUS 172:
• Hotline đặt vé/hỗ trợ: 1900 63 84 94
• Điểm đầu/cuối: Bến xe buýt Sài Gòn (Công viên 23/9, Lê Lai) ↔️ Bến xe Vũng Tàu
• Tần suất: 15 - 45 phút/chuyến tùy khung giờ



#xebuyt172 #xebuytdien172 #saigonvungtau #buyt172vungtau #dulichvungtau #xebuytphuongtrang#vungtau #saigon #reviewvungtau #dulichsaigon #phuongtrangfuta #xebuyttphcm #dulichtietkiem#trainghiemxebuyt",Trải nghiệm đi VŨNG TÀU  Bằng XE BUÝT ĐIỆN 172 Từ Quận 1 |GIÁ VÉ RẺ  Nhưng Liệu Có Đáng Đi Không ?,2026-09-14T09:46:21Z,2026-09-14T09:46:21Z,"nhạc nền nên bé lại, hoặc k có lun củng dc. ủng hộ",top_level,,UgxZ23ixnkPkAmRx32x4AaABAg,0,2026-09-18T11:20:37Z,2026-09-18T11:20:37Z,1,UCSsRnQKK5VSpBf7g4wrebWw,,1,0,youtube_20260926_1347,baseline_20260926_134704,2026-09-26T20:50:51.028961+07:00
youtube_c_UgxZ23ixnkPkAmRx32x4AaABAg.Aatp-xZKTOoAau4055U-PU,youtube,https://www.youtube.com/watch?v=rM_y4rWlOtg,rM_y4rWlOtg,"Trải nghiệm đi VŨNG TÀU  Bằng XE BUÝT ĐIỆN 172 Từ Quận 1 |GIÁ VÉ RẺ  Nhưng Liệu Có Đáng Đi Không ?
Đi Vũng Tàu bằng xe buýt điện 172 – xu hướng du lịch xanh và siêu tiết kiệm từ Sài Gòn!
Trong video hôm nay, mình sẽ dắt mọi người cùng trải nghiệm thực tế chuyến hành trình khứ hồi Sài Gòn - Vũng Tàu và ngược lại bằng tuyến xe buýt không trợ giá số 172 do Phương Trang vận hành. Tuyến xe này sử dụng dòng xe buýt điện 40 chỗ cực kỳ hiện đại, chạy êm ru, có máy lạnh mát rượi và hỗ trợ thanh toán chuyển khoản, quẹt thẻ và  tiền mặt.
Mình sẽ chia sẻ chi tiết cho các bạn về:
* Cách tìm trạm đón xe buýt 172 tại Làn B - Bến xe buýt Sài Gòn (Công viên 23/9, Quận 1).
* Lộ trình di chuyển xuyên qua hầm sông Sài Gòn, Mai Chí Thọ, cao tốc Long Thành - Dầu Giây và Quốc lộ 51.
* Giá vé thực tế tính theo chặng (từ 30.000đ đến 110.000đ cho toàn tuyến).
* Cập nhật lịch trình mới nhất: tăng lên 84 chuyến/ngày, xe chạy từ 4h00/4h30 sáng đến 21h30 tối.
* Những lưu ý quan trọng về thời gian di chuyển (khoảng 2,5 - 3 tiếng), trạm dừng chân và nhược điểm ghế nhựa không ngả để mọi người chuẩn bị tâm lý trước khi đi!
Nếu bạn đang lên kế hoạch phượt Vũng Tàu cuối tuần vừa rẻ vừa an toàn thì xe buýt 172 chắc chắn là lựa chọn đáng thử. 

Đừng quên nhấn LIKE, SHARE và SUBSCRIBE kênh @HolaKhanh_Vento để ủng hộ mình ra thêm nhiều video trải nghiệm  tiếp theo nhé!


📌 THÔNG TIN THAM KHẢO VỀ XE BUS 172:
• Hotline đặt vé/hỗ trợ: 1900 63 84 94
• Điểm đầu/cuối: Bến xe buýt Sài Gòn (Công viên 23/9, Lê Lai) ↔️ Bến xe Vũng Tàu
• Tần suất: 15 - 45 phút/chuyến tùy khung giờ



#xebuyt172 #xebuytdien172 #saigonvungtau #buyt172vungtau #dulichvungtau #xebuytphuongtrang#vungtau #saigon #reviewvungtau #dulichsaigon #phuongtrangfuta #xebuyttphcm #dulichtietkiem#trainghiemxebuyt",Trải nghiệm đi VŨNG TÀU  Bằng XE BUÝT ĐIỆN 172 Từ Quận 1 |GIÁ VÉ RẺ  Nhưng Liệu Có Đáng Đi Không ?,2026-09-14T09:46:21Z,2026-09-14T09:46:21Z,"Cám ơn anh chị đã xem và ủng hộ kênh, Hola Khanh sẽ cố gắng học hỏi và cải thiện video tốt hơn ạ ❤",reply,UgxZ23ixnkPkAmRx32x4AaABAg,UgxZ23ixnkPkAmRx32x4AaABAg,1,2026-09-18T13:40:26Z,2026-09-18T13:40:26Z,0,UCUFLdRd3HisXBZmty6K71kw,,1,0,youtube_20260926_1347,baseline_20260926_134704,2026-09-26T20:50:54.279610+07:00
youtube_c_UgyBROgXO_SC2KIfvYd4AaABAg,youtube,https://www.youtube.com/watch?v=rM_y4rWlOtg,rM_y4rWlOtg,"Trải nghiệm đi VŨNG TÀU  Bằng XE BUÝT ĐIỆN 172 Từ Quận 1 |GIÁ VÉ RẺ  Nhưng Liệu Có Đáng Đi Không ?
Đi Vũng Tàu bằng xe buýt điện 172 – xu hướng du lịch xanh và siêu tiết kiệm từ Sài Gòn!
Trong video hôm nay, mình sẽ dắt mọi người cùng trải nghiệm thực tế chuyến hành trình khứ hồi Sài Gòn - Vũng Tàu và ngược lại bằng tuyến xe buýt không trợ giá số 172 do Phương Trang vận hành. Tuyến xe này sử dụng dòng xe buýt điện 40 chỗ cực kỳ hiện đại, chạy êm ru, có máy lạnh mát rượi và hỗ trợ thanh toán chuyển khoản, quẹt thẻ và  tiền mặt.
Mình sẽ chia sẻ chi tiết cho các bạn về:
* Cách tìm trạm đón xe buýt 172 tại Làn B - Bến xe buýt Sài Gòn (Công viên 23/9, Quận 1).
* Lộ trình di chuyển xuyên qua hầm sông Sài Gòn, Mai Chí Thọ, cao tốc Long Thành - Dầu Giây và Quốc lộ 51.
* Giá vé thực tế tính theo chặng (từ 30.000đ đến 110.000đ cho toàn tuyến).
* Cập nhật lịch trình mới nhất: tăng lên 84 chuyến/ngày, xe chạy từ 4h00/4h30 sáng đến 21h30 tối.
* Những lưu ý quan trọng về thời gian di chuyển (khoảng 2,5 - 3 tiếng), trạm dừng chân và nhược điểm ghế nhựa không ngả để mọi người chuẩn bị tâm lý trước khi đi!
Nếu bạn đang lên kế hoạch phượt Vũng Tàu cuối tuần vừa rẻ vừa an toàn thì xe buýt 172 chắc chắn là lựa chọn đáng thử. 

Đừng quên nhấn LIKE, SHARE và SUBSCRIBE kênh @HolaKhanh_Vento để ủng hộ mình ra thêm nhiều video trải nghiệm  tiếp theo nhé!


📌 THÔNG TIN THAM KHẢO VỀ XE BUS 172:
• Hotline đặt vé/hỗ trợ: 1900 63 84 94
• Điểm đầu/cuối: Bến xe buýt Sài Gòn (Công viên 23/9, Lê Lai) ↔️ Bến xe Vũng Tàu
• Tần suất: 15 - 45 phút/chuyến tùy khung giờ



#xebuyt172 #xebuytdien172 #saigonvungtau #buyt172vungtau #dulichvungtau #xebuytphuongtrang#vungtau #saigon #reviewvungtau #dulichsaigon #phuongtrangfuta #xebuyttphcm #dulichtietkiem#trainghiemxebuyt",Trải nghiệm đi VŨNG TÀU  Bằng XE BUÝT ĐIỆN 172 Từ Quận 1 |GIÁ VÉ RẺ  Nhưng Liệu Có Đáng Đi Không ?,2026-09-14T09:46:21Z,2026-09-14T09:46:21Z,Nhạc đệm tiếng khá to trong lúc nghe giọng nói của bạn 😮.,top_level,,UgyBROgXO_SC2KIfvYd4AaABAg,0,2026-09-26T00:53:56Z,2026-09-26T00:53:56Z,1,UCPIkHLqbPUhM_cIgBGKXnmg,,1,0,youtube_20260926_1347,baseline_20260926_134704,2026-09-26T20:50:31.111985+07:00
youtube_c_UgyBROgXO_SC2KIfvYd4AaABAg.AbCIe2rUc9xAbCW48tBS9e,youtube,https://www.youtube.com/watch?v=rM_y4rWlOtg,rM_y4rWlOtg,"Trải nghiệm đi VŨNG TÀU  Bằng XE BUÝT ĐIỆN 172 Từ Quận 1 |GIÁ VÉ RẺ  Nhưng Liệu Có Đáng Đi Không ?
Đi Vũng Tàu bằng xe buýt điện 172 – xu hướng du lịch xanh và siêu tiết kiệm từ Sài Gòn!
Trong video hôm nay, mình sẽ dắt mọi người cùng trải nghiệm thực tế chuyến hành trình khứ hồi Sài Gòn - Vũng Tàu và ngược lại bằng tuyến xe buýt không trợ giá số 172 do Phương Trang vận hành. Tuyến xe này sử dụng dòng xe buýt điện 40 chỗ cực kỳ hiện đại, chạy êm ru, có máy lạnh mát rượi và hỗ trợ thanh toán chuyển khoản, quẹt thẻ và  tiền mặt.
Mình sẽ chia sẻ chi tiết cho các bạn về:
* Cách tìm trạm đón xe buýt 172 tại Làn B - Bến xe buýt Sài Gòn (Công viên 23/9, Quận 1).
* Lộ trình di chuyển xuyên qua hầm sông Sài Gòn, Mai Chí Thọ, cao tốc Long Thành - Dầu Giây và Quốc lộ 51.
* Giá vé thực tế tính theo chặng (từ 30.000đ đến 110.000đ cho toàn tuyến).
* Cập nhật lịch trình mới nhất: tăng lên 84 chuyến/ngày, xe chạy từ 4h00/4h30 sáng đến 21h30 tối.
* Những lưu ý quan trọng về thời gian di chuyển (khoảng 2,5 - 3 tiếng), trạm dừng chân và nhược điểm ghế nhựa không ngả để mọi người chuẩn bị tâm lý trước khi đi!
Nếu bạn đang lên kế hoạch phượt Vũng Tàu cuối tuần vừa rẻ vừa an toàn thì xe buýt 172 chắc chắn là lựa chọn đáng thử. 

Đừng quên nhấn LIKE, SHARE và SUBSCRIBE kênh @HolaKhanh_Vento để ủng hộ mình ra thêm nhiều video trải nghiệm  tiếp theo nhé!


📌 THÔNG TIN THAM KHẢO VỀ XE BUS 172:
• Hotline đặt vé/hỗ trợ: 1900 63 84 94
• Điểm đầu/cuối: Bến xe buýt Sài Gòn (Công viên 23/9, Lê Lai) ↔️ Bến xe Vũng Tàu
• Tần suất: 15 - 45 phút/chuyến tùy khung giờ



#xebuyt172 #xebuytdien172 #saigonvungtau #buyt172vungtau #dulichvungtau #xebuytphuongtrang#vungtau #saigon #reviewvungtau #dulichsaigon #phuongtrangfuta #xebuyttphcm #dulichtietkiem#trainghiemxebuyt",Trải nghiệm đi VŨNG TÀU  Bằng XE BUÝT ĐIỆN 172 Từ Quận 1 |GIÁ VÉ RẺ  Nhưng Liệu Có Đáng Đi Không ?,2026-09-14T09:46:21Z,2026-09-14T09:46:21Z,"Cám ơn bạn đã góp ý, Hola Khanh sẽ cải thiện trong video tiếp theo ạ",reply,UgyBROgXO_SC2KIfvYd4AaABAg,UgyBROgXO_SC2KIfvYd4AaABAg,1,2026-09-26T02:51:14Z,2026-09-26T02:51:14Z,0,UCUFLdRd3HisXBZmty6K71kw,,1,0,youtube_20260926_1347,baseline_20260926_134704,2026-09-26T20:50:34.404445+07:00
youtube_c_UgzYaj1_nuxFVI1DBkB4AaABAg,youtube,https://www.youtube.com/watch?v=rM_y4rWlOtg,rM_y4rWlOtg,"Trải nghiệm đi VŨNG TÀU  Bằng XE BUÝT ĐIỆN 172 Từ Quận 1 |GIÁ VÉ RẺ  Nhưng Liệu Có Đáng Đi Không ?
Đi Vũng Tàu bằng xe buýt điện 172 – xu hướng du lịch xanh và siêu tiết kiệm từ Sài Gòn!
Trong video hôm nay, mình sẽ dắt mọi người cùng trải nghiệm thực tế chuyến hành trình khứ hồi Sài Gòn - Vũng Tàu và ngược lại bằng tuyến xe buýt không trợ giá số 172 do Phương Trang vận hành. Tuyến xe này sử dụng dòng xe buýt điện 40 chỗ cực kỳ hiện đại, chạy êm ru, có máy lạnh mát rượi và hỗ trợ thanh toán chuyển khoản, quẹt thẻ và  tiền mặt.
Mình sẽ chia sẻ chi tiết cho các bạn về:
* Cách tìm trạm đón xe buýt 172 tại Làn B - Bến xe buýt Sài Gòn (Công viên 23/9, Quận 1).
* Lộ trình di chuyển xuyên qua hầm sông Sài Gòn, Mai Chí Thọ, cao tốc Long Thành - Dầu Giây và Quốc lộ 51.
* Giá vé thực tế tính theo chặng (từ 30.000đ đến 110.000đ cho toàn tuyến).
* Cập nhật lịch trình mới nhất: tăng lên 84 chuyến/ngày, xe chạy từ 4h00/4h30 sáng đến 21h30 tối.
* Những lưu ý quan trọng về thời gian di chuyển (khoảng 2,5 - 3 tiếng), trạm dừng chân và nhược điểm ghế nhựa không ngả để mọi người chuẩn bị tâm lý trước khi đi!
Nếu bạn đang lên kế hoạch phượt Vũng Tàu cuối tuần vừa rẻ vừa an toàn thì xe buýt 172 chắc chắn là lựa chọn đáng thử. 

Đừng quên nhấn LIKE, SHARE và SUBSCRIBE kênh @HolaKhanh_Vento để ủng hộ mình ra thêm nhiều video trải nghiệm  tiếp theo nhé!


📌 THÔNG TIN THAM KHẢO VỀ XE BUS 172:
• Hotline đặt vé/hỗ trợ: 1900 63 84 94
• Điểm đầu/cuối: Bến xe buýt Sài Gòn (Công viên 23/9, Lê Lai) ↔️ Bến xe Vũng Tàu
• Tần suất: 15 - 45 phút/chuyến tùy khung giờ



#xebuyt172 #xebuytdien172 #saigonvungtau #buyt172vungtau #dulichvungtau #xebuytphuongtrang#vungtau #saigon #reviewvungtau #dulichsaigon #phuongtrangfuta #xebuyttphcm #dulichtietkiem#trainghiemxebuyt",Trải nghiệm đi VŨNG TÀU  Bằng XE BUÝT ĐIỆN 172 Từ Quận 1 |GIÁ VÉ RẺ  Nhưng Liệu Có Đáng Đi Không ?,2026-09-14T09:46:21Z,2026-09-14T09:46:21Z,Cảnh rất đẹp chúc em vui vẻ ❤❤❤,top_level,,UgzYaj1_nuxFVI1DBkB4AaABAg,0,2026-09-24T21:31:43Z,2026-09-24T21:31:43Z,2,UClxkdxhYtrJKe2loUwo_31w,,1,0,youtube_20260926_1347,baseline_20260926_134704,2026-09-26T20:50:41.070835+07:00
youtube_c_UgzYaj1_nuxFVI1DBkB4AaABAg.Ab9Mi3vjS1wAb9i4MTGcpE,youtube,https://www.youtube.com/watch?v=rM_y4rWlOtg,rM_y4rWlOtg,"Trải nghiệm đi VŨNG TÀU  Bằng XE BUÝT ĐIỆN 172 Từ Quận 1 |GIÁ VÉ RẺ  Nhưng Liệu Có Đáng Đi Không ?
Đi Vũng Tàu bằng xe buýt điện 172 – xu hướng du lịch xanh và siêu tiết kiệm từ Sài Gòn!
Trong video hôm nay, mình sẽ dắt mọi người cùng trải nghiệm thực tế chuyến hành trình khứ hồi Sài Gòn - Vũng Tàu và ngược lại bằng tuyến xe buýt không trợ giá số 172 do Phương Trang vận hành. Tuyến xe này sử dụng dòng xe buýt điện 40 chỗ cực kỳ hiện đại, chạy êm ru, có máy lạnh mát rượi và hỗ trợ thanh toán chuyển khoản, quẹt thẻ và  tiền mặt.
Mình sẽ chia sẻ chi tiết cho các bạn về:
* Cách tìm trạm đón xe buýt 172 tại Làn B - Bến xe buýt Sài Gòn (Công viên 23/9, Quận 1).
* Lộ trình di chuyển xuyên qua hầm sông Sài Gòn, Mai Chí Thọ, cao tốc Long Thành - Dầu Giây và Quốc lộ 51.
* Giá vé thực tế tính theo chặng (từ 30.000đ đến 110.000đ cho toàn tuyến).
* Cập nhật lịch trình mới nhất: tăng lên 84 chuyến/ngày, xe chạy từ 4h00/4h30 sáng đến 21h30 tối.
* Những lưu ý quan trọng về thời gian di chuyển (khoảng 2,5 - 3 tiếng), trạm dừng chân và nhược điểm ghế nhựa không ngả để mọi người chuẩn bị tâm lý trước khi đi!
Nếu bạn đang lên kế hoạch phượt Vũng Tàu cuối tuần vừa rẻ vừa an toàn thì xe buýt 172 chắc chắn là lựa chọn đáng thử. 

Đừng quên nhấn LIKE, SHARE và SUBSCRIBE kênh @HolaKhanh_Vento để ủng hộ mình ra thêm nhiều video trải nghiệm  tiếp theo nhé!


📌 THÔNG TIN THAM KHẢO VỀ XE BUS 172:
• Hotline đặt vé/hỗ trợ: 1900 63 84 94
• Điểm đầu/cuối: Bến xe buýt Sài Gòn (Công viên 23/9, Lê Lai) ↔️ Bến xe Vũng Tàu
• Tần suất: 15 - 45 phút/chuyến tùy khung giờ



#xebuyt172 #xebuytdien172 #saigonvungtau #buyt172vungtau #dulichvungtau #xebuytphuongtrang#vungtau #saigon #reviewvungtau #dulichsaigon #phuongtrangfuta #xebuyttphcm #dulichtietkiem#trainghiemxebuyt",Trải nghiệm đi VŨNG TÀU  Bằng XE BUÝT ĐIỆN 172 Từ Quận 1 |GIÁ VÉ RẺ  Nhưng Liệu Có Đáng Đi Không ?,2026-09-14T09:46:21Z,2026-09-14T09:46:21Z,"Cám ơn anh đã xem video, chúc anh ngày mới tốt lành! Nhớ đón xem các tập mới của Hola Khanh nữa nhé ❤",reply,UgzYaj1_nuxFVI1DBkB4AaABAg,UgzYaj1_nuxFVI1DBkB4AaABAg,1,2026-09-25T00:47:08Z,2026-09-25T00:47:08Z,0,UCUFLdRd3HisXBZmty6K71kw,,1,0,youtube_20260926_1347,baseline_20260926_134704,2026-09-26T20:50:44.474513+07:00
youtube_c_UgzYdvydvHhhSKtmJVJ4AaABAg,youtube,https://www.youtube.com/watch?v=rM_y4rWlOtg,rM_y4rWlOtg,"Trải nghiệm đi VŨNG TÀU  Bằng XE BUÝT ĐIỆN 172 Từ Quận 1 |GIÁ VÉ RẺ  Nhưng Liệu Có Đáng Đi Không ?
Đi Vũng Tàu bằng xe buýt điện 172 – xu hướng du lịch xanh và siêu tiết kiệm từ Sài Gòn!
Trong video hôm nay, mình sẽ dắt mọi người cùng trải nghiệm thực tế chuyến hành trình khứ hồi Sài Gòn - Vũng Tàu và ngược lại bằng tuyến xe buýt không trợ giá số 172 do Phương Trang vận hành. Tuyến xe này sử dụng dòng xe buýt điện 40 chỗ cực kỳ hiện đại, chạy êm ru, có máy lạnh mát rượi và hỗ trợ thanh toán chuyển khoản, quẹt thẻ và  tiền mặt.
Mình sẽ chia sẻ chi tiết cho các bạn về:
* Cách tìm trạm đón xe buýt 172 tại Làn B - Bến xe buýt Sài Gòn (Công viên 23/9, Quận 1).
* Lộ trình di chuyển xuyên qua hầm sông Sài Gòn, Mai Chí Thọ, cao tốc Long Thành - Dầu Giây và Quốc lộ 51.
* Giá vé thực tế tính theo chặng (từ 30.000đ đến 110.000đ cho toàn tuyến).
* Cập nhật lịch trình mới nhất: tăng lên 84 chuyến/ngày, xe chạy từ 4h00/4h30 sáng đến 21h30 tối.
* Những lưu ý quan trọng về thời gian di chuyển (khoảng 2,5 - 3 tiếng), trạm dừng chân và nhược điểm ghế nhựa không ngả để mọi người chuẩn bị tâm lý trước khi đi!
Nếu bạn đang lên kế hoạch phượt Vũng Tàu cuối tuần vừa rẻ vừa an toàn thì xe buýt 172 chắc chắn là lựa chọn đáng thử. 

Đừng quên nhấn LIKE, SHARE và SUBSCRIBE kênh @HolaKhanh_Vento để ủng hộ mình ra thêm nhiều video trải nghiệm  tiếp theo nhé!


📌 THÔNG TIN THAM KHẢO VỀ XE BUS 172:
• Hotline đặt vé/hỗ trợ: 1900 63 84 94
• Điểm đầu/cuối: Bến xe buýt Sài Gòn (Công viên 23/9, Lê Lai) ↔️ Bến xe Vũng Tàu
• Tần suất: 15 - 45 phút/chuyến tùy khung giờ



#xebuyt172 #xebuytdien172 #saigonvungtau #buyt172vungtau #dulichvungtau #xebuytphuongtrang#vungtau #saigon #reviewvungtau #dulichsaigon #phuongtrangfuta #xebuyttphcm #dulichtietkiem#trainghiemxebuyt",Trải nghiệm đi VŨNG TÀU  Bằng XE BUÝT ĐIỆN 172 Từ Quận 1 |GIÁ VÉ RẺ  Nhưng Liệu Có Đáng Đi Không ?,2026-09-14T09:46:21Z,2026-09-14T09:46:21Z,"Xe sạch, đẹp và cước phí thấp rất hợp với cho những người dân lao động nghèo.
Cảm ơn thông tin, hình ảnh chia sẻ của chủ kênh. Chúc bạn luôn thành công trong cuộc sống.",top_level,,UgzYdvydvHhhSKtmJVJ4AaABAg,0,2026-09-23T07:02:32Z,2026-09-23T07:02:32Z,3,UC5CWCb21MMgk73XI5Gn8x4A,,1,0,youtube_20260926_1347,baseline_20260926_134704,2026-09-26T20:50:44.477525+07:00
youtube_c_UgzYdvydvHhhSKtmJVJ4AaABAg.Ab5ES4tycraAb5F6MEuGeI,youtube,https://www.youtube.com/watch?v=rM_y4rWlOtg,rM_y4rWlOtg,"Trải nghiệm đi VŨNG TÀU  Bằng XE BUÝT ĐIỆN 172 Từ Quận 1 |GIÁ VÉ RẺ  Nhưng Liệu Có Đáng Đi Không ?
Đi Vũng Tàu bằng xe buýt điện 172 – xu hướng du lịch xanh và siêu tiết kiệm từ Sài Gòn!
Trong video hôm nay, mình sẽ dắt mọi người cùng trải nghiệm thực tế chuyến hành trình khứ hồi Sài Gòn - Vũng Tàu và ngược lại bằng tuyến xe buýt không trợ giá số 172 do Phương Trang vận hành. Tuyến xe này sử dụng dòng xe buýt điện 40 chỗ cực kỳ hiện đại, chạy êm ru, có máy lạnh mát rượi và hỗ trợ thanh toán chuyển khoản, quẹt thẻ và  tiền mặt.
Mình sẽ chia sẻ chi tiết cho các bạn về:
* Cách tìm trạm đón xe buýt 172 tại Làn B - Bến xe buýt Sài Gòn (Công viên 23/9, Quận 1).
* Lộ trình di chuyển xuyên qua hầm sông Sài Gòn, Mai Chí Thọ, cao tốc Long Thành - Dầu Giây và Quốc lộ 51.
* Giá vé thực tế tính theo chặng (từ 30.000đ đến 110.000đ cho toàn tuyến).
* Cập nhật lịch trình mới nhất: tăng lên 84 chuyến/ngày, xe chạy từ 4h00/4h30 sáng đến 21h30 tối.
* Những lưu ý quan trọng về thời gian di chuyển (khoảng 2,5 - 3 tiếng), trạm dừng chân và nhược điểm ghế nhựa không ngả để mọi người chuẩn bị tâm lý trước khi đi!
Nếu bạn đang lên kế hoạch phượt Vũng Tàu cuối tuần vừa rẻ vừa an toàn thì xe buýt 172 chắc chắn là lựa chọn đáng thử. 

Đừng quên nhấn LIKE, SHARE và SUBSCRIBE kênh @HolaKhanh_Vento để ủng hộ mình ra thêm nhiều video trải nghiệm  tiếp theo nhé!


📌 THÔNG TIN THAM KHẢO VỀ XE BUS 172:
• Hotline đặt vé/hỗ trợ: 1900 63 84 94
• Điểm đầu/cuối: Bến xe buýt Sài Gòn (Công viên 23/9, Lê Lai) ↔️ Bến xe Vũng Tàu
• Tần suất: 15 - 45 phút/chuyến tùy khung giờ



#xebuyt172 #xebuytdien172 #saigonvungtau #buyt172vungtau #dulichvungtau #xebuytphuongtrang#vungtau #saigon #reviewvungtau #dulichsaigon #phuongtrangfuta #xebuyttphcm #dulichtietkiem#trainghiemxebuyt",Trải nghiệm đi VŨNG TÀU  Bằng XE BUÝT ĐIỆN 172 Từ Quận 1 |GIÁ VÉ RẺ  Nhưng Liệu Có Đáng Đi Không ?,2026-09-14T09:46:21Z,2026-09-14T09:46:21Z,"Đúng là phương tiện này rất hữu ích cho mọi người, cảm ơn bạn đã theo dõi video của mình nha ❤",reply,UgzYdvydvHhhSKtmJVJ4AaABAg,UgzYdvydvHhhSKtmJVJ4AaABAg,1,2026-09-23T07:08:18Z,2026-09-23T07:08:18Z,0,UCUFLdRd3HisXBZmty6K71kw,,1,0,youtube_20260926_1347,baseline_20260926_134704,2026-09-26T20:50:47.727223+07:00
youtube_c_Ugzs5GkiAwcZd1xnkSF4AaABAg,youtube,https://www.youtube.com/watch?v=rM_y4rWlOtg,rM_y4rWlOtg,"Trải nghiệm đi VŨNG TÀU  Bằng XE BUÝT ĐIỆN 172 Từ Quận 1 |GIÁ VÉ RẺ  Nhưng Liệu Có Đáng Đi Không ?
Đi Vũng Tàu bằng xe buýt điện 172 – xu hướng du lịch xanh và siêu tiết kiệm từ Sài Gòn!
Trong video hôm nay, mình sẽ dắt mọi người cùng trải nghiệm thực tế chuyến hành trình khứ hồi Sài Gòn - Vũng Tàu và ngược lại bằng tuyến xe buýt không trợ giá số 172 do Phương Trang vận hành. Tuyến xe này sử dụng dòng xe buýt điện 40 chỗ cực kỳ hiện đại, chạy êm ru, có máy lạnh mát rượi và hỗ trợ thanh toán chuyển khoản, quẹt thẻ và  tiền mặt.
Mình sẽ chia sẻ chi tiết cho các bạn về:
* Cách tìm trạm đón xe buýt 172 tại Làn B - Bến xe buýt Sài Gòn (Công viên 23/9, Quận 1).
* Lộ trình di chuyển xuyên qua hầm sông Sài Gòn, Mai Chí Thọ, cao tốc Long Thành - Dầu Giây và Quốc lộ 51.
* Giá vé thực tế tính theo chặng (từ 30.000đ đến 110.000đ cho toàn tuyến).
* Cập nhật lịch trình mới nhất: tăng lên 84 chuyến/ngày, xe chạy từ 4h00/4h30 sáng đến 21h30 tối.
* Những lưu ý quan trọng về thời gian di chuyển (khoảng 2,5 - 3 tiếng), trạm dừng chân và nhược điểm ghế nhựa không ngả để mọi người chuẩn bị tâm lý trước khi đi!
Nếu bạn đang lên kế hoạch phượt Vũng Tàu cuối tuần vừa rẻ vừa an toàn thì xe buýt 172 chắc chắn là lựa chọn đáng thử. 

Đừng quên nhấn LIKE, SHARE và SUBSCRIBE kênh @HolaKhanh_Vento để ủng hộ mình ra thêm nhiều video trải nghiệm  tiếp theo nhé!


📌 THÔNG TIN THAM KHẢO VỀ XE BUS 172:
• Hotline đặt vé/hỗ trợ: 1900 63 84 94
• Điểm đầu/cuối: Bến xe buýt Sài Gòn (Công viên 23/9, Lê Lai) ↔️ Bến xe Vũng Tàu
• Tần suất: 15 - 45 phút/chuyến tùy khung giờ



#xebuyt172 #xebuytdien172 #saigonvungtau #buyt172vungtau #dulichvungtau #xebuytphuongtrang#vungtau #saigon #reviewvungtau #dulichsaigon #phuongtrangfuta #xebuyttphcm #dulichtietkiem#trainghiemxebuyt",Trải nghiệm đi VŨNG TÀU  Bằng XE BUÝT ĐIỆN 172 Từ Quận 1 |GIÁ VÉ RẺ  Nhưng Liệu Có Đáng Đi Không ?,2026-09-14T09:46:21Z,2026-09-14T09:46:21Z,Không quá cầu vòm bạn,top_level,,Ugzs5GkiAwcZd1xnkSF4AaABAg,0,2026-09-25T10:50:19Z,2026-09-25T10:50:19Z,1,UCRMsUuPFFESg_4QNeF5k-CQ,,1,0,youtube_20260926_1347,baseline_20260926_134704,2026-09-26T20:50:34.405452+07:00
youtube_c_Ugzs5GkiAwcZd1xnkSF4AaABAg.AbAn6FyXgouAbDRGGqWFwY,youtube,https://www.youtube.com/watch?v=rM_y4rWlOtg,rM_y4rWlOtg,"Trải nghiệm đi VŨNG TÀU  Bằng XE BUÝT ĐIỆN 172 Từ Quận 1 |GIÁ VÉ RẺ  Nhưng Liệu Có Đáng Đi Không ?
Đi Vũng Tàu bằng xe buýt điện 172 – xu hướng du lịch xanh và siêu tiết kiệm từ Sài Gòn!
Trong video hôm nay, mình sẽ dắt mọi người cùng trải nghiệm thực tế chuyến hành trình khứ hồi Sài Gòn - Vũng Tàu và ngược lại bằng tuyến xe buýt không trợ giá số 172 do Phương Trang vận hành. Tuyến xe này sử dụng dòng xe buýt điện 40 chỗ cực kỳ hiện đại, chạy êm ru, có máy lạnh mát rượi và hỗ trợ thanh toán chuyển khoản, quẹt thẻ và  tiền mặt.
Mình sẽ chia sẻ chi tiết cho các bạn về:
* Cách tìm trạm đón xe buýt 172 tại Làn B - Bến xe buýt Sài Gòn (Công viên 23/9, Quận 1).
* Lộ trình di chuyển xuyên qua hầm sông Sài Gòn, Mai Chí Thọ, cao tốc Long Thành - Dầu Giây và Quốc lộ 51.
* Giá vé thực tế tính theo chặng (từ 30.000đ đến 110.000đ cho toàn tuyến).
* Cập nhật lịch trình mới nhất: tăng lên 84 chuyến/ngày, xe chạy từ 4h00/4h30 sáng đến 21h30 tối.
* Những lưu ý quan trọng về thời gian di chuyển (khoảng 2,5 - 3 tiếng), trạm dừng chân và nhược điểm ghế nhựa không ngả để mọi người chuẩn bị tâm lý trước khi đi!
Nếu bạn đang lên kế hoạch phượt Vũng Tàu cuối tuần vừa rẻ vừa an toàn thì xe buýt 172 chắc chắn là lựa chọn đáng thử. 

Đừng quên nhấn LIKE, SHARE và SUBSCRIBE kênh @HolaKhanh_Vento để ủng hộ mình ra thêm nhiều video trải nghiệm  tiếp theo nhé!


📌 THÔNG TIN THAM KHẢO VỀ XE BUS 172:
• Hotline đặt vé/hỗ trợ: 1900 63 84 94
• Điểm đầu/cuối: Bến xe buýt Sài Gòn (Công viên 23/9, Lê Lai) ↔️ Bến xe Vũng Tàu
• Tần suất: 15 - 45 phút/chuyến tùy khung giờ



#xebuyt172 #xebuytdien172 #saigonvungtau #buyt172vungtau #dulichvungtau #xebuytphuongtrang#vungtau #saigon #reviewvungtau #dulichsaigon #phuongtrangfuta #xebuyttphcm #dulichtietkiem#trainghiemxebuyt",Trải nghiệm đi VŨNG TÀU  Bằng XE BUÝT ĐIỆN 172 Từ Quận 1 |GIÁ VÉ RẺ  Nhưng Liệu Có Đáng Đi Không ?,2026-09-14T09:46:21Z,2026-09-14T09:46:21Z,Hola Khanh cám ơn bạn đã xem ủng hộ kênh ạ ❤,reply,Ugzs5GkiAwcZd1xnkSF4AaABAg,Ugzs5GkiAwcZd1xnkSF4AaABAg,1,2026-09-26T11:28:26Z,2026-09-26T11:28:26Z,0,UCUFLdRd3HisXBZmty6K71kw,,1,0,youtube_20260926_1347,baseline_20260926_134704,2026-09-26T20:50:37.764262+07:00
youtube_c_UgzwNEw6dDuEyxBfdrt4AaABAg,youtube,https://www.youtube.com/watch?v=rM_y4rWlOtg,rM_y4rWlOtg,"Trải nghiệm đi VŨNG TÀU  Bằng XE BUÝT ĐIỆN 172 Từ Quận 1 |GIÁ VÉ RẺ  Nhưng Liệu Có Đáng Đi Không ?
Đi Vũng Tàu bằng xe buýt điện 172 – xu hướng du lịch xanh và siêu tiết kiệm từ Sài Gòn!
Trong video hôm nay, mình sẽ dắt mọi người cùng trải nghiệm thực tế chuyến hành trình khứ hồi Sài Gòn - Vũng Tàu và ngược lại bằng tuyến xe buýt không trợ giá số 172 do Phương Trang vận hành. Tuyến xe này sử dụng dòng xe buýt điện 40 chỗ cực kỳ hiện đại, chạy êm ru, có máy lạnh mát rượi và hỗ trợ thanh toán chuyển khoản, quẹt thẻ và  tiền mặt.
Mình sẽ chia sẻ chi tiết cho các bạn về:
* Cách tìm trạm đón xe buýt 172 tại Làn B - Bến xe buýt Sài Gòn (Công viên 23/9, Quận 1).
* Lộ trình di chuyển xuyên qua hầm sông Sài Gòn, Mai Chí Thọ, cao tốc Long Thành - Dầu Giây và Quốc lộ 51.
* Giá vé thực tế tính theo chặng (từ 30.000đ đến 110.000đ cho toàn tuyến).
* Cập nhật lịch trình mới nhất: tăng lên 84 chuyến/ngày, xe chạy từ 4h00/4h30 sáng đến 21h30 tối.
* Những lưu ý quan trọng về thời gian di chuyển (khoảng 2,5 - 3 tiếng), trạm dừng chân và nhược điểm ghế nhựa không ngả để mọi người chuẩn bị tâm lý trước khi đi!
Nếu bạn đang lên kế hoạch phượt Vũng Tàu cuối tuần vừa rẻ vừa an toàn thì xe buýt 172 chắc chắn là lựa chọn đáng thử. 

Đừng quên nhấn LIKE, SHARE và SUBSCRIBE kênh @HolaKhanh_Vento để ủng hộ mình ra thêm nhiều video trải nghiệm  tiếp theo nhé!


📌 THÔNG TIN THAM KHẢO VỀ XE BUS 172:
• Hotline đặt vé/hỗ trợ: 1900 63 84 94
• Điểm đầu/cuối: Bến xe buýt Sài Gòn (Công viên 23/9, Lê Lai) ↔️ Bến xe Vũng Tàu
• Tần suất: 15 - 45 phút/chuyến tùy khung giờ



#xebuyt172 #xebuytdien172 #saigonvungtau #buyt172vungtau #dulichvungtau #xebuytphuongtrang#vungtau #saigon #reviewvungtau #dulichsaigon #phuongtrangfuta #xebuyttphcm #dulichtietkiem#trainghiemxebuyt",Trải nghiệm đi VŨNG TÀU  Bằng XE BUÝT ĐIỆN 172 Từ Quận 1 |GIÁ VÉ RẺ  Nhưng Liệu Có Đáng Đi Không ?,2026-09-14T09:46:21Z,2026-09-14T09:46:21Z,Cái bến xe bus Sài Gòn này nó ở đường gì vậy mọi người.,top_level,,UgzwNEw6dDuEyxBfdrt4AaABAg,0,2026-09-20T08:00:38Z,2026-09-20T08:00:38Z,2,UCjnjl0fSJOSjfCWL53Mh_ew,transport_impact,1,0,youtube_20260926_1347,baseline_20260926_134704,2026-09-26T20:50:47.730332+07:00
youtube_c_UgzwNEw6dDuEyxBfdrt4AaABAg.AaybhzNHx4oAaycuz8UBr0,youtube,https://www.youtube.com/watch?v=rM_y4rWlOtg,rM_y4rWlOtg,"Trải nghiệm đi VŨNG TÀU  Bằng XE BUÝT ĐIỆN 172 Từ Quận 1 |GIÁ VÉ RẺ  Nhưng Liệu Có Đáng Đi Không ?
Đi Vũng Tàu bằng xe buýt điện 172 – xu hướng du lịch xanh và siêu tiết kiệm từ Sài Gòn!
Trong video hôm nay, mình sẽ dắt mọi người cùng trải nghiệm thực tế chuyến hành trình khứ hồi Sài Gòn - Vũng Tàu và ngược lại bằng tuyến xe buýt không trợ giá số 172 do Phương Trang vận hành. Tuyến xe này sử dụng dòng xe buýt điện 40 chỗ cực kỳ hiện đại, chạy êm ru, có máy lạnh mát rượi và hỗ trợ thanh toán chuyển khoản, quẹt thẻ và  tiền mặt.
Mình sẽ chia sẻ chi tiết cho các bạn về:
* Cách tìm trạm đón xe buýt 172 tại Làn B - Bến xe buýt Sài Gòn (Công viên 23/9, Quận 1).
* Lộ trình di chuyển xuyên qua hầm sông Sài Gòn, Mai Chí Thọ, cao tốc Long Thành - Dầu Giây và Quốc lộ 51.
* Giá vé thực tế tính theo chặng (từ 30.000đ đến 110.000đ cho toàn tuyến).
* Cập nhật lịch trình mới nhất: tăng lên 84 chuyến/ngày, xe chạy từ 4h00/4h30 sáng đến 21h30 tối.
* Những lưu ý quan trọng về thời gian di chuyển (khoảng 2,5 - 3 tiếng), trạm dừng chân và nhược điểm ghế nhựa không ngả để mọi người chuẩn bị tâm lý trước khi đi!
Nếu bạn đang lên kế hoạch phượt Vũng Tàu cuối tuần vừa rẻ vừa an toàn thì xe buýt 172 chắc chắn là lựa chọn đáng thử. 

Đừng quên nhấn LIKE, SHARE và SUBSCRIBE kênh @HolaKhanh_Vento để ủng hộ mình ra thêm nhiều video trải nghiệm  tiếp theo nhé!


📌 THÔNG TIN THAM KHẢO VỀ XE BUS 172:
• Hotline đặt vé/hỗ trợ: 1900 63 84 94
• Điểm đầu/cuối: Bến xe buýt Sài Gòn (Công viên 23/9, Lê Lai) ↔️ Bến xe Vũng Tàu
• Tần suất: 15 - 45 phút/chuyến tùy khung giờ



#xebuyt172 #xebuytdien172 #saigonvungtau #buyt172vungtau #dulichvungtau #xebuytphuongtrang#vungtau #saigon #reviewvungtau #dulichsaigon #phuongtrangfuta #xebuyttphcm #dulichtietkiem#trainghiemxebuyt",Trải nghiệm đi VŨNG TÀU  Bằng XE BUÝT ĐIỆN 172 Từ Quận 1 |GIÁ VÉ RẺ  Nhưng Liệu Có Đáng Đi Không ?,2026-09-14T09:46:21Z,2026-09-14T09:46:21Z,"Chào bạn, Bến xe buýt Sài Gòn (hay còn gọi là bến xe buýt Công viên 23/9) nằm tại số 23 Phạm Ngũ Lão, Phường Phạm Ngũ Lão, Quận 1, Thành phố Hồ Chí Minh nhé bạn",reply,UgzwNEw6dDuEyxBfdrt4AaABAg,UgzwNEw6dDuEyxBfdrt4AaABAg,1,2026-09-20T08:11:08Z,2026-09-20T08:11:08Z,2,UCUFLdRd3HisXBZmty6K71kw,transport_impact,1,0,youtube_20260926_1347,baseline_20260926_134704,2026-09-26T20:50:51.027952+07:00
youtube_c_UgwdK6ENHw6vrFKbDhl4AaABAg,youtube,https://www.youtube.com/watch?v=sW1XZHdYfwg,sW1XZHdYfwg,"🚌 DELHI TO DEHRADUN SLEEPER BUS JOURNEY | EBUS INDIA | @AbdulRehmanVlogs24
🚌 DELHI TO DEHRADUN SLEEPER BUS JOURNEY | EBUS INDIA | PART 1

Welcome to Abdulrehman BusVlog! ❤️

In this vlog, we are taking you on a complete Sleeper Bus journey from Delhi Kashmere Gate to Dehradun with EBus India.

This is Part 1 of our journey, where you will see the real experience of a Sleeper Bus journey, including passenger pickups, route conditions, and the different challenges and problems faced during the journey.

🚌 Bus: EBus India – Sleeper Bus

📍 ROUTE:
Delhi Kashmere Gate → Anand Vihar → Ghazipur → Noida Sector 62 → ABES College → Dehradun

📌 PICKUP POINTS:
• Delhi Kashmere Gate
• Anand Vihar
• Ghazipur
• Noida Sector 62
• ABES College

Throughout this vlog, we show you how passengers are picked up at different locations, what challenges we face during the journey, and what a real Sleeper Bus journey from Delhi to Dehradun looks like.

If you enjoy Bus Vlogs, Sleeper Bus Journeys, Road Trips, Travel Vlogs, and Public Transport videos, make sure to:

👍 Like the video
💬 Share your thoughts in the comments
🔔 Subscribe to Abdulrehman BusVlog
📲 Share this video with your friends and family

Stay connected for Part 2 of this journey! ❤️

━━━━━━━━━━━━━━━━━━━━━━

📱 FOLLOW ABDULREHMAN BUSVLOG

📸 Instagram:
Abdulrehman BusVlog

📘 Facebook:
Abdulrehman BusVlog

━━━━━━━━━━━━━━━━━━━━━━

🎵 MUSIC CREDITS

All music used in this video belongs to the respective artists and music platforms. Full credit is given to the original creators.

🎧 Dreamy — Aylex
Source: Free To Use Music

🎧 No Copyright Music — APALONBeats
Artist: APALONBeats
Source: Pixabay
Track ID: 576255

🎧 No Copyright Luxury — Sub_Clair
Artist: Sub_Clair
Source: Pixabay
Track ID: 550484

🎧 No Copyright Music — ikoliks_aj
Artist: ikoliks_aj
Composer: Mykola Odnoroh
Source: Pixabay
Track ID: 468179

🎧 Fareoh — Under Water [NCS Release]
Music provided by NoCopyrightSounds

━━━━━━━━━━━━━━━━━━━━━━

🙏 SPECIAL THANKS

Special thanks to all the artists and music platforms for providing music for creators.

Music rights belong to their respective copyright owners.

━━━━━━━━━━━━━━━━━━━━━━

#AbdulrehmanBusVlog #BusVlog #SleeperBus #EBusIndia #DelhiToDehradun #Dehradun #DelhiBus #KashmereGate #AnandVihar #Ghazipur #NoidaSector62 #ABESCollege #BusJourney #TravelVlog #SleeperBusJourney #Part1",🚌 DELHI TO DEHRADUN SLEEPER BUS JOURNEY | EBUS INDIA | @AbdulRehmanVlogs24,2026-09-24T15:43:29Z,2026-09-24T15:43:29Z,bhai Kitna prise hai Delhi de Dehradun ka,top_level,,UgwdK6ENHw6vrFKbDhl4AaABAg,0,2026-09-24T18:06:11Z,2026-09-24T18:06:11Z,0,UC1b9DhWtJDVAhMxK-ZL6sUQ,,0,0,youtube_20260926_1347,baseline_20260926_134704,2026-09-26T21:00:51.533161+07:00
youtube_c_Ugwtyhz-JpBspb5mh7B4AaABAg,youtube,https://www.youtube.com/watch?v=sW1XZHdYfwg,sW1XZHdYfwg,"🚌 DELHI TO DEHRADUN SLEEPER BUS JOURNEY | EBUS INDIA | @AbdulRehmanVlogs24
🚌 DELHI TO DEHRADUN SLEEPER BUS JOURNEY | EBUS INDIA | PART 1

Welcome to Abdulrehman BusVlog! ❤️

In this vlog, we are taking you on a complete Sleeper Bus journey from Delhi Kashmere Gate to Dehradun with EBus India.

This is Part 1 of our journey, where you will see the real experience of a Sleeper Bus journey, including passenger pickups, route conditions, and the different challenges and problems faced during the journey.

🚌 Bus: EBus India – Sleeper Bus

📍 ROUTE:
Delhi Kashmere Gate → Anand Vihar → Ghazipur → Noida Sector 62 → ABES College → Dehradun

📌 PICKUP POINTS:
• Delhi Kashmere Gate
• Anand Vihar
• Ghazipur
• Noida Sector 62
• ABES College

Throughout this vlog, we show you how passengers are picked up at different locations, what challenges we face during the journey, and what a real Sleeper Bus journey from Delhi to Dehradun looks like.

If you enjoy Bus Vlogs, Sleeper Bus Journeys, Road Trips, Travel Vlogs, and Public Transport videos, make sure to:

👍 Like the video
💬 Share your thoughts in the comments
🔔 Subscribe to Abdulrehman BusVlog
📲 Share this video with your friends and family

Stay connected for Part 2 of this journey! ❤️

━━━━━━━━━━━━━━━━━━━━━━

📱 FOLLOW ABDULREHMAN BUSVLOG

📸 Instagram:
Abdulrehman BusVlog

📘 Facebook:
Abdulrehman BusVlog

━━━━━━━━━━━━━━━━━━━━━━

🎵 MUSIC CREDITS

All music used in this video belongs to the respective artists and music platforms. Full credit is given to the original creators.

🎧 Dreamy — Aylex
Source: Free To Use Music

🎧 No Copyright Music — APALONBeats
Artist: APALONBeats
Source: Pixabay
Track ID: 576255

🎧 No Copyright Luxury — Sub_Clair
Artist: Sub_Clair
Source: Pixabay
Track ID: 550484

🎧 No Copyright Music — ikoliks_aj
Artist: ikoliks_aj
Composer: Mykola Odnoroh
Source: Pixabay
Track ID: 468179

🎧 Fareoh — Under Water [NCS Release]
Music provided by NoCopyrightSounds

━━━━━━━━━━━━━━━━━━━━━━

🙏 SPECIAL THANKS

Special thanks to all the artists and music platforms for providing music for creators.

Music rights belong to their respective copyright owners.

━━━━━━━━━━━━━━━━━━━━━━

#AbdulrehmanBusVlog #BusVlog #SleeperBus #EBusIndia #DelhiToDehradun #Dehradun #DelhiBus #KashmereGate #AnandVihar #Ghazipur #NoidaSector62 #ABESCollege #BusJourney #TravelVlog #SleeperBusJourney #Part1",🚌 DELHI TO DEHRADUN SLEEPER BUS JOURNEY | EBUS INDIA | @AbdulRehmanVlogs24,2026-09-24T15:43:29Z,2026-09-24T15:43:29Z,😊😊😊,top_level,,Ugwtyhz-JpBspb5mh7B4AaABAg,0,2026-09-24T18:05:19Z,2026-09-24T18:05:19Z,0,UC1b9DhWtJDVAhMxK-ZL6sUQ,,0,0,youtube_20260926_1347,baseline_20260926_134704,2026-09-26T21:00:51.536398+07:00
youtube_c_Ugx3U5aJVflFeJIoq6R4AaABAg,youtube,https://www.youtube.com/watch?v=sW1XZHdYfwg,sW1XZHdYfwg,"🚌 DELHI TO DEHRADUN SLEEPER BUS JOURNEY | EBUS INDIA | @AbdulRehmanVlogs24
🚌 DELHI TO DEHRADUN SLEEPER BUS JOURNEY | EBUS INDIA | PART 1

Welcome to Abdulrehman BusVlog! ❤️

In this vlog, we are taking you on a complete Sleeper Bus journey from Delhi Kashmere Gate to Dehradun with EBus India.

This is Part 1 of our journey, where you will see the real experience of a Sleeper Bus journey, including passenger pickups, route conditions, and the different challenges and problems faced during the journey.

🚌 Bus: EBus India – Sleeper Bus

📍 ROUTE:
Delhi Kashmere Gate → Anand Vihar → Ghazipur → Noida Sector 62 → ABES College → Dehradun

📌 PICKUP POINTS:
• Delhi Kashmere Gate
• Anand Vihar
• Ghazipur
• Noida Sector 62
• ABES College

Throughout this vlog, we show you how passengers are picked up at different locations, what challenges we face during the journey, and what a real Sleeper Bus journey from Delhi to Dehradun looks like.

If you enjoy Bus Vlogs, Sleeper Bus Journeys, Road Trips, Travel Vlogs, and Public Transport videos, make sure to:

👍 Like the video
💬 Share your thoughts in the comments
🔔 Subscribe to Abdulrehman BusVlog
📲 Share this video with your friends and family

Stay connected for Part 2 of this journey! ❤️

━━━━━━━━━━━━━━━━━━━━━━

📱 FOLLOW ABDULREHMAN BUSVLOG

📸 Instagram:
Abdulrehman BusVlog

📘 Facebook:
Abdulrehman BusVlog

━━━━━━━━━━━━━━━━━━━━━━

🎵 MUSIC CREDITS

All music used in this video belongs to the respective artists and music platforms. Full credit is given to the original creators.

🎧 Dreamy — Aylex
Source: Free To Use Music

🎧 No Copyright Music — APALONBeats
Artist: APALONBeats
Source: Pixabay
Track ID: 576255

🎧 No Copyright Luxury — Sub_Clair
Artist: Sub_Clair
Source: Pixabay
Track ID: 550484

🎧 No Copyright Music — ikoliks_aj
Artist: ikoliks_aj
Composer: Mykola Odnoroh
Source: Pixabay
Track ID: 468179

🎧 Fareoh — Under Water [NCS Release]
Music provided by NoCopyrightSounds

━━━━━━━━━━━━━━━━━━━━━━

🙏 SPECIAL THANKS

Special thanks to all the artists and music platforms for providing music for creators.

Music rights belong to their respective copyright owners.

━━━━━━━━━━━━━━━━━━━━━━

#AbdulrehmanBusVlog #BusVlog #SleeperBus #EBusIndia #DelhiToDehradun #Dehradun #DelhiBus #KashmereGate #AnandVihar #Ghazipur #NoidaSector62 #ABESCollege #BusJourney #TravelVlog #SleeperBusJourney #Part1",🚌 DELHI TO DEHRADUN SLEEPER BUS JOURNEY | EBUS INDIA | @AbdulRehmanVlogs24,2026-09-24T15:43:29Z,2026-09-24T15:43:29Z,Superb,top_level,,Ugx3U5aJVflFeJIoq6R4AaABAg,0,2026-09-24T18:05:36Z,2026-09-24T18:05:36Z,0,UC1b9DhWtJDVAhMxK-ZL6sUQ,,0,0,youtube_20260926_1347,baseline_20260926_134704,2026-09-26T21:00:51.534080+07:00
youtube_c_Ugy27feXYi7xRvCSJlp4AaABAg,youtube,https://www.youtube.com/watch?v=sW1XZHdYfwg,sW1XZHdYfwg,"🚌 DELHI TO DEHRADUN SLEEPER BUS JOURNEY | EBUS INDIA | @AbdulRehmanVlogs24
🚌 DELHI TO DEHRADUN SLEEPER BUS JOURNEY | EBUS INDIA | PART 1

Welcome to Abdulrehman BusVlog! ❤️

In this vlog, we are taking you on a complete Sleeper Bus journey from Delhi Kashmere Gate to Dehradun with EBus India.

This is Part 1 of our journey, where you will see the real experience of a Sleeper Bus journey, including passenger pickups, route conditions, and the different challenges and problems faced during the journey.

🚌 Bus: EBus India – Sleeper Bus

📍 ROUTE:
Delhi Kashmere Gate → Anand Vihar → Ghazipur → Noida Sector 62 → ABES College → Dehradun

📌 PICKUP POINTS:
• Delhi Kashmere Gate
• Anand Vihar
• Ghazipur
• Noida Sector 62
• ABES College

Throughout this vlog, we show you how passengers are picked up at different locations, what challenges we face during the journey, and what a real Sleeper Bus journey from Delhi to Dehradun looks like.

If you enjoy Bus Vlogs, Sleeper Bus Journeys, Road Trips, Travel Vlogs, and Public Transport videos, make sure to:

👍 Like the video
💬 Share your thoughts in the comments
🔔 Subscribe to Abdulrehman BusVlog
📲 Share this video with your friends and family

Stay connected for Part 2 of this journey! ❤️

━━━━━━━━━━━━━━━━━━━━━━

📱 FOLLOW ABDULREHMAN BUSVLOG

📸 Instagram:
Abdulrehman BusVlog

📘 Facebook:
Abdulrehman BusVlog

━━━━━━━━━━━━━━━━━━━━━━

🎵 MUSIC CREDITS

All music used in this video belongs to the respective artists and music platforms. Full credit is given to the original creators.

🎧 Dreamy — Aylex
Source: Free To Use Music

🎧 No Copyright Music — APALONBeats
Artist: APALONBeats
Source: Pixabay
Track ID: 576255

🎧 No Copyright Luxury — Sub_Clair
Artist: Sub_Clair
Source: Pixabay
Track ID: 550484

🎧 No Copyright Music — ikoliks_aj
Artist: ikoliks_aj
Composer: Mykola Odnoroh
Source: Pixabay
Track ID: 468179

🎧 Fareoh — Under Water [NCS Release]
Music provided by NoCopyrightSounds

━━━━━━━━━━━━━━━━━━━━━━

🙏 SPECIAL THANKS

Special thanks to all the artists and music platforms for providing music for creators.

Music rights belong to their respective copyright owners.

━━━━━━━━━━━━━━━━━━━━━━

#AbdulrehmanBusVlog #BusVlog #SleeperBus #EBusIndia #DelhiToDehradun #Dehradun #DelhiBus #KashmereGate #AnandVihar #Ghazipur #NoidaSector62 #ABESCollege #BusJourney #TravelVlog #SleeperBusJourney #Part1",🚌 DELHI TO DEHRADUN SLEEPER BUS JOURNEY | EBUS INDIA | @AbdulRehmanVlogs24,2026-09-24T15:43:29Z,2026-09-24T15:43:29Z,Ek number,top_level,,Ugy27feXYi7xRvCSJlp4AaABAg,0,2026-09-24T20:34:53Z,2026-09-24T20:34:53Z,0,UCO2gI0fOhT4rHlb5X6bpLFw,,0,0,youtube_20260926_1347,baseline_20260926_134704,2026-09-26T21:00:51.528316+07:00
youtube_c_Ugyn_WSgtkhlu93qIVZ4AaABAg,youtube,https://www.youtube.com/watch?v=sW1XZHdYfwg,sW1XZHdYfwg,"🚌 DELHI TO DEHRADUN SLEEPER BUS JOURNEY | EBUS INDIA | @AbdulRehmanVlogs24
🚌 DELHI TO DEHRADUN SLEEPER BUS JOURNEY | EBUS INDIA | PART 1

Welcome to Abdulrehman BusVlog! ❤️

In this vlog, we are taking you on a complete Sleeper Bus journey from Delhi Kashmere Gate to Dehradun with EBus India.

This is Part 1 of our journey, where you will see the real experience of a Sleeper Bus journey, including passenger pickups, route conditions, and the different challenges and problems faced during the journey.

🚌 Bus: EBus India – Sleeper Bus

📍 ROUTE:
Delhi Kashmere Gate → Anand Vihar → Ghazipur → Noida Sector 62 → ABES College → Dehradun

📌 PICKUP POINTS:
• Delhi Kashmere Gate
• Anand Vihar
• Ghazipur
• Noida Sector 62
• ABES College

Throughout this vlog, we show you how passengers are picked up at different locations, what challenges we face during the journey, and what a real Sleeper Bus journey from Delhi to Dehradun looks like.

If you enjoy Bus Vlogs, Sleeper Bus Journeys, Road Trips, Travel Vlogs, and Public Transport videos, make sure to:

👍 Like the video
💬 Share your thoughts in the comments
🔔 Subscribe to Abdulrehman BusVlog
📲 Share this video with your friends and family

Stay connected for Part 2 of this journey! ❤️

━━━━━━━━━━━━━━━━━━━━━━

📱 FOLLOW ABDULREHMAN BUSVLOG

📸 Instagram:
Abdulrehman BusVlog

📘 Facebook:
Abdulrehman BusVlog

━━━━━━━━━━━━━━━━━━━━━━

🎵 MUSIC CREDITS

All music used in this video belongs to the respective artists and music platforms. Full credit is given to the original creators.

🎧 Dreamy — Aylex
Source: Free To Use Music

🎧 No Copyright Music — APALONBeats
Artist: APALONBeats
Source: Pixabay
Track ID: 576255

🎧 No Copyright Luxury — Sub_Clair
Artist: Sub_Clair
Source: Pixabay
Track ID: 550484

🎧 No Copyright Music — ikoliks_aj
Artist: ikoliks_aj
Composer: Mykola Odnoroh
Source: Pixabay
Track ID: 468179

🎧 Fareoh — Under Water [NCS Release]
Music provided by NoCopyrightSounds

━━━━━━━━━━━━━━━━━━━━━━

🙏 SPECIAL THANKS

Special thanks to all the artists and music platforms for providing music for creators.

Music rights belong to their respective copyright owners.

━━━━━━━━━━━━━━━━━━━━━━

#AbdulrehmanBusVlog #BusVlog #SleeperBus #EBusIndia #DelhiToDehradun #Dehradun #DelhiBus #KashmereGate #AnandVihar #Ghazipur #NoidaSector62 #ABESCollege #BusJourney #TravelVlog #SleeperBusJourney #Part1",🚌 DELHI TO DEHRADUN SLEEPER BUS JOURNEY | EBUS INDIA | @AbdulRehmanVlogs24,2026-09-24T15:43:29Z,2026-09-24T15:43:29Z,❤❤❤,top_level,,Ugyn_WSgtkhlu93qIVZ4AaABAg,0,2026-09-24T18:05:13Z,2026-09-24T18:05:13Z,0,UC1b9DhWtJDVAhMxK-ZL6sUQ,,0,0,youtube_20260926_1347,baseline_20260926_134704,2026-09-26T21:00:51.539542+07:00
youtube_c_UgwZEXDsp_gVWYF-fn94AaABAg,youtube,https://www.youtube.com/watch?v=sbo3FCV_xq0,sbo3FCV_xq0,"E-Bus Service Madhya Pradesh: मोहन सरकार का बड़ा तोहफा, बस सेवा शुरू | CM Mohan Yadav
E-Bus Service Madhya Pradesh: मोहन सरकार का बड़ा तोहफा, बस सेवा शुरू | CM Mohan Yadav

मध्य प्रदेश के लिए 25 सितंबर का दिन ऐतिहासिक रहा। अब प्रदेश में सफर आसान, सुरक्षित और सुविधाओं से भरपूर होगा। दरअसल, भोपाल के भेल दशहरा मैदान में आयोजित कार्यक्रम में केंद्रीय सड़क परिवहन एवं राजमार्ग मंत्री नितिन गडकरी और मुख्यमंत्री डॉ. मोहन यादव ने मुख्यमंत्री सुगम परिवहन सेवा और पीएम ई-बस सेवा की शुरुआत की। मोबिलिटी विजन-2030 (Mobility Vision-2030) के तहत केंद्रीय मंत्री गडकरी और सीएम डॉ. मोहन यादव ने 7 शहरों की 351 इंटरसिटी और इंट्रासिटी बसों को हरी झंडी दिखाकर रवाना किया।

#mpbusservice #nitingadkari #mohanyadav #indiatv 


----------------------------------------------------------------------------------------------------------------------------------------
For more videos, visit https://www.indiatvnews.com/video or https://www.indiatv.in/video


VETO - Subscription free OTT Platform, Download Now: https://onelink.to/s3rweu
Subscribe to IndiaTV and don't forget to press ""THE BELL ICON"" to never miss any updates-
http://bit.ly/2O2aC1J


Download Mobile App:
Link for Android device: https://bit.ly/2V2wnA3
Link for Apple device: https://apple.co/2EB9lKr 


Follow Us On: 
Facebook: / indiatvnews  
                      / indiatv.in        
Twitter: / indiatvnews  
                 / indiatvhindi  


About Us: IndiaTV is the country's most trusted Hindi News Channel. IndiaTV covers the latest news in Politics, Nation, World, Entertainment, Bollywood, Business, and Sports categories and delivers reliable information across all platforms - TV, Internet, and Mobile. Stay tuned for IndiaTV's flagship programs like Aap Ki Adalat, Aaj Ki Baat with Rajat Sharma, Corona Se Jung Swami Ramdev Ke Sang, Bhavishyavani, Haqiqat Kya Hai, OMG, Special Report, and many more.


IndiaTV भारत का No.1 विश्वसनीय Hindi News Channel है। IndiaTV News Channel राजनीति, मनोरंजन, बॉलीवुड, व्यापार और खेल से जुड़े Latest News अपने दर्शकों तक पहुंचाता है। IndiaTV की Live खबरें एवं Hindi Breaking News के लिए बने रहें। 


Also Watch:
Aaj Ki Baat: • आज की बात रजत शर्मा के साथ  
Aap Ki Adalat: • Aap Ki Adalat with Rajat Sharma | आप की अदालत  
Haqiqat Kya Hai: • Haqiqat Kya Hai? | हकीकत क्या है?  
Yoga by Swami Ramdev: • Yoga with Swami Ramdev | योग के रंग स्वामी...  


Get All Latest Updates Here:
IndiaTV Live TV Streaming: https://www.indiatvnews.com/livetv 
IndiaTV News in English: https://www.indiatvnews.com 
IndiaTV News in Hindi: https://www.indiatv.in","E-Bus Service Madhya Pradesh: मोहन सरकार का बड़ा तोहफा, बस सेवा शुरू | CM Mohan Yadav",2026-09-25T18:31:00Z,2026-09-25T18:31:00Z,CM  Sahab  ko  great  thanks.....,top_level,,UgwZEXDsp_gVWYF-fn94AaABAg,0,2026-09-25T18:55:38Z,2026-09-25T18:55:38Z,0,UCPEQHIVxsm3HEUOUYhNUe3w,,0,0,youtube_20260926_1347,baseline_20260926_134704,2026-09-26T20:58:34.690067+07:00
youtube_c_Ugwp6tNaY-9ahcNZytZ4AaABAg,youtube,https://www.youtube.com/watch?v=sbo3FCV_xq0,sbo3FCV_xq0,"E-Bus Service Madhya Pradesh: मोहन सरकार का बड़ा तोहफा, बस सेवा शुरू | CM Mohan Yadav
E-Bus Service Madhya Pradesh: मोहन सरकार का बड़ा तोहफा, बस सेवा शुरू | CM Mohan Yadav

मध्य प्रदेश के लिए 25 सितंबर का दिन ऐतिहासिक रहा। अब प्रदेश में सफर आसान, सुरक्षित और सुविधाओं से भरपूर होगा। दरअसल, भोपाल के भेल दशहरा मैदान में आयोजित कार्यक्रम में केंद्रीय सड़क परिवहन एवं राजमार्ग मंत्री नितिन गडकरी और मुख्यमंत्री डॉ. मोहन यादव ने मुख्यमंत्री सुगम परिवहन सेवा और पीएम ई-बस सेवा की शुरुआत की। मोबिलिटी विजन-2030 (Mobility Vision-2030) के तहत केंद्रीय मंत्री गडकरी और सीएम डॉ. मोहन यादव ने 7 शहरों की 351 इंटरसिटी और इंट्रासिटी बसों को हरी झंडी दिखाकर रवाना किया।

#mpbusservice #nitingadkari #mohanyadav #indiatv 


----------------------------------------------------------------------------------------------------------------------------------------
For more videos, visit https://www.indiatvnews.com/video or https://www.indiatv.in/video


VETO - Subscription free OTT Platform, Download Now: https://onelink.to/s3rweu
Subscribe to IndiaTV and don't forget to press ""THE BELL ICON"" to never miss any updates-
http://bit.ly/2O2aC1J


Download Mobile App:
Link for Android device: https://bit.ly/2V2wnA3
Link for Apple device: https://apple.co/2EB9lKr 


Follow Us On: 
Facebook: / indiatvnews  
                      / indiatv.in        
Twitter: / indiatvnews  
                 / indiatvhindi  


About Us: IndiaTV is the country's most trusted Hindi News Channel. IndiaTV covers the latest news in Politics, Nation, World, Entertainment, Bollywood, Business, and Sports categories and delivers reliable information across all platforms - TV, Internet, and Mobile. Stay tuned for IndiaTV's flagship programs like Aap Ki Adalat, Aaj Ki Baat with Rajat Sharma, Corona Se Jung Swami Ramdev Ke Sang, Bhavishyavani, Haqiqat Kya Hai, OMG, Special Report, and many more.


IndiaTV भारत का No.1 विश्वसनीय Hindi News Channel है। IndiaTV News Channel राजनीति, मनोरंजन, बॉलीवुड, व्यापार और खेल से जुड़े Latest News अपने दर्शकों तक पहुंचाता है। IndiaTV की Live खबरें एवं Hindi Breaking News के लिए बने रहें। 


Also Watch:
Aaj Ki Baat: • आज की बात रजत शर्मा के साथ  
Aap Ki Adalat: • Aap Ki Adalat with Rajat Sharma | आप की अदालत  
Haqiqat Kya Hai: • Haqiqat Kya Hai? | हकीकत क्या है?  
Yoga by Swami Ramdev: • Yoga with Swami Ramdev | योग के रंग स्वामी...  


Get All Latest Updates Here:
IndiaTV Live TV Streaming: https://www.indiatvnews.com/livetv 
IndiaTV News in English: https://www.indiatvnews.com 
IndiaTV News in Hindi: https://www.indiatv.in","E-Bus Service Madhya Pradesh: मोहन सरकार का बड़ा तोहफा, बस सेवा शुरू | CM Mohan Yadav",2026-09-25T18:31:00Z,2026-09-25T18:31:00Z,Ab kaha gae bus nind vote chor,top_level,,Ugwp6tNaY-9ahcNZytZ4AaABAg,0,2026-09-27T02:46:44Z,2026-09-27T02:46:44Z,0,UCJ32SED0qPCVLGHlTKaWUNw,transport_impact,0,0,youtube_20260927_0855,baseline_20260926_134704,2026-09-27T15:57:09.434557+07:00
youtube_c_UgxNbW1IdPANiab4kvh4AaABAg,youtube,https://www.youtube.com/watch?v=sbo3FCV_xq0,sbo3FCV_xq0,"E-Bus Service Madhya Pradesh: मोहन सरकार का बड़ा तोहफा, बस सेवा शुरू | CM Mohan Yadav
E-Bus Service Madhya Pradesh: मोहन सरकार का बड़ा तोहफा, बस सेवा शुरू | CM Mohan Yadav

मध्य प्रदेश के लिए 25 सितंबर का दिन ऐतिहासिक रहा। अब प्रदेश में सफर आसान, सुरक्षित और सुविधाओं से भरपूर होगा। दरअसल, भोपाल के भेल दशहरा मैदान में आयोजित कार्यक्रम में केंद्रीय सड़क परिवहन एवं राजमार्ग मंत्री नितिन गडकरी और मुख्यमंत्री डॉ. मोहन यादव ने मुख्यमंत्री सुगम परिवहन सेवा और पीएम ई-बस सेवा की शुरुआत की। मोबिलिटी विजन-2030 (Mobility Vision-2030) के तहत केंद्रीय मंत्री गडकरी और सीएम डॉ. मोहन यादव ने 7 शहरों की 351 इंटरसिटी और इंट्रासिटी बसों को हरी झंडी दिखाकर रवाना किया।

#mpbusservice #nitingadkari #mohanyadav #indiatv 


----------------------------------------------------------------------------------------------------------------------------------------
For more videos, visit https://www.indiatvnews.com/video or https://www.indiatv.in/video


VETO - Subscription free OTT Platform, Download Now: https://onelink.to/s3rweu
Subscribe to IndiaTV and don't forget to press ""THE BELL ICON"" to never miss any updates-
http://bit.ly/2O2aC1J


Download Mobile App:
Link for Android device: https://bit.ly/2V2wnA3
Link for Apple device: https://apple.co/2EB9lKr 


Follow Us On: 
Facebook: / indiatvnews  
                      / indiatv.in        
Twitter: / indiatvnews  
                 / indiatvhindi  


About Us: IndiaTV is the country's most trusted Hindi News Channel. IndiaTV covers the latest news in Politics, Nation, World, Entertainment, Bollywood, Business, and Sports categories and delivers reliable information across all platforms - TV, Internet, and Mobile. Stay tuned for IndiaTV's flagship programs like Aap Ki Adalat, Aaj Ki Baat with Rajat Sharma, Corona Se Jung Swami Ramdev Ke Sang, Bhavishyavani, Haqiqat Kya Hai, OMG, Special Report, and many more.


IndiaTV भारत का No.1 विश्वसनीय Hindi News Channel है। IndiaTV News Channel राजनीति, मनोरंजन, बॉलीवुड, व्यापार और खेल से जुड़े Latest News अपने दर्शकों तक पहुंचाता है। IndiaTV की Live खबरें एवं Hindi Breaking News के लिए बने रहें। 


Also Watch:
Aaj Ki Baat: • आज की बात रजत शर्मा के साथ  
Aap Ki Adalat: • Aap Ki Adalat with Rajat Sharma | आप की अदालत  
Haqiqat Kya Hai: • Haqiqat Kya Hai? | हकीकत क्या है?  
Yoga by Swami Ramdev: • Yoga with Swami Ramdev | योग के रंग स्वामी...  


Get All Latest Updates Here:
IndiaTV Live TV Streaming: https://www.indiatvnews.com/livetv 
IndiaTV News in English: https://www.indiatvnews.com 
IndiaTV News in Hindi: https://www.indiatv.in","E-Bus Service Madhya Pradesh: मोहन सरकार का बड़ा तोहफा, बस सेवा शुरू | CM Mohan Yadav",2026-09-25T18:31:00Z,2026-09-25T18:31:00Z,Rewa jila mein jo Jawa tahsil hai aur Sirmaur vidhansabha usko Puri tarah Se CM ne andekha kiya hai is Kshetra ke liye to CM kuchh karna bhi milta Hai,top_level,,UgxNbW1IdPANiab4kvh4AaABAg,0,2026-09-27T02:57:03Z,2026-09-27T02:57:03Z,0,UCQsn1UByX5hWAWtgb4jfJzQ,,0,0,youtube_20260927_0855,baseline_20260926_134704,2026-09-27T15:57:09.432559+07:00
youtube_c_Ugxh_6KI4mLv1hpw9Et4AaABAg,youtube,https://www.youtube.com/watch?v=sbo3FCV_xq0,sbo3FCV_xq0,"E-Bus Service Madhya Pradesh: मोहन सरकार का बड़ा तोहफा, बस सेवा शुरू | CM Mohan Yadav
E-Bus Service Madhya Pradesh: मोहन सरकार का बड़ा तोहफा, बस सेवा शुरू | CM Mohan Yadav

मध्य प्रदेश के लिए 25 सितंबर का दिन ऐतिहासिक रहा। अब प्रदेश में सफर आसान, सुरक्षित और सुविधाओं से भरपूर होगा। दरअसल, भोपाल के भेल दशहरा मैदान में आयोजित कार्यक्रम में केंद्रीय सड़क परिवहन एवं राजमार्ग मंत्री नितिन गडकरी और मुख्यमंत्री डॉ. मोहन यादव ने मुख्यमंत्री सुगम परिवहन सेवा और पीएम ई-बस सेवा की शुरुआत की। मोबिलिटी विजन-2030 (Mobility Vision-2030) के तहत केंद्रीय मंत्री गडकरी और सीएम डॉ. मोहन यादव ने 7 शहरों की 351 इंटरसिटी और इंट्रासिटी बसों को हरी झंडी दिखाकर रवाना किया।

#mpbusservice #nitingadkari #mohanyadav #indiatv 


----------------------------------------------------------------------------------------------------------------------------------------
For more videos, visit https://www.indiatvnews.com/video or https://www.indiatv.in/video


VETO - Subscription free OTT Platform, Download Now: https://onelink.to/s3rweu
Subscribe to IndiaTV and don't forget to press ""THE BELL ICON"" to never miss any updates-
http://bit.ly/2O2aC1J


Download Mobile App:
Link for Android device: https://bit.ly/2V2wnA3
Link for Apple device: https://apple.co/2EB9lKr 


Follow Us On: 
Facebook: / indiatvnews  
                      / indiatv.in        
Twitter: / indiatvnews  
                 / indiatvhindi  


About Us: IndiaTV is the country's most trusted Hindi News Channel. IndiaTV covers the latest news in Politics, Nation, World, Entertainment, Bollywood, Business, and Sports categories and delivers reliable information across all platforms - TV, Internet, and Mobile. Stay tuned for IndiaTV's flagship programs like Aap Ki Adalat, Aaj Ki Baat with Rajat Sharma, Corona Se Jung Swami Ramdev Ke Sang, Bhavishyavani, Haqiqat Kya Hai, OMG, Special Report, and many more.


IndiaTV भारत का No.1 विश्वसनीय Hindi News Channel है। IndiaTV News Channel राजनीति, मनोरंजन, बॉलीवुड, व्यापार और खेल से जुड़े Latest News अपने दर्शकों तक पहुंचाता है। IndiaTV की Live खबरें एवं Hindi Breaking News के लिए बने रहें। 


Also Watch:
Aaj Ki Baat: • आज की बात रजत शर्मा के साथ  
Aap Ki Adalat: • Aap Ki Adalat with Rajat Sharma | आप की अदालत  
Haqiqat Kya Hai: • Haqiqat Kya Hai? | हकीकत क्या है?  
Yoga by Swami Ramdev: • Yoga with Swami Ramdev | योग के रंग स्वामी...  


Get All Latest Updates Here:
IndiaTV Live TV Streaming: https://www.indiatvnews.com/livetv 
IndiaTV News in English: https://www.indiatvnews.com 
IndiaTV News in Hindi: https://www.indiatv.in","E-Bus Service Madhya Pradesh: मोहन सरकार का बड़ा तोहफा, बस सेवा शुरू | CM Mohan Yadav",2026-09-25T18:31:00Z,2026-09-25T18:31:00Z,kuch bus to purani the jis pr paint kiya tha 😅😂🤣 aur log to na k barabar aae the 🤣,top_level,,Ugxh_6KI4mLv1hpw9Et4AaABAg,0,2026-09-26T15:27:02Z,2026-09-26T15:27:02Z,0,UC2UCyhuJkCOur6oyiv9NJuw,transport_impact,0,0,youtube_20260926_1601,baseline_20260926_134704,2026-09-26T23:02:09.591468+07:00
youtube_c_UgzAnBJKGTneHq6si954AaABAg,youtube,https://www.youtube.com/watch?v=sbo3FCV_xq0,sbo3FCV_xq0,"E-Bus Service Madhya Pradesh: मोहन सरकार का बड़ा तोहफा, बस सेवा शुरू | CM Mohan Yadav
E-Bus Service Madhya Pradesh: मोहन सरकार का बड़ा तोहफा, बस सेवा शुरू | CM Mohan Yadav

मध्य प्रदेश के लिए 25 सितंबर का दिन ऐतिहासिक रहा। अब प्रदेश में सफर आसान, सुरक्षित और सुविधाओं से भरपूर होगा। दरअसल, भोपाल के भेल दशहरा मैदान में आयोजित कार्यक्रम में केंद्रीय सड़क परिवहन एवं राजमार्ग मंत्री नितिन गडकरी और मुख्यमंत्री डॉ. मोहन यादव ने मुख्यमंत्री सुगम परिवहन सेवा और पीएम ई-बस सेवा की शुरुआत की। मोबिलिटी विजन-2030 (Mobility Vision-2030) के तहत केंद्रीय मंत्री गडकरी और सीएम डॉ. मोहन यादव ने 7 शहरों की 351 इंटरसिटी और इंट्रासिटी बसों को हरी झंडी दिखाकर रवाना किया।

#mpbusservice #nitingadkari #mohanyadav #indiatv 


----------------------------------------------------------------------------------------------------------------------------------------
For more videos, visit https://www.indiatvnews.com/video or https://www.indiatv.in/video


VETO - Subscription free OTT Platform, Download Now: https://onelink.to/s3rweu
Subscribe to IndiaTV and don't forget to press ""THE BELL ICON"" to never miss any updates-
http://bit.ly/2O2aC1J


Download Mobile App:
Link for Android device: https://bit.ly/2V2wnA3
Link for Apple device: https://apple.co/2EB9lKr 


Follow Us On: 
Facebook: / indiatvnews  
                      / indiatv.in        
Twitter: / indiatvnews  
                 / indiatvhindi  


About Us: IndiaTV is the country's most trusted Hindi News Channel. IndiaTV covers the latest news in Politics, Nation, World, Entertainment, Bollywood, Business, and Sports categories and delivers reliable information across all platforms - TV, Internet, and Mobile. Stay tuned for IndiaTV's flagship programs like Aap Ki Adalat, Aaj Ki Baat with Rajat Sharma, Corona Se Jung Swami Ramdev Ke Sang, Bhavishyavani, Haqiqat Kya Hai, OMG, Special Report, and many more.


IndiaTV भारत का No.1 विश्वसनीय Hindi News Channel है। IndiaTV News Channel राजनीति, मनोरंजन, बॉलीवुड, व्यापार और खेल से जुड़े Latest News अपने दर्शकों तक पहुंचाता है। IndiaTV की Live खबरें एवं Hindi Breaking News के लिए बने रहें। 


Also Watch:
Aaj Ki Baat: • आज की बात रजत शर्मा के साथ  
Aap Ki Adalat: • Aap Ki Adalat with Rajat Sharma | आप की अदालत  
Haqiqat Kya Hai: • Haqiqat Kya Hai? | हकीकत क्या है?  
Yoga by Swami Ramdev: • Yoga with Swami Ramdev | योग के रंग स्वामी...  


Get All Latest Updates Here:
IndiaTV Live TV Streaming: https://www.indiatvnews.com/livetv 
IndiaTV News in English: https://www.indiatvnews.com 
IndiaTV News in Hindi: https://www.indiatv.in","E-Bus Service Madhya Pradesh: मोहन सरकार का बड़ा तोहफा, बस सेवा शुरू | CM Mohan Yadav",2026-09-25T18:31:00Z,2026-09-25T18:31:00Z,Thanks Dr mohan yadav ji CM of MP ❤❤❤❤❤❤❤,top_level,,UgzAnBJKGTneHq6si954AaABAg,0,2026-09-25T19:06:44Z,2026-09-25T19:06:44Z,0,UCNbARD5bOewuGhg0Sww5mwA,,0,0,youtube_20260926_1347,baseline_20260926_134704,2026-09-26T20:58:34.686418+07:00
youtube_c_Ugzoc-M-TK-U_Oyp63d4AaABAg,youtube,https://www.youtube.com/watch?v=sbo3FCV_xq0,sbo3FCV_xq0,"E-Bus Service Madhya Pradesh: मोहन सरकार का बड़ा तोहफा, बस सेवा शुरू | CM Mohan Yadav
E-Bus Service Madhya Pradesh: मोहन सरकार का बड़ा तोहफा, बस सेवा शुरू | CM Mohan Yadav

मध्य प्रदेश के लिए 25 सितंबर का दिन ऐतिहासिक रहा। अब प्रदेश में सफर आसान, सुरक्षित और सुविधाओं से भरपूर होगा। दरअसल, भोपाल के भेल दशहरा मैदान में आयोजित कार्यक्रम में केंद्रीय सड़क परिवहन एवं राजमार्ग मंत्री नितिन गडकरी और मुख्यमंत्री डॉ. मोहन यादव ने मुख्यमंत्री सुगम परिवहन सेवा और पीएम ई-बस सेवा की शुरुआत की। मोबिलिटी विजन-2030 (Mobility Vision-2030) के तहत केंद्रीय मंत्री गडकरी और सीएम डॉ. मोहन यादव ने 7 शहरों की 351 इंटरसिटी और इंट्रासिटी बसों को हरी झंडी दिखाकर रवाना किया।

#mpbusservice #nitingadkari #mohanyadav #indiatv 


----------------------------------------------------------------------------------------------------------------------------------------
For more videos, visit https://www.indiatvnews.com/video or https://www.indiatv.in/video


VETO - Subscription free OTT Platform, Download Now: https://onelink.to/s3rweu
Subscribe to IndiaTV and don't forget to press ""THE BELL ICON"" to never miss any updates-
http://bit.ly/2O2aC1J


Download Mobile App:
Link for Android device: https://bit.ly/2V2wnA3
Link for Apple device: https://apple.co/2EB9lKr 


Follow Us On: 
Facebook: / indiatvnews  
                      / indiatv.in        
Twitter: / indiatvnews  
                 / indiatvhindi  


About Us: IndiaTV is the country's most trusted Hindi News Channel. IndiaTV covers the latest news in Politics, Nation, World, Entertainment, Bollywood, Business, and Sports categories and delivers reliable information across all platforms - TV, Internet, and Mobile. Stay tuned for IndiaTV's flagship programs like Aap Ki Adalat, Aaj Ki Baat with Rajat Sharma, Corona Se Jung Swami Ramdev Ke Sang, Bhavishyavani, Haqiqat Kya Hai, OMG, Special Report, and many more.


IndiaTV भारत का No.1 विश्वसनीय Hindi News Channel है। IndiaTV News Channel राजनीति, मनोरंजन, बॉलीवुड, व्यापार और खेल से जुड़े Latest News अपने दर्शकों तक पहुंचाता है। IndiaTV की Live खबरें एवं Hindi Breaking News के लिए बने रहें। 


Also Watch:
Aaj Ki Baat: • आज की बात रजत शर्मा के साथ  
Aap Ki Adalat: • Aap Ki Adalat with Rajat Sharma | आप की अदालत  
Haqiqat Kya Hai: • Haqiqat Kya Hai? | हकीकत क्या है?  
Yoga by Swami Ramdev: • Yoga with Swami Ramdev | योग के रंग स्वामी...  


Get All Latest Updates Here:
IndiaTV Live TV Streaming: https://www.indiatvnews.com/livetv 
IndiaTV News in English: https://www.indiatvnews.com 
IndiaTV News in Hindi: https://www.indiatv.in","E-Bus Service Madhya Pradesh: मोहन सरकार का बड़ा तोहफा, बस सेवा शुरू | CM Mohan Yadav",2026-09-25T18:31:00Z,2026-09-25T18:31:00Z,Rewa jila mein ek tarai Kshetra bola jata hai uske liye bhi ek do bus de dijiye Nitin ji,top_level,,Ugzoc-M-TK-U_Oyp63d4AaABAg,0,2026-09-27T02:58:12Z,2026-09-27T02:58:12Z,0,UCQsn1UByX5hWAWtgb4jfJzQ,transport_impact,0,0,youtube_20260927_0855,baseline_20260926_134704,2026-09-27T15:57:09.430552+07:00
youtube_c_UgwRFcKibF4LDumQEkx4AaABAg,youtube,https://www.youtube.com/watch?v=tM1tyCCd-9Q,tM1tyCCd-9Q,Foton Ebus U12 Sc (Recorrido 106),Foton Ebus U12 Sc (Recorrido 106),2026-09-20T16:31:30Z,2026-09-20T16:31:30Z,Mi 106 😎,top_level,,UgwRFcKibF4LDumQEkx4AaABAg,0,2026-09-21T01:43:01Z,2026-09-21T01:43:01Z,1,UCw9yNs4tS8Z27D4XvLeXIHg,,0,0,youtube_20260926_1347,baseline_20260926_134704,2026-09-26T21:02:04.748863+07:00
youtube_c_Ugw-xa9VT5kdtp4o1wV4AaABAg,youtube,https://www.youtube.com/watch?v=uC8JO3aUzTU,uC8JO3aUzTU,"Nitin Gadkari Speech: नितिन गडकरी ने गिनाए Electric Bus के फायदे, रोजगार पर भी बड़ा बयान
मध्य प्रदेश में 21 साल बाद राज्य की public bus service को फिर से शुरू किया गया है। 25 सितंबर 2026 को मुख्यमंत्री मोहन यादव और केंद्रीय सड़क परिवहन एवं राजमार्ग मंत्री नितिन गडकरी ने Mukhyamantri Sugam Parivahan Seva की शुरुआत की। शुरुआती चरण में आधुनिक public transport और electric/CNG buses पर फोकस है. कार्यक्रम में नितिन गडकरी ने Electric Bus, Ethanol, Hydrogen Fuel और Clean Transportation को लेकर अपना vision सामने रखा। उन्होंने petroleum imports कम करने, pollution घटाने और किसानों के लिए ethanol-based economy के अवसरों पर भी बात की. इस वीडियो में देखिए Nitin Gadkari का पूरा भाषण 

#nitingadkari #nitingadkari speech #electricbus #pm ebus sewa #electricvehicle #ethanol #hydrogenfuel #cleanfuel #publictransport #madhyapradesh #mohan yadav #sugamparivahanseva #bustransport #evindia #greenmobility #biharnews #latestnews #hindinews #indianews #zeehindustan","Nitin Gadkari Speech: नितिन गडकरी ने गिनाए Electric Bus के फायदे, रोजगार पर भी बड़ा बयान",2026-09-25T12:41:36Z,2026-09-25T12:41:36Z,BJP /RSS  = Desh ka sabse bada bojh aur dushman,top_level,,Ugw-xa9VT5kdtp4o1wV4AaABAg,0,2026-09-27T02:17:24Z,2026-09-27T02:17:24Z,0,UCZJU10sEZlt1DMiys2mJ8Rw,,0,0,youtube_20260927_0855,baseline_20260926_134704,2026-09-27T15:56:28.259531+07:00
youtube_c_Ugw7giET_zPsuUhYZFZ4AaABAg,youtube,https://www.youtube.com/watch?v=uC8JO3aUzTU,uC8JO3aUzTU,"Nitin Gadkari Speech: नितिन गडकरी ने गिनाए Electric Bus के फायदे, रोजगार पर भी बड़ा बयान
मध्य प्रदेश में 21 साल बाद राज्य की public bus service को फिर से शुरू किया गया है। 25 सितंबर 2026 को मुख्यमंत्री मोहन यादव और केंद्रीय सड़क परिवहन एवं राजमार्ग मंत्री नितिन गडकरी ने Mukhyamantri Sugam Parivahan Seva की शुरुआत की। शुरुआती चरण में आधुनिक public transport और electric/CNG buses पर फोकस है. कार्यक्रम में नितिन गडकरी ने Electric Bus, Ethanol, Hydrogen Fuel और Clean Transportation को लेकर अपना vision सामने रखा। उन्होंने petroleum imports कम करने, pollution घटाने और किसानों के लिए ethanol-based economy के अवसरों पर भी बात की. इस वीडियो में देखिए Nitin Gadkari का पूरा भाषण 

#nitingadkari #nitingadkari speech #electricbus #pm ebus sewa #electricvehicle #ethanol #hydrogenfuel #cleanfuel #publictransport #madhyapradesh #mohan yadav #sugamparivahanseva #bustransport #evindia #greenmobility #biharnews #latestnews #hindinews #indianews #zeehindustan","Nitin Gadkari Speech: नितिन गडकरी ने गिनाए Electric Bus के फायदे, रोजगार पर भी बड़ा बयान",2026-09-25T12:41:36Z,2026-09-25T12:41:36Z,social economic justice security गुजरात पढ़े अभियान पढ़ाई से ज्ञान क्रांति मोदी जी   👏,top_level,,Ugw7giET_zPsuUhYZFZ4AaABAg,0,2026-09-25T19:17:18Z,2026-09-25T19:17:18Z,0,UCHs8d0eFRJkP87UswP88UIQ,,0,0,youtube_20260926_1347,baseline_20260926_134704,2026-09-26T21:09:56.789680+07:00
youtube_c_Ugw9xpeZGdmkzNGzSDx4AaABAg,youtube,https://www.youtube.com/watch?v=uC8JO3aUzTU,uC8JO3aUzTU,"Nitin Gadkari Speech: नितिन गडकरी ने गिनाए Electric Bus के फायदे, रोजगार पर भी बड़ा बयान
मध्य प्रदेश में 21 साल बाद राज्य की public bus service को फिर से शुरू किया गया है। 25 सितंबर 2026 को मुख्यमंत्री मोहन यादव और केंद्रीय सड़क परिवहन एवं राजमार्ग मंत्री नितिन गडकरी ने Mukhyamantri Sugam Parivahan Seva की शुरुआत की। शुरुआती चरण में आधुनिक public transport और electric/CNG buses पर फोकस है. कार्यक्रम में नितिन गडकरी ने Electric Bus, Ethanol, Hydrogen Fuel और Clean Transportation को लेकर अपना vision सामने रखा। उन्होंने petroleum imports कम करने, pollution घटाने और किसानों के लिए ethanol-based economy के अवसरों पर भी बात की. इस वीडियो में देखिए Nitin Gadkari का पूरा भाषण 

#nitingadkari #nitingadkari speech #electricbus #pm ebus sewa #electricvehicle #ethanol #hydrogenfuel #cleanfuel #publictransport #madhyapradesh #mohan yadav #sugamparivahanseva #bustransport #evindia #greenmobility #biharnews #latestnews #hindinews #indianews #zeehindustan","Nitin Gadkari Speech: नितिन गडकरी ने गिनाए Electric Bus के फायदे, रोजगार पर भी बड़ा बयान",2026-09-25T12:41:36Z,2026-09-25T12:41:36Z,"देश को अब गडकरी की जरूरत है, फिर योगी को मौका",top_level,,Ugw9xpeZGdmkzNGzSDx4AaABAg,0,2026-09-27T03:30:01Z,2026-09-27T03:30:01Z,1,UC1ed6ZXc9cAGKZU6RgSSTQA,,0,0,youtube_20260927_0855,baseline_20260926_134704,2026-09-27T15:56:25.013362+07:00
youtube_c_Ugw9xpeZGdmkzNGzSDx4AaABAg.AbF9J6TgFmsAbFHV5917Op,youtube,https://www.youtube.com/watch?v=uC8JO3aUzTU,uC8JO3aUzTU,"Nitin Gadkari Speech: नितिन गडकरी ने गिनाए Electric Bus के फायदे, रोजगार पर भी बड़ा बयान
मध्य प्रदेश में 21 साल बाद राज्य की public bus service को फिर से शुरू किया गया है। 25 सितंबर 2026 को मुख्यमंत्री मोहन यादव और केंद्रीय सड़क परिवहन एवं राजमार्ग मंत्री नितिन गडकरी ने Mukhyamantri Sugam Parivahan Seva की शुरुआत की। शुरुआती चरण में आधुनिक public transport और electric/CNG buses पर फोकस है. कार्यक्रम में नितिन गडकरी ने Electric Bus, Ethanol, Hydrogen Fuel और Clean Transportation को लेकर अपना vision सामने रखा। उन्होंने petroleum imports कम करने, pollution घटाने और किसानों के लिए ethanol-based economy के अवसरों पर भी बात की. इस वीडियो में देखिए Nitin Gadkari का पूरा भाषण 

#nitingadkari #nitingadkari speech #electricbus #pm ebus sewa #electricvehicle #ethanol #hydrogenfuel #cleanfuel #publictransport #madhyapradesh #mohan yadav #sugamparivahanseva #bustransport #evindia #greenmobility #biharnews #latestnews #hindinews #indianews #zeehindustan","Nitin Gadkari Speech: नितिन गडकरी ने गिनाए Electric Bus के फायदे, रोजगार पर भी बड़ा बयान",2026-09-25T12:41:36Z,2026-09-25T12:41:36Z,Desh ko bjp ki jarurat nhi h 😅😅,reply,Ugw9xpeZGdmkzNGzSDx4AaABAg,Ugw9xpeZGdmkzNGzSDx4AaABAg,1,2026-09-27T04:41:34Z,2026-09-27T04:41:34Z,0,UCgqnLvz7fPfDwpbprJ4qWiA,,0,0,youtube_20260927_0855,baseline_20260926_134704,2026-09-27T15:56:28.258277+07:00
youtube_c_UgwJutOpR-A3z_mw1GR4AaABAg,youtube,https://www.youtube.com/watch?v=uC8JO3aUzTU,uC8JO3aUzTU,"Nitin Gadkari Speech: नितिन गडकरी ने गिनाए Electric Bus के फायदे, रोजगार पर भी बड़ा बयान
मध्य प्रदेश में 21 साल बाद राज्य की public bus service को फिर से शुरू किया गया है। 25 सितंबर 2026 को मुख्यमंत्री मोहन यादव और केंद्रीय सड़क परिवहन एवं राजमार्ग मंत्री नितिन गडकरी ने Mukhyamantri Sugam Parivahan Seva की शुरुआत की। शुरुआती चरण में आधुनिक public transport और electric/CNG buses पर फोकस है. कार्यक्रम में नितिन गडकरी ने Electric Bus, Ethanol, Hydrogen Fuel और Clean Transportation को लेकर अपना vision सामने रखा। उन्होंने petroleum imports कम करने, pollution घटाने और किसानों के लिए ethanol-based economy के अवसरों पर भी बात की. इस वीडियो में देखिए Nitin Gadkari का पूरा भाषण 

#nitingadkari #nitingadkari speech #electricbus #pm ebus sewa #electricvehicle #ethanol #hydrogenfuel #cleanfuel #publictransport #madhyapradesh #mohan yadav #sugamparivahanseva #bustransport #evindia #greenmobility #biharnews #latestnews #hindinews #indianews #zeehindustan","Nitin Gadkari Speech: नितिन गडकरी ने गिनाए Electric Bus के फायदे, रोजगार पर भी बड़ा बयान",2026-09-25T12:41:36Z,2026-09-25T12:41:36Z,सर महाराष्ट्राची शोकांतिका अशी आहे इलेक्ट्रिक बसचे भाडे डिझेल बसच्या तुलनेमध्ये 300 पर्सेंट या गोष्टीचा खूप वाईट वाटतं आहे,top_level,,UgwJutOpR-A3z_mw1GR4AaABAg,0,2026-09-27T05:53:57Z,2026-09-27T05:53:57Z,0,UCT7IkV9i985r8VuqTEBLZVQ,,0,0,youtube_20260927_0855,baseline_20260926_134704,2026-09-27T15:56:25.010364+07:00
youtube_c_UgwRPCfJrJ4L2tfl2nl4AaABAg,youtube,https://www.youtube.com/watch?v=uC8JO3aUzTU,uC8JO3aUzTU,"Nitin Gadkari Speech: नितिन गडकरी ने गिनाए Electric Bus के फायदे, रोजगार पर भी बड़ा बयान
मध्य प्रदेश में 21 साल बाद राज्य की public bus service को फिर से शुरू किया गया है। 25 सितंबर 2026 को मुख्यमंत्री मोहन यादव और केंद्रीय सड़क परिवहन एवं राजमार्ग मंत्री नितिन गडकरी ने Mukhyamantri Sugam Parivahan Seva की शुरुआत की। शुरुआती चरण में आधुनिक public transport और electric/CNG buses पर फोकस है. कार्यक्रम में नितिन गडकरी ने Electric Bus, Ethanol, Hydrogen Fuel और Clean Transportation को लेकर अपना vision सामने रखा। उन्होंने petroleum imports कम करने, pollution घटाने और किसानों के लिए ethanol-based economy के अवसरों पर भी बात की. इस वीडियो में देखिए Nitin Gadkari का पूरा भाषण 

#nitingadkari #nitingadkari speech #electricbus #pm ebus sewa #electricvehicle #ethanol #hydrogenfuel #cleanfuel #publictransport #madhyapradesh #mohan yadav #sugamparivahanseva #bustransport #evindia #greenmobility #biharnews #latestnews #hindinews #indianews #zeehindustan","Nitin Gadkari Speech: नितिन गडकरी ने गिनाए Electric Bus के फायदे, रोजगार पर भी बड़ा बयान",2026-09-25T12:41:36Z,2026-09-25T12:41:36Z,सर तुमचं काम अप्रतिम आणि अशक्यप्राय गोष्टी तुम्ही केलेला आहे त्यामुळे तुम्ही अभिनंदनास पात्र आहात आणि तुम्ही खूप मोठी जबाबदारी पार पाडलेली  आहे तुमच्या विचाराने देशाच्या विकासाला क्षितिजावर नेलेले आहे,top_level,,UgwRPCfJrJ4L2tfl2nl4AaABAg,0,2026-09-27T06:06:16Z,2026-09-27T06:06:16Z,0,UCT7IkV9i985r8VuqTEBLZVQ,,0,0,youtube_20260927_0855,baseline_20260926_134704,2026-09-27T15:56:25.007811+07:00
youtube_c_UgwkDCIQXpM-eW-lQXp4AaABAg,youtube,https://www.youtube.com/watch?v=uC8JO3aUzTU,uC8JO3aUzTU,"Nitin Gadkari Speech: नितिन गडकरी ने गिनाए Electric Bus के फायदे, रोजगार पर भी बड़ा बयान
मध्य प्रदेश में 21 साल बाद राज्य की public bus service को फिर से शुरू किया गया है। 25 सितंबर 2026 को मुख्यमंत्री मोहन यादव और केंद्रीय सड़क परिवहन एवं राजमार्ग मंत्री नितिन गडकरी ने Mukhyamantri Sugam Parivahan Seva की शुरुआत की। शुरुआती चरण में आधुनिक public transport और electric/CNG buses पर फोकस है. कार्यक्रम में नितिन गडकरी ने Electric Bus, Ethanol, Hydrogen Fuel और Clean Transportation को लेकर अपना vision सामने रखा। उन्होंने petroleum imports कम करने, pollution घटाने और किसानों के लिए ethanol-based economy के अवसरों पर भी बात की. इस वीडियो में देखिए Nitin Gadkari का पूरा भाषण 

#nitingadkari #nitingadkari speech #electricbus #pm ebus sewa #electricvehicle #ethanol #hydrogenfuel #cleanfuel #publictransport #madhyapradesh #mohan yadav #sugamparivahanseva #bustransport #evindia #greenmobility #biharnews #latestnews #hindinews #indianews #zeehindustan","Nitin Gadkari Speech: नितिन गडकरी ने गिनाए Electric Bus के फायदे, रोजगार पर भी बड़ा बयान",2026-09-25T12:41:36Z,2026-09-25T12:41:36Z,Mera video kisne hai kar lagta hai,top_level,,UgwkDCIQXpM-eW-lQXp4AaABAg,0,2026-09-26T16:26:35Z,2026-09-26T16:26:35Z,0,UC8J2DdznMNUb4GqQ7nmmdmg,,0,0,youtube_20260926_1700,baseline_20260926_134704,2026-09-27T00:00:35.718821+07:00
youtube_c_Ugx-65CHM2WOMo7fp0p4AaABAg,youtube,https://www.youtube.com/watch?v=uC8JO3aUzTU,uC8JO3aUzTU,"Nitin Gadkari Speech: नितिन गडकरी ने गिनाए Electric Bus के फायदे, रोजगार पर भी बड़ा बयान
मध्य प्रदेश में 21 साल बाद राज्य की public bus service को फिर से शुरू किया गया है। 25 सितंबर 2026 को मुख्यमंत्री मोहन यादव और केंद्रीय सड़क परिवहन एवं राजमार्ग मंत्री नितिन गडकरी ने Mukhyamantri Sugam Parivahan Seva की शुरुआत की। शुरुआती चरण में आधुनिक public transport और electric/CNG buses पर फोकस है. कार्यक्रम में नितिन गडकरी ने Electric Bus, Ethanol, Hydrogen Fuel और Clean Transportation को लेकर अपना vision सामने रखा। उन्होंने petroleum imports कम करने, pollution घटाने और किसानों के लिए ethanol-based economy के अवसरों पर भी बात की. इस वीडियो में देखिए Nitin Gadkari का पूरा भाषण 

#nitingadkari #nitingadkari speech #electricbus #pm ebus sewa #electricvehicle #ethanol #hydrogenfuel #cleanfuel #publictransport #madhyapradesh #mohan yadav #sugamparivahanseva #bustransport #evindia #greenmobility #biharnews #latestnews #hindinews #indianews #zeehindustan","Nitin Gadkari Speech: नितिन गडकरी ने गिनाए Electric Bus के फायदे, रोजगार पर भी बड़ा बयान",2026-09-25T12:41:36Z,2026-09-25T12:41:36Z,DES KI. JANTAA KA DUMAN 😊,top_level,,Ugx-65CHM2WOMo7fp0p4AaABAg,0,2026-09-25T16:54:18Z,2026-09-25T16:54:18Z,0,UCvZUxGM_Z9bxilkpoC1j5lw,,0,0,youtube_20260926_1347,baseline_20260926_134704,2026-09-26T21:09:56.796624+07:00
youtube_c_Ugx2lu4vyIXoVboxQl14AaABAg,youtube,https://www.youtube.com/watch?v=uC8JO3aUzTU,uC8JO3aUzTU,"Nitin Gadkari Speech: नितिन गडकरी ने गिनाए Electric Bus के फायदे, रोजगार पर भी बड़ा बयान
मध्य प्रदेश में 21 साल बाद राज्य की public bus service को फिर से शुरू किया गया है। 25 सितंबर 2026 को मुख्यमंत्री मोहन यादव और केंद्रीय सड़क परिवहन एवं राजमार्ग मंत्री नितिन गडकरी ने Mukhyamantri Sugam Parivahan Seva की शुरुआत की। शुरुआती चरण में आधुनिक public transport और electric/CNG buses पर फोकस है. कार्यक्रम में नितिन गडकरी ने Electric Bus, Ethanol, Hydrogen Fuel और Clean Transportation को लेकर अपना vision सामने रखा। उन्होंने petroleum imports कम करने, pollution घटाने और किसानों के लिए ethanol-based economy के अवसरों पर भी बात की. इस वीडियो में देखिए Nitin Gadkari का पूरा भाषण 

#nitingadkari #nitingadkari speech #electricbus #pm ebus sewa #electricvehicle #ethanol #hydrogenfuel #cleanfuel #publictransport #madhyapradesh #mohan yadav #sugamparivahanseva #bustransport #evindia #greenmobility #biharnews #latestnews #hindinews #indianews #zeehindustan","Nitin Gadkari Speech: नितिन गडकरी ने गिनाए Electric Bus के फायदे, रोजगार पर भी बड़ा बयान",2026-09-25T12:41:36Z,2026-09-25T12:41:36Z,Ji sir ram ram ram ji ram,top_level,,Ugx2lu4vyIXoVboxQl14AaABAg,0,2026-09-27T00:11:17Z,2026-09-27T00:11:17Z,0,UCORbBK7QjhrMaZk0jxvUpkw,,0,0,youtube_20260927_0855,baseline_20260926_134704,2026-09-27T15:56:28.259531+07:00
youtube_c_UgxHl2c1AZz4T96S3GF4AaABAg,youtube,https://www.youtube.com/watch?v=uC8JO3aUzTU,uC8JO3aUzTU,"Nitin Gadkari Speech: नितिन गडकरी ने गिनाए Electric Bus के फायदे, रोजगार पर भी बड़ा बयान
मध्य प्रदेश में 21 साल बाद राज्य की public bus service को फिर से शुरू किया गया है। 25 सितंबर 2026 को मुख्यमंत्री मोहन यादव और केंद्रीय सड़क परिवहन एवं राजमार्ग मंत्री नितिन गडकरी ने Mukhyamantri Sugam Parivahan Seva की शुरुआत की। शुरुआती चरण में आधुनिक public transport और electric/CNG buses पर फोकस है. कार्यक्रम में नितिन गडकरी ने Electric Bus, Ethanol, Hydrogen Fuel और Clean Transportation को लेकर अपना vision सामने रखा। उन्होंने petroleum imports कम करने, pollution घटाने और किसानों के लिए ethanol-based economy के अवसरों पर भी बात की. इस वीडियो में देखिए Nitin Gadkari का पूरा भाषण 

#nitingadkari #nitingadkari speech #electricbus #pm ebus sewa #electricvehicle #ethanol #hydrogenfuel #cleanfuel #publictransport #madhyapradesh #mohan yadav #sugamparivahanseva #bustransport #evindia #greenmobility #biharnews #latestnews #hindinews #indianews #zeehindustan","Nitin Gadkari Speech: नितिन गडकरी ने गिनाए Electric Bus के फायदे, रोजगार पर भी बड़ा बयान",2026-09-25T12:41:36Z,2026-09-25T12:41:36Z,Best Leadership qualities ever heard for WH &S and quality and integrity of people 🙏🏻🙏🏻🙏🏻🙏🏻,top_level,,UgxHl2c1AZz4T96S3GF4AaABAg,0,2026-09-25T15:37:47Z,2026-09-25T15:37:47Z,0,UCyPGDohDXZQTxYdQ7ilgnig,,0,0,youtube_20260926_1347,baseline_20260926_134704,2026-09-26T21:09:56.802219+07:00
youtube_c_UgxSJwVfjGlL8JHzKN14AaABAg,youtube,https://www.youtube.com/watch?v=uC8JO3aUzTU,uC8JO3aUzTU,"Nitin Gadkari Speech: नितिन गडकरी ने गिनाए Electric Bus के फायदे, रोजगार पर भी बड़ा बयान
मध्य प्रदेश में 21 साल बाद राज्य की public bus service को फिर से शुरू किया गया है। 25 सितंबर 2026 को मुख्यमंत्री मोहन यादव और केंद्रीय सड़क परिवहन एवं राजमार्ग मंत्री नितिन गडकरी ने Mukhyamantri Sugam Parivahan Seva की शुरुआत की। शुरुआती चरण में आधुनिक public transport और electric/CNG buses पर फोकस है. कार्यक्रम में नितिन गडकरी ने Electric Bus, Ethanol, Hydrogen Fuel और Clean Transportation को लेकर अपना vision सामने रखा। उन्होंने petroleum imports कम करने, pollution घटाने और किसानों के लिए ethanol-based economy के अवसरों पर भी बात की. इस वीडियो में देखिए Nitin Gadkari का पूरा भाषण 

#nitingadkari #nitingadkari speech #electricbus #pm ebus sewa #electricvehicle #ethanol #hydrogenfuel #cleanfuel #publictransport #madhyapradesh #mohan yadav #sugamparivahanseva #bustransport #evindia #greenmobility #biharnews #latestnews #hindinews #indianews #zeehindustan","Nitin Gadkari Speech: नितिन गडकरी ने गिनाए Electric Bus के फायदे, रोजगार पर भी बड़ा बयान",2026-09-25T12:41:36Z,2026-09-25T12:41:36Z,Shri Ram mandir Chanda chori. Bi 😅😅,top_level,,UgxSJwVfjGlL8JHzKN14AaABAg,0,2026-09-26T17:23:52Z,2026-09-26T17:23:52Z,0,UCsgQAGq9K06ncUTvVXhtetg,,0,0,youtube_20260927_0855,baseline_20260926_134704,2026-09-27T15:56:28.269440+07:00
youtube_c_UgxXzsHDjpLvm_pBebp4AaABAg,youtube,https://www.youtube.com/watch?v=uC8JO3aUzTU,uC8JO3aUzTU,"Nitin Gadkari Speech: नितिन गडकरी ने गिनाए Electric Bus के फायदे, रोजगार पर भी बड़ा बयान
मध्य प्रदेश में 21 साल बाद राज्य की public bus service को फिर से शुरू किया गया है। 25 सितंबर 2026 को मुख्यमंत्री मोहन यादव और केंद्रीय सड़क परिवहन एवं राजमार्ग मंत्री नितिन गडकरी ने Mukhyamantri Sugam Parivahan Seva की शुरुआत की। शुरुआती चरण में आधुनिक public transport और electric/CNG buses पर फोकस है. कार्यक्रम में नितिन गडकरी ने Electric Bus, Ethanol, Hydrogen Fuel और Clean Transportation को लेकर अपना vision सामने रखा। उन्होंने petroleum imports कम करने, pollution घटाने और किसानों के लिए ethanol-based economy के अवसरों पर भी बात की. इस वीडियो में देखिए Nitin Gadkari का पूरा भाषण 

#nitingadkari #nitingadkari speech #electricbus #pm ebus sewa #electricvehicle #ethanol #hydrogenfuel #cleanfuel #publictransport #madhyapradesh #mohan yadav #sugamparivahanseva #bustransport #evindia #greenmobility #biharnews #latestnews #hindinews #indianews #zeehindustan","Nitin Gadkari Speech: नितिन गडकरी ने गिनाए Electric Bus के फायदे, रोजगार पर भी बड़ा बयान",2026-09-25T12:41:36Z,2026-09-25T12:41:36Z,आप जो कहते हो सब कहते हो सचबोलते हो नितिन गडकरी जी कीधन्यवाद,top_level,,UgxXzsHDjpLvm_pBebp4AaABAg,0,2026-09-25T17:18:00Z,2026-09-25T17:18:00Z,0,UCB2VbNMoEjArABtYToQza0w,,0,0,youtube_20260926_1347,baseline_20260926_134704,2026-09-26T21:09:56.791682+07:00
youtube_c_UgxZYvc7wJbZcnDm5hR4AaABAg,youtube,https://www.youtube.com/watch?v=uC8JO3aUzTU,uC8JO3aUzTU,"Nitin Gadkari Speech: नितिन गडकरी ने गिनाए Electric Bus के फायदे, रोजगार पर भी बड़ा बयान
मध्य प्रदेश में 21 साल बाद राज्य की public bus service को फिर से शुरू किया गया है। 25 सितंबर 2026 को मुख्यमंत्री मोहन यादव और केंद्रीय सड़क परिवहन एवं राजमार्ग मंत्री नितिन गडकरी ने Mukhyamantri Sugam Parivahan Seva की शुरुआत की। शुरुआती चरण में आधुनिक public transport और electric/CNG buses पर फोकस है. कार्यक्रम में नितिन गडकरी ने Electric Bus, Ethanol, Hydrogen Fuel और Clean Transportation को लेकर अपना vision सामने रखा। उन्होंने petroleum imports कम करने, pollution घटाने और किसानों के लिए ethanol-based economy के अवसरों पर भी बात की. इस वीडियो में देखिए Nitin Gadkari का पूरा भाषण 

#nitingadkari #nitingadkari speech #electricbus #pm ebus sewa #electricvehicle #ethanol #hydrogenfuel #cleanfuel #publictransport #madhyapradesh #mohan yadav #sugamparivahanseva #bustransport #evindia #greenmobility #biharnews #latestnews #hindinews #indianews #zeehindustan","Nitin Gadkari Speech: नितिन गडकरी ने गिनाए Electric Bus के फायदे, रोजगार पर भी बड़ा बयान",2026-09-25T12:41:36Z,2026-09-25T12:41:36Z,देश के सभी रेलवे जंक्शन और रोडवेज बस स्टैंड की छतों पर सोलर पैनल सोलर प्लांट सोलर प्लेटें लगा दिया जाए जंगल बचेगा राजस्थान नहर के ऊपर हरिके बैराज से लेकर जैसलमेर तक 750/10 हॉस्पिटल और कॉलेज और टॉल नाका और भी छतों पर रोड़वेज बस और बस टेम्पो ऑटो रिक्शा कार गाड़ी बाइक इत्यादि साधन को चार्जिंग कर के चला सकते हैं इलेक्ट्रानिक इंजनों और चूल्हों का निर्माण किया जाए देश हित के लिए ये बहुत जरूरी है ❤❤❤❤❤❤❤❤❤❤❤❤❤❤❤❤❤❤❤❤,top_level,,UgxZYvc7wJbZcnDm5hR4AaABAg,0,2026-09-25T15:30:35Z,2026-09-25T15:30:35Z,2,UC99mf3X2hUCNd5L6HaonhXA,,0,0,youtube_20260926_1347,baseline_20260926_134704,2026-09-26T21:09:56.806215+07:00
youtube_c_Ugx_5HPNFDPbsf7K6JZ4AaABAg,youtube,https://www.youtube.com/watch?v=uC8JO3aUzTU,uC8JO3aUzTU,"Nitin Gadkari Speech: नितिन गडकरी ने गिनाए Electric Bus के फायदे, रोजगार पर भी बड़ा बयान
मध्य प्रदेश में 21 साल बाद राज्य की public bus service को फिर से शुरू किया गया है। 25 सितंबर 2026 को मुख्यमंत्री मोहन यादव और केंद्रीय सड़क परिवहन एवं राजमार्ग मंत्री नितिन गडकरी ने Mukhyamantri Sugam Parivahan Seva की शुरुआत की। शुरुआती चरण में आधुनिक public transport और electric/CNG buses पर फोकस है. कार्यक्रम में नितिन गडकरी ने Electric Bus, Ethanol, Hydrogen Fuel और Clean Transportation को लेकर अपना vision सामने रखा। उन्होंने petroleum imports कम करने, pollution घटाने और किसानों के लिए ethanol-based economy के अवसरों पर भी बात की. इस वीडियो में देखिए Nitin Gadkari का पूरा भाषण 

#nitingadkari #nitingadkari speech #electricbus #pm ebus sewa #electricvehicle #ethanol #hydrogenfuel #cleanfuel #publictransport #madhyapradesh #mohan yadav #sugamparivahanseva #bustransport #evindia #greenmobility #biharnews #latestnews #hindinews #indianews #zeehindustan","Nitin Gadkari Speech: नितिन गडकरी ने गिनाए Electric Bus के फायदे, रोजगार पर भी बड़ा बयान",2026-09-25T12:41:36Z,2026-09-25T12:41:36Z,जय हो विजय हो,top_level,,Ugx_5HPNFDPbsf7K6JZ4AaABAg,0,2026-09-26T04:20:37Z,2026-09-26T04:20:37Z,1,UCDveThoYjYna0AzLllEf_-A,,0,0,youtube_20260926_1347,baseline_20260926_134704,2026-09-26T21:09:56.787674+07:00
youtube_c_Ugx_W1Hoe192XrOmi454AaABAg,youtube,https://www.youtube.com/watch?v=uC8JO3aUzTU,uC8JO3aUzTU,"Nitin Gadkari Speech: नितिन गडकरी ने गिनाए Electric Bus के फायदे, रोजगार पर भी बड़ा बयान
मध्य प्रदेश में 21 साल बाद राज्य की public bus service को फिर से शुरू किया गया है। 25 सितंबर 2026 को मुख्यमंत्री मोहन यादव और केंद्रीय सड़क परिवहन एवं राजमार्ग मंत्री नितिन गडकरी ने Mukhyamantri Sugam Parivahan Seva की शुरुआत की। शुरुआती चरण में आधुनिक public transport और electric/CNG buses पर फोकस है. कार्यक्रम में नितिन गडकरी ने Electric Bus, Ethanol, Hydrogen Fuel और Clean Transportation को लेकर अपना vision सामने रखा। उन्होंने petroleum imports कम करने, pollution घटाने और किसानों के लिए ethanol-based economy के अवसरों पर भी बात की. इस वीडियो में देखिए Nitin Gadkari का पूरा भाषण 

#nitingadkari #nitingadkari speech #electricbus #pm ebus sewa #electricvehicle #ethanol #hydrogenfuel #cleanfuel #publictransport #madhyapradesh #mohan yadav #sugamparivahanseva #bustransport #evindia #greenmobility #biharnews #latestnews #hindinews #indianews #zeehindustan","Nitin Gadkari Speech: नितिन गडकरी ने गिनाए Electric Bus के फायदे, रोजगार पर भी बड़ा बयान",2026-09-25T12:41:36Z,2026-09-25T12:41:36Z,👌🤙✊🙏👁️‍🗨️🏌️,top_level,,Ugx_W1Hoe192XrOmi454AaABAg,0,2026-09-25T16:53:56Z,2026-09-25T16:53:56Z,0,UCOHaTg-L3qmvvi79mB5cyaQ,,0,0,youtube_20260926_1347,baseline_20260926_134704,2026-09-26T21:09:56.797634+07:00
youtube_c_Ugxfe15nKWYSCOvrUtt4AaABAg,youtube,https://www.youtube.com/watch?v=uC8JO3aUzTU,uC8JO3aUzTU,"Nitin Gadkari Speech: नितिन गडकरी ने गिनाए Electric Bus के फायदे, रोजगार पर भी बड़ा बयान
मध्य प्रदेश में 21 साल बाद राज्य की public bus service को फिर से शुरू किया गया है। 25 सितंबर 2026 को मुख्यमंत्री मोहन यादव और केंद्रीय सड़क परिवहन एवं राजमार्ग मंत्री नितिन गडकरी ने Mukhyamantri Sugam Parivahan Seva की शुरुआत की। शुरुआती चरण में आधुनिक public transport और electric/CNG buses पर फोकस है. कार्यक्रम में नितिन गडकरी ने Electric Bus, Ethanol, Hydrogen Fuel और Clean Transportation को लेकर अपना vision सामने रखा। उन्होंने petroleum imports कम करने, pollution घटाने और किसानों के लिए ethanol-based economy के अवसरों पर भी बात की. इस वीडियो में देखिए Nitin Gadkari का पूरा भाषण 

#nitingadkari #nitingadkari speech #electricbus #pm ebus sewa #electricvehicle #ethanol #hydrogenfuel #cleanfuel #publictransport #madhyapradesh #mohan yadav #sugamparivahanseva #bustransport #evindia #greenmobility #biharnews #latestnews #hindinews #indianews #zeehindustan","Nitin Gadkari Speech: नितिन गडकरी ने गिनाए Electric Bus के फायदे, रोजगार पर भी बड़ा बयान",2026-09-25T12:41:36Z,2026-09-25T12:41:36Z,Best leader of BJP ❤,top_level,,Ugxfe15nKWYSCOvrUtt4AaABAg,0,2026-09-25T15:59:01Z,2026-09-25T15:59:01Z,0,UCTAd464qj0ViV2Br-D51CMQ,,0,0,youtube_20260926_1347,baseline_20260926_134704,2026-09-26T21:09:56.799961+07:00
youtube_c_UgxggYxfwM8KAX-NzpF4AaABAg,youtube,https://www.youtube.com/watch?v=uC8JO3aUzTU,uC8JO3aUzTU,"Nitin Gadkari Speech: नितिन गडकरी ने गिनाए Electric Bus के फायदे, रोजगार पर भी बड़ा बयान
मध्य प्रदेश में 21 साल बाद राज्य की public bus service को फिर से शुरू किया गया है। 25 सितंबर 2026 को मुख्यमंत्री मोहन यादव और केंद्रीय सड़क परिवहन एवं राजमार्ग मंत्री नितिन गडकरी ने Mukhyamantri Sugam Parivahan Seva की शुरुआत की। शुरुआती चरण में आधुनिक public transport और electric/CNG buses पर फोकस है. कार्यक्रम में नितिन गडकरी ने Electric Bus, Ethanol, Hydrogen Fuel और Clean Transportation को लेकर अपना vision सामने रखा। उन्होंने petroleum imports कम करने, pollution घटाने और किसानों के लिए ethanol-based economy के अवसरों पर भी बात की. इस वीडियो में देखिए Nitin Gadkari का पूरा भाषण 

#nitingadkari #nitingadkari speech #electricbus #pm ebus sewa #electricvehicle #ethanol #hydrogenfuel #cleanfuel #publictransport #madhyapradesh #mohan yadav #sugamparivahanseva #bustransport #evindia #greenmobility #biharnews #latestnews #hindinews #indianews #zeehindustan","Nitin Gadkari Speech: नितिन गडकरी ने गिनाए Electric Bus के फायदे, रोजगार पर भी बड़ा बयान",2026-09-25T12:41:36Z,2026-09-25T12:41:36Z,Ye sab apne beto ke lia kar rahe dosto ....samzo jago bolo....55 ru liter petrol do re bjp,top_level,,UgxggYxfwM8KAX-NzpF4AaABAg,0,2026-09-26T16:03:42Z,2026-09-26T16:03:42Z,0,UC7VuVUG56njTgNpmPQ2F5lA,,0,0,youtube_20260926_1700,baseline_20260926_134704,2026-09-27T00:00:35.720823+07:00
youtube_c_UgxwRzOcfoyeLx0bcVp4AaABAg,youtube,https://www.youtube.com/watch?v=uC8JO3aUzTU,uC8JO3aUzTU,"Nitin Gadkari Speech: नितिन गडकरी ने गिनाए Electric Bus के फायदे, रोजगार पर भी बड़ा बयान
मध्य प्रदेश में 21 साल बाद राज्य की public bus service को फिर से शुरू किया गया है। 25 सितंबर 2026 को मुख्यमंत्री मोहन यादव और केंद्रीय सड़क परिवहन एवं राजमार्ग मंत्री नितिन गडकरी ने Mukhyamantri Sugam Parivahan Seva की शुरुआत की। शुरुआती चरण में आधुनिक public transport और electric/CNG buses पर फोकस है. कार्यक्रम में नितिन गडकरी ने Electric Bus, Ethanol, Hydrogen Fuel और Clean Transportation को लेकर अपना vision सामने रखा। उन्होंने petroleum imports कम करने, pollution घटाने और किसानों के लिए ethanol-based economy के अवसरों पर भी बात की. इस वीडियो में देखिए Nitin Gadkari का पूरा भाषण 

#nitingadkari #nitingadkari speech #electricbus #pm ebus sewa #electricvehicle #ethanol #hydrogenfuel #cleanfuel #publictransport #madhyapradesh #mohan yadav #sugamparivahanseva #bustransport #evindia #greenmobility #biharnews #latestnews #hindinews #indianews #zeehindustan","Nitin Gadkari Speech: नितिन गडकरी ने गिनाए Electric Bus के फायदे, रोजगार पर भी बड़ा बयान",2026-09-25T12:41:36Z,2026-09-25T12:41:36Z,Bhot bhot dhanyawad,top_level,,UgxwRzOcfoyeLx0bcVp4AaABAg,0,2026-09-26T04:56:32Z,2026-09-26T04:56:32Z,1,UCOfB5kg06KeFtmZcnQTH8tw,,0,0,youtube_20260926_1347,baseline_20260926_134704,2026-09-26T21:09:56.786578+07:00
youtube_c_UgxxOx-dYvdFhodqL1R4AaABAg,youtube,https://www.youtube.com/watch?v=uC8JO3aUzTU,uC8JO3aUzTU,"Nitin Gadkari Speech: नितिन गडकरी ने गिनाए Electric Bus के फायदे, रोजगार पर भी बड़ा बयान
मध्य प्रदेश में 21 साल बाद राज्य की public bus service को फिर से शुरू किया गया है। 25 सितंबर 2026 को मुख्यमंत्री मोहन यादव और केंद्रीय सड़क परिवहन एवं राजमार्ग मंत्री नितिन गडकरी ने Mukhyamantri Sugam Parivahan Seva की शुरुआत की। शुरुआती चरण में आधुनिक public transport और electric/CNG buses पर फोकस है. कार्यक्रम में नितिन गडकरी ने Electric Bus, Ethanol, Hydrogen Fuel और Clean Transportation को लेकर अपना vision सामने रखा। उन्होंने petroleum imports कम करने, pollution घटाने और किसानों के लिए ethanol-based economy के अवसरों पर भी बात की. इस वीडियो में देखिए Nitin Gadkari का पूरा भाषण 

#nitingadkari #nitingadkari speech #electricbus #pm ebus sewa #electricvehicle #ethanol #hydrogenfuel #cleanfuel #publictransport #madhyapradesh #mohan yadav #sugamparivahanseva #bustransport #evindia #greenmobility #biharnews #latestnews #hindinews #indianews #zeehindustan","Nitin Gadkari Speech: नितिन गडकरी ने गिनाए Electric Bus के फायदे, रोजगार पर भी बड़ा बयान",2026-09-25T12:41:36Z,2026-09-25T12:41:36Z,गरीबों से सब रोटी कपड़ा छिनते जा रहे तुम लोग जनता से,top_level,,UgxxOx-dYvdFhodqL1R4AaABAg,0,2026-09-27T03:33:38Z,2026-09-27T03:33:38Z,1,UCWmPVzExHXWhWh3br7s-bRA,,0,0,youtube_20260927_0855,baseline_20260926_134704,2026-09-27T15:56:25.011362+07:00
youtube_c_Ugy-dHe98gZJ6eZckL94AaABAg,youtube,https://www.youtube.com/watch?v=uC8JO3aUzTU,uC8JO3aUzTU,"Nitin Gadkari Speech: नितिन गडकरी ने गिनाए Electric Bus के फायदे, रोजगार पर भी बड़ा बयान
मध्य प्रदेश में 21 साल बाद राज्य की public bus service को फिर से शुरू किया गया है। 25 सितंबर 2026 को मुख्यमंत्री मोहन यादव और केंद्रीय सड़क परिवहन एवं राजमार्ग मंत्री नितिन गडकरी ने Mukhyamantri Sugam Parivahan Seva की शुरुआत की। शुरुआती चरण में आधुनिक public transport और electric/CNG buses पर फोकस है. कार्यक्रम में नितिन गडकरी ने Electric Bus, Ethanol, Hydrogen Fuel और Clean Transportation को लेकर अपना vision सामने रखा। उन्होंने petroleum imports कम करने, pollution घटाने और किसानों के लिए ethanol-based economy के अवसरों पर भी बात की. इस वीडियो में देखिए Nitin Gadkari का पूरा भाषण 

#nitingadkari #nitingadkari speech #electricbus #pm ebus sewa #electricvehicle #ethanol #hydrogenfuel #cleanfuel #publictransport #madhyapradesh #mohan yadav #sugamparivahanseva #bustransport #evindia #greenmobility #biharnews #latestnews #hindinews #indianews #zeehindustan","Nitin Gadkari Speech: नितिन गडकरी ने गिनाए Electric Bus के फायदे, रोजगार पर भी बड़ा बयान",2026-09-25T12:41:36Z,2026-09-25T12:41:36Z,Jinke pass taxi gaadi h vo lag kha jayege,top_level,,Ugy-dHe98gZJ6eZckL94AaABAg,0,2026-09-26T15:45:22Z,2026-09-26T15:45:22Z,0,UCd3UPRr_FGmVMBevxf4Chfw,transport_impact,0,0,youtube_20260926_1601,baseline_20260926_134704,2026-09-26T23:02:13.002518+07:00
youtube_c_Ugy6-oVD49ZCuBpRtxt4AaABAg,youtube,https://www.youtube.com/watch?v=uC8JO3aUzTU,uC8JO3aUzTU,"Nitin Gadkari Speech: नितिन गडकरी ने गिनाए Electric Bus के फायदे, रोजगार पर भी बड़ा बयान
मध्य प्रदेश में 21 साल बाद राज्य की public bus service को फिर से शुरू किया गया है। 25 सितंबर 2026 को मुख्यमंत्री मोहन यादव और केंद्रीय सड़क परिवहन एवं राजमार्ग मंत्री नितिन गडकरी ने Mukhyamantri Sugam Parivahan Seva की शुरुआत की। शुरुआती चरण में आधुनिक public transport और electric/CNG buses पर फोकस है. कार्यक्रम में नितिन गडकरी ने Electric Bus, Ethanol, Hydrogen Fuel और Clean Transportation को लेकर अपना vision सामने रखा। उन्होंने petroleum imports कम करने, pollution घटाने और किसानों के लिए ethanol-based economy के अवसरों पर भी बात की. इस वीडियो में देखिए Nitin Gadkari का पूरा भाषण 

#nitingadkari #nitingadkari speech #electricbus #pm ebus sewa #electricvehicle #ethanol #hydrogenfuel #cleanfuel #publictransport #madhyapradesh #mohan yadav #sugamparivahanseva #bustransport #evindia #greenmobility #biharnews #latestnews #hindinews #indianews #zeehindustan","Nitin Gadkari Speech: नितिन गडकरी ने गिनाए Electric Bus के फायदे, रोजगार पर भी बड़ा बयान",2026-09-25T12:41:36Z,2026-09-25T12:41:36Z,RTo  TRAK  DRAEVERRON PER RISVAAT KAAAB BAND  KAREGA😊,top_level,,Ugy6-oVD49ZCuBpRtxt4AaABAg,0,2026-09-25T16:59:53Z,2026-09-25T16:59:53Z,0,UCvZUxGM_Z9bxilkpoC1j5lw,,0,0,youtube_20260926_1347,baseline_20260926_134704,2026-09-26T21:09:56.794674+07:00
youtube_c_UgyWWtg55riAvBOwfDx4AaABAg,youtube,https://www.youtube.com/watch?v=uC8JO3aUzTU,uC8JO3aUzTU,"Nitin Gadkari Speech: नितिन गडकरी ने गिनाए Electric Bus के फायदे, रोजगार पर भी बड़ा बयान
मध्य प्रदेश में 21 साल बाद राज्य की public bus service को फिर से शुरू किया गया है। 25 सितंबर 2026 को मुख्यमंत्री मोहन यादव और केंद्रीय सड़क परिवहन एवं राजमार्ग मंत्री नितिन गडकरी ने Mukhyamantri Sugam Parivahan Seva की शुरुआत की। शुरुआती चरण में आधुनिक public transport और electric/CNG buses पर फोकस है. कार्यक्रम में नितिन गडकरी ने Electric Bus, Ethanol, Hydrogen Fuel और Clean Transportation को लेकर अपना vision सामने रखा। उन्होंने petroleum imports कम करने, pollution घटाने और किसानों के लिए ethanol-based economy के अवसरों पर भी बात की. इस वीडियो में देखिए Nitin Gadkari का पूरा भाषण 

#nitingadkari #nitingadkari speech #electricbus #pm ebus sewa #electricvehicle #ethanol #hydrogenfuel #cleanfuel #publictransport #madhyapradesh #mohan yadav #sugamparivahanseva #bustransport #evindia #greenmobility #biharnews #latestnews #hindinews #indianews #zeehindustan","Nitin Gadkari Speech: नितिन गडकरी ने गिनाए Electric Bus के फायदे, रोजगार पर भी बड़ा बयान",2026-09-25T12:41:36Z,2026-09-25T12:41:36Z,Purane bus ko naya dikane k tareka bjp k pass hai,top_level,,UgyWWtg55riAvBOwfDx4AaABAg,0,2026-09-26T07:57:00Z,2026-09-26T07:57:00Z,0,UCMsohvt8iYTTpT8xROHx-AA,transport_impact,0,0,youtube_20260926_1347,baseline_20260926_134704,2026-09-26T21:09:56.783621+07:00
youtube_c_UgyWZS6B9Jz5P1Yhw5R4AaABAg,youtube,https://www.youtube.com/watch?v=uC8JO3aUzTU,uC8JO3aUzTU,"Nitin Gadkari Speech: नितिन गडकरी ने गिनाए Electric Bus के फायदे, रोजगार पर भी बड़ा बयान
मध्य प्रदेश में 21 साल बाद राज्य की public bus service को फिर से शुरू किया गया है। 25 सितंबर 2026 को मुख्यमंत्री मोहन यादव और केंद्रीय सड़क परिवहन एवं राजमार्ग मंत्री नितिन गडकरी ने Mukhyamantri Sugam Parivahan Seva की शुरुआत की। शुरुआती चरण में आधुनिक public transport और electric/CNG buses पर फोकस है. कार्यक्रम में नितिन गडकरी ने Electric Bus, Ethanol, Hydrogen Fuel और Clean Transportation को लेकर अपना vision सामने रखा। उन्होंने petroleum imports कम करने, pollution घटाने और किसानों के लिए ethanol-based economy के अवसरों पर भी बात की. इस वीडियो में देखिए Nitin Gadkari का पूरा भाषण 

#nitingadkari #nitingadkari speech #electricbus #pm ebus sewa #electricvehicle #ethanol #hydrogenfuel #cleanfuel #publictransport #madhyapradesh #mohan yadav #sugamparivahanseva #bustransport #evindia #greenmobility #biharnews #latestnews #hindinews #indianews #zeehindustan","Nitin Gadkari Speech: नितिन गडकरी ने गिनाए Electric Bus के फायदे, रोजगार पर भी बड़ा बयान",2026-09-25T12:41:36Z,2026-09-25T12:41:36Z,Very good minister of India Bjp government 🎉,top_level,,UgyWZS6B9Jz5P1Yhw5R4AaABAg,0,2026-09-26T06:48:01Z,2026-09-26T06:48:01Z,1,UCdw_KIGMTUqaiD72pp2ftdg,,0,0,youtube_20260926_1347,baseline_20260926_134704,2026-09-26T21:09:56.784608+07:00
youtube_c_UgywbRJANaKoFSzyGy14AaABAg,youtube,https://www.youtube.com/watch?v=uC8JO3aUzTU,uC8JO3aUzTU,"Nitin Gadkari Speech: नितिन गडकरी ने गिनाए Electric Bus के फायदे, रोजगार पर भी बड़ा बयान
मध्य प्रदेश में 21 साल बाद राज्य की public bus service को फिर से शुरू किया गया है। 25 सितंबर 2026 को मुख्यमंत्री मोहन यादव और केंद्रीय सड़क परिवहन एवं राजमार्ग मंत्री नितिन गडकरी ने Mukhyamantri Sugam Parivahan Seva की शुरुआत की। शुरुआती चरण में आधुनिक public transport और electric/CNG buses पर फोकस है. कार्यक्रम में नितिन गडकरी ने Electric Bus, Ethanol, Hydrogen Fuel और Clean Transportation को लेकर अपना vision सामने रखा। उन्होंने petroleum imports कम करने, pollution घटाने और किसानों के लिए ethanol-based economy के अवसरों पर भी बात की. इस वीडियो में देखिए Nitin Gadkari का पूरा भाषण 

#nitingadkari #nitingadkari speech #electricbus #pm ebus sewa #electricvehicle #ethanol #hydrogenfuel #cleanfuel #publictransport #madhyapradesh #mohan yadav #sugamparivahanseva #bustransport #evindia #greenmobility #biharnews #latestnews #hindinews #indianews #zeehindustan","Nitin Gadkari Speech: नितिन गडकरी ने गिनाए Electric Bus के फायदे, रोजगार पर भी बड़ा बयान",2026-09-25T12:41:36Z,2026-09-25T12:41:36Z,तुमाला मी खूब चांगला मंत्री समजत होतो.. पण तुम्ही तसें नाही.. खायचे दात वेगळे दाखवायचे दात वेगळे...,top_level,,UgywbRJANaKoFSzyGy14AaABAg,0,2026-09-25T17:17:34Z,2026-09-25T17:17:34Z,0,UCVfJXeWTxRUrD_bdy-soGoA,,0,0,youtube_20260926_1347,baseline_20260926_134704,2026-09-26T21:09:56.793675+07:00
youtube_c_UgzOLdgpxdSgnU8G3zR4AaABAg,youtube,https://www.youtube.com/watch?v=uC8JO3aUzTU,uC8JO3aUzTU,"Nitin Gadkari Speech: नितिन गडकरी ने गिनाए Electric Bus के फायदे, रोजगार पर भी बड़ा बयान
मध्य प्रदेश में 21 साल बाद राज्य की public bus service को फिर से शुरू किया गया है। 25 सितंबर 2026 को मुख्यमंत्री मोहन यादव और केंद्रीय सड़क परिवहन एवं राजमार्ग मंत्री नितिन गडकरी ने Mukhyamantri Sugam Parivahan Seva की शुरुआत की। शुरुआती चरण में आधुनिक public transport और electric/CNG buses पर फोकस है. कार्यक्रम में नितिन गडकरी ने Electric Bus, Ethanol, Hydrogen Fuel और Clean Transportation को लेकर अपना vision सामने रखा। उन्होंने petroleum imports कम करने, pollution घटाने और किसानों के लिए ethanol-based economy के अवसरों पर भी बात की. इस वीडियो में देखिए Nitin Gadkari का पूरा भाषण 

#nitingadkari #nitingadkari speech #electricbus #pm ebus sewa #electricvehicle #ethanol #hydrogenfuel #cleanfuel #publictransport #madhyapradesh #mohan yadav #sugamparivahanseva #bustransport #evindia #greenmobility #biharnews #latestnews #hindinews #indianews #zeehindustan","Nitin Gadkari Speech: नितिन गडकरी ने गिनाए Electric Bus के फायदे, रोजगार पर भी बड़ा बयान",2026-09-25T12:41:36Z,2026-09-25T12:41:36Z,Mera video kisi ne hack kar rakha hai,top_level,,UgzOLdgpxdSgnU8G3zR4AaABAg,0,2026-09-26T16:27:22Z,2026-09-26T16:27:22Z,0,UC8J2DdznMNUb4GqQ7nmmdmg,,0,0,youtube_20260926_1700,baseline_20260926_134704,2026-09-27T00:00:35.717814+07:00
youtube_c_UgzUuad3OJOZhiNOnj14AaABAg,youtube,https://www.youtube.com/watch?v=uC8JO3aUzTU,uC8JO3aUzTU,"Nitin Gadkari Speech: नितिन गडकरी ने गिनाए Electric Bus के फायदे, रोजगार पर भी बड़ा बयान
मध्य प्रदेश में 21 साल बाद राज्य की public bus service को फिर से शुरू किया गया है। 25 सितंबर 2026 को मुख्यमंत्री मोहन यादव और केंद्रीय सड़क परिवहन एवं राजमार्ग मंत्री नितिन गडकरी ने Mukhyamantri Sugam Parivahan Seva की शुरुआत की। शुरुआती चरण में आधुनिक public transport और electric/CNG buses पर फोकस है. कार्यक्रम में नितिन गडकरी ने Electric Bus, Ethanol, Hydrogen Fuel और Clean Transportation को लेकर अपना vision सामने रखा। उन्होंने petroleum imports कम करने, pollution घटाने और किसानों के लिए ethanol-based economy के अवसरों पर भी बात की. इस वीडियो में देखिए Nitin Gadkari का पूरा भाषण 

#nitingadkari #nitingadkari speech #electricbus #pm ebus sewa #electricvehicle #ethanol #hydrogenfuel #cleanfuel #publictransport #madhyapradesh #mohan yadav #sugamparivahanseva #bustransport #evindia #greenmobility #biharnews #latestnews #hindinews #indianews #zeehindustan","Nitin Gadkari Speech: नितिन गडकरी ने गिनाए Electric Bus के फायदे, रोजगार पर भी बड़ा बयान",2026-09-25T12:41:36Z,2026-09-25T12:41:36Z,हम जो व्यवसायिक टैक्सी चला रहे है। हम आपकी नीतियों के कारण बर्बाद होने की कगार पर है,top_level,,UgzUuad3OJOZhiNOnj14AaABAg,0,2026-09-27T08:37:08Z,2026-09-27T08:37:08Z,0,UCIOSRG5Q1kvDRIwLZseGdgg,,0,0,youtube_20260927_0855,baseline_20260926_134704,2026-09-27T15:56:25.000433+07:00
youtube_c_UgzV3bOY3-ndw2ewDeZ4AaABAg,youtube,https://www.youtube.com/watch?v=uC8JO3aUzTU,uC8JO3aUzTU,"Nitin Gadkari Speech: नितिन गडकरी ने गिनाए Electric Bus के फायदे, रोजगार पर भी बड़ा बयान
मध्य प्रदेश में 21 साल बाद राज्य की public bus service को फिर से शुरू किया गया है। 25 सितंबर 2026 को मुख्यमंत्री मोहन यादव और केंद्रीय सड़क परिवहन एवं राजमार्ग मंत्री नितिन गडकरी ने Mukhyamantri Sugam Parivahan Seva की शुरुआत की। शुरुआती चरण में आधुनिक public transport और electric/CNG buses पर फोकस है. कार्यक्रम में नितिन गडकरी ने Electric Bus, Ethanol, Hydrogen Fuel और Clean Transportation को लेकर अपना vision सामने रखा। उन्होंने petroleum imports कम करने, pollution घटाने और किसानों के लिए ethanol-based economy के अवसरों पर भी बात की. इस वीडियो में देखिए Nitin Gadkari का पूरा भाषण 

#nitingadkari #nitingadkari speech #electricbus #pm ebus sewa #electricvehicle #ethanol #hydrogenfuel #cleanfuel #publictransport #madhyapradesh #mohan yadav #sugamparivahanseva #bustransport #evindia #greenmobility #biharnews #latestnews #hindinews #indianews #zeehindustan","Nitin Gadkari Speech: नितिन गडकरी ने गिनाए Electric Bus के फायदे, रोजगार पर भी बड़ा बयान",2026-09-25T12:41:36Z,2026-09-25T12:41:36Z,नितिन महोदय जी आप जैसे ईमानदार नेता सभी बन जाए तो हमारे भारत देश को विकसित होने में देर नहीं लगेगी हमारे मध्य प्रदेश में जब मोहन जी की सरकार आए जब से बहुत ही भ्रष्टाचार हो रहा है हमारी गरीब जनता के पैसे के बिना कोई ही काम नहीं होता हमारे गरीब जनता के खाते बार बार बैंक वाले लॉक कर देते यह बंद कर देते वापस चालू करवाने के लिए 2000रुपए लेते पैसे के बिना खाता चालूनहीं करते मोहन सरकार ने तो स्थाई कनेक्शन के पांच रुपए में करने की घोषणा करदी है परंतु हमारे कट्ठीवाड़ा में 4500 लेते हैं अभी भी,top_level,,UgzV3bOY3-ndw2ewDeZ4AaABAg,0,2026-09-26T17:30:45Z,2026-09-26T17:30:45Z,0,UC-pV02UF3eEc4R248hitj5w,,0,0,youtube_20260927_0855,baseline_20260926_134704,2026-09-27T15:56:28.267315+07:00
youtube_c_UgzsL7RO402AV41TNip4AaABAg,youtube,https://www.youtube.com/watch?v=uC8JO3aUzTU,uC8JO3aUzTU,"Nitin Gadkari Speech: नितिन गडकरी ने गिनाए Electric Bus के फायदे, रोजगार पर भी बड़ा बयान
मध्य प्रदेश में 21 साल बाद राज्य की public bus service को फिर से शुरू किया गया है। 25 सितंबर 2026 को मुख्यमंत्री मोहन यादव और केंद्रीय सड़क परिवहन एवं राजमार्ग मंत्री नितिन गडकरी ने Mukhyamantri Sugam Parivahan Seva की शुरुआत की। शुरुआती चरण में आधुनिक public transport और electric/CNG buses पर फोकस है. कार्यक्रम में नितिन गडकरी ने Electric Bus, Ethanol, Hydrogen Fuel और Clean Transportation को लेकर अपना vision सामने रखा। उन्होंने petroleum imports कम करने, pollution घटाने और किसानों के लिए ethanol-based economy के अवसरों पर भी बात की. इस वीडियो में देखिए Nitin Gadkari का पूरा भाषण 

#nitingadkari #nitingadkari speech #electricbus #pm ebus sewa #electricvehicle #ethanol #hydrogenfuel #cleanfuel #publictransport #madhyapradesh #mohan yadav #sugamparivahanseva #bustransport #evindia #greenmobility #biharnews #latestnews #hindinews #indianews #zeehindustan","Nitin Gadkari Speech: नितिन गडकरी ने गिनाए Electric Bus के फायदे, रोजगार पर भी बड़ा बयान",2026-09-25T12:41:36Z,2026-09-25T12:41:36Z,संत रामपाल जी महाराज जी के द्वारा अन्नपूर्णा मुहिम चलाई जा रही है।,top_level,,UgzsL7RO402AV41TNip4AaABAg,0,2026-09-27T06:41:24Z,2026-09-27T06:41:24Z,0,UCTBr35KubkkYlRLJGw9-5vA,,0,0,youtube_20260927_0855,baseline_20260926_134704,2026-09-27T15:56:25.004413+07:00
youtube_c_UgzvphTLtUF-w4AGkKh4AaABAg,youtube,https://www.youtube.com/watch?v=uC8JO3aUzTU,uC8JO3aUzTU,"Nitin Gadkari Speech: नितिन गडकरी ने गिनाए Electric Bus के फायदे, रोजगार पर भी बड़ा बयान
मध्य प्रदेश में 21 साल बाद राज्य की public bus service को फिर से शुरू किया गया है। 25 सितंबर 2026 को मुख्यमंत्री मोहन यादव और केंद्रीय सड़क परिवहन एवं राजमार्ग मंत्री नितिन गडकरी ने Mukhyamantri Sugam Parivahan Seva की शुरुआत की। शुरुआती चरण में आधुनिक public transport और electric/CNG buses पर फोकस है. कार्यक्रम में नितिन गडकरी ने Electric Bus, Ethanol, Hydrogen Fuel और Clean Transportation को लेकर अपना vision सामने रखा। उन्होंने petroleum imports कम करने, pollution घटाने और किसानों के लिए ethanol-based economy के अवसरों पर भी बात की. इस वीडियो में देखिए Nitin Gadkari का पूरा भाषण 

#nitingadkari #nitingadkari speech #electricbus #pm ebus sewa #electricvehicle #ethanol #hydrogenfuel #cleanfuel #publictransport #madhyapradesh #mohan yadav #sugamparivahanseva #bustransport #evindia #greenmobility #biharnews #latestnews #hindinews #indianews #zeehindustan","Nitin Gadkari Speech: नितिन गडकरी ने गिनाए Electric Bus के फायदे, रोजगार पर भी बड़ा बयान",2026-09-25T12:41:36Z,2026-09-25T12:41:36Z,"शर्म नहीं आती है पुरानी कंडम 🚌 को रंगाई पुताई कर , करोड़ रूपए का खर्च करना,",top_level,,UgzvphTLtUF-w4AGkKh4AaABAg,0,2026-09-25T16:21:05Z,2026-09-25T16:21:05Z,0,UCABB9D6z47RMW5S59J4jYng,,0,0,youtube_20260926_1347,baseline_20260926_134704,2026-09-26T21:09:56.798636+07:00
youtube_c_Ugx-tRv2Ip0n5uFI6Dt4AaABAg,youtube,https://www.youtube.com/watch?v=urGCDDfdG6Q,urGCDDfdG6Q,"Kya E-Bus India Paisa Vasool Hai? | Full Review &amp; Ticket Price | @ARTravelsA12
Dosto, is video mein maine E-Bus India ka detailed review kiya hai! 🚌⚡ Agar aap bhi E Bus India mein safar karne ka soch rahe hain, toh maine is video mein E-Bus ki facilities, comfort, aur sabse zaroori—isky ticket price ke baare mein sab kuch bataya hai. Kya ye aam bus se behtar hai? Kya iska kiraya paisa vasool hai? Jaanne ke liye video ko end tak zaroor dekhein!

• E-Bus India ka Full Interior aur Exterior Review

• Ticket Price aur Booking Details 🎟️

• Seats, AC, aur Comfort level kaisa hai?

• E bus india travel ka mera personal experience

Instagram link 🔗 https://www.instagram.com/abdulrehmanbusvlog?stkn=MWJjaXB6N29vNGZxeA==

Facebook link 🔗 https://www.facebook.com/share/1GyMNMHmCb/?mibextid=wwXIfr

#EBusIndia #ElectricBus #BusReview #EVBus #TravelVlog #ElectricVehicle #BusVlogger",Kya E-Bus India Paisa Vasool Hai? | Full Review &amp; Ticket Price | @ARTravelsA12,2026-09-19T10:54:38Z,2026-09-19T10:54:38Z,Bhai hume apki company ki Second hand bus dilwa do ya fir rent par,top_level,,Ugx-tRv2Ip0n5uFI6Dt4AaABAg,0,2026-09-20T03:54:09Z,2026-09-20T03:54:09Z,0,UCziyn03taQEoFzzWUp_zngg,transport_impact,0,0,youtube_20260926_1347,baseline_20260926_134704,2026-09-26T20:58:18.331459+07:00
youtube_c_UgxxtheY8mt4nzNJ8cN4AaABAg,youtube,https://www.youtube.com/watch?v=urGCDDfdG6Q,urGCDDfdG6Q,"Kya E-Bus India Paisa Vasool Hai? | Full Review &amp; Ticket Price | @ARTravelsA12
Dosto, is video mein maine E-Bus India ka detailed review kiya hai! 🚌⚡ Agar aap bhi E Bus India mein safar karne ka soch rahe hain, toh maine is video mein E-Bus ki facilities, comfort, aur sabse zaroori—isky ticket price ke baare mein sab kuch bataya hai. Kya ye aam bus se behtar hai? Kya iska kiraya paisa vasool hai? Jaanne ke liye video ko end tak zaroor dekhein!

• E-Bus India ka Full Interior aur Exterior Review

• Ticket Price aur Booking Details 🎟️

• Seats, AC, aur Comfort level kaisa hai?

• E bus india travel ka mera personal experience

Instagram link 🔗 https://www.instagram.com/abdulrehmanbusvlog?stkn=MWJjaXB6N29vNGZxeA==

Facebook link 🔗 https://www.facebook.com/share/1GyMNMHmCb/?mibextid=wwXIfr

#EBusIndia #ElectricBus #BusReview #EVBus #TravelVlog #ElectricVehicle #BusVlogger",Kya E-Bus India Paisa Vasool Hai? | Full Review &amp; Ticket Price | @ARTravelsA12,2026-09-19T10:54:38Z,2026-09-19T10:54:38Z,Ni,top_level,,UgxxtheY8mt4nzNJ8cN4AaABAg,0,2026-09-19T11:05:49Z,2026-09-19T11:05:49Z,0,UCME-49kqJW9dmbJCmpXlmIg,,0,0,youtube_20260926_1347,baseline_20260926_134704,2026-09-26T20:58:18.337320+07:00
youtube_c_Ugy4Mc6_Llo5SwkyS7F4AaABAg,youtube,https://www.youtube.com/watch?v=urGCDDfdG6Q,urGCDDfdG6Q,"Kya E-Bus India Paisa Vasool Hai? | Full Review &amp; Ticket Price | @ARTravelsA12
Dosto, is video mein maine E-Bus India ka detailed review kiya hai! 🚌⚡ Agar aap bhi E Bus India mein safar karne ka soch rahe hain, toh maine is video mein E-Bus ki facilities, comfort, aur sabse zaroori—isky ticket price ke baare mein sab kuch bataya hai. Kya ye aam bus se behtar hai? Kya iska kiraya paisa vasool hai? Jaanne ke liye video ko end tak zaroor dekhein!

• E-Bus India ka Full Interior aur Exterior Review

• Ticket Price aur Booking Details 🎟️

• Seats, AC, aur Comfort level kaisa hai?

• E bus india travel ka mera personal experience

Instagram link 🔗 https://www.instagram.com/abdulrehmanbusvlog?stkn=MWJjaXB6N29vNGZxeA==

Facebook link 🔗 https://www.facebook.com/share/1GyMNMHmCb/?mibextid=wwXIfr

#EBusIndia #ElectricBus #BusReview #EVBus #TravelVlog #ElectricVehicle #BusVlogger",Kya E-Bus India Paisa Vasool Hai? | Full Review &amp; Ticket Price | @ARTravelsA12,2026-09-19T10:54:38Z,2026-09-19T10:54:38Z,Badiya,top_level,,Ugy4Mc6_Llo5SwkyS7F4AaABAg,0,2026-09-19T11:06:08Z,2026-09-19T11:06:08Z,0,UCME-49kqJW9dmbJCmpXlmIg,,0,0,youtube_20260926_1347,baseline_20260926_134704,2026-09-26T20:58:18.333517+07:00
youtube_c_UgyzTU8XyvGuKkjQXCN4AaABAg,youtube,https://www.youtube.com/watch?v=urGCDDfdG6Q,urGCDDfdG6Q,"Kya E-Bus India Paisa Vasool Hai? | Full Review &amp; Ticket Price | @ARTravelsA12
Dosto, is video mein maine E-Bus India ka detailed review kiya hai! 🚌⚡ Agar aap bhi E Bus India mein safar karne ka soch rahe hain, toh maine is video mein E-Bus ki facilities, comfort, aur sabse zaroori—isky ticket price ke baare mein sab kuch bataya hai. Kya ye aam bus se behtar hai? Kya iska kiraya paisa vasool hai? Jaanne ke liye video ko end tak zaroor dekhein!

• E-Bus India ka Full Interior aur Exterior Review

• Ticket Price aur Booking Details 🎟️

• Seats, AC, aur Comfort level kaisa hai?

• E bus india travel ka mera personal experience

Instagram link 🔗 https://www.instagram.com/abdulrehmanbusvlog?stkn=MWJjaXB6N29vNGZxeA==

Facebook link 🔗 https://www.facebook.com/share/1GyMNMHmCb/?mibextid=wwXIfr

#EBusIndia #ElectricBus #BusReview #EVBus #TravelVlog #ElectricVehicle #BusVlogger",Kya E-Bus India Paisa Vasool Hai? | Full Review &amp; Ticket Price | @ARTravelsA12,2026-09-19T10:54:38Z,2026-09-19T10:54:38Z,Nice,top_level,,UgyzTU8XyvGuKkjQXCN4AaABAg,0,2026-09-19T11:05:58Z,2026-09-19T11:05:58Z,0,UCME-49kqJW9dmbJCmpXlmIg,,0,0,youtube_20260926_1347,baseline_20260926_134704,2026-09-26T20:58:18.334674+07:00
youtube_c_UgwBsQwQ4n9Q1gHwhyR4AaABAg,youtube,https://www.youtube.com/watch?v=v9XiSEOxefM,v9XiSEOxefM,"Reaction On Eicher Electric Bus vs Daewoo Electric Bus | Pakistani Reaction | 🇵🇰❤️🇮🇳
Reaction On Eicher Electric Bus vs Daewoo Electric Bus | Pakistani Reaction 🇵🇰❤️🇮🇳

Hey Guys! Welcome back to MadBros Reacts! 🔥 
We are comparing two new electric passenger buses today, Eicher's 56 seater Intercity Coach EV launched at Auto Expo 2025 in India, against the newly launched Daewoo Electric Bus running between Lahore and Sialkot in Pakistan, and this comparison is genuinely exciting.
Both buses mark major steps forward in electric public transport for their respective countries, and we had to break down the specs, charging times, and comfort features of each.

In this reaction, we cover:
✅ Eicher Intercity Coach EV full specs breakdown
✅ Dual port charging and 500 to 600 km daily range
✅ Daewoo Electric Bus fare, comfort, and travel time
✅ 10 lithium batteries and 35 minute charging time
✅ Comfort features and digital displays on both buses
✅ Our honest unfiltered reactions to both EVs
✅ Which electric bus offers better value for passengers

India's public transport sector continues to embrace electric mobility, and Eicher launching a 56 seater Intercity Coach EV with fast dual port charging shows just how serious manufacturers are about scaling electric buses for long distance travel. This kind of innovation in daily range and charging speed really highlights how far electric public transport technology has come.

As Pakistanis, we take pride in the Lahore to Sialkot Daewoo Electric Bus bringing this same eco friendly innovation to our own intercity travel, seeing both buses compared side by side gave us a real sense of how electric public transport is developing on both sides of the border 🇵🇰❤️🇮🇳

💬 Which electric bus would you choose to travel in, comment below!
━━━━━━━━━━━━━━━━━━━━━━━━
📌 Original Video Credits:
Channel Name: @UshaKiKiran 
Video Link: https://youtu.be/GAH0Nut_6AQ
Channel Name: @UrduPointNetwork 
Video Link: https://youtu.be/PQQyUVYisR4
━━━━━━━━━━━━━━━━━━━━━━━━
📩 Copyright/Removal Requests:
ali@digitalranksolutions.com
We respond promptly and respect all creators.
━━━━━━━━━━━━━━━━━━━━━━━━
⚠️ Fair Use Disclaimer:
This video is made for reaction, commentary, review, and educational discussion. No copyright infringement intended. All rights belong to their respective owners.
━━━━━━━━━━━━━━━━━━━━━━━━
❤️ If you enjoy Pakistani reactions to automobile comparisons, don't forget to LIKE, SHARE & SUBSCRIBE to MadBros Reacts!

#PakistaniReaction #MadBrosReacts #EicherElectricBus #DaewooElectricBus #ElectricBus #PakistanVsIndia #EVComparison #PublicTransport #PakistaniReactsToIndia #EVBus",Reaction On Eicher Electric Bus vs Daewoo Electric Bus | Pakistani Reaction | 🇵🇰❤️🇮🇳,2026-09-26T10:00:01Z,2026-09-26T10:00:01Z,Bhai EICHER company  Pithampur Indore Madhya Pradesh me manufactur hai ❤❤❤❤❤❤🎉🎉🎉🎉,top_level,,UgwBsQwQ4n9Q1gHwhyR4AaABAg,0,2026-09-26T14:45:40Z,2026-09-26T14:45:40Z,1,UCt1Wnqy5nc9Y5LF-hhsmMdw,,0,0,youtube_20260927_0855,baseline_20260926_134704,2026-09-27T16:01:05.261281+07:00
youtube_c_UgwbjC6qTT47UhGBOAV4AaABAg,youtube,https://www.youtube.com/watch?v=v9XiSEOxefM,v9XiSEOxefM,"Reaction On Eicher Electric Bus vs Daewoo Electric Bus | Pakistani Reaction | 🇵🇰❤️🇮🇳
Reaction On Eicher Electric Bus vs Daewoo Electric Bus | Pakistani Reaction 🇵🇰❤️🇮🇳

Hey Guys! Welcome back to MadBros Reacts! 🔥 
We are comparing two new electric passenger buses today, Eicher's 56 seater Intercity Coach EV launched at Auto Expo 2025 in India, against the newly launched Daewoo Electric Bus running between Lahore and Sialkot in Pakistan, and this comparison is genuinely exciting.
Both buses mark major steps forward in electric public transport for their respective countries, and we had to break down the specs, charging times, and comfort features of each.

In this reaction, we cover:
✅ Eicher Intercity Coach EV full specs breakdown
✅ Dual port charging and 500 to 600 km daily range
✅ Daewoo Electric Bus fare, comfort, and travel time
✅ 10 lithium batteries and 35 minute charging time
✅ Comfort features and digital displays on both buses
✅ Our honest unfiltered reactions to both EVs
✅ Which electric bus offers better value for passengers

India's public transport sector continues to embrace electric mobility, and Eicher launching a 56 seater Intercity Coach EV with fast dual port charging shows just how serious manufacturers are about scaling electric buses for long distance travel. This kind of innovation in daily range and charging speed really highlights how far electric public transport technology has come.

As Pakistanis, we take pride in the Lahore to Sialkot Daewoo Electric Bus bringing this same eco friendly innovation to our own intercity travel, seeing both buses compared side by side gave us a real sense of how electric public transport is developing on both sides of the border 🇵🇰❤️🇮🇳

💬 Which electric bus would you choose to travel in, comment below!
━━━━━━━━━━━━━━━━━━━━━━━━
📌 Original Video Credits:
Channel Name: @UshaKiKiran 
Video Link: https://youtu.be/GAH0Nut_6AQ
Channel Name: @UrduPointNetwork 
Video Link: https://youtu.be/PQQyUVYisR4
━━━━━━━━━━━━━━━━━━━━━━━━
📩 Copyright/Removal Requests:
ali@digitalranksolutions.com
We respond promptly and respect all creators.
━━━━━━━━━━━━━━━━━━━━━━━━
⚠️ Fair Use Disclaimer:
This video is made for reaction, commentary, review, and educational discussion. No copyright infringement intended. All rights belong to their respective owners.
━━━━━━━━━━━━━━━━━━━━━━━━
❤️ If you enjoy Pakistani reactions to automobile comparisons, don't forget to LIKE, SHARE & SUBSCRIBE to MadBros Reacts!

#PakistaniReaction #MadBrosReacts #EicherElectricBus #DaewooElectricBus #ElectricBus #PakistanVsIndia #EVComparison #PublicTransport #PakistaniReactsToIndia #EVBus",Reaction On Eicher Electric Bus vs Daewoo Electric Bus | Pakistani Reaction | 🇵🇰❤️🇮🇳,2026-09-26T10:00:01Z,2026-09-26T10:00:01Z,"Eicher Motors Limited is a leading Indian multinational automotive manufacturer that produces motorcycles and commercial vehicles, best known as the parent company of Royal Enfield and the partner in VE Commercial Vehicles (VECV)",top_level,,UgwbjC6qTT47UhGBOAV4AaABAg,0,2026-09-26T10:28:08Z,2026-09-26T10:28:08Z,1,UCdIFndv3Yf-8LJi7fLktiTQ,,0,0,youtube_20260927_0855,baseline_20260926_134704,2026-09-27T16:01:09.152162+07:00
youtube_c_UgwsistH8dJpT5dd7XN4AaABAg,youtube,https://www.youtube.com/watch?v=v9XiSEOxefM,v9XiSEOxefM,"Reaction On Eicher Electric Bus vs Daewoo Electric Bus | Pakistani Reaction | 🇵🇰❤️🇮🇳
Reaction On Eicher Electric Bus vs Daewoo Electric Bus | Pakistani Reaction 🇵🇰❤️🇮🇳

Hey Guys! Welcome back to MadBros Reacts! 🔥 
We are comparing two new electric passenger buses today, Eicher's 56 seater Intercity Coach EV launched at Auto Expo 2025 in India, against the newly launched Daewoo Electric Bus running between Lahore and Sialkot in Pakistan, and this comparison is genuinely exciting.
Both buses mark major steps forward in electric public transport for their respective countries, and we had to break down the specs, charging times, and comfort features of each.

In this reaction, we cover:
✅ Eicher Intercity Coach EV full specs breakdown
✅ Dual port charging and 500 to 600 km daily range
✅ Daewoo Electric Bus fare, comfort, and travel time
✅ 10 lithium batteries and 35 minute charging time
✅ Comfort features and digital displays on both buses
✅ Our honest unfiltered reactions to both EVs
✅ Which electric bus offers better value for passengers

India's public transport sector continues to embrace electric mobility, and Eicher launching a 56 seater Intercity Coach EV with fast dual port charging shows just how serious manufacturers are about scaling electric buses for long distance travel. This kind of innovation in daily range and charging speed really highlights how far electric public transport technology has come.

As Pakistanis, we take pride in the Lahore to Sialkot Daewoo Electric Bus bringing this same eco friendly innovation to our own intercity travel, seeing both buses compared side by side gave us a real sense of how electric public transport is developing on both sides of the border 🇵🇰❤️🇮🇳

💬 Which electric bus would you choose to travel in, comment below!
━━━━━━━━━━━━━━━━━━━━━━━━
📌 Original Video Credits:
Channel Name: @UshaKiKiran 
Video Link: https://youtu.be/GAH0Nut_6AQ
Channel Name: @UrduPointNetwork 
Video Link: https://youtu.be/PQQyUVYisR4
━━━━━━━━━━━━━━━━━━━━━━━━
📩 Copyright/Removal Requests:
ali@digitalranksolutions.com
We respond promptly and respect all creators.
━━━━━━━━━━━━━━━━━━━━━━━━
⚠️ Fair Use Disclaimer:
This video is made for reaction, commentary, review, and educational discussion. No copyright infringement intended. All rights belong to their respective owners.
━━━━━━━━━━━━━━━━━━━━━━━━
❤️ If you enjoy Pakistani reactions to automobile comparisons, don't forget to LIKE, SHARE & SUBSCRIBE to MadBros Reacts!

#PakistaniReaction #MadBrosReacts #EicherElectricBus #DaewooElectricBus #ElectricBus #PakistanVsIndia #EVComparison #PublicTransport #PakistaniReactsToIndia #EVBus",Reaction On Eicher Electric Bus vs Daewoo Electric Bus | Pakistani Reaction | 🇵🇰❤️🇮🇳,2026-09-26T10:00:01Z,2026-09-26T10:00:01Z,Ek baat to btao kon c esi chiz hai Jo Golu ache se krta hai ? Ye to gapp v ache se nai mar skta yr 😂😂,top_level,,UgwsistH8dJpT5dd7XN4AaABAg,0,2026-09-26T16:58:29Z,2026-09-26T16:58:29Z,0,UCIHhyhdwqy9xr_iWvlZ8O2w,,0,0,youtube_20260927_0855,baseline_20260926_134704,2026-09-27T16:01:05.249819+07:00
youtube_c_Ugx2UbFH3bobhHpG9rh4AaABAg,youtube,https://www.youtube.com/watch?v=v9XiSEOxefM,v9XiSEOxefM,"Reaction On Eicher Electric Bus vs Daewoo Electric Bus | Pakistani Reaction | 🇵🇰❤️🇮🇳
Reaction On Eicher Electric Bus vs Daewoo Electric Bus | Pakistani Reaction 🇵🇰❤️🇮🇳

Hey Guys! Welcome back to MadBros Reacts! 🔥 
We are comparing two new electric passenger buses today, Eicher's 56 seater Intercity Coach EV launched at Auto Expo 2025 in India, against the newly launched Daewoo Electric Bus running between Lahore and Sialkot in Pakistan, and this comparison is genuinely exciting.
Both buses mark major steps forward in electric public transport for their respective countries, and we had to break down the specs, charging times, and comfort features of each.

In this reaction, we cover:
✅ Eicher Intercity Coach EV full specs breakdown
✅ Dual port charging and 500 to 600 km daily range
✅ Daewoo Electric Bus fare, comfort, and travel time
✅ 10 lithium batteries and 35 minute charging time
✅ Comfort features and digital displays on both buses
✅ Our honest unfiltered reactions to both EVs
✅ Which electric bus offers better value for passengers

India's public transport sector continues to embrace electric mobility, and Eicher launching a 56 seater Intercity Coach EV with fast dual port charging shows just how serious manufacturers are about scaling electric buses for long distance travel. This kind of innovation in daily range and charging speed really highlights how far electric public transport technology has come.

As Pakistanis, we take pride in the Lahore to Sialkot Daewoo Electric Bus bringing this same eco friendly innovation to our own intercity travel, seeing both buses compared side by side gave us a real sense of how electric public transport is developing on both sides of the border 🇵🇰❤️🇮🇳

💬 Which electric bus would you choose to travel in, comment below!
━━━━━━━━━━━━━━━━━━━━━━━━
📌 Original Video Credits:
Channel Name: @UshaKiKiran 
Video Link: https://youtu.be/GAH0Nut_6AQ
Channel Name: @UrduPointNetwork 
Video Link: https://youtu.be/PQQyUVYisR4
━━━━━━━━━━━━━━━━━━━━━━━━
📩 Copyright/Removal Requests:
ali@digitalranksolutions.com
We respond promptly and respect all creators.
━━━━━━━━━━━━━━━━━━━━━━━━
⚠️ Fair Use Disclaimer:
This video is made for reaction, commentary, review, and educational discussion. No copyright infringement intended. All rights belong to their respective owners.
━━━━━━━━━━━━━━━━━━━━━━━━
❤️ If you enjoy Pakistani reactions to automobile comparisons, don't forget to LIKE, SHARE & SUBSCRIBE to MadBros Reacts!

#PakistaniReaction #MadBrosReacts #EicherElectricBus #DaewooElectricBus #ElectricBus #PakistanVsIndia #EVComparison #PublicTransport #PakistaniReactsToIndia #EVBus",Reaction On Eicher Electric Bus vs Daewoo Electric Bus | Pakistani Reaction | 🇵🇰❤️🇮🇳,2026-09-26T10:00:01Z,2026-09-26T10:00:01Z,"Deavoo own by TATA 

And Eicher motors is a leading indian automobile company 
Raoyal Enfield own by eicher group",top_level,,Ugx2UbFH3bobhHpG9rh4AaABAg,0,2026-09-26T15:22:00Z,2026-09-26T15:22:00Z,2,UCrdpU6IJtxX_AKxmkdfTQNg,,0,0,youtube_20260927_0855,baseline_20260926_134704,2026-09-27T16:01:05.259282+07:00
youtube_c_UgxPv9W8ck3TVBbwUQB4AaABAg,youtube,https://www.youtube.com/watch?v=v9XiSEOxefM,v9XiSEOxefM,"Reaction On Eicher Electric Bus vs Daewoo Electric Bus | Pakistani Reaction | 🇵🇰❤️🇮🇳
Reaction On Eicher Electric Bus vs Daewoo Electric Bus | Pakistani Reaction 🇵🇰❤️🇮🇳

Hey Guys! Welcome back to MadBros Reacts! 🔥 
We are comparing two new electric passenger buses today, Eicher's 56 seater Intercity Coach EV launched at Auto Expo 2025 in India, against the newly launched Daewoo Electric Bus running between Lahore and Sialkot in Pakistan, and this comparison is genuinely exciting.
Both buses mark major steps forward in electric public transport for their respective countries, and we had to break down the specs, charging times, and comfort features of each.

In this reaction, we cover:
✅ Eicher Intercity Coach EV full specs breakdown
✅ Dual port charging and 500 to 600 km daily range
✅ Daewoo Electric Bus fare, comfort, and travel time
✅ 10 lithium batteries and 35 minute charging time
✅ Comfort features and digital displays on both buses
✅ Our honest unfiltered reactions to both EVs
✅ Which electric bus offers better value for passengers

India's public transport sector continues to embrace electric mobility, and Eicher launching a 56 seater Intercity Coach EV with fast dual port charging shows just how serious manufacturers are about scaling electric buses for long distance travel. This kind of innovation in daily range and charging speed really highlights how far electric public transport technology has come.

As Pakistanis, we take pride in the Lahore to Sialkot Daewoo Electric Bus bringing this same eco friendly innovation to our own intercity travel, seeing both buses compared side by side gave us a real sense of how electric public transport is developing on both sides of the border 🇵🇰❤️🇮🇳

💬 Which electric bus would you choose to travel in, comment below!
━━━━━━━━━━━━━━━━━━━━━━━━
📌 Original Video Credits:
Channel Name: @UshaKiKiran 
Video Link: https://youtu.be/GAH0Nut_6AQ
Channel Name: @UrduPointNetwork 
Video Link: https://youtu.be/PQQyUVYisR4
━━━━━━━━━━━━━━━━━━━━━━━━
📩 Copyright/Removal Requests:
ali@digitalranksolutions.com
We respond promptly and respect all creators.
━━━━━━━━━━━━━━━━━━━━━━━━
⚠️ Fair Use Disclaimer:
This video is made for reaction, commentary, review, and educational discussion. No copyright infringement intended. All rights belong to their respective owners.
━━━━━━━━━━━━━━━━━━━━━━━━
❤️ If you enjoy Pakistani reactions to automobile comparisons, don't forget to LIKE, SHARE & SUBSCRIBE to MadBros Reacts!

#PakistaniReaction #MadBrosReacts #EicherElectricBus #DaewooElectricBus #ElectricBus #PakistanVsIndia #EVComparison #PublicTransport #PakistaniReactsToIndia #EVBus",Reaction On Eicher Electric Bus vs Daewoo Electric Bus | Pakistani Reaction | 🇵🇰❤️🇮🇳,2026-09-26T10:00:01Z,2026-09-26T10:00:01Z,"Mr. Intazam and Co, Pakistan never manufaturing automoboles of its own, all are Chinese.",top_level,,UgxPv9W8ck3TVBbwUQB4AaABAg,0,2026-09-26T10:22:17Z,2026-09-26T10:22:17Z,0,UCdIFndv3Yf-8LJi7fLktiTQ,,0,0,youtube_20260927_0855,baseline_20260926_134704,2026-09-27T16:01:09.154104+07:00
youtube_c_Ugy0Yn-8Sp65BoY0u1V4AaABAg,youtube,https://www.youtube.com/watch?v=v9XiSEOxefM,v9XiSEOxefM,"Reaction On Eicher Electric Bus vs Daewoo Electric Bus | Pakistani Reaction | 🇵🇰❤️🇮🇳
Reaction On Eicher Electric Bus vs Daewoo Electric Bus | Pakistani Reaction 🇵🇰❤️🇮🇳

Hey Guys! Welcome back to MadBros Reacts! 🔥 
We are comparing two new electric passenger buses today, Eicher's 56 seater Intercity Coach EV launched at Auto Expo 2025 in India, against the newly launched Daewoo Electric Bus running between Lahore and Sialkot in Pakistan, and this comparison is genuinely exciting.
Both buses mark major steps forward in electric public transport for their respective countries, and we had to break down the specs, charging times, and comfort features of each.

In this reaction, we cover:
✅ Eicher Intercity Coach EV full specs breakdown
✅ Dual port charging and 500 to 600 km daily range
✅ Daewoo Electric Bus fare, comfort, and travel time
✅ 10 lithium batteries and 35 minute charging time
✅ Comfort features and digital displays on both buses
✅ Our honest unfiltered reactions to both EVs
✅ Which electric bus offers better value for passengers

India's public transport sector continues to embrace electric mobility, and Eicher launching a 56 seater Intercity Coach EV with fast dual port charging shows just how serious manufacturers are about scaling electric buses for long distance travel. This kind of innovation in daily range and charging speed really highlights how far electric public transport technology has come.

As Pakistanis, we take pride in the Lahore to Sialkot Daewoo Electric Bus bringing this same eco friendly innovation to our own intercity travel, seeing both buses compared side by side gave us a real sense of how electric public transport is developing on both sides of the border 🇵🇰❤️🇮🇳

💬 Which electric bus would you choose to travel in, comment below!
━━━━━━━━━━━━━━━━━━━━━━━━
📌 Original Video Credits:
Channel Name: @UshaKiKiran 
Video Link: https://youtu.be/GAH0Nut_6AQ
Channel Name: @UrduPointNetwork 
Video Link: https://youtu.be/PQQyUVYisR4
━━━━━━━━━━━━━━━━━━━━━━━━
📩 Copyright/Removal Requests:
ali@digitalranksolutions.com
We respond promptly and respect all creators.
━━━━━━━━━━━━━━━━━━━━━━━━
⚠️ Fair Use Disclaimer:
This video is made for reaction, commentary, review, and educational discussion. No copyright infringement intended. All rights belong to their respective owners.
━━━━━━━━━━━━━━━━━━━━━━━━
❤️ If you enjoy Pakistani reactions to automobile comparisons, don't forget to LIKE, SHARE & SUBSCRIBE to MadBros Reacts!

#PakistaniReaction #MadBrosReacts #EicherElectricBus #DaewooElectricBus #ElectricBus #PakistanVsIndia #EVComparison #PublicTransport #PakistaniReactsToIndia #EVBus",Reaction On Eicher Electric Bus vs Daewoo Electric Bus | Pakistani Reaction | 🇵🇰❤️🇮🇳,2026-09-26T10:00:01Z,2026-09-26T10:00:01Z,Dont come with Pakistan & India comparison.,top_level,,Ugy0Yn-8Sp65BoY0u1V4AaABAg,0,2026-09-26T10:29:58Z,2026-09-26T10:29:58Z,0,UCdIFndv3Yf-8LJi7fLktiTQ,,0,0,youtube_20260927_0855,baseline_20260926_134704,2026-09-27T16:01:09.149435+07:00
youtube_c_UgyQJ0S-qhNdApsBcw94AaABAg,youtube,https://www.youtube.com/watch?v=v9XiSEOxefM,v9XiSEOxefM,"Reaction On Eicher Electric Bus vs Daewoo Electric Bus | Pakistani Reaction | 🇵🇰❤️🇮🇳
Reaction On Eicher Electric Bus vs Daewoo Electric Bus | Pakistani Reaction 🇵🇰❤️🇮🇳

Hey Guys! Welcome back to MadBros Reacts! 🔥 
We are comparing two new electric passenger buses today, Eicher's 56 seater Intercity Coach EV launched at Auto Expo 2025 in India, against the newly launched Daewoo Electric Bus running between Lahore and Sialkot in Pakistan, and this comparison is genuinely exciting.
Both buses mark major steps forward in electric public transport for their respective countries, and we had to break down the specs, charging times, and comfort features of each.

In this reaction, we cover:
✅ Eicher Intercity Coach EV full specs breakdown
✅ Dual port charging and 500 to 600 km daily range
✅ Daewoo Electric Bus fare, comfort, and travel time
✅ 10 lithium batteries and 35 minute charging time
✅ Comfort features and digital displays on both buses
✅ Our honest unfiltered reactions to both EVs
✅ Which electric bus offers better value for passengers

India's public transport sector continues to embrace electric mobility, and Eicher launching a 56 seater Intercity Coach EV with fast dual port charging shows just how serious manufacturers are about scaling electric buses for long distance travel. This kind of innovation in daily range and charging speed really highlights how far electric public transport technology has come.

As Pakistanis, we take pride in the Lahore to Sialkot Daewoo Electric Bus bringing this same eco friendly innovation to our own intercity travel, seeing both buses compared side by side gave us a real sense of how electric public transport is developing on both sides of the border 🇵🇰❤️🇮🇳

💬 Which electric bus would you choose to travel in, comment below!
━━━━━━━━━━━━━━━━━━━━━━━━
📌 Original Video Credits:
Channel Name: @UshaKiKiran 
Video Link: https://youtu.be/GAH0Nut_6AQ
Channel Name: @UrduPointNetwork 
Video Link: https://youtu.be/PQQyUVYisR4
━━━━━━━━━━━━━━━━━━━━━━━━
📩 Copyright/Removal Requests:
ali@digitalranksolutions.com
We respond promptly and respect all creators.
━━━━━━━━━━━━━━━━━━━━━━━━
⚠️ Fair Use Disclaimer:
This video is made for reaction, commentary, review, and educational discussion. No copyright infringement intended. All rights belong to their respective owners.
━━━━━━━━━━━━━━━━━━━━━━━━
❤️ If you enjoy Pakistani reactions to automobile comparisons, don't forget to LIKE, SHARE & SUBSCRIBE to MadBros Reacts!

#PakistaniReaction #MadBrosReacts #EicherElectricBus #DaewooElectricBus #ElectricBus #PakistanVsIndia #EVComparison #PublicTransport #PakistaniReactsToIndia #EVBus",Reaction On Eicher Electric Bus vs Daewoo Electric Bus | Pakistani Reaction | 🇵🇰❤️🇮🇳,2026-09-26T10:00:01Z,2026-09-26T10:00:01Z,Or bitha lo golu ko center me publiccity 😂😂,top_level,,UgyQJ0S-qhNdApsBcw94AaABAg,0,2026-09-26T16:55:09Z,2026-09-26T16:55:09Z,0,UCIHhyhdwqy9xr_iWvlZ8O2w,,0,0,youtube_20260927_0855,baseline_20260926_134704,2026-09-27T16:01:05.254870+07:00
youtube_c_UgyqQDXrtT6jxcs-nxd4AaABAg,youtube,https://www.youtube.com/watch?v=v9XiSEOxefM,v9XiSEOxefM,"Reaction On Eicher Electric Bus vs Daewoo Electric Bus | Pakistani Reaction | 🇵🇰❤️🇮🇳
Reaction On Eicher Electric Bus vs Daewoo Electric Bus | Pakistani Reaction 🇵🇰❤️🇮🇳

Hey Guys! Welcome back to MadBros Reacts! 🔥 
We are comparing two new electric passenger buses today, Eicher's 56 seater Intercity Coach EV launched at Auto Expo 2025 in India, against the newly launched Daewoo Electric Bus running between Lahore and Sialkot in Pakistan, and this comparison is genuinely exciting.
Both buses mark major steps forward in electric public transport for their respective countries, and we had to break down the specs, charging times, and comfort features of each.

In this reaction, we cover:
✅ Eicher Intercity Coach EV full specs breakdown
✅ Dual port charging and 500 to 600 km daily range
✅ Daewoo Electric Bus fare, comfort, and travel time
✅ 10 lithium batteries and 35 minute charging time
✅ Comfort features and digital displays on both buses
✅ Our honest unfiltered reactions to both EVs
✅ Which electric bus offers better value for passengers

India's public transport sector continues to embrace electric mobility, and Eicher launching a 56 seater Intercity Coach EV with fast dual port charging shows just how serious manufacturers are about scaling electric buses for long distance travel. This kind of innovation in daily range and charging speed really highlights how far electric public transport technology has come.

As Pakistanis, we take pride in the Lahore to Sialkot Daewoo Electric Bus bringing this same eco friendly innovation to our own intercity travel, seeing both buses compared side by side gave us a real sense of how electric public transport is developing on both sides of the border 🇵🇰❤️🇮🇳

💬 Which electric bus would you choose to travel in, comment below!
━━━━━━━━━━━━━━━━━━━━━━━━
📌 Original Video Credits:
Channel Name: @UshaKiKiran 
Video Link: https://youtu.be/GAH0Nut_6AQ
Channel Name: @UrduPointNetwork 
Video Link: https://youtu.be/PQQyUVYisR4
━━━━━━━━━━━━━━━━━━━━━━━━
📩 Copyright/Removal Requests:
ali@digitalranksolutions.com
We respond promptly and respect all creators.
━━━━━━━━━━━━━━━━━━━━━━━━
⚠️ Fair Use Disclaimer:
This video is made for reaction, commentary, review, and educational discussion. No copyright infringement intended. All rights belong to their respective owners.
━━━━━━━━━━━━━━━━━━━━━━━━
❤️ If you enjoy Pakistani reactions to automobile comparisons, don't forget to LIKE, SHARE & SUBSCRIBE to MadBros Reacts!

#PakistaniReaction #MadBrosReacts #EicherElectricBus #DaewooElectricBus #ElectricBus #PakistanVsIndia #EVComparison #PublicTransport #PakistaniReactsToIndia #EVBus",Reaction On Eicher Electric Bus vs Daewoo Electric Bus | Pakistani Reaction | 🇵🇰❤️🇮🇳,2026-09-26T10:00:01Z,2026-09-26T10:00:01Z,Daewoo company is coming under indian Tata  owner of that company,top_level,,UgyqQDXrtT6jxcs-nxd4AaABAg,0,2026-09-27T08:48:54Z,2026-09-27T08:48:54Z,0,UCcSRibFGa3ahLk82DCZ8Nhw,,0,0,youtube_20260927_0855,baseline_20260926_134704,2026-09-27T16:01:05.245999+07:00
youtube_c_Ugz-g7TQtGLtDtuDaTh4AaABAg,youtube,https://www.youtube.com/watch?v=v9XiSEOxefM,v9XiSEOxefM,"Reaction On Eicher Electric Bus vs Daewoo Electric Bus | Pakistani Reaction | 🇵🇰❤️🇮🇳
Reaction On Eicher Electric Bus vs Daewoo Electric Bus | Pakistani Reaction 🇵🇰❤️🇮🇳

Hey Guys! Welcome back to MadBros Reacts! 🔥 
We are comparing two new electric passenger buses today, Eicher's 56 seater Intercity Coach EV launched at Auto Expo 2025 in India, against the newly launched Daewoo Electric Bus running between Lahore and Sialkot in Pakistan, and this comparison is genuinely exciting.
Both buses mark major steps forward in electric public transport for their respective countries, and we had to break down the specs, charging times, and comfort features of each.

In this reaction, we cover:
✅ Eicher Intercity Coach EV full specs breakdown
✅ Dual port charging and 500 to 600 km daily range
✅ Daewoo Electric Bus fare, comfort, and travel time
✅ 10 lithium batteries and 35 minute charging time
✅ Comfort features and digital displays on both buses
✅ Our honest unfiltered reactions to both EVs
✅ Which electric bus offers better value for passengers

India's public transport sector continues to embrace electric mobility, and Eicher launching a 56 seater Intercity Coach EV with fast dual port charging shows just how serious manufacturers are about scaling electric buses for long distance travel. This kind of innovation in daily range and charging speed really highlights how far electric public transport technology has come.

As Pakistanis, we take pride in the Lahore to Sialkot Daewoo Electric Bus bringing this same eco friendly innovation to our own intercity travel, seeing both buses compared side by side gave us a real sense of how electric public transport is developing on both sides of the border 🇵🇰❤️🇮🇳

💬 Which electric bus would you choose to travel in, comment below!
━━━━━━━━━━━━━━━━━━━━━━━━
📌 Original Video Credits:
Channel Name: @UshaKiKiran 
Video Link: https://youtu.be/GAH0Nut_6AQ
Channel Name: @UrduPointNetwork 
Video Link: https://youtu.be/PQQyUVYisR4
━━━━━━━━━━━━━━━━━━━━━━━━
📩 Copyright/Removal Requests:
ali@digitalranksolutions.com
We respond promptly and respect all creators.
━━━━━━━━━━━━━━━━━━━━━━━━
⚠️ Fair Use Disclaimer:
This video is made for reaction, commentary, review, and educational discussion. No copyright infringement intended. All rights belong to their respective owners.
━━━━━━━━━━━━━━━━━━━━━━━━
❤️ If you enjoy Pakistani reactions to automobile comparisons, don't forget to LIKE, SHARE & SUBSCRIBE to MadBros Reacts!

#PakistaniReaction #MadBrosReacts #EicherElectricBus #DaewooElectricBus #ElectricBus #PakistanVsIndia #EVComparison #PublicTransport #PakistaniReactsToIndia #EVBus",Reaction On Eicher Electric Bus vs Daewoo Electric Bus | Pakistani Reaction | 🇵🇰❤️🇮🇳,2026-09-26T10:00:01Z,2026-09-26T10:00:01Z,Deavoo company bhi tata ki company hai bro,top_level,,Ugz-g7TQtGLtDtuDaTh4AaABAg,0,2026-09-26T11:44:56Z,2026-09-26T11:44:56Z,2,UCR94lA65Nqno-FHbRui0Ynw,,0,0,youtube_20260927_0855,baseline_20260926_134704,2026-09-27T16:01:05.263282+07:00
youtube_c_Ugz-g7TQtGLtDtuDaTh4AaABAg.AbDT96icCA9AbDww-ujrrp,youtube,https://www.youtube.com/watch?v=v9XiSEOxefM,v9XiSEOxefM,"Reaction On Eicher Electric Bus vs Daewoo Electric Bus | Pakistani Reaction | 🇵🇰❤️🇮🇳
Reaction On Eicher Electric Bus vs Daewoo Electric Bus | Pakistani Reaction 🇵🇰❤️🇮🇳

Hey Guys! Welcome back to MadBros Reacts! 🔥 
We are comparing two new electric passenger buses today, Eicher's 56 seater Intercity Coach EV launched at Auto Expo 2025 in India, against the newly launched Daewoo Electric Bus running between Lahore and Sialkot in Pakistan, and this comparison is genuinely exciting.
Both buses mark major steps forward in electric public transport for their respective countries, and we had to break down the specs, charging times, and comfort features of each.

In this reaction, we cover:
✅ Eicher Intercity Coach EV full specs breakdown
✅ Dual port charging and 500 to 600 km daily range
✅ Daewoo Electric Bus fare, comfort, and travel time
✅ 10 lithium batteries and 35 minute charging time
✅ Comfort features and digital displays on both buses
✅ Our honest unfiltered reactions to both EVs
✅ Which electric bus offers better value for passengers

India's public transport sector continues to embrace electric mobility, and Eicher launching a 56 seater Intercity Coach EV with fast dual port charging shows just how serious manufacturers are about scaling electric buses for long distance travel. This kind of innovation in daily range and charging speed really highlights how far electric public transport technology has come.

As Pakistanis, we take pride in the Lahore to Sialkot Daewoo Electric Bus bringing this same eco friendly innovation to our own intercity travel, seeing both buses compared side by side gave us a real sense of how electric public transport is developing on both sides of the border 🇵🇰❤️🇮🇳

💬 Which electric bus would you choose to travel in, comment below!
━━━━━━━━━━━━━━━━━━━━━━━━
📌 Original Video Credits:
Channel Name: @UshaKiKiran 
Video Link: https://youtu.be/GAH0Nut_6AQ
Channel Name: @UrduPointNetwork 
Video Link: https://youtu.be/PQQyUVYisR4
━━━━━━━━━━━━━━━━━━━━━━━━
📩 Copyright/Removal Requests:
ali@digitalranksolutions.com
We respond promptly and respect all creators.
━━━━━━━━━━━━━━━━━━━━━━━━
⚠️ Fair Use Disclaimer:
This video is made for reaction, commentary, review, and educational discussion. No copyright infringement intended. All rights belong to their respective owners.
━━━━━━━━━━━━━━━━━━━━━━━━
❤️ If you enjoy Pakistani reactions to automobile comparisons, don't forget to LIKE, SHARE & SUBSCRIBE to MadBros Reacts!

#PakistaniReaction #MadBrosReacts #EicherElectricBus #DaewooElectricBus #ElectricBus #PakistanVsIndia #EVComparison #PublicTransport #PakistaniReactsToIndia #EVBus",Reaction On Eicher Electric Bus vs Daewoo Electric Bus | Pakistani Reaction | 🇵🇰❤️🇮🇳,2026-09-26T10:00:01Z,2026-09-26T10:00:01Z,Daewoo trucks bas tata ka hai bus bussiness nhi,reply,Ugz-g7TQtGLtDtuDaTh4AaABAg,Ugz-g7TQtGLtDtuDaTh4AaABAg,1,2026-09-26T16:13:53Z,2026-09-26T16:13:53Z,0,UCJ81Axs9TQTHUBToYBBSw4w,transport_impact,0,0,youtube_20260927_0855,baseline_20260926_134704,2026-09-27T16:01:09.145336+07:00
youtube_c_Ugz-g7TQtGLtDtuDaTh4AaABAg.AbDT96icCA9AbFdrj-rNDB,youtube,https://www.youtube.com/watch?v=v9XiSEOxefM,v9XiSEOxefM,"Reaction On Eicher Electric Bus vs Daewoo Electric Bus | Pakistani Reaction | 🇵🇰❤️🇮🇳
Reaction On Eicher Electric Bus vs Daewoo Electric Bus | Pakistani Reaction 🇵🇰❤️🇮🇳

Hey Guys! Welcome back to MadBros Reacts! 🔥 
We are comparing two new electric passenger buses today, Eicher's 56 seater Intercity Coach EV launched at Auto Expo 2025 in India, against the newly launched Daewoo Electric Bus running between Lahore and Sialkot in Pakistan, and this comparison is genuinely exciting.
Both buses mark major steps forward in electric public transport for their respective countries, and we had to break down the specs, charging times, and comfort features of each.

In this reaction, we cover:
✅ Eicher Intercity Coach EV full specs breakdown
✅ Dual port charging and 500 to 600 km daily range
✅ Daewoo Electric Bus fare, comfort, and travel time
✅ 10 lithium batteries and 35 minute charging time
✅ Comfort features and digital displays on both buses
✅ Our honest unfiltered reactions to both EVs
✅ Which electric bus offers better value for passengers

India's public transport sector continues to embrace electric mobility, and Eicher launching a 56 seater Intercity Coach EV with fast dual port charging shows just how serious manufacturers are about scaling electric buses for long distance travel. This kind of innovation in daily range and charging speed really highlights how far electric public transport technology has come.

As Pakistanis, we take pride in the Lahore to Sialkot Daewoo Electric Bus bringing this same eco friendly innovation to our own intercity travel, seeing both buses compared side by side gave us a real sense of how electric public transport is developing on both sides of the border 🇵🇰❤️🇮🇳

💬 Which electric bus would you choose to travel in, comment below!
━━━━━━━━━━━━━━━━━━━━━━━━
📌 Original Video Credits:
Channel Name: @UshaKiKiran 
Video Link: https://youtu.be/GAH0Nut_6AQ
Channel Name: @UrduPointNetwork 
Video Link: https://youtu.be/PQQyUVYisR4
━━━━━━━━━━━━━━━━━━━━━━━━
📩 Copyright/Removal Requests:
ali@digitalranksolutions.com
We respond promptly and respect all creators.
━━━━━━━━━━━━━━━━━━━━━━━━
⚠️ Fair Use Disclaimer:
This video is made for reaction, commentary, review, and educational discussion. No copyright infringement intended. All rights belong to their respective owners.
━━━━━━━━━━━━━━━━━━━━━━━━
❤️ If you enjoy Pakistani reactions to automobile comparisons, don't forget to LIKE, SHARE & SUBSCRIBE to MadBros Reacts!

#PakistaniReaction #MadBrosReacts #EicherElectricBus #DaewooElectricBus #ElectricBus #PakistanVsIndia #EVComparison #PublicTransport #PakistaniReactsToIndia #EVBus",Reaction On Eicher Electric Bus vs Daewoo Electric Bus | Pakistani Reaction | 🇵🇰❤️🇮🇳,2026-09-26T10:00:01Z,2026-09-26T10:00:01Z,"​@CR_07770ha
And commercial vehicles",reply,Ugz-g7TQtGLtDtuDaTh4AaABAg,Ugz-g7TQtGLtDtuDaTh4AaABAg,1,2026-09-27T08:05:46Z,2026-09-27T08:05:46Z,0,UCIYx8xCKhenE8uGepspAmgA,,0,0,youtube_20260927_0855,baseline_20260926_134704,2026-09-27T16:01:09.146336+07:00
youtube_c_UgzGq1lDxquP_Gyrdbh4AaABAg,youtube,https://www.youtube.com/watch?v=v9XiSEOxefM,v9XiSEOxefM,"Reaction On Eicher Electric Bus vs Daewoo Electric Bus | Pakistani Reaction | 🇵🇰❤️🇮🇳
Reaction On Eicher Electric Bus vs Daewoo Electric Bus | Pakistani Reaction 🇵🇰❤️🇮🇳

Hey Guys! Welcome back to MadBros Reacts! 🔥 
We are comparing two new electric passenger buses today, Eicher's 56 seater Intercity Coach EV launched at Auto Expo 2025 in India, against the newly launched Daewoo Electric Bus running between Lahore and Sialkot in Pakistan, and this comparison is genuinely exciting.
Both buses mark major steps forward in electric public transport for their respective countries, and we had to break down the specs, charging times, and comfort features of each.

In this reaction, we cover:
✅ Eicher Intercity Coach EV full specs breakdown
✅ Dual port charging and 500 to 600 km daily range
✅ Daewoo Electric Bus fare, comfort, and travel time
✅ 10 lithium batteries and 35 minute charging time
✅ Comfort features and digital displays on both buses
✅ Our honest unfiltered reactions to both EVs
✅ Which electric bus offers better value for passengers

India's public transport sector continues to embrace electric mobility, and Eicher launching a 56 seater Intercity Coach EV with fast dual port charging shows just how serious manufacturers are about scaling electric buses for long distance travel. This kind of innovation in daily range and charging speed really highlights how far electric public transport technology has come.

As Pakistanis, we take pride in the Lahore to Sialkot Daewoo Electric Bus bringing this same eco friendly innovation to our own intercity travel, seeing both buses compared side by side gave us a real sense of how electric public transport is developing on both sides of the border 🇵🇰❤️🇮🇳

💬 Which electric bus would you choose to travel in, comment below!
━━━━━━━━━━━━━━━━━━━━━━━━
📌 Original Video Credits:
Channel Name: @UshaKiKiran 
Video Link: https://youtu.be/GAH0Nut_6AQ
Channel Name: @UrduPointNetwork 
Video Link: https://youtu.be/PQQyUVYisR4
━━━━━━━━━━━━━━━━━━━━━━━━
📩 Copyright/Removal Requests:
ali@digitalranksolutions.com
We respond promptly and respect all creators.
━━━━━━━━━━━━━━━━━━━━━━━━
⚠️ Fair Use Disclaimer:
This video is made for reaction, commentary, review, and educational discussion. No copyright infringement intended. All rights belong to their respective owners.
━━━━━━━━━━━━━━━━━━━━━━━━
❤️ If you enjoy Pakistani reactions to automobile comparisons, don't forget to LIKE, SHARE & SUBSCRIBE to MadBros Reacts!

#PakistaniReaction #MadBrosReacts #EicherElectricBus #DaewooElectricBus #ElectricBus #PakistanVsIndia #EVComparison #PublicTransport #PakistaniReactsToIndia #EVBus",Reaction On Eicher Electric Bus vs Daewoo Electric Bus | Pakistani Reaction | 🇵🇰❤️🇮🇳,2026-09-26T10:00:01Z,2026-09-26T10:00:01Z,Arre suno pakistan me light to aa nai rhi tum khud hi bolte ho to EV buses kiu larhe isme se v govt pese kha gyi hogi 😂😂,top_level,,UgzGq1lDxquP_Gyrdbh4AaABAg,0,2026-09-26T16:55:50Z,2026-09-26T16:55:50Z,1,UCIHhyhdwqy9xr_iWvlZ8O2w,,0,0,youtube_20260927_0855,baseline_20260926_134704,2026-09-27T16:01:05.252096+07:00
youtube_c_UgzJQ-RUhutGbf2ogXR4AaABAg,youtube,https://www.youtube.com/watch?v=v9XiSEOxefM,v9XiSEOxefM,"Reaction On Eicher Electric Bus vs Daewoo Electric Bus | Pakistani Reaction | 🇵🇰❤️🇮🇳
Reaction On Eicher Electric Bus vs Daewoo Electric Bus | Pakistani Reaction 🇵🇰❤️🇮🇳

Hey Guys! Welcome back to MadBros Reacts! 🔥 
We are comparing two new electric passenger buses today, Eicher's 56 seater Intercity Coach EV launched at Auto Expo 2025 in India, against the newly launched Daewoo Electric Bus running between Lahore and Sialkot in Pakistan, and this comparison is genuinely exciting.
Both buses mark major steps forward in electric public transport for their respective countries, and we had to break down the specs, charging times, and comfort features of each.

In this reaction, we cover:
✅ Eicher Intercity Coach EV full specs breakdown
✅ Dual port charging and 500 to 600 km daily range
✅ Daewoo Electric Bus fare, comfort, and travel time
✅ 10 lithium batteries and 35 minute charging time
✅ Comfort features and digital displays on both buses
✅ Our honest unfiltered reactions to both EVs
✅ Which electric bus offers better value for passengers

India's public transport sector continues to embrace electric mobility, and Eicher launching a 56 seater Intercity Coach EV with fast dual port charging shows just how serious manufacturers are about scaling electric buses for long distance travel. This kind of innovation in daily range and charging speed really highlights how far electric public transport technology has come.

As Pakistanis, we take pride in the Lahore to Sialkot Daewoo Electric Bus bringing this same eco friendly innovation to our own intercity travel, seeing both buses compared side by side gave us a real sense of how electric public transport is developing on both sides of the border 🇵🇰❤️🇮🇳

💬 Which electric bus would you choose to travel in, comment below!
━━━━━━━━━━━━━━━━━━━━━━━━
📌 Original Video Credits:
Channel Name: @UshaKiKiran 
Video Link: https://youtu.be/GAH0Nut_6AQ
Channel Name: @UrduPointNetwork 
Video Link: https://youtu.be/PQQyUVYisR4
━━━━━━━━━━━━━━━━━━━━━━━━
📩 Copyright/Removal Requests:
ali@digitalranksolutions.com
We respond promptly and respect all creators.
━━━━━━━━━━━━━━━━━━━━━━━━
⚠️ Fair Use Disclaimer:
This video is made for reaction, commentary, review, and educational discussion. No copyright infringement intended. All rights belong to their respective owners.
━━━━━━━━━━━━━━━━━━━━━━━━
❤️ If you enjoy Pakistani reactions to automobile comparisons, don't forget to LIKE, SHARE & SUBSCRIBE to MadBros Reacts!

#PakistaniReaction #MadBrosReacts #EicherElectricBus #DaewooElectricBus #ElectricBus #PakistanVsIndia #EVComparison #PublicTransport #PakistaniReactsToIndia #EVBus",Reaction On Eicher Electric Bus vs Daewoo Electric Bus | Pakistani Reaction | 🇵🇰❤️🇮🇳,2026-09-26T10:00:01Z,2026-09-26T10:00:01Z,Ram Ram sare bhayian ne ki haal chal mitro kiwe o Junaid veere Golu veere Raju vro,top_level,,UgzJQ-RUhutGbf2ogXR4AaABAg,0,2026-09-26T16:52:14Z,2026-09-26T16:52:14Z,0,UCIHhyhdwqy9xr_iWvlZ8O2w,,0,0,youtube_20260927_0855,baseline_20260926_134704,2026-09-27T16:01:05.256912+07:00
youtube_c_UgzMMfHtwm7rUtDIQax4AaABAg,youtube,https://www.youtube.com/watch?v=v9XiSEOxefM,v9XiSEOxefM,"Reaction On Eicher Electric Bus vs Daewoo Electric Bus | Pakistani Reaction | 🇵🇰❤️🇮🇳
Reaction On Eicher Electric Bus vs Daewoo Electric Bus | Pakistani Reaction 🇵🇰❤️🇮🇳

Hey Guys! Welcome back to MadBros Reacts! 🔥 
We are comparing two new electric passenger buses today, Eicher's 56 seater Intercity Coach EV launched at Auto Expo 2025 in India, against the newly launched Daewoo Electric Bus running between Lahore and Sialkot in Pakistan, and this comparison is genuinely exciting.
Both buses mark major steps forward in electric public transport for their respective countries, and we had to break down the specs, charging times, and comfort features of each.

In this reaction, we cover:
✅ Eicher Intercity Coach EV full specs breakdown
✅ Dual port charging and 500 to 600 km daily range
✅ Daewoo Electric Bus fare, comfort, and travel time
✅ 10 lithium batteries and 35 minute charging time
✅ Comfort features and digital displays on both buses
✅ Our honest unfiltered reactions to both EVs
✅ Which electric bus offers better value for passengers

India's public transport sector continues to embrace electric mobility, and Eicher launching a 56 seater Intercity Coach EV with fast dual port charging shows just how serious manufacturers are about scaling electric buses for long distance travel. This kind of innovation in daily range and charging speed really highlights how far electric public transport technology has come.

As Pakistanis, we take pride in the Lahore to Sialkot Daewoo Electric Bus bringing this same eco friendly innovation to our own intercity travel, seeing both buses compared side by side gave us a real sense of how electric public transport is developing on both sides of the border 🇵🇰❤️🇮🇳

💬 Which electric bus would you choose to travel in, comment below!
━━━━━━━━━━━━━━━━━━━━━━━━
📌 Original Video Credits:
Channel Name: @UshaKiKiran 
Video Link: https://youtu.be/GAH0Nut_6AQ
Channel Name: @UrduPointNetwork 
Video Link: https://youtu.be/PQQyUVYisR4
━━━━━━━━━━━━━━━━━━━━━━━━
📩 Copyright/Removal Requests:
ali@digitalranksolutions.com
We respond promptly and respect all creators.
━━━━━━━━━━━━━━━━━━━━━━━━
⚠️ Fair Use Disclaimer:
This video is made for reaction, commentary, review, and educational discussion. No copyright infringement intended. All rights belong to their respective owners.
━━━━━━━━━━━━━━━━━━━━━━━━
❤️ If you enjoy Pakistani reactions to automobile comparisons, don't forget to LIKE, SHARE & SUBSCRIBE to MadBros Reacts!

#PakistaniReaction #MadBrosReacts #EicherElectricBus #DaewooElectricBus #ElectricBus #PakistanVsIndia #EVComparison #PublicTransport #PakistaniReactsToIndia #EVBus",Reaction On Eicher Electric Bus vs Daewoo Electric Bus | Pakistani Reaction | 🇵🇰❤️🇮🇳,2026-09-26T10:00:01Z,2026-09-26T10:00:01Z,"Mr. Intazam, The electric buses introduced by Daewoo Express in Pakistan are manufactured by China's Skywell Automobiles, with charging infrastructure and technical support provided by Hitachi ABB Power Grids (which has Swedish roots/operations), not a Swedish company named ""Daewoo Motors of Sweden"". [1]",top_level,,UgzMMfHtwm7rUtDIQax4AaABAg,0,2026-09-26T10:20:33Z,2026-09-26T10:20:33Z,1,UCdIFndv3Yf-8LJi7fLktiTQ,,0,0,youtube_20260927_0855,baseline_20260926_134704,2026-09-27T16:01:09.157621+07:00
youtube_c_Ugzm5XZavz7VPTKY1cx4AaABAg,youtube,https://www.youtube.com/watch?v=v9XiSEOxefM,v9XiSEOxefM,"Reaction On Eicher Electric Bus vs Daewoo Electric Bus | Pakistani Reaction | 🇵🇰❤️🇮🇳
Reaction On Eicher Electric Bus vs Daewoo Electric Bus | Pakistani Reaction 🇵🇰❤️🇮🇳

Hey Guys! Welcome back to MadBros Reacts! 🔥 
We are comparing two new electric passenger buses today, Eicher's 56 seater Intercity Coach EV launched at Auto Expo 2025 in India, against the newly launched Daewoo Electric Bus running between Lahore and Sialkot in Pakistan, and this comparison is genuinely exciting.
Both buses mark major steps forward in electric public transport for their respective countries, and we had to break down the specs, charging times, and comfort features of each.

In this reaction, we cover:
✅ Eicher Intercity Coach EV full specs breakdown
✅ Dual port charging and 500 to 600 km daily range
✅ Daewoo Electric Bus fare, comfort, and travel time
✅ 10 lithium batteries and 35 minute charging time
✅ Comfort features and digital displays on both buses
✅ Our honest unfiltered reactions to both EVs
✅ Which electric bus offers better value for passengers

India's public transport sector continues to embrace electric mobility, and Eicher launching a 56 seater Intercity Coach EV with fast dual port charging shows just how serious manufacturers are about scaling electric buses for long distance travel. This kind of innovation in daily range and charging speed really highlights how far electric public transport technology has come.

As Pakistanis, we take pride in the Lahore to Sialkot Daewoo Electric Bus bringing this same eco friendly innovation to our own intercity travel, seeing both buses compared side by side gave us a real sense of how electric public transport is developing on both sides of the border 🇵🇰❤️🇮🇳

💬 Which electric bus would you choose to travel in, comment below!
━━━━━━━━━━━━━━━━━━━━━━━━
📌 Original Video Credits:
Channel Name: @UshaKiKiran 
Video Link: https://youtu.be/GAH0Nut_6AQ
Channel Name: @UrduPointNetwork 
Video Link: https://youtu.be/PQQyUVYisR4
━━━━━━━━━━━━━━━━━━━━━━━━
📩 Copyright/Removal Requests:
ali@digitalranksolutions.com
We respond promptly and respect all creators.
━━━━━━━━━━━━━━━━━━━━━━━━
⚠️ Fair Use Disclaimer:
This video is made for reaction, commentary, review, and educational discussion. No copyright infringement intended. All rights belong to their respective owners.
━━━━━━━━━━━━━━━━━━━━━━━━
❤️ If you enjoy Pakistani reactions to automobile comparisons, don't forget to LIKE, SHARE & SUBSCRIBE to MadBros Reacts!

#PakistaniReaction #MadBrosReacts #EicherElectricBus #DaewooElectricBus #ElectricBus #PakistanVsIndia #EVComparison #PublicTransport #PakistaniReactsToIndia #EVBus",Reaction On Eicher Electric Bus vs Daewoo Electric Bus | Pakistani Reaction | 🇵🇰❤️🇮🇳,2026-09-26T10:00:01Z,2026-09-26T10:00:01Z,Daewoo Owens by TATA 's,top_level,,Ugzm5XZavz7VPTKY1cx4AaABAg,0,2026-09-27T08:35:53Z,2026-09-27T08:35:53Z,0,UC1IHXeeE5SjgknTjmz4fj8A,,0,0,youtube_20260927_0855,baseline_20260926_134704,2026-09-27T16:01:05.247504+07:00
youtube_c_Ugxr38yhx7zId65NGgV4AaABAg,youtube,https://www.youtube.com/watch?v=vMRZNBNuXdE,vMRZNBNuXdE,foton ebus de voy 14,foton ebus de voy 14,2026-09-26T20:44:03Z,2026-09-26T20:44:03Z,._.?,top_level,,Ugxr38yhx7zId65NGgV4AaABAg,0,2026-09-26T22:12:49Z,2026-09-26T22:12:49Z,0,UC7_8ciD9-v2QQ8P5VYOV_mg,,0,0,youtube_20260927_0855,baseline_20260926_134704,2026-09-27T16:05:19.639597+07:00
youtube_c_UgzV86gfe-LbMegMQcd4AaABAg,youtube,https://www.youtube.com/watch?v=vMRZNBNuXdE,vMRZNBNuXdE,foton ebus de voy 14,foton ebus de voy 14,2026-09-26T20:44:03Z,2026-09-26T20:44:03Z,?????,top_level,,UgzV86gfe-LbMegMQcd4AaABAg,0,2026-09-26T23:18:42Z,2026-09-26T23:18:42Z,0,UC8rQsc2QLnIr0GXxww_MEtA,,0,0,youtube_20260927_0855,baseline_20260926_134704,2026-09-27T16:05:19.638675+07:00
youtube_c_UgzNJK72mx26_HGTyKx4AaABAg,youtube,https://www.youtube.com/watch?v=vl_mEW872io,vl_mEW872io,"Electric Yutong TMTEW ebus of Electra Afikim on Route 351 on HaAdmor mePittsburgh blvd. in Ashdod
23.07.2026, 19:59 (גרסת שורטס (Shorts version): https://youtube.com/shorts/HXbhY6ilOXg ).

יוטונג TMTEW חשמלי של אלקטרה אפיקים מבצע קו 351 (מרח' דבורה הנביאה/ראול ולנברג (רמת החייל) תל אביב למסוף ביג/תחנת רכבת עד הלום אשדוד) בשד' האדמו""ר מפיטסבורג/הרמ""א אשדוד.

490-47-104; https://www.instagram.com/p/DUd_C6IjJsm/?hl=he ; https://youtube.com/shorts/8FpYj5HtCSk ; https://youtu.be/c3rPbCeIMXI ; https://youtube.com/shorts/jfoz_0VcpJY ; https://youtu.be/vgIZD3EL3Xs ; https://yt3.googleusercontent.com/tglKLqf0N0DO8ySCr2REPw-2KLom9PvBQ19zv7CNggpq2sD63e0asdiezXgKjVJQ9Pye3SJd=s160-c-k-c0x00ffffff-no-rj ; https://www.instagram.com/p/DYgXHVDiDki/ ; https://www.instagram.com/p/DYryA7KjWE4/",Electric Yutong TMTEW ebus of Electra Afikim on Route 351 on HaAdmor mePittsburgh blvd. in Ashdod,2026-09-23T08:15:04Z,2026-09-23T08:15:04Z,"לצערי היוטונג החשמלי לא עובד כבר שבועיים בערך
מקווה שהוא יחזור לשירות בקרוב",top_level,,UgzNJK72mx26_HGTyKx4AaABAg,0,2026-09-23T08:48:58Z,2026-09-23T08:48:58Z,1,UCDtHSXiEzvUN-k6gxE0D5Zw,,0,0,youtube_20260926_1347,baseline_20260926_134704,2026-09-26T21:01:14.483492+07:00
youtube_c_UgzNJK72mx26_HGTyKx4AaABAg.Ab5QccfrE1PAb5VnkFA7JO,youtube,https://www.youtube.com/watch?v=vl_mEW872io,vl_mEW872io,"Electric Yutong TMTEW ebus of Electra Afikim on Route 351 on HaAdmor mePittsburgh blvd. in Ashdod
23.07.2026, 19:59 (גרסת שורטס (Shorts version): https://youtube.com/shorts/HXbhY6ilOXg ).

יוטונג TMTEW חשמלי של אלקטרה אפיקים מבצע קו 351 (מרח' דבורה הנביאה/ראול ולנברג (רמת החייל) תל אביב למסוף ביג/תחנת רכבת עד הלום אשדוד) בשד' האדמו""ר מפיטסבורג/הרמ""א אשדוד.

490-47-104; https://www.instagram.com/p/DUd_C6IjJsm/?hl=he ; https://youtube.com/shorts/8FpYj5HtCSk ; https://youtu.be/c3rPbCeIMXI ; https://youtube.com/shorts/jfoz_0VcpJY ; https://youtu.be/vgIZD3EL3Xs ; https://yt3.googleusercontent.com/tglKLqf0N0DO8ySCr2REPw-2KLom9PvBQ19zv7CNggpq2sD63e0asdiezXgKjVJQ9Pye3SJd=s160-c-k-c0x00ffffff-no-rj ; https://www.instagram.com/p/DYgXHVDiDki/ ; https://www.instagram.com/p/DYryA7KjWE4/",Electric Yutong TMTEW ebus of Electra Afikim on Route 351 on HaAdmor mePittsburgh blvd. in Ashdod,2026-09-23T08:15:04Z,2026-09-23T08:15:04Z,😢,reply,UgzNJK72mx26_HGTyKx4AaABAg,UgzNJK72mx26_HGTyKx4AaABAg,1,2026-09-23T09:34:10Z,2026-09-23T09:34:10Z,1,UCXL_AYfMk2H4nEs_k1dwF2w,,0,0,youtube_20260926_1347,baseline_20260926_134704,2026-09-26T21:01:17.792674+07:00
youtube_c_Ugx4PPXGxnrbVJyTsD54AaABAg,youtube,https://www.youtube.com/watch?v=xoLxtwdukdU,xoLxtwdukdU,"Pakistan Green Bus 🚍 | Government Bus in Pakistan | Yutong Luxury Electric Bus Full Review
پاکستان میں چلنے والی گرین بس، پاکستان میں چلنے والی سرکاری بس اور پاکستان میں چلنے والی Yutong بس — اس ویڈیو میں ہم اس جدید الیکٹرک بس کا مکمل ریویو کریں گے۔
اس ویڈیو میں دیکھیں:
🚍 بس کا Front & Back Design
⚡ Electric Battery & Charging
🔋 Battery Capacity
🚌 بس کا Interior & Seats
🎛️ Driver Dashboard
🛞 Wheels & Tyres
❄️ Air Conditioning
♿ Accessibility Features
🛡️ Safety Features
🌱 Eco-Friendly Electric Technology
اگر آپ پاکستان میں چلنے والی گرین بس، پاکستان میں چلنے والی سرکاری بس، پاکستان میں چلنے والی Yutong بس یا پاکستان میں چلنے والی Luxury Bus کے بارے میں معلومات چاہتے ہیں تو یہ ویڈیو مکمل دیکھیں۔
📌 Ahmed Car Review کو Subscribe کریں اور ایسی مزید گاڑیوں اور الیکٹرک وہیکلز کی ویڈیوز کے لیے ہمارے ساتھ رہیں۔
#PakistanGreenBus #YutongBus #ElectricBus #GreenBus #GovernmentBus #LuxuryBus #PakistanElectricBus #AhmedCarReview #ElectricBusPakistan",Pakistan Green Bus 🚍 | Government Bus in Pakistan | Yutong Luxury Electric Bus Full Review,2026-09-26T04:56:07Z,2026-09-26T04:56:07Z,89,top_level,,Ugx4PPXGxnrbVJyTsD54AaABAg,0,2026-09-27T05:25:45Z,2026-09-27T05:25:45Z,0,UCRm2Z8tBrMdRAmQtErlQX1w,,0,0,youtube_20260927_0855,baseline_20260926_134704,2026-09-27T15:57:46.290039+07:00
youtube_c_Ugyj_h8AuYArpkyXKn14AaABAg,youtube,https://www.youtube.com/watch?v=xoLxtwdukdU,xoLxtwdukdU,"Pakistan Green Bus 🚍 | Government Bus in Pakistan | Yutong Luxury Electric Bus Full Review
پاکستان میں چلنے والی گرین بس، پاکستان میں چلنے والی سرکاری بس اور پاکستان میں چلنے والی Yutong بس — اس ویڈیو میں ہم اس جدید الیکٹرک بس کا مکمل ریویو کریں گے۔
اس ویڈیو میں دیکھیں:
🚍 بس کا Front & Back Design
⚡ Electric Battery & Charging
🔋 Battery Capacity
🚌 بس کا Interior & Seats
🎛️ Driver Dashboard
🛞 Wheels & Tyres
❄️ Air Conditioning
♿ Accessibility Features
🛡️ Safety Features
🌱 Eco-Friendly Electric Technology
اگر آپ پاکستان میں چلنے والی گرین بس، پاکستان میں چلنے والی سرکاری بس، پاکستان میں چلنے والی Yutong بس یا پاکستان میں چلنے والی Luxury Bus کے بارے میں معلومات چاہتے ہیں تو یہ ویڈیو مکمل دیکھیں۔
📌 Ahmed Car Review کو Subscribe کریں اور ایسی مزید گاڑیوں اور الیکٹرک وہیکلز کی ویڈیوز کے لیے ہمارے ساتھ رہیں۔
#PakistanGreenBus #YutongBus #ElectricBus #GreenBus #GovernmentBus #LuxuryBus #PakistanElectricBus #AhmedCarReview #ElectricBusPakistan",Pakistan Green Bus 🚍 | Government Bus in Pakistan | Yutong Luxury Electric Bus Full Review,2026-09-26T04:56:07Z,2026-09-26T04:56:07Z,Nice video Editing,top_level,,Ugyj_h8AuYArpkyXKn14AaABAg,0,2026-09-27T05:25:34Z,2026-09-27T05:25:34Z,0,UCRm2Z8tBrMdRAmQtErlQX1w,,0,0,youtube_20260927_0855,baseline_20260926_134704,2026-09-27T15:57:46.290039+07:00
youtube_c_UgyiPHM8xATD_zp7kR14AaABAg,youtube,https://www.youtube.com/watch?v=yBHpw1TNUMY,yBHpw1TNUMY,"🎬 SERIES KHÁM PHÁ XE BUÝT ĐIỆN 2 TẦNG ZHONGTONG N11D | TẬP 02 
🎬 SERIES KHÁM PHÁ XE BUÝT ĐIỆN 2 TẦNG ZHONGTONG N11D | TẬP 02

🚍 Tập 02 của series chính thức lên sóng!

Trong tập này, Long Giang sẽ đưa quý vị bước vào bên trong xe buýt điện 2 tầng Zhongtong N11D để khám phá không gian nội thất hiện đại, tiện nghi cùng những trải nghiệm khác biệt mà mẫu xe mang đến cho hành khách.

✨ Nội dung nổi bật:
🔹 Khám phá cabin lái với các trang bị công nghệ hiện đại
🔹 Không gian tầng 1 rộng rãi, tiện nghi và tối ưu cho hành khách
🔹 Trải nghiệm tầng 2 với tầm nhìn panorama ấn tượng
🔹 Những điểm nhấn tạo nên trải nghiệm du lịch độc đáo trên xe buýt 2 tầng

Điều gì khiến hành khách yêu thích Zhongtong N11D? Hãy cùng Long Giang khám phá không gian bên trong mẫu xe buýt điện 2 tầng hiện đại này và cảm nhận một hành trình không chỉ là di chuyển, mà còn là trải nghiệm.

📺 Theo dõi Long Giang trên các nền tảng:
▶️ YouTube: / @longgiangcorp-vn
📘 Facebook: https://www.facebook.com/share/1EDeD1...
🎵 TikTok: https://www.tiktok.com/@longgiang_cor...

📍 Showroom: 3–5 Nguyễn Văn Linh, phường Việt Hưng, Hà Nội
☎ Hotline: 0922 73 1919

#LongGiangCorp #ZhongtongN11D #XeBuytDien #XeBuytDien2Tang #NoiThatXeBuyt #CityTour #GiaoThongXanh #ElectricBus #GreenMobility",🎬 SERIES KHÁM PHÁ XE BUÝT ĐIỆN 2 TẦNG ZHONGTONG N11D | TẬP 02 ,2026-08-14T07:28:56Z,2026-08-14T07:28:56Z,Review quá tuyệt vời,top_level,,UgyiPHM8xATD_zp7kR14AaABAg,0,2026-08-14T09:46:32Z,2026-08-14T09:46:32Z,0,UCbBBIw7GIwhEN-MFssEQEMg,,0,0,youtube_20260926_1347,baseline_20260926_134704,2026-09-26T20:53:13.749287+07:00
youtube_c_UgynZpgJEhh45LmGjKd4AaABAg,youtube,https://www.youtube.com/watch?v=yXIxc2ndtJA,yXIxc2ndtJA,"🔥 NEW MTC BS6 EV BUS MOD RELEASED  ⚡ | CHENNAI ELECTRIC BUS 🚌 | DOWNLOAD NOW | BUSSID 🔥
🔥 NEW MTC BS6 EV BUS MOD RELEASED! 🚌⚡

Chennai MTC-oda brand new Electric Bus experience-ah BUSSID-la enjoy pannunga! 😍🔥

இந்த video-la NEW MTC BS6 EV BUS MOD + LIVERY-யை full-ah test panni, driving experience, interior & exterior look எல்லாமே காட்டியிருக்கேன். 🚌⚡

💥 MOD DETAILS:
🚌 MTC BS6 Electric Bus
⚡ EV Driving Experience
🔥 New MTC Livery
🎮 BUSSID Gameplay

━━━━━━━━━━━━━━━━━━
📥 MOD & LIVERY DOWNLOAD
━━━━━━━━━━━━━━━━━━

🚌 BUS MOD DOWNLOAD 👇
https://youtu.be/4jORr_kSptw?si=0KzY-O8-1mxA6jiY

🎨 LIVERY DOWNLOAD 👇
https://youtu.be/GNhRNX2XtKM?si=yT9sNkDP0SYI5GLl


━━━━━━━━━━━━━━━━━━
❤️ SUPPORT DHINESH KUMAR GAMING
━━━━━━━━━━━━━━━━━━

👍 LIKE
💬 COMMENT
🔔 SUBSCRIBE – DHINESH KUMAR GAMING

❤️ உங்கள் support தான் எங்களுக்கு motivation!

#BUSSID #MTCBus #EVBus #MTCBSEV #BusMod #BusSimulatorIndonesia #BUSSIDMods #ChennaiMTC #ElectricBus #DhineshKumarGaming











     𝐓𝐇𝐀𝐍𝐊𝐒 𝐅𝐎𝐑 𝐖𝐀𝐓𝐂𝐇𝐈𝐍𝐆 ❤️

❇️ 𝐌𝐎𝐑𝐄 𝐋𝐈𝐕𝐄𝐑𝐘 𝐂𝐎𝐌𝐈𝐍𝐆 𝐒𝐎𝐎𝐍 ❤️",🔥 NEW MTC BS6 EV BUS MOD RELEASED  ⚡ | CHENNAI ELECTRIC BUS 🚌 | DOWNLOAD NOW | BUSSID 🔥,2026-09-26T11:06:25Z,2026-09-26T11:06:25Z,Good Job ❤❤❤,top_level,,UgynZpgJEhh45LmGjKd4AaABAg,0,2026-09-26T11:21:33Z,2026-09-26T11:21:33Z,1,UCv1qr9DoAwy8gtXa6bYFJig,,0,0,youtube_20260926_1347,baseline_20260926_134704,2026-09-26T20:55:21.140358+07:00
youtube_c_UgynZpgJEhh45LmGjKd4AaABAg.AbDQTo8BKR3AbDQv9ZTp19,youtube,https://www.youtube.com/watch?v=yXIxc2ndtJA,yXIxc2ndtJA,"🔥 NEW MTC BS6 EV BUS MOD RELEASED  ⚡ | CHENNAI ELECTRIC BUS 🚌 | DOWNLOAD NOW | BUSSID 🔥
🔥 NEW MTC BS6 EV BUS MOD RELEASED! 🚌⚡

Chennai MTC-oda brand new Electric Bus experience-ah BUSSID-la enjoy pannunga! 😍🔥

இந்த video-la NEW MTC BS6 EV BUS MOD + LIVERY-யை full-ah test panni, driving experience, interior & exterior look எல்லாமே காட்டியிருக்கேன். 🚌⚡

💥 MOD DETAILS:
🚌 MTC BS6 Electric Bus
⚡ EV Driving Experience
🔥 New MTC Livery
🎮 BUSSID Gameplay

━━━━━━━━━━━━━━━━━━
📥 MOD & LIVERY DOWNLOAD
━━━━━━━━━━━━━━━━━━

🚌 BUS MOD DOWNLOAD 👇
https://youtu.be/4jORr_kSptw?si=0KzY-O8-1mxA6jiY

🎨 LIVERY DOWNLOAD 👇
https://youtu.be/GNhRNX2XtKM?si=yT9sNkDP0SYI5GLl


━━━━━━━━━━━━━━━━━━
❤️ SUPPORT DHINESH KUMAR GAMING
━━━━━━━━━━━━━━━━━━

👍 LIKE
💬 COMMENT
🔔 SUBSCRIBE – DHINESH KUMAR GAMING

❤️ உங்கள் support தான் எங்களுக்கு motivation!

#BUSSID #MTCBus #EVBus #MTCBSEV #BusMod #BusSimulatorIndonesia #BUSSIDMods #ChennaiMTC #ElectricBus #DhineshKumarGaming











     𝐓𝐇𝐀𝐍𝐊𝐒 𝐅𝐎𝐑 𝐖𝐀𝐓𝐂𝐇𝐈𝐍𝐆 ❤️

❇️ 𝐌𝐎𝐑𝐄 𝐋𝐈𝐕𝐄𝐑𝐘 𝐂𝐎𝐌𝐈𝐍𝐆 𝐒𝐎𝐎𝐍 ❤️",🔥 NEW MTC BS6 EV BUS MOD RELEASED  ⚡ | CHENNAI ELECTRIC BUS 🚌 | DOWNLOAD NOW | BUSSID 🔥,2026-09-26T11:06:25Z,2026-09-26T11:06:25Z,Thank you so much Thangachi ❤️,reply,UgynZpgJEhh45LmGjKd4AaABAg,UgynZpgJEhh45LmGjKd4AaABAg,1,2026-09-26T11:25:25Z,2026-09-26T11:25:25Z,1,UCRbAyrVlhYHIcRuvIR6vINQ,,0,0,youtube_20260926_1347,baseline_20260926_134704,2026-09-26T20:55:24.445002+07:00
youtube_c_UgwLBVnZRewqlwMZQGd4AaABAg,youtube,https://www.youtube.com/watch?v=zq_A9poOuzc,zq_A9poOuzc,"Đi VinBus, tham quan Vinhomes Hải Vân Bay.
Video này từ lúc VinBus mới bắt đầu chạy, xuất phát từ Công viên Biển Đông. Nay chỉ có xuất phát từ Vpbh đi Đảo Ngọc rồi về lại Vpbh.

Xe chạy hằng ngày, từ 9h đến 17h, cứ mỗi 30' là có 1 chuyến.

Quý Khách Hàng đến Đà Nẵng, mua nhà Vinhomes liên hệ Vi nha.

#batdongsannghiduong
#batdongsandanang
#vinhomeshaivanbay
#hoangvivinhomes 
#nguyenhoangvi
#luxuryrealestate","Đi VinBus, tham quan Vinhomes Hải Vân Bay.",2026-09-02T10:01:53Z,2026-09-02T10:01:53Z,EmVi mời mọi người đăng kí kênh để cập nhật những thông tin mới nhất về VinHomes Hải Vân Bay nha.,top_level,,UgwLBVnZRewqlwMZQGd4AaABAg,0,2026-09-11T08:00:47Z,2026-09-11T08:00:47Z,1,UCDTpdjIbBDIXCroFItPRKSQ,,1,0,youtube_20260926_1347,baseline_20260926_134704,2026-09-26T21:03:47.568773+07:00
youtube_c_UgxuYeikDI4SENiAsLZ4AaABAg,youtube,https://www.youtube.com/watch?v=zq_A9poOuzc,zq_A9poOuzc,"Đi VinBus, tham quan Vinhomes Hải Vân Bay.
Video này từ lúc VinBus mới bắt đầu chạy, xuất phát từ Công viên Biển Đông. Nay chỉ có xuất phát từ Vpbh đi Đảo Ngọc rồi về lại Vpbh.

Xe chạy hằng ngày, từ 9h đến 17h, cứ mỗi 30' là có 1 chuyến.

Quý Khách Hàng đến Đà Nẵng, mua nhà Vinhomes liên hệ Vi nha.

#batdongsannghiduong
#batdongsandanang
#vinhomeshaivanbay
#hoangvivinhomes 
#nguyenhoangvi
#luxuryrealestate","Đi VinBus, tham quan Vinhomes Hải Vân Bay.",2026-09-02T10:01:53Z,2026-09-02T10:01:53Z,Call/viber/whatsapp/zalo: 0905688859,top_level,,UgxuYeikDI4SENiAsLZ4AaABAg,0,2026-09-11T06:44:49Z,2026-09-11T06:44:49Z,2,UCDTpdjIbBDIXCroFItPRKSQ,,1,0,youtube_20260926_1347,baseline_20260926_134704,2026-09-26T21:03:47.569772+07:00
youtube_c_UgykO27FtauzuTq_d_54AaABAg,youtube,https://www.youtube.com/watch?v=zq_A9poOuzc,zq_A9poOuzc,"Đi VinBus, tham quan Vinhomes Hải Vân Bay.
Video này từ lúc VinBus mới bắt đầu chạy, xuất phát từ Công viên Biển Đông. Nay chỉ có xuất phát từ Vpbh đi Đảo Ngọc rồi về lại Vpbh.

Xe chạy hằng ngày, từ 9h đến 17h, cứ mỗi 30' là có 1 chuyến.

Quý Khách Hàng đến Đà Nẵng, mua nhà Vinhomes liên hệ Vi nha.

#batdongsannghiduong
#batdongsandanang
#vinhomeshaivanbay
#hoangvivinhomes 
#nguyenhoangvi
#luxuryrealestate","Đi VinBus, tham quan Vinhomes Hải Vân Bay.",2026-09-02T10:01:53Z,2026-09-02T10:01:53Z,Mời quý khách hàng ib emVi để có trải nghiệm tuyến VinBus tham quan dự án nha.,top_level,,UgykO27FtauzuTq_d_54AaABAg,0,2026-09-02T13:17:49Z,2026-09-02T13:17:49Z,2,UCDTpdjIbBDIXCroFItPRKSQ,electric_bus,1,0,youtube_20260926_1347,baseline_20260926_134704,2026-09-26T21:03:47.571833+07:00
