platform,context_id,source_url,post_title,post_context,post_published_at_raw,post_published_at,verdict,reason,metadata_resolved,matched_groups,co_thanh_pho_khac,discovery_source,discovery_query,expected_comment_count,captured_comment_count,missing_comment_count,comment_capture_status,comment_retry_count,crawled_at
youtube,-10XZVhQBlg,https://www.youtube.com/watch?v=-10XZVhQBlg,Thành phố &quot;chiều&quot; học sinh nhất VN?,"Thành phố &quot;chiều&quot; học sinh nhất VN?
TIN VUI: Sáng 03/09, Quảng Ninh chính thức vận hành các tuyến bus điện đưa đón học sinh MIỄN PHÍ tới trường tại địa bàn các phường: Hạ Long, Hồng Gai và Hà Tu. 🥰

Hạ Long xứng danh ""thành phố đáng sống"": Từ miễn phí học phí, sách giáo khoa, sữa học đường... cho đến vé xe bus đến trường! 🥰👏
#halong 
 #fypシ 
 #fyp 
#fypシ゚viral 
 #nguyenthuybds",2026-09-10T14:31:20Z,2026-09-10T14:31:20Z,accept,electric_bus,1,"transport_impact,electric_bus",1,search,tuyến bus điện,,,,,,2026-09-26T21:06:46.358649+07:00
youtube,-I7sCfwJng0,https://www.youtube.com/watch?v=-I7sCfwJng0,Rajwada में city e-bus  से पहला सड़क हादसा #indore #indorenews #roadaccident #cityebus,"Rajwada में city e-bus  से पहला सड़क हादसा #indore #indorenews #roadaccident #cityebus
Patrika is the India's new hindi news digital platform that act as the mirror of the society. It helps in bridging the gap between the users and the current happenings in the society all around the world. If you are interested in watching hindi live news as well as breaking news then our YouTube channel will help you in giving you infotainment.

Subscribe our YouTube Channel and Never miss our Video: https://www.youtube.com/@PATRIKAMADHYAPRADESH

Visit Our Website: https://www.patrika.com/madhya-pradesh-news/

Follow and Like us on Facebook: https://www.facebook.com/Patrikamadhyapradesh/

Follow and Like us on Twitter: https://twitter.com/patrika_mp

Follow and Like us on Instagram: https://bit.ly/3QjNz0F",2026-09-27T10:42:15Z,2026-09-27T10:42:15Z,reject,not_vietnam,1,"transport_impact,electric_bus",0,search,e-bus,,,,,0,2026-09-27T18:01:54.335548+07:00
youtube,-J3GeafRSjQ,https://www.youtube.com/watch?v=-J3GeafRSjQ,Story on the Bus #NguyenLocVuong,"Story on the Bus #NguyenLocVuong
Story on the Bus #NguyenLocVuong",2026-09-10T07:47:18Z,2026-09-10T07:47:18Z,reject,missing_group:electric_bus,1,transport_impact,0,search,bus điện,,,,,,2026-09-26T20:54:15.573445+07:00
youtube,-MMa8t1hdeA,https://www.youtube.com/watch?v=-MMa8t1hdeA,Moeldoko Ungkap Urgensi Insentif Untuk Bus Listrik &amp; Truk Logistik Tambang,"Moeldoko Ungkap Urgensi Insentif Untuk Bus Listrik &amp; Truk Logistik Tambang
Kapasitas produksi industri lokal, pembiayaan hingga infrastruktur pendukung ekosistem electric vehicle (EV) disebut Ketua Umum Perkumpulan Industri Kendaraan Listrik Indonesia (Periklindo) Moeldoko sebagai tantangan Indonesia dalam mengembangkan EV di dalam negeri.

Diperlukan upaya mendorong investasi EV hingga penguatan ekosistem EV terkait charging station dan listrik untuk memenuhi kebutuhan EV termasuk mencapai target Pemprov DKI yang akan memiliki 10.000unit bus listrik untuk TransJakarta di 2030.

Selain itu juga dibutuhkan dukungan pemerintah terkait penguatan ekosistem EV untuk segmen kendaraan komersial termasuk bus hingga truk logistik dan kendaraan tambang hingga pemberian insentif untuk pasar komersil ini.

Seperti apa tantangan dan upaya yang dibutuhkan RI untuk memperluas elektrifikasi kendaraan komersil di Indonesia?

Selengkapnya simak dialog Serliana Salsabila dengan Ketua Umum Perkumpulan Industri Kendaraan Listrik Indonesia (Periklindo) Moeldoko dalam Evening Up, CNBC Indonesia (Selasa, 22/09/2026)

Terus ikuti berita ekonomi bisnis dan analisis mendalam hanya di https://www.cnbcindonesia.com/. 

CNBC Indonesia terafiliasi dengan CNBC Internasional dan beroperasi di bawah grup Transmedia dan tergabung bersama Trans TV, Trans7, Detikcom, Transvision, CNN Indonesia dan CNN Indonesia.com. 

CNBC Indonesia dapat dinikmati melalui tayangan Transvision channel 805 atau streaming melalui aplikasi CNBC Indonesia yang dapat di download di playstore atau iOS.

Follow us on social: Twitter: https://twitter.com/cnbcindonesia

Facebook Page: https://www.facebook.com/CNBCIndonesia/

Instagram: https://www.instagram.com/cnbcindonesia/
https://www.instagram.com/cuap_cuan/

Tiktok: https://bit.ly/38BYtJx

Spotify: https://spoti.fi/2BR7KkT",2026-09-26T10:00:09Z,2026-09-26T10:00:09Z,reject,missing_group:electric_bus,1,transport_impact,0,search,electric bus,,,,,,2026-09-26T20:55:28.170547+07:00
youtube,-TijuvzB3JI,https://www.youtube.com/watch?v=-TijuvzB3JI,CAN BUS LÀ GI   XE MÁY THẾ HỆ CHUẨN TRUYỀN THÔNG CAN BUS AE CẦN LƯU Ý ĐIỀU GÌ ?,"CAN BUS LÀ GI   XE MÁY THẾ HỆ CHUẨN TRUYỀN THÔNG CAN BUS AE CẦN LƯU Ý ĐIỀU GÌ ?
CAN BUS LÀ GI   XE MÁY THẾ HỆ CHUẨN TRUYỀN THÔNG CAN BUS AE CẦN LƯU Ý ĐIỀU GÌ ?",2026-09-05T04:01:37Z,2026-09-05T04:01:37Z,reject,missing_group:electric_bus,1,transport_impact,0,search,bus điện,,,,,,2026-09-27T19:04:28.846066+07:00
youtube,-UG1lQZ7KkU,https://www.youtube.com/watch?v=-UG1lQZ7KkU,MẠNH PHÚC VLOG đi Đức Mẹ Núi Cúi bằng xe bus số 9 Biên Hòa Đồng Nai,"MẠNH PHÚC VLOG đi Đức Mẹ Núi Cúi bằng xe bus số 9 Biên Hòa Đồng Nai
#conggiao #ducmenuicui #dulich",2026-09-15T11:43:16Z,2026-09-15T11:43:16Z,reject,missing_group:electric_bus,1,transport_impact,0,search,xe buýt điện,,,,,,2026-09-26T20:50:24.551007+07:00
youtube,-cGpADB181s,https://www.youtube.com/watch?v=-cGpADB181s,Xe buýt Hà Nội tuyến 146: Hào Nam - Phù Đổng | VIỆT NAM VLOG,"Xe buýt Hà Nội tuyến 146: Hào Nam - Phù Đổng | VIỆT NAM VLOG
Xe buýt Hà Nội tuyến 146: Hào Nam - Phù Đổng | VIỆT NAM VLOG

LỘ TRÌNH
+) Lộ trình chiều đi: Hào Nam (ga Cát Linh) – Hào Nam – Giang Văn Minh – Kim Mã – Nguyễn Thái Học – Cửa Nam – Phan Bội Châu – Hai Bà Trưng – Phan Chu Trinh – Lý Thái Tổ – Ngô Quyền – Hàng Vôi – Hàng Tre – Trần Nhật Duật – điểm trung chuyển xe buýt Long Biên – Yên Phụ – Trần Nhật Duật – cầu Chương Dương – Nguyễn Văn Cừ – Nguyễn Thế Rục – Nguyễn Gia Bồng – Lý Sơn – đường Nam Đuống – Đặng Vũ Hỷ – Ngô Gia Tự – cầu Đuống – Hà Huy Tập – Phù Đổng – Đê Tả Đuống – Phù Đổng (lối vào đền Hạ, cụm di tích đền thờ Thánh Gióng, xã Phù Đổng).

+) Lộ trình chiều về : Phù Đổng (lối vào đền Hạ, cụm di tích đền thờ Thánh Gióng, xã Phù Đổng) – Đê Tả Đuống – Phù Đổng – Hà Huy Tập – cầu Đuống – Ngô Gia Tự – Đặng Vũ Hỷ – đường Nam Đuống – Lý Sơn – Nguyễn Gia Bồng – Nguyễn Thế Rục – Nguyễn Văn Cừ – cầu Chương Dương – Trần Nhật Duật – Yên Phụ – điểm trung chuyển xe buýt Long Biên – Hàng Đậu – Quán Thánh – Hàng Cót – Hàng Lược – Chả Cá – Hàng Cân – Lương Văn Can – Lê Thái Tổ – Tràng Thi – Điện Biên Phủ – Lê Hồng Phong – Ông Ích Khiêm – Sơn Tây – Kim Mã (bên trong tòa nhà PTA số 1 Kim Mã) – Giảng Võ – Hào Nam (ga Cát Linh).

+) Đơn vị vận hành: Công ty CP Xe Khách Hà Nội.
+) Tần suất xe chạy: 10 - 15 phút/chuyến.
+) Thời gian hoạt động: 5h00 - 21h00.
+) Giá vé: 10000đ/lượt.

Đăng ký kênh để xem videos https://youtube.com/@vietnamvlogchannel?si=5kukiCgNNpGWsY4G",2026-08-11T08:53:01Z,2026-08-11T08:53:01Z,reject,missing_group:electric_bus,1,"transport_impact,hanoi_location",0,search,điểm dừng xe buýt điện,,,,,,2026-09-26T21:07:46.903837+07:00
youtube,-eUChit4qLI,https://www.youtube.com/watch?v=-eUChit4qLI,Xe buýt Hà Nội tuyến 12: Công viên Nghĩa Đô - Khánh Hà (Thường Tín) (2) | VIỆT NAM VLOG,"Xe buýt Hà Nội tuyến 12: Công viên Nghĩa Đô - Khánh Hà (Thường Tín) (2) | VIỆT NAM VLOG
Xe buýt Hà Nội tuyến 12: Công viên Nghĩa Đô - Khánh Hà (Thường Tín) (2) | VIỆT NAM VLOG

LỘ TRÌNH
+) Lộ trình chiều đi: Công viên Nghĩa Đô – Nguyễn Văn Huyên – Nguyễn Khánh Toàn – Bưởi – Cầu Giấy – Huỳnh Thúc Kháng – Thái Hà – Chùa Bộc – Tôn Thất Tùng – Lê Trọng Tấn – Trần Điền – Định Công – Giải Phóng – Ngọc Hồi – Quốc lộ 1 – Cầu Ngọc Hồi – Xã Ngọc Hồi – Đường mới xã Đại Áng – Khánh Hà (Thường Tín).

+) Lộ trình chiều về: Khánh Hà (Thường Tín) – Đường mới xã Đại Áng – Quốc lộ 1 (rẽ phải theo tổ chức giao thông) – Quay đầu tại điểm mở (Km3 QL1A, xã Ngọc Hồi, huyện Thanh Trì) – Quốc lộ 1 – Ngọc Hồi – Quốc lộ 1 – Giải Phóng – Quảng trường Bến xe Giáp Bát – Giải Phóng – Quay đầu tại điểm mở đối diện 649 Giải Phóng – Giải Phóng – Định Công – Trần Điền – Lê Trọng Tấn – Tôn Thất Tùng – Chùa Bộc – Thái Hà – Huỳnh Thúc Kháng – Cầu Giấy – Bưởi – Nguyễn Khánh Toàn – Nguyễn Văn Huyên – Quay đầu tại điểm mở Công viên Nghĩa Đô – Công viên Nghĩa Đô.

+) Đơn vị vận hành: Trung tâm Tân Đạt (Transerco).
+) Tần suất xe chạy: 9 - 12 - 15 phút/chuyến.
+) Thời gian hoạt động: 5h00 - 21h00.
+) Giá vé: 10000đ/lượt.

Đăng ký kênh để xem videos https://youtube.com/@vietnamvlogchannel?si=5kukiCgNNpGWsY4G",2026-08-12T09:58:39Z,2026-08-12T09:58:39Z,reject,missing_group:electric_bus,1,"transport_impact,hanoi_location",0,search,điểm dừng xe buýt điện,,,,,,2026-09-26T21:07:43.637625+07:00
youtube,-gzXESBnSTY,https://www.youtube.com/watch?v=-gzXESBnSTY,Đạo diễn Bus Chuyến Xe Một Chiều đã ghé trạm,"Đạo diễn Bus Chuyến Xe Một Chiều đã ghé trạm
Đạo diễn Bus Chuyến Xe Một Chiều đã ghé trạm

----
Út Lan 2 - Phim khởi chiếu 25.09.2026.
Khen Phim Network hân hạnh là đối tác truyền thông của phim.
#UtLan2 #phimUtLan2 #UL2byKhenPhim #KhenPhimNetwork #KhenPhim",2026-09-26T15:33:42Z,2026-09-26T15:33:42Z,reject,missing_group:electric_bus,1,transport_impact,0,search,bus dien,,,,,,2026-09-26T23:02:57.354594+07:00
youtube,-oEha1AOtaQ,https://www.youtube.com/watch?v=-oEha1AOtaQ,Jhelum On Electric Power ⚡🔥,"Jhelum On Electric Power ⚡🔥
Jhelum’s roads, now with an electric touch! 🚌⚡💚
Enjoy a modern, clean and comfortable journey with the Punjab Green Electric Bus Service. 🌱✨

Jhelum Electro Bus  Moving Towards a Greener Future! 💚

#Jhelum #ElectroBus #ElectricBus #GreenTransport #PunjabGreenElectricBus #PublicTransport #ElectricMobility #YouTubeShorts #Shorts",2026-09-27T08:00:15Z,2026-09-27T08:00:15Z,reject,not_vietnam,1,"transport_impact,electric_bus",0,search,electric bus,,,,,,2026-09-27T16:03:56.833401+07:00
youtube,-sY0ZwB6vnw,https://www.youtube.com/watch?v=-sY0ZwB6vnw,"단 두 대만 판매된 희귀 전기버스, 서울에서만 운행 중? / 비야디 NEW eBus-7","단 두 대만 판매된 희귀 전기버스, 서울에서만 운행 중? / 비야디 NEW eBus-7
[촬영] 2025년 7월, 8월

[배경음악]
Title - New Super Mario Bros 2
https://youtu.be/V3vVu32jS-o?si=SHVKu3JHTkiQlrZ6
Good for you - T-SQUARE
https://youtu.be/SjnLwuyEnwM?si=pH58vXQOssKA-Z3n

[타임스탬프]
0:00 인트로
0:10 차종 소개
0:42 차종 둘러보기
1:05 주행 (모터음)
1:25 문 개폐
1:31 주행 (대학병원 구간)
2:39 아웃트로",2026-09-25T10:30:10Z,2026-09-25T10:30:10Z,reject,not_vietnam,1,"transport_impact,electric_bus",0,search,ebus,,,,,0,2026-09-26T20:59:44.424402+07:00
youtube,-zMczttNPlI,https://www.youtube.com/watch?v=-zMczttNPlI,cocomelon 2 bus the bus go round round,"cocomelon 2 bus the bus go round round
cocmelon 2 bus",2026-09-27T07:44:30Z,2026-09-27T07:44:30Z,reject,missing_group:electric_bus,1,transport_impact,0,search,e-bus,,,,,,2026-09-27T16:05:05.712861+07:00
youtube,0JIW9lj5VGk,https://www.youtube.com/watch?v=0JIW9lj5VGk,Free Bus Service for Women in Rawalpindi | Electric Buses | Travel Pakistan | Anjum Jamil vlogs,"Free Bus Service for Women in Rawalpindi | Electric Buses | Travel Pakistan | Anjum Jamil vlogs
Greetings and welcome to Pakistan.
In this video I am sharing a clip of electric bus service in Rawalpindi. The amazing fact is that this service is free for women.

Travel Pakistan 
Travel photography 
Electric buses in Rawalpindi 
Punjab transport company 
Free for women 
Islamabad Expressway 
Raja Bazar to koral chowk


#anjumjamilvlogs #pakistan #rawalpindi #islamabad #electricbuses #freeservice #rajabazar#koralchowk#ytshorts #shortvideo #shorts #trending #viral #viralvideo #transport #localtransport",2026-09-27T08:00:38Z,2026-09-27T08:00:38Z,reject,not_vietnam,1,"transport_impact,electric_bus",0,search,electric bus,,,,,,2026-09-27T16:04:00.197386+07:00
youtube,0PVvMXy8-sM,https://www.youtube.com/watch?v=0PVvMXy8-sM,Mẫu xe Giường Nằm điện đầu tiên của Việt Nam - Kim Long 99 #xekháchgiườngnằm #XeKhach #XeDuLich,Mẫu xe Giường Nằm điện đầu tiên của Việt Nam - Kim Long 99 #xekháchgiườngnằm #XeKhach #XeDuLich,2026-09-09T03:30:45Z,2026-09-09T03:30:45Z,reject,missing_group:electric_bus,1,,0,search,xe bus điện,,,,,,2026-09-26T20:51:47.568887+07:00
youtube,0VPt-Q_klVs,https://www.youtube.com/watch?v=0VPt-Q_klVs,First Woe Yutong Electric Bus in Bristol Temple Meads,First Woe Yutong Electric Bus in Bristol Temple Meads,2026-09-25T19:09:29Z,2026-09-25T19:09:29Z,reject,not_vietnam,1,"transport_impact,electric_bus",0,search,electric bus,,,,,,2026-09-26T20:56:37.416507+07:00
youtube,0YE3uVSIhlE,https://www.youtube.com/watch?v=0YE3uVSIhlE,Xe buýt Hà Nội tuyến E11: Yên Phụ - Hồ Tây - Yên Phụ (2) | VIỆT NAM VLOG,"Xe buýt Hà Nội tuyến E11: Yên Phụ - Hồ Tây - Yên Phụ (2) | VIỆT NAM VLOG
Xe buýt Hà Nội tuyến E11: Yên Phụ - Hồ Tây - Yên Phụ (2) | VIỆT NAM VLOG

LỘ TRÌNH
+) Lộ trình chiều đi: Yên Phụ - Điểm trung chuyển Long Biên - Trần Nhật Duật - Trần Quang Khải - Tràng Tiền - Hàng Khay - Bà Triệu - Hai Bà Trưng - Thợ Nhuộm - Điện Biên Phủ - Lê Hồng Phong - Đội Cấn - Liễu Giai - Nguyễn Chí Thanh - Đê La Thành - Điểm trung chuyển Cầu Giấy - Cầu Giấy - Nguyễn Văn Huyên - Xuân Tảo - Nguyễn Xuân Khoát - Minh Tảo - Xuân La - Võ Chí Công - Nguyễn Hoàng Tôn - Lạc Long Quân - Âu Cơ - Nghi Tàm - Yên Phụ.

+) Lộ trình chiều về: Yên Phụ - Trần Nhật Duật - Điểm trung chuyển Long Biên - Yên Phụ - Nghi Tàm - Âu Cơ - Lạc Long Quân - Nguyễn Hoàng Tôn - Võ Chí Công - Xuân La - Minh Tảo - Nguyễn Xuân Khoát - Xuân Tảo - Nguyễn Văn Huyên - Nguyễn Khánh Toàn - Trần Đăng Ninh - Cầu Giấy - Điểm trung chuyển Cầu Giấy - Đê La Thành - Nguyễn Chí Thanh - Liễu Giai - Hoàng Hoa Thám - Ngọc Hà - Lê Hồng Phong - Điện Biên Phủ - Phan Bội Châu - Hai Bà Trưng - Phan Chu Trinh - Lý Thái Tổ - Ngô Quyền - Hàng Tre - Trần Nhật Duật - Điểm trung chuyển Long Biên - Yên Phụ.

+) Đơn vị vận hành: Công ty TNHH Dịch vụ Vận tải Sinh thái VinBus.
+) Tần suất xe chạy: 12 phút/chuyến.
+) Thời gian hoạt động: 7h00 - 18h00.
+) Giá vé: 12000đ/lượt.

Đăng ký kênh để xem videos https://youtube.com/@vietnamvlogchannel?si=5kukiCgNNpGWsY4G",2026-09-11T05:11:27Z,2026-09-11T05:11:27Z,accept,electric_bus,1,"transport_impact,hanoi_location,electric_bus",0,search,VinBus,,,,,,2026-09-26T21:03:19.107204+07:00
youtube,0hcEUdoNfqM,https://www.youtube.com/watch?v=0hcEUdoNfqM,Học Tiếng Anh A1: 50 từ vựng Xe buýt &amp; Tàu điện,"Học Tiếng Anh A1: 50 từ vựng Xe buýt &amp; Tàu điện
Học từ vựng Tiếng Anh A1 chủ đề xe buýt và tàu điện qua các từ mới kèm câu ví dụ thực tế, dễ hiểu và dễ ghi nhớ. Bài học giúp người nói Tiếng Việt làm quen với từ vựng về bus, train, tram, ticket, station, fare và nhiều từ thường gặp khi đi phương tiện công cộng. Mỗi từ được đặt trong một câu Tiếng Anh cụ thể để bạn học từ vựng theo ngữ cảnh.

Trong video:

Từ vựng Tiếng Anh về xe buýt: bus, bus stop, driver, fare, seat...

Từ vựng về tàu điện và nhà ga: train, tram, subway, platform, station...

Các từ và cụm từ về vé, tuyến, lịch trình và chuyển tàu.

Câu ví dụ Tiếng Anh ngắn, kèm nghĩa Tiếng Việt.

Học từ vựng theo chủ đề xe buýt và tàu điện, phù hợp người mới học.

Đăng ký kênh Bỏ Túi Từ Vựng để học thêm nhiều từ vựng Tiếng Anh theo chủ đề mỗi ngày!

#hoctienganh #tuvungtienganh #tienganhA1 #tuvungtienganhA1 #botuituvung",2026-09-21T08:15:04Z,2026-09-21T08:15:04Z,reject,missing_group:electric_bus,1,transport_impact,0,search,xe buýt điện,,,,,,2026-09-26T20:47:42.369576+07:00
youtube,0iyqV0GooOE,https://www.youtube.com/watch?v=0iyqV0GooOE,tổng hợp xe điện độ trên tiktok TuanDat17xd🐒,tổng hợp xe điện độ trên tiktok TuanDat17xd🐒,2026-09-26T12:37:00Z,2026-09-26T12:37:00Z,reject,missing_group:electric_bus,1,transport_impact,0,search,bus dien,,,,,,2026-09-26T21:09:20.533268+07:00
youtube,0kXYKvVlIBI,https://www.youtube.com/watch?v=0kXYKvVlIBI,63570 number 1 bus in Haxby,63570 number 1 bus in Haxby,2026-09-26T22:34:35Z,2026-09-26T22:34:35Z,reject,missing_group:electric_bus,1,transport_impact,0,search,e-bus,,,,,,2026-09-27T17:04:00.518396+07:00
youtube,0n4yE4_hoS4,https://www.youtube.com/watch?v=0n4yE4_hoS4,Xe buýt 30 TP. Hồ Chí Minh: Khí gas CNG (cũ) và Điện (Mới). Sau hơn 1 năm chuyển đổi.,Xe buýt 30 TP. Hồ Chí Minh: Khí gas CNG (cũ) và Điện (Mới). Sau hơn 1 năm chuyển đổi.,2026-09-04T10:20:19Z,2026-09-04T10:20:19Z,reject,missing_group:electric_bus,1,transport_impact,1,search,điểm dừng xe buýt điện,,,,,,2026-09-26T21:07:33.781525+07:00
youtube,0sYtn3n03sc,https://www.youtube.com/watch?v=0sYtn3n03sc,Xe buýt truyền thống và xe buýt điện khác nhau như thế nào #hoihamhoc,"Xe buýt truyền thống và xe buýt điện khác nhau như thế nào #hoihamhoc
Trải nghiệm xe buýt điện có gì khác biệt so với xe buýt truyền thống? 
Bình luận ngay cảm nhận của bạn sau khi trải nghiệm xe buýt điện nhé!",2026-08-26T04:00:13Z,2026-08-26T04:00:13Z,accept,electric_bus,1,"transport_impact,electric_bus",0,search,trải nghiệm xe buýt điện,,,,,,2026-09-26T21:08:14.598853+07:00
youtube,0yMwdYJr-wg,https://www.youtube.com/watch?v=0yMwdYJr-wg,Roblox: Riding on an electric bus in U-Go Mobility Hurstville this time!,"Roblox: Riding on an electric bus in U-Go Mobility Hurstville this time!
Hello everyone! I finally made a one-part only video on U-Go Mobility Hurstville map in Roblox. The map was created by Alec.

I rode on a Gemilang electric bus that was driven by a staff member, on almost the entire journey of Route 952 facing Hurstville. Also, I am glad to record myself riding an electric bus in this game for once. U-Go Mobility is also the name of a real bus operator in Sydney.

These buses are modelled exactly like how they are in real life. According to the map’s owner, he wants this as a real life role play, and he doesn’t want anyone to drive buses, unless they did it in the applications form in the game’s server. This map is a successor to the now closed Bankstown one. This was recorded on September 26, 2026.

https://youtu.be/1HxPZ9TGfSM?si=OWawRYrZg4N8pNpv",2026-09-27T05:21:17Z,2026-09-27T05:21:17Z,reject,not_vietnam,1,"transport_impact,electric_bus",0,search,electric bus,,,,,,2026-09-27T19:05:03.326681+07:00
youtube,10f8CREnHc4,https://www.youtube.com/watch?v=10f8CREnHc4,Ebus ki all bus 🚌 mai lagne wala ek no ac sidwal #new #bus #ac #shorts #vlog #ytshorts #ebus,Ebus ki all bus 🚌 mai lagne wala ek no ac sidwal #new #bus #ac #shorts #vlog #ytshorts #ebus,2026-09-22T14:07:27Z,2026-09-22T14:07:27Z,reject,not_vietnam,1,"transport_impact,electric_bus",0,search,ebus,,,,,0,2026-09-26T21:01:24.452288+07:00
youtube,15Os7FQAyag,https://www.youtube.com/watch?v=15Os7FQAyag,Xuống Xe Tuyến Số 4 &amp; 50E-619.81,"Xuống Xe Tuyến Số 4 &amp; 50E-619.81
© Bản Quyền Hy Khang 2011-2026 Xe Buýt Xanh Công Cộng TP.HCM ©
_____
Xin Chào Mọi Người, Mình Tên Là Hy Khang, Mình Sẽ Hướng Dẫn Tất Cả Mọi Người Đi Xe Buýt Và Lộ Trình Trạm Với Tuyến, Khám Phá Mới, 1 Trong Những Xe Buýt Xanh Bảo Vệ Môi Trường Ở TP.HCM, Xe Buýt Điện Là 1 Thương Mại Hoàn Toàn Mới Để Bảo Vệ Môi Trường Và Sạch Đẹp TP.HCM, Xin Mọi Người Hãy Coi Những Video Tiếp Theo Để Biết Về Rõ Hơn, Xin Chân Thành Cảm Ơn Chào Đón",2026-09-10T16:00:43Z,2026-09-10T16:00:43Z,accept,electric_bus,1,"transport_impact,electric_bus",1,search,xe buyt điện,,,,,,2026-09-26T20:53:27.498153+07:00
youtube,1N6tlNZ47GA,https://www.youtube.com/watch?v=1N6tlNZ47GA,Xe buýt 103 TP. Hồ Chí Minh: Dầu diesel (cũ) và Điện (Mới). Sau hơn 1 năm chuyển đổi.,Xe buýt 103 TP. Hồ Chí Minh: Dầu diesel (cũ) và Điện (Mới). Sau hơn 1 năm chuyển đổi.,2026-09-05T10:31:47Z,2026-09-05T10:31:47Z,reject,missing_group:electric_bus,1,transport_impact,1,search,xe bus điện,,,,,,2026-09-26T20:52:27.185744+07:00
youtube,1Wh-s2Qq1P0,https://www.youtube.com/watch?v=1Wh-s2Qq1P0,"TP.HCM Không Cấm Xe Xăng: Ưu Tiên Mở Rộng Giao Thông Công Cộng, Thí Điểm Vùng Phát Thải Thấp Từ 2027","TP.HCM Không Cấm Xe Xăng: Ưu Tiên Mở Rộng Giao Thông Công Cộng, Thí Điểm Vùng Phát Thải Thấp Từ 2027
🚦 BÍ THƯ TP.HCM TRẦN LƯU QUANG: ""CHÚNG TÔI SẼ KHÔNG CẤM MỌI NGƯỜI ĐI XE XĂNG!"" Chiều 24/9, tại buổi tiếp xúc cử tri, Bí thư Thành ủy TP.HCM Trần Lưu Quang khẳng định thành phố không cấm người dân đi xe xăng, mà sẽ dùng các công cụ kinh tế, tài chính để khuyến khích chuyển đổi sang xe điện và ưu tiên phát triển giao thông công cộng. ⚡ Các chính sách và định hướng lớn được lãnh đạo TP.HCM nêu rõ:

Không cấm cực đoan: Chi phí chuyển đổi sang xe điện sẽ được chia sẻ hài hòa giữa nhà nước, người dân và doanh nghiệp.
Ứng dụng công nghệ: Lắp camera thông minh nhận diện phương tiện để điều tiết linh hoạt theo khu vực và khung giờ.
Vùng phát thải thấp: Đề xuất thí điểm tại khu vực lõi trung tâm và Thủ Thiêm từ giữa năm 2027, trước khi mở rộng từ năm 2029.
Giao thông công cộng là cốt lõi: Dành hơn 2.000 tỷ đồng miễn phí vé xe buýt trong 1 năm (giúp lượng khách tăng 49%), kết hợp mạng lưới Metro kết nối các trục đường chính, đặt mục tiêu đến năm 2030 đáp ứng 15-20% nhu cầu đi lại. Bà con TP.HCM nghĩ sao về chính sách này? Hãy để lại ý kiến bình luận và bấm THEO DÕI kênh để cập nhật những quyết sách đô thị mới nhất!
#tphcm #xexang #xedien #giaothongcongcong #tranluuquang #ketxe #xebuyt #metro #vnexpress #tinmoi #shorts #reels #tiktok",2026-09-24T14:34:20Z,2026-09-24T14:34:20Z,reject,missing_group:electric_bus,1,transport_impact,1,search,xe điện công cộng,,,,,,2026-09-26T21:05:52.212542+07:00
youtube,1YLUVO85jVM,https://www.youtube.com/watch?v=1YLUVO85jVM,(Tuyến 34) Bến Xe Quận 8 - Bến Xe Sài Gòn #quan8 ,"(Tuyến 34) Bến Xe Quận 8 - Bến Xe Sài Gòn #quan8 
© Bản Quyền Hy Khang 2011-2026 Xe Buýt Xanh Công Cộng TP.HCM
_____
Xin Chào Mọi Người, Mình Tên Là Hy Khang, Mình Sẽ Hướng Dẫn Tất Cả Mọi Người Đi Xe Buýt Và Lộ Trình Trạm Với Tuyến, Khám Phá Mới, 1 Trong Những Xe Buýt Xanh Bảo Vệ Môi Trường Ở TP.HCM, Xe Buýt Điện Là 1 Thương Mại Hoàn Toàn Mới Để Bảo Vệ Môi Trường Và Sạch Đẹp TP.HCM, Xin Mọi Người Hãy Coi Những Video Tiếp Theo Để Biết Về Rõ Hơn, Xin Chân Thành Cảm Ơn Chào Đón",2026-09-09T03:35:35Z,2026-09-09T03:35:35Z,accept,electric_bus,1,"transport_impact,electric_bus",1,search,xe buyt điện,,,,,,2026-09-26T20:53:47.140878+07:00
youtube,1YvvEp1cd3w,https://www.youtube.com/watch?v=1YvvEp1cd3w,Tuyến E07TC trên xe buýt điện Vinfast EB10 29F-019.76,Tuyến E07TC trên xe buýt điện Vinfast EB10 29F-019.76,2026-08-19T14:03:40Z,2026-08-19T14:03:40Z,accept,electric_bus,1,"transport_impact,electric_bus",0,search,điểm dừng xe buýt điện,,,,,,2026-09-26T21:07:40.336430+07:00
youtube,1ZvRG_2EQgc,https://www.youtube.com/watch?v=1ZvRG_2EQgc,Review VinFast VF Wild xe bán tải điện đầu tiên của Việt Nam. Công nghệ Reev là mà đi được 1000,"Review VinFast VF Wild xe bán tải điện đầu tiên của Việt Nam. Công nghệ Reev là mà đi được 1000
Review VinFast VF Wild xe bán tải điện đầu tiên của Việt Nam. Công nghệ Reev là mà đi được 1000
Ra mắt VinFast Wild 
Giá niêm yết 860tr, Cọc tiên phong giảm 61tr

1. Cần số điện tử tích hợp sau vô lăng
2. Công nghệ Reev động cơ điện di chuyển 250km/1 lần sạc,  kết hợp máy phát điện gồm động cơ xăng 1,5lít-sẽ tự động kích hoạt để sạc lại cho pin hoặc cấp trực tiếp cho moto điện để tiếp tục vận hành xe( tối đa 1000km)
3. Nền tảng thân xe liền khối- dấu ấn khác biệt của bán tải điện thế hệ mới- kiến trúc unibody kết hợp hệ thống treo sau đa liên kết giúp giảm những rung xóc và cảm giác thô cứng hay gắn với bán tải truyền thống-mang đến độ ổn định êm ái cho ng dùng
———————————————
VINFAST SMART CITY
ĐC: Tầng 1 TTTM Vincom Mega Mall, Vinhomes Smart City, Tây Mỗ,Hà Nội
Liên hệ: 0979.20.1771 em Toán
#vf6 #vinfastsmartcity #vinfast #vf8 #vf7 #vf9 #vf5 #vinfastvn #vituonglaixanh #vinfastlimogreen #limogreen #MPV7 #VinFastWild",2026-09-24T15:22:35Z,2026-09-24T15:22:35Z,reject,missing_group:electric_bus,1,"transport_impact,hanoi_location",0,search,review bus điện,,,,,,2026-09-26T21:08:04.270915+07:00
youtube,1cf_oplDD9E,https://www.youtube.com/watch?v=1cf_oplDD9E,Tuyến xe buýt điện VinBus miễn phí từ Hà Nội đi Hạ Long Xanh chính thức dừng hoạt động từ 1/9,"Tuyến xe buýt điện VinBus miễn phí từ Hà Nội đi Hạ Long Xanh chính thức dừng hoạt động từ 1/9
VinBus dừng tuyến xe miễn phí Hà Nội - Hạ Long sau 3 tháng #f247",2026-08-30T14:46:26Z,2026-08-30T14:46:26Z,accept,electric_bus,1,"transport_impact,hanoi_location,electric_bus",1,search,xe buyt dien,,,,,,2026-09-26T20:52:50.591555+07:00
youtube,1m9ik87sgas,https://www.youtube.com/watch?v=1m9ik87sgas,"TP.HCM thay đổi quy định đi xe buýt miễn phí: Từ ngày 1.10, bắt buộc làm việc này khi lên xe","TP.HCM thay đổi quy định đi xe buýt miễn phí: Từ ngày 1.10, bắt buộc làm việc này khi lên xe
#thoisuthanhnien #tinnongthanhnien #phongsuthanhnien #baothanhnien
0:00 TP.HCM thay đổi quy định đi xe buýt miễn phí: Từ ngày 1.10, bắt buộc làm việc này khi lên xe
2:19 TP.HCM đổi mới trạm chờ xe buýt, người dân hào hứng

Xem thêm tại: https://thanhnien.vn/tphcm-thay-doi-quy-dinh-di-xe-buyt-mien-phi-tu-ngay-110-bat-buoc-lam-viec-nay-khi-len-xe-185260813210128333.htm

--------
Đăng kí theo dõi kênh để xem những tin tức mới nhất: 

https://metub.net/BaoThanhNien

Tin tức báo Thanh Niên - Đọc tin mới online - tin nhanh - tin 24h - thời sự
Kênh YouTube chính thức của Báo Thanh Niên. Đăng kí theo dõi kênh để xem những tin tức mới nhất: 

https://metub.net/BaoThanhNien

Website: http://thanhnien.vn/
Fanpage: https://www.facebook.com/thanhnien

Youtube Channel: https://metub.net/BaoThanhNien

268 - 270 Nguyễn Đình Chiểu, Phường Xuân Hòa, TP.HCM 
ĐT: (+84.8) 39302302 
Fax: (+84.8) 39309939 
Email: truyenhinh@thanhnien.vn",2026-08-14T02:00:06Z,2026-08-14T02:00:06Z,reject,missing_group:electric_bus,1,transport_impact,1,search,điểm dừng xe buýt điện,,,,,,2026-09-26T21:07:43.633109+07:00
youtube,1rFb_NF7Lt0,https://www.youtube.com/watch?v=1rFb_NF7Lt0,E-BUS FONZO REMIX,E-BUS FONZO REMIX,2026-09-25T13:04:12Z,2026-09-25T13:04:12Z,reject,not_vietnam,1,"transport_impact,electric_bus",0,search,e-bus,,,,,,2026-09-26T20:58:57.689730+07:00
youtube,1wOuy71zKWU,https://www.youtube.com/watch?v=1wOuy71zKWU,"Phần 2: Những nhược điểm, bất tiện của xe điện quantum hãng Datbike.#xeomcongnghe #review #xedien","Phần 2: Những nhược điểm, bất tiện của xe điện quantum hãng Datbike.#xeomcongnghe #review #xedien
Phần 2: Những nhược điểm, bất tiện của xe điện quantum nhà Datbike. Mọi người cân nhắc trước khi mua
#minhvien #review  #xedien #quantum",2026-09-23T07:57:45Z,2026-09-23T07:57:45Z,reject,missing_group:electric_bus,1,transport_impact,0,search,review bus điện,,,,,,2026-09-26T21:08:04.347365+07:00
youtube,22tCje49qDA,https://www.youtube.com/watch?v=22tCje49qDA,"Hy Lạp phương tiện công cộng từ Metro, xe buýt.... uber đều rất dễ đi, và rẻ. #nhaditru #hylap","Hy Lạp phương tiện công cộng từ Metro, xe buýt.... uber đều rất dễ đi, và rẻ. #nhaditru #hylap",2026-08-23T11:44:58Z,2026-08-23T11:44:58Z,reject,missing_group:electric_bus,1,transport_impact,0,search,xe điện công cộng,,,,,,2026-09-26T21:05:52.404114+07:00
youtube,2DtqaD_CI4E,https://www.youtube.com/watch?v=2DtqaD_CI4E,Thu Xăng Đổi Điện- ưu đãi lên đến 9%. Giá xe VinFast mới nhất #báogiáxe #automobile #review,Thu Xăng Đổi Điện- ưu đãi lên đến 9%. Giá xe VinFast mới nhất #báogiáxe #automobile #review,2026-09-26T03:00:25Z,2026-09-26T03:00:25Z,reject,missing_group:electric_bus,1,,0,search,review bus điện,,,,,,2026-09-26T21:08:04.202862+07:00
youtube,2GfY2kfxZvo,https://www.youtube.com/watch?v=2GfY2kfxZvo,Tự Hào Lễ Bàn Giao Lô Xe Bus điện Thương Hiệu Việt sang Thái Lan #xekhachvietnam #KimLong #xekhach,Tự Hào Lễ Bàn Giao Lô Xe Bus điện Thương Hiệu Việt sang Thái Lan #xekhachvietnam #KimLong #xekhach,2026-09-12T01:53:52Z,2026-09-12T01:53:52Z,accept,electric_bus,1,"transport_impact,electric_bus",0,search,xe buýt điện,,,,,,2026-09-26T20:51:00.862254+07:00
youtube,2MXSBqdmLfA,https://www.youtube.com/watch?v=2MXSBqdmLfA,🇻🇳 하노이 일반 빈버스 투어 E09. 투어+감성+비용 모두 잡을수 있다고!? 🇻🇳 Hanoi VinBus Tour. All in 1 for Cost+Tour+Emotion!?,"🇻🇳 하노이 일반 빈버스 투어 E09. 투어+감성+비용 모두 잡을수 있다고!? 🇻🇳 Hanoi VinBus Tour. All in 1 for Cost+Tour+Emotion!?
하노이 일반 빈버스 투어. 투어+감성+비용 모두 잡을수 있다는데... 한번 시도해 보세요!
Hanoi VinBus Tour. Can enjoy all in one for Cost+Tour+Emotion. Try!",2026-09-13T04:44:04Z,2026-09-13T04:44:04Z,accept,electric_bus,1,electric_bus,0,search,VinBus,,,,,,2026-09-26T21:03:12.503198+07:00
youtube,2niAKEY84k0,https://www.youtube.com/watch?v=2niAKEY84k0,Cử lý tài xế xe khách chạy trên cao tốc vừa chạy vừa sử dụng điện thoại #tintuc,Cử lý tài xế xe khách chạy trên cao tốc vừa chạy vừa sử dụng điện thoại #tintuc,2026-09-07T13:58:25Z,2026-09-07T13:58:25Z,reject,missing_group:electric_bus,1,,0,search,bus điện,,,,,,2026-09-26T20:54:18.772635+07:00
youtube,2sFcjBGWICE,https://www.youtube.com/watch?v=2sFcjBGWICE,Electric Bus | சென்னையில் மின்சார பஸ்களுக்கு மாஸ் வசதி!🚌⚡ரூ.500 கோடியில் 🏭பணிமனைகள்! | MTC,"Electric Bus | சென்னையில் மின்சார பஸ்களுக்கு மாஸ் வசதி!🚌⚡ரூ.500 கோடியில் 🏭பணிமனைகள்! | MTC
🚌⚡புகை இல்லா பயணத்திற்கு... புது வசதி முனையம்... சார்ஜிங் மையம் முதல் நவீன பணிமனை வரை... ஆயிரம் ஏசி மின்சாரப் பேருந்துகள்... 🏭சென்னையின் போக்குவரத்தில் புதிய 🧐அத்தியாயத்தை தொடங்க தயாராகி வருகின்றன...

#ZeeTamilNews #Chennai #ElectricBus #EBus #EVBus #ChennaiMTC #MTC #ElectricBuses #EV #EVTamilNadu #TamilNadu #ChennaiNews #TamilNews #ElectricBusChennai #GreenTransport #GreenMobility #CleanTransport #PublicTransport #MTCBuses #ChennaiTransport #EVInfrastructure

இனி WhatsApp செயலியிலும் உங்கள் ZEE Tamil News

👉 : https://whatsapp.com/channel/0029Va5XFvI90x2plF9cKY1r

Zee Media Corporation Limited (formerly Zee News Ltd.), part of multibillion-dollar Essel Group, is India's one of the largest News networks with 14 news channels. 

Zee Tamil News is the latest offering from Zee Media Corporation umbrella. Zee Tamil News brings you comprehensive and unbiased news coverage on social, political issues along with entertainment programs from Tamil Nadu, India and worldwide. 

For all-inclusive news coverage please follow Zee Tamil News content across all platforms.

Android Link: https://bit.ly/3AIMb22
Apple Link: https://apple.co/3yEataJ

#ZeeNewsTamil | #ZeeTamilNews | #TamilNews

Tamil News | World News | National News

Download App - https://bit.ly/3kAPe3Y
☛ Visit our website: https://zeenews.india.com/tamil
Subscribe: https://www.youtube.com/c/ZeeTamilNews

Website: www.zeetamilnews.com

FB : https://www.facebook.com/ZeeTamilNews
Twitter : https://twitter.com/ZeeTamilNews
Sharechat : https://sharechat.com/zeetamilnews
Insta : https://www.instagram.com/zeetamilnews/
Telegram - https://t.me/ZeeTamilNews
What'sapp Channel : https://whatsapp.com/channel/0029Va5XFvI90x2plF9cKY1r",2026-09-27T06:52:17Z,2026-09-27T06:52:17Z,reject,not_vietnam,1,"transport_impact,electric_bus",0,search,electric bus,,,,,0,2026-09-27T16:04:06.798440+07:00
youtube,2xGOnBWNmU8,https://www.youtube.com/watch?v=2xGOnBWNmU8,Trải Nghiệm Xe Buýt Phương Trang Cam Ranh - Nha Trang: Chuyến du lịch &quot;độc lạ&quot; đáng thử - tập 2,"Trải Nghiệm Xe Buýt Phương Trang Cam Ranh - Nha Trang: Chuyến du lịch &quot;độc lạ&quot; đáng thử - tập 2
#xebuyt #vlog #tioi 
Trải Nghiệm Xe Buýt Phương Trang Cam Ranh - Nha Trang
🚀 ĐỪNG QUÊN KẾT NỐI VỚI TI ƠI TẠI ĐÂY:
👉 ĐĂNG KÝ KÊNH (Subscribe): https://www.youtube.com/@tioiyoutube
(Nhấn chuông 🔔 để nhận thông báo sớm nhất mỗi khi Ti ra video mới nha!)

🔵 FACEBOOK CÁ NHÂN: https://www.facebook.com/ti.nguyen.289338
📸 TIKTOK: Ti Parody
📩 LIÊN HỆ CÔNG VIỆC: tinguyen0101@gmail.com

💬 TƯƠNG TÁC CÙNG TI:
Ti rất muốn biết ý kiến của các bạn về video Xe Buýt Phương Trang này!
Bạn thấy Xe Buýt Phương Trang như thế nào?
Bạn muốn Ti thực hiện thử thách hay gọi điện cho ai trong tập tiếp theo?
👉 Hãy để lại COMMENT ngay bên dưới nhé! Ti sẽ đọc và thả tim cho những bình luận thú vị nhất của các bạn đó!",2026-08-14T11:00:06Z,2026-08-14T11:00:06Z,reject,missing_group:electric_bus,1,transport_impact,1,search,trải nghiệm xe buýt điện,,,,,,2026-09-26T21:08:17.959023+07:00
youtube,3-ImygpbjWs,https://www.youtube.com/watch?v=3-ImygpbjWs,TẠI SAO NHIỀU NGƯỜI HỐI HẬN KHI MUA XE MÁY ĐIỆN?? SỰ THẬT RÙNG MÌNH!,"TẠI SAO NHIỀU NGƯỜI HỐI HẬN KHI MUA XE MÁY ĐIỆN?? SỰ THẬT RÙNG MÌNH!
Nếu để lên mạng giải trí, tại sao bạn không vừa giải trí vừa mở rộng thêm hiểu biết!
Xe máy điện đang bùng nổ tại Việt Nam với vẻ ngoài hào nhoáng, công nghệ hiện đại và chi phí sạc điện tưởng chừng như rẻ như cho. Thế nhưng, đằng sau sự êm ái đó lại là một bài toán kinh tế mệt mỏi về khấu hao pin, cơn ác mộng tìm chỗ cắm sạc ở chung cư và những rủi ro cháy nổ không lường trước. Liệu bạn có đang rước một ""cục nợ"" vào nhà chỉ vì lỡ đu trend chuyển đổi xanh?
#xemaydien #suthatxedien #chaychungcu #chamsocxedien #tintucxedien",2026-09-27T02:34:46Z,2026-09-27T02:34:46Z,reject,missing_group:electric_bus,1,transport_impact,0,search,bus dien,,,,,,2026-09-27T18:01:13.539440+07:00
youtube,3-a3rUcam_8,https://www.youtube.com/watch?v=3-a3rUcam_8,#GreenElectricBus #ElectricBus #Pakistan # Green Bus Green Bus #ElectricBusPakistan #Punjab #Greens,"#GreenElectricBus #ElectricBus #Pakistan # Green Bus Green Bus #ElectricBusPakistan #Punjab #Greens
#GreenElectricBus #ElectricBus #Pakistan # Green Bus Green Bus #ElectricBusPakistan #Punjab #Greens
. 
. Pakistan ki khoobsurat Green Electric Bus 🚌💚
Modern design, comfortable seats aur eco-friendly electric technology ke saath Pakistan ki nayi electric bus ka zabardast scene!

Video pasand aaye to Like 👍, Comment 💬 aur Subscribe 🔔 zaroor karein.
. 
. 
. 
. #GreenElectricBus
#ElectricBusPakistan
#PakistanElectricBus
#GreenBus
#ElectricBus
#Pakistan
#BusPakistan
#ModernBus
#ElectricVehicle
#PublicTransport
#PakistanTransport
#ViralVideo
#Trending
#Shorts
#YouTubeShorts",2026-09-26T13:01:33Z,2026-09-26T13:01:33Z,reject,not_vietnam,1,"transport_impact,electric_bus",0,search,electric bus,,,,,,2026-09-26T20:55:04.498956+07:00
youtube,3LFQW9mWfZU,https://www.youtube.com/watch?v=3LFQW9mWfZU,Review Chi tiết BYD Sealion 05 | Mẫu 5 chỗ xăng điện hàng đầu đã ra mắt,"Review Chi tiết BYD Sealion 05 | Mẫu 5 chỗ xăng điện hàng đầu đã ra mắt
✍️ Xin kính chào quý khách. Trọng là Đại Diện kinh doanh tại BYD Võ Văn Kiệt
Đc: 2049E Võ Văn Kiệt, Phường An Lạc, Quận Bình Tân, TP. HCM 
 🤝 Chúng tôi cam kết chất lượng dẫn đầu, cũng như chính sách trước và sau bán hàng tốt nhất cho khách hàng. 
🤝 Kinh doanh tất cả các dòng xe mới
🚘 Các dòng ô tô và bán tải qua sử dụng 
✍️ Liên hệ mua bán ✅ Zalo: 036.504.7021 hoặc Add zalo Trọng nhé
✅ Facebook: Nguyễn Văn Trọng
✅ Fanpage: Trọng Nguyễn Nissan Tân Phú
✅ Email: vtrongbyd@gmail.com 
✅ Tittok/Youtube Xe mới: TrongReviewOto
✅ Youtube/Tittok ưu đãi : BYD Võ Văn Kiệt
✅ Chợ Tốt : BYD Trọng Nguyễn
✍️ Tiêu chí và kim chỉ nam của chúng tôi:
 🎯 Mang lại sự hài lòng cho tất cả khách hàng 
🎯 Uy tín luôn là sự ưu tiên 
🎯 Chất lượng đạt chuẩn 
🎯 Luôn lắng nghe và thấu hiểu
 🎯 Tư vấn chuyên nghiệp tận tâm
 🎯 Giá cả hợp lí và cạnh tranh
 🤝 Xin chân thành cảm ơn các bạn đã luôn đồng hành và ủng hộ Trọng. Đăng ký kênh để xem thêm nhiều video hơn về các chủ đề xe nhé. ✅ __________________________________________
❤️‍🔥BYD Võ Văn Kiệt Đại lí số 🥇 khu vực miền nam❤️‍🔥
✨Chuyên phân phối các dòng xe mới BYD như: Dolphin, Atto 2&3, Seal,Seal5, Sealion 6&8, Han, M6, M9.
👉Cam kết giá cả tốt nhất thị trường
👉 Hậu mãi và chính sách bảo hành lâu dài
👉 Đảm bảo - Uy tín - chất lượng làm nên thương hiệu
📲 𝐇𝐨𝐭𝐥𝐢𝐧𝐞: 036.504.7021 Trọng 
🏬 Địa chỉ: 2094E Võ Văn Kiệt, Phường An Lạc, Bình Tân, TP. HCM .
🛕 𝐓𝐢𝐤𝐓𝐨𝐤/𝐘𝐨𝐮𝐓𝐮𝐛𝐞 xe mới: TrongReviewOto
🛕 Gmail:vtrongbyd@gmail.com
🛕𝐘𝐨𝐮𝐓𝐮𝐛𝐞/𝐓𝐢𝐤𝐓𝐨𝐤 ưu đãi: BYD Võ Văn Kiệt
🛕Fanpage: Trọng Nguyễn Byd Võ Văn Kiệt
🛕 Chợ Tốt: BYD Trọng Nguyễn
 #byd #bydvovankiet #xedien
---------------------------------------- #TrongReviewOto #bydvovankiet #xuhuongtiktok #abcxyz #xedep #hot #byd #🔥   #xedien #sealion5",2026-09-23T14:30:29Z,2026-09-23T14:30:29Z,reject,missing_group:electric_bus,1,transport_impact,1,search,review bus điện,,,,,,2026-09-27T16:02:46.308476+07:00
youtube,3SrcSKUZ6-8,https://www.youtube.com/watch?v=3SrcSKUZ6-8,Lion’s City 12 E,Lion’s City 12 E,2026-09-25T23:00:37Z,2026-09-25T23:00:37Z,reject,missing_group:electric_bus,1,,0,search,electric bus,,,,,,2026-09-26T20:56:20.833998+07:00
youtube,3dNxyPKW3JY,https://www.youtube.com/watch?v=3dNxyPKW3JY,REVIEW XE ĐIỆN VINFAST ƯU ĐÃI LỚN NGƯỜI VIỆT TRỞ THÀNH ĐỐI TÁC,"REVIEW XE ĐIỆN VINFAST ƯU ĐÃI LỚN NGƯỜI VIỆT TRỞ THÀNH ĐỐI TÁC
⬇️ SẢN PHẨM TRONG VIDEO ⬇️
--------------------------------
👉 Xe ô tô điện VinFast
🛒 Link mua: https://s.shopee.vn/9fJExGOJK9

👉 Xe máy điện VinFast
🛒 Link mua: https://s.shopee.vn/6ffdNkzr3W
--------------------------------
Chương trình ""Mãnh liệt tinh thần Việt Nam vì tương lai xanh"" lần 3 của VinFast đang mang đến cơ hội tuyệt vời để người Việt sở hữu xe điện chất lượng tiêu chuẩn thế giới với mức giá cực kỳ ưu đãi. Ô tô điện được hỗ trợ lên đến 4% giá trị xe, trong khi xe máy điện nhận ưu đãi từ 15-20%, chỉ từ 12 triệu đồng bạn đã có thể sở hữu xe máy điện VinFast chính hãng. Đặc biệt, khách hàng mua xe từ 01/01/2015 đến 21/05/2025 sẽ nhận điểm thưởng có thể quy đổi thành voucher giảm giá hoặc mua sắm trong hệ sinh thái Vingroup. Giá xe VinFast tại Việt Nam hiện rẻ hơn nhiều so với thị trường quốc tế, người dùng không chỉ là khách hàng mà còn là đối tác của VinFast.

#VinFast #XeĐiệnVinFast #ÔtôĐiện #XeMáyĐiện #HàngViệtNamChấtLượngCao #TươngLaiXanh",2026-09-26T16:04:31Z,2026-09-26T16:04:31Z,reject,missing_group:electric_bus,1,transport_impact,0,search,review bus điện,,,,,,2026-09-27T16:02:46.279769+07:00
youtube,3geV-OoUP2E,https://www.youtube.com/watch?v=3geV-OoUP2E,Đánh giá nhanh VinFast Wild 860 triệu - tỷ phú nhầm lẫn gì không? | TIPCAR TV,"Đánh giá nhanh VinFast Wild 860 triệu - tỷ phú nhầm lẫn gì không? | TIPCAR TV
Mẫu xe bán tải chạy điện có động cơ xăng mở rộng tầm hoạt động Vinfast VF Wild đã chính thức ra mắt. Nó hội tụ những điểm khác biệt so với hầu hết các mẫu bán tải truyền thống.
#vinfast #vinfastwild #danhgiaxe 
--------------------
Cảm ơn quý vị đã đồng hành cùng TIPCAR TV!
Thông tin liên hệ: TIPCAR TV – Kênh tư vấn thường thức về ô tô xe máy tại Việt Nam. 
Email: tipcartv@gmail.com
Đăng ký kênh để xem thêm nhiều video hấp dẫn tại: https://bit.ly/35CgsO3
Fanpage Tipcar TV: https://www.facebook.com/tipcartv
Tiktok: https://www.tiktok.com/@tipcar.tv
Facebook cá nhân Việt Anh: https://www.facebook.com/viet.anh.7334/
--------------------
Bản quyền thuộc về TIPCAR TV.
Copyright by TIPCAR TV. Do not reup",2026-09-23T12:23:49Z,2026-09-23T12:23:49Z,reject,missing_group:electric_bus,1,transport_impact,0,search,review bus điện,,,,,,2026-09-26T21:08:04.321433+07:00
youtube,3ovwGGgSQc0,https://www.youtube.com/watch?v=3ovwGGgSQc0,PM E BuS Sewa Chalu🎭 PM New Scheme #shorts #pmscheme #pmmodi #modi #sarkar,PM E BuS Sewa Chalu🎭 PM New Scheme #shorts #pmscheme #pmmodi #modi #sarkar,2026-09-25T13:44:41Z,2026-09-25T13:44:41Z,reject,missing_group:electric_bus,1,transport_impact,0,search,e-bus,,,,,,2026-09-26T20:58:54.420317+07:00
youtube,3wnXhk6Q4ic,https://www.youtube.com/watch?v=3wnXhk6Q4ic,Review Combo độ xe 40 triệu cực khủng: Thay đổi toàn diện từ A-Z!,"Review Combo độ xe 40 triệu cực khủng: Thay đổi toàn diện từ A-Z!
Địa chỉ: Auto365 Mỹ Đình, Số 116 Phố Trịnh Văn Bô, Xuân Phương, Hà Nội (Chân cầu vượt Trịnh Văn Bô)
Hotline: 0822863366.
► Mua các sản phẩm của Đăng Phương -  Auto365 Mỹ Đình tại:
https://auto365mydinh.vn/
Đường dấn tới Auto365 Mỹ ĐÌnh bằng video: https://youtu.be/PzVAgwWaL4Q?si=ZJHddsZh6UqBXC3x
► Độ đèn xe ô tô tại:
https://auto365mydinh.vn/den-xe-o-to
► Màn hình android ô tô:
https://auto365mydinh.vn/man-hinh-android
► Dán phim cách nhiệt ô tô:
https://auto365mydinh.vn/phim-cach-nhiet
►  Android box ô tô:
https://auto365mydinh.vn/android-box-o-to
►  Độ âm thanh ô tô: 
https://auto365mydinh.vn/am-thanh-cho-o-to
►  Lắp camera hành trình ô tô:
https://auto365mydinh.vn/camera-hanh-trinh
►  Lắp đặt cảm biến áp suất lốp ô tô:
https://auto365mydinh.vn/cam-bien-ap-suat-lop

► Tiktok: https://tiktok.com/@dangphuong365
► Zalo: Ms. Thảo 0362293888
► Zalo: Mr. Huy  0362467666
► Zalo: Ms. Ngọc 036 2387 666
► Zalo: Ms. Phương 0965348686
► Fanfage chính chủ: https://www.facebook.com/dangphuongauto365mydinh
► Fanfage cá nhân:https://www.facebook.com/diemdangphuong
Cám ơn các bạn đã xem clip của tôi, hãy nhấn đăng ký để ủng hộ mình nhé
dangphuong
 #auto365mydinh, #auto365",2026-09-24T13:00:24Z,2026-09-24T13:00:24Z,reject,missing_group:electric_bus,1,"transport_impact,hanoi_location",0,search,bus dien,,,,,,2026-09-26T20:54:26.459088+07:00
youtube,3xuE9PI51mQ,https://www.youtube.com/watch?v=3xuE9PI51mQ,Giá đỡ điện thoại cho xe VF3 và xe điện,Giá đỡ điện thoại cho xe VF3 và xe điện,2026-09-23T00:42:39Z,2026-09-23T00:42:39Z,reject,missing_group:electric_bus,1,transport_impact,0,search,review bus điện,,,,,,2026-09-26T21:08:04.361041+07:00
youtube,40xQiuPXz6g,https://www.youtube.com/watch?v=40xQiuPXz6g,XE THẬT. DẤU ẤN THẬT. SẴN SÀNG CHO CUỘC BÀN GIAO MỚI #dcarlimousine,"XE THẬT. DẤU ẤN THẬT. SẴN SÀNG CHO CUỘC BÀN GIAO MỚI #dcarlimousine
XE THẬT. DẤU ẤN THẬT. SẴN SÀNG CHO CUỘC BÀN GIAO MỚI.

⚡ Bước vào hành trình xe điện, DCar vẫn luôn là thương hiệu được lựa chọn.

Dàn xe trên nền tảng VinFast EB6, được DCar cá nhân hóa dành riêng cho Vinpearl, đang hoàn thiện những công đoạn cuối cùng — sẵn sàng mang dấu ấn dịch vụ cao cấp lên mỗi hành trình xanh.

Sự tin tưởng được viết tiếp. Bằng những chiếc xe Xanh mang nội thất DCar Limousine sắp lăn bánh.
--------------------------
DCAR - THẾ GIỚI LIMOUSINE
🏫112 Trần Hưng Đạo, Phường Bến Thành, TP. Hồ Chí Minh.
🏫 Lô D3 - D4, KCN Đài Tư, Số 386 Đường Nguyễn Văn Linh, Phường Phúc Lợi, Hà Nội.
☎️ 0909 05 7949
#DCarLimousine #DCar #FordTransit #Transitlimousine #hyundaisolati #xe10cho #xe12cho",2026-09-16T13:15:32Z,2026-09-16T13:15:32Z,reject,missing_group:electric_bus,1,"transport_impact,hanoi_location",1,search,tuyến bus điện,,,,,,2026-09-26T21:06:46.352146+07:00
youtube,41judyjMVoM,https://www.youtube.com/watch?v=41judyjMVoM,"Độ,chế mạch nháy xi nhan xe điện.Cho bạn nào có nhã ý muốn xem!","Độ,chế mạch nháy xi nhan xe điện.Cho bạn nào có nhã ý muốn xem!
Ủng hộ,tri ân kênh:3160205048581.Agribank tên VU TRUNG KIEN
Xin cảm ơn!
Không nhận sửa chữa mọi người ở xa mang tới,không bán linh kiện,không nhận dạy nghề!
KÊNH CHIA SẺ,LƯU GIỮ KIẾN THỨC,PHÂN TÍCH MẠCH ĐIỆN TỬ
#Kehuydiet092",2026-09-26T13:15:05Z,2026-09-26T13:15:05Z,reject,missing_group:electric_bus,1,transport_impact,0,search,bus dien,,,,,,2026-09-26T22:04:11.177444+07:00
youtube,43GC1lUmcys,https://www.youtube.com/watch?v=43GC1lUmcys,#vinbus,#vinbus,2026-09-24T18:06:56Z,2026-09-24T18:06:56Z,accept,electric_bus,1,electric_bus,0,search,VinBus,,,,,,2026-09-26T21:02:15.466178+07:00
youtube,45VlZR4_bBw,https://www.youtube.com/watch?v=45VlZR4_bBw,"Vụ lật xe khách 2 người chết ở Gia Lai: Mẹ ôm chặt con nhỏ, xót xa nghe con gái lớn khóc ngất | SKĐS","Vụ lật xe khách 2 người chết ở Gia Lai: Mẹ ôm chặt con nhỏ, xót xa nghe con gái lớn khóc ngất | SKĐS
#chuyenvequedinhmenh #latxekhach2nguoichet #2nguoituvong #meomchatconnho #mechongtuvong #tainanchetnguoi 
SKĐS | Trên chuyến xe về quê lo đám giỗ, người mẹ ôm chặt con nhỏ khi xe bất ngờ lật ngang, xót xa nghe con gái lớn khóc trong lúc chờ được cứu.
Nguồn video: Tổng hợp Tiền phong, VTC News, Dân Việt...

🔔 Mời quý vị và các bạn xem video dưới đây: Rủ nhau tắm biển giữa trời mưa, 5 học sinh bị cuốn trôi, 1 em tử vong thương tâm | SKĐS 
https://youtu.be/YqDjmEBifyo

🔆Nút SHARE của bạn giờ đây rất hữu ích 
--------------------
👍Báo Sức khỏe và Đời sống – Cơ quan ngôn luận của Bộ Y tế
🖥Website: http://suckhoedoisong.vn/
💻 FanPage: https://www.facebook.com/baosuckhoevadoisong/
💻Youtube: https://bit.ly/Baosuckhoevadoisong
💻Tiktok: https://bit.ly/3hOWND9

#skds #suckhoedoisong",2026-09-23T23:30:09Z,2026-09-23T23:30:09Z,reject,missing_group:electric_bus,1,transport_impact,0,search,tuyến bus điện,,,,,,2026-09-26T21:06:46.314764+07:00
youtube,4946cQeWKdM,https://www.youtube.com/watch?v=4946cQeWKdM,passage de 2 bus Iveco crossway,"passage de 2 bus Iveco crossway
samedi 26 septembre 2026",2026-09-26T09:30:30Z,2026-09-26T09:30:30Z,reject,missing_group:electric_bus,1,transport_impact,0,search,e-bus,,,,,,2026-09-26T23:03:31.871010+07:00
youtube,4MFGCPhKeZ0,https://www.youtube.com/watch?v=4MFGCPhKeZ0,Alwar E-Bus Ride! 🚌⚡ #alwar #ebus #vlog,"Alwar E-Bus Ride! 🚌⚡ #alwar #ebus #vlog
Subscribe for more - @thebeyondbreath",2026-09-26T13:15:09Z,2026-09-26T13:15:09Z,reject,not_vietnam,1,"transport_impact,electric_bus",0,search,e-bus,,,,,,2026-09-26T20:57:31.885514+07:00
youtube,4PxS9bgUyiY,https://www.youtube.com/watch?v=4PxS9bgUyiY,Review nhanh 2 mẫu xe điện đang được các bạn học sinh &quot;nhắc&quot; dạo gần đây!! #jpmotor #xedienjpmotor,Review nhanh 2 mẫu xe điện đang được các bạn học sinh &quot;nhắc&quot; dạo gần đây!! #jpmotor #xedienjpmotor,2026-09-25T10:14:04Z,2026-09-25T10:14:04Z,reject,missing_group:electric_bus,1,transport_impact,0,search,review bus điện,,,,,,2026-09-26T21:08:04.242936+07:00
youtube,4Y7xeLVu9fo,https://www.youtube.com/watch?v=4Y7xeLVu9fo,"Chương trình lái thử đang diễn ra, cơ hội trải nghiệm xe cho các anh chị #shorts #minhlongmotor","Chương trình lái thử đang diễn ra, cơ hội trải nghiệm xe cho các anh chị #shorts #minhlongmotor
___________________
🌎 CÔNG TY TNHH THƯƠNG MẠI DỊCH VỤ XE MÁY MINH LONG
▶ Địa chỉ:        http://bit.ly/dia-chi-minh-long-motor
▶Facebook:    facebook.com/minhlongmoto/
▶Email:            minhlongmoto@gmail.com
☎️ Mua xe: 0786.0000.36
© Bản quyền thuộc về Minh Long Motor",2026-09-26T02:27:16Z,2026-09-26T02:27:16Z,reject,missing_group:electric_bus,1,transport_impact,0,search,bus dien,,,,,,2026-09-26T20:54:26.278486+07:00
youtube,4dOXRhOIgaE,https://www.youtube.com/watch?v=4dOXRhOIgaE,4 bus 1591,4 bus 1591,2026-09-25T14:30:16Z,2026-09-25T14:30:16Z,reject,missing_group:electric_bus,1,transport_impact,0,search,e-bus,,,,,,2026-09-27T16:01:33.121162+07:00
youtube,4fyxV9b9pDQ,https://www.youtube.com/watch?v=4fyxV9b9pDQ,new electric bus form HRTC,new electric bus form HRTC,2026-09-27T11:55:08Z,2026-09-27T11:55:08Z,reject,not_vietnam,1,"transport_impact,electric_bus",0,search,electric bus,,,,,,2026-09-27T19:04:50.228373+07:00
youtube,4jAKtvNd3lQ,https://www.youtube.com/watch?v=4jAKtvNd3lQ,🚨 XE BUÝT 2 TẦNG THUẦN ĐIỆN – LIỆU ĐÂY CÓ PHẢI XU HƯỚNG VẬN TẢI DU LỊCH MỚI?,"🚨 XE BUÝT 2 TẦNG THUẦN ĐIỆN – LIỆU ĐÂY CÓ PHẢI XU HƯỚNG VẬN TẢI DU LỊCH MỚI?
Du lịch ngày càng cần trải nghiệm khác biệt – và đây là một chiếc xe được sinh ra cho điều đó!
Zhongtong N11D – xe buýt thuần điện 2 tầng, hướng đến những mô hình vận tải cần đồng thời sức chứa lớn, trải nghiệm hành khách và hình ảnh hiện đại.

Từ city tour, tham quan đô thị đến các tuyến du lịch, N11D mở ra một hướng tiếp cận mới cho bài toán đầu tư phương tiện vận tải xanh.

⚡ Thuần điện
🚌 2 tầng
👀 Không gian trải nghiệm rộng
🌱 Hướng tới vận tải xanh

N11D – không chỉ chở hành khách, mà còn chở cả trải nghiệm.

#N11D #Zhongtong #BusDien #XeBus2Tang #VanTaiDuLich #CityTour #VanTaiXanh #LongGiangCorp",2026-08-15T08:58:47Z,2026-08-15T08:58:47Z,reject,missing_group:electric_bus,1,transport_impact,0,search,trải nghiệm xe buýt điện,,,,,,2026-09-26T21:08:17.954429+07:00
youtube,4mpe5nNln4g,https://www.youtube.com/watch?v=4mpe5nNln4g,I Love This Bus | 245 S + U Freidrichstr - Heartzale | Ebus 18M | The Bus Berlin,"I Love This Bus | 245 S + U Freidrichstr - Heartzale | Ebus 18M | The Bus Berlin
https://discord.gg/HBF2AJeR4",2026-09-25T11:00:27Z,2026-09-25T11:00:27Z,reject,not_vietnam,1,"transport_impact,electric_bus",0,search,ebus,,,,,,2026-09-26T20:59:41.206631+07:00
youtube,4nLWWXt5QpE,https://www.youtube.com/watch?v=4nLWWXt5QpE,Mua xe điện Trung thì sạc ở đâu #otodien #hungdungroi #geelyex2,Mua xe điện Trung thì sạc ở đâu #otodien #hungdungroi #geelyex2,2026-09-26T14:11:31Z,2026-09-26T14:11:31Z,reject,missing_group:electric_bus,1,transport_impact,0,search,bus dien,,,,,,2026-09-26T23:02:57.357592+07:00
youtube,4qfyEEi9GZU,https://www.youtube.com/watch?v=4qfyEEi9GZU,Trải nghiệm chuyến xe từ SG đi ĐN. Đồ ăn trạm dừng chân thì cũng hơi ngon #dicungteo #hangcungngohem,"Trải nghiệm chuyến xe từ SG đi ĐN. Đồ ăn trạm dừng chân thì cũng hơi ngon #dicungteo #hangcungngohem
Trải nghiệm chuyến xe từ SG đi ĐN. Đồ ăn trạm dừng chân thì cũng hơi ngon, giá 50 cá, xe thì có chỗ sạc điện ok nhưng chỗ nằm hơi chật …
#dicungteo",2026-08-07T17:15:04Z,2026-08-07T17:15:04Z,reject,missing_group:electric_bus,1,transport_impact,0,search,trải nghiệm xe buýt điện,,,,,,2026-09-26T21:08:21.198872+07:00
youtube,4rEelLNntaA,https://www.youtube.com/watch?v=4rEelLNntaA,how to make bus manufacturing factory #shorts,"how to make bus manufacturing factory #shorts
#shorts #shortvideo #bus #factory #trending #like",2026-09-27T06:34:43Z,2026-09-27T06:34:43Z,reject,missing_group:electric_bus,1,transport_impact,0,search,electric bus,,,,,,2026-09-27T19:05:03.318904+07:00
youtube,4zgDqFdIXyw,https://www.youtube.com/watch?v=4zgDqFdIXyw,"Xe Điện Vespa Vegas Pro – Sang Trọng, Êm Ái, Chuẩn Phong Cách!","Xe Điện Vespa Vegas Pro – Sang Trọng, Êm Ái, Chuẩn Phong Cách!
-----
Mua xe chính hãng tại Xe Lan Anh – đại lý xe ga 50cc & xe điện uy tín tại Việt Nam.
🌐 Xem chi tiết tại: https://xelananh.com
🔑 Xe điện- Xe máy 50cc Lan Anh
🏡 Cơ sở : 145 Bạch Mai, Hai Bà Trưng, Hà Nội
📞 Tư vấn bán hàng: 0972664568/ 0985571111
📞 Tư vấn trả góp: 0988823220/ 0901361111
#xeLanAnh #xemay50ccLanAnh #LanAnhMotor
#145BachMai #xedienLanAnh #nispaverap50cc #xemay50cc #xega50cc #xetayga50cc #xedep #xetietkiem #xelananh",2026-09-25T12:00:12Z,2026-09-25T12:00:12Z,reject,missing_group:electric_bus,1,"transport_impact,hanoi_location",0,search,bus dien,,,,,,2026-09-26T20:54:26.348031+07:00
youtube,55RUbykL76Y,https://www.youtube.com/watch?v=55RUbykL76Y,Kimlong Motor Bus chạy thuần điện xuất sang thị trường Thái Lan 🇹🇭,Kimlong Motor Bus chạy thuần điện xuất sang thị trường Thái Lan 🇹🇭,2026-09-12T04:23:41Z,2026-09-12T04:23:41Z,reject,missing_group:electric_bus,1,transport_impact,0,search,xe bus điện,,,,,,2026-09-26T20:51:34.433043+07:00
youtube,58WulVWGuwY,https://www.youtube.com/watch?v=58WulVWGuwY,"Canbus Vinfast Minio Green Và VF2 ,Hiển Thị Thông Tin Xe , Phím Vô Lăng , Đánh Lái","Canbus Vinfast Minio Green Và VF2 ,Hiển Thị Thông Tin Xe , Phím Vô Lăng , Đánh Lái",2026-08-19T15:58:12Z,2026-08-19T15:58:12Z,reject,missing_group:electric_bus,1,,0,search,ô tô bus điện,,,,,,2026-09-26T21:05:34.284453+07:00
youtube,5EkN59BqyCE,https://www.youtube.com/watch?v=5EkN59BqyCE,Sindh Government’s Electric Bus Service Has Five Active Routes in Karachi | City 41,"Sindh Government’s Electric Bus Service Has Five Active Routes in Karachi | City 41
Sindh Government’s Electric Bus Service Has Five Active Routes in Karachi | City 41
#pakistan #faisalabad #electricbus 
City 21 is a Karachi based news channel which broadcasts news and information about the latest happenings and events in the city of Karachi, Pakistan.

Follow us on:-
►https://www.youtube.com/c/City21
►https://www.facebook.com/C21.Karachi/
►https://www.twitter.com/City21KHI
►Website: https://www.24newshd.tv/
►Whatsapp Channel: https://whatsapp.com/channel/0029VaCiL516xCSS7wJzmw3i

►Watch News Headlines
https://www.youtube.com/playlist?list=PLTqPtFQtg0lJu-FmEx58nlytj7QOjQxb4

►Watch Latest News
https://www.youtube.com/playlist?list=PLTqPtFQtg0lJBYpHOe8Pyi00gMVR7IWt2

►Watch News Night Program
https://www.youtube.com/playlist?list=PLTqPtFQtg0lI9zJFxIzgQg_gbQb0nbijX

►Watch Program Mujrim Kon
https://www.youtube.com/playlist?list=PLTqPtFQtg0lLLAfKnWd5-7Jf_eS4nlKAm
https://www.youtube.com/playlist?list=PLTqPtFQtg0lJ1L_yFgesDkSInEXQTgyYo

#City21 #Karachi #Pakistan #News #BreakingNews #shehbazsharif #umarayub #nawazsharif #nasession #pakistan #armychief #asimmunir #nationalassembly #pmln #pti #imrankhan #ppp #shehbazsharif #nawazsharif #asifzardari",2026-09-25T17:24:51Z,2026-09-25T17:24:51Z,reject,not_vietnam,1,"transport_impact,electric_bus",0,search,electric bus,,,,,0,2026-09-26T20:56:47.315721+07:00
youtube,5SxvWnRTvmg,https://www.youtube.com/watch?v=5SxvWnRTvmg,Review Chi Tiết Vinfast VF Wild bán tải điện đầu tiên tại Việt Nam ,Review Chi Tiết Vinfast VF Wild bán tải điện đầu tiên tại Việt Nam,2026-09-27T09:57:50Z,2026-09-27T09:57:50Z,reject,missing_group:electric_bus,1,,0,search,review bus điện,,,,,,2026-09-27T17:04:46.165422+07:00
youtube,5crcfUbCGP8,https://www.youtube.com/watch?v=5crcfUbCGP8,Đếm ngược đến Ý Chí Côn Đảo 2026 - Trải nghiệm xe buýt điện - Tìm hiểu về những di tích lịch sử,"Đếm ngược đến Ý Chí Côn Đảo 2026 - Trải nghiệm xe buýt điện - Tìm hiểu về những di tích lịch sử
👉 Thưởng thức trọn vẹn kênh HTV Thể thao trên các hạ tầng:
📺 Hệ thống truyền hình cáp và truyền hình OTT: HTVC, VTV Cab, SCTV, MyTV, FPT Play, TV360, VieON;
📱 Ứng dụng di động: HTVm và HTVC.
———————————————
👉 Theo dõi và cập nhật những thông tin mới nhất trên các nền tảng mạng xã hội của HTV Thể thao: 
🔵 Facebook HTV Thể thao: https://www.facebook.com/htvthethaoofficial;
🔴 YouTube HTV Sports: https://www.youtube.com/@htvsportsofficial;
⚫️ TikTok @htvthethaoofficial: https://www.tiktok.com/@htvthethaoofficial;
🟡 Zalo Video HTV Thể thao: https://qr.bitly.ac/s/6CX4yG-8;
🌐 Website: https://htv.com.vn/the-thao.htm.

️🏅 HTV THỂ THAO - KÊNH THỂ THAO ĐA NỀN TẢNG CỦA BẠN! 
🏅 THỂ THAO HTV - XEM LÀ MÊ!
#htv #htvthethao #htvsports #htvm #htvc",2026-08-08T12:00:06Z,2026-08-08T12:00:06Z,accept,electric_bus,1,"transport_impact,electric_bus",0,search,trải nghiệm xe buýt điện,,,,,,2026-09-26T21:08:17.974261+07:00
youtube,5fTrD-ZqfXc,https://www.youtube.com/watch?v=5fTrD-ZqfXc,"VinPearl, Vinbus, VinWonder, Nha Trang #вьетнам #нячанг #отдых","VinPearl, Vinbus, VinWonder, Nha Trang #вьетнам #нячанг #отдых",2026-09-10T16:28:58Z,2026-09-10T16:28:58Z,accept,electric_bus,1,electric_bus,1,search,VinBus,,,,,,2026-09-26T21:03:22.323963+07:00
youtube,5g6m3DCQDWg,https://www.youtube.com/watch?v=5g6m3DCQDWg,ĐỪNG LÊN CHUYẾN XE BUÝT CUỐI  #chuyenma #phimhay #kinhdi,ĐỪNG LÊN CHUYẾN XE BUÝT CUỐI  #chuyenma #phimhay #kinhdi,2026-09-15T05:11:14Z,2026-09-15T05:11:14Z,reject,missing_group:electric_bus,1,transport_impact,0,search,xe buýt điện,,,,,,2026-09-26T20:50:24.551007+07:00
youtube,5jAMxXpdntk,https://www.youtube.com/watch?v=5jAMxXpdntk,Thu Xăng Đổi Điện- ưu đãi lên đến 9%. Giá xe VinFast mới nhất #báogiáxe #automobile #review,Thu Xăng Đổi Điện- ưu đãi lên đến 9%. Giá xe VinFast mới nhất #báogiáxe #automobile #review,2026-09-26T02:59:09Z,2026-09-26T02:59:09Z,reject,missing_group:electric_bus,1,,0,search,review bus điện,,,,,,2026-09-26T21:08:04.209503+07:00
youtube,5vtwjTmttqI,https://www.youtube.com/watch?v=5vtwjTmttqI,⚡ Tủ phân phối thanh đồng cái Bus Bar LS 2 lớp cánh  | DITICO,"⚡ Tủ phân phối thanh đồng cái Bus Bar LS 2 lớp cánh  | DITICO
⚡ Tủ phân phối thanh đồng cái Bus Bar LS 2 lớp cánh – Gia công chuẩn công nghiệp, an toàn tuyệt đối | DITICO

Trong các hệ thống điện cho tòa nhà văn phòng, nhà xưởng sản xuất hay trung tâm thương mại, tủ điện phân phối nhánh (DB) đóng vai trò trung chuyển nguồn điện từ tủ tổng MSB đến từng thiết bị tiêu thụ. Việc lựa chọn một giải pháp tủ phân phối sử dụng thanh đồng cái Busbar định hình đồng bộ kết hợp thiết kế vỏ 2 lớp cánh không chỉ đảm bảo độ bền bỉ, khả năng chịu tải cao mà còn nâng độ an toàn lên mức tối đa cho người vận hành.

Video này Tủ Điện DITICO sẽ giới thiệu chi tiết đến các bác cấu hình hoàn thiện sắc nét của dòng Tủ phân phối thanh đồng cái Bus Bar LS 2 lớp cánh cao cấp vừa được gia công hoàn thiện tại xưởng.

---

⚙️ CẤU HÌNH THỰC TẾ VÀ ĐẶC ĐIỂM KỸ THUẬT VƯỢT TRỘI TRÊN IMAGE_F9E673.JPG

Mẫu tủ điện phân phối được đội ngũ kỹ sư DITICO gia công cơ khí chính xác CNC và lắp ráp tỉ mỉ theo tiêu chuẩn công nghiệp như ghi nhận trong ảnh image_f9e673.jpg:

- Vỏ tủ điện 2 lớp cánh an toàn: Thiết kế vỏ tủ sơn tĩnh điện dày dặn. Cánh ngoài có khóa tay quay bảo vệ chống bụi bẩn và tác động môi trường; cánh trong khoét lỗ chính xác lộ mặt thao tác của các Aptomat, cách ly hoàn toàn người vận hành khỏi phần thanh cái đồng mang điện bên trong, triệt tiêu rủi ro phóng điện hay chạm chắp do vô ý.

- Hệ thống thanh đồng cái Busbar LS định hình: Toàn bộ thanh busbar phân phối chính giữa tủ trong ảnh image_f9e673.jpg sử dụng đồng nguyên chất mạ canxi/thiếc chịu dòng lớn. Thanh busbar thiết kế dạng lược xếp tầng khoa học, bọc ống co nhiệt phân màu chuẩn pha (Đỏ - Vàng - Xanh) giúp tối ưu không gian, tản nhiệt tốt và chịu lực điện động cực cao khi xảy ra sự cố ngắn mạch.

- Đồng bộ thiết bị LS chính hãng: Tủ sử dụng Aptomat khối MCCB LS làm aptomat tổng đầu nguồn (phía trên) và giàn Aptomat tép MCB LS dạng mô-đun xếp đối xứng 2 bên rất cân đối, giúp phân chia đường tải đi từng tầng, từng phòng hoặc từng cụm máy móc mượt mà.

- Thanh tiếp địa PE và trung tính N độc lập: Phía dưới đáy tủ trên ảnh image_f9e673.jpg bố trí thanh trung tính N và thanh tiếp địa PE bằng đồng tấm dày dặn, đột lỗ sẵn sàng cho việc đấu nối cáp nguồn ra phụ tải nhanh chóng và an toàn.

- Máng nhựa kỹ thuật & Đèn LED chiếu sáng: Máng dây đi chìm gọn gàng hai bên hông tủ, phía trên tích hợp thêm đèn LED tự động chiếu sáng khoang tủ khi mở cánh, cực kỳ tiện lợi cho kỹ sư kiểm tra, bảo trì vào ban đêm hoặc trong không gian thiếu sáng.

---
D6T7.28
26.7.31

🏢 CÔNG TY TNHH THƯƠNG MẠI VÀ SẢN XUẤT DITICO
- Mã số thuế: 0110093751
- Văn phòng: A10 Nam Trung Yên, Cầu Giấy, Hà Nội
- Xưởng sản xuất: Thôn Đồng Bụt, Xã Kiều Phú, Quốc Oai, Hà Nội
- Hotline / Zalo: 0988.9969.14

---

🏷️ TAGS SEO:
#DITICO #TủPhânPhối #ThanhĐồngCái #BusbarLS #Tủ2LớpCánh #TủĐiệnDB #MCCBLS #MCBLS #ThiếtKếTủĐiện #GiaCôngTủĐiện #TủĐiệnDITICO

---
💡 Tủ Điện DITICO chuyên khảo sát, tính toán thông số phụ tải và gia công sản xuất trọn gói các dòng tủ điện phân phối tổng MSB, tủ phân phối nhánh DB, tủ ATS, tủ tụ bù tự động sử dụng thiết bị chính hãng LS, Schneider, ABB, Chint... theo yêu cầu riêng của từng công trình trên toàn quốc. Các bác chủ đầu tư, anh em thầu thợ cơ điện cần phương án kỹ thuật an toàn và báo giá xưởng tối ưu nhất, hãy liên hệ ngay Hotline hoặc Zalo của DITICO để được hỗ trợ nhanh nhất!

Hãy nhấn LIKE, CHIA SẺ và ĐĂNG KÝ KÊNH để cập nhật thêm nhiều video chia sẻ giải pháp thi công tủ điện thực tế tiếp theo từ Tủ Điện DITICO!",2026-09-25T03:00:33Z,2026-09-25T03:00:33Z,reject,missing_group:electric_bus,1,"transport_impact,hanoi_location",1,search,bus điện,,,,,,2026-09-26T20:54:12.077125+07:00
youtube,5w5JtZuhuv0,https://www.youtube.com/watch?v=5w5JtZuhuv0,(Tuyến 62-5) Bến Xe An Sương - Bến Xe Hậu Nghĩa Tỉnh Long An Cũ,"(Tuyến 62-5) Bến Xe An Sương - Bến Xe Hậu Nghĩa Tỉnh Long An Cũ
© Bản Quyền Hy Khang 2011-2026 Xe Buýt Xanh Công Cộng TP.HCM ©
_____
Xin Chào Mọi Người, Mình Tên Là Hy Khang, Mình Sẽ Hướng Dẫn Tất Cả Mọi Người Đi Xe Buýt Và Lộ Trình Trạm Với Tuyến, Khám Phá Mới, 1 Trong Những Xe Buýt Xanh Bảo Vệ Môi Trường Ở TP.HCM, Xe Buýt Điện Là 1 Thương Mại Hoàn Toàn Mới Để Bảo Vệ Môi Trường Và Sạch Đẹp TP.HCM, Xin Mọi Người Hãy Coi Những Video Tiếp Theo Để Biết Về Rõ Hơn, Xin Chân Thành Cảm Ơn Chào Đón",2026-09-10T16:13:59Z,2026-09-10T16:13:59Z,accept,electric_bus,1,"transport_impact,electric_bus",1,search,xe buýt điện,,,,,,2026-09-26T20:51:07.393358+07:00
youtube,5xreIwca-6I,https://www.youtube.com/watch?v=5xreIwca-6I,2 Tuyến Số 8 Về Bến Xe Quận 8 ,"2 Tuyến Số 8 Về Bến Xe Quận 8 
© Bản Quyền Hy Khang 2011-2026 Xe Buýt Xanh Công Cộng TP.HCM ©
_____
Xin Chào Mọi Người, Mình Tên Là Hy Khang, Mình Sẽ Hướng Dẫn Tất Cả Mọi Người Đi Xe Buýt Và Lộ Trình Trạm Với Tuyến, Khám Phá Mới, 1 Trong Những Xe Buýt Xanh Bảo Vệ Môi Trường Ở TP.HCM, Xe Buýt Điện Là 1 Thương Mại Hoàn Toàn Mới Để Bảo Vệ Môi Trường Và Sạch Đẹp TP.HCM, Xin Mọi Người Hãy Coi Những Video Tiếp Theo Để Biết Về Rõ Hơn, Xin Chân Thành Cảm Ơn Chào Đón",2026-09-19T03:11:24Z,2026-09-19T03:11:24Z,accept,electric_bus,1,"transport_impact,electric_bus",1,search,tuyến xe buýt điện,,,,,,2026-09-26T21:06:03.122075+07:00
youtube,68B0z8_GS6o,https://www.youtube.com/watch?v=68B0z8_GS6o,Zhongtong LCK6122EVG y Foton eBus U12 pasando por el Metro Fernando Castillo Velasco,"Zhongtong LCK6122EVG y Foton eBus U12 pasando por el Metro Fernando Castillo Velasco
Grabado el 24 de Septiembre del 2026.",2026-09-24T20:23:24Z,2026-09-24T20:23:24Z,reject,not_vietnam,1,electric_bus,0,search,ebus,,,,,,2026-09-26T21:00:25.244696+07:00
youtube,6KiieIkWlBk,https://www.youtube.com/watch?v=6KiieIkWlBk,XE THẬT. DẤU ẤN THẬT. SẴN SÀNG CHO CUỘC BÀN GIAO MỚI.,"XE THẬT. DẤU ẤN THẬT. SẴN SÀNG CHO CUỘC BÀN GIAO MỚI.
⚡ Bước vào hành trình xe điện, DCar vẫn luôn là thương hiệu được lựa chọn.

Dàn xe trên nền tảng VinFast EB6, được DCar cá nhân hóa dành riêng cho Vinpearl, đang hoàn thiện những công đoạn cuối cùng — sẵn sàng mang dấu ấn dịch vụ cao cấp lên mỗi hành trình xanh.

Sự tin tưởng được viết tiếp. Bằng những chiếc xe Xanh mang nội thất DCar Limousine sắp lăn bánh.
--------------------------
DCAR - THẾ GIỚI LIMOUSINE
🏫112 Trần Hưng Đạo, Phường Bến Thành, TP. Hồ Chí Minh.
🏫 Lô D3 - D4, KCN Đài Tư, Số 386 Đường Nguyễn Văn Linh, Phường Phúc Lợi, Hà Nội.
☎️ 0909 544 996",2026-09-17T01:43:28Z,2026-09-17T01:43:28Z,reject,missing_group:electric_bus,1,"transport_impact,hanoi_location",1,search,tuyến bus điện,,,,,,2026-09-26T21:06:46.348140+07:00
youtube,6NpatVANoxw,https://www.youtube.com/watch?v=6NpatVANoxw,Thu Xăng Đổi Điện- ưu đãi lên đến 9%. Giá xe VinFast mới nhất #báogiáxe #automobile #review,Thu Xăng Đổi Điện- ưu đãi lên đến 9%. Giá xe VinFast mới nhất #báogiáxe #automobile #review,2026-09-26T02:59:31Z,2026-09-26T02:59:31Z,reject,missing_group:electric_bus,1,,0,search,review bus điện,,,,,,2026-09-26T21:08:04.210427+07:00
youtube,6Q_YYzCPHCo,https://www.youtube.com/watch?v=6Q_YYzCPHCo,Tuyến 43 trên xe buýt điện Vinfast EB10 29H-903.68,Tuyến 43 trên xe buýt điện Vinfast EB10 29H-903.68,2026-09-23T12:43:43Z,2026-09-23T12:43:43Z,accept,electric_bus,1,"transport_impact,electric_bus",0,search,xe buýt điện,,,,,,2026-09-26T20:47:22.176910+07:00
youtube,6ddsPm3A3wU,https://www.youtube.com/watch?v=6ddsPm3A3wU,Xe buýt Hà Nội tuyến 32: Bến xe Giáp Bát - Nhổn,"Xe buýt Hà Nội tuyến 32: Bến xe Giáp Bát - Nhổn
LỘ TRÌNH
+) Lộ trình chiều đi: Bến xe Giáp Bát - Giải Phóng - Lê Duẩn - Trần Nhân Tông - Trần Bình Trọng - Trần Hưng Đạo - Quán Sứ - Hai Bà Trưng - Thợ Nhuộm - Điện Biên Phủ - Trần Phú - Kim Mã - Đào Tấn - Đường Bưởi-Điểm trung chuyển Cầu Giấy - Cầu Giấy - Xuân Thuỷ - Hồ Tùng Mậu - đường Cầu Diễn - Nhổn (điểm trung chuyển xe buýt Nhổn).

+) Lộ trình chiều về : Nhổn (điểm trung chuyển xe buýt Nhổn) - đường Cầu Diễn - Hồ Tùng Mậu - Xuân Thuỷ - Cầu Giấy - Điểm trung chuyển Cầu Giấy - Kim Mã - Nguyễn Thái Học - Lê Duẩn - Giải Phóng - Bến xe Giáp Bát.

+) Đơn vị vận hành: XN xe buýt Cầu Bươu (Transerco).
+) Tần suất xe chạy: 7 - 15 - 20 phút/chuyến.
+) Thời gian hoạt động: 5h00 - 22h30.
+) Giá vé: 10000đ/lượt.",2026-09-15T12:48:13Z,2026-09-15T12:48:13Z,reject,missing_group:electric_bus,1,"transport_impact,hanoi_location",0,search,xe buýt dien,,,,,,2026-09-26T20:54:04.955262+07:00
youtube,6lbnjsdRCxw,https://www.youtube.com/watch?v=6lbnjsdRCxw,Quảng Ninh cho học sinh đi xe buýt điện miễn phí,"Quảng Ninh cho học sinh đi xe buýt điện miễn phí
Từ năm học 2026-2027, Quảng Ninh triển khai 50 xe buýt điện trên 7 tuyến, đưa đón miễn phí gần 1.750 học sinh tại Hạ Long, Hồng Gai và Hà Tu.

#QuangNinh, #XeBuytDien, #HocSinh, #GiaoDuc, #GiaoThongXanh, #KhaiGiang, #TinTuc",2026-09-06T01:26:29Z,2026-09-06T01:26:29Z,accept,electric_bus,1,"transport_impact,electric_bus",1,search,xe buyt dien,,,,,,2026-09-26T20:52:40.699597+07:00
youtube,6ypHVbD2OtA,https://www.youtube.com/watch?v=6ypHVbD2OtA,NEW EBUS DLC | 147 S Ostbahnhof - U Leopoldplatz | The Bus Berlin ,"NEW EBUS DLC | 147 S Ostbahnhof - U Leopoldplatz | The Bus Berlin 
https://discord.gg/HBF2AJeR4",2026-09-21T11:00:04Z,2026-09-21T11:00:04Z,reject,not_vietnam,1,"transport_impact,electric_bus",0,search,ebus,,,,,,2026-09-26T21:01:51.441769+07:00
youtube,79t5Unw4s7c,https://www.youtube.com/watch?v=79t5Unw4s7c,Chi tiết bảng giá vé đi xe buýt kết hợp Metro mới từ 2027: Dự kiến chỉ từ 3.000 - 16.000 đồng,"Chi tiết bảng giá vé đi xe buýt kết hợp Metro mới từ 2027: Dự kiến chỉ từ 3.000 - 16.000 đồng
Trong ngày thứ hai TP.HCM rào chắn thi công nhà ga ST9 Bà Quẹo thuộc tuyến metro số 2, giao thông qua đường Trường Chinh, Tân Kỳ Tân Quý và Huỳnh Văn Gấm sáng 17-9 thông thoáng, xe cộ di chuyển thuận lợi.

- Tin tức nhanh: https://tuoitre.vn
- Tin thời sự: https://tuoitre.vn/phap-luat
- Tin tức thế giới xem: https://tuoitre.vn/the-gioi

Kênh thông tin chính thức của #Báo_Tuổi_Trẻ trên YouTube.
 
Tin tức nhanh nhất, mới nhất, nóng nhất đang diễn ra ở Việt Nam và thế giới về: thời sự, kinh tế, chính trị, xã hội, giáo dục, thể thao, văn hóa, giải trí, công nghệ, nhịp sống số, pháp luật, du lịch...

#TuoiTre #BaoTuoiTre #TinNong #Thời_Sự #ThoiSu #Tuổi_Trẻ 
-----------
Đăng ký kênh xem thêm nhiều chuyên mục hấp dẫn khác:
https://bit.ly/3k1RCAR
Facebook: 
- https://facebook.com/baotuoitre
- https://facebook.com/Truyenhinh.BaoTuoiTre
Bản quyền nội dung thuộc về Báo điện tử Tuổi Trẻ
Cơ quan Báo và Phát thanh, Truyền hình TP.HCM
--------------------
TÒA SOẠN BÁO ĐIỆN TỬ TUỔI TRẺ
- Địa chỉ: Số 60A, Hoàng Văn Thụ, Phường.Đức Nhuận Thành phố Hồ Chí Minh, Việt Nam
- Điện thoại: (84.8) 3.997.3838
- Website: http://tuoitre.vn
- Email: tto@tuoitre.com.vn
- Đường dây nóng: 0918.033.133 - (84.8) 39.971.010",2026-09-17T07:02:52Z,2026-09-17T07:02:52Z,reject,missing_group:electric_bus,1,transport_impact,1,search,xe buýt điện,,,,,,2026-09-26T20:49:38.525643+07:00
youtube,7Forz44LxDM,https://www.youtube.com/watch?v=7Forz44LxDM,Có VinBus ngay dưới chân nhà mà 5 năm nay mình không đi 😭 | Đi Takashimaya bằng VinBus,"Có VinBus ngay dưới chân nhà mà 5 năm nay mình không đi 😭 | Đi Takashimaya bằng VinBus
Có một chuyện khá buồn cười là ngay dưới chân nhà mình có trạm VinBus, vậy mà ở đây lâu rồi mình mới chịu thử đi lần đầu. 😂

Trong vlog này, mình sẽ thử đi VinBus từ nhà lên Takashimaya để ăn uống và mua sắm. Bình thường mỗi lần vào trung tâm mình hay book Grab, nên lần này thử đổi sang VinBus xem có tiện không, đi có thoải mái không và quan trọng là tiết kiệm được bao nhiêu chi phí.

Đến Takashimaya thì mình ghé Asanoha ăn lẩu — một trong những quán mình rất thích. Mình sẽ chia sẻ luôn những món mình gọi, cảm nhận về đồ ăn, không gian và mức giá để mọi người tham khảo.

Một ngày rất đơn giản cùng mình:
🚎 Đi VinBus từ nhà
🍲 Ăn lẩu Asanoha
🛍️ Đi dạo & mua sắm ở Takashimaya
🏠 Rồi lại VinBus về nhà

Một lưu ý nhỏ: vlog này mình quay cũng khá lâu rồi. Thời điểm mình quay, VinBus vẫn còn tính 7.000đ/lượt, còn hiện tại thì đã được miễn phí nên nếu mọi người đang tính thử đi VinBus thì càng có lý do để trải nghiệm nha. 🤍

Cảm ơn mọi người đã xem vlog của mình. Nếu thích những video về ăn uống, cuộc sống hằng ngày và những chuyến đi nho nhỏ cùng mình thì nhớ Like, Subscribe và bật chuông để không bỏ lỡ video mới nhé. 🫶🏻

#Homedayswithme #VinBus #Takashimaya #Asanoha #SaigonVlog #LifestyleVlog #VietnamVlog",2026-09-04T08:10:39Z,2026-09-04T08:10:39Z,accept,electric_bus,1,"transport_impact,electric_bus",0,search,VinBus,,,,,,2026-09-26T21:03:30.977821+07:00
youtube,7J_EKYdhGRk,https://www.youtube.com/watch?v=7J_EKYdhGRk,"Xe khách tông đuôi container trên cao tốc, 20 người nhập viện | Tiên Phong Auto","Xe khách tông đuôi container trên cao tốc, 20 người nhập viện | Tiên Phong Auto
Khoảng 11h ngày 16/8, xe khách chở hàng chục người lưu thông trên cao tốc Diễn Châu – Bãi Vọt theo hướng Bắc – Nam đã tông vào đuôi xe container chạy cùng chiều gần nút giao Vinh – Nam Đàn, Nghệ An.
===============*****=========================
☞Đăng ký để xem nhiều video hơn tại đây : https://bit.ly/theodoitienphongauto
☞Facebook : https://www.facebook.com/tienphongauto.vn
☞Instagram : https://www.instagram.com/tienphong_auto
☞Twitter : https://twitter.com/AutoPhong
☞Blogger : https://tienphong-auto.blogspot.com/
♦ Music: 
Music by Kevin MacLeod 
website : bensound.com
And epidemicsound",2026-08-17T00:45:14Z,2026-08-17T00:45:14Z,reject,missing_group:electric_bus,1,transport_impact,0,search,xe buyt dien,,,,,,2026-09-26T20:53:00.465415+07:00
youtube,7TCpF9R1gW4,https://www.youtube.com/watch?v=7TCpF9R1gW4,"Dùng xe máy điện, thuê pin hay mua pin có lợi hơn? #shorts #automobile","Dùng xe máy điện, thuê pin hay mua pin có lợi hơn? #shorts #automobile
Liên hệ mình: tri.deee24@gmail.com
Thắc mắc xe cộ: fb.com/tridelakao

Video này cung cấp thông tin tham khảo dựa trên góc nhìn và trải nghiệm cá nhân, không có giá trị bắt buộc. Bạn nên tự mình nghiên cứu kỹ lưỡng và đối chiếu thông tin từ nhiều nguồn khác nhau trước khi đưa ra quyết định mua hàng hay thực hiện theo.

Anh em nhớ ủng hộ mình 1 lượt Đăng ký kênh để mình có động lực đi mượn thêm nhiều xe thử nghiệm và chia sẻ nha. Cảm ơn anh em!

Trí.",2026-09-26T11:30:09Z,2026-09-26T11:30:09Z,reject,missing_group:electric_bus,1,transport_impact,0,search,bus dien,,,,,,2026-09-26T23:02:57.364290+07:00
youtube,7TyWvniAYKE,https://www.youtube.com/watch?v=7TyWvniAYKE,Nữ tài xế lái xe bus quá to ! #cars #viral,Nữ tài xế lái xe bus quá to ! #cars #viral,2026-09-26T14:18:54Z,2026-09-26T14:18:54Z,reject,missing_group:electric_bus,1,transport_impact,0,search,e-bus,,,,,,2026-09-27T16:01:29.873363+07:00
youtube,7e1CB4BY4XM,https://www.youtube.com/watch?v=7e1CB4BY4XM,Viajando en una Foton eBus U12 de RBU Santiago (Recorrido 429),"Viajando en una Foton eBus U12 de RBU Santiago (Recorrido 429)
Volvimos a la rutina, y empezamos la semana post-18, y también la primavera.

Grabado el 21 de Septiembre del 2026.",2026-09-21T20:27:01Z,2026-09-21T20:27:01Z,reject,not_vietnam,1,electric_bus,0,search,ebus,,,,,,2026-09-26T21:01:37.704042+07:00
youtube,7ry-fb0WvFg,https://www.youtube.com/watch?v=7ry-fb0WvFg,TRẢI NGHIỆM XE BUS FREE &amp; MRTmetro-tiện cho người từ BẾN XE MIỀN ĐÔNG( mới )về CHỢ BẾN THÀNH,TRẢI NGHIỆM XE BUS FREE &amp; MRTmetro-tiện cho người từ BẾN XE MIỀN ĐÔNG( mới )về CHỢ BẾN THÀNH,2026-09-20T12:29:48Z,2026-09-20T12:29:48Z,reject,missing_group:electric_bus,1,transport_impact,0,search,trải nghiệm xe buýt điện,,,,,,2026-09-26T21:08:11.349943+07:00
youtube,7sdU-lkDAR4,https://www.youtube.com/watch?v=7sdU-lkDAR4,푸꾸옥 베스트웨스턴에서 그랜드월드 빈버스 타는법,"푸꾸옥 베스트웨스턴에서 그랜드월드 빈버스 타는법
🚍탑승 정류장: 베스턴웨스턴 건너 VyVy 마트 정류장
🚌하차 정류장: Grand World - Parking T2(그랜드월드 T2 주차장),
코로나카지노(코로나극장하차)
💸요금: 5만동
✅️특징: 한 번에 갈 수 있어 편리하지만 배차 간격이 매우 넓기 때문에, 출발 전 반드시 빈버스(VinBus) 공식 앱을 다운로드하여 실시간 버스 위치와 당일 시간표를 확인하고 맞춰서 나가셔야 합니다.",2026-09-18T02:57:57Z,2026-09-18T02:57:57Z,accept,electric_bus,1,electric_bus,0,search,VinBus,,,,,,2026-09-26T21:02:55.954879+07:00
youtube,7tR_QeKFhgQ,https://www.youtube.com/watch?v=7tR_QeKFhgQ,"Xe buýt 146 HCM:BX Miền Đông cũ -Chợ Bà Chiểu-BV Gia Định,Ung Bướu-Gò Vấp-BX Hiệp Thành, #viralvideo","Xe buýt 146 HCM:BX Miền Đông cũ -Chợ Bà Chiểu-BV Gia Định,Ung Bướu-Gò Vấp-BX Hiệp Thành, #viralvideo
XE BUÝT 146 | Tuyến xe buýt điện có Wifi, máy lạnh và miễn phí tại TP.HCM. #video.
XE BUÝT 146 TP.HCM 🚌 | Đi Hàng Xanh, Chợ Bà Chiểu, BV Ung Bướu & Gia Định

Lộ trình : 
    Lượt đi : Bến xe Miền Đông cũ - Đường Đinh Bộ Lĩnh - Đường Bạch Đằng - Đường Lê Quang Định - Đường Nguyễn Huy Lượng - Đường Nơ Trang Long - Đường Phan Đăng Lưu - Đường Hoàng Hoa Thám - Đường Nguyễn Văn Đậu - Đường Lê Quang Định - Đường Nguyễn Văn Nghi - Đường Nguyễn Thái Sơn - Đường Phan Văn Trị - Hẻm 468 - Đường Dương Quảng Hàm - Đường Lê Đức Thọ - Đường Nguyễn Văn Lượng - Đường Thống Nhất - Đường Tô Ngọc Vân – Đường Đỗ Mười - Đường Lê Thị Riêng - Đường Nguyễn Thị Kiêu - Đường Nguyễn Ảnh Thủ - Đường HT17 - Bến xe buýt Hiệp Thành

    Lượt về : Bến xe buýt Hiệp Thành - Đường HT17 - Đường Nguyễn Ảnh Thủ - Đường Nguyễn Thị Kiêu - Đường Lê Thị Riêng - Đường Đỗ Mười - Đường Tô Ngọc Vân - Đường Thống Nhất - Đường Nguyễn Văn Lượng - Đường Lê Đức Thọ - Đường Dương Quảng Hàm - Đường Nguyễn Thái Sơn - Đường Nguyễn Văn Nghi - Đường Lê Quang Định - Đường Nguyễn Văn Đậu - Đường Hoàng Hoa Thám - Đường Phan Đăng Lưu - Đường Nơ Trang Long - Đường Nguyễn Huy Lượng - Đường Lê Quang Định - Đường Bạch Đằng - Đường Xô Viết Nghệ Tĩnh - Quốc lộ 13 - Đường Đinh Bộ Lĩnh - Bến xe Miền Đông cũ.
🚌 XE BUÝT 146 TP.HCM – MỘT TUYẾN XE RẤT TIỆN CHO BẠN!

Nếu bạn đang cần đi Hàng Xanh, Chợ Bà Chiểu, Bệnh viện Ung Bướu hoặc Bệnh viện Gia Định thì tuyến xe buýt 146 có thể là một lựa chọn rất thuận tiện.

Trong video này, mình sẽ cùng bạn trải nghiệm tuyến xe buýt 146 và chia sẻ những thông tin thực tế về tuyến xe.

📍 Tuyến xe phù hợp nếu bạn cần:
• Đi Ngã tư Hàng Xanh
• Đi Chợ Bà Chiểu
• Đi Bệnh viện Ung Bướu
• Đi Bệnh viện Gia Định
• Di chuyển từ khu vực Bến xe Miền Đông cũ

🚍 Đặc biệt, đây là xe buýt điện với:
❄️ Máy lạnh
📶 Wifi
♻️ Di chuyển thân thiện với môi trường
💰 MIỄN PHÍ

Nếu bạn đang tìm hiểu cách đi xe buýt ở TP.HCM, hy vọng video này sẽ giúp bạn có thêm một lựa chọn thuận tiện cho hành trình của mình.
#XeBuyt146, #XeBuytTPHCM, #XeBuytDien, #Bus146 ,#XeBuytSaiGon, #HangXanh #ChoBaChieu #BenhVienUngBuou #BenhVienGiaDinh #DiXeBuyt

Nếu thấy video hữu ích, đừng quên LIKE 👍, ĐĂNG KÝ KÊNH ❤️ và chia sẻ cho những người đang cần đi xe buýt nhé!

#XeBuyt146 #XeBuytTPHCM #XeBuytDien #Bus146 #SaiGon
xe buýt TPHCM
xe bus Sài Gòn.
phương tiện công cộng TPHCM.
đi xe buýt Sài Gòn.
hướng dẫn đi xe buýt TPHCM.
xe buýt miễn phí TPHCM.
xe buýt có wifi.
xe buýt có máy lạnh.
trải nghiệm xe buýt điện.
review xe buýt TPHCM.xe buýt 146
tuyến xe buýt 146.
xe bus 146.
bus 146 TPHCM.
tuyến 146 TPHCM.
xe buýt tuyến 146 TPHCM.
lộ trình xe buýt 146.
xe buýt điện 146.
bus điện 146.
xe buýt điện TPHCM.",2026-09-07T09:01:22Z,2026-09-07T09:01:22Z,accept,electric_bus,1,"transport_impact,electric_bus",1,search,xe bus điện,,,,,,2026-09-26T20:51:54.094519+07:00
youtube,7zARzdN1T5A,https://www.youtube.com/watch?v=7zARzdN1T5A,Mulugu Road Horror | RTC Electric Bus Stuck In Potholes | Sand Lorries Traffic Jam | MeeTVtelugu,"Mulugu Road Horror | RTC Electric Bus Stuck In Potholes | Sand Lorries Traffic Jam | MeeTVtelugu
Mulugu Road Horror | RTC Electric Bus Stuck In Potholes | Sand Lorries Traffic Jam | MeeTVtelugu 
#mulugu #mangapet #eturnagaram #kamalapuram #rtcbus #roadcondition #trafficjam #sandmining #breakingnews #viralvideo #trending #latestupdates #telugunews #meetvtelugu #viralnews #trendingnews #telugulive #shortsviral #telangananews #warangalnews 

Mee TV NEWS: Your trusted source for breaking Telugu news. Stay informed with the latest updates on current events, politics, entertainment, and more, all in Telugu. Subscribe now for your daily dose of news!
Enjoy and stay connected with us !! 
►Subscribe us on Youtube: https://goo.gl/WrmtwK

►Like Us On Facebook: https://www.facebook.com/share/1CFDNdiFWn/?mibextid=wwXIfr     
►Follow Us On Instagram:  https://www.instagram.com/meetvnews8?igsh=MTAycDZhMTAzbHIzaw==
►Follow Us On Twitter: https://x.com/mee18apple?s=11
#telugunews  #telanganapolitics  #newsanalysistelugu  #hyderabadnews #meetvnewsn #meetv #meetvnews  #viralvideo",2026-09-26T14:03:36Z,2026-09-26T14:03:36Z,reject,not_vietnam,1,"transport_impact,electric_bus",0,search,electric bus,,,,,0,2026-09-26T21:09:36.506269+07:00
youtube,83kFcv7rZZg,https://www.youtube.com/watch?v=83kFcv7rZZg,Xe Điện Hay Xe Xăng: Sau 100.000Km Tiết Kiệm Bao Nhiêu? | CUA Vlog61,"Xe Điện Hay Xe Xăng: Sau 100.000Km Tiết Kiệm Bao Nhiêu? | CUA Vlog61
Kênh CUA Vlog61 chuyên review xe máy, xe điện và cập nhật giá xe mới nhất tại Việt Nam.

Xe Điện Hay Xe Xăng: Sau 100.000Km Tiết Kiệm Bao Nhiêu? | CUA Vlog61
#cuavlog61 #vinfast #datbike #yadea 
Liên hệ hợp tác:
Email: canoncanon2812@gmail.com

🔰Xem nhiều hơn🔰
⭕️Cập Nhật Giá Bán Mới Nhất: https://bitly.com.vn/r5bn6m
⭕️Ra Mắt Xe Mới: https://bitly.com.vn/debv4i
⭕️XE CỔ: https://bitly.com.vn/dp5z2s
---------------------------------------------------------------------------------------------------------
- If you have any problems about copyright photos as well as music in the video,   You can contact me by letter / G-mail if you require any further information.: canoncanon2812@gmail.com.  If required, The video will be taken down immediately. Thank you!
- Nếu có bất cứ thắc mắc, khiếu nại nào về bản quyền hình ảnh cũng như âm nhạc có trong video. Rất mong chủ sở hữu hãy liên hệ trực tiếp với tôi qua Email: canoncanon2812@gmail.com. Nếu cần thiết, video sẽ được gỡ xuống ngay lập tức. Xin cảm ơn!
#cuavlog61
#CUAVlog61
#CUAVlog61
#Motorcycle reviews
#Motorcycle News
#reviewxemay
#giaxemay
#reviewxe
#giáxe
#xediện
#tuvanxemay
#cuavlog61",2026-09-25T11:30:06Z,2026-09-25T11:30:06Z,reject,missing_group:electric_bus,1,transport_impact,0,search,review bus điện,,,,,,2026-09-26T21:08:04.233155+07:00
youtube,8G305vggcuk,https://www.youtube.com/watch?v=8G305vggcuk,Trải nghiệm lần đầu đi xe buýt từ Sài Gòn đi Vũng Tàu ?,Trải nghiệm lần đầu đi xe buýt từ Sài Gòn đi Vũng Tàu ?,2026-09-16T09:04:08Z,2026-09-16T09:04:08Z,reject,missing_group:electric_bus,1,transport_impact,1,search,trải nghiệm xe buýt điện,,,,,,2026-09-26T21:08:11.356700+07:00
youtube,8GMVDVZbTqc,https://www.youtube.com/watch?v=8GMVDVZbTqc,A closer look at the JSW Greentech Ampstar Play with the EBus ,"A closer look at the JSW Greentech Ampstar Play with the EBus 
Part 1 of 3 | After the broader vision, Ashish Bhatia takes a closer look at the Ampstar EBus. 🚌⚡

A walkaround of JSW Greentech’s first electric bus offering, with a closer look at what Ampstar brings to the eCV space.

Watch out for the Ampstar hauler in Part 2. 🚛

#Ampstar #JSWGreentech #ElectricBus #eBus #ElectricMobility #eCV #CommercialVehicles #EVIndia #CarIndia #CVMagazine",2026-09-22T16:58:28Z,2026-09-22T16:58:28Z,reject,not_vietnam,1,"transport_impact,electric_bus",0,search,ebus,,,,,,2026-09-26T21:01:21.079040+07:00
youtube,8HWXI_QNhXI,https://www.youtube.com/watch?v=8HWXI_QNhXI,Madhya Pradesh में शुरू हुई Electric Bus को लेकर क्या है जनता की राय? Sugam Parivahan Seva,"Madhya Pradesh में शुरू हुई Electric Bus को लेकर क्या है जनता की राय? Sugam Parivahan Seva
#cmmohanyadav #madhyapradeshnews #bhopalnews 

Madhya Pradesh में शुरू हुई Electruc Bus को लेकर क्या है जनता की राय? Sugam Parivahan Seva

मध्य प्रदेश में 21 साल बाद सरकारी बस सेवा की फिर शुरुआत हो गई है। भोपाल के दशहरा मैदान से CM मोहन यादव और केंद्रीय मंत्री नितिन गडकरी ने 7 शहरों के लिए 351 इंटरसिटी और इंट्रासिटी बसों को हरी झंडी दिखाई। इनमें 180 इलेक्ट्रिक बसें शामिल हैं। सरकार का लक्ष्य 2031 तक 15 हजार बसें चलाने और 75% ग्राम पंचायतों तक बस सेवा पहुंचाने का है।

Government bus services have resumed in Madhya Pradesh after a gap of 21 years. Chief Minister Mohan Yadav and Union Minister Nitin Gadkari flagged off 351 intercity and intracity buses—including 180 electric buses—bound for seven cities from Bhopal's Dussehra Maidan. The government aims to operate 15,000 buses and extend bus services to 75% of the Gram Panchayats by 2031.

--------------------------------------------------------------
At Aayudh, our mission is to protect the rights, values, and interests of society. The true meaning of “Aayudh” is simple – it is a weapon that works only for the welfare of the people. It may be far from you, but its power and control remain in your hands. Whether it’s about an issue or an opinion, we stand only where the public interest comes first.

We believe in speaking the truth in a simple and relatable way, by being among the people, not above them. We are not just media professionals, but viewers who got tired of not seeing real issues on the screen. Here, the audience becomes the voice of the audience—presented with honesty, clarity, and style.

Welcome to the Aayudh family. Stay connected, share your thoughts, and guide us whenever you see scope for improvement—just like Shri Krishna guided Arjuna.

Aayudh – Your Voice. Your Power. Your Platform.
----------------------------------------------------------------",2026-09-25T15:32:47Z,2026-09-25T15:32:47Z,reject,not_vietnam,1,"transport_impact,electric_bus",0,search,electric bus,,,,,,2026-09-26T20:57:03.838131+07:00
youtube,8JKeVrQOYjM,https://www.youtube.com/watch?v=8JKeVrQOYjM,Vinhomes Hạ Long Xanh miễn phí xe buýt đưa đón Hà Nội - Hạ Long #Vinhomeshalongxanh,Vinhomes Hạ Long Xanh miễn phí xe buýt đưa đón Hà Nội - Hạ Long #Vinhomeshalongxanh,2026-08-19T05:12:28Z,2026-08-19T05:12:28Z,reject,missing_group:electric_bus,1,"transport_impact,hanoi_location",1,search,VinBus,,,,,,2026-09-26T21:04:34.316745+07:00
youtube,8Zcg3BB2vyg,https://www.youtube.com/watch?v=8Zcg3BB2vyg,"(Tuyến 4) Bến Xe Buýt Sài Gòn - Bến Xe An Sương, Xe Đang Chạy Về Bến Xe Buýt Sài Gòn ","(Tuyến 4) Bến Xe Buýt Sài Gòn - Bến Xe An Sương, Xe Đang Chạy Về Bến Xe Buýt Sài Gòn 
© Bản Quyền Hy Khang 2011-2026 Xe Buýt Xanh Công Cộng TP.HCM ©
_____
Xin Chào Mọi Người, Mình Tên Là Hy Khang, Mình Sẽ Hướng Dẫn Tất Cả Mọi Người Đi Xe Buýt Và Lộ Trình Trạm Với Tuyến, Khám Phá Mới, 1 Trong Những Xe Buýt Xanh Bảo Vệ Môi Trường Ở TP.HCM, Xe Buýt Điện Là 1 Thương Mại Hoàn Toàn Mới Để Bảo Vệ Môi Trường Và Sạch Đẹp TP.HCM, Xin Mọi Người Hãy Coi Những Video Tiếp Theo Để Biết Về Rõ Hơn, Xin Chân Thành Cảm Ơn Chào Đón",2026-09-10T15:52:54Z,2026-09-10T15:52:54Z,accept,electric_bus,1,"transport_impact,electric_bus",1,search,xe buyt điện,,,,,,2026-09-26T20:53:30.758752+07:00
youtube,8_ahwPUPpUI,https://www.youtube.com/watch?v=8_ahwPUPpUI,Vinbus#Vinbus#busdrivervietnam2|Ra video Cuối Cùng trước khi vào năm học mới 2026-2027,Vinbus#Vinbus#busdrivervietnam2|Ra video Cuối Cùng trước khi vào năm học mới 2026-2027,2026-08-24T12:36:39Z,2026-08-24T12:36:39Z,accept,electric_bus,1,electric_bus,0,search,VinBus,,,,,,2026-09-26T21:04:31.054874+07:00
youtube,8jlCVDtd6bo,https://www.youtube.com/watch?v=8jlCVDtd6bo,AI CŨNG NGHĨ CÔ ẤY ĐIÊN KHI MUA CHIẾC XE BUÝT NÀY! #kienthucthuvi,"AI CŨNG NGHĨ CÔ ẤY ĐIÊN KHI MUA CHIẾC XE BUÝT NÀY! #kienthucthuvi
======================================
© Bản quyền thuộc về Sút Bóng TV, vui lòng không reup dưới mọi hình thức.
►Cám ơn các bạn đã theo dõi và đăng ký kênh Sút Bóng TV
 
#kienthuc #khampha #bian #thegioi #kienthucthuvi #khoahoc #cuocsong",2026-09-17T04:00:39Z,2026-09-17T04:00:39Z,reject,missing_group:electric_bus,1,transport_impact,0,search,xe buýt dien,,,,,,2026-09-26T20:54:04.944351+07:00
youtube,8vNZJRBXTRE,https://www.youtube.com/watch?v=8vNZJRBXTRE,#vinbus #hanoibus #buses,#vinbus #hanoibus #buses,2026-09-22T23:40:44Z,2026-09-22T23:40:44Z,accept,electric_bus,1,electric_bus,0,search,VinBus,,,,,,2026-09-26T21:02:28.958769+07:00
youtube,97RoVIf7nHM,https://www.youtube.com/watch?v=97RoVIf7nHM,Trải Nghiệm xe buýt điện T2 : Quy Nhơn -Phước Mỹ,"Trải Nghiệm xe buýt điện T2 : Quy Nhơn -Phước Mỹ
Thông Tin xe buýt 

Đây là xe buýt T2 ( Quy Nhơn - Phước Mỹ ) 

Cự ly: 25km

Thời gian hoàn thành tuyến: 50p

Lộ trình tuyến:

1- Quy Nhơn -2- Chợ Lớn Quy Nhơn 3- Tăng Bạt Hổ -4 Lê Hồng Phong -5 Hội Trường Quang Trung -6 Nguyễn Thái Học -7  Ngô
Mây -8 Đại Học Quy Nhơn -9 Bến Xe Quy Nhơn -10 Ngã 3 Phú Tài -11 Phú Tài -12 Ngã 4 Long Mỳ -13 Phước mỳ 

Dữ liệu xe buýt bởi :  Quynhonbus


Ảnh xe :  https://www.vnbusarchive.io.vn/photo/14885 

Ảnh xe buýt trên đã được đăng tải và có bản quyền của hệ thống đăng ảnh xe buýt Việt Nam  : VNBUSARCHIVE ( VNBA )",2026-08-20T15:19:17Z,2026-08-20T15:19:17Z,accept,electric_bus,1,"transport_impact,hanoi_location,electric_bus",0,search,xe buyt dien,,,,,,2026-09-26T20:52:53.903942+07:00
youtube,98C74vslrFA,https://www.youtube.com/watch?v=98C74vslrFA,🇻🇳 Hanoi VinBus Tour #2 | 하노이 빈버스 투어 #2 | Chuyến du lịch VinBus Hà Nội số 2,🇻🇳 Hanoi VinBus Tour #2 | 하노이 빈버스 투어 #2 | Chuyến du lịch VinBus Hà Nội số 2,2026-09-19T10:54:59Z,2026-09-19T10:54:59Z,accept,electric_bus,1,"hanoi_location,electric_bus",0,search,VinBus,,,,,,2026-09-26T21:02:45.909998+07:00
youtube,9LQ7iu8IYHQ,https://www.youtube.com/watch?v=9LQ7iu8IYHQ,"Cột mốc lịch sử, Kim Long xuất khẩu lô xe bus điện đi Thái Lan #kimlong #automobile #xekhach","Cột mốc lịch sử, Kim Long xuất khẩu lô xe bus điện đi Thái Lan #kimlong #automobile #xekhach",2026-09-19T03:56:58Z,2026-09-19T03:56:58Z,accept,electric_bus,1,"transport_impact,electric_bus",0,search,xe buýt điện,,,,,,2026-09-26T20:49:31.970759+07:00
youtube,9WD1VL_yt6M,https://www.youtube.com/watch?v=9WD1VL_yt6M,(Tuyến 8) Bến Xe Quận 8 - Trường Đại Học Quốc Gia ,"(Tuyến 8) Bến Xe Quận 8 - Trường Đại Học Quốc Gia 
© Bản Quyền Hy Khang 2011-2026 Xe Buýt Xanh Công Cộng TP.HCM ©
_____
Xin Chào Mọi Người, Mình Tên Là Hy Khang, Mình Sẽ Hướng Dẫn Tất Cả Mọi Người Đi Xe Buýt Và Lộ Trình Trạm Với Tuyến, Khám Phá Mới, 1 Trong Những Xe Buýt Xanh Bảo Vệ Môi Trường Ở TP.HCM, Xe Buýt Điện Là 1 Thương Mại Hoàn Toàn Mới Để Bảo Vệ Môi Trường Và Sạch Đẹp TP.HCM, Xin Mọi Người Hãy Coi Những Video Tiếp Theo Để Biết Về Rõ Hơn, Xin Chân Thành Cảm Ơn Chào Đón",2026-09-17T03:12:49Z,2026-09-17T03:12:49Z,accept,electric_bus,1,"transport_impact,electric_bus",1,search,tuyến xe buýt điện,,,,,,2026-09-26T21:06:09.718159+07:00
youtube,9ZtnrK4C1lE,https://www.youtube.com/watch?v=9ZtnrK4C1lE,(Tuyến Số 8) Bến Xe Quận 8 - Trường Đại Học Quốc Gia #quan8 ,"(Tuyến Số 8) Bến Xe Quận 8 - Trường Đại Học Quốc Gia #quan8 
© Bản Quyền Hy Khang 2011-2026 Xe Buýt Xanh Công Cộng TP.HCM
_____
Xin Chào Mọi Người, Mình Tên Là Hy Khang, Mình Sẽ Hướng Dẫn Tất Cả Mọi Người Đi Xe Buýt Và Lộ Trình Trạm Với Tuyến, Khám Phá Mới, 1 Trong Những Xe Buýt Xanh Bảo Vệ Môi Trường Ở TP.HCM, Xe Buýt Điện Là 1 Thương Mại Hoàn Toàn Mới Để Bảo Vệ Môi Trường Và Sạch Đẹp TP.HCM, Xin Mọi Người Hãy Coi Những Video Tiếp Theo Để Biết Về Rõ Hơn, Xin Chân Thành Cảm Ơn Chào Đón",2026-09-08T16:11:53Z,2026-09-08T16:11:53Z,accept,electric_bus,1,"transport_impact,electric_bus",1,search,xe buyt điện,,,,,,2026-09-26T20:53:50.828910+07:00
youtube,9aXXbWlH7RU,https://www.youtube.com/watch?v=9aXXbWlH7RU,Tuyến 09A trên xe buýt điện Vinfast EB8 29E-560.87,Tuyến 09A trên xe buýt điện Vinfast EB8 29E-560.87,2026-08-20T13:34:59Z,2026-08-20T13:34:59Z,accept,electric_bus,1,"transport_impact,electric_bus",0,search,điểm dừng xe buýt điện,,,,,,2026-09-26T21:07:37.037509+07:00
youtube,9ahLv4nIKWg,https://www.youtube.com/watch?v=9ahLv4nIKWg,Trả lời (50F-017.66) Tuyến xe buýt D4 Vinhomes Grand Park - BXB Sài Gòn TPHCM #shorts,Trả lời (50F-017.66) Tuyến xe buýt D4 Vinhomes Grand Park - BXB Sài Gòn TPHCM #shorts,2026-08-11T01:45:18Z,2026-08-11T01:45:18Z,reject,missing_group:electric_bus,1,transport_impact,1,search,VinBus,,,,,,2026-09-26T21:05:00.622473+07:00
youtube,9rqOSqXVdag,https://www.youtube.com/watch?v=9rqOSqXVdag,Xe Điện Áp Đảo Xe Xăng Ưu Đãi 102 Khuyến Mãi Giảm Giá Mạnh Tại Vinfast Thanh Đoàn,"Xe Điện Áp Đảo Xe Xăng Ưu Đãi 102 Khuyến Mãi Giảm Giá Mạnh Tại Vinfast Thanh Đoàn
Vinfast Thanh Đoàn: 0356.568.390 Địa chỉ: 218 Trần Hưng Đạo, Phường Đông Hoà, TP.HCM",2026-09-26T05:35:11Z,2026-09-26T05:35:11Z,reject,missing_group:electric_bus,1,transport_impact,1,search,bus dien,,,,,,2026-09-26T20:54:26.241601+07:00
youtube,9srJ2G7w2ig,https://www.youtube.com/watch?v=9srJ2G7w2ig,पीएम ई-बस सेवा (PM-eBus Sewa),"पीएम ई-बस सेवा (PM-eBus Sewa)
पीएम ई-बस सेवा (PM-eBus Sewa) | PM e-Bus Sewa Scheme | पूरी जानकारी

क्या आपने सोचा है कि आने वाले समय में हमारे शहरों का सार्वजनिक परिवहन (Public Transport) कितना बदल सकता है?

पीएम ई-बस सेवा (PM-eBus Sewa) इसी दिशा में भारत सरकार की एक महत्वपूर्ण पहल है, जिसका उद्देश्य शहरों में इलेक्ट्रिक बसों (Electric Buses) के माध्यम से सार्वजनिक परिवहन को अधिक स्वच्छ, आधुनिक और सुविधाजनक बनाना है।

इस वीडियो में PM-eBus Sewa की पूरी जानकारी आसान भाषा में समझाई गई है।

इस वीडियो में जानेंगे—

🔹 PM-eBus Sewa क्या है?
🔹 योजना की शुरुआत कब और क्यों की गई?
🔹 10,000 इलेक्ट्रिक बसों का लक्ष्य क्या है?
🔹 PPP Model (Public Private Partnership) क्या है?
🔹 योजना में केंद्र सरकार की सहायता कितनी है?
🔹 किन शहरों को योजना का लाभ मिल सकता है?
🔹 शहरों में बस डिपो और चार्जिंग से जुड़ा इंफ्रास्ट्रक्चर
🔹 Green Urban Mobility Initiatives (GUMI) क्या हैं?
🔹 Last Mile Connectivity और आधुनिक बस परिवहन की भूमिका
🔹 रोजगार सृजन और पर्यावरण पर संभावित प्रभाव
🔹 प्रतियोगी परीक्षाओं के लिए महत्वपूर्ण तथ्य

PM-eBus Sewa का उद्देश्य केवल इलेक्ट्रिक बसें उपलब्ध कराना ही नहीं, बल्कि स्वच्छ, कुशल और तकनीक आधारित शहरी परिवहन व्यवस्था को बढ़ावा देना भी है। योजना के तहत बस संचालन के साथ डिपो, पावर इंफ्रास्ट्रक्चर, ITMS और NCMC आधारित टिकटिंग जैसी सुविधाओं को भी समर्थन दिया जाता है।

यह वीडियो विद्यार्थियों, प्रतियोगी परीक्षा की तैयारी करने वाले अभ्यर्थियों और सरकारी योजनाओं को समझने वाले सभी दर्शकों के लिए उपयोगी है।

वीडियो को अंत तक जरूर देखें और अगर जानकारी उपयोगी लगे तो Like 👍 | Share ↗️ | Subscribe 🔔 जरूर करें।

#PMeBusSewa #पीएमईबससेवा #ElectricBus #PMEBusSewa #GovernmentScheme #सरकारीयोजना #ElectricMobility #PublicTransport #GreenMobility #IndianEconomy #CompetitiveExams",2026-09-23T12:45:29Z,2026-09-23T12:45:29Z,reject,not_vietnam,1,"transport_impact,electric_bus",0,search,ebus,,,,,,2026-09-26T21:01:04.745995+07:00
youtube,AAKaq77etCs,https://www.youtube.com/watch?v=AAKaq77etCs,The Future of Travel is Electric ⚡ | EDGO Electric Bus #automobile #madeinindia #electricvehicle,"The Future of Travel is Electric ⚡ | EDGO Electric Bus #automobile #madeinindia #electricvehicle
📌 CAPTION

A smarter way to move. A greener way to travel. 🌿⚡

Introducing the EDGO Electric Bus — designed for comfortable, efficient and eco-friendly passenger mobility.

From resorts and hotels to campuses, tourism destinations and institutions, EDGO brings sustainable transportation to every journey.

Ride Electric. Ride Smart. Go EDGO.

📝 DESCRIPTION

Discover the next generation of passenger mobility with the EDGO Electric Bus.

⚡ Electric & Efficient
🌿 Eco-Friendly Mobility
🚌 Comfortable Passenger Transport
🔇 Smooth & Low-Noise Operation
🏨 Ideal for Resorts & Hotels
🏫 Perfect for Campuses & Institutions
🌱 Built for a Greener Future

EDGO Carts — Driving Sustainable Mobility.

📞 +91-7657825344 | +91-7717669549 | +91-7983336432
🌐 www.edgocarts.com

#️⃣ HASHTAGS

#EDGOCarts #ElectricBus #ElectricVehicle #ElectricMobility #EVBus #GreenMobility #SustainableMobility #ElectricTransportation #EVIndia #ElectricVehiclesIndia #EcoFriendly #SmartMobility #CleanMobility #FutureOfMobility #GreenTransportation #ResortMobility #HotelMobility #CampusMobility #TourismMobility #GoGreenGoEdgo #DrivingSustainableMobility #MadeInIndia #ElectricTransport",2026-09-26T05:19:43Z,2026-09-26T05:19:43Z,reject,not_vietnam,1,"transport_impact,electric_bus",0,search,electric bus,,,,,,2026-09-26T20:55:48.050244+07:00
youtube,AC9l3t0IvJU,https://www.youtube.com/watch?v=AC9l3t0IvJU,(Tuyến 33) Bến Xe An Sương - Trường Đại Học Quốc Gia (Tuyến 104) Bến Xe An Sương - Văn Thánh,"(Tuyến 33) Bến Xe An Sương - Trường Đại Học Quốc Gia (Tuyến 104) Bến Xe An Sương - Văn Thánh
© Bản Quyền Hy Khang 2011-2026 Xe Buýt Xanh Công Cộng TP.HCM ©
_____
Xin Chào Mọi Người, Mình Tên Là Hy Khang, Mình Sẽ Hướng Dẫn Tất Cả Mọi Người Đi Xe Buýt Và Lộ Trình Trạm Với Tuyến, Khám Phá Mới, 1 Trong Những Xe Buýt Xanh Bảo Vệ Môi Trường Ở TP.HCM, Xe Buýt Điện Là 1 Thương Mại Hoàn Toàn Mới Để Bảo Vệ Môi Trường Và Sạch Đẹp TP.HCM, Xin Mọi Người Hãy Coi Những Video Tiếp Theo Để Biết Về Rõ Hơn, Xin Chân Thành Cảm Ơn Chào Đón",2026-09-10T16:20:21Z,2026-09-10T16:20:21Z,accept,electric_bus,1,"transport_impact,electric_bus",1,search,xe buýt điện,,,,,,2026-09-26T20:51:04.159534+07:00
youtube,AFjGptakvz4,https://www.youtube.com/watch?v=AFjGptakvz4,देखिये फैक्ट्री में इलेक्ट्रिक बस कैसे बनती है | Electric Bus Manufacturing Process | #shorts,"देखिये फैक्ट्री में इलेक्ट्रिक बस कैसे बनती है | Electric Bus Manufacturing Process | #shorts
क्या आपने कभी सोचा है कि फैक्ट्री में एक इलेक्ट्रिक बस कैसे तैयार होती है? 🚌⚡
इस वीडियो में देखिए इलेक्ट्रिक बस बनाने की पूरी प्रक्रिया—बस की बॉडी, इलेक्ट्रिक मोटर, बैटरी पैक, वायरिंग, सीट फिटिंग, पेंटिंग, असेंबली और अंतिम टेस्टिंग तक।
वीडियो पसंद आए तो Like 👍 Share ↗️ और Subscribe 🔔 जरूर करें।
#️⃣ Hashtags
#ElectricBus #ElectricBusManufacturing #BusManufacturing #FactoryProcess #FactoryProcessAI #ElectricVehicle #EVBus #BusFactory #ManufacturingProcess #HowItsMade #ElectricVehicleIndia #BusMaking",2026-09-26T01:00:33Z,2026-09-26T01:00:33Z,reject,not_vietnam,1,"transport_impact,electric_bus",0,search,electric bus,,,,,,2026-09-26T20:56:14.340179+07:00
youtube,AIUIkBa1nxc,https://www.youtube.com/watch?v=AIUIkBa1nxc,Brownsville Metro Unveils Six New Hybrid Electric Buses,"Brownsville Metro Unveils Six New Hybrid Electric Buses
Six new hybrid-electric buses are hitting the streets as Brownsville Metro begins rolling out the latest additions to its fleet.

The new buses will help provide an enhanced passenger experience and reliable ride for B-Metro passengers.

-
Connect with us
Facebook: https://www.facebook.com/BTxRGV/
Instagram: https://www.instagram.com/btxrgv/
LinkedIn: https://www.linkedin.com/company/cobtx/
X: https://twitter.com/btxrgv
-
https://www.brownsvilletx.gov
-
On the Border, by the Sea and Beyond! 🚀

#BTX #Brownsville #BMetro #BrownsvilleTX #PublicTransportation",2026-09-25T19:50:30Z,2026-09-25T19:50:30Z,reject,missing_group:electric_bus,1,,0,search,electric bus,,,,,,2026-09-26T20:56:34.114608+07:00
youtube,AMAL8I6jTmA,https://www.youtube.com/watch?v=AMAL8I6jTmA,Lần đầu trải nghiệm xe buýt điện đầu tiên ở HCM trong năm 2022 cùng Huy Lỏ #shorts,"Lần đầu trải nghiệm xe buýt điện đầu tiên ở HCM trong năm 2022 cùng Huy Lỏ #shorts
Hi xin chào mọi người! Rất vui khi được gặp mọi người trên kênh mới này của Huy.

Và như tiêu đề thì có lẽ là mọi người biết đây là lần đầu tiên Huy được trải nghiệm xe bus điện của Vinbus mà cụ thể hơn là tuyến D4 (tuyến bus điện đầu tiên của TP.HCM). Video này được quay từ tháng 4/2022 (mới chỉ khai trương được 1 tháng). Thế là với cái sự háo hức như thế thì Huy đã cùng với chị mình đi thử để xem một hệ thống GTCC mới ở TP.HCM sẽ phát huy hiệu quả như thế nào. Chuyến này đi đúng là full nhưng vì dung lượng có giới hạn nên quay cũng sơ sơ mà thôi ae thông cảm. Thật ra khi mà tới Vinhomes Grand Park hồi mà chưa sáp nhập 1/7/2025 thì còn sơ khai lắm chưa tiện nghi như khi qua 2025 đâu (mốt cái đó kể sau). Nhìn chung là đi để trải nghiệm cho ae biết cảm giác đi nó thú vị và khó khăn ra sao nếu phải thích nghi với loại xe mà nhiều người dân HCM lúc 2022 chưa biết đó.

Chi tiết như thế nào mời mọi người xem hết clip nha.
Thông số chi tiết:
🚌 Tuyến xe buýt D4
🚦Lộ trình: BX Buýt Sài Gòn - Vinhomes Grand Park
📄Chịu trách nhiệm và vận hành bởi: Cty TNHH Vận Tải Sinh Thái Vinbus
🚍 Loại xe: Vinfast GreenBus (nay là EB10)

Video này được bảo vệ và bản quyền bởi Huyone STUDIO. Vui lòng không reup dưới mọi hình thức.

#vlogcuahuy #NgaoDuCungHuyLo #HuyoneSTUDIO",2026-08-14T13:00:01Z,2026-08-14T13:00:01Z,accept,electric_bus,1,"transport_impact,electric_bus",1,search,VinBus,,,,,,2026-09-26T21:04:47.573066+07:00
youtube,AV5igCuYqgo,https://www.youtube.com/watch?v=AV5igCuYqgo,How I Made a Ground Bus for This Guitar Pedal Build,How I Made a Ground Bus for This Guitar Pedal Build,2026-09-13T15:05:04Z,2026-09-13T15:05:04Z,reject,missing_group:electric_bus,1,transport_impact,0,search,bus điện,,,,,,2026-09-26T20:54:15.572391+07:00
youtube,A_PWnYOIf38,https://www.youtube.com/watch?v=A_PWnYOIf38,This 6-Seat Family Electric Bus Was Built by Hand From Scrap - Full Process,"This 6-Seat Family Electric Bus Was Built by Hand From Scrap - Full Process
Welcome to Future Creative Process — where creativity, engineering, and crazy DIY ideas come to life. On this channel, you’ll see homemade machines, custom vehicles, engine projects, and unique inventions built from scrap metal, recycled parts, and raw imagination.

---

👉 Subscribe and follow the journey of building amazing projects from scratch.
Thanks for watching, LIKE, Subscribe & Share!

#DIY
#creative
#inventions
#scrapmetal
#futurecreativeprocess
#Continue",2026-09-26T03:00:01Z,2026-09-26T03:00:01Z,reject,not_vietnam,1,"transport_impact,electric_bus",0,search,electric bus,,,,,,2026-09-26T20:56:07.868540+07:00
youtube,Ahmg7anPKp4,https://www.youtube.com/watch?v=Ahmg7anPKp4,#vinbus,#vinbus,2026-09-17T12:23:40Z,2026-09-17T12:23:40Z,accept,electric_bus,1,electric_bus,0,search,VinBus,,,,,,2026-09-26T21:02:59.195980+07:00
youtube,Ajk4dJyQDvA,https://www.youtube.com/watch?v=Ajk4dJyQDvA,(Tuyến 74) Bến Xe Củ Chi - Bến Xe An Sương 50E-845.16,"(Tuyến 74) Bến Xe Củ Chi - Bến Xe An Sương 50E-845.16
© Bản Quyền Hy Khang 2011-2026 Xe Buýt Xanh Công Cộng TP.HCM
_____
Xin Chào Mọi Người, Mình Tên Là Hy Khang, Mình Sẽ Hướng Dẫn Tất Cả Mọi Người Đi Xe Buýt Và Lộ Trình Trạm Với Tuyến, Khám Phá Mới, 1 Trong Những Xe Buýt Xanh Bảo Vệ Môi Trường Ở TP.HCM, Xe Buýt Điện Là 1 Thương Mại Hoàn Toàn Mới Để Bảo Vệ Môi Trường Và Sạch Đẹp TP.HCM, Xin Mọi Người Hãy Coi Những Video Tiếp Theo Để Biết Về Rõ Hơn, Xin Chân Thành Cảm Ơn Chào Đón",2026-09-10T15:39:47Z,2026-09-10T15:39:47Z,accept,electric_bus,1,"transport_impact,electric_bus",1,search,tuyến xe buýt điện,,,,,,2026-09-26T21:06:19.593932+07:00
youtube,AlfBecLCRbg,https://www.youtube.com/watch?v=AlfBecLCRbg,"Bus Simulator: Ultimate - Gameplay Walkthrough Part 3 - Bus Customization (iOS, Android)","Bus Simulator: Ultimate - Gameplay Walkthrough Part 3 - Bus Customization (iOS, Android)
Bus Simulator: Ultimate - Gameplay Walkthrough Part 3 - Bus Customization (iOS, Android)

Bus Simulator: Ultimate Playlist -

GAME DESCRIPTION

Bus Simulator: Ultimate - Free

Download on iOS - https://apps.apple.com/us/app/bus-simulator-ultimate/id1461749632
Download on Android - https://play.google.com/store/apps/details?id=com.zuuks.bus.simulator.ultimate

The World's Best Simulation Game.

The Road is Yours, and the Wheel is in Your Hands!

Experience a unique simulation packed with realistic graphics, detailed city modeling, and officially licensed buses. Take the wheel of industry giants like Mercedes-Benz, Temsa, Setra, Scania and Marcopolo deliver top-tier passenger service across long distances.

Drive through day and night, rain or shine. Every stop, every turn, and every moment is yours to control. Grow your own bus company while enjoying the thrill and challenge of intercity transport.

Ready to start the engine and turn on the headlights? Your journey begins now!

Can you become the greatest bus company ever?
Establish your bus company and become the largest bus corporation in the world.

United States, United Kingdom, China, Canada, Russia, Germany, Italy, France, Spain, Netherlands, Türkiye, South Korea, Japan, Brazil, Azerbaijan, Belgium, Bulgaria, Czech Republic, Dominican Republic, Indonesia, Philippines, South Africa, India, Hong Kong, Ireland, Israel, Qatar, Malaysia, Thailand, Taiwan and more Realistic city maps and bus stations. 


BUS SIMULATOR GAME FEATURES

- Free Multiplayer Game (Ultimate League)
- You will be able to have offices in many places around the world.
- Over 20 thousand cities and counties.
- Passenger System will provide Social and Realistic Reactions.
- Manage your own business
- Hire employees and manage your company for maximum profit
- 32 Amazing Coach Bus
- More than 300+ original terminals.
- Used Buses Market
- Detailed Cockpits
- Passengers might review you.
- 250+ radio stations
- Highway Toll roads
- Realistic traffic system
- Realistic weather - Rain, snow and many more.
- Realistic Bus sound effects
- Realistic host service.
- Easy controls (Tilt, Buttons or steering wheel)
- More than 25 language support

Completely realistic Coach Bus Simulator. 

HOW TO PLAY
- Start your Bus by using Start / Stop button.
- On the right side of your screen, bring the shift to “D” position.
- Control your Bus by using break and acceleration buttons.

Attention: Drive safely and follow traffic rules in real life.

Mercedes-Benz are the intellectual property of Mercedes-Benz Group AG. They are used by Zuuks Games under license.
Setra and/or the design of the enclosed product are the intellectual property of Daimler Truck AG.
All truck-specific/bus-specific claims, trademarks, logos and designs may be intellectual property of Daimler Truck AG and are used by Zuuks Games under license.

#Gaming #Gameplay #Walkthrough",2026-09-26T16:00:03Z,2026-09-26T16:00:03Z,reject,missing_group:electric_bus,1,transport_impact,0,search,e-bus,,,,,,2026-09-26T23:03:31.868889+07:00
youtube,B13F0EzwJME,https://www.youtube.com/watch?v=B13F0EzwJME,Here is the 436 Falcon Electric bus in Woking Friday 25 September 2026,Here is the 436 Falcon Electric bus in Woking Friday 25 September 2026,2026-09-25T21:17:42Z,2026-09-25T21:17:42Z,reject,not_vietnam,1,"transport_impact,electric_bus",0,search,electric bus,,,,,,2026-09-26T20:56:24.134173+07:00
youtube,B1tRcJD529M,https://www.youtube.com/watch?v=B1tRcJD529M,Tuyến 11 trên xe buýt điện Vinfast EB8 29B-144.70,Tuyến 11 trên xe buýt điện Vinfast EB8 29B-144.70,2026-09-23T12:44:00Z,2026-09-23T12:44:00Z,accept,electric_bus,1,"transport_impact,electric_bus",0,search,xe buýt điện,,,,,,2026-09-26T20:47:18.780285+07:00
youtube,B2X3RDZB1uc,https://www.youtube.com/watch?v=B2X3RDZB1uc,P1 :Tôi Có Đủ Điện Nhưng Thành Phố Vẫn Mất Điện?! | Cities: Skylines 2,"P1 :Tôi Có Đủ Điện Nhưng Thành Phố Vẫn Mất Điện?! | Cities: Skylines 2
⚡ ĐỦ ĐIỆN NHƯNG THÀNH PHỐ VẪN MẤT ĐIỆN?!

Tôi tưởng chỉ cần xây thêm nhà máy điện là giải quyết được vấn đề… nhưng hóa ra nguyên nhân lại nằm ở **lưới điện và đường dây truyền tải**! 😱

Trong tập này, tôi sẽ tìm hiểu tại sao thành phố vẫn báo thiếu điện dù công suất phát điện vẫn đủ, đồng thời nâng cấp hệ thống truyền tải để đưa điện đến đúng nơi đang cần.

🏙️ Thành phố ngày càng lớn
⚡ Nhu cầu điện liên tục tăng
🔥 Đường dây truyền tải bị quá tải
💡 Và một vấn đề tưởng đơn giản lại khiến cả thành phố lao đao!

Liệu tôi có thể ổn định lại toàn bộ hệ thống điện trước khi thành phố chìm trong bóng tối?


👉 Subscribe: https://www.youtube.com/@CitySkyLinee?sub_confirmation=1

🎮 Game: Cities: Skylines II

Nếu bạn thích những video xây dựng và quản lý thành phố, hãy **Like 👍 và Follow/Subscribe** để xem những tập tiếp theo!

#CitiesSkylines2 #CitiesSkylinesII #CityBuilder #Gaming #XayDungThanhPho #QuanLyThanhPho #Gameplay",2026-09-26T16:39:42Z,2026-09-26T16:39:42Z,reject,missing_group:electric_bus,1,,0,search,buýt điện,,,,,,2026-09-27T16:00:49.320404+07:00
youtube,B2gTWGru0P4,https://www.youtube.com/watch?v=B2gTWGru0P4,Tuyến E02 trên xe buýt điện Vinfast EB10 29H-938.39 (đoạn quay hơi mờ) ,Tuyến E02 trên xe buýt điện Vinfast EB10 29H-938.39 (đoạn quay hơi mờ),2026-08-23T15:01:41Z,2026-08-23T15:01:41Z,accept,electric_bus,1,"transport_impact,electric_bus",0,search,trạm xe buýt điện,,,,,,2026-09-26T21:07:13.362537+07:00
youtube,B2sG2i_aIBA,https://www.youtube.com/watch?v=B2sG2i_aIBA,Xe buýt 24 và 145 TP. Hồ Chí Minh: Dầu diesel (cũ) và Điện (Mới). Sau hơn 1 năm chuyển đổi.,Xe buýt 24 và 145 TP. Hồ Chí Minh: Dầu diesel (cũ) và Điện (Mới). Sau hơn 1 năm chuyển đổi.,2026-09-10T10:10:29Z,2026-09-10T10:10:29Z,reject,missing_group:electric_bus,1,transport_impact,1,search,điểm dừng xe buýt điện,,,,,,2026-09-26T21:07:30.543526+07:00
youtube,B9T9ZuH_Cu0,https://www.youtube.com/watch?v=B9T9ZuH_Cu0,Chúng Tôi Bất Ngờ Chạy Thử Xe Đạp Điện Công Cộng Ở Quận 1 Và Một Chuyện Không Ngờ Đã Xảy Ra,"Chúng Tôi Bất Ngờ Chạy Thử Xe Đạp Điện Công Cộng Ở Quận 1 Và Một Chuyện Không Ngờ Đã Xảy Ra
Like & Subscribe ♥
❤️ Nếu video mang lại giá trị hoặc giúp các bạn có những phút giây giải trí, mình rất trân trọng và biết ơn mọi sự ủng hộ, đóng góp từ các bạn.

💰 Donate / Ủng hộ:
Techcombank: 1903 6711 6460 14

📸 Instagram: @qvctrq

Cảm ơn các bạn đã luôn theo dõi, ủng hộ và đồng hành cùng mình! ❤️

#motivation #mindset #selfimprovement #phattrienbanthan #growthmindset #growth",2026-09-04T13:00:15Z,2026-09-04T13:00:15Z,reject,missing_group:electric_bus,1,transport_impact,0,search,xe điện công cộng,,,,,,2026-09-26T21:05:52.328513+07:00
youtube,BPjMFrEjlEo,https://www.youtube.com/watch?v=BPjMFrEjlEo,Tổng tài review xe kiểu😎  #Dibao #XeMayDien #TongTaiReview,"Tổng tài review xe kiểu😎  #Dibao #XeMayDien #TongTaiReview
Khi “tổng tài” đi đánh giá xe điện Dibao, điều gì sẽ được soi đầu tiên: ngoại hình, trải nghiệm lái hay… khí chất? 😎⚡
Xem hết video để biết màn đánh giá này khác người thường thế nào nhé! Nếu bạn là tổng tài, bạn sẽ chấm chiếc xe mấy điểm? Bình luận bên dưới 👇",2026-09-27T04:15:11Z,2026-09-27T04:15:11Z,reject,missing_group:electric_bus,1,transport_impact,0,search,review bus điện,,,,,,2026-09-27T16:06:15.367415+07:00
youtube,BRS2dFe2lNA,https://www.youtube.com/watch?v=BRS2dFe2lNA,Xe điện mà bể bánh thì phiền thiệt! #vietkieumy #uniqhaus,Xe điện mà bể bánh thì phiền thiệt! #vietkieumy #uniqhaus,2026-09-24T15:36:18Z,2026-09-24T15:36:18Z,reject,missing_group:electric_bus,1,transport_impact,0,search,bus dien,,,,,,2026-09-26T20:54:26.431281+07:00
youtube,BRpdOKm5JJI,https://www.youtube.com/watch?v=BRpdOKm5JJI,Trải nghiệm đi xe buýt và chiến đấu zombie từ nhiều mà chỉ còn 1 mình tôi | Roblox .,"Trải nghiệm đi xe buýt và chiến đấu zombie từ nhiều mà chỉ còn 1 mình tôi | Roblox .
#roblox #games #bus",2026-08-14T00:15:22Z,2026-08-14T00:15:22Z,reject,missing_group:electric_bus,1,transport_impact,0,search,trải nghiệm xe buýt điện,,,,,,2026-09-26T21:08:17.960021+07:00
youtube,B_L7naIs02Q,https://www.youtube.com/watch?v=B_L7naIs02Q,(Tuyến 74) Bến Xe Củ Chi - Bến Xe An Sương 50E-845.16,"(Tuyến 74) Bến Xe Củ Chi - Bến Xe An Sương 50E-845.16
© Bản Quyền Hy Khang 2011-2026 Xe Buýt Xanh Công Cộng TP.HCM ©
_____
Xin Chào Mọi Người, Mình Tên Là Hy Khang, Mình Sẽ Hướng Dẫn Tất Cả Mọi Người Đi Xe Buýt Và Lộ Trình Trạm Với Tuyến, Khám Phá Mới, 1 Trong Những Xe Buýt Xanh Bảo Vệ Môi Trường Ở TP.HCM, Xe Buýt Điện Là 1 Thương Mại Hoàn Toàn Mới Để Bảo Vệ Môi Trường Và Sạch Đẹp TP.HCM, Xin Mọi Người Hãy Coi Những Video Tiếp Theo Để Biết Về Rõ Hơn, Xin Chân Thành Cảm Ơn Chào Đón",2026-09-10T15:47:10Z,2026-09-10T15:47:10Z,accept,electric_bus,1,"transport_impact,electric_bus",1,search,xe buyt điện,,,,,,2026-09-26T20:53:37.252038+07:00
youtube,BaeoCX9IhC4,https://www.youtube.com/watch?v=BaeoCX9IhC4,Đại Chiến Xe Điện Giá Rẻ: Lợi Cho Người Dùng Hay Thảm Họa?,"Đại Chiến Xe Điện Giá Rẻ: Lợi Cho Người Dùng Hay Thảm Họa?
Thị trường xe điện giá rẻ đang bước vào cuộc cạnh tranh ngày càng khốc liệt. Nhiều mẫu xe được đưa ra thị trường với mức giá dễ tiếp cận hơn, đi kèm ưu đãi, hỗ trợ tài chính và những lời quảng bá về khả năng tiết kiệm chi phí sử dụng. Với người tiêu dùng, đây có thể là cơ hội để sở hữu một chiếc xe điện với số tiền thấp hơn trước.

Nhưng khi cuộc đua giảm giá diễn ra mạnh, câu hỏi đặt ra là: giá xe giảm mang lại lợi ích gì cho người mua và những rủi ro nào có thể xuất hiện phía sau? Người dùng không chỉ cần quan tâm đến giá mua ban đầu mà còn phải tính đến chi phí pin, bảo dưỡng, sửa chữa, khấu hao, bảo hiểm và giá trị bán lại.

Một chiếc xe điện có giá bán hấp dẫn chưa chắc đã là lựa chọn có tổng chi phí sở hữu thấp nhất. Ngược lại, cạnh tranh về giá cũng có thể buộc các hãng phải tối ưu sản xuất, công nghệ và chuỗi cung ứng, qua đó tạo thêm lựa chọn cho người tiêu dùng.

Video này phân tích cuộc chiến xe điện giá rẻ, từ giá bán, công nghệ pin, chi phí sử dụng cho đến áp lực cạnh tranh giữa các hãng. Khi ngày càng nhiều mẫu xe cùng nhắm tới phân khúc phổ thông, người mua sẽ được hưởng lợi như thế nào và đâu là những yếu tố cần kiểm tra trước khi xuống tiền?
THEO DÕI CHÚNG TÔI:
————————————
■ Đăng ký kênh: https://bit.ly/31Mmz13
■ Follow Tiktok: https://www.tiktok.com/@vuatinnhanh
■ Nghe Podcast Spotify:https://open.spotify.com/show/033zlbjFFXewl52BxHQAuw

MIỄN TRỪ TRÁCH NHIỆM (DISCLAIMER)

Nội dung trong video này được đội ngũ Vựa Tin tổng hợp, phân tích và bình luận dựa trên các nguồn thông tin công khai, báo chí, dữ liệu tham khảo cùng góc nhìn cá nhân tại thời điểm thực hiện.

Video mang tính chất thông tin, phân tích xã hội và cung cấp góc nhìn đa chiều nhằm phục vụ mục đích tham khảo, giáo dục và giải trí. Các nội dung sử dụng yếu tố trào phúng, châm biếm, ví von đời thường để tăng tính truyền tải, không nhằm công kích, quy chụp hay xúc phạm bất kỳ tổ chức hoặc cá nhân nào.

Vựa Tin không khẳng định mọi thông tin trong video là tuyệt đối chính xác ở mọi thời điểm, đồng thời không chịu trách nhiệm đối với các quyết định, hành động hoặc hệ quả phát sinh từ việc người xem sử dụng thông tin trong nội dung này. Người xem được khuyến khích chủ động kiểm chứng thông tin từ nhiều nguồn chính thống trước khi đưa ra nhận định hoặc quyết định cá nhân.

Mọi hình ảnh minh họa, nhân vật hoặc tình huống xuất hiện trong video (nếu có) đều mang tính chất minh họa, phục vụ cho mục đích kể chuyện, phân tích và bình luận xã hội.

Nếu có bất kỳ vấn đề liên quan đến bản quyền, nội dung hoặc thông tin cần điều chỉnh, vui lòng liên hệ trực tiếp với kênh(Email: info.vuatin@gmail.com) để được hỗ trợ xử lý nhanh chóng và thiện chí.


#vuatin #tintuc #tinmoimoingay #XeDienGiaRe #DaiChienXeDien #XeDien #OToDien #GiaXeDien #ThiTruongXeDien #PinXeDien #ChiPhiXeDien #KhauHaoXeDien #MuaXeDien #OToGiaRe #ThiTruongOTo #VuaTin",2026-09-26T04:12:18Z,2026-09-26T04:12:18Z,reject,missing_group:electric_bus,1,transport_impact,0,search,bus dien,,,,,,2026-09-26T20:54:26.265030+07:00
youtube,Bjc4YM6WBsY,https://www.youtube.com/watch?v=Bjc4YM6WBsY,Jshw8 is thhsshsusususuusustjshwe ebus to London 33,Jshw8 is thhsshsusususuusustjshwe ebus to London 33,2026-09-24T13:15:23Z,2026-09-24T13:15:23Z,reject,not_vietnam,1,electric_bus,0,search,ebus,,,,,,2026-09-26T21:00:51.541555+07:00
youtube,BkhZIjmGb_8,https://www.youtube.com/watch?v=BkhZIjmGb_8,PM E-Bus Service Madhya Pradesh: MP के सात शहरों में शुरू हुई इंटरसिटी बस सेवा | Mohan Yadav,"PM E-Bus Service Madhya Pradesh: MP के सात शहरों में शुरू हुई इंटरसिटी बस सेवा | Mohan Yadav
PM E-Bus Service Madhya Pradesh: MP के सात शहरों में शुरू हुई इंटरसिटी बस सेवा | Mohan Yadav

मध्य प्रदेश के लिए 25 सितंबर का दिन ऐतिहासिक रहा। अब प्रदेश में सफर आसान, सुरक्षित और सुविधाओं से भरपूर होगा। दरअसल, भोपाल के भेल दशहरा मैदान में आयोजित कार्यक्रम में केंद्रीय सड़क परिवहन एवं राजमार्ग मंत्री नितिन गडकरी और मुख्यमंत्री डॉ. मोहन यादव ने मुख्यमंत्री सुगम परिवहन सेवा और पीएम ई-बस सेवा की शुरुआत की। मोबिलिटी विजन-2030 (Mobility Vision-2030) के तहत केंद्रीय मंत्री गडकरी और सीएम डॉ. मोहन यादव ने 7 शहरों की 351 इंटरसिटी और इंट्रासिटी बसों को हरी झंडी दिखाकर रवाना किया।

#mpbusservice #nitingadkari #mohanyadav #indiatv 

----------------------------------------------------------------------------------------------------------------------------------------
For more videos, visit https://www.indiatvnews.com/video or https://www.indiatv.in/video

VETO - Subscription free OTT Platform, Download Now: https://onelink.to/s3rweu
Subscribe to IndiaTV and don't forget to press ""THE BELL ICON"" to never miss any updates-
http://bit.ly/2O2aC1J

Download Mobile App:
Link for Android device: https://bit.ly/2V2wnA3
Link for Apple device: https://apple.co/2EB9lKr 

Follow Us On: 
Facebook: https://www.facebook.com/indiatvnews/
                    https://www.facebook.com/IndiaTV.in/      
Twitter: https://twitter.com/indiatvnews
               https://twitter.com/IndiaTVHindi

About Us: IndiaTV is the country's most trusted Hindi News Channel. IndiaTV covers the latest news in Politics, Nation, World, Entertainment, Bollywood, Business, and Sports categories and delivers reliable information across all platforms - TV, Internet, and Mobile. Stay tuned for IndiaTV's flagship programs like Aap Ki Adalat, Aaj Ki Baat with Rajat Sharma, Corona Se Jung Swami Ramdev Ke Sang, Bhavishyavani, Haqiqat Kya Hai, OMG, Special Report, and many more.

IndiaTV भारत का No.1 विश्वसनीय Hindi News Channel है। IndiaTV News Channel राजनीति, मनोरंजन, बॉलीवुड, व्यापार और खेल से जुड़े Latest News अपने दर्शकों तक पहुंचाता है। IndiaTV की Live खबरें एवं Hindi Breaking News के लिए बने रहें। 

Also Watch:
Aaj Ki Baat: https://www.youtube.com/playlist?list=PLrPV4CIjXWRq9VzZJ7FiAy4nrR9LPV8Qp
Aap Ki Adalat: https://www.youtube.com/playlist?list=PL24E9622EAB8ADE7E
Haqiqat Kya Hai: https://www.youtube.com/playlist?list=PLrPV4CIjXWRocWbHMXhZvXISEFTOanOab
Yoga by Swami Ramdev: https://www.youtube.com/playlist?list=PLrPV4CIjXWRoZVeiAhcmasZ6Pv3YTE5O3

Get All Latest Updates Here:
IndiaTV Live TV Streaming: https://www.indiatvnews.com/livetv 
IndiaTV News in English:  https://www.indiatvnews.com 
IndiaTV News in Hindi: https://www.indiatv.in",2026-09-25T15:06:28Z,2026-09-25T15:06:28Z,reject,not_vietnam,1,"transport_impact,electric_bus",0,search,e-bus,,,,,0,2026-09-26T20:58:41.223774+07:00
youtube,BrSE2J3VXuw,https://www.youtube.com/watch?v=BrSE2J3VXuw,Foton eBus U12 de RBU Santiago (Recorrido 429) pasando por la Avenida Tobalaba,"Foton eBus U12 de RBU Santiago (Recorrido 429) pasando por la Avenida Tobalaba
Grabado el 22 de Septiembre del 2026.",2026-09-22T21:28:16Z,2026-09-22T21:28:16Z,reject,not_vietnam,1,electric_bus,0,search,ebus,,,,,,2026-09-26T21:01:17.796058+07:00
youtube,BwxMp4fpccg,https://www.youtube.com/watch?v=BwxMp4fpccg,Tuyến E02 trên xe buýt điện Vinfast EB10 29F-008.82,Tuyến E02 trên xe buýt điện Vinfast EB10 29F-008.82,2026-09-04T15:33:57Z,2026-09-04T15:33:57Z,accept,electric_bus,1,"transport_impact,electric_bus",0,search,tuyến xe buýt điện,,,,,,2026-09-26T21:06:29.477548+07:00
youtube,C8YReQ6PQF0,https://www.youtube.com/watch?v=C8YReQ6PQF0,🔥 BATTLE 3 BUS! LORENA vs LORENA vs NPM! Siapa Menang?#eurotrucksimulator2 #shortvideo,🔥 BATTLE 3 BUS! LORENA vs LORENA vs NPM! Siapa Menang?#eurotrucksimulator2 #shortvideo,2026-09-27T11:10:54Z,2026-09-27T11:10:54Z,reject,missing_group:electric_bus,1,transport_impact,0,search,e-bus,,,,,,2026-09-27T19:05:17.087997+07:00
youtube,CLw--KKJOhk,https://www.youtube.com/watch?v=CLw--KKJOhk,Xe điện Dat Bike Era lên phuộc X1R ST3 #phuocxedien #X1R #DatBike #Shop2banh,"Xe điện Dat Bike Era lên phuộc X1R ST3 #phuocxedien #X1R #DatBike #Shop2banh
🔰PHUỘC X1R ST3 MẪU MỚI CHÍNH HÃNG CHO XE ĐIỆN ERA
🔥Êm hơn, đẹp hơn, phong cách hơn
- Thiết kế bình dầu dưới xéo độc đáo, tạo điểm nhấn nổi bật cho xe
- Ty phuộc lớn, lò xo lớn giúp xe vận hành đầm chắc, hấp thụ xung lực tốt
* Đầy đủ tăng chỉnh để tinh chỉnh:
- Độ cứng/mềm của phuộc
- Tốc độ hồi ty nhanh hoặc chậm
- Phù hợp với từng nhu cầu sử dụng và trọng lượng người lái
📏 Gắn vừa cho: Stylo, Lead, Grande, Vario, SH Mode,....
🛡️ Bảo hành chính hãng 12 tháng
🌐 https://shop2banh.vn/phuoc-x1r-st3-cho-honda-lead-chinh-hang-2668.html
- Phụ tùng & Đồ chơi xe máy chính hãng: https://shopee.vn/shop2banh?gidzl=xOKK37IrYLllcnmFTg-8M-YO70vihe5Q_vP706BpXrMkaX42PwID0wkI7rSqfuu2-f4J1M6g0AHZTRI6Mm&page=1&sortBy=pop&tab=0
- Website: https://shop2banh.vn/
- Hotline hỗ trợ: 0938.82.02.02 - 0906.644.645
- Fanpage: https://www.facebook.com/Shop2banh.vn
- Link đăng ký kênh Shop2banh.vn : https://goo.gl/GMG6Lf
----------------------------
Shop2banh.vn - Phụ tùng & Đồ chơi xe máy:
♦️ Vỏ Xe Chính Hãng.
♦️ Nhớt Chính Hãng.
♦️ Phụ Tùng Chính Hãng.
♦️ Đồ Chơi Xe Máy.
----------------------------
HỆ THỐNG CỬA HÀNG SHOP2BANH.VN
☎Đồng Nai: 829 Nguyễn Ái Quốc, Tam Hiệp
0902.404.406
☎Hóc Môn: 30/13C Tô Ký, Thới Tam Thôn
(0931.830.530)
☎Vũng Tàu: 309 Thống Nhất, P.8
(0901.390.790)
☎Bình Dương: 113 Đại Lộ Bình Dương, P.Phú Thọ, Thủ Dầu Một
(0903.705.405)
☎Cần Thơ: 8 Nguyễn Văn Linh, Hưng Lợi, Ninh Kiều
(0931.803.703)
☎Quận 7: 845 Huỳnh Tấn Phát, P.Phú Thuận, HCM
(0906.730.430)
☎ Quận 8: 53 Liên Tỉnh 5, P.5, HCM
(0938.712.412)
☎ Quận Bình Thạnh: 346 Ung Văn Khiêm, P.25, HCM
(0903.730.230)
☎ Quận 4: 359A Tôn Đản, P.15, HCM
(0902.451.151)
☎ Gò Vấp: 687 Phan Văn Trị, P.7, HCM
(0906.813.513)
☎ Quận 10: 415 Tô Hiến Thành, P.14
(0902.814.714)
☎ Quận 9: 61A Đỗ Xuân Hợp, P.Phước Long B
(0937.11.45.45)
☎ Hóc Môn: 36/6 Phan Văn Hớn, Bà Điểm
(0932.40.98.98)
☎ Q.Bình Tân: 621 Tỉnh Lộ 10, P.Bình Trị Đông B
(0906.312.709)
☎ Q.Thủ Đức: 1007 Kha Vạn Cân, P.Linh Tây, HCM
(0931.43.43.46)
☎ Q.Tân Bình: 457 Hoàng Văn Thụ, P.4, HCM
(0938.999.405)
☎ Q.Tân Phú: 309 Vườn Lài, P.Phú Thọ Hòa, HCM
(0966.644.645)
☎ Q.Bình Thạnh: 56 Nguyễn Văn Đậu, P.6, HCM
(0937.213.222)
☎ Q.Gò Vấp: 557 Lê Văn Thọ, P.14, HCM
(0938.831.381)
☎ Quận 11: 83 Hàn Hải Nguyên, P.16, HCM
(0909.278.933)
☎ Quận 7: 845 Trần Xuân Soạn, P.Tân Hưng, HCM
(0909.284.039)
☎ Bình Dương: 19 Đại Lộ Bình Dương, P.Lái Thiêu, TP.Thuận An
(0936.75.15.15)
☎ TP.Biên Hoà: 313 Đồng Khởi, P.Tân Mai
(0931.799.935)
----------------------------
- Shop Phụ tùng đồ chơi xe: Shop2banh.vn
- Diễn đàn xe máy Việt Nam: 2banh.vn
- Thông tin giá xe máy Việt Nam: Giaxe.2banh.vn
- Fanpage chính thức của 2banh.vn: https://www.facebook.com/2banh",2026-09-25T13:00:10Z,2026-09-25T13:00:10Z,reject,missing_group:electric_bus,1,transport_impact,1,search,bus dien,,,,,,2026-09-26T20:54:26.320506+07:00
youtube,CZl2mSrUcDI,https://www.youtube.com/watch?v=CZl2mSrUcDI,xe bus độc lạ,xe bus độc lạ,2026-09-27T05:39:40Z,2026-09-27T05:39:40Z,reject,missing_group:electric_bus,1,transport_impact,0,search,e-bus,,,,,,2026-09-27T16:05:09.103490+07:00
youtube,C_KTvMUJTy4,https://www.youtube.com/watch?v=C_KTvMUJTy4,VIỆT NAM THỊ UY XE BUS ĐIỆN GIỮA LÒNG BANGKOK  #quansu #vietnam #vũkhí,VIỆT NAM THỊ UY XE BUS ĐIỆN GIỮA LÒNG BANGKOK  #quansu #vietnam #vũkhí,2026-09-21T13:28:17Z,2026-09-21T13:28:17Z,accept,electric_bus,1,"transport_impact,electric_bus",0,search,xe buýt điện,,,,,,2026-09-26T20:47:35.421000+07:00
youtube,C_U87xNjLUo,https://www.youtube.com/watch?v=C_U87xNjLUo,Có ai đi Trung Quốc thử cái xe công cộng này chưa? Tấm chiếu mới kk 🇨🇳🇨🇳🇨🇳,Có ai đi Trung Quốc thử cái xe công cộng này chưa? Tấm chiếu mới kk 🇨🇳🇨🇳🇨🇳,2026-09-12T09:13:46Z,2026-09-12T09:13:46Z,reject,missing_group:electric_bus,1,transport_impact,0,search,xe điện công cộng,,,,,,2026-09-26T21:05:52.287961+07:00
youtube,CdfL3hpGSuo,https://www.youtube.com/watch?v=CdfL3hpGSuo,Faisalabad Electric bus #bus #electricbus #metro,"Faisalabad Electric bus #bus #electricbus #metro
Faisalabad electric bus is a great facility for both urban and rural people of Faisalabad #bus #electricbus #greenbus #publictransport #punjabgovernment #shorts #short #shortvideo 
@StreamHunger",2026-09-25T15:00:04Z,2026-09-25T15:00:04Z,reject,not_vietnam,1,"transport_impact,electric_bus",0,search,electric bus,,,,,,2026-09-26T20:57:10.366078+07:00
youtube,Cen-XxFjCUg,https://www.youtube.com/watch?v=Cen-XxFjCUg,"Tuyến Bus điện 74 chưa kết nối với hệ thống thẻ vé điện tử liên thông, vì lý do khách quá đông?","Tuyến Bus điện 74 chưa kết nối với hệ thống thẻ vé điện tử liên thông, vì lý do khách quá đông?",2026-08-24T02:08:37Z,2026-08-24T02:08:37Z,accept,electric_bus,1,"transport_impact,electric_bus",0,search,trạm xe buýt điện,,,,,,2026-09-26T21:07:10.112072+07:00
youtube,CgilWktyxgg,https://www.youtube.com/watch?v=CgilWktyxgg,सजी सुर्ख जोड़े में चाँद सी दुल्हन #bhopal #madhyapradesh #ebus #bhopalnews #mpnews #shortsindia,"सजी सुर्ख जोड़े में चाँद सी दुल्हन #bhopal #madhyapradesh #ebus #bhopalnews #mpnews #shortsindia
🚌 सजी सुर्ख जोड़े… मुंह दिखाई के लिए तैयार रहिए मध्यप्रदेश! 😂

21 साल का इंतज़ार खत्म… अब 351 सरकारी बसें सड़कों पर दौड़ेंगी।
जनता बोली—इतना लंबा इंतज़ार तो रिश्तेदार भी शादी में नहीं करवाते! 😂

अब देखना ये है कि बसें चलती कितनी हैं और जनता तक पहुँचती कितनी हैं! 👀🚌

#MadhyaPradesh #MPNews #Bhopal #BhopalNews #GovernmentBus #MPGovernment #PublicTransport #BhopalDiaries #MadhyaPradeshNews #MPNewsToday #BhopalUpdates #ViralNews #TrendingReels #ReelsIndia #BreakingNews",2026-09-25T14:26:39Z,2026-09-25T14:26:39Z,reject,not_vietnam,1,electric_bus,0,search,e-bus,,,,,,2026-09-26T20:58:47.796603+07:00
youtube,CkbMalWaBBA,https://www.youtube.com/watch?v=CkbMalWaBBA,Tàu điện Cát Linh - Hà Đông,Tàu điện Cát Linh - Hà Đông,2026-08-25T07:52:27Z,2026-08-25T07:52:27Z,reject,missing_group:electric_bus,1,hanoi_location,0,search,xe điện công cộng,,,,,,2026-09-26T21:05:52.363952+07:00
youtube,Cl0QmpGvoco,https://www.youtube.com/watch?v=Cl0QmpGvoco,Green Electric Bus Takes an Epic Jump! 🚌💚😱,"Green Electric Bus Takes an Epic Jump! 🚌💚😱
A green electric bus suddenly takes an epic jump on a busy road, leaving everyone shocked and amazed! 🚌💚😱
A fun, cinematic and fictional AI-generated video created for entertainment.
#GreenElectricBus #ElectricBus #BusJump #AIVideo #ViralShorts #AmazingVideo #FunnyVideo #ViralVideo #Shorts",2026-09-27T06:13:37Z,2026-09-27T06:13:37Z,reject,not_vietnam,1,"transport_impact,electric_bus",0,search,electric bus,,,,,,2026-09-27T16:04:10.308402+07:00
youtube,Cmt3pZZDbfU,https://www.youtube.com/watch?v=Cmt3pZZDbfU,Xe buýt Hà Nội tuyến E07TC: Long Biên - Khu công nghệ cao Hòa Lạc (2) | VIỆT NAM VLOG,"Xe buýt Hà Nội tuyến E07TC: Long Biên - Khu công nghệ cao Hòa Lạc (2) | VIỆT NAM VLOG
Xe buýt Hà Nội tuyến E07TC: Long Biên - Khu công nghệ cao Hòa Lạc (2) | VIỆT NAM VLOG

LỘ TRÌNH
+) Lộ trình chiều đi: Long Biên (Điểm trung chuyển xe buýt Long Biên) - Yên Phụ - Trần Nhật Duật - Nguyễn Hữu Huân - Lý Thái Tổ - Ngô Quyền - Hai Bà Trưng - Thợ Nhuộm - Điện Biên Phủ - Trần Phú - Kim Mã - Liễu Giai - Nguyễn Chí Thanh - Trần Duy Hưng - Đại lộ Thăng Long (đường gom phải) - nút giao cầu vượt Hòa Lạc - Quốc lộ 21A - đường nội bộ Khu công nghệ cao Hòa Lạc (đường N14 - đoạn qua: vòng xuyến đại học FPT, Trung tâm Đổi mới sáng tạo Quốc gia, vòng xuyến FPT Software, công viên Khởi nghiệp Hòa Lạc) - Hòa Lạc (Điểm đỗ xe buýt Hòa Lạc - cạnh sân bóng FPT Software 3, Khu công nghệ cao Hòa Lạc).

+) Lộ trình chiều về: Hòa Lạc (Điểm đỗ xe buýt Hòa Lạc - cạnh sân bóng FPT Software 3, Khu công nghệ cao Hòa Lạc) - đường nội bộ Khu công nghệ cao Hòa Lạc (đường N14 - đoạn qua: vòng xuyến đại học FPT, Trung tâm Đổi mới sáng tạo Quốc gia, vòng xuyến FPT Software, công viên Khởi nghiệp Hòa Lạc) - Quốc lộ 21A - nút giao cầu vượt Hòa Lạc - Đại lộ Thăng Long (đường gom phải) - Trần Duy Hưng - Nguyễn Chí Thanh - Liễu Giai - Kim Mã - Nguyễn Thái Học - Phan Bội Châu - Hai Bà Trưng - Phan Chu Trinh - Lý Thái Tổ - Ngô Quyền - Hàng Vôi - Hàng Tre - Hàng Muối - Trần Nhật Duật - Yên Phụ - Long Biên (Điểm trung chuyển xe buýt Long Biên).

+) Đơn vị vận hành: Công ty TNHH Dịch vụ Vận tải Sinh thái VinBus.
+) Tần suất xe chạy: 30 phút/chuyến.
+) Thời gian hoạt động: 5h00 - 21h00.
+) Giá vé: 20000đ/lượt.

Đăng ký kênh để xem videos https://youtube.com/@vietnamvlogchannel?si=5kukiCgNNpGWsY4G",2026-09-24T06:03:46Z,2026-09-24T06:03:46Z,accept,electric_bus,1,"transport_impact,hanoi_location,electric_bus",0,search,VinBus,,,,,,2026-09-26T21:02:25.625962+07:00
youtube,Cv4_1xt64Ps,https://www.youtube.com/watch?v=Cv4_1xt64Ps,NGƯỜI THÁI “CHẠNH LÒNG” NHÌN VIỆT NAM XUẤT KHẨU XE BUÝT NỘI ĐỊA HÓA 60% SANG CHÍNH THÁI,"NGƯỜI THÁI “CHẠNH LÒNG” NHÌN VIỆT NAM XUẤT KHẨU XE BUÝT NỘI ĐỊA HÓA 60% SANG CHÍNH THÁI
NGƯỜI THÁI “CHẠNH LÒNG” NHÌN VIỆT NAM XUẤT KHẨU XE BUÝT NỘI ĐỊA HÓA 60% SANG CHÍNH THÁI

© Bản quyền thuộc về TVH Media
© Do not Reup.

Nếu bạn thích xem video này!Bạn sẽ muốn xem các Playlist dưới đây ⬇️
➡️ https://www.youtube.com/playlist?list=PLRWn4sMVzl6PlUlvoazAmnCYMz10H7d41
➡️ https://www.youtube.com/playlist?list=PLRWn4sMVzl6PBDyiwl1nWrb6LGdZ-yWOe
➡️ https://www.youtube.com/playlist?list=PLRWn4sMVzl6P8bN0gYFPYF6HZdTA8-Qrc
------------------------------------------------------------------------------------------------------------
Tham gia làm hội viên của kênh này để được hưởng đặc quyền:
https://www.youtube.com/channel/UC8XztUclX1Patc7P3uWBcGg/join
-------------------------------------------------
- SUBSCRIBE NGAY: https://bit.ly/2LdXw1v
- BLV: https://www.facebook.com/MrTuyenVanHoa
- Fan Page: https://www.facebook.com/TuyenVanHoaOfficial
- Contact: VietnamSportsOfficial@gmail.com
#TuyềnVănHóa #tintuc #TVH #tuyenvanhoa #kimlongmotor #xebuytvietnam#tinthegioi #tinthegioi #tintuc #tinnong",2026-09-16T01:02:52Z,2026-09-16T01:02:52Z,reject,missing_group:electric_bus,1,transport_impact,0,search,xe buýt điện,,,,,,2026-09-26T20:49:38.533191+07:00
youtube,Cw7NxBh8W4U,https://www.youtube.com/watch?v=Cw7NxBh8W4U,I Took The Electric Bus From Edinburgh To Dundee,"I Took The Electric Bus From Edinburgh To Dundee
Ember's E1 service between Edinburgh and Dundee can take as little as an hour and a half but on the day I travelled it took just over two hours because of delays getting out of Edinburgh. Despite this it's a good service and one that is clearly very popular judging by the numbers on the day I went on it. Mind you, I nearly missed it as I was waiting at the stop on the wrong side of George Street.

Filmed July 2026

#emberbus #electricbus #scotlandtravel #uktravel",2026-09-27T10:00:26Z,2026-09-27T10:00:26Z,reject,not_vietnam,1,"transport_impact,electric_bus",0,search,electric bus,,,,,,2026-09-27T17:03:40.270205+07:00
youtube,CyFUGNvytkA,https://www.youtube.com/watch?v=CyFUGNvytkA,Học Sinh Hạ Long Hân Hoan Đón Chuyến Bus Điện Miễn Phí Đến Trường,Học Sinh Hạ Long Hân Hoan Đón Chuyến Bus Điện Miễn Phí Đến Trường,2026-09-07T10:27:02Z,2026-09-07T10:27:02Z,accept,electric_bus,1,"transport_impact,electric_bus",1,search,xe bus điện,,,,,,2026-09-26T20:51:50.783389+07:00
youtube,D3u25-0LVpI,https://www.youtube.com/watch?v=D3u25-0LVpI,"🙏 Xe Hoa Đánh Bay Dải Phân Cách, Gãy Cả Cột Điện Thì Cô Dâu Chú Dể Còn Gì Vui","🙏 Xe Hoa Đánh Bay Dải Phân Cách, Gãy Cả Cột Điện Thì Cô Dâu Chú Dể Còn Gì Vui
Chào mừng đến với GIAO THÔNG VĂN MINH!
Nơi tổng hợp những tình huống giao thông trên toàn cõi mạng, thông tin chia sẻ kiến thức và kĩ năng để bạn lái xe an toàn hơn.
Cảm ơn vì đã đến và ở lại!
#camerahanhtrinh #giaothongvietnam #laixeantoan #onmymind #streetview #vloglaixe #kinhnghiemlaixe #giaothongvanminh #cameragiaothong",2026-09-25T09:18:29Z,2026-09-25T09:18:29Z,reject,missing_group:electric_bus,1,transport_impact,0,search,bus dien,,,,,,2026-09-26T20:54:26.368836+07:00
youtube,D5Ke1CBQZV4,https://www.youtube.com/watch?v=D5Ke1CBQZV4,Nitin Gadkari Warning : बसों की Safety पर सख्त हुए गडकरी। अधिकारियों को दी बड़ी चेतावनी,"Nitin Gadkari Warning : बसों की Safety पर सख्त हुए गडकरी। अधिकारियों को दी बड़ी चेतावनी
IBC24, Nitin Gadkari Warning: बसों की Safety पर सख्त हुए गडकरी। अधिकारियों को दी बड़ी चेतावनी

#NitinGadkari #Gadkari #BhopalNews #MPNews #ElectricBus #EBus #BusSafety #PublicTransport #MadhyaPradesh #MPTransport #GadkariStatement #HindiNews #BreakingNews #IBC24 #IBC24News

Follow us: 
Facebook: https://www.facebook.com/IBC24News

Follow the IBC24 News channel on WhatsApp: https://whatsapp.com/channel/0029Va9nHPgEawdjuFf16O1W 

instagram : https://www.instagram.com/ibc24.in/

YouTube: https://www.youtube.com/channel/UCBc13XYipnBIBE3Ff8QaaGg

Telegram :  https://t.me/cg_mp_news

Facebook: https://www.facebook.com/IBC24News

Twitter: https://twitter.com/ibc24news?lang=en  

IBC24 Website: https://www.ibc24.in/

Head Office: IBC24 Mediaplex
M/s S.B. Multimedia Pvt. Ltd.
Vidhan Sabha Road, Near MGM Eye Institute,
Saddu, Raipur, Chhattisgarh
Pin - 492014

IBC24 is a media and news organization. Its Head office is in Raipur, the state capital of Chhattisgarh. This channel is providing primarily regional news of Madhya Pradesh & Chhattisgarh besides national, International, sports and other main news of public interests. Our wide network of reporters in rural and urban areas has made us one of the most reliable news channels of Madhya Pradesh and Chhattisgarh. 

We have a history of providing reliable news in matters pertaining to local, national and international significance. Many times our onscreen coverage has been picked up by various national and international news channels. Especially our coverage during Dantewada Naxal attack on CRPF jawans and during the Naxal attack on the motorcade of Congress leaders and the massacre that followed at Jhiram Ghati (also known as Darbha Ghati Massacre).

Video Link:https://youtu.be/D5Ke1CBQZV4

Incoming Search Terms:
Nitin Gadkari, Nitin Gadkari Statement, Nitin Gadkari Warning, Gadkari Warning, Gadkari Bus Safety, Electric Bus Safety, E Bus Safety, Electric Bus MP, MP Bus Service, Public Transport MP, Bhopal News, MP News, Madhya Pradesh News, Bus Safety Standards, Bus Approval, Bus Quality Check, Electric Bus Quality, Public Transport News, Nitin Gadkari Bhopal, Gadkari Latest News, MP Transport News, Bhopal Electric Bus, Government Bus Service, Madhya Pradesh Transport, MP Breaking News, Madhya Pradesh Latest News, Hindi News, Latest News, Breaking News,",2026-09-25T13:54:17Z,2026-09-25T13:54:17Z,reject,not_vietnam,1,"transport_impact,electric_bus",0,search,electric bus,,,,,,2026-09-26T20:57:13.769917+07:00
youtube,D6X3tu9DRpU,https://www.youtube.com/watch?v=D6X3tu9DRpU,Tuyến 09A trên xe buýt điện Vinfast EB8 29E-559.84,Tuyến 09A trên xe buýt điện Vinfast EB8 29E-559.84,2026-09-04T13:14:53Z,2026-09-04T13:14:53Z,accept,electric_bus,1,"transport_impact,electric_bus",0,search,buyt dien,,,,,,2026-09-26T20:54:46.973931+07:00
youtube,D75JyamXfdQ,https://www.youtube.com/watch?v=D75JyamXfdQ,bus electric,bus electric,2026-09-26T10:33:55Z,2026-09-26T10:33:55Z,reject,missing_group:electric_bus,1,transport_impact,0,search,electric bus,,,,,,2026-09-26T20:55:24.449688+07:00
youtube,DDI0R2vN0dY,https://www.youtube.com/watch?v=DDI0R2vN0dY,"₹2 प्रति किमी में रीवा से सीधी, सतना और जबलपुर का सफर, नई ई-बस सेवा शुरू","₹2 प्रति किमी में रीवा से सीधी, सतना और जबलपुर का सफर, नई ई-बस सेवा शुरू
₹2 प्रति किमी में रीवा से सीधी, सतना और जबलपुर का सफर, नई ई-बस सेवा शुरू#RewaNews #Rewa #MadhyaPradeshNews #RewaElectricBus #RewaElectricBus #RewaSustainableTransport #RewaPublicTransport #RajendraShukla #MPNews #RewaDevelopment",2026-09-27T11:21:58Z,2026-09-27T11:21:58Z,reject,missing_group:electric_bus,1,,0,search,electric bus,,,,,,2026-09-27T19:04:56.762388+07:00
youtube,DLStg0UVWQ8,https://www.youtube.com/watch?v=DLStg0UVWQ8,Electric Golden Dragon XML6125CLE ebus of Metropoline on Route 24 in Ramat HaSharon,"Electric Golden Dragon XML6125CLE ebus of Metropoline on Route 24 in Ramat HaSharon
24.09.2026, 07:31 (גרסת שורטס (Shorts version): https://youtube.com/shorts/nhiiDmPVfxk ).

גולדן דרגון XML6125CLE חשמלי של מטרופולין מבצע קו 24 (ממסוף כרמלית תל אביב למסוף קדמה רמת השרון) ברח' בית הלל (on Beit Hillel st.)/בר יוחאי רמת השרון.

555-75-704; https://x.com/yoramkraus/status/2102974297635459330",2026-09-26T16:45:27Z,2026-09-26T16:45:27Z,reject,not_vietnam,1,electric_bus,0,search,ebus,,,,,,2026-09-27T16:01:40.106672+07:00
youtube,DSSt2YiRKYI,https://www.youtube.com/watch?v=DSSt2YiRKYI,Review Vinfast VF2 - Xe nhỏ gọn che nắng che mưa,"Review Vinfast VF2 - Xe nhỏ gọn che nắng che mưa
🚗 Review VinFast VF2 – xe điện nhỏ gọn, che nắng che mưa, phù hợp đi phố mỗi ngày.

🔥 Ưu đãi 3%
💰 Trả trước từ 38 triệu nhận xe
👉 Xem video để biết ưu – nhược điểm và VF2 có phù hợp với bạn không.

📩 Comment “VF2” hoặc inbox Trọng VinFast để nhận báo giá và phương án trả góp.

#VinFast #VF2 #VinFastVF2 #ReviewVF2 #XeDienVinFast #TrongVinFast",2026-09-22T11:24:36Z,2026-09-22T11:24:36Z,reject,missing_group:electric_bus,1,transport_impact,0,search,review bus điện,,,,,,2026-09-26T21:08:04.388156+07:00
youtube,D_4yEWAr81k,https://www.youtube.com/watch?v=D_4yEWAr81k,Cách đi xe buýt và tìm tuyến đến nơi mình muốn trên điện thoại (dễ),"Cách đi xe buýt và tìm tuyến đến nơi mình muốn trên điện thoại (dễ)
[] 4/8/2026 , hãy trải nghiệm khi còn có thể

[] Link bài báo có ảnh trong video :
https://danviet.vn/anh-xe-buyt-dien-chinh-thuc-lan-banh-o-tphcm-gia-ve-cho-hoc-sinh-sinh-vien-chi-3000-dong-luot-50202283131312182-d1264835.html

[]  Thượng lộ bình an",2026-08-04T08:01:02Z,2026-08-04T08:01:02Z,reject,missing_group:electric_bus,1,transport_impact,1,search,xe buyt dien,,,,,,2026-09-26T20:53:13.761940+07:00
youtube,DgIQ-YEyZEA,https://www.youtube.com/watch?v=DgIQ-YEyZEA,⚡ Tủ phân phối thanh đồng cái Bus Bar LS 2 lớp cánh  | DITICO,"⚡ Tủ phân phối thanh đồng cái Bus Bar LS 2 lớp cánh  | DITICO
⚡ Tủ phân phối thanh đồng cái Bus Bar LS 2 lớp cánh – Gia công chuẩn công nghiệp, an toàn tuyệt đối | DITICO

Trong các hệ thống điện cho tòa nhà văn phòng, nhà xưởng sản xuất hay trung tâm thương mại, tủ điện phân phối nhánh (DB) đóng vai trò trung chuyển nguồn điện từ tủ tổng MSB đến từng thiết bị tiêu thụ. Việc lựa chọn một giải pháp tủ phân phối sử dụng thanh đồng cái Busbar định hình đồng bộ kết hợp thiết kế vỏ 2 lớp cánh không chỉ đảm bảo độ bền bỉ, khả năng chịu tải cao mà còn nâng độ an toàn lên mức tối đa cho người vận hành.

Video này Tủ Điện DITICO sẽ giới thiệu chi tiết đến các bác cấu hình hoàn thiện sắc nét của dòng Tủ phân phối thanh đồng cái Bus Bar LS 2 lớp cánh cao cấp vừa được gia công hoàn thiện tại xưởng.

---

⚙️ CẤU HÌNH THỰC TẾ VÀ ĐẶC ĐIỂM KỸ THUẬT VƯỢT TRỘI TRÊN IMAGE_F9E673.JPG

Mẫu tủ điện phân phối được đội ngũ kỹ sư DITICO gia công cơ khí chính xác CNC và lắp ráp tỉ mỉ theo tiêu chuẩn công nghiệp như ghi nhận trong ảnh image_f9e673.jpg:

- Vỏ tủ điện 2 lớp cánh an toàn: Thiết kế vỏ tủ sơn tĩnh điện dày dặn. Cánh ngoài có khóa tay quay bảo vệ chống bụi bẩn và tác động môi trường; cánh trong khoét lỗ chính xác lộ mặt thao tác của các Aptomat, cách ly hoàn toàn người vận hành khỏi phần thanh cái đồng mang điện bên trong, triệt tiêu rủi ro phóng điện hay chạm chắp do vô ý.

- Hệ thống thanh đồng cái Busbar LS định hình: Toàn bộ thanh busbar phân phối chính giữa tủ trong ảnh image_f9e673.jpg sử dụng đồng nguyên chất mạ canxi/thiếc chịu dòng lớn. Thanh busbar thiết kế dạng lược xếp tầng khoa học, bọc ống co nhiệt phân màu chuẩn pha (Đỏ - Vàng - Xanh) giúp tối ưu không gian, tản nhiệt tốt và chịu lực điện động cực cao khi xảy ra sự cố ngắn mạch.

- Đồng bộ thiết bị LS chính hãng: Tủ sử dụng Aptomat khối MCCB LS làm aptomat tổng đầu nguồn (phía trên) và giàn Aptomat tép MCB LS dạng mô-đun xếp đối xứng 2 bên rất cân đối, giúp phân chia đường tải đi từng tầng, từng phòng hoặc từng cụm máy móc mượt mà.

- Thanh tiếp địa PE và trung tính N độc lập: Phía dưới đáy tủ trên ảnh image_f9e673.jpg bố trí thanh trung tính N và thanh tiếp địa PE bằng đồng tấm dày dặn, đột lỗ sẵn sàng cho việc đấu nối cáp nguồn ra phụ tải nhanh chóng và an toàn.

- Máng nhựa kỹ thuật & Đèn LED chiếu sáng: Máng dây đi chìm gọn gàng hai bên hông tủ, phía trên tích hợp thêm đèn LED tự động chiếu sáng khoang tủ khi mở cánh, cực kỳ tiện lợi cho kỹ sư kiểm tra, bảo trì vào ban đêm hoặc trong không gian thiếu sáng.

---
D6T7.28
26.7.31

🏢 CÔNG TY TNHH THƯƠNG MẠI VÀ SẢN XUẤT DITICO
- Mã số thuế: 0110093751
- Văn phòng: A10 Nam Trung Yên, Cầu Giấy, Hà Nội
- Xưởng sản xuất: Thôn Đồng Bụt, Xã Kiều Phú, Quốc Oai, Hà Nội
- Hotline / Zalo: 0988.9969.14

---

🏷️ TAGS SEO:
#DITICO #TủPhânPhối #ThanhĐồngCái #BusbarLS #Tủ2LớpCánh #TủĐiệnDB #MCCBLS #MCBLS #ThiếtKếTủĐiện #GiaCôngTủĐiện #TủĐiệnDITICO

---
💡 Tủ Điện DITICO chuyên khảo sát, tính toán thông số phụ tải và gia công sản xuất trọn gói các dòng tủ điện phân phối tổng MSB, tủ phân phối nhánh DB, tủ ATS, tủ tụ bù tự động sử dụng thiết bị chính hãng LS, Schneider, ABB, Chint... theo yêu cầu riêng của từng công trình trên toàn quốc. Các bác chủ đầu tư, anh em thầu thợ cơ điện cần phương án kỹ thuật an toàn và báo giá xưởng tối ưu nhất, hãy liên hệ ngay Hotline hoặc Zalo của DITICO để được hỗ trợ nhanh nhất!

Hãy nhấn LIKE, CHIA SẺ và ĐĂNG KÝ KÊNH để cập nhật thêm nhiều video chia sẻ giải pháp thi công tủ điện thực tế tiếp theo từ Tủ Điện DITICO!",2026-09-09T15:00:27Z,2026-09-09T15:00:27Z,reject,missing_group:electric_bus,1,"transport_impact,hanoi_location",1,search,bus điện,,,,,,2026-09-26T20:54:15.592134+07:00
youtube,DhDP6JbOncE,https://www.youtube.com/watch?v=DhDP6JbOncE,Trải nghiệm xe buýt điện miễn phí #Hochiminh,Trải nghiệm xe buýt điện miễn phí #Hochiminh,2026-08-05T01:54:13Z,2026-08-05T01:54:13Z,accept,electric_bus,1,"transport_impact,electric_bus",0,search,trải nghiệm xe buýt điện,,,,,,2026-09-27T19:06:20.419096+07:00
youtube,DkY22qvlGgI,https://www.youtube.com/watch?v=DkY22qvlGgI,Here is the 436 Falcon Electric bus in Woking Friday 25 September 2026,Here is the 436 Falcon Electric bus in Woking Friday 25 September 2026,2026-09-25T21:20:30Z,2026-09-25T21:20:30Z,reject,not_vietnam,1,"transport_impact,electric_bus",0,search,electric bus,,,,,,2026-09-26T20:56:20.835374+07:00
youtube,Dn1Y5uLR7QE,https://www.youtube.com/watch?v=Dn1Y5uLR7QE,eka mobility electric bus,eka mobility electric bus,2026-09-25T16:28:22Z,2026-09-25T16:28:22Z,reject,not_vietnam,1,"transport_impact,electric_bus",0,search,electric bus,,,,,,2026-09-26T20:56:53.998435+07:00
youtube,DpQCZRWA24o,https://www.youtube.com/watch?v=DpQCZRWA24o,Xe điện mới - Review Lộ trình Lượt về Tuyến 141: BXB KCX Linh Trung II - Long Trường - KDL BCR,"Xe điện mới - Review Lộ trình Lượt về Tuyến 141: BXB KCX Linh Trung II - Long Trường - KDL BCR
- MST: 141 (Khu du lịch BCR - Long Trường - Khu chế xuất Linh Trung II)
- Dòng xe: KimLong B60-EV 2026
- Cự li tuyến: 21.5km
- Thời gian hoạt động: 5h - 19h30
- Số chuyến: 198 chuyến/ngày
- Loại tuyến: Phổ thông - Có trợ giá
- ĐVVH: Cty Cổ phần Xe khách Phương Trang - FUTA Bus Lines

- Giá vé:
- Vé lượt có trợ giá: 6.000 đồng
- Vé HSSV có trợ giá: 3.000 đồng
- Vé tập: 135.000 đồng

- Lộ trình:
- Lượt đi: KDL BCR - Tam Đa - Nguyễn Duy Trinh - Lã Xuân Oai - Làng Tăng Phú - Lê Văn Việt - Võ Văn Ngân - Tô Ngọc Vân - Tam Hà - Phú Châu - Tô Ngọc Vân - Gò Dưa - Cầu vượt Gò Dưa - Tỉnh lộ 43 - Ngô Chí Quốc - BXB KCX Linh Trung II.

- Lượt về: BXB KCX Linh Trung II - Ngô Chí Quốc - Tỉnh lộ 43 - Cầu vượt Gò Dưa - Đ.Số 11 - (Quay đầu tại cuối đường) - Đ.Số 11 - Gò Dưa - Tô Ngọc Vân - Võ Văn Ngân - Lê Văn Việt - Làng Tăng Phú - Lã Xuân Oai - Nguyễn Duy Trinh - Tam Đa - KDL BCR.

Chapters:
Intro: 00:00
BXB KCX Linh Trung II: 00:39
Đ.Ngô Chí Quốc: 00:50
Tỉnh lộ 43: 02:04
Cầu vượt Gò Dưa: 12:02
Đ.Số 11: 13:37
Đ.Gò Dưa: 14:48
Đ.Tô Ngọc Vân: 15:00
Đ.Võ Văn Ngân: 23:59
Đ.Lê Văn Việt: 32:21
Đ.Làng Tăng Phú: 43:15
Đ.Lã Xuân Oai: 45:24
Đ.Nguyễn Duy Trinh: 55:39
Đ.Tam Đa: 58:14
KDL BCR: 1:00:52

Nhạc Intro: Music: Tobu - Candyland
http://youtube.com/tobuofficial
Released by NCS https://www.youtube.com/NoCopyrightSounds",2026-08-24T05:00:04Z,2026-08-24T05:00:04Z,reject,missing_group:electric_bus,1,transport_impact,0,search,xe điện công cộng,,,,,,2026-09-26T21:05:52.389357+07:00
youtube,DtlBEiXtCLc,https://www.youtube.com/watch?v=DtlBEiXtCLc,E08: NAM THĂNG LONG _ KDT TIMES CITY,"E08: NAM THĂNG LONG _ KDT TIMES CITY
E08: NAM THĂNG LONG _ KDT TIMES CITY
- Những chuyến xe thầm lặng mang đến những chuyến đi an toàn và những trải nghiệm tuyệt vời cho khách hàng thân yêu ❤️❤️❤️❤️❤️❤️❤️❤️
-Tự hào là Người VinBus!
Chào mừng ngày tôn vinh TX, HDV 29/9.",2026-09-24T15:20:40Z,2026-09-24T15:20:40Z,accept,electric_bus,1,"transport_impact,electric_bus",0,search,VinBus,,,,,,2026-09-26T21:02:19.026139+07:00
youtube,E21rCADJR7A,https://www.youtube.com/watch?v=E21rCADJR7A,Việt Nam Xuất Khẩu Xe Buýt Điện Sang Thái Lan: Cuộc Đua Ô Tô Đông Nam Á Nóng Hơn,"Việt Nam Xuất Khẩu Xe Buýt Điện Sang Thái Lan: Cuộc Đua Ô Tô Đông Nam Á Nóng Hơn
Xe buýt điện Made in Vietnam chính thức xuất hiện tại Thái Lan! 🇻🇳🇹🇭

Giữa tháng 9/2026, lô xe buýt điện đầu tiên do Kim Long Motor sản xuất đã được xuất khẩu sang thị trường Thái Lan. Đáng chú ý, 9 chiếc KIMLONGB30-EV đầu tiên chỉ là bước khởi đầu trong kế hoạch đưa 113 xe buýt điện sang Thái Lan trong năm 2026.

Không chỉ gây chú ý bởi thiết kế hiện đại, khả năng vận hành êm ái và công nghệ xe điện, những chiếc xe này còn mang theo câu chuyện về năng lực sản xuất ô tô của Việt Nam.

Từ VinFast đến Kim Long Motor, ngày càng có nhiều thương hiệu Việt Nam tìm cách đưa sản phẩm ô tô ra thị trường quốc tế. Đặc biệt, việc xe buýt điện Việt Nam tiến vào Thái Lan – một trong những trung tâm công nghiệp ô tô lớn của Đông Nam Á – đang tạo ra một câu chuyện đáng chú ý.

Trong video này, chúng ta sẽ cùng tìm hiểu:

Lô xe buýt điện Made in Vietnam đầu tiên sang Thái Lan.
Kim Long Motor đã đưa bao nhiêu xe sang thị trường này?
KIMLONGB30-EV có những điểm gì đáng chú ý?
Vì sao thị trường Thái Lan được xem là phép thử quan trọng?
Tỷ lệ nội địa hóa xe buýt điện Kim Long Motor hiện nay.
Từ VinFast đến Kim Long Motor, ngành ô tô Việt Nam đang thay đổi như thế nào?
Cuộc cạnh tranh xe điện tại Đông Nam Á sẽ diễn biến ra sao?

Đây chưa phải câu chuyện Việt Nam đã vượt Thái Lan về ngành ô tô, nhưng rõ ràng việc một thương hiệu Việt đưa xe buýt điện sang thị trường Thái Lan là một bước tiến đáng chú ý.

Công Thức Đầu Tư sẽ tiếp tục cập nhật những câu chuyện đáng chú ý về Việt Nam, doanh nghiệp Việt, công nghiệp ô tô, xe điện và sự thay đổi của kinh tế Đông Nam Á.

👍 Nếu bạn thấy câu chuyện này thú vị, hãy LIKE video, BÌNH LUẬN và ĐĂNG KÝ KÊNH Công Thức Đầu Tư để không bỏ lỡ những câu chuyện mới nhất!
#KimLongMotor #XeBuytDien #MadeInVietnam",2026-09-23T12:30:08Z,2026-09-23T12:30:08Z,accept,electric_bus,1,"transport_impact,electric_bus",0,search,xe buýt điện,,,,,,2026-09-26T20:47:25.450139+07:00
youtube,E2o18qkTyIw,https://www.youtube.com/watch?v=E2o18qkTyIw,Tram è Bus Piazzale Roma Venezia,Tram è Bus Piazzale Roma Venezia,2026-09-26T21:47:34Z,2026-09-26T21:47:34Z,reject,missing_group:electric_bus,1,transport_impact,0,search,e-bus,,,,,,2026-09-27T16:05:16.353578+07:00
youtube,E2vAxYUuLUE,https://www.youtube.com/watch?v=E2vAxYUuLUE,Driver JOB IN ELECTRIC BUS DEPOT REQUIRED DOCUMENTS PLZ SUBSCRIBE MY CHANNEL,"Driver JOB IN ELECTRIC BUS DEPOT REQUIRED DOCUMENTS PLZ SUBSCRIBE MY CHANNEL
Ye raha aapke video ke liye final YouTube description, bina kisi bracket ke, copy paste karne ke liye ready hai:

*Title*
Cluster Bus me Driver ki Naukri Kaise Milegi | 8 Documents List 2026

*Description*

Delhi me Cluster Bus Driver ki bharti nikal rahi hai
Agar aap bhi Delhi me driver ki sarkari naukri karna chahte hain to ye video aapke liye bahut zaroori hai

Is video me maine step by step bataya hai ki Cluster Bus Driver banne ke liye kaun se 8 kagaz lagte hain

Zaroori Kagaz ki poori list

1  Heavy Driving Licence
2  PSV Badge
3  Adhaar Card
4  PAN Card
5  IDTR Certificate  Institute of Driving and Traffic Research ka training praman patra
6  Medical Certificate
7  Bank Passbook
8  Photos aur Police Verification

Agar ye saare documents aapke paas hain to aap aasani se Cluster Bus me driver ki post ke liye apply kar sakte hain

Video ko ant tak dekhein aur apne un dosto ke saath share karein jo driver ki job dhoondh rahe hain

Channel ko Subscribe kar lein taaki aapko aisi hi job ki jankari sabse pehle mile

Thanks for Watching

#ClusterBus #DriverJob #DelhiBus #HeavyLicence #PSVBadge #DriverKiNaukri #JobInDelhi #IDTR #BusDriver #DTC #ClusterBusJob",2026-09-25T12:36:13Z,2026-09-25T12:36:13Z,reject,not_vietnam,1,"transport_impact,electric_bus",0,search,electric bus,,,,,,2026-09-26T21:09:56.812947+07:00
youtube,E8YSyhLxceQ,https://www.youtube.com/watch?v=E8YSyhLxceQ,Fake Call l Chú Công An Gọi Điện Khen Bé Biết Nhường Chỗ Cho Người Lớn Tuổi Khi Đi Xe Bus,"Fake Call l Chú Công An Gọi Điện Khen Bé Biết Nhường Chỗ Cho Người Lớn Tuổi Khi Đi Xe Bus
Cảm ơn các bạn đã luôn ủng hộ và theo dõi kênh Minh An TV
► FANPAGE: https://www.facebook.com/minhantv/
► Email: ntbich12294@gmail.com
► Liên hệ qua Email hoặc qua Fanpage
© Bản quyền thuộc về Minh An TV ☞ Không Reup !!!
Lưu ý: Các video có hình ảnh Chú công an/Cô công an gọi điện chỉ là những tình huống giả định, nội dung minh hoạ mang tính giáo dục!",2026-09-21T12:00:20Z,2026-09-21T12:00:20Z,reject,missing_group:electric_bus,1,transport_impact,0,search,xe bus điện,,,,,,2026-09-26T20:51:31.193877+07:00
youtube,EGjDLH9DAww,https://www.youtube.com/watch?v=EGjDLH9DAww,bus vlog 3 #bus,bus vlog 3 #bus,2026-09-26T02:00:39Z,2026-09-26T02:00:39Z,reject,missing_group:electric_bus,1,transport_impact,0,search,e-bus,,,,,,2026-09-26T20:58:18.339244+07:00
youtube,ENTsVIO_ug0,https://www.youtube.com/watch?v=ENTsVIO_ug0,"Remap xe SH350i canbus bằng máy AUTOTOOL MD 7,3 triệu #trầnkiệtmáyđọclỗixemáy","Remap xe SH350i canbus bằng máy AUTOTOOL MD 7,3 triệu #trầnkiệtmáyđọclỗixemáy",2026-09-11T07:10:18Z,2026-09-11T07:10:18Z,reject,missing_group:electric_bus,1,,0,search,tuyến bus điện,,,,,,2026-09-26T21:06:46.355140+07:00
youtube,ENxvksH-XZM,https://www.youtube.com/watch?v=ENxvksH-XZM,Xe buýt Hà Nội tuyến E05: Long Biên - Cầu Giấy - Khu đô thị Smart City | VIỆT NAM VLOG,"Xe buýt Hà Nội tuyến E05: Long Biên - Cầu Giấy - Khu đô thị Smart City | VIỆT NAM VLOG
Xe buýt Hà Nội tuyến E05: Long Biên - Cầu Giấy - Khu đô thị Smart City | VIỆT NAM VLOG

LỘ TRÌNH
+) Lộ trình chiều đi: Long Biên (điểm đỗ xe trên đường dành riêng cho xe bus - đoạn từ Hàng Than đến Hòe Nhai) - Yên Phụ - Điểm trung chuyển Long Biên - Trần Nhật Duật - quay đầu đối diện phố Hàng Khoai - Yên Phụ - Thanh Niên - Thụy Khuê - Văn Cao - Liễu Giai - Đào Tấn - Bưởi (đường dưới bên bờ sông Tô Lịch) - Cầu Giấy - Điểm trung chuyển Cầu Giấy - Cầu Giấy (đường trên ) - Cầu Giấy - Xuân Thủy - Phạm Hùng - Đại Lộ Thăng Long - đường nội bộ Khu đô thị Smart City - Khu đô thị Smart City (đối diện Vincom Mega Mall).

+) Lộ trình chiều về : Khu đô thị Smart City - Đại Lộ Thăng Long - Phạm Hùng - Xuân Thủy - Cầu Giấy - Điểm trung chuyển Cầu Giấy - Cầu Giấy ( đường trên ) - Đường Bưởi - Đào Tấn - Liễu Giai - Văn Cao - Hoàng Hoa Thám - Hùng Vương - Thanh Niên - Yên Phụ - Trần Nhật Duật - Điểm trung chuyển Long Biên - Yên Phụ - Điểm đỗ xe Long Biên.

+) Đơn vị vận hành: Công ty TNHH Dịch vụ Vận tải Sinh thái VinBus.
+) Tần suất xe chạy:  15 - 18 - 20 phút/chuyến.
+) Thời gian hoạt động: 5h00 - 21h30.
+) Giá vé: 10000đ/lượt.

Đăng ký kênh để xem videos https://youtube.com/@vietnamvlogchannel?si=5kukiCgNNpGWsY4G",2026-08-12T09:43:12Z,2026-08-12T09:43:12Z,accept,electric_bus,1,"transport_impact,hanoi_location,electric_bus",0,search,VinBus,,,,,,2026-09-26T21:04:54.094245+07:00
youtube,EQMc6WEa_iY,https://www.youtube.com/watch?v=EQMc6WEa_iY,Electric Buses (ebus) of Egged on Margolin st. in Rishon LeZion,"Electric Buses (ebus) of Egged on Margolin st. in Rishon LeZion
02.08.2026, 13:31 (גרסת שורטס (Shorts version): https://youtube.com/shorts/x3QuUxpaSs8 ).

הייגר KLQ6125GEV3 אפסילון חשמלי של אגד מבצע קו 21 (מחנה וסע/פארק עסקים אגמים לתחנת רכבת ראשונים ראשון לציון) ברח' מרגולין/צ""ג בנות ראשון לציון (233-48-102, סניף שורק ראשון לציון (Higer KLQ6125GEV3 Epsilon on Route 21); https://youtu.be/bHmSrfs4bjE ; https://platesmania.com/il/nomer20061543 ; https://platesmania.com/il/nomer25412682 ; https://youtu.be/EfCnAFn03tY ).

גולדן דרגון XML6125DEV פיוניר חשמלי של אגד מבצע קו 14 (מרח' שמוטקין/מכון וולקני (נסיה/התעשיין) ראשון לציון למסוף קניונים ראשון לציון) ברח' מרגולין/ברנדייס ראשון לציון (234-34-702, סניף שורק ראשון לציון (Golden Dragon XML6125DEV Pioneer on Route 14); https://platesmania.com/il/nomer27244921 )",2026-09-25T08:15:09Z,2026-09-25T08:15:09Z,reject,not_vietnam,1,"transport_impact,electric_bus",0,search,ebus,,,,,,2026-09-26T21:00:14.354574+07:00
youtube,EXS7aiMPJSE,https://www.youtube.com/watch?v=EXS7aiMPJSE,How a Luxury Electric Bus is Built From Zero to Road-Ready👍 #viral #truckbody #mahtabvlock #trending,"How a Luxury Electric Bus is Built From Zero to Road-Ready👍 #viral #truckbody #mahtabvlock #trending
How a Luxury Electric Bus is Built From Zero to Road-Ready👍 #viral #truckbody #mahtabvlock #trending








#busfactory #electricbus #howitsmade #manufacturing #busmanufacturing #coachbus #electricvehicle #evbus #megafactory #factorytour #busbuilding #heavymanufacturing #engineering #satisfying







electric bus manufacturing process, how buses are made, luxury coach bus factory, electric bus assembly, bus chassis building, bus body manufacturing, EV bus factory tour, Bonluck bus",2026-09-26T14:30:24Z,2026-09-26T14:30:24Z,reject,not_vietnam,1,"transport_impact,electric_bus",0,search,electric bus,,,,,,2026-09-26T22:04:25.522023+07:00
youtube,EYgHhgaf9xg,https://www.youtube.com/watch?v=EYgHhgaf9xg,CHUYỆN TÂM LINH RÙNG RỢN VỀ CHUYẾN XE BUÝT KHÔNG CÓ ĐIỂM DỪNG😱👣🚨,"CHUYỆN TÂM LINH RÙNG RỢN VỀ CHUYẾN XE BUÝT KHÔNG CÓ ĐIỂM DỪNG😱👣🚨
Đừng xem video này nếu bạn đang ở một mình...
Video mang tính chất giải trí, nội dung hư cấu.Không có tính chất hay cổ xúy cho mê tín dị đoan 

Những câu chuyện ngắn  nhưng có thể khiến bạn phải xem lại nhiều lần. 
Bạn có nghe thấy điều gì không? Hãy xem đến cuối và kiểm tra lại phía sau bạn...

Theo dõi kênh để xem thêm những video đáng sợ mỗi ngày.
#shorts #truyentamlinh#kinhdi #scary #horror #chuyendem3am #shortsvideo #viralshorts #fyp#kechuyendemkhuya #creepy #horrorstories",2026-09-17T12:45:08Z,2026-09-17T12:45:08Z,reject,missing_group:electric_bus,1,transport_impact,0,search,xe buýt dien,,,,,,2026-09-26T20:54:04.936346+07:00
youtube,EoXCyCBa1TU,https://www.youtube.com/watch?v=EoXCyCBa1TU,Nhìn thì rất là lực nhưng lại dẫn động cầu trước. Liệu ae vẫn xuống tiền? #vinfast  #review,Nhìn thì rất là lực nhưng lại dẫn động cầu trước. Liệu ae vẫn xuống tiền? #vinfast  #review,2026-09-23T12:52:54Z,2026-09-23T12:52:54Z,reject,missing_group:electric_bus,1,,0,search,review bus điện,,,,,,2026-09-27T16:02:46.318278+07:00
youtube,ErQYsjm46pE,https://www.youtube.com/watch?v=ErQYsjm46pE,"Top 5 Xe Đạp Điện Trợ Lực Gấp Gọn Giá Rẻ Dưới 8 Triệu Đáng Mua Nhất Cho Học Sinh, Sinh Viên 2026!","Top 5 Xe Đạp Điện Trợ Lực Gấp Gọn Giá Rẻ Dưới 8 Triệu Đáng Mua Nhất Cho Học Sinh, Sinh Viên 2026!
Mô tả:
Anh em hệ tech đang tìm kiếm một chiếc xe đạp trợ lực điện hay xe điện ebike nhỏ gọn, nhét vừa thang máy chung cư mini? Video này Tay Chơi Công Nghệ ReView sẽ bóc tách top 5 dòng xe điện trợ lực gấp gọn nào ngon bổ rẻ nhất thị trường. Từ những chiếc xe đạp điện dưới 2tr (dạng module) cho đến siêu phẩm xe đạp điện v1 plus, tất cả đều có mặt. Liệu có nên mua xe điện giá rẻ lúc này? Xem ngay để biết cách ""mở tốc"" và chốt sale nhé!

🔥 DANH SÁCH SẢN PHẨM Ở ĐÂY NÈ:
#5. LIVALL PikaBoost2 - Bộ Trợ Lực Điện Xe Đạp Leo Núi
👉 Điểm nổi bật: Biến xe thường thành xe điện thông minh chỉ trong 1 nốt nhạc.
🛒 Mua chính hãng tại đây: https://s.shopee.vn/3B7dO8EBZF

#4. Động Trợ Lực Xe Đạp E-Boost 250W
👉 Điểm nổi bật: Giải pháp hack giá rẻ, lắp thẳng trục bàn đạp, ẩn mình hoàn hảo.
🛒 Mua chính hãng tại đây: https://s.shopee.vn/2gBMnDG5aA

#3. Xe đạp trợ lực điện Mini Velocity 20inch 36V 350W
👉 Điểm nổi bật: Khung nhôm siêu nhẹ, thiết kế kịch độc, phanh đĩa an toàn.
🛒 Mua chính hãng tại đây: https://s.shopee.vn/2qUmzWFSFD

#2. Cutiee V1 Plus - Xe Đạp Trợ Lực Điện
👉 Điểm nổi bật: Hệ sinh thái thông minh, chìa khóa smartkey, đi 100km/lần sạc.
🛒 Mua chính hãng tại đây: https://s.shopee.vn/50ZHZV7Cqe

#1. Xe đạp điện trợ lực gấp gọn 400W (Pin Lithium)
👉 Điểm nổi bật: Gấp gọn trong 5s, động cơ 400W leo hầm chung cư nhàn hạ, dễ dàng mở tốc.
🛒 Mua chính hãng tại đây: https://s.shopee.vn/5Ashlo6ZVh

 Kênh Tay Chơi Công Nghệ ReView nhận được một khoản hoa hồng nhỏ nếu anh em chốt đơn qua link trên, giúp kênh có thêm kinh phí mua đồ công nghệ về bóc tem cho anh em xem nha!
Hashtags: #xedapdientroluc #xedapdientrolucgapgon #xediengiare #TayChoiCongNgheReView #Ebike2026",2026-09-23T07:45:18Z,2026-09-23T07:45:18Z,reject,missing_group:electric_bus,1,transport_impact,0,search,review bus điện,,,,,,2026-09-26T21:08:04.357450+07:00
youtube,Ey8wJQebwfM,https://www.youtube.com/watch?v=Ey8wJQebwfM,Tuyến E08 trên xe buýt điện Vinfast EB10 29F-020.77,Tuyến E08 trên xe buýt điện Vinfast EB10 29F-020.77,2026-09-26T15:34:22Z,2026-09-26T15:34:22Z,accept,electric_bus,1,"transport_impact,electric_bus",0,search,xe buýt điện,,,,,,2026-09-26T23:02:19.872567+07:00
youtube,F9xu61Nz-24,https://www.youtube.com/watch?v=F9xu61Nz-24,मप्र में नहीं चलेंगी सरकारी बस? Mohan Yadav Nitin Gadkari PM EBus Sewa मुख्यमंत्री सुगम परिवहन सेवा ,"मप्र में नहीं चलेंगी सरकारी बस? Mohan Yadav Nitin Gadkari PM EBus Sewa मुख्यमंत्री सुगम परिवहन सेवा 
केंद्रीय सड़क एवं परिवहन मंत्री नितिन गडकरी ने 25 सितंबर 2026 को भोपाल में प्रधानमंत्री ई बस सेवा और मुख्यमंत्री सुगम परिवहन सेवा का उद्घाटन किया। हरी झंडी दिखाकर बसों को रवाना किया। मप्र के मुख्यमंत्री मोहन यादव लगातार प्रदेश को नई योजनाएं देने का प्रयास कर रहे है। लेकिन उनका यह प्रयास सफल होता नहीं दिख रहा है। 

सरकारी दावे अनुसार इस योजना के तहत मप्र को 21 साल बाद सरकारी बसों की सुविधा मिलेगी, जिससे आम जनता को सुविधा होगी। लेकिन पड़ताल करने पर पता चला कि मोहन सरकार और इनके परिवहन विभाग में पदस्थ आईएएस मनीष सिंह के प्रयासों से शुरू हुई सुगम परिवहन सेवा दरअसल एक छलावा जैसी प्रतीत हो रही है। क्योंकि इसमें न तो सरकार बस खरीदेगी और न ही स्टाफ की नियुक्ति करेगीं। ऐसे में क्या यह वाकई सरकारी बस सुविधा है या फिर एक और इवेंट मैनजमेंट।

पूरी खबर देखिए और निर्णय लीजिए।

#मोहन #राजनीति #मुख्यमंत्री_सुगम_परिवहन_सेवा #पीेएम_ई_बस_सेवा #नितिनगडकरी #इथेनॉल #e20 #mohanyadav #mpnews",2026-09-26T07:03:14Z,2026-09-26T07:03:14Z,reject,not_vietnam,1,electric_bus,0,search,ebus,,,,,,2026-09-26T20:59:24.766597+07:00
youtube,FFXH34Cm3J8,https://www.youtube.com/watch?v=FFXH34Cm3J8,경산 경산버스 894번 7367호 2026년 7월식 일렉시티2 EV 전기버스 승차영상,경산 경산버스 894번 7367호 2026년 7월식 일렉시티2 EV 전기버스 승차영상,2026-09-26T09:12:10Z,2026-09-26T09:12:10Z,reject,missing_group:electric_bus,1,,0,search,electric bus,,,,,,2026-09-26T20:55:31.387307+07:00
youtube,FNyPMsXkfLA,https://www.youtube.com/watch?v=FNyPMsXkfLA,Quảng Ninh: Xe buýt điện miễn phí đưa đón học sinh đến trường! 🚌💚,"Quảng Ninh: Xe buýt điện miễn phí đưa đón học sinh đến trường! 🚌💚
Một tin vui dành cho học sinh và phụ huynh! 🥰
Từ ngày 3/9, các tuyến xe buýt điện miễn phí chính thức đưa đón học sinh đến trường tại các phường Hạ Long, Hồng Gai và Hà Tu.

Từ học phí, sách giáo khoa, sữa học đường, điều hòa lớp học… đến nay học sinh còn được miễn phí vé xe buýt. ❤️

Quảng Ninh – thành phố ngày càng đáng sống!

#XeBusDien #MienPhi #QuangNinh #HaTuTV",2026-09-04T10:07:16Z,2026-09-04T10:07:16Z,accept,electric_bus,1,"transport_impact,electric_bus",1,search,buyt dien,,,,,,2026-09-26T20:54:50.467323+07:00
youtube,FO2NO5iIk54,https://www.youtube.com/watch?v=FO2NO5iIk54,"Tháo điểm nghẽn hạ tầng, tăng tốc xe buýt xanh","Tháo điểm nghẽn hạ tầng, tăng tốc xe buýt xanh
Xem tại: https://tuoitre.vn/video/goc-nhin-trua-nay-ban-giao-2-nguoi-nuoc-ngoai-bi-interpol-truy-na-201467.htm

#baotuoitre #tintuc #new 

- Tin tức nhanh: https://tuoitre.vn

Tin tức nhanh nhất, mới nhất, nóng nhất đang diễn ra ở Việt Nam và thế giới về: thời sự, kinh tế, chính trị, xã hội, giáo dục, thể thao, văn hóa, giải trí, công nghệ, nhịp sống số, pháp luật, du lịch...

#TuoiTre #BaoTuoiTre #TinNong #Thời_Sự #ThoiSu #Tuổi_Trẻ 

-----------
Đăng ký kênh xem thêm nhiều chuyên mục hấp dẫn khác:
https://bit.ly/3k1RCAR

Facebook: 
- https://facebook.com/baotuoitre
- https://facebook.com/Truyenhinh.BaoTuoiTre

Bản quyền nội dung thuộc về Báo điện tử Tuổi Trẻ
Cơ quan Báo và Phát thanh, Truyền hình TP.HCM
--------------------
TÒA SOẠN BÁO ĐIỆN TỬ TUỔI TRẺ
- Địa chỉ: Số 60A, Hoàng Văn Thụ, Phường.9, Quận Phú Nhuận, Thành phố Hồ Chí Minh, Việt Nam
- Điện thoại: (84.8) 3.997.3838
- Website: http://tuoitre.vn
- Email: tto@tuoitre.com.vn
- Đường dây nóng: 0918.033.133 - (84.8) 39.971.010",2026-08-12T08:30:23Z,2026-08-12T08:30:23Z,reject,missing_group:electric_bus,1,transport_impact,1,search,điểm dừng xe buýt điện,,,,,,2026-09-26T21:07:43.646146+07:00
youtube,FVSVCqLylTA,https://www.youtube.com/watch?v=FVSVCqLylTA,"TP HCM không cấm xe xăng, ưu tiên mở rộng giao thông công cộng","TP HCM không cấm xe xăng, ưu tiên mở rộng giao thông công cộng
TP HCM không cấm xe xăng, ưu tiên mở rộng giao thông công cộng

TP HCM không cấm xe xăng, ưu tiên mở rộng giao thông công cộng

TP HCM không cấm xe xăng, sẽ khuyến khích người dân chuyển sang xe điện và đẩy mạnh giao thông công cộng để giảm kẹt xe, theo Bí thư Trần Lưu Quang.

Nội dung được Bí thư Thành ủy TP HCM Trần Lưu Quang nêu tại buổi tiếp xúc cử tri chiều 249. Buổi tiếp xúc diễn ra trực tiếp tại điểm cầu phường Bình Tiên và trực tuyến với các phường Chợ Quán, An Đông, Chợ Lớn, Bình Tây, Diên Hồng, Bình Phú, Hòa Hưng, Vườn Lài.

Từ điểm cầu trực tuyến phường Diên Hồng, cử tri Phan Thị Ngọc Hương nói kẹt xe có dấu hiệu lan rộng, không chỉ tại các cửa ngõ, tuyến đường huyết mạch mà còn ở nhiều khu vực. Bà dẫn ví dụ đường 3 Tháng 2 và khu vực vòng xoay Điện Biên Phủ thường xuyên ùn tắc.

Bà Hương cũng đề nghị thành phố đánh giá kỹ việc chuyển đổi xe xăng sang xe điện, bởi chính sách này tác động trực tiếp đến đời sống người dân, nhất là lao động và người thu nhập thấp.

Trả lời, Bí thư Trần Lưu Quang khẳng định TP HCM không cấm người dân sử dụng xe xăng. Thành phố sẽ nghiên cứu các chính sách kinh tế, tài chính để khuyến khích chuyển đổi, trong đó có thể áp dụng chính sách khác nhau theo từng khu vực và ưu tiên xe điện.

Chúng tôi sẽ không cấm mọi người đi xăng, ông nói.

Theo ông, thành phố có thể ứng dụng camera thông minh và công nghệ để nhận diện phương tiện, từ đó thực hiện các chính sách điều tiết phù hợp tại từng khu vực. Người sử dụng xe điện có thể được hưởng các ưu đãi, trong khi xe xăng chịu những chính sách khác.

TP HCM cũng sẽ hỗ trợ người dân trong quá trình chuyển đổi. Chi phí có thể được chia sẻ giữa nhà nước, người dân và doanh nghiệp để việc chuyển sang phương tiện điện diễn ra từng bước thay vì thực hiện đồng loạt.

Bí thư Thành ủy dẫn kinh nghiệm Trung Quốc, nơi một số khu vực ưu tiên xe điện, giúp phương tiện này có thời gian di chuyển nhanh hơn. Người dân có thể gửi xe xăng ở bên ngoài rồi sử dụng phương tiện điện để tiếp tục hành trình vào khu vực hạn chế.

Về ùn tắc, ông Quang cho rằng thành phố đông dân nên việc giải quyết kẹt xe khó hơn nhiều nơi. Một nguyên nhân là thời gian làm việc, sinh hoạt của người dân tập trung, khiến lượng phương tiện cùng dồn ra đường vào buổi sáng và chiều.
Quảng cáo

Theo ông, ùn tắc, kẹt xe không thể giải quyết bằng một giải pháp đơn lẻ mà phải kết hợp giao thông công cộng, điều tiết phương tiện cá nhân, ứng dụng công nghệ và thay đổi văn hóa giao thông.

Giải pháp đầu tiên là phương tiện công cộng thay phương tiện cá nhân, ông nói.

Theo Bí thư Thành ủy, TP HCM đã dành hơn 2.000 tỷ đồng để miễn phí xe buýt trong một năm. Chính sách này bước đầu mang lại kết quả khi lượng người sử dụng xe buýt tăng 49% so với cùng kỳ.
-------------------------
- Quân sự - Vũ khí - Chiến Lược - Quốc Phòng là kênh thời sự thế giới đăng tải các video chất lượng, nhằm mục đích cập nhật tin tức Việt Nam và tin tức thế giới mới nhất ngày. Các bạn sẽ được cập nhật tin quốc tế như là: quân sự, các chính sách kinh tế mới...
- Quân sự - Vũ khí - Chiến lược - Quốc phòng chia sẻ thông tin về tin quân sự thế giới, quốc phòng mỹ và các nước.
- Nhớ đăng ký kênh để cập nhật thông tin miễn phí mới nhất. 
- Mọi người nhớ like, bình luận và chia sẻ các video yêu thích. 
- Hy vọng rằng mọi người sẽ yêu thích kênh Quân sự - Vũ khí - Chiến lược - Quốc phòng. 

- HÃY KẾT NỐI VỚI MÌNH BẰNG CÁC ỨNG DỤNG SAU: 
+ Donate ủng hộ kênh (momo): https://me.momo.vn/9vI3uGUECETlT8f6toCo
+ Donate ủng hộ kênh (paypal): https://www.paypal.me/tktuyen 
+ Đăng ký kênh: https://www.youtube.com/channel/UCEJBUCDjxeFaEMTtgLNElyg?sub_confirmation=1
+ Fanpage: https://www.facebook.com/quocphongvietnamvathegioi
-------------------------
#tin_tức_việt_nam #tin_tức_thế_giới_mới_nhất_ngày",2026-09-24T16:39:49Z,2026-09-24T16:39:49Z,reject,missing_group:electric_bus,1,transport_impact,1,search,xe điện công cộng,,,,,,2026-09-26T21:05:52.206502+07:00
youtube,FVrczGRATrs,https://www.youtube.com/watch?v=FVrczGRATrs,The EBUS On PS5 - Line 277 In Hamburg City - The Bus,"The EBUS On PS5 - Line 277 In Hamburg City - The Bus
Checking out the Ebus DLC on console whilst driving the Line 277 in Hamburg for the first time. Hope you enjoy!

HUGE THANKS TO AEROSOFT FOR PROVIDING A KEY 

UK Departure Board Affiliate Link - https://ukdepartureboards.co.uk/store?rtwapwcm_aff=ADIzAl

Want to chat with a thousand plus likeminded enthusiasts, feel free to join the Discord! 🤝

https://discord.gg/SDGW8vx

Like what you see and want to support the channel further? 💷

https://paypal.me/BritishAce

Buy Yourself Some Merch! 👕

https://teespring.com/en-GB/stores/the-british-ace

-----------------------------------------------------------------
🚉 Find All Your Train Sim Needs Using The Links Below:

https://www.trainsimcommunity.com/ 
https://alanthomsonsim.com/
https://www.justtrains.net/
https://www.armstrongpowerhouse.com/
https://www.simworkshop.net/ (TSC-X Controller - HARDWARE)
https://tscontrollers.com/ (Door Panel, PBC Pro, Flexi Brake, AWS Plunger - HARDWARE)",2026-09-19T12:00:06Z,2026-09-19T12:00:06Z,reject,not_vietnam,1,"transport_impact,electric_bus",0,search,e-bus,,,,,,2026-09-26T20:58:01.782173+07:00
youtube,FXDbuZsn4PU,https://www.youtube.com/watch?v=FXDbuZsn4PU,Xe buýt Hà Nội tuyến 109: Mỹ Đình - Nội Bài ✈️ | VIỆT NAM VLOG,"Xe buýt Hà Nội tuyến 109: Mỹ Đình - Nội Bài ✈️ | VIỆT NAM VLOG
Xe buýt Hà Nội tuyến 109: Mỹ Đình - Nội Bài ✈️ | VIỆT NAM VLOG

LỘ TRÌNH
+) Lộ trình chiều đi: Bến xe Mỹ Đình - Phạm Hùng - Quay đầu tại điểm mở giữa trụ T296, T297 đường vành đai 3 trên cao - Phạm Hùng - Phạm Văn Đồng - Cầu Thăng Long - Võ Văn Kiệt - Quay đầu tại điểm mở (đối diện công ty Cổ phần vận chuyển Gia Bảo) - Võ Văn Kiệt - Sân Sân bay Nội Bài (điểm đỗ xe buýt, nhà ga T1).

+) Lộ trình chiều về: Sân bay Nội Bài (điểm đỗ xe buýt, nhà ga T1) - Võ Văn Kiệt - Đường vào sân đỗ nhà ga T2, sân bay Nội Bài - Võ Văn Kiệt - Cầu Thăng Long - Phạm Văn Đồng - Phạm Hùng - Bến xe Mỹ Đình.

+) Đơn vị vận hành: Công ty CP Xe Điện Hà Nội (Transerco).
+) Tần suất xe chạy: 20 - 30 phút/chuyến.
+) Thời gian hoạt động: 5h00 - 21h00.
+) Giá vé: 12000đ/lượt.

Đăng ký kênh để xem videos https://youtube.com/@vietnamvlogchannel?si=5kukiCgNNpGWsY4G",2026-08-07T09:50:52Z,2026-08-07T09:50:52Z,reject,missing_group:electric_bus,1,"transport_impact,hanoi_location",0,search,điểm dừng xe buýt điện,,,,,,2026-09-26T21:07:53.523142+07:00
youtube,F_HQ-Jueu3c,https://www.youtube.com/watch?v=F_HQ-Jueu3c,Operation Control for Green Data Centers with Bipolar DC Bus |#worldresearchawards #ResearchAwards,"Operation Control for Green Data Centers with Bipolar DC Bus |#worldresearchawards #ResearchAwards
Discover innovative research in sustainable data-center technology through International Research Awards. This featured research explores advanced operation control for green data centers supplied by two-terminal voltage-source converters with a bipolar DC bus. The study highlights DC electric springs, adaptive control, equivalent modeling, coordinated voltage compensation, optimal installation, simulation and hardware validation, and practical improvements in power quality, reliability, and energy efficiency.
Visit Our Website : researchawards.net 
Nomination link : https://researchawards.net/award-nomination-ecategoryawardsrcategoryawardee/?ecategory=Awards&rcategory=Awardee
Contact Us : contact@researchawards.net

Get Connected Here:
Social Media Link

Blogger :   https://researchaward.blogspot.com/
Tumblr: https://www.tumblr.com/blog/researchawards

 @worldresearchawards @ResearchAwards @globalrecognition @globalawards @researchexcellence 

#ResearchAwards #WorldResearchAwards#InternationalResearchAwards #ResearchAwards #GreenDataCenters #GreenEnergy #SustainableEnergy #DataCenterInnovation #PowerSystems #DCMicrogrids #BipolarDCBus",2026-09-26T11:31:06Z,2026-09-26T11:31:06Z,reject,missing_group:electric_bus,1,transport_impact,0,search,bus dien,,,,,,2026-09-27T16:00:42.303495+07:00
youtube,FhEbyF3Pu58,https://www.youtube.com/watch?v=FhEbyF3Pu58,BÍ MẬT VỀ CHUYẾN XE BUÝT KHÔNG ĐIỂM ĐẾN👣😱,"BÍ MẬT VỀ CHUYẾN XE BUÝT KHÔNG ĐIỂM ĐẾN👣😱
Đừng xem video này nếu bạn đang ở một mình...
Video mang tính chất giải trí, nội dung hư cấu.Không có tính chất hay cổ xúy cho mê tín dị đoan 

Những câu chuyện ngắn  nhưng có thể khiến bạn phải xem lại nhiều lần. 
Bạn có nghe thấy điều gì không? Hãy xem đến cuối và kiểm tra lại phía sau bạn...

Theo dõi kênh để xem thêm những video đáng sợ mỗi ngày.
#shorts #truyentamlinh#kinhdi #scary #horror #chuyendem3am #shortsvideo #viralshorts #fyp#kechuyendemkhuya #creepy #phimma",2026-09-17T04:44:14Z,2026-09-17T04:44:14Z,reject,missing_group:electric_bus,1,transport_impact,0,search,xe buýt dien,,,,,,2026-09-26T20:54:04.940356+07:00
youtube,FpU3Z4pyaJ0,https://www.youtube.com/watch?v=FpU3Z4pyaJ0,Trải nghiệm lộ trình buýt điện 90 Hào Nam (ga Cát Linh) - Sân bay Nội Bài,"Trải nghiệm lộ trình buýt điện 90 Hào Nam (ga Cát Linh) - Sân bay Nội Bài
Tuyến 90 Lộ trình chiều đi: Hào Nam (điểm đỗ xe buýt - ga Cát Linh) - Hào Nam - Giảng Võ - Núi Trúc - Kim Mã - Kim Mã dưới - Đào Tấn - đường Bưởi - Lạc Long Quân - Nguyễn Hoàng Tôn - Võ Chí Công - Cầu Nhật Tân - Võ Nguyên Giáp - đường nội bộ trong sân bay Nội Bài - sảnh tầng 1 Nhà ga nội địa T1, sân bay Nội Bài - đường nội bộ trong sân bay Nội Bài - Võ Nguyên Giáp - Bãi đỗ xe Nhà ga quốc tế T2 (trả khách và đỗ đầu cuối tại bãi đỗ xe Nhà ga quốc tế T2
Timeline:
0:00 Intro
0:18 Hào Nam (điểm đỗ xe buýt - ga Cát Linh)
1:16 Hào Nam
1:43 Giảng Võ
2:57 Núi Trúc
4:35 Kim Mã
5:00 Kim Mã đường trên
6:12 Đào Tấn
9:37 đường Bưởi
13:26 Lạc Long Quân
22:37 Khu LCQ sở ngành (điểm cuối E09)
23:02 Nguyễn Hoàng Tôn
23:39 Võ Chí Công
27:01 Cầu Nhật Tân
32:01 Đại Lộ Võ Nguyên Giáp
33:10 Nút giao Vĩnh Ngọc (giao vs QL5 kéo dài)
33:59 Đại Lộ Võ Nguyên Giáp
37:08 chui gầm QL23
37:13 Đại Lộ Võ Nguyên Giáp
40:47 Vượt đường QL2
41:09 Đại Lộ Võ Nguyên Giáp
42:15 Nút giao vs QL18
42:44 Đại Lộ Võ Nguyên Giáp
44:42 Võ Chí Công
47:26 đường vào nhà ga T1 (ga Nội địa)
48:05 Sảnh đến (tầng 1) nhà ga T1
49:20 bãi đỗ xe nhà ga T1
50:14 ra lại Võ Chí Công
50:41 Võ Chí Công
51:06 đường vào nhà ga T2 (ga Quốc tế)
52:10 Sảnh đến (tầng 1) nhà ga T2
52:43 Outtro 
#xebuyt #hanoibus #sanbay #noibai #airportbus #hanoitravel #vinfast  #xedien #catlinh #taudien #maybay #donghanhcungxebusthudo",2026-09-15T16:56:56Z,2026-09-15T16:56:56Z,accept,electric_bus,1,"transport_impact,electric_bus",0,search,xe buýt điện,,,,,,2026-09-26T20:50:08.030304+07:00
youtube,G9RbzrSu0BE,https://www.youtube.com/watch?v=G9RbzrSu0BE,The Wheels On The Bus 0926 | Xe Buýt Tàu Điện Hà Nội 0926 | HT BabyTV,"The Wheels On The Bus 0926 | Xe Buýt Tàu Điện Hà Nội 0926 | HT BabyTV
The Wheels On The Bus 0926 | Xe Buýt Tàu Điện Hà Nội 0926 | HT BabyTV

HT BabyTV

❂ THANKS FOR WATCHING ! ❂
Don't forget Like, Share and Subscribe the channel for see more upcoming
★❋ Subscribe (◠‿◠✿) ► https://goo.gl/vLybT1
★❋ Follow me at here ► https://goo.gl/TVPJbE
★❋ View more video here ► https://goo.gl/vLybT1
★❋ Website ► http://www.htbabytv.com

▬▬▬▬▬▬▬▬▬▬▬▬▬▬▬▬▬▬▬▬▬▬
★★ Copyright © 2023 HTBabyTV™ Studios ★★
▬▬▬▬▬▬▬▬▬▬▬▬▬▬▬▬▬▬▬▬▬▬",2026-09-16T10:00:19Z,2026-09-16T10:00:19Z,reject,missing_group:electric_bus,1,"transport_impact,hanoi_location",0,search,xe buýt điện,,,,,,2026-09-26T20:49:51.712663+07:00
youtube,GD_nL6nE-6w,https://www.youtube.com/watch?v=GD_nL6nE-6w,"Xe buýt v.a c.h.ạ.m xe máy điện ở Hà Nội, một người bị thương","Xe buýt v.a c.h.ạ.m xe máy điện ở Hà Nội, một người bị thương",2026-09-21T13:27:53Z,2026-09-21T13:27:53Z,reject,missing_group:electric_bus,1,"transport_impact,hanoi_location",0,search,xe buýt điện,,,,,,2026-09-26T20:47:35.419993+07:00
youtube,GR-sXPptDqw,https://www.youtube.com/watch?v=GR-sXPptDqw,"Hôm nay, ngày đầu tiên khai trương tuyến xe buýt điện miễn phí đến trường tại TP. Quảng Ninh.","Hôm nay, ngày đầu tiên khai trương tuyến xe buýt điện miễn phí đến trường tại TP. Quảng Ninh.
Tin vui cho học sinh Thành phố Quảng Ninh.
Hôm nay, ngày đầu tiên khai trương vận hành tuyến xe buýt điện miễn phí đến trường tại các phường Hạ Long, Hồng Gai và Hà Tu.
Một phương thức di chuyển xanh, an toàn và thuận tiện, chính thức đồng hành cùng các em học sinh trên hành trình đến trường mỗi ngày.",2026-09-03T03:57:11Z,2026-09-03T03:57:11Z,accept,electric_bus,1,"transport_impact,electric_bus",1,search,trạm xe buýt điện,,,,,,2026-09-26T21:07:00.366692+07:00
youtube,GTAg76oAQzo,https://www.youtube.com/watch?v=GTAg76oAQzo,Does vinbus eb6 have the worst legroom ever?,Does vinbus eb6 have the worst legroom ever?,2026-09-24T08:26:50Z,2026-09-24T08:26:50Z,accept,electric_bus,1,electric_bus,0,search,VinBus,,,,,,2026-09-26T21:02:22.355482+07:00
youtube,GdytHy-lrQg,https://www.youtube.com/watch?v=GdytHy-lrQg,Электробус Ольгерд опробуют на пригородных маршрутах,"Электробус Ольгерд опробуют на пригородных маршрутах
В России электробусы принято использовать внутри городов, а на обслуживание пригородных маршрутов ставить дизельные (реже — газовые) машины. А вот наши соседи-белорусы считают, что аккумуляторный транспорт годится, чтобы организовать сообщение между столицей и ближайшими городами-спутниками!",2026-09-26T17:21:06Z,2026-09-26T17:21:06Z,reject,missing_group:electric_bus,1,,0,search,electric bus,,,,,,2026-09-27T16:04:55.146680+07:00
youtube,Grb0HmTMmm8,https://www.youtube.com/watch?v=Grb0HmTMmm8,"Radial EBUS for Peripheral Pulmonary Lesions (Tips, Tricks &amp; Pitfalls)","Radial EBUS for Peripheral Pulmonary Lesions (Tips, Tricks &amp; Pitfalls)
BRONCHOSCOPY NEXT LEVEL Workshop, organised by Persatuan
Pendidikan Kesihatan Paru-Paru (PPKP) in collaboration with KPJ Damasanra Specialist Hospital 2

hosted by Dr Wong Yen Shen",2026-09-13T07:09:04Z,2026-09-13T07:09:04Z,reject,not_vietnam,1,electric_bus,0,search,ebus,,,,,,2026-09-26T21:00:31.745971+07:00
youtube,GrkdyD2NcM4,https://www.youtube.com/watch?v=GrkdyD2NcM4,chi phí bảo dưỡng xe điện có đắt hơn xe xăng #geelyex2 #hungdungroi #otodien,chi phí bảo dưỡng xe điện có đắt hơn xe xăng #geelyex2 #hungdungroi #otodien,2026-09-25T14:28:06Z,2026-09-25T14:28:06Z,reject,missing_group:electric_bus,1,transport_impact,0,search,bus dien,,,,,,2026-09-26T20:54:26.295357+07:00
youtube,GxSC7O9v4VM,https://www.youtube.com/watch?v=GxSC7O9v4VM,NÀO MÌNH CÙNG LÊN XE BUS ! #thaygiaohau #thayhau #thaygiaohauff,"NÀO MÌNH CÙNG LÊN XE BUS ! #thaygiaohau #thayhau #thaygiaohauff
[Chúc các em xem stream vui vẻ]
►Lịch Live hàng ngày:
*12h15 Trưa Hàng Ngày Trên Kênh: https://www.youtube.com/@thaygiaohau

➡️ Donate cho thầy ở đây: 
- https://playerduo.net/thaygiaohau
- https://www.paypal.com/paypalme/haudau18
- https://zypage.com/thayhau18

🆓 Giao lưu với thầy ở đây: 
► Facebook cá nhân: https://www.facebook.com/hauaseans
► Nhóm FaceBook: https://web.facebook.com/groups/thaygiaohau
►Tiktok: https://www.tiktok.com/@thayhau18

 --------------------------------------------


""Nếu như các em leo rank quá khó, Bình tĩnh đã có thầy lo"" Khi em vui thầy sẽ vui cùng em, Khi em buồn thầy sẽ cười vào cái mặt của em kk


 --------------------------------------------


► Email liên hệ: conghau199zz@gmail.com


--------------------------------------------


 #fhd  #tgh #thayhau #thaygiaohau #ff #freefire #highlightfreefire #freefirehighlight #highlightff #ffhighlight #hungakira #c4 #rouk #bacgau #asmobile #cena #ntn #roblox #jeeker #joyff #kidaumaygio #trummoclop #thaygiaohauff #thayhauff #lopthayhau #thayhauparkour #thaygiaohauparkour #parkourff",2026-09-27T04:00:12Z,2026-09-27T04:00:12Z,reject,missing_group:electric_bus,1,transport_impact,0,search,e-bus,,,,,,2026-09-27T16:05:09.117446+07:00
youtube,H-nMwkE2SgY,https://www.youtube.com/watch?v=H-nMwkE2SgY,PM E bus seva #automobile #motivation #devotionalsong #song #sorts,PM E bus seva #automobile #motivation #devotionalsong #song #sorts,2026-09-26T12:52:06Z,2026-09-26T12:52:06Z,reject,missing_group:electric_bus,1,transport_impact,0,search,e-bus,,,,,,2026-09-26T20:57:35.224046+07:00
youtube,H5J6Uuo8Ciw,https://www.youtube.com/watch?v=H5J6Uuo8Ciw,50E-650.04 xe buýt điện Vinbus số 38,"50E-650.04 xe buýt điện Vinbus số 38
Loại xe: Vinfast Green Bus 6",2026-08-14T06:50:29Z,2026-08-14T06:50:29Z,accept,electric_bus,1,"transport_impact,electric_bus",0,search,VinBus,,,,,,2026-09-26T21:04:50.848056+07:00
youtube,H7YocwC_UWg,https://www.youtube.com/watch?v=H7YocwC_UWg,JSW AMPSTAR Electric Bus - 200 किलोमीटर रेंज | AMPSTAR Electric Bus,"JSW AMPSTAR Electric Bus - 200 किलोमीटर रेंज | AMPSTAR Electric Bus
JSW AMPSTAR Electric Bus - 200 किलोमीटर रेंज | AMPSTAR Electric Bus

#BoldInSoch #SolidInSath #BuildForPeople #BuildForBusiness #BuildForIndia #Ampstar 


About Video:- Dosto Is Video Mein Maine Apko JSW New Launch AMPSTAR Brands Ke 12 Meter Electric Bus Ke Bare Mein Jankari Dii Hai .

Follow Me on:
📸 Instagram: http://Instagram.com/usha_ki_kiran_
📘 Facebook: https://www.facebook.com/UshaKiKiran22
📧 Email: ushakikiran17@gmail.com

Related Search:-

JSW AMPSTAR New Launch Trucks 
JSW AMPSTAR Brand
AMPSTAR New Launch Bus
AMPSTAR New Launch Truck 
Electric Bus
Electric Tractor Trailer",2026-09-26T06:39:27Z,2026-09-26T06:39:27Z,reject,not_vietnam,1,"transport_impact,electric_bus",0,search,electric bus,,,,,,2026-09-26T20:55:31.393730+07:00
youtube,HDATA2vl5TQ,https://www.youtube.com/watch?v=HDATA2vl5TQ,🔴Live- Mukhyamantri Sugam Parivahan Sevaand PM e-Bus Seva| मुख्यमंत्री सुगम परिवहन सेवा और पीएम ई-बस,"🔴Live- Mukhyamantri Sugam Parivahan Sevaand PM e-Bus Seva| मुख्यमंत्री सुगम परिवहन सेवा और पीएम ई-बस
भोपाल में मुख्यमंत्री सुगम परिवहन सेवा अंतर्गत सावर्जनिक यात्री बसों के संचालन का शुभारंभ
गांव से शहर तक बेहतर कनेक्टिविटी
सुगम, सुरक्षित और भरोसेमंद सफर की गारंटी

मुख्यमंत्री डॉ. मोहन यादव एवं केंद्रीय सड़क परिवहन एवं राजमार्ग मंत्री श्री नितिन गडकरी द्वारा भोपाल में आयोजित राज्य स्तरीय कार्यक्रम में मुख्यमंत्री सुगम परिवहन सेवा अंतर्गत सावर्जनिक यात्री बसों के संचालन का शुभारंभ

25 सितंबर 2026
भेल दशहरा मैदान, भोपाल

Inauguration of Mukhyamantri Sugam Parivahan Seva and PM e-Bus Seva
मुख्यमंत्री सुगम परिवहन सेवा और पीएम ई-बस सेवा का शुभारंभ

@मुख्यमंत्री सुगम परिवहन सेवा, #मुख्यमंत्री सुगम परिवहन सेवा 2026, #सुगम परिवहन सेवा, #MP Sugam Parivahan Seva, Mukhyamantri Sugam Parivahan Seva, Madhya Pradesh Bus Service, MP Bus Service, MP Public Transport, Madhya Pradesh Public Transport, Bhopal Bus Service, भोपाल बस सेवा, Bhopal Bus Launch, भोपाल में बस सेवा, MP New Bus Service, Madhya Pradesh New Bus Service, Public Transport MP, Intercity Bus MP, Intracity Bus MP, MP Intercity Bus, MP Intracity Bus, PM e-Bus Seva, PM E Bus Seva, PM e-Bus Service, PM e Bus Bhopal, e Bus Seva, E Bus Service, Bhopal e Bus, भोपाल ई बस, मोहन यादव, Dr Mohan Yadav, Mohan Yadav, Nitin Gadkari, नितिन गडकरी, Nitin Gadkari Bhopal, Mohan Yadav Nitin Gadkari, CM Mohan Yadav, मुख्यमंत्री मोहन यादव, केंद्रीय मंत्री नितिन गडकरी, MP News, Madhya Pradesh News, Bhopal News, Bhopal Live, MP Live News, MP Government, Madhya Pradesh Government, BHEL Dussehra Maidan, भेल दशहरा मैदान भोपाल, 25 September 2026, 25 सितंबर 2026, Bus Launch 2026, New Bus Service 2026, गाँव से शहर तक कनेक्टिविटी, ग्रामीण परिवहन, ग्रामीण बस सेवा, सुरक्षित बस सेवा, सार्वजनिक यात्री बस, Public Passenger Bus, MP Transport Department

#MukhyamantriSugamParivahanSeva
#SugamParivahanSeva
#PMEBusSeva
#PMEBus
#MadhyaPradesh
#MPNews
#Bhopal
#BhopalNews
#MohanYadav
#NitinGadkari
#MPBusService
#PublicTransport
#BusService
#MPGovernment
#MadhyaPradeshNews

#mp #mplivenews #mpnewslive #mohanyadav #punjpura #funds #pension #kisan #sammannidhiyojana #agriculture #लाडली बहना योजना #maihar  #samajiksurakashapension #maiharnews #laptops #talented #students #Distribution #योजना #प्रतिभाशाली विद्यार्थी प्रोत्साहन योजना #लैपटॉप राशि वितरण #Distribution of funds 
#purchasing laptops

Social Security Pension Amount Transfer program was held in Punjpura, Dewas district.
Chief Minister Dr. Mohan Yadav transferred the Social Security Pension Amount with a single click.
Social Security Pension Amount Transfer program was held in Punjpura, Dewas district, with Chief Minister Dr. Mohan Yadav as the chief guest.",2026-09-25T21:38:33Z,2026-09-25T21:38:33Z,reject,not_vietnam,1,"transport_impact,electric_bus",0,search,e-bus,,,,,,2026-09-26T20:58:18.352722+07:00
youtube,Hn4jfO9yPmc,https://www.youtube.com/watch?v=Hn4jfO9yPmc,"Hà Nội miễn phí xe buýt, metro trong 5 ngày nghỉ Quốc khánh 2/9 | ANTV","Hà Nội miễn phí xe buýt, metro trong 5 ngày nghỉ Quốc khánh 2/9 | ANTV
ANTV | Trong kỳ nghỉ Quốc khánh 2-9 kéo dài 5 ngày, Hà Nội tổ chức vận tải hành khách công cộng, miễn phí xe buýt và tàu điện, đáp ứng nhu cầu đi lại của người dân.

Mời quý vị khán giả xem thêm chương trình: Ghê rợn: Tiếng cú kêu, quạ réo tố cáo những tên sát nhân máu lạnh nhất https://youtu.be/F6npPmtAnUk

👉Tin tức về các hoạt động của Tổng Bí thư, Chủ tịch nước Tô Lâm: https://bit.ly/DaiTuongToLam

👉Tin tức về các hoạt động của Đại tướng Lương Tam Quang, Ủy viên Bộ Chính trị, Bộ trưởng Bộ Công an: https://www.youtube.com/playlist?list=PLF3UjIBiVGVCmwQ_gHfuiWon_Fo9hWDB4

👉 Nghị quyết số 12-NQ/TW về xây dựng lực lượng CAND : https://bit.ly/Nghiquyet12BCT

👉Hành trình phá án những vụ án kinh điển : https://bit.ly/HanhtrinhphaanANTV

★ ĐĂNG KÝ AN NINH TV:  http://www.youtube.com/channel/UCIg56SgvoZF8Qg0Jx_gh6Pg?sub_confirmation=1

★Tải ứng dụng ANTV Go trên :
 ✅ App Store : https://bit.ly/3FuytkK
 ✅Google Play : https://bit.ly/3mRcsGt
---------------------------------------------------------------
ANTV – Truyền hình CAND là kênh tin tức thời sự an ninh trật tự chuyên biệt. Tin tức mới nhất được cập nhật liên tục hàng ngày. Nguyên tắc thông tin là Nhân văn - Tin cậy - Kịp thời - Hấp dẫn .
Có ý kiến xây dựng hoặc đề nghị, vui lòng để lại comment phía dưới video. 

✔ Website chính thức: www.antv.gov.vn
✔ Fanpage chính thức: https://www.facebook.com/TruyenHinhCongAn/

✬ Rất mong được mọi người ủng hộ và subscribe kênh, cũng đừng quên bấm like và share cho bạn bè nhé! Xin cảm ơn!

Xin chào, chúc mọi người xem vui vẻ!!!

#antv #truyenhinhcongannhandan #hanoi",2026-08-23T11:15:12Z,2026-08-23T11:15:12Z,reject,missing_group:electric_bus,1,"transport_impact,hanoi_location",0,search,xe buyt dien,,,,,,2026-09-26T20:52:53.889936+07:00
youtube,HtqiLcTesJg,https://www.youtube.com/watch?v=HtqiLcTesJg,Xe điện rẻ hơn 33% chi phí năng lượng ở EU nói lên điều gì?,"Xe điện rẻ hơn 33% chi phí năng lượng ở EU nói lên điều gì?
Xe điện rẻ hơn 33% chi phí năng lượng ở EU nói lên điều gì?

Chi phí xe điện đang có lợi thế rõ hơn trong bối cảnh nhiên liệu đắt
lên. ICCT cho biết BEV tại EU năm 2025 có chi phí năng lượng thấp hơn
trung bình 33% so với xe xăng khi kết hợp sạc tại nhà và sạc công
cộng.",2026-09-16T06:52:59Z,2026-09-16T06:52:59Z,reject,missing_group:electric_bus,1,transport_impact,0,search,xe điện công cộng,,,,,,2026-09-26T21:05:52.276486+07:00
youtube,HyIIIxGFKco,https://www.youtube.com/watch?v=HyIIIxGFKco,Sụ Thật Rùng Rợn Về Chiếc Xe Buýt Không Có Điểm Đến🚨😰👣,"Sụ Thật Rùng Rợn Về Chiếc Xe Buýt Không Có Điểm Đến🚨😰👣
Đừng xem video này nếu bạn đang ở một mình...
Video mang tính chất giải trí, nội dung hư cấu.Không có tính chất hay cổ xúy cho mê tín dị đoan 

Những câu chuyện ngắn  nhưng có thể khiến bạn phải xem lại nhiều lần. 
Bạn có nghe thấy điều gì không? Hãy xem đến cuối và kiểm tra lại phía sau bạn...

Theo dõi kênh để xem thêm những video đáng sợ mỗi ngày.
#shorts #truyentamlinh#kinhdi #scary #horror #chuyendem3am #shortsvideo #viralshorts #fyp#kechuyendemkhuya #suthat #bian",2026-09-13T12:45:15Z,2026-09-13T12:45:15Z,reject,missing_group:electric_bus,1,transport_impact,0,search,xe buýt dien,,,,,,2026-09-26T20:54:04.979587+07:00
youtube,I0cR1TNn1aQ,https://www.youtube.com/watch?v=I0cR1TNn1aQ,VinFast VF Wild: XE BÁN TẢI xăng điện ĐẦU TIÊN CỦA VIỆT NAM!,"VinFast VF Wild: XE BÁN TẢI xăng điện ĐẦU TIÊN CỦA VIỆT NAM!
VinFast VF Wild: XE BÁN TẢI xăng điện ĐẦU TIÊN CỦA VIỆT NAM!

Dương Dê - Đánh giá các sản phẩm điện thoại và đồ công nghệ
Fanpage: https://www.facebook.com/DuongDeOfficial/
Instagram: https://www.instagram.com/DuongDeOfficial/
Facebook cá nhân: https://www.facebook.com/truongngocduong10v0",2026-09-22T07:17:24Z,2026-09-22T07:17:24Z,reject,missing_group:electric_bus,1,,0,search,review bus điện,,,,,,2026-09-26T21:08:04.274875+07:00
youtube,I39boRTXStk,https://www.youtube.com/watch?v=I39boRTXStk,Ets 2 Bus mod #ets2bestmods #gaming #gaming #ets2mapmods #ets2,Ets 2 Bus mod #ets2bestmods #gaming #gaming #ets2mapmods #ets2,2026-09-27T05:31:04Z,2026-09-27T05:31:04Z,reject,missing_group:electric_bus,1,transport_impact,0,search,e-bus,,,,,,2026-09-27T16:05:09.103490+07:00
youtube,I4VjFmc1lIM,https://www.youtube.com/watch?v=I4VjFmc1lIM,"TP.HCM tăng cường xe buýt ở ĐHQG: Giải tỏa nhanh áp lực, sinh viên đi lại dễ dàng","TP.HCM tăng cường xe buýt ở ĐHQG: Giải tỏa nhanh áp lực, sinh viên đi lại dễ dàng
Từ ngày 10-9, Trung tâm Quản lý Giao thông công cộng TP.HCM chính thức triển khai phương án tăng cường xe buýt, điều động thêm phương tiện và tăng tần suất chuyến nhằm đáp ứng nhu cầu đi lại tăng cao của sinh viên ĐHQG TP.HCM đầu năm học mới.

#baotuoitre #tintuc #new 

- Tin tức nhanh: https://tuoitre.vn

Tin tức nhanh nhất, mới nhất, nóng nhất đang diễn ra ở Việt Nam và thế giới về: thời sự, kinh tế, chính trị, xã hội, giáo dục, thể thao, văn hóa, giải trí, công nghệ, nhịp sống số, pháp luật, du lịch...

#TuoiTre #BaoTuoiTre #TinNong #Thời_Sự #ThoiSu #Tuổi_Trẻ 

-----------
Đăng ký kênh xem thêm nhiều chuyên mục hấp dẫn khác:
https://bit.ly/3k1RCAR

Facebook: 
- https://facebook.com/baotuoitre
- https://facebook.com/Truyenhinh.BaoTuoiTre

Bản quyền nội dung thuộc về Báo điện tử Tuổi Trẻ
Cơ quan Báo và Phát thanh, Truyền hình TP.HCM
--------------------
TÒA SOẠN BÁO ĐIỆN TỬ TUỔI TRẺ
- Địa chỉ: Số 60A, Hoàng Văn Thụ, Phường.9, Quận Phú Nhuận, Thành phố Hồ Chí Minh, Việt Nam
- Điện thoại: (84.8) 3.997.3838
- Website: http://tuoitre.vn
- Email: tto@tuoitre.com.vn
- Đường dây nóng: 0918.033.133 - (84.8) 39.971.010",2026-09-11T13:00:27Z,2026-09-11T13:00:27Z,reject,missing_group:electric_bus,1,transport_impact,1,search,xe buýt điện,,,,,,2026-09-26T20:51:04.118763+07:00
youtube,I59KcBidacs,https://www.youtube.com/watch?v=I59KcBidacs,CHUYẾN XE BUÝT LÚC 3 GIỜ 17 PHÚT | Phần Cuối: Điểm Cuối Cùng | Truyện Ma Kinh Dị Ám Ảnh,"CHUYẾN XE BUÝT LÚC 3 GIỜ 17 PHÚT | Phần Cuối: Điểm Cuối Cùng | Truyện Ma Kinh Dị Ám Ảnh
CHUYẾN XE BUÝT LÚC 3 GIỜ 17 PHÚT – PHẦN CUỐI: ĐIỂM CUỐI CÙNG
Khải cuối cùng cũng bắt đầu nhớ lại những gì đã xảy ra vào ba năm trước.
Một vụ tai nạn.
Một khoảnh khắc cuối cùng.
Và chuyến xe buýt số 317 xuất hiện đúng lúc 3 giờ 17 phút sáng.
Trên chuyến xe ấy, Khải gặp lại những người tưởng chừng đã biến mất khỏi cuộc đời mình.
Trong đó có cả người em gái mà cậu không ngờ sẽ gặp lại.
Nhưng chuyến xe 317 không có điểm đến.
Bởi những người ngồi trên đó…
Đều là những người không còn nơi nào để trở về.
Khi chiếc xe dừng trước điểm cuối cùng, Khải buộc phải đưa ra lựa chọn.
Bước xuống.
Hay tiếp tục ở lại trên chuyến xe.
Và rồi cậu phát hiện một sự thật đáng sợ hơn tất cả.
Ba năm qua, cuộc sống mà Khải tin là thật có thể chỉ là một hành trình lặp lại.
Một chuyến xe.
Một thành phố.
Và một người chưa từng nhận ra rằng mình đã không còn thuộc về nơi đó.
Nhưng khi đồng hồ cuối cùng chuyển sang 3 giờ 18 phút…
Một hành khách mới lại xuất hiện.
🎧 Phần cuối của câu chuyện kinh dị “Chuyến Xe Buýt Lúc 3 Giờ 17 Phút”.
HOOK:
“Những người ngồi trên chuyến xe 317 đều có một điểm chung… họ không còn nơi nào để trở về.”
HASHTAG:
#TruyenMa #TruyenKinhDi #ChuyenXeBuytLuc3Gio17Phut #ChuyenXeBuyt317 #DiemCuoiCung #KeChuyenMa #TruyenMaDemKhuya #ChuyenMa #XeBuytMa #KinhDiTamLy #TruyenMaHay #HorrorStory #ChuyenKinhDi",2026-09-10T16:23:46Z,2026-09-10T16:23:46Z,reject,missing_group:electric_bus,1,transport_impact,0,search,buyt dien,,,,,,2026-09-26T20:54:46.971102+07:00
youtube,I9Mue3VKCPk,https://www.youtube.com/watch?v=I9Mue3VKCPk,REVIEW XE ĐIỆN XANH SM LÝ DO QUAY LẠI ĐI XE XĂNG SAU KHI TRẢI NGHIỆM,"REVIEW XE ĐIỆN XANH SM LÝ DO QUAY LẠI ĐI XE XĂNG SAU KHI TRẢI NGHIỆM
⬇️ SẢN PHẨM TRONG VIDEO ⬇️
--------------------------------
👉 Dịch vụ xe công nghệ Xanh SM
🛒 Link mua: https://shopee.vn/M%E1%BA%ABu-tem-decal-d%C3%A1n-xe-XANH-d%C3%A1n-cho-xe-%C3%B4-t%C3%B4-ch%E1%BA%A1y-d%E1%BB%8Bch-v%E1%BB%A5-chi%E1%BB%81u-XU%C3%94I-NG%C6%AF%E1%BB%A2C-M%C3%A3-479-i.954813744.42310907260
--------------------------------

Trong video này, mình chia sẻ thật lòng về trải nghiệm sử dụng xe điện Xanh SM sau một thời gian dài. Ban đầu mình rất muốn gắn bó với xe điện vì nghĩ sẽ sạch sẽ, không mùi xăng và thân thiện môi trường hơn. Tuy nhiên, có 3 lý do khiến mình phải quay lại với xe xăng truyền thống.

Thứ nhất là tình trạng say xe, chóng mặt, nhức đầu mỗi lần đi xe điện do cách thắng và tăng tốc không êm như xe xăng, thường xuyên bị giật. Thứ hai là vấn đề an toàn khi gặp tài xế ngủ gục lúc 10 giờ sáng - điều cực kỳ nguy hiểm. Và cuối cùng là những chi tiết nhỏ như cửa xe khá nặng, không tiện lợi.

Nếu Xanh SM khắc phục được những điểm này thì quả thật sẽ rất tuyệt vời. Nhưng hiện tại, mình chọn quay về với xe xăng để đảm bảo sức khỏe và an toàn hơn!

#goclamdep #viral #xuhuong #xecongnhe #xanhsm",2026-09-23T22:20:25Z,2026-09-23T22:20:25Z,reject,missing_group:electric_bus,1,transport_impact,0,search,review bus điện,,,,,,2026-09-26T21:08:04.304653+07:00
youtube,ICc2hku3nUw,https://www.youtube.com/watch?v=ICc2hku3nUw,(50H-887.81) Xe buýt điện số 89 (Phần 3),(50H-887.81) Xe buýt điện số 89 (Phần 3),2026-09-06T12:29:29Z,2026-09-06T12:29:29Z,accept,electric_bus,1,"transport_impact,electric_bus",0,search,xe bus điện,,,,,,2026-09-26T20:52:10.518221+07:00
youtube,IGkBaKusIs4,https://www.youtube.com/watch?v=IGkBaKusIs4,¿Buses eléctricos municipales?¿cuánto costarían y cómo funcionarían? conoce el proyecto de Marcos C.,¿Buses eléctricos municipales?¿cuánto costarían y cómo funcionarían? conoce el proyecto de Marcos C.,2026-09-27T02:00:31Z,2026-09-27T02:00:31Z,reject,missing_group:electric_bus,1,,0,search,electric bus,,,,,,2026-09-27T17:03:50.150010+07:00
youtube,IPBlW0Dg908,https://www.youtube.com/watch?v=IPBlW0Dg908,🛑 Xe buýt đụng cột điện ‘Cúp luôn điện vài giờ’ #jennyfamilyusa #nguoivietomy,🛑 Xe buýt đụng cột điện ‘Cúp luôn điện vài giờ’ #jennyfamilyusa #nguoivietomy,2026-09-05T18:08:13Z,2026-09-05T18:08:13Z,reject,missing_group:electric_bus,1,transport_impact,0,search,xe bus điện,,,,,,2026-09-26T20:52:27.185744+07:00
youtube,IQ2tLdyOVUw,https://www.youtube.com/watch?v=IQ2tLdyOVUw,The Wheels on the Bus by Vin Pagarani,The Wheels on the Bus by Vin Pagarani,2026-08-31T03:52:08Z,2026-08-31T03:52:08Z,reject,missing_group:electric_bus,1,transport_impact,0,search,Vin Bus,,,,,,2026-09-26T21:05:24.244251+07:00
youtube,IQynF-3pCUw,https://www.youtube.com/watch?v=IQynF-3pCUw,Tuyến E08 trên xe buýt điện Vinfast EB10 29F-008.48,Tuyến E08 trên xe buýt điện Vinfast EB10 29F-008.48,2026-08-07T14:55:57Z,2026-08-07T14:55:57Z,accept,electric_bus,1,"transport_impact,electric_bus",0,search,điểm dừng xe buýt điện,,,,,,2026-09-26T21:07:50.258717+07:00
youtube,IVxeqtMQVk8,https://www.youtube.com/watch?v=IVxeqtMQVk8,ĐIỂM DỪNG XE ĐIỆN SYDNEY - ÚC CHÂU / Station Train Sydney Australia   ,ĐIỂM DỪNG XE ĐIỆN SYDNEY - ÚC CHÂU / Station Train Sydney Australia,2026-09-19T01:55:41Z,2026-09-19T01:55:41Z,reject,missing_group:electric_bus,1,transport_impact,0,search,xe điện công cộng,,,,,,2026-09-26T21:05:52.245333+07:00
youtube,I_qnJw1ASaQ,https://www.youtube.com/watch?v=I_qnJw1ASaQ,TOP 4 Bus Game vs Crash Test car parking multiplayer #carparkingmultiplayer,"TOP 4 Bus Game vs Crash Test car parking multiplayer #carparkingmultiplayer
#carparkingmultiplayer",2026-09-27T05:10:58Z,2026-09-27T05:10:58Z,reject,missing_group:electric_bus,1,transport_impact,0,search,e-bus,,,,,,2026-09-27T16:05:09.107739+07:00
youtube,InzVsclTsOE,https://www.youtube.com/watch?v=InzVsclTsOE,LƯỢNG KHÁCH ĐI BUÝT TẠI TP. HỒ CHÍ MINH TĂNG MẠNH TRONG THÁNG 9,"LƯỢNG KHÁCH ĐI BUÝT TẠI TP. HỒ CHÍ MINH TĂNG MẠNH TRONG THÁNG 9
Dù không phải giờ cao điểm, tại các trạm xe buýt này, lượng hành khách vẫn khá đông, có chuyến chỉ sau vài điểm dừng đã gần như kín chỗ.

HTV Tin tức, kênh Tin tức chính thức của Đài Phát thanh và Truyền hình TP. Hồ Chí Minh (HTV).
------------------------------------------------
#HTVTintức là kênh Youtube chính thức chuyên về thông tin thời sự của Trung tâm Tin tức, Đài Phát thanh và Truyền hình TP. Hồ Chí Minh.Chúng tôi liên tục cập nhật các thông tin thời sự trong nước và quốc tế trong các bản tin, chương trình, chuyên đề, để gửi đến quý vị khán giả những thông tin nhanh chóng và chính xác.

#HTVTinTuc #HTV9 #TinTuc24h #TinMoiNhat #60Giay #HTVNewZ #NewZ #Thoisu #Homnay #Thegioi",2026-09-12T02:15:08Z,2026-09-12T02:15:08Z,reject,missing_group:electric_bus,1,transport_impact,1,search,điểm dừng xe buýt điện,,,,,,2026-09-26T21:07:30.541527+07:00
youtube,IugrYyaV7E0,https://www.youtube.com/watch?v=IugrYyaV7E0,(Tuyến 122) Bến Xe Tân Quy - Bến Xe An Sương ,"(Tuyến 122) Bến Xe Tân Quy - Bến Xe An Sương 
© Bản Quyền Hy Khang 2011-2026 Xe Buýt Xanh Công Cộng TP.HCM ©
_____
Xin Chào Mọi Người, Mình Tên Là Hy Khang, Mình Sẽ Hướng Dẫn Tất Cả Mọi Người Đi Xe Buýt Và Lộ Trình Trạm Với Tuyến, Khám Phá Mới, 1 Trong Những Xe Buýt Xanh Bảo Vệ Môi Trường Ở TP.HCM, Xe Buýt Điện Là 1 Thương Mại Hoàn Toàn Mới Để Bảo Vệ Môi Trường Và Sạch Đẹp TP.HCM, Xin Mọi Người Hãy Coi Những Video Tiếp Theo Để Biết Về Rõ Hơn, Xin Chân Thành Cảm Ơn Chào Đón",2026-09-10T16:04:32Z,2026-09-10T16:04:32Z,accept,electric_bus,1,"transport_impact,electric_bus",1,search,xe buýt điện,,,,,,2026-09-26T20:51:10.662085+07:00
youtube,Iv7E3tzXXMg,https://www.youtube.com/watch?v=Iv7E3tzXXMg,Khai trương xe bus điện miễn phí đưa đón học sinh đến trường,"Khai trương xe bus điện miễn phí đưa đón học sinh đến trường
Chiều 3/9, thành phố Quảng Ninh tổ chức khai trương tuyến xe buýt đưa đón học sinh đến trường năm học 2026 - 2027 trên địa bàn các phường Hạ Long, Hồng Gai và Hà Tu. Với quy mô 50 xe được bố trí trên 6 tuyến chính, Quảng Ninh là địa phương đầu tiên trên cả nước triển khai mô hình xe buýt điện miễn phí đưa đón học sinh đến trường.",2026-09-04T07:26:27Z,2026-09-04T07:26:27Z,accept,electric_bus,1,"transport_impact,electric_bus",1,search,buyt dien,,,,,,2026-09-26T20:54:53.726491+07:00
youtube,IyT78op1ByA,https://www.youtube.com/watch?v=IyT78op1ByA,Spy vs Secret Agent: What’s the Difference? 🕵️ #shortsfeed,Spy vs Secret Agent: What’s the Difference? 🕵️ #shortsfeed,2026-09-25T05:57:58Z,2026-09-25T05:57:58Z,reject,missing_group:electric_bus,1,,0,search,ebus,,,,,,2026-09-26T21:00:25.243453+07:00
youtube,J05UPkn3pJw,https://www.youtube.com/watch?v=J05UPkn3pJw,ELECTRIC London Bus Route 263 To Holloway Nags Head 🚎⚡️🇬🇧 || #electricbus #tfl #holloway #buses,ELECTRIC London Bus Route 263 To Holloway Nags Head 🚎⚡️🇬🇧 || #electricbus #tfl #holloway #buses,2026-09-26T10:30:24Z,2026-09-26T10:30:24Z,reject,missing_group:electric_bus,1,transport_impact,0,search,electric bus,,,,,,2026-09-26T23:03:14.872063+07:00
youtube,J6GR64s27Mg,https://www.youtube.com/watch?v=J6GR64s27Mg,UNIT 16: METRO &amp; BUS STATION - Ga tàu điện &amp; bến xe buýt | L2 BEGINNER (UNICORN) | Leo English,"UNIT 16: METRO &amp; BUS STATION - Ga tàu điện &amp; bến xe buýt | L2 BEGINNER (UNICORN) | Leo English
Khóa học Tiếng Anh Giao Tiếp Toàn Diện - Level Beginner (Unicorn) | Leo English
Bài học: UNIT 16: AT THE METRO AND BUS STATION (Ở ga tàu điện và bến xe buýt)

📌 NỘI DUNG BÀI HỌC:
- Luyện phản xạ giao tiếp tiếng Anh tự nhiên theo ngữ cảnh thực tế hàng ngày.
- Nắm vững cấu trúc câu, phát âm chuẩn IPA và ngữ điệu tự nhiên qua các đoạn hội thoại thực hành.

📖 TỪ VỰNG THEN CHỐT TRONG BÀI:
01. station (/ˈsteɪʃn/): ga, bến
02. metro (/ˈmetroʊ/): tàu điện ngầm
03. bus (/bʌs/): xe buýt
04. ticket (/ˈtɪkɪt/): vé
05. platform (/ˈplætfɔːrm/): sân ga
06. gate (/ɡeɪt/): cổng
07. stop (/stɒp/): điểm dừng
08. route (/ruːt/): tuyến đường
09. map (/mæp/): bản đồ
10. sign (/saɪn/): biển chỉ dẫn
11. entrance (/ˈentrəns/): lối vào
12. exit (/ˈeɡzɪt/): lối ra
13. line (/laɪn/): tuyến
14. transfer (/ˈtrænsfɜːr/): chuyển tuyến
15. crowd (/kraʊd/): đám đông
16. wait (/weɪt/): đợi
17. board (/bɔːrd/): lên xe
18. arrive (/əˈraɪv/): đến
19. depart (/dɪˈpɑːrt/): khởi hành
20. direction (/dɪˈrekʃn/): hướng

💬 ĐOẠN HỘI THOẠI MẪU:
• Hoa: Excuse me. Where is the metro station? (Xin lỗi. Ga metro ở đâu ạ?)
• Stranger: It's over there. Go straight ahead. (Nó ở đằng kia. Đi thẳng tới.)
• Hoa: Thank you. And the bus stop? (Cảm ơn. Còn bến xe buýt thì sao?)
• Stranger: It's next to the station, on the left. (Nó ở bên cạnh ga, bên trái.)
... và nhiều mẫu câu hội thoại thực hành sinh động trong video!

🎯 Khóa học Beginner Unicorn - Leo English được thiết kế độc quyền nhằm giúp học viên tự tin làm chủ giao tiếp tiếng Anh thành thạo.

#Leoenglish #HocTiengAnh #TiengAnhGiaoTiep #TiengAnhCoBan #LeoEnglish #BeginnerEnglish #Unicorn",2026-09-13T06:47:17Z,2026-09-13T06:47:17Z,reject,missing_group:electric_bus,1,transport_impact,0,search,xe buýt điện,,,,,,2026-09-26T20:51:00.858545+07:00
youtube,J7gYztfz67U,https://www.youtube.com/watch?v=J7gYztfz67U,(Tuyến 34) Gốc Nhìn View Đẹp Ở Sài Gòn ,"(Tuyến 34) Gốc Nhìn View Đẹp Ở Sài Gòn 
© Bản Quyền Hy Khang 2011-2026 Xe Buýt Xanh Công Cộng TP.HCM
_____
Xin Chào Mọi Người, Mình Tên Là Hy Khang, Mình Sẽ Hướng Dẫn Tất Cả Mọi Người Đi Xe Buýt Và Lộ Trình Trạm Với Tuyến, Khám Phá Mới, 1 Trong Những Xe Buýt Xanh Bảo Vệ Môi Trường Ở TP.HCM, Xe Buýt Điện Là 1 Thương Mại Hoàn Toàn Mới Để Bảo Vệ Môi Trường Và Sạch Đẹp TP.HCM, Xin Mọi Người Hãy Coi Những Video Tiếp Theo Để Biết Về Rõ Hơn, Xin Chân Thành Cảm Ơn Chào Đón",2026-09-09T05:49:28Z,2026-09-09T05:49:28Z,accept,electric_bus,1,"transport_impact,electric_bus",1,search,điểm dừng xe buýt điện,,,,,,2026-09-26T21:07:30.547195+07:00
youtube,JA7roLgnmec,https://www.youtube.com/watch?v=JA7roLgnmec,"[Review Phim] Reacher 2026: Gã Khổng Lồ &quot;Đấm Nát&quot; CIA, Xóa Sổ Đội Quân Lính Đánh Thuê Cực Gắt","[Review Phim] Reacher 2026: Gã Khổng Lồ &quot;Đấm Nát&quot; CIA, Xóa Sổ Đội Quân Lính Đánh Thuê Cực Gắt
[Review Phim] Reacher 2026: Gã Khổng Lồ ""Đấm Nát"" CIA, Xóa Sổ Đội Quân Lính Đánh Thuê Cực Gắt mang đến cho bạn trọn bộ bom tấn hành động phá án nước Mỹ đỉnh cao và khốc liệt nhất năm 2026.

Gã khổng lồ với nắm đấm thép đã chính thức tái xuất, Reacher chưa bao giờ biết sợ là gì lại tiếp tục lao đầu vào chỗ chết. Chỉ vì một chiếc USB bé bằng ngón tay chứa đựng bí mật quốc gia mà anh ấy trở thành con mồi của cả thế giới ngầm lẫn cơ quan chính phủ. Tất cả bắt đầu vào một đêm muộn tại toa tàu điện ngầm Philadelphia, Reacher vô tình chứng kiến vụ tự sát đầy bí ẩn của một nữ nhân viên Lầu Năm Góc. Trở thành nhân chứng cuối cùng, anh bị cuốn vào vòng xoáy truy sát ác liệt của đám giang hồ, đặc vụ CIA máu lạnh và cả một đội quân lính đánh thuê được vũ trang tận răng.

Bi kịch thực sự hé lộ khi chiếc USB phơi bày tội ác diệt chủng năm xưa tại Indonesia và dính líu trực tiếp đến chiến dịch đen tối của ứng cử viên Tổng thống Mỹ - Sampson. Khi công lý bị quyền lực bưng bít, thì bạo lực chính là thứ ngôn ngữ duy nhất mà lũ cặn bã có thể hiểu được. Dù bị đánh thuốc mê, nhốt vào lồng sắt tại nhà ngục đen hay bị sát thủ phục kích, Reacher vẫn dùng nắm đấm thép để xé toạc mọi vòng vây. Cựu quân cảnh bá đạo này sẽ làm gì để lật tẩy bộ mặt thật của giới chính trị gia và bắt chúng phải trả giá? Cùng xem ngay video trọn bộ từ tập 1 đến tập 4 để tận hưởng những phút giây giải trí đỉnh cao nhé!

📌 Mốc thời gian:
00:00 - Chuyến tàu điện ngầm định mệnh & Vụ tự sát kinh hoàng
04:15 - Vướng vòng lao lý & Cuộc săn lùng chiếc USB bí ẩn
09:20 - Lật tẩy âm mưu: Quá khứ đen tối và tội ác tại Indonesia
14:35 - Bị CIA đánh thuốc mê, nhốt lồng sắt & Màn đào tẩu nghẹt thở
20:10 - Đội quân lính đánh thuê phục kích & Pha dùng đũa đoạt mạng
25:30 - Chạm trán ông trùm chính trị & Bí mật diệt chủng bị che giấu
29:45 - Màn kịch nhảy lầu tự sát & Cú chốt hạ đẫm máu của Reacher

#GocCuaReviewPhim #ReviewPhim #Reacher2026 #BomTanHollywood2026 #TomTatPhimTronBo #ReviewPhimHay #PhimMy #PhimSatThu #PhimHanhDong2026 #JackReacher

[Full Series Force 1-2-3] Gã Trùm New York San Phẳng Chicago, Xóa Sổ Băng Đảng
https://www.youtube.com/playlist?list=PLiLUof0ftGPIXtj7RdQTosG9ivGMVaraj
---------------------
[Full Series Power 1-2-3] Tommy & Ghost: San Phẳng Thế Giới Ngầm New York
https://www.youtube.com/playlist?list=PLiLUof0ftGPKTGvqec2M3VlRNHkT-P57D
---------------------
[Full Series Power 4-5-6] Đế Chế Ngầm Chao Đảo: Ông Trùm Vừa Xưng Bá Đã Vướng Vòng Lao Lý
https://www.youtube.com/playlist?list=PLiLUof0ftGPLSglVrlTmOqIPsyw7IaAiv
---------------------
[Full Series Mayor of Kingstown 1-2-3-4] Thị Trưởng Ngầm ""Cai Quản"" 7 Nhà Tù: Nơi ""Luật Rừng"" Lên Ngôi
https://www.youtube.com/playlist?list=PLiLUof0ftGPJ49i02dt5Fh0lHT4A6NY4J
---------------------
[Full Series Banshee 1-2-3]: Cảnh Sát ""Pha Ke"" Dùng Luật Rừng San Bằng Thế Giới Ngầm
https://www.youtube.com/playlist?list=PLiLUof0ftGPLl9Z4ZRSxCQB7ggbbXhZL_
---------------------
[Full Series Condor 1-2] Thảm Sát Trụ Sở Tình Báo: Đặc Vụ ""Lật Kèo"" Cứu 2 Triệu Sinh Mạng
https://www.youtube.com/playlist?list=PLiLUof0ftGPLG_MPnkkutDlWA1DlHY39x
---------------------
[Full Series: White Collar] Từ Kẻ Vượt Ngục Trở Thành ""Trùm Cuối"" Thao Túng Thế Giới Ngầm Và FBI
https://www.youtube.com/playlist?list=PLQS0AtR36Drk
---------------------
[Full Series Kẻ Tình Nghi] Từ Kẻ Ăn Mày Vô Danh Đến ""San Bằng"" Cả Thế Giới Tội Phạm New York
https://www.youtube.com/playlist?list=PLWLA9U7Swp-0
---------------------
[Full Series Citadel 1-2] BOM TẤN Hollywood 2026: Ám Sát Tổng Thống, Cấy Chip Thao Túng Trí Não
https://www.youtube.com/playlist?list=PLiLUof0ftGPJ3y-iEMiIQuWV37MnOZCCH
---------------------
[Full Series Gomorrah 1-2-3-4-5] Đại Thanh Trừng Mafia Ý: Thái Tử Nổi Điên, Thế Giới Ngầm Napoli Phải Quỳ Gối
https://www.youtube.com/playlist?list=PLiLUof0ftGPJlufbX4s0RHVdra8XRa4JJ

© Bản quyền thuộc về Gõ Cửa Review Phim
© Copyright by Gõ Cửa Review Phim ☞ Vui lòng không re-up.

--- TUYÊN BỐ MIỄN TRỪ TRÁCH NHIỆM BẢN QUYỀN ---
Gõ Cửa Review Phim không sở hữu hoàn toàn các tư liệu (hình ảnh, video) được tổng hợp trong video này. Chúng thuộc về các cá nhân hoặc tổ chức xứng đáng được tôn trọng.

Chúng tôi sử dụng các tư liệu theo luật bản quyền: Điều 107 của Đạo luật Bản quyền năm 1976, cho phép ""Sử dụng hợp lý"" (Fair Use) vì mục đích phê bình, bình luận, phân tích, giảng dạy...

We use material under: Copyright Disclaimer, Section 107 of the Copyright Act 1976. ""Fair Use"" is permitted for purposes such as criticism, comment, news reporting, teaching, scholarship, and research.

Mọi thắc mắc về thương mại, hợp tác hoặc các vấn đề liên quan đến bản quyền, xin vui lòng liên hệ qua email:
► Email: huynhat2932004@gmail.com

Trân trọng cảm ơn!",2026-09-23T12:00:28Z,2026-09-23T12:00:28Z,reject,missing_group:electric_bus,1,transport_impact,0,search,review bus điện,,,,,,2026-09-27T16:02:46.347861+07:00
youtube,JBcFmC1cS5A,https://www.youtube.com/watch?v=JBcFmC1cS5A,VÌ SAO DÂN CHÂU ÂU ĐANG THÁO CHẠY KHỎI XE ĐIỆN? BÀI HỌC CAY ĐẮNG CHO AI THÍCH ĐU TREND,"VÌ SAO DÂN CHÂU ÂU ĐANG THÁO CHẠY KHỎI XE ĐIỆN? BÀI HỌC CAY ĐẮNG CHO AI THÍCH ĐU TREND
Tham gia làm hội viên của kênh này để được hưởng đặc quyền:
https://www.youtube.com/channel/UCQtQjjjUJfcACfyG6DK3nFg/join
Nếu để lên mạng giải trí, tại sao bạn không vừa giải trí vừa mở rộng thêm hiểu biết! Mua xe điện để tiết kiệm chi phí xăng dầu hàng tháng tưởng chừng là một nước đi tài chính thông minh, nhưng tại sao hàng loạt chủ xe tại Châu Âu lại đang cay đắng nhận ra mình vừa rơi vào một cái bẫy tài chính khổng lồ? Khi những con số thực tế về mức độ mất giá không phanh, biểu giá điện trạm sạc công cộng đắt đỏ cùng chi phí bảo hiểm tăng vọt được bóc tách sòng phẳng, liệu phương trình tổng chi phí sở hữu (TCO) có thực sự đem lại quả ngọt như những lời quảng cáo hào nhoáng hay chỉ là một cú lừa ngoạn mục?
#dechexedien #xedien #nghichlygiaxanh #tco #otochauau",2026-09-24T23:00:36Z,2026-09-24T23:00:36Z,reject,missing_group:electric_bus,1,transport_impact,0,search,xe điện công cộng,,,,,,2026-09-26T21:05:52.177443+07:00
youtube,JGAIYgvlprQ,https://www.youtube.com/watch?v=JGAIYgvlprQ,Tàu Điện Cát Linh giờ cao điểm sáng,Tàu Điện Cát Linh giờ cao điểm sáng,2026-09-22T00:24:22Z,2026-09-22T00:24:22Z,reject,missing_group:electric_bus,1,,0,search,xe điện công cộng,,,,,,2026-09-26T21:05:52.238258+07:00
youtube,JGHKMbX4CpU,https://www.youtube.com/watch?v=JGHKMbX4CpU,RA ĐƯỜNG ĐẦY XE.ĐIỆN THỜI &quot;KẸT XE&quot; XĂNG.DẦU LEO THANG BUNG NÓC - CẦU KÊNH TẺ CHEN NHAU GIỜ CAO ĐIỂM,"RA ĐƯỜNG ĐẦY XE.ĐIỆN THỜI &quot;KẸT XE&quot; XĂNG.DẦU LEO THANG BUNG NÓC - CẦU KÊNH TẺ CHEN NHAU GIỜ CAO ĐIỂM
cuộc sống sài gòn
ỦNG HỘ KÊNH XIN CÁC BẠN NHẤN ÐĂNG KÝ (MIỄN PHÍ) ÐỂ THEO DÕI.
Please SUBSCRIBE to my channel:
https://goo.gl/sCe18n

#cuocsongsaigon #saigon #dulich

thời buổi xăng dầu tăng giá, xe điện tràn ngập đường phố, cầu kênh tẻ chen nhau giờ cao điểm qua quận 4




*hành trình đà lạt về sài gòn NHANH NHẤT ngắm nhiều cảnh đẹp* https://www.youtube.com/watch?v=mF9boR262pk&t=7774s

*du lịch thái lan tự túc rẻ hơn đi phú quốc* https://youtu.be/ZkLPe3wwu2Q?si=xQ-PiK5cxVS0vnmO

*con đường BƯỚM ĐÊM khét tiếng* https://www.youtube.com/watch?v=pxIzO3OGH3Y

*biệt thự nhà VIỆT HƯƠNG giàu chưa từng thấy* https://www.youtube.com/watch?v=D3frYXLeeqA

*sài gòn NGẬP KINH HOÀNG NGÀY ĐÊM SÁNG TỐI* https://www.youtube.com/watch?v=C0FYpVspSvw

*khu nhà lầu đại gia CHO TIỀN KHÔNG DÁM Ở* https://www.youtube.com/watch?v=n9NR-6L3Qzk

*kinh khủng 2 SIÊU THỊ LỚN NHẤT KHỦNG NHẤT THÀNH PHỐ BÌNH DƯƠNG* https://www.youtube.com/watch?v=1fIaiEEJTLE

*ai ngờ ĐÊM GIÁNG SINH SÀI GÒN ăn chơi khắp nơi* https://www.youtube.com/watch?v=l3chnh_6K8E

*kinh hoàng XẢ NƯỚC CỐNG VỪA ĐEN VỪA THÚI chưa từng thấy* https://www.youtube.com/watch?v=WieinQ8cLIM

*view xem pháo hoa đẹp nhất sài gòn* https://www.youtube.com/watch?v=ECfzA_kJ25c

*đổi tiền NGOẠI TỆ CHỢ BẾN THÀNH mùng 1 tết tây* https://www.youtube.com/watch?v=jouxGAnTPKU

*xóm đạo hang đá lớn nhất sài gòn* https://www.youtube.com/watch?v=ulY8xM4yosQ

*bắn pháo hoa ĐÊM GIAO THỪA lạ chưa từng thấy* https://www.youtube.com/watch?v=1ke2JXUGQnI

*giây phút căng thẳng CHẶN XE CHỜ CỨU THƯƠNG tai nạn giao thông xóm đạo* https://www.youtube.com/watch?v=vCcltNg1zZ8

*sài gòn VỠ TRẬN ĐÊM GIAO THỪA 2024 cảnh tượng chưa từng thấy* https://www.youtube.com/watch?v=ahVu_p6r68Y

*giá rẻ bất ngờ NGẬP TRÀN HÀNG LẠ CHỢ BẾN THÀNH BÁN SAO LẠI* https://www.youtube.com/watch?v=lpRo3-QYQkY

*du lịch THÁI LAN TỰ TÚC giáng sinh 2024* https://www.youtube.com/playlist?list=PL0N8x1Z6ldye69BA_Kf1Uk3zUKBRIVZLE

*kinh hoàng NƯỚC NGẬP PHUN VĂNG NẮP CỐNG chưa từng thấy ở chợ lớn* https://www.youtube.com/watch?v=2BBoXsPQ8go&list=RDCMUCJucs3KKotPlqF1GZo-DWbw&index=5

*giật mình cảnh hàng ngàn bạn trẻ xếp hàng chờ mua túi 99k việt kiều đức thái công* https://www.youtube.com/watch?v=JhUiyIzGYQM

*chợ tết sài gòn 2024 mùa phá sản khắp nơi* https://www.youtube.com/watch?v=kvIJ1F24ub0

*lớn chưa từng thấy LỄ HỘI CHỢ TẾT VIỆT 2024* https://www.youtube.com/watch?v=1JBWU_zlakc&t=2995s

*toàn cảnh chợ tết chợ bến thành sài gòn* https://www.youtube.com/watch?v=8sBjoPqMEVI&t=22s

*hành trình cao tốc SÀI GÒN NHA TRANG nhanh chưa từng thấy* https://www.youtube.com/watch?v=-7-4jWhoBaU&t=288s

*viếng mộ ông NGUYỄN BÁ THANH người nổi tiếng nhất ĐÀ NẴNG* https://www.youtube.com/watch?v=q9i8oYFC6oo&t=66s
 
*FULL NGÀY 1 TOUR NHẬT BẢN 35 TRIỆU NGẮM HOA ANH ĐÀO* https://www.youtube.com/watch?v=hBXW0BeYfiU 

*FULL NGÀY 2 TOUR NHẬT BẢN 35 TRIỆU NGẮM HOA ANH ĐÀO & NÚI PHÚ SĨ* https://www.youtube.com/watch?v=SVNY0BR4Hn4

*FULL NGÀY 3 TOUR NHẬT BẢN 35 TRIỆU NGẮM HOA ANH ĐÀO* https://www.youtube.com/watch?v=n1h0EKrUz7Y",2026-09-25T11:41:47Z,2026-09-25T11:41:47Z,reject,missing_group:electric_bus,1,"flood_state,transport_impact",1,search,bus dien,,,,,,2026-09-26T21:09:20.551912+07:00
youtube,JH0c0r-pqqM,https://www.youtube.com/watch?v=JH0c0r-pqqM,韓国EVバス、中国製が過半数！国産より約1150万円安い,"韓国EVバス、中国製が過半数！国産より約1150万円安い
韓国首都圏で2021～23年に新規登録された広域EVバス4448台のうち、中国製は2503台で56.2％を占めました。

背景にはLFPバッテリーなどによる価格競争力があり、記事によれば韓国製より約1億ウォン安価。一方、韓国では補助金制度の見直しや、国産部品比率の高い水素バスを増やす動きも出ています。

#EVバス #中国EV #韓国 #電気バス #水素バス #LFP #中国車",2026-09-26T05:29:18Z,2026-09-26T05:29:18Z,reject,missing_group:electric_bus,1,,0,search,electric bus,,,,,,2026-09-26T23:03:18.078025+07:00
youtube,JHb8lITwsEY,https://www.youtube.com/watch?v=JHb8lITwsEY,"Lễ 2-9: TPHCM tăng hơn 700 chuyến xe buýt, kéo dài giờ hoạt động metro","Lễ 2-9: TPHCM tăng hơn 700 chuyến xe buýt, kéo dài giờ hoạt động metro
SGGP | Chiều 28-8, Trung tâm Quản lý Giao thông công cộng TPHCM cho biết, trong dịp nghỉ lễ Quốc khánh 2-9, thành phố sẽ tăng cường 761 chuyến xe buýt, kéo dài thời gian hoạt động tuyến metro số 1 (Bến Thành - Suối Tiên) và điều phối phương tiện tại các đầu mối giao thông nhằm đáp ứng nhu cầu đi lại của người dân.
#nghile #quockhanh #xebuyt 
📣 Nhấn SUBSCRIBE/ĐĂNG KÝ ngay để theo dõi những thông tin mới nhất: https://www.youtube.com/@sggponlinetv
📣 Đăng Ký Kênh #SGGP để cập nhật tin tức mới nhất: http://bit.ly/SGGP_Online 
📣 Kênh thông tin chính thức và duy nhất của Báo Sài Gòn Giải Phóng trên YouTube. Liên tục cập nhật thông tin nóng nhất, những phóng sự, những chuyên mục hấp dẫn. © Bản quyền thuộc về Báo Sài Gòn Giải Phóng
 #baosaigongiaiphong #tinquocte #tintuc24h",2026-08-28T13:45:17Z,2026-08-28T13:45:17Z,reject,missing_group:electric_bus,1,"transport_impact,hanoi_location",1,search,điểm dừng xe buýt điện,,,,,,2026-09-26T21:07:33.807830+07:00
youtube,JJ2A8b6xm50,https://www.youtube.com/watch?v=JJ2A8b6xm50,part 4..Bus stop காதல் #ai #lovestory #trendingshorts #விரஷார்ட்ஸ் #love # #tamil story #tamilshorts,part 4..Bus stop காதல் #ai #lovestory #trendingshorts #விரஷார்ட்ஸ் #love # #tamil story #tamilshorts,2026-09-26T13:06:19Z,2026-09-26T13:06:19Z,reject,missing_group:electric_bus,1,transport_impact,0,search,e-bus,,,,,,2026-09-26T20:57:35.221587+07:00
youtube,JKMboQ1RuHs,https://www.youtube.com/watch?v=JKMboQ1RuHs,“Khách sộp” ở TP HCM vừa chốt mua 3.000 xe điện VinFast của tỷ phú Phạm Nhật Vượng là ai? #vtmarkets,"“Khách sộp” ở TP HCM vừa chốt mua 3.000 xe điện VinFast của tỷ phú Phạm Nhật Vượng là ai? #vtmarkets
“Khách sộp” ở TP HCM vừa chốt mua 3.000 xe điện VinFast của tỷ phú Phạm Nhật Vượng là ai?

Ba nghìn chiếc xe ô tô điện chốt đơn chỉ trong một nốt nhạc, con số này không phải là một bộ phim viễn tưởng mà là thương vụ chấn động vừa diễn ra ngay tại Thành phố Hồ Chí Minh. Khách sộp nào lại chơi lớn đến vậy?

Chủ nhân của thương vụ nghìn tỷ này chính là những tập đoàn vận tải lớn và các doanh nghiệp xanh đang chuyển đổi đội xe toàn diện. Họ không mua xe để chạy thử, họ mua để thống trị thị trường giao thông công cộng. Khi một doanh nghiệp tư nhân Xe Nhanh Việt Nam dám rót hàng nghìn tỷ đồng để thay thế hoàn toàn xe chạy xăng bằng xe điện VinFast của tỷ phú Phạm Nhật Vượng, đó không chỉ là một giao dịch mua bán đơn thuần.",2026-08-30T02:00:50Z,2026-08-30T02:00:50Z,reject,missing_group:electric_bus,1,transport_impact,1,search,xe điện công cộng,,,,,,2026-09-26T21:05:52.356298+07:00
youtube,JOVhuyGtXzM,https://www.youtube.com/watch?v=JOVhuyGtXzM,First Time Seeing This Double-Decker Bus! 🚌🔥 | Road Trip Vibes,"First Time Seeing This Double-Decker Bus! 🚌🔥 | Road Trip Vibes
A beautiful road-trip moment with an amazing double-decker bus! 🚌✨

Captured these special travel vibes along the way and sharing them with you. ❤️

If you enjoy travel videos, road trips, buses and beautiful journey moments, make sure to Like 👍 Share 🔄 and Subscribe 🔔 to Vamsi Indian Traveller for more travel adventures!

🚌 Travel • 🛣️ Road Trip • 📸 Travel Moments • ❤️ Indian Traveller


#VamsiIndianTraveller #DoubleDeckerBus #BusJourney #TravelVlog #TravelIndia #RoadTrip #TravelShorts #IndiaTravel #TravelVibes #BusLovers #RoadTripVibes #IndianTraveller #TravelVideo #ExploreIndia #journey",2026-09-25T14:30:22Z,2026-09-25T14:30:22Z,reject,missing_group:electric_bus,1,transport_impact,0,search,electric bus,,,,,,2026-09-26T20:57:13.753257+07:00
youtube,JVa2ORHTqdI,https://www.youtube.com/watch?v=JVa2ORHTqdI,Hội Thoại Tiếng Thái 10 Phút: Cách Đi Tàu Điện Ở Thái Lan | Tiếng Thái Giao Tiếp (Tập 10),"Hội Thoại Tiếng Thái 10 Phút: Cách Đi Tàu Điện Ở Thái Lan | Tiếng Thái Giao Tiếp (Tập 10)
Bạn chuẩn bị đi du lịch Thái Lan tự túc nhưng chưa biết cách đi tàu điện ở Thái Lan hay bắt xe buýt tại Bangkok? Video này sẽ giúp bạn tự tin di chuyển bằng phương tiện công cộng qua các mẫu câu giao tiếp tiếng Thái du lịch thiết thực nhất!

Sawatdee kha! Chào mừng bạn đến với Tập 10 của series Tiếng Thái Du Lịch trên kênh ThaiPath. Khi đến Bangkok, việc sử dụng các phương tiện như tàu điện trên cao (BTS) và tàu điện ngầm (MRT) là kỹ năng sinh tồn không thể thiếu. Thay vì lo lắng lạc đường hay giao thông Thái Lan, hãy cùng tự học tiếng Thái qua đoạn hội thoại tiếng Thái thực tế giữa Nam và Ploy. Video này sẽ hướng dẫn chi tiết cách hỏi đường, mua vé tự động tại ga tàu điện Mo Chit và tìm đúng trạm xe buýt để đi chợ Chatuchak.

Chỉ với 10 phút luyện tập, bạn sẽ nắm trọn bộ từ vựng tiếng Thái theo chủ đề đi lại và dễ dàng phản xạ tiếng Thái giao tiếp cơ bản với người bản xứ. Đừng quên lấy giấy bút để ghi chép và thực hành ngay nhé!

📌 7 Từ vựng chính trong video:
1. ป้ายรถเมล์ (paai^ rốt mêê) - Trạm xe buýt
2. ขึ้น (khưn^) - Lên xe/Bắt xe
3. ลง (lông) - Xuống
4. เดินทาง (đơn thaang) - Đi du lịch/Đi lại
5. ไปเร็วๆ (pay rêw rêw) - Đi nhanh hơn
6. นั่งรถไฟ (năng^ rốt phay) - Đi tàu hỏa
7. รถไฟใต้ดิน (rốt phay taai^ đin) - Tàu điện ngầm
8. สถานีรถไฟ (xạ thảa nii rốt phay) - Ga tàu
9. ผู้โดยสาร (ph’uu^ đôôi xảan) - Hành khách
10. เส้นทางรถเมล์ (xêên^ thaang rốt mêê) - Tuyến xe buýt
11. ตารางรถไฟ (taa raang rốt phay) - Lịch trình tàu
12. จราจร (chạ raa choon) - Giao thông
13. ทางม้าลาย (thaang máa laai) - Vạch qua đường

⏱️ Nội dung video:
0:00 - Từ vựng tiếng Thái chủ đề đi lại và phương tiện công cộng 
1:39 - Hội thoại tiếng Thái: Cách bắt xe buýt đi chợ Chatuchak (Tốc độ chuẩn)
2:41 - Phân tích từ vựng tiếng Thái, câu hỏi đường và luyện phát âm chuẩn (Áp dụng công thức lặp lại - Shadowing)
4:41 - Luyện phản xạ giao tiếp tiếng Thái thực tế bằng cách nghe không vietsub

THAM GIA CỘNG ĐỒNG HỌC TIẾNG THÁI CÙNG THAIPATH: 
🌐 Website ThaiPath học tập và bài tập thực hành: https://www.thaipath.id.vn/
📱 Kênh TikTok Sawasdee với Nhi: https://www.tiktok.com/@sawasdee.vi.nhi
⏰ LỊCH ĐĂNG VIDEO: 19:30 Thứ 7 cách tuần! 

❤️ Nếu thấy video hữu ích, hãy nhấn LIKE, SHARE và ĐĂNG KÝ kênh ThaiPath để xem thêm những tập tiếp theo nhé! Khọp khun kha!",2026-09-20T02:15:11Z,2026-09-20T02:15:11Z,reject,missing_group:electric_bus,1,transport_impact,0,search,trạm xe buýt điện,,,,,,2026-09-26T21:06:57.079321+07:00
youtube,JfCba-Xstls,https://www.youtube.com/watch?v=JfCba-Xstls,45kW Crusher में VFD DC Bus Overvoltage क्यों आता है? ⚡ | Practical Troubleshooting ,"45kW Crusher में VFD DC Bus Overvoltage क्यों आता है? ⚡ | Practical Troubleshooting 
45kW Crusher/Grizzly में VFD का DC Bus Overvoltage क्यों आता है? ⚡
High-inertia load को decelerate करते समय motor generator की तरह काम कर सकती है और regenerative energy VFD के DC Bus में वापस आ सकती है। इससे DC Bus voltage बढ़कर Overvoltage fault आ सकता है. �
इस वीडियो में समझें:
🔧 DC Bus Overvoltage का कारण
🔧 High-inertia load का effect
🔧 DEC (Deceleration Time) का role
🔧 Incoming supply voltage check
🔧 Braking resistor/braking system कब जरूरी हो सकता है
⚠️ Important: DEC setting और braking resistor की resistance/power rating VFD model और application के अनुसार तय करें। केवल motor kW देखकर resistor select न करें. �
Schneider Electric
अगर आपके VFD में भी DC Bus Overvoltage आ रहा है, तो अपना VFD model + fault code comment में बताइए. ⚡🔧
#VFD #DCBusOvervoltage #VFDOvervoltage #Crusher #Grizzly #VFDTroubleshooting #ElectricalMaintenance #Electrician ",2026-09-25T19:55:53Z,2026-09-25T19:55:53Z,reject,missing_group:electric_bus,1,transport_impact,0,search,bus dien,,,,,,2026-09-26T20:54:26.285469+07:00
youtube,JjnpBF0VGaI,https://www.youtube.com/watch?v=JjnpBF0VGaI,REVIEW XE MÁY ĐIỆN VINFAST EVO 200 TIẾT KIỆM CHI PHÍ VÀ SẠCH MIỄN PHÍ,"REVIEW XE MÁY ĐIỆN VINFAST EVO 200 TIẾT KIỆM CHI PHÍ VÀ SẠCH MIỄN PHÍ
⬇️ SẢN PHẨM TRONG VIDEO ⬇️
--------------------------------
👉 Xe máy điện VinFast Evo 200
🛒 Link mua: https://s.shopee.vn/2LWdMCa0I4
--------------------------------
Xe máy điện VinFast Evo 200 là lựa chọn hoàn hảo cho những ai muốn tiết kiệm chi phí và bảo vệ môi trường. Với chính sách sạc miễn phí tại các trung tâm thương mại và chung cư đến năm 2026, bạn hoàn toàn yên tâm về chi phí vận hành. Ngay cả sau thời gian miễn phí, chi phí sạc điện chỉ tương đương một cốc trà sữa mỗi tháng - rẻ hơn rất nhiều so với xe xăng.

Về giá cả, VinFast Evo 200 rẻ hơn Honda RSX khoảng 5-6 triệu đồng và rẻ hơn gần một nửa so với Honda Vision. Quãng đường di chuyển lên đến 100km/lần sạc, tốc độ tối đa 60km/h - hoàn toàn phù hợp cho việc đi lại trong thành phố. Thiết kế thời trang, vận hành êm ái và an toàn, VinFast Evo 200 xứng đáng là lựa chọn thông minh cho người dùng hiện đại.

#XeMayDien #VinFast #Evo200 #TietKiemChiPhi #XanhSachh #LearnOn",2026-09-23T10:04:20Z,2026-09-23T10:04:20Z,reject,missing_group:electric_bus,1,transport_impact,0,search,review bus điện,,,,,,2026-09-26T21:08:04.341271+07:00
youtube,JoH6Kr0VK_s,https://www.youtube.com/watch?v=JoH6Kr0VK_s,"BÀN GIAO 09 XE CITY BUÝT THUẦN ĐIỆN KIMLONG B30-EV, SẴN SÀNG KIẾN TẠO GIAO THÔNG XANH TẠI THÁI LAN","BÀN GIAO 09 XE CITY BUÝT THUẦN ĐIỆN KIMLONG B30-EV, SẴN SÀNG KIẾN TẠO GIAO THÔNG XANH TẠI THÁI LAN
Ngày 10/9/2026 đánh dấu một cột mốc quan trọng có ý nghĩa đặc biệt không chỉ với riêng KIM LONG MOTOR mà còn đối với ngành công nghiệp Việt Nam nói chung khi 09 xe city buýt thuần điện KIMLONG B30-EV đầu tiên nằm trong Hợp đồng cung cấp 113 xe cho đối tác INNOPOWER (Thái Lan) đã được bàn giao thành công.

Sự kiện không chỉ khẳng định năng lực sản xuất và tiêu chuẩn chất lượng quốc tế của các dòng xe thương hiệu Việt, mà còn mở ra bước ngoặt mới trong hành trình xuất khẩu xe thương mại thuần diện ra thị trường khu vực. Cùng nhìn lại những khoảnh khắc ấn tượng tại buổi lễ và đón chờ hành trình kiến tạo tương lai giao thông xanh phía trước!

#KIMLONGMOTOR #KIMLONG #XUATKHAU #XETHUANDIEN #KIMLONGB30EV #KIMLONGCITYBUS #XEBUYT",2026-09-11T04:00:30Z,2026-09-11T04:00:30Z,reject,missing_group:electric_bus,1,transport_impact,0,search,xe buýt điện,,,,,,2026-09-26T20:51:04.147320+07:00
youtube,Jon6cEJSX-s,https://www.youtube.com/watch?v=Jon6cEJSX-s,ELECTRIC BUS 🆚 FUEL BUS #bhopal #trending #viral #ELECTRIC BUS #challenge,ELECTRIC BUS 🆚 FUEL BUS #bhopal #trending #viral #ELECTRIC BUS #challenge,2026-09-26T18:30:18Z,2026-09-26T18:30:18Z,reject,not_vietnam,1,"transport_impact,electric_bus",0,search,electric bus,,,,,,2026-09-27T16:04:51.878529+07:00
youtube,Jpy8pIsUWPE,https://www.youtube.com/watch?v=Jpy8pIsUWPE,1000 VOLT Ka Charger 😱 | E-Bus Kaise Charge Hoti Hai? | Charger No.15#shorts,"1000 VOLT Ka Charger 😱 | E-Bus Kaise Charge Hoti Hai? | Charger No.15#shorts
Jai Shree Ram Dosto 🙏

Aaj ke vlog me dikha raha hu hamara E-Bus Charging Station! 
Ye hai TATA Power EZ Charge, CHARGER No.15

Is video me dekho:
0:00 - Intro
0:11 - Charger No.15
0:16 - Bus ka Charging Socket (Dual)
0:21 - Blue Safety Mat Kyu Zaruri Hai?
0:33 - 22 Charger Ek Line Me
0:47 - Charger Display

Hamare depot pe 22 charger hai aur har ek 1000 volt tak ka hai. Safety ke liye rubber mat aur gloves pehenna padta hai.

Aapne kabhi E-Bus charge hote dekhi hai? Comment me batao 👇

📍 Location: DTC E-Bus Depot, Delhi

#electricbus #ebus #tatapower #ezcharge #chargingstation #delhibus #dtc #evbus #busvlog #depotlife #jaishreeram #ytshorts #viral #1000volt",2026-09-09T14:13:19Z,2026-09-09T14:13:19Z,reject,not_vietnam,1,"transport_impact,electric_bus",0,search,bus điện,,,,,,2026-09-26T20:54:15.596263+07:00
youtube,K0QXszL1kiU,https://www.youtube.com/watch?v=K0QXszL1kiU,(Tuyến 25) Bến Xe Quận 8 - Vĩnh Lộc A,"(Tuyến 25) Bến Xe Quận 8 - Vĩnh Lộc A
© Bản Quyền Hy Khang 2011-2026 Xe Buýt Xanh Công Cộng TP.HCM ©
_____
Xin Chào Mọi Người, Mình Tên Là Hy Khang, Mình Sẽ Hướng Dẫn Tất Cả Mọi Người Đi Xe Buýt Và Lộ Trình Trạm Với Tuyến, Khám Phá Mới, 1 Trong Những Xe Buýt Xanh Bảo Vệ Môi Trường Ở TP.HCM, Xe Buýt Điện Là 1 Thương Mại Hoàn Toàn Mới Để Bảo Vệ Môi Trường Và Sạch Đẹp TP.HCM, Xin Mọi Người Hãy Coi Những Video Tiếp Theo Để Biết Về Rõ Hơn, Xin Chân Thành Cảm Ơn Chào Đón",2026-09-17T03:31:13Z,2026-09-17T03:31:13Z,accept,electric_bus,1,"transport_impact,electric_bus",1,search,xe buýt điện,,,,,,2026-09-26T20:49:45.100310+07:00
youtube,K2YqFJenac4,https://www.youtube.com/watch?v=K2YqFJenac4,Xe điện Honda giá Sinh viên tại Hồng Đức 10,"Xe điện Honda giá Sinh viên tại Hồng Đức 10
Xe điện Honda giá Sinh viên tại Hồng Đức 10",2026-09-25T11:00:20Z,2026-09-25T11:00:20Z,reject,missing_group:electric_bus,1,transport_impact,0,search,review bus điện,,,,,,2026-09-26T21:08:04.235155+07:00
youtube,KBGRtzXTNJ4,https://www.youtube.com/watch?v=KBGRtzXTNJ4,Beautiful Electric Bus Departs Wabern Bf🇩🇪#shorts #electricbus #bus,"Beautiful Electric Bus Departs Wabern Bf🇩🇪#shorts #electricbus #bus
Beautiful Electric Bus Departs Wabern Bf🇩🇪#shorts #electricbus #bus #deutschebahn #trending",2026-09-26T11:17:12Z,2026-09-26T11:17:12Z,reject,not_vietnam,1,"transport_impact,electric_bus",0,search,electric bus,,,,,0,2026-09-26T20:55:14.383600+07:00
youtube,KFp764Y2G9g,https://www.youtube.com/watch?v=KFp764Y2G9g,Đi xe buýt hướng Cỏ Ống rồi ra Bãi Đầm Trầu | CÔN ĐẢO 365,"Đi xe buýt hướng Cỏ Ống rồi ra Bãi Đầm Trầu | CÔN ĐẢO 365
🌊 CÔN ĐẢO 365 – Ngày 05 | Đi xe buýt hướng Cỏ Ống rồi ra Bãi Đầm Trầu.

Linh An thử cách di chuyển xanh hơn về hướng Cỏ Ống trước khi tiếp tục tới Bãi Đầm Trầu. Tuyến buýt điện 173 được công bố vận hành tuyến Trung tâm Côn Đảo – Cỏ Ống từ 01/06/2026. Video không được hiểu rằng xe 173 mặc định đưa khách xuống ngay bãi Đầm Trầu.

✅ ĐI CÓ TRÁCH NHIỆM
Điểm đón, điểm xuống, chặng nối, giờ chạy và giá vé phải kiểm tra tại thời điểm đi. Không đứng/chụp ở vị trí nguy hiểm gần luồng xe hoặc khu vực hàng không.

🤖 MINH BẠCH VỀ AI & TƯ LIỆU
Linh An là nhân vật hư cấu của CÔN ĐẢO 365. Video có thể kết hợp cảnh tự quay, tư liệu có quyền sử dụng, đồ họa, hình tham chiếu và cảnh AI/Veo để minh họa. Cảnh AI mô phỏng địa điểm, động vật, món ăn, dịch vụ, con người hoặc sự kiện có thật không phải bằng chứng rằng cảnh đó đã xảy ra đúng ngày quay. Kênh không cố ý dùng AI để giả mạo người thật, tạo phát ngôn giả hoặc biến cảnh minh họa thành tư liệu lịch sử/hiện trường.

🎙️ THÔNG BÁO GIỌNG ĐỌC
Giọng thuyết minh trong video có thể được tạo hoặc hỗ trợ bằng công nghệ AI. Do đặc tính tổng hợp giọng nói, đôi khi có thể phát sinh sai lệch nhỏ về phát âm, ngắt câu, tên riêng hoặc cách đọc một số từ. Nội dung, bố cục và các dữ kiện chính được biên tập dựa trên nguồn công bố chính thức trong hồ sơ SEO. Nếu cách đọc của giọng AI khác văn bản/nguồn chính thức, nguồn chính thức được ưu tiên làm căn cứ.

📚 NGUỒN THAM KHẢO/KIỂM CHỨNG
• Cổng thông tin Du lịch Côn Đảo / nguồn quản lý được dẫn: https://condao.com.vn/vi/news/Tin-tuc/tuyen-xe-bus-dien-dau-tien-cua-con-dao-chinh-thuc-van-hanh-tu-ngay-01-06-2026-2716.html
• Cổng thông tin Du lịch Côn Đảo / nguồn quản lý được dẫn: https://condao.com.vn/vi/news/diem-du-lich/bai-dam-trau-noi-bien-troi-cham-den-cam-xuc-2693.html
• Cổng thông tin Du lịch Côn Đảo / nguồn quản lý được dẫn: https://condao.com.vn/
Thông tin động như giá, giờ mở cửa, lịch tàu/xe, thời tiết, trạng thái tuyến, quy định và dịch vụ có thể thay đổi; hãy kiểm tra lại nguồn chính thức hoặc đơn vị vận hành trước khi đi.

🎵 ÂM NHẠC & BẢN QUYỀN
Nhạc và tư liệu bên thứ ba chỉ được sử dụng khi có quyền/giấy phép phù hợp. Việc tham khảo dữ kiện từ website chính thức không đồng nghĩa tự động có quyền sao chép ảnh/video trên website đó.

🔔 Đăng ký CÔN ĐẢO 365 để tiếp tục đồng hành cùng Linh An qua thiên nhiên, lịch sử, văn hóa, ẩm thực và đời sống Côn Đảo.

#ConDao365 #XeBuytConDao #DamTrau #DuLichConDao #DuLichXanh",2026-09-19T22:00:01Z,2026-09-19T22:00:01Z,accept,electric_bus,1,"transport_impact,electric_bus",0,search,xe buýt điện,,,,,,2026-09-26T20:49:25.393050+07:00
youtube,KHWlelYnPd8,https://www.youtube.com/watch?v=KHWlelYnPd8,JSW AMPSTAR Launch | 55 Tons Electric Tractor Trailer | 12 Meter Electric Bus | AMPSTAR Electric ,"JSW AMPSTAR Launch | 55 Tons Electric Tractor Trailer | 12 Meter Electric Bus | AMPSTAR Electric 
JSW AMPSTAR Launch | 55 Tons Electric Tractor Trailer | 12 Meter Electric Bus | AMPSTAR Electric 

#BoldInSoch #SolidInSath #BuildForPeople #BuildForBusiness #BuildForIndia #Ampstar 


About Video:- Dosto Is Video Mein Maine Apko JSW New Launch AMPSTAR Brands Electric Vehicles 55 Tons Tractor Trailer And 12 Meter Electric Bus Ke Bare Mein Jankari Dii Hai 

Follow Me on:
📸 Instagram: http://Instagram.com/usha_ki_kiran_
📘 Facebook: https://www.facebook.com/UshaKiKiran22
📧 Email: ushakikiran17@gmail.com

Related Search:-

JSW AMPSTAR New Launch Trucks 
JSW AMPSTAR Brand
AMPSTAR New Launch Bus
AMPSTAR New Launch Truck 
Electric Bus
Electric Tractor Trailer",2026-09-26T05:50:57Z,2026-09-26T05:50:57Z,reject,not_vietnam,1,"transport_impact,electric_bus",0,search,electric bus,,,,,,2026-09-26T20:55:37.955748+07:00
youtube,KKevpxSYo4w,https://www.youtube.com/watch?v=KKevpxSYo4w,Electric Golden Dragon XML6125CLE ebus of Superbus on Route 143 on Balfour st. in Bat Yam,"Electric Golden Dragon XML6125CLE ebus of Superbus on Route 143 on Balfour st. in Bat Yam
06.04.2026, 09:34 (גרסת שורטס (Shorts version): https://youtube.com/shorts/0_R7HVGBXjs ).

גולדן דרגון XML6125CLE חשמלי של סופרבוס מבצע קו 143 (מתחנת רכבת קריית אריה פתח תקווה לחניון מוזיאון אגד חולון) ברח' בלפור/ירושלים בת ים.

488-57-104",2026-09-24T16:45:27Z,2026-09-24T16:45:27Z,reject,not_vietnam,1,electric_bus,0,search,ebus,,,,,,2026-09-26T21:00:28.478190+07:00
youtube,KNotpmNM-vU,https://www.youtube.com/watch?v=KNotpmNM-vU,Thu Xăng Đổi Điện- ưu đãi lên đến 9%. Giá xe VinFast mới nhất #báogiáxe #automobile #review,Thu Xăng Đổi Điện- ưu đãi lên đến 9%. Giá xe VinFast mới nhất #báogiáxe #automobile #review,2026-09-26T03:00:49Z,2026-09-26T03:00:49Z,reject,missing_group:electric_bus,1,,0,search,review bus điện,,,,,,2026-09-26T21:08:04.199863+07:00
youtube,KPmf_YEwO78,https://www.youtube.com/watch?v=KPmf_YEwO78,Trải nghiệm đi xe bus 2 tầng Hà Nội 6-9-26,Trải nghiệm đi xe bus 2 tầng Hà Nội 6-9-26,2026-09-09T18:09:12Z,2026-09-09T18:09:12Z,reject,missing_group:electric_bus,1,"transport_impact,hanoi_location",0,search,trải nghiệm xe buýt điện,,,,,,2026-09-26T21:08:11.357910+07:00
youtube,KQa-Mi9YcFE,https://www.youtube.com/watch?v=KQa-Mi9YcFE,Chuyến xe bus lãng mạn nhất Thế giới khiến cắp đôi nào đến Hàng Châu cũng phải đi 1 lần,Chuyến xe bus lãng mạn nhất Thế giới khiến cắp đôi nào đến Hàng Châu cũng phải đi 1 lần,2026-09-26T13:00:31Z,2026-09-26T13:00:31Z,reject,missing_group:electric_bus,1,transport_impact,0,search,e-bus,,,,,,2026-09-26T20:57:35.222614+07:00
youtube,KRey-EUjYuY,https://www.youtube.com/watch?v=KRey-EUjYuY,"Đừng flex điện thoại mới, flex chuyến đi xịn mới là trend!","Đừng flex điện thoại mới, flex chuyến đi xịn mới là trend!
😎✨Thay vì quẹt thẻ rinh iPhone 18, sao không thử một lần “lên đời” trải nghiệm di chuyển cùng xe khách Phan Khánh?
Một chuyến đi thoải mái không chỉ nằm ở việc đến nơi, mà còn là khoảng thời gian trên xe được nghỉ ngơi, thư giãn với những tiện ích có sẵn:
▪️ Phòng nằm riêng tư với rèm che, không gian rộng rãi, thoải mái.▪️ Ghế massage – ngồi thư giãn, giảm mỏi trên những chuyến đi đường dài.
▪️ Màn hình giải trí mini để xem phim, giải trí khi chưa muốn ngủ.▪️ Máy lạnh, Wi-Fi, cổng sạc USB – tiện lợi trong suốt hành trình.
▪️ Chăn, gối chuẩn bị sẵn để bạn có thể ngả lưng nghỉ ngơi.
📍 TUYẾN: Tây Ninh – Long An – Sài Gòn – Huế
Lên xe là ngủ, mở mắt là tới nơi! 😴🚌
Tag ngay cạ cứng, lên kèo chốt vé Phan Khánh cho chuyến đi sắp tới thôi
--------------------------------------------
LIÊN HỆ ĐẶT VÉ NHÀ XE PHAN KHÁNH NGAY TẠI:
📞  Hotline đặt vé: 0917390377 - 1900 0377
📍 VP Bx. Phía Nam Huế: Số 57 đường An Dương Vương, An Đông, Tp Huế ( ô số 6&9 )
📍 VP BX Hậu Nghĩa: Đường 3/2, Khu phố A, Thị trấn Hậu Nghĩa, Huyện Đức Hòa, Tỉnh Long An
📍 VP An Sương: 2901 Quốc Lộ 1A, P. Đông Hưng Thuận, TP HCM (gần ngã tư Bà Điểm - QL1A)
📍 VP Long An: 682 Ấp Bình Hữu 1, Xã Đức Hòa Thượng, Huyện Đức Hòa, Tỉnh Long An
📍 VP BX Tây Ninh: 136 Trưng Nữ Vương. Phường Tân Ninh, Tỉnh Tây Ninh
🌐 Website: https://xekhachphankhanh.vn",2026-09-24T02:54:28Z,2026-09-24T02:54:28Z,reject,missing_group:electric_bus,1,transport_impact,1,search,xe bus điện,,,,,,2026-09-26T20:51:24.612942+07:00
youtube,KSgx-9WWmlo,https://www.youtube.com/watch?v=KSgx-9WWmlo,पालमपुर से जयसिंहपुर ⚡❤️ | HRTC की नई Electric Bus 🚌⚡ | Himachal Roadways 🔥,"पालमपुर से जयसिंहपुर ⚡❤️ | HRTC की नई Electric Bus 🚌⚡ | Himachal Roadways 🔥
पालमपुर से जयसिंहपुर के रूट पर HRTC की शानदार Electric Bus 🚌⚡ देखने को मिली। हिमाचल की पहाड़ी सड़कों पर HRTC की नई इलेक्ट्रिक बसें लोगों के सफर को और बेहतर बनाने की दिशा में एक खास कदम हैं। ❤️


इस खूबसूरत HRTC Electric Bus की फोटो/वीडियो पसंद आए तो Like ❤️, Share 🔄 और Channel को Subscribe 🔔 जरूर करें।


📍 Route: पालमपुर ➡️ जयसिंहपुर

🚌 HRTC – Himachal Road Transport Corporation
⚡ Electric Bus
❤️ Himachal Roadways Lovers के लिए खास वीडियो


#HRTC #HRTCbus #ElectricBus #HimachalRoadways #Palampur #Jaisinghpur #HimachalPradesh #HRTClover #PahadiRoads #HimachalBus #BusLovers #HRTCUpdates",2026-09-27T10:12:46Z,2026-09-27T10:12:46Z,reject,not_vietnam,1,"transport_impact,electric_bus",0,search,electric bus,,,,,,2026-09-27T19:04:56.765964+07:00
youtube,KW9dNgtzODA,https://www.youtube.com/watch?v=KW9dNgtzODA,CTV- Lại Lý Huynh với trận thư hùng kinh điển phế xe tấn công mãn nhãn,"CTV- Lại Lý Huynh với trận thư hùng kinh điển phế xe tấn công mãn nhãn
ctv 
CTV- Lại Lý Huynh với trận thư hùng kinh điển phế xe tấn công mãn nhãn
https://youtu.be/KW9dNgtzODA
#ctv #cotuong #cotuongviet",2026-09-25T02:15:11Z,2026-09-25T02:15:11Z,reject,missing_group:electric_bus,1,transport_impact,0,search,bus dien,,,,,,2026-09-26T20:54:26.403566+07:00
youtube,Ke008_0XDIc,https://www.youtube.com/watch?v=Ke008_0XDIc,Tuyến E02 trên xe buýt điện Vinfast EB10 29F-020.83,Tuyến E02 trên xe buýt điện Vinfast EB10 29F-020.83,2026-08-26T17:27:18Z,2026-08-26T17:27:18Z,accept,electric_bus,1,"transport_impact,electric_bus",0,search,trạm xe buýt điện,,,,,,2026-09-26T21:07:03.667728+07:00
youtube,Khal8fgho4E,https://www.youtube.com/watch?v=Khal8fgho4E,REVIEW XE MÁY ĐIỆN VINFAST EVO GRAND PREMIA CÓ SỐ LÙI,"REVIEW XE MÁY ĐIỆN VINFAST EVO GRAND PREMIA CÓ SỐ LÙI
⬇️ SẢN PHẨM TRONG VIDEO ⬇️
--------------------------------
👉 Xe máy điện VinFast Evo Grand Premia
🛒 Link mua: https://s.shopee.vn/70KSGjuubV
--------------------------------
Khám phá chi tiết phiên bản xe máy điện VinFast Evo Grand Premia hoàn toàn mới vừa cập bến tại các đại lý.
Xe sở hữu diện mạo thanh lịch, đậm chất phong cách châu Âu với các phối màu mới cực kỳ bắt mắt và sang trọng.
Điểm nâng cấp đáng giá nhất nằm ở việc trang bị 3 chế độ lái linh hoạt gồm Eco, Normal và Sport.
Đặc biệt, xe đã được bổ sung thêm tính năng số lùi tiện lợi và hỗ trợ khởi hành ngang dốc vô cùng an toàn.
Động cơ được tinh chỉnh mạnh mẽ lên đến 2250W giúp xe vận hành êm ái, đầm chắc trên mọi cung đường.
Khả năng tối ưu quãng đường vượt trội lên tới 262km cho một lần sạc khi lắp thêm viên pin phụ.
Cốp xe rộng rãi, sàn để chân thoải mái cùng cổng sạc điện thoại tiện dụng ngay trong tầm tay.
Một lựa chọn xe máy điện phân khúc cao cấp cực kỳ đáng tiền và tối ưu cho việc di chuyển hàng ngày.

#vinfast #xemaydienvinfast #evograndpremia #reviewxedien #vinfastvietnam",2026-09-27T06:59:30Z,2026-09-27T06:59:30Z,reject,missing_group:electric_bus,1,transport_impact,0,search,review bus điện,,,,,,2026-09-27T16:06:15.365333+07:00
youtube,KisJZPIQ_pU,https://www.youtube.com/watch?v=KisJZPIQ_pU,"Dậy từ 5 giờ, sinh viên vẫn không lên được xe buýt ở làng đại học TPHCM","Dậy từ 5 giờ, sinh viên vẫn không lên được xe buýt ở làng đại học TPHCM
Vấn đề hôm nay | Mặc dù 8 giờ mới vào học và quãng đường đến trường chỉ mất khoảng 15 phút nhưng nhiều sinh viên đã dậy từ 5 giờ sáng để kịp ""cuộc đua"" đón xe buýt. Đó là tình trạng chung của các sinh viên tại Ký túc xá khu B, ĐHQG TPHCM đầu năm học 2026 - 2027.

⭐Xem kênh Youtube Báo Tiền Phong trên Google News: https://bit.ly/BaoTienPhongGoogleNews
--------------------------------------------
Tin tức báo Tiền Phong - Đọc tin mới online - tin nhanh - tin 24h - thời sự
🔔 ĐĂNG KÝ KÊNH để nhận những thông tin mới nhất: https://bit.ly/DangKyBaoTienPhong
⭐Website: https://www.tienphong.vn/
⭐Fanpage: https://www.facebook.com/www.tienphong.vn/
⭐TikTok: https://www.tiktok.com/@baotienphong.official
© Bản quyền thuộc báo điện tử Tiền Phong
Tiền phong, Tiền phong TV, tin tức, tin nóng, tin tức hôm nay, tin tức mới nhất hôm nay, tin tức mới nhất, tin thời sự, tin tức 24h, Vấn đề hôm nay, tin tức việt nam hôm nay, tin trong nước, tin tức trong nước mới nhất
#baotienphong #tienphongtv #vandehomnay",2026-09-10T01:45:24Z,2026-09-10T01:45:24Z,reject,missing_group:electric_bus,1,transport_impact,1,search,xe buyt dien,,,,,,2026-09-26T20:52:40.683421+07:00
youtube,Kjijw4zWFDU,https://www.youtube.com/watch?v=Kjijw4zWFDU,Xe Máy Điện VinFast + Phủ Vỏ Chống Đinh TMQ KHÔNG Tháo Dây Điện 🔹,"Xe Máy Điện VinFast + Phủ Vỏ Chống Đinh TMQ KHÔNG Tháo Dây Điện 🔹
Nỗi ám ảnh lớn nhất của anh em đi xe máy điện VinFast chính là cán đinh ở bánh sau, nơi chứa hệ thống motor phức tạp. Dắt bộ thì nặng, mà thợ ngoài tháo ra lỡ đứt dây điện là mất ngay bảo hành hãng!
Giải pháp chăm sóc kỹ thuật đỉnh cao từ TMQ sẽ đánh bay nỗi sợ này:
▪️ Công nghệ Keo Polymer định hình: Dạng rắn dẻo, tự vá tức thì, chịu nhiệt 200 độ C. CAM KẾT KHÔNG MỤC MÂM.
▪️ Giữ Zin 100%: Phủ chống đinh KHÔNG CẦN THÁO DÂY ĐIỆN, an toàn tuyệt đối cho motor bánh sau.
▪️ Đa dạng lựa chọn: Tận dụng phủ trên vỏ zin hoặc thay mới Vỏ TMQ nhập Thái Lan có chống đinh.
▪️ Chế độ bảo hành sắt đá: Bảo hành 1 năm chai cứng bong tróc. Bảo hiểm đền mâm/motor mới nếu keo gây mục mâm.
▪️ Chính sách trả góp ""4 KHÔNG"": Chi phí hợp lý, chỉ cần trả trước 20%, không cần thẻ tín dụng, không thế chấp, duyệt nhanh qua App bằng CCCD.
Hashtag:
#VoXeChongDinhTMQ #VoTMQ #VinFast #KeoPolymerDinhHinh #ChamSocKyThuat",2026-09-25T08:00:15Z,2026-09-25T08:00:15Z,reject,missing_group:electric_bus,1,transport_impact,0,search,bus dien,,,,,,2026-09-26T20:54:26.375752+07:00
youtube,Kr5PxKasozk,https://www.youtube.com/watch?v=Kr5PxKasozk,"Mô hình đón học sinh bằng bus điện tốt rồi, nhưng tạo điều kiện hoạt động còn tốt hơn!","Mô hình đón học sinh bằng bus điện tốt rồi, nhưng tạo điều kiện hoạt động còn tốt hơn!",2026-09-10T02:58:08Z,2026-09-10T02:58:08Z,accept,electric_bus,1,"transport_impact,electric_bus",0,search,xe bus điện,,,,,,2026-09-26T20:51:44.290124+07:00
youtube,KwMizzJcnHw,https://www.youtube.com/watch?v=KwMizzJcnHw,Gecko Trên Xe Buýt | Gecko&#39;s Garage - Tiếng Việt | Hoạt Hình Vui Nhộn Dành Cho Trẻ Em,"Gecko Trên Xe Buýt | Gecko&#39;s Garage - Tiếng Việt | Hoạt Hình Vui Nhộn Dành Cho Trẻ Em
Gecko bị mắc kẹt trên nóc của Bobby the Bus khi cậu ấy vẫn đang chạy và cần được giải cứu!

https://www.youtube.com/channel/UC6T0bwGFVLYDsi2f8q8Houw?sub_confirmation=1

Chào mừng bạn đến với kênh chính thức của Moonbug Kids Tiếng Việt! Đăng ký để xem các phim hoạt hình và bài hát mới hàng tuần! https://www.youtube.com/channel/UC6T0bwGFVLYDsi2f8q8Houw?sub_confirmation=1

Xem Gecko's Garage:
Gecko’s Garage là cửa hàng sửa chữa, chăm sóc các phương tiện. Được điều hành bởi người thợ máy vui tính Gecko và robot đáng tin cậy của anh ấy là Mechanicals, garage này chăm sóc tất cả các phương tiện trong thị trấn và giữ cho các phương tiện hoạt động trơn tru.

Cho dù đó là vá lốp xe bị xẹp, dừng một chiếc xe bán kem chạy bằng tên lửa hay giải cứu một chiếc xe bị kẹt trong bùn, Gecko luôn sẵn sàng trợ giúp với nụ cười thân thiện và thái độ đó là việc cần làm!

Danh sách phát của Gecko's Garage: https://www.youtube.com/watch?v=RVsMZtsMKbc&list=PLEoVTBVaA-bXMQCnIXXQPXZK9GUHjiTCw

Âm nhạc ► https://geckosgarage.lnk.to/CompleteCollectionYT!DSC 

Kiểm tra kênh tiếng Anh chính thức: https://www.youtube.com/c/GeckosGarageTrucksForChildren
Chào mừng bạn đến với kênh chính thức của Moonbug Kids Vietnamese! Đăng ký để xem các phim hoạt hình và bài hát mới hàng tuần! https://www.youtube.com/channel/UC6T0bwGFVLYDsi2f8q8Houw?%20sub_confirmation=1

Moonbug Kids là nơi mà trẻ em trên khắp thế giới sẽ học được lòng trắc ẩn, sự đồng cảm và tính kiên cường khi xem các bộ phim hoạt hình và bài hát yêu thích của các em! 

Theo dõi Moonbug Kids trên:
Instagram: https://www.instagram.com/moonbugentertainment/ FB Facebook: https://www.facebook.com/MoonbugEntertainment

Xem các phim hoạt hình mới nhất từ Moonbug Kids! https://www.youtube.com/watch?v=RlzMC0R3Glw&list=PLEoVTBVaA-bUixBsQXXKIieKuX_Qd4EsK

Moonbug Entertainment là đơn vị sở hữu một số tựa game dành cho trẻ em phổ biến nhất trên thế giới. Các chương trình của Moonbug bao gồm các chương trình nổi tiếng trên toàn cầu như: CoComelon, Blippi, Little Baby Bum, My Magic Pet Morphle, Supa Strikas, Go Buster, Playtime with Twinkle, Gecko’s Garage, ARPO và nhiều chương trình khác. Các tiêu đề của Moonbug có sẵn bằng 27 ngôn ngữ trên tất cả các nền tảng phát trực tuyến chính.

Trang web chính thức của Moonbug Kids: https://www.moonbug.com/

#MoonbugTiếngViệt #Phimhoạthìnhthiếunhi #VietnameseCartoons #kidstv #moonbugkids #Kênhhoạthìnhthiếunhi

© Moonbug Entertainment. All rights reserved.

00:00 Gecko Trên Xe Buýt
02:10 Rửa Xe Kỳ Lạ
04:32 Lần Đầu Bé Xe Tải Đến Ga-ra
07:14 Dịch Vụ Của Máy Xúc Eric
09:14 Bé Xe Buýt
11:18 Bé Xe Tải Làm Mất Ti Giả
13:23 Xe Buýt Bobby Bị Bệnh
15:35 Gecko Bị Đóng Băng
17:35 Xe Lửa Bay Ở Party Sinh Nhật Trên Biển
19:38 Chuyện Khẩn Cấp Ngày Mưa
21:42 Xe Buýt Điện Bobby
23:50 Siêu Thợ Máy Đã Cứu Tất Cả
25:51 Giải Cứu Xe Tải Quái Vật
27:55 Cuộc Giải Cứu Giáng Sinh Của Gecko
30:04 Gecko Trên Xe Buýt
32:08 Mẹ Xe Tải Đã Cứu Tất Cả
34:15 Bong Bóng Hỗn Loạn Ở Bánh Xe Weasel
36:25 Sửa Xe Buýt Vào Giờ Ngủ - Gecko, Đừng Đánh Thức Nhóm Thợ Máy
38:32 Xe Kem Tên Lửa
40:42 Gecko Giải Cứu Thảm Họa Cắm Trại
42:45 Nhầm Lẫn Bé Xe Tải và Xe Tải Quái Vật
44:52 ÔI KHÔNG! Xe Tải Quái Vật Bay Kìa - Gecko Giải Cứu Max!
47:00 Gecko Bị Bệnh Nhóm Thợ Máy Làm Thay
49:06 Ga-ra Gecko - Làm Mới Xe Tải Quái Vật
51:09 Gecko Cứu Xe Rác - Săn Kho Báu Rác
53:12 Nam Châm Rắc Rối - Gecko Đến Giải Cứu
55:13 Còi Siêu Báo Động Của Fiona
57:21 Xe Cứu Hỏa Vui Nhộn",2026-09-14T11:00:12Z,2026-09-14T11:00:12Z,accept,electric_bus,1,"transport_impact,electric_bus",0,search,xe buýt điện,,,,,,2026-09-27T00:01:09.628029+07:00
youtube,L3VpqTuIBZI,https://www.youtube.com/watch?v=L3VpqTuIBZI,Durga electric 12 volt charger fitting ghanarampur bus stand paschim Medinipur automobile centre,Durga electric 12 volt charger fitting ghanarampur bus stand paschim Medinipur automobile centre,2026-09-26T17:09:09Z,2026-09-26T17:09:09Z,reject,missing_group:electric_bus,1,transport_impact,0,search,electric bus,,,,,,2026-09-27T16:04:55.154478+07:00
youtube,L9eis6ojRuo,https://www.youtube.com/watch?v=L9eis6ojRuo,REVIEW VINFAST EVO NEO VS YADEA ODORA XE MÁY ĐIỆN DƯỚI 20 TRIỆU ĐÁNG MUA NHẤT,"REVIEW VINFAST EVO NEO VS YADEA ODORA XE MÁY ĐIỆN DƯỚI 20 TRIỆU ĐÁNG MUA NHẤT
⬇️ SẢN PHẨM TRONG VIDEO ⬇️
--------------------------------
👉 Xe máy điện VinFast Evo Neo
🛒 Link mua: https://s.shopee.vn/20tmxrWwuO

👉 Xe máy điện Yadea Odora
🛒 Link mua: https://s.shopee.vn/5fn5Kbjawz
--------------------------------
Cùng phân khúc 20 triệu đồng, cả VinFast Evo Neo và Yadea Odora đều sở hữu thiết kế châu Âu cực kỳ đẹp mắt. Tuy nhiên VinFast Evo Neo nổi trội hơn với mức giá rẻ hơn 2 triệu đồng, pin LFP bền bỉ vượt trội so với ắc quy thông thường, chuẩn kháng nước IP67 an toàn tuyệt đối. Công suất định mức 1500W có thể đạt đỉnh 2450W mạnh gấp đôi Yadea Odora chỉ 600-1500W. Đặc biệt cốp xe VinFast lên đến 17 lít rộng rãi hơn hẳn so với 11 lít của Yadea, giúp chứa được nhiều đồ đạc hơn. Cả hai đều có khoang để chân rộng rãi và sạc tiện lợi. Với những ưu điểm vượt trội này, VinFast Evo Neo xứng đáng là lựa chọn số 1 trong phân khúc xe máy điện dưới 20 triệu.

#xemaydien #vinfastevoneo #yadeaodora #reviewxemaydien #xedien20trieu",2026-09-23T16:04:24Z,2026-09-23T16:04:24Z,reject,missing_group:electric_bus,1,transport_impact,0,search,review bus điện,,,,,,2026-09-26T21:08:04.312616+07:00
youtube,LAaTKq_FzUU,https://www.youtube.com/watch?v=LAaTKq_FzUU,Xe Buýt Điện,Xe Buýt Điện,2026-09-25T22:24:43Z,2026-09-25T22:24:43Z,accept,electric_bus,1,"transport_impact,electric_bus",0,search,xe buýt điện,,,,,,2026-09-26T20:47:12.121123+07:00
youtube,LS14Eyi1WNE,https://www.youtube.com/watch?v=LS14Eyi1WNE,Foton Ebus U12 Sc (Recorrido 117),Foton Ebus U12 Sc (Recorrido 117),2026-09-20T17:21:20Z,2026-09-20T17:21:20Z,reject,not_vietnam,1,electric_bus,0,search,ebus,,,,,,2026-09-26T21:01:58.084042+07:00
youtube,LX79Vy1dOgc,https://www.youtube.com/watch?v=LX79Vy1dOgc,Hệ thống tàu điện Nhật Bản #cuocsongonhat #travel #dulichnhatban,Hệ thống tàu điện Nhật Bản #cuocsongonhat #travel #dulichnhatban,2026-09-18T11:15:00Z,2026-09-18T11:15:00Z,reject,missing_group:electric_bus,1,,0,search,xe điện công cộng,,,,,,2026-09-26T21:05:52.246907+07:00
youtube,LdZoO__z5cg,https://www.youtube.com/watch?v=LdZoO__z5cg,Thu Xăng Đổi Điện- ưu đãi lên đến 9%. Giá xe VinFast mới nhất #báogiáxe #automobile #review,Thu Xăng Đổi Điện- ưu đãi lên đến 9%. Giá xe VinFast mới nhất #báogiáxe #automobile #review,2026-09-26T02:59:57Z,2026-09-26T02:59:57Z,reject,missing_group:electric_bus,1,,0,search,review bus điện,,,,,,2026-09-26T21:08:04.212432+07:00
youtube,LoyFN4Hb8SI,https://www.youtube.com/watch?v=LoyFN4Hb8SI,The Bus | Ruta 142 Hacia U Kurt-Schumacher-Platz | EBUS 18,The Bus | Ruta 142 Hacia U Kurt-Schumacher-Platz | EBUS 18,2026-09-22T08:00:27Z,2026-09-22T08:00:27Z,reject,not_vietnam,1,"transport_impact,electric_bus",0,search,ebus,,,,,,2026-09-26T21:01:31.057278+07:00
youtube,LxZSiEte7es,https://www.youtube.com/watch?v=LxZSiEte7es,Diagnostic vs Staging EBUS,Diagnostic vs Staging EBUS,2026-09-22T09:51:59Z,2026-09-22T09:51:59Z,reject,not_vietnam,1,electric_bus,0,search,ebus,,,,,,2026-09-26T21:01:27.803577+07:00
youtube,M40bTQhBvXw,https://www.youtube.com/watch?v=M40bTQhBvXw,"Bến xe buýt tại TPHCM ‘lột xác’, hành khách phấn khởi với loạt tiện ích mới","Bến xe buýt tại TPHCM ‘lột xác’, hành khách phấn khởi với loạt tiện ích mới
Từng xuống cấp, chật hẹp và bất tiện trong việc ra vào, bến xe buýt Quận 8 (Phường Bình Đông, TPHCM) nay đã có diện mạo khang trang hơn sau nhiều tháng cải tạo.
Theo ghi nhận, sau chỉnh trang, bề mặt bến, hệ thống phân làn, biển báo và khu vực đón - trả khách đã được cải tạo. Hành lang quanh bến cũng được bổ sung mái che, ghế ngồi, bảng thông tin điện tử, chiếu sáng và camera giám sát.

Hiện bến xe Quận 8 có 8 tuyến xe buýt, gồm 6 tuyến trợ giá và 2 tuyến liên tỉnh, phục vụ trung bình khoảng 5.000 lượt khách mỗi ngày. Theo đơn vị quản lý, lượng khách có xu hướng tăng khi hạ tầng được cải thiện và chính sách miễn phí vé được triển khai.

------
★ Đăng ký kênh và bấm chuông theo dõi những tin tức mới nhất từ Vietnamnet:
Đăng kí ngay 👉 https://bit.ly/3TmOMI7
Click for subcribe 👉 https://bit.ly/3TmOMI7

Tin tức báo VietNamNet - Đọc tin tức online - Tin tức 24h - Thời sự trong ngày
Kênh Youtube chính thức của Báo VietNamNet. Cập nhật liên tục những tin tức thời sự nóng hổi, chính xác nhất ở trong nước và trên thế giới.
------
Theo dõi Vietnamnet tại:
★ Facebook Vietnamnet: https://www.facebook.com/vietnamnet.vn/
★ Báo điện tử Vietnamnet: https://vietnamnet.vn/
-----
© Bản quyền thuộc về Báo VietNamNet
© Copyright by Vietnamnet Official ☞ Do not Reup
#BaoVietnamnet #tintuc #tintuc24h #KA",2026-09-23T01:10:30Z,2026-09-23T01:10:30Z,reject,missing_group:electric_bus,1,transport_impact,1,search,xe buýt dien,,,,,,2026-09-26T20:54:04.906292+07:00
youtube,M4269dgSIhM,https://www.youtube.com/watch?v=M4269dgSIhM,“XE TẢI ĐIỆN 945KG – CHẠY 300KM 🔋 | THACO”  g #XeTai945Kg #XeTaiThaco #Thaco #XeTaiDienThaco,"“XE TẢI ĐIỆN 945KG – CHẠY 300KM 🔋 | THACO”  g #XeTai945Kg #XeTaiThaco #Thaco #XeTaiDienThaco
🚛 THACO TOWNER E V2.6 – 2S | XE TẢI ĐIỆN 945KG – QUÃNG ĐƯỜNG 300KM 🔋⚡

⚡ Xe tải điện – giải pháp vận chuyển tiết kiệm, linh hoạt trong đô thị

🔹 Tải trọng: 945 kg
🔹 Số chỗ: 2 người
🔹 Kích thước xe: 4.500 × 1.690 × 2.000 mm
🔹 Chiều dài cơ sở: 2.930 mm
🔹 Khoảng sáng gầm: 160 mm
🔹 Động cơ điện Inovance: công suất tối đa 75 kW
🔹 Mô-men xoắn: 180 Nm
🔹 Pin Lithium sắt phosphate CATL: 41,86 kWh
🔹 Quãng đường di chuyển: khoảng 300 km
🔹 Sạc DC 20–80%: khoảng 18 phút*
🔹 Phanh ABS, phanh đĩa trước/sau
🔹 Hệ thống lái trợ lực điện

💰 Phù hợp cho khách hàng giao hàng, vận chuyển hàng hóa trong thành phố, chạy tuyến ngắn và trung bình.

📞 Liên hệ Dũng Xe Tải Thaco HCM để được tư vấn phiên bản, giá xe và phương án trả góp.

#xetaiDien #xetai945kg #xetaidien #xetaiTHACO #xetaichaydien #xetai2cho #xetaiHCM #DungXeTaiThaco #xetai #xetaiVietnam

🚛 THACO TOWNER E V2.7 – 2S | XE TẢI ĐIỆN 945KG – QUÃNG ĐƯỜNG 300KM 🔋⚡

🌱 Giải pháp vận chuyển hàng hóa hiện đại – tiết kiệm chi phí vận hành

🔋 Pin CATL Lithium sắt phosphate: 41,86 kWh
⚡ Động cơ điện Inovance: 75 kW – mô-men xoắn 180 Nm
🚚 Tải trọng: 945 kg | 2 chỗ ngồi
📏 Kích thước xe: 4.800 × 1.690 × 2.000 mm
📦 Lòng thùng: 2.930 × 1.505 × 1.340 mm
🔌 Quãng đường: khoảng 300 km/lần sạc (CLTC)
⚡ Sạc nhanh DC 20–80%: khoảng 18 phút*
🛞 Phanh ABS, phanh đĩa trước/sau
🎯 Trợ lực lái điện

💼 Phù hợp giao hàng, vận chuyển hàng hóa nội thành, chạy dịch vụ và kinh doanh, đặc biệt với khách hàng cần một mẫu xe tải điện tải gần 1 tấn.

📞 Dũng Xe Tải THACO HCM – tư vấn xe, thùng và phương án trả góp.

#THACOTownerEV #TownerEV #XeTaiDien #XeTaiDien945Kg #XeTai945Kg #XeTaiThaco #ThacoTruck #XeTai300Km #XeTaiChayDien #XeTai2Cho #XeTaiNhe #XeTaiGiaoHang #XeTaiKinhDoanh #XeTaiHCM #DungXeTaiThaco",2026-09-22T03:30:43Z,2026-09-22T03:30:43Z,reject,missing_group:electric_bus,1,transport_impact,0,search,bus điện,,,,,,2026-09-26T20:54:12.093424+07:00
youtube,M7b0HWiMBKE,https://www.youtube.com/watch?v=M7b0HWiMBKE,REVIEW XE ĐIỆN HONDA CUVI VÀ E-ICON TẠI SAO KHÔNG PHẢI LỰA CHỌN TỐT CHO NGƯỜI VIỆT,"REVIEW XE ĐIỆN HONDA CUVI VÀ E-ICON TẠI SAO KHÔNG PHẢI LỰA CHỌN TỐT CHO NGƯỜI VIỆT
⬇️ SẢN PHẨM TRONG VIDEO ⬇️
--------------------------------
👉 Xe điện Honda Cuvi
🛒 Link mua: https://s.shopee.vn/6L2llSfonq

👉 Xe điện Honda E-Icon
🛒 Link mua: https://s.shopee.vn/4qDxyiJHbJ

👉 Xe điện VinFast Evo 200
🛒 Link mua: https://s.shopee.vn/2BDCnp2HxZ

👉 Xe điện VinFast Klara
🛒 Link mua: https://s.shopee.vn/AAFUKX7eKs
--------------------------------
Trong bối cảnh dự thảo luật cấm xe xăng ở nội đô Hà Nội, nhiều người đang cân nhắc chuyển sang xe điện. Tuy nhiên, xe điện Honda hiện tại đang có nhiều hạn chế đáng lưu ý. Honda Cuvi chỉ cho thuê với giá 1,5 triệu/tháng, tổng chi phí 5 năm lên đến 88 triệu đồng nhưng vẫn không sở hữu được xe. Xe chỉ đi 60-70km/lần sạc, không có cốp để đồ và chỉ có 19 đại lý trên toàn quốc. Honda E-Icon giá 27 triệu còn kém cạnh tranh hơn so với VinFast Evo 200 hay Klara cùng tầm giá nhưng đi được trên 100km, tốc độ 70-80km/h, hệ thống đại lý rộng khắp và có trạm sạc công cộng tiện lợi. Với người Việt Nam, xe điện Honda hiện tại thực sự chưa phải lựa chọn tối ưu về giá cả lẫn tính năng.

#xedienhonda #hondacuvi #xedien #vinfast #reviewxe",2026-09-17T22:04:09Z,2026-09-17T22:04:09Z,reject,missing_group:electric_bus,1,"transport_impact,hanoi_location",0,search,xe điện công cộng,,,,,,2026-09-26T21:05:52.273643+07:00
youtube,MFAxHk_V4og,https://www.youtube.com/watch?v=MFAxHk_V4og,Travel smarter with MoMo and Ebus Xpress,"Travel smarter with MoMo and Ebus Xpress
Get your Ebus Card today, enjoy cashless convenience, and receive free rides for one week.

Dial *272*80# to get started.",2026-09-23T16:47:45Z,2026-09-23T16:47:45Z,reject,not_vietnam,1,electric_bus,0,search,ebus,,,,,,2026-09-26T21:00:58.105487+07:00
youtube,MPApT5ICYKk,https://www.youtube.com/watch?v=MPApT5ICYKk,Trải nghiệm đi xe buýt miễn phí bằng cách định danh trên máy T10 #buyttphcm,Trải nghiệm đi xe buýt miễn phí bằng cách định danh trên máy T10 #buyttphcm,2026-08-13T05:24:35Z,2026-08-13T05:24:35Z,reject,missing_group:electric_bus,1,transport_impact,1,search,trải nghiệm xe buýt điện,,,,,,2026-09-26T21:08:17.961025+07:00
youtube,MRSIJZHOOr8,https://www.youtube.com/watch?v=MRSIJZHOOr8,[Review] Đánh Giá Chi Tiết Evo Premia: Mẫu Xe Máy Điện Mới Nhất  VinFast,"[Review] Đánh Giá Chi Tiết Evo Premia: Mẫu Xe Máy Điện Mới Nhất  VinFast
Tin vui dành cho những ai đang mong chờ mẫu xe máy điện mới của VinFast! Evo Premia đã chính thức xuất hiện tại Xe Điện Việt Thanh!

Đặc biệt, Xe Điện Việt Thanh là một trong những đại lý đầu tiên tại Hà Nội về hàng mẫu Evo Premia, giúp khách hàng có cơ hội tận mắt xem xe, khám phá thiết kế và trải nghiệm thực tế ngay khi mẫu xe mới xuất hiện.

Evo Premia gây chú ý với thiết kế hiện đại, kiểu dáng trẻ trung cùng nhiều trang bị hướng đến nhu cầu sử dụng hằng ngày. Trong video, chúng ta sẽ cùng tìm hiểu chi tiết về ngoại hình, thiết kế, trang bị, khả năng vận hành và những điểm đáng chú ý trên mẫu xe máy điện này.

Nếu bạn đang tìm kiếm một mẫu xe điện VinFast mới để đi học, đi làm hoặc sử dụng trong thành phố, việc nắm rõ thông tin về Evo Premia sẽ giúp bạn có thêm cơ sở để lựa chọn. Video cũng tập trung vào những chi tiết thực tế mà người mua thường quan tâm trước khi xuống tiền.

Hãy xem hết video để khám phá Evo Premia có gì mới, những điểm nổi bật nằm ở đâu và mẫu xe này phù hợp với nhu cầu sử dụng nào nhé!
#EvoPremia #VinFastEvoPremia #XeMayDienVinFast #XeDienVinFast #VinFast #XeMayDien #XeDien #ReviewXeDien #DanhGiaXeDien #XeDienMoiNhat #XeDienVietThanh
—————————————
- Website: https://xedienvietthanh.com/ - https://xemayvietthanh.com/- https://vinfastvietthanh.com/
- Fanpage: https://www.facebook.com/xemayxedienvietthanh
- Hệ thống mua hàng: https://xedienvietthanh.com/he-thong-mua-hang/
—————————————
•  Hotline :  1900 2082 - 0986.06.3888
•  Bán hàng: 0901.662.888 – 098.444.3388 
•  Kỹ Thuật:  0988.86.2386 - 0986.06.3888
—————————————
XE ĐIỆN VIỆT THANH - XE ĐIỆN NHẬP KHẨU CHÍNH HÃNG
Chính sách SIÊU ƯU ĐÃI của chúng tôi xóa bỏ mọi nỗi lo mua hàng của bạn:
1. Bảo hành lên đến 3 năm.
2. Đổi hàng trong 72h.
3. Kiểm tra định kỳ miễn phí trọn đời.
4. Ưu đãi dịch vụ mua trả góp lãi xuất 0%.
5. Giao hàng miễn phí trong bán kính 30km.
6. Tặng mũ bảo hiểm cao cấp trị giá 250.000đ.
7. Hoàn lại tiền 100% nếu sản phẩm không chính hãng.
8. Cứu hộ tận nơi miễn phí nếu xe gặp sự cố trên đường.
—————————————
XE ĐIỆN - XE MÁY VIỆT THANH - THƯƠNG HIỆU BÁN LẺ HÀNG ĐẦU VIỆT NAM",2026-09-26T12:00:17Z,2026-09-26T12:00:17Z,reject,missing_group:electric_bus,1,"transport_impact,hanoi_location",0,search,review bus điện,,,,,,2026-09-26T21:08:04.185231+07:00
youtube,MYlSHIca2FI,https://www.youtube.com/watch?v=MYlSHIca2FI,"Đang đẩy mạnh xe điện, Vingroup bất ngờ “rẽ làn” sang xăng dầu: Lập công ty 1","Đang đẩy mạnh xe điện, Vingroup bất ngờ “rẽ làn” sang xăng dầu: Lập công ty 1
Vingroup bất ngờ lập công ty xăng dầu nghìn tỷ #f247",2026-09-26T05:21:07Z,2026-09-26T05:21:07Z,reject,missing_group:electric_bus,1,transport_impact,0,search,bus dien,,,,,,2026-09-26T20:54:26.250630+07:00
youtube,Mka-CoP7rsE,https://www.youtube.com/watch?v=Mka-CoP7rsE,Tragédia na Bahia: ônibus tomba e deixa ao menos 7 mortos e 12 feridos,"Tragédia na Bahia: ônibus tomba e deixa ao menos 7 mortos e 12 feridos
Tragédia na Bahia: ônibus tomba e deixa ao menos 7 mortos e 12 feridos

Quer ver o programa completo? Baixe agora o app RedeTV! Go
.
.
.
#RedeTV #BrasilDoPovo #acidente #ônibus #bahia",2026-09-27T00:37:34Z,2026-09-27T00:37:34Z,reject,missing_group:electric_bus,1,,0,search,e-bus,,,,,,2026-09-27T16:05:12.443501+07:00
youtube,MqfiZYC5Jh0,https://www.youtube.com/watch?v=MqfiZYC5Jh0,How To Install a Victron VE.Bus BMS NG for Lithium Batteries 🔋,"How To Install a Victron VE.Bus BMS NG for Lithium Batteries 🔋
Question of the day: How do you install a Victron VE.Bus BMS Next Generation?

When installing Victron Energy NG lithium batteries, a compatible Battery Management System (BMS) is required to properly protect the battery and communicate with the rest of the Victron electrical system.

In this RV solar installation, Tucson RV Solar demonstrates how the Victron VE.Bus BMS NG connects with a complete Victron ecosystem including:

🔋 Victron NG Lithium Battery
⚡ VE.Bus BMS NG
⚡ Cerbo GX System Monitor
⚡ Victron MultiPlus / Quattro Inverter Charger

The VE.Bus BMS NG installation process includes:

✅ Connecting the BMS power supply
✅ Integrating the BMS with Cerbo GX
✅ Connecting inverter communication through VE.Bus
✅ Using the remote port for system control
✅ Configuring battery communication
✅ Setting up single and multiple battery systems

For a single battery installation, the connection is straightforward.

For multiple Victron NG batteries, communication cables are daisy chained between batteries, with the first and last batteries connected to the BMS.

One major advantage of using a native Victron system is that the BMS can communicate battery status directly to the Cerbo GX, providing accurate battery monitoring without requiring a separate SmartShunt in many installations.

At Tucson RV Solar, we design and install professional RV solar, lithium battery, and Victron electrical systems throughout Arizona.

📍 Tucson RV Solar
📞 520-910-1232
🌐 TucsonRVSolar.com

#VictronEnergy #VEbusBMS #VictronNGBattery #CerboGX #MultiPlus #LithiumBattery #RVSolar #RVLife #OffGridPower #ArizonaRV",2026-09-07T14:00:02Z,2026-09-07T14:00:02Z,reject,missing_group:electric_bus,1,transport_impact,0,search,bus điện,,,,,,2026-09-26T20:54:18.765968+07:00
youtube,NGpBD2sa_Cw,https://www.youtube.com/watch?v=NGpBD2sa_Cw,Vin bus from Phuquoc Airport to Vin wonders #vinwondersphuquoc #vinbus #vietnam #travel,Vin bus from Phuquoc Airport to Vin wonders #vinwondersphuquoc #vinbus #vietnam #travel,2026-08-27T12:24:15Z,2026-08-27T12:24:15Z,accept,electric_bus,1,"transport_impact,electric_bus",0,search,VinBus,,,,,,2026-09-26T21:04:21.143450+07:00
youtube,NNjsy3ejzWM,https://www.youtube.com/watch?v=NNjsy3ejzWM,(Tuyến 62-9) Bến Xe Quận 8 - Cần Đước - Cần Thuộc - TP Gò Công ,"(Tuyến 62-9) Bến Xe Quận 8 - Cần Đước - Cần Thuộc - TP Gò Công 
© Bản Quyền Hy Khang 2011-2026 Xe Buýt Xanh Công Cộng TP.HCM ©
_____
Xin Chào Mọi Người, Mình Tên Là Hy Khang, Mình Sẽ Hướng Dẫn Tất Cả Mọi Người Đi Xe Buýt Và Lộ Trình Trạm Với Tuyến, Khám Phá Mới, 1 Trong Những Xe Buýt Xanh Bảo Vệ Môi Trường Ở TP.HCM, Xe Buýt Điện Là 1 Thương Mại Hoàn Toàn Mới Để Bảo Vệ Môi Trường Và Sạch Đẹp TP.HCM, Xin Mọi Người Hãy Coi Những Video Tiếp Theo Để Biết Về Rõ Hơn, Xin Chân Thành Cảm Ơn Chào Đón",2026-09-17T03:17:42Z,2026-09-17T03:17:42Z,accept,electric_bus,1,"transport_impact,electric_bus",1,search,xe buyt điện,,,,,,2026-09-26T20:53:20.928669+07:00
youtube,NX22Xm6BuuY,https://www.youtube.com/watch?v=NX22Xm6BuuY,БКМ Е350 повезёт сотрудников Белорусской АЭС,"БКМ Е350 повезёт сотрудников Белорусской АЭС
«БКМ Холдинг» завершил поставку четырёх пригородных электробусов модели E350 для нужд Белорусской атомной электростанции. Объект энергетики работает круглосуточно, поэтому, как подчёркивает производитель пассажирских машин, надёжное транспортное обеспечение персонала имеет стратегическое значение.",2026-09-26T17:21:42Z,2026-09-26T17:21:42Z,reject,missing_group:electric_bus,1,,0,search,electric bus,,,,,,2026-09-27T16:04:55.152140+07:00
youtube,NYiu0L1usp4,https://www.youtube.com/watch?v=NYiu0L1usp4,(Tuyến 34) Đang Chạy Về Bến Xe Sài Gòn,"(Tuyến 34) Đang Chạy Về Bến Xe Sài Gòn
© Bản Quyền Hy Khang 2011-2026 Xe Buýt Xanh Công Cộng TP.HCM
_____
Xin Chào Mọi Người, Mình Tên Là Hy Khang, Mình Sẽ Hướng Dẫn Tất Cả Mọi Người Đi Xe Buýt Và Lộ Trình Trạm Với Tuyến, Khám Phá Mới, 1 Trong Những Xe Buýt Xanh Bảo Vệ Môi Trường Ở TP.HCM, Xe Buýt Điện Là 1 Thương Mại Hoàn Toàn Mới Để Bảo Vệ Môi Trường Và Sạch Đẹp TP.HCM, Xin Mọi Người Hãy Coi Những Video Tiếp Theo Để Biết Về Rõ Hơn, Xin Chân Thành Cảm Ơn Chào Đón",2026-09-09T03:55:27Z,2026-09-09T03:55:27Z,accept,electric_bus,1,"transport_impact,electric_bus",1,search,xe buyt điện,,,,,,2026-09-26T20:53:43.854979+07:00
youtube,NighL8F7kiA,https://www.youtube.com/watch?v=NighL8F7kiA,Vinfast VF Wild xe bán tải điện mới của Vinfast dành cho ai?,"Vinfast VF Wild xe bán tải điện mới của Vinfast dành cho ai?
#vinfast #VFwild #otodien #xedienvinfast
Video về chiếc xe bán tải điện mới nhất vừa ra mắt của Vinfast là chiếc VF Wild
Soi gầm và cảm nhận đánh giá về xe mới",2026-09-26T03:19:54Z,2026-09-26T03:19:54Z,reject,missing_group:electric_bus,1,,0,search,bus dien,,,,,,2026-09-26T20:54:26.274077+07:00
youtube,NrN1u8WtN-w,https://www.youtube.com/watch?v=NrN1u8WtN-w,DLSS 5 | Vicinity Classic 35ft CNG  | Bus Simulator 27 | 4K,"DLSS 5 | Vicinity Classic 35ft CNG  | Bus Simulator 27 | 4K
★Watch in 4K for FULL EXPERIENCE★

Subscribe, Like & Share !

• Smash the LIKE button if you enjoyed it

• SUBSCRIBE for more daily uploads

• Feel free to COMMENT below



➤ Steam: https://store.steampowered.com/app/2397320/Bus_Simulator_27/

➤ Epic Games Store: https://store.epicgames.com/p/bus-simulator-27-b34229

➤ PlayStation Store: https://store.playstation.com/en-tr/concept/10008396/

➤ Xbox Store: https://www.xbox.com/en-US/games/store/bus-simulator-27/9pnhkn79l7nf


🚍 What you can expect from Bus Simulator 27 🚍

Greetings from Felicia Bay!

Bus Simulator 27 will offer the most comprehensive bus fleet ever: With more than 45 officially licensed buses from 13 world-famous manufacturers, the new game will offer the largest bus fleet in the history of the series. Mercedes-Benz, MAN, IVECO BUS, Scania, and Volvo are all confirmed to return – with more being announced soon! And for the first time in the history of Bus Simulator, Solaris™ is joining the fleet as an official license partner! 

Passengers waiting for a ride near the sunny beaches of Southern Europe can expect a truly unprecedented variety in Bus Simulator 27: With classic rigid and articulated buses, double-deckers, and electric buses roaming around the cities of Felicia Bay. 

In addition, and for the first time ever in the series, you can get behind the wheel of impressive coach buses and enjoy long-distance journeys! Felicia Bay is the perfect place to work where others go on vacation – a sunny, fictive region inspired by the Iberian Peninsula. 

Your mission? Restore faith in public transportation with your own bus company, using management options like creating routes and detailed timetables, hiring bus drivers, and managing the bus fleet. 

Bus Simulator 27 will offer three distinct game modes to cater to different playstyles: Story, Career, and the incredibly popular Sandbox mode. Choose your favorite – be it solo or with your friends in 4-player multiplayer mode.",2026-09-26T17:00:20Z,2026-09-26T17:00:20Z,reject,missing_group:electric_bus,1,transport_impact,0,search,electric bus,,,,,,2026-09-27T16:01:01.186636+07:00
youtube,NtzA_EO5nzg,https://www.youtube.com/watch?v=NtzA_EO5nzg,XĂNG TĂNG BUNG NÓC - KÔ DÁM MUA XE ĐIỆN &amp; ĐỔ XĂNG XE TOYOTA HYBRID 1 TRIỆU CHẠY ĐƯỢC BAO NHIÊU NGÀY,"XĂNG TĂNG BUNG NÓC - KÔ DÁM MUA XE ĐIỆN &amp; ĐỔ XĂNG XE TOYOTA HYBRID 1 TRIỆU CHẠY ĐƯỢC BAO NHIÊU NGÀY
cuộc sống sài gòn
ỦNG HỘ KÊNH XIN CÁC BẠN NHẤN ÐĂNG KÝ (MIỄN PHÍ) ÐỂ THEO DÕI.
Please SUBSCRIBE to my channel:
https://goo.gl/sCe18n

#cuocsongsaigon #saigon #dulich

xăng liên tục tăng bung nóc, không dám mua xe điện và tình hình thực tế đổ 1 triệu xe toyota hybrid đi được bao nhiêu ngày




*hành trình đà lạt về sài gòn NHANH NHẤT ngắm nhiều cảnh đẹp* https://www.youtube.com/watch?v=mF9boR262pk&t=7774s

*du lịch thái lan tự túc rẻ hơn đi phú quốc* https://youtu.be/ZkLPe3wwu2Q?si=xQ-PiK5cxVS0vnmO

*con đường BƯỚM ĐÊM khét tiếng* https://www.youtube.com/watch?v=pxIzO3OGH3Y

*biệt thự nhà VIỆT HƯƠNG giàu chưa từng thấy* https://www.youtube.com/watch?v=D3frYXLeeqA

*sài gòn NGẬP KINH HOÀNG NGÀY ĐÊM SÁNG TỐI* https://www.youtube.com/watch?v=C0FYpVspSvw

*khu nhà lầu đại gia CHO TIỀN KHÔNG DÁM Ở* https://www.youtube.com/watch?v=n9NR-6L3Qzk

*kinh khủng 2 SIÊU THỊ LỚN NHẤT KHỦNG NHẤT THÀNH PHỐ BÌNH DƯƠNG* https://www.youtube.com/watch?v=1fIaiEEJTLE

*ai ngờ ĐÊM GIÁNG SINH SÀI GÒN ăn chơi khắp nơi* https://www.youtube.com/watch?v=l3chnh_6K8E

*kinh hoàng XẢ NƯỚC CỐNG VỪA ĐEN VỪA THÚI chưa từng thấy* https://www.youtube.com/watch?v=WieinQ8cLIM

*view xem pháo hoa đẹp nhất sài gòn* https://www.youtube.com/watch?v=ECfzA_kJ25c

*đổi tiền NGOẠI TỆ CHỢ BẾN THÀNH mùng 1 tết tây* https://www.youtube.com/watch?v=jouxGAnTPKU

*xóm đạo hang đá lớn nhất sài gòn* https://www.youtube.com/watch?v=ulY8xM4yosQ

*bắn pháo hoa ĐÊM GIAO THỪA lạ chưa từng thấy* https://www.youtube.com/watch?v=1ke2JXUGQnI

*giây phút căng thẳng CHẶN XE CHỜ CỨU THƯƠNG tai nạn giao thông xóm đạo* https://www.youtube.com/watch?v=vCcltNg1zZ8

*sài gòn VỠ TRẬN ĐÊM GIAO THỪA 2024 cảnh tượng chưa từng thấy* https://www.youtube.com/watch?v=ahVu_p6r68Y

*giá rẻ bất ngờ NGẬP TRÀN HÀNG LẠ CHỢ BẾN THÀNH BÁN SAO LẠI* https://www.youtube.com/watch?v=lpRo3-QYQkY

*du lịch THÁI LAN TỰ TÚC giáng sinh 2024* https://www.youtube.com/playlist?list=PL0N8x1Z6ldye69BA_Kf1Uk3zUKBRIVZLE

*kinh hoàng NƯỚC NGẬP PHUN VĂNG NẮP CỐNG chưa từng thấy ở chợ lớn* https://www.youtube.com/watch?v=2BBoXsPQ8go&list=RDCMUCJucs3KKotPlqF1GZo-DWbw&index=5

*giật mình cảnh hàng ngàn bạn trẻ xếp hàng chờ mua túi 99k việt kiều đức thái công* https://www.youtube.com/watch?v=JhUiyIzGYQM

*chợ tết sài gòn 2024 mùa phá sản khắp nơi* https://www.youtube.com/watch?v=kvIJ1F24ub0

*lớn chưa từng thấy LỄ HỘI CHỢ TẾT VIỆT 2024* https://www.youtube.com/watch?v=1JBWU_zlakc&t=2995s

*toàn cảnh chợ tết chợ bến thành sài gòn* https://www.youtube.com/watch?v=8sBjoPqMEVI&t=22s

*hành trình cao tốc SÀI GÒN NHA TRANG nhanh chưa từng thấy* https://www.youtube.com/watch?v=-7-4jWhoBaU&t=288s

*viếng mộ ông NGUYỄN BÁ THANH người nổi tiếng nhất ĐÀ NẴNG* https://www.youtube.com/watch?v=q9i8oYFC6oo&t=66s
 
*FULL NGÀY 1 TOUR NHẬT BẢN 35 TRIỆU NGẮM HOA ANH ĐÀO* https://www.youtube.com/watch?v=hBXW0BeYfiU 

*FULL NGÀY 2 TOUR NHẬT BẢN 35 TRIỆU NGẮM HOA ANH ĐÀO & NÚI PHÚ SĨ* https://www.youtube.com/watch?v=SVNY0BR4Hn4

*FULL NGÀY 3 TOUR NHẬT BẢN 35 TRIỆU NGẮM HOA ANH ĐÀO* https://www.youtube.com/watch?v=n1h0EKrUz7Y",2026-09-25T02:44:09Z,2026-09-25T02:44:09Z,reject,missing_group:electric_bus,1,"flood_state,transport_impact",1,search,bus dien,,,,,,2026-09-26T20:54:26.396926+07:00
youtube,O-zJmO9Rin0,https://www.youtube.com/watch?v=O-zJmO9Rin0,Cô gái bị xe buýt cán qua cánh tay ở Hà Nội  tra cứu phạt nguội xe #shorts #tintuc,"Cô gái bị xe buýt cán qua cánh tay ở Hà Nội  tra cứu phạt nguội xe #shorts #tintuc
Một cô gái đi xe máy điện bị xe buýt cán qua cánh tay sau va chạm trên đường Phạm Hùng, Hà Nội. CSGT đang rà soát camera và thu thập lời khai để làm rõ nguyên nhân vụ tai nạn.

#laixeantoan #antoangiaothong #GiaoThongVietNam #TinTucGiaoThong #CameraGiaoThong #AnToanGiaoThong #DuongPhoVietNam",2026-09-22T02:17:29Z,2026-09-22T02:17:29Z,reject,missing_group:electric_bus,1,"transport_impact,hanoi_location",0,search,tuyến bus điện,,,,,,2026-09-26T21:06:46.335122+07:00
youtube,O0CEpqcp764,https://www.youtube.com/watch?v=O0CEpqcp764,Kimlong Bus điện pin BYD. #luxurycar,Kimlong Bus điện pin BYD. #luxurycar,2026-08-02T02:03:59Z,2026-08-02T02:03:59Z,accept,electric_bus,1,"transport_impact,electric_bus",0,search,ô tô bus điện,,,,,,2026-09-26T21:05:34.293433+07:00
youtube,O7jlFokDClI,https://www.youtube.com/watch?v=O7jlFokDClI,Thiện Ramos - Kiểm chứng Tuyến Xe Buýt 5 SAO trên Sông Sài Gòn | Saigon Water Bus,"Thiện Ramos - Kiểm chứng Tuyến Xe Buýt 5 SAO trên Sông Sài Gòn | Saigon Water Bus
🔎 Trong video này, Thiện Ramos sẽ:
- Trải Nghiệm tuyến xe buýt Sông đầu tiên tại Sài Gòn và độc lạ nhất ở TPHCM
- Mô tả toàn bộ lộ trình tuyến xe buýt
- Kiểm chứng: Thái độ, Nội Ngoại thất, Hệ thống an toàn và cách đặt vé.
⏱️ Timeline:
00:00 - 00:40 Giới thiệu
00:40 - 01:44 Đi đến bến tàu Thảo Điền
01:44 - 05:10 Đặt vé Online, lấy vé, Khám phá bến tàu Thảo Điền
05:10 - 07:00 Lên tàu
07:00 - 11:40 Khám phá bên trong con tàu
11:40 - 16:00 Xuống tàu và khám phá bến Bạch Đằng 
Những video liên quan:
Kiểm chứng xe khách 5 sao: https://youtu.be/DRaJLG75fzk?si=wq089zroFMzDcViH
Kiểm chứng khách sạn có đánh giá 1 sao: https://youtu.be/9pCHGMTMew8?si=V0EMt_p5CqRDXkmu
#thienramos #thuthach #dulich #waterbus #xebussong #xebuyttrensong #saigonwaterbus #kiemchungxekhach",2026-09-25T08:27:45Z,2026-09-25T08:27:45Z,reject,missing_group:electric_bus,1,transport_impact,1,search,xe buýt dien,,,,,,2026-09-26T20:54:04.894260+07:00
youtube,O8680eqfsBY,https://www.youtube.com/watch?v=O8680eqfsBY,【知らないと損】ベトナム移動の裏技Vinバス #ベトナム #旅行術 #移動手段,"【知らないと損】ベトナム移動の裏技Vinバス #ベトナム #旅行術 #移動手段
ベトナム・フーコック島での移動には、配車サービス「Grab（グラブ）」を超える便利さと効率性を兼ね備えた「VinBus（ビンバス）」がおすすめです。美しいフーコック島を巡る旅が、これまで以上に快適で手軽なものになります。この動画では、信頼性が高く、かつ手頃な価格で島内を移動できるバスサービス「VinBus」の魅力をご紹介します。人気の観光スポットへのアクセスはもちろん、現地の雰囲気を楽しみたい方にも「VinBus」は最適な選択肢です。充実した路線網により島のあらゆる場所へ簡単に移動できるため、ベトナムを訪れる旅行者にとって理想的な移動手段と言えるでしょう。観光客や地元の人々にとって画期的な存在である「VinBus」なら、快適かつスムーズに島内を移動できます。さあ、今すぐベトナム旅行の計画を立てて、「VinBus」を活用し、フーコック島での旅を最大限に満喫しましょう。

 #ベトナム #フーコック #VinBus

ーーーーーーーーーーーーーーーーーーーーーーーーーーーーーーーーーーーーーーーーーー
今後の動画でも海外生活のリアルな情報を発信していきますので、
ぜひチャンネル登録をお願いします。
次の動画で何を取り上げてほしいか、コメント欄でリクエストもお待ちしています。
ーーーーーーーーーーーーーーーーーーーーーーーーーーーーーーーーーーーーーーーーーー",2026-09-16T09:00:38Z,2026-09-16T09:00:38Z,accept,electric_bus,1,"transport_impact,electric_bus",0,search,VinBus,,,,,,2026-09-26T21:03:02.602346+07:00
youtube,O8h17JJYVbA,https://www.youtube.com/watch?v=O8h17JJYVbA,"Hành Trình Đăng Đón Xe Buýt Từ An Nhơn Tây Đi Bến Xe Buýt Củ Chi, Xe Buýt Điện Phương Trang Miễn Phí","Hành Trình Đăng Đón Xe Buýt Từ An Nhơn Tây Đi Bến Xe Buýt Củ Chi, Xe Buýt Điện Phương Trang Miễn Phí
Hành Trình Đăng Đón Xe Buýt Từ An Nhơn Tây Đi Bến Xe Buýt Củ Chi, Xe Buýt Điện Phương Trang Miễn Phí
@utlieufamily9680",2026-08-15T11:54:40Z,2026-08-15T11:54:40Z,accept,electric_bus,1,"transport_impact,electric_bus",0,search,xe buyt dien,,,,,,2026-09-26T20:53:03.763708+07:00
youtube,OCH4lTJXYRU,https://www.youtube.com/watch?v=OCH4lTJXYRU,Thằng Bạn Thích Sĩ Diện Và Pha &quot;Mượn&quot; Siêu Xe Siêu Bá Đạo!,"Thằng Bạn Thích Sĩ Diện Và Pha &quot;Mượn&quot; Siêu Xe Siêu Bá Đạo!
Câu chuyện hài hước kể về cuộc gặp gỡ bất ngờ giữa hai người bạn cấp 3 lâu ngày không gặp. Thằng bạn bất ngờ xuất hiện trên chiếc siêu xe bóng loáng và tự hào khoe rằng mình ""mượn xe của hàng xóm"" để đi lượn phố khoe khoang.

Thế nhưng, khi bị hỏi vì sao xe nổ máy từ sáng đến giờ không chịu tắt, nó mới thật thà tiết lộ cách ""mượn"" có một không hai: nó không biết mở khóa xe, chỉ thừa lúc chủ xe xuống mua nước rồi nhảy lên phóng đi luôn!

Video mang đến những giây phút giải trí vô cùng sảng khoái với cái kết ngã ngửa và hài hước. Cùng theo dõi để xả stress sau những giờ làm việc mệt mỏi nhé!

Đừng quên bấm ĐĂNG KÝ KÊNH (SUBSCRIBE) và bật chuông thông báo để không bỏ lỡ những video kể chuyện hài hước, bá đạo mỗi ngày! Sự ủng hộ của các bạn chính là động lực lớn nhất để chúng mình tiếp tục sản xuất thêm nhiều nội dung chất lượng hơn nữa.

Hãy để lại bình luận chia sẻ cảm nhận của bạn sau khi theo dõi video này nhé! Bạn đã từng gặp đứa bạn nào thích ""sống ảo"" bá đạo như thế này chưa?

Những câu chuyện hài hước đời thường luôn mang đến sức hút đặc biệt nhờ tình huống bất ngờ và lời thoại bá đạo. Sự kết hợp giữa lối kể chuyện duyên dáng, âm thanh sống động sẽ đưa bạn vào những phút giây thư giãn tuyệt vời.

Nếu bạn thấy câu chuyện này thú vị, hãy chia sẻ video đến bạn bè để cùng cười xả stress nhé!

Cảm ơn bạn đã luôn đồng hành, theo dõi và ủng hộ các sản phẩm trên kênh của chúng mình!

#haihuoc #chuyenhai #banbehaivui #haibadao #giaitri #haivui #cuoivobung #sidien #xastress",2026-09-27T12:00:14Z,2026-09-27T12:00:14Z,reject,missing_group:electric_bus,1,transport_impact,0,search,bus dien,,,,,,2026-09-27T19:04:35.749840+07:00
youtube,OKiizEQL7jY,https://www.youtube.com/watch?v=OKiizEQL7jY,Night Drive To Vin you Bus stand outside Road trip ,Night Drive To Vin you Bus stand outside Road trip,2026-09-10T12:27:19Z,2026-09-10T12:27:19Z,reject,missing_group:electric_bus,1,transport_impact,0,search,Vin Bus,,,,,,2026-09-26T21:05:17.694971+07:00
youtube,OVUwdB91QIM,https://www.youtube.com/watch?v=OVUwdB91QIM,Ônibus tomba na BR-153 e deixa passageiros feridos em Guaraí,"Ônibus tomba na BR-153 e deixa passageiros feridos em Guaraí
Ônibus tomba na BR-153 e deixa passageiros feridos em Guaraí

Um ônibus tombou na tarde desta sexta-feira, 25 de setembro, na BR-153, em Guaraí, na região centro-norte do Tocantins.

O acidente aconteceu nas proximidades do Ribeirão Tranqueira, na saída sul do perímetro urbano.

Imagens feitas após o tombamento mostram o ônibus fora da pista, às margens da rodovia, enquanto o atendimento era realizado no local.

Segundo informações preliminares, passageiros ficaram feridos e foram socorridos. Até a última atualização, não havia confirmação oficial sobre a quantidade de vítimas nem sobre o estado de saúde dos feridos.

As causas do acidente ainda não foram divulgadas oficialmente.",2026-09-25T23:28:24Z,2026-09-25T23:28:24Z,reject,missing_group:electric_bus,1,,0,search,e-bus,,,,,,2026-09-27T16:01:29.882262+07:00
youtube,OYGhY2TM_PE,https://www.youtube.com/watch?v=OYGhY2TM_PE,Foton Ebus U12 SC | G23 | Conecta Mobility (US18) #touhouproject #redmovilidad #vocaloid,"Foton Ebus U12 SC | G23 | Conecta Mobility (US18) #touhouproject #redmovilidad #vocaloid
#hatsunemiku #automobile #enbuscadelosmejoresprecios #redmovilidad #metro #kagaminerin #train #subway #vocaloid #travel #reimuhakurei #touhouproject #touhou",2026-09-22T11:04:08Z,2026-09-22T11:04:08Z,reject,not_vietnam,1,electric_bus,0,search,ebus,,,,,,2026-09-27T18:02:04.476493+07:00
youtube,Od74XyAYnhE,https://www.youtube.com/watch?v=Od74XyAYnhE,還不會爬 就想飛 基隆電公車 #電動公車 #基隆市 #無人公車,"還不會爬 就想飛 基隆電公車 #電動公車 #基隆市 #無人公車
謝市長說要發電動機車5萬台，做不到不連任，結果沒做到，但還是厚顏登記連任選舉。電動公車的進度，則是拖拖拖。當我問，公車司機招無人，怎麼辦？他說以後都無人公車了，未來無人公車很罩。但現在基隆是連公車的充電樁都沒做好，連電動公車都買不齊，市長卻在講無人公車。市長總是這樣，「我要去月球」講得很快很輕鬆，但我們要追問的是，火箭基地呢？誰操作太空船？誰訓練太空人？火箭燃料哪裡來？推進器測試成功了嗎？這些都是「上月球」的實際問題，但，市長回答不出來，只能繼續說「你怎麼可以質疑我？難道上月球不好嗎？」",2026-09-26T15:10:07Z,2026-09-26T15:10:07Z,reject,missing_group:electric_bus,1,,0,search,electric bus,,,,,,2026-09-26T23:03:11.604983+07:00
youtube,OgVytCKKfzs,https://www.youtube.com/watch?v=OgVytCKKfzs,Lần đầu đi show bằng xe bus điện 🚗 ,"Lần đầu đi show bằng xe bus điện 🚗 
Trải nghiệm đi show bằng xe bus 🚌
Và sau đây tui xin dẫn mọi người đi show Q1 bằng xe bus cùng tui nha!!! #mc  #dieptieubang #event #trending  #xuhuongyoutube  #spa",2026-09-23T01:37:46Z,2026-09-23T01:37:46Z,accept,electric_bus,1,"transport_impact,electric_bus",0,search,xe bus điện,,,,,,2026-09-26T20:51:24.622199+07:00
youtube,OiZXAowfzKg,https://www.youtube.com/watch?v=OiZXAowfzKg,#mumbai ✓ best Olectra K9D electric bus💖🤩🔥#status #shorts,#mumbai ✓ best Olectra K9D electric bus💖🤩🔥#status #shorts,2026-09-26T02:42:31Z,2026-09-26T02:42:31Z,reject,not_vietnam,1,"transport_impact,electric_bus",0,search,electric bus,,,,,,2026-09-26T20:56:11.091567+07:00
youtube,OoGC2AFw_48,https://www.youtube.com/watch?v=OoGC2AFw_48,Islamabad’s New Look: Electric Double-Decker Buses Coming Soon I Daily Mumtaz,"Islamabad’s New Look: Electric Double-Decker Buses Coming Soon I Daily Mumtaz
Islamabad is set to witness a new transformation in public transport as plans move forward to introduce electric double-decker buses on city roads. The initiative aims to provide a modern, eco-friendly, and comfortable travel experience for citizens.

The introduction of electric buses is expected to add a new dimension to Islamabad’s urban transport system while promoting cleaner mobility and a greener environment.

Watch the latest update to learn more about the upcoming electric double-decker bus service and its impact on the capital city.



Don't Forget to Subscribe to our YouTube Channel: 
Website: https://www.dailymumtaz.com
Facebook: https://www.facebook.com/dailymumtazofficial
Instagram: https://www.instagram.com/dailymumtazofficial/
Tiktok: https://www.tiktok.com/@dailymumtaz
Twitter: https://twitter.com/Dailymumtaz1
#Islamabad #ElectricBuses #GreenTransport #PakistanNews #PublicTransport",2026-09-25T13:29:28Z,2026-09-25T13:29:28Z,reject,missing_group:electric_bus,1,transport_impact,0,search,electric bus,,,,,,2026-09-26T20:57:20.345628+07:00
youtube,OqIEEBbTutQ,https://www.youtube.com/watch?v=OqIEEBbTutQ,REVIEW CHI TIẾT XE ĐIỆN YADEA VELAX BẢN HP ( PIN 60AH ) - 200KM 1 LẦN SẠC,"REVIEW CHI TIẾT XE ĐIỆN YADEA VELAX BẢN HP ( PIN 60AH ) - 200KM 1 LẦN SẠC
➤ SDT : 0358.704.530
HỆ THỐNG CỬA HÀNG XE ĐIỆN MẠNH PHÁT
⬤ ĐỊA CHỈ TẠI - TP HÀ NỘI 
CS1 . 234 Ngô Xuân Quảng - Trâu Quỳ - Gia Lâm - TP Hà Nội ( YADEA MẠNH PHÁT ) 
CS2 . 234 Ngô Xuân Quảng - Trâu Quỳ - Gia Lâm - TP Hà Nội ( ESPERO DETECH )
CS2 . 76 Nguyễn Trãi - Thanh Xuân - TP Hà Nội ( VINFAST MẠNH PHÁT ) 
CS3 . 345 Hà Huy Tập - Xã Phù Đổng - TP Hà Nội ( VINFAST MẠNH PHÁT ) 
⬤ ĐỊA CHỈ TẠI - TP HỒ CHÍ MINH 
 ➤ | 749 LŨY BÁN BÍCH - P.PHÚ THỌ HÒA - Q.TÂN PHÚ - TP HCM

KÊNH TRUYỀN THÔNG
TIK TOK 
 ⁨➤@yadeamanhphat 
 ➤@vinfastmanhphat
 ➤@xemanhphat 
FACEBOOK
 ➤ YADEA MẠNH PHÁT :  https://web.facebook.com/profile.php?id=61570604917230
 ➤ VINFAST MẠNH PHÁT : https://web.facebook.com/profile.php?id=61579094485914
 ➤ XE ĐIỆN MẠNH PHÁT : https://web.facebook.com/profile.php?id=61556896183691
▔▔▔▔▔▔▔▔▔▔▔▔▔▔▔▔▔▔▔▔▔▔▔▔▔▔▔▔
 #xemanhphat #luongtran #luong22 
© Bản quyền Video thuộc về Xe Mạnh Phát, vui lòng không reup!
© Copyright by Xe Mạnh Phát ☞ Do not Reup, many thanks!
© Copyright all rights reserved.",2026-09-22T12:40:53Z,2026-09-22T12:40:53Z,reject,missing_group:electric_bus,1,"transport_impact,hanoi_location",1,search,review bus điện,,,,,,2026-09-26T21:08:04.375276+07:00
youtube,OrWkH7YIBPA,https://www.youtube.com/watch?v=OrWkH7YIBPA,Yadea Omee mới nhất 2026,"Yadea Omee mới nhất 2026
Hotline : 0866.903.993 - 0358.993.993 
➤ Liên hệ trực tiếp : 0866.903.993
▶ ĐỊA CHỈ TẠI - TP HÀ NỘI 
| SỐ 234 NGÔ XUÂN QUẢNG - XÃ GIA LÂM - TP HÀ NỘI ( YADEA SHOP MẠNH PHÁT ) 
▔▔▔▔▔▔▔▔▔▔▔▔▔▔▔▔▔▔▔▔▔▔▔▔▔▔▔▔
KÊNH TRUYỀN THÔNG
TIK TOK 
 ⁨➤@yadeamanhphat 
 ➤@vinfastmanhphat
 ➤@xemanhphat 
FACEBOOK
 ➤ YADEA MẠNH PHÁT :  https://web.facebook.com/profile.php?...
 ➤ VINFAST MẠNH PHÁT : https://web.facebook.com/profile.php?...
 ➤ XE ĐIỆN MẠNH PHÁT : https://web.facebook.com/profile.php?...
▔▔▔▔▔▔▔▔▔▔▔▔▔▔▔▔▔▔▔▔▔▔▔▔▔▔▔▔
#yadea #xemaydien #xemanhphat #xedapdien #xemaydien 
© Bản quyền Video thuộc về Xe Mạnh Phát, vui lòng không reup!
© Copyright by Xe Mạnh Phát ☞ Do not Reup, many thanks!
© Copyright all rights reserved.",2026-09-27T01:41:40Z,2026-09-27T01:41:40Z,reject,missing_group:electric_bus,1,"transport_impact,hanoi_location",0,search,review bus điện,,,,,,2026-09-27T16:06:15.379722+07:00
youtube,OvkqvV3ILPg,https://www.youtube.com/watch?v=OvkqvV3ILPg,Jsw Ampstar Electric bus Truck Launched || #shortvideo #viralvideo #trending #shortsfeed,"Jsw Ampstar Electric bus Truck Launched || #shortvideo #viralvideo #trending #shortsfeed
#shorts #viral #youtubeshorts #flipagram #visualreel #videomic #youtubealternative #millionsubscribers #officalvideo #wevideo #vlogger #coolvideo #electrical #electricvehicle #viralvideo #viralshort #short #trendingshorts #latest #foryou #youtubeshorts #youtube #trendingnow #foryourpage #localnews @Nishuvlogs-i60",2026-09-25T13:45:09Z,2026-09-25T13:45:09Z,reject,not_vietnam,1,"transport_impact,electric_bus",0,search,electric bus,,,,,,2026-09-26T20:57:16.992701+07:00
youtube,P1D3q_4S4s0,https://www.youtube.com/watch?v=P1D3q_4S4s0,tầu điện nước áo,tầu điện nước áo,2026-09-13T15:48:32Z,2026-09-13T15:48:32Z,reject,missing_group:electric_bus,1,,0,search,xe điện công cộng,,,,,,2026-09-26T21:05:52.280532+07:00
youtube,P3RxvcQSSMI,https://www.youtube.com/watch?v=P3RxvcQSSMI,4 bus,4 bus,2026-09-25T23:06:16Z,2026-09-25T23:06:16Z,reject,missing_group:electric_bus,1,transport_impact,0,search,e-bus,,,,,,2026-09-26T20:58:18.342379+07:00
youtube,PDKEsGM6wrQ,https://www.youtube.com/watch?v=PDKEsGM6wrQ,Tuyến 09A trên xe buýt điện Vinfast EB8 29E-288.22 (bản hơi bị mờ),Tuyến 09A trên xe buýt điện Vinfast EB8 29E-288.22 (bản hơi bị mờ),2026-08-25T08:56:45Z,2026-08-25T08:56:45Z,accept,electric_bus,1,"transport_impact,electric_bus",0,search,trạm xe buýt điện,,,,,,2026-09-26T21:07:06.901869+07:00
youtube,PG1TD3vwVLw,https://www.youtube.com/watch?v=PG1TD3vwVLw,Nếu KHÔNG còn người mua xe điện TQ thì sao? || HIỂU TRUNG QUỐC,"Nếu KHÔNG còn người mua xe điện TQ thì sao? || HIỂU TRUNG QUỐC
Trung Quốc đang sở hữu một cỗ máy sản xuất khổng lồ, nhưng vấn đề là: thế giới còn có thể hấp thụ bao nhiêu hàng hóa từ cỗ máy này?

Từ xe điện, pin lithium, điện mặt trời đến thép và hàng công nghiệp, công suất sản xuất của Trung Quốc đang vượt xa nhu cầu trong nước. Khi thị trường nội địa không đủ sức hấp thụ, lượng hàng hóa dư thừa ngày càng được đẩy ra thị trường quốc tế, làm gia tăng cạnh tranh giá và gây sức ép lên các nhà sản xuất tại nhiều quốc gia.

Trong video này, chúng ta phân tích điều gì có thể xảy ra nếu thế giới ngày càng hạn chế hàng hóa Trung Quốc, đặc biệt trong lĩnh vực xe điện và các ngành công nghiệp chiến lược. Khi xuất khẩu suy giảm, tác động có thể lan sang đầu tư, việc làm, ngân hàng, giá nguyên vật liệu và các nền kinh tế phụ thuộc vào thương mại với Trung Quốc.

Video cũng nhìn lại cuộc khủng hoảng năm 2008, gói kích thích 586 tỷ USD của Trung Quốc và lý do tại sao những biện pháp từng phát huy tác dụng trong quá khứ có thể gặp nhiều hạn chế trong bối cảnh hiện nay.

Liệu tình trạng dư thừa công suất của Trung Quốc có thể trở thành một vấn đề không chỉ đối với Trung Quốc mà còn đối với kinh tế toàn cầu?

Hãy xem hết video để hiểu rõ hơn về chuỗi phản ứng có thể xảy ra.

Đừng quên Like, Đăng ký kênh và bật thông báo để theo dõi những phân tích mới nhất về kinh tế Trung Quốc và những tác động của nước này đối với thế giới.

Đừng quên ĐĂNG KÝ kênh HIỂU TRUNG QUỐC để cập nhật các tin tức mới, nóng hổi mỗi ngày.
► ► https://www.youtube.com/@nhinthesu/featured
#PHANTICH #BINHLUAN #HIEUTRUNGQUOC",2026-09-24T12:00:05Z,2026-09-24T12:00:05Z,reject,missing_group:electric_bus,1,transport_impact,0,search,bus dien,,,,,,2026-09-26T20:54:26.466035+07:00
youtube,PGzFpyR_f_M,https://www.youtube.com/watch?v=PGzFpyR_f_M,BRAND NEW! STM bus 46-008 seen on route 55 Saint-Laurent,"BRAND NEW! STM bus 46-008 seen on route 55 Saint-Laurent
New STM NovaBus LFse+ is seen on its first day of service along Saint-Laurent boulevard doing route 55 south

#2026 #new #stm #novabus #electric #bus #montreal",2026-09-26T17:35:00Z,2026-09-26T17:35:00Z,reject,missing_group:electric_bus,1,transport_impact,0,search,electric bus,,,,,,2026-09-27T16:04:55.140339+07:00
youtube,PJuv_CoCvhk,https://www.youtube.com/watch?v=PJuv_CoCvhk,Đi xe buýt điện Vinhomes Cần Giờ đúng ngày mưa #vinhomescangio,Đi xe buýt điện Vinhomes Cần Giờ đúng ngày mưa #vinhomescangio,2026-09-10T05:22:49Z,2026-09-10T05:22:49Z,accept,electric_bus,1,"transport_impact,electric_bus",0,search,xe bus điện,,,,,,2026-09-26T20:51:40.982505+07:00
youtube,PKE4RxQVYh8,https://www.youtube.com/watch?v=PKE4RxQVYh8,#GreenElectricBus​ #ElectricBus​ #Pakistan​ # Green Bus #viral,"#GreenElectricBus​ #ElectricBus​ #Pakistan​ # Green Bus #viral
#GreenElectricBus​ #ElectricBus​ #Pakistan​ # Green Bus Green Bus #ElectricBusPakistan​ #Punjab​ #Greens​
. 
. Pakistan ki khoobsurat Green Electric Bus 🚌💚
Modern design, comfortable seats aur eco-friendly electric technology ke saath Pakistan ki nayi electric bus ka zabardast scene!


. 
. #GreenElectricBus​
#ElectricBusPakistan​
#PakistanElectricBus​
#GreenBus​
#ElectricBus​
#Pakistan​
#BusPakistan​
#ModernBus​
#ElectricVehicle​
#PublicTransport​
#PakistanTransport​
#ViralVideo​
#Trending​
#Shorts​
#YouTubeShorts​",2026-09-26T05:41:29Z,2026-09-26T05:41:29Z,reject,not_vietnam,1,"transport_impact,electric_bus",0,search,electric bus,,,,,,2026-09-27T16:01:12.462671+07:00
youtube,PTc_We7LtCM,https://www.youtube.com/watch?v=PTc_We7LtCM,Review Chi Tiết Volvo EX90 | SUV Thuần Điện 6 Chỗ &amp; 7 Chỗ | Thông số - Vận Hành Pin - Ưu Đãi ,"Review Chi Tiết Volvo EX90 | SUV Thuần Điện 6 Chỗ &amp; 7 Chỗ | Thông số - Vận Hành Pin - Ưu Đãi 
Khám phá ngay Volvo EX90 – dòng SUV thuần điện cao cấp 6 và 7 chỗ hoàn toàn mới, biểu tượng cho kỷ nguyên an toàn và công nghệ tương lai của thương hiệu Thụy Điển. 

Liệu chiếc xe này có xứng đáng là cái tên dẫn đầu phân khúc SUV điện hạng sang tại Việt Nam? Hãy cùng Minh Mẫn khám phá chi tiết từ thiết kế, không gian nội thất, khả năng vận hành, dung lượng pin cho đến các chính sách ưu đãi hấp dẫn nhất hiện nay!

🔍 NỘI DUNG CHÍNH TRONG VIDEO:
 * Giới thiệu tổng quan về siêu phẩm thuần điện Volvo EX90.
 * Thiết kế ngoại thất Scandinavian: Sang trọng, tối giản và tối ưu khí động học.
 * Đánh giá không gian nội thất & tiện nghi: Cấu hình 6/7 chỗ ngồi rộng rãi, vật liệu thân thiện môi trường và hệ thống âm thanh Bowers & Wilkins đỉnh cao.
 * Công nghệ an toàn độc quyền: ""Lá chắn"" bảo vệ toàn diện với công nghệ an toàn tiên tiến.
 * Thông số vận hành & Pin: Dung lượng pin lớn, quãng đường di chuyển ấn tượng và khả năng sạc nhanh vượt trội.
 * Tổng kết, giá bán và các chương trình ưu đãi đặc quyền khi đặt xe tại Volvo.

⚡ Một vài thông số đáng chú ý
• Công suất: 680 HP
• Mô-men xoắn: 870 Nm
• 0–100 km/h: 4,2 giây
• Dung lượng pin: 106 kWh
• Kiến trúc pin: 800V
• Công suất sạc DC tối đa: 350 kW
• Quãng đường công bố: 625 km WLTP
• Sạc nhanh 10–80%: khoảng 22 phút trong điều kiện sạc phù hợp

⚡ Ra mắt tại Việt Nam vào tháng 10/2026 & Nhận đặt cọc giao xe sớm:

- Tặng gói bảo dưỡng:  3 năm/ 90.000 km miễn phí

- Tặng 01 năm bảo hiểm vật chất: trị giá 1% giá trị xe

- Tặng Box sạc tại nhà: 7kW bao gồm công lắp đặt

-  Tặng 10 triệu điểm VETC & Gói cứu hộ RSA trong vòng 3 năm

- Bảo hành pin: 8 năm/ 160.000 Km 

- Bảo hành xe 5 năm

(*) Liên hệ hotline : 0965637902 để nhận thông tin chi tiết. Chương trình ưu đãi có điều kiện đến hết ngày 30/09/2026.

Để xem xe, lái thử và nhận được những ưu đãi tốt nhất, vui lòng liên hệ Ms. Mẫn qua Hotline: 0965.637.902

#VolvoEX90 #SUVThuanDien #VolvoVietName #VolvoDongSaigon #MinhManVolvo #XeDienHangSang #CongNgheAnToanVolvo #DesignedAroundYou #ex90 #xedienEX90 #EX90volvo",2026-09-25T03:02:26Z,2026-09-25T03:02:26Z,reject,missing_group:electric_bus,1,transport_impact,0,search,review bus điện,,,,,,2026-09-26T21:08:04.263164+07:00
youtube,PUNsemKbytM,https://www.youtube.com/watch?v=PUNsemKbytM,green bus ❎e bus☑️ #comedy #funnymoment #jokes #viralshort,green bus ❎e bus☑️ #comedy #funnymoment #jokes #viralshort,2026-09-26T07:36:15Z,2026-09-26T07:36:15Z,reject,missing_group:electric_bus,1,transport_impact,0,search,e-bus,,,,,,2026-09-26T20:57:45.274170+07:00
youtube,PUtshPPnfTE,https://www.youtube.com/watch?v=PUtshPPnfTE,🔥VOLVO 9600 BIGGEST SLEEPER BUS| CONVOY 4 BUS HIGHWAY DRIVE🚌| SEMA FUN IRUKU | ETS2 LIVE #setc #live,"🔥VOLVO 9600 BIGGEST SLEEPER BUS| CONVOY 4 BUS HIGHWAY DRIVE🚌| SEMA FUN IRUKU | ETS2 LIVE #setc #live
#ETS2 #ETS2Live #Volvo9600 #BusDriving #BusConvoy #ETS2Multiplayer #TamilanTravels #HighwayDriving #SleeperBus #ETS2Gameplay #TamilGaming #BusSimulator #GamingLive #ConvoyDrive #TamilGaming #TamilGamer #TamilLive #GamingLive #ThamizhanTravels 

🔥VOLVO 9600 BIGGEST SLEEPER BUS | CONVOY 4 BUS HIGHWAY DRIVE🚌 | SEMA FUN IRUKU | ETS2 LIVE #setc #live

-------------------------------------------------------------------------------------------------------------------------
My Instagram ID: https://www.instagram.com/thamizhantravels_official
-------------------------------------------------------------------------------------------------------------------------

🔥 Welcome to Tamizhan Travels! 🔥

Today we are going for a super-fun Euro Truck Simulator 2 (ETS2) bus driving journey! 🚌💨

🚌 Volvo 9600 Luxury Sleeper Bus
🚍 4 Bus Convoy Drive
🛣️ Full Highway Driving
😂 Semma Fun + Crazy Moments
🔥 Multiplayer Convoy
🎮 ETS2 Live Gameplay

Makkale, innaikku namma 4 buses-la highway-la semma fun-a drive panna porom! 😍🔥

❤️ Like | 👍 Share | 🔔 Subscribe

Vanga Makkale… Ellarum serndhu trip polam! 🚌💨🔥


--------------------------------------------------------------------------------------------------------------------------
😊My SYSTEM Specifications😊 
   -16GB RAM
   -INTEL I5 12th Gen Processor
   -Nvidia GeForce 1650 Graphics Card
   -512GB SSD
-------------------------------------------------------------------------------------------------------------------------

Disclaimer - Video is for Entertainment purpose Only. Copyright Disclaimer Under Section 107 of the Copyright Act 1976, allowance is made for ""fair use"" for purposes such as criticism, comment, news reporting, teaching, scholarship, and research. Fair use is a use permitted by copyright statute that might otherwise be infringing.",2026-09-26T16:04:25Z,2026-09-26T16:04:25Z,reject,missing_group:electric_bus,1,transport_impact,0,search,e-bus,,,,,,2026-09-27T16:01:29.869389+07:00
youtube,P_nBOmnLr7g,https://www.youtube.com/watch?v=P_nBOmnLr7g,Xe buýt Hà Nội tuyến 53A: Hoàng Quốc Việt - Đông Anh ,"Xe buýt Hà Nội tuyến 53A: Hoàng Quốc Việt - Đông Anh 
LỘ TRÌNH
+) Lộ trình chiều đi: Hoàng Quốc Việt (Điểm đỗ xe buýt Hoàng Quốc Việt) - Hoàng Quốc Việt - quay đầu tại ngã ba Hoàng Quốc Việt, Phạm Tuấn Tài - Hoàng Quốc Việt - Điểm trung chuyển xe buýt Hoàng Quốc Việt - Hoàng Quốc Việt - Phạm Văn Đồng - Cầu Thăng Long - Võ Văn Kiệt - Quốc lộ 23 - Cầu tránh Vân Trì - Quốc lộ 23 - Đường Cao Lỗ - Thị trấn Đông Anh (Ngã 3 xay xát Đông Quan).

+) Lộ trình chiều về: Thị trấn Đông Anh (Ngã 3 xay xát Đông Quan) - Đường Cao Lỗ - Quốc lộ 23 - Cầu tránh Vân Trì - Ngã 3 Vân Trì - Quốc lộ 23 - Cầu vượt ngã tư Nam Hồng - quay đầu tại đảo tròn phía Mê Linh - Quốc lộ 23 - Võ Văn Kiệt - Cầu Thăng Long - Phạm Văn Đồng - Hoàng Quốc Việt - Hoàng Quốc Việt (Điểm đỗ xe buýt Hoàng Quốc Việt).

+) Đơn vị vận hành: XN xe buýt 10 - 10 Hà Nội (Transerco).
+) Tần suất xe chạy: 20 - 21 - 22 - 23 - 24 phút/chuyến.
+) Thời gian hoạt động: 5h00 - 20h35.
+) Giá vé: 10000đ/lượt.",2026-08-07T10:02:15Z,2026-08-07T10:02:15Z,reject,missing_group:electric_bus,1,"transport_impact,hanoi_location",0,search,điểm dừng xe buýt điện,,,,,,2026-09-26T21:07:53.518395+07:00
youtube,PiMjfjKnMhk,https://www.youtube.com/watch?v=PiMjfjKnMhk,"🚍Trải nghiệm đi xe Bus 172, tuyến từ Bến Thành - Bến xe Vũng Tàu! Quá tuyệt vời!!! ➡️","🚍Trải nghiệm đi xe Bus 172, tuyến từ Bến Thành - Bến xe Vũng Tàu! Quá tuyệt vời!!! ➡️
🚍Trải nghiệm đi xe Bus 172, tuyến từ Bến Thành - Bến xe Vũng Tàu! Quá tuyệt vời!!! ➡️Vé lượt: 110.000 VNĐ nếu đi toàn tuyến.

⏰THỜI GIAN HOẠT ĐỘNG: 4h00-21h30
⏰THỜI GIAN HÀNH TRÌNH: 150-180 phút (tuỳ vào mật độ giao thông,thời tiết)
* GIÃN CÁCH CHUYẾN: 10-80 phút/chuyến
* SỐ CHUYẾN: 30-48 chuyến/ngày
* CỰ LY TUYẾN: 97,00 km

*SỐ CHỖ TRÊN XE: 40 chỗ (tính luôn cả chỗ ngồi và chỗ đứng)

#xebuyt172 #bus172 #bariavungtau #saigon #thanhtuanmedical",2026-08-05T14:59:14Z,2026-08-05T14:59:14Z,reject,missing_group:electric_bus,1,transport_impact,0,search,trải nghiệm xe buýt điện,,,,,,2026-09-26T21:08:21.204907+07:00
youtube,PmzZ39aEl2Y,https://www.youtube.com/watch?v=PmzZ39aEl2Y,Tuyến 93: Bến Thành 🔁 Bến xe Miền Đông mới.     Đơn vị: Công Ty TNHH Vận tải Sinh Thái VinBus,Tuyến 93: Bến Thành 🔁 Bến xe Miền Đông mới.     Đơn vị: Công Ty TNHH Vận tải Sinh Thái VinBus,2026-08-08T13:11:50Z,2026-08-08T13:11:50Z,accept,electric_bus,1,"transport_impact,electric_bus",0,search,VinBus,,,,,,2026-09-26T21:05:00.660417+07:00
youtube,Pnh0dvZK5L0,https://www.youtube.com/watch?v=Pnh0dvZK5L0,Trải nghiệm lần đầu tiên đi Tàu Điện ở Việt Nam,Trải nghiệm lần đầu tiên đi Tàu Điện ở Việt Nam,2026-09-06T15:32:21Z,2026-09-06T15:32:21Z,reject,missing_group:electric_bus,1,transport_impact,0,search,xe điện công cộng,,,,,,2026-09-26T21:05:52.302453+07:00
youtube,PpkRLP7bc30,https://www.youtube.com/watch?v=PpkRLP7bc30,Ayaa Vin 💥 Athiradi Speech 🥵 Free Bus 🚌 Controversy ❓ #tvk #cm #shorts,"Ayaa Vin 💥 Athiradi Speech 🥵 Free Bus 🚌 Controversy ❓ #tvk #cm #shorts
free bus controversy 
#shorts #tvk #tvktroll #vijay #public #trending",2026-08-30T13:55:51Z,2026-08-30T13:55:51Z,reject,missing_group:electric_bus,1,transport_impact,0,search,Vin Bus,,,,,,2026-09-26T21:05:24.246257+07:00
youtube,PrD10ekyA2U,https://www.youtube.com/watch?v=PrD10ekyA2U,nih ada 3 bus yg kaya 🗿,nih ada 3 bus yg kaya 🗿,2026-09-27T10:13:58Z,2026-09-27T10:13:58Z,reject,missing_group:electric_bus,1,transport_impact,0,search,e-bus,,,,,,2026-09-27T18:01:57.576531+07:00
youtube,PueZ5PZLr28,https://www.youtube.com/watch?v=PueZ5PZLr28,"Bí thư Trần Lưu Quang: TPHCM không cấm xe xăng, ưu tiên mở rộng giao thông công cộng","Bí thư Trần Lưu Quang: TPHCM không cấm xe xăng, ưu tiên mở rộng giao thông công cộng
🏙️ LƯỢN LỜ PHỐ – TIN TỨC & NHỊP SỐNG ĐƯỜNG PHỐ / Bí thư Trần Lưu Quang: TPHCM không cấm xe xăng, ưu tiên mở rộng giao thông công cộng 
 (Lượn Lờ Phố) - Trả lời cử tri, Bí thư TPHCM Trần Lưu Quang khẳng định thành phố không cấm xe xăng mà sẽ dùng các chính sách hỗ trợ tài chính để khuyến khích người dân chuyển đổi sang xe điện, đồng thời đẩy mạnh giao thông công cộng để giải quyết nạn kẹt xe. Chiều 24/9, Bí thư Thành ủy TPHCM Trần Lưu Quang cùng Tổ đại biểu Quốc hội TPHCM (đơn vị số 6) có buổi tiếp xúc gần 1.350 cử tri trước kỳ họp thứ 2, Quốc hội khóa XVI. Tại hội nghị, cử tri các phường bày tỏ sự quan tâm tới việc thực thi Luật Phát triển đô thị, tình hình phát triển kinh tế - xã hội của TPHCM và các vấn đề ảnh hưởng trực tiếp đến đời sống. Bí thư Thành ủy TPHCM Trần Lưu Quang tại buổi tiếp xúc cử tri (Ảnh: Q.Huy). Cử tri Phan Thị Ngọc Hương, phường Diên Hồng, phản ánh thời gian gần đây, tình trạng kẹt xe có dấu hiệu ""tái phát"" và ""lan rộng"" từ cửa ngõ vào các tuyến đường huyết mạch nội thành. ""Phường Diên Hồng có đường Ba Tháng Hai, vòng xoay Điện Biên Phủ. Chúng tôi mong các vị đại biểu Quốc hội, lãnh đạo thành phố 

---
Video được tổng hợp và sản xuất by http://youtube.com/@LuonLoPho 
 Chào mừng bạn đến với **Đi cùng Lượn lờ Phố xem có gì mới có gì hot** – nơi cập nhật những **tin tức mới, câu chuyện đáng chú ý và những khoảnh khắc đời thường** đang diễn ra trong cuộc sống.
 
 📌 **Nội dung trên kênh:**
 * 📰 Tin tức mới và các sự kiện đáng chú ý
 * 🇻🇳 Tin tức trong nước
 * 🌎 Tin tức quốc tế
 * 🚦 Giao thông & tình hình đường phố
 * 🏙️ Đời sống, văn hóa và xã hội
 * 🍜 Ẩm thực, địa điểm và những góc phố thú vị
 * 🎥 Những câu chuyện, hình ảnh đáng chú ý được cập nhật liên tục
 
 🔔 **Đăng ký Lượn Lờ Phố** để không bỏ lỡ những thông tin mới và cùng chúng tôi khám phá cuộc sống qua từng con phố. 
 ⚠️ **Lưu ý:** Nội dung được tổng hợp, biên tập và trình bày nhằm cung cấp thông tin đến người xem. Các thông tin quan trọng có thể được cập nhật hoặc thay đổi theo diễn biến thực tế. 
 💬 Hãy **Like 👍 – Bình luận 💬 – Chia sẻ 🔄 – Đăng ký kênh 🔔** để ủng hộ Lượn Lờ Phố. 
 #LượnLờPhố #TinTức #TinMới #TinNóng #TinTrongNước #TinThếGiới #ĐờiSống #ĐườngPhố #LượnPhố #VicViet",2026-09-24T10:26:37Z,2026-09-24T10:26:37Z,reject,missing_group:electric_bus,1,transport_impact,1,search,xe điện công cộng,,,,,,2026-09-26T21:05:52.231314+07:00
youtube,PxsyGW4UPP4,https://www.youtube.com/watch?v=PxsyGW4UPP4,🎬 SERIES KHÁM PHÁ XE BUÝT ĐIỆN 2 TẦNG ZHONGTONG N11D | TẬP 03 ,"🎬 SERIES KHÁM PHÁ XE BUÝT ĐIỆN 2 TẦNG ZHONGTONG N11D | TẬP 03 
🎬 SERIES KHÁM PHÁ XE BUÝT ĐIỆN 2 TẦNG ZHONGTONG N11D | TẬP 03 🚍

✨ TRẢI NGHIỆM THỰC TẾ – CHUYẾN XE ĐẦU TIÊN ĐÓN HÀNH KHÁCH KHÁM PHÁ THÀNH PHỐ

Sau khi khám phá thiết kế và nội thất ở những tập trước, Tập 03 sẽ đưa quý vị theo chân những hành khách đầu tiên trải nghiệm xe buýt điện 2 tầng trên hành trình ngắm nhìn thành phố từ một góc độ hoàn toàn mới.

🌆 Với tầm nhìn panorama 360° từ tầng 2, hành khách có thể dễ dàng thu trọn những tuyến phố sôi động, các công trình kiến trúc nổi bật và vẻ đẹp của thành phố vào trong tầm mắt. Không gian mở cùng góc quan sát rộng mang đến cảm giác thư thái, thích thú và những trải nghiệm check-in ấn tượng trên suốt hành trình.

⚡ Điều khiến nhiều hành khách bất ngờ chính là khả năng vận hành êm ái, không tiếng động cơ ồn ào, không khói bụi hay khí thải, mỗi chuyến đi trở nên nhẹ nhàng và dễ chịu hơn. Hành khách có thể thoải mái trò chuyện, ngắm cảnh, chụp ảnh và tận hưởng trọn vẹn không gian thành phố theo một cách rất khác.

💚 Sự kết hợp giữa công nghệ xe buýt điện hiện đại và trải nghiệm ngắm cảnh panorama độc đáo đã tạo nên một hành trình không chỉ để di chuyển mà còn để tận hưởng, khám phá và cảm nhận vẻ đẹp của đô thị theo hướng xanh hơn, văn minh hơn.

📺 Hãy cùng Long Giang trải nghiệm chuyến xe đầu tiên và cảm nhận sức hút của xe buýt điện 2 tầng trên những cung đường đẹp nhất thành phố Hà Nội Quý vị nhé ❤️❤️❤️

📍 Showroom: 3–5 Nguyễn Văn Linh, phường Việt Hưng, Hà Nội
☎ Hotline: 0922 73 1919

#LongGiangCorp #ZhongtongN11D #XeBuytDien #XeBuytDien2Tang #CityTour #Panorama360 #GiaoThongXanh #ElectricBus #GreenMobility #TraiNghiemThucTe",2026-09-14T04:05:54Z,2026-09-14T04:05:54Z,accept,electric_bus,1,"transport_impact,hanoi_location,electric_bus",0,search,xe buýt điện,,,,,,2026-09-26T20:49:38.537370+07:00
youtube,Q02Yzfvvc-Y,https://www.youtube.com/watch?v=Q02Yzfvvc-Y,Sạc xe điện trong 4 phút – chuyện tưởng như viễn tưởng nay đã thành hiện thực?,Sạc xe điện trong 4 phút – chuyện tưởng như viễn tưởng nay đã thành hiện thực?,2026-09-25T14:00:28Z,2026-09-25T14:00:28Z,reject,missing_group:electric_bus,1,transport_impact,0,search,bus dien,,,,,,2026-09-26T23:02:57.365288+07:00
youtube,Q2S0pz27Mxk,https://www.youtube.com/watch?v=Q2S0pz27Mxk,"REVIEW XE ĐIỆN: Trải Nghiệm Thực Tế Nội Thất, Công Nghệ &amp; Khả Năng Vận Hành | Có Đáng Mua? #xedien","REVIEW XE ĐIỆN: Trải Nghiệm Thực Tế Nội Thất, Công Nghệ &amp; Khả Năng Vận Hành | Có Đáng Mua? #xedien
🚗 REVIEW XE ĐIỆN – TRẢI NGHIỆM THỰC TẾ

Trong video này, cùng khám phá một mẫu ô tô điện hiện đại từ ngoại thất đến khoang nội thất. Video tập trung vào trải nghiệm thực tế của người lái, thiết kế cabin, vô-lăng, màn hình trung tâm, không gian sử dụng và những công nghệ đáng chú ý trên xe.

⚡ Những nội dung chính:
• Trải nghiệm ngoại thất và quá trình sạc xe
• Khám phá khoang lái và nội thất
• Màn hình trung tâm và các tính năng công nghệ
• Cảm nhận thực tế khi ngồi ở vị trí người lái
• Những ưu điểm và điểm cần lưu ý khi sử dụng xe điện
• Góc nhìn thực tế: mẫu xe này có phù hợp với nhu cầu sử dụng hằng ngày?

Nếu bạn đang quan tâm đến xe điện, ô tô đô thị và công nghệ ô tô, hãy xem hết video để có thêm góc nhìn trước khi lựa chọn.

👍 Đừng quên Like, Subscribe và bật chuông 🔔 để theo dõi những video review xe mới nhất!

#ReviewXe #XeDien #OToDien #CarReview #OtoVietNam",2026-09-26T12:30:29Z,2026-09-26T12:30:29Z,reject,missing_group:electric_bus,1,transport_impact,0,search,review bus điện,,,,,,2026-09-26T21:08:04.172158+07:00
youtube,Q720yJXBAl4,https://www.youtube.com/watch?v=Q720yJXBAl4,Trạm Sạc Xe Điện Quá Tải – Người Đi Xe Điện Đang Chịu Cảnh Xếp Hàng Khổ Sở ?,"Trạm Sạc Xe Điện Quá Tải – Người Đi Xe Điện Đang Chịu Cảnh Xếp Hàng Khổ Sở ?
Xe điện đang ngày càng phổ biến, kéo theo nhu cầu sử dụng trạm sạc xe điện tăng mạnh. Thế nhưng khi số lượng xe cùng lúc tăng cao, một vấn đề bắt đầu được nhiều người quan tâm: trạm sạc có đủ để đáp ứng nhu cầu hay không?

Xe còn 12% pin, tài xế tìm được trạm sạc và tưởng rằng chỉ cần cắm điện, chờ một lúc là có thể tiếp tục hành trình. Nhưng nếu trước mặt đã có hàng loạt xe đang chờ, thời gian sạc không còn đơn giản là vài chục phút. Xếp hàng, chờ đến lượt, tìm trạm khác hoặc phải thay đổi lịch trình đều có thể trở thành những bất tiện thực tế đối với người sử dụng xe điện.

Vậy tình trạng trạm sạc quá tải xuất phát từ đâu? Số lượng xe điện tăng nhanh, tốc độ phát triển hạ tầng sạc hay việc phân bổ trạm sạc chưa đồng đều đang tạo ra áp lực lớn hơn?

Trong video này, chúng ta sẽ cùng phân tích hạ tầng trạm sạc xe điện, nhu cầu sạc, tình trạng quá tải, thời gian chờ, trạm sạc công cộng và những bất tiện mà người sử dụng xe điện có thể gặp phải trong thực tế.

Đặc biệt, nếu xe điện tiếp tục tăng nhanh trong những năm tới, bài toán không chỉ nằm ở việc có bao nhiêu chiếc xe được bán ra, mà còn là hệ thống trạm sạc có đủ nhanh và đủ rộng để phục vụ tất cả những chiếc xe đó hay không.
THEO DÕI CHÚNG TÔI:
————————————
■ Đăng ký kênh: https://bit.ly/31Mmz13
■ Follow Tiktok: https://www.tiktok.com/@vuatinnhanh
■ Nghe Podcast Spotify:https://open.spotify.com/show/033zlbjFFXewl52BxHQAuw

MIỄN TRỪ TRÁCH NHIỆM (DISCLAIMER)

Nội dung trong video này được đội ngũ Vựa Tin tổng hợp, phân tích và bình luận dựa trên các nguồn thông tin công khai, báo chí, dữ liệu tham khảo cùng góc nhìn cá nhân tại thời điểm thực hiện.

Video mang tính chất thông tin, phân tích xã hội và cung cấp góc nhìn đa chiều nhằm phục vụ mục đích tham khảo, giáo dục và giải trí. Các nội dung sử dụng yếu tố trào phúng, châm biếm, ví von đời thường để tăng tính truyền tải, không nhằm công kích, quy chụp hay xúc phạm bất kỳ tổ chức hoặc cá nhân nào.

Vựa Tin không khẳng định mọi thông tin trong video là tuyệt đối chính xác ở mọi thời điểm, đồng thời không chịu trách nhiệm đối với các quyết định, hành động hoặc hệ quả phát sinh từ việc người xem sử dụng thông tin trong nội dung này. Người xem được khuyến khích chủ động kiểm chứng thông tin từ nhiều nguồn chính thống trước khi đưa ra nhận định hoặc quyết định cá nhân.

Mọi hình ảnh minh họa, nhân vật hoặc tình huống xuất hiện trong video (nếu có) đều mang tính chất minh họa, phục vụ cho mục đích kể chuyện, phân tích và bình luận xã hội.

Nếu có bất kỳ vấn đề liên quan đến bản quyền, nội dung hoặc thông tin cần điều chỉnh, vui lòng liên hệ trực tiếp với kênh(Email: info.vuatin@gmail.com) để được hỗ trợ xử lý nhanh chóng và thiện chí.


#vuatin #tintuc #tinmoimoingay #TramSacXeDien #XeDien #SacXeDien #OToDien #HaTangXeDien #TramSac #XeDienVietNam #ThiTruongXeDien #VuaTin",2026-09-18T04:00:05Z,2026-09-18T04:00:05Z,reject,missing_group:electric_bus,1,transport_impact,0,search,xe điện công cộng,,,,,,2026-09-26T21:05:52.267248+07:00
youtube,Q9yuLpudu6Q,https://www.youtube.com/watch?v=Q9yuLpudu6Q,Siêu Cấp Binh Vương Tái Xuất | Full Tập Dài 10 Tiếng 01 - 94 | ChipChip Review,"Siêu Cấp Binh Vương Tái Xuất | Full Tập Dài 10 Tiếng 01 - 94 | ChipChip Review
ChipChip Review xin chào các bạn. 
các bạn đang xem bộ phim : Siêu Cấp Binh Vương Tái Xuất | Full Tập Dài 10 Tiếng 01 - 94 | ChipChip Review

© Copyright by chipchip review - Do not reup!!!
© All Music , Pictures, Videos and Sounds That Appear In This Video Are Owned By Their Respective Owners
© Copyright Disclaimer, Under Section 107 of the Copyright Act 1976, allowance is made for 'fair use' for purposes such as criticism, comment, news reporting, teaching, scholarship, and research. Fair use is a use permitted by copyright statute that might otherwise be infringing. Non-profit, educational or personal use tips the balance in favor of fair use.
© This content is purely for entertainment purposes. We aim to provide a relaxing experience and do not endorse any specific political or social viewpoints.
© This video uses AI technology to tell a story/illustration and does not represent or simulate any individual or organization.

#chipchipreview #hoathinhtrungquoc #hoahinhgau
#hoathinh2d
#sieucapdacchung
#binhvuong
#Dacchungbinh
#bodoi",2026-09-09T03:55:03Z,2026-09-09T03:55:03Z,reject,missing_group:electric_bus,1,transport_impact,0,search,đánh giá xe buýt điện,,,,,,2026-09-26T21:08:38.248823+07:00
youtube,QI1E57Y2USI,https://www.youtube.com/watch?v=QI1E57Y2USI,Mod skin VinBus Bsu,"Mod skin VinBus Bsu
skin by me 
link : trên fb",2026-09-20T08:56:45Z,2026-09-20T08:56:45Z,accept,electric_bus,1,electric_bus,0,search,VinBus,,,,,,2026-09-26T21:02:35.696610+07:00
youtube,QLynhFBWnHg,https://www.youtube.com/watch?v=QLynhFBWnHg,Here is the 436 Falcon Electric bus in Woking Saturday 26 September 2026,Here is the 436 Falcon Electric bus in Woking Saturday 26 September 2026,2026-09-26T21:02:41Z,2026-09-26T21:02:41Z,reject,not_vietnam,1,"transport_impact,electric_bus",0,search,electric bus,,,,,,2026-09-27T16:04:41.914253+07:00
youtube,QVeyh9gFaC4,https://www.youtube.com/watch?v=QVeyh9gFaC4,bhavnagr e-bus 🌍 #funny #comedy 💌💌,bhavnagr e-bus 🌍 #funny #comedy 💌💌,2026-09-26T12:05:17Z,2026-09-26T12:05:17Z,reject,not_vietnam,1,"transport_impact,electric_bus",0,search,e-bus,,,,,,2026-09-26T20:57:38.752537+07:00
youtube,QYhIlEc4Tpk,https://www.youtube.com/watch?v=QYhIlEc4Tpk,tàu điện trên không,tàu điện trên không,2026-09-01T02:51:04Z,2026-09-01T02:51:04Z,reject,missing_group:electric_bus,1,,0,search,xe điện công cộng,,,,,,2026-09-26T21:05:52.338606+07:00
youtube,Q_B7wOr-kmI,https://www.youtube.com/watch?v=Q_B7wOr-kmI,MP DIARY:PM E-BUS SERVICE l मुख्यमंत्री सुगम परिवहन सेवा का शुभारंभ l CM Mohan Yadav #MadhyaPradesh ,"MP DIARY:PM E-BUS SERVICE l मुख्यमंत्री सुगम परिवहन सेवा का शुभारंभ l CM Mohan Yadav #MadhyaPradesh 
MP Bus Sewa : MP में मुख्यमंत्री सुगम परिवहन सेवा का शुभारंभ ...7 शहरों के लिए 351 बसों को किया गया रवाना | Mohan Yadav | News State Live TV | News Nation | Hindi News | 'न्यूज़ स्टेट' लाइव

#busservice #madhyapradesh #mpnews #cmohanyadav #mohanyadav #publictransport #transportservice #mpgovernment #busserviceinmp #madhyapradeshnews #transportnews #governmentinitiative #breakingnews #latestnews #tanishka


Download the News Nation App: 

For iOS : 
https://apps.apple.com/in/app/news-nation-tv/id6747075587

For Android :  

https://play.google.com/store/apps/details?id=com.newsnationandroid.app


मध्य प्रदेश और छत्तीसगढ का 'न्यूज़ स्टेट' सर्वश्रेष्ठ हिंदी न्‍यूज चैनल है । 'न्यूज़ स्टेट' न्‍यूज चैनल राजनीति, मनोरंजन, बॉलीवुड, व्यापार और खेल में नवीनतम समाचारों को शामिल करता है। 'न्यूज़ स्टेट' न्‍यूज चैनल की लाइव खबरें एवं ब्रेकिंग न्यूज के लिए बने रहें । 

मध्य प्रदेश और छत्तीसगढ, के लिए जुड़े 'न्यूज़ स्टेट' के साथ सबसे पहले सबसे सटीक 'न्यूज़ स्टेट'

 
--------------------------------------------------------------------------------------------------------------------

Madhya Pradesh And Chhattisgarh On News State Hindi News Channel. News State news channel covers the latest news in politics, entertainment, Bollywood, business and sports. Stay tuned for all the breaking news in Hindi.

Follow the News Nation channel on WhatsApp: 
https://whatsapp.com/channel/0029VaeXoBTLCoWwhEBhYE10

Subscribe us on YouTube Channel: https://www.youtube.com/NewsNationTV
Get More Cricket Updates on: 
https://www.youtube.com/@nnsports240
Get More Uttar Pradesh News Updates on: https://www.youtube.com/channel/UCeNP3dAy9_A32IWYZq_PZMQ
Get More Madhya Pradesh News Updates on: https://www.youtube.com/channel/UCV8uDD-i5zBnwdyHYRHjlEg
Get More Bihar News Updates on: https://www.youtube.com/channel/UCeakusYUcg1anDlj6psubqA

Subscribe to News State YouTube Channel: https://bit.ly/2YbIEZg

------------------------------------------------------------------------------------------

*Visit News Nation website* : https://www.newsnationtv.com/

Follow us on Twitter: https://x.com/NewsStateMPCG

Get More Updates on: https://www.newsnationtv.com/states/madhya-pradesh
                                       https://www.newsnationtv.com/states/Chhattisgarh",2026-09-25T18:31:25Z,2026-09-25T18:31:25Z,reject,not_vietnam,1,"transport_impact,electric_bus",0,search,e-bus,,,,,,2026-09-26T20:58:28.139605+07:00
youtube,Qfdwcn7j30w,https://www.youtube.com/watch?v=Qfdwcn7j30w,MBTA battery electric buses #4214 and 4211,"MBTA battery electric buses #4214 and 4211
these are some of the newer buses in the mbta fleet these are 2024 New Flyer XE40 buses numbers 4214 and 4211 bus 4211 is operating the 64 route inbound going to oak square and 4211 is operating the 64 route going outbound to Kendall/MIT station The T does have multiple garages with these buses thee buses aren't one of my favorites at all but they are a quiet ride and has a left side door

taken on September 18th 2026",2026-09-26T23:47:39Z,2026-09-26T23:47:39Z,reject,missing_group:electric_bus,1,transport_impact,0,search,electric bus,,,,,,2026-09-27T16:04:41.913051+07:00
youtube,QgHhnxKFrQs,https://www.youtube.com/watch?v=QgHhnxKFrQs,"🔥 REVIEW XE MÁY ĐIỆN JVC VERAS 2026 | Thiết Kế Vespa Sang Trọng, Hiện Đại | Xe Điện Việt Cường","🔥 REVIEW XE MÁY ĐIỆN JVC VERAS 2026 | Thiết Kế Vespa Sang Trọng, Hiện Đại | Xe Điện Việt Cường
🚀 JVC VERAS 2026 – MẪU XE MÁY ĐIỆN MANG PHONG CÁCH VESPA THANH LỊCH!

Trong video hôm nay, Xe Điện Việt Cường sẽ cùng bạn khám phá chi tiết xe máy điện JVC Veras 2026 – mẫu xe nổi bật với thiết kế lấy cảm hứng từ phong cách Vespa, kiểu dáng thanh lịch, hiện đại và phù hợp với nhu cầu di chuyển hằng ngày.

🔎 Cùng xem video để khám phá:
✅ Thiết kế tổng thể JVC Veras 2026
✅ Chi tiết phần đầu xe, đèn và mặt đồng hồ
✅ Thiết kế thân xe và yên xe
✅ Động cơ điện và khả năng vận hành
✅ Hệ thống bánh, phanh và giảm xóc
✅ Các tiện ích trên xe
✅ Trải nghiệm thực tế và đánh giá tổng quan

✨ JVC Veras hướng tới khách hàng yêu thích một mẫu xe điện có ngoại hình thời trang, thanh lịch nhưng vẫn tiện dụng cho việc đi học, đi làm và di chuyển trong đô thị.

📍 XEM XE TRỰC TIẾP TẠI:
XE ĐIỆN VIỆT CƯỜNG
🏠 260 Đường Lĩnh Nam, Hoàng Mai, Hà Nội
📞 Hotline/Zalo: 0975 435 452

🚚 Hỗ trợ tư vấn và giao xe tận nơi.

👉 Nếu bạn đang quan tâm xe máy điện JVC Veras 2026, hãy xem hết video và để lại bình luận để được tư vấn chi tiết!

🔔 Đừng quên LIKE – ĐĂNG KÝ KÊNH – BẬT CHUÔNG để cập nhật những mẫu xe điện mới nhất.
#JVCVeras2026 #JVCVeras #XeMayDienJVC #XeDienJVC #XeMayDien #XeDienVietCuong #XeMayDienVespa #XeVespaDien #XeDienHaNoi #XeMayDienHaNoi",2026-09-23T12:00:31Z,2026-09-23T12:00:31Z,reject,missing_group:electric_bus,1,"transport_impact,hanoi_location",0,search,review bus điện,,,,,,2026-09-26T21:08:04.329059+07:00
youtube,QrOPfozsRdI,https://www.youtube.com/watch?v=QrOPfozsRdI,Trãi nghiệm xe buýt Vinbus ờ Phú Quốc Miễn Phí cùng con Chung Ngân Hà 15-08-2026,Trãi nghiệm xe buýt Vinbus ờ Phú Quốc Miễn Phí cùng con Chung Ngân Hà 15-08-2026,2026-08-15T12:41:38Z,2026-08-15T12:41:38Z,accept,electric_bus,1,"transport_impact,electric_bus",0,search,VinBus,,,,,,2026-09-26T21:04:40.935043+07:00
youtube,R-DdF7b8FM0,https://www.youtube.com/watch?v=R-DdF7b8FM0,Hành Trình Đăng Đi Xe Bus Điện Phương Trang Số 70 Đi Từ Bến Súc Đến Tân Quy Củ Chi,"Hành Trình Đăng Đi Xe Bus Điện Phương Trang Số 70 Đi Từ Bến Súc Đến Tân Quy Củ Chi
Hành Trình Đăng Đi Xe Bus Điện Phương Trang Số 70 Đi Từ Bến Súc Đến Tân Quy Củ Chi
@utlieufamily9680",2026-09-17T12:15:24Z,2026-09-17T12:15:24Z,accept,electric_bus,1,"transport_impact,electric_bus",0,search,xe buýt điện,,,,,,2026-09-26T20:49:35.270826+07:00
youtube,R6hgTfYAbJY,https://www.youtube.com/watch?v=R6hgTfYAbJY,Xe vinfast Điện Phiên Bản Limousine ^^,"Xe vinfast Điện Phiên Bản Limousine ^^
SỰ XA HOA BƯỚC VÀO ""KỶ NGUYÊN XANH"" 🌱
Cú ""chấn động"" nào đang được ấp ủ tại DCar Limousine?
DCar Limousine chính thức bước vào kỷ nguyên xanh, nơi trải nghiệm khoang nội thất đẳng cấp hòa quyện cùng xu hướng di chuyển bền vững. Xanh hơn, êm ái tuyệt đối và vô cùng sang trọng!
Siêu phẩm xe điện Limousine đầu tiên sắp bùng nổ! Bạn có mong chờ bước ngoặt này?
--------------------------
DCAR - THẾ GIỚI LIMOUSINE
🏫112 Trần Hưng Đạo, Phường Bến Thành, TP. Hồ Chí Minh.
🏫 Lô D3 - D4, KCN Đài Tư, Số 386 Đường Nguyễn Văn Linh, Phường Phúc Lợi, Hà Nội.
☎️ 0973542254",2026-09-05T06:26:49Z,2026-09-05T06:26:49Z,reject,missing_group:electric_bus,1,"transport_impact,hanoi_location",1,search,xe bus điện,,,,,,2026-09-26T20:52:27.192390+07:00
youtube,RBiyKnMPsVg,https://www.youtube.com/watch?v=RBiyKnMPsVg,Tin sốc #vinbus #ngayquockhanh #2/9 #thanhhuu,"Tin sốc #vinbus #ngayquockhanh #2/9 #thanhhuu
Tin sốc #vinbus #ngayquockhanh #2/9 #thanhhuu",2026-08-29T14:06:24Z,2026-08-29T14:06:24Z,accept,electric_bus,1,electric_bus,0,search,VinBus,,,,,,2026-09-26T21:03:50.926988+07:00
youtube,RCzOSKARWy4,https://www.youtube.com/watch?v=RCzOSKARWy4,MP Electric Bus: 20 साल बाद MP में सरकारी बसों की वापसी! 351 Electric Bus को हरी झंडी,"MP Electric Bus: 20 साल बाद MP में सरकारी बसों की वापसी! 351 Electric Bus को हरी झंडी
MP Electric Bus: 20 साल बाद MP में सरकारी बसों की वापसी! 351 Electric Bus को हरी झंडी

#salilsandeshdigital #topnews #viralnews

Salil Sandesh Digital – UP, MP, National, Politics, Crime और Viral News की तेज़ और सटीक अपडेट्स, साथ में Ground Reports

👉 Latest खबरों के लिए अभी Subscribe करें

🔔 Follow Us:
Facebook | Instagram | X | Telegram

🌐 Visit Website:
https://salilsandesh.com/

▶️ YouTube:
https://www.youtube.com/@salilsandeshdigital",2026-09-25T15:30:06Z,2026-09-25T15:30:06Z,reject,not_vietnam,1,"transport_impact,electric_bus",0,search,electric bus,,,,,,2026-09-26T20:57:07.096613+07:00
youtube,RDX3cxvZKIQ,https://www.youtube.com/watch?v=RDX3cxvZKIQ,"VF Wild đây rồi - Bán tải VinFast cầu trước 799 triệu, máy cả xăng cả điện, khung liền như SUV","VF Wild đây rồi - Bán tải VinFast cầu trước 799 triệu, máy cả xăng cả điện, khung liền như SUV",2026-09-22T05:24:20Z,2026-09-22T05:24:20Z,reject,missing_group:electric_bus,1,,0,search,review bus điện,,,,,,2026-09-26T21:08:04.404058+07:00
youtube,RLEdADsZ_iI,https://www.youtube.com/watch?v=RLEdADsZ_iI,TheBus Episode 59! EBUS 2.2 DLC ! 4K resolution,"TheBus Episode 59! EBUS 2.2 DLC ! 4K resolution
The Bus is a city bus driving simulation game set in a 1:1 scale recreation of Berlin. Players can drive different buses on various routes, manage their fleet, and transport passengers while experiencing dynamic weather, changing times of day, and realistic traffic AI. The game also features modding support, allowing players to customize buses and create new content.  

#The Bus, #TheBusgameplay, #videotrending, #Berlin, #Manbus, #Scania, #Berlinbustrip, #VDL, #Pcgameplay, #trending, #trendingvideo, #coolvideo, #letsplay, #HORITruckControlSystem, #4kresolution, #4kresolutiongameplay, #TML, #TMLStudios #HalyconMedia

Like, share, comment, subscribe!

Tiktok channel: https://www.tiktok.com/@crazychild2220?is_from_webapp=1&sender_device=pc

PC specs:
Motherboard: Asus Tuf Gaming Z790 Plus WIFI
DDRam: CORSAIR VENGEANCE RGB DDR5 RAM 32GB (2x16GB) 6000MHz CL36 Intel XMP 
CPU: Intel I9 13900 KS
GPU: Gigabyte GeForce RTX 5090 GAMING OC 32G  
Cpu cooler: Corsair iCUE LINK TITAN 360 RX RGB Liquid CPU Cooler – 360mm AIO 
PSU: Corsair AX1600i Digital 80 PLUS TITANIUM Full Modular ATX Power Supply Unit  
Wheel controler: HORI Truck Control System",2026-09-25T17:00:25Z,2026-09-25T17:00:25Z,reject,not_vietnam,1,"transport_impact,electric_bus",0,search,e-bus,,,,,,2026-09-26T20:58:34.695870+07:00
youtube,Rf4fRimuzEk,https://www.youtube.com/watch?v=Rf4fRimuzEk,Chamba Ki First Electric Bus! 🚌⚡ #shorts #hrtc #electricbus #experience #youtubeshorts,"Chamba Ki First Electric Bus! 🚌⚡ #shorts #hrtc #electricbus #experience #youtubeshorts
Chamba Ki First Electric Bus! 🚌⚡

Chamba mein electric buses ki shuruaat hui hai aur ab kai routes ke saath Chamba–Khajjiar route par bhi electric bus chal rahi hai. Isliye aaj maine socha ki khud is bus mein travel karke dekha jaye ki Electric Bus ka first-time experience आखिर कैसा होता है! 👀⚡
Is video mein aapko bus ka interior, journey, pahadi roads aur mera real travel experience dekhne ko milega. 🏔️🚌
Video end tak zaroor dekhna aur comment mein batao — kya aap Electric Bus mein travel karna chahoge? ❤️
Like 👍 | Comment 💬 | Share 🔥 | Subscribe ❤️
📍 Chamba–Khajjiar, Himachal Pradesh


#shorts #hrtc #electricbus #experience #youtubeshorts
#Shorts #YouTubeShorts #ElectricBus #HRTCElectricBus #HRTC #ElectricBusIndia #ElectricBusExperience #FirstTimeExperience #ElectricBusRide #ElectricBusTravel #Chamba #ChambaHimachal #ChambaKhajjiar #Khajjiar #KhajjiarHimachal #HimachalPradesh #Himachal #HimachalTravel #HimachalTourism #ChambaVlog #HimachalVlog #TravelVlog #BusJourney #BusVlog #PahadiVlog #PahadiLife #ExploreChamba #ExploreHimachal #ViralShorts #NitinVlogs

support kro  guys👫👫
like subscribe❣️ kr ke jana 😁
Nitin vlogs wala👑 from 
hp chamba🕉...",2026-09-26T12:33:33Z,2026-09-26T12:33:33Z,reject,not_vietnam,1,"transport_impact,electric_bus",0,search,electric bus,,,,,,2026-09-26T20:55:11.057574+07:00
youtube,RrZenSMrUFo,https://www.youtube.com/watch?v=RrZenSMrUFo,"Khách ngủ, Lơ Xe Lấy Điện Thoại #XomLieu #CanhGiac #CanhBao","Khách ngủ, Lơ Xe Lấy Điện Thoại #XomLieu #CanhGiac #CanhBao
Hãy sử dụng ""Còi Báo Động Cá Nhân"" để cho mọi người nghe thấy âm thanh và đến giúp mình nhé!

[Video mang tính chất giải trí và giáo dục cộng đồng, vui lòng không thực hiện theo]",2026-09-14T02:50:34Z,2026-09-14T02:50:34Z,reject,missing_group:electric_bus,1,,0,search,bus điện,,,,,,2026-09-26T20:54:15.570539+07:00
youtube,RtoObNsw5TM,https://www.youtube.com/watch?v=RtoObNsw5TM,Muree Electric Bus service Routes Timing and bus stops location | All bus routes | CDA Bus service ,"Muree Electric Bus service Routes Timing and bus stops location | All bus routes | CDA Bus service 
Muree Electric Bus service Routes Timing and bus stops location | All bus routes | CDA Bus service 
#cda #electricbus #mureeElectricBus #Busstop",2026-09-26T04:54:19Z,2026-09-26T04:54:19Z,reject,not_vietnam,1,"transport_impact,electric_bus",0,search,electric bus,,,,,,2026-09-26T20:55:54.638965+07:00
youtube,RxVrVv8xI64,https://www.youtube.com/watch?v=RxVrVv8xI64,🔧 ĐÓNG GÓI TỦ ĐIỆN TẠI NHÀ XƯỞNG TRƯỚC KHI GỬI ĐI XA DITICO,"🔧 ĐÓNG GÓI TỦ ĐIỆN TẠI NHÀ XƯỞNG TRƯỚC KHI GỬI ĐI XA DITICO
🔧 CÔNG ĐOẠN  ĐÓNG GÓI TỦ ĐIỆN TẠI NHÀ XƯỞNG DITICO
Gia công đục lỗ thanh đồng cái bus bar bằng máy đột thủy lực CH60- DITICO
---------------------
Gia công đục lỗ thanh đồng cái bus bar bằng máy đột thủy lực CH60- DITICO
Video ghi lại toàn bộ quá trình gia công, lắp ráp tủ điện tại xưởng — từ khâu đục lỗ, cắt thanh đồng, đi dây, đấu nối thiết bị cho đến kiểm tra vận hành trước khi bàn giao.
Mỗi công đoạn đều được thực hiện tỉ mỉ, tuân thủ đúng kỹ thuật và tiêu chuẩn an toàn điện.

🏭 DITICO – Chuyên sản xuất, lắp đặt và thi công tủ điện công nghiệp:

Tủ điện điều khiển, tủ bù công suất, tủ ATS, tủ phân phối

Gia công cơ khí tủ điện theo yêu cầu

Cung cấp linh kiện điện Schneider, Chint, Selec, Mikro, v.v.

📍 Nhà xưởng: Thôn Đồng Bụt, Xã Ngọc Liệp, Huyện Quốc Oai, Hà Nội
📞 Liên hệ: 0988 996 914
🌐 Website: [ditico.vn] (nếu có)
📧 Email: hoadon.ditico@gmail.com
---------------------
Tủ  Điện DITICO
VP : A10 Nam Trung Yên - Yên Hòa - Cầu Giấy - Hà Nội
Mọi thông tin thắc mắc xin liên hệ sdt/zalo 0988996914
Xưởng SX : Kiều Phú - TP Hà Nội

Trong lĩnh vực tủ điện công nghiệp, thanh bus bar (thanh cái đồng) đóng vai trò quan trọng trong việc dẫn điện, đảm bảo khả năng truyền tải dòng điện lớn và ổn định. Video này Ditico sẽ giới thiệu chi tiết về quy trình gia công thanh bus bar, bao gồm:

Cắt, đột, uốn, khoan và bẻ góc thanh đồng.

Xử lý bề mặt, đánh bóng và phủ bảo vệ chống oxy hoá.

Lắp đặt busbar vào tủ điện công nghiệp.

💡 Với hệ thống máy móc hiện đại, Ditico mang đến giải pháp gia công thanh cái đồng chính xác – nhanh chóng – chất lượng cao, đáp ứng mọi nhu cầu về tủ điện hạ thế, tủ phân phối, tủ ATS, tủ tụ bù và hệ thống điện công nghiệp.

📌 Ứng dụng thực tế của thanh Busbar:

Truyền tải dòng điện trong tủ điện hạ thế.

Phân phối nguồn trong nhà máy, xưởng sản xuất.

Dùng trong hệ thống điện công nghiệp, điện dân dụng và các công trình hạ tầng.

👉 Xem ngay video để hiểu rõ hơn về quy trình gia công bus bar cho tủ điện!
-----------------------
gia công thanh busbar

gia công bus bar cho tủ điện

gia công thanh cái đồng

busbar tủ điện công nghiệp

quy trình gia công thanh cái

thanh bus bar trong tủ điện

Ditico gia công busbar
tủ điện tổng,
tủ 2 cánh,
tủ phân phối,
tủ ats,tủ ats phân phối,
tủ điện máy phát,
tủ điện tòa nhà,
tủ schnerder,tủ điện 100A,
tủ msb
Tủ điện ats,
tủ cắt lọc sét,
cắt lọc sét lan truyền,
tủ bảo vệ điện áp 3 pha,
tủ chống mất pha,
tủ chống lỗi pha,
thoát sét lan truyền,
cắt lọc sét dòng điện,
thoát sét van,
spd thoát sét,
tủ tổng thoát sét,
thoát sét viễn thông,
tủ phân phối thanh cái đồng,
tủ điện tổng cho gia đình,
tủ điện DB,
tủ điện trạm biến áp,
cung cấp tủ điện,
tủ điện tổng âm tường,
tủ điện tổng trong nhà
tủ điện tổng 3 pha,
tủ điện tổng,
tủ điện phân phối,
tủ điện phân phối 3 pha,
tủ điện phân phối db,
tủ điện phân phối hạ thế,
tủ điện phân phối tổng msb,
#busbar #tudien #giacongbusbar #tucaibong #ditico #diencongnghiep",2026-09-15T14:00:07Z,2026-09-15T14:00:07Z,reject,missing_group:electric_bus,1,"transport_impact,hanoi_location",0,search,bus điện,,,,,,2026-09-26T20:54:15.548949+07:00
youtube,RyFr0VwfrZg,https://www.youtube.com/watch?v=RyFr0VwfrZg,Xe bus tới các giảng đường bằng xe điện rất thuận lợi #hoalac #hanoi #daihocquocgia #sinhvien,Xe bus tới các giảng đường bằng xe điện rất thuận lợi #hoalac #hanoi #daihocquocgia #sinhvien,2026-09-20T11:52:11Z,2026-09-20T11:52:11Z,reject,missing_group:electric_bus,1,transport_impact,0,search,xe buýt điện,,,,,,2026-09-26T20:49:25.378774+07:00
youtube,S0BGjYNYM1o,https://www.youtube.com/watch?v=S0BGjYNYM1o,Gia công đột lỗ thanh cái bus bar đồng bằng máy đột CH60 chuyên dụng - Tủ Điện DITICO,"Gia công đột lỗ thanh cái bus bar đồng bằng máy đột CH60 chuyên dụng - Tủ Điện DITICO
gia công ĐỘT LỖ thanh ĐỒNG CÁI Busbar bằng MÁY ĐỘT THỦY LỰC CH-60 nối dài ATS Osung 800A | DITICO

Trong thi công lắp ráp tủ điện công nghiệp công suất lớn, các cực tiếp điểm của bộ chuyển nguồn ATS 800A thường được nhà sản xuất thiết kế để liên kết thanh cái Busbar, không thể bắt trực tiếp đầu cốt cáp điện lớn. Để kết nối đường cáp nguồn 240mm2 vào ATS, giải pháp kỹ thuật chuẩn mực là phải gia công các thanh cờ đồng cái nối dài (bản 50x8mm) và bẻ vuông góc. Thao tác tạo lỗ bu-lông liên kết bắt buộc phải sử dụng phương pháp đột nguội cơ khí thay vì khoan để tránh sinh nhiệt làm biến tính và oxy hóa bề mặt đồng đỏ.

Video này Tủ Điện DITICO sẽ review thực tế quy trình kỹ sư gia công đột lỗ phi 14 trên thanh đồng cái bản dày 8 li bằng Đầu đột thủy lực CH-60 kết hợp bơm điện thủy lực công suất lớn.

---

⏱️ NỘI DUNG VÀ CÁC MỐC THỜI GIAN TRONG VIDEO (TIMESTAMPS):

- [00:00:00] Giới thiệu thanh đồng cái gia công làm cờ nối dài cho ATS Osung 800A
- [00:00:16] Kích thước thanh đồng đỏ bản 50x8mm chịu tải dòng 800A đến 1000A
- [00:00:36] Sử dụng máy đột thủy lực CH-60 tạo lỗ phi 14 cho cáp nguồn 240mm2
- [00:01:23] Lợi ích khi sử dụng đầu cốt đôi SC 240-14 hai bu-lông tăng khả năng dẫn điện
- [00:02:11] Vận hành đầu đột CH-60 dùng bơm điện thủy lực cắt phôi ngọt, phẳng mịn
- [00:02:47] Ưu điểm gia công đột nguội so với phương pháp khoan sinh nhiệt gây oxy hóa đồng
- [00:03:15] Lý do cực ATS 800A bắt buộc phải làm cờ thanh cái nối dài và uốn bẻ vuông góc

---

⚙️ QUY TRÌNH KỸ THUẬT VÀ ƯU ĐIỂM ĐỘT NGUỘI THANH CÁI ĐỒNG TẠI DITICO

- Sử dụng thanh đồng đỏ nguyên chất bản 50x8mm: Thanh cái đồng có độ dày 8mm, bản rộng 50mm, khả năng dẫn dòng liên tục từ 800A đến 1000A cực mát, đảm bảo tuyệt đối không bị quá nhiệt khi trạm biến áp và máy phát điện chạy tải nặng.

- Giải pháp đầu cốt đôi SC 240-14 chịu lực: Hệ thống sử dụng đầu cốt đôi 2 lỗ bắt bu-lông phi 14, chiều dài thân cốt lên tới 9cm ôm trọn bề mặt thanh đồng, nhân đôi diện tích tiếp xúc điện cực, triệt tiêu nguy cơ phát nhiệt move tại vị trí đấu nối cáp 240mm2.

- Công nghệ đột thủy lực CH-60 (Gia công nguội chuẩn kỹ thuật):
  + Không làm oxy hóa bề mặt đồng: Việc dùng máy khoan bàn truyền thống tạo ma sát sinh nhiệt độ rất cao, làm đồng đỏ bị thâm đen, oxy hóa bề mặt và giảm đáng kể hiệu suất dẫn điện. Phương pháp đột nguội dập dứt khoát bằng máy thủy lực giúp giữ nguyên chất lượng phôi đồng.
  + Mặt cắt phẳng mịn, không bavia: Lực dập thủy lực mạnh mẽ từ đầu đột CH-60 kết hợp bơm điện tạo ra lỗ tròn phi 14 sắc nét, không làm cong vênh thanh đồng, không cần mài dũa lại.

- Tối ưu không gian đấu nối cho tủ ATS 800A: Thanh đồng cờ nối dài sau khi đột lỗ sẽ được uốn bẻ góc 90 độ, đưa điểm đón cáp vươn lên cao giúp thợ điện dễ dàng luồn cáp to 240mm2 vào tủ và siết bu-lông chắc chắn.

---

🏢 CÔNG TY TNHH THƯƠNG MẠI VÀ SẢN XUẤT DITICO
- MST : 0110093751
- VP : A10 Nam Trung Yên Cầu Giấy HN
- Xưởng sx : Thôn Đồng Bụt, Xã Kiều Phú, Thành phố Hà Nội, Việt Nam
- Hotline : 0988.9969.14

---D4T9.93
24.9.28

🏷️ TAGS SEO:
#DITICO #GiaCôngThanhCái #ĐộtLỗThanhĐồng #MáyĐộtThuỷLựcCH60 #ThanhĐồngBusbar #ATSOsung800A #ĐầuCốtĐôiSC240 #GiaCôngĐồngNguội #DụngCụThiCôngTủĐiện #ThiếtKếTủĐiện #TủĐiệnDITICO

---
💡 Tủ Điện DITICO chuyên nhận gia công thanh cái đồng Busbar theo bản vẽ, đột lỗ, uốn góc thanh cái CNC và sản xuất trọn gói các dòng tủ ATS từ 100A đến 3200A, tủ phân phối tổng MSB, tủ tụ bù cho các trạm biến áp và nhà máy trên toàn quốc. Bên cạnh đó, DITICO phân phối chính hãng các dòng đầu đột thủy lực CH-60, CH-70, máy cắt ray nhôm thép, bơm điện thủy lực giá xưởng tốt nhất. Anh em thầu thợ, xưởng gia công cần hỗ trợ kỹ thuật hoặc đặt hàng gia công, hãy liên hệ ngay Hotline hoặc Zalo của DITICO nhé!

Xem chi tiết video tại: https://www.youtube.com/watch?v=OTPOCtaU3yQ
Hãy nhấn LIKE, CHIA SẺ và ĐĂNG KÝ KÊNH để theo dõi thêm nhiều video chia sẻ kỹ thuật gia công cơ điện thực tế tiếp theo từ Tủ Điện DITICO!",2026-09-08T13:00:32Z,2026-09-08T13:00:32Z,reject,missing_group:electric_bus,1,"transport_impact,hanoi_location",0,search,bus điện,,,,,,2026-09-26T20:54:18.758836+07:00
youtube,SCbcc_RGYLc,https://www.youtube.com/watch?v=SCbcc_RGYLc,CHUYỆN MA ĐÊM KHUYA | Chuyến Xe Không Có Điểm Dừng – Ghế Số 13 Không Có Chủ | Tập 4,"CHUYỆN MA ĐÊM KHUYA | Chuyến Xe Không Có Điểm Dừng – Ghế Số 13 Không Có Chủ | Tập 4
🌙 **CHUYỆN MA ĐÊM KHUYA | CHUYẾN XE KHÔNG CÓ ĐIỂM DỪNG – TẬP 4**

Nếu một đêm bạn đứng một mình ở trạm xe buýt sau nửa đêm... và một chiếc xe không có số tuyến dừng trước mặt... liệu bạn có dám bước lên?

Trong tập 4 của series **Na Nguyễn – Chuyện Ma Đêm Khuya**, Huy – một chàng trai làm kỹ thuật điện – vô tình bắt chuyến xe cuối cùng trong một đêm mưa lớn. Trên chiếc xe ấy không ai nói chuyện, không ai nhìn nhau, và ghế số 13 dường như đang chờ đúng một người ngồi xuống...

Đây là một câu chuyện ma hư cấu mang màu sắc tâm linh, lấy cảm hứng từ những truyền thuyết đô thị và không gian làng quê Việt Nam, được kể theo phong cách điện ảnh, hồi hộp và nhiều cú twist bất ngờ.

🎧 Hãy đeo tai nghe để cảm nhận rõ nhất tiếng mưa, tiếng động cơ, sự im lặng và những âm thanh rùng rợn xuất hiện trong màn đêm.

📌 **Timeline**
00:00 Mở đầu
01:07 Đêm tăng ca cuối tháng
02:43 Trạm xe chỉ còn một bóng đèn
04:12 Chiếc xe xuất hiện từ màn mua
05:01 Những hành khách không ai nhìn nhau
06:11 Cô gái ngồi ghế số 13

👍 Nếu bạn yêu thích những câu chuyện ma đêm khuya, đừng quên:
• Đăng ký kênh Na Nguyễn – Chuyện Ma Đêm Khuya.
• Like và chia sẻ video để ủng hộ kênh.
• Bình luận câu chuyện tâm linh mà bạn từng nghe hoặc từng trải qua.

⚠️ Tất cả nội dung trong video chỉ mang tính giải trí, hư cấu và kể chuyện, không khẳng định là sự kiện có thật.

chuyện ma đêm khuya,chuyện ma,truyện ma,truyện ma mới nhất,chuyện ma việt nam,chuyện ma kinh dị,kể chuyện ma,podcast chuyện ma,nghe chuyện ma,chuyện ma audio,chuyện ma tâm linh,chuyện ma có thật,chuyện ma dài tập,chuyện ma rùng rợn,chuyện ma tháng bảy,chuyện ma nửa đêm,chuyện xe buýt ma,chuyến xe không có điểm dừng,ghế số 13,chuyện ma xe buýt,xe buýt ma,truyện ma xe buýt,chuyện ma đô thị,chuyện ma đường quốc lộ,chuyện ma ban đêm,ghost story vietnam,horror vietnam,vietnam horror stories,scary stories vietnam,haunted bus,ghost bus story,bus horror story,chuyện ma netflix horror,na nguyễn chuyện ma,na nguyễn,kênh chuyện ma,chuyện ma youtube,truyện kinh dị việt nam,chuyện ma mới 2026,chuyện ma hay,chuyện ma đêm khuya mới nhất,truyện ma podcast,chuyện ma việt,chuyện ma nghe ngủ,ma nữ áo trắng,chuyện ma bí ẩn,ma xe khách,truyện ma kinh dị,chuyện tâm linh việt nam

#ChuyenMaDemKhuya #ChuyenMa #TruyenMa #ChuyenMaVietNam #PodcastChuyenMa #GhostStory #TamLinh #NaNguyen",2026-09-01T13:00:06Z,2026-09-01T13:00:06Z,reject,missing_group:electric_bus,1,transport_impact,0,search,điểm dừng xe buýt điện,,,,,,2026-09-26T21:07:33.799440+07:00
youtube,SR9APO0aK6c,https://www.youtube.com/watch?v=SR9APO0aK6c,"Đèn Đường LED Bãi Đỗ Xe, Khu Công Cộng: Sáng An Toàn, Tiết Kiệm Điện Dài Lâu","Đèn Đường LED Bãi Đỗ Xe, Khu Công Cộng: Sáng An Toàn, Tiết Kiệm Điện Dài Lâu
#DenDuongLED #ChieuSangBaiDoXe #ChieuSangCongCong #AnToanGiaoThong

Bạn đang tìm kiếm giải pháp chiếu sáng hiệu quả, bền bỉ và tiết kiệm năng lượng cho bãi đỗ xe hoặc các khu vực công cộng? Video này sẽ mang đến cái nhìn toàn diện về đèn đường LED – lựa chọn tối ưu giúp thắp sáng không gian đô thị, từ bãi đỗ xe lớn, sân vận động, công viên, quảng trường đến đường phố nội bộ. Thành Đạt LED tự hào giới thiệu các dòng sản phẩm đèn LED chất lượng cao, biến những khu vực thiếu sáng thành nơi an toàn, rõ ràng và đầy sức sống.

Với công nghệ LED tiên tiến, sản phẩm của chúng tôi không chỉ cung cấp nguồn sáng mạnh mẽ, đồng đều mà còn vượt trội về khả năng tiết kiệm điện, giảm đến 70-80% chi phí vận hành so với các loại đèn truyền thống. Đây là một khoản đầu tư thông minh, mang lại hiệu quả kinh tế dài hạn và thân thiện với môi trường.

Đèn đường LED của Thành Đạt LED được thiết kế chuyên biệt để hoạt động bền bỉ trong mọi điều kiện thời tiết khắc nghiệt, từ nắng gắt đến mưa bão, đảm bảo tuổi thọ cao và giảm thiểu tối đa chi phí bảo trì, thay thế. Bạn sẽ hoàn toàn yên tâm về sự ổn định và hiệu quả hoạt động liên tục.

Hơn thế nữa, chất lượng ánh sáng vượt trội, không gây chói mắt, giúp tăng cường tầm nhìn cho người lái xe và người đi bộ, đặc biệt quan trọng trong việc nâng cao an toàn giao thông ban đêm. Việc lắp đặt đèn LED tại bãi đỗ xe và khu vực công cộng còn góp phần ngăn ngừa tai nạn, giảm thiểu rủi ro an ninh, tạo cảm giác an tâm cho cộng đồng.

Hãy khám phá những lợi ích vượt trội mà giải pháp chiếu sáng đèn đường LED của chúng tôi mang lại. Liên hệ ngay với Thành Đạt LED để được tư vấn miễn phí, nhận báo giá chi tiết và tìm ra giải pháp chiếu sáng tối ưu, phù hợp nhất với mọi quy mô dự án và ngân sách của bạn. Chúng tôi cam kết mang đến sản phẩm chất lượng hàng đầu, dịch vụ chuyên nghiệp và hiệu quả kinh tế bền vững.

Liên hệ: CÔNG TY TNHH TM & DV THÀNH ĐẠT LED
Mã số thuế: 0109594143
Địa chỉ: Số 938 đường Quang Trung, Phường Yên Nghĩa, TP Hà Nội
Hotline: 0986.474.671 | thanhdatled.com
Chat 24/7: https://khuyenmai.thanhdatled.com/tdl-chatbot/",2026-08-25T05:47:00Z,2026-08-25T05:47:00Z,reject,missing_group:electric_bus,1,"transport_impact,hanoi_location",1,search,xe điện công cộng,,,,,,2026-09-26T21:05:52.379171+07:00
youtube,S_bGaq3tkhQ,https://www.youtube.com/watch?v=S_bGaq3tkhQ,XE ĐIỆN MỚI - Xe buýt 631 TP.HCM - Đồng Tháp (Bến xe Tiền Giang - Bến xe buýt Tân Phú),"XE ĐIỆN MỚI - Xe buýt 631 TP.HCM - Đồng Tháp (Bến xe Tiền Giang - Bến xe buýt Tân Phú)
Loại xe: Kimlong B30EV KLMH659ECT 2026",2026-09-27T08:30:57Z,2026-09-27T08:30:57Z,reject,missing_group:electric_bus,1,transport_impact,1,search,xe buýt điện,,,,,,2026-09-27T16:03:13.553266+07:00
youtube,SfOvyW6IOR0,https://www.youtube.com/watch?v=SfOvyW6IOR0,Thu Xăng Đổi Điện- ưu đãi lên đến 9%. Giá xe VinFast mới nhất #báogiáxe #automobile #review,Thu Xăng Đổi Điện- ưu đãi lên đến 9%. Giá xe VinFast mới nhất #báogiáxe #automobile #review,2026-09-26T02:58:13Z,2026-09-26T02:58:13Z,reject,missing_group:electric_bus,1,,0,search,review bus điện,,,,,,2026-09-26T21:08:04.213351+07:00
youtube,SmyY6CNgVCM,https://www.youtube.com/watch?v=SmyY6CNgVCM,электрический автобус Yutong ZK6126BEVG  60 маршрут,электрический автобус Yutong ZK6126BEVG  60 маршрут,2026-09-26T06:12:12Z,2026-09-26T06:12:12Z,reject,missing_group:electric_bus,1,,0,search,electric bus,,,,,,2026-09-27T16:01:12.456116+07:00
youtube,SqNHy0pN_b4,https://www.youtube.com/watch?v=SqNHy0pN_b4,DDO: Cydrip Life Episode 4: Stopping The Sahuagin,"DDO: Cydrip Life Episode 4: Stopping The Sahuagin
First Island Quest

#vinbusroadto350subs 
#vinbusvtuber 
#justicefor614
Discord Server 
https://discord.gg/gdjSrd8P4x
Twitter 
https://twitter.com/vinbusmannn?t=XycdBCICpIvurVaEao_ToQ&s=09=",2026-08-11T04:44:54Z,2026-08-11T04:44:54Z,reject,missing_group:electric_bus,1,,0,search,VinBus,,,,,,2026-09-26T21:05:00.584044+07:00
youtube,SsmmP0aO1hw,https://www.youtube.com/watch?v=SsmmP0aO1hw,"OSAKAR NISPA VERA SS 2026 Có Đáng Mua? | Vespa Điện Công Nghệ IP67, NFC, Smartkey","OSAKAR NISPA VERA SS 2026 Có Đáng Mua? | Vespa Điện Công Nghệ IP67, NFC, Smartkey
Nếu bạn đang tìm một mẫu xe máy điện kiểu dáng Vespa vừa sang trọng, vừa được trang bị nhiều công nghệ hiện đại thì Osakar Nispa Vera SS 2026 là mẫu xe rất đáng để tham khảo.

✨ Những điểm nổi bật:
✅ Thiết kế Vespa tân cổ điển sang trọng
✅ Đèn Full LED
✅ Cốp rộng khoảng 20L, tích hợp cổng sạc USB
✅ Smartkey và thẻ từ NFC
✅ Chế độ Parking và hệ thống chống trộm
✅ Chống nước tiêu chuẩn IP67
✅ Động cơ định danh 1000W, công suất tối đa có thể đạt 1580W
✅ Tốc độ khoảng 45–48 km/h
✅ Quãng đường khoảng 70–80 km/lần sạc
✅ Bảo hành chính hãng lên đến 3 năm

💰 Giá tham khảo: 17.500.000 VNĐ

📍 Xe có sẵn tại:
XE ĐIỆN VIỆT CƯỜNG
260 Lĩnh Nam, Hoàng Mai, Hà Nội

☎️ Hotline: 0975 435 452

👉 Xem xe thực tế, trải nghiệm trực tiếp và nhận tư vấn chi tiết tại cửa hàng!

#OsakarNispaVeraSS2026 #NispaVeraSS #XeMayDien #XeDienVespa #XeDienOsakar #XeDienVietCuong #XeMayDienHaNoi",2026-09-26T04:00:24Z,2026-09-26T04:00:24Z,reject,missing_group:electric_bus,1,"transport_impact,hanoi_location",0,search,review bus điện,,,,,,2026-09-26T21:08:04.198864+07:00
youtube,SwdZ6eeT578,https://www.youtube.com/watch?v=SwdZ6eeT578,Gurugram Electric Bus: साइबर सिटी को मिलेंगी 40 नई ई-बसें | UBC News Hindi,"Gurugram Electric Bus: साइबर सिटी को मिलेंगी 40 नई ई-बसें | UBC News Hindi
Join us for the latest updates on ubc_news_hindi. Stay informed and engaged with our in-depth reporting, exclusive interviews, and real-time updates. Don't miss out on the most crucial news stories from India and around the world. Subscribe to our channel and hit the notification bell to stay updated with all the breaking news, Hindi News, live hindi news, hindi news live, live news in hindi, hindi latest news, livetv, live tv , ubc_news_hindi , hindi news, russia ukraine war live , war update,World News, Sports News, Entertainment News and live updates.",2026-09-25T12:52:16Z,2026-09-25T12:52:16Z,reject,not_vietnam,1,"transport_impact,electric_bus",0,search,electric bus,,,,,,2026-09-26T21:09:46.440462+07:00
youtube,SzVocxr4ImY,https://www.youtube.com/watch?v=SzVocxr4ImY,Tuyến E02 trên xe buýt điện Vinfast EB10 29F-008.23,Tuyến E02 trên xe buýt điện Vinfast EB10 29F-008.23,2026-08-20T14:56:50Z,2026-08-20T14:56:50Z,accept,electric_bus,1,"transport_impact,electric_bus",0,search,trạm xe buýt điện,,,,,,2026-09-26T21:07:19.923374+07:00
youtube,T2wllsxnXGc,https://www.youtube.com/watch?v=T2wllsxnXGc, Xong xe điện rồi .So sánh xe xăng và xe điện sau khi đi được 300.000 bán lại được bao nhiêu tiền.￼,Xong xe điện rồi .So sánh xe xăng và xe điện sau khi đi được 300.000 bán lại được bao nhiêu tiền.￼,2026-09-24T16:39:35Z,2026-09-24T16:39:35Z,reject,missing_group:electric_bus,1,transport_impact,0,search,bus dien,,,,,,2026-09-26T20:54:26.425377+07:00
youtube,TDeATB6c1b0,https://www.youtube.com/watch?v=TDeATB6c1b0,Hướng dẫn 2k8 bắt xe bus ở các điểm dừng | biquyetdodaihoc #shorts,"Hướng dẫn 2k8 bắt xe bus ở các điểm dừng | biquyetdodaihoc #shorts
Hướng dẫn 2k8 bắt xe bus ở các điểm dừng | biquyetdodaihoc #shorts 
• Hi guys, mình là Biquyetdodaihoc ( Tạ Duy Hải ). Mình học ngành Thương Mại điện tử  

• Kênh của mình chia sẻ về tips học tập, kinh nghiệm ôn thi và những điều rất đời thường của mình 🐣 

• Hy vọng video của mình sẽ giúp mọi người sẽ có thêm động lực và đam mê trong học tập để đạt được mục tiêu của mình 💓
#biquyetdodaihoc #studywithme 
Link tiktok : https://www.tiktok.com/@biquyetdodaihoc
Link fb : https://www.facebook.com/haiotchannel
Fanpage : https://www.facebook.com/biquyetdodaihoc
📩 taduyhai2705work@gmail.com
--------------------
CONTACT US:
© Bản quyền thuộc về Bí quyết đỗ Đại Học
© Copyright by Bí quyết đỗ Đại Học ☞ Do not Reup

#biquyetdodaihoc #university #dongluchoctap #tips",2026-08-26T13:07:29Z,2026-08-26T13:07:29Z,reject,missing_group:electric_bus,1,transport_impact,0,search,điểm dừng xe buýt điện,,,,,,2026-09-26T21:07:33.824154+07:00
youtube,TLCKIoPuY7U,https://www.youtube.com/watch?v=TLCKIoPuY7U,Mera garden#flower #viralvideo #vinbus,Mera garden#flower #viralvideo #vinbus,2026-09-26T14:07:39Z,2026-09-26T14:07:39Z,accept,electric_bus,1,electric_bus,0,search,VinBus,,,,,,2026-09-26T21:10:47.564549+07:00
youtube,TLjta6A3t4Y,https://www.youtube.com/watch?v=TLjta6A3t4Y,Tuyến E02 trên xe buýt điện Vinbus EB10 29F-007.28 (bản bị bay màu) ,Tuyến E02 trên xe buýt điện Vinbus EB10 29F-007.28 (bản bị bay màu),2026-08-27T16:30:56Z,2026-08-27T16:30:56Z,accept,electric_bus,1,"transport_impact,electric_bus",0,search,VinBus,,,,,,2026-09-26T21:03:41.019102+07:00
youtube,TUo6hk9cqM8,https://www.youtube.com/watch?v=TUo6hk9cqM8,Mumbai best PMI zero emision urban electric bus 💪❤️🥳❣️😍🥰🤩😀#status #shorts,Mumbai best PMI zero emision urban electric bus 💪❤️🥳❣️😍🥰🤩😀#status #shorts,2026-09-27T05:24:23Z,2026-09-27T05:24:23Z,reject,not_vietnam,1,"transport_impact,electric_bus",0,search,electric bus,,,,,,2026-09-27T16:04:20.782470+07:00
youtube,TZVoUW05AcI,https://www.youtube.com/watch?v=TZVoUW05AcI,Tuyến E07TC trên xe buýt điện Vinfast EB10 29F-018.20,Tuyến E07TC trên xe buýt điện Vinfast EB10 29F-018.20,2026-09-10T13:06:35Z,2026-09-10T13:06:35Z,accept,electric_bus,1,"transport_impact,electric_bus",0,search,xe bus điện,,,,,,2026-09-26T20:51:34.435040+07:00
youtube,ThuRfgYb92Y,https://www.youtube.com/watch?v=ThuRfgYb92Y,Tặng đồ chơi cho chú chó thích ngồi xe điện #ănngonvàchill #shorts #pets #dog,Tặng đồ chơi cho chú chó thích ngồi xe điện #ănngonvàchill #shorts #pets #dog,2026-09-27T11:01:01Z,2026-09-27T11:01:01Z,reject,missing_group:electric_bus,1,transport_impact,0,search,bus dien,,,,,,2026-09-27T19:04:35.751886+07:00
youtube,Tu62spVr9M0,https://www.youtube.com/watch?v=Tu62spVr9M0,#MadhyaPradesh #MohanYadav #NitinGadkari #Bhopal #SugamParivahan #EBus #ElectricBus #PublicTransport,#MadhyaPradesh #MohanYadav #NitinGadkari #Bhopal #SugamParivahan #EBus #ElectricBus #PublicTransport,2026-09-27T06:24:17Z,2026-09-27T06:24:17Z,reject,not_vietnam,1,electric_bus,0,search,e-bus,,,,,,2026-09-27T16:05:05.712861+07:00
youtube,Tu8uJ2VlpYE,https://www.youtube.com/watch?v=Tu8uJ2VlpYE,nx Trung Quân Điện Biên - Hải Phòng,nx Trung Quân Điện Biên - Hải Phòng,2026-09-23T01:21:44Z,2026-09-23T01:21:44Z,reject,missing_group:electric_bus,1,,1,search,xe buýt điện,,,,,,2026-09-26T20:47:32.165344+07:00
youtube,TzeuFm-JpHk,https://www.youtube.com/watch?v=TzeuFm-JpHk,(50E-649.10) Xe buýt điện số 93 (Phần 2),(50E-649.10) Xe buýt điện số 93 (Phần 2),2026-09-06T10:57:49Z,2026-09-06T10:57:49Z,accept,electric_bus,1,"transport_impact,electric_bus",0,search,xe bus điện,,,,,,2026-09-26T20:52:20.620282+07:00
youtube,U0KQWA6eZuc,https://www.youtube.com/watch?v=U0KQWA6eZuc,Chuyến Xe Bất Ổn,"Chuyến Xe Bất Ổn
Chuyến Xe Bất Ổn",2026-09-19T23:00:36Z,2026-09-19T23:00:36Z,reject,missing_group:electric_bus,1,,0,search,bus điện,,,,,,2026-09-26T20:54:12.100122+07:00
youtube,U14KKFk6e6Y,https://www.youtube.com/watch?v=U14KKFk6e6Y,Nhập Khẩu Xe Máy Điện Trung Quốc Có Ra Biển Số Được Không? Giải Đáp Chi Tiết,"Nhập Khẩu Xe Máy Điện Trung Quốc Có Ra Biển Số Được Không? Giải Đáp Chi Tiết
#nhapkhauxemaydien #vanchuyentrungquoc #logistics

Nhiều cá nhân và nhà kinh doanh thường thắc mắc liệu việc nhập khẩu xe máy điện Trung Quốc về Việt Nam có thể đăng ký ra biển số để lưu thông hợp pháp trên đường bộ hay không. Về mặt lý thuyết, mọi mặt hàng không thuộc danh mục cấm đều có thể nhập khẩu chính ngạch. Tuy nhiên, đối với phương tiện giao thông, thủ tục chuyên ngành và các yêu cầu kỹ thuật đi kèm lại là một bài toán hoàn toàn khác.

Video này sẽ phân tích chi tiết những rào cản thực tế khi nhập khẩu xe máy điện Trung Quốc dành cho các cá nhân hoặc đơn vị nhập lẻ. Để một chiếc xe điện đủ điều kiện ra biển số, phương tiện phải vượt qua các quy trình kiểm định khắt khe của Bộ Giao thông Vận tải về an toàn kỹ thuật, hệ thống pin và điện. Đồng thời, đơn vị nhập khẩu phải chứng minh năng lực bảo hành, bảo dưỡng thông qua việc thiết lập các trung tâm dịch vụ đạt chuẩn.

Chính vì chi phí kiểm định và rào cản thủ tục quá lớn, việc cá nhân tự nhập khẩu xe máy điện Trung Quốc để di chuyển trên đường giao thông công cộng là không khả thi. Giải pháp tối ưu hiện nay đối với các dòng xe này là sử dụng trong các khu vực nội bộ, khuôn viên kín, hoặc các khu nghỉ dưỡng không yêu cầu lưu thông trên hệ thống đường bộ quốc gia.

#thongquanhanghoa #nguonhangtrungquoc #kinhdoanhonline",2026-09-03T15:00:22Z,2026-09-03T15:00:22Z,reject,missing_group:electric_bus,1,transport_impact,0,search,xe điện công cộng,,,,,,2026-09-26T21:05:52.336584+07:00
youtube,U39ZPQGh6js,https://www.youtube.com/watch?v=U39ZPQGh6js,Quảng Ninh: Triển khai xe buýt điện miễn phí đưa đón học sinh | THDT,"Quảng Ninh: Triển khai xe buýt điện miễn phí đưa đón học sinh | THDT
👉 Kênh YouTube chính thức của Báo và phát thanh, truyền hình Đồng Tháp (THDT - Đậm chất Miền Tây).
👉 Bấm Theo dõi (Subscribe) để nhận thông tin tin tức, khoa giáo, giải trí, ẩm thực... nhanh nhất, đặc sắc nhất.
* Đăng ký: http://popsww.com/TruyenHinhDongThap
* Website: http://www.thdt.vn
* Facebook Truyền hình Đồng Tháp: https://www.facebook.com/DongThapTVonline
* Tiktok Truyền hình Đồng Tháp: https://www.tiktok.com/@DongThapTV


#thdt #thdt1 #dongthaptv #truyềnhìnhđồngtháp #dongthap #truyenhinhdongthap #dongthap #dongthaptvonline",2026-09-04T05:35:53Z,2026-09-04T05:35:53Z,accept,electric_bus,1,"transport_impact,electric_bus",0,search,tuyến xe buýt điện,,,,,,2026-09-26T21:06:32.727581+07:00
youtube,U4E2UGQyZoo,https://www.youtube.com/watch?v=U4E2UGQyZoo,"Nhiều nhà chờ xe buýt ở TP.HCM được bổ sung cây xanh, camera an ninh","Nhiều nhà chờ xe buýt ở TP.HCM được bổ sung cây xanh, camera an ninh
Xem tại: https://tuoitre.vn/video/nhieu-nha-cho-xe-buyt-o-tphcm-duoc-bo-sung-cay-xanh-camera-an-ninh-201988.htm

TP.HCM đang đẩy mạnh chỉnh trang các điểm dừng, nhà chờ xe buýt theo hướng tăng mảng xanh, bổ sung chiếu sáng, camera... góp phần tạo không gian chờ xe thuận tiện, xanh mát và cải thiện mỹ quan đô thị.

#tinnong 

- Tin tức nhanh: https://tuoitre.vn
- Tin thời sự: https://tuoitre.vn/phap-luat
- Tin tức thế giới xem: https://tuoitre.vn/the-gioi

Kênh thông tin chính thức của #Báo_Tuổi_Trẻ trên YouTube.
 
Tin tức nhanh nhất, mới nhất, nóng nhất đang diễn ra ở Việt Nam và thế giới về: thời sự, kinh tế, chính trị, xã hội, giáo dục, thể thao, văn hóa, giải trí, công nghệ, nhịp sống số, pháp luật, du lịch...

#TuoiTre #BaoTuoiTre #TinNong #Thời_Sự #ThoiSu #Tuổi_Trẻ 
-----------
Đăng ký kênh xem thêm nhiều chuyên mục hấp dẫn khác:
https://bit.ly/3k1RCAR
Facebook: 
- https://facebook.com/baotuoitre
- https://facebook.com/Truyenhinh.BaoTuoiTre
Bản quyền nội dung thuộc về Báo điện tử Tuổi Trẻ
Cơ quan Báo và Phát thanh, Truyền hình TP.HCM
--------------------
TÒA SOẠN BÁO ĐIỆN TỬ TUỔI TRẺ
- Địa chỉ: Số 60A, Hoàng Văn Thụ, Phường.Đức Nhuận Thành phố Hồ Chí Minh, Việt Nam
- Điện thoại: (84.8) 3.997.3838
- Website: http://tuoitre.vn
- Email: tto@tuoitre.com.vn
- Đường dây nóng: 0918.033.133 - (84.8) 39.971.010",2026-08-28T02:00:24Z,2026-08-28T02:00:24Z,reject,missing_group:electric_bus,1,transport_impact,1,search,điểm dừng xe buýt điện,,,,,,2026-09-26T21:07:33.817809+07:00
youtube,UAWCDhDcClQ,https://www.youtube.com/watch?v=UAWCDhDcClQ,P3- xe đạp trợ lực điện và xe máy điện khác nhau chỗ nào? #duyhienebike #ADOebike #xedaptrolucdien,P3- xe đạp trợ lực điện và xe máy điện khác nhau chỗ nào? #duyhienebike #ADOebike #xedaptrolucdien,2026-09-26T06:44:50Z,2026-09-26T06:44:50Z,reject,missing_group:electric_bus,1,transport_impact,0,search,bus dien,,,,,,2026-09-26T20:54:26.237221+07:00
youtube,UBEMWYoh5R4,https://www.youtube.com/watch?v=UBEMWYoh5R4,БКМ-Е350 Ольгерд протестируют на московских маршрутах,"БКМ-Е350 Ольгерд протестируют на московских маршрутах
Москва традиционно отдаёт предпочтение электробусам марки КамАЗ, в куда меньших объёмах закупая аккумуляторные машины ЛиАЗ. Тем удивительнее, что столичный «Мосгортранс» решил протестировать Ольгерды, выпущенные компанией БКМ.",2026-09-26T17:21:24Z,2026-09-26T17:21:24Z,reject,missing_group:electric_bus,1,,0,search,electric bus,,,,,,2026-09-27T16:04:55.143380+07:00
youtube,UIAEiAtIOhE,https://www.youtube.com/watch?v=UIAEiAtIOhE,Hoả Hoạn tại hàng Châu Trung Quốc nghi do xe đạp điện ở tầng 1 cháy#chungcu #batdongsan,"Hoả Hoạn tại hàng Châu Trung Quốc nghi do xe đạp điện ở tầng 1 cháy#chungcu #batdongsan
Hoả Hoạn tại hàng Châu Trung Quốc nghi do xe đạp điện ở tầng 1 cháy#chungcu #batdongsan #reviewbatdongsan #thanhpenthouse",2026-09-24T08:25:41Z,2026-09-24T08:25:41Z,reject,missing_group:electric_bus,1,transport_impact,0,search,bus dien,,,,,,2026-09-26T20:54:26.487134+07:00
youtube,UK8lR67OVeA,https://www.youtube.com/watch?v=UK8lR67OVeA,Tàu Điện Ngầm Chạy Dưới Lòng Đất Như Thế Nào? #shortvideo,Tàu Điện Ngầm Chạy Dưới Lòng Đất Như Thế Nào? #shortvideo,2026-08-27T10:52:01Z,2026-08-27T10:52:01Z,reject,missing_group:electric_bus,1,,0,search,xe điện công cộng,,,,,,2026-09-26T21:05:52.356941+07:00
youtube,UMm8b_G-KqU,https://www.youtube.com/watch?v=UMm8b_G-KqU,Châu Âu Áp Thuế Xe Điện: Bảo Vệ Môi Trường Hay Đang &quot;Bóp Nghẹt&quot; Túi Tiền Dân Nghèo?,"Châu Âu Áp Thuế Xe Điện: Bảo Vệ Môi Trường Hay Đang &quot;Bóp Nghẹt&quot; Túi Tiền Dân Nghèo?
Tham gia làm hội viên của kênh này để được hưởng đặc quyền:
https://www.youtube.com/channel/UCQtQjjjUJfcACfyG6DK3nFg/join
Nếu để lên mạng giải trí, tại sao bạn không vừa giải trí vừa mở rộng thêm hiểu biết!

Liên minh Châu Âu quyết tâm cấm tiệt xe xăng vào năm 2035 nhưng lại áp mức thuế trừng phạt lên tới hơn 45% vào các dòng xe điện giá rẻ nhập khẩu. Tại sao các hãng xe nội địa Châu Âu không thể tự làm ra xe điện bình dân, và chiếc bẫy thuế quan này đang đẩy người tiêu dùng lục địa già vào một cái kết đắng nghét như thế nào? Bí mật đằng sau cuộc chiến năng lượng và chuỗi cung ứng ngầm sẽ khiến bạn phải bất ngờ khi nhận ra ai mới là kẻ thực sự chịu thiệt.
#dechexedien #xedienchauau #thuetridua #byd #cuocchienxedien",2026-09-26T11:00:34Z,2026-09-26T11:00:34Z,reject,missing_group:electric_bus,1,transport_impact,1,search,bus dien,,,,,,2026-09-26T20:54:26.209556+07:00
youtube,UNBaUkiVFQ8,https://www.youtube.com/watch?v=UNBaUkiVFQ8,Cách đi xe buýt 0đ #vlog #entertainment,Cách đi xe buýt 0đ #vlog #entertainment,2026-08-15T01:03:21Z,2026-08-15T01:03:21Z,reject,missing_group:electric_bus,1,transport_impact,0,search,điểm dừng xe buýt điện,,,,,,2026-09-26T21:07:43.622952+07:00
youtube,U_2imtL5IwM,https://www.youtube.com/watch?v=U_2imtL5IwM,EaseMyTrip EV-Bus Expansion Plan | Fundamentals + Technicals #shorts,"EaseMyTrip EV-Bus Expansion Plan | Fundamentals + Technicals #shorts
Easy Trip Planners is expanding beyond its core online-travel business through EMTev, which has started electric-bus deployment in Bhopal and is targeting capacity to manufacture 5,000 electric buses annually within five years. This AI INVEST Short examines why the EV-bus plan is strategically significant and why the diversification also introduces a very different execution and capital-allocation profile.
The video combines the new business catalyst with audited fundamental analysis and technical analysis. The fundamental lens focuses on funding discipline, operating-model clarity, potential margins, capital intensity and whether the company can scale a manufacturing and fleet operation without weakening returns from the core travel platform. The technical section focuses on whether price strength is sustained beyond the announcement through volume confirmation, trend persistence and support behaviour.
Key watch-points include capex, manufacturing execution, fleet utilisation, financing structure, unit economics, management bandwidth and evidence that the new business can become commercially meaningful rather than remaining an aspirational expansion.
AI INVEST provides this content for educational and research purposes only. It is not investment advice and does not constitute a recommendation to buy, sell or hold any security.
#EaseMyTrip #EASEMYTRIP #ElectricBus #EVStocks #ElectricVehicles #TravelStocks #StockAnalysis #FundamentalAnalysis #TechnicalAnalysis #NSE #AIInvest


#latestnews #latestnewstoday #latestnewsupdate #latestnewsupdates",2026-09-26T10:31:24Z,2026-09-26T10:31:24Z,reject,missing_group:electric_bus,1,transport_impact,0,search,electric bus,,,,,,2026-09-26T20:55:24.455680+07:00
youtube,UcDobNg6Awk,https://www.youtube.com/watch?v=UcDobNg6Awk,Đi VinWonders Nha Trang được VinBus miễn phí? Nhiều du khách vẫn chưa biết quyền lợi này,"Đi VinWonders Nha Trang được VinBus miễn phí? Nhiều du khách vẫn chưa biết quyền lợi này
VinBus miễn phí VinWonders Nha Trang, VinBus Vinpearl Harbour, xe buýt Vinpearl Nha Trang, vé VinWonders Nha Trang, kinh nghiệm đi VinWonders Nha Trang

Đừng bỏ lỡ một quyền lợi rất tiện khi đi Vinpearl Harbour hoặc VinWonders Nha Trang: bạn có thể được sử dụng VinBus miễn phí theo quyền lợi của vé. Rất nhiều du khách chỉ tập trung vào vé cáp treo, trò chơi hay lịch show mà quên kiểm tra quyền lợi di chuyển đã có sẵn.

Nếu bạn đang sở hữu vé VinWonders Nha Trang hoặc vé Vinpearl Harbour thuộc điều kiện áp dụng, hãy nhớ kiểm tra VinBus miễn phí VinWonders Nha Trang trước khi gọi taxi hoặc đặt xe công nghệ. Chỉ một thao tác nhỏ nhưng có thể giúp gia đình tiết kiệm thêm chi phí di chuyển trong chuyến đi.

Điểm tiện lợi là VinBus hiện có các tuyến kết nối nhiều khu vực du khách thường xuyên sử dụng. Tuyến 23 đi qua khu vực trung tâm Nha Trang, đường Trần Phú và các điểm thuận tiện trước khi đến Vinpearl Nha Trang. Trong khi đó tuyến 16-2 kết nối khu vực sân bay Cam Ranh với Vinpearl Nha Trang, phù hợp cho du khách muốn chủ động phương tiện ngay từ khi đến Nha Trang.

Đặc biệt, khách hàng VinWonders có thể sử dụng mã QR Code có sẵn trên vé để quét khi lên VinBus. Vì vậy đừng mua vé xong rồi chỉ lưu ảnh qua loa hoặc xóa mất thông tin. Hãy giữ QR Code trong điện thoại để thuận tiện kiểm tra và sử dụng quyền lợi khi cần.

Với các vé VinWonders, Vinpearl Harbour thuộc loại vé hiệu lực trong ngày, chính sách hiện tại có thể cho phép tối đa 2 lượt VinBus miễn phí trong ngày hiệu lực. Điều này rất phù hợp cho một hành trình đi và về giữa nơi lưu trú hoặc khu vực trung tâm với Vinpearl Nha Trang.

Ví dụ, nếu khách sạn của bạn nằm gần tuyến xe chạy qua Trần Phú, thay vì cả gia đình gọi taxi đến khu vực cáp treo rồi chiều tối lại tiếp tục đặt xe trở về, hãy kiểm tra xem vị trí lưu trú có gần trạm VinBus hay không. Nếu phù hợp, quyền lợi VinBus Vinpearl Harbour có thể giúp hành trình vừa thuận tiện vừa tiết kiệm.

Đây cũng là một mẹo đáng nhớ nếu gia đình dự định ở lại VinWonders đến tối để xem Tata Show. Bạn không nhất thiết phải vội vàng rời công viên quá sớm chỉ vì lo chuyện tìm phương tiện quay lại thành phố. Hãy kiểm tra trước giờ hoạt động của VinBus trong đúng ngày đi, xác định trạm lên xuống phù hợp và lên lịch vui chơi sao cho chủ động.

Tuy nhiên, đừng hiểu rằng chỉ cần đến Nha Trang là ai cũng được đi VinBus miễn phí. Đây là quyền lợi dành cho những nhóm khách và loại vé đủ điều kiện. Trước chuyến đi, bạn nên kiểm tra vé của mình, ngày hiệu lực, số lượt được sử dụng và lịch trình VinBus mới nhất để tránh nhầm lẫn.

Nếu đi Vinpearl Harbour, bạn cũng đừng bỏ qua quyền lợi này. Nhiều người mua vé, lên cáp treo, vui chơi và ăn uống trên đảo nhưng lại không biết rằng vé của mình có thể đi kèm quyền lợi VinBus. Đến lúc về mới gọi xe và phát sinh thêm chi phí dù trước đó hoàn toàn có thể kiểm tra phương án thuận tiện hơn.

VinBus miễn phí VinWonders Nha Trang đặc biệt hữu ích cho gia đình có trẻ nhỏ, nhóm đông người hoặc khách lần đầu đến Nha Trang chưa quen đường. Việc biết trước tuyến xe, trạm dừng và cách dùng QR Code giúp bạn chủ động hành trình thay vì đến ngày đi mới bắt đầu tìm phương tiện.

Một kinh nghiệm nhỏ là hãy mở bản đồ lộ trình VinBus trước ngày đi, tìm trạm gần khách sạn nhất và lưu lại trong điện thoại. Khi mua vé VinWonders Nha Trang hoặc Vinpearl Harbour, hãy hỏi luôn quyền lợi VinBus của đúng loại vé bạn mua. Chính sách và lịch xe có thể được điều chỉnh theo từng thời điểm nên kiểm tra lại trước khi sử dụng vẫn là cách an toàn nhất.

Đi VinWonders hay Vinpearl Harbour, tiết kiệm không chỉ là tìm vé rẻ. Tiết kiệm còn là biết tận dụng hết những quyền lợi đã có trong tấm vé của bạn. Đừng để đến khi chuyến đi kết thúc mới biết rằng mình đã bỏ qua những lượt VinBus miễn phí có thể sử dụng.

Bạn đang chuẩn bị đi VinWonders Nha Trang nhưng chưa biết mua vé nào, combo nào có lợi, đi cáp treo ra sao hoặc sử dụng VinBus thế nào? Liên hệ Vivu Nha Trang để được hỗ trợ kiểm tra vé và tư vấn lịch trình phù hợp.

Liên hệ đặt tour:
🔗 Website: [https://vivunhatrang.vn](https://vivunhatrang.vn)
📞 Zalo (Vivu Nha Trang Hotline): [https://zalo.me/0827643666](https://zalo.me/0827643666)
Fanpage: [https://Facebook.com/Vivu.Nhatrang.KOC](https://Facebook.com/Vivu.Nhatrang.KOC)

Theo dõi Vivu Nha Trang để cập nhật thêm kinh nghiệm VinWonders, Vinpearl Harbour, cáp treo Vinpearl Nha Trang, Tata Show, Fastpass, xe Buggy và những quyền lợi dễ bị bỏ quên khi du lịch Nha Trang.

#VinBusNhaTrang #VinWondersNhaTrang #VinpearlHarbour #DuLichNhaTrang #VivuNhaTrang",2026-08-11T08:00:22Z,2026-08-11T08:00:22Z,accept,electric_bus,1,"transport_impact,electric_bus",1,search,VinBus,,,,,,2026-09-26T21:04:57.356804+07:00
youtube,UmuiXgV9Nco,https://www.youtube.com/watch?v=UmuiXgV9Nco,"💥🚙REVIEW NHÀ MÁY VINFAST ẤN ĐỘ: SẢN XUẤT TRĂM NGÀN XE, NGƯỜI ẤN KHAO KHÁT ĐƯỢC MUA XE ĐIỆN VINFAST😱","💥🚙REVIEW NHÀ MÁY VINFAST ẤN ĐỘ: SẢN XUẤT TRĂM NGÀN XE, NGƯỜI ẤN KHAO KHÁT ĐƯỢC MUA XE ĐIỆN VINFAST😱
💥🚙REVIEW NHÀ MÁY VINFAST ẤN ĐỘ: SẢN XUẤT TRĂM NGÀN XE, NGƯỜI ẤN KHAO KHÁT ĐƯỢC MUA XE ĐIỆN VINFAST😱 

🔥 VinFast Ấn Độ đang đặt cược lớn với nhà máy rộng 160 ha và công suất mục tiêu lên tới 150.000 xe/năm. Nhưng liệu thị trường xe điện Ấn Độ có đủ sức hấp thụ quy mô khổng lồ này?

Trong video, CAR TODAY VN khám phá nhà máy VinFast Ấn Độ, tìm hiểu VF 6, VF 7, VF MPV 7, doanh số VinFast tại Ấn Độ và tham vọng biến Tamil Nadu thành cứ điểm sản xuất xe điện của VinFast.

🇮🇳 VinFast đang tăng tốc tại Ấn Độ, nhưng cạnh tranh với Tata Motors, Mahindra và nhiều đối thủ khác sẽ không dễ dàng. 150.000 xe/năm sẽ là bàn đạp đưa VinFast vươn ra toàn cầu, hay một canh bạc khổng lồ? 

#VinFast #VinFastẤnĐộ #NhàMáyVinFast #XeĐiệnVinFast #VinFastVF6 #VinFastVF7 #VinFastMPV7 #XeĐiện #XeĐiệnẤnĐộ #ÔTôẤnĐộ #ThịTrườngÔTô #VinFastToànCầu #ÔTôĐiện #ÔTôViệtNam #CarTodayVN 

___
🔔 Cám ơn bạn đã đồng hành cùng CAR TODAY VN. Đăng ký kênh ngay để xem sớm nhất video mới hằng ngày. 

📩 Liên hệ hợp tác: bearmedia.asia@gmail.com

©️ Copyright by CAR TODAY VN | All rights reserved. Please do not reup. 

► Chúng tôi sẵn sàng xử lý NGAY LẬP TỨC các nội dung, yêu cầu về bản quyền nếu có. Xin hãy liên hệ với chúng tôi: bearmedia.asia@gmail.com . Xin cám ơn & Trân trọng!


► Tuyên bố miễn trừ trách nhiệm:
Chúng tôi không sở hữu hoàn toàn các tài nguyên bao gồm hình ảnh và video trong các nội dung trên kênh này. Các tài nguyên đó thuộc về các cá nhân tổ chức đáng được tôn trọng. Chúng tôi chỉ sử dụng chúng theo Luật Fairuse (Sử dụng hợp lý) từ Youtube. 

#CARTODAYVN #BEARMEDIAASIA",2026-09-25T14:14:45Z,2026-09-25T14:14:45Z,reject,missing_group:electric_bus,1,transport_impact,0,search,review bus điện,,,,,,2026-09-26T21:08:04.223535+07:00
youtube,UoXgR8MmrzE,https://www.youtube.com/watch?v=UoXgR8MmrzE,Journey me *Washroom* ki tension? #ebus # #travel # #trending #shorts #Women,Journey me *Washroom* ki tension? #ebus # #travel # #trending #shorts #Women,2026-09-25T15:22:00Z,2026-09-25T15:22:00Z,reject,not_vietnam,1,electric_bus,0,search,e-bus,,,,,,2026-09-26T20:58:37.956380+07:00
youtube,V-qHM0UCRFU,https://www.youtube.com/watch?v=V-qHM0UCRFU,"Đi xe buýt 0đ đến chùa Hội An,Bình Dương","Đi xe buýt 0đ đến chùa Hội An,Bình Dương
🚌 ĐI XE BUÝT 0 ĐỒNG ĐẾN CHÙA HỘI AN – BÌNH DƯƠNG 🌿
🚌 Các tuyến xe buýt đi ngang: 61-37, 61-52 
🚏 Trạm xuống: đối diện chùa luôn.
🔄 Khi về, đi xe ôm qua Bến xe Phú Chánh là 15k , đón xe 171 về Bến xe buýt Bình Dương hoặc Bến xe buýt Sài Gòn.
🙏 Mời nhà mình cùng về dự lễ Vu Lan tại chùa
📅 06/09/2026 – lúc 17 giờ.
#xebuyt0d #mienphi #chua #dulich #anhbasaigonvuive",2026-09-04T00:39:04Z,2026-09-04T00:39:04Z,reject,missing_group:electric_bus,1,transport_impact,1,search,trạm xe buýt điện,,,,,,2026-09-26T21:07:00.362702+07:00
youtube,VCkdmLxdsOg,https://www.youtube.com/watch?v=VCkdmLxdsOg,JE CONDUIS LA LIGNE 3 # #bus #iveco #follow #shortvideo,JE CONDUIS LA LIGNE 3 # #bus #iveco #follow #shortvideo,2026-09-25T20:19:43Z,2026-09-25T20:19:43Z,reject,missing_group:electric_bus,1,transport_impact,0,search,e-bus,,,,,,2026-09-26T20:58:24.774246+07:00
youtube,VEFcCNZcFdc,https://www.youtube.com/watch?v=VEFcCNZcFdc,Xe điện VF3 ngập lụt. Dùng được hay quăng rác ??? #lũlụtmiềntrung #vinfastvf3 #xedien #lũlụt #review,Xe điện VF3 ngập lụt. Dùng được hay quăng rác ??? #lũlụtmiềntrung #vinfastvf3 #xedien #lũlụt #review,2026-09-25T11:36:27Z,2026-09-25T11:36:27Z,reject,missing_group:electric_bus,1,"flood_state,transport_impact",0,search,review bus điện,,,,,,2026-09-26T21:08:04.224589+07:00
youtube,VHccdVMbf0w,https://www.youtube.com/watch?v=VHccdVMbf0w,"Đêm qua đi Trung thu Quảng Ninh về lụy luôn, xe điện, xe buýt 2 tầng, bánh trung thu miễn phí","Đêm qua đi Trung thu Quảng Ninh về lụy luôn, xe điện, xe buýt 2 tầng, bánh trung thu miễn phí",2026-09-20T05:18:58Z,2026-09-20T05:18:58Z,reject,missing_group:electric_bus,1,transport_impact,0,search,xe buýt điện,,,,,,2026-09-26T20:49:25.380785+07:00
youtube,VLg9KxoOYXI,https://www.youtube.com/watch?v=VLg9KxoOYXI,QUẢNG NINH: MIỄN PHÍ ĐƯA ĐÓN HỌC SINH BẰNG XE BUÝT ĐIỆN | VTV5,"QUẢNG NINH: MIỄN PHÍ ĐƯA ĐÓN HỌC SINH BẰNG XE BUÝT ĐIỆN | VTV5
Cụ thể như tại Thành phố Quảng Ninh, để thuận lợi cho việc đi lại, đưa đón học sinh, thành phố sẽ triển khai xe bus điện miễn phí. Đây là địa phương đầu tiên trên cả nước triển khai mô hình này.
Đón xem Bản tin Thời sự vào lúc 11h45 hàng ngày trên kênh VTV5.

Hãy đăng ký kênh Youtube:

""VTV5 - Tiếng dân tộc thiểu số"" để cập nhật các Chương trình tiếng dân tộc hàng ngày: https://www.youtube.com/@vtv5tiengdantocthieuso

""VTV5"" để đón xem các chương trình đặc sắc về đời sống, kinh tế, văn hoá xã hội vùng nông thôn và DTTS: https://www.youtube.com/@vtv5official

---
⭐ĐỒNG BÀO Ở ĐÂU, VTV5 Ở ĐÓ

🔸Xem trực tuyến tại:
Website: vtv5.vtv.vn
VTVgo: https://bit.ly/vtv5official

🔸Kết nối với VTV5 tại:
Facebook: https://www.facebook.com/vtv5dantoc/
TikTok: @vtv5official",2026-09-06T06:00:09Z,2026-09-06T06:00:09Z,accept,electric_bus,1,"transport_impact,electric_bus",0,search,xe bus điện,,,,,,2026-09-26T20:52:23.938507+07:00
youtube,VNoLGMccjgM,https://www.youtube.com/watch?v=VNoLGMccjgM,TẠI BẾN XE BUÝT SÀI GÒN _ CHỜ XE SỐ 39 ĐI BẾN XE MIỀN TÂY ,TẠI BẾN XE BUÝT SÀI GÒN _ CHỜ XE SỐ 39 ĐI BẾN XE MIỀN TÂY,2026-09-18T13:51:26Z,2026-09-18T13:51:26Z,reject,missing_group:electric_bus,1,transport_impact,1,search,xe buýt dien,,,,,,2026-09-26T20:54:04.921545+07:00
youtube,VUEM7Ui-3RA,https://www.youtube.com/watch?v=VUEM7Ui-3RA,Lộ trình tuyến buýt HLX: Times City - OCP1 - Hạ Long (1 - 2/6/2026) | Công ty xe điện VinBus,Lộ trình tuyến buýt HLX: Times City - OCP1 - Hạ Long (1 - 2/6/2026) | Công ty xe điện VinBus,2026-08-30T04:00:33Z,2026-08-30T04:00:33Z,accept,electric_bus,1,"transport_impact,electric_bus",1,search,VinBus,,,,,,2026-09-26T21:03:47.573360+07:00
youtube,VYdDHj0dSsU,https://www.youtube.com/watch?v=VYdDHj0dSsU,Cận cảnh trải nghiệm đi xe buýt phiên bản &quot;xe điện đụng&quot; tại Bangladesh! 😱🚌 #car #tintuc,"Cận cảnh trải nghiệm đi xe buýt phiên bản &quot;xe điện đụng&quot; tại Bangladesh! 😱🚌 #car #tintuc
Đã gọi là đi xe buýt nhưng tiêu chí duy nhất ở đây là: Còn lăn bánh được là còn chạy! Đụng đâu móp đó, không khoảng cách an toàn, muốn lên xuống xe là phải có võ công Thiếu Lâm mới chơi lại 🥋💥
👉 Thôi thôi, đi xe buýt bất ổn quá thì về tậu ngay xế riêng đi cho an lành cả nhà ơi!
📱 Đến ngay CAR360 –tìm xe siêu dễ, giá siêu hời, chốt xe trong một nốt nhạc!
#CAR360 #MuaBanOTo #XeBuytBangladesh #GiaiTri #HaiHuoc #Car360App #OToGiaTot",2026-08-03T08:08:12Z,2026-08-03T08:08:12Z,reject,missing_group:electric_bus,1,transport_impact,0,search,trải nghiệm xe buýt điện,,,,,,2026-09-26T21:08:24.468240+07:00
youtube,VZ80hMaGtCg,https://www.youtube.com/watch?v=VZ80hMaGtCg,DC Bus Là Gì? Tại Sao Biến Tần Có Tụ Điện Rất Lớn?,"DC Bus Là Gì? Tại Sao Biến Tần Có Tụ Điện Rất Lớn?
⚠️ Lưu ý an toàn: DC Bus có thể duy trì điện áp cao sau khi ngắt nguồn. Không chạm vào phần công suất bên trong biến tần khi chưa kiểm tra và xác nhận điện áp đã giảm xuống mức an toàn theo hướng dẫn của nhà sản xuất.

📌 Nội dung trong video:
00:00 DC Bus là gì?
00:30 Đường đi của điện bên trong biến tần
01:30 AC được biến đổi thành DC như thế nào?
02:30 Tại sao DC Bus có điện áp hơn 500V?
03:30 Tụ điện DC Bus có nhiệm vụ gì?
05:00 Tại sao tụ điện phải có kích thước lớn?
06:00 DC Bus liên quan gì đến IGBT?
07:00 Điện trở hãm và năng lượng tái sinh
08:00 DC Bus gặp sự cố sẽ có biểu hiện gì?
09:00 Tóm tắt nguyên lý hoạt động


#BienTan #DCBus #TrungBienTan #IGBT #DienCongNghiep #TuDongHoa #VFD #Inverter",2026-09-16T04:30:18Z,2026-09-16T04:30:18Z,reject,missing_group:electric_bus,1,transport_impact,0,search,bus điện,,,,,,2026-09-26T20:54:15.536247+07:00
youtube,VbY1DqJq8cs,https://www.youtube.com/watch?v=VbY1DqJq8cs,"Bus Tayo Listrik Trans Banjarbakula Beroperasi 1 Oktober, Siapkan Skema Tarif Papadaan","Bus Tayo Listrik Trans Banjarbakula Beroperasi 1 Oktober, Siapkan Skema Tarif Papadaan
WARTABANJAR.COM, BANJARBARU - Setelah mengoperasikan Bus Tayo khusus penumpang perempuan, Trans Banjarbakula (Banjarmasin, Banjarbaru, Banjar, Barito Kuala dan Tanah Laut) akan meluncurkan armada berbahan bakar listrik.

Rencananya, angkutan umum Bus Tayo Listrik itu diujicobakan mulai 1 Oktober 2026.

Dari tiga armada yang tersedia, baru satu unit yang akan menjalani uji coba.

Bus Tayo listrik  melengkapi layanan transportasi umum di kawasan Banjarbakula.(wartabanjar.com)

Baca Selengkapnya: https://wartabanjar.com/2026/09/27/bus-tayo-listrik-trans-banjarbakula-beroperasi-1-oktober-siapkan-skema-tarif-papadaan

#bustayo #TransBanjarbakula #bus #kalsel",2026-09-27T11:52:18Z,2026-09-27T11:52:18Z,reject,missing_group:electric_bus,1,transport_impact,0,search,electric bus,,,,,,2026-09-27T19:04:53.475856+07:00
youtube,VdNG2nfV7xQ,https://www.youtube.com/watch?v=VdNG2nfV7xQ,Ampstar Bus Walkaround ✅ JSW Greentech Electric Bus All Details ,"Ampstar Bus Walkaround ✅ JSW Greentech Electric Bus All Details 
jsw greentech, jsw group ampstar, electric bus, jsw electric, electric buses, jsw ampstar, jsw group launches new brand ampstar, greentech, electricbuses, ampstar ev, electric truck, ampstar launch, ampstar, electric trucks, electric vehicle, electric vehicles, jsw group, electrictrucks, electricvehiclemarket, electricvehicles, electricmobility, jsw, jsw ev",2026-09-22T08:48:17Z,2026-09-22T08:48:17Z,reject,not_vietnam,1,"transport_impact,electric_bus",0,search,e-bus,,,,,,2026-09-26T20:57:51.803596+07:00
youtube,Vf3ySBuO4rM,https://www.youtube.com/watch?v=Vf3ySBuO4rM,Đi xe bus chặng dài ra Suối Tiên tắm với em chân dài #funny #bus,Đi xe bus chặng dài ra Suối Tiên tắm với em chân dài #funny #bus,2026-09-26T04:24:08Z,2026-09-26T04:24:08Z,reject,missing_group:electric_bus,1,transport_impact,0,search,e-bus,,,,,,2026-09-26T20:57:51.796493+07:00
youtube,VmhaRHBdPng,https://www.youtube.com/watch?v=VmhaRHBdPng,⚡ Jhelum Ki Green Electric Bus  Safar Ab Hoga Smart &amp; Green! 🚌💚,"⚡ Jhelum Ki Green Electric Bus  Safar Ab Hoga Smart &amp; Green! 🚌💚
Experience the modern Green Electric Bus Service in Jhelum 🚌💚⚡
Clean, comfortable, eco-friendly transport  bringing a new journey to the people of Jhelum!

#Jhelum #ElectricBus #GreenBus #PunjabGreenElectricBus #PublicTransport #Pakistan #YouTubeShorts",2026-09-27T10:33:01Z,2026-09-27T10:33:01Z,reject,not_vietnam,1,"transport_impact,electric_bus",0,search,electric bus,,,,,,2026-09-27T18:01:34.274475+07:00
youtube,Vx1dff8J8cs,https://www.youtube.com/watch?v=Vx1dff8J8cs,Cách đi xe buýt miển phí tại tp hcm bằng ứng dụng App MultiGo,"Cách đi xe buýt miển phí tại tp hcm bằng ứng dụng App MultiGo
#thichlamdien #thíchlàmđiện
Link mua sản phẩm chính hãng:
1. Tải và cài đặt ứng dụng MultiGo
Để bắt đầu, bạn cần cài đặt ứng dụng MultiGo lên thiết bị di động của mình: 
• Bước 1: Mở cửa hàng ứng dụng Google Play Store (dành cho hệ điều hành Android) hoặc App Store (dành cho hệ điều hành iOS).
• Bước 2: Nhập từ khóa ""MultiGo"" vào thanh tìm kiếm. 
• Bước 3: Nhấn nút Tải về / Cài đặt và chờ trong giây lát để hệ thống hoàn tất việc tải ứng dụng.
• Bước 4: Mở ứng dụng, cấp quyền truy cập vị trí (GPS) để MultiGo có thể xác định trạm xe buýt gần nhất và đề xuất tuyến đường phù hợp cho bạn. 
2. Đăng ký tài khoản và nhận ưu đãi chuyến đi miễn phí
Sau khi cài đặt xong, bạn cần tạo tài khoản để quản lý các chuyến đi và nhận ưu đãi: 
• Nhấn vào mục Đăng ký / Đăng nhập trên màn hình chính.
• Bạn có thể đăng ký nhanh thông qua số điện thoại, tài khoản Google hoặc Facebook.
• Nhập mã OTP được gửi về điện thoại để hoàn tất xác thực.
• Mẹo nhận lượt đi miễn phí: Đừng quên kiểm tra mục Ví ưu đãi hoặc Mã khuyến mãi trong ứng dụng. MultiGo thường xuyên phát hành các voucher đi xe buýt 0 đồng dành cho người dùng mới, học sinh - sinh viên, hoặc trong các đợt chiến dịch khuyến khích người dân sử dụng giao thông xanh. 
3. Cách tìm chuyến và tra cứu lộ trình xe buýt
Giao diện của MultiGo được thiết kế trực quan, rất dễ thao tác: 
1. Tìm tuyến nhanh: Tại thanh tìm kiếm trên cùng, bạn có thể gõ tên tuyến xe (ví dụ: Tuyến VinBus D4, Tuyến 08, Metro 1...) hoặc nhập điểm đi - điểm đến. 
2. Theo dõi thời gian thực: Ứng dụng sẽ hiển thị chi tiết lộ trình di chuyển, danh sách các trạm dừng, lịch xuất bến cũng như gian còn bao nhiêu phút thì xe buýt cập trạm. Điều này giúp bạn chủ động thời gian và không lo bị lỡ chuyến. 
3. Bản đồ trực quan: Bản đồ tích hợp giúp bạn định vị chính xác vị trí của xe buýt đang di chuyển trên đường. 
4. Hướng dẫn sử dụng vé miễn phí khi lên xe
Khi xe buýt chuẩn bị đến trạm, bạn thực hiện các bước sau để sử dụng mã vé: 
• Bước 1: Vào mục Thẻ/Vé của tôi hoặc chọn chuyến đi bạn đã chuẩn bị.
• Bước 2: Chọn mã giảm giá/voucher miễn phí đã tích lũy. 
• Bước 3: Khi lên xe, bạn đưa mã QR hiện trên màn hình điện thoại cho nhân viên soát vé hoặc quét mã tại máy quét tự động trên xe buýt.
• Bước 4: Hệ thống xác nhận giao dịch 0 đồng thành công, bạn chỉ cần tìm chỗ ngồi và tận hưởng hành trình di chuyển an toàn, mát mẻ. 
Một số lưu ý nhỏ giúp chuyến đi thuận lợi hơn
• Bật định vị GPS: Giúp app thông báo cho bạn khi xe buýt chuẩn bị cập trạm hoặc nhắc nhở bạn xuống đúng trạm dừng.
• Chuẩn bị mã vé trước: Bạn nên mở sẵn mã QR trên app trước khi lên xe để tránh mất thời gian của bản thân và người khác.
Sử dụng MultiGo không chỉ giúp bạn tiết kiệm đáng kể chi phí di chuyển hàng ngày mà còn góp phần bảo vệ môi trường, giảm ùn tắc giao thông tại TP.HCM. Hãy tải ngay ứng dụng MultiGo để trải nghiệm tiện ích tuyệt vời này ngay hôm nay!",2026-09-26T12:00:23Z,2026-09-26T12:00:23Z,accept,electric_bus,1,"transport_impact,electric_bus",1,search,tuyến xe buýt điện,,,,,,2026-09-26T21:05:59.867483+07:00
youtube,W1AAbFn7wiw,https://www.youtube.com/watch?v=W1AAbFn7wiw,"Tin vui: Hà Nội miễn phí xe buýt, tàu điện trong 5 ngày nghỉ lễ Quốc khánh 02/9 | Luật Việt Nam","Tin vui: Hà Nội miễn phí xe buýt, tàu điện trong 5 ngày nghỉ lễ Quốc khánh 02/9 | Luật Việt Nam
Tin vui: Hà Nội miễn phí xe buýt, tàu điện trong 5 ngày nghỉ lễ Quốc khánh 02/9 #shorts | Luật Việt Nam

Trong 05 ngày nghỉ lễ Quốc khánh, từ ngày 29/8 đến hết ngày 02/9, người dân được sử dụng miễn phí xe buýt và tàu điện (metro) tại Hà Nội.

Theo kế hoạch của Trung tâm Quản lý và Điều hành giao thông thành phố Hà Nội, mỗi ngày thành phố duy trì hơn 17.000 lượt xe buýt, hoạt động từ 4 giờ 30 phút đến 22 giờ 30 phút, với tần suất từ 05 đến 30 phút/chuyến.

Cụ thể, ngày 29 và 31/8 dự kiến có 17.645 lượt xe/ngày; ngày 30/8 có 17.335 lượt xe; ngày 1 và 02/9 có 17.642 lượt xe/ngày.

..

Tham khảo thêm https://luatvietnam.vn/tin-van-ban-moi/ha-noi-mien-phi-xe-buyt-tau-dien-trong-5-ngay-nghi-le-quoc-khanh-02-9-186-111787-article.html

#LuatVietnam, #LuậtViệtNam, #Chinhsachmoi, #Kienthucphapluat, #Luatsutuvan, #tintucphapluat24h #shorts #vneid #thecancuoc

Theo dõi các nội dung trên kênh Luật Việt Nam tại:
- Thời sự pháp luật: https://bit.ly/thoisuphapluat
- 1 phút hiểu luật: https://bit.ly/1phuthieuluat
- Video hay nhất Luật Việt Nam: https://bit.ly/videohaynhatluatvietnam
- Video trên kênh Luật Việt Nam: https://bit.ly/Videotrenluatvietnam
- Đất đai - Sổ đỏ - Nhà ở: https://bit.ly/Datdai-sodo-nhao-LuatVietnam
- Giao thông: https://bit.ly/3Lw22Fz
- Giáo dục: https://bit.ly/460vrzZ
- Căn cước công dân - Giấy tờ tùy thân: https://bit.ly/48o3tQb
- Cán bộ - Công chức - Viên chức: https://bit.ly/3rvu2lU
- Lao động - Tiền lương: https://bit.ly/3PutQv8
- Bảo hiểm y tế - BHXH - BHTN: https://bit.ly/3Zqnamp
- Thủ tục hành chính: https://bit.ly/3RpfLC0
- Tài chính - Kinh doanh: https://tinyurl.com/42nbtbft
- Nghĩa vụ quân sự - Nghĩa vụ công an: https://tinyurl.com/spzv425w
- Luật dân sự: https://tinyurl.com/yermwprk
- Luật hình sự: https://tinyurl.com/58wa5k3v
➤ Cảm ơn các bạn đã theo dõi!  Like và Subcribe Kênh LuatVietnam nhé!
Mọi góp ý, vui lòng liên hệ với chúng mình theo Email: cskh@luatvietnam.vn. 
☎ Gọi 19006192 nếu có vướng mắc về các vấn đề pháp luật.
https://www.facebook.com/groups/luatvietnam ➡️ Trao đổi, thảo luận, ""gỡ rối"" các vấn đề về pháp luật. 
https://www.youtube.com/@UCJS4-HA9bdP8ZJ9o_mFRIFA ➡️  ĐĂNG KÝ Để cập nhật thông tin mới nhất hữu ích nhất.
https://www.youtube.com/@UCspJP5ahf8MX4Bk6ChfQTYg ➡️ Xem nội dung hay trên kênh Video ngắn Luật Việt Nam Shorts 
------------------------------------
✴️ Thông tin về https://www.youtube.com/@UCJS4-HA9bdP8ZJ9o_mFRIFA 
► Website: https://luatvietnam.vn/ tra cứu văn bản pháp luật nhanh nhất và chuẩn nhất
► Fanpage: https://www.facebook.com/LuatVietnam.vn
►Tải App LuatVietnam trên Android: https://bom.to/9WKHuq
►Tải App LuatVietnam trên IOS: https://bom.to/YoNVqm
 (C) LuatVietnam giữ bản quyền nội dung trang Video này.
Tin vui: Hà Nội miễn phí xe buýt, tàu điện trong 5 ngày nghỉ lễ Quốc khánh 02/9 #shorts | Luật Việt Nam",2026-08-23T10:42:09Z,2026-08-23T10:42:09Z,reject,missing_group:electric_bus,1,"transport_impact,hanoi_location",0,search,xe buyt dien,,,,,,2026-09-26T20:52:53.896757+07:00
youtube,W2pNQhbqx1I,https://www.youtube.com/watch?v=W2pNQhbqx1I,Cách thay lốp xe điện đơn giản và hiệu quả. #tusuachua #xedien #thoaithodien ,Cách thay lốp xe điện đơn giản và hiệu quả. #tusuachua #xedien #thoaithodien,2026-09-27T01:04:52Z,2026-09-27T01:04:52Z,reject,missing_group:electric_bus,1,transport_impact,0,search,bus dien,,,,,,2026-09-27T16:03:42.065798+07:00
youtube,W7UfPVbpjJo,https://www.youtube.com/watch?v=W7UfPVbpjJo,Điều ĐÁNG SỢ Về Chuyến Xe Buýt Không Có Điểm Dừng Lúc 1 Giờ Sáng🛑🤒👣,"Điều ĐÁNG SỢ Về Chuyến Xe Buýt Không Có Điểm Dừng Lúc 1 Giờ Sáng🛑🤒👣
Đừng xem video này nếu bạn đang ở một mình...
Video mang tính chất giải trí, nội dung hư cấu.Không có tính chất hay cổ xúy cho mê tín dị đoan 

Những câu chuyện ngắn  nhưng có thể khiến bạn phải xem lại nhiều lần. 
Bạn có nghe thấy điều gì không? Hãy xem đến cuối và kiểm tra lại phía sau bạn...

Theo dõi kênh để xem thêm những video đáng sợ mỗi ngày.
#shorts #truyentamlinh#kinhdi #scary #horror #chuyendem3am #shortsvideo #viralshorts #fyp#kechuyendemkhuya #creepy #phimma",2026-09-21T04:45:39Z,2026-09-21T04:45:39Z,reject,missing_group:electric_bus,1,transport_impact,0,search,xe buýt dien,,,,,,2026-09-26T20:54:04.910541+07:00
youtube,WBQc--gwJWw,https://www.youtube.com/watch?v=WBQc--gwJWw,"TP HỒ CHÍ MINH KHÔNG CẤM XE XĂNG: ƯU TIÊN XE ĐIỆN, MỞ RỘNG GIAO THÔNG CÔNG CỘNG #tintuc","TP HỒ CHÍ MINH KHÔNG CẤM XE XĂNG: ƯU TIÊN XE ĐIỆN, MỞ RỘNG GIAO THÔNG CÔNG CỘNG #tintuc
Thành phố Hồ Chí Minh không cấm xe xăng, nhưng sẽ khuyến khích người dân chuyển sang xe điện và đẩy mạnh phát triển giao thông công cộng để giảm ùn tắc. Đây là định hướng được Bí thư Thành ủy Trần Lưu Quang nêu tại buổi tiếp xúc cử tri ngày hai mươi tư tháng chín.

Trong video hôm nay, an sinh 365 sẽ cùng quý vị tìm hiểu những nội dung đáng chú ý:

Vì sao Thành phố Hồ Chí Minh khẳng định không cấm người dân sử dụng xe xăng?

Chính sách khuyến khích chuyển đổi sang xe điện và hỗ trợ chi phí cho người dân.

Kế hoạch miễn phí xe buýt, tổ chức lại mạng lưới xe buýt và mở rộng đường sắt đô thị.

Mục tiêu đến năm hai nghìn không trăm ba mươi, giao thông công cộng đáp ứng khoảng mười lăm đến hai mươi phần trăm nhu cầu đi lại.

Đề xuất thí điểm vùng phát thải thấp tại khu vực lõi trung tâm và Thủ Thiêm từ giữa năm hai nghìn không trăm hai mươi bảy.

Video cũng phân tích định hướng hạn chế phương tiện cá nhân theo khu vực, khung giờ và mức phát thải, cùng những vấn đề người dân cần quan tâm trong quá trình chuyển đổi phương tiện.

📺 AN SINH 365 – kênh cập nhật, phân tích và tổng hợp những thông tin đáng chú ý liên quan tới an sinh, đời sống và pháp luật.

👉 Hãy đăng ký và theo dõi AN SINH 365 để không bỏ lỡ những thông tin mới nhất.

📚 Nguồn thông tin: Báo chí chính thống, văn bản pháp luật, tài liệu công khai và các nguồn mở hợp pháp. Nội dung phục vụ mục đích tổng hợp, phân tích, bình luận và tham khảo; không bóp méo sự thật.

📷 Hình ảnh & âm thanh: Sử dụng từ thư viện miễn phí bản quyền như Pixabay, Pexels, Unsplash, Mixkit hoặc được tạo mới bằng AI, bảo đảm phù hợp với yêu cầu về bản quyền.

⚖️ Một số trích đoạn báo chí, văn bản hoặc tư liệu có bản quyền được sử dụng phục vụ mục đích phân tích, bình luận và cung cấp thông tin, không nhằm thay thế nội dung gốc.

📢 Lưu ý: Kênh không đại diện cho bất kỳ tổ chức hay cơ quan nào. Nội dung chỉ mang tính tổng hợp, phân tích và tham khảo, trên cơ sở các nguồn thông tin công khai.

#tintuc #tintuc24h #tintuchomnay #thoisu #ansinh #ansinhxahoi #chinhsach #phapluat #nghidinh178 #lamdong #ansinh365",2026-09-25T11:45:22Z,2026-09-25T11:45:22Z,reject,missing_group:electric_bus,1,transport_impact,1,search,xe điện công cộng,,,,,,2026-09-26T21:05:52.170261+07:00
youtube,WBkw0uD89WI,https://www.youtube.com/watch?v=WBkw0uD89WI,Giao Thông Công Cộng HCM cho nhân viên văn phòng,Giao Thông Công Cộng HCM cho nhân viên văn phòng,2026-08-12T12:15:52Z,2026-08-12T12:15:52Z,reject,missing_group:electric_bus,1,transport_impact,0,search,điểm dừng xe buýt điện,,,,,,2026-09-26T21:07:43.634109+07:00
youtube,WEl7wEVeJFs,https://www.youtube.com/watch?v=WEl7wEVeJFs,Tuyến 09A trên xe buýt điện Vinfast EB8 29E-560.30,Tuyến 09A trên xe buýt điện Vinfast EB8 29E-560.30,2026-08-10T13:59:13Z,2026-08-10T13:59:13Z,accept,electric_bus,1,"transport_impact,electric_bus",0,search,điểm dừng xe buýt điện,,,,,,2026-09-26T21:07:46.904839+07:00
youtube,WEr8HJ9eABE,https://www.youtube.com/watch?v=WEr8HJ9eABE,REVIEW DAT BIKE WEAVER 200 XE MÁY ĐIỆN CHẠY 285KM TIẾNG ĐỘNG CƠ NHƯ XE XĂNG,"REVIEW DAT BIKE WEAVER 200 XE MÁY ĐIỆN CHẠY 285KM TIẾNG ĐỘNG CƠ NHƯ XE XĂNG
⬇️ SẢN PHẨM TRONG VIDEO ⬇️
--------------------------------
👉 Xe máy điện Dat Bike Weaver 200
🛒 Link mua: https://s.shopee.vn/AKZi1gbNbB
--------------------------------
Vừa trải nghiệm Dat Bike Weaver 200 tại showroom mới 99 Quang Trung Hà Đông và phải nói là ấn tượng thật sự! Chiếc xe này chạy được tới 285km một lần sạc, chất lượng không thua kém xe xăng truyền thống. Điểm đặc biệt nhất là có tiếng động cơ giống xe máy thật, giúp tăng độ an toàn khi tham gia giao thông. Tay ga rất đều, không delay, bốc cực tốt khi vặn ga. Không gian showroom tối giản, nhiều khách hàng đến trải nghiệm và đặt cọc. Với mức giá gần 50 triệu, mình nghĩ nó xứng đáng với công nghệ và trải nghiệm mà xe mang lại. Nếu bạn đang tìm một chiếc xe máy điện chất lượng, đây là lựa chọn đáng cân nhắc!

#datbike #xemaydien #weaver200 #review #xe",2026-09-23T11:58:42Z,2026-09-23T11:58:42Z,reject,missing_group:electric_bus,1,"transport_impact,hanoi_location",0,search,review bus điện,,,,,,2026-09-26T21:08:04.334059+07:00
youtube,WKpqaJstbmk,https://www.youtube.com/watch?v=WKpqaJstbmk,PENAMBAHAN 2 BUS BARUUU!!!!!!! UPDATE BUS EXPLORER INDONESIA v 1.2.11,"PENAMBAHAN 2 BUS BARUUU!!!!!!! UPDATE BUS EXPLORER INDONESIA v 1.2.11
Apa saja updatenya...????

v 1.2.11
- Added 2 New Bus
- Added some new modification accessories & livery

Redeem Code : 
- WELCOME 
- PATCH27 (Expired 15/10/2026)
- 6900LIKE (Expired 15/10/2026)
- 1ANNIVERSARY (Expired 5/10/2026)



body bus :
-Avante double Decker
-Laksana Sprinter(LIMITED)


untuk yg body laksana sprinter mesin depan waktunya hanya 3 jam,dari jam 19:00 - 22:00. Untuk double Decker AVANTE,permanen dealer





#bussid #bussidindonesia #bus #busmania #bxi #roblox #sugengrahayu #games #busexplorer #pariwisata",2026-09-26T14:15:37Z,2026-09-26T14:15:37Z,reject,missing_group:electric_bus,1,transport_impact,0,search,e-bus,,,,,,2026-09-26T22:04:45.826971+07:00
youtube,WQdlYnf5r7s,https://www.youtube.com/watch?v=WQdlYnf5r7s,TP.HCM: Đình chỉ ngay tiếp viên xe buýt xô đẩy khách xuống xe,"TP.HCM: Đình chỉ ngay tiếp viên xe buýt xô đẩy khách xuống xe
Xem tại: https://tuoitre.vn/tphcm-dinh-chi-ngay-tiep-vien-xe-buyt-xo-day-khach-xuong-xe-100260926095602969.htm

Trung tâm Quản lý giao thông công cộng đã xác minh và xử lý tiếp viên xe buýt xô đẩy khách xuống xe từ phản ánh của hành khách trên tuyến 152.

#tinnong 

- Tin tức nhanh: https://tuoitre.vn
- Tin thời sự: https://tuoitre.vn/phap-luat
- Tin tức thế giới xem: https://tuoitre.vn/the-gioi

Kênh thông tin chính thức của #Báo_Tuổi_Trẻ trên YouTube.
 
Tin tức nhanh nhất, mới nhất, nóng nhất đang diễn ra ở Việt Nam và thế giới về: thời sự, kinh tế, chính trị, xã hội, giáo dục, thể thao, văn hóa, giải trí, công nghệ, nhịp sống số, pháp luật, du lịch...

#TuoiTre #BaoTuoiTre #TinNong #Thời_Sự #ThoiSu #Tuổi_Trẻ 
-----------
Đăng ký kênh xem thêm nhiều chuyên mục hấp dẫn khác:
https://bit.ly/3k1RCAR
Facebook: 
- https://facebook.com/baotuoitre
- https://facebook.com/Truyenhinh.BaoTuoiTre
Bản quyền nội dung thuộc về Báo điện tử Tuổi Trẻ
Cơ quan Báo và Phát thanh, Truyền hình TP.HCM
--------------------
TÒA SOẠN BÁO ĐIỆN TỬ TUỔI TRẺ
- Địa chỉ: Số 60A, Hoàng Văn Thụ, Phường.Đức Nhuận Thành phố Hồ Chí Minh, Việt Nam
- Điện thoại: (84.8) 3.997.3838
- Website: http://tuoitre.vn
- Email: tto@tuoitre.com.vn
- Đường dây nóng: 0918.033.133 - (84.8) 39.971.010",2026-09-26T04:15:23Z,2026-09-26T04:15:23Z,reject,missing_group:electric_bus,1,transport_impact,1,search,bus điện,,,,,,2026-09-27T16:00:35.204066+07:00
youtube,WZTlXRL_CjA,https://www.youtube.com/watch?v=WZTlXRL_CjA,hrtc new electric bus Rampur bushahar,hrtc new electric bus Rampur bushahar,2026-09-26T14:18:07Z,2026-09-26T14:18:07Z,reject,not_vietnam,1,"transport_impact,electric_bus",0,search,electric bus,,,,,,2026-09-26T22:04:28.766411+07:00
youtube,WZgMuOPbTiI,https://www.youtube.com/watch?v=WZgMuOPbTiI,CTA 2022 NovaBUS &quot;LFS&quot; 8452 on Route 2 #bus #shorts,CTA 2022 NovaBUS &quot;LFS&quot; 8452 on Route 2 #bus #shorts,2026-09-26T02:26:01Z,2026-09-26T02:26:01Z,reject,missing_group:electric_bus,1,transport_impact,0,search,e-bus,,,,,,2026-09-27T16:01:29.874635+07:00
youtube,WvXqR801D3s,https://www.youtube.com/watch?v=WvXqR801D3s,"✅Xe Điện Vinfast 7 Chỗ Còn 555Tr Với Voucher | Limo Green, MPV7 Hấp Dẫn Hơn Xe Xăng | Giá Xe Việt","✅Xe Điện Vinfast 7 Chỗ Còn 555Tr Với Voucher | Limo Green, MPV7 Hấp Dẫn Hơn Xe Xăng | Giá Xe Việt
✅Xe Điện Vinfast 7 Chỗ Còn 555Tr Với Voucher | Limo Green, MPV7 Hấp Dẫn Hơn Xe Xăng | Giá Xe Việt
#giaxeviet #vinfast #mpv7 
►Zalo Group Báo Giá Xe Vinfast: https://zalo.me/g/xqpf9nyumlamywf7xq61
Nhận Thu Cũ Đổi Mới 0974739383 (Nhận Đặt Hotline)
- Zalo: https://zalo.me/0974739383
- Fanpage Facebook Giá Xe Việt: https://www.facebook.com/GiaXeVietOffical/
► Vinfast Miền Bắc: 0922.69.99.66
► Vinfast Miền Nam:  0909.146.882 
Một lựa chọn đáng chú ý cho gia đình cần một mẫu MPV 7 chỗ rộng rãi, vận hành êm ái và tiết kiệm chi phí sử dụng.

💰 GIÁ NIÊM YẾT THAM KHẢO: 750 TRIỆU ĐỒNG

⚡ ĐỘNG CƠ – VẬN HÀNH
• Mô-tơ điện đặt phía trước
• Công suất 201 mã lực
• Mô-men xoắn 280 Nm
• Pin 60,13 kWh
• Tầm hoạt động 450 km/lần sạc – NEDC
• Dẫn động cầu trước
• 3 chế độ lái: Eco / Normal / Sport
• Sạc nhanh DC tối đa 80 kW
• Sạc 10–70% khoảng 30 phút

📐 KÍCH THƯỚC
• Dài x Rộng x Cao: 4.740 x 1.872 x 1.734 mm
• Chiều dài cơ sở: 2.840 mm
• Khoảng sáng gầm: 185 mm
• 7 chỗ ngồi

✨ NGOẠI THẤT
• Đèn pha LED thấu kính
• Đèn hậu LED
• Đèn định vị chữ “V” đặc trưng
• Mâm hợp kim 19 inch
• Gương chiếu hậu chỉnh/gập điện
• Cốp sau đóng mở cơ

🛋️ NỘI THẤT – TIỆN NGHI
• Ghế da nhân tạo
• Ghế lái chỉnh cơ 6 hướng
• Vô-lăng D-cut bọc da
• Màn hình trung tâm 10,1 inch
• Apple CarPlay & Android Auto
• Âm thanh 4 loa
• Điều hòa tự động 1 vùng, lọc bụi PM2.5
• Có cửa gió điều hòa cho hàng ghế thứ 3
• Cần số điện tử sau vô-lăng

🛡️ AN TOÀN
• 4 túi khí
• ABS – EBD – BA
• Cân bằng điện tử
• Hỗ trợ khởi hành ngang dốc
• Camera lùi
• Cảm biến đỗ xe phía sau
• Phanh đĩa trước thông gió
• Treo trước MacPherson
• Treo sau đa liên kết
----------------------------------------------
*Link Facebook : https://www.facebook.com/GiaXeVietOffical
*Link Youtube : https://www.youtube.com/@GiaXeViet_Official
*Link Tiktok :  https://www.tiktok.com/@giaxevietoffical",2026-09-26T12:30:05Z,2026-09-26T12:30:05Z,reject,missing_group:electric_bus,1,transport_impact,0,search,bus dien,,,,,,2026-09-27T17:03:25.797220+07:00
youtube,WvxTS1ISdiE,https://www.youtube.com/watch?v=WvxTS1ISdiE,Thu Xăng Đổi Điện- ưu đãi lên đến 9%. Giá xe VinFast mới nhất #báogiáxe #automobile #review,Thu Xăng Đổi Điện- ưu đãi lên đến 9%. Giá xe VinFast mới nhất #báogiáxe #automobile #review,2026-09-26T03:01:04Z,2026-09-26T03:01:04Z,reject,missing_group:electric_bus,1,,0,search,review bus điện,,,,,,2026-09-26T21:08:04.204862+07:00
youtube,WzTor0PozJg,https://www.youtube.com/watch?v=WzTor0PozJg,"TS Bùi Ngọc Sơn: Xe điện Tesla của Tỷ phú Elon Musk bị “TRÓI CHÂN”,  không thể rời khỏi Trung Quốc?","TS Bùi Ngọc Sơn: Xe điện Tesla của Tỷ phú Elon Musk bị “TRÓI CHÂN”,  không thể rời khỏi Trung Quốc?
VTC News | Tesla có thực sự đang “mắc kẹt” tại Trung Quốc? Nếu Elon Musk muốn rời thị trường này, Tesla sẽ phải đánh đổi những gì?

Trong chương trình, TS Bùi Ngọc Sơn phân tích thế tiến thoái lưỡng nan của Tesla tại Trung Quốc: một bên là rủi ro địa chính trị, một bên là nguy cơ mất đi thị trường khổng lồ, Gigafactory Thượng Hải và hệ sinh thái chuỗi cung ứng mà rất khó tìm nơi thay thế.

Không chỉ là câu chuyện về một nhà máy, Tesla còn đang gắn với CATL, BYD, mạng lưới hàng trăm nhà cung ứng và một hệ sinh thái xe điện có quy mô hàng đầu thế giới.

Nếu Tesla thực sự rời Trung Quốc, ai sẽ là bên hưởng lợi? BYD hay các đối thủ xe điện khác? Và quan trọng nhất: Tesla có thực sự đủ khả năng để rời Trung Quốc?

Cùng TS Bùi Ngọc Sơn phân tích bài toán sống còn của Tesla trong cuộc cạnh tranh xe điện Mỹ - Trung.
#TSBuiNgocSon #Tesla #TeslaTrungQuoc #ElonMusk #TeslaChina #TeslaShanghai #GigafactoryShanghai #BYD #CATL #XeDien #XeDienTrungQuoc #TrungQuoc #MyTrung #CongNghe #TinTuc24h #VTCNews
Kênh Youtube chính thức của Báo điện tử VTC News - Cập nhật tin tức thời sự nhanh chóng, chính xác nhất
Kết nối với VTC News tại:
✓ Website: http://vtcnews.vn
✓ Facebook : https://www.facebook.com/vtcnewsvn/
✓ Twitter: http://twitter.com/vtcnewsvn
✓ Youtube: https://www.youtube.com/@VTCNewstintuc
Cơ quan chủ quản: Đài Tiếng nói Việt Nam
Email: toasoan@vtcnews.vn
#VTCNews #xuhuong #News #baodientu #tintuc #thoisu",2026-08-10T12:00:06Z,2026-08-10T12:00:06Z,reject,missing_group:electric_bus,1,transport_impact,0,search,tuyến bus điện,,,,,,2026-09-27T16:02:28.219784+07:00
youtube,X9BF6UyYYK8,https://www.youtube.com/watch?v=X9BF6UyYYK8,new electric hrtc bus🚍🚍🚍 #hrtcbusstatus #electricbuses #himachalngo #hrtc #travel #mountains,new electric hrtc bus🚍🚍🚍 #hrtcbusstatus #electricbuses #himachalngo #hrtc #travel #mountains,2026-09-26T17:40:37Z,2026-09-26T17:40:37Z,reject,missing_group:electric_bus,1,transport_impact,0,search,electric bus,,,,,,2026-09-27T16:04:55.138039+07:00
youtube,XGUhWL6ZWCo,https://www.youtube.com/watch?v=XGUhWL6ZWCo,GẦN 71% XE TAXI CHẠY ĐIỆN | VTV5,"GẦN 71% XE TAXI CHẠY ĐIỆN | VTV5
Hiện đã có hơn 6% phương tiện điện trong tổng số hơn 6,3 triệu xe.Gần 71% taxi là phương tiện chạy năng lượng điện, hơn 23% xe buýt dùng năng lượng xanh.Cả nước đã có hơn 15 nghìn trạm sạc xe điện.Căn cứ trên tốc độ phát triển phương tiện, nhu cầu điện bổ sung cho giao thông dự báo đến năm 2030 cần từ 3 đến 4 tỷ kWh/năm. 

Đón xem Bản tin Thời sự vào lúc 11h45 hàng ngày trên kênh VTV5.

Hãy đăng ký kênh Youtube:

""VTV5 - Tiếng dân tộc thiểu số"" để cập nhật các Chương trình tiếng dân tộc hàng ngày: https://www.youtube.com/@vtv5tiengdantocthieuso

""VTV5"" để đón xem các chương trình đặc sắc về đời sống, kinh tế, văn hoá xã hội vùng nông thôn và DTTS: https://www.youtube.com/@vtv5official

---
⭐ĐỒNG BÀO Ở ĐÂU, VTV5 Ở ĐÓ

🔸Xem trực tuyến tại:
Website: vtv5.vtv.vn
VTVgo: https://bit.ly/vtv5official

🔸Kết nối với VTV5 tại:
Facebook: https://www.facebook.com/vtv5dantoc/
TikTok: @vtv5official",2026-09-19T08:24:54Z,2026-09-19T08:24:54Z,reject,missing_group:electric_bus,1,transport_impact,0,search,xe điện công cộng,,,,,,2026-09-26T21:05:52.244333+07:00
youtube,XIeBj8CuJO0,https://www.youtube.com/watch?v=XIeBj8CuJO0,review type3 pro -  xe điện Anh Nguyên - EV,"review type3 pro -  xe điện Anh Nguyên - EV
xe điện Anh Nguyên -EV chuyên phân phối các dòng xe đạp điện - xe máy điện toàn quốc
Đc: 425 Nguyễn Văn Quá, phường Đông Hưng Thuận, HCM",2026-09-23T06:25:33Z,2026-09-23T06:25:33Z,reject,missing_group:electric_bus,1,transport_impact,0,search,review bus điện,,,,,,2026-09-26T21:08:04.360069+07:00
youtube,Xcqx9cwAE7E,https://www.youtube.com/watch?v=Xcqx9cwAE7E,Xe đạp trợ lực điện Giant cho nữ giá rẻ chính hãng | Momentum ESPRESSO E+ 2026 ...,"Xe đạp trợ lực điện Giant cho nữ giá rẻ chính hãng | Momentum ESPRESSO E+ 2026 ...
❌ 100% GIÁ RẺ HƠN SHOPEE, TITOK, LAZADA ❌ 10% SALE OFF - 3 KHÁCH HÀNG SUB KÊNH & MUA HÀNG ĐẦU TIÊN ❌

MOMENTUM 2026 ESPRESSO E+ là mẫu xe đạp trợ lực điện đô thị hiện đại, được thiết kế dành cho nhu cầu di chuyển hằng ngày, đi làm, đi học hoặc dạo phố với sự thoải mái và tiện lợi tối đa. Đây là dòng xe thuộc thương hiệu Momentum – nhánh xe phong cách sống của Giant, nổi bật với thiết kế trẻ trung, dễ sử dụng và phù hợp môi trường thành phố hiện đại ...

👉 Link sp: https://thethao365.com.vn/xe-dap-dien.html

💯 Thể thao 365 | Hệ thống bán lẻ các dòng xe đạp thể thao, xe đạp địa hình, xe đạp giá rẻ, xe đạp học sinh, #xe_đạp_Giant, #xe_đạp_điện, xe đạp trẻ em , #GIANT_E, xe đạp, xe đạp nhập khẩu, #xe_đạp_chính_hãng ....

🚛 Giao hàng toàn quốc, hỗ trợ chuyển ra bến xe hoặc gửi chuyển phát nhanh đối với các bạn ở tỉnh xa.

🏠 Địa chỉ CÔNG TY CỔ PHẦN THỂ THAO 365:
        👉 Showroom 01: 73 Giang Văn Minh, Quận Ba Đình, TP. Hà Nội
        👉 Showroom 02: Quận Thanh Xuân, TP. Hà Nội (coming soon)
☎️ Liên hệ mua hàng: Hotline 0907 063 132 & 0898 696 808.
📞 Nhận đặt hàng qua Facebook, Website, Zalo
🌐 Website: https://thethao365.com.vn
🛒 Shopee: https://byvn.net/dIaQ
🛒 ShopeeMall: https://shopee.vn/thethao365vn",2026-09-23T11:15:22Z,2026-09-23T11:15:22Z,reject,missing_group:electric_bus,1,"transport_impact,hanoi_location",0,search,bus điện,,,,,,2026-09-26T20:54:12.086433+07:00
youtube,XsWIOhKzsEM,https://www.youtube.com/watch?v=XsWIOhKzsEM,New Launched Bus Zero Pollution #shortsfeed,New Launched Bus Zero Pollution #shortsfeed,2026-09-26T15:50:46Z,2026-09-26T15:50:46Z,reject,missing_group:electric_bus,1,transport_impact,0,search,electric bus,,,,,,2026-09-27T18:01:47.237306+07:00
youtube,Y0MtlwYyw-8,https://www.youtube.com/watch?v=Y0MtlwYyw-8,Pati5 j4 fè nouvo Rancont pandan li nan yon bus vin swiv avèm #gentek #nevaton #vna #syntron,Pati5 j4 fè nouvo Rancont pandan li nan yon bus vin swiv avèm #gentek #nevaton #vna #syntron,2026-09-02T18:01:52Z,2026-09-02T18:01:52Z,reject,missing_group:electric_bus,1,transport_impact,0,search,Vin Bus,,,,,,2026-09-26T21:05:20.981333+07:00
youtube,Y7KkcFReH-Q,https://www.youtube.com/watch?v=Y7KkcFReH-Q,Vài phú để biết về VinFast VF Wild #shorts,"Vài phú để biết về VinFast VF Wild #shorts
Vài phú để biết về VinFast VF Wild #shorts",2026-09-24T00:15:24Z,2026-09-24T00:15:24Z,reject,missing_group:electric_bus,1,,0,search,review bus điện,,,,,,2026-09-27T16:02:46.303000+07:00
youtube,YOPuEIsnxPA,https://www.youtube.com/watch?v=YOPuEIsnxPA,Trải nghiệm xe buýt Hà Nội tuyến 50: Long Biên - Khu đô thị An Lạc (Hoài Đức) (2),"Trải nghiệm xe buýt Hà Nội tuyến 50: Long Biên - Khu đô thị An Lạc (Hoài Đức) (2)
LỘ TRÌNH
+) Lộ trình chiều đi: Long Biên (vị trí đỗ tại đường dành riêng cho xe buýt) - Yên Phụ - Trần Nhật Duật - Quay đầu tại nút giao phố Hàng Khoai - Trần Nhật Duật - Yên Phụ - Điểm trung chuyển xe buýt Long Biên - Yên Phụ (đường dành riêng cho xe buýt) - Đường Thanh Niên - Hùng Vương - Phan Đình Phùng - Hoàng Diệu - Trần Phú - Sơn Tây- Kim Mã - Liễu Giai - Nguyễn Chí Thanh - Trần Duy Hưng - Phạm Hùng - Quay đầu tại đối diện số nhà CT5 Khu đô thị Sông Đà, Mỹ Đình - Phạm Hùng - Mễ Trì - Lê Quang Đạo - Lê Đức Thọ - Trần Hữu Dực - Trịnh Văn Bô - đường 70 - Khu đô thị Vân Canh - đường vào khu đô thị An Lạc - Khu đô thị An Lạc (đối diện tòa nhà Moonlight 1).

+) Lộ trình chiều về : Khu đô thị An Lạc (đối diện tòa nhà Moonlight 1) - đường vào khu đô thị An Lạc – Khu đô thị Vân Canh - đường 70 - Trịnh Văn Bô - Trần Hữu Dực - Lê Đức Thọ - Lê Quang Đạo - quay đầu tại điểm mở dải phân cách trước chung cư The matrix One - Lê Quang Đạo - Mễ Trì - Phạm Hùng - Trần Duy Hưng - Nguyễn Chí Thanh - Liễu Giai - Kim Mã - Nguyễn Thái Học - Hoàng Diệu - Nguyễn Biểu - Quán Thánh - Đường Thanh Niên - Yên Phụ (đường ngoài) - rẽ vào Yên Phụ (đường dành riêng cho xe buýt) tại vị trí dưới chân cầu vượt đi bộ đối diện trường Mạc Đĩnh Chi - Điểm trung chuyển Long Biên - Yên Phụ - Trần Nhật Duật - Quay đầu tại nút giao phố Hàng Khoai - Trần Nhật Duật - Yên Phụ - Quay đầu tại đối diện phố Hàng Than - Yên Phụ (đường dành riêng cho xe buýt) - Long Biên (điểm đỗ trong đường dành riêng cho xe buýt).

+) Đơn vị vận hành: XN Xe Khách Nam Hà Nội (Transerco).
+) Tần suất xe chạy: 14 - 17 phút/chuyến.
+) Thời gian hoạt động: 5h00 - 21h00.
+) Giá vé: 10000đ/lượt.",2026-09-06T04:00:21Z,2026-09-06T04:00:21Z,reject,missing_group:electric_bus,1,"transport_impact,hanoi_location",0,search,trải nghiệm xe buýt điện,,,,,,2026-09-26T21:08:11.377235+07:00
youtube,YUwEnYHeumc,https://www.youtube.com/watch?v=YUwEnYHeumc,"Xe buýt 171 TP. Hồ Chí Minh: Đi qua trạm trung chuyển Hàm Nghi (50E-851.48), Kim Long B60EV (8,6 m).","Xe buýt 171 TP. Hồ Chí Minh: Đi qua trạm trung chuyển Hàm Nghi (50E-851.48), Kim Long B60EV (8,6 m).",2026-08-28T10:00:38Z,2026-08-28T10:00:38Z,reject,missing_group:electric_bus,1,transport_impact,1,search,trạm xe buýt điện,,,,,,2026-09-26T21:07:03.666315+07:00
youtube,YhlfjKnaHv8,https://www.youtube.com/watch?v=YhlfjKnaHv8,Soi chi tiết VinFast VF WILD: Những điều cần biết trước khi xuống tiền !!!,"Soi chi tiết VinFast VF WILD: Những điều cần biết trước khi xuống tiền !!!
Bản tải VinFast VF Wild có nhiều đặc tính độc đáo khác biệt như hệ truyền động REEV, khoang lái tối giản hiện đại thông minh, thiết kế phong cách cá tính, sẽ mở ra tập khách hàng mới khi lựa chọn xe bán tải chạy điện và đề cao phong cách sống. 

✔ Please SUBSCRIBE
https://www.youtube.com/xedoisongvn
✔ Xem ĐÁNH GIÁ xe mới nhất của Xedoisong.vn
 http://xedoisong.vn/thu-xe/ 
✔ fanpage chính thức của Xedoisong.vn 
https://www.facebook.com/xedoisong.vn/

- Đánh giá, trải nghiệm bán tải VinFast VF Wild 
- Giá bán bán tải VinFast VF Wild tại Việt Nam
- Xedoisong bán tải VinFast VF Wild
- Chi tiết bán tải VinFast VF Wild
- Review bán tải VinFast VF Wild

© Bản quyền thuộc về Xedoisong.vn, Việt Nam
© Copyright by Xedoisong.vn ☞ Do not Reup

#Xedoisong #VinFast #VFWild #VinFastVFWild #bantaiVinFast #bantaidien #bantaiREEV #pickupVinFast #REEVpickup",2026-09-23T00:30:25Z,2026-09-23T00:30:25Z,reject,missing_group:electric_bus,1,,0,search,review bus điện,,,,,,2026-09-26T21:08:04.370715+07:00
youtube,YmyxPxP18J0,https://www.youtube.com/watch?v=YmyxPxP18J0,CM Yadav : MP को बड़ी सौगात! Nitin Gadkari ने शुरू की CM Sugam Parivahan Bus और PM E-Bus सेवा,"CM Yadav : MP को बड़ी सौगात! Nitin Gadkari ने शुरू की CM Sugam Parivahan Bus और PM E-Bus सेवा
CM Yadav : MP को बड़ी सौगात! Nitin Gadkari ने शुरू की CM Sugam Parivahan Bus और PM E-Bus सेवा
खबर को Share और Forward भी करें
छत्तीसगढ़-मध्यप्रदेश का नंबर 1 न्यूज़ पोर्टल IBC24 👑, अब उत्तर प्रदेश और उत्तराखंड में भी बना रहा अपनी धाक, जुड़े ग्रुप से 
https://whatsapp.com/channel/0029Va9nHPgEawdjuFf16O1W

Follow us: 
Facebook: https://www.facebook.com/IBC24News

Follow the IBC24 News channel on WhatsApp: https://whatsapp.com/channel/0029Va9nHPgEawdjuFf16O1W 

instagram : https://www.instagram.com/ibc24.in/

YouTube: https://www.youtube.com/channel/UCBc13XYipnBIBE3Ff8QaaGg

Telegram :  https://t.me/cg_mp_news

Facebook: https://www.facebook.com/IBC24News

Twitter: https://twitter.com/ibc24news?lang=en  

IBC24 Website: https://www.ibc24.in/
Head Office: IBC24 Mediaplex
M/s S.B. Multimedia Pvt. Ltd.
Vidhan Sabha Road, Near MGM Eye Institute,
Saddu, Raipur, Chhattisgarh
Pin - 492014

#NitinGadkari #PMEBus #MadhyaPradesh #MPNews #EBus #PublicTransport #SugamParivahan #sevasankalpabhiyan",2026-09-25T13:48:11Z,2026-09-25T13:48:11Z,reject,not_vietnam,1,"transport_impact,electric_bus",0,search,e-bus,,,,,,2026-09-26T20:58:51.064721+07:00
youtube,YnJ2SH64yzI,https://www.youtube.com/watch?v=YnJ2SH64yzI,"The bus ZTE Granton GTZ6129BEVR 12 M Electric #7258, on the line 700 (taken on 20.09.2026!! 😉💯🤩).","The bus ZTE Granton GTZ6129BEVR 12 M Electric #7258, on the line 700 (taken on 20.09.2026!! 😉💯🤩).
With an respectful bus driver 🚍⚡🧔👋👏👍✌👌💪✊🤝🤜🤛⭐⭐⭐⭐⭐💚🖤⚪💎👑💥🔥😁😎😉💯🤩:).
@flicky2Transportation @Nectarie_Spott3r and @Silviu_5tb_Sp0tt3r respect 🤜🤛🤜🤛🤜🤛🤝🤝🤝😁😁😁😎😎😎😉😉😉💯💯💯🤩🤩🤩:::)))... .",2026-09-26T12:32:43Z,2026-09-26T12:32:43Z,reject,missing_group:electric_bus,1,transport_impact,0,search,electric bus,,,,,,2026-09-27T16:01:01.192596+07:00
youtube,YnKVGbHXI5w,https://www.youtube.com/watch?v=YnKVGbHXI5w,Xe bus điện Kim Long 🔋🔋🔋#kimlongmotor,Xe bus điện Kim Long 🔋🔋🔋#kimlongmotor,2026-09-26T07:38:39Z,2026-09-26T07:38:39Z,accept,electric_bus,1,"transport_impact,electric_bus",0,search,xe bus điện,,,,,,2026-09-26T20:51:21.328556+07:00
youtube,Yr-sejjQmrM,https://www.youtube.com/watch?v=Yr-sejjQmrM,Kim Mai 9 xe điện 16 chỗ,Kim Mai 9 xe điện 16 chỗ,2026-08-17T02:27:48Z,2026-08-17T02:27:48Z,reject,missing_group:electric_bus,1,transport_impact,0,search,ô tô bus điện,,,,,,2026-09-26T21:05:34.292420+07:00
youtube,Yu-F71nrCvo,https://www.youtube.com/watch?v=Yu-F71nrCvo,[Proton Bus Simulator] SAINDO DA GARAGEM E FAZENDO ROTA +G29,"[Proton Bus Simulator] SAINDO DA GARAGEM E FAZENDO ROTA +G29
[Proton Bus Simulator] MUITA CHUVA NESSA ROTA NOVA DO MAPA +G29

FALA BUSOLOGOS, HOJE ESTAMOS SIMULANDO MAIS UMA LINHA  NESSE MAPA INCRIVEL DEMAIS, ESPERO QUE GOSTEM DE MAIS UMA GAMEPLAY. VIDEO TA TOP DEMAIS.


#ônibus  #PROTONBUS

link mod: https://www.youtube.com/watch?v=t8n4LRrZPqU

link mapa V1: https://www.youtube.com/watch?v=b4d_FqIUh04&feature=youtu.be


00:00 Inicio

 #onibuses    #protonbus 

PARCEIROS DO CANAL:
 @pbsrbrasil8417  : https://www.youtube.com/@pbsrbrasil8417/videos

 @GustavoTabosa  : https://www.youtube.com/@GustavoTabosa

PHTMODS: https://www.facebook.com/profile.php?id=61582685278523

GRUPO DE LETREIROS Exclusivos: https://chat.whatsapp.com/JoHShHmteW6HwOXVN2mfQh

Lançamento de Mods: https://youtube.com/playlist?list=PLaysihGAIWVU-onFAu-CV7cYhJmNICLjg&si=41hbsrInOuHITNdd

01 Como baixar Proton BUS: https://www.youtube.com/watch?v=DD9njw2-cuI

02 Como Jogar com Volante: https://www.youtube.com/watch?v=20bf55WBu2Y

03 Como Configurar Grafico no ULTRA: https://www.youtube.com/watch?v=irLJG055sGo

04 Como Fazer qualquer skin: https://www.youtube.com/watch?v=_gIeb0__PXY

05 Como Configurar Proton Bus: https://www.youtube.com/watch?v=f15gv1b8WmI

06 Como modificar o som: https://youtu.be/i0RvEVXdpE8?si=hJAKddO2OWUTRKc-

07 Como criar letreiro igual na vida real: https://youtu.be/PaaLeOzHSSs?si=RaDcRtOwQERol0LD

08 Como modificar farol: https://youtu.be/LOkRDyo_-No?si=JumTEC-UT7iuaD_k

09 Como Gravar Tela com Qualidade: https://youtu.be/P6UkK-q5L9w?si=kFF0Mp8rCwMxhlVy",2026-09-25T15:00:06Z,2026-09-25T15:00:06Z,reject,missing_group:electric_bus,1,transport_impact,0,search,e-bus,,,,,,2026-09-26T20:58:47.791580+07:00
youtube,YvU0MEw5ogs,https://www.youtube.com/watch?v=YvU0MEw5ogs,Sleeper Bus Fire Accidents पर Nitin Gadkari ने बस बनाने वालों को क्या चेतावनी दी?,"Sleeper Bus Fire Accidents पर Nitin Gadkari ने बस बनाने वालों को क्या चेतावनी दी?
Why did Madhya Pradesh bring back a state-backed bus network after 21 years? Union Minister Nitin Gadkari and Chief Minister Mohan Yadav flagged off 351 buses in Bhopal under the Mukhyamantri Sugam Parivahan Sewa and the PM e-Bus Sewa.

In this video, find out:
Why the MP State Road Transport Corporation was shut down in 2005, with liabilities of about Rs 756 crore and monthly losses of nearly Rs 5 crore.
How the new system will run through private operators under government-regulated contracts.
Which cities got the most buses. Indore got 145, Bhopal 106 and Jabalpur 67.
What the targets are: about 1,500 buses in the first year and 15,000 by 2031.
What Gadkari told bus manufacturers and RTO officers, including his ""Gandhiwadi"" remark.
What the new rules are for bus registration, including type-approval and physical and video verification.
How many electric buses MP has got under the PM e-Bus Sewa, and what safety features the new buses will have.

Subscribe for clear and simple updates on the news that matters.

#MadhyaPradesh #NitinGadkari #MohanYadav #PublicTransport #ElectricBus #PMeBusSewa #Bhopal #Indore

Produced by: Indian Express Hindi
Edited by: Baivhaw Kesharwani",2026-09-26T12:24:30Z,2026-09-26T12:24:30Z,reject,not_vietnam,1,"transport_impact,electric_bus",0,search,e-bus,,,,,0,2026-09-26T20:57:35.230879+07:00
youtube,Z9l7rn9C0vw,https://www.youtube.com/watch?v=Z9l7rn9C0vw,Thành phố khuyến khích người dân chuyển đổi sang xe điện nhưng không cấm xe xăng.,"Thành phố khuyến khích người dân chuyển đổi sang xe điện nhưng không cấm xe xăng.
Đồng chí Trần Lưu Quang - Ủy viên Bộ Chính trị, Bí thư Thành ủy TP.HCM: Thành phố khuyến khích người dân chuyển đổi sang xe điện nhưng không cấm xe xăng.
#tolam #tôlâm #tongbithu #tongbithutolam #phamminhchinh #thutuong #thutuongphamminhchinh #chinhphu #chínhphủviệtnam #tranluuquang #bithu #thanhuy #daihoi #doimoi #sangtao #tphcm #tphochiminh #hochiminhcity #giaothong #ketxe #onhiemmoitruong #onhiem #mienphi #xebuyt #xemay #onhiemmoitruong #khongkhi #chatluong #xedien #xexang #cuocsong #niemtin #chatluong #hanhphuc #hanhdong #thamnhung #thamnhũng #thamo #tieucuc #loiichnhom #ytế #giaoduc #benhvien #truonghoc #hanoi #hochiminhcity #tphcm #dautucong #nguonvon #dautu #dautubatdongsan #batdongsan #thoisu #vtv #tintuc #tinnhanh #tintuc24h #tinnong #lovefromvietnam #love #vietnam #vietnamese #việtnam #hoaky #canada #vietkieu #vietkieumy #việtkiềumỹ #vietkieuuc #vietkieuuc #việtkiều #vietkieuvevietnam #vietkieucanada #haingoai #hoakỳ #trung #trungquoc #usa #china #mỹ #quanhengoaigiao #tamnhin congdonghaingoai #haingoai #bolsa #cali #nguoivietxaxu #nguoivietcali #nguoivietomy #nguoiviettaiuc #ngườiviệttạihànquốc #nguoivietchannel #ngườiviệtus #nguoiviettoancau #ngườiviệtởnhật #westminster #gardengrove #santaana #sanjose  #orangecounty #littlesaigon #trending #trendingshorts #viralshorts #shortsviral #dexuatyoutube #shorts",2026-09-25T13:30:36Z,2026-09-25T13:30:36Z,reject,missing_group:electric_bus,1,transport_impact,1,search,bus dien,,,,,,2026-09-26T20:54:26.306162+07:00
youtube,ZDcunYKVBwk,https://www.youtube.com/watch?v=ZDcunYKVBwk,A pride bus on the 4! #bus @ArrivaUKBus,A pride bus on the 4! #bus @ArrivaUKBus,2026-09-26T11:00:31Z,2026-09-26T11:00:31Z,reject,missing_group:electric_bus,1,transport_impact,0,search,e-bus,,,,,,2026-09-26T20:57:41.959369+07:00
youtube,ZNUWOnPQFK8,https://www.youtube.com/watch?v=ZNUWOnPQFK8,Vinfast VF Wild - bán tải điện bỏ qua nỗi lo phát thải.,"Vinfast VF Wild - bán tải điện bỏ qua nỗi lo phát thải.
Mẫu xe bán tải điện đầu tiên của nhà Vinfast cũng như thị trường Việt Nam. Tuy nhiên, ngoài việc sạc điện VF - Wild có khả năng sạc bằng máy phát trong xe với động cơ xăng vì thế xe có thể chạy 1.100km khi chạy hỗn hợp.

#vinfast #vfwild",2026-09-22T04:14:49Z,2026-09-22T04:14:49Z,reject,missing_group:electric_bus,1,,0,search,review bus điện,,,,,,2026-09-26T21:08:04.408091+07:00
youtube,ZXFsQoP1OTo,https://www.youtube.com/watch?v=ZXFsQoP1OTo,P2-Hiểu thế nào cho đúng về xe đạp trợ lực điện #duyhienebike #xedaptrolucdien #ebike #xedapdien,P2-Hiểu thế nào cho đúng về xe đạp trợ lực điện #duyhienebike #xedaptrolucdien #ebike #xedapdien,2026-09-25T23:51:58Z,2026-09-25T23:51:58Z,reject,missing_group:electric_bus,1,transport_impact,0,search,bus dien,,,,,,2026-09-26T20:54:26.282013+07:00
youtube,Zu1BmRGMYWM,https://www.youtube.com/watch?v=Zu1BmRGMYWM,Xe Vinbus sẽ tham gia đưa đón học sinh miễn phí tại 1 số phường trên địa bàn thành phố Quảng Ninh,Xe Vinbus sẽ tham gia đưa đón học sinh miễn phí tại 1 số phường trên địa bàn thành phố Quảng Ninh,2026-08-29T03:42:33Z,2026-08-29T03:42:33Z,accept,electric_bus,1,electric_bus,0,search,VinBus,,,,,,2026-09-26T21:03:54.205797+07:00
youtube,Zv9D8Qnc5P8,https://www.youtube.com/watch?v=Zv9D8Qnc5P8,3 CỦ LÀ MUA ĐƯỢC CHIẾC YADEA U80????? - TRẢ GÓP 0 ĐỒNG,"3 CỦ LÀ MUA ĐƯỢC CHIẾC YADEA U80????? - TRẢ GÓP 0 ĐỒNG
#yadea #u50 #u80 #xedien #xemaydien #reviewxedien #sosanhxedien #xedien2026 #muaxedien
—————————————
- Website: https://xedienvietthanh.com/ - https://xemayvietthanh.com/- https://vtmotor.vn/
- Fanpage: https://www.facebook.com/xemayxedienvietthanh
- Hệ thống mua hàng: https://xedienvietthanh.com/he-thong-mua-hang/
—————————————
•  Hotline :  1900 2082 - 0986.06.3888
•  Bán hàng: 0901.662.888 – 098.444.3388 
•  Kỹ Thuật:  0988.86.2386 - 0986.06.3888
—————————————
XE ĐIỆN VIỆT THANH - XE ĐIỆN NHẬP KHẨU CHÍNH HÃNG
Chính sách SIÊU ƯU ĐÃI của chúng tôi xóa bỏ mọi nỗi lo mua hàng của bạn:
1. Bảo hành lên đến 3 năm.
2. Đổi hàng trong 72h.
3. Kiểm tra định kỳ miễn phí trọn đời.
4. Ưu đãi dịch vụ mua trả góp lãi xuất 0%.
5. Giao hàng miễn phí trong bán kính 30km.
6. Tặng mũ bảo hiểm cao cấp trị giá 250.000đ.
7. Hoàn lại tiền 100% nếu sản phẩm không chính hãng.
8. Cứu hộ tận nơi miễn phí nếu xe gặp sự cố trên đường.
—————————————
XE ĐIỆN - XE MÁY VIỆT THANH - THƯƠNG HIỆU BÁN LẺ HÀNG ĐẦU VIỆT NAM",2026-09-22T12:00:28Z,2026-09-22T12:00:28Z,reject,missing_group:electric_bus,1,transport_impact,0,search,review bus điện,,,,,,2026-09-26T21:08:04.383637+07:00
youtube,Zvc_VvwQiPE,https://www.youtube.com/watch?v=Zvc_VvwQiPE,DTC BUS DRIVER JOB IN DILSHAD GARDEN DEPOT URGENT HIRRING JOB JOB JOB PLZ SUBSCRIBE MY CHANNEL,"DTC BUS DRIVER JOB IN DILSHAD GARDEN DEPOT URGENT HIRRING JOB JOB JOB PLZ SUBSCRIBE MY CHANNEL
JAI SRI RAM 

*Title*
Dilshad Garden Depot Me Electric Bus Driver Ki Tatkal Bharti | Salary 27488 | Vivek Travels Job 2026

*Description*
Jai Shree Ram Sare Ne Jai Jaat

Delhi NCR me driving ki pakki naukri dhoondh rahe hain to ye video aapke liye hai

Dilshad Garden Depot me Vivek Travels ne 12 meter electric bus ke liye driver ki bumper bharti nikali hai

*Salary Kitni Milegi*

Take Home Salary - 27488 Rupaye Mahina
Incentive Alag Se - 5600 Rupaye Tak
Kul CTC - 33175 Rupaye Mahina

*Yogyata Kya Chahiye*

Heavy Motor Vehicle Yani HMV Licence hona anivarya hai
Licence kam se kam 3 saal purana hona chahiye
Aapki umar 57 saal se zyada nahi honi chahiye

*Suvidhayen Kya Milengi*

PF ki suvidha
Medical Insurance
Personal Accident Cover

Ye ek pakki aur surakshit naukri hai

Agar aapke paas HMV licence hai to jaldi se jaldi Dilshad Garden Depot me sampark karein

*Sampark Number*
Poster me diye gaye number par call karein

Video ko apne driver bhaiyon ke saath share zaroor karein

#ElectricBus #DriverJob #DilshadGarden #DelhiJobs #HMVLicence #BusDriverBharti #VivekTravels #ClusterBus #DTCJob",2026-09-25T12:47:06Z,2026-09-25T12:47:06Z,reject,not_vietnam,1,"transport_impact,electric_bus",0,search,electric bus,,,,,,2026-09-26T21:09:49.783518+07:00
youtube,ZwO-vVfZQBM,https://www.youtube.com/watch?v=ZwO-vVfZQBM,màn báo pin 1.2 2.4 cho xe cỏ . Klara A2 motio ....,màn báo pin 1.2 2.4 cho xe cỏ . Klara A2 motio ....,2026-09-18T09:19:21Z,2026-09-18T09:19:21Z,reject,missing_group:electric_bus,1,,0,search,tuyến bus điện,,,,,,2026-09-26T21:06:46.341523+07:00
youtube,Zwc6Yt7CQGQ,https://www.youtube.com/watch?v=Zwc6Yt7CQGQ,Quiz 55 Đi xe buýt và tàu điện   Bạn nói được không #shorts,"Quiz 55 Đi xe buýt và tàu điện   Bạn nói được không #shorts
▶ Nghe trọn bộ: 150 câu tiếng Anh thực dụng (video đầy đủ)
https://www.youtube.com/playlist?list=UULxv4bjsM1lTd7xRIPeXP7Q

🔔 Đăng ký kênh để học tiếng Anh mỗi ngày
https://www.youtube.com/channel/UCLxv4bjsM1lTd7xRIPeXP7Q?sub_confirmation=1

Hôm nay: Đi xe buýt và tàu điện. 3 câu tiếng Anh thực dụng cho người Việt sống tại Mỹ.
Nghe → Đoán → Lặp lại!

Trong video này:
1. Does this bus go downtown? — Xe buýt này có đi trung tâm không?
2. Where do I transfer? — Tôi đổi tuyến ở đâu ạ?
3. How much is a day pass? — Vé ngày giá bao nhiêu?

#shorts #tienganh #hoctienganh #nguoivietomy #tienganhgiaotiep",2026-09-09T21:30:29Z,2026-09-09T21:30:29Z,reject,missing_group:electric_bus,1,transport_impact,0,search,xe bus điện,,,,,,2026-09-26T20:51:47.567790+07:00
youtube,ZxPeln2SXKo,https://www.youtube.com/watch?v=ZxPeln2SXKo,Trải nghiệm xe buýt lội nước ở Việt Nam,"Trải nghiệm xe buýt lội nước ở Việt Nam
bạn đã thử xe buýt lội nước chưa?",2026-09-19T01:38:24Z,2026-09-19T01:38:24Z,reject,missing_group:electric_bus,1,transport_impact,0,search,trải nghiệm xe buýt điện,,,,,,2026-09-26T21:08:11.352172+07:00
youtube,ZzzARnIiLvc,https://www.youtube.com/watch?v=ZzzARnIiLvc,"VIN Transport 🔥📈 bus body 💥📸 videos LIKE 💯💥❤️‍🔥❣️...,","VIN Transport 🔥📈 bus body 💥📸 videos LIKE 💯💥❤️‍🔥❣️...,",2026-08-27T13:35:20Z,2026-08-27T13:35:20Z,reject,missing_group:electric_bus,1,transport_impact,0,search,Vin Bus,,,,,,2026-09-26T21:05:24.246257+07:00
youtube,_-acj1JCbF0,https://www.youtube.com/watch?v=_-acj1JCbF0,"Whatever you&#39;re thinking, this isn&#39;t luck, this Electric bus charging does this on purpose","Whatever you&#39;re thinking, this isn&#39;t luck, this Electric bus charging does this on purpose
A white car drives along a winding asphalt road cutting through a dry, hilly landscape. Scrubby vegetation and rocky outcrops cover the terrain, and a yellow warning sign is posted on the hillside. The scene transitions between urban highways with cars and buses, intersections with pedestrians, and rural roads with fields and trees, showcasing a variety of driving environments under different weather conditions, including cloudy skies and nighttime settings. The video also includes scenes of highways with overhead signage and a black frame with a white circle.

#roadtrip #highway #car #driving #landscape #shorts",2026-09-27T06:00:06Z,2026-09-27T06:00:06Z,reject,not_vietnam,1,"transport_impact,electric_bus",0,search,electric bus,,,,,,2026-09-27T16:04:13.606131+07:00
youtube,_3qVKMcX9U4,https://www.youtube.com/watch?v=_3qVKMcX9U4,Toyota Vừa Ra Mắt Xe Điện Giá 17.999 USD Khiến Tesla Căng Thẳng!,"Toyota Vừa Ra Mắt Xe Điện Giá 17.999 USD Khiến Tesla Căng Thẳng!
Toyota Vừa Ra Mắt Xe Điện Giá 17.999 USD Khiến Tesla Căng Thẳng!

Trong lúc Tesla vẫn loay hoay tìm cách ra một mẫu xe điện thực sự rẻ, Toyota đã âm thầm tung thẳng ra thị trường mức giá 17.999 đô. Trong video này, chúng tôi so sánh 6 điểm giữa hai hãng: lý do dự án Model 2 giá rẻ của Tesla liên tục bị trì hoãn rồi gần như bị hủy, các bản Model 3 và Model Y rút gọn trang bị để hạ giá nhưng vẫn chưa chạm được mốc đó, dung lượng pin và quãng đường thực tế của mẫu Toyota mới, tốc độ sạc so với mạng Supercharger, không gian nội thất bị cắt bớt những gì, và thị trường nào Toyota bán trước. Mức giá này có thể buộc Tesla phải đẩy nhanh kế hoạch xe giá rẻ đang trì hoãn, nhưng cũng có thể chỉ là bản trang bị thấp nhất khó tìm thấy ở đại lý. Xem hết trước khi bạn chọn giữa hai thương hiệu này.

#toyota #toyotafortuner #toyotasupra #toyotacorolla #toyotalandcruiser #toyotahilux #toyotarav4 #toyotacars #toyotacamry #toyotainnova #nexocongnghe",2026-09-25T11:00:00Z,2026-09-25T11:00:00Z,reject,missing_group:electric_bus,1,transport_impact,0,search,bus dien,,,,,,2026-09-27T16:00:42.309521+07:00
youtube,_5ldAbvep5A,https://www.youtube.com/watch?v=_5ldAbvep5A,Học sinh háo hức đi xe buýt điện đến trường,"Học sinh háo hức đi xe buýt điện đến trường
Ngày khai giảng năm học mới năm nay có thêm một hình ảnh đặc biệt - những chuyến xe điện miễn phí đưa đón học sinh đến trường trên địa bàn các phường Hạ Long, Hồng Gai và Hà Tu. Những chuyến xe không chỉ chở học trò, mà còn chở theo niềm tin của xã hội về một môi trường giáo dục lấy người học làm trung tâm, gắn với xây dựng đô thị xanh, văn minh, hiện đại.",2026-09-05T06:02:22Z,2026-09-05T06:02:22Z,accept,electric_bus,1,"transport_impact,electric_bus",1,search,xe bus điện,,,,,,2026-09-26T20:52:30.417333+07:00
youtube,_AiuxRyPDT0,https://www.youtube.com/watch?v=_AiuxRyPDT0,🇻🇳 하노이 일반 빈버스 투어 E04. 투어+감성+비용 모두 잡을수 있다고!? 🇻🇳 Hanoi VinBus Tour. All in 1 for Cost+Tour+Emotion!?,🇻🇳 하노이 일반 빈버스 투어 E04. 투어+감성+비용 모두 잡을수 있다고!? 🇻🇳 Hanoi VinBus Tour. All in 1 for Cost+Tour+Emotion!?,2026-09-19T07:34:14Z,2026-09-19T07:34:14Z,accept,electric_bus,1,electric_bus,0,search,VinBus,,,,,,2026-09-26T21:02:49.169353+07:00
youtube,_Dtqx4QU8lQ,https://www.youtube.com/watch?v=_Dtqx4QU8lQ,Tuyến 09A trên xe buýt điện Vinfast EB8 29E-422.38,Tuyến 09A trên xe buýt điện Vinfast EB8 29E-422.38,2026-08-03T10:10:25Z,2026-08-03T10:10:25Z,accept,electric_bus,1,"transport_impact,electric_bus",0,search,tuyến xe buýt điện,,,,,,2026-09-26T21:06:16.276510+07:00
youtube,_EKqEA1dK7A,https://www.youtube.com/watch?v=_EKqEA1dK7A,Xe máy điện sợ nhất điều này!#maylangthangsaigon #grabbike #datbike #vinfast #selex #shorts,"Xe máy điện sợ nhất điều này!#maylangthangsaigon #grabbike #datbike #vinfast #selex #shorts
Xe máy điện sợ nhất điều này!#maylangthangsaigon #grabbike #datbike #vinfast #selex #shorts",2026-09-26T00:09:16Z,2026-09-26T00:09:16Z,reject,missing_group:electric_bus,1,transport_impact,0,search,bus dien,,,,,,2026-09-26T20:54:26.280383+07:00
youtube,_S82BJ1ZcM0,https://www.youtube.com/watch?v=_S82BJ1ZcM0,Tài nguyên và Môi trường - Xe buýt điện – Bước chuyển của giao - thông công cộng hướng tới phát t...,"Tài nguyên và Môi trường - Xe buýt điện – Bước chuyển của giao - thông công cộng hướng tới phát t...
VOV1 - Theo Kế hoạch 149 của UBND thành phố Hà Nội, thành phố đang đẩy mạnh chuyển đổi xe buýt sử dụng dầu diesel sang xe buýt điện và các phương tiện sử dụng năng lượng xanh. Đến hết năm 2026 sẽ có khoảng 1.200 xe buýt sử dụng năng lượng xanh, chiếm hơn 60% tổng số phương tiện trên toàn mạng lưới.


Tại COP26, Việt Nam đã cam kết đạt phát thải ròng bằng 0 vào năm 2050. Để hiện thực hóa mục tiêu này, chuyển đổi xanh đang diễn ra ở nhiều lĩnh vực, trong đó giao thông vận tải là một trong những lĩnh vực phải từng bước giảm phụ thuộc vào nhiên liệu hóa thạch, chuyển sang sử dụng điện và năng lượng sạch. Với Hà Nội, quá trình này đang được cụ thể hóa từ những tuyến đường, những phương tiện và lựa chọn đi lại hằng ngày. Sau gần 3 tháng triển khai vùng phát thải thấp tại Vành đai 1, xe buýt điện đang trở thành một trong những lựa chọn giao thông xanh được người dân quan tâm, đồng thời mở ra những thay đổi bước đầu trong thói quen đi lại của người dân Thủ đô


Theo Kế hoạch 149 của UBND thành phố Hà Nội, thành phố đang đẩy mạnh chuyển đổi xe buýt sử dụng dầu diesel sang xe buýt điện và các phương tiện sử dụng năng lượng xanh. Mục tiêu đến hết năm 2026 sẽ có khoảng 1.200 xe buýt sử dụng năng lượng xanh, chiếm hơn 60% tổng số phương tiện trên toàn mạng lưới. Thực tế sau gần 3 tháng triển khai vùng phát thải thấp cho thấy, sự thay đổi chưa diễn ra ồ ạt, nhưng đã có những tín hiệu tích cực. Nhiều người bắt đầu lựa chọn xe buýt điện cho những chuyến đi vào trung tâm thành phố, nhất là khi chính sách miễn phí xe buýt trong phạm vi Vành đai 1 được triển khai song song với việc mở rộng các tuyến xe điện.


CTV Quang Huy


Ảnh minh họa",2026-09-23T09:57:27Z,2026-09-23T09:57:27Z,accept,electric_bus,1,"transport_impact,hanoi_location,electric_bus",0,search,xe buýt điện,,,,,,2026-09-26T20:47:28.683481+07:00
youtube,__39LQBHvO0,https://www.youtube.com/watch?v=__39LQBHvO0,Tổng quan review về Wuling Macaron xe điện mini 5 cửa vẫn còn đang rất hot.,"Tổng quan review về Wuling Macaron xe điện mini 5 cửa vẫn còn đang rất hot.
🚗 WULING MACARON – NHỎ GỌN, XINH XẮN, ĐI PHỐ CỰC CHẤT! ⚡

Wuling Macaron là mẫu xe điện đô thị sở hữu thiết kế nhỏ gọn, phong cách trẻ trung và hướng đến nhu cầu di chuyển hằng ngày trong thành phố.

Trong video này, chúng ta sẽ cùng khám phá:
🔹 Ngoại thất và thiết kế của Wuling Macaron
🔹 Nội thất, không gian sử dụng và trang bị
🔹 Khả năng vận hành trong đô thị
🔹 Các tính năng tiện ích đáng chú ý
🔹 Ưu điểm và những điểm cần cân nhắc trước khi lựa chọn
🔹 Trải nghiệm thực tế và cảm nhận khi sử dụng

👉 Nếu bạn đang quan tâm đến xe điện mini, xe điện đô thị hoặc Wuling Macaron, hãy xem hết video để có thêm thông tin trước khi quyết định!

👍 Đừng quên LIKE – ĐĂNG KÝ KÊNH – BẬT CHUÔNG để cập nhật thêm những video mới về ô tô, xe điện và trải nghiệm xe.

💬 Bạn nghĩ sao về Wuling Macaron? Hãy để lại bình luận bên dưới nhé!

#WulingMacaron #Wuling #xedien  #xedienmini #sale  #otodien #xehay #wcar #tienich",2026-09-25T10:56:23Z,2026-09-25T10:56:23Z,reject,missing_group:electric_bus,1,transport_impact,0,search,review bus điện,,,,,,2026-09-26T21:08:04.240800+07:00
youtube,__osnI5Tnt4,https://www.youtube.com/watch?v=__osnI5Tnt4,Reza and this girl left the country by bus to escape forced marriage,"Reza and this girl left the country by bus to escape forced marriage
Ruqia, a hardworking nomadic mother, lives with her sons in a small and simple house in the heart of nature and faces many difficulties every day to meet the needs of her family. Today, as in the past, the operator has provided this nomadic family with the food and supplies they need; but this time, a very sensitive and fateful challenge has arisen in the lives of Ruqia and her sons.

Reza and Yalda, who are involved in difficult circumstances, make a dangerous decision. Reza, who wants to save Yalda from a marriage that they say is forced, decides to escape from this city with her and even plans to go to another country. They get ready and reach the terminal and wait for the bus to leave this city; unaware that Ruqia, Reza's mother, is extremely worried about her son and does not stop trying to find him.

After searching and chasing Reza, Ruqyeh finally manages to find him at the terminal. The mother-son meeting is accompanied by strong reactions and verbal clashes, and Ruqyeh tries to dissuade Reza from his decision. Ultimately, Reza and Yalda's trip is canceled and their decision to leave the city is final.

But the story does not end there. Ruqyeh also talks to Yalda and her mother, Zubaydah, and is deeply upset by the events that have led to this situation. She asks Zubaydah to take responsibility for her daughter as Yalda's mother, stop the forced marriage conditions, and not let this incident affect Reza and Ruqyeh's family's lives any further. Ruqyeh also asks Yalda's family to stay out of Reza's life so that this nomadic family can live in peace again.

This day was one of the most sensitive and tense days of their lives for Ruqayyah and her sons; a day when a decision could completely change the course of Reza and Yalda's lives. Be sure to stay with us until the end of this episode to see what happens to Reza and Yalda in the end and how Ruqayyah tries to protect her family.

After this tense story ends, Ruqayyah returns to her daily life. She goes to the village and her friend's house and brings her little goats home. Then, despite all the worries and problems she has gone through, she gets back to taking care of the farm and doing daily chores. Ruqayyah shows that even in the most difficult circumstances, she does not stop trying for her children and her life.

❤️ Dear viewers, if you would like to support this hardworking mother and her sons, support this nomadic family by watching the full video, liking it, and writing your opinion in the comments section.

🙏 We also ask you, dear ones, to pray for Ruqayyah and her sons so that the problems and hardships in their lives are resolved as soon as possible and that this family can have calmer and better days.


#Family_Drama#True#Heartbroken#For_Women_ in_Love#Emotional_Story#Love_and_Pain #Hidden_Truth#BreathtakingBattle#escape
#forced_marriage#Fleeing_from_the_country
#Forced_Marriage
#Persecution",2026-09-25T19:00:37Z,2026-09-25T19:00:37Z,reject,missing_group:electric_bus,1,transport_impact,0,search,Vin Bus,,,,,,2026-09-26T21:05:14.440447+07:00
youtube,_k0iocq4qNU,https://www.youtube.com/watch?v=_k0iocq4qNU,Xe buýt 76 và 99 TP. Hồ Chí Minh: Cũ (Dầu) và Mới (Điện),Xe buýt 76 và 99 TP. Hồ Chí Minh: Cũ (Dầu) và Mới (Điện),2026-09-01T10:10:33Z,2026-09-01T10:10:33Z,reject,missing_group:electric_bus,1,transport_impact,1,search,điểm dừng xe buýt điện,,,,,,2026-09-26T21:07:33.801719+07:00
youtube,_kE6I1BtbwA,https://www.youtube.com/watch?v=_kE6I1BtbwA,Hombres armados interceptan e incendian bus de La Macarena en vía entre Boyacá y Casanare,"Hombres armados interceptan e incendian bus de La Macarena en vía entre Boyacá y Casanare
Un bus de la empresa Flota La Macarena fue interceptado durante la noche del jueves 24 de septiembre en el tramo vial El Secreto–Aguaclara, en jurisdicción de Sabanalarga, Casanare.

Según información preliminar, varios hombres armados habrían obligado a los ocupantes a descender del vehículo y posteriormente le prendieron fuego.

El bus realizaba el trayecto entre San Luis de Gaceno, Boyacá, y Sabanalarga, Casanare, por uno de los corredores que conectan ambos departamentos.

Hasta el momento, se espera información oficial sobre las circunstancias del ataque, los responsables y posibles afectaciones a los pasajeros y al conductor.

El hecho genera preocupación por la seguridad en esta vía y por la afectación al transporte público en la región.

Suscríbete al canal, activa las notificaciones y comparte este contenido.

Apoya nuestro trabajo mediante Vaki y contribuye al periodismo independiente.",2026-09-25T15:09:21Z,2026-09-25T15:09:21Z,reject,missing_group:electric_bus,1,transport_impact,0,search,e-bus,,,,,,2026-09-26T20:58:41.211293+07:00
youtube,_kbKQ1OESlk,https://www.youtube.com/watch?v=_kbKQ1OESlk,✔️ Bảo vệ động cơ toàn diện ✔️ Tăng tuổi thọ xe ✔️ Giữ xe vận hành như mới,"✔️ Bảo vệ động cơ toàn diện ✔️ Tăng tuổi thọ xe ✔️ Giữ xe vận hành như mới
🚨 NHẮC NHỞ THAY DẦU MÁY ĐỊNH KỲ CHO XE HONDA 🚨
Dầu máy là “trái tim” giúp động cơ vận hành êm ái – bền bỉ – tiết kiệm nhiên liệu. Đừng để dầu cũ làm giảm hiệu suất và tuổi thọ của chiếc xe yêu quý của bạn!
🔧 Lợi ích khi thay dầu định kỳ:
* 🛡️ Bảo vệ động cơ – giảm mài mòn, tăng độ bền
* ⛽ Tiết kiệm nhiên liệu – xe vận hành trơn tru hơn
* 🏍️ Chạy êm và bốc hơn – tăng trải nghiệm lái
* ✅ An toàn hơn – hạn chế hư hỏng bất ngờ
💡 Bao lâu nên thay dầu? 📌 Mỗi 1.000 – 1.500 km hoặc 1 – 2 tháng/lần để xe luôn trong trạng thái tốt nhất.
🔥 HEAD Tiến Phát khuyến khích sử dụng dầu chính hãng Honda – giải pháp tối ưu giúp:
✔️ Bảo vệ động cơ toàn diện ✔️ Tăng tuổi thọ xe ✔️ Giữ xe vận hành như mới
👉 Đừng chờ đến khi xe có tiếng ồn hay hao xăng mới thay dầu. Chăm sóc xe định kỳ hôm nay để an tâm trên mọi hành trình! ❤️🏍️",2026-09-25T02:03:02Z,2026-09-25T02:03:02Z,reject,missing_group:electric_bus,1,transport_impact,0,search,bus dien,,,,,,2026-09-27T17:03:25.802490+07:00
youtube,_lkdc0arLbU,https://www.youtube.com/watch?v=_lkdc0arLbU,Pure London Vibe!😊 # shorts #shortsfeed #trendingshorts #trending #explore #viralvideo #vlog,"Pure London Vibe!😊 # shorts #shortsfeed #trendingshorts #trending #explore #viralvideo #vlog
⁠ Pure London Vibe!😊 #shorts #shortsfeed #trendingshorts #trending #explore #viralvideo #vlog #LondonBus #RedDoubleDecker #LondonStreets #ElectricBus #UKTraffic #LondonVibes #YouTubeShorts #ViralShorts #TravelLondon #UKLife⁠ #bus",2026-09-26T16:46:11Z,2026-09-26T16:46:11Z,reject,missing_group:electric_bus,1,transport_impact,0,search,electric bus,,,,,,2026-09-27T16:01:01.190455+07:00
youtube,_vhTs5nq1mI,https://www.youtube.com/watch?v=_vhTs5nq1mI,"Hành Trình Đăng Đón Xe Bus Đi Bến Xe Củ Chi, Khi Mà Đăng Ghiền Đi Xe Bus Kiểu Muốn Đi Là Rủ Mẹ Đi","Hành Trình Đăng Đón Xe Bus Đi Bến Xe Củ Chi, Khi Mà Đăng Ghiền Đi Xe Bus Kiểu Muốn Đi Là Rủ Mẹ Đi
Hành Trình Đăng Đón Xe Bus Đi Bến Xe Củ Chi, Khi Mà Đăng Ghiền Đi Xe Bus Kiểu Muốn Đi Là Rủ Mẹ Đi
@utlieufamily9680",2026-09-26T12:12:10Z,2026-09-26T12:12:10Z,reject,missing_group:electric_bus,1,transport_impact,0,search,e-bus,,,,,,2026-09-26T21:10:33.634918+07:00
youtube,_z1hq5vYv_o,https://www.youtube.com/watch?v=_z1hq5vYv_o,(50E-654.25) Xe buýt điện số 93 (Phần 3),(50E-654.25) Xe buýt điện số 93 (Phần 3),2026-09-06T11:04:01Z,2026-09-06T11:04:01Z,accept,electric_bus,1,"transport_impact,electric_bus",0,search,xe bus điện,,,,,,2026-09-26T20:52:13.779403+07:00
youtube,a81u6TMeKec,https://www.youtube.com/watch?v=a81u6TMeKec,"Tin Nóng! Cột mốc mới, Kim Long Motor xuất khẩu xe bus điện sang Thái Lan #KimLongMotor #XeBusDien","Tin Nóng! Cột mốc mới, Kim Long Motor xuất khẩu xe bus điện sang Thái Lan #KimLongMotor #XeBusDien",2026-09-13T07:25:18Z,2026-09-13T07:25:18Z,accept,electric_bus,1,"transport_impact,electric_bus",0,search,xe buýt điện,,,,,,2026-09-26T20:50:57.557893+07:00
youtube,aI3oLdD0EtM,https://www.youtube.com/watch?v=aI3oLdD0EtM,Sắp tới có xe điện Hukan rồi ae ơi🤣🤣 #dienmaytayho,Sắp tới có xe điện Hukan rồi ae ơi🤣🤣 #dienmaytayho,2026-09-25T06:30:29Z,2026-09-25T06:30:29Z,reject,missing_group:electric_bus,1,transport_impact,0,search,bus dien,,,,,,2026-09-26T20:54:26.375752+07:00
youtube,aJSy2x3m9zA,https://www.youtube.com/watch?v=aJSy2x3m9zA,Xe buýt Hà Nội tuyến 64: Bến xe Mỹ Đình - Phố Nỉ (Trung tâm thương mại Bình An) (2) | VIỆT NAM VLOG,"Xe buýt Hà Nội tuyến 64: Bến xe Mỹ Đình - Phố Nỉ (Trung tâm thương mại Bình An) (2) | VIỆT NAM VLOG
Xe buýt Hà Nội tuyến 64: Bến xe Mỹ Đình - Phố Nỉ (Trung tâm thương mại Bình An) (2) | VIỆT NAM VLOG

LỘ TRÌNH
+) Lộ trình chiều đi: BX Mỹ Đình - Phạm Văn Đồng - KCN Bắc Thăng Long - Cao tốc Bắc Thăng Long Nội Bài - Quốc Lộ 2 - Tỉnh Lộ 35 - Quốc lộ 3 - Phố Nỉ (TTTM Bình An).

+) Lộ trình chiều về : Phố Nỉ ( TTTM Bình An) - Quốc lộ 3 - Quốc lộ 35 - Quốc lộ 2 - Cao tốc Bắc Thăng Long Nội Bài - KCN Bắc Thăng Long - Phạm Văn Đồng - BX Mỹ Đình.

+) Đơn vị vận hành: Công ty Hải Vân  (Hai Van City Bus).
+) Tần suất xe chạy: 15 phút/chuyến.
+) Thời gian hoạt động: 5h00 - 21h00.
+) Giá vé: 20000đ/lượt.

Đăng ký kênh để xem videos https://youtube.com/@vietnamvlogchannel?si=5kukiCgNNpGWsY4G",2026-08-07T11:04:34Z,2026-08-07T11:04:34Z,reject,missing_group:electric_bus,1,"transport_impact,hanoi_location",0,search,xe buyt dien,,,,,,2026-09-26T20:53:13.759797+07:00
youtube,aPK6q6r2LGk,https://www.youtube.com/watch?v=aPK6q6r2LGk,"मध्यप्रदेश में 10 हजार बसों का संचालन, ₹57 हजार करोड़ की पीएम ई-बस सेवा परियोजना शुरू #PMEBusYojana","मध्यप्रदेश में 10 हजार बसों का संचालन, ₹57 हजार करोड़ की पीएम ई-बस सेवा परियोजना शुरू #PMEBusYojana
मध्यप्रदेश में 10 हजार बसों का संचालन, ₹57 हजार करोड़ की पीएम ई-बस सेवा परियोजना शुरू

#PMEBusYojana #MadhyaPradesh #MPNews #CMMadhyaPradesh #NitinGadkari #MohanYadav #PublicTransport #ElectricBus #Employment #TransportNews #मुख्यमंत्री_सुगम_परिवहन_सेवा",2026-09-26T04:14:32Z,2026-09-26T04:14:32Z,reject,missing_group:electric_bus,1,,0,search,e-bus,,,,,,2026-09-26T20:57:51.799465+07:00
youtube,aUeWmiOzeo4,https://www.youtube.com/watch?v=aUeWmiOzeo4,"TP.HCM ra mắt tuyến buýt điện mới, miễn phí tới hết năm! 🚌","TP.HCM ra mắt tuyến buýt điện mới, miễn phí tới hết năm! 🚌
TP.HCM khai trương tuyến buýt điện tuyến 180 nối Vinhomes Grand Park với khu vực trung tâm (qua Me Linh Square) từ 5/10/2026, dùng xe điện VinFast/GreenBus 67 chỗ. Miễn phí vé từ 1/10 tới 31/12/2026, sau đó giá vé 10.000-40.000 đồng tuỳ quãng đường. Tuyến giúp du khách di chuyển thuận tiện hơn giữa khu Đông và trung tâm thành phố. Nguồn: DTiNews. #VietnamTravel #TPHCM #TravelNews #BuytDien #VinhomesGrandPark#Shorts #VietNam #TravelDaily",2026-09-24T12:31:57Z,2026-09-24T12:31:57Z,accept,electric_bus,1,"transport_impact,electric_bus",1,search,buýt điện,,,,,,2026-09-26T20:54:33.461142+07:00
youtube,aXUr3QRN_aQ,https://www.youtube.com/watch?v=aXUr3QRN_aQ,Pin Nhôm Ion Tesla Có Thể Thay Đổi Ngành Xe Điện,"Pin Nhôm Ion Tesla Có Thể Thay Đổi Ngành Xe Điện
Pin Nhôm Ion Tesla Có Thể Thay Đổi Ngành Xe Điện

Công nghệ pin nhôm ion đang thu hút sự quan tâm khi nhiều nhóm nghiên cứu và doanh nghiệp tiếp tục phát triển các thế hệ pin mới cho tương lai xe điện. Nếu được thương mại hóa thành công, pin nhôm ion có tiềm năng cải thiện tốc độ sạc, tăng độ bền, nâng cao độ an toàn và giảm chi phí sản xuất so với một số công nghệ pin hiện nay. Video sẽ khám phá những thông tin mới về pin nhôm ion, tiềm năng ứng dụng trong xe điện, những thách thức cần vượt qua và lý do công nghệ này đang được xem là một trong những hướng phát triển đáng chú ý của ngành ô tô.

#tamnhintuonglai #xedien #tesla
Đừng quên like, share và đăng ký kênh để không bỏ lỡ những video mới nhất của kênh. Tầm Nhìn Tương Lai.

Copyright Disclaimer
- Chúng tôi không sở hữu hoàn toàn những tư liệu được tổng hợp trong video này. Nó thuộc về những cá nhân hay tổ chức đáng được tôn trọng. 
Chúng tôi sử dụng theo: Tuyên bố từ chối trách nhiệm bản quyền mục 107 của Đạo luật bản quyền năm 1976. Được phép ""sử dụng hợp lý"" cho các mục đích như phê bình, bình luận, báo cáo tin tức, giảng dạy, học bổng và nghiên cứu.
- We do not own the rights to these video clips. They have, in accordance with fair use, been repurposed with the intent of educating and inspiring others. However, if any content owners would like their images removed, please contact us by. Tam Nhin Tuong Lai.",2026-09-24T15:17:22Z,2026-09-24T15:17:22Z,reject,missing_group:electric_bus,1,transport_impact,0,search,bus dien,,,,,,2026-09-26T20:54:26.452432+07:00
youtube,aXxkDW6mtME,https://www.youtube.com/watch?v=aXxkDW6mtME,Pakistan Green Electric Bus 🚌💚 | Modern Electric Bus in Pakistan | Green Bus.. Green Bus Green Bus,"Pakistan Green Electric Bus 🚌💚 | Modern Electric Bus in Pakistan | Green Bus.. Green Bus Green Bus
Pakistan Green Electric Bus 🚌💚 | Modern Electric Bus in Pakistan | Green Bus.. Green Bus Green Bus
. 
. 
. Pakistan Green Electric Bus 🚌💚 | Modern Electric Bus in Pakistan | Green Bus#GreenElectricBus
#ElectricBusPakistan
#PakistanElectricBus
#GreenBus
#ElectricBus
#Pakistan
#BusPakistan
#ModernBus
#ElectricVehicle
#PublicTransport
#PakistanTransport
#ViralVideo
#Trending
#Shorts
#YouTubeShorts
# Punjab
# Punjabkivideo
# Pakistanibase
#viral 
#viralvideo 
#viralshorts 
#shorts 
#shortvideo 
#song 
#short 
#viralshorts",2026-09-26T04:27:30Z,2026-09-26T04:27:30Z,reject,not_vietnam,1,"transport_impact,electric_bus",0,search,electric bus,,,,,0,2026-09-26T20:56:01.262348+07:00
youtube,aYIWQMIqXsU,https://www.youtube.com/watch?v=aYIWQMIqXsU,Thu Xăng Đổi Điện- ưu đãi lên đến 9%. Giá xe VinFast mới nhất #báogiáxe #automobile #review,Thu Xăng Đổi Điện- ưu đãi lên đến 9%. Giá xe VinFast mới nhất #báogiáxe #automobile #review,2026-09-26T02:58:40Z,2026-09-26T02:58:40Z,reject,missing_group:electric_bus,1,,0,search,review bus điện,,,,,,2026-09-26T21:08:04.207370+07:00
youtube,aYmhuawN97Q,https://www.youtube.com/watch?v=aYmhuawN97Q,Tranh nhau ghế ngồi trên xe điện #tintuc #news #xebuyt,"Tranh nhau ghế ngồi trên xe điện #tintuc #news #xebuyt
Ghế có thể chỉ có một, nhưng sự tử tế thì không bao giờ thiếu chỗ.
Một chiếc ghế trên chuyến xe điện tại Hàn quốc… đáng lẽ chỉ là chuyện rất nhỏ, nhưng khi một cụ ông và một cô gái trẻ tranh nhau chỗ ngồi rồi xảy ra xô xát, câu chuyện lại khiến nhiều người phải suy nghĩ.
Có thể mỗi người đều có lý do của mình. Người lớn tuổi cần được nhường ghế, nhưng người trẻ cũng có thể đang mệt mỏi hoặc có những điều chúng ta không biết.
Điều đáng tiếc nhất không phải là ai ngồi trước, ai ngồi sau, mà là chỉ vì một chỗ ngồi, con người lại để sự nóng giận lấn át sự tử tế.
Một lời nhường nhịn có thể khiến chuyến xe dễ chịu hơn. Một câu nói nhẹ nhàng có thể ngăn một cuộc xô xát. Và đôi khi, biết nhường nhau một bước mới là cách để cả hai cùng giữ được sự tôn trọng.
Bởi trên những chuyến xe đông người, thứ chúng ta cần mang theo không chỉ là một chiếc vé… mà còn là sự văn minh và lòng bao dung dành cho người bên cạnh.",2026-09-26T00:45:44Z,2026-09-26T00:45:44Z,reject,missing_group:electric_bus,1,transport_impact,0,search,xe buyt điện,,,,,,2026-09-26T20:53:20.925726+07:00
youtube,abeitkc5VZM,https://www.youtube.com/watch?v=abeitkc5VZM,One VIN. Multiple CAN frames. A VIN doesn’t fit inside a single CAN frame,"One VIN. Multiple CAN frames. A VIN doesn’t fit inside a single CAN frame
Using ISO-TP, the message is split across multiple frames, transmitted in sequence, and reconstructed into one complete message.

In this example, we request the VIN through OBD-II and break down what the raw CAN data is actually telling us.

Understanding CAN means going beyond the final value — and understanding how the message gets there.

Learn the language behind the data. ⚡
https://inpronicusa.com/products/can-bus-trainer-kit-pro-edition
#Canbus #Automotive #diagnosis #vehicles #obd2",2026-09-24T21:52:11Z,2026-09-24T21:52:11Z,reject,missing_group:electric_bus,1,transport_impact,0,search,Vin Bus,,,,,,2026-09-26T21:05:14.449731+07:00
youtube,akNvXca-hy8,https://www.youtube.com/watch?v=akNvXca-hy8,The Bus | Ruta D50 Hacia Michelangelostr | EBUS 12,The Bus | Ruta D50 Hacia Michelangelostr | EBUS 12,2026-09-26T08:00:30Z,2026-09-26T08:00:30Z,reject,not_vietnam,1,"transport_impact,electric_bus",0,search,e-bus,,,,,,2026-09-26T20:57:41.962363+07:00
youtube,alUIeXPiMrI,https://www.youtube.com/watch?v=alUIeXPiMrI,Đg` Điện Biên Phủ 17-9-26 Xe buýt 93,Đg` Điện Biên Phủ 17-9-26 Xe buýt 93,2026-09-19T16:02:23Z,2026-09-19T16:02:23Z,reject,missing_group:electric_bus,1,transport_impact,0,search,xe buýt điện,,,,,,2026-09-26T20:49:28.600628+07:00
youtube,amJp5uKbnr4,https://www.youtube.com/watch?v=amJp5uKbnr4,Xe buýt tham quan Dinh Độc Lập. Experiencing a sightseeing bus ride to Independence Palace.,"Xe buýt tham quan Dinh Độc Lập. Experiencing a sightseeing bus ride to Independence Palace.
Dinh Độc Lập #dinhdoclap #xuhuongyoutube #viral",2026-09-14T13:20:27Z,2026-09-14T13:20:27Z,reject,missing_group:electric_bus,1,transport_impact,0,search,xe buýt dien,,,,,,2026-09-26T20:54:04.961591+07:00
youtube,apKrFVFDVBo,https://www.youtube.com/watch?v=apKrFVFDVBo,Bus listrik #medan #tayo #short #bus #buslistrik,"Bus listrik #medan #tayo #short #bus #buslistrik
Bus listrik nya kota Medan",2026-09-27T02:44:52Z,2026-09-27T02:44:52Z,reject,missing_group:electric_bus,1,transport_impact,0,search,electric bus,,,,,,2026-09-27T16:04:41.908244+07:00
youtube,arZ_LI2-NA8,https://www.youtube.com/watch?v=arZ_LI2-NA8,Hidden Manufacturing Giant Behind Every EV Bus? 😱,"Hidden Manufacturing Giant Behind Every EV Bus? 😱
Ever wondered who actually builds the sleek electric buses quietly replacing smoke-belching public transport across India's busiest cities and airports? While tech headlines focus on consumer EVs, a homegrown powerhouse from Haryana has been silently leading India’s green transit revolution—and chances are, you've never heard their name.

​Meet S.K. Arya, the founder behind JBM Auto. In 1983, Arya set up a small manufacturing unit in Faridabad to produce LPG cylinders. Just one year later, a sudden shift in government policy allowed cheap imported cylinders to flood the market, leaving his factory idle and staring at ruin.

​Instead of shutting down, Arya engineered one of the sharpest pivots in Indian business history. Realizing his hydraulic press machines could shape virtually any sheet metal, he retooled the factory for automotive components just as India’s passenger car market was about to explode. That persistence earned him a breakthrough partnership with Maruti Suzuki, turning JBM into one of the country's most critical tier-1 auto suppliers.

​The real game-changer came when JBM refused to remain just a parts supplier. Spotting India’s worsening urban pollution and the inevitable shift to clean energy, the company built an entire end-to-end electric mobility ecosystem in-house—from EV buses and battery packs to high-capacity chargers and fleet-management software. Today, JBM Auto stands as a ₹15,000 crore mobility empire driving public transit across India and the globe.

​#JBMAuto #ElectricBuses #EVRevolution #IndianEntrepreneurs #BusinessCaseStudy #MakeInIndia #CleanEnergy #AutoIndustry #HiddenCrores",2026-09-26T12:08:16Z,2026-09-26T12:08:16Z,reject,missing_group:electric_bus,1,transport_impact,0,search,electric bus,,,,,,2026-09-26T20:55:14.382372+07:00
youtube,asXfKwmyd_E,https://www.youtube.com/watch?v=asXfKwmyd_E,China Bus 375 Mystery: Andha 3 Perukku Kaalgaley Illai! #shorts,"China Bus 375 Mystery: Andha 3 Perukku Kaalgaley Illai! #shorts
China Bus 375 Mystery: Andha 3 Perukku Kaalgaley Illai!

China-vin Bus 375-ai sutri sollappadum oru mysterious horror story. Moonu creepy passengers, mysterious deaths, andha bus eppadi deserted place-ku pochu endra unanswered mystery.

Bus 375 mystery, China Bus 375, Bus 375 ghost story, Bus 375 China mystery, Chinese ghost story, haunted bus, horror story Tamil, Tamil horror stories, Tanglish horror, பேய் கதை Tamil, mysterious stories Tamil, scary stories Tamil

#Bus375 #TamilHorror #HorrorStoryTamil #MysteryTamil",2026-09-08T13:00:26Z,2026-09-08T13:00:26Z,reject,not_vietnam,1,"transport_impact,electric_bus",0,search,Vin Bus,,,,,,2026-09-26T21:05:17.704375+07:00
youtube,auL9FEmj8zw,https://www.youtube.com/watch?v=auL9FEmj8zw,New sleeper bus 🚌 kaise banti hai #new #sleeper #bus #ebus #shorts #busbody #vlog,New sleeper bus 🚌 kaise banti hai #new #sleeper #bus #ebus #shorts #busbody #vlog,2026-09-22T06:21:56Z,2026-09-22T06:21:56Z,reject,not_vietnam,1,"transport_impact,electric_bus",0,search,ebus,,,,,0,2026-09-26T21:01:34.286808+07:00
youtube,awLuT-Kmb6o,https://www.youtube.com/watch?v=awLuT-Kmb6o,"Ô tô bán tải, Xe tải, ô tô, oto, ôtô buýt, xe bồn chở xăng chở xe trộn bê tông đi sửa chữa","Ô tô bán tải, Xe tải, ô tô, oto, ôtô buýt, xe bồn chở xăng chở xe trộn bê tông đi sửa chữa
Đây là video phản ứng của BusCity về trò chơi BeamNG.Drive.
Ô tô hoạt hình, Xe tải, ô tô, oto, ôtô buýt, xe bồn chở xăng chở xe trộn bê tông đi sửa chữa
Đăng ký kênh ủng hộ BusCity nhé. Cảm ơn các bạn

This is reaction video from Buscity about game BeamNG.Drive.
Please subscrive for Buscity. Thank you !

Playlist: https://www.youtube.com/watch?v=C58RsERoT9k&list=PLQI-YUJq7VvCYfHmXLnlxMZJScPFpzJhp
********************************************
This video is totally made by BusCity. From playing game BeamNG.Drive, recording the screen, edit video, dialogue...then reaction.
Please do not reup. Thank you !
#ôtô
#ôtôhoạthình
#oto 

Game Information
BeamNG.drive is a media simulation video game developed and published by Bremen-based video game developer BeamNG GmbH. The game features soft-bodied physics, which simulates realistic handling and damage to vehicles.

Official game:  https://www.beamng.com/​​​​
Official mods: https://beamng.com/resources/",2026-09-03T10:30:34Z,2026-09-03T10:30:34Z,reject,missing_group:electric_bus,1,transport_impact,0,search,ô tô buýt điện,,,,,,2026-09-26T21:05:44.821767+07:00
youtube,b05nJndaayU,https://www.youtube.com/watch?v=b05nJndaayU,ELECTRIC BUS DEDICATION,"ELECTRIC BUS DEDICATION
Powered by playout.video
https://playout.video",2026-09-25T22:16:20Z,2026-09-25T22:16:20Z,reject,not_vietnam,1,"transport_impact,electric_bus",0,search,electric bus,,,,,,2026-09-27T16:01:19.385516+07:00
youtube,bCMKIqo-FJU,https://www.youtube.com/watch?v=bCMKIqo-FJU,💪 Drage race 💯 | vin,💪 Drage race 💯 | vin,2026-09-03T13:57:08Z,2026-09-03T13:57:08Z,reject,missing_group:electric_bus,1,,0,search,Vin Bus,,,,,,2026-09-26T21:05:20.979811+07:00
youtube,bDpCnyoQT-k,https://www.youtube.com/watch?v=bDpCnyoQT-k,"रीवा में 6 नई इलेक्ट्रिक बसों का संचालन शुरू, डिप्टी सीएम ने दिखाई हरी झंडी","रीवा में 6 नई इलेक्ट्रिक बसों का संचालन शुरू, डिप्टी सीएम ने दिखाई हरी झंडी
मुख्यमंत्री सुगम परिवहन सेवा के तहत रविवार को रीवा में 6 नई इलेक्ट्रिक बसों का सफल फ्लैग ऑफ समारोह आयोजित किया गया। प्रात: 11 बजे सरदार वल्लभ भाई पटेल अंतरराज्यीय बस स्टैंड पर आयोजित इस समारोह में उप मुख्यमंत्री राजेन्द्र शुक्ल मुख्य अतिथि के रूप में शामिल हुए और हरी झंडी दिखाकर बसों को रवाना किया। कार्यक्रम में बड़ी संख्या में जनप्रतिनिधि, अधिकारी और स्थानीय नागरिक शामिल हुए। इन इलेक्ट्रिक बसों के संचालन से शहर के नागरिकों को आधुनिक, सुगम और पर्यावरण-अनुकूल सार्वजनिक परिवहन की सौगात मिली है, जिससे रीवा की परिवहन व्यवस्था को एक नई दिशा मिलेगी। #RewaNews #Rewa #MadhyaPradeshNews #RewaElectricBus #RewaElectricBus #RewaSustainableTransport #RewaPublicTransport #RajendraShukla #MPNews #RewaDevelopment",2026-09-27T08:08:12Z,2026-09-27T08:08:12Z,reject,missing_group:electric_bus,1,,0,search,electric bus,,,,,,2026-09-27T16:03:56.819392+07:00
youtube,bFXzYdc3-88,https://www.youtube.com/watch?v=bFXzYdc3-88,ebusの管理者に初めて参加するのですが、管理者の名前は何ですか,ebusの管理者に初めて参加するのですが、管理者の名前は何ですか,2026-09-27T01:40:42Z,2026-09-27T01:40:42Z,reject,missing_group:electric_bus,1,,0,search,ebus,,,,,,2026-09-27T16:05:30.508487+07:00
youtube,bR_aZUnaGVs,https://www.youtube.com/watch?v=bR_aZUnaGVs,කැලා පහු කරගෙන ❤️❤️part 2 Bus video # busshortvideo # shortbus#,කැලා පහු කරගෙන ❤️❤️part 2 Bus video # busshortvideo # shortbus#,2026-09-25T14:20:34Z,2026-09-25T14:20:34Z,reject,missing_group:electric_bus,1,transport_impact,0,search,e-bus,,,,,,2026-09-26T20:58:51.056206+07:00
youtube,baPjL3cuV9s,https://www.youtube.com/watch?v=baPjL3cuV9s,Bus Simulator EVO- Articulated E-Bus Berlin Route,Bus Simulator EVO- Articulated E-Bus Berlin Route,2026-09-25T20:13:15Z,2026-09-25T20:13:15Z,reject,not_vietnam,1,"transport_impact,electric_bus",0,search,e-bus,,,,,,2026-09-26T20:58:24.774246+07:00
youtube,bjBRYNMLa6c,https://www.youtube.com/watch?v=bjBRYNMLa6c,Sleeper Bus Fire Accidents पर Nitin Gadkari ने बस बनाने वालों को क्या चेतावनी दी?,"Sleeper Bus Fire Accidents पर Nitin Gadkari ने बस बनाने वालों को क्या चेतावनी दी?
Why did Madhya Pradesh bring back a state-backed bus network after 21 years? Union Minister Nitin Gadkari and Chief Minister Mohan Yadav flagged off 351 buses in Bhopal under the Mukhyamantri Sugam Parivahan Sewa and the PM e-Bus Sewa.

In this video, find out:
Why the MP State Road Transport Corporation was shut down in 2005, with liabilities of about Rs 756 crore and monthly losses of nearly Rs 5 crore.
How the new system will run through private operators under government-regulated contracts.
Which cities got the most buses. Indore got 145, Bhopal 106 and Jabalpur 67.
What the targets are: about 1,500 buses in the first year and 15,000 by 2031.
What Gadkari told bus manufacturers and RTO officers, including his ""Gandhiwadi"" remark.
What the new rules are for bus registration, including type-approval and physical and video verification.
How many electric buses MP has got under the PM e-Bus Sewa, and what safety features the new buses will have.

Subscribe for clear and simple updates on the news that matters.

#MadhyaPradesh #NitinGadkari #MohanYadav #PublicTransport #ElectricBus #PMeBusSewa #Bhopal #Indore

Produced by: Indian Express Hindi
Edited by: Baivhaw Kesharwani",2026-09-26T13:00:28Z,2026-09-26T13:00:28Z,reject,not_vietnam,1,"transport_impact,electric_bus",0,search,electric bus,,,,,0,2026-09-26T20:55:07.752869+07:00
youtube,bm5TgNBkfqA,https://www.youtube.com/watch?v=bm5TgNBkfqA,Trimet Line 30 on an Electric Bus (Clackamas Town Center to Estacada),"Trimet Line 30 on an Electric Bus (Clackamas Town Center to Estacada)
It's time for another video riding the 30. This time I was able to get an electric bus on it. I filmed this the same day as the hybrid on the 29 from last Friday's video. Today's video was filmed on #4413 Also there was no video on Monday as I wasn't in Oregon. I wasn't even in the US. I traveled to Vancouver BC and will have plenty of videos for that.",2026-09-25T17:38:52Z,2026-09-25T17:38:52Z,reject,not_vietnam,1,"transport_impact,electric_bus",0,search,electric bus,,,,,,2026-09-26T23:03:18.082143+07:00
youtube,bnOiUwPhoi0,https://www.youtube.com/watch?v=bnOiUwPhoi0,Dừng xe ở điểm dừng xe buýt vài phút có bị phạt không?,"Dừng xe ở điểm dừng xe buýt vài phút có bị phạt không?
Chỉ tấp ô tô vào điểm dừng xe buýt vài phút để đón người, tài xế vẫn ngồi trong xe thì có vi phạm không? Pháp luật quy định không được dừng, đỗ xe tại điểm đón, trả khách. Với ô tô, hành vi này có thể bị phạt từ 800.000 đến 1.000.000 đồng. Khi cần dừng xe, hãy quan sát biển báo và chọn vị trí phù hợp để không cản trở xe buýt và hành khách.",2026-09-21T03:55:28Z,2026-09-21T03:55:28Z,reject,missing_group:electric_bus,1,transport_impact,0,search,xe buýt dien,,,,,,2026-09-26T20:54:04.914544+07:00
youtube,boX2BZbQAJQ,https://www.youtube.com/watch?v=boX2BZbQAJQ,Tour of vinbus eb6,"Tour of vinbus eb6
one of the worlds very few minibuses that uses rear engine and it is ultra low, flat floor throughout passenger cabin #lowfloorminibus #vinbuseb6 #lightpublicbus #interestingviews",2026-09-12T08:11:51Z,2026-09-12T08:11:51Z,accept,electric_bus,1,electric_bus,0,search,VinBus,,,,,,2026-09-26T21:03:15.792616+07:00
youtube,bs_Ojmh7v3Q,https://www.youtube.com/watch?v=bs_Ojmh7v3Q,Trải nghiệm làm PTG đi chụp hình các tuyến xe buýt có dán poster Conan Movie 2025-2026 cùng Huy Lỏ,"Trải nghiệm làm PTG đi chụp hình các tuyến xe buýt có dán poster Conan Movie 2025-2026 cùng Huy Lỏ
Hi xin chào cả nhà mình. Sau 1 tháng từ ngày bắt đầu sản xuất video này (6/8/2026) thì vlog mới đã ra lò rồi. Nhưng mà clip này phải nói tổng hợp đến gần cuối tháng 8 mới xong và nghỉ lễ 2/9 nên treo hơi lâu tí và cuối cùng clip cũng xong.

Thì đúng như tên gọi clip này sẽ làm tuyển tập các tuyến xe bus trên địa bàn TP.HCM sau sáp nhập được dán poster các hình ảnh có liên quan đến Conan Movie năm 2025 và 2026 lần lượt là Dư ảnh của độc nhãn và Thiên thần xa ngã trên xa lộ.

Thú thật clip này tôi cũng rất rảnh khi mà đóng giả thành anh PTG nghiệp dư đi chụp và quay phim các loại xe bus của TP.HCM mà dán poster Conan. Nhưng chính vì sự rảnh rỗi đó mà Huy đã có 1 tư liệu quý giá để phục vụ quý khán giả yêu xe bus có thể được xem và lưu lại những khoảnh khắc thú vị của những tuyến xe đặc biệt này (dù biết hiện giờ là đã gỡ vì phim hết rồi). Càng thú vị hơn khi Huy trải nghiệm chụp PTG các xe bus đó cũng là lúc chín muồi mà xe bus đang free từ 1/7/2026 đến hết năm nay thì quả là anh em lời lắm luôn :)))

Để biết thêm thông tin chi tiết thì đây là list thời gian cho anh em cần:
00:00 Intro
00:13 Cảnh này thật quen thuộc. Hình như thấy ở đâu rồi đó :)))
2:25 Quảng cáo
2:30 Xe bus số 94 (ver 2025)
3:14 Xe bus số 13 (ver 2025 - Nguồn bạn Nhân trong clip)
3:25 Xe buýt số 172 (ver 2026)
7:35 Xe buýt số 171 (ver 2026)
Đây là 2 tuyến mới được triển khai trong năm 2026. Nhưng tuyến 172 thì tốn tiền do đi qua TP.Đồng Nai và Vũng Tàu nên xa lắm í, chứ không như 171 mà được free đâu hehe.
9:29 Quảng cáo Conan Movie 29: Thiên thần xa ngã trên xa lộ ở dọc đường Nguyễn Văn Linh vs đường gì quên mọe tên rồi :)))
9:55 Xe buýt số 60-1 (ver 2026)
11:35 Xe buýt số 5 (ver 2026)
Xe này cũng đi TP.Đồng Nai nhưng không nghĩ có trong danh sách này.
15:10 Donate để có tiền mua điện thoại mới huhu
15:45 Xe buýt số 62-8 (ver 2026)
17:05 Hết clip

Video này được tài trợ bởi SACOMBANK liên kết với MasterCard®
#vlogcuahuy #NgaoDuCungHuyLo #HuyoneSTUDIO #SACOMBANK #MasterCard",2026-09-06T13:00:06Z,2026-09-06T13:00:06Z,reject,missing_group:electric_bus,1,transport_impact,1,search,trải nghiệm xe buýt điện,,,,,,2026-09-26T21:08:11.370719+07:00
youtube,bwLxk7XpPUg,https://www.youtube.com/watch?v=bwLxk7XpPUg,"BYD Sealion 5: rẻ hơn cả Mazda CX5 mà lại có PHEV, chạy được hơn 1200km","BYD Sealion 5: rẻ hơn cả Mazda CX5 mà lại có PHEV, chạy được hơn 1200km
BYD Sealion 5 sẽ được phân phối chính thức với hai phiên bản. Bao gồm phiên bản Essential và phiên bản Premium. Cả hai đều dùng chung khối động cơ hybrid cắm sạc (PHEV). Hệ thống này kết hợp máy xăng 1.5L và một motor điện, cho công suất tổng đạt đến 214 mã lực. Ngoài ra, hai phiên bản cùng dùng cỡ mâm 18 inch, đi kèm với bộ lốp 225/60.

-----------------------------------------------------------------------------

Hãy like, subscribe và share video này nếu bạn thấy hay và ý nghĩa. Cảm ơn các bạn rất nhiều vì đã dành tình cảm cho Drive mode VN, nơi mà chúng ta có thể cùng nhau chia sẻ về các đam mê và sở thích của Phái mạnh, không chỉ riêng mỗi xe hơi.

-----------------------------------------------------------------------------

Follow các nền tảng khác để cùng giao lưu và chia sẻ với mình nhé!

- Facebook: https://www.facebook.com/nguyenvux.2010
- Group Cảm giác lái là gì?: https://www.facebook.com/groups/913586994984462
- Tiktok Nguyên Vũ: https://www.tiktok.com/@nguyenvu.mode
- Tiktok Drive mode: https://www.tiktok.com/@drivemodevn

-----------------------------------------------------------------------------

Contact for work
Hotline: 0362.945.468
Email: nguyenvux2010@gmail.com

Bản quyền thuộc về Drive mode VN.

#drivemode #byd #bydsealion #bydsealion5 #sealion5",2026-09-24T09:00:31Z,2026-09-24T09:00:31Z,reject,missing_group:electric_bus,1,transport_impact,0,search,review bus điện,,,,,,2026-09-27T16:02:46.300693+07:00
youtube,c3He33VNIak,https://www.youtube.com/watch?v=c3He33VNIak,Cảm giác mất phanh của xe điện.,Cảm giác mất phanh của xe điện.,2026-09-24T12:47:46Z,2026-09-24T12:47:46Z,reject,missing_group:electric_bus,1,transport_impact,0,search,bus dien,,,,,,2026-09-26T20:54:26.459088+07:00
youtube,c4Ak-XR6oz0,https://www.youtube.com/watch?v=c4Ak-XR6oz0,"Tia sét giáng xuống người đi xe máy ở Nghệ An, diễn biến sau đó gây chú ý","Tia sét giáng xuống người đi xe máy ở Nghệ An, diễn biến sau đó gây chú ý
Vấn đề hôm nay | Tia sét giáng xuống người đi xe máy ở Nghệ An, diễn biến sau đó gây chú ý 
Bác sĩ tại Bệnh viện Hữu nghị đa khoa Nghệ An cho biết, bệnh nhân bị sét đánh trúng hiện đang được tiếp tục theo dõi và điều trị.
⭐Xem kênh Youtube Báo Tiền Phong trên Google News: https://bit.ly/BaoTienPhongGoogleNews
--------------------------------------------
Tin tức báo Tiền Phong - Đọc tin mới online - tin nhanh - tin 24h - thời sự
🔔 ĐĂNG KÝ KÊNH để nhận những thông tin mới nhất: https://bit.ly/DangKyBaoTienPhong
⭐Website: https://www.tienphong.vn/
⭐Fanpage: https://www.facebook.com/www.tienphong.vn/
⭐TikTok: https://www.tiktok.com/@baotienphong.official
© Bản quyền thuộc báo điện tử Tiền Phong
Tiền phong, Tiền phong TV, tin tức, tin nóng, tin tức hôm nay, tin tức mới nhất hôm nay, tin tức mới nhất, tin thời sự, tin tức 24h, Vấn đề hôm nay, tin tức việt nam hôm nay, tin trong nước, tin tức trong nước mới nhất
#baotienphong #tienphongtv #vandehomnay",2026-09-26T05:35:17Z,2026-09-26T05:35:17Z,reject,missing_group:electric_bus,1,transport_impact,0,search,bus dien,,,,,,2026-09-26T20:54:26.248060+07:00
youtube,c7SEBvM6I9Y,https://www.youtube.com/watch?v=c7SEBvM6I9Y,Xe buýt 55 TP. Hồ Chí Minh: Khí gas CNG (cũ) và Điện (Mới). Sau hơn 1 năm chuyển đổi.,Xe buýt 55 TP. Hồ Chí Minh: Khí gas CNG (cũ) và Điện (Mới). Sau hơn 1 năm chuyển đổi.,2026-09-12T10:05:45Z,2026-09-12T10:05:45Z,reject,missing_group:electric_bus,1,transport_impact,1,search,xe buýt điện,,,,,,2026-09-26T20:51:00.861689+07:00
youtube,cFVe-D6Nuuo,https://www.youtube.com/watch?v=cFVe-D6Nuuo,🇻🇳 Tour VinBus Hà Nội. Tất cả trong 1. Chi phí rẻ+Chuyến tham quan+Cảm xúc!? Hanoi VinBus Tour!?,"🇻🇳 Tour VinBus Hà Nội. Tất cả trong 1. Chi phí rẻ+Chuyến tham quan+Cảm xúc!? Hanoi VinBus Tour!?
Tour VinBus E09 Hà Nội. Tất cả trong 1. Chi phí rẻ + Chuyến tham quan + Cảm xúc!? 

All in 1 - Hanoi VinBus E09 Tour for cost+emotion+tour!?",2026-09-13T07:05:28Z,2026-09-13T07:05:28Z,accept,electric_bus,1,"hanoi_location,electric_bus",0,search,VinBus,,,,,,2026-09-26T21:03:09.212558+07:00
youtube,cLJ31FU7NOQ,https://www.youtube.com/watch?v=cLJ31FU7NOQ,Tuyến E07TC trên xe buýt điện Vinfast EB10 29F-019.16,Tuyến E07TC trên xe buýt điện Vinfast EB10 29F-019.16,2026-09-19T14:05:00Z,2026-09-19T14:05:00Z,accept,electric_bus,1,"transport_impact,electric_bus",0,search,xe buýt điện,,,,,,2026-09-26T20:49:28.601634+07:00
youtube,cLv33FVtW54,https://www.youtube.com/watch?v=cLv33FVtW54,എന്താണ് Endobronchial Ultrasound അഥവ EBUS,എന്താണ് Endobronchial Ultrasound അഥവ EBUS,2026-09-26T12:23:10Z,2026-09-26T12:23:10Z,reject,not_vietnam,1,electric_bus,0,search,ebus,,,,,0,2026-09-26T20:59:08.204362+07:00
youtube,cM6fGHxdLoM,https://www.youtube.com/watch?v=cM6fGHxdLoM,🚌⚡ Aaj Hamare Gaon Mein Electric Bus Aa Gayi 😱 | Pehli Baar Dekhi!,"🚌⚡ Aaj Hamare Gaon Mein Electric Bus Aa Gayi 😱 | Pehli Baar Dekhi!
🚌⚡ Aaj Hamare Gaon Mein Electric Bus Aa Gayi 😱 | Pehli Baar Dekhi!#Vlog #DailyVlog #VillageVlog #GaonVlog #ElectricBus #BusVlog #DesiVlog #IndianVlogger #VillageLife #GaonKiZindagi #UPVlog #Vlogger #ViralVlog #TrendingVlog #YouTubeVlog #YouTubeIndia #Viral #Trending #Explore #Shorts#Vlog #DailyVlog #VillageVlog #GaonVlog #ElectricBus #BusVlog #DesiVlog #IndianVlogger #VillageLife #GaonKiZindagi #UPVlog #Vlogger #ViralVlog #TrendingVlog #YouTubeVlog #YouTubeIndia #Viral #Trending #Explore #Shorts#Vlog #DailyVlog #VillageVlog #GaonVlog #ElectricBus #BusVlog #DesiVlog #IndianVlogger #VillageLife #GaonKiZindagi #UPVlog #Vlogger #ViralVlog #TrendingVlog #YouTubeVlog #YouTubeIndia #Viral #Trending #Explore #Shorts",2026-09-26T03:25:05Z,2026-09-26T03:25:05Z,reject,not_vietnam,1,"transport_impact,electric_bus",0,search,electric bus,,,,,,2026-09-26T20:56:04.520116+07:00
youtube,cTL4Ekb81KI,https://www.youtube.com/watch?v=cTL4Ekb81KI,Delhi lo 2800 E- bus milegi | PM  E- drive  big Update 2026,Delhi lo 2800 E- bus milegi | PM  E- drive  big Update 2026,2026-09-26T10:40:57Z,2026-09-26T10:40:57Z,reject,missing_group:electric_bus,1,transport_impact,0,search,e-bus,,,,,,2026-09-26T20:57:41.960413+07:00
youtube,cWcTYV4XwSE,https://www.youtube.com/watch?v=cWcTYV4XwSE,⚡🚌 Electric Bus 🔥 Dera Ghazi Khan | Amazing Modern Bus #Shorts,"⚡🚌 Electric Bus 🔥 Dera Ghazi Khan | Amazing Modern Bus #Shorts
⚡🚌 Electric Bus 🔥 Dera Ghazi Khan | Amazing Modern Bus #Shorts",2026-09-26T03:38:10Z,2026-09-26T03:38:10Z,reject,not_vietnam,1,"transport_impact,electric_bus",0,search,electric bus,,,,,,2026-09-27T16:01:16.106041+07:00
youtube,cqLHtIFePAE,https://www.youtube.com/watch?v=cqLHtIFePAE,MP Bus Service : 21 साल बाद MP में लौटी सरकारी बस सेवा! 351 बसों से हुई नई शुरुआत,"MP Bus Service : 21 साल बाद MP में लौटी सरकारी बस सेवा! 351 बसों से हुई नई शुरुआत
IBC24, MP Bus Service : 21 साल बाद MP में लौटी सरकारी बस सेवा! 351 बसों से हुई नई शुरुआत

#MPBusService #MadhyaPradesh #MPNews #GovernmentBus #BhopalNews #IndoreNews #MohanYadav #NitinGadkari #ElectricBus #PublicTransport #BusService #MadhyaPradeshNews #HindiNews #BreakingNews #IBC24

Follow us: 
Facebook: https://www.facebook.com/IBC24News

Follow the IBC24 News channel on WhatsApp: https://whatsapp.com/channel/0029Va9nHPgEawdjuFf16O1W 

instagram : https://www.instagram.com/ibc24.in/

YouTube: https://www.youtube.com/channel/UCBc13XYipnBIBE3Ff8QaaGg

Telegram :  https://t.me/cg_mp_news

Facebook: https://www.facebook.com/IBC24News

Twitter: https://twitter.com/ibc24news?lang=en  

IBC24 Website: https://www.ibc24.in/

Head Office: IBC24 Mediaplex
M/s S.B. Multimedia Pvt. Ltd.
Vidhan Sabha Road, Near MGM Eye Institute,
Saddu, Raipur, Chhattisgarh
Pin - 492014

IBC24 is a media and news organization. Its Head office is in Raipur, the state capital of Chhattisgarh. This channel is providing primarily regional news of Madhya Pradesh & Chhattisgarh besides national, International, sports and other main news of public interests. Our wide network of reporters in rural and urban areas has made us one of the most reliable news channels of Madhya Pradesh and Chhattisgarh. 

We have a history of providing reliable news in matters pertaining to local, national and international significance. Many times our onscreen coverage has been picked up by various national and international news channels. Especially our coverage during Dantewada Naxal attack on CRPF jawans and during the Naxal attack on the motorcade of Congress leaders and the massacre that followed at Jhiram Ghati (also known as Darbha Ghati Massacre).

Video Link:https://youtu.be/cqLHtIFePAE

Incoming Search Terms:
MP Bus Service, Madhya Pradesh Bus Service, Government Bus Service MP, MP Government Bus, Madhya Pradesh Government Bus, 21 Years After Bus Service, 351 Buses MP, 351 Bus Service, Electric Bus MP, 180 Electric Buses, Bhopal Bus Service, Indore Bus Service, Madhya Pradesh Transport, MP Transport News, Public Transport MP, Mohan Yadav, Nitin Gadkari, Mohan Yadav Nitin Gadkari, MP News, Madhya Pradesh News, MP Bus News, Government Bus Service,",2026-09-25T15:42:11Z,2026-09-25T15:42:11Z,reject,not_vietnam,1,"transport_impact,electric_bus",0,search,electric bus,,,,,,2026-09-26T20:56:57.310586+07:00
youtube,cqwDA8Qd0B4,https://www.youtube.com/watch?v=cqwDA8Qd0B4,"Lái thử VinFast Evo Grand Premia: Xe máy điện đẹp nhất của Vinfast, giá 25 triệu, pin 134 km","Lái thử VinFast Evo Grand Premia: Xe máy điện đẹp nhất của Vinfast, giá 25 triệu, pin 134 km
Lái thử VinFast Evo Grand Premia: Xe máy điện đẹp nhất của Vinfast, giá 25 triệu, pin 134 km | Vật Vờ Studio

► Vật Vờ Studio xin được gửi lời cảm ơn VinFast Thịnh Phát đã cho chúng mình mượn xe để thực hiện video này, anh em xem xe có thể tham khảo nhé: https://vinfastthinhphat.vn/

VinFast Evo Premia đánh dấu bước tiến mới trong dòng xe máy điện đô thị nhờ phong cách thiết kế tân cổ điển chỉn chu và thanh lịch. Với ngoại hình nổi bật, phối màu sang trọng cùng chiều cao yên 770mm vô cùng vừa vặn, VinFast Evo Premia mang lại khả năng làm chủ tay lái dễ dàng cho phái đẹp và nhân viên văn phòng. Xe sở hữu không gian chứa đồ rộng rãi lên tới 35 lít, giúp việc lưu trữ đồ dùng cá nhân khi đi làm hay đi chơi trở nên thuận tiện hơn. Khả năng vận hành của VinFast Evo Premia rất êm ái, gia tốc mượt nhờ động cơ inhub và hệ thống giảm xóc đôi chắc chắn. Nhờ tích hợp các tính năng tiện ích như chế độ lùi xe, hỗ trợ khởi hành ngang dốc và màn hình LCD hiển thị rõ nét, việc di chuyển phố hằng ngày trở nên nhẹ nhàng hơn. Hãy cùng mình trải nghiệm thực tế VinFast Evo Premia để xem mẫu xe này có phù hợp với nhu cầu của anh em không nhé!

#vatvostudio #review #vtmedia
_______________________________
► Tham gia Cộng đồng AI Việt Nam trên Group Facebook cùng Vật Vờ Studio  https://www.facebook.com/share/g/16qXQKTXF2/?mibextid=wwXIfr
► Data thỏa thích cùng Wintel x Vật Vờ Studio: Combo Gói cước độc quyền + Bốc Túi Mù nhận ngay data không giới hạn mỗi tháng: https://vatvo.wintel.vn/
► Tham gia Group Cộng đồng Gacha Data – Vật Vờ Studio: https://www.facebook.com/groups/gachadatavatvostudio

► Để thảo luận về các cơ hội hợp tác, vui lòng liên hệ với chúng tôi tại: ads@vtmedia.tv
► For business, please contact: ads@vtmedia.tv

© Bản quyền thuộc về VT MEDIA & Vật Vờ Studio
© Copyright by VT MEDIA & Vật Vờ Studio. Please do not Reup
--------------------------------------------------",2026-09-27T10:54:14Z,2026-09-27T10:54:14Z,reject,missing_group:electric_bus,1,transport_impact,0,search,review bus điện,,,,,,2026-09-27T18:02:56.223512+07:00
youtube,ctI-yA46BU8,https://www.youtube.com/watch?v=ctI-yA46BU8,1 — Bus Ride 🌈,1 — Bus Ride 🌈,2026-09-26T18:09:51Z,2026-09-26T18:09:51Z,reject,missing_group:electric_bus,1,transport_impact,0,search,e-bus,,,,,,2026-09-27T16:05:19.642682+07:00
youtube,cwTzLY_pNjw,https://www.youtube.com/watch?v=cwTzLY_pNjw,Electric Bus ka sabse bada Raaz! ⚡#ElectricBus #Facts #Science #Technology #fact nation#Shorts,"Electric Bus ka sabse bada Raaz! ⚡#ElectricBus #Facts #Science #Technology #fact nation#Shorts
Electric Bus charge hone ke baad kaise chalti hai? ⚡🚌 Is video me 40 second me poora process dekho — charging station se battery, inverter, motor aur regenerative braking tak sab kuch aasan bhasha me.
Aise hi science aur technology facts ke liye Fact Nation ko subscribe karein.
#ElectricBus #Science #Technology #EV #Facts #Shorts",2026-09-19T14:30:40Z,2026-09-19T14:30:40Z,reject,not_vietnam,1,"transport_impact,electric_bus",0,search,bus điện,,,,,,2026-09-26T20:54:12.102224+07:00
youtube,d8KlcyqjJcI,https://www.youtube.com/watch?v=d8KlcyqjJcI,SUBA tiv 2 tiv 2 bus,SUBA tiv 2 tiv 2 bus,2026-09-26T04:19:17Z,2026-09-26T04:19:17Z,reject,missing_group:electric_bus,1,transport_impact,0,search,e-bus,,,,,,2026-09-26T20:57:51.797386+07:00
youtube,dDEuEnoLAWE,https://www.youtube.com/watch?v=dDEuEnoLAWE,Good Morning Vinfast!,"Good Morning Vinfast!
Deep inside #Vinfast to know more about this company and today's Vietnamese society. A video voyage led by Gianluca Ventura and Sascha Böhnke, president and vicepresidente of the International #Busoftheyear jury.@vinfastauto.official",2026-08-26T12:18:24Z,2026-08-26T12:18:24Z,reject,missing_group:electric_bus,1,,0,search,VinBus,,,,,,2026-09-26T21:04:27.748036+07:00
youtube,d_79KbN18Vs,https://www.youtube.com/watch?v=d_79KbN18Vs,गणपती नंतर पुन्हा परतीचा प्रवास 🥹❤️ | Electric Bus Journey - Dapoli To Panvel| Mi Kokani Nikhil,"गणपती नंतर पुन्हा परतीचा प्रवास 🥹❤️ | Electric Bus Journey - Dapoli To Panvel| Mi Kokani Nikhil
गणपती नंतर पुन्हा परतीचा प्रवास 🥹❤️ | Electric Bus Journey - Dapoli To Panvel| Mi Kokani Nikhil
.

गणपती बाप्पाला निरोप दिल्यानंतर पुन्हा एकदा गावातून परतीचा प्रवास सुरू झाला .

सकाळी ६:३० वाजता दापोलीहून ठाणे खोपटसाठी निघालो 🚌
यावेळी Electric Bus ने प्रवास केला आणि गाव सोडताना मनात पुन्हा एकदा गावच्या सुंदर आठवणी दाटून आल्या .

गावचं वातावरण, गणपतीचे दिवस आणि आपल्या माणसांसोबत घालवलेले क्षण मागे सोडून पुन्हा पनवेलच्या दिशेने प्रवास… 

या परतीच्या प्रवासात तुम्हीही आमच्यासोबत या! 

व्हिडिओ आवडला असेल तर Like करा, Comment करा आणि Channel ला Subscribe करायला विसरू नका!

Dapoli To Thane Khopat
Electric Bus Journey
सकाळी ६:३० ची बस
Mi Kokani Nikhil

#MiKokaniNikhil #DapoliToPanvel #DapoliToThane #ElectricBus #KokanVlog #KokanTravel #MarathiVlog #GanpatiFestival2026 #KokanGanpati #परतीचाप्रवास",2026-09-25T12:30:16Z,2026-09-25T12:30:16Z,reject,not_vietnam,1,"transport_impact,electric_bus",0,search,electric bus,,,,,0,2026-09-26T21:10:00.092408+07:00
youtube,dh3J0bCEzL8,https://www.youtube.com/watch?v=dh3J0bCEzL8,Punjab Green Electric Bus Restoration | Rusty to Brand New#PunjabGreenBus #ElectricBus,Punjab Green Electric Bus Restoration | Rusty to Brand New#PunjabGreenBus #ElectricBus,2026-09-25T13:00:23Z,2026-09-25T13:00:23Z,reject,not_vietnam,1,"transport_impact,electric_bus",0,search,electric bus,,,,,0,2026-09-26T20:57:20.347714+07:00
youtube,dhTAt2DGssE,https://www.youtube.com/watch?v=dhTAt2DGssE,Bộ Chuyển Đổi Điện Từ Bình Xe Điện Sang 12V #phukienxedien #suachuaxedien #bochuyendoi12v #Shorts,"Bộ Chuyển Đổi Điện Từ Bình Xe Điện Sang 12V #phukienxedien #suachuaxedien #bochuyendoi12v #Shorts
Bộ Chuyển Đổi Điện Từ Bình Xe Điện Sang 12V #phukienxedien #suachuaxedien #bochuyendoi12v #review #muangay
#Shorts",2026-09-24T06:00:35Z,2026-09-24T06:00:35Z,reject,missing_group:electric_bus,1,transport_impact,0,search,review bus điện,,,,,,2026-09-26T21:08:04.296406+07:00
youtube,e1Rnlf0NJo0,https://www.youtube.com/watch?v=e1Rnlf0NJo0,Diện Mạo Mới Bến Xe Buýt Ở Cửa Ngõ Phía Nam TP.HCM,"Diện Mạo Mới Bến Xe Buýt Ở Cửa Ngõ Phía Nam TP.HCM
Gạch Thái Châu là đơn vị chuyên sản xuất và cung cấp các sản phẩm gạch bê tông, gạch không nung, gạch vỉa hè, gạch tự chèn, gạch chữa nhật , gạch con sâu, gạch trồng cỏ và các loại gạch block khác. Luôn có sẵn số lượng lớn đáp ứng cho tất cả các công trình lớn nhỏ với đội ngũ xe vận tải cơ giới cẩu tự hành hùng hậu sẵn sàng giao hàng 24/24 tận nơi tại đồng nai, bình dương, long an, thành phố hồ chí minh và cách tỉnh Miền Nam. Gạch Thái Châu cam kết chất lượng đạt tiêu chuẩn và tiến độ giao nhanh chóng với giá thành luôn cạnh tranh rẻ nhất thị trường. Tư vấn báo giá 24/24 khách hàng luôn yên tâm về chất lượng dịch vụ cũng như chất lượng sản phẩm gạch block, gạch không nung, gạch vỉa hè, gạch bê tông của Gạch Thái Châu.
CÔNG TY GẠCH THÁI CHÂU
- Hotline: 0963 23 23 46
- Website 1: https://giagachkhongnung.com/ 
- Website 2: https://gachthaichau.vn/ 
- Website 3: https://giagachviahe.vn/ 
- Facebook: https://www.facebook.com/gachthaichaugiare247 
- Tiktok: https://www.tiktok.com/@gachthaichau?is_from_webapp=1&sender_device=pc 
- Địa chỉ văn phòng: 01S10, toà S301, số 512 đường Nguyễn Xiển, P. Long Thạnh Mỹ, TP. Thủ Đức, TP. HCM 
- Địa chỉ nhà máy 1: TL768 Ấp bình thạnh, x. Bình Hòa, H. Vĩnh Cửu, Đồng Nai
- Địa chỉ nhà máy 2:  DT746 Ấp 1, Xã Thường Tân, H. Bắc Tân Uyên, Bình Dương 
#gacthaichau, #gachblock, #gachkhongnung #gachbetong",2026-09-26T04:00:32Z,2026-09-26T04:00:32Z,reject,missing_group:electric_bus,1,"transport_impact,hanoi_location",1,search,xe buýt dien,,,,,,2026-09-26T20:54:04.886260+07:00
youtube,e6G4ZZnlMEk,https://www.youtube.com/watch?v=e6G4ZZnlMEk,"Ngày kết hôn, anh đón tình đầu, bắt vợ chạy xe đạp công cộng đến lễ cưới. Cô ly hôn ngay! #phimhay","Ngày kết hôn, anh đón tình đầu, bắt vợ chạy xe đạp công cộng đến lễ cưới. Cô ly hôn ngay! #phimhay
🎉Chào mừng đến với Tổng Tài Ngôn Tình!
Phim ngắn hay không ngừng nghỉ✨
⚠️Bản quyền chính chủ, vi phạm sẽ bị xử lý! ✖Cấm reup, sao chép!
#Mã Tiểu Vũ #Hà Kiện Kỳ #Kha Thuần #Diêu Quán Vũ #Vương Dịch Nhiên 
#Vu Long #Huỳnh Văn Bác #Trương Bắc Tích #Thân Hạo Nam #Trương Tập Tuấn #Thư Đồng #Vương Khải Mộc #Vương Hạo Trinh #Hà Thông Duệ #Tôn Việt #Vương Nam #Vương Ngạn Hâm #Hoàng Ba #Huỳnh Văn Bác #Mã Minh Vũ #Thái Hân Dương #Tiên Gia Thần #Vương Đạo Thiết #Bạch Phương Văn #Minh Xuyên #Lương Tư Vỹ #Lưu Kình #Đổng Nhất #Trần Thiêm Tường #Lưu Nhuận Minh #Vương Vũ Uy #Kim Giai Ngộ #Mã Sĩ Nghiêu #Cổ Minh Hãn #Tào Quân Hào #Chiêm Trác #Duẫn Nhất Bác #La Gia Kỳ #Lý Phi 
#lồng tiếng Việt #phụ đề Việt #phim ngắn tiếng Việt #phim ngắn lồng tiếng #phimhay #phimngắn #phimđángxem #ngôntình #tìnhyêu #truyềnhình #xemphim #ngôntìnhhiệnđại #đôthị #tổngtài #nghịchphố #trảthù #ngọtngào #trangphụccổ #HoaNắngDrama #nữquyền #phimngắntrọnbộ #plotwist #ceo #cônáclọlem #bénhỏ #giađình #hônnnhân #tìnhcảm #giađìnhquyềnquý #triệup phú #chuyệntìnhyêu #phimngắnTrungQuốc #reviewphim 
#drama #phimtrung #phimngắn #tiểuthuyếtnữ #tìnhlãngmạn #trảthù #cậpnậthàngngày #xemliêntục #nghiệndrama #phimđỉnh #lãngmạn #tìnhyêu #giámđốc #lọlem #bénhỏ #trangphụccổ #trảthù #namchínhđẹp #nữchínhxinh #dễthương #ngọtngào",2026-08-31T09:45:05Z,2026-08-31T09:45:05Z,reject,missing_group:electric_bus,1,transport_impact,0,search,xe điện công cộng,,,,,,2026-09-26T21:05:52.349982+07:00
youtube,eAmEjxduKcM,https://www.youtube.com/watch?v=eAmEjxduKcM,Cả nhà trải nghiệm đi xe điện trên cao,Cả nhà trải nghiệm đi xe điện trên cao,2026-09-11T09:09:35Z,2026-09-11T09:09:35Z,reject,missing_group:electric_bus,1,transport_impact,0,search,xe bus điện,,,,,,2026-09-26T20:51:34.434034+07:00
youtube,eDLoiWpKeo8,https://www.youtube.com/watch?v=eDLoiWpKeo8,Chuyên Gia Xe Bus Châu Âu Ngỡ Ngàng Trước Quy Mô Nhà Máy Xe Bus Điện VinFast Hải Phòng,"Chuyên Gia Xe Bus Châu Âu Ngỡ Ngàng Trước Quy Mô Nhà Máy Xe Bus Điện VinFast Hải Phòng
☎️ LIÊN HỆ VỚI TÔI
📩 Email: jionhoang92@gmail.com
📞 Hotline/Zalo : 0868.289.098
--------------------------------------------------------
♻️ THEO DÕI TÔI
⏯️ Youtube: https://www.youtube.com/channel/UCv08_sH5fn2EVRPIYXmvdAw
⏯️ Thời sự trong nước : https://www.youtube.com/playlist?list=PLmsrCEuK8fEWoLJHUYMGZUrzv7wpbFzmh
 ⏯️ Thời sự toàn diện:https://www.youtube.com/playlist?list=PLmsrCEuK8fEUQBf6C_soimMYXWwFwu2nR
--------------------------------------------------------
✅ Đăng ký kênh (miễn phí) để nhận được nhiều nội dung video giá trị khác: https://www.youtube.com/channel/UCv08_sH5fn2EVRPIYXmvdAw
Chuyên gia xe bus hàng đầu Châu Âu – Tom Terjesen (Tổng biên tập tạp chí Bussmagasinet Na Uy, Chủ tịch Ban giám khảo giải thưởng Bus & Coach of the Year) đã có chuyến thăm trực tiếp tổ hợp nhà máy VinFast tại Hải Phòng.

Ngay khi đặt chân vào bên trong xưởng sản xuất, vị chuyên gia Châu Âu đã phải thốt lên kinh ngạc trước quy mô ""quá khủng khiếp"" và hiện đại của nhà máy xe bus điện VinFast. Cùng theo chân ông khám phá quy trình lắp ráp thực tế và xem cộng đồng mạng quốc tế đánh giá như thế nào về bước tiến của ngành công nghiệp ô tô Việt Nam!
--------------------------------------------------------
❤️ Cảm ơn bạn đã theo dõi và ủng hộ. Chúc bạn luôn Vui vẻ, hạnh phúc và thành công!#VinFast #VinBus #XeBusDien #NhaMayVinFast #CongNgheVietNam #HaiPhong #TomTerjesen #Bussmagasinet #OToDien #XeBusChauAu",2026-08-30T02:58:26Z,2026-08-30T02:58:26Z,accept,electric_bus,1,"transport_impact,electric_bus",1,search,VinBus,,,,,,2026-09-26T21:03:37.697802+07:00
youtube,eJsutMvwSB0,https://www.youtube.com/watch?v=eJsutMvwSB0,گرین electric bus مریم نواز کا فیصلہ ہے غریب عوام کی سہولت electric bus 🚌🚌🚌 Pakistani bus #shorts #,گرین electric bus مریم نواز کا فیصلہ ہے غریب عوام کی سہولت electric bus 🚌🚌🚌 Pakistani bus #shorts #,2026-09-27T05:10:14Z,2026-09-27T05:10:14Z,reject,not_vietnam,1,"transport_impact,electric_bus",0,search,electric bus,,,,,,2026-09-27T16:04:31.927291+07:00
youtube,eL36n4Vs5Z0,https://www.youtube.com/watch?v=eL36n4Vs5Z0,"Vụ xe ben quên hạ thùng có diễn biến mới, hồ sơ đã chuyển sang Cơ quan Cảnh sát điều tra","Vụ xe ben quên hạ thùng có diễn biến mới, hồ sơ đã chuyển sang Cơ quan Cảnh sát điều tra
Theo cơ quan chức năng, vụ xe ben va sập giá long môn trên đường dẫn cao tốc TP.HCM, Long Thành, Dầu Giây gây thiệt hại tài sản trên 100 triệu đồng.
Phòng Cảnh sát giao thông Công an TP.HCM đã chuyển toàn bộ hồ sơ, tang vật và phương tiện sang Cơ quan Cảnh sát điều tra để tiếp tục thụ lý theo thẩm quyền.
May mắn vụ việc không gây thương vong.
#ToanCanhNong #XeBen #CaoTocLongThanhDauGiay #CSGT #TinGiaoThong #TPHCM #CoQuanDieuTra #AnToanGiaoThong #CaoToc #CapNhatMoi",2026-09-26T11:47:12Z,2026-09-26T11:47:12Z,reject,missing_group:electric_bus,1,transport_impact,1,search,bus dien,,,,,,2026-09-26T20:54:26.202252+07:00
youtube,eUiUOtHFFJo,https://www.youtube.com/watch?v=eUiUOtHFFJo,"Xe khách lật bẹp rúm, hiện trường &#39;kinh hoàng&#39; tại Gia Lai khiến nhiều người bị thương | VOV","Xe khách lật bẹp rúm, hiện trường &#39;kinh hoàng&#39; tại Gia Lai khiến nhiều người bị thương | VOV
VOV | Vụ va chạm giữa xe khách giường nằm và 2 phương tiện khác lúc rạng sáng 23/9 tại ngã tư Gò Găng (Gia Lai) khiến nhiều người bị thương và các phương tiện hư hỏng.
_________________________________
Đăng ký theo dõi kênh Báo Điện tử Tiếng nói Việt Nam (VOV) để xem những tin tức mới nhất: https://bit.ly/DangKyKenhBaoDienTuVOV

Đây là kênh YouTube chính thức của Báo Điện tử VOV - Đài Tiếng nói Việt Nam
- Website: https://vov.vn
- Fanpage: https://www.facebook.com/baodientuvov
- Tiktok: Báo điện tử VOV ID:@baodientuvov
- Xem Youtube Báo Điện tử Tiếng nói Việt Nam (VOV) trên GG News: https://bit.ly/VOV_GGNews

37 Bà Triệu, Hoàn Kiếm, Hà Nội, Việt Nam
ĐT: (+84) 24 22105148
Fax: Fax: (+84) 24 39344230
Email: toasoanvov.vn@gmail.com

Kênh youtube Báo Điện tử Tiếng nói Việt Nam (VOV) là kênh Youtube chia sẻ các nội dung tin tức, chính trị, kinh tế, quốc tế, thế giới, pháp luật, nga ukraine mới nhất, tin nga ukraine,xung đột nga ukraine,tin quốc tế,nga ukraine hôm nay,tiêu điểm quốc tế,toàn cảnh quốc tế,thời sự quốc tế,thời sự thế giới,toàn cảnh thế giới,bản tin quốc tế,chiến sự nga ukraine, tin tức thời sự ,thời sự 19h,tin tức mới,tin mới,thời sự quốc tế,tin tức 24h mới nhất, nga và ukraine mới nhất, tin tức nga ukraine mới nhất,nga,ukraine, tin biển đông,tin nóng, các tin tức cập nhật,… cùng các phân tích, bình luận của các chuyên gia, học giả trong nước và quốc tế. 
Cảm ơn các bạn đã xem video! Hãy đăng ký kênh để cập nhật thông tin mới hữu ích nhất!
_________________________________
#vov #thoisu #tintuc",2026-09-23T08:36:07Z,2026-09-23T08:36:07Z,reject,missing_group:electric_bus,1,hanoi_location,0,search,tuyến bus điện,,,,,,2026-09-26T21:06:46.332201+07:00
youtube,eb1PzztvjJk,https://www.youtube.com/watch?v=eb1PzztvjJk,SOI KĨ TỪ A-Z XE ĐIỆN BÁN TẢI VINFAST WILD - XE TOÀN ĐỒ NHỰA KHÔNG DÁM CHÊ CHẠY 1.000KM/LẦN SẠC PIN,"SOI KĨ TỪ A-Z XE ĐIỆN BÁN TẢI VINFAST WILD - XE TOÀN ĐỒ NHỰA KHÔNG DÁM CHÊ CHẠY 1.000KM/LẦN SẠC PIN
cuộc sống sài gòn
ỦNG HỘ KÊNH XIN CÁC BẠN NHẤN ÐĂNG KÝ (MIỄN PHÍ) ÐỂ THEO DÕI.
Please SUBSCRIBE to my channel:
https://goo.gl/sCe18n

#cuocsongsaigon #saigon #dulich

xe bán tải vinfast wild vừa ra mắt tại landmark 81 sài gòn, chạy 1000km/lần sạc pin và ngập tràn nhựa




*hành trình đà lạt về sài gòn NHANH NHẤT ngắm nhiều cảnh đẹp* https://www.youtube.com/watch?v=mF9boR262pk&t=7774s

*du lịch thái lan tự túc rẻ hơn đi phú quốc* https://youtu.be/ZkLPe3wwu2Q?si=xQ-PiK5cxVS0vnmO

*con đường BƯỚM ĐÊM khét tiếng* https://www.youtube.com/watch?v=pxIzO3OGH3Y

*biệt thự nhà VIỆT HƯƠNG giàu chưa từng thấy* https://www.youtube.com/watch?v=D3frYXLeeqA

*sài gòn NGẬP KINH HOÀNG NGÀY ĐÊM SÁNG TỐI* https://www.youtube.com/watch?v=C0FYpVspSvw

*khu nhà lầu đại gia CHO TIỀN KHÔNG DÁM Ở* https://www.youtube.com/watch?v=n9NR-6L3Qzk

*kinh khủng 2 SIÊU THỊ LỚN NHẤT KHỦNG NHẤT THÀNH PHỐ BÌNH DƯƠNG* https://www.youtube.com/watch?v=1fIaiEEJTLE

*ai ngờ ĐÊM GIÁNG SINH SÀI GÒN ăn chơi khắp nơi* https://www.youtube.com/watch?v=l3chnh_6K8E

*kinh hoàng XẢ NƯỚC CỐNG VỪA ĐEN VỪA THÚI chưa từng thấy* https://www.youtube.com/watch?v=WieinQ8cLIM

*view xem pháo hoa đẹp nhất sài gòn* https://www.youtube.com/watch?v=ECfzA_kJ25c

*đổi tiền NGOẠI TỆ CHỢ BẾN THÀNH mùng 1 tết tây* https://www.youtube.com/watch?v=jouxGAnTPKU

*xóm đạo hang đá lớn nhất sài gòn* https://www.youtube.com/watch?v=ulY8xM4yosQ

*bắn pháo hoa ĐÊM GIAO THỪA lạ chưa từng thấy* https://www.youtube.com/watch?v=1ke2JXUGQnI

*giây phút căng thẳng CHẶN XE CHỜ CỨU THƯƠNG tai nạn giao thông xóm đạo* https://www.youtube.com/watch?v=vCcltNg1zZ8

*sài gòn VỠ TRẬN ĐÊM GIAO THỪA 2024 cảnh tượng chưa từng thấy* https://www.youtube.com/watch?v=ahVu_p6r68Y

*giá rẻ bất ngờ NGẬP TRÀN HÀNG LẠ CHỢ BẾN THÀNH BÁN SAO LẠI* https://www.youtube.com/watch?v=lpRo3-QYQkY

*du lịch THÁI LAN TỰ TÚC giáng sinh 2024* https://www.youtube.com/playlist?list=PL0N8x1Z6ldye69BA_Kf1Uk3zUKBRIVZLE

*kinh hoàng NƯỚC NGẬP PHUN VĂNG NẮP CỐNG chưa từng thấy ở chợ lớn* https://www.youtube.com/watch?v=2BBoXsPQ8go&list=RDCMUCJucs3KKotPlqF1GZo-DWbw&index=5

*giật mình cảnh hàng ngàn bạn trẻ xếp hàng chờ mua túi 99k việt kiều đức thái công* https://www.youtube.com/watch?v=JhUiyIzGYQM

*chợ tết sài gòn 2024 mùa phá sản khắp nơi* https://www.youtube.com/watch?v=kvIJ1F24ub0

*lớn chưa từng thấy LỄ HỘI CHỢ TẾT VIỆT 2024* https://www.youtube.com/watch?v=1JBWU_zlakc&t=2995s

*toàn cảnh chợ tết chợ bến thành sài gòn* https://www.youtube.com/watch?v=8sBjoPqMEVI&t=22s

*hành trình cao tốc SÀI GÒN NHA TRANG nhanh chưa từng thấy* https://www.youtube.com/watch?v=-7-4jWhoBaU&t=288s

*viếng mộ ông NGUYỄN BÁ THANH người nổi tiếng nhất ĐÀ NẴNG* https://www.youtube.com/watch?v=q9i8oYFC6oo&t=66s
 
*FULL NGÀY 1 TOUR NHẬT BẢN 35 TRIỆU NGẮM HOA ANH ĐÀO* https://www.youtube.com/watch?v=hBXW0BeYfiU 

*FULL NGÀY 2 TOUR NHẬT BẢN 35 TRIỆU NGẮM HOA ANH ĐÀO & NÚI PHÚ SĨ* https://www.youtube.com/watch?v=SVNY0BR4Hn4

*FULL NGÀY 3 TOUR NHẬT BẢN 35 TRIỆU NGẮM HOA ANH ĐÀO* https://www.youtube.com/watch?v=n1h0EKrUz7Y",2026-09-24T23:24:10Z,2026-09-24T23:24:10Z,reject,missing_group:electric_bus,1,"flood_state,transport_impact",1,search,bus dien,,,,,,2026-09-26T20:54:26.425377+07:00
youtube,eexQaxGdCzk,https://www.youtube.com/watch?v=eexQaxGdCzk,🚌 Making a Mini Bus Using a DC Motor | DIY Electric Bus 🚍⚡ #DCMotor #DIYBus #MiniBus #ElectricBus,"🚌 Making a Mini Bus Using a DC Motor | DIY Electric Bus 🚍⚡ #DCMotor #DIYBus #MiniBus #ElectricBus
How to make a mini electric bus using a simple DC motor! ⚡🚌
In this DIY project, I used a DC motor and basic components to build a small working bus model.

Watch till the end to see how the motor powers the bus! 🔥

If you enjoy DIY electronics, DC motor projects, mini vehicles, electric projects and engineering experiments, subscribe for more.

#DIYProject #DCMotorProject #DIYElectronics #MiniVehicle #Engineering #ScienceExperiment #ElectricVehicle #Shorts",2026-09-26T09:43:33Z,2026-09-26T09:43:33Z,reject,not_vietnam,1,"transport_impact,electric_bus",0,search,electric bus,,,,,,2026-09-27T17:03:50.155704+07:00
youtube,ejRdUXmkAFo,https://www.youtube.com/watch?v=ejRdUXmkAFo,XE BUÝT 39 TỪ BẾN XE CHỢ LỚN ĐẾN BẾN XE MIỀN TÂY ,XE BUÝT 39 TỪ BẾN XE CHỢ LỚN ĐẾN BẾN XE MIỀN TÂY,2026-09-13T10:56:00Z,2026-09-13T10:56:00Z,reject,missing_group:electric_bus,1,transport_impact,0,search,xe buýt dien,,,,,,2026-09-26T20:54:04.980595+07:00
youtube,ekHjbrcvth8,https://www.youtube.com/watch?v=ekHjbrcvth8,GIÁ XE ĐIỆN VINFAST HÔM NAY | MẪU NÀO ĐÁNG MUA ?,"GIÁ XE ĐIỆN VINFAST HÔM NAY | MẪU NÀO ĐÁNG MUA ?
🏍️ CỌP MÊ XE – NƠI THỎA NIỀM ĐAM MÊ XE MÁY

📞 Mua xe / tư vấn giá / trả góp:
Zalo & Hotline: 0918 673 910 – Mr. Nhân

🌐 Website:
https://copmexe.com
https://xemayhainhan.com

🎵 TikTok:
tiktok.com/@xemayhainhan

✅ Cập nhật giá xe, review xe, khuyến mãi, thủ tục mua xe và trả góp.

👍 Nhớ LIKE – ĐĂNG KÝ KÊNH – BẬT CHUÔNG để xem video mới nhất.

© Copyright by Cọp Mê Xe – DO NOT REUP

#copmexe #xemayhainhan #reviewxe #giaxe #xemaydien",2026-09-23T09:20:35Z,2026-09-23T09:20:35Z,reject,missing_group:electric_bus,1,transport_impact,0,search,review bus điện,,,,,,2026-09-26T21:08:04.345402+07:00
youtube,ekUldlP2wNs,https://www.youtube.com/watch?v=ekUldlP2wNs,🇻🇳Hanoi VinBus Tour! 하노이 빈버스 투어! VinBus Tour Hà Nội!,🇻🇳Hanoi VinBus Tour! 하노이 빈버스 투어! VinBus Tour Hà Nội!,2026-09-13T09:30:11Z,2026-09-13T09:30:11Z,accept,electric_bus,1,"hanoi_location,electric_bus",0,search,VinBus,,,,,,2026-09-26T21:03:05.842715+07:00
youtube,eujUGnCV-Ok,https://www.youtube.com/watch?v=eujUGnCV-Ok,"Cứu mạng cô gái trên xe buýt để rồi bị tố cáo, 6 năm sau con rể CEO lên tiếng minh oan, ai cũng sốc!","Cứu mạng cô gái trên xe buýt để rồi bị tố cáo, 6 năm sau con rể CEO lên tiếng minh oan, ai cũng sốc!
❖ Thể loại: Phim Ngôn Tình, Phim Tình Cảm Trung Quốc, Phim Bộ Trung Quốc Lồng Tiếng, Phim Ngôn Tình Tổng Tài, Phim Hay Thuyết Minh, Phim Ngôn Tình Ngọt Ngào, Phim Ngắn Douyin, Review Phim Tổng Tài, Review Phim, Tóm Tắt Phim, Review Phim Trung
❖ Giới Thiệu:
#reviewphim  #phimtrungquoc #phimngan

© Bản quyền thuộc về KK Studio Co., Ltd. 
✖ Sao chép, tải lên lại hoặc chỉnh sửa và tải lên lại có thể dẫn đến việc khóa tài khoản vĩnh viễn.
⚠ Video này chỉ dành cho mục đích giải trí/sáng tạo nghệ thuật. Có thể chứa các hành động nguy hiểm, thể thao mạo hiểm, bạo lực, v.v. Tất cả nội dung đều được thực hiện bởi chuyên gia trong môi trường kiểm soát hoặc thông qua hiệu ứng đặc biệt - không bắt chước!
Kênh của chúng tôi không ủng hộ hành vi bất hợp pháp/nguy hiểm. Thông tin chỉ dành để xem và thảo luận; hãy tuân theo luật pháp và an toàn trong đời thực.

📌Lưu ý đặc biệt:
✔ Bạo lực/Tội phạm: Tất cả các tình huống này là hư cấu; không khuyến khích hành vi bất hợp pháp.
✔ Máu me/Kinh dị: Cảnh máu me/vết thương là hiệu ứng đặc biệt, không phải bạo lực thật.
✔ Thể thao mạo hiểm: Nếu có, được thực hiện bởi chuyên gia; không bắt chước.
✔ Bảo vệ động vật: Tất cả cảnh quay động vật đều nhân đạo, không gây hại cho động vật.
✔ Thông tin sai lệch: Không có tin tức giả; thông tin được lấy từ nguồn công khai hoặc sáng tạo hư cấu.

📜Tuân thủ pháp lý và YouTube:
Video tuân thủ nguyên tắc cộng đồng của YouTube, không chứa nội dung bất hợp pháp/đánh lừa. Kênh của chúng tôi không chịu trách nhiệm cho hành động của người xem. Trẻ vị thành niên cần xem dưới sự giám sát của phụ huynh/người giám hộ.

👉Nếu bạn thích video này, hãy like, bình luận và đăng ký kênh nhé!🎬🎉",2026-09-06T04:00:24Z,2026-09-06T04:00:24Z,reject,missing_group:electric_bus,1,transport_impact,0,search,xe buyt dien,,,,,,2026-09-26T20:52:40.699597+07:00
youtube,ex3w96z9OI8,https://www.youtube.com/watch?v=ex3w96z9OI8,बीकानेर में दो नए रूट पर e bus sewa शुरू #बस #ebus #bikaner #route #ebussewabikaner #electricbuses,बीकानेर में दो नए रूट पर e bus sewa शुरू #बस #ebus #bikaner #route #ebussewabikaner #electricbuses,2026-09-21T12:46:47Z,2026-09-21T12:46:47Z,reject,not_vietnam,1,"transport_impact,electric_bus",0,search,ebus,,,,,,2026-09-26T21:01:47.831260+07:00
youtube,excy4mawOm8,https://www.youtube.com/watch?v=excy4mawOm8,Chiếc xe Trung thu duy nhất có diễn viên ở Phan Thiết #phanthiet,Chiếc xe Trung thu duy nhất có diễn viên ở Phan Thiết #phanthiet,2026-09-25T10:14:50Z,2026-09-25T10:14:50Z,reject,missing_group:electric_bus,1,,0,search,bus dien,,,,,,2026-09-26T20:54:26.361891+07:00
youtube,f0rC_guszyc,https://www.youtube.com/watch?v=f0rC_guszyc,MP की नई इंटरसिटी बस अंदर से कैसी है? #bhopal #bhopalnews #ebus #mohanyadav #mpnews #shorts,"MP की नई इंटरसिटी बस अंदर से कैसी है? #bhopal #bhopalnews #ebus #mohanyadav #mpnews #shorts
#ytshorts #bus #ebus #electricbus #groundreport",2026-09-26T03:36:40Z,2026-09-26T03:36:40Z,reject,not_vietnam,1,"transport_impact,electric_bus",0,search,ebus,,,,,,2026-09-26T20:59:28.069030+07:00
youtube,f7GY2JX1rko,https://www.youtube.com/watch?v=f7GY2JX1rko,"Tổng hợp những video xe điện x5,xmen,gogo dc toàn đào review ","Tổng hợp những video xe điện x5,xmen,gogo dc toàn đào review",2026-09-27T02:23:18Z,2026-09-27T02:23:18Z,reject,missing_group:electric_bus,1,transport_impact,0,search,review bus điện,,,,,,2026-09-27T16:06:15.375801+07:00
youtube,fDpR7b0yypk,https://www.youtube.com/watch?v=fDpR7b0yypk,Một kỷ lục vừa được xác lập trên thị trường xe điện#haiphong #fyb #xuhuong #tintuc #vf3,Một kỷ lục vừa được xác lập trên thị trường xe điện#haiphong #fyb #xuhuong #tintuc #vf3,2026-09-25T13:41:28Z,2026-09-25T13:41:28Z,reject,missing_group:electric_bus,1,transport_impact,0,search,bus dien,,,,,,2026-09-26T20:54:26.296345+07:00
youtube,fIWfPsTzo50,https://www.youtube.com/watch?v=fIWfPsTzo50,4 Cụm từ sinh tồn trên xe buýt và tàu điện ngầm giờ cao điểm! 🚇 #tienganhhocsinh #learnonshorts,"4 Cụm từ sinh tồn trên xe buýt và tàu điện ngầm giờ cao điểm! 🚇 #tienganhhocsinh #learnonshorts
Đi xe buýt hay tàu điện ngầm mỗi ngày mà gặp cảnh đông đúc giờ cao điểm thì diễn tả bằng tiếng Anh thế nào các bạn ơi? 🚌🚇

Trong tập hôm nay, cùng bỏ túi ngay trọn bộ từ vựng siêu thực tế: quẹt thẻ vào đầu đọc (touch transit card to the reader), bám tay cầm giữ thăng bằng (hold on to a strap), ngủ gật trên ghế (doze off) cho đến hành động đẹp nhường ghế cho người lớn tuổi (offer one's seat). 
Lưu lại để dùng ngay nhé! 🔥

#hocsinglish #transittcard #holdontostrap #dozeoff #offerseat #learnonshorts #tienganhgiaotiep #LivetoLearn_LTL

Nếu bạn thấy những nội dung mình đã và đang làm thật hay ho và hữu ích thì hãy donate ""lì xì"" cho mình thông qua thông tin bên dưới nhé!
Mình rất cảm ơn!

VIETCOMBANK
1027309330
LE TAT LINH",2026-09-01T10:30:05Z,2026-09-01T10:30:05Z,reject,missing_group:electric_bus,1,transport_impact,0,search,trạm xe buýt điện,,,,,,2026-09-26T21:07:03.659677+07:00
youtube,fQpUtmeN3Js,https://www.youtube.com/watch?v=fQpUtmeN3Js,Xe Bus nội địa Việt đổ bộ Thái Lan: Cú sốc tại thủ đô Bangkok,"Xe Bus nội địa Việt đổ bộ Thái Lan: Cú sốc tại thủ đô Bangkok
Mời các bạn xem video: Xe Bus nội địa Việt đổ bộ Thái Lan: Cú sốc tại thủ đô Bangkok

---------------------------------------------------
Chi tiết nội dung, mời quý vị cập nhật:
00:00 Xe Bus nội địa Việt đổ bộ Thái Lan: Cú sốc tại thủ đô Bangkok 
05:01 Bản lĩnh tự chủ chuỗi cung ứng – bí mật đằng sau tỷ lệ nội địa hóa 60% đến 90%
07:44 Cộng đồng mạng thái lan lên cơn sốt – sự chạnh lòng và những cuộc tranh luận gay gắt
11:24 Thần tốc vươn tầm tương lai – hành trình chinh phục bản đồ ô tô thế giới

-----------------------------------------------------------------------------------
★ Đăng ký Kênh tại: www.youtube.com/@GÓCNHÌNTHẾGIỚI-n8p?sub_confirmation=1
★ FanPage: https://www.facebook.com/gocnhinthegioi.news
★ Gmail: gocnhinthegioi.com@gmail.com
-----------------------------------------------------------------------------------
Đây là kênh khám phá lịch sử, địa lý, quân sự và những kiến thức mới, độc đáo, mới lạ và những điều thú vị khác..
Trên hết tất cả là mang đến kiến thức thú vị, giúp mọi người học được nhiều điều mới và thư giãn sau những giờ làm việc mệt mỏi  căng thẳng!
----------------------------------------------------------------------------------
Một số tư liệu được sử dụng trong video thuộc về các chủ sở hữu đáng kính. Mọi vấn đề liên quan đến bản quyền, vui lòng liên hệ: gocnhinthegioi.vn@gmail.com.
Some of the materials used in the video belongs to the rightful owners. All Copyrights related issues should be sent to gocnhinthegioi.vn@gmail.com. Thank you.
#gocnhinthegioi #kienthucquansu #thoisuquocte",2026-09-16T11:00:14Z,2026-09-16T11:00:14Z,reject,missing_group:electric_bus,1,"transport_impact,hanoi_location",0,search,xe buýt điện,,,,,,2026-09-26T20:49:51.709663+07:00
youtube,fS2H4Acsnjw,https://www.youtube.com/watch?v=fS2H4Acsnjw,Sờ xe máy điện #vinfast #evogrand Premia,Sờ xe máy điện #vinfast #evogrand Premia,2026-09-26T12:51:32Z,2026-09-26T12:51:32Z,reject,missing_group:electric_bus,1,transport_impact,0,search,bus dien,,,,,,2026-09-26T23:02:57.359595+07:00
youtube,fvkbTTkhd6w,https://www.youtube.com/watch?v=fvkbTTkhd6w,đi tàu điện tại hà nội,đi tàu điện tại hà nội,2026-09-13T01:47:17Z,2026-09-13T01:47:17Z,reject,missing_group:electric_bus,1,"transport_impact,hanoi_location",0,search,xe điện công cộng,,,,,,2026-09-26T21:05:52.282266+07:00
youtube,gB2tBZYoIkg,https://www.youtube.com/watch?v=gB2tBZYoIkg,4 Cụm từ dùng trên xe buýt &amp; tàu điện và chuyển tuyến cực chuẩn bản xứ! 🚉  #tienganh #learnonshorts,"4 Cụm từ dùng trên xe buýt &amp; tàu điện và chuyển tuyến cực chuẩn bản xứ! 🚉  #tienganh #learnonshorts
Đi xe buýt hay tàu điện ngầm mà không biết cách bấm chuông dừng hay chuyển tuyến thì rất dễ bị lỡ chuyến đúng không các bạn? 🚌🚇

Trong tập hôm nay, cùng học ngay các cụm từ siêu hữu ích: đứng ở lối đi (stand on the aisle), bấm nút dừng xe (press the 'stop' button), đi qua cửa quay (turnstile) và cách nói chuyển tuyến (transfer to Line 2) để tự tin đi lại khắp nơi nhé! 🔥

#hocsinglish #standonaisle #pressstopbutton #turnstile #transferline #missatrain #learnonshorts #tienganhgiaotiep #LivetoLearn_LTL

Nếu bạn thấy những nội dung mình đã và đang làm thật hay ho và hữu ích thì hãy donate ""lì xì"" cho mình thông qua thông tin bên dưới nhé!
Mình rất cảm ơn!

VIETCOMBANK
1027309330
LE TAT LINH",2026-09-05T04:50:20Z,2026-09-05T04:50:20Z,reject,missing_group:electric_bus,1,transport_impact,0,search,tuyến xe buýt điện,,,,,,2026-09-26T21:06:29.476309+07:00
youtube,gD3YMhk6Q_Y,https://www.youtube.com/watch?v=gD3YMhk6Q_Y,"MP Bus Service: 21 साल बाद मध्यप्रदेश में सरकारी बस सेवा शुरू, 351 बसों को मिली हरी झंडी","MP Bus Service: 21 साल बाद मध्यप्रदेश में सरकारी बस सेवा शुरू, 351 बसों को मिली हरी झंडी
मध्यप्रदेश में 21 साल बाद सरकारी बस सेवा की शुरुआत हो गई है। भोपाल के भेल दशहरा मैदान से केंद्रीय मंत्री नितिन गडकरी और मुख्यमंत्री डॉ. मोहन यादव ने 351 बसों को हरी झंडी दिखाकर रवाना किया। भोपाल, इंदौर समेत 7 शहरों में इंटरसिटी और इंट्रासिटी बस सेवा शुरू होगी। शुरुआती चरण में शामिल 351 बसों में 180 इलेक्ट्रिक बसें हैं। सरकार ने पहले साल 1500 बसें चलाने और वर्ष 2031 तक प्रदेश में 15 हजार बसों के संचालन का लक्ष्य रखा है।

#MPBusService #MohanYadav #NitinGadkari #MadhyaPradeshNews #publictransport

Bansal News is a popular news channel that broadcast and publish News in Hindi. It streams the news from every section of Madhya Pradesh and Chhattisgarh as well as World and National Topics. 

We maintain the repute of being a people's channel. Bansal  News is best defined as a responsible channel with a fair and balanced approach that combines prompt reporting with insightful analysis of news and current affairs. 

मध्यप्रदेश और छत्तीसगढ़ की तमाम बड़ी खबरों के लिए जुड़ें रहें बंसल न्यूज़ वेबसाइट के साथ... 

Website : https://bansalnews.com/top-news/

Social Media Handles:
Facebook : https://www.facebook.com/Bansalnewsdigital/
Twitter : https://x.com/BansalNews_
Instagram : https://instagram.com/BansalNewsMPCG
WhatsApp : https://whatsapp.com/channel/0029VbBeBgZGpLHOVov07I3Q 
Watch Live on https://www.bansalnews.com/livetv

Incoming Search Terms:
MadhyaPradesh News, mp news, breaking mp news, mp breaking news, mp samachar, Chhattisgarh News, Madhyapradesh hindi news, Madhyapradesh latest news, Madhyapradesh latest hindi news, Madhyapradesh today news, Madhyapradesh in hindi, MP hindi news, MP latest news, MP latest hindi news, Chhattisgarh, Chhattisgarh news, Chhattisgarh hindi news, Chhattisgarh latest news, Chhattisgarh latest hindi news, Chhattisgarh today news, Chhattisgarh news in hindi, Cg news, cg hindi news, Chhattisgarh news Today cg latest news, cg latest hindi news, cg today news, cg news in hindi, cg crime news, Chhattisgarh crime news, chhattisgarh news in hindi, MPCG News, MPCG News in Hindi",2026-09-25T16:44:29Z,2026-09-25T16:44:29Z,reject,missing_group:electric_bus,1,transport_impact,0,search,electric bus,,,,,,2026-09-26T20:56:50.703730+07:00
youtube,gE8etouduyQ,https://www.youtube.com/watch?v=gE8etouduyQ,"Đắk Lắk Gần một tháng sau phản ánh, xe vẫn đón trả khách ngay tại điểm dừng xe buýt, #DakLak #MDrak","Đắk Lắk Gần một tháng sau phản ánh, xe vẫn đón trả khách ngay tại điểm dừng xe buýt, #DakLak #MDrak
Một tháng sau khi tạp chí điện tử Bạn Đường phản ánh tình trạng ô tô dừng đón trả người gần các điểm dừng trên hành trình tuyến xe buýt số 31 tại Đắk Lắk, tình trạng này vẫn tiếp diễn. Ghi nhận của phóng viên trong ngày 16 tháng 8 cho thấy có phương tiện dừng ngay trước biển báo điểm dừng xe buýt để đón trả người, hành khách lên xuống xe mang theo hành lý ngay sát khu vực các phương tiện khác đang lưu thông. Trao đổi với phóng viên, ông Nguyễn Văn Thắng, Phó phòng Kinh tế hạ tầng xã Ma Đa rắc cho biết khu vực này không phải là bến xe. Trước đây, đây là vị trí có trạm dừng xe buýt, các phương tiện lưu thông qua khu vực, khi có khách thì vào đón rồi tiếp tục hành trình. Theo ông Thắng, địa phương đã phối hợp với đơn vị quản lý đường bộ và lực lượng cảnh sát giao thông để xử lý tình trạng dừng đỗ tại khu vực này, đồng thời biển cấm dừng đỗ đã được lắp đặt từ hơn hai tháng trước. Tuy nhiên, ghi nhận của phóng viên ngày 16 tháng 8 cho thấy phương tiện vẫn dừng sát khu vực này để đón trả người. Đáng chú ý, thời điểm này các quy định mới về quản lý hoạt động vận tải đường bộ đã chính thức có hiệu lực. Theo Nghị định 238 của Chính phủ, có hiệu lực từ ngày 15 tháng 8, người điều khiển ô tô không kinh doanh vận tải nhưng chở người có thu tiền hoặc xác nhận đặt chỗ cho từng hành khách ngoài hợp đồng vận tải đã ký kết có thể bị phạt từ 12 đến 14 triệu đồng. Trước đó, Nghị định 218 của Chính phủ có hiệu lực từ ngày 10 tháng 8 cũng bổ sung quy định về việc đón trả khách đối với xe kinh doanh vận tải theo hợp đồng. Trường hợp vi phạm theo quy định có thể bị thu hồi giấy phép kinh doanh vận tải. Những hình ảnh ghi nhận ngày 16 tháng 8 cho thấy dù tình trạng này đã được phản ánh trước đó, địa phương cho biết đã có biện pháp quản lý và các quy định mới cũng đã có hiệu lực, việc đón trả khách tại khu vực này vẫn tái diễn. Vấn đề đặt ra là việc dừng đón trả khách tại khu vực đã được bố trí biển cấm dừng đỗ được kiểm tra, xử lý như thế nào. Đồng thời, hoạt động của những phương tiện này có đúng quy định về vận tải hành khách hay không.
📞 Hotline: 0978.437.779

✅ SỐ ĐIỆN THOẠI BẠN ĐƯỜNG – TƯ VẤN GIAO THÔNG, VẬN TẢI

► WEBSITE BẠN ĐƯỜNG: https://banduong.vn/

👉 Đăng ký kênh BẠN ĐƯỜNG để cập nhật tin tức giao thông, vận tải, pháp luật giao thông, xe và công nghệ mới nhất mỗi ngày.

▬▬▬▬▬▬▬▬▬▬▬▬▬▬▬▬▬▬

✅ BẠN CÓ MUỐN CẬP NHẬT TIN TỨC GIAO THÔNG, LUẬT GIAO THÔNG, ĐẦU TƯ HẠ TẦNG MỖI NGÀY?

👉 Liên hệ Hotline: 0978.437.779

❖▬▬▬▬▬▬ஜ۩۞۩ஜ▬▬▬▬▬▬❖

► KẾT NỐI VỚI BẠN ĐƯỜNG

✳️ Website: https://banduong.vn/

✳️ Vận tải và Môi trường: https://banduong.vn/van-tai-va-moi-truong/

✳️ Kinh tế Vận tải: https://banduong.vn/kinh-te-van-tai/

✳️ Con đường Đầu tư: https://banduong.vn/con-duong-dau-tu/

✳️ Pháp luật sau tay lái: https://banduong.vn/phap-luat-sau-tay-lai/

✳️ Xe và Công nghệ: https://banduong.vn/xe-va-cong-nghe/

▬▬▬▬▬▬▬▬▬▬▬▬▬▬▬▬▬▬

#DakLak #MDrak #BuonMaThuot #XeBuyt #XeBuytDien #GiaoThong #AnToanGiaoThong #CSGT #TinGiaoThong #VanTai #LuatGiaoThong #BanDuong #BanduongVN #TinTucMoiNhat #VietNam

🔎 TỪ KHÓA SEO:

Đắk Lắk, M'Drắk, Buôn Ma Thuột, xe buýt điện số 31, tuyến xe buýt số 31, xe buýt Đắk Lắk, điểm dừng xe buýt, ô tô đón trả khách, dừng đỗ sai quy định, mất an toàn giao thông, CSGT Đắk Lắk, giao thông Đắk Lắk, tin tức giao thông mới nhất, vận tải hành khách, pháp luật giao thông, xe khách, xe điện, Banduong.vn, Tạp chí điện tử Bạn Đường, Bạn Đường, tin giao thông hôm nay, giao thông Việt Nam.",2026-08-21T00:43:31Z,2026-08-21T00:43:31Z,accept,electric_bus,1,"transport_impact,electric_bus",0,search,điểm dừng xe buýt điện,,,,,,2026-09-26T21:07:33.842353+07:00
youtube,gEHKrcbWCEw,https://www.youtube.com/watch?v=gEHKrcbWCEw,Tàu Điện Ding Ding Hong Kong: Biểu Tượng Hơn 100 Năm Của Xứ Cảng Thơm 🇭🇰,"Tàu Điện Ding Ding Hong Kong: Biểu Tượng Hơn 100 Năm Của Xứ Cảng Thơm 🇭🇰
Đến Hong Kong mà chưa thử đi tàu điện Ding Ding (Ding Ding Tram) là xem như chưa cảm nhận hết nhịp sống của xứ Cảng Thơm!

Xuất hiện từ năm 1904 và gắn bó suốt hơn một thế kỷ, những toa xe điện hai tầng bằng gỗ cổ kính này không chỉ là phương tiện di chuyển có giá vé rẻ nhất Hong Kong mà còn là biểu tượng văn hóa đặc trưng. Cùng Thỏ khám phá nguồn gốc cái tên thú vị ""Ding Ding"" và trải nghiệm ngắm nhìn phố xá Hong Kong một cách thật chậm rãi nhé!

📌 Nhớ like, share và đăng ký kênh Thỏ Đi Thôi để không bỏ lỡ những điểm đến thú vị tiếp theo!

#HongKong #DingDingTram #DuLichHongKong #Shorts #ThoDiThoi #DiscoverHongKong #KhamPhaHongKong",2026-09-18T12:57:30Z,2026-09-18T12:57:30Z,reject,missing_group:electric_bus,1,transport_impact,0,search,xe buýt dien,,,,,,2026-09-26T20:54:04.926897+07:00
youtube,gJtJjv-xGho,https://www.youtube.com/watch?v=gJtJjv-xGho,&quot;BYD eBus K9UD&quot; 4x2 7028 elektrisk⚡️ Linje 14 kører mod Nørreport St.,"&quot;BYD eBus K9UD&quot; 4x2 7028 elektrisk⚡️ Linje 14 kører mod Nørreport St.
Chassis: BYD eBus K9UD (Elektrisk / Electric)
Karosser / Bodywork: BYD 
Døre / Doors: 2-2-0
Bygget / Built: 2024
Umove 7028

Linje / Line 14 kører fra / runs from Ryparken → Nørreport St. (15/09/2026)",2026-09-20T16:18:10Z,2026-09-20T16:18:10Z,reject,not_vietnam,1,electric_bus,0,search,ebus,,,,,,2026-09-26T21:02:04.753203+07:00
youtube,gTM3HW9WAhA,https://www.youtube.com/watch?v=gTM3HW9WAhA,PM E Bus Sewa chalu ho gyi hai,PM E Bus Sewa chalu ho gyi hai,2026-09-25T13:35:49Z,2026-09-25T13:35:49Z,reject,missing_group:electric_bus,1,transport_impact,0,search,e-bus,,,,,,2026-09-26T20:58:57.688466+07:00
youtube,gYPBjFtTzag,https://www.youtube.com/watch?v=gYPBjFtTzag,(Tuyến 36) Bến Xe Buýt Sài Gòn - Bến Xe Thới An,"(Tuyến 36) Bến Xe Buýt Sài Gòn - Bến Xe Thới An
© Bản Quyền Hy Khang 2011-2026 Xe Buýt Xanh Công Cộng TP.HCM
_____
Xin Chào Mọi Người, Mình Tên Là Hy Khang, Mình Sẽ Hướng Dẫn Tất Cả Mọi Người Đi Xe Buýt Và Lộ Trình Trạm Với Tuyến, Khám Phá Mới, 1 Trong Những Xe Buýt Xanh Bảo Vệ Môi Trường Ở TP.HCM, Xe Buýt Điện Là 1 Thương Mại Hoàn Toàn Mới Để Bảo Vệ Môi Trường Và Sạch Đẹp TP.HCM, Xin Mọi Người Hãy Coi Những Video Tiếp Theo Để Biết Về Rõ Hơn, Xin Chân Thành Cảm Ơn Chào Đón",2026-09-09T14:27:30Z,2026-09-09T14:27:30Z,accept,electric_bus,1,"transport_impact,electric_bus",1,search,tuyến xe buýt điện,,,,,,2026-09-26T21:06:26.186785+07:00
youtube,ggRsPWNQimM,https://www.youtube.com/watch?v=ggRsPWNQimM,THE BUS 🚌 Der NEUE Ebus 2.2 für PLAYSTATION 5 ist da ! 😎❤️😜,THE BUS 🚌 Der NEUE Ebus 2.2 für PLAYSTATION 5 ist da ! 😎❤️😜,2026-09-03T18:16:03Z,2026-09-03T18:16:03Z,reject,not_vietnam,1,"transport_impact,electric_bus",0,search,ebus,,,,,,2026-09-26T21:00:38.286735+07:00
youtube,goxtGyp-BB4,https://www.youtube.com/watch?v=goxtGyp-BB4,Xe buýt 71 TP. Hồ Chí Minh: Dầu diesel (cũ) và Điện (Mới). Sau hơn 1 năm chuyển đổi.,Xe buýt 71 TP. Hồ Chí Minh: Dầu diesel (cũ) và Điện (Mới). Sau hơn 1 năm chuyển đổi.,2026-09-11T10:05:42Z,2026-09-11T10:05:42Z,reject,missing_group:electric_bus,1,transport_impact,1,search,xe buýt điện,,,,,,2026-09-26T20:51:04.133872+07:00
youtube,gy8bTIuBGNU,https://www.youtube.com/watch?v=gy8bTIuBGNU,"Người Thái Tự Ái, Dân Mạng Quay Xe: 1.000 Chiếc Xe Buýt Điện VIỆT NAM Viết Lại Trật Tự Đông Nam Á","Người Thái Tự Ái, Dân Mạng Quay Xe: 1.000 Chiếc Xe Buýt Điện VIỆT NAM Viết Lại Trật Tự Đông Nam Á
Thương vụ hàng nghìn chiếc xe buýt điện Việt Nam tiến thẳng vào Thái Lan không chỉ là một bản hợp đồng kinh tế tỷ trọng lớn, mà còn tạo ra một cú sốc tâm lý chưa từng có trên mạng xã hội xứ chùa Vàng. Đằng sau những bình luận chạnh lòng của người Thái và sự tự hào bùng nổ của người Việt, sự thật về bài toán công nghệ, giá vé và chiến lược biến Thái Lan thành sân nhà của doanh nghiệp Việt là gì? Cùng bóc tách chi tiết trong video này!
#tinnong #tinnhanh #
#xebuytdien #xedienvietnam #kimlongmotor #kinhtevietnam #thailan #phantichkinhte #dramamangxahoi #giaothongxanh",2026-09-16T08:00:14Z,2026-09-16T08:00:14Z,accept,electric_bus,1,"transport_impact,electric_bus",0,search,xe buýt điện,,,,,,2026-09-26T20:49:51.715663+07:00
youtube,h-KoGYdEhcM,https://www.youtube.com/watch?v=h-KoGYdEhcM,(Tuyến 4) Bến Xe Buýt Sài Gòn - Bến Xe An Sương ,"(Tuyến 4) Bến Xe Buýt Sài Gòn - Bến Xe An Sương 
© Bản Quyền Hy Khang 2011-2026 Xe Buýt Xanh Công Cộng TP.HCM ©
_____
Xin Chào Mọi Người, Mình Tên Là Hy Khang, Mình Sẽ Hướng Dẫn Tất Cả Mọi Người Đi Xe Buýt Và Lộ Trình Trạm Với Tuyến, Khám Phá Mới, 1 Trong Những Xe Buýt Xanh Bảo Vệ Môi Trường Ở TP.HCM, Xe Buýt Điện Là 1 Thương Mại Hoàn Toàn Mới Để Bảo Vệ Môi Trường Và Sạch Đẹp TP.HCM, Xin Mọi Người Hãy Coi Những Video Tiếp Theo Để Biết Về Rõ Hơn, Xin Chân Thành Cảm Ơn Chào Đón",2026-09-10T15:49:57Z,2026-09-10T15:49:57Z,accept,electric_bus,1,"transport_impact,electric_bus",1,search,xe buyt điện,,,,,,2026-09-26T20:53:34.020326+07:00
youtube,h7qI9dwXQSw,https://www.youtube.com/watch?v=h7qI9dwXQSw,Vinbus eb10 at Hải âu 2 ocean park 1,Vinbus eb10 at Hải âu 2 ocean park 1,2026-09-18T14:17:39Z,2026-09-18T14:17:39Z,accept,electric_bus,1,electric_bus,0,search,VinBus,,,,,,2026-09-26T21:02:52.420423+07:00
youtube,hGAkNXSpV0Q,https://www.youtube.com/watch?v=hGAkNXSpV0Q,"Xe Đạp Công Cộng Xưa Rồi, Giờ Có Cả Moto Công Cộng Nữa #shorts","Xe Đạp Công Cộng Xưa Rồi, Giờ Có Cả Moto Công Cộng Nữa #shorts
💖 Tổng hợp những khoảnh khắc hài hước, đáng yêu và đầy bất ngờ của các cặp đôi. Mong mọi người xem video thật vui vẻ và có những phút giây thư giãn nhé! 😆
Hashtag:
#funnyshorts #chuyencuachungminh #khoanhkhacvuinhon #troll #haihuoc
📌 Lưu ý:
Nội dung trong video được biên tập với mục đích giải trí, không nhằm gây ảnh hưởng đến bất kỳ cá nhân hay tổ chức nào.
Video được sưu tầm từ nhiều nguồn trên nền tảng Douyin (Trung Quốc) và đã được chỉnh sửa, lồng tiếng, biên tập lại. Mình không phải là chủ sở hữu bản quyền của các tư liệu gốc.
Nếu có bất kỳ vấn đề nào liên quan đến bản quyền, vui lòng liên hệ qua Email: nguyenchitai0102@gmail.com 
Mình sẽ kiểm tra và xử lý, gỡ bỏ nội dung nếu cần thiết trong thời gian sớm nhất",2026-08-25T11:01:25Z,2026-08-25T11:01:25Z,reject,missing_group:electric_bus,1,transport_impact,0,search,xe điện công cộng,,,,,,2026-09-26T21:05:52.362981+07:00
youtube,hKZUU5uMpFs,https://www.youtube.com/watch?v=hKZUU5uMpFs,"Mobil Dinas TNI Terobos Jalur Transjakarta, Polisi hanya Diam Jadi Sorotan","Mobil Dinas TNI Terobos Jalur Transjakarta, Polisi hanya Diam Jadi Sorotan
Jagat media sosial kembali dihebohkan oleh aksi pelanggaran lalu lintas yang melibatkan kendaraan operasional instansi pemerintah. Sebuah mobil SUV Toyota Innova berpelat dinas Mabes TNI terekam melintas bebas di jalur khusus (busway) Transjakarta kawasan Mampang, Jakarta Selatan.

Berdasarkan rekaman video yang beredar, mobil Innova berwarna hitam dengan nomor registrasi dinas 84801-00 tersebut melaju tepat di belakang bus listrik Transjakarta rute 6H (Lebak Bulus - Senen). Pada saat yang sama, lajur reguler di sampingnya mengalami kepadatan arus lalu lintas.

Selain aksi penerobosan jalur steril, hal yang menjadi sorotan netizen adalah respons petugas kepolisian di lapangan. Pada durasi tertentu dalam video, terlihat seorang petugas polisi lalu lintas berdiri di separator persimpangan jalan, namun kendaraan dinas tersebut melintas tanpa dihentikan atau ditindak.",2026-09-26T10:13:59Z,2026-09-26T10:13:59Z,reject,missing_group:electric_bus,1,transport_impact,0,search,electric bus,,,,,,2026-09-27T16:01:01.198089+07:00
youtube,hXCqMsT7CeA,https://www.youtube.com/watch?v=hXCqMsT7CeA,XE ĐIỆN TƯỚI CÂY HOA VIÊN  #xedien3banh #automobile #xedienchohang,"XE ĐIỆN TƯỚI CÂY HOA VIÊN  #xedien3banh #automobile #xedienchohang
🏨 Tên công ty: CÔNG TY TNHH CÔNG NGHỆ VÀ THIẾT BỊ MÔI TRƯỜNG R.I.K
🧭 Trụ sở chính: Số 51/1 Yni Ksor, Phường Tân Lập, Thành phố Buôn Ma Thuột, tỉnh Đăk Lăk
🏦 Mã số thuế: 6001735791
🌍 Website: Thietbirik.com
🌁 Lĩnh vực hoạt động: Gia công và thương mại
     👉  Thùng rác công cộng
     👉  Xe điện 3 bánh chở hàng
     👉  Xe điện 3 bánh chở thùng rác
     👉  Xe điện 3 bánh thu gom rác
     👉  Xe điện 3 bánh tưới cây
     👉  Xe điện 3 bánh xịt rửa đường
🗺️ Fanpage: https://www.facebook.com/thietbirik
🗺️ Instagram: https://www.instagram.com/thietbirik/
🗺️ Tiktok: https://www.tiktok.com/@linhmoitruong
🗺️ Youtube: https://www.youtube.com/@thietbirik",2026-09-10T00:50:02Z,2026-09-10T00:50:02Z,reject,missing_group:electric_bus,1,transport_impact,1,search,xe điện công cộng,,,,,,2026-09-26T21:05:52.298040+07:00
youtube,heyXFWWG6Go,https://www.youtube.com/watch?v=heyXFWWG6Go,Micros Foton eBus U12 en la Avenida Larraín,"Micros Foton eBus U12 en la Avenida Larraín
Grabado el 23 de Septiembre del 2026.",2026-09-23T20:59:05Z,2026-09-23T20:59:05Z,reject,not_vietnam,1,electric_bus,0,search,ebus,,,,,,2026-09-26T21:00:54.780311+07:00
youtube,hhq2X-xWvFc,https://www.youtube.com/watch?v=hhq2X-xWvFc,Eicher Bus Chessis Number Aur VIN Plet Location #insurance #inspection,Eicher Bus Chessis Number Aur VIN Plet Location #insurance #inspection,2026-09-25T15:32:33Z,2026-09-25T15:32:33Z,reject,missing_group:electric_bus,1,transport_impact,0,search,Vin Bus,,,,,,2026-09-26T21:05:14.443007+07:00
youtube,hkeYeBKCS5g,https://www.youtube.com/watch?v=hkeYeBKCS5g,toa tàu điện cổ sử dụng tại Thượng Hải xưa...,toa tàu điện cổ sử dụng tại Thượng Hải xưa...,2026-09-17T15:20:15Z,2026-09-17T15:20:15Z,reject,missing_group:electric_bus,1,,0,search,xe điện công cộng,,,,,,2026-09-26T21:05:52.274966+07:00
youtube,hsTVI9do1EE,https://www.youtube.com/watch?v=hsTVI9do1EE,1. BUS PARIWISATA INI BIKIN SALFOK! 😱🔥 #busmania #legacy #buspariwisata,1. BUS PARIWISATA INI BIKIN SALFOK! 😱🔥 #busmania #legacy #buspariwisata,2026-09-26T05:27:07Z,2026-09-26T05:27:07Z,reject,missing_group:electric_bus,1,transport_impact,0,search,e-bus,,,,,,2026-09-26T20:57:51.795017+07:00
youtube,hvdgqttG8oQ,https://www.youtube.com/watch?v=hvdgqttG8oQ,Mini Tempo Vs Blue Electric Bus | #shorts #gaming #beamngdrive #shorts #bus,"Mini Tempo Vs Blue Electric Bus | #shorts #gaming #beamngdrive #shorts #bus
Mini Tempo Vs Blue Electric Bus | #shorts #gaming #beamngdrive #shorts #bus





Disclaimer:
This video contains original gameplay recorded by me. Music used in this Short is provided by YouTube. All game rights belong to their respective owners. For entertainment purposes only.

#beamngdrive
#beamng
#shorts
#youtubeshorts
#gaming
#cargame
#carjump
#supercar
#sleepercar
#carvscar
#carcrash
#carstunt
#physics
#gamingshorts
#viral
#beamngdriveshorts
#beamngdrivegame
#beamngphysics
#beamngcrash
#beamngmods
#carjumpchallenge
#supercarvs
#sleeperbuild
#fastcars
#cargaming
#drivinggame
#carlover
#gamingreels
#reelsgaming
#trendingshorts
#bngfrag",2026-09-27T05:30:37Z,2026-09-27T05:30:37Z,reject,not_vietnam,1,"transport_impact,electric_bus",0,search,electric bus,,,,,,2026-09-27T16:04:16.898200+07:00
youtube,iBzBhWULxVM,https://www.youtube.com/watch?v=iBzBhWULxVM,"Tạt đầu ôtô, người phụ nữ đi xe máy điện hoảng hốt nhảy khỏi xe | Tin tức short","Tạt đầu ôtô, người phụ nữ đi xe máy điện hoảng hốt nhảy khỏi xe | Tin tức short
►Xem thêm đầy đủ vụ việc đây nhé:
► https://youtu.be/LET3UeG59R4
-------------------------
▪️ ▪️ ▪️ Hotline 0909 660 550 để gửi ngay 'TIN TỨC MỚI NHẤT' đến SaigonTV cơ hội 'GIA TĂNG THU NHẬP' ▪️ ▪️ ▪️ 
-------------------------
Đừng quên nhấn đăng ký kênh SaigonTV Official để cập nhật các tin tức, thời sự, mới nhất trong ngày.

Xem thêm thông tin và theo dõi chúng tôi tại:
► Kênh Phim tổng hợp: https://by.com.vn/SaigonTV_Movie
► Kênh Giải Trí: https://by.com.vn/SaigonTV_Enter
► Kênh Tin tức tổng hợp SaigonTV Official: https://by.com.vn/SaigonTV_Official
► Fanpage https://by.com.vn/SaigonTV_Facebook
►Website: https://saigontv.com.vn/

Liên hệ quảng cáo và công việc tại Việt Nam: saigonmediafilmyt@gmail.com
#tintuc #thoisu #SaigonTV

----------------------
© Bản quyền thuộc về SaigonTV ☞ Do Not Reup
-------------------------------------
TAG: Saigontv,news,Saigontv,kenh saigontv,kenh saigontv official,saigontv official,tin tuc,Saigon TV,saigon tv,saigon tv official,saigon tv youtube,saigon tv news,saigon tv live,tin tuc saigontv,SAI GON TV,bản tin SaigonTV,Sài Gòn TV,Kênh SAIGONTV,SAIGONTV OFFICIAL",2026-09-25T06:45:18Z,2026-09-25T06:45:18Z,reject,missing_group:electric_bus,1,transport_impact,1,search,bus dien,,,,,,2026-09-26T21:09:20.561792+07:00
youtube,iCIlohVrafQ,https://www.youtube.com/watch?v=iCIlohVrafQ,Geely Ex2 xe điện,"Geely Ex2 xe điện
Chạy cho nó tã tơi rồi review tiếp",2026-09-26T12:23:05Z,2026-09-26T12:23:05Z,reject,missing_group:electric_bus,1,transport_impact,0,search,review bus điện,,,,,,2026-09-26T21:08:04.175066+07:00
youtube,iI2xydarGt0,https://www.youtube.com/watch?v=iI2xydarGt0,Tuyến E02 trên xe buýt điện Vinfast EB10 29F-007.44,Tuyến E02 trên xe buýt điện Vinfast EB10 29F-007.44,2026-09-23T15:47:27Z,2026-09-23T15:47:27Z,accept,electric_bus,1,"transport_impact,electric_bus",0,search,xe buýt điện,,,,,,2026-09-26T20:47:15.522366+07:00
youtube,iTw3e-Rq4L0,https://www.youtube.com/watch?v=iTw3e-Rq4L0,Here is the 436 Falcon Electric bus in Woking Friday 25 September 2026,Here is the 436 Falcon Electric bus in Woking Friday 25 September 2026,2026-09-25T21:06:34Z,2026-09-25T21:06:34Z,reject,not_vietnam,1,"transport_impact,electric_bus",0,search,electric bus,,,,,,2026-09-26T20:56:27.511473+07:00
youtube,ibJfVvKoEHI,https://www.youtube.com/watch?v=ibJfVvKoEHI,Xe buýt E07: Long Biên - KĐT Smart City | CT xe điện Vinbus,Xe buýt E07: Long Biên - KĐT Smart City | CT xe điện Vinbus,2026-09-27T08:18:18Z,2026-09-27T08:18:18Z,accept,electric_bus,1,"transport_impact,hanoi_location,electric_bus",0,search,xe buýt điện,,,,,,2026-09-27T16:03:13.558571+07:00
youtube,icYSCgYAkOg,https://www.youtube.com/watch?v=icYSCgYAkOg,Electric AC Bus से बदलेगा MP का Transport System? Nitin Gadkari ने बताया  लक्ष्य #shorts #shortsfeed,"Electric AC Bus से बदलेगा MP का Transport System? Nitin Gadkari ने बताया  लक्ष्य #shorts #shortsfeed
Electric AC Bus से बदलेगा MP का Transport System? Nitin Gadkari ने बताया बड़ा लक्ष्य

.
(वीडियो सोर्स: DrMohanYadav51 सोशल मीडिया X)
.
#nitingadkari #pmebusseva #pmebus #mohanyadav #cmmohanyadav #madhyapradesh #mpnews #busservice #ElectricBus #ElectricBuses #PublicTransport #mpgovernment #madhyapradeshnews #latestnews #hindinews #topnews #todaynews #treandingnews #indianews #trendingnews #viralnews #virałreels #treandingreels #realtalkswithreeta #reetasingh #shorts #shortsfeed #viralshorts #janjanjagran 
----------------------------------------------------------------------------------------------------------------------------
Welcome to Real Talks with Reeta – a powerful platform dedicated to women empowerment, leadership, and inspiring real-life stories from across India. This channel brings you insightful conversations with women leaders, entrepreneurs, politicians, and changemakers who are shaping the future.

From women in politics and business to career growth, self-confidence, and personal development, our podcast dives deep into the journeys, struggles, and successes of strong women. Each episode is designed to motivate, educate, and empower you with practical insights and real experiences.

If you’re looking for inspiring women stories, motivational podcasts, and leadership talks in Hindi and English, you’re in the right place. We highlight voices that matter and stories that inspire change.

Topics we cover:
Women Empowerment | Women Leadership | Indian Politics | Entrepreneurship | Motivation | Social Issues | Success Stories | News & Politics 


Join our growing community and be part of the movement to empower women and create a better future.

Subscribe now for weekly inspiring conversations!",2026-09-25T12:35:31Z,2026-09-25T12:35:31Z,reject,missing_group:electric_bus,1,transport_impact,0,search,electric bus,,,,,,2026-09-26T21:10:00.086925+07:00
youtube,ifkOQtJv6ho,https://www.youtube.com/watch?v=ifkOQtJv6ho,DẤU ẤN LỊCH SỬ – XE CITY BUÝT THUẦN ĐIỆN KIM LONG CHÍNH THỨC XUẤT CẢNG CHINH PHỤC THỊ TRƯỜNG QUỐC TẾ,"DẤU ẤN LỊCH SỬ – XE CITY BUÝT THUẦN ĐIỆN KIM LONG CHÍNH THỨC XUẤT CẢNG CHINH PHỤC THỊ TRƯỜNG QUỐC TẾ
Ngày 18/9/20206, Một dấu mốc mới được ghi dấu tại Cảng Chân Mây (Thành phố Huế): Lô 9 xe city buýt thuần điện KIM LONG chính thức lên chuyến tàu NYK KL7979 xuất khẩu sang Thái Lan, tiếp tục hành trình đưa những sản phẩm ô tô “Made in Vietnam” tiến sâu hơn vào thị trường quốc tế.
Không chỉ là những chiếc xe lăn bánh, đây là lời khẳng định mạnh mẽ về năng lực sản xuất, tư duy đổi mới và tầm vóc của KIM LONG MOTOR - Tự tin ghi tên Việt Nam lên bản đồ sản xuất ô tô khu vực bằng chính tri thức và nội lực bền vững. 

Cùng nhìn lại khoảnh khắc những chiếc xe thuần điện EV KIM LONG vươn ra biển lớn.

#kimlongmotor  #kimlong  #Xuatcang #citybusthuandien #citybus  #xuatkhau  #thailand  #CangChanMay",2026-09-19T00:53:49Z,2026-09-19T00:53:49Z,reject,missing_group:electric_bus,1,transport_impact,1,search,xe buýt điện,,,,,,2026-09-26T20:49:35.252178+07:00
youtube,ihx20rUAXTY,https://www.youtube.com/watch?v=ihx20rUAXTY,Trải Nghiệm xe buýt điện 150 : Bến Xe Chợ Lớn ( A ) - Bến Xe Miền Đông Mới ,"Trải Nghiệm xe buýt điện 150 : Bến Xe Chợ Lớn ( A ) - Bến Xe Miền Đông Mới 
Thông Tin Xe Buýt : 

150 : Bến Xe Chợ Lớn - Bến xe Miền Đông Mới

Lộ Trình  ( lượt đi ) : 

Bến xe buýt Chợ Lớn (Bến A) - Đường Lê Quang Sung - Đường Phạm Đình Hổ - Đường Tháp Mười - Đường Ngô Nhân Tịnh - Đường Phú Hữu - Đường Hồng Bàng - Đường An Dương Vương - Đường Nguyễn Tri Phương - Đường Ngô Gia Tự - Đường Điện Biên Phủ - Đường Võ Nguyên Giáp - Xa lộ Hà Nội - Đường D400 - Đường Hoàng Hữu Nam - Đường số 13 - Bến xe Miền Đông mới (khu vực đậu xe buýt)

Đơn vị vận doanh xe : Công ty TNHH Vận tải sinh thái Vinbus 

Loại hình tuyến : Xe Điện - Phổ Thông 

Giãn cách tuyến : 10 - 15 Phút
￼
Thời Gian chạy : 70 - 80 phút

Số Chuyến : 180 Chuyến / Ngày",2026-08-21T08:46:23Z,2026-08-21T08:46:23Z,accept,electric_bus,1,"transport_impact,hanoi_location,electric_bus",0,search,tuyến xe buýt điện,,,,,,2026-09-26T21:06:12.988135+07:00
youtube,ii-SZUi2gug,https://www.youtube.com/watch?v=ii-SZUi2gug,Miễn phí đi xe buýt điện VinBus khi mua vé vui chơi hoặc đặt phòng khách sạn tại Vinpearl Nha Trang,"Miễn phí đi xe buýt điện VinBus khi mua vé vui chơi hoặc đặt phòng khách sạn tại Vinpearl Nha Trang
Khách hàng mua vé tham quan hoặc đặt phòng khách sạn tại quần thể Vinpearl Nha Trang sẽ được miễn phí 02 lượt di chuyển (khứ hồi) trên hệ thống xe buýt điện VinBus. Dưới đây là chi tiết điều kiện áp dụng, các tuyến xe áp dụng và cách nhận ưu đãi này:
1. Đối tượng được áp dụng VinBus miễn phí:
Bạn sẽ nhận được vé xe buýt miễn phí nếu sở hữu một trong các loại vé hoặc dịch vụ sau:
- Vé vui chơi, tham quan: Vé VinWonders Nha Trang, Vinpearl Harbour, Aquafield Nha Trang hoặc vé tắm bùn Hòn Tằm.
- Mã đặt phòng khách sạn (Booking): Lưu trú tại các cơ sở của Vinpearl Resort Nha Trang, Vinpearl Resort & Spa Nha Trang Bay, Vinpearl Luxury Nha Trang, Vinpearl Beachfront Nha Trang hoặc Melia Vinpearl Empire Nha Trang.
2. Các tuyến xe và phạm vi áp dụng:
Chương trình miễn phí này áp dụng trên 2 tuyến buýt chính kết nối từ sân bay và trung tâm thành phố đến bến cảng Vinpearl:
- Tuyến 16-2: Sân bay Cam Ranh - Vinpearl Nha Trang dành cho khách đặt phòng tại Vinpearl Resort, Resort & Spa Nha Trang Bay, Luxury Nha Trang và khách mua vé VinWonders/Harbour đáp ứng điều kiện.
- Tuyến 23: Bến du thuyền Ana Marina - Vinpearl Nha Trang dành cho khách đặt phòng tại Vinpearl Beachfront, Melia Vinpearl Empire và khách sở hữu vé vui chơi.
3. Cách nhận và sử dụng vé miễn phí: Để được hệ thống ghi nhận miễn phí và tự động trừ lượt, bạn thực hiện theo các bước sau:
- Bước 1 (Nhận mã): Chuẩn bị sẵn mã đặt phòng (Booking Number) hoặc mã vé điện tử QR Code sau khi mua vé thành công. Khách lưu trú khách sạn có thể truy cập Trang nhận vé VinBus của Vinpearl để nhập mã booking lấy vé xe buýt.
- Bước 2 (Lên xe): Khi lên xe VinBus, bạn xuất trình vé cứng hoặc mã QR Code trên điện thoại cho nhân viên phụ xe quét mã kiểm tra.
- Bước 3 (Kiểm tra điều kiện): Vé hợp lệ là vé có hiệu lực sử dụng trùng với ngày bạn đi xe. Mỗi vé tham quan/booking sẽ được cấp 02 lượt sử dụng VinBus/ngày (đủ cho 1 chiều đi và 1 chiều về).
- Bước 4: Sau khi hệ thống xác nhận và trừ lượt xe buýt, bạn giữ lại mã/vé đó để tiếp tục vào cửa khu vui chơi VinWonders hoặc sử dụng cho lượt về.
Lưu ý: Nếu không thuộc diện ưu đãi trên, bạn vẫn có thể di chuyển bằng VinBus với giá vé tự túc rất rẻ: Tuyến 23 là 15.000 VNĐ/lượt và Tuyến 16-2 là 50.000 VNĐ/lượt.",2026-09-03T01:33:44Z,2026-09-03T01:33:44Z,accept,electric_bus,1,"transport_impact,electric_bus",1,search,VinBus,,,,,,2026-09-26T21:03:34.400270+07:00
youtube,iix1kbR0xzU,https://www.youtube.com/watch?v=iix1kbR0xzU,"Rewa को मिली 26 नई बसों की सौगात | 6 Electric Bus से Rewa-Satna, Sidhi, Jabalpur  #rewa#shorts","Rewa को मिली 26 नई बसों की सौगात | 6 Electric Bus से Rewa-Satna, Sidhi, Jabalpur  #rewa#shorts",2026-09-27T03:17:03Z,2026-09-27T03:17:03Z,reject,not_vietnam,1,"transport_impact,electric_bus",0,search,electric bus,,,,,,2026-09-27T16:04:38.561096+07:00
youtube,iiy4DBuWqfg,https://www.youtube.com/watch?v=iiy4DBuWqfg,Bus listrik,Bus listrik,2026-09-27T09:09:27Z,2026-09-27T09:09:27Z,reject,missing_group:electric_bus,1,transport_impact,0,search,electric bus,,,,,,2026-09-27T17:03:43.525456+07:00
youtube,ioqAquz67MY,https://www.youtube.com/watch?v=ioqAquz67MY,"Xe đưa rước công nhân tông xe máy, rồi gãy trụ điện ở Tây Ninh | QNgTV","Xe đưa rước công nhân tông xe máy, rồi gãy trụ điện ở Tây Ninh | QNgTV
Xe đưa rước công nhân tông xe máy, rồi gãy trụ điện ở Tây Ninh
-----------------------------------------------
📺 Đây là kênh Youtube chính thức của Báo và Phát thanh, Truyền hình Quảng Ngãi 
📺 Kênh cập nhật những thông tin chính thống về đời sống, chính trị, xã hội, văn hóa, các chuyên mục, với tiêu chí nhanh nhạy, tin cậy và toàn diện.

Xem thêm các tin tức khác tại đây: 
🔴 Tin ngắn hay nhất: https://bit.ly/3xpyh2T 
🔴 Tin tức tổng hợp nóng nhất: https://bit.ly/3Nxl2mo
🔴 Chương trình thời sự: https://bit.ly/3xmGSmD

#truyenhinhquangngai #QNgTV
#Quảng_Ngãi #thời_sự_quảng_ngãi #tintuc24h #tintuc
➖➖➖➖➖➖➖➖
✅ Đăng ký kênh ngay để đón xem các thông tin, chương trình mới nhất nhé:
✅ Youtube: https://bit.ly/dang-ky-kenh-truyen-hinh-quang-ngai
✅ Website: http://quangngaitv.vn/
✅ Facebook: https://www.facebook.com/truyenhinhquangngai/
✔️Tiktok: https://www.tiktok.com/@dthquangngai.mcv?lang=vi-VN
✔️Email: daiptthquangngai@gmail.com
➖➖➖➖➖➖➖➖
🔴 Báo và Phát thanh, Truyền hình Quảng Ngãi
📍Địa chỉ: 165, Hùng Vương, Tp.Quảng Ngãi
☎️ Điện thoại: 0255.3828328;  Fax: 0255.3825420
➖➖➖➖➖➖➖➖ 
⚠️Kênh được bảo vệ bản quyền bởi MCV Network.
©️. Vui lòng không sao chép hay re-upload dưới mọi hình thức.",2026-09-23T12:00:00Z,2026-09-23T12:00:00Z,reject,missing_group:electric_bus,1,transport_impact,0,search,xe bus điện,,,,,,2026-09-26T20:51:24.619779+07:00
youtube,itb2BhUldE0,https://www.youtube.com/watch?v=itb2BhUldE0,🇻🇳 Du lịch VinBus Hà Nội. Tất cả trong 1. Chi phí rẻ+Chuyến tham quan+Cảm xúc!? Hanoi VinBus Tour!?,"🇻🇳 Du lịch VinBus Hà Nội. Tất cả trong 1. Chi phí rẻ+Chuyến tham quan+Cảm xúc!? Hanoi VinBus Tour!?
Tour VinBus E04 Hà Nội. Tất cả trong 1. Chi phí rẻ + Chuyến tham quan + Cảm xúc!? 

All in 1 - Hanoi VinBus E04 Tour for cheap cost.+.emotion + tour!?",2026-09-20T00:58:16Z,2026-09-20T00:58:16Z,accept,electric_bus,1,"hanoi_location,electric_bus",0,search,VinBus,,,,,,2026-09-26T21:02:42.621069+07:00
youtube,iuTkmtxQMbg,https://www.youtube.com/watch?v=iuTkmtxQMbg,Hướng dẫn sạc nhanh tại trụ công cộng sử dụng chuẩn CCS2 trên Wuling Macaron | Wuling Support,"Hướng dẫn sạc nhanh tại trụ công cộng sử dụng chuẩn CCS2 trên Wuling Macaron | Wuling Support
Chào mừng các bạn đến với kênh Wuling Support - Kênh hỗ trợ chính thức dành cho cộng đồng sử dụng xe điện Wuling tại Việt Nam!

Trong video này, Wuling Support sẽ hướng dẫn các thao tác sạc nhanh cho Wuling Mini EV Macaron tại trụ sạc công cộng sử dụng chuẩn CCS2.

📌 Các nội dung chính trong video (Bấm vào mốc thời gian để xem nhanh):
00:00 - INTRO
00:12 - CHUẨN BỊ CỔNG SẠC
00:24 - KẾT NỐI SÚNG SẠC
00:39 - KẾT THÚC QUÁ TRÌNH SẠC
00:56 - AN TOÀN KHI SẠC
01:00 - KẾT

💡 Đừng quên nhấn LIKE, SHARE và ĐĂNG KÝ KÊNH để cập nhật thêm nhiều video hướng dẫn hữu ích khác từ Wuling Support nhé!

#wuling #wulingev #miniev  #WulingSupport #xedien #huongdansudungxe #TMT #wulingmacaron",2026-09-22T13:00:27Z,2026-09-22T13:00:27Z,reject,missing_group:electric_bus,1,transport_impact,0,search,xe điện công cộng,,,,,,2026-09-26T21:05:52.236636+07:00
youtube,j2FG0jY5uvE,https://www.youtube.com/watch?v=j2FG0jY5uvE,Round Trip 245 (short) In The Ebus 18 M | The Bus Berlin ,"Round Trip 245 (short) In The Ebus 18 M | The Bus Berlin 
https://discord.gg/HBF2AJeR4",2026-09-23T11:00:16Z,2026-09-23T11:00:16Z,reject,not_vietnam,1,"transport_impact,electric_bus",0,search,ebus,,,,,,2026-09-26T21:01:07.970600+07:00
youtube,jFtM--3EnNQ,https://www.youtube.com/watch?v=jFtM--3EnNQ,Phúc trải nghiệm Vinbus #music #memes,Phúc trải nghiệm Vinbus #music #memes,2026-09-20T09:01:07Z,2026-09-20T09:01:07Z,accept,electric_bus,1,electric_bus,0,search,VinBus,,,,,,2026-09-26T21:02:32.460747+07:00
youtube,jGWHHJhG-wY,https://www.youtube.com/watch?v=jGWHHJhG-wY,Vali bỗng dưng biến thành xe điện — công nghệ này sẽ thay đổi cách bạn du lịch?,"Vali bỗng dưng biến thành xe điện — công nghệ này sẽ thay đổi cách bạn du lịch?
Khám phá phát minh độc lạ khi chiếc vali thông thường được trang bị động cơ điện, giúp bạn di chuyển mà không cần mệt nhọc. Công nghệ thông minh này đang gây sốt trên thế giới.

#Shorts #phát minh #công nghệ mới #đời sống #du lịch #vali điện #tiện ích #sáng tạo #công nghệ thông minh #khám phá #trendingvideo",2026-09-25T15:35:04Z,2026-09-25T15:35:04Z,reject,missing_group:electric_bus,1,transport_impact,0,search,bus dien,,,,,,2026-09-26T20:54:26.293353+07:00
youtube,jKiitKU-Q-w,https://www.youtube.com/watch?v=jKiitKU-Q-w,XE ĐIỆN BÁN XÔI #reels #food #streetfood #shorts #shortvideo #banhmi  #xebanhangluudong #xoi #hutiu,"XE ĐIỆN BÁN XÔI #reels #food #streetfood #shorts #shortvideo #banhmi  #xebanhangluudong #xoi #hutiu
XƯỞNG SX XE BÁN HÀNG LƯU ĐỘNG SÀI GÒN -  XEBANHANGLUUDONG.ORG
Chuyên thiết kế và sx các mẫu xe bán hàng lưu động cao cấp.
Tư vấn, thiết kế mẫu riêng theo ý tưởng của khách hàng và mẫu độc quyền cho thương hiệu.
Tư vấn và nhận dịch vụ cải tạo xe 3 bánh, 4 bánh thành xe bán hàng, cải tạo xe khách, xe tải thành Mobihome, xe chuyên dụng...
Anh chị em có nhu cầu xin vui lòng liên hệ số dt hotline: 0978335638
Cảm ơn anh chị em đã quan tâm!
#xebanhang #viral #reels #short #shorts #reels #xebanhangluudong #xeluudong #kinhdoanh #xebanhangdidong #amthucduongpho #xebantrasua #xebantrasuadep #xebanthucannhanh #hashtag #xuhuongtiktok #xuhuongtiktok #xuhuong2023 #xuhuongtiktok2023 #hot #hottrend #hottrendtiktok2022 #hottrendtiktok #xebancavienchien #xebancavien #xecavien #xebanxienque #banhmi #comtam #trasua #hutiu #xoi #caphe #nuoctraicay #traicay #banhmi #amthuc #amthucduongpho #xebagac #xe3gac #xe3banh 
#reels #food #short #shortvideo #viralvideo #streetfood #banhmi #trasua",2026-09-24T16:09:28Z,2026-09-24T16:09:28Z,reject,missing_group:electric_bus,1,transport_impact,1,search,bus dien,,,,,,2026-09-26T20:54:26.431281+07:00
youtube,jPhy1HAgfKo,https://www.youtube.com/watch?v=jPhy1HAgfKo,Trải nghiệm tàu trên Metro Hà Nội cùng bé Sunny Anh Kiệt,"Trải nghiệm tàu trên Metro Hà Nội cùng bé Sunny Anh Kiệt
Mùng 2 tháng 9 bố mẹ cho bé Sunny đi tàu điện trên cao và xe bus Hà Nội, hôm đó toàn bộ phương tiện công cộng được miễn phí nên cả nhà được trải nghiệm 1 cách trọn vẹn nhất",2026-09-18T12:06:06Z,2026-09-18T12:06:06Z,reject,missing_group:electric_bus,1,"transport_impact,hanoi_location",0,search,trải nghiệm xe buýt điện,,,,,,2026-09-26T21:08:11.355178+07:00
youtube,jQr5t3ximx8,https://www.youtube.com/watch?v=jQr5t3ximx8,xe dap dien 3000,xe dap dien 3000,2026-09-26T11:27:43Z,2026-09-26T11:27:43Z,reject,missing_group:electric_bus,1,,0,search,bus dien,,,,,,2026-09-26T20:54:26.202252+07:00
youtube,jTWI2eD2UuE,https://www.youtube.com/watch?v=jTWI2eD2UuE,Day 4: Noon☀️ || Vin Safari♥️ || Honeymoon Series🫶 ||,"Day 4: Noon☀️ || Vin Safari♥️ || Honeymoon Series🫶 ||
Next, we headed to 🦁🐯🦒✨

Watching wild animals so closely was such a different feeling🥹♥️ Being right there in the middle of nature and seeing them just a few feet away felt absolutely unreal.

And then came our cutest little moment — a bear taking a walk right beside our bus and happily eating the banana offered by our driver🍌🐻 Apparently, this was its little ritual every time a bus passed by😍

We also spotted a tiger casually crossing our way 🐅 and one lion resting🦁 and the another lion had a scar that looked deeply painful, making that moment a little emotional too💔

And watching a hippo peacefully munching on grass 🌿🦛, followed by zebras crossing the road and giraffes casually strolling around, made the whole safari even more magical! 🦓🦒✨

Seeing all these beautiful animals up close in their natural surroundings was truly an unforgettable experience🥹♥️

Yayyyy! Safari day well spent🐻🦁🐯🦓🦒🦛✨

#wildlife #animals #love #nature #lion",2026-09-10T12:04:34Z,2026-09-10T12:04:34Z,reject,missing_group:electric_bus,1,transport_impact,0,search,Vin Bus,,,,,,2026-09-26T21:05:17.700424+07:00
youtube,jVan8YvvITU,https://www.youtube.com/watch?v=jVan8YvvITU,REVIEW VINFAST VF 9 LIMOUSINE XE ĐIỆN CAO CẤP THOẢI MÁI CHO GIA ĐÌNH,"REVIEW VINFAST VF 9 LIMOUSINE XE ĐIỆN CAO CẤP THOẢI MÁI CHO GIA ĐÌNH
⬇️ SẢN PHẨM TRONG VIDEO ⬇️
--------------------------------
👉 Xe điện VinFast VF 9 Limousine
🛒 Link mua: https://s.shopee.vn/7Kw6Uo4YFM
--------------------------------
VinFast VF 9 Limousine - chiếc xe điện cao cấp với mức giá 740 triệu đồng, mang đến trải nghiệm đẳng cấp cho gia đình Việt. Với không gian hàng ghế thứ 2 cực kỳ rộng rãi, phù hợp cho người cao 1m7 ngồi thoải mái, chiếc xe này thực sự là lựa chọn hoàn hảo cho dịch vụ vận chuyển cao cấp.

Điểm nổi bật của VF 9 Limousine là khả năng di chuyển lên đến 450km với một lần sạc, sạc nhanh từ 10% lên 70% chỉ trong 30 phút. Nội thất tối giản nhưng đầy đủ tiện nghi, dễ dàng tùy chỉnh theo nhu cầu. Đặc biệt, khi mua xe bạn sẽ được tặng 25 lần sạc miễn phí - một ưu đãi cực kỳ hấp dẫn.

Với tốc độ ổn định 100km/h và thiết kế sang trọng, VF 9 Limousine không chỉ là phương tiện di chuyển mà còn là biểu tượng của sự thành đạt. Hãy trải nghiệm ngay để cảm nhận sự khác biệt!

#vinfast #vf9 #xedien #limousine #review #xe",2026-09-25T05:58:06Z,2026-09-25T05:58:06Z,reject,missing_group:electric_bus,1,transport_impact,0,search,review bus điện,,,,,,2026-09-26T21:08:04.248547+07:00
youtube,jixG9XZrXnE,https://www.youtube.com/watch?v=jixG9XZrXnE,पीएम ई बस सेवा का शुभारंभ,पीएम ई बस सेवा का शुभारंभ,2026-09-25T16:41:55Z,2026-09-25T16:41:55Z,reject,missing_group:electric_bus,1,,0,search,e-bus,,,,,,2026-09-26T20:58:37.954303+07:00
youtube,jnZbGHscdRs,https://www.youtube.com/watch?v=jnZbGHscdRs,4 Bus vs Insane Ramp-BeamNG.Drive #beamng #gaming #shorts #viral,"4 Bus vs Insane Ramp-BeamNG.Drive #beamng #gaming #shorts #viral
Crash Test",2026-09-26T03:07:09Z,2026-09-26T03:07:09Z,reject,missing_group:electric_bus,1,transport_impact,0,search,e-bus,,,,,,2026-09-26T20:57:51.801464+07:00
youtube,juFeXxNStVw,https://www.youtube.com/watch?v=juFeXxNStVw,"xe máy điện bất ngờ hóa “núi lửa”, chủ xe chỉ biết đứng nhìn bất lực","xe máy điện bất ngờ hóa “núi lửa”, chủ xe chỉ biết đứng nhìn bất lực",2026-09-27T00:36:23Z,2026-09-27T00:36:23Z,reject,missing_group:electric_bus,1,transport_impact,0,search,bus dien,,,,,,2026-09-27T19:04:35.760555+07:00
youtube,k-AxXik4CWA,https://www.youtube.com/watch?v=k-AxXik4CWA,दौराला और झुलझुली  नए Bus Depots | Delhi Electric Bus...#dtc,"दौराला और झुलझुली  नए Bus Depots | Delhi Electric Bus...#dtc
सरकार दौराला और झुलझुली में दो नए Bus Depots विकसित कर रही है। रिपोर्ट के अनुसार, दौराला Depot की क्षमता करीब 250 बसों की होगी, जबकि झुलझुली Depot की क्षमता करीब 500 बसों की होगी। इन Depots का एक बड़ा उद्देश्य ग्रामीण और बाहरी दिल्ली के इलाकों में Public Transport की connectivity को मजबूत करना बताया गया है

2 state journey",2026-09-27T10:50:01Z,2026-09-27T10:50:01Z,reject,not_vietnam,1,"transport_impact,electric_bus",0,search,electric bus,,,,,,2026-09-27T18:01:27.753348+07:00
youtube,k8Q1t3CYgBQ,https://www.youtube.com/watch?v=k8Q1t3CYgBQ,Electric Bus I Kids Song,"Electric Bus I Kids Song
Hop aboard the Electric Bus with Chili and Mummy! 🚌⚡

In this catchy preschool song, little Chili discovers an electric bus and excitedly calls it the “Laato Bus.” Her loving Mummy gently teaches her the correct name: Electric Bus!

Sing, dance, and travel through a colorful town while meeting exciting vehicles, animals, fruits, and other familiar objects. Children can learn words such as helicopter, banana, fire truck, elephant, tractor, strawberry, train, butterfly, ambulance, umbrella, and airplane.

🎵 Sing along:

Laato Bus, Laato Bus,
Beep-beep, come along with us!
Round and round, the wheels go round,
Rolling through our happy town!

This cheerful educational song helps toddlers and preschool children improve:

Word recognition and pronunciation
Listening and repetition
Vehicle and object vocabulary
Memory and language development

Perfect for toddlers, preschoolers, nursery classes, playtime, and family sing-alongs.

Subscribe to Pupa & Chili for more colorful children’s songs, learning adventures, and entertaining animated videos!

#ElectricBus #LaatoBus #KidsSong #PupaAndChili #NurseryRhymes #ToddlerLearning #PreschoolSongs #VehicleSong #LearningForKids #KidsAnimation",2026-09-25T15:36:43Z,2026-09-25T15:36:43Z,reject,not_vietnam,1,"transport_impact,electric_bus",0,search,electric bus,,,,,,2026-09-26T23:03:21.323998+07:00
youtube,kC8wnHO7f1k,https://www.youtube.com/watch?v=kC8wnHO7f1k,REVIEW PHIÊN BẢN XE LĂN MP08 PRO MỚI NHẤT !! QUÁ NHIỀU NÂNG CẤP,"REVIEW PHIÊN BẢN XE LĂN MP08 PRO MỚI NHẤT !! QUÁ NHIỀU NÂNG CẤP
#xedienmanhphat #xediencu #muabanxedien 

🌿Hotline: 0358.993.993 - 0866.903.993

🌿MUA BÁN XE ĐIỆN 2 BÁNH 3 BÁNH CHẤT LƯỢNG HÀNG ĐẦU VIỆT NAM
►TP HÀ NỘI
CS1 | 234 Ngô Xuân Quảng - Trâu Qùy - Gia Lâm - Hà Nội (SĐT : 0358.993.993 - 0866.903.993)
CS2 | Shop House Sông Hồng KĐT Trâu Qùy - Gia Lâm - Hà Nội (SĐT : 0358.993.993 - 0866.903.993)
►TP BẮC NINH
CS3 | Đối Diện KTX Samsung - KCN Yên Phong - Bắc Ninh (SĐT: 0868.509.533)
►TP HỒ CHÍ MINH
CS4 | 749 Lũy Bán Bích - P.Phú Thọ Hòa - Q.Tân Phú - TP HCM (SĐT : 0971.123.383)

🌿 Các bạn có thể sẽ thích những video này:
►TỔNG HỢP NHỮNG MẪU XE ĐIỆN 3 BÁNH TỐT NHẤT DÀNH CHO NGƯỜI GIÀ,NGƯỜI KHUYẾT TẬT 2021: https://www.youtube.com/watch?v=4JprQ...
►Xe đạp điện đột ngột không đi được | Cách khắc phục đơn giản nhất: https://www.youtube.com/watch?v=ORI-u...
►LÔ XE ĐẠP ĐIỆN GIÁ CHỈ TỪ 2,5TR ANH EM TIN ĐƯỢC KHÔNG: https://www.youtube.com/watch?v=vzqcf...
►GIỚI THIỆU XE ĐIỆN 3 BÁNH GODA 2022 CÓ PHANH CHÂN: https://www.youtube.com/watch?v=TAOn3...

HÃY ĐỪNG NGẦN NGẠI ĐỂ LẠI CÂU HỎI Ở PHÍA DƯỚI, VÀ CHO XE ĐIỆN MẠNH PHÁT MỘT LIKE, COMMENT VÀ SUBSCRIBE NẾU QUÝ VỊ THẤY NỘI DUNG VIDEO BỔ ÍCH NHÉ.

► CONTACT:
🌿Hotline: 0358.993.993 - 0866.903.993
🌿Fanpage: https://www.facebook.com/xedapdiencu....
🌿Youtube: https://www.youtube.com/channel/UCW4A...
🌸Inbox để được tư vấn nhiệt tình. Tới trực tiếp 6 cơ sở để được xem xe kiểm tra xe thoải mái.
------------------------------------------------------------------------------
© Bản quyền Video thuộc về Xe Điện Mạnh Phát, vui lòng không reup!
© Copyright by Xe Điện Mạnh Phát ☞ Do not Reup, many thanks!
© Copyright all rights reserved.",2026-09-26T05:14:53Z,2026-09-26T05:14:53Z,reject,missing_group:electric_bus,1,"transport_impact,hanoi_location",1,search,review bus điện,,,,,,2026-09-26T21:08:04.191814+07:00
youtube,kDGx3VE--lY,https://www.youtube.com/watch?v=kDGx3VE--lY,Xe điện mới - Review Lộ trình Lượt đi Tuyến 141: KDL BCR - Long Trường - BXB KCX Linh Trung II,"Xe điện mới - Review Lộ trình Lượt đi Tuyến 141: KDL BCR - Long Trường - BXB KCX Linh Trung II
- MST: 141 (Khu du lịch BCR - Long Trường - Khu chế xuất Linh Trung II)
- Dòng xe: KimLong B60-EV 2026
- Cự li tuyến: 21.5km
- Thời gian hoạt động: 5h - 19h30
- Số chuyến: 198 chuyến/ngày
- Loại tuyến: Phổ thông - Có trợ giá
- ĐVVH: Cty Cổ phần Xe khách Phương Trang - FUTA Bus Lines

- Giá vé:
- Vé lượt có trợ giá: 6.000 đồng
- Vé HSSV có trợ giá: 3.000 đồng
- Vé tập: 135.000 đồng

- Lộ trình:
- Lượt đi: KDL BCR - Tam Đa - Nguyễn Duy Trinh - Lã Xuân Oai - Làng Tăng Phú - Lê Văn Việt - Võ Văn Ngân - Tô Ngọc Vân - Tam Hà - Phú Châu - Tô Ngọc Vân - Gò Dưa - Cầu vượt Gò Dưa - Tỉnh lộ 43 - Ngô Chí Quốc - BXB KCX Linh Trung II.

- Lượt về: BXB KCX Linh Trung II - Ngô Chí Quốc - Tỉnh lộ 43 - Cầu vượt Gò Dưa - Đ.Số 11 - (Quay đầu tại cuối đường) - Đ.Số 11 - Gò Dưa - Tô Ngọc Vân - Võ Văn Ngân - Lê Văn Việt - Làng Tăng Phú - Lã Xuân Oai - Nguyễn Duy Trinh - Tam Đa - KDL BCR.

Chapters:
Intro: 00:00
KDL BCR: 00:39
Đ.Tam Đa: 02:15
Đ.Nguyễn Duy Trinh: 04:36
Đ.Lã Xuân Oai: 06:45
Đ.Làng Tăng Phú: 16:21
Đ.Lê Văn Việt: 18:36
Đ.Võ Văn Ngân: 31:26
Đ.Tô Ngọc Vân: 38:59
Đ.Tam Hà: 47:23
Đ.Phú Châu: 49:35
Đ.Tô Ngọc Vân: 50:04
Đ.Gò Dưa: 54:05
Cầu vượt Gò Dưa: 55:17
Tỉnh lộ 43: 57:00
Đ.Ngô Chí Quốc: 1:05:36
BXB KCX Linh Trung II: 1:06:39

Nhạc Intro: Music: Tobu - Candyland
http://youtube.com/tobuofficial
Released by NCS https://www.youtube.com/NoCopyrightSounds",2026-08-23T13:00:39Z,2026-08-23T13:00:39Z,reject,missing_group:electric_bus,1,transport_impact,0,search,xe điện công cộng,,,,,,2026-09-26T21:05:52.402199+07:00
youtube,kOkrRl3ERdY,https://www.youtube.com/watch?v=kOkrRl3ERdY,nx Trung Dũng Điện Biên - Mỹ Đình,nx Trung Dũng Điện Biên - Mỹ Đình,2026-09-05T07:19:01Z,2026-09-05T07:19:01Z,reject,missing_group:electric_bus,1,hanoi_location,0,search,xe bus điện,,,,,,2026-09-26T20:52:27.185744+07:00
youtube,kQDpyGsaDcM,https://www.youtube.com/watch?v=kQDpyGsaDcM,Xe đạp trợ lực điện cho nữ Giant Latte E+ 2026 giá rẻ chính hãng ...,"Xe đạp trợ lực điện cho nữ Giant Latte E+ 2026 giá rẻ chính hãng ...
❌ 100% GIÁ RẺ HƠN SHOPEE, TITOK, LAZADA ❌ 10% SALE OFF - 3 KHÁCH HÀNG SUB KÊNH & MUA HÀNG ĐẦU TIÊN ❌

Giant Latte E+ 2026 là mẫu xe đạp đường phố trợ lực điện cao cấp của hãng Giant dành riêng cho nữ giới, xe có thiết kế mềm mại, thời trang ... rất phù hợp cho các chị/ em nữ đạp xe thong dong đi dạp hoặc đi làm hàng ngày ...

👉 Link sp: https://thethao365.com.vn/xe-dap-dien.html

💯 Thể thao 365 | Hệ thống bán lẻ các dòng xe đạp thể thao, xe đạp địa hình, xe đạp giá rẻ, xe đạp học sinh, #xe_đạp_Giant, #xe_đạp_điện, xe đạp trẻ em , #GIANT_E, xe đạp, xe đạp nhập khẩu, #xe_đạp_chính_hãng ....

🚛 Giao hàng toàn quốc, hỗ trợ chuyển ra bến xe hoặc gửi chuyển phát nhanh đối với các bạn ở tỉnh xa.

🏠 Địa chỉ CÔNG TY CỔ PHẦN THỂ THAO 365:
        👉 Showroom 01: 73 Giang Văn Minh, Quận Ba Đình, TP. Hà Nội
        👉 Showroom 02: Quận Thanh Xuân, TP. Hà Nội (coming soon)
☎️ Liên hệ mua hàng: Hotline 0907 063 132 & 0898 696 808.
📞 Nhận đặt hàng qua Facebook, Website, Zalo
🌐 Website: https://thethao365.com.vn
🛒 Shopee: https://byvn.net/dIaQ
🛒 ShopeeMall: https://shopee.vn/thethao365vn",2026-09-18T09:40:58Z,2026-09-18T09:40:58Z,reject,missing_group:electric_bus,1,"transport_impact,hanoi_location",0,search,bus điện,,,,,,2026-09-26T20:54:15.496954+07:00
youtube,kRv5CaKBSZQ,https://www.youtube.com/watch?v=kRv5CaKBSZQ,Green Electric Bus Pakistan | Green Bus | Pakistan Electric Bus | Bus in City | Public Transport ,"Green Electric Bus Pakistan | Green Bus | Pakistan Electric Bus | Bus in City | Public Transport 
Green Electric Bus Pakistan | Green Bus | Pakistan Electric Bus | Bus in City | Public Transport
. 
. 
. #GreenElectricBus #GreenBus #ElectricBus #Pakistan #Bus #ElectricBusPakistan #Shorts #YouTubeShorts #ViralShorts #Trending #PakistanBus



پاکستانی_الیکٹرک_بس
​#گرین_الیکٹرک_بس



#PakistaniGreenElectricBus #ElectricBusPakistan #GreenElectricBus #EVBusPakistan #YouTubeShorts #ElectricVehicle #PublicTransport #ViralVideo #AbidTilawat #TrendingVideo #پاکستانی_الیکٹرک_بس #گرین_الیکٹرک_بس
#PakistaniGreenElectricBus #GreenElectricBusKaKamaal #PakistaniElectricBus #TeenonNazaareEkSaath #GreenBusPakistan #ElectricBusPakistan #EVBusPakistan #ViralBusVideo #PakistaniBus #AbidTilawat #TrendingShorts #PakistaniGreenBus",2026-09-27T10:46:32Z,2026-09-27T10:46:32Z,reject,not_vietnam,1,"transport_impact,electric_bus",0,search,electric bus,,,,,,2026-09-27T18:01:31.027558+07:00
youtube,kjWfbxoJ0uo,https://www.youtube.com/watch?v=kjWfbxoJ0uo,DẠO PHỐ SÀI GÒN.,"DẠO PHỐ SÀI GÒN.
Trước thềm GaLa Netlog Việt 2026 (07,08,09.2026). Hai miền Bắc và Trung dạo phố Sài Gòn, trải nghiệm xe buýt và tàu điện ngầm không đồng tại TP Hô Chí Minh.",2026-08-24T11:55:59Z,2026-08-24T11:55:59Z,reject,missing_group:electric_bus,1,transport_impact,1,search,trải nghiệm xe buýt điện,,,,,,2026-09-26T21:08:17.946217+07:00
youtube,klBlNTSA9Ag,https://www.youtube.com/watch?v=klBlNTSA9Ag,Tăng kiểm tra thẻ vé điện tử khi đi xe buýt trợ giá,Tăng kiểm tra thẻ vé điện tử khi đi xe buýt trợ giá,2026-09-14T04:43:56Z,2026-09-14T04:43:56Z,reject,missing_group:electric_bus,1,transport_impact,0,search,xe buýt điện,,,,,,2026-09-26T20:50:57.555881+07:00
youtube,kmWlNd7ZxvY,https://www.youtube.com/watch?v=kmWlNd7ZxvY,Đảm bảo điều kiện đưa đón học sinh tới trường bằng xe buýt điện,"Đảm bảo điều kiện đưa đón học sinh tới trường bằng xe buýt điện
Dự kiến ngày 3/9 tới, Quảng Ninh sẽ khai trương các tuyến xe buýt điện đưa đón học sinh tới trường trên địa bàn các phường Hạ Long, Hồng Gai và Hà Tu. Các địa phương đang khẩn trương hoàn thiện các điều kiện, phương án tổ chức, sẵn sàng vận hành dịch vụ an toàn, thuận tiện ngay trước thềm năm học mới.
Đăng Ký kênh để cập nhật tin tức Quảng Ninh mới nhất ngày hôm nay.
https://www.youtube.com/@truyenhinhquangninh
-----------------------------------------------------------------------------------------------------------
* Facebook: https://www.facebook.com/baovaphatthanhtruyenhinhquangninh
* Website: https://baoquangninh.vn/
* Điện thoại: 0866 233 256
* Email: baoquangninh@gmail.com
* Địa chỉ: Số 2, phố Hải Long, phường Hạ Long, tỉnh Quảng Ninh
Liên hệ: 0866 233 256
#quangninhtv #quangninh #qtv #truyenhinhquangninh",2026-08-31T08:13:15Z,2026-08-31T08:13:15Z,accept,electric_bus,1,"transport_impact,electric_bus",1,search,xe buyt dien,,,,,,2026-09-26T20:52:47.318786+07:00
youtube,l4VxY6qIDqQ,https://www.youtube.com/watch?v=l4VxY6qIDqQ,VINGROUP CHI TIỀN: TỪ NGHĨA TÌNH ĐẾN LỢI NHUẬN! #Shorts,"VINGROUP CHI TIỀN: TỪ NGHĨA TÌNH ĐẾN LỢI NHUẬN! #Shorts
Vingroup vừa chi tiền cho nghĩa tình, xe buýt và cả những cú chuyển mình.

🔥 Cập nhật Tin Hot 24h: Tại Hải Phòng, Quỹ Thiện Tâm thuộc Tập đoàn Vingroup sẽ hỗ trợ 5 triệu đồng mỗi tháng cho 16 người con liệt sĩ chưa đủ 18 tuổi. Khoản tiền được duy trì đến khi các cháu tròn 18, chuyển vào tài khoản của người được hỗ trợ hoặc người giám hộ. Báo Hải Phòng cho biết việc chi trả thực hiện định kỳ ba tháng một lần, vào ngày 15 của tháng thứ hai trong mỗi quý. Một khoản hỗ trợ không ồn ào, nhưng đủ thiết thực để cuộc sống bớt chật vật. Ở Hà Nội, VinBus lại miễn vé từ ngày 29 tháng 8 đến hết ngày 2 tháng 9 năm 2026, cùng các tuyến buýt thành phố và hai tuyến đường sắt đô thị. Xe chạy từ 4 giờ 30 đến 22 giờ 30, thành phố còn chuẩn bị 42 xe dự phòng. Trong khi đó, báo cáo bán niên ghi nhận Vingroup lãi trước thuế 34.400 tỷ đồng, phần lớn nhờ doanh thu tài chính và thương vụ chuyển nhượng công ty con. Gia đình Phạm Nhật Vượng cũng có thêm thế hệ kế cận tham gia quản trị doanh nghiệp.

Đăng ký kênh ""Tin Nóng Mà Vui"" để không bỏ lỡ những tin tức mới nhất, hài hước và độc lạ mỗi ngày!
👉 Link đăng ký: https://www.youtube.com/@tinnongmavui

#tinnongmavui #tinnhanh #tintuc #trend #shorts #Vingroup #kinhte #tapdoanvingroup #vietnam #tinnong

Nguồn tham khảo:
https://soha.vn/tap-doan-vingroup-chinh-thuc-ho-tro-5-trieu-dong-nguoi-thang-cho-16-con-liet-si-o-hai-phong-den-khi-du-18-tuoi-198260830221058708.htm
https://nguoiquansat.vn/vingroup-tuyen-bo-se-ho-tro-5-trieu-dong-thang-cho-16-nguoi-con-cua-cac-liet-si-den-khi-du-18-tuoi-313545.html
https://kenh14.vn/tap-doan-vingroup-cua-ty-phu-pham-nhat-vuong-chinh-thuc-mien-phi-100-dich-vu-nay-tu-ngay-mai-215260828154125545.chn",2026-08-31T09:10:36Z,2026-08-31T09:10:36Z,accept,electric_bus,1,"transport_impact,hanoi_location,electric_bus",1,search,Vin Bus,,,,,,2026-09-26T21:05:20.986560+07:00
youtube,l5jpsnK3ukI,https://www.youtube.com/watch?v=l5jpsnK3ukI,(Tuyến 59) Bến Xe Quận 8 - Ngã Tư Ga (Vô Bến Xe Quận 8),"(Tuyến 59) Bến Xe Quận 8 - Ngã Tư Ga (Vô Bến Xe Quận 8)
© Bản Quyền Hy Khang 2011-2026 Xe Buýt Xanh Công Cộng TP.HCM ©
_____
Xin Chào Mọi Người, Mình Tên Là Hy Khang, Mình Sẽ Hướng Dẫn Tất Cả Mọi Người Đi Xe Buýt Và Lộ Trình Trạm Với Tuyến, Khám Phá Mới, 1 Trong Những Xe Buýt Xanh Bảo Vệ Môi Trường Ở TP.HCM, Xe Buýt Điện Là 1 Thương Mại Hoàn Toàn Mới Để Bảo Vệ Môi Trường Và Sạch Đẹp TP.HCM, Xin Mọi Người Hãy Coi Những Video Tiếp Theo Để Biết Về Rõ Hơn, Xin Chân Thành Cảm Ơn Chào Đón",2026-09-17T04:11:23Z,2026-09-17T04:11:23Z,accept,electric_bus,1,"transport_impact,electric_bus",1,search,tuyến xe buýt điện,,,,,,2026-09-26T21:06:06.419896+07:00
youtube,l6DLAmb9pM4,https://www.youtube.com/watch?v=l6DLAmb9pM4,"Bantu Pengusaha Ganti Bus Hingga Truk Logistik Pakai EV, Pemerintah Harus Lakukan Ini","Bantu Pengusaha Ganti Bus Hingga Truk Logistik Pakai EV, Pemerintah Harus Lakukan Ini
Kapasitas produksi industri lokal, pembiayaan hingga infrastruktur pendukung ekosistem electric vehicle (EV) disebut Ketua Umum Perkumpulan Industri Kendaraan Listrik Indonesia (Periklindo) Moeldoko sebagai tantangan Indonesia dalam mengembangkan EV di dalam negeri.

Diperlukan upaya mendorong investasi EV hingga penguatan ekosistem EV terkait charging station dan listrik untuk memenuhi kebutuhan EV termasuk mencapai target Pemprov DKI yang akan memiliki 10.000unit bus listrik untuk TransJakarta di 2030.

Selain itu juga dibutuhkan dukungan pemerintah terkait penguatan ekosistem EV untuk segmen kendaraan komersial termasuk bus hingga truk logistik dan kendaraan tambang hingga pemberian insentif untuk pasar komersil ini.

Seperti apa tantangan dan upaya yang dibutuhkan RI untuk memperluas elektrifikasi kendaraan komersil di Indonesia?

Selengkapnya simak dialog Serliana Salsabila dengan Ketua Umum Perkumpulan Industri Kendaraan Listrik Indonesia (Periklindo) Moeldoko dalam Evening Up, CNBC Indonesia (Selasa, 22/09/2026)

Terus ikuti berita ekonomi bisnis dan analisis mendalam hanya di https://www.cnbcindonesia.com/. 

CNBC Indonesia terafiliasi dengan CNBC Internasional dan beroperasi di bawah grup Transmedia dan tergabung bersama Trans TV, Trans7, Detikcom, Transvision, CNN Indonesia dan CNN Indonesia.com. 

CNBC Indonesia dapat dinikmati melalui tayangan Transvision channel 805 atau streaming melalui aplikasi CNBC Indonesia yang dapat di download di playstore atau iOS.

Follow us on social: Twitter: https://twitter.com/cnbcindonesia

Facebook Page: https://www.facebook.com/CNBCIndonesia/

Instagram: https://www.instagram.com/cnbcindonesia/
https://www.instagram.com/cuap_cuan/

Tiktok: https://bit.ly/38BYtJx

Spotify: https://spoti.fi/2BR7KkT",2026-09-27T11:00:28Z,2026-09-27T11:00:28Z,reject,missing_group:electric_bus,1,transport_impact,0,search,electric bus,,,,,,2026-09-27T18:01:27.750356+07:00
youtube,lAQgcgQ1pAM,https://www.youtube.com/watch?v=lAQgcgQ1pAM,Review Innova Số Tự Động Đời Cao Ghế Điện nhô 200tr - Xe Gia Đình Kỹ Đẹp #innova #toyota #otocu,"Review Innova Số Tự Động Đời Cao Ghế Điện nhô 200tr - Xe Gia Đình Kỹ Đẹp #innova #toyota #otocu
Review Innova Số Tự Động Đời Cao Ghế Điện nhô 200tr - Xe Gia Đình Kỹ Đẹp #innova #toyota #otocu Review Innova Số Tự Động Đời Cao Hơn 200tr - Xe Gia Đình Kỹ Đẹp #innova #toyota #otocu 

Liên hệ : 0563.103.103 Tuyết Vy 

☎ Tư vấn/ CSKH : 0563.103.103 Tuyết VY 

Toyota Innova số tự động có còn đáng mua sau nhiều năm sử dụng? Trong video hôm nay, Phúc Việt Auto Q12 sẽ review chi tiết Toyota Innova 2013 số tự động từ ngoại thất, nội thất, động cơ, hộp số đến khả năng vận hành thực tế để giúp anh em có cái nhìn khách quan nhất trước khi quyết định mua xe.

Toyota Innova 2013 là một trong những mẫu xe 7 chỗ gia đình được ưa chuộng nhất tại Việt Nam nhờ độ bền bỉ, chi phí sử dụng hợp lý, phụ tùng dễ thay thế và khả năng giữ giá cực tốt. Đặc biệt, phiên bản Innova số tự động mang lại trải nghiệm lái thoải mái, phù hợp cho gia đình và kinh doanh dịch vụ.

📌 Nội dung video:
✅ Đánh giá Toyota Innova số tự động đời 2013
✅ Review ngoại thất Toyota Innova 2013
✅ Đánh giá nội thất Innova 2013 số tự động
✅ Khả năng vận hành thực tế của Toyota Innova
✅ Mức tiêu hao nhiên liệu Innova 2013
✅ Ưu điểm và nhược điểm Toyota Innova số tự động
✅ Có nên mua Toyota Innova 2013 cũ?
✅ Giá Toyota Innova 2013 trên thị trường hiện nay

Nếu bạn đang tìm kiếm một chiếc xe 7 chỗ rộng rãi, bền bỉ, giữ giá, chi phí nuôi xe thấp thì Toyota Innova số tự động form 2013 vẫn là một lựa chọn rất đáng cân nhắc.

Từ khóa liên quan:
Toyota Innova 2013, Innova số tự động, Toyota Innova số tự động form 2013, Innova 2015 AT, Toyota Innova cũ, Innova cũ giá tốt, review Innova 2013 đánh giá Innova 2013, Toyota Innova gia đình, xe 7 chỗ Toyota, Innova số tự động cũ, Toyota Innova giữ giá, Innova bền bỉ, Innova tiết kiệm nhiên liệu, Toyota Innova 2013 số tự động, mua bán Innova cũ, Toyota Innova Q12, xe gia đình 7 chỗ.

📞 Liên hệ Phúc Việt Auto Q12 để được tư vấn các dòng xe cũ chất lượng, pháp lý rõ ràng, giá tốt.

👉 Đừng quên LIKE - SHARE - SUBSCRIBE để theo dõi những video review xe cũ, Toyota Innova, xe 7 chỗ gia đình và các mẫu xe đáng mua trong tầm giá.

#ToyotaInnova2015 #Innova2015 #InnovaSoTuDong #ToyotaInnova #ReviewInnova #DanhGiaInnova #Xe7Cho #XeGiaDinh #PhucVietAutoQ12 #InnovaCu #ToyotaInnovaCu",2026-09-26T09:36:16Z,2026-09-26T09:36:16Z,reject,missing_group:electric_bus,1,,0,search,bus dien,,,,,,2026-09-26T20:54:26.233115+07:00
youtube,lBSgZMiN-4w,https://www.youtube.com/watch?v=lBSgZMiN-4w,Cái kết cho phụ xe bắt nạt sinh viên quê,"Cái kết cho phụ xe bắt nạt sinh viên quê
Video diễn xuất nhằm mục đích giải trí, đồ vật trong video chỉ là đạo cụ biểu diễn.",2026-09-26T13:00:09Z,2026-09-26T13:00:09Z,reject,missing_group:electric_bus,1,,0,search,bus dien,,,,,,2026-09-26T20:54:26.188620+07:00
youtube,lDQdWFqImy8,https://www.youtube.com/watch?v=lDQdWFqImy8,"Tiếng Anh Khi Hỏi Đường Ở Nước Ngoài: Đi Bộ, Xe Buýt, Tàu Điện &amp; Khi Bị Lạc","Tiếng Anh Khi Hỏi Đường Ở Nước Ngoài: Đi Bộ, Xe Buýt, Tàu Điện &amp; Khi Bị Lạc
Bạn đang ở nước ngoài, muốn đến một địa điểm nhưng Google Maps cứ xoay vòng. Bạn không biết mình đang đi đúng hướng hay ngược hướng, muốn hỏi người đi đường nhưng lại không biết mở đầu thế nào — và càng lo hơn nếu họ trả lời quá nhanh.
Trong video này, chúng ta sẽ cùng đi qua một hành trình hỏi đường và di chuyển thực tế bằng tiếng Anh: từ lúc hỏi một người trên phố, hiểu “go straight”, “turn left”, tìm ga tàu, chọn đúng tuyến, hỏi điểm xuống, đi xe buýt cho đến lúc thực sự bị lạc và phải nhờ người khác giúp.
Bạn không cần học thuộc một cuộc hội thoại dài. Điều quan trọng là biết mình đang ở đâu, muốn đi đâu và thông tin nào mình đang thiếu.
Bạn sẽ gặp những câu rất thực tế như:
• “How do I get to…?” 
• “Is it far from here?” 
• “Can I walk there?” 
• “Go straight.” 
• “Turn left.” 
• “Turn right.” 
• “Could you say that again?” 
• “Which line should I take?” 
• “Do I need to change trains?” 
• “Where should I get off?” 
• “Does this bus go to…?” 
• “I think I’m lost.” 
• “Am I going the right way?” 
• “Which exit should I take?” 
Đặc biệt, video không chỉ dạy cách hỏi, mà còn giúp bạn nhận ra những câu trả lời thường gặp để không bị “đứng hình” khi người bản xứ chỉ đường.
⏱️ TIMELINE
00:00 — Khi bạn không biết mình đang đi đúng hướng hay ngược hướng
00:38 — Hành trình hỏi đường và di chuyển trong video
01:04 — “How do I get to…?” — Cách hỏi đường tự nhiên
02:33 — Go straight, turn left, turn right — Hiểu chỉ dẫn
03:37 — Khi người kia nói quá nhanh hoặc bạn nghe không rõ
04:29 — Hỏi khoảng cách và có thể đi bộ hay không
05:34 — Tìm ga và chọn đúng tuyến tàu điện
06:53 — Kiểm tra sân ga và hướng tàu
07:25 — Hỏi nên xuống ở đâu và còn bao nhiêu trạm
08:14 — Đi xe buýt và xác nhận đúng tuyến
09:17 — “I think I’m lost” — Xử lý khi thực sự bị lạc
10:58 — Tìm đúng entrance và exit
11:37 — Ôn lại những câu quan trọng nhất
12:52 — Tập tiếp theo: Khi gặp sự cố ở nước ngoài
Các mốc trên bám trực tiếp theo từng section trong timeline: phần hỏi đường bắt đầu từ khoảng 01:04, hiểu chỉ dẫn từ 02:33, tàu điện từ 05:34, xe buýt từ 08:14 và tình huống bị lạc từ 09:17. 
Ở tập tiếp theo, hành trình sẽ khó hơn một chút: mất điện thoại, mất ví, lỡ chuyến, thất lạc hành lý, cần cảnh sát hoặc cần hỗ trợ khẩn cấp. 
#TiengAnh #TiengAnhGiaoTiep #TiengAnhDuLich #HoiDuongBangTiengAnh #TravelEnglish #EnglishForTravel #HocTiengAnh",2026-09-18T07:25:52Z,2026-09-18T07:25:52Z,reject,missing_group:electric_bus,1,transport_impact,0,search,xe buýt điện,,,,,,2026-09-26T20:49:35.268824+07:00
youtube,lEH77XYYbqY,https://www.youtube.com/watch?v=lEH77XYYbqY,Досить їздити на маршрутці !,Досить їздити на маршрутці !,2026-09-12T11:24:42Z,2026-09-12T11:24:42Z,reject,missing_group:electric_bus,1,,0,search,Vin Bus,,,,,,2026-09-26T21:05:17.694971+07:00
youtube,lJR4CCqDCR0,https://www.youtube.com/watch?v=lJR4CCqDCR0,E-Bus Service Madhya Pradesh: 21 साल बाद मध्य प्रदेश में शुरू हुई सरकारी बस सेवा| India TV |CM Mohan,"E-Bus Service Madhya Pradesh: 21 साल बाद मध्य प्रदेश में शुरू हुई सरकारी बस सेवा| India TV |CM Mohan
E-Bus Service Madhya Pradesh: 21 साल बाद मध्य प्रदेश में शुरू हुई सरकारी बस सेवा| India TV |CM Mohan


मध्य प्रदेश के लिए 25 सितंबर का दिन ऐतिहासिक रहा। अब प्रदेश में सफर आसान, सुरक्षित और सुविधाओं से भरपूर होगा। दरअसल, भोपाल के भेल दशहरा मैदान में आयोजित कार्यक्रम में केंद्रीय सड़क परिवहन एवं राजमार्ग मंत्री नितिन गडकरी और मुख्यमंत्री डॉ. मोहन यादव ने मुख्यमंत्री सुगम परिवहन सेवा और पीएम ई-बस सेवा की शुरुआत की। मोबिलिटी विजन-2030 (Mobility Vision-2030) के तहत केंद्रीय मंत्री गडकरी और सीएम डॉ. मोहन यादव ने 7 शहरों की 351 इंटरसिटी और इंट्रासिटी बसों को हरी झंडी दिखाकर रवाना किया।

#mpbusservice #nitingadkari #mohanyadav #indiatv 


----------------------------------------------------------------------------------------------------------------------------------------
For more videos, visit https://www.indiatvnews.com/video or https://www.indiatv.in/video


VETO - Subscription free OTT Platform, Download Now: https://onelink.to/s3rweu
Subscribe to IndiaTV and don't forget to press ""THE BELL ICON"" to never miss any updates-
http://bit.ly/2O2aC1J


Download Mobile App:
Link for Android device: https://bit.ly/2V2wnA3
Link for Apple device: https://apple.co/2EB9lKr 


Follow Us On: 
Facebook: / indiatvnews  
                      / indiatv.in        
Twitter: / indiatvnews  
                 / indiatvhindi  

------------------------------------------------------------------------------------------------------------------------

About Us: 

Welcome to India TV, your definitive digital destination for accurate, timely, and fearless journalism. From breaking headlines to exclusive ground reports, we bring you India’s voice – unfiltered and unbiased.

At India TV, we believe in news that empowers. Our team works 24/7 to deliver fact-checked, balanced, and viewer-first content across all major beats:

📰 Top National & International Headlines
📺 Breaking News Alerts — as they happen
🎥 Live Reporting from Ground Zero
🎙️ Expert Panels & Political Debates
📊 Data-Driven Analysis & Opinion
🎭 Bollywood, Sports, Technology, and More

We are committed to journalism with integrity, standing strong against misinformation and sensationalism. Whether it’s political updates from Delhi, developments in Mumbai, voices from rural India, or global stories that impact you — India TV is your news window to the world.

For more content go to http://http://www.indiatvnews.com/video/
Follow us on facebook at https://www.facebook.com/indiatvnews
Follow us on twitter at https://twitter.com/indiatvnews",2026-09-26T07:08:51Z,2026-09-26T07:08:51Z,reject,not_vietnam,1,"transport_impact,electric_bus",0,search,e-bus,,,,,,2026-09-26T20:57:45.284860+07:00
youtube,lJUSJ58ZeyQ,https://www.youtube.com/watch?v=lJUSJ58ZeyQ,Tiếp đi xe điện ra q9 LaFayette,Tiếp đi xe điện ra q9 LaFayette,2026-09-23T18:04:30Z,2026-09-23T18:04:30Z,reject,missing_group:electric_bus,1,transport_impact,0,search,xe điện công cộng,,,,,,2026-09-27T16:02:13.843523+07:00
youtube,lPhgaXSGTpc,https://www.youtube.com/watch?v=lPhgaXSGTpc,"Từ 5/9, thêm dịch vụ miễn phí từ tỷ phú Phạm Nhật Vượng #xleader #news #Vinbus","Từ 5/9, thêm dịch vụ miễn phí từ tỷ phú Phạm Nhật Vượng #xleader #news #Vinbus",2026-09-04T14:22:59Z,2026-09-04T14:22:59Z,accept,electric_bus,1,electric_bus,0,search,VinBus,,,,,,2026-09-26T21:03:27.737104+07:00
youtube,lROnBNPh7t8,https://www.youtube.com/watch?v=lROnBNPh7t8,📍Bhopal | Live from Inauguration of Mukhyamantri Sugam Parivahan Seva and the PM e-bus Seva,"📍Bhopal | Live from Inauguration of Mukhyamantri Sugam Parivahan Seva and the PM e-bus Seva
📍Bhopal | Live from Inauguration of Mukhyamantri Sugam Parivahan Seva and the PM e-bus Seva",2026-09-25T21:02:54Z,2026-09-25T21:02:54Z,reject,not_vietnam,1,"transport_impact,electric_bus",0,search,e-bus,,,,,,2026-09-27T16:01:29.884776+07:00
youtube,lcRi_rQ0Meg,https://www.youtube.com/watch?v=lcRi_rQ0Meg,El autobús que costó millones y nadie usa  #camiones #autobus,El autobús que costó millones y nadie usa  #camiones #autobus,2026-09-27T01:06:19Z,2026-09-27T01:06:19Z,reject,missing_group:electric_bus,1,,0,search,electric bus,,,,,,2026-09-27T16:04:41.909154+07:00
youtube,ljBvoFeyrFw,https://www.youtube.com/watch?v=ljBvoFeyrFw,Cách sử dụng GG Map Tìm trạm xe buýt  gần chỗ mình nhất đi xe buýt miễn phí tại TPHCM,Cách sử dụng GG Map Tìm trạm xe buýt  gần chỗ mình nhất đi xe buýt miễn phí tại TPHCM,2026-09-12T02:01:27Z,2026-09-12T02:01:27Z,reject,missing_group:electric_bus,1,transport_impact,1,search,tuyến bus điện,,,,,,2026-09-26T21:06:46.354139+07:00
youtube,lo3OA1pHRk4,https://www.youtube.com/watch?v=lo3OA1pHRk4,⚡ Tủ phân phối thanh đồng cái Bus Bar LS 2 lớp cánh  | DITICO,"⚡ Tủ phân phối thanh đồng cái Bus Bar LS 2 lớp cánh  | DITICO
⚡ Tủ phân phối thanh đồng cái Bus Bar LS 2 lớp cánh – Gia công chuẩn công nghiệp, an toàn tuyệt đối | DITICO

Trong các hệ thống điện cho tòa nhà văn phòng, nhà xưởng sản xuất hay trung tâm thương mại, tủ điện phân phối nhánh (DB) đóng vai trò trung chuyển nguồn điện từ tủ tổng MSB đến từng thiết bị tiêu thụ. Việc lựa chọn một giải pháp tủ phân phối sử dụng thanh đồng cái Busbar định hình đồng bộ kết hợp thiết kế vỏ 2 lớp cánh không chỉ đảm bảo độ bền bỉ, khả năng chịu tải cao mà còn nâng độ an toàn lên mức tối đa cho người vận hành.

Video này Tủ Điện DITICO sẽ giới thiệu chi tiết đến các bác cấu hình hoàn thiện sắc nét của dòng Tủ phân phối thanh đồng cái Bus Bar LS 2 lớp cánh cao cấp vừa được gia công hoàn thiện tại xưởng.

---

⚙️ CẤU HÌNH THỰC TẾ VÀ ĐẶC ĐIỂM KỸ THUẬT VƯỢT TRỘI TRÊN IMAGE_F9E673.JPG

Mẫu tủ điện phân phối được đội ngũ kỹ sư DITICO gia công cơ khí chính xác CNC và lắp ráp tỉ mỉ theo tiêu chuẩn công nghiệp như ghi nhận trong ảnh image_f9e673.jpg:

- Vỏ tủ điện 2 lớp cánh an toàn: Thiết kế vỏ tủ sơn tĩnh điện dày dặn. Cánh ngoài có khóa tay quay bảo vệ chống bụi bẩn và tác động môi trường; cánh trong khoét lỗ chính xác lộ mặt thao tác của các Aptomat, cách ly hoàn toàn người vận hành khỏi phần thanh cái đồng mang điện bên trong, triệt tiêu rủi ro phóng điện hay chạm chắp do vô ý.

- Hệ thống thanh đồng cái Busbar LS định hình: Toàn bộ thanh busbar phân phối chính giữa tủ trong ảnh image_f9e673.jpg sử dụng đồng nguyên chất mạ canxi/thiếc chịu dòng lớn. Thanh busbar thiết kế dạng lược xếp tầng khoa học, bọc ống co nhiệt phân màu chuẩn pha (Đỏ - Vàng - Xanh) giúp tối ưu không gian, tản nhiệt tốt và chịu lực điện động cực cao khi xảy ra sự cố ngắn mạch.

- Đồng bộ thiết bị LS chính hãng: Tủ sử dụng Aptomat khối MCCB LS làm aptomat tổng đầu nguồn (phía trên) và giàn Aptomat tép MCB LS dạng mô-đun xếp đối xứng 2 bên rất cân đối, giúp phân chia đường tải đi từng tầng, từng phòng hoặc từng cụm máy móc mượt mà.

- Thanh tiếp địa PE và trung tính N độc lập: Phía dưới đáy tủ trên ảnh image_f9e673.jpg bố trí thanh trung tính N và thanh tiếp địa PE bằng đồng tấm dày dặn, đột lỗ sẵn sàng cho việc đấu nối cáp nguồn ra phụ tải nhanh chóng và an toàn.

- Máng nhựa kỹ thuật & Đèn LED chiếu sáng: Máng dây đi chìm gọn gàng hai bên hông tủ, phía trên tích hợp thêm đèn LED tự động chiếu sáng khoang tủ khi mở cánh, cực kỳ tiện lợi cho kỹ sư kiểm tra, bảo trì vào ban đêm hoặc trong không gian thiếu sáng.

---
D6T7.28
26.7.31

🏢 CÔNG TY TNHH THƯƠNG MẠI VÀ SẢN XUẤT DITICO
- Mã số thuế: 0110093751
- Văn phòng: A10 Nam Trung Yên, Cầu Giấy, Hà Nội
- Xưởng sản xuất: Thôn Đồng Bụt, Xã Kiều Phú, Quốc Oai, Hà Nội
- Hotline / Zalo: 0988.9969.14

---

🏷️ TAGS SEO:
#DITICO #TủPhânPhối #ThanhĐồngCái #BusbarLS #Tủ2LớpCánh #TủĐiệnDB #MCCBLS #MCBLS #ThiếtKếTủĐiện #GiaCôngTủĐiện #TủĐiệnDITICO

---
💡 Tủ Điện DITICO chuyên khảo sát, tính toán thông số phụ tải và gia công sản xuất trọn gói các dòng tủ điện phân phối tổng MSB, tủ phân phối nhánh DB, tủ ATS, tủ tụ bù tự động sử dụng thiết bị chính hãng LS, Schneider, ABB, Chint... theo yêu cầu riêng của từng công trình trên toàn quốc. Các bác chủ đầu tư, anh em thầu thợ cơ điện cần phương án kỹ thuật an toàn và báo giá xưởng tối ưu nhất, hãy liên hệ ngay Hotline hoặc Zalo của DITICO để được hỗ trợ nhanh nhất!

Hãy nhấn LIKE, CHIA SẺ và ĐĂNG KÝ KÊNH để cập nhật thêm nhiều video chia sẻ giải pháp thi công tủ điện thực tế tiếp theo từ Tủ Điện DITICO!",2026-09-14T11:11:05Z,2026-09-14T11:11:05Z,reject,missing_group:electric_bus,1,"transport_impact,hanoi_location",1,search,bus điện,,,,,,2026-09-26T20:54:15.567458+07:00
youtube,lriJHa8swN4,https://www.youtube.com/watch?v=lriJHa8swN4,Xe Điện 10.000 USD Từ Trung Quốc Gây Chấn Động Toàn Ngành,"Xe Điện 10.000 USD Từ Trung Quốc Gây Chấn Động Toàn Ngành
Xe Điện 10.000 USD Từ Trung Quốc Gây Chấn Động Toàn Ngành

Trung Quốc đang tiếp tục khuấy động thị trường với những mẫu xe điện có mức giá chỉ khoảng 10.000 USD, đưa EV ngày càng gần hơn với nhóm khách hàng phổ thông. Nhờ lợi thế chuỗi cung ứng pin, quy mô sản xuất lớn và cạnh tranh mạnh giữa các hãng nội địa, phân khúc xe điện giá rẻ đang phát triển nhanh chóng. Video sẽ phân tích công nghệ, phạm vi di chuyển, trang bị, chi phí sản xuất và lý do những chiếc EV 10.000 USD có thể tạo thêm sức ép lên ngành ô tô toàn cầu.

#hanhtrangstory #xedien #byd
Đừng quên like, share và đăng ký kênh để không bỏ lỡ những video mới nhất của kênh. Hành Trang Story.

Copyright Disclaimer
- Chúng tôi không sở hữu hoàn toàn những tư liệu được tổng hợp trong video này. Nó thuộc về những cá nhân hay tổ chức đáng được tôn trọng. 
Chúng tôi sử dụng theo: Tuyên bố từ chối trách nhiệm bản quyền mục 107 của Đạo luật bản quyền năm 1976. Được phép ""sử dụng hợp lý"" cho các mục đích như phê bình, bình luận, báo cáo tin tức, giảng dạy, học bổng và nghiên cứu.
- We do not own the rights to these video clips. They have, in accordance with fair use, been repurposed with the intent of educating and inspiring others. However, if any content owners would like their images removed, please contact us by. Hanh Trang Story.",2026-09-24T11:00:24Z,2026-09-24T11:00:24Z,reject,missing_group:electric_bus,1,transport_impact,0,search,bus dien,,,,,,2026-09-26T20:54:26.487134+07:00
youtube,m-HxUxuGsF8,https://www.youtube.com/watch?v=m-HxUxuGsF8,बीकानेर में ई बस के लिए एप्लीकेशन लॉन्च #ebusbookingapp #ebus #bikaner #bikanerebus #electricbuses,बीकानेर में ई बस के लिए एप्लीकेशन लॉन्च #ebusbookingapp #ebus #bikaner #bikanerebus #electricbuses,2026-09-25T17:12:04Z,2026-09-25T17:12:04Z,reject,not_vietnam,1,electric_bus,0,search,ebus,,,,,,2026-09-26T20:59:34.648022+07:00
youtube,m1CCbQmsYS0,https://www.youtube.com/watch?v=m1CCbQmsYS0,Xe buýt 104 TP. Hồ Chí Minh: Khí gas CNG (cũ) và Điện (Mới). Sau hơn 1 năm chuyển đổi.,Xe buýt 104 TP. Hồ Chí Minh: Khí gas CNG (cũ) và Điện (Mới). Sau hơn 1 năm chuyển đổi.,2026-09-13T10:05:18Z,2026-09-13T10:05:18Z,reject,missing_group:electric_bus,1,transport_impact,1,search,xe buýt dien,,,,,,2026-09-26T20:54:04.981589+07:00
youtube,m2oWS2ZN8VU,https://www.youtube.com/watch?v=m2oWS2ZN8VU,tại Bến xe Điện Biên,tại Bến xe Điện Biên,2026-09-17T12:37:01Z,2026-09-17T12:37:01Z,reject,missing_group:electric_bus,1,transport_impact,0,search,buýt điện,,,,,,2026-09-26T20:54:36.747635+07:00
youtube,m6fjM-2kDJw,https://www.youtube.com/watch?v=m6fjM-2kDJw,"$870,000 Redding electric bus headed for surplus after 500 days out of service","$870,000 Redding electric bus headed for surplus after 500 days out of service
READ MORE: https://krcrtv.com/news/local/870000-redding-electric-bus-headed-for-surplus-after-500-days-out-of-service

RABA says the Proterra bus, purchased in 2018 and put into service in 2020, suffered repeated malfunctions and became increasingly difficult to repair after the manufacturer filed for bankruptcy. The bus was expected to have a minimum 12-year useful life, but federal officials approved RABA’s request to dispose of it after about six years in service.

#redding #electricbuses #publictransit shastacounty #northstate
-------------------------------------

Stay up to date with our social media: 

Facebook: https://www.facebook.com/KRCR7
Twitter: https://twitter.com/KRCR7
Instagram: https://www.instagram.com/krcrnews/
Subscribe: https://www.youtube.com/@krcrnewschannel7 

KRCR is a Redding-based station and a KCVU/KAEF affiliate owned and operated by Sinclair Broadcast Group. Sinclair Broadcast Group is one of the largest and most diversified broadcasting companies in the country today. Sinclair owns and operates, programs or provides sales services to 163 television stations in 77 markets, after pending transactions. Sinclair’s television group reaches approximately 38.7% of US television households and includes FOX, ABC, MyTV, CW, CBS, NBC, Univision, and Azteca affiliates.",2026-09-25T19:00:38Z,2026-09-25T19:00:38Z,reject,not_vietnam,1,"transport_impact,electric_bus",0,search,electric bus,,,,,0,2026-09-26T20:56:40.699542+07:00
youtube,mHTr5xqVrqc,https://www.youtube.com/watch?v=mHTr5xqVrqc,Tôi bất ngờ khi thấy nhiều trạm sạc điện công cộng tại Viêng Chăn #SacVaDi #EVRoadtrip #XeDien #Lao,"Tôi bất ngờ khi thấy nhiều trạm sạc điện công cộng tại Viêng Chăn #SacVaDi #EVRoadtrip #XeDien #Lao
Không phải review showroom. Không cố chứng minh EV tốt hay xấu. Chúng tôi đi thật, gặp gì ghi lại đó và để trải nghiệm cùng dữ liệu thực tế kể câu chuyện.

🚙⚡ SẠC & ĐI – EV ROADTRIP

Dừng sạc là để đi – Đâu cũng là nhà.",2026-09-12T11:11:12Z,2026-09-12T11:11:12Z,reject,missing_group:electric_bus,1,transport_impact,0,search,xe điện công cộng,,,,,,2026-09-26T21:05:52.286567+07:00
youtube,mLIoqjzTtaQ,https://www.youtube.com/watch?v=mLIoqjzTtaQ,Thu Xăng Đổi Điện- ưu đãi lên đến 9%. Giá xe VinFast mới nhất #báogiáxe #automobile #review,Thu Xăng Đổi Điện- ưu đãi lên đến 9%. Giá xe VinFast mới nhất #báogiáxe #automobile #review,2026-09-26T03:02:07Z,2026-09-26T03:02:07Z,reject,missing_group:electric_bus,1,,0,search,review bus điện,,,,,,2026-09-26T21:08:04.201871+07:00
youtube,mQcuY73dAK4,https://www.youtube.com/watch?v=mQcuY73dAK4,Trải nghiệm xe buýt buổi sáng đi làm,Trải nghiệm xe buýt buổi sáng đi làm,2026-08-08T02:59:04Z,2026-08-08T02:59:04Z,reject,missing_group:electric_bus,1,transport_impact,0,search,trải nghiệm xe buýt điện,,,,,,2026-09-26T21:08:21.197865+07:00
youtube,mRj2MtsT7cA,https://www.youtube.com/watch?v=mRj2MtsT7cA,tổng hợp xe khách tai nạn và xe điện,tổng hợp xe khách tai nạn và xe điện,2026-09-12T14:12:24Z,2026-09-12T14:12:24Z,reject,missing_group:electric_bus,1,transport_impact,0,search,xe buýt điện,,,,,,2026-09-26T20:51:00.860694+07:00
youtube,mYlx9-vqScs,https://www.youtube.com/watch?v=mYlx9-vqScs,Trải Nghiệm Xe Khách Giường Đôi Với Vợ Ra Đảo Bình Hưng và cái kết... bất ngờ!,"Trải Nghiệm Xe Khách Giường Đôi Với Vợ Ra Đảo Bình Hưng và cái kết... bất ngờ!
#kiemchung #tioi #xekháchgiườngnằm 
Trải Nghiệm Xe Khách Giường Đôi Với Vợ Ra Đảo Bình Hưng và cái kết... bất ngờ!
🚀 ĐỪNG QUÊN KẾT NỐI VỚI TI ƠI TẠI ĐÂY:
👉 ĐĂNG KÝ KÊNH (Subscribe): https://www.youtube.com/@tioiyoutube
(Nhấn chuông 🔔 để nhận thông báo sớm nhất mỗi khi Ti ra video mới nha!)

🔵 FACEBOOK CÁ NHÂN: https://www.facebook.com/ti.nguyen.289338
📸 TIKTOK: Ti Parody
📩 LIÊN HỆ CÔNG VIỆC: tinguyen0101@gmail.com

💬 TƯƠNG TÁC CÙNG TI:
Ti rất muốn biết ý kiến của các bạn về video này!
Bạn thấy Xe Khách Giường Đôi như thế nào?
Bạn muốn Ti thực hiện thử thách hay gọi điện cho ai trong tập tiếp theo?
👉 Hãy để lại COMMENT ngay bên dưới nhé! Ti sẽ đọc và thả tim cho những bình luận thú vị nhất của các bạn đó!",2026-08-09T11:00:06Z,2026-08-09T11:00:06Z,reject,missing_group:electric_bus,1,,0,search,trải nghiệm xe buýt điện,,,,,,2026-09-26T21:08:17.968168+07:00
youtube,md_Ug4oY1-s,https://www.youtube.com/watch?v=md_Ug4oY1-s,Tuyến 09A trên xe buýt điện Vinfast EB8 29E-559.46,Tuyến 09A trên xe buýt điện Vinfast EB8 29E-559.46,2026-08-12T07:20:02Z,2026-08-12T07:20:02Z,accept,electric_bus,1,"transport_impact,electric_bus",0,search,điểm dừng xe buýt điện,,,,,,2026-09-26T21:07:43.649163+07:00
youtube,mhG010yVdp8,https://www.youtube.com/watch?v=mhG010yVdp8,Du lịch tàu điện trên cao Nhổn - Cầu Giấy,Du lịch tàu điện trên cao Nhổn - Cầu Giấy,2026-09-13T10:22:32Z,2026-09-13T10:22:32Z,reject,missing_group:electric_bus,1,hanoi_location,0,search,xe điện công cộng,,,,,,2026-09-26T21:05:52.282266+07:00
youtube,mqLSNcfKJck,https://www.youtube.com/watch?v=mqLSNcfKJck,Red Big Electric Bus Vs Ramp | #shorts #gaming #beamngdrive #ramp #bus,"Red Big Electric Bus Vs Ramp | #shorts #gaming #beamngdrive #ramp #bus
Red Big Electric Bus Vs Ramp | #shorts #gaming #beamngdrive #ramp #bus 



Disclaimer:
This video contains original gameplay recorded by me. Music used in this Short is provided by YouTube. All game rights belong to their respective owners. For entertainment purposes only.

#beamngdrive
#beamng
#shorts
#youtubeshorts
#gaming
#cargame
#carjump
#supercar
#sleepercar
#carvscar
#carcrash
#carstunt
#physics
#gamingshorts
#viral
#beamngdriveshorts
#beamngdrivegame
#beamngphysics
#beamngcrash
#beamngmods
#carjumpchallenge
#supercarvs
#sleeperbuild
#fastcars
#cargaming
#drivinggame
#carlover
#gamingreels
#reelsgaming
#trendingshorts
#bngfrag",2026-09-26T05:30:36Z,2026-09-26T05:30:36Z,reject,not_vietnam,1,"transport_impact,electric_bus",0,search,electric bus,,,,,0,2026-09-26T20:55:44.695814+07:00
youtube,mvyxVT6OENQ,https://www.youtube.com/watch?v=mvyxVT6OENQ,Giá xe VinFast mới nhất. Thu Xăng Đổi Điện giảm lên đến 9% #báogiáxe #automobile #review,Giá xe VinFast mới nhất. Thu Xăng Đổi Điện giảm lên đến 9% #báogiáxe #automobile #review,2026-09-22T01:51:37Z,2026-09-22T01:51:37Z,reject,missing_group:electric_bus,1,,0,search,review bus điện,,,,,,2026-09-26T21:08:04.413197+07:00
youtube,n1olMf6YFYI,https://www.youtube.com/watch?v=n1olMf6YFYI,Người dân nói gì về Bến xe buýt Quận 8 sau khi khoác lên diện mạo mới?,"Người dân nói gì về Bến xe buýt Quận 8 sau khi khoác lên diện mạo mới?
#buyt #gobus #buyttphcm

© Bản quyền (License) thuộc về Trung tâm Quản lý Giao thông công cộng TPHCM
© Copyright by Trung tâm QLGTCC TPHCM ☞ Do not Reup
© ️Đối với các vấn đề bản quyền, vui lòng gửi Mail cho tôi theo địa chỉ: buytthanhpho@gmail.com",2026-09-18T04:23:31Z,2026-09-18T04:23:31Z,reject,missing_group:electric_bus,1,transport_impact,1,search,xe buýt dien,,,,,,2026-09-26T20:54:04.933341+07:00
youtube,n6NAsGG-hDI,https://www.youtube.com/watch?v=n6NAsGG-hDI,#green electric bus#electric bus#greenscreen #shortsfeed #youtube #shortsfeed #edit,#green electric bus#electric bus#greenscreen #shortsfeed #youtube #shortsfeed #edit,2026-09-26T06:27:51Z,2026-09-26T06:27:51Z,reject,not_vietnam,1,"transport_impact,electric_bus",0,search,electric bus,,,,,,2026-09-26T20:55:34.731584+07:00
youtube,n77vrHCYTek,https://www.youtube.com/watch?v=n77vrHCYTek,Chia sẻ về xe máy điện Vinfast Feliz II sau hơn 3 tháng sử dụng,"Chia sẻ về xe máy điện Vinfast Feliz II sau hơn 3 tháng sử dụng
Nói chung sau khoảng 3000km sử dụng thì chiếc xe Vinfast này khiến mình khá là hài lòng mặc dù vẫn còn 1 số điểm hạn chế nhưng với mức giá hơn 20tr thì cũng chấp nhận được. Không nên đòi hỏi quá nhiều ở 1 chiếc xe rẻ như vậy ae ạ!

Mua xe máy điện Vinfast giá cực tốt tại đây: https://s.shopee.vn/8KpgXiMnUL
---------------------------------
Chào mừng mọi người đến với kênh YouTube của HOÀI TRẦN OFFICIAL
Hãy  bấm thích và nhớ đăng ký kênh YouTube của mình nhé✌
BẤM CHUÔNG để không bỏ lỡ bất kì video nào nhé ✌ 
Chia sẻ video đến cho nhiều người cùng xem nhé bạn ơi ✌.
Chúc mọi người xem video vui vẻ!
Liên hệ công việc:
Zalo 0346138772
Mail: hoaitran7694@gmail.com",2026-09-21T06:32:05Z,2026-09-21T06:32:05Z,reject,missing_group:electric_bus,1,transport_impact,0,search,review bus điện,,,,,,2026-09-26T21:08:04.281429+07:00
youtube,n7ywubUMtKI,https://www.youtube.com/watch?v=n7ywubUMtKI,No EBUS? Back to the classics: #TBNA according to Wang’s anatomical description. #bronchoscopy ,"No EBUS? Back to the classics: #TBNA according to Wang’s anatomical description. #bronchoscopy 
No EBUS? Back to the classics: #TBNA according to Wang’s anatomical description. #bronchoscopy #interventionalpulmonology #lungcancer #HURH

A falta de EBUS,  buenos son los clásicos, TBNA según descripción anatómica de Wang. Sedación + Oxigenoterapia. Scope 6.0/3.0mm. Biopsia bronquial LSI y TBNA de estación ganglionar 7 (~W8)con aguja de aspiración 21G medi-goble.

Bibliography: Flexible Bronchoscopy Ko- Pen Wang / Atul C. Metha / Turner JR. and references",2026-09-26T12:17:56Z,2026-09-26T12:17:56Z,reject,not_vietnam,1,electric_bus,0,search,ebus,,,,,,2026-09-26T20:59:11.503331+07:00
youtube,nNprboBJME8,https://www.youtube.com/watch?v=nNprboBJME8,"Ổ Cắm Tự Cuộn Dây: Sạc Xe Điện Cực Gọn, Chịu Tải 2500W?","Ổ Cắm Tự Cuộn Dây: Sạc Xe Điện Cực Gọn, Chịu Tải 2500W?
Nếu bạn đang tìm giải pháp giúp nhà cửa gọn gàng, dẹp bỏ nỗi ám ảnh dây điện kéo lê luộm thuộm khi sạc xe điện hay cắm đồ gia dụng, thì ổ cắm rút dây thông minh chính là câu trả lời hoàn hảo nhất. Đây là thiết bị kéo dài chống rối dây tiện lợi, vừa tối ưu không gian sống vừa đảm bảo an toàn tuyệt đối khi sử dụng hàng ngày!

👉 BẤM VÀO SẢN PHẨM HIỂN THỊ TRÊN MÀN HÌNH (GÓC DƯỚI VIDEO) ĐỂ XEM CHI TIẾT VÀ ĐẶT HÀNG! 👉 Nếu chưa có nhu cầu mua ngay, bạn đừng quên bấm Like video và Click vào sản phẩm để ủng hộ kênh Mua Sắm Thông Minh nhé!

📌 ĐÁNH GIÁ CHI TIẾT TRONG VIDEO:

Kiểm tra thực tế độ mượt khi kéo rút và tự cuộn dây.
Mổ xẻ ruột bên trong: Xem trực tiếp kích thước lõi đồng và khả năng chịu tải 2500W (10A).
Trải nghiệm thực tế khi sạc xe máy điện ngoài sân: Siêu gọn gàng, không còn cảnh dây nhợ vướng víu.
Giới thiệu giải pháp kết hợp ổ cắm thông minh hẹn giờ tự ngắt khi sạc đầy xe/điện thoại qua đêm.

⏱️ MỐC THỜI GIAN CHI TIẾT: 

00:00 - Trải nghiệm kéo rút và cơ chế cuộn dây 

00:51 - Mổ xẻ bên trong, kiểm tra lõi đồng & công suất 2500W 

01:46 - Cắm điện thử nghiệm, đèn báo & khoang lắp công tắc thông minh 

02:25 - Lựa chọn chiều dài dây (5m, 8m, 10m) & tính tiện ích 

02:44 - Mẹo kết hợp ổ cắm thông minh tự ngắt, hẹn giờ sạc 

03:56 - Test độ dài thực tế và thao tác cuộn dây 

04:49 - Hướng dẫn lắp đặt cố định ngoài hiên chuyên sạc xe điện 

05:32 - Thử nghiệm thực tế cắm sạc xe máy điện ngoài sân 

06:03 - Lưu ý quan trọng khi cố định và thu gọn dây an toàn

#MuaSamThongMinh #OCamRutDay #OCamTuCuon #SacXeDien #GiaiPhapGonNha #DoGiaDungThongMinh #MeoNhaDep",2026-09-24T11:30:05Z,2026-09-24T11:30:05Z,reject,missing_group:electric_bus,1,transport_impact,0,search,bus dien,,,,,,2026-09-26T20:54:26.482193+07:00
youtube,nO2SmhYzytw,https://www.youtube.com/watch?v=nO2SmhYzytw,Tuyến xe buýt 104 kimlong new B60 EV,Tuyến xe buýt 104 kimlong new B60 EV,2026-08-29T06:37:11Z,2026-08-29T06:37:11Z,reject,missing_group:electric_bus,1,transport_impact,0,search,điểm dừng xe buýt điện,,,,,,2026-09-26T21:07:33.803695+07:00
youtube,nPlJXl5jOyE,https://www.youtube.com/watch?v=nPlJXl5jOyE,Gia công thanh cái bus bar hệ thanh dẫn cho ATS Osung 800A nối ra dây cáp - Tủ điện DITICO,"Gia công thanh cái bus bar hệ thanh dẫn cho ATS Osung 800A nối ra dây cáp - Tủ điện DITICO
gia công THANH ĐỒNG CÁI Busbar cho ATS OSUNG 800A – Uốn bẻ 90 ĐỘ bằng MÁY CHẤN THỦY LỰC | DITICO

Trong thi công tủ chuyển nguồn tự động công suất lớn, các cực kết nối của bộ ATS Osung 800A thường nằm sâu và có khoảng không gian bắt dây khá hẹp. Nếu đưa trực tiếp các đường cáp to cỡ lớn (như cáp đồng 240mm2) vào đấu nối sẽ cực kỳ khó khăn, dễ làm cong vênh cực máy và tiềm ẩn rủi ro chập cháy nếu các pha bị chồng chéo lên nhau. Giải pháp tối ưu bắt buộc là phải gia công hệ thống cờ thanh cái đồng (Busbar) bản dày 8mm – 10mm, uốn bẻ vuông góc 90 độ và phân tầng cực nối để chia không gian đón cáp thông thoáng.

Video này Tủ Điện DITICO sẽ chia sẻ chi tiết kinh nghiệm thiết kế vỏ tủ mở vách lưng, quy trình căn chỉnh và thao tác uốn chấn thanh đồng cái Busbar bản dày bằng máy chấn thủy lực chạy bơm điện công suất lớn.

---

⏱️ NỘI DUNG VÀ CÁC MỐC THỜI GIAN TRONG VIDEO (TIMESTAMPS):

- [00:00:01] Giới thiệu bộ ATS Osung 800A và quy trình gá lắp thanh đồng ngoài tủ
- [00:00:25] Kích thước vỏ tủ 1300x800x800mm tháo mở vách lưng tiện đấu cáp
- [00:01:06] Giải pháp uốn thanh đồng bản 50x8-10mm bẻ góc 90 độ bắt đầu cốt SC 240
- [00:01:35] Lợi ích của việc đột lỗ sẵn tại xưởng, tránh khoan thủ công ở hiện trường
- [00:02:18] Kỹ thuật phân tầng thanh đồng: quay cực trên lên trên, bản dưới chúc xuống
- [00:02:47] Quy trình đột lỗ trước khi đưa vào máy uốn (chấn) thủy lực
- [00:03:13] Căn chỉnh tâm chấn và vận hành máy uốn thủy lực dùng bơm điện công suất lớn
- [00:04:09] Hoàn thiện thanh đồng Busbar đầu ra tải chuẩn xác, sẵn sàng lắp tủ

---

⚙️ KỸ THUẬT GIA CÔNG VÀ GIẢI PHÁP LẮP ĐẶT ATS 800A TẠI DITICO

- Thiết kế vỏ tủ mở vách hông và vách lưng: Vỏ tủ điện kích thước lớn 1300x800x800mm được DITICO thiết kế tháo rời được toàn bộ tấm sườn và lưng. Khi lắp đặt tại công trình, thợ cơ điện chỉ cần mở vách lưng là có thể đứng thao tác luồn cáp, ép cốt và siết bu-lông thanh cái cực kỳ thuận tiện và nhanh chóng.

- Sử dụng thanh đồng bản rộng 50mm, dày 8mm – 10mm: Cực chờ của nhà sản xuất ATS chỉ rộng 45mm, DITICO nâng cấp sử dụng thanh đồng đỏ nguyên chất bản 50mm dày dặn để tối ưu hóa khả năng tản nhiệt, dẫn dòng cực mát từ 800A đến 1000A và vừa vặn cho các đầu cốt SC 240 bản to.

- Phân tầng đón cáp thông minh – Triệt tiêu nguy cơ chạm chập:
  + Cực nguồn phía trên được uốn cờ vểnh ngược lên trên để đón cáp nguồn đi từ nóc tủ xuống.
  + Cực nguồn và đầu ra phía dưới được uốn chúc vuông góc 90 độ xuống dưới để đón cáp từ đáy tủ lên.
  + Việc phân tách hai hướng đón cáp độc lập giúp triệt tiêu hoàn toàn tình trạng 3 sợi cáp to đè chồng lên nhau, đảm bảo khoảng cách an toàn phóng điện giữa các pha.

- Đột lỗ sẵn 100% tại xưởng bằng máy chuyên dụng: Toàn bộ lỗ bắt bu-lông phi 14 được đột định vị chính xác trước khi uốn. Việc này giúp loại bỏ rủi ro mang phôi ra công trường mới khoan (vì đồng đỏ rất dày và dẻo, khoan tay sẽ bị trượt tâm lỗ, sinh nhiệt gây oxy hóa bề mặt và làm giảm khả năng dẫn điện).

- Uốn chấn góc 90 độ bằng máy thủy lực chạy điện: Sử dụng máy chấn thủy lực chuyên dụng kết hợp bộ nguồn bơm điện cao áp. Góc chấn vuông vức, bề mặt đồng không bị rạn nứt hay móp méo, giữ trọn vẹn tiết diện dẫn điện của thanh cái.

---

🏢 CÔNG TY TNHH THƯƠNG MẠI VÀ SẢN XUẤT DITICO
- MST : 0110093751
- VP : A10 Nam Trung Yên Cầu Giấy HN
- Xưởng sx : Thôn Đồng Bụt, Xã Kiều Phú, Thành phố Hà Nội, Việt Nam
- Hotline : 0988.9969.14

---
D4T9.19
24.9.28

🏷️ TAGS SEO:
#DITICO #GiaCôngThanhĐồng #ThanhCáiBusbar #ATSOsung800A #MáyChấnThủyLực #UốnThanhĐồng #GiaCôngCơKhíTủĐiện #ĐầuCốtSC240 #TủATS800A #TủĐiệnDITICO #ThiếtKếTủĐiện

---
💡 Tủ Điện DITICO chuyên nhận gia công thanh cái đồng Busbar theo bản vẽ kỹ thuật (cắt, đột lỗ tròn/ovan, uốn bẻ góc CNC) và lắp ráp hoàn thiện trọn gói các dòng tủ chuyển nguồn ATS từ 100A đến 3200A, tủ phân phối tổng MSB, tủ tụ bù cho các trạm biến áp, tòa nhà và nhà xưởng công nghiệp trên toàn quốc. Các đơn vị thi công cơ điện cần đặt gia công thanh cái đồng chuẩn kích thước hoặc lấy tủ trọn bộ giá xưởng tốt nhất, hãy liên hệ ngay Hotline hoặc Zalo của DITICO nhé!

Xem chi tiết video tại: https://www.youtube.com/watch?v=Jo65Fcqqyyc
Hãy nhấn LIKE, CHIA SẺ và ĐĂNG KÝ KÊNH để theo dõi thêm nhiều video chia sẻ kinh nghiệm gia công cơ điện thực tế tiếp theo từ Tủ Điện DITICO!",2026-09-16T13:00:30Z,2026-09-16T13:00:30Z,reject,missing_group:electric_bus,1,"transport_impact,hanoi_location",0,search,bus điện,,,,,,2026-09-26T20:54:15.523698+07:00
youtube,n_60qRicdGY,https://www.youtube.com/watch?v=n_60qRicdGY,XE BUÝT 33 VINBUS TPHCM:BXB KHU A ĐHQG TPHCM🔁BX AN SƯƠNG #shorts,XE BUÝT 33 VINBUS TPHCM:BXB KHU A ĐHQG TPHCM🔁BX AN SƯƠNG #shorts,2026-08-17T00:35:06Z,2026-08-17T00:35:06Z,accept,electric_bus,1,"transport_impact,electric_bus",1,search,VinBus,,,,,,2026-09-26T21:04:37.635670+07:00
youtube,n_cDJhP53UQ,https://www.youtube.com/watch?v=n_cDJhP53UQ,Cập nhật và báo giá pin xe điện cao cấp giá bình dân | xe điện thiên phát,"Cập nhật và báo giá pin xe điện cao cấp giá bình dân | xe điện thiên phát
#xedienthienphat 
Cập nhật và báo giá pin xe điện cao cấp giá bình dân
Chào mừng các bạn đến với Xe Điện Thiên Phát
-Kênh của mình chuvên mua bán xe điện cũ và mới
- Cung cấp giải pháp nâng cấp xe điện 
-Review hướng dẫn dạy nghề,chế,độ, sửa
chữa tất cả các dòng xe đạp điên,xe máy điện có mặt trên thị trường
- Đóng pin xe điện các loại
-Cung cấp đồ nghề thiết bị ngành sửa chữa
xe điện
-Cung cấp phụ tùng xe điện các loại
-Với phương châm khách hàng là trọng
tâm,chúng tôi muốn tạo ra nhiều sản phẩm xe
điện tốt nhất để phục vụ quyền lợi,lợi ích của khách hàng.Với nhiều năm kinh nghiệm(từ 2016)mua bán sửa chữa các loai xe điên cũ và mới.Chúng tôi tự tin sẽ đem đến sự hài lòng cho quý khách.
-Mọi chi tiết liên hệ Zalo 093 550 9229 
Fb : Xe điện thiên phát
Fan fage : Pin Ev Thiên phát Vn
Đc cầu chợ Dinh Tp Huế
- Mọi người hãy đăng ký kênh để mua được xe điện giá rẻ và học nghề xe điện miễn phí cũng như lạn tỏa các video dạy nghề tới nhiều người hơn nhé,xin cảm ơn ạ!",2026-09-25T12:20:22Z,2026-09-25T12:20:22Z,reject,missing_group:electric_bus,1,transport_impact,1,search,review bus điện,,,,,,2026-09-27T16:02:46.289266+07:00
youtube,nag6bYV9XgE,https://www.youtube.com/watch?v=nag6bYV9XgE,TẠI SAO NGƯỜI Ý VÀ ĐÔNG ÂU QUYẾT ĐỐI ĐẦU XE ĐIỆN ĐẾN CÙNG? SỰ THẬT TÉ NGỬA VỀ GIẤC MƠ XANH,"TẠI SAO NGƯỜI Ý VÀ ĐÔNG ÂU QUYẾT ĐỐI ĐẦU XE ĐIỆN ĐẾN CÙNG? SỰ THẬT TÉ NGỬA VỀ GIẤC MƠ XANH
Tham gia làm hội viên của kênh này để được hưởng đặc quyền:
https://www.youtube.com/channel/UCQtQjjjUJfcACfyG6DK3nFg/join
Nếu để lên mạng giải trí, tại sao bạn không vừa giải trí vừa mở rộng thêm hiểu biết!
Ai cũng nghĩ toàn bộ châu Âu đều phát cuồng vì xe điện và sẵn sàng khai tử xe xăng dầu vào năm 2035. Thế nhưng, sự thật trần trụi tại Ý và toàn bộ khối Đông Âu lại đang giáng một đòn đau điếng vào tham vọng xanh của lục địa này khi thị phần xe điện lẹt đẹt chỉ 3%. Liệu đây là cuộc khủng hoảng kinh tế, sự bảo thủ của người tiêu dùng hay một cái bẫy hạ tầng mà truyền thông chưa bao giờ dám kể hết cho bạn? Video này sẽ bóc trần toàn bộ sự thật đằng sau!
#dechexedien #xedienchauau #nghichlyxedien #kinhtechauau #xexang",2026-09-25T11:00:36Z,2026-09-25T11:00:36Z,reject,missing_group:electric_bus,1,transport_impact,0,search,bus dien,,,,,,2026-09-26T20:54:26.361891+07:00
youtube,natSUDiM73A,https://www.youtube.com/watch?v=natSUDiM73A,"Đường xa đến mấy, X-bike vẫn miễn phí ship dòng xe trợ lực điện","Đường xa đến mấy, X-bike vẫn miễn phí ship dòng xe trợ lực điện
“Cảm ơn chị gái ❤️ vạn niềm tin,
X-bike gửi trọn món quà tình.
Xế trợ lực điện đồng hành mãi,
Hà Nội phố xinh, thắm nẻo trình”
--------------------------------
🔴Xe đạp trợ lực điện bản pin 15Ah
✨ Mẫu độc quyền tại X-Bike
👉🏻Chuẩn pháp lý cho học sinh cấp 2
🔋 Pin dung lượng lớn, đi lại tiện lợi
📦 Có thể gấp gọn, dễ dàng để cốp ô tô hoặc mang lên xe bus

👉🏻XEM XE TRỰC TIẾP TẠI X-BIKE
🏦Cơ sở 1: Ngã tư chợ Phố, Thái Thuỵ, Thái Bình( cạnh trường THPT Thái Phúc)
🏦 Cơ sở 2: 596 Ngô Gia Tự ,Hải An, Hải Phòng
🏦Cơ sở 3: 105 Lê Lợi, Đông Kinh, Tp. Lạng Sơn
-------------------------------
🚩Lưu ý: Chỉ cọc tiền sau khi gọi video xem xe và chốt màu.
📲SĐT: 0983.660.990 - 0975.715.411
☎️Hotline: 0866.941.535 - 0934.268.797
💻Website: xedienxbike.vn
-------------------------------
#xedaptrolucdien #xedienxbike #xbikechopho #xbikethaibinh",2026-09-23T09:54:48Z,2026-09-23T09:54:48Z,reject,missing_group:electric_bus,1,"transport_impact,hanoi_location",1,search,tuyến bus điện,,,,,,2026-09-26T21:06:46.320652+07:00
youtube,nhOkTAmvTjk,https://www.youtube.com/watch?v=nhOkTAmvTjk,2026 Gillig Electric Sun Tran Bus #4031,2026 Gillig Electric Sun Tran Bus #4031,2026-09-26T00:27:50Z,2026-09-26T00:27:50Z,reject,missing_group:electric_bus,1,transport_impact,0,search,electric bus,,,,,,2026-09-26T20:56:17.602642+07:00
youtube,nhiiDmPVfxk,https://www.youtube.com/watch?v=nhiiDmPVfxk,Electric Golden Dragon XML6125CLE ebus of Metropoline on Route 24 in Ramat HaSharon,"Electric Golden Dragon XML6125CLE ebus of Metropoline on Route 24 in Ramat HaSharon
24.09.2026, 07:31 (גרסת סרטון רגיל (Long-form version): https://youtu.be/DLStg0UVWQ8 ).

גולדן דרגון XML6125CLE חשמלי של מטרופולין מבצע קו 24 (ממסוף כרמלית תל אביב למסוף קדמה רמת השרון) ברח' בית הלל (on Beit Hillel st.)/בר יוחאי רמת השרון.

555-75-704; https://x.com/yoramkraus/status/2102974297635459330",2026-09-26T10:20:02Z,2026-09-26T10:20:02Z,reject,not_vietnam,1,"transport_impact,electric_bus",0,search,ebus,,,,,,2026-09-26T20:59:14.790298+07:00
youtube,nrMVFQEHnVA,https://www.youtube.com/watch?v=nrMVFQEHnVA,REVIEW GEELY EX5 XE ĐIỆN 500 KM GIÁ TỪ 800 TRIỆU,"REVIEW GEELY EX5 XE ĐIỆN 500 KM GIÁ TỪ 800 TRIỆU
⬇️ SẢN PHẨM TRONG VIDEO ⬇️
--------------------------------
👉 Xe điện Geely EX5
🛒 Link mua: https://s.shopee.vn/8Kp5jaB9n2
--------------------------------
Geely EX5 gây ấn tượng với khoang nội thất hiện đại và màn hình trung tâm kích thước lớn.
Xe sử dụng giao diện Flyme Auto với khả năng vận hành mượt mà và nhiều tính năng thông minh.
Hệ thống âm thanh chất lượng cao mang đến trải nghiệm giải trí đáng chú ý.
Thiết kế vô lăng, màn hình hiển thị thông số và các chi tiết nội thất được hoàn thiện chỉn chu.
Xe có nhiều tiện nghi cao cấp cùng tính năng chuyển âm thanh cuộc gọi sang khu vực riêng tư.
Tầm vận hành lý thuyết khoảng 500 km đáp ứng tốt nhu cầu di chuyển hằng ngày.
Với mức giá từ khoảng 800 triệu đồng, Geely EX5 là lựa chọn đáng cân nhắc trong phân khúc xe điện.
Đây là mẫu xe phù hợp với người dùng yêu thích công nghệ và không ngại trải nghiệm xe điện Trung Quốc.
#GEELYEX5 #XEĐIỆN #ÔTÔĐIỆN #REVIEWXE",2026-09-26T23:18:58Z,2026-09-26T23:18:58Z,reject,missing_group:electric_bus,1,transport_impact,0,search,review bus điện,,,,,,2026-09-27T16:06:15.386734+07:00
youtube,ntyqLHs2aFg,https://www.youtube.com/watch?v=ntyqLHs2aFg,Haridwar😱 Me Hui 2 Bus Bhari Takkar Lga Trefic 😱😱 /To Day 27 september 2026 #vikramkiyatra #haridwar,"Haridwar😱 Me Hui 2 Bus Bhari Takkar Lga Trefic 😱😱 /To Day 27 september 2026 #vikramkiyatra #haridwar
Haridwar mein do bason ke bich Hui Bhari Takkar lga Kafi Lamba traffic 😱😱

#haridwarvibes #haridwar #haridwarnews #haridwarmetakkar",2026-09-27T09:51:00Z,2026-09-27T09:51:00Z,reject,missing_group:electric_bus,1,transport_impact,0,search,e-bus,,,,,,2026-09-27T18:01:57.579074+07:00
youtube,nvy7ZVJAUzg,https://www.youtube.com/watch?v=nvy7ZVJAUzg,(Sonido Ambiente) Foton Ebus U12 SC (SRVL29 JOYA) | F06 | Metropol Buses Omega S.A #redmovilidad,"(Sonido Ambiente) Foton Ebus U12 SC (SRVL29 JOYA) | F06 | Metropol Buses Omega S.A #redmovilidad
#redmovilidad #transantiago #touhouproject #vocaloid #metropolchile #hatsunemiku #reimuhakurei",2026-09-23T14:57:18Z,2026-09-23T14:57:18Z,reject,not_vietnam,1,electric_bus,0,search,ebus,,,,,,2026-09-26T21:01:01.456084+07:00
youtube,nwIGLELlQY4,https://www.youtube.com/watch?v=nwIGLELlQY4,VinBus Bất Ngờ Dừng Ứng Dụng Từ 1/9: Người Dùng Sẽ Chuyển Sang Green SM Ra Sao?,"VinBus Bất Ngờ Dừng Ứng Dụng Từ 1/9: Người Dùng Sẽ Chuyển Sang Green SM Ra Sao?
VinBus Bất Ngờ Dừng Ứng Dụng Từ 1/9: Người Dùng Sẽ Chuyển Sang Green SM Ra Sao? https://youtu.be/nwIGLELlQY4
✦ Đăng ký theo dõi kênh Độc Đáo TV: 》https://bit.ly/dkdocdaotv 《
----
Những ngày cuối tháng 8, người dùng khi mở ứng dụng VinBus bắt đầu nhận được một thông báo đáng chú ý. Ngay trên màn hình chính, VinBus hiển thị pop-up với tiêu đề “Thông báo dừng hoạt động ứng dụng VinBus”.

• Nguồn: https://bom.so/LQ9Not
----
✦ Liên hệ quảng cáo:
- Hotline: 0964.002.593 (Mr. Nghia)
- Fanpage: https://fb.com/docdaotv
- Website: https://quangcaoytb.com/
✮ ✮ ✮ ✮ ✮ ✮ ✮ ✮ ✮ ✮ 
----
✪ Cảm ơn các bạn đã theo dõi, cmt để lại ý kiến nhận xét để Độc Đáo TV cố gắng hoàn thiện hơn trong các sản phẩm khác nhé!
✪ Mọi vấn đề cần trao đổi về nội dung video, bản quyền, vui lòng liên hệ SĐT: 0964.002.593 (Mr. Nghia)
► This music was buy from: https://1.envato.market/OR7kKQ

#docdaotv #passionstudio #kinhdoanh

🔻🔻🔻🔻🔻🔻🔻🔻🔻🔻🔻🔻🔻🔻🔻🔻
✅ Sản xuất video quảng cáo theo yêu cầu: https://quangcaoytb.com/
✅ Săn mã khuyến mại:  https://docdaotv.koc.asia/",2026-08-27T11:00:06Z,2026-08-27T11:00:06Z,accept,electric_bus,1,"transport_impact,electric_bus",0,search,VinBus,,,,,,2026-09-26T21:04:24.465339+07:00
youtube,nxlFjSfevag,https://www.youtube.com/watch?v=nxlFjSfevag,Electric Bus Toys,"Electric Bus Toys
BUSES",2026-09-27T03:52:58Z,2026-09-27T03:52:58Z,reject,not_vietnam,1,"transport_impact,electric_bus",0,search,electric bus,,,,,,2026-09-27T16:04:35.289323+07:00
youtube,o1aJqgzkmhg,https://www.youtube.com/watch?v=o1aJqgzkmhg,"TP HCM không cấm xe xăng, ưu tiên mở rộng giao thông công cộng #tin #viral #tintuc24h #viralvideo","TP HCM không cấm xe xăng, ưu tiên mở rộng giao thông công cộng #tin #viral #tintuc24h #viralvideo
#tin nóng hôm nay #tin tức mới nhất #tin tức Việt Nam TP HCM không cấm xe xăng, sẽ khuyến khích người dân chuyển sang xe điện và đẩy mạnh giao thông công cộng để giảm kẹt xe, theo Bí thư Trần Lưu Quang.

Nội dung được Bí thư Thành ủy TP HCM Trần Lưu Quang nêu tại buổi tiếp xúc cử tri chiều 24/9. Buổi tiếp xúc diễn ra trực tiếp tại điểm cầu phường Bình Tiên và trực tuyến với các phường Chợ Quán, An Đông, Chợ Lớn, Bình Tây, Diên Hồng, Bình Phú, Hòa Hưng, Vườn Lài.

Từ điểm cầu trực tuyến phường Diên Hồng, cử tri Phan Thị Ngọc Hương nói kẹt xe có dấu hiệu lan rộng, không chỉ tại các cửa ngõ, tuyến đường huyết mạch mà còn ở nhiều khu vực. Bà dẫn ví dụ đường 3 Tháng 2 và khu vực vòng xoay Điện Biên Phủ thường xuyên ùn tắc.",2026-09-25T01:00:10Z,2026-09-25T01:00:10Z,reject,missing_group:electric_bus,1,transport_impact,1,search,xe điện công cộng,,,,,,2026-09-26T21:05:52.176436+07:00
youtube,o5hjDTBi694,https://www.youtube.com/watch?v=o5hjDTBi694,DÂN THÁI LAN CAY ĐẮNG NHÌN CẢNH DOANH NGHIỆP VIỆT NAM &quot;THỊ UY&quot; XE BUS ĐIỆN GIỮA LÒNG BANGKOK,"DÂN THÁI LAN CAY ĐẮNG NHÌN CẢNH DOANH NGHIỆP VIỆT NAM &quot;THỊ UY&quot; XE BUS ĐIỆN GIỮA LÒNG BANGKOK
👉 Khám phá ngay Tủ sách số và Audio book Thực chiến tại hệ thống Sơn Hải Nguyễn. Chỉ 15 phút nghe mỗi ngày, bạn sẽ có ngay tư duy sắc bén để xử lý gọn gàng những góc khuất đời thường và công sở.

👉 Truy cập ngay sonhainguyen.com để khám phá thêm kho công cụ và tài liệu hỗ trợ cho công việc và nâng cao kỹ năng làm việc của bạn
---------------------------------
Một đất nước có năng lực sản xuất khoảng 1,5 triệu ô tô mỗi năm, sở hữu hàng loạt nhà máy của Toyota, Honda, Isuzu hay Mitsubishi, giờ lại chứng kiến Kim Long Motor của Việt Nam mang xe buýt điện sang Bangkok, tổ chức lễ ra mắt và ký những đơn hàng hàng trăm chiếc ngay trên sân nhà của ngành ô tô Thái.

Câu chuyện càng đáng chú ý bởi trong nhiều năm, Việt Nam thường được xem là người đi sau trong ngành công nghiệp ô tô khu vực. Nhưng chỉ trong một thời gian ngắn, doanh nghiệp Việt đã bắt đầu xuất hiện ở những phân khúc mới như xe điện, xe buýt và phương tiện thương mại xanh.

Một số tư liệu được sử dụng trong video thuộc về các chủ sở hữu đáng kính. Mọi vấn đề liên quan đến bản quyền, vui lòng liên hệ: battlecry.vn@gmail.com.
Some of the materials used in the video belongs to the rightful owners. All Copyrights related issues should be sent to battlecry.vn@gmail.com. Thank you.

#battlecry #khampha #kinhte #dialy",2026-09-21T05:18:24Z,2026-09-21T05:18:24Z,accept,electric_bus,1,"transport_impact,electric_bus",0,search,xe buýt điện,,,,,0,2026-09-26T20:47:42.376578+07:00
youtube,oF9Z06DxjlI,https://www.youtube.com/watch?v=oF9Z06DxjlI,मुख्यमंत्री सुगम परिवहन सेवा का शुभारंभ किया। Electric Bus Bhopal …🚎❤️💫,"मुख्यमंत्री सुगम परिवहन सेवा का शुभारंभ किया। Electric Bus Bhopal …🚎❤️💫
मुख्यमंत्री सुगम परिवहन सेवा का शुभारंभ किया। Electric Bus Bhopal …🚎❤️💫



• #मुख्यमंत्री_सुगम_परिवहन_सेवा
• #SugamParivahanSeva
• #MohanYadav
• #NitinGadkari
• #MadhyaPradesh
• #MPNews",2026-09-25T16:41:16Z,2026-09-25T16:41:16Z,reject,not_vietnam,1,"transport_impact,electric_bus",0,search,electric bus,,,,,,2026-09-26T20:56:50.705728+07:00
youtube,oKlIbmw1KdY,https://www.youtube.com/watch?v=oKlIbmw1KdY,"Ô TÔ KHÁCH T.ÔNG XE CONTAINER TRÊN CAO TỐC, HƠN 20 NGƯỜI NHẬP VIỆN","Ô TÔ KHÁCH T.ÔNG XE CONTAINER TRÊN CAO TỐC, HƠN 20 NGƯỜI NHẬP VIỆN
==================================
Báo và phát thanh, truyền hình An Giang
Địa chỉ: số 39 Đống Đa, phường Rạch Giá, tỉnh An Giang
Điện thoại: 0297.3812302 – Fax: 0297.3813990",2026-08-17T03:55:21Z,2026-08-17T03:55:21Z,reject,missing_group:electric_bus,1,"transport_impact,hanoi_location",0,search,ô tô bus điện,,,,,,2026-09-26T21:05:34.288762+07:00
youtube,oQVHh_SMFO8,https://www.youtube.com/watch?v=oQVHh_SMFO8,Tài xế “xe điên” gây tai nạn thảm khốc trên đường bao biển Hạ Long - Cẩm Phả nhận cái kết đắng,"Tài xế “xe điên” gây tai nạn thảm khốc trên đường bao biển Hạ Long - Cẩm Phả nhận cái kết đắng
THCL | Văn phòng Cơ quan Cảnh sát điều tra Công an thành phố Quảng Ninh ra Quyết định khởi tố vụ án, khởi tố bị can đối với Hoàng Văn Đức (SN 1989, trú tại tổ dân phố 17, phường Linh Sơn, tỉnh Thái Nguyên) về tội “Vi phạm quy định về tham gia giao thông đường bộ”, quy định tại Điều 260 Bộ luật Hình sự.

........
Thương hiệu & Công luận TV là Kênh Youtube chính thức của Tạp chí Thương hiệu & Công luận cập nhật liên tục, thường xuyên các tin tức trong nước và quốc tế, các sự kiện nóng, các vấn đề đời sống, xã hội được quan tâm; thông tin về dự báo thời tiết; phân tích chuyên sâu của các chuyên gia về các lĩnh vực.
Thương hiệu và Công luận TV là kênh Youtube chính thống của cơ quan Trung ương Hiệp hội VATAP
Tòa soạn: Tòa nhà B5D6 Khu đô thị mới Cầu Giấy, P. Cầu Giấy, Hà Nội 
Email: thuonghieucongluan@gmail.com
Giấy phép hoạt động báo chí điện tử số 64/GP-BTTTT do Bộ Thông tin và Truyền thông cấp ngày 21/2/2020.
Bản quyền thuộc Tạp chí Thương hiệu và Công luận
Cấm sao chép dưới mọi hình thức nếu không có sự chấp thuận bằng văn bản

#thuonghieuvacongluan #thuonghieuvacongluantv #tintucthoisu #tincapnhat #tinnong #tinmoicapnhat #tinmoinhat #thuonghieuvacongluan #thuonghieuvacongluantv  #TaiNanGiaoThong #DuongBaoBienHaLongCamPha #CongAnQuangNinh",2026-09-25T12:15:02Z,2026-09-25T12:15:02Z,reject,missing_group:electric_bus,1,"transport_impact,hanoi_location",1,search,bus dien,,,,,,2026-09-26T20:54:26.327100+07:00
youtube,oX1kGZjH5Ok,https://www.youtube.com/watch?v=oX1kGZjH5Ok,Xe điện chở hàng https://xedienchohang.com/san-pham/xe-dien-cho-hang-3-banh-ev700-tai-trong-700kg,"Xe điện chở hàng https://xedienchohang.com/san-pham/xe-dien-cho-hang-3-banh-ev700-tai-trong-700kg
Xe điện 3 bánh AV700 tải trọng 700kg thuộc dòng tiêu chuẩn, phù hợp vận chuyển nguyên vật liệu, hàng hóa, linh kiện và sản phẩm trong nhà máy, kho hàng và xưởng sản xuất.

🔹 Tải trọng: 700kg
🔹 Động cơ: 1200W
🔹 Ắc quy: 60V32AH
🔹 Thùng hàng: 1,6m × 1,1m × 45cm
🔹 Ben tay nâng thùng xe
🔹 Nhíp 6 lá chịu tải
🔹 Giá niêm yết: 28.400.000 VNĐ",2026-09-27T07:11:37Z,2026-09-27T07:11:37Z,reject,missing_group:electric_bus,1,transport_impact,0,search,bus dien,,,,,,2026-09-27T16:03:42.062966+07:00
youtube,oYyT8V6su-k,https://www.youtube.com/watch?v=oYyT8V6su-k,"những phương tiện (xe sedan, xe tải, xe buýt, tàu điện)","những phương tiện (xe sedan, xe tải, xe buýt, tàu điện)",2026-09-18T14:52:07Z,2026-09-18T14:52:07Z,reject,missing_group:electric_bus,1,transport_impact,0,search,xe buýt điện,,,,,,2026-09-26T20:49:35.253610+07:00
youtube,od0s5aYAL7g,https://www.youtube.com/watch?v=od0s5aYAL7g,Radial EBUS Explained by Dr Amit Dhamija | IP Unplugged Teaser,"Radial EBUS Explained by Dr Amit Dhamija | IP Unplugged Teaser
Radial EBUS has changed how interventional pulmonologists reach lesions the eye can't see. In this teaser for Episode 3 of IP Unplugged, Dr Amit Dhamija (Sir Ganga Ram Hospital, New Delhi) breaks down why radial EBUS remains indispensable, how it compares to CT-guided biopsy on safety and yield, and what it actually takes to master the technique.

A preview of the full conversation with Dr Sameer Arbat, exploring the science, skills and stories beyond interventional pulmonology.

🎧 Full episode out now on YouTube, Spotify and Apple Podcasts.

#RadialEBUS #InterventionalPulmonology #IPUnplugged #Bronchoscopy #Pulmonology",2026-09-25T10:20:38Z,2026-09-25T10:20:38Z,reject,not_vietnam,1,electric_bus,0,search,ebus,,,,,,2026-09-26T21:00:11.110510+07:00
youtube,ogcetVyXjjw,https://www.youtube.com/watch?v=ogcetVyXjjw,Foton Ebus U12 sc [Patente RYPP13] (Recorrido 424) METBUS,"Foton Ebus U12 sc [Patente RYPP13] (Recorrido 424) METBUS
#transantiago #santiagodechile #chile #autobuses #redmovilidad #busologiachilena #busologia",2026-09-25T23:52:48Z,2026-09-25T23:52:48Z,reject,not_vietnam,1,electric_bus,0,search,ebus,,,,,,2026-09-26T20:59:31.405640+07:00
youtube,okiFsvz4lwM,https://www.youtube.com/watch?v=okiFsvz4lwM,XE ĐIỆN XỊT RỬA ĐƯỜNG #xedien3banh #automobile #xedienchohang,"XE ĐIỆN XỊT RỬA ĐƯỜNG #xedien3banh #automobile #xedienchohang
🏨 Tên công ty: CÔNG TY TNHH CÔNG NGHỆ VÀ THIẾT BỊ MÔI TRƯỜNG R.I.K
🧭 Trụ sở chính: Số 51/1 Yni Ksor, Phường Tân Lập, Thành phố Buôn Ma Thuột, tỉnh Đăk Lăk
🏦 Mã số thuế: 6001735791
🌍 Website: Thietbirik.com
🌁 Lĩnh vực hoạt động: Gia công và thương mại
     👉  Thùng rác công cộng
     👉  Xe điện 3 bánh chở hàng
     👉  Xe điện 3 bánh chở thùng rác
     👉  Xe điện 3 bánh thu gom rác
     👉  Xe điện 3 bánh tưới cây
     👉  Xe điện 3 bánh xịt rửa đường
🗺️ Fanpage: https://www.facebook.com/thietbirik
🗺️ Instagram: https://www.instagram.com/thietbirik/
🗺️ Tiktok: https://www.tiktok.com/@linhmoitruong
🗺️ Youtube: https://www.youtube.com/@thietbirik",2026-09-11T01:59:03Z,2026-09-11T01:59:03Z,reject,missing_group:electric_bus,1,transport_impact,1,search,xe điện công cộng,,,,,,2026-09-26T21:05:52.292964+07:00
youtube,omgacDcbMBA,https://www.youtube.com/watch?v=omgacDcbMBA,(Tuyến 78) Đã Xuống Trạm Gần Đường Lên Củ Chi,"(Tuyến 78) Đã Xuống Trạm Gần Đường Lên Củ Chi
© Bản Quyền Hy Khang 2011-2026 Xe Buýt Xanh Công Cộng TP.HCM
_____
Xin Chào Mọi Người, Mình Tên Là Hy Khang, Mình Sẽ Hướng Dẫn Tất Cả Mọi Người Đi Xe Buýt Và Lộ Trình Trạm Với Tuyến, Khám Phá Mới, 1 Trong Những Xe Buýt Xanh Bảo Vệ Môi Trường Ở TP.HCM, Xe Buýt Điện Là 1 Thương Mại Hoàn Toàn Mới Để Bảo Vệ Môi Trường Và Sạch Đẹp TP.HCM, Xin Mọi Người Hãy Coi Những Video Tiếp Theo Để Biết Về Rõ Hơn, Xin Chân Thành Cảm Ơn Chào Đón",2026-09-09T18:05:18Z,2026-09-09T18:05:18Z,accept,electric_bus,1,"transport_impact,electric_bus",1,search,trạm xe buýt điện,,,,,,2026-09-26T21:06:57.084373+07:00
youtube,ox9owfloDSI,https://www.youtube.com/watch?v=ox9owfloDSI,"Hai lúa, nhà quê, lên Sài Gòn đi tàu điện ME TRO","Hai lúa, nhà quê, lên Sài Gòn đi tàu điện ME TRO",2026-09-07T06:23:26Z,2026-09-07T06:23:26Z,reject,missing_group:electric_bus,1,transport_impact,1,search,xe điện công cộng,,,,,,2026-09-26T21:05:52.298781+07:00
youtube,oyBAjbHY2sw,https://www.youtube.com/watch?v=oyBAjbHY2sw,🚌 Green Electric Bus in Punjab | Punjab Ki Nayi Electric Bus Service 🌿⚡,"🚌 Green Electric Bus in Punjab | Punjab Ki Nayi Electric Bus Service 🌿⚡
Punjab mein Green Electric Bus ka naya safar! 🚌🌿 Electric buses modern, comfortable aur environment-friendly transport ka ek naya andaaz hain. Is video mein Green Electric Bus ka beautiful view dekhein aur video ko Like, Share aur Subscribe zaroor karein. ❤️



#GreenElectricBus
 #ElectricBus 
#Punjab
 #PunjabTransport
 #GreenTransport 
#ElectricVehicle 
#PublicTransport 
#Pakistan 
#PunjabBus 
#EcoFriendly 
#YouTubeShorts🚌🌿",2026-09-26T19:02:03Z,2026-09-26T19:02:03Z,reject,not_vietnam,1,"transport_impact,electric_bus",0,search,electric bus,,,,,,2026-09-27T16:04:48.599334+07:00
youtube,p0KYVwAmGq0,https://www.youtube.com/watch?v=p0KYVwAmGq0,4 bus,4 bus,2026-09-26T18:34:35Z,2026-09-26T18:34:35Z,reject,missing_group:electric_bus,1,transport_impact,0,search,e-bus,,,,,,2026-09-27T16:05:19.641683+07:00
youtube,p19TXMlyT90,https://www.youtube.com/watch?v=p19TXMlyT90,Here is the 436 Falcon Electric bus in Woking Friday 25 September 2026,Here is the 436 Falcon Electric bus in Woking Friday 25 September 2026,2026-09-25T21:03:27Z,2026-09-25T21:03:27Z,reject,not_vietnam,1,"transport_impact,electric_bus",0,search,electric bus,,,,,,2026-09-26T20:56:30.850820+07:00
youtube,p3lfI27jkQQ,https://www.youtube.com/watch?v=p3lfI27jkQQ,(Tuyến 41) Bến Xe Miền Tây - Bến Xe An Sương ,"(Tuyến 41) Bến Xe Miền Tây - Bến Xe An Sương 
© Bản Quyền Hy Khang 2011-2026 Xe Buýt Xanh Công Cộng TP.HCM ©
_____
Xin Chào Mọi Người, Mình Tên Là Hy Khang, Mình Sẽ Hướng Dẫn Tất Cả Mọi Người Đi Xe Buýt Và Lộ Trình Trạm Với Tuyến, Khám Phá Mới, 1 Trong Những Xe Buýt Xanh Bảo Vệ Môi Trường Ở TP.HCM, Xe Buýt Điện Là 1 Thương Mại Hoàn Toàn Mới Để Bảo Vệ Môi Trường Và Sạch Đẹp TP.HCM, Xin Mọi Người Hãy Coi Những Video Tiếp Theo Để Biết Về Rõ Hơn, Xin Chân Thành Cảm Ơn Chào Đón",2026-09-10T16:40:52Z,2026-09-10T16:40:52Z,accept,electric_bus,1,"transport_impact,electric_bus",1,search,xe buyt điện,,,,,,2026-09-26T20:53:24.253541+07:00
youtube,p9ptPmi8MM0,https://www.youtube.com/watch?v=p9ptPmi8MM0,"Xe đạp trợ lực điện Giant Escape E+ 2026 chính hãng, giá rẻ ...","Xe đạp trợ lực điện Giant Escape E+ 2026 chính hãng, giá rẻ ...
❌ 100% GIÁ RẺ HƠN SHOPEE, TITOK, LAZADA ❌ 10% SALE OFF - 3 KHÁCH HÀNG SUB KÊNH & MUA HÀNG ĐẦU TIÊN ❌

Giant Escape E+ 2026 là mẫu xe đạp đường phố trợ lực điện cao cấp của hãng Giant, xe có thiết kế thể thao, rất phù hợp cho những chuyến đi phượt đường dài ...

👉 Link sp: https://thethao365.com.vn/xe-dap-dien.html

💯 Thể thao 365 | Hệ thống bán lẻ các dòng xe đạp thể thao, xe đạp địa hình, xe đạp giá rẻ, xe đạp học sinh, #xe_đạp_Giant, #xe_đạp_điện, xe đạp trẻ em , #GIANT_E, xe đạp, xe đạp nhập khẩu, #xe_đạp_chính_hãng ....

🚛 Giao hàng toàn quốc, hỗ trợ chuyển ra bến xe hoặc gửi chuyển phát nhanh đối với các bạn ở tỉnh xa.

🏠 Địa chỉ CÔNG TY CỔ PHẦN THỂ THAO 365:
        👉 Showroom 01: 73 Giang Văn Minh, Quận Ba Đình, TP. Hà Nội
        👉 Showroom 02: Quận Thanh Xuân, TP. Hà Nội (coming soon)
☎️ Liên hệ mua hàng: Hotline 0907 063 132 & 0898 696 808.
📞 Nhận đặt hàng qua Facebook, Website, Zalo
🌐 Website: https://thethao365.com.vn
🛒 Shopee: https://byvn.net/dIaQ
🛒 ShopeeMall: https://shopee.vn/thethao365vn",2026-09-16T09:36:03Z,2026-09-16T09:36:03Z,reject,missing_group:electric_bus,1,"transport_impact,hanoi_location",0,search,bus điện,,,,,,2026-09-26T20:54:15.530067+07:00
youtube,pHTkIa4elgk,https://www.youtube.com/watch?v=pHTkIa4elgk,Giá xe VinFast mới nhất. Thu Xăng Đổi Điện giảm lên đến 9% #báogiáxe #automobile #review,Giá xe VinFast mới nhất. Thu Xăng Đổi Điện giảm lên đến 9% #báogiáxe #automobile #review,2026-09-22T01:52:57Z,2026-09-22T01:52:57Z,reject,missing_group:electric_bus,1,,0,search,review bus điện,,,,,,2026-09-26T21:08:04.412196+07:00
youtube,pNGE-Cu9OJc,https://www.youtube.com/watch?v=pNGE-Cu9OJc,E- Bus servic #ras2026 #upsc,E- Bus servic #ras2026 #upsc,2026-09-26T06:14:56Z,2026-09-26T06:14:56Z,reject,missing_group:electric_bus,1,transport_impact,0,search,e-bus,,,,,,2026-09-26T20:57:51.792931+07:00
youtube,pPQW0iI8L6E,https://www.youtube.com/watch?v=pPQW0iI8L6E,"Nhìn lại dàn xe buýt 148 cũ, sau hơn nửa năm về VinBus. SAMCO I.51 CNG (SaigonBus).","Nhìn lại dàn xe buýt 148 cũ, sau hơn nửa năm về VinBus. SAMCO I.51 CNG (SaigonBus).",2026-09-26T11:00:03Z,2026-09-26T11:00:03Z,accept,electric_bus,1,"transport_impact,electric_bus",0,search,Vin Bus,,,,,0,2026-09-26T21:05:11.111508+07:00
youtube,pdkzaXYfTF0,https://www.youtube.com/watch?v=pdkzaXYfTF0,පිස්සු හැදෙන කූඹියෝ UNLIMITED | Sri Lanka&#39;s No.1 Bus 💥,"පිස්සු හැදෙන කූඹියෝ UNLIMITED | Sri Lanka&#39;s No.1 Bus 💥
​ලංකාවේ අංක එකට වැජබෙන, මම ගොඩක්ම ආස කරන ""කූඹියෝ UNLIMITED"" (Koombiyo Unlimited) බස් එක අද හම්බුනා! ❤️🚌
​Finally met Sri Lanka's No. 1 modified bus - Koombiyo Unlimited! Absolutely loved the amazing modification and lighting.
​#KoombiyoUnlimited #BusLover #SriLankaBuses #ModifiedBus #BusLifestyle #Shorts",2026-09-27T12:00:15Z,2026-09-27T12:00:15Z,reject,missing_group:electric_bus,1,transport_impact,0,search,e-bus,,,,,,2026-09-27T19:05:13.725075+07:00
youtube,pkoCNblxA14,https://www.youtube.com/watch?v=pkoCNblxA14,Hòa Lạc tăng xe buýt điện xe đạp điện - giao thông tốt nhà ở càng đắt khách!,"Hòa Lạc tăng xe buýt điện xe đạp điện - giao thông tốt nhà ở càng đắt khách!
Hòa Lạc tăng xe buýt điện xe đạp điện - giao thông tốt nhà ở càng đắt khách!
💥💥Tham gia nhóm thông tin và quỹ đất Hòa Lạc đẹp giá rẻ tại đây: https://zalo.me/g/kxjzmi122
#nguyentuyendatnenhoalac#hoalac#datnengiare#datnenvendo#viral",2026-09-10T12:26:49Z,2026-09-10T12:26:49Z,accept,electric_bus,1,"transport_impact,electric_bus",0,search,xe bus điện,,,,,,2026-09-26T20:51:37.658119+07:00
youtube,pxaGzGW7qXA,https://www.youtube.com/watch?v=pxaGzGW7qXA,"💥🔋REVIEW ĐỘNG CƠ VINFAST VF WILD: BÁN TẢI ĐIỆN KHÔNG SỢ HẾT PIN, REEV CÓ THỂ CHẠY 1.000 KM? ⚡🔥⛽","💥🔋REVIEW ĐỘNG CƠ VINFAST VF WILD: BÁN TẢI ĐIỆN KHÔNG SỢ HẾT PIN, REEV CÓ THỂ CHẠY 1.000 KM? ⚡🔥⛽
💥🔋REVIEW ĐỘNG CƠ VINFAST VF WILD: BÁN TẢI ĐIỆN KHÔNG SỢ HẾT PIN, EREV CÓ THỂ CHẠY 1.000 KM? ⚡🔥⛽

VinFast VF Wild sắp mở bán và hệ truyền động của mẫu bán tải này đang trở thành chủ đề được quan tâm đặc biệt. Liệu VinFast VF Wild sẽ sử dụng công nghệ EREV – xe điện mở rộng phạm vi hoạt động – và có khả năng đạt tổng phạm vi khoảng 1.000 km như một số thông tin đang được đề cập?

Trong video này, CAR TODAY VN sẽ phân tích VinFast VF Wild, động cơ VF Wild và hệ truyền động EREV một cách dễ hiểu nhưng chuyên sâu. VF Wild EREV có gì khác so với hybrid thông thường? Vì sao bán tải điện VinFast lại có thể sử dụng động cơ xăng? Động cơ xăng trên VinFast VF Wild thực sự làm nhiệm vụ gì? Và sức mạnh của VF Wild sẽ nằm ở động cơ xăng hay hệ thống mô-tơ điện?

Đặc biệt, chúng ta sẽ phân tích khả năng VF Wild chạy 1.000 km, ý nghĩa của EREV đối với một chiếc xe bán tải, khả năng đi đường dài, khả năng giảm nỗi lo sạc và những lợi thế mà hệ truyền động điện có thể mang lại khi chở tải, leo dốc hoặc đi địa hình. 

#vinfastvfwild #vfwild #vfwilderev #vinfast #ban taidien #ban taivinfast #dongcovfwild #vfwild1000km #xeđiện #xeđiệnerev #congngheoto #cybertruck #teslacybertruck #otovietnam #cartodayvn 

___
🔔 Cám ơn bạn đã đồng hành cùng CAR TODAY VN. Đăng ký kênh ngay để xem sớm nhất video mới hằng ngày. 

📩 Liên hệ hợp tác: bearmedia.asia@gmail.com

©️ Copyright by CAR TODAY VN | All rights reserved. Please do not reup. 

► Chúng tôi sẵn sàng xử lý NGAY LẬP TỨC các nội dung, yêu cầu về bản quyền nếu có. Xin hãy liên hệ với chúng tôi: bearmedia.asia@gmail.com . Xin cám ơn & Trân trọng!


► Tuyên bố miễn trừ trách nhiệm:
Chúng tôi không sở hữu hoàn toàn các tài nguyên bao gồm hình ảnh và video trong các nội dung trên kênh này. Các tài nguyên đó thuộc về các cá nhân tổ chức đáng được tôn trọng. Chúng tôi chỉ sử dụng chúng theo Luật Fairuse (Sử dụng hợp lý) từ Youtube. 

#CARTODAYVN #BEARMEDIAASIA",2026-09-17T07:43:07Z,2026-09-17T07:43:07Z,reject,missing_group:electric_bus,1,transport_impact,0,search,review bus điện,,,,,,2026-09-26T21:08:04.293893+07:00
youtube,q1lbRUb_nqU,https://www.youtube.com/watch?v=q1lbRUb_nqU,"Trưa 26/9: Thảm khốc hiện trường “xe điên” Mercedes tông liên hoàn ở TPHCM, 1 người tử vong tại chỗ","Trưa 26/9: Thảm khốc hiện trường “xe điên” Mercedes tông liên hoàn ở TPHCM, 1 người tử vong tại chỗ
TH&CL | Tối 25/9, Công an TP Hồ Chí Minh đã tiến hành khám nghiệm hiện trường, để điều tra nguyên nhân vụ tai nạn giao thông xảy ra trên đường Đỗ Mười (phường An Phú Đông), khiến một người tử vong.

📌Tin tức 24h trưa 26/9 gồm những nội dung đáng chú ý sau: 

• Xe Mercedes tông hàng loạt phương tiện tại TP Hồ Chí Minh, 1 người tử vong
• Khởi tố 3 đối tượng in và phát hành trái phép 21.000 quyển sách
• Quảng Trị: Khẩn trương xử lý các hố sụt lún nguy hiểm để bảo đảm an toàn
• Hà Nội: Kịp thời khống chế vụ cháy lán tạm tại xã An Khánh
• Khởi tố đối tượng lừa đảo chiếm đoạt tài sản qua hình thức thuê ô tô tự lái
• Cảnh sát cơ động Lâm Đồng kịp thời hỗ trợ người dân trong vùng ngập lụt
• Nam Bộ mưa giảm dần, TP Hồ Chí Minh lưu ý đợt triều cường mới

#tainangiaothong #tainantphcm #ototonglienhoan #tintuc24h #tintucmoinhat #anlookAnNinh #tintucthoidai
........
Thương hiệu & Công luận TV là Kênh Youtube chính thức của Tạp chí Thương hiệu & Công luận cập nhật liên tục, thường xuyên các tin tức trong nước và quốc tế, các sự kiện nóng, các vấn đề đời sống, xã hội được quan tâm; thông tin về dự báo thời tiết; phân tích chuyên sâu của các chuyên gia về các lĩnh vực.
Thương hiệu và Công luận TV là kênh Youtube chính thống của cơ quan Trung ương Hiệp hội VATAP
Tòa soạn: Tòa nhà B5D6 Khu đô thị mới Cầu Giấy, P. Cầu Giấy, Hà Nội 
Email: thuonghieucongluan@gmail.com
Giấy phép hoạt động báo chí điện tử số 64/GP-BTTTT do Bộ Thông tin và Truyền thông cấp ngày 21/2/2020.
Bản quyền thuộc Tạp chí Thương hiệu và Công luận
Cấm sao chép dưới mọi hình thức nếu không có sự chấp thuận bằng văn bản

#thuonghieuvacongluan #tainanlienhoan #tainangiaothong #tainantphcm #ototonglienhoan",2026-09-26T04:35:45Z,2026-09-26T04:35:45Z,reject,missing_group:electric_bus,1,"flood_state,transport_impact,hanoi_location",1,search,bus dien,,,,,,2026-09-26T20:54:26.254705+07:00
youtube,q301cSkZQ5A,https://www.youtube.com/watch?v=q301cSkZQ5A,Xe Buýt Hà Nội Bán Về Cho Bên TPHCM (629 Gò Công - Bến Xe Quận 8),"Xe Buýt Hà Nội Bán Về Cho Bên TPHCM (629 Gò Công - Bến Xe Quận 8)
© Bản Quyền Hy Khang 2011-2026 Xe Buýt Xanh Công Cộng TP.HCM ©
_____
Xin Chào Mọi Người, Mình Tên Là Hy Khang, Mình Sẽ Hướng Dẫn Tất Cả Mọi Người Đi Xe Buýt Và Lộ Trình Trạm Với Tuyến, Khám Phá Mới, 1 Trong Những Xe Buýt Xanh Bảo Vệ Môi Trường Ở TP.HCM, Xe Buýt Điện Là 1 Thương Mại Hoàn Toàn Mới Để Bảo Vệ Môi Trường Và Sạch Đẹp TP.HCM, Xin Mọi Người Hãy Coi Những Video Tiếp Theo Để Biết Về Rõ Hơn, Xin Chân Thành Cảm Ơn Chào Đón",2026-09-17T02:45:25Z,2026-09-17T02:45:25Z,accept,electric_bus,1,"transport_impact,hanoi_location,electric_bus",1,search,xe buýt điện,,,,,,2026-09-26T20:49:48.324956+07:00
youtube,qDLXhEo3WgE,https://www.youtube.com/watch?v=qDLXhEo3WgE,Tuyến E07 trên xe buýt điện Vinbus EB10 29F-019.73 (bản bị mờ) ,Tuyến E07 trên xe buýt điện Vinbus EB10 29F-019.73 (bản bị mờ),2026-08-27T16:29:28Z,2026-08-27T16:29:28Z,accept,electric_bus,1,"transport_impact,electric_bus",0,search,VinBus,,,,,,2026-09-26T21:04:17.670049+07:00
youtube,qE8M-3X_esk,https://www.youtube.com/watch?v=qE8M-3X_esk,Luyện nói tiếng Trung | HSK1-3 | Xe buýt đi qua mất điểm cần xuống rồi | 60s Chinese,"Luyện nói tiếng Trung | HSK1-3 | Xe buýt đi qua mất điểm cần xuống rồi | 60s Chinese
#60sChinese  #luyennoitiengtrung #tiengtrunggiaotiep #HSK #tuhoctiengtrung",2026-09-23T04:30:36Z,2026-09-23T04:30:36Z,reject,missing_group:electric_bus,1,transport_impact,0,search,xe buýt dien,,,,,,2026-09-26T20:54:04.896257+07:00
youtube,qKHewWSk6N4,https://www.youtube.com/watch?v=qKHewWSk6N4,MP में ‘मुख्यमंत्री सुगम परिवहन सेवा’ और PM E-Bus Service शुरू,"MP में ‘मुख्यमंत्री सुगम परिवहन सेवा’ और PM E-Bus Service शुरू
📰 DoorDrasti News | दूरदृष्टि न्यूज़

भोपाल के BHEL दशहरा मैदान में CM डॉ. मोहन यादव और केंद्रीय मंत्री नितिन गडकरी ने ‘मुख्यमंत्री सुगम परिवहन सेवा’ और PM E-Bus Service का शुभारंभ किया। सरकार के अनुसार, नई व्यवस्था से ग्रामीण और शहरी क्षेत्रों में Public Transport Connectivity बढ़ाने पर जोर दिया जाएगा।

कार्यक्रम में परिवहन सेवा से जुड़ी पुस्तिका का विमोचन और IIM Indore तथा School of Planning and Architecture के साथ MoU का आदान-प्रदान भी किया गया। PM E-Bus Service के तहत प्रमुख शहरों में Electric Buses के संचालन की योजना है।

📍 रिपोर्ट: रत्ना चौहान | भोपाल

#MohanYadav #NitinGadkari #SugamParivahanSeva #PMEBusSeva #ElectricBus #PublicTransport #Bhopal #MPNews #MadhyaPradesh #DoorDrastiNews

👉 ऐसी ही ताज़ा और भरोसेमंद खबरों के लिए DoorDrasti News को Like, Share और Subscribe करना न भूलें। 🔔

DoorDrasti News is your trusted digital news platform bringing the latest and most reliable news from Madhya Pradesh and across India. From breaking news, politics, current affairs, to local updates — we deliver facts, fast.

दूरदृष्टि न्यूज़ मध्य प्रदेश और पूरे भारत की प्रमुख खबरों का विश्वसनीय स्रोत है। हम आपको राजनीति, सामाजिक मुद्दों, स्थानीय घटनाओं और राष्ट्रीय समाचारों की ताज़ा जानकारी देते हैं।

📌 Regional Focus: Madhya Pradesh  
📈 Expanding to: All India Coverage  
🎯 Topics: Politics, Breaking News, Government Schemes, Public Voice, Viral Updates

Subscribe for unbiased and impactful news – with a vision beyond the headlines.

📩 Business/Media Contact: doordrastinews@gmail.com

Website: https://doordrastinews.com/",2026-09-26T06:42:11Z,2026-09-26T06:42:11Z,reject,not_vietnam,1,"transport_impact,electric_bus",0,search,e-bus,,,,,,2026-09-26T20:57:48.548614+07:00
youtube,qLfyZkzkj8M,https://www.youtube.com/watch?v=qLfyZkzkj8M,Madhya Pradesh में Public Transport का नया दौर  # #madhyapradeshnews #publictransportation #ebus,"Madhya Pradesh में Public Transport का नया दौर  # #madhyapradeshnews #publictransportation #ebus
Patrika is the India's new hindi news digital platform that act as the mirror of the society. It helps in bridging the gap between the users and the current happenings in the society all around the world. If you are interested in watching hindi live news as well as breaking news then our YouTube channel will help you in giving you infotainment.

Subscribe our YouTube Channel and Never miss our Video: https://www.youtube.com/@PATRIKAMADHYAPRADESH

Visit Our Website: https://www.patrika.com/madhya-pradesh-news/

Follow and Like us on Facebook: https://www.facebook.com/Patrikamadhyapradesh/

Follow and Like us on Twitter: https://twitter.com/patrika_mp

Follow and Like us on Instagram: https://bit.ly/3QjNz0F",2026-09-25T08:06:34Z,2026-09-25T08:06:34Z,reject,not_vietnam,1,electric_bus,0,search,ebus,,,,,,2026-09-26T21:00:17.595755+07:00
youtube,qOwvzJgkEG8,https://www.youtube.com/watch?v=qOwvzJgkEG8,Tuyến E02 trên xe buýt điện Vinfast EB10 29F-007.36,Tuyến E02 trên xe buýt điện Vinfast EB10 29F-007.36,2026-09-10T15:33:53Z,2026-09-10T15:33:53Z,accept,electric_bus,1,"transport_impact,electric_bus",0,search,xe buýt điện,,,,,,2026-09-26T20:49:41.807311+07:00
youtube,qQBvnvKtJOo,https://www.youtube.com/watch?v=qQBvnvKtJOo,"Xe Máy Điện VinFast: Cập Nhật Giá, Mẫu Xe Và Ưu Đãi Mới","Xe Máy Điện VinFast: Cập Nhật Giá, Mẫu Xe Và Ưu Đãi Mới
Xe Máy Điện VinFast: Cập Nhật Giá, Mẫu Xe Và Ưu Đãi Mới trong video này sẽ giúp bạn nhanh chóng nắm bắt những thông tin đáng chú ý về dòng xe máy điện VinFast.

Hôm nay, Xe Điện Việt Thanh sẽ tập trung vào các mẫu xe mới, các mẫu xe đang được quan tâm, thông tin sản phẩm, thiết kế, trang bị, khả năng vận hành và những điểm đáng chú ý khi lựa chọn xe. Bên cạnh đó, video cũng cập nhật các thông tin liên quan đến giá bán, chương trình ưu đãi và chính sách dành cho khách hàng tại thời điểm thực hiện video.

Nếu bạn đang tìm xe máy điện VinFast, muốn biết mẫu nào phù hợp với nhu cầu đi học, đi làm hoặc di chuyển hằng ngày, đây là những thông tin nên tham khảo trước khi quyết định mua.

#XeMayDienVinFast #VinFast #XeDienVinFast #VinFastEvo #VinFastKlara #VinFastKinet  #GiaXeVinFast #XeMayDien #ReviewXeDien #XeDienVietThanh
—————————————
- Website: https://xedienvietthanh.com/ - https://xemayvietthanh.com/- https://vtmotor.vn/
- Fanpage: https://www.facebook.com/xemayxedienvietthanh
- Hệ thống mua hàng: https://xedienvietthanh.com/he-thong-mua-hang/
—————————————
•  Hotline :  1900 2082 - 0986.06.3888
•  Bán hàng: 0901.662.888 – 098.444.3388 
•  Kỹ Thuật:  0988.86.2386 - 0986.06.3888
—————————————
XE ĐIỆN VIỆT THANH - XE ĐIỆN NHẬP KHẨU CHÍNH HÃNG
Chính sách SIÊU ƯU ĐÃI của chúng tôi xóa bỏ mọi nỗi lo mua hàng của bạn:
1. Bảo hành lên đến 3 năm.
2. Đổi hàng trong 72h.
3. Kiểm tra định kỳ miễn phí trọn đời.
4. Ưu đãi dịch vụ mua trả góp lãi xuất 0%.
5. Giao hàng miễn phí trong bán kính 30km.
6. Tặng mũ bảo hiểm cao cấp trị giá 250.000đ.
7. Hoàn lại tiền 100% nếu sản phẩm không chính hãng.
8. Cứu hộ tận nơi miễn phí nếu xe gặp sự cố trên đường.
—————————————
XE ĐIỆN - XE MÁY VIỆT THANH - THƯƠNG HIỆU BÁN LẺ HÀNG ĐẦU VIỆT NAM",2026-09-25T12:00:20Z,2026-09-25T12:00:20Z,reject,missing_group:electric_bus,1,transport_impact,0,search,bus dien,,,,,,2026-09-26T20:54:26.341073+07:00
youtube,qQUZT1WYlOs,https://www.youtube.com/watch?v=qQUZT1WYlOs,Cuộc thi test xe điện chống ngập nước mùa mưa bão bá đạo nhất hành tinh 😱😍😎,Cuộc thi test xe điện chống ngập nước mùa mưa bão bá đạo nhất hành tinh 😱😍😎,2026-09-26T04:00:08Z,2026-09-26T04:00:08Z,reject,missing_group:electric_bus,1,"flood_state,transport_impact",0,search,bus dien,,,,,,2026-09-26T20:54:26.271597+07:00
youtube,qbE8DqKy8-A,https://www.youtube.com/watch?v=qbE8DqKy8-A,CÚ LỪA XE ĐIỆN GIỮA SA MẠC ÚC: VÌ SAO XE HYBRID MỚI LÀ ÔNG VUA BẤT TỬ?,"CÚ LỪA XE ĐIỆN GIỮA SA MẠC ÚC: VÌ SAO XE HYBRID MỚI LÀ ÔNG VUA BẤT TỬ?
Tham gia làm hội viên của kênh này để được hưởng đặc quyền:
https://www.youtube.com/channel/UCQtQjjjUJfcACfyG6DK3nFg/join
Nếu để lên mạng giải trí, tại sao bạn không vừa giải trí vừa mở rộng thêm hiểu biết! Giữa hoang mạc Outback chiếm tới 70% diện tích nước Úc, trong khi các đô thị lớn đón nhận xe thuần điện rầm rộ thì tại vùng đất chết này, xe điện lại hoàn toàn bất lực và trở thành trò cười cay đắng. Nghịch lý nào khiến người dân Úc quay lưng với giấc mơ thuần điện để săn lùng ráo riết những mẫu xe bán tải Hybrid, và cái bẫy kỹ thuật chết người nào đang chờ đợi những tài xế liều lĩnh giữa chảo lửa 50 độ C? Cùng bóc trần toàn bộ sự thật phũ phàng và bài học đắt giá cho ngành giao thông toàn cầu ngay trong video này!
#DeCheXeDien #XeDien #XeHybrid #OutbackAustralia #CongNgheOTo",2026-09-27T11:00:18Z,2026-09-27T11:00:18Z,reject,missing_group:electric_bus,1,transport_impact,0,search,bus dien,,,,,,2026-09-27T19:04:35.758431+07:00
youtube,qclbqc9AwXU,https://www.youtube.com/watch?v=qclbqc9AwXU,(Tuyến 78) Bến Xe Buýt Thới An - Bến Xe Cầu Lớn,"(Tuyến 78) Bến Xe Buýt Thới An - Bến Xe Cầu Lớn
© Bản Quyền Hy Khang 2011-2026 Xe Buýt Xanh Công Cộng TP.HCM
_____
Xin Chào Mọi Người, Mình Tên Là Hy Khang, Mình Sẽ Hướng Dẫn Tất Cả Mọi Người Đi Xe Buýt Và Lộ Trình Trạm Với Tuyến, Khám Phá Mới, 1 Trong Những Xe Buýt Xanh Bảo Vệ Môi Trường Ở TP.HCM, Xe Buýt Điện Là 1 Thương Mại Hoàn Toàn Mới Để Bảo Vệ Môi Trường Và Sạch Đẹp TP.HCM, Xin Mọi Người Hãy Coi Những Video Tiếp Theo Để Biết Về Rõ Hơn, Xin Chân Thành Cảm Ơn Chào Đón",2026-09-09T18:00:11Z,2026-09-09T18:00:11Z,accept,electric_bus,1,"transport_impact,electric_bus",1,search,tuyến xe buýt điện,,,,,,2026-09-26T21:06:22.909144+07:00
youtube,qeXMBhOD3fU,https://www.youtube.com/watch?v=qeXMBhOD3fU,Chiến Lược VinFast Vươn Tầm Quốc Tế: Vị Thế Mới Trên Bản Đồ Ô Tô,"Chiến Lược VinFast Vươn Tầm Quốc Tế: Vị Thế Mới Trên Bản Đồ Ô Tô
Trong bối cảnh thị trường xe điện nội địa tại Thái Lan đang có dấu hiệu chững lại, VinFast lại một lần nữa khẳng định vị thế dẫn đầu với chiến lược phát triển bài bản và đầy tham vọng. Không dừng lại ở thị trường trong nước, VinFast đang từng bước hiện thực hóa mục tiêu đưa thương hiệu ô tô Việt vươn tầm quốc tế, ghi dấu ấn mạnh mẽ trên bản đồ công nghiệp ô tô toàn cầu. Video này sẽ phân tích chi tiết về những bước đi chiến lược, năng lực sản xuất vượt trội cùng những thách thức và cơ hội mà VinFast đang đối mặt trong cuộc đua khốc liệt với các đối thủ trong khu vực. Việc mở rộng thị trường quốc tế không chỉ là minh chứng cho sự trưởng thành về công nghệ, mà còn là niềm tự hào mở ra cơ hội lớn cho ngành công nghiệp ô tô Việt Nam khẳng định giá trị. Những quyết định táo bạo từ thương hiệu xe điện này đang thu hút sự chú ý của giới chuyên gia và người tiêu dùng. Liệu VinFast có thể duy trì được đà tăng trưởng và chiếm lĩnh thị phần tại các thị trường quốc tế khó tính? Câu trả lời sẽ nằm trong những chiến lược dài hạn và khả năng thích nghi linh hoạt của hãng trong tương lai gần. Bạn có góc nhìn thế nào về tiềm năng của VinFast so với các đối thủ cạnh tranh trực tiếp trong khu vực Đông Nam Á và quốc tế? Hãy cùng thảo luận và chia sẻ quan điểm của bạn dưới phần bình luận. Đừng quên Like, Đăng ký kênh và Bình luận để cập nhật những tin tức mới nhất.",2026-08-21T07:00:37Z,2026-08-21T07:00:37Z,reject,missing_group:electric_bus,1,transport_impact,0,search,Vin Bus,,,,,,2026-09-26T21:05:27.499483+07:00
youtube,qfpfeyxUunw,https://www.youtube.com/watch?v=qfpfeyxUunw,"Xe điện Trung Quốc càn quét toàn cầu, vì sao loạt &quot;ông lớn&quot; ô tô lỗ nặng? - PGS.TS Đàm Hoàng Phúc ","Xe điện Trung Quốc càn quét toàn cầu, vì sao loạt &quot;ông lớn&quot; ô tô lỗ nặng? - PGS.TS Đàm Hoàng Phúc 
VTC News | Ngành công nghiệp ô tô toàn cầu đang chứng kiến một cuộc đại thanh trừng tàn khốc chưa từng có trong lịch sử trăm năm. Trong khi làn sóng xe điện (EV) giá rẻ và thông minh từ Trung Quốc đang càn quét khắp các thị trường từ Đông Nam Á, châu Âu cho đến Nam Mỹ, hàng loạt ""gã khổng lồ"" truyền thống từ châu Âu, Nhật Bản và Mỹ lại liên tục công bố những khoản lỗ kỷ lục hàng tỷ USD. Đâu là nguyên nhân khiến các đế chế ô tô lâu đời bỗng chốc chao đảo trước cơn lốc xe điện? Trong video này, PGS.TS Đàm Hoàng Phúc sẽ phân tích lý do cốt lõi khiến các ""ông lớn"" ô tô lỗ nặng trước xe điện Trung Quốc.
#PGS_TSDamHoangPhuc #XeDienTrungQuoc #EV #AutoIndustry #KinhTeToanCau #BYD #CarMarket #GreenEnergy #SupplyChain #TechRace
Kênh Youtube chính thức của Báo điện tử VTC News - Cập nhật tin tức thời sự nhanh chóng, chính xác nhất
Kết nối với VTC News tại:
✓ Website: http://vtcnews.vn
✓ Facebook : https://www.facebook.com/vtcnewsvn/
✓ Twitter: http://twitter.com/vtcnewsvn
✓ Youtube: https://www.youtube.com/@VTCNewstintuc
Cơ quan chủ quản: Đài Tiếng nói Việt Nam
Email: toasoan@vtcnews.vn
#VTCNews #xuhuong #News #baodientu #tintuc #thoisu",2026-09-26T12:00:06Z,2026-09-26T12:00:06Z,reject,missing_group:electric_bus,1,transport_impact,0,search,bus dien,,,,,,2026-09-26T20:54:26.202252+07:00
youtube,qgpOp45XXw8,https://www.youtube.com/watch?v=qgpOp45XXw8,Xe buýt Hà Nội tuyến 72: Bến xe Yên Nghĩa - Xuân Mai | VIỆT NAM VLOG,"Xe buýt Hà Nội tuyến 72: Bến xe Yên Nghĩa - Xuân Mai | VIỆT NAM VLOG
Xe buýt Hà Nội tuyến 72: Bến xe Yên Nghĩa - Xuân Mai | VIỆT NAM VLOG

LỘ TRÌNH
+) Lộ trình chiều đi: BX Yên Nghĩa - Quốc lộ 6 - Cầu Mai Lĩnh - Biên Giang - Chúc Sơn - Phú Nghĩa - Xuân Mai (Công ty thức ăn chăn nuôi).

+) Lộ trình chiều về:  Xuân Mai (Công ty thức ăn chăn nuôi) - Phú Nghĩa - Chúc Sơn - Biên Giang - Cầu Mai Lĩnh - QL 6 - BX Yên Nghĩa.

+) Đơn vị vận hành: Công ty CPVT Hà Tây.
+) Tần suất xe chạy: 15 - 20 phút/chuyến.
+) Thời gian hoạt động: 5h00 - 21h00.
+) Giá vé: 10000đ/lượt.

Đăng ký kênh để xem videos https://youtube.com/@vietnamvlogchannel?si=5kukiCgNNpGWsY4G",2026-08-28T11:43:49Z,2026-08-28T11:43:49Z,reject,missing_group:electric_bus,1,"transport_impact,hanoi_location",0,search,trạm xe buýt điện,,,,,,2026-09-26T21:07:03.664317+07:00
youtube,qiFlkrfnYlI,https://www.youtube.com/watch?v=qiFlkrfnYlI,Theo xác minh từ dữ liệu hệ thống quản lý xe buýt điện tử (eBMS) #thoidaiso #tintuc,"Theo xác minh từ dữ liệu hệ thống quản lý xe buýt điện tử (eBMS) #thoidaiso #tintuc
Sau khi kiểm tra phản ánh về sự việc trên xe buýt tuyến 152 sáng 24/9, Trung tâm Quản lý Giao thông công cộng TP. Hồ Chí Minh xác định nhân viên phục vụ có hành vi, cách ứng xử không đúng chuẩn mực và yêu cầu đơn vị vận tải đình chỉ công tác để làm rõ, xử lý.

Theo xác minh từ dữ liệu hệ thống quản lý xe buýt điện tử (eBMS) và các thông tin liên quan, trong quá trình phục vụ, nhân viên này đã tranh cãi, xô đẩy và yêu cầu hành khách xuống xe.

Trung tâm cho biết đã lập biên bản ghi nhận sự việc, yêu cầu đơn vị vận tải kiểm điểm trách nhiệm, chấn chỉnh công tác quản lý, tăng cường đào tạo và giám sát nhân viên. Việc xử lý sẽ được thực hiện theo quy định.",2026-09-26T10:35:15Z,2026-09-26T10:35:15Z,accept,electric_bus,1,"transport_impact,electric_bus",1,search,xe buýt điện,,,,,,2026-09-26T20:47:08.836548+07:00
youtube,qnu7pbst8sU,https://www.youtube.com/watch?v=qnu7pbst8sU,pha biểu diễn xe ba gác đổ lúa đỉnh cao #automobile #csgt #xevinfast #xedien #csgt #driver,"pha biểu diễn xe ba gác đổ lúa đỉnh cao #automobile #csgt #xevinfast #xedien #csgt #driver
ôtô xe máy Việt Nam",2026-09-25T11:20:53Z,2026-09-25T11:20:53Z,reject,missing_group:electric_bus,1,transport_impact,0,search,bus dien,,,,,,2026-09-26T20:54:26.354986+07:00
youtube,qu75lUw25Yo,https://www.youtube.com/watch?v=qu75lUw25Yo,Bến xe buýt đối diện Vincom Thảo Điền,"Bến xe buýt đối diện Vincom Thảo Điền
Địa điểm này nằm trên Xa lộ Hà Nội. Có thế thấy Landmark 81 xa xa ở đây 
#greywalkervn 
#travel 
#hochiminhcity 
#tourism 
#hochiminhbus",2026-09-18T06:32:31Z,2026-09-18T06:32:31Z,reject,missing_group:electric_bus,1,"transport_impact,hanoi_location",0,search,xe buýt dien,,,,,,2026-09-26T20:54:04.929342+07:00
youtube,qxaOQrQ1ajs,https://www.youtube.com/watch?v=qxaOQrQ1ajs,Scooter Rider Injured After Electric Bus Collision In Kundai,"Scooter Rider Injured After Electric Bus Collision In Kundai
#Goa_News_Channel #Konkani_News 
#GOEMKARPONN #GOANEWS #NEWSINGOA  #GOA #KONKANI #NEWS #BreakingNews #FlashNews #LatestNews #goacrime #goaforgoans #doubletracking 

About this video
A scooter rider sustained grievous injuries after an electric bus allegedly collided with his two-wheeler near Nivaant Hotel at Kundai, Ponda, on September 22. According to Mardol Police, the incident occurred around 8 am when the bus was travelling from Bhoma towards Kundai. Police said the bus driver allegedly drove rashly and negligently before hitting the rear of the scooter. The injured rider was shifted for medical treatment. Mardol Police have registered a case and further investigation is underway.

#Kundai #Ponda #MardolPolice #RoadAccident #Goemkarponn

Goemkarponn links
https://www.facebook.com/goemkarponn  https://www.instagram.com/goemkarponn/ 
https://x.com/goemkarponnlive",2026-09-25T19:18:20Z,2026-09-25T19:18:20Z,reject,not_vietnam,1,"transport_impact,electric_bus",0,search,electric bus,,,,,,2026-09-26T20:56:34.118773+07:00
youtube,r4nPEvjYGgM,https://www.youtube.com/watch?v=r4nPEvjYGgM,Here is the 436 Falcon Electric bus in Woking Saturday 26 September 2026,Here is the 436 Falcon Electric bus in Woking Saturday 26 September 2026,2026-09-26T20:58:11Z,2026-09-26T20:58:11Z,reject,not_vietnam,1,"transport_impact,electric_bus",0,search,electric bus,,,,,,2026-09-27T16:04:45.259579+07:00
youtube,rAlaZsIh7DQ,https://www.youtube.com/watch?v=rAlaZsIh7DQ,50E-657.49 xe buýt điện Vinbus số 45,"50E-657.49 xe buýt điện Vinbus số 45
Loại xe: Vinfast Green Bus 8",2026-08-14T13:42:54Z,2026-08-14T13:42:54Z,accept,electric_bus,1,"transport_impact,electric_bus",0,search,VinBus,,,,,,2026-09-26T21:04:44.283962+07:00
youtube,rKIO20wep2k,https://www.youtube.com/watch?v=rKIO20wep2k,Quảng Ninh là địa phương đầu tiên triển khai xe buýt điện đưa đón học sinh &quot;miễn phí&quot; | VOV,"Quảng Ninh là địa phương đầu tiên triển khai xe buýt điện đưa đón học sinh &quot;miễn phí&quot; | VOV
VOV | Quảng Ninh vừa trở thành địa phương đầu tiên trên cả nước triển khai mô hình xe buýt điện đưa đón học sinh hoàn toàn miễn phí, trước mắt thí điểm tại 3 phường trung tâm của thành phố.
Với 50 xe buýt điện được trang bị camera giám sát và hệ thống quẹt thẻ định danh thông minh, khoảng 1.700 học sinh tại 14 trường học sẽ được phục vụ an toàn trong suốt năm học 2026-2027. Đây là chính sách đặc thù đầy tính nhân văn, được ngân sách nhà nước hỗ trợ 100% kinh phí, góp phần xây dựng môi trường giáo dục văn minh và thúc đẩy chuyển đổi xanh tại địa phương.
_________________________________
Đăng ký theo dõi kênh Báo Điện tử Tiếng nói Việt Nam (VOV) để xem những tin tức mới nhất: https://bit.ly/DangKyKenhBaoDienTuVOV

Đây là kênh YouTube chính thức của Báo Điện tử VOV - Đài Tiếng nói Việt Nam
- Website: https://vov.vn
- Fanpage: https://www.facebook.com/baodientuvov
- Tiktok: Báo điện tử VOV ID:@baodientuvov
- Xem Youtube Báo Điện tử Tiếng nói Việt Nam (VOV) trên GG News: https://bit.ly/VOV_GGNews

37 Bà Triệu, Hoàn Kiếm, Hà Nội, Việt Nam
ĐT: (+84) 24 22105148
Fax: Fax: (+84) 24 39344230
Email: toasoanvov.vn@gmail.com

Kênh youtube Báo Điện tử Tiếng nói Việt Nam (VOV) là kênh Youtube chia sẻ các nội dung tin tức, chính trị, kinh tế, quốc tế, thế giới, pháp luật, nga ukraine mới nhất, tin nga ukraine,xung đột nga ukraine,tin quốc tế,nga ukraine hôm nay,tiêu điểm quốc tế,toàn cảnh quốc tế,thời sự quốc tế,thời sự thế giới,toàn cảnh thế giới,bản tin quốc tế,chiến sự nga ukraine, tin tức thời sự ,thời sự 19h,tin tức mới,tin mới,thời sự quốc tế,tin tức 24h mới nhất, nga và ukraine mới nhất, tin tức nga ukraine mới nhất,nga,ukraine, tin biển đông,tin nóng, các tin tức cập nhật,… cùng các phân tích, bình luận của các chuyên gia, học giả trong nước và quốc tế. 
Cảm ơn các bạn đã xem video! Hãy đăng ký kênh để cập nhật thông tin mới hữu ích nhất!
_________________________________
#quangninh #xebuytdien #xebuythocsinh #mienphi #giaoduc #chuyendoixanh #tintucdansinh 
#vov #thoisu #tintuc",2026-09-03T14:33:30Z,2026-09-03T14:33:30Z,accept,electric_bus,1,"transport_impact,hanoi_location,electric_bus",0,search,xe buyt dien,,,,,,2026-09-26T20:52:43.975232+07:00
youtube,rM_y4rWlOtg,https://www.youtube.com/watch?v=rM_y4rWlOtg,Trải nghiệm đi VŨNG TÀU  Bằng XE BUÝT ĐIỆN 172 Từ Quận 1 |GIÁ VÉ RẺ  Nhưng Liệu Có Đáng Đi Không ?,"Trải nghiệm đi VŨNG TÀU  Bằng XE BUÝT ĐIỆN 172 Từ Quận 1 |GIÁ VÉ RẺ  Nhưng Liệu Có Đáng Đi Không ?
Đi Vũng Tàu bằng xe buýt điện 172 – xu hướng du lịch xanh và siêu tiết kiệm từ Sài Gòn!
Trong video hôm nay, mình sẽ dắt mọi người cùng trải nghiệm thực tế chuyến hành trình khứ hồi Sài Gòn - Vũng Tàu và ngược lại bằng tuyến xe buýt không trợ giá số 172 do Phương Trang vận hành. Tuyến xe này sử dụng dòng xe buýt điện 40 chỗ cực kỳ hiện đại, chạy êm ru, có máy lạnh mát rượi và hỗ trợ thanh toán chuyển khoản, quẹt thẻ và  tiền mặt.
Mình sẽ chia sẻ chi tiết cho các bạn về:
* Cách tìm trạm đón xe buýt 172 tại Làn B - Bến xe buýt Sài Gòn (Công viên 23/9, Quận 1).
* Lộ trình di chuyển xuyên qua hầm sông Sài Gòn, Mai Chí Thọ, cao tốc Long Thành - Dầu Giây và Quốc lộ 51.
* Giá vé thực tế tính theo chặng (từ 30.000đ đến 110.000đ cho toàn tuyến).
* Cập nhật lịch trình mới nhất: tăng lên 84 chuyến/ngày, xe chạy từ 4h00/4h30 sáng đến 21h30 tối.
* Những lưu ý quan trọng về thời gian di chuyển (khoảng 2,5 - 3 tiếng), trạm dừng chân và nhược điểm ghế nhựa không ngả để mọi người chuẩn bị tâm lý trước khi đi!
Nếu bạn đang lên kế hoạch phượt Vũng Tàu cuối tuần vừa rẻ vừa an toàn thì xe buýt 172 chắc chắn là lựa chọn đáng thử. 

Đừng quên nhấn LIKE, SHARE và SUBSCRIBE kênh @HolaKhanh_Vento để ủng hộ mình ra thêm nhiều video trải nghiệm  tiếp theo nhé!


📌 THÔNG TIN THAM KHẢO VỀ XE BUS 172:
• Hotline đặt vé/hỗ trợ: 1900 63 84 94
• Điểm đầu/cuối: Bến xe buýt Sài Gòn (Công viên 23/9, Lê Lai) ↔️ Bến xe Vũng Tàu
• Tần suất: 15 - 45 phút/chuyến tùy khung giờ



#xebuyt172 #xebuytdien172 #saigonvungtau #buyt172vungtau #dulichvungtau #xebuytphuongtrang#vungtau #saigon #reviewvungtau #dulichsaigon #phuongtrangfuta #xebuyttphcm #dulichtietkiem#trainghiemxebuyt",2026-09-14T09:46:21Z,2026-09-14T09:46:21Z,accept,electric_bus,1,"transport_impact,electric_bus",1,search,xe buýt điện,,,,,,2026-09-26T20:50:27.799228+07:00
youtube,rSopkAwlQ1w,https://www.youtube.com/watch?v=rSopkAwlQ1w,CHUYẾN XE 0:13 KHÔNG CÓ ĐIỂM ĐẾN… TẤM VÉ CUỐI CÙNG GHI TÊN TÔI,"CHUYẾN XE 0:13 KHÔNG CÓ ĐIỂM ĐẾN… TẤM VÉ CUỐI CÙNG GHI TÊN TÔI
Chuyến xe buýt không có điểm đến xuất hiện lúc 0:13 trong một đêm mưa. Không số tuyến, không điểm dừng… nhưng lại có những hành khách đang ngồi im bên trong.
Một người đàn ông vô tình bước lên chuyến xe kỳ lạ ấy và nhanh chóng nhận ra những điều bất thường: không có sóng điện thoại, đồng hồ luôn dừng ở 0:13, những bàn tay xuất hiện bên ngoài cửa kính và một tấm vé mang chính tên của anh.
Nhưng điều đáng sợ nhất chỉ được hé lộ ở cuối câu chuyện…
Tại sao chuyến xe không có điểm đến?
Ai là người thực sự đang lái chiếc xe?
Và tại sao người bước lên xe cuối cùng lại có… tấm vé mang tên chính mình?
👻 Đây là câu chuyện tâm linh hư cấu được xây dựng theo phong cách truyện ma – kinh dị – bí ẩn nhằm mục đích giải trí.
Nếu bạn thích chuyện tâm linh, chuyện ma, truyện kinh dị, chuyện bí ẩn ban đêm, chuyến xe ma và những câu chuyện không thể giải thích, hãy đăng ký kênh để xem những câu chuyện tiếp theo.
⚠️ Đừng bỏ qua đoạn cuối. Cú twist cuối có thể khiến bạn phải xem lại từ đầu.
👇 CÂU HỎI DÀNH CHO BẠN:
Nếu đứng một mình lúc 0:13 và chiếc xe này dừng trước mặt, bạn có bước lên không?
🚌 1 – CÓ, tôi vẫn lên
👻 2 – KHÔNG, tôi bỏ chạy
Hãy bình luận 1 hoặc 2 và xem những người khác lựa chọn giống bạn không.
#chuyentamlinh #chuyenma #truyenma #truyenkinhdi #chuyenxebuýt #chuyenxema #chuyenmadem #truyentamlinh #kinhdi #biAn #chuyenmaVietNam",2026-09-20T13:03:18Z,2026-09-20T13:03:18Z,reject,missing_group:electric_bus,1,transport_impact,0,search,điểm dừng xe buýt điện,,,,,,2026-09-26T21:07:30.534254+07:00
youtube,rV-tNf-9yWg,https://www.youtube.com/watch?v=rV-tNf-9yWg,TRẢI NGHIỆM VỚI TUA BUS ĐIỆN HCM -VŨNG TÀU,TRẢI NGHIỆM VỚI TUA BUS ĐIỆN HCM -VŨNG TÀU,2026-09-08T07:41:40Z,2026-09-08T07:41:40Z,accept,electric_bus,1,"transport_impact,electric_bus",0,search,xe bus điện,,,,,,2026-09-26T20:51:47.570887+07:00
youtube,rXifB_JDKb4,https://www.youtube.com/watch?v=rXifB_JDKb4,"CM Mohan Yadav : MP में दौड़ेंगी 15,000 बसें! PM E-Bus और CM Sugam Parivahan सेवा का शुभारंभ","CM Mohan Yadav : MP में दौड़ेंगी 15,000 बसें! PM E-Bus और CM Sugam Parivahan सेवा का शुभारंभ
CM Mohan Yadav : MP में दौड़ेंगी 15,000 बसें! PM E-Bus और CM Sugam Parivahan सेवा का शुभारंभ
KM KHABAR
खबर को Share और Forward ज़रूर करें।

KM KHABAR आपके लिए लेकर आता है देश-दुनिया, राजनीति, बॉलीवुड, क्राइम, शिक्षा, रोजगार, मध्य प्रदेश, छत्तीसगढ़ और अन्य राज्यों की हर बड़ी खबर सबसे तेज़ और बेबाक अंदाज़ में।

🔔 Channel को Subscribe करें और Bell Icon दबाएं ताकि कोई भी बड़ी खबर आपसे छूट न जाए।

KM KHABAR is a fast-growing Hindi digital news platform dedicated to delivering accurate, unbiased, and timely news. We bring you breaking news, political developments, entertainment updates, viral stories, education news, government schemes, job alerts, and ground reports from across India.

Our mission is to provide factual journalism with speed, credibility, and clarity, keeping our audience informed with every important update.

Stay Connected with KM KHABAR – News That Matters.

Incoming Search Terms

#NitinGadkari #PMEBus #MadhyaPradesh #MPNews #EBus #PublicTransport #SugamParivahan #sevasankalpabhiyan",2026-09-25T13:42:09Z,2026-09-25T13:42:09Z,reject,not_vietnam,1,"transport_impact,electric_bus",0,search,e-bus,,,,,,2026-09-26T20:58:54.425518+07:00
youtube,raDSpBRF7Uk,https://www.youtube.com/watch?v=raDSpBRF7Uk,Cơm nhà mũi né đối diện bến xe buýt mũi né #langchaimuine #food #beach #coffee #review #dulich,Cơm nhà mũi né đối diện bến xe buýt mũi né #langchaimuine #food #beach #coffee #review #dulich,2026-09-18T05:02:30Z,2026-09-18T05:02:30Z,reject,missing_group:electric_bus,1,transport_impact,0,search,xe buýt dien,,,,,,2026-09-26T20:54:04.930343+07:00
youtube,rbozO_a-CNo,https://www.youtube.com/watch?v=rbozO_a-CNo,Hướng dẫn phân biệt các loại trụ sạc công cộng,"Hướng dẫn phân biệt các loại trụ sạc công cộng
#vinfast #vinfastlaixuanthinh #vinfastvovankiet #tramsac",2026-09-15T02:15:36Z,2026-09-15T02:15:36Z,reject,missing_group:electric_bus,1,,0,search,xe điện công cộng,,,,,,2026-09-26T21:05:52.276486+07:00
youtube,sEUwlVkAfiE,https://www.youtube.com/watch?v=sEUwlVkAfiE,Trải nghiệm xe Đinh Đinh trên 100 ở Hồng Kông ở Trung Quốc,Trải nghiệm xe Đinh Đinh trên 100 ở Hồng Kông ở Trung Quốc,2026-08-09T07:56:08Z,2026-08-09T07:56:08Z,reject,missing_group:electric_bus,1,,0,search,trải nghiệm xe buýt điện,,,,,,2026-09-26T21:08:17.970303+07:00
youtube,sKAFuDVCvQg,https://www.youtube.com/watch?v=sKAFuDVCvQg,Pirate vs Privateer: What’s the Difference? 🏴‍☠️ #shortsfeed,Pirate vs Privateer: What’s the Difference? 🏴‍☠️ #shortsfeed,2026-09-26T01:50:20Z,2026-09-26T01:50:20Z,reject,missing_group:electric_bus,1,,0,search,ebus,,,,,,2026-09-26T20:59:31.403135+07:00
youtube,sKO6iBCCrvo,https://www.youtube.com/watch?v=sKO6iBCCrvo,Kim Long Motor xuất khẩu lô xe bus điện đầu tiên sang Thái Lan ,"Kim Long Motor xuất khẩu lô xe bus điện đầu tiên sang Thái Lan 
Kim Long Motor vừa hoàn tất bàn giao lô 9 xe bus điện xuất khẩu sang Thái Lan, mở màn cho hợp đồng 113 xe phục vụ hạ tầng giao thông xanh tại thủ đô Bangkok.

https://vietnamnet.vn/kim-long-motor-xuat-khau-lo-xe-bus-dien-dau-tien-sang-thai-lan-2553912.html",2026-09-10T14:14:01Z,2026-09-10T14:14:01Z,accept,electric_bus,1,"transport_impact,hanoi_location,electric_bus",0,search,xe bus điện,,,,,,2026-09-26T20:51:31.193877+07:00
youtube,sPw7ZFKLd3Q,https://www.youtube.com/watch?v=sPw7ZFKLd3Q,Chi nhánh Điện Biên của nhà xe Trường Thành nè,Chi nhánh Điện Biên của nhà xe Trường Thành nè,2026-08-25T02:04:05Z,2026-08-25T02:04:05Z,reject,missing_group:electric_bus,1,,0,search,xe buyt dien,,,,,,2026-09-26T20:52:53.882971+07:00
youtube,sW1XZHdYfwg,https://www.youtube.com/watch?v=sW1XZHdYfwg,🚌 DELHI TO DEHRADUN SLEEPER BUS JOURNEY | EBUS INDIA | @AbdulRehmanVlogs24,"🚌 DELHI TO DEHRADUN SLEEPER BUS JOURNEY | EBUS INDIA | @AbdulRehmanVlogs24
🚌 DELHI TO DEHRADUN SLEEPER BUS JOURNEY | EBUS INDIA | PART 1

Welcome to Abdulrehman BusVlog! ❤️

In this vlog, we are taking you on a complete Sleeper Bus journey from Delhi Kashmere Gate to Dehradun with EBus India.

This is Part 1 of our journey, where you will see the real experience of a Sleeper Bus journey, including passenger pickups, route conditions, and the different challenges and problems faced during the journey.

🚌 Bus: EBus India – Sleeper Bus

📍 ROUTE:
Delhi Kashmere Gate → Anand Vihar → Ghazipur → Noida Sector 62 → ABES College → Dehradun

📌 PICKUP POINTS:
• Delhi Kashmere Gate
• Anand Vihar
• Ghazipur
• Noida Sector 62
• ABES College

Throughout this vlog, we show you how passengers are picked up at different locations, what challenges we face during the journey, and what a real Sleeper Bus journey from Delhi to Dehradun looks like.

If you enjoy Bus Vlogs, Sleeper Bus Journeys, Road Trips, Travel Vlogs, and Public Transport videos, make sure to:

👍 Like the video
💬 Share your thoughts in the comments
🔔 Subscribe to Abdulrehman BusVlog
📲 Share this video with your friends and family

Stay connected for Part 2 of this journey! ❤️

━━━━━━━━━━━━━━━━━━━━━━

📱 FOLLOW ABDULREHMAN BUSVLOG

📸 Instagram:
Abdulrehman BusVlog

📘 Facebook:
Abdulrehman BusVlog

━━━━━━━━━━━━━━━━━━━━━━

🎵 MUSIC CREDITS

All music used in this video belongs to the respective artists and music platforms. Full credit is given to the original creators.

🎧 Dreamy — Aylex
Source: Free To Use Music

🎧 No Copyright Music — APALONBeats
Artist: APALONBeats
Source: Pixabay
Track ID: 576255

🎧 No Copyright Luxury — Sub_Clair
Artist: Sub_Clair
Source: Pixabay
Track ID: 550484

🎧 No Copyright Music — ikoliks_aj
Artist: ikoliks_aj
Composer: Mykola Odnoroh
Source: Pixabay
Track ID: 468179

🎧 Fareoh — Under Water [NCS Release]
Music provided by NoCopyrightSounds

━━━━━━━━━━━━━━━━━━━━━━

🙏 SPECIAL THANKS

Special thanks to all the artists and music platforms for providing music for creators.

Music rights belong to their respective copyright owners.

━━━━━━━━━━━━━━━━━━━━━━

#AbdulrehmanBusVlog #BusVlog #SleeperBus #EBusIndia #DelhiToDehradun #Dehradun #DelhiBus #KashmereGate #AnandVihar #Ghazipur #NoidaSector62 #ABESCollege #BusJourney #TravelVlog #SleeperBusJourney #Part1",2026-09-24T15:43:29Z,2026-09-24T15:43:29Z,reject,not_vietnam,1,"transport_impact,electric_bus",0,search,ebus,,,,,,2026-09-26T21:00:48.279300+07:00
youtube,sbo3FCV_xq0,https://www.youtube.com/watch?v=sbo3FCV_xq0,"E-Bus Service Madhya Pradesh: मोहन सरकार का बड़ा तोहफा, बस सेवा शुरू | CM Mohan Yadav","E-Bus Service Madhya Pradesh: मोहन सरकार का बड़ा तोहफा, बस सेवा शुरू | CM Mohan Yadav
E-Bus Service Madhya Pradesh: मोहन सरकार का बड़ा तोहफा, बस सेवा शुरू | CM Mohan Yadav

मध्य प्रदेश के लिए 25 सितंबर का दिन ऐतिहासिक रहा। अब प्रदेश में सफर आसान, सुरक्षित और सुविधाओं से भरपूर होगा। दरअसल, भोपाल के भेल दशहरा मैदान में आयोजित कार्यक्रम में केंद्रीय सड़क परिवहन एवं राजमार्ग मंत्री नितिन गडकरी और मुख्यमंत्री डॉ. मोहन यादव ने मुख्यमंत्री सुगम परिवहन सेवा और पीएम ई-बस सेवा की शुरुआत की। मोबिलिटी विजन-2030 (Mobility Vision-2030) के तहत केंद्रीय मंत्री गडकरी और सीएम डॉ. मोहन यादव ने 7 शहरों की 351 इंटरसिटी और इंट्रासिटी बसों को हरी झंडी दिखाकर रवाना किया।

#mpbusservice #nitingadkari #mohanyadav #indiatv 


----------------------------------------------------------------------------------------------------------------------------------------
For more videos, visit https://www.indiatvnews.com/video or https://www.indiatv.in/video


VETO - Subscription free OTT Platform, Download Now: https://onelink.to/s3rweu
Subscribe to IndiaTV and don't forget to press ""THE BELL ICON"" to never miss any updates-
http://bit.ly/2O2aC1J


Download Mobile App:
Link for Android device: https://bit.ly/2V2wnA3
Link for Apple device: https://apple.co/2EB9lKr 


Follow Us On: 
Facebook: / indiatvnews  
                      / indiatv.in        
Twitter: / indiatvnews  
                 / indiatvhindi  


About Us: IndiaTV is the country's most trusted Hindi News Channel. IndiaTV covers the latest news in Politics, Nation, World, Entertainment, Bollywood, Business, and Sports categories and delivers reliable information across all platforms - TV, Internet, and Mobile. Stay tuned for IndiaTV's flagship programs like Aap Ki Adalat, Aaj Ki Baat with Rajat Sharma, Corona Se Jung Swami Ramdev Ke Sang, Bhavishyavani, Haqiqat Kya Hai, OMG, Special Report, and many more.


IndiaTV भारत का No.1 विश्वसनीय Hindi News Channel है। IndiaTV News Channel राजनीति, मनोरंजन, बॉलीवुड, व्यापार और खेल से जुड़े Latest News अपने दर्शकों तक पहुंचाता है। IndiaTV की Live खबरें एवं Hindi Breaking News के लिए बने रहें। 


Also Watch:
Aaj Ki Baat: • आज की बात रजत शर्मा के साथ  
Aap Ki Adalat: • Aap Ki Adalat with Rajat Sharma | आप की अदालत  
Haqiqat Kya Hai: • Haqiqat Kya Hai? | हकीकत क्या है?  
Yoga by Swami Ramdev: • Yoga with Swami Ramdev | योग के रंग स्वामी...  


Get All Latest Updates Here:
IndiaTV Live TV Streaming: https://www.indiatvnews.com/livetv 
IndiaTV News in English: https://www.indiatvnews.com 
IndiaTV News in Hindi: https://www.indiatv.in",2026-09-25T18:31:00Z,2026-09-25T18:31:00Z,reject,not_vietnam,1,"transport_impact,electric_bus",0,search,e-bus,,,,,0,2026-09-26T20:58:31.376819+07:00
youtube,shQb4LgSKwc,https://www.youtube.com/watch?v=shQb4LgSKwc,XE BUÝT 39 BẾN XE SÀI GÒN ĐI BẾN XE MIỀN TÂY ,XE BUÝT 39 BẾN XE SÀI GÒN ĐI BẾN XE MIỀN TÂY,2026-09-12T22:33:13Z,2026-09-12T22:33:13Z,reject,missing_group:electric_bus,1,transport_impact,1,search,xe buýt dien,,,,,,2026-09-26T22:04:00.434913+07:00
youtube,skj9uVlq4v8,https://www.youtube.com/watch?v=skj9uVlq4v8,REVIEW KIM LONG GK48EV – VAN ĐIỆN CHẠY 305KM/1 LẦN SẠC,"REVIEW KIM LONG GK48EV – VAN ĐIỆN CHẠY 305KM/1 LẦN SẠC
REVIEW KIM LONG GK48EV – VAN ĐIỆN TẢI 945KG | DI CHUYỂN ĐẾN 305KM/LẦN SẠC

⚡ THÔNG SỐ KỸ THUẬT GK48EV:
🔹 Pin: 41,86 kWh
🔹 Quãng đường di chuyển: tối đa 305 km/lần sạc đầy
🔹 Tốc độ tối đa: 100 km/h
🔹 Tải trọng chuyên chở: 945 kg
🔸 Kích thước tổng thể (D × R × C): 4.860 × 1.750 × 1.990 mm
🔸 Khoảng sáng gầm: 155 mm
🔸 Bán kính quay vòng nhỏ nhất: 5,6 m
🔸 Kích thước khoang hàng (D × R × C):
👉 2.810 × 1.525 × 1.370 mm

Với khoang hàng rộng và thiết kế cửa thuận tiện cho việc chất dỡ hàng, GK48EV phù hợp với nhiều nhu cầu như giao hàng nội thành, hàng thương mại điện tử, hàng tiêu dùng, thực phẩm, nông sản và vận chuyển hàng hóa hằng ngày.

Anh chị quan tâm Kim Long GK48EV cần giá xe, thông số, chính sách trả góp hoặc muốn xem xe thực tế, hãy liên hệ em Đông để được tư vấn.

HOTLINE: 0328 511 904

👍 LIKE – ĐĂNG KÝ KÊNH – CHIA SẺ VIDEO để ủng hộ em Đông và xem thêm nhiều video review xe thực tế nhé!

#KimLongGK48EV #GK48EV #XeVanDien #VanDienKimLong #XeVanChoHang #XeDien #KimLongMotor #XeVan #XeChoHang #XeTaiDien #XeVanDien4m8 #HyundaiMienNam",2026-09-16T03:20:16Z,2026-09-16T03:20:16Z,reject,missing_group:electric_bus,1,transport_impact,0,search,xe buýt dien,,,,,,2026-09-26T20:54:04.951736+07:00
youtube,skw-zcO0lik,https://www.youtube.com/watch?v=skw-zcO0lik,"Bus Safari at Vin Pearl Safari, Phu Quoc, Vietnam. #vinpearlsafariphuquoc #phuquoc #vietnam ","Bus Safari at Vin Pearl Safari, Phu Quoc, Vietnam. #vinpearlsafariphuquoc #phuquoc #vietnam 
Bus Safari at Vin Pearl Safari, Phu Quoc, Vietnam.",2026-09-14T14:08:57Z,2026-09-14T14:08:57Z,reject,missing_group:electric_bus,1,transport_impact,0,search,Vin Bus,,,,,,2026-09-26T21:05:17.693972+07:00
youtube,swKUEQpbrbg,https://www.youtube.com/watch?v=swKUEQpbrbg,"TP.HCM mở 2 tuyến xe buýt điện mới, miễn vé đến hết năm 2026 | VOV1","TP.HCM mở 2 tuyến xe buýt điện mới, miễn vé đến hết năm 2026 | VOV1
#VOV1: TP.HCM sẽ đưa vào hoạt động hai tuyến xe buýt điện số 179 và 180 từ ngày 5/10, kết nối khu đô thị Vinhomes Grand Park với khu vực trung tâm Thành phố. Hành khách được miễn vé trên hai tuyến đến hết năm nay.
#thoisuvov1 #tintucvov1#banthoisuvov1 
----------------------------
Đăng ký kênh: https://www.youtube.com
Website: https://vov1.vov.vn/
Facebook: https://www.facebook.com/vov1.vn/
Tiktok: https://www.tiktok.com/@vov1.vn
Mời các bạn xem thêm: https://vov1.vov.vn/multimedia
------------------------
#thoisuvov1 #tintuc #thoisu #banthoisu #vov1 #daitnvn #tinnong #tinnhanh #tinhot #tinthoi #tinmoi #thoisutnvn #nhanhnhay #tincay #hapdan",2026-09-22T03:05:35Z,2026-09-22T03:05:35Z,accept,electric_bus,1,"transport_impact,electric_bus",1,search,xe buýt điện,,,,,,2026-09-26T20:47:32.168346+07:00
youtube,tM1tyCCd-9Q,https://www.youtube.com/watch?v=tM1tyCCd-9Q,Foton Ebus U12 Sc (Recorrido 106),Foton Ebus U12 Sc (Recorrido 106),2026-09-20T16:31:30Z,2026-09-20T16:31:30Z,reject,not_vietnam,1,electric_bus,0,search,ebus,,,,,,2026-09-26T21:02:01.459448+07:00
youtube,tMDooSDh_YE,https://www.youtube.com/watch?v=tMDooSDh_YE,"Xe điện #fordmustang đi 550km/sạc và 395Hp. Niêm yết còn 1,699 tỷ","Xe điện #fordmustang đi 550km/sạc và 395Hp. Niêm yết còn 1,699 tỷ
Xe điện #fordmustang đi 550km/sạc và 395Hp.
Niêm yết còn 1,699 tỷ
LH 084.848.8555",2026-09-23T15:25:21Z,2026-09-23T15:25:21Z,reject,missing_group:electric_bus,1,transport_impact,0,search,review bus điện,,,,,,2026-09-26T21:08:04.314623+07:00
youtube,tMdyB41_upg,https://www.youtube.com/watch?v=tMdyB41_upg,CHUYẾN XE BUÝT LÚC 3 GIỜ 17 PHÚT | Phần 1: Trạm Xe Không Có Trên Bản Đồ | Truyện Ma Kinh Dị,"CHUYẾN XE BUÝT LÚC 3 GIỜ 17 PHÚT | Phần 1: Trạm Xe Không Có Trên Bản Đồ | Truyện Ma Kinh Dị
CHUYẾN XE BUÝT LÚC 3 GIỜ 17 PHÚT – PHẦN 1: TRẠM XE KHÔNG CÓ TRÊN BẢN ĐỒ
Có những chuyến xe buýt mà bạn sẽ không bao giờ tìm thấy trên bản đồ.
Không có trong ứng dụng.
Không có số tuyến chính thức.
Và cũng không có điểm cuối.
Khải là một nhân viên văn phòng thường xuyên tăng ca đến khuya.
Một đêm gần 3 giờ sáng, cậu đứng chờ xe tại một trạm quen thuộc.
Đúng lúc đó, một người phụ nữ bí ẩn hỏi:
“Cậu cũng chờ chuyến 317 à?”
Nhưng trước khi Khải kịp hỏi thêm, người phụ nữ đã biến mất.
Đúng 3 giờ 17 phút, một chiếc xe buýt xuất hiện từ trong màn mưa.
Trên bảng điện tử chỉ có ba con số.
317.
Khải bước lên chuyến xe cuối cùng trong đêm.
Nhưng bên trong, không một hành khách nào nói chuyện.
Không ai sử dụng điện thoại.
Và trên cửa kính có một dòng cảnh báo kỳ lạ:
“NẾU XE DỪNG Ở TRẠM KHÔNG CÓ TÊN, ĐỪNG XUỐNG.”
Điều đáng sợ hơn là…
Chiếc ghế bên cạnh Khải vừa rồi vẫn còn trống.
Nhưng khi cậu quay lại…
Đã có một người ngồi đó.
🎧 Đeo tai nghe và tắt đèn để có trải nghiệm nghe truyện kinh dị trọn vẹn hơn.
👉 Đón xem PHẦN 2 để khám phá bí mật về chuyến xe buýt số 317 và lý do Khải được cảnh báo rằng mình đã lên nhầm chuyến.
HOOK:
“Có một chuyến xe chỉ xuất hiện lúc 3 giờ 17 phút sáng. Nếu bạn nhìn thấy nó… có lẽ bạn không nên bước lên.”
HASHTAG:
#TruyenMa #TruyenKinhDi #ChuyenXeBuyt317 #ChuyenXeBuytLuc3Gio17Phut #TruyenMaDemKhuya #KeChuyenMa #ChuyenMa #XeBuytMa #TruyenMaHay #KinhDiTamLy #HorrorStory #ChuyenKinhDi",2026-09-08T15:36:17Z,2026-09-08T15:36:17Z,reject,missing_group:electric_bus,1,transport_impact,0,search,tuyến xe buýt điện,,,,,,2026-09-26T21:06:29.470797+07:00
youtube,tP_tKvKEei0,https://www.youtube.com/watch?v=tP_tKvKEei0,Trải nghiệm xe Cabin Cung Điện 5 sao Ninh Bình - Sapa!#xedininhbinhsapa#xecabincungdien#xuhuong,"Trải nghiệm xe Cabin Cung Điện 5 sao Ninh Bình - Sapa!#xedininhbinhsapa#xecabincungdien#xuhuong
Tuyến đường Ninh Bình - Sapa là sự kết nối giữa hai di sản thiên nhiên và văn hóa đặc sắc bậc nhất của Việt Nam.

Ninh Bình - Vẻ đẹp non nước hữu tình:
Được mệnh danh là ""Vịnh Hạ Long trên cạn"", Ninh Bình sở hữu vẻ đẹp bình yên, thơ mộng với những dãy núi đá vôi trùng điệp, những dòng sông xanh ngắt uốn lượn quanh co. Những địa danh không thể bỏ qua bao gồm:

Tràng An: Quần thể danh thắng thế giới với hệ thống hang động kỳ bí.

Hang Múa: Nơi bạn có thể leo hàng trăm bậc đá để ngắm trọn vẹn cánh đồng lúa Tam Cốc từ trên cao.

Chùa Bái Đính: Ngôi chùa lớn nhất Đông Nam Á với kiến trúc đồ sộ, linh thiêng.

Sapa - Thị trấn trong sương lãng mạn:
Rời xa vùng đồng bằng, tuyến xe XVIP sẽ đưa bạn lên độ cao hơn 1.500m so với mực nước biển để đến với Sapa mù sương.

Đỉnh Fansipan: Nóc nhà Đông Dương, nơi bạn có thể chạm tay vào mây trời.

Bản Cát Cát: Khám phá văn hóa bản địa đặc sắc của đồng bào dân tộc H'Mông.

Thung lũng Mường Hoa: Nơi có những thửa ruộng bậc thang tuyệt đẹp, thay màu theo từng mùa.

Sự chuyển đổi từ không gian non nước Bắc Bộ (Ninh Bình) lên vùng núi rừng Tây Bắc (Sapa) chắc chắn sẽ là một hành trình để lại nhiều cảm xúc. Và hành trình đó sẽ trọn vẹn 100% khi có sự đồng hành của xe cabin cung điện XVIP.
📞 HÀNH ĐỘNG NGAY HÔM NAY:
Nhấc máy lên và gọi ngay cho Tổng Đài Đặt Xe XVIP qua HOTLINE: 19001997. Đội ngũ của chúng tôi luôn sẵn sàng phục vụ quý khách!
📍 Thông tin liên hệ rút gọn:
- Dịch vụ: Xe Cabin Cung Điện ""Khách sạn 5 sao di động""
- Tuyến đường: Ninh Bình - Sapa (2 chiều)
- Tổng Đài Đặt Xe XVIP: 19001997",2026-08-01T08:54:46Z,2026-08-01T08:54:46Z,reject,missing_group:electric_bus,1,transport_impact,1,search,trải nghiệm xe buýt điện,,,,,,2026-09-26T21:08:24.478741+07:00
youtube,tQNCMr5wh0c,https://www.youtube.com/watch?v=tQNCMr5wh0c,"Thiếu niên xe điện làm loạn phố, tiếp viên buýt đuổi khách và siêu dự án tỷ đô! #TinNong #ThoiSu","Thiếu niên xe điện làm loạn phố, tiếp viên buýt đuổi khách và siêu dự án tỷ đô! #TinNong #ThoiSu
Thiếu niên xe điện làm loạn phố, tiếp viên buýt đuổi khách và siêu dự án tỷ đô! #TinNong #ThoiSu",2026-09-26T06:12:13Z,2026-09-26T06:12:13Z,reject,missing_group:electric_bus,1,transport_impact,0,search,buýt điện,,,,,,2026-09-26T20:54:33.457950+07:00
youtube,tWbe820DzUI,https://www.youtube.com/watch?v=tWbe820DzUI,REVIEW VINBUS ĐIỆN CHO TRƯỜNG HỌC AN TOÀN VÀ THÂN THIỆN MÔI TRƯỜNG,"REVIEW VINBUS ĐIỆN CHO TRƯỜNG HỌC AN TOÀN VÀ THÂN THIỆN MÔI TRƯỜNG
⬇️ SẢN PHẨM TRONG VIDEO ⬇️
--------------------------------
👉 VinBus Điện Cho Trường Học VinFast
🛒 Link mua: https://s.shopee.vn/qhnOrMXoC
--------------------------------
VinBus điện của VinFast là giải pháp xe buýt thân thiện môi trường dành riêng cho học sinh. Điểm nổi bật là không có khói bụi, vận hành hoàn toàn bằng pin và động cơ điện, bảo vệ sức khỏe các em học sinh và môi trường.

Đặc biệt, VinBus được trang bị tính năng cảnh báo hành khách còn trên xe - giải pháp an toàn tránh trường hợp trẻ em ngủ quên. Hệ thống camera giám sát giúp tài xế theo dõi học sinh trong suốt hành trình.

Xe đã được thiết kế phù hợp với thị trường Việt Nam, có mặt tại triển lãm phương tiện di chuyển Việt Nam tại VEC. Đây là dòng xe ứng dụng công nghệ hiện đại nhưng rất thực tế và an toàn cho các em học sinh.

Nếu bạn quan tâm đến các giải pháp di chuyển xanh và an toàn cho trường học, VinBus chính là lựa chọn đáng tin cậy!

#VinBus #XeBuýtĐiện #VinFast #XeHọcSinh #ThânThiệnMôiTrường #AnToànGiaoThông",2026-08-18T10:04:06Z,2026-08-18T10:04:06Z,accept,electric_bus,1,"transport_impact,electric_bus",0,search,VinBus,,,,,,2026-09-26T21:04:34.323977+07:00
youtube,tavgo-8j6yY,https://www.youtube.com/watch?v=tavgo-8j6yY,LẦN ĐẦU TIÊN TRẢI NGHIỆM XE BUÝT MIỄN PHÍ VÀ TÀU ĐIỆN METRO SẼ NHƯ THẾ NÀO ?,"LẦN ĐẦU TIÊN TRẢI NGHIỆM XE BUÝT MIỄN PHÍ VÀ TÀU ĐIỆN METRO SẼ NHƯ THẾ NÀO ?
Xin chào cả nhà! Mình là Đào. Kênh của Đào làm về chủ đề ẩm thực gia đình nấu những món ăn dân dã chia sẻ cuộc sống hàng ngày. Rất mong được sự yêu thương, đón nhận và xem video ủng hộ Đào, chia sẻ cho nhiều người xem và cho Đào một đăng ký, một like với nhé!
#bongdaovlog
#amthuc #cooking 
#chiasecuocsong 
#xuhuong
#shorts",2026-08-21T04:02:14Z,2026-08-21T04:02:14Z,reject,missing_group:electric_bus,1,transport_impact,0,search,trải nghiệm xe buýt điện,,,,,,2026-09-26T21:08:17.949628+07:00
youtube,te_WqHeUwhk,https://www.youtube.com/watch?v=te_WqHeUwhk,🫡 Lần đầu trải nghiệm xe buýt 172 tuyến Sài Gòn - Vũng Tàu 🚌 ⁉️#xebuyttphcm #saigonvungtau,"🫡 Lần đầu trải nghiệm xe buýt 172 tuyến Sài Gòn - Vũng Tàu 🚌 ⁉️#xebuyttphcm #saigonvungtau
Thông tin cơ bản về tuyến 172  🚌 
- Lộ trình: Chạy từ Sài Gòn (Khu vực Công viên 23/9 / Bến xe buýt Sài Gòn) đến Bến xe Vũng Tàu và đi qua các trục đường chính tại Vũng Tàu.
Giá vé suốt tuyến: 110.000 đồng/lượt (giá vé theo chặng dao động từ 30.000 đồng tùy điểm lên xuống; tuyến không thuộc diện miễn phí vé).
Thời gian hoạt động: Từ 04:00 sáng đến 19:00 tối hằng ngày.

Ưu điểm khi trải nghiệm 
- Xe buýt điện mới: Xe chạy êm, sạch sẽ, thoáng mát và không có mùi khó chịu như xe xăng dầu truyền thống.
- Chi phí tiết kiệm: Mức giá vé suốt tuyến chỉ bằng khoảng một nửa so với nhiều loại xe khách thông thường trên cùng hành trình.

#xebuyttphcm #saigonvungtau #dulichvungtau #dulichsaigon #thanhtuanmedical",2026-08-23T08:19:31Z,2026-08-23T08:19:31Z,accept,electric_bus,1,"transport_impact,electric_bus",1,search,trạm xe buýt điện,,,,,,2026-09-26T21:07:16.641613+07:00
youtube,tiYFdBJgGH8,https://www.youtube.com/watch?v=tiYFdBJgGH8,Udaipur me AC bus sasti ticket 🎟️ bhuwana sharkal se sewa aasrm#e-bus#udaipur#citybusudaipur#repido,"Udaipur me AC bus sasti ticket 🎟️ bhuwana sharkal se sewa aasrm#e-bus#udaipur#citybusudaipur#repido
City bus Udaipur me bhuwana sarkal se rana Partap Nagar se shewasrm se suraj pol ac bus ka luft uthaye kam kimto par sewa johar,💙🏹🙏🔝🚌🎫Udaipur me AC bus sasti ticket 🎟️ bhuwana sharkal se sewa aasrm#e-bus#udaipur#citybusudaipur#repido
#राजस्थान_लोक_परिवहन#rto #rtooffice #rajshthanistatusvideo #india #dungarpur #banswara #banswarablog",2026-09-27T01:33:58Z,2026-09-27T01:33:58Z,reject,not_vietnam,1,"transport_impact,electric_bus",0,search,e-bus,,,,,,2026-09-27T16:05:09.119467+07:00
youtube,tkpznnvdsQE,https://www.youtube.com/watch?v=tkpznnvdsQE,Chúng Tôi Đang Trải Nghiệm Xe Đạp Điện Công Cộng Thì Bất Ngờ Gặp S.T Sơn Thạch Ngoài Đời Thực,"Chúng Tôi Đang Trải Nghiệm Xe Đạp Điện Công Cộng Thì Bất Ngờ Gặp S.T Sơn Thạch Ngoài Đời Thực
Like & Subscribe ♥
❤️ Nếu video mang lại giá trị hoặc giúp các bạn có những phút giây giải trí, mình rất trân trọng và biết ơn mọi sự ủng hộ, đóng góp từ các bạn.

💰 Donate / Ủng hộ:
Techcombank: 1903 6711 6460 14

📸 Instagram: @qvctrq

Cảm ơn các bạn đã luôn theo dõi, ủng hộ và đồng hành cùng mình! ❤️

#motivation #mindset #selfimprovement #phattrienbanthan #growthmindset #growth",2026-09-03T14:00:28Z,2026-09-03T14:00:28Z,reject,missing_group:electric_bus,1,transport_impact,0,search,xe điện công cộng,,,,,,2026-09-26T21:05:52.338606+07:00
youtube,tsmv41vqtkA,https://www.youtube.com/watch?v=tsmv41vqtkA,"Bán tải cầu trước Vinfast VF Wild - bự bề ngang, nội thất hơi chán, ốp nhựa nhiều, nhưng mà mê quá","Bán tải cầu trước Vinfast VF Wild - bự bề ngang, nội thất hơi chán, ốp nhựa nhiều, nhưng mà mê quá
Bán Tải Cầu Trước VinFast VF Wild - Bự Bề Ngang, Nội Thất Hơi Chán, Ốp Nhựa Nhiều Nhưng Vẫn Mê!

Chi tiết trải nghiệm thực tế mẫu bán tải điện mở rộng khoảng cách (REV) đang gây sốt - VinFast VF Wild! Dù sử dụng nhiều chi tiết ốp nhựa ở ngoại thất và nội thất bản tiền thương mại còn một số điểm chưa thực sự chỉn chu, VF Wild vẫn cực kỳ cuốn hút nhờ bề ngang hố hố, thiết kế hầm hố cùng hàng loạt công nghệ hiện đại.

🔥 Những điểm nổi bật trên VinFast VF Wild trong video:

Giá dự kiến: 860 triệu đồng – Cạnh tranh trực tiếp với Ford Ranger XLS, Mitsubishi Triton, Nissan Navara.

Công nghệ REV (Range Extender): Pin thuần điện 250km + Động cơ xăng làm máy phát giúp tổng quãng đường di chuyển hơn 1.000 km mà không lo hết điện!

Chi phí vận hành siêu rẻ: Hưởng chính sách sạc miễn phí từ VinFast và ưu đãi thuế trước bạ.

Thiết kế & Khung gầm: Khung gầm Unibody, hệ thống treo cùm càng A nhôm giúp xe vận hành êm ái hàng đầu phân khúc.

Tính năng V2L: Đột phá tính năng xuất điện dự phòng cho gia đình hoặc đi dã ngoại/camping.

Timestaps:
00:00 - Giới thiệu tổng quan VinFast VF Wild & Động cơ REV

00:28 - Giá bán 860 triệu & Các đối thủ cạnh tranh (Ford Ranger XLS, Triton, Navara)

01:03 - Động cơ REV: Chạy điện 250km, tổng quãng đường hơn 1000km & Ưu đãi sạc

00:02:00 - Chi tiết ngoại thất: Đèn Bi, dải Chrome trang trí & Bề ngang đồ sộ

00:02:40 - Soi chi tiết cùm treo càng A nhôm, dàn ốp nhựa đen & Mâm 18 inch

00:03:25 - Thiết kế đuôi xe, khung gầm dạng Unibody tích hợp & Kích thước thùng xe

00:04:42 - Khám phá nội thất: Thiết kế vô lăng, cần số giống VF8 & Chế độ lái

00:05:43 - Đánh giá độ hoàn thiện nội thất, các hộc chứa đồ & Màn hình trung tâm

00:08:05 - Tầm nhìn người lái tại cột A & Trải nghiệm rộng rãi ở hàng ghế sau

00:10:40 - Soi chi tiết khoang động cơ đốt trong (REV) & Cổ hút gió đặt cao

00:12:20 - Tổng kết mức giá, chi phí sử dụng & Tính năng xuất điện V2L (V2X)

➤ Đăng ký kênh 
➤ Facebook: https://www.facebook.com/lethuongtien8386
➤ Website: xevuivietnam.com
➤ Email: lethuongtien1118@gmail.com

XeVuiVietNam - Xe gì vui mới review, đã review xe thì phải vui!
#xevuivietnam #reviewxe #lethuongtien",2026-09-22T07:53:45Z,2026-09-22T07:53:45Z,reject,missing_group:electric_bus,1,transport_impact,1,search,review bus điện,,,,,,2026-09-26T21:08:04.402219+07:00
youtube,tuDgIN-OMMw,https://www.youtube.com/watch?v=tuDgIN-OMMw,Ujjain में CM Dr Mohan Yadav ने PM E-Bus को दिखाई हरी झंडी | Mahakal lok | Madhya Pradesh News,"Ujjain में CM Dr Mohan Yadav ने PM E-Bus को दिखाई हरी झंडी | Mahakal lok | Madhya Pradesh News
Welcome to Swaraj Digital. You will see every important news in #SwarajExpresssmbc.
Technology, Employment, Political Updates.
With the condition, news and views of the entire state. Your news for you.

Incoming Search Terms:

Chhattisgarh News, Madhya Pradesh News, Today News , Breaking News, Latest News , BJP , congress , news , hindinews , bjpvscongress, livenews 
MadhyaPradesh News, mp news, breaking mp news, mp breaking news, mp samachar, Chhattisgarh News, Madhyapradesh hindi news, Madhyapradesh latest news, Madhyapradesh latest hindi news, Madhyapradesh today news, Madhyapradesh in hindi, MP hindi news, MP latest news, MP latest hindi news, Chhattisgarh, Chhattisgarh news, Chhattisgarh hindi news, Chhattisgarh latest news, Chhattisgarh latest hindi news, Chhattisgarh today news, Chhattisgarh news in hindi, Cg news,cg hindi news, Chhattisgarh news Today cg latest news, cg latest hindi news, cg today news, cg news in hindi, cg crime news, Chhattisgarh crime news, chhattisgarh news in hindi

हम से जुड़े रहने के लिए यहाँ follow करें…
1) youtube CG Swaraj LInk :- https://youtube.com/channel/UCywag9AKHWPBnZCrZpo5D0w

2) youtube MP Swaraj LINK  : - https://www.youtube.com/channel/UC4H95ePSOyslyvxJx97_uaA

3) youtube Dharm Swaraj LINK  : - https://youtube.com/channel/UCAlQ3mtSpYj_nWdam9zHZHA
web site : https://swarajdigital.in/
facebook ; https://www.facebook.com/SwarajExpressSMBC
instagram;
twitter ;https://twitter.com/swarajchannel?s=11&t=mx8jxguiv3X-u4MuVCY1dw",2026-09-27T11:13:46Z,2026-09-27T11:13:46Z,reject,not_vietnam,1,"transport_impact,electric_bus",0,search,e-bus,,,,,,2026-09-27T19:05:13.738862+07:00
youtube,ty8_RAgsQ2w,https://www.youtube.com/watch?v=ty8_RAgsQ2w,ebus msrtc,"ebus msrtc
Khamgaon bus stand",2026-09-27T04:41:29Z,2026-09-27T04:41:29Z,reject,not_vietnam,1,"transport_impact,electric_bus",0,search,ebus,,,,,,2026-09-27T16:05:26.639383+07:00
youtube,tysFfQqrIv0,https://www.youtube.com/watch?v=tysFfQqrIv0,Giá xe VinFast mới nhất. Thu Xăng Đổi Điện giảm lên đến 9% #báogiáxe #automobile #review,Giá xe VinFast mới nhất. Thu Xăng Đổi Điện giảm lên đến 9% #báogiáxe #automobile #review,2026-09-22T01:54:44Z,2026-09-22T01:54:44Z,reject,missing_group:electric_bus,1,,0,search,review bus điện,,,,,,2026-09-26T21:08:04.410197+07:00
youtube,u3rHCmWq5M8,https://www.youtube.com/watch?v=u3rHCmWq5M8,(50E-657.49) Xe buýt điện số 45 (Phần 2),(50E-657.49) Xe buýt điện số 45 (Phần 2),2026-09-06T11:01:28Z,2026-09-06T11:01:28Z,accept,electric_bus,1,"transport_impact,electric_bus",0,search,xe bus điện,,,,,,2026-09-26T20:52:17.099462+07:00
youtube,uC8JO3aUzTU,https://www.youtube.com/watch?v=uC8JO3aUzTU,"Nitin Gadkari Speech: नितिन गडकरी ने गिनाए Electric Bus के फायदे, रोजगार पर भी बड़ा बयान","Nitin Gadkari Speech: नितिन गडकरी ने गिनाए Electric Bus के फायदे, रोजगार पर भी बड़ा बयान
मध्य प्रदेश में 21 साल बाद राज्य की public bus service को फिर से शुरू किया गया है। 25 सितंबर 2026 को मुख्यमंत्री मोहन यादव और केंद्रीय सड़क परिवहन एवं राजमार्ग मंत्री नितिन गडकरी ने Mukhyamantri Sugam Parivahan Seva की शुरुआत की। शुरुआती चरण में आधुनिक public transport और electric/CNG buses पर फोकस है. कार्यक्रम में नितिन गडकरी ने Electric Bus, Ethanol, Hydrogen Fuel और Clean Transportation को लेकर अपना vision सामने रखा। उन्होंने petroleum imports कम करने, pollution घटाने और किसानों के लिए ethanol-based economy के अवसरों पर भी बात की. इस वीडियो में देखिए Nitin Gadkari का पूरा भाषण 

#nitingadkari #nitingadkari speech #electricbus #pm ebus sewa #electricvehicle #ethanol #hydrogenfuel #cleanfuel #publictransport #madhyapradesh #mohan yadav #sugamparivahanseva #bustransport #evindia #greenmobility #biharnews #latestnews #hindinews #indianews #zeehindustan",2026-09-25T12:41:36Z,2026-09-25T12:41:36Z,reject,not_vietnam,1,"transport_impact,electric_bus",0,search,electric bus,,,,,0,2026-09-26T21:09:53.170394+07:00
youtube,uEZW7RBJ328,https://www.youtube.com/watch?v=uEZW7RBJ328,vs FC VIN BUS,vs FC VIN BUS,2026-08-26T13:46:40Z,2026-08-26T13:46:40Z,reject,not_vietnam,1,"transport_impact,electric_bus",0,search,Vin Bus,,,,,,2026-09-26T21:05:24.247672+07:00
youtube,uVy7yTwNfQs,https://www.youtube.com/watch?v=uVy7yTwNfQs,Xe buýt 48 và 18 TP. Hồ Chí Minh: Dầu diesel (cũ) và Điện (Mới). Sau hơn 1 năm chuyển đổi.,Xe buýt 48 và 18 TP. Hồ Chí Minh: Dầu diesel (cũ) và Điện (Mới). Sau hơn 1 năm chuyển đổi.,2026-09-07T10:11:40Z,2026-09-07T10:11:40Z,reject,missing_group:electric_bus,1,transport_impact,1,search,xe buyt điện,,,,,,2026-09-26T20:53:57.767787+07:00
youtube,uWVB_hZvsBw,https://www.youtube.com/watch?v=uWVB_hZvsBw,Xe buýt Hà Nội tuyến 32: Bến xe Giáp Bát - Nhổn | VIỆT NAM VLOG,"Xe buýt Hà Nội tuyến 32: Bến xe Giáp Bát - Nhổn | VIỆT NAM VLOG
Xe buýt Hà Nội tuyến 32: Bến xe Giáp Bát - Nhổn | VIỆT NAM VLOG

LỘ TRÌNH
+) Lộ trình chiều đi: Bến xe Giáp Bát - Giải Phóng - Lê Duẩn - Trần Nhân Tông - Trần Bình Trọng - Trần Hưng Đạo - Quán Sứ - Hai Bà Trưng - Thợ Nhuộm - Điện Biên Phủ - Trần Phú - Kim Mã - Đào Tấn - Đường Bưởi-Điểm trung chuyển Cầu Giấy - Cầu Giấy - Xuân Thuỷ - Hồ Tùng Mậu - đường Cầu Diễn - Nhổn (điểm trung chuyển xe buýt Nhổn).

+) Lộ trình chiều về : Nhổn (điểm trung chuyển xe buýt Nhổn) - đường Cầu Diễn - Hồ Tùng Mậu - Xuân Thuỷ - Cầu Giấy - Điểm trung chuyển Cầu Giấy - Kim Mã - Nguyễn Thái Học - Lê Duẩn - Giải Phóng - Bến xe Giáp Bát.

+) Đơn vị vận hành: XN xe buýt Cầu Bươu (Transerco).
+) Tần suất xe chạy: 7 - 15 - 20 phút/chuyến.
+) Thời gian hoạt động: 5h00 - 22h30.
+) Giá vé: 10000đ/lượt.

Đăng ký kênh để xem videos https://youtube.com/@vietnamvlogchannel?si=5kukiCgNNpGWsY4G",2026-09-15T08:39:26Z,2026-09-15T08:39:26Z,reject,missing_group:electric_bus,1,"transport_impact,hanoi_location",0,search,xe buýt dien,,,,,,2026-09-26T20:54:04.959587+07:00
youtube,uYYyp39XWz0,https://www.youtube.com/watch?v=uYYyp39XWz0,Diễn tập: Bộ đội nổ súng trên xe buýt đánh chiếm lại mục tiêu quan trọng,"Diễn tập: Bộ đội nổ súng trên xe buýt đánh chiếm lại mục tiêu quan trọng
Xem thêm tại: https://tuoitre.vn/dien-tap-bo-doi-no-sung-tren-xe-buyt-danh-chiem-lai-muc-tieu-quan-trong-100260911092703255.htm

Diễn ra trong 3 ngày từ 8 đến 10-9 do Quân khu 5 tổ chức, Diễn tập khu vực phòng thủ tỉnh Đắk Lắk năm 2026 nhằm bổ sung, hoàn chỉnh các phương án, kế hoạch tác chiến, góp phần xây dựng khu vực phòng thủ tỉnh vững chắc.

#baotuoitre #tintuc #new 
----------------------------
📰 Kênh YouTube chính thức cập nhật tin tức thời sự, chính trị, pháp luật, quốc tế nhanh chóng – chính xác – khách quan.  

👉 Đăng ký ngay để không bỏ lỡ tin tức nóng hổi, phân tích chuyên sâu và góc nhìn chính thống từ Báo Pháp Luật TP.HCM.  
🔔 Subscribe: https://www.youtube.com/c/PLOTV?sub_confirmation=1  

🌐 Theo dõi Báo Pháp Luật TP.HCM trên các nền tảng khác:  

• Website: https://tuoitre.vn  

• Fanpage: https://www.facebook.com/phapluattp.vn/  

⚠️ Bản quyền thuộc Báo điện tử Tuổi Trẻ  – Vui lòng không reup khi chưa có sự đồng ý.  

#ThoiSu #PhapLuat #TinTucMoiNhat",2026-09-11T09:00:33Z,2026-09-11T09:00:33Z,reject,missing_group:electric_bus,1,transport_impact,1,search,xe buyt dien,,,,,,2026-09-26T20:52:40.676424+07:00
youtube,urGCDDfdG6Q,https://www.youtube.com/watch?v=urGCDDfdG6Q,Kya E-Bus India Paisa Vasool Hai? | Full Review &amp; Ticket Price | @ARTravelsA12,"Kya E-Bus India Paisa Vasool Hai? | Full Review &amp; Ticket Price | @ARTravelsA12
Dosto, is video mein maine E-Bus India ka detailed review kiya hai! 🚌⚡ Agar aap bhi E Bus India mein safar karne ka soch rahe hain, toh maine is video mein E-Bus ki facilities, comfort, aur sabse zaroori—isky ticket price ke baare mein sab kuch bataya hai. Kya ye aam bus se behtar hai? Kya iska kiraya paisa vasool hai? Jaanne ke liye video ko end tak zaroor dekhein!

• E-Bus India ka Full Interior aur Exterior Review

• Ticket Price aur Booking Details 🎟️

• Seats, AC, aur Comfort level kaisa hai?

• E bus india travel ka mera personal experience

Instagram link 🔗 https://www.instagram.com/abdulrehmanbusvlog?stkn=MWJjaXB6N29vNGZxeA==

Facebook link 🔗 https://www.facebook.com/share/1GyMNMHmCb/?mibextid=wwXIfr

#EBusIndia #ElectricBus #BusReview #EVBus #TravelVlog #ElectricVehicle #BusVlogger",2026-09-19T10:54:38Z,2026-09-19T10:54:38Z,reject,not_vietnam,1,"transport_impact,electric_bus",0,search,e-bus,,,,,,2026-09-26T20:58:15.067083+07:00
youtube,v1Jb7KZdiY4,https://www.youtube.com/watch?v=v1Jb7KZdiY4,Hỗ trợ từ 2 - 6 triệu đồng khi mua xe điện tại Vinfast Quân Hiền.,"Hỗ trợ từ 2 - 6 triệu đồng khi mua xe điện tại Vinfast Quân Hiền.
#vinfastquanhien #xemaydien #XeMayDienVinFast #thuxangdoidien #vituonglaixanh",2026-09-26T08:47:58Z,2026-09-26T08:47:58Z,reject,missing_group:electric_bus,1,transport_impact,0,search,bus dien,,,,,,2026-09-26T20:54:26.237221+07:00
youtube,v4-VzBao9bI,https://www.youtube.com/watch?v=v4-VzBao9bI,Lái xe bus là nghề yêu thích của tôi ! #cars #cars #viral,Lái xe bus là nghề yêu thích của tôi ! #cars #cars #viral,2026-09-26T01:35:17Z,2026-09-26T01:35:17Z,reject,missing_group:electric_bus,1,transport_impact,0,search,e-bus,,,,,,2026-09-26T20:58:18.341240+07:00
youtube,v9XiSEOxefM,https://www.youtube.com/watch?v=v9XiSEOxefM,Reaction On Eicher Electric Bus vs Daewoo Electric Bus | Pakistani Reaction | 🇵🇰❤️🇮🇳,"Reaction On Eicher Electric Bus vs Daewoo Electric Bus | Pakistani Reaction | 🇵🇰❤️🇮🇳
Reaction On Eicher Electric Bus vs Daewoo Electric Bus | Pakistani Reaction 🇵🇰❤️🇮🇳

Hey Guys! Welcome back to MadBros Reacts! 🔥 
We are comparing two new electric passenger buses today, Eicher's 56 seater Intercity Coach EV launched at Auto Expo 2025 in India, against the newly launched Daewoo Electric Bus running between Lahore and Sialkot in Pakistan, and this comparison is genuinely exciting.
Both buses mark major steps forward in electric public transport for their respective countries, and we had to break down the specs, charging times, and comfort features of each.

In this reaction, we cover:
✅ Eicher Intercity Coach EV full specs breakdown
✅ Dual port charging and 500 to 600 km daily range
✅ Daewoo Electric Bus fare, comfort, and travel time
✅ 10 lithium batteries and 35 minute charging time
✅ Comfort features and digital displays on both buses
✅ Our honest unfiltered reactions to both EVs
✅ Which electric bus offers better value for passengers

India's public transport sector continues to embrace electric mobility, and Eicher launching a 56 seater Intercity Coach EV with fast dual port charging shows just how serious manufacturers are about scaling electric buses for long distance travel. This kind of innovation in daily range and charging speed really highlights how far electric public transport technology has come.

As Pakistanis, we take pride in the Lahore to Sialkot Daewoo Electric Bus bringing this same eco friendly innovation to our own intercity travel, seeing both buses compared side by side gave us a real sense of how electric public transport is developing on both sides of the border 🇵🇰❤️🇮🇳

💬 Which electric bus would you choose to travel in, comment below!
━━━━━━━━━━━━━━━━━━━━━━━━
📌 Original Video Credits:
Channel Name: @UshaKiKiran 
Video Link: https://youtu.be/GAH0Nut_6AQ
Channel Name: @UrduPointNetwork 
Video Link: https://youtu.be/PQQyUVYisR4
━━━━━━━━━━━━━━━━━━━━━━━━
📩 Copyright/Removal Requests:
ali@digitalranksolutions.com
We respond promptly and respect all creators.
━━━━━━━━━━━━━━━━━━━━━━━━
⚠️ Fair Use Disclaimer:
This video is made for reaction, commentary, review, and educational discussion. No copyright infringement intended. All rights belong to their respective owners.
━━━━━━━━━━━━━━━━━━━━━━━━
❤️ If you enjoy Pakistani reactions to automobile comparisons, don't forget to LIKE, SHARE & SUBSCRIBE to MadBros Reacts!

#PakistaniReaction #MadBrosReacts #EicherElectricBus #DaewooElectricBus #ElectricBus #PakistanVsIndia #EVComparison #PublicTransport #PakistaniReactsToIndia #EVBus",2026-09-26T10:00:01Z,2026-09-26T10:00:01Z,reject,not_vietnam,1,"transport_impact,electric_bus",0,search,electric bus,,,,,,2026-09-27T16:01:01.209746+07:00
youtube,vAFTDPtI30g,https://www.youtube.com/watch?v=vAFTDPtI30g,Ride the Future 🚌⚡,"Ride the Future 🚌⚡
Experience the Jhelum Electro Bus 🚌⚡  a modern, eco-friendly and comfortable ride bringing green public transport to Jhelum. 💚🌱

Jhelum | Punjab Green Electric Bus Service 🚌⚡

#Jhelum #ElectroBus #ElectricBus #GreenTransport #PunjabGreenElectricBus #PublicTransport #Shorts #YouTubeShorts",2026-09-26T15:00:22Z,2026-09-26T15:00:22Z,reject,not_vietnam,1,"transport_impact,electric_bus",0,search,electric bus,,,,,,2026-09-26T23:03:11.608980+07:00
youtube,vEBRYQrxX_E,https://www.youtube.com/watch?v=vEBRYQrxX_E,Xe buýt Hà Nội tuyến 07: Cầu Giấy - Nội Bài ✈️ | VIỆT NAM VLOG,"Xe buýt Hà Nội tuyến 07: Cầu Giấy - Nội Bài ✈️ | VIỆT NAM VLOG
Xe buýt Hà Nội tuyến 07: Cầu Giấy - Nội Bài ✈️ | VIỆT NAM VLOG

LỘ TRÌNH
+) Lộ trình chiều đi: Bãi đỗ xe Cầu Giấy - Cầu Giấy - Điểm trung chuyển Cầu Giấy (hè trước tường rào vườn thú Hà Nội) - Cầu Giấy - Nguyễn Văn Huyên - cầu vượt Nguyễn Văn Huyên - Xuân Tảo - Hoàng Minh Thảo - đường ven công viên Hòa Bình - Đỗ Nhuận - Phạm Văn Đồng - Cầu Thăng Long - Võ Văn Kiệt - Đường dưới cầu vượt Kim Chung - Võ Văn Kiệt - quay đầu tại điểm mở (đối diện Công ty dịch vụ hàng hóa Hàng Không-ACS) - Võ Văn Kiệt - Sân bay Nội Bài (điểm đỗ xe buýt, nhà ga T1).

+) Lộ trình chiều về : Sân bay Nội Bài (điểm đỗ xe buýt, nhà ga T1) - Võ Văn Kiệt - đường vào sân đỗ nhà ga T2, Sân bay Nội Bài - điểm dừng xe buýt đón trả khách (sân đỗ xe nhà ga T2) - Võ Văn Kiệt - Đường dưới cầu vượt Kim Chung - Võ Văn Kiệt - Cầu Thăng Long - Phạm Văn Đồng - Đỗ Nhuận - đường ven công viên Hòa Bình - Hoàng Minh Thảo - Xuân Tảo - cầu vượt Nguyễn Văn Huyên - Nguyễn Văn Huyên - Nguyễn Khánh Toàn - Trần Đăng Ninh - Cầu Giấy -Điểm trung chuyển Cầu Giấy (hè trước tường rào Trường ĐH GTVT) - Cầu Giấy (đường dưới) - Bãi đỗ xe Cầu Giấy.

+) Đơn vị vận hành: Công ty CP Xe Điện Hà Nội (Transerco).
+) Tần suất xe chạy: 10 - 15 phút/chuyến.
+) Thời gian hoạt động: 5h00 - 22h35.
+) Giá vé: 12000đ/lượt.

Đăng ký kênh để xem videos https://youtube.com/@vietnamvlogchannel?si=5kukiCgNNpGWsY4G",2026-09-09T05:11:53Z,2026-09-09T05:11:53Z,reject,missing_group:electric_bus,1,"transport_impact,hanoi_location",0,search,xe buyt dien,,,,,,2026-09-26T20:52:40.689986+07:00
youtube,vMRZNBNuXdE,https://www.youtube.com/watch?v=vMRZNBNuXdE,foton ebus de voy 14,foton ebus de voy 14,2026-09-26T20:44:03Z,2026-09-26T20:44:03Z,reject,not_vietnam,1,electric_bus,0,search,e-bus,,,,,,2026-09-27T16:05:16.354576+07:00
youtube,vSCxTVt15oE,https://www.youtube.com/watch?v=vSCxTVt15oE,Sửa chữa động cơ xe điện hư cảm biến (PHẦN CUỐI). #suachuaxedien #xedien #thoaithodien ,Sửa chữa động cơ xe điện hư cảm biến (PHẦN CUỐI). #suachuaxedien #xedien #thoaithodien,2026-09-26T13:20:30Z,2026-09-26T13:20:30Z,reject,missing_group:electric_bus,1,transport_impact,0,search,bus dien,,,,,,2026-09-27T16:00:42.299295+07:00
youtube,vVutzt6rCng,https://www.youtube.com/watch?v=vVutzt6rCng,NEOPLAN | ETS 2 BUS DRIVING #eurotrucksimulator2 #sorts,NEOPLAN | ETS 2 BUS DRIVING #eurotrucksimulator2 #sorts,2026-09-27T01:50:50Z,2026-09-27T01:50:50Z,reject,missing_group:electric_bus,1,transport_impact,0,search,e-bus,,,,,,2026-09-27T19:05:17.090327+07:00
youtube,vl_mEW872io,https://www.youtube.com/watch?v=vl_mEW872io,Electric Yutong TMTEW ebus of Electra Afikim on Route 351 on HaAdmor mePittsburgh blvd. in Ashdod,"Electric Yutong TMTEW ebus of Electra Afikim on Route 351 on HaAdmor mePittsburgh blvd. in Ashdod
23.07.2026, 19:59 (גרסת שורטס (Shorts version): https://youtube.com/shorts/HXbhY6ilOXg ).

יוטונג TMTEW חשמלי של אלקטרה אפיקים מבצע קו 351 (מרח' דבורה הנביאה/ראול ולנברג (רמת החייל) תל אביב למסוף ביג/תחנת רכבת עד הלום אשדוד) בשד' האדמו""ר מפיטסבורג/הרמ""א אשדוד.

490-47-104; https://www.instagram.com/p/DUd_C6IjJsm/?hl=he ; https://youtube.com/shorts/8FpYj5HtCSk ; https://youtu.be/c3rPbCeIMXI ; https://youtube.com/shorts/jfoz_0VcpJY ; https://youtu.be/vgIZD3EL3Xs ; https://yt3.googleusercontent.com/tglKLqf0N0DO8ySCr2REPw-2KLom9PvBQ19zv7CNggpq2sD63e0asdiezXgKjVJQ9Pye3SJd=s160-c-k-c0x00ffffff-no-rj ; https://www.instagram.com/p/DYgXHVDiDki/ ; https://www.instagram.com/p/DYryA7KjWE4/",2026-09-23T08:15:04Z,2026-09-23T08:15:04Z,reject,not_vietnam,1,"transport_impact,electric_bus",0,search,ebus,,,,,,2026-09-26T21:01:11.217362+07:00
youtube,vo4cKBiueA4,https://www.youtube.com/watch?v=vo4cKBiueA4,Tuyến 61-70 - Hồng (Bưu điện TP.Bến Cát - SORA gardens) Hyundai NSAC CNG - 61B-011.78 #bus,Tuyến 61-70 - Hồng (Bưu điện TP.Bến Cát - SORA gardens) Hyundai NSAC CNG - 61B-011.78 #bus,2026-08-14T04:04:48Z,2026-08-14T04:04:48Z,reject,missing_group:electric_bus,1,transport_impact,0,search,điểm dừng xe buýt điện,,,,,,2026-09-26T21:07:43.623952+07:00
youtube,vpxtKZeTgaM,https://www.youtube.com/watch?v=vpxtKZeTgaM,Bus Mỹ Đình đặc chủng,"Bus Mỹ Đình đặc chủng
HĐXX TCT VẬN TẢI HÀ NỘI:
25.05.2026: 47B - 04 - 59 - 47B - 01 - 50 - 06D/06E/101A/101B - 03B - 61 - 20A/20B/28/29/92 - 01 - 20A - 53B
CÔNG TY CP VẬN TẢI NEWWAY
XN XE KHÁCH NAM HÀ NỘI
BẢO YẾN GROUP
CÔNG TY CP VẬN TẢI NEWWAY
XN BUS HÀ NỘI
XN BUS 10-10
XN BUS CẦU BƯƠU
TÂN ĐẠT
XN BUS HÀ NỘI
BẢO YẾN 
XN BUS 10-10
XN BUS HÀ NỘI
XN BUS 10-10
CI784 SGN-TPE B-18055 CHINA AIRLINES BOEING 777-300ER
01.06.2026 TẠM DỪNG BẤM HUYỆT:
87 BX MỸ ĐÌNH - QUỐC OAI - XUÂN MAI | XN XE KHÁCH NAM HÀ NỘI 
30 KĐT GAMUDA - BX MỸ ĐÌNH | XN XE KHÁCH NAM HÀ NỘI
01 BX GIA LÂM - BX YÊN NGHĨA | XN BUS HÀ NỘI
22.06.2026
01 BX GIA LÂM - BX YÊN NGHĨA | XN BUS HÀ NỘI
55 TTTM AEON MALL LONG BIÊN - CẦU GIẤY | CT XE ĐIỆN HÀ NỘI
92 NHỔN - PHÚ SƠN (BA VÌ) | XN BUS HÀ NỘI
01 BX GIA LÂM - BX YÊN NGHĨA | XN BUS HÀ NỘI
29.06.2026
29 BX GIÁP BÁT - TÂN LẬP | XN BUS 10-10
30 KĐT GAMUDA - BX MỸ ĐÌNH | XN XE KHÁCH NAM HÀ NỘI
THE END",2026-09-20T15:24:12Z,2026-09-20T15:24:12Z,reject,missing_group:electric_bus,1,"transport_impact,hanoi_location",0,search,tuyến bus điện,,,,,,2026-09-26T21:06:46.340601+07:00
youtube,vvTp4Rxoydk,https://www.youtube.com/watch?v=vvTp4Rxoydk,Brand NEW Electric busss introduced on London bus route 194 operated by Arriva. BYD BD11 Croydon,"Brand NEW Electric busss introduced on London bus route 194 operated by Arriva. BYD BD11 Croydon
#london #buses #tfl #byd #new #viral #vehicles",2026-09-26T08:43:03Z,2026-09-26T08:43:03Z,reject,missing_group:electric_bus,1,transport_impact,0,search,electric bus,,,,,,2026-09-26T20:55:31.390420+07:00
youtube,w6X2-BNhKZU,https://www.youtube.com/watch?v=w6X2-BNhKZU,Kỷ niệm 2/9/2026-Moon Voi trải nghiệm xe Bus điện của Vin + Đi tàu điện trên cao ga Láng Hạ- Hà Đông,Kỷ niệm 2/9/2026-Moon Voi trải nghiệm xe Bus điện của Vin + Đi tàu điện trên cao ga Láng Hạ- Hà Đông,2026-09-05T06:04:38Z,2026-09-05T06:04:38Z,accept,electric_bus,1,"transport_impact,hanoi_location,electric_bus",0,search,xe bus điện,,,,,,2026-09-27T00:01:19.887311+07:00
youtube,w9P3zSDpwjE,https://www.youtube.com/watch?v=w9P3zSDpwjE,Tôm Cua Ốc trải nghiệm tàu điện Suối Tiên - Bến Thành,Tôm Cua Ốc trải nghiệm tàu điện Suối Tiên - Bến Thành,2026-08-24T01:58:58Z,2026-08-24T01:58:58Z,reject,missing_group:electric_bus,1,,0,search,xe điện công cộng,,,,,,2026-09-26T21:05:52.391398+07:00
youtube,wG7KF3fax-8,https://www.youtube.com/watch?v=wG7KF3fax-8,Vin Diesel Insane Mid-Air Flip 😱 Fast &amp; Furious Bus Jump BTS #shorts #vindiesel,"Vin Diesel Insane Mid-Air Flip 😱 Fast &amp; Furious Bus Jump BTS #shorts #vindiesel
Watch Hollywood action superstar Vin Diesel performing an unbelievable mid-air wire flip and bus roof stunt behind the scenes in crisp 4K! Pure Fast & Furious power! 😱⚡💥🦁👑⚡

¡Mira a Vin Diesel realizando una increíble pirueta aérea y acrobacia sobre un autobús detrás de cámaras en 4K! ¡Pura adrenalina de Fast & Furious! 🎬💥🦁🇲🇽🇪🇸

Hit LIKE, SHARE & SUBSCRIBE for daily viral Hollywood action edits! 👑

#VinDiesel #FastAndFurious #BusStunt #WireStunt #BehindTheScenes #HollywoodAction #ShortsFeed #YouTubeShorts #ViralShorts",2026-09-26T14:00:31Z,2026-09-26T14:00:31Z,reject,missing_group:electric_bus,1,transport_impact,0,search,Vin Bus,,,,,,2026-09-26T21:10:57.885185+07:00
youtube,wVZMMXmEHPA,https://www.youtube.com/watch?v=wVZMMXmEHPA,Vũng Tàu 2N2Đ với 2 Triệu bằng phương tiện công cộng: Liệu có khả thi?,"Vũng Tàu 2N2Đ với 2 Triệu bằng phương tiện công cộng: Liệu có khả thi?
English subtitles
Contact: tranvanhao668@gmail.com
Page Facebook: facebook.com/phuotkhongquoclo
Một Kênh Phụ khác nội dung Vlog và những video ngoài lề cuộc sống thuộc bản quyền PKQL: https://www.youtube.com/@motchinchintu1994
--
Sau một thời gian dài tạm dừng những chuyến đi, mình chính thức trở lại với một hành trình mới: Vũng Tàu 2N2Đ với 2 triệu bằng phương tiện công cộng.

Thay vì tự chạy xe máy từ Bạc Liêu đi Vũng Tàu như những chuyến đi trước, lần này mình thử một cách hoàn toàn khác: đi xe khách, sử dụng xe buýt - trong đó có tuyến bus 172 - và thuê xe máy tại Vũng Tàu để khám phá thành phố biển.

Liệu với cách di chuyển này, mình có thể tự túc khám phá Vũng Tàu trong 2 ngày 2 đêm không? Chi phí, thời gian di chuyển, sự thuận tiện và những trải nghiệm thực tế sẽ như thế nào?

Đây không chỉ là một chuyến đi Vũng Tàu, mà còn là hành trình trở lại sau một thời gian dài và thử một cách du lịch mới: bớt phụ thuộc vào việc chạy xe máy đường dài nhưng vẫn có thể chủ động khám phá.

Cùng mình bắt đầu hành trình từ Bạc Liêu đến Vũng Tàu và xem đi Vũng Tàu bằng xe khách, xe buýt và thuê xe máy có thực sự khả thi hay không nhé!

#VungTau #DuLichVungTau #Bus172 #XeKhach #Phuot
#phuotkhongquoclo #pkql #travelvlog #vietnam #travelvlogvietnam 

- Phân Cảnh Video:
00:00 GIỚI THIỆU
01:14 Xe Khách Cà Mau - Bạc Liêu - Sài Gòn
02:46 Bến Xe Miền Tây - Sài Gòn
02:59 Xe Bus 39 đi Bến Xe Bus Sài Gòn
04:14 Xe Bus 172 Sài Gòn đi Vũng Tàu
05:07 Bến Xe Vũng Tàu về Vũng Tàu
05:18 Nhận phòng tắm rửa chuẩn bị đi ăn
05:43 Thuê xe Điện Vũng Tàu
05:50 Quán Ốc Thiên Nhiên - Vũng Tàu
06:09 Quán Hàu 6k Vũng Tàu
06:29 Biển Vũng Tàu 12h Đêm
07:03 Buổi sáng đầu tiên ở Vũng Tàu
07:10 Ăn Mì Quảng Bếp Phong - Vũng Tàu
07:27 Tháp Tam Thắng và biển Vũng Tàu
11:23 Đi tắm biển Vũng Tàu
12:00 Đi Hòn Bà Vũng Tàu - Lần 1
17:30 Ăn Buffet Tê Tê -  Vũng Tàu
19:55 Máy bán nước tự động Vũng Tàu
21:28 Biển Vũng Tàu về đêm
22:13 Tháp Tam Thắng về đêm
27:57 Biển Vũng Tàu về đêm
31:43 Ăn chè Obai Vũng Tàu
32:30 Buổi sáng thứ 2 ở Vũng Tàu
32:46 Ăn Bánh Khọt Đồi Ngọc Tước - Vũng Tàu
35:45 Khách sạn Trọng Nghĩa Vũng Tàu
38:26 Ăn Mì Quảng Bếp Phong chi nhánh 2
39:14 Đi xe điện lên Hải Đăng Vũng Tàu
41:05 Hải Đăng Vũng Tàu
42:05 Đi xe điện Xuống Dốc Hải Đăng Vũng Tàu
43:09 Uống cafe ngắm Hòn Bà Vũng Tàu
44:02 Đi Hòn Bà Vũng Tàu - Lần 2
53:26 Chuẩn bị về nhà rời Vũng Tàu
53:32 Đoán xe Toàn Thắng về Sài Gòn
54:21 Xe Toàn Thắng Vũng Tàu - Sài Gòn
57:17 Bến Xe Miền Tây mua vé về Nhà
58:59 Xe Khách Sài Gòn - Cần Thơ
1:00:19 Bến xe trung tâm Cần Thơ
1:02:51 Xe khách Cần Thơ - Bạc Liêu - Cà Mau
1:03:50 Tổng kết và về nhà.

--
My name is Hạo
--
GIÚP ĐỠ MÌNH TRONG NHỮNG HÀNH TRÌNH TIẾP THEO ♥️  SUPPORT MY WORK 
- NGÂN HÀNG VIETCOMBANK : 0891000651595 ( TRẦN VĂN HẠO )
--",2026-09-06T11:00:06Z,2026-09-06T11:00:06Z,reject,missing_group:electric_bus,1,transport_impact,1,search,xe điện công cộng,,,,,,2026-09-26T21:05:52.324167+07:00
youtube,x-m9_AKGYpI,https://www.youtube.com/watch?v=x-m9_AKGYpI,"⚡ SRM E60 V2 – XE TẢI ĐIỆN 945KG, NHỎ GỌN MÀ “CÓ VÕ”! 🔥","⚡ SRM E60 V2 – XE TẢI ĐIỆN 945KG, NHỎ GỌN MÀ “CÓ VÕ”! 🔥
🚚 SRM E60 V2 – XE TẢI ĐIỆN 945KG, THÙNG SIÊU RỘNG ⚡
Nhỏ gọn – vận hành êm ái – tiết kiệm chi phí, cực kỳ phù hợp giao hàng & kinh doanh nội thành! 🔥

⚙️ THÔNG SỐ NỔI BẬT:
✅ Tải trọng: 945kg
✅ Công suất: 75kW
✅ Động cơ: TZ180XS146
✅ Lòng thùng: 2.780 x 1.640 x 1.360 mm

🔥 GIÁ CHỈ 499 TRIỆU
🎁 Bao lăn bánh – miễn 100% phí trước bạ
🎉 Tặng combo đăng ký
💳 Hỗ trợ trả góp

⚡ Xe điện – vận hành êm – tiết kiệm chi phí sử dụng

📞 Zalo: 0825 949 796 – Tiên
🚚 Giao xe toàn quốc – thủ tục nhanh gọn!

#SRME60V2 #SRME60 #XeTaiDien #XeTai945Kg #XeTaiSRM #OtoPhuCuong",2026-09-20T04:18:32Z,2026-09-20T04:18:32Z,reject,missing_group:electric_bus,1,transport_impact,0,search,xe buýt dien,,,,,,2026-09-26T20:54:04.920543+07:00
youtube,x10imgqsqLQ,https://www.youtube.com/watch?v=x10imgqsqLQ,Jaipur to Delhi Vlog Via electric Bus 🚎 🤩🫶✨️🌹❤️ #delhivlog #jaipurtodelhi #shortsvlog #dailyvlog,Jaipur to Delhi Vlog Via electric Bus 🚎 🤩🫶✨️🌹❤️ #delhivlog #jaipurtodelhi #shortsvlog #dailyvlog,2026-09-27T11:41:17Z,2026-09-27T11:41:17Z,reject,not_vietnam,1,"transport_impact,electric_bus",0,search,electric bus,,,,,,2026-09-27T19:04:53.479563+07:00
youtube,x21ZkcYgxtc,https://www.youtube.com/watch?v=x21ZkcYgxtc,The Bus | Ruta D50 Hacia Mäckeritzwiesen | EBUS 12,The Bus | Ruta D50 Hacia Mäckeritzwiesen | EBUS 12,2026-09-25T08:00:29Z,2026-09-25T08:00:29Z,reject,not_vietnam,1,"transport_impact,electric_bus",0,search,ebus,,,,,,2026-09-26T21:00:20.959214+07:00
youtube,x3QuUxpaSs8,https://www.youtube.com/watch?v=x3QuUxpaSs8,Electric Buses (ebus) of Egged on Margolin st. in Rishon LeZion,"Electric Buses (ebus) of Egged on Margolin st. in Rishon LeZion
02.08.2026, 13:31 (גרסת שורטס (Shorts version): https://youtu.be/EQMc6WEa_iY ).

הייגר KLQ6125GEV3 אפסילון חשמלי של אגד מבצע קו 21 (מחנה וסע/פארק עסקים אגמים לתחנת רכבת ראשונים ראשון לציון) ברח' מרגולין/צ""ג בנות ראשון לציון (233-48-102, סניף שורק ראשון לציון (Higer KLQ6125GEV3 Epsilon on Route 21); https://youtu.be/bHmSrfs4bjE ; https://platesmania.com/il/nomer20061543 ; https://platesmania.com/il/nomer25412682 ; https://youtu.be/EfCnAFn03tY ).

גולדן דרגון XML6125DEV פיוניר חשמלי של אגד מבצע קו 14 (מרח' שמוטקין/מכון וולקני (נסיה/התעשיין) ראשון לציון למסוף קניונים ראשון לציון) ברח' מרגולין/ברנדייס ראשון לציון (234-34-702, סניף שורק ראשון לציון (Golden Dragon XML6125DEV Pioneer on Route 14); https://platesmania.com/il/nomer27244921 )",2026-09-21T18:45:16Z,2026-09-21T18:45:16Z,reject,not_vietnam,1,"transport_impact,electric_bus",0,search,ebus,,,,,,2026-09-26T21:01:40.973742+07:00
youtube,xA1bi1BqV3g,https://www.youtube.com/watch?v=xA1bi1BqV3g,(Tuyến 36) Bến Xe Sài Gòn - Thới An,"(Tuyến 36) Bến Xe Sài Gòn - Thới An
© Bản Quyền Hy Khang 2011-2026 Xe Buýt Xanh Công Cộng TP.HCM
_____
Xin Chào Mọi Người, Mình Tên Là Hy Khang, Mình Sẽ Hướng Dẫn Tất Cả Mọi Người Đi Xe Buýt Và Lộ Trình Trạm Với Tuyến, Khám Phá Mới, 1 Trong Những Xe Buýt Xanh Bảo Vệ Môi Trường Ở TP.HCM, Xe Buýt Điện Là 1 Thương Mại Hoàn Toàn Mới Để Bảo Vệ Môi Trường Và Sạch Đẹp TP.HCM, Xin Mọi Người Hãy Coi Những Video Tiếp Theo Để Biết Về Rõ Hơn, Xin Chân Thành Cảm Ơn Chào Đón",2026-09-09T06:50:42Z,2026-09-09T06:50:42Z,accept,electric_bus,1,"transport_impact,electric_bus",1,search,xe buyt điện,,,,,,2026-09-26T20:53:40.524996+07:00
youtube,xHzEysrGpYA,https://www.youtube.com/watch?v=xHzEysrGpYA,e bus eka sup ekak onii 🥺#srilanka #bus#srilankabus,e bus eka sup ekak onii 🥺#srilanka #bus#srilankabus,2026-09-27T10:25:02Z,2026-09-27T10:25:02Z,reject,missing_group:electric_bus,1,transport_impact,0,search,e-bus,,,,,,2026-09-27T18:01:57.575309+07:00
youtube,xIA2JTL2U90,https://www.youtube.com/watch?v=xIA2JTL2U90,比亞迪左軚型B8進入蓮塘口岸站 #ebus #byd #深圳巴士,比亞迪左軚型B8進入蓮塘口岸站 #ebus #byd #深圳巴士,2026-09-27T00:27:17Z,2026-09-27T00:27:17Z,reject,not_vietnam,1,electric_bus,0,search,e-bus,,,,,,2026-09-27T16:05:12.463894+07:00
youtube,xRlfDnU9zz4,https://www.youtube.com/watch?v=xRlfDnU9zz4,Xe Điện Dat Bike Nâng Cấp Vỏ TMQ Chống Đinh Tự Vá 🔹,"Xe Điện Dat Bike Nâng Cấp Vỏ TMQ Chống Đinh Tự Vá 🔹
Anh em chạy Dat Bike cá tính nhưng luôn nơm nớp lo sợ dính đinh bánh sau làm ảnh hưởng dây điện motor? Đã có giải pháp chăm sóc kỹ thuật tối ưu từ Vỏ xe chống đinh TMQ giúp bạn hoàn toàn an tâm di chuyển!
🔹 Chi tiết dịch vụ & Thông số kỹ thuật:
Dòng lốp: Vỏ TMQ nhập Indo có chống đinh (dòng Dunlop Smart Scooter). Size chuẩn trước sau: 100/80-16.
Công nghệ Keo Polymer định hình: Dạng rắn dẻo thông minh, chịu nhiệt đến 200 độ C. Tự vá tức thì khi rút đinh, CAM KẾT KHÔNG MỤC MÂM, giữ cân bằng động hoàn hảo.
Đặc quyền xe điện: Thi công bằng máy chuyên dụng, CAM KẾT KHÔNG THÁO DÂY ĐIỆN, giữ zin 100% bảo hành hãng.
Áp suất hơi chuẩn: Bơm chuẩn 2kg bánh trước, 2.3kg bánh sau. Tặng kèm bơm khí Nitơ tiêu chuẩn Châu Âu giúp mát vỏ, giữ hơi lâu hơn 3 lần.
Chính sách tài chính ""4 Không"": Chỉ cần trả trước 20% (khoảng vài trăm ngàn) qua App ngân hàng. KHÔNG cần thẻ tín dụng, KHÔNG thế chấp, KHÔNG giữ giấy tờ, chỉ cần CCCD duyệt nhanh. Miễn phí ship toàn quốc nếu ở xa.
📞 Hotline: 0859.44.11.66 (Quyên) - 0919.696.694 (Tuấn)
📍 CN Quận 10: 486 Đường 3/2, P.10, Q.10, TP.HCM
 #VoXeChongDinhTMQ #DatBike #VoTMQnhapIndo #KeoPolymerDinhHinh #VoXeMayDien #AnTamTuyetDoi",2026-09-25T12:00:31Z,2026-09-25T12:00:31Z,reject,missing_group:electric_bus,1,transport_impact,1,search,bus dien,,,,,,2026-09-26T20:54:26.354986+07:00
youtube,xX91pldsUj8,https://www.youtube.com/watch?v=xX91pldsUj8,What is the Role of EBUS &amp; EUS ?,What is the Role of EBUS &amp; EUS ?,2026-09-20T22:29:31Z,2026-09-20T22:29:31Z,reject,not_vietnam,1,electric_bus,0,search,ebus,,,,,,2026-09-26T21:01:54.757727+07:00
youtube,xbNDYKfCABM,https://www.youtube.com/watch?v=xbNDYKfCABM,Delhi electric bus stand,Delhi electric bus stand,2026-09-26T10:28:27Z,2026-09-26T10:28:27Z,reject,not_vietnam,1,"transport_impact,electric_bus",0,search,electric bus,,,,,,2026-09-26T20:55:24.456679+07:00
youtube,xcT6aeUGSYI,https://www.youtube.com/watch?v=xcT6aeUGSYI,#art #drawing #sketch #workingartist #artist Ronak e bus,#art #drawing #sketch #workingartist #artist Ronak e bus,2026-09-27T09:02:17Z,2026-09-27T09:02:17Z,reject,missing_group:electric_bus,1,transport_impact,0,search,e-bus,,,,,,2026-09-27T16:05:05.707488+07:00
youtube,xdpEbPCAhew,https://www.youtube.com/watch?v=xdpEbPCAhew,Chính thức miễn phí 100% vé VinBus tại Hà Nội từ 29/8 đến hết 02/9/2026,"Chính thức miễn phí 100% vé VinBus tại Hà Nội từ 29/8 đến hết 02/9/2026
#tintuc #fireant #dautu #chungkhoan #kinhte #taichinh",2026-08-29T03:19:11Z,2026-08-29T03:19:11Z,accept,electric_bus,1,"hanoi_location,electric_bus",0,search,VinBus,,,,,,2026-09-26T21:04:14.379313+07:00
youtube,xoLxtwdukdU,https://www.youtube.com/watch?v=xoLxtwdukdU,Pakistan Green Bus 🚍 | Government Bus in Pakistan | Yutong Luxury Electric Bus Full Review,"Pakistan Green Bus 🚍 | Government Bus in Pakistan | Yutong Luxury Electric Bus Full Review
پاکستان میں چلنے والی گرین بس، پاکستان میں چلنے والی سرکاری بس اور پاکستان میں چلنے والی Yutong بس — اس ویڈیو میں ہم اس جدید الیکٹرک بس کا مکمل ریویو کریں گے۔
اس ویڈیو میں دیکھیں:
🚍 بس کا Front & Back Design
⚡ Electric Battery & Charging
🔋 Battery Capacity
🚌 بس کا Interior & Seats
🎛️ Driver Dashboard
🛞 Wheels & Tyres
❄️ Air Conditioning
♿ Accessibility Features
🛡️ Safety Features
🌱 Eco-Friendly Electric Technology
اگر آپ پاکستان میں چلنے والی گرین بس، پاکستان میں چلنے والی سرکاری بس، پاکستان میں چلنے والی Yutong بس یا پاکستان میں چلنے والی Luxury Bus کے بارے میں معلومات چاہتے ہیں تو یہ ویڈیو مکمل دیکھیں۔
📌 Ahmed Car Review کو Subscribe کریں اور ایسی مزید گاڑیوں اور الیکٹرک وہیکلز کی ویڈیوز کے لیے ہمارے ساتھ رہیں۔
#PakistanGreenBus #YutongBus #ElectricBus #GreenBus #GovernmentBus #LuxuryBus #PakistanElectricBus #AhmedCarReview #ElectricBusPakistan",2026-09-26T04:56:07Z,2026-09-26T04:56:07Z,reject,not_vietnam,1,"transport_impact,electric_bus",0,search,electric bus,,,,,0,2026-09-26T20:55:51.390283+07:00
youtube,xq5yxTmdLuI,https://www.youtube.com/watch?v=xq5yxTmdLuI,Xe buýt Hà Nội tuyến 56A: Mỹ Đình - Núi Đôi | VIỆT NAM VLOG,"Xe buýt Hà Nội tuyến 56A: Mỹ Đình - Núi Đôi | VIỆT NAM VLOG
Xe buýt Hà Nội tuyến 56A: Mỹ Đình - Núi Đôi | VIỆT NAM VLOG

LỘ TRÌNH
+) Lộ trình chiều đi: Mỹ Đình (đối diện cổng làng Tân Mỹ) - Đỗ Xuân Hợp - Nguyễn Cơ Thạch - Hồ Tùng Mậu - Phạm Văn Đồng - Cầu Thăng Long - Võ Văn Kiệt - Quốc lộ 2 - đường mới dọc hầm chui QL2 - Tỉnh lộ 131 - KCN Nội Bài - Thị trấn Sóc Sơn - Đường Núi Đôi - Núi Đôi (Đại học Điện Lực).

+) Lộ trình chiều về : Núi Đôi (Đại học Điện Lực) - Đường Núi Đôi - Thị trấn Sóc Sơn - KCN Nội Bài - Tỉnh lộ 131- đường mới dọc hầm chui QL2 - Quốc Lộ 2 - Võ Văn Kiệt - Cầu Thăng Long - Phạm Văn Đồng -Hồ Tùng Mậu - Nguyễn Cơ Thạch - Đỗ Xuân Hợp - Mỹ Đình (đối diện cổng làng Tân Mỹ).

+) Đơn vị vận hành: Công ty CP Xe Điện Hà Nội (Transerco).
+) Tần suất xe chạy: 25 - 30 phút/chuyến.
+) Thời gian hoạt động:
•  Mỹ Đình: 5h35 - 20h40. 
• Núi Đôi: 5h30 - 20h00.
+) Giá vé: 15000đ/lượt.

Đăng ký kênh để xem videos https://youtube.com/@vietnamvlogchannel?si=5kukiCgNNpGWsY4G",2026-08-07T10:12:04Z,2026-08-07T10:12:04Z,reject,missing_group:electric_bus,1,"transport_impact,hanoi_location",0,search,điểm dừng xe buýt điện,,,,,,2026-09-26T21:07:53.514114+07:00
youtube,y5DKiRn2Kaw,https://www.youtube.com/watch?v=y5DKiRn2Kaw,Tuyến 24 trên xe buýt điện Vinfast EB8 29B-093.45,Tuyến 24 trên xe buýt điện Vinfast EB8 29B-093.45,2026-09-07T13:17:33Z,2026-09-07T13:17:33Z,accept,electric_bus,1,"transport_impact,electric_bus",0,search,xe buyt điện,,,,,,2026-09-26T20:53:54.088435+07:00
youtube,y9aHS0oqGF4,https://www.youtube.com/watch?v=y9aHS0oqGF4,Advanced Lung Diagnosis with EBUS-TBNA | Dr. Dhruv Talwar | Metro Hospital Preet Vihar,"Advanced Lung Diagnosis with EBUS-TBNA | Dr. Dhruv Talwar | Metro Hospital Preet Vihar
Advanced lung diagnosis, now available at Metro Hospital & Cancer Institute, Preet Vihar.

In this MedTalk, Dr Dhruv Talwar, Consultant – Pulmonology & Critical Care, explains EBUS-TBNA, a minimally invasive bronchoscopy-guided procedure used to evaluate and sample lymph nodes or masses inside the chest.

This procedure can help in the diagnosis of conditions such as lung cancer, tuberculosis, sarcoidosis, lymphoma, and other chest-related diseases when findings are seen on Chest CT or PET-CT scans.

Timely diagnosis can guide the right treatment pathway.

OPD Schedule:
Metro Hospital & Cancer Institute, Preet Vihar: Monday–Saturday | 10 AM–2 PM
Metro Hospitals & Heart Institute, Noida Sector-11: Monday–Saturday | 2 PM–5 PM

📞 8447 666 333
🌐 www.metrohospitals.com

#MedTalkByMetro #DrDhruvTalwar #EBUSTBNA #Pulmonology #LungHealth #Bronchoscopy #LungCancerDiagnosis #Tuberculosis #Sarcoidosis #RespiratoryCare #MetroHospitals #RightDiagnosisRightDirection

Connect with us: 
Visit website: https://www.metrohospitals.com/ 
Facebook: https://www.facebook.com/metrohospitals
Instagram: https://www.instagram.com/metrohospitals/
LinkedIn - https://www.linkedin.com/in/metrohospitals/
Twitter:  https://twitter.com/MetroGHospitals
Koo:  https://www.kooapp.com/profile/metrohospitals
Blog: https://www.metrohospitals.com/blogs
------------
Metro Hospital is one of the best heart hospitals in Noida, Delhi NCR, with multispecialty service, followed by the world's best doctors and infrastructure in India. The team of doctors bestows outstanding service and enrols the highest standards of patient care. The magnificent and recognised team of doctors is led by #DrPurshotamLal (Dr BC Roy and Padma Vibhushan) in all the specialities. The hospital continues to be a pioneer for the personal approach they take with every patient. A team of well-trained medical staff, non-medical staff and experienced clinical technicians works 24*7 to offer the best of medical services. Various hospitals from all across the country refer their most complicated cases to Metro Hospital. This shows the real testament to the mastery and knowledge of Dr Purshotam Lal and his professional team of doctors.",2026-09-09T06:32:37Z,2026-09-09T06:32:37Z,reject,not_vietnam,1,"transport_impact,electric_bus",0,search,ebus,,,,,,2026-09-26T21:00:35.027438+07:00
youtube,yBHpw1TNUMY,https://www.youtube.com/watch?v=yBHpw1TNUMY,🎬 SERIES KHÁM PHÁ XE BUÝT ĐIỆN 2 TẦNG ZHONGTONG N11D | TẬP 02 ,"🎬 SERIES KHÁM PHÁ XE BUÝT ĐIỆN 2 TẦNG ZHONGTONG N11D | TẬP 02 
🎬 SERIES KHÁM PHÁ XE BUÝT ĐIỆN 2 TẦNG ZHONGTONG N11D | TẬP 02

🚍 Tập 02 của series chính thức lên sóng!

Trong tập này, Long Giang sẽ đưa quý vị bước vào bên trong xe buýt điện 2 tầng Zhongtong N11D để khám phá không gian nội thất hiện đại, tiện nghi cùng những trải nghiệm khác biệt mà mẫu xe mang đến cho hành khách.

✨ Nội dung nổi bật:
🔹 Khám phá cabin lái với các trang bị công nghệ hiện đại
🔹 Không gian tầng 1 rộng rãi, tiện nghi và tối ưu cho hành khách
🔹 Trải nghiệm tầng 2 với tầm nhìn panorama ấn tượng
🔹 Những điểm nhấn tạo nên trải nghiệm du lịch độc đáo trên xe buýt 2 tầng

Điều gì khiến hành khách yêu thích Zhongtong N11D? Hãy cùng Long Giang khám phá không gian bên trong mẫu xe buýt điện 2 tầng hiện đại này và cảm nhận một hành trình không chỉ là di chuyển, mà còn là trải nghiệm.

📺 Theo dõi Long Giang trên các nền tảng:
▶️ YouTube: / @longgiangcorp-vn
📘 Facebook: https://www.facebook.com/share/1EDeD1...
🎵 TikTok: https://www.tiktok.com/@longgiang_cor...

📍 Showroom: 3–5 Nguyễn Văn Linh, phường Việt Hưng, Hà Nội
☎ Hotline: 0922 73 1919

#LongGiangCorp #ZhongtongN11D #XeBuytDien #XeBuytDien2Tang #NoiThatXeBuyt #CityTour #GiaoThongXanh #ElectricBus #GreenMobility",2026-08-14T07:28:56Z,2026-08-14T07:28:56Z,accept,electric_bus,1,"transport_impact,hanoi_location,electric_bus",0,search,xe buyt dien,,,,,,2026-09-26T20:53:10.493222+07:00
youtube,yJDIiVLFfOg,https://www.youtube.com/watch?v=yJDIiVLFfOg,"XE GIƯỜNG NẰM CHILL LOVE 💗 – NẰM MỘT GIẤC, TỚI SAPA!  #interbuslines  #dulichsapa","XE GIƯỜNG NẰM CHILL LOVE 💗 – NẰM MỘT GIẤC, TỚI SAPA!  #interbuslines  #dulichsapa
Chill Love – giường nằm êm ái cho nhóm bạn, gia đình. Ngủ một mạch là tới nơi!
✅ Điều hòa mát • Chăn ấm • Sạc USB • Đèn đọc sách
✅ 2 hàng giường đôi rộng thênh thang, không chật

🎁 Ưu đãi: ~~340K~~ → 290K/vé
🎁 GIẢM 100K/VÉ THÁNG 9 và THÁNG 10!
🌟Nằm một giấc, mở mắt là thấy Sapa!
📞 Đặt ngay kẻo hết!

==💗 Hành Trình Lãng Mạn Đến Sapa 💗==
📍 HN: BT01, TT3B, Tây Nam Linh Đàm
📍 Sapa: 436 Điện Biên Phủ
☎️ 1900.1137 | Whatsapp: +84 886 395 577

#InterBusLines #ChillLove #XeDiSapa #Giam100K",2026-09-21T09:37:20Z,2026-09-21T09:37:20Z,reject,missing_group:electric_bus,1,"transport_impact,hanoi_location",0,search,xe buýt dien,,,,,,2026-09-27T16:00:27.039700+07:00
youtube,yLlF-tV5d18,https://www.youtube.com/watch?v=yLlF-tV5d18,Xe Điện Độ Dáng Mã 7 Bình Bánh 1500w Bánh Căm Đùm Trái Khế,"Xe Điện Độ Dáng Mã 7 Bình Bánh 1500w Bánh Căm Đùm Trái Khế
Xe Điện Độ Dáng Mã 7 Bình Bánh 1500w Bánh Căm Đùm Trái Khế",2026-09-27T04:00:27Z,2026-09-27T04:00:27Z,reject,missing_group:electric_bus,1,transport_impact,0,search,bus dien,,,,,,2026-09-27T16:03:42.064807+07:00
youtube,yO2Zvsh5GaY,https://www.youtube.com/watch?v=yO2Zvsh5GaY,MP को मिली मुख्यमंत्री सुगम परिवहन बस सेवा की सौगात #ebus #publictransport #bhopal #bhopalnews,"MP को मिली मुख्यमंत्री सुगम परिवहन बस सेवा की सौगात #ebus #publictransport #bhopal #bhopalnews
#shorts #ytshorts #bus #electricbus #cmmohanyadav #nitingadkari #mpnews #bjp",2026-09-25T14:30:39Z,2026-09-25T14:30:39Z,reject,not_vietnam,1,"transport_impact,electric_bus",0,search,ebus,,,,,,2026-09-26T20:59:37.907236+07:00
youtube,yXIxc2ndtJA,https://www.youtube.com/watch?v=yXIxc2ndtJA,🔥 NEW MTC BS6 EV BUS MOD RELEASED  ⚡ | CHENNAI ELECTRIC BUS 🚌 | DOWNLOAD NOW | BUSSID 🔥,"🔥 NEW MTC BS6 EV BUS MOD RELEASED  ⚡ | CHENNAI ELECTRIC BUS 🚌 | DOWNLOAD NOW | BUSSID 🔥
🔥 NEW MTC BS6 EV BUS MOD RELEASED! 🚌⚡

Chennai MTC-oda brand new Electric Bus experience-ah BUSSID-la enjoy pannunga! 😍🔥

இந்த video-la NEW MTC BS6 EV BUS MOD + LIVERY-யை full-ah test panni, driving experience, interior & exterior look எல்லாமே காட்டியிருக்கேன். 🚌⚡

💥 MOD DETAILS:
🚌 MTC BS6 Electric Bus
⚡ EV Driving Experience
🔥 New MTC Livery
🎮 BUSSID Gameplay

━━━━━━━━━━━━━━━━━━
📥 MOD & LIVERY DOWNLOAD
━━━━━━━━━━━━━━━━━━

🚌 BUS MOD DOWNLOAD 👇
https://youtu.be/4jORr_kSptw?si=0KzY-O8-1mxA6jiY

🎨 LIVERY DOWNLOAD 👇
https://youtu.be/GNhRNX2XtKM?si=yT9sNkDP0SYI5GLl


━━━━━━━━━━━━━━━━━━
❤️ SUPPORT DHINESH KUMAR GAMING
━━━━━━━━━━━━━━━━━━

👍 LIKE
💬 COMMENT
🔔 SUBSCRIBE – DHINESH KUMAR GAMING

❤️ உங்கள் support தான் எங்களுக்கு motivation!

#BUSSID #MTCBus #EVBus #MTCBSEV #BusMod #BusSimulatorIndonesia #BUSSIDMods #ChennaiMTC #ElectricBus #DhineshKumarGaming











     𝐓𝐇𝐀𝐍𝐊𝐒 𝐅𝐎𝐑 𝐖𝐀𝐓𝐂𝐇𝐈𝐍𝐆 ❤️

❇️ 𝐌𝐎𝐑𝐄 𝐋𝐈𝐕𝐄𝐑𝐘 𝐂𝐎𝐌𝐈𝐍𝐆 𝐒𝐎𝐎𝐍 ❤️",2026-09-26T11:06:25Z,2026-09-26T11:06:25Z,reject,not_vietnam,1,"transport_impact,electric_bus",0,search,electric bus,,,,,,2026-09-26T20:55:17.799513+07:00
youtube,yb_oO6R2nQ4,https://www.youtube.com/watch?v=yb_oO6R2nQ4,Ứng dụng VinBus của Vingroup thông báo dừng hoạt động,"Ứng dụng VinBus của Vingroup thông báo dừng hoạt động
Ứng dụng VinBus của Vingroup thông báo dừng hoạt động #vinbus #giaothong #xuhuong #kinhdoanh",2026-08-26T04:09:36Z,2026-08-26T04:09:36Z,accept,electric_bus,1,electric_bus,0,search,VinBus,,,,,,2026-09-26T21:04:27.750233+07:00
youtube,ymFmXCaMbKs,https://www.youtube.com/watch?v=ymFmXCaMbKs,Mọi người nên hiểu rõ luật sử dụng điện công cộng tại Nhật nha. #tintuc #luatphap,"Mọi người nên hiểu rõ luật sử dụng điện công cộng tại Nhật nha. #tintuc #luatphap
Video nói về luật sử dụng điện nơi công cộng tại Nhật. Để mọi người nắm rõ tránh xảy ra rắc rối.
Nếu thấy hay thì đăng kí kênh để biết thêm nhiều điều thú vị và bổ ích nha. 
Cảm ơn mọi người!

Facebook: https://www.facebook.com/share/1EKJbtnAhN/?mibextid=wwXIfr

#hoanguyenjapan #tintuc",2026-09-07T02:17:15Z,2026-09-07T02:17:15Z,reject,missing_group:electric_bus,1,,0,search,xe điện công cộng,,,,,,2026-09-26T21:05:52.302453+07:00
youtube,ytuSlIqdk5k,https://www.youtube.com/watch?v=ytuSlIqdk5k,VIN BUS FC,VIN BUS FC,2026-09-21T13:45:42Z,2026-09-21T13:45:42Z,reject,not_vietnam,1,"transport_impact,electric_bus",0,search,Vin Bus,,,,,,2026-09-26T21:05:14.451708+07:00
youtube,yxsLkmzg-Vg,https://www.youtube.com/watch?v=yxsLkmzg-Vg,🇵🇾⚡ MASTER BUS EN PARAGUAY: ¿NACE UNA NUEVA INDUSTRIA DE BUSES ELÉCTRICOS?,"🇵🇾⚡ MASTER BUS EN PARAGUAY: ¿NACE UNA NUEVA INDUSTRIA DE BUSES ELÉCTRICOS?
Paraguay avanza hacia una nueva etapa de la movilidad eléctrica.
Master Bus, empresa de origen taiwanés, desarrolla un proyecto industrial en Minga Guazú, Alto Paraná, con una inversión proyectada de aproximadamente US$30 millones.
El plan contempla el ensamblaje de tres modelos de buses eléctricos y tiene una ambición regional: Paraguay podría convertirse en una plataforma para abastecer también al Mercosur y otros mercados de Sudamérica.
Con abundante energía eléctrica, ubicación estratégica y acceso al Mercosur, Paraguay busca dar un paso más: pasar de ser un gran productor de energía a utilizar esa ventaja para generar industria, tecnología y empleo.
🇵🇾⚡ ¿Será este uno de los primeros pasos hacia una nueva era industrial paraguaya?
#Paraguay #MasterBus #BusesElectricos #MovilidadElectrica #FenixParaguay",2026-09-05T10:33:19Z,2026-09-05T10:33:19Z,reject,missing_group:electric_bus,1,transport_impact,0,search,bus điện,,,,,,2026-09-26T20:54:18.772635+07:00
youtube,z-BKSAD-TLc,https://www.youtube.com/watch?v=z-BKSAD-TLc,KHÔNG NGỜ CÓ NGÀY MÌNH PHẢI MANG XE BÁN TẢI ĐIỆN VINFAST MỚI NHẤT VIỆT NAM ĐI CHỞ HÀNG TRONG ROBLOX,"KHÔNG NGỜ CÓ NGÀY MÌNH PHẢI MANG XE BÁN TẢI ĐIỆN VINFAST MỚI NHẤT VIỆT NAM ĐI CHỞ HÀNG TRONG ROBLOX
KHÔNG NGỜ CÓ NGÀY MÌNH PHẢI MANG XE BÁN TẢI ĐIỆN VINFAST MỚI NHẤT VIỆT NAM ĐI CHỞ HÀNG TRONG ROBLOX phải gọi là CƯỜI VỠ BỤNG LUÔN ae ơi . 
hôm nay bus driver vietnam 2 update xe bán tải điện vinfast mới cực xịn luôn , mà lại còn là xe free nữa AE ạ . công nhận bdvn2 dạo này update nhiều xe hay quá . tha hồ cho AE lái luôn nha . 
#roblox  #busdrivervietnam2 #bdvn2 #tyjay",2026-09-27T10:30:32Z,2026-09-27T10:30:32Z,reject,missing_group:electric_bus,1,transport_impact,0,search,bus điện,,,,,,2026-09-27T18:01:06.721829+07:00
youtube,z1YTGTUfuxw,https://www.youtube.com/watch?v=z1YTGTUfuxw,"Máy Rửa Xe , Phát Điện, Máy Hàn Các Loại | Tặng Kèm Quà Khi Mua Hàng","Máy Rửa Xe , Phát Điện, Máy Hàn Các Loại | Tặng Kèm Quà Khi Mua Hàng
Máy Rửa Xe , Phát Điện, Máy Hàn Các Loại | Tặng Kèm Quà Khi Mua Hàng
---
☎ Liên Hệ Và Mua Hàng:
✔ SĐT Hoặc ZALO: 0906.779.465  -  0707.252.464
✔ Website: https://maymocvietnam.com/ - https://dienmayevi.vn/
✔ TikTok:  https://www.tiktok.com/@UCFuJO1cpeSlVDuMNamNA22Q 
✔ Fanpage: https://www.facebook.com/maymocvietnamaymocgiare
📌  Địa Chỉ Cửa Hàng: 
📍 CN1: 1095 Quốc Lộ 1A, p.Bình Trị Đông A, q.Bình Tân, TP HCM
📍 CN2: 367 Trường Chinh, p.Tân Thới Nhất, quận 12, TP HCM
📍 CN3: 753 Quốc Lộ 13, phường Hiệp Bình Phước, TP Thủ Đức
📍 CN4: 273 Quang Trung, phường Trần Hưng Đạo, TP Quảng Ngãi",2026-09-25T02:28:16Z,2026-09-25T02:28:16Z,reject,missing_group:electric_bus,1,hanoi_location,1,search,bus dien,,,,,,2026-09-26T20:54:26.403566+07:00
youtube,z4Qa3SONO-o,https://www.youtube.com/watch?v=z4Qa3SONO-o,Vietnamese: Các giải pháp thay thế cho xe chạy bằng xăng. |  Alternatives to Gas Fueled Cars,"Vietnamese: Các giải pháp thay thế cho xe chạy bằng xăng. |  Alternatives to Gas Fueled Cars
Alternatives to Gas Fueled Cars 
Các giải pháp thay thế cho xe chạy bằng xăng.

Phương tiện giao thông đang thay đổi. Ngày càng nhiều người tìm kiếm những cách thức mới để đến nơi họ cần đến—những cách thức tiết kiệm chi phí hơn, tạo ra ít ô nhiễm hơn và giữ cho cộng đồng của chúng ta khỏe mạnh hơn.

Hãy cùng xem xét các lựa chọn thay thế cho xe hơi chạy bằng xăng, và cách mỗi lựa chọn có thể phù hợp với cuộc sống hàng ngày của bạn.

Giao thông là một trong những nguồn gây ô nhiễm khí hậu lớn nhất. Xe hơi chạy bằng xăng thải ra khí carbon dioxide và các khí thải khác mỗi khi chúng ta lái xe.

Nhưng các lựa chọn sạch hơn—như xe điện, xe hybrid, xe đạp điện (đôi khi được gọi là e-bike), và phương tiện giao thông công cộng như xe lửa và xe buýt—sử dụng năng lượng sạch hơn hoặc nói chung tốt hơn cho môi trường.
Chọn một chuyến đi sạch hơn mỗi ngày có thể tạo ra sự khác biệt thực sự—cho không khí chúng ta hít thở và khí hậu mà chúng ta cùng chia sẻ.

Ngày nay, bạn có nhiều lựa chọn giao thông hơn bao giờ hết. Có xe điện (EV), xe hybrid cắm điện, xe hybrid, xe đạp điện và phương tiện giao thông công cộng, như xe buýt và xe lửa.
Không có lựa chọn nào phù hợp với nhu cầu của tất cả mọi người—nhưng khi kết hợp lại, chúng tạo nên một môi trường sống sạch hơn, thông minh hơn cho tất cả.

Xe điện (EV) là xe hoàn toàn chạy bằng điện. Chúng không có khí thải từ ống xả, vận hành êm ái, yên tĩnh và tiết kiệm nhiên liệu. Xe điện là phương tiện di chuyển rất phổ biến. Chúng không có bình xăng hay ống xả.
Chúng có ít bộ phận chuyển động hơn—nghĩa là ít phải sửa chữa hơn và không cần thay dầu.
Hầu hết có thể đi được từ 200 đến 300 dặm (khoảng 320 đến 480 km) sau mỗi lần sạc đầy, và các trạm sạc đang ngày càng phổ biến.

Bạn có thể sạc tại nhà, qua đêm, và bắt đầu mỗi buổi sáng với pin đầy.

Nếu bạn chưa sẵn sàng chuyển sang xe hoàn toàn bằng điện, xe hybrid và xe hybrid cắm điện là những lựa chọn chuyển tiếp tuyệt vời. Xe hybrid kết hợp hệ thống xăng và điện để tiết kiệm nhiên liệu tốt hơn, nhưng không cần sạc. Xe hybrid cắm điện là loại xe sử dụng điện cho những chuyến đi ngắn và xăng cho những chuyến đi dài hơn.
Chúng tự động cân bằng năng lượng điện và xăng để đạt hiệu quả tối đa.

Xe hybrid cắm điện có thể đáp ứng hầu hết nhu cầu lái xe trong thành phố chỉ bằng điện—và tự động chuyển sang dùng xăng cho những chuyến đi dài hơn. Xe hybrid cắm điện rất linh hoạt, đáng tin cậy và lý tưởng cho các gia đình dùng chung xe hoặc di chuyển với quãng đường khác nhau. Bạn thậm chí không nhận thấy trong quá trình chúng chuyển đổi.

Lái xe không phải là cách duy nhất để di chuyển.

Phương tiện giao thông công cộng là một trong những lựa chọn tiết kiệm năng lượng nhất mà bạn có thể thực hiện. Phương tiện giao thông công cộng bao gồm xe lửa và xe buýt, một số loại chạy điện và hybrid, giúp mọi người di chuyển xa hơn với ít năng lượng hơn, đồng thời giảm tắc nghẽn giao thông và hao mòn đường sá.

Mỗi chuyến xe buýt đầy khách có thể giúp giảm hàng chục ô tô trên đường—giảm tắc nghẽn, giảm khí thải và tiết kiệm chi phí cho đường sá.

Với các ứng dụng điện thoại có thể cho bạn biết khi nào xe buýt hoặc xe lửa của bạn đến trạm, phương tiện giao thông công cộng có thể là một cách dễ dàng, đáng tin cậy và tiết kiệm chi phí để di chuyển.

Xe đạp điện là loại xe đạp sử dụng động cơ điện để hỗ trợ việc đạp xe của bạn. Chúng rất tuyệt vời cho những chuyến đi ngắn hoặc việc vặt – nhanh chóng, giá cả phải chăng và mạnh mẽ đáng ngạc nhiên khi leo dốc. Một chiếc xe đạp điện có thể thay thế một số lượng đáng kể các chuyến đi bằng ô tô – và thường giúp bạn đến nơi nhanh hơn. Nó năng động, giá cả phải chăng và thú vị.

Phương tiện giao thông sạch hơn thường tiết kiệm chi phí hơn về lâu dài. Sử dụng điện để sạc pin giống như trả khoảng một đô la cho mỗi gallon xăng. Xe điện và xe hybrid cần ít bảo dưỡng hơn – không cần thay dầu, ít bộ phận cần thay thế hơn.

Xe đạp điện chỉ tốn vài xu để sạc, và vé xe buýt hàng tháng có thể tiết kiệm hàng trăm đô la so với việc sở hữu một chiếc xe hơi.

Gia đình bạn có thể đủ điều kiện nhận tiền hoàn lại từ các công ty điện lực. Chính quyền thành phố và tiểu bang có thể làm cho các lựa chọn này trở nên phải chăng hơn – đặc biệt là đối với xe điện đã qua sử dụng và người mua đủ điều kiện về thu nhập. Tiền hoàn lại là số tiền bạn nhận lại SAU KHI mua hàng - vì vậy bạn có thể phải trả nguyên giá đầy đủ cho một chiếc xe đạp điện và yêu cầu hoàn tiền từ công ty điện lực.

Dù bạn chọn phương án nào, một vài thói quen thông minh sẽ giúp mỗi chuyến đi sạch sẽ và tiết kiệm hơn:

Hãy nhớ lên kế hoạch trước. Kết hợp các việc vặt thành một vòng để tiết kiệm thời gian và năng lượng.

Lái xe nhẹ nhàng. Tăng tốc và thắng từ từ giúp xe điện của bạn đi được nhiều dặm hơn và tiết kiệm nhiên liệu đối với xe hybrid.

(Cont...)",2026-08-21T15:35:38Z,2026-08-21T15:35:38Z,reject,missing_group:electric_bus,1,transport_impact,0,search,xe điện công cộng,,,,,,2026-09-27T18:02:31.711682+07:00
youtube,zBDmKS0NsCM,https://www.youtube.com/watch?v=zBDmKS0NsCM,Brown Noise + Electric Bus Cabin - 10 Hours,"Brown Noise + Electric Bus Cabin - 10 Hours
Is there a sound or music you are missing for your project? Comment down below and i might create some for you in the next Video.

Download high-quality 100% royalty-free sound effects for your projects.

All sound effects on this channel are made to be used in both commercial and non-commercial works, including videos, films, games, apps, podcasts, livestreams, social media content, advertisements, and more.

Use them freely in your creative projects without worrying about royalties.

Subscribe for more free SFX, ambience, impacts, transitions, cinematic sounds, UI sounds, and other useful audio assets.

#soundeffects #royaltyfree #freesfx #nocopyright #sfx

royalty free sound effects, free sound effects, sound effects, sfx, no copyright sound effects, copyright free sound effects, commercial use sound effects, free sfx, royalty free sfx, youtube sound effects, cinematic sound effects, transition sound effects, impact sound effects, whoosh sound effects, ui sound effects, game sound effects, free audio assets, sound design, audio effects, background sounds",2026-09-25T23:30:14Z,2026-09-25T23:30:14Z,reject,not_vietnam,1,"transport_impact,electric_bus",0,search,electric bus,,,,,,2026-09-26T20:56:17.607651+07:00
youtube,zHX3IctQHNI,https://www.youtube.com/watch?v=zHX3IctQHNI,REVIEW PIN LISHEN 21700 ĐÓNG XE ĐIỆN SIÊU BỀN CHẠY XA,"REVIEW PIN LISHEN 21700 ĐÓNG XE ĐIỆN SIÊU BỀN CHẠY XA
⬇️ SẢN PHẨM TRONG VIDEO ⬇️
--------------------------------
👉 pin lishen 21700
🛒 Link mua: https://s.shopee.vn/8KpdOhs2OQ

👉 mạch bảo vệ pin bms
🛒 Link mua: https://s.shopee.vn/4B04R3YVJi

👉 máy cân bằng pin
🛒 Link mua: https://s.shopee.vn/2BF03O6aKg
--------------------------------
Khối pin xe điện hệ 14S 5P sử dụng cell pin Lishen 21700 là giải pháp tối ưu nâng cấp quãng đường di chuyển cho xe điện.
Từng cell pin được kiểm tra kĩ lưỡng và cân bằng điện áp đồng đều trước khi tiến hành đóng khối.
Trang bị mạch bảo vệ sạc xả thông minh kết hợp cảm biến nhiệt giúp kiểm soát an toàn tối đa khi vận hành.
Mối hàn kẽm được phủ lớp keo chống thấm giúp ngăn ngừa oxy hóa và tình trạng rỉ sét hiệu quả.
Lớp giấy cách điện chuyên dụng được dán tỉ mỉ hạn chế nguy cơ chạm chập điện cực kỳ an toàn.
Thiết kế đóng hộp nhỏ gọn chắc chắn dễ dàng thay thế cho các dòng ắc quy chì truyền thống.
Khối pin giúp xe vận hành êm ái, tăng tốc mượt mà và kéo dài tuổi thọ sử dụng vượt trội.

#pinxedien #lishen21700 #dongpinxedien #pinlithium #xedien",2026-09-27T02:56:55Z,2026-09-27T02:56:55Z,reject,missing_group:electric_bus,1,transport_impact,0,search,review bus điện,,,,,,2026-09-27T16:06:15.373762+07:00
youtube,zLsQcSD6dh8,https://www.youtube.com/watch?v=zLsQcSD6dh8,Trải nghiệm xe bus từ Bưu điện Tp đến Takashimaya Tp HCM 🌸🎶🎵🌺 #post #takashimaya #xebus #sunday,"Trải nghiệm xe bus từ Bưu điện Tp đến Takashimaya Tp HCM 🌸🎶🎵🌺 #post #takashimaya #xebus #sunday
☀️Takashimaya là một tập đoàn bách hoá & trung tâm thương mại cao cấp nổi tiếng lâu đời đến từ Nhật Bản. 
🇻🇳Trung tâm thương mại Takashimaya nằm bên trong toà nhà Saigon Centre tại số 92-94 Nam Kỳ Khởi Nghĩa, Quận 1, Tp Hồ Chí Minh. 
🌿 Giờ mở cửa tham khảo: 
- Thứ hai đến thứ năm: 9h30 - 21h30
- Thứ sáu đến chủ nhật: 9h30 - 22.00",2026-09-16T03:10:01Z,2026-09-16T03:10:01Z,reject,missing_group:electric_bus,1,transport_impact,1,search,xe buýt điện,,,,,,2026-09-26T20:50:08.023097+07:00
youtube,zQjxsYURrFU,https://www.youtube.com/watch?v=zQjxsYURrFU,40 New Electric Buses From China Arrive Canaanland Ota #luchytvchannel#youtubeshort#sundayvibe,40 New Electric Buses From China Arrive Canaanland Ota #luchytvchannel#youtubeshort#sundayvibe,2026-09-27T08:00:36Z,2026-09-27T08:00:36Z,reject,missing_group:electric_bus,1,,0,search,electric bus,,,,,,2026-09-27T16:04:00.193386+07:00
youtube,zRWebDAkSbg,https://www.youtube.com/watch?v=zRWebDAkSbg,Tuyến E08 trên xe buýt điện Vinfast EB10 29F-019.83,Tuyến E08 trên xe buýt điện Vinfast EB10 29F-019.83,2026-09-09T15:26:33Z,2026-09-09T15:26:33Z,accept,electric_bus,1,"transport_impact,electric_bus",0,search,buýt điện,,,,,,2026-09-26T20:54:36.749322+07:00
youtube,zSA20NPLAeY,https://www.youtube.com/watch?v=zSA20NPLAeY,Foton EBus del Recorrido B17?,Foton EBus del Recorrido B17?,2026-09-21T17:00:02Z,2026-09-21T17:00:02Z,reject,not_vietnam,1,electric_bus,0,search,ebus,,,,,,2026-09-26T21:01:44.238524+07:00
youtube,zXDPVIr3mBg,https://www.youtube.com/watch?v=zXDPVIr3mBg,Tuyến 61-70 - Hồng (Bưu điện TP.Bến Cát - SORA gardens) Samco City D.52 CNG - 61F-003.77 #bus,Tuyến 61-70 - Hồng (Bưu điện TP.Bến Cát - SORA gardens) Samco City D.52 CNG - 61F-003.77 #bus,2026-08-05T05:26:15Z,2026-08-05T05:26:15Z,reject,missing_group:electric_bus,1,transport_impact,0,search,điểm dừng xe buýt điện,,,,,,2026-09-26T21:07:53.525286+07:00
youtube,zbizyHBikvU,https://www.youtube.com/watch?v=zbizyHBikvU,"8 Năm Không Đi Xe Buýt Số 41, Hôm Nay Tôi Quay Lại… | Buýt Điện Phương Trang","8 Năm Không Đi Xe Buýt Số 41, Hôm Nay Tôi Quay Lại… | Buýt Điện Phương Trang
8 năm sau, tôi quay trở lại trải nghiệm xe buýt số 41 tại TP.HCM – lần này là một chiếc buýt điện Phương Trang hoàn toàn khác so với những gì tôi từng biết.

Lần gần nhất tôi đi tuyến 41 đã cách đây khoảng 8 năm. Khi đó, tuyến xe vẫn sử dụng những chiếc xe buýt cũ của hợp tác xã. Còn hôm nay, tôi lần đầu quay lại tuyến 41 kể từ khi xe buýt được miễn phí vé, và trải nghiệm một chuyến đi bằng buýt điện sạch sẽ, hiện đại và yên tĩnh hơn rất nhiều.

Video được quay theo góc nhìn trải nghiệm thực tế, không có lời bình, chủ yếu giữ lại âm thanh gốc trên xe và âm thanh đường phố TP.HCM, kết hợp cùng một chút nhạc nền để bạn có thể thư giãn và cảm nhận chuyến đi.

🚌 Tuyến xe: Buýt số 41
⚡ Loại xe: Buýt điện
🏙️ Địa điểm: TP. Hồ Chí Minh

Nếu bạn cũng từng đi xe buýt số 41 trước đây, hãy chia sẻ trải nghiệm của bạn ở phần bình luận. Bạn còn nhớ những chiếc xe buýt cũ của tuyến 41 ngày trước không?

#XeBuyt41 #XeBuytDien #PhuongTrang #XeBuytTPHCM #BusVietnam #SaigonBus #HoChiMinhCity #BusPOV #TraiNghiemXeBuyt",2026-08-16T09:33:04Z,2026-08-16T09:33:04Z,accept,electric_bus,1,"transport_impact,electric_bus",1,search,xe buyt dien,,,,,,2026-09-26T20:53:00.465415+07:00
youtube,zf0q0p5Vq_w,https://www.youtube.com/watch?v=zf0q0p5Vq_w,"Hà Nội miễn phí xe buýt, tàu điện dịp nghỉ lễ 2/9 | THDT","Hà Nội miễn phí xe buýt, tàu điện dịp nghỉ lễ 2/9 | THDT
👉 Kênh YouTube chính thức của Báo và phát thanh, truyền hình Đồng Tháp (THDT - Đậm chất Miền Tây).
👉 Bấm Theo dõi (Subscribe) để nhận thông tin tin tức, khoa giáo, giải trí, ẩm thực... nhanh nhất, đặc sắc nhất.
* Đăng ký: http://popsww.com/TruyenHinhDongThap
* Website: http://www.thdt.vn
* Facebook Truyền hình Đồng Tháp: https://www.facebook.com/DongThapTVonline
* Tiktok Truyền hình Đồng Tháp: https://www.tiktok.com/@DongThapTV


#thdt #thdt1 #dongthaptv #truyềnhìnhđồngtháp #dongthap #truyenhinhdongthap #dongthap #dongthaptvonline",2026-08-23T05:05:48Z,2026-08-23T05:05:48Z,reject,missing_group:electric_bus,1,"transport_impact,hanoi_location",0,search,xe điện công cộng,,,,,,2026-09-26T21:05:52.407067+07:00
youtube,zioMRle9XZw,https://www.youtube.com/watch?v=zioMRle9XZw,ELECTRIC BUS 🚐IN HIMACHAL PARDESH,ELECTRIC BUS 🚐IN HIMACHAL PARDESH,2026-09-27T07:44:48Z,2026-09-27T07:44:48Z,reject,not_vietnam,1,"transport_impact,electric_bus",0,search,electric bus,,,,,,2026-09-27T19:05:00.097215+07:00
youtube,zjfPJfWta-Y,https://www.youtube.com/watch?v=zjfPJfWta-Y,Cuộc Chiến Xe Điện Việt Nam Bùng Nổ Khi Thaco Trực Tiếp Cạnh Tranh Với VinFast,"Cuộc Chiến Xe Điện Việt Nam Bùng Nổ Khi Thaco Trực Tiếp Cạnh Tranh Với VinFast
Cuộc Chiến Xe Điện Việt Nam Bùng Nổ Khi Thaco Trực Tiếp Cạnh Tranh Với VinFast

Cuộc đua xe điện tại Việt Nam đang trở nên sôi động hơn bao giờ hết khi Thaco chính thức tham gia sâu hơn vào thị trường và được xem là đối thủ đáng chú ý của VinFast. Với lợi thế về sản xuất, hệ sinh thái ô tô và kinh nghiệm nhiều năm trong ngành, Thaco đang tạo nên những kỳ vọng mới trong cuộc cạnh tranh xe điện trong nước. Video sẽ phân tích chiến lược của Thaco, vị thế của VinFast trên thị trường, những cơ hội và thách thức của hai doanh nghiệp, đồng thời lý giải vì sao nhiều chuyên gia cho rằng đây có thể là cuộc cạnh tranh đáng chú ý nhất của ngành ô tô Việt Nam trong những năm tới.

#hanhtrangstory #thaco #vinfast
Đừng quên like, share và đăng ký kênh để không bỏ lỡ những video mới nhất của kênh. Hành Trang Story.

Copyright Disclaimer
- Chúng tôi không sở hữu hoàn toàn những tư liệu được tổng hợp trong video này. Nó thuộc về những cá nhân hay tổ chức đáng được tôn trọng. 
Chúng tôi sử dụng theo: Tuyên bố từ chối trách nhiệm bản quyền mục 107 của Đạo luật bản quyền năm 1976. Được phép ""sử dụng hợp lý"" cho các mục đích như phê bình, bình luận, báo cáo tin tức, giảng dạy, học bổng và nghiên cứu.
- We do not own the rights to these video clips. They have, in accordance with fair use, been repurposed with the intent of educating and inspiring others. However, if any content owners would like their images removed, please contact us by. Hanh Trang Story.",2026-09-24T15:19:06Z,2026-09-24T15:19:06Z,reject,missing_group:electric_bus,1,transport_impact,0,search,bus dien,,,,,,2026-09-26T20:54:26.438523+07:00
youtube,zllZ0ui5HX0,https://www.youtube.com/watch?v=zllZ0ui5HX0,XE BUÝT FUTABUSLINES 27 TPHCM:BXB SÀI GÒN🔁ÂU CƠ🔁BX AN SƯƠNG #saigonbus #shorts,XE BUÝT FUTABUSLINES 27 TPHCM:BXB SÀI GÒN🔁ÂU CƠ🔁BX AN SƯƠNG #saigonbus #shorts,2026-08-02T14:44:02Z,2026-08-02T14:44:02Z,reject,missing_group:electric_bus,1,transport_impact,1,search,điểm dừng xe buýt điện,,,,,,2026-09-26T21:07:53.526285+07:00
youtube,zmxkwSFR730,https://www.youtube.com/watch?v=zmxkwSFR730,Xe Mô Tô R15 Cho Bé Siêu Ngầu - Review Chi Tiết Xe Máy Điện Trẻ Em Tại LyLyShop Đà Lạt,"Xe Mô Tô R15 Cho Bé Siêu Ngầu - Review Chi Tiết Xe Máy Điện Trẻ Em Tại LyLyShop Đà Lạt
[REVIEW CHI TIẾT] XE MÔ TÔ R15 CHO BÉ SIÊU NGẦU – XE ĐIỆN LYLYSHOP ĐÀ LẠT
Ba mẹ đang tìm kiếm một chiếc xe mô tô R15 cho bé vừa ngầu, vừa bền bỉ lại an toàn? Hãy cùng xe điện LyLyShop khám phá ngay siêu phẩm xe máy điện phân khối lớn dáng R15 vừa cập bến tại cửa hàng nhé!   🔥 NHỮNG ĐIỂM NỔI BẬT BA MẸ KHÔNG THỂ BỎ QUA:
Thiết kế phân khối lớn chuẩn R15: Kiểu dáng thể thao, góc cạnh hầm hố giúp bé hóa thân thành tay đua nhí cực ngầu.  
 Khung xe & Chịu tải cực tốt: Khung sườn chắc chắn, động cơ khỏe khoắn (người lớn ngồi thử thoải mái).   
Hệ thống đèn LED & Âm thanh sống động: Đèn pha pha sắc nét, còi nhạc vui nhộn tạo cảm hứng tối đa cho bé vận động.   
An toàn tuyệt đối: Trang bị bánh phụ giữ cân bằng giúp bé tự tin tập lái từ những ngày đầu.   
📍 MUA XE MÔ TÔ ĐIỆN ĐÀ LẠT Ở ĐÂU UY TÍN?
Nếu ba mẹ đang ở Đà Lạt hoặc các khu vực lân cận và muốn tìm dòng xe mô tô điện Đà Lạt chất lượng cao, giá tốt kèm chế độ bảo hành chu đáo, hãy ghé ngay xe điện LyLyShop:
🏠 Địa chỉ: LyLyShop - Cửa hàng xe điện & đồ chơi trẻ em Đà Lạt
👉 Đừng quên Nhấn LIKE, SHARE và ĐĂNG KÝ KÊNH để cập nhật những mẫu xe điện trẻ em mới nhất nhé!
❤_______ĐỒ ℂℍƠ𝕀 - 𝔾Ấ𝕌 𝔹Ôℕ𝔾 𝕃𝕐𝕃𝕐________❤ 
Website: gaubonglyly.com
☎️ 𝐇𝐨𝐭𝐥𝐢𝐧𝐞: 𝟎𝟖𝟓𝟗𝟗𝟗𝟕𝟗𝟎𝟎
🌸Địa chỉ: 
🌻 𝟏𝟑𝟏 𝐍𝐠𝐮𝐲𝐞̂̃𝐧 𝐂𝐨̂𝐧𝐠 𝐓𝐫𝐮̛́, Đ𝐚̀ 𝐋𝐚̣𝐭 
🌻 𝟔𝟒 𝐍𝐠𝐮𝐲𝐞̂̃𝐧 𝐓𝐫𝐚̃𝐢, 𝐍𝐡𝐚 𝐓𝐫𝐚𝐧𝐠
#xemotor15chobe #xedienLyLyShop #xemotodiendalat #xemaydientreem #xemotodientreem #dochoitreemdalat #reviewxedientreem",2026-09-27T10:00:39Z,2026-09-27T10:00:39Z,reject,missing_group:electric_bus,1,transport_impact,1,search,review bus điện,,,,,,2026-09-27T17:04:46.161699+07:00
youtube,zq_A9poOuzc,https://www.youtube.com/watch?v=zq_A9poOuzc,"Đi VinBus, tham quan Vinhomes Hải Vân Bay.","Đi VinBus, tham quan Vinhomes Hải Vân Bay.
Video này từ lúc VinBus mới bắt đầu chạy, xuất phát từ Công viên Biển Đông. Nay chỉ có xuất phát từ Vpbh đi Đảo Ngọc rồi về lại Vpbh.

Xe chạy hằng ngày, từ 9h đến 17h, cứ mỗi 30' là có 1 chuyến.

Quý Khách Hàng đến Đà Nẵng, mua nhà Vinhomes liên hệ Vi nha.

#batdongsannghiduong
#batdongsandanang
#vinhomeshaivanbay
#hoangvivinhomes 
#nguyenhoangvi
#luxuryrealestate",2026-09-02T10:01:53Z,2026-09-02T10:01:53Z,accept,electric_bus,1,"transport_impact,electric_bus",1,search,VinBus,,,,,,2026-09-26T21:03:44.258971+07:00
youtube,zreVlR0HmaE,https://www.youtube.com/watch?v=zreVlR0HmaE,"Xe Buýt Trường Học Đồ Chơi Cỡ Lớn 30cm Cho Bé | Xe Quán Tính Có Đèn Nhạc, Cửa Đóng Mở Mô Phỏng","Xe Buýt Trường Học Đồ Chơi Cỡ Lớn 30cm Cho Bé | Xe Quán Tính Có Đèn Nhạc, Cửa Đóng Mở Mô Phỏng
Xe Buýt Trường Học Đồ Chơi Cỡ Lớn 30cm mô phỏng chiếc xe đưa đón học sinh với thiết kế chi tiết, cửa có thể đóng mở, xe chạy quán tính kết hợp đèn và âm thanh. Kích thước lớn giúp bé dễ dàng quan sát, cầm nắm và sáng tạo nhiều tình huống vui chơi thú vị.

✨ ĐẶC ĐIỂM NỔI BẬT CỦA SẢN PHẨM:

• Kích thước xe lớn khoảng 30cm, tạo hình mô phỏng xe buýt trường học sinh động.

• Xe sử dụng cơ chế chạy quán tính, bé có thể đẩy xe và cho xe di chuyển.

• Tích hợp đèn LED phát sáng, tạo hiệu ứng nổi bật khi vui chơi.

• Có âm thanh và nhạc, tăng trải nghiệm tương tác cho bé.

• Cửa bên và cửa phía sau có thể đóng/mở, giúp mô phỏng hoạt động lên xuống xe.

• Nhiều chi tiết bên ngoài được thiết kế mô phỏng như gương chiếu hậu, bánh xe, đèn xe và khoang hành khách.

• Các nút chức năng trên xe tạo thêm nhiều âm thanh, giúp trò chơi sinh động hơn.

• Phù hợp để bé sáng tạo các tình huống như đưa đón học sinh, lái xe và tham gia giao thông.

🎯 LỢI ÍCH DÀNH CHO BÉ:

Khơi gợi trí tưởng tượng thông qua các trò chơi nhập vai với xe buýt trường học.

Giúp bé làm quen với phương tiện giao thông và hoạt động đưa đón học sinh.

Rèn luyện khả năng quan sát và phối hợp tay – mắt khi đẩy xe, đóng mở cửa và sử dụng các nút chức năng.

Khuyến khích bé vận động và sáng tạo nhiều tình huống vui chơi khác nhau.

THÔNG TIN SẢN PHẨM:

Tên sản phẩm: Xe Buýt Trường Học Đồ Chơi Cỡ Lớn

Mã sản phẩm: 9833

Kích thước xe: Khoảng 30 × 8,5 × 10 cm

Cơ chế di chuyển: Xe quán tính

Chức năng: Có đèn – Có nhạc/âm thanh – Cửa đóng mở

Kiểu dáng: Mô phỏng xe buýt trường học

Nguồn điện: 3 pin AA

Thương hiệu phân phối: XKIDS (Chuyên đồ chơi giáo dục & phát triển trí tuệ)

🛒 ĐẶT HÀNG CHÍNH HÃNG TẠI:

👉 Gian hàng Shopee chính hãng XKIDS

📞 Hotline/Zalo tư vấn: 0343 381 887

#xkids #xebuytdochoi #xebuyttruonghoc #schoolbus #xedochoi #xequantinh #xedochoidennhac #xemohinh #dochoigiaothong #dochoichobe",2026-09-14T09:23:37Z,2026-09-14T09:23:37Z,reject,missing_group:electric_bus,1,transport_impact,0,search,xe buýt dien,,,,,,2026-09-26T20:54:04.974586+07:00
