platform,context_id,source_url,post_title,post_context,post_published_at_raw,post_published_at,verdict,reason,metadata_resolved,matched_groups,co_thanh_pho_khac,discovery_source,discovery_query,expected_comment_count,captured_comment_count,missing_comment_count,comment_capture_status,comment_retry_count,crawled_at
facebook,1004967099268103,https://www.facebook.com/watch?v=1004967099268103,(20+) Video,"HÀ NỘI BIẾN THÀNH SÔNG: NGƯỜI DÂN CHẬT VẬT VƯỢT ""BIỂN NƯỚC"" ĐI LÀM!
Sáng nay người dân Hà Nội lại có trải nghiệm bơi đi làm vì nước ngập lút bánh xe!
Mưa lớn trút xuống không ngừng từ đêm qua đến tận rạng sáng đã biến nhiều tuyến phố thủ đô thành một biển nước.
Lượng mưa đo được lên đến một trăm sáu mươi mi li mét khiến nước dâng cao từ ba mươi đến năm mươi xăng ti mét.
Hàng loạt con đường quen thuộc như Phạm Hùng hay Thái Hà đều chung cảnh ngập sâu diện rộng.
Cảnh tượng ùn tắc kéo dài khiến việc di chuyển của mọi người trong đầu giờ sáng trở nên vô cùng gian nan.
Rất nhiều phương tiện từ xe máy đến xe buýt đều bị tắt máy và phải nằm im giữa dòng nước lớn.
Hình ảnh bà con xắn quần lội nước dắt bộ xe qua đoạn ngập thực sự vô cùng vất vả.
Anh chị em nào có lịch trình đi qua các điểm ngập úng thì nhớ cân nhắc chuyển hướng đi an toàn hơn nhé.
Các bạn nhớ lưu lại vi đê ô này và chia sẻ ngay để người thân cùng biết mà tránh đường ngập nha.
 #hanoi #ngaplut",2026-09-17T02:14:33.000Z,2026-09-17T02:14:33+00:00,accept,flood_transport_hanoi,1,"flood_state,transport_impact,hanoi_location",0,flood_video_23,ngập lụt Ha Noi tuyến buýt,1,2,0,complete,0,2026-09-25T16:05:20.489011+07:00
facebook,1006468148243621,https://www.facebook.com/watch?v=1006468148243621,,"Hiện tại Hà Nội đang có hơn 30 điểm nội đô ngập úng với mức nước phổ biến từ 10 đến 30 cm, có nơi lên tới hơn nửa mét, gây khó khăn lớn cho giao thông. Một số điểm ngập sâu nổi bật gồm:
 • Phạm Hùng, đoạn gần bến xe Mỹ Đình: nước dâng cao 40–50 cm, nhiều xe máy chết máy, giao thông ùn tắc.
 • Lê Quang Đạo gần sân vận động Mỹ Đình: nước có chỗ sâu hơn 50 cm, cả tuyến đường biến thành biển nước.
 • Đường gom Đại lộ Thăng Long, khu vực trước Bảo tàng Lịch sử Quân sự: nước đọng nhiều, xe di chuyển khó khăn, lực lượng chức năng phải chặn cảnh báo.
 • Các hầm chui số 5, số 6 trên Đại lộ Thăng Long (Km9): ngập sâu, xe cộ đi lại rất nguy hiểm.
 • Đường Quang Trung, Hà Đông: nhiều đoạn ngập từ 10–30 cm, gây ùn tắc giờ cao điểm.
 • Các tuyến phố Thái Hà, Thái Thịnh, Trần Quang Diệu (quận Đống Đa): ngập rất sâu, có đoạn đến bụng người, biến đường phố thành “dòng sông” khiến nhiều xe chết máy.
 • Phố Phùng Hưng (Hoàn Kiếm): nước ngập diện rộng, xe ô tô và xe máy khó lưu thông.
 • Nguyễn Huy Tưởng, Nguyễn Tuân: mưa lớn khiến toàn tuyến chìm trong biển nước.
 • Châu Văn Liêm (ra Đại lộ Thăng Long): nước ngập khoảng 30–40 cm, xe máy phải dắt bộ hoặc quay đầu.

Ngoài ra, một số điểm trong ngõ nhỏ, khu dân cư trũng thấp ở Thanh Xuân, Cầu Giấy, Nam Từ Liêm cũng bị ngập cục bộ, ảnh hưởng đến sinh hoạt.

Hiện các trạm bơm lớn như Yên Sở, Cầu Bươu, Đồng Bông, Cổ Nhuế, Đa Sỹ đang vận hành hết công suất để hạ mực nước. Tuy nhiên, do hoàn lưu bão số 10, mưa có thể còn tiếp tục, nên tình trạng ngập sẽ kéo dài trong ngày.",,,accept,flood_transport_hanoi,1,"flood_state,transport_impact,hanoi_location",1,flood_video_02,ngập úng Hà Nội đi,,,,,,2026-09-25T10:45:05.077937+07:00
facebook,1012699261765182,https://www.facebook.com/reel/1012699261765182,,"🔥🔥 Tôi là Hùng chính chủ cho thuê căn hộ FULL NỘI THẤT – Ở NGAY – mặt đường Hoàng Mai gần Đền Lừ 🌟
👉GIẢM NGAY 10%  cho bạn nào chốt nhà trong tháng nhé !
‍📍 Căn hộ lô góc 1 khách 1 ngủ rộng rãi, phòng nào cũng có ánh sáng !
📍 Địa chỉ: mặt đường Hoàng Mai- Hà Nội
👉 Vị trí siêu tiện: bán kính 500m ko thiếu thứ gì, ô tô taxi qua nhà, gần nhiều trường đại học, chợ đầu mối, Winmart,khu cafe ẩm thực, thể thao Đền Lừ, cách bến xe buýt cách 200m – đi học, đi làm cực nhanh!
💰 Giá chỉ 5.x tr /tháng( chia 3-4ng mỗi ng hơn 1tr/ tháng / ng )
⚡ Điện 4k/số | 💧 Nước 120k/người³ – intertnet 70k/phòng- Chi phí cực hợp lý
🏡 Phòng mới – sạch đẹp – vào ở ngay
✔ Không chung chủ – giờ giấc tự do
✔ Có cửa sổ lớn, 2 mặt thoáng đón nắng gió
✔ Tầng để xe rộng, cách ly với khu ở đảm bảo PCCC
✔ Có hệ thống máy sấy máy giặt riêng biệt từng phòng
✔ Hệ thống PCCC đầy đủ, lối thoát hiểm an toàn
✔ Khoá điều khiển bằng App xịn xò, Camera 24/24 – an ninh tuyệt đối
✔ Nhà ít phòng an ninh trật tự đảm bảo, yên tĩnh.
🛋 FULL nội thất mới 100%
✨ Tủ QA – Điều hoà – Nóng lạnh
✨ Tủ lạnh – Máy giặt – Tủ bếp – Hút mùi
✨ Quạt trần – Wifi tốc độ cao
👨‍👩‍👧‍👦 Phù hợp:
• Gia đình nhỏ
• Nhóm đi làm
• Sinh viên 3-4 người ở thoải mái
📞 Xem phòng miễn phí – liên hệ ngay:
Zalo/Call: 0399.725.713
🔥 Phòng đẹp – giá tốt – hết rất nhanh, nhắn tin ngay kẻo lỡ!
 #chothuenhaquanhoangmai #chothuenhadenlu #chothuenhahoangmai #chothuecanhodichvutaihoangmai",,,reject,missing_group:flood_state,1,"transport_impact,hanoi_location",0,flood_video_20,hệ thống thoát nước Hà Nội xe buýt,,,,,,2026-09-25T15:37:45.756557+07:00
facebook,1014772410080948,https://www.facebook.com/61560371182814/videos/1014772410080948,(20+) Facebook,"✨ NGẬP TRÀN QUÀ TẶNG TẠI BCAR AUTO  ✨
🎁 sale 50%CHỈ TỪ #799K/bộ thảm sàn
🎁 Giảm thêm #200K cho đơn hàng mua thêm sàn cốp
🎁 Giảm thêm #100K cho đơn hàng tiếp theo
🎁 Miễn phí vận chuyển toàn quốc
-----------------------
💥 Điểm nổi bật của Thảm lót sàn ô tô được:
+ Thiết kế 2 lớp: lớp thảm da ôm khít sàn xe và lớp thảm lót rối chắn nước, chắn bụi có thể tháo ra để vệ sinh
+ Cấu tạo dày dặn nên thảm lót sàn 6D CỰC KỲ HỮU DỤNG VÀ TIỆN LỢI!
+ Không thấm nước – Chống rung chống ồn cực tốt
+ Dễ dàng vệ sinh – Lắp đặt dễ dàng – Không cần tháo ghế
➦ Đã đến lúc bỏ đi những chiếc thảm sàn xe cũ kĩ và thay bằng thảm sàn 6D thế hệ mới của rồi các bác. Thay một lần dùng trọn đời.
-----------------------
+ Lắp đặt hoàn chỉnh, vừa vặn xong mới thanh toán
+ Được bảo hành 7 năm sử dụng.
==========
💢 BCAR AUTO - Thương Hiệu Số 1 Việt Nam
🏪 Xưởng SX: CS1: QL1A TT Thường Tín - Hà Nội
                          CS2: Ngõ 15 Giải Phóng - Hà Nội
                        
☎ HOTLINE 24/7: 0336 121419",2024-06-16T02:16:44.000Z,2024-06-16T02:16:44+00:00,reject,missing_group:flood_state,1,"transport_impact,hanoi_location",0,flood_video_16,ngập cục bộ Hà Nội ô tô,,,,,,2026-09-25T14:53:34.157820+07:00
facebook,10155637618311614,https://www.facebook.com/watch?v=10155637618311614,(20+) Video,"Các bạn đã trải nghiệm xe buýt 2 tầng chạy trong nội đô Hà Nội chưa? Ngày hôm nay 30/6, citytour này chính thức chạy thử ^^
Tôi đã đi bus 2 tầng, bạn thì sao :D

P/s: Ở Hà Nội, không biết họ đã tính phương án nắng sml du khách, bị dây điện căng ngang cổ hoặc cành cây gẫy rơi đầu không nhỉ. Mà quan trọng nhất là phải cải tiến xe bus thành cano đi trên nước ngay khi mưa ngập.",2017-06-30T00:34:06.000Z,2017-06-30T00:34:06+00:00,accept,flood_transport_hanoi,1,"flood_state,transport_impact,hanoi_location",0,flood_video_21,ngập nước Ha Noi xe bus,,,,,,2026-09-25T15:47:49.298908+07:00
facebook,1021976237348440,https://www.facebook.com/photo?fbid=1021976237348440,,"🏊 Đăng ký học bơi ngay tại Hà Đông – Lớp dành cho mọi lứa tuổi!

Nếu bạn đang muốn học bơi để biết tự cứu mình, rèn luyện sức khỏe hoặc giúp con có kỹ năng an toàn dưới nước thì đây là địa chỉ rất đáng tham khảo.

✅ Học viên mới bắt đầu, chưa biết bơi vẫn học được.
✅ Giáo viên hướng dẫn tận tình, kèm sát từng buổi.
✅ Lộ trình rõ ràng, giúp học viên nhanh biết bơi và đúng kỹ thuật.
✅ Nhận dạy trẻ em, người lớn, học cá nhân và theo nhóm.

📍 Địa điểm học:
Tầng 5, Tòa nhà Hồ Gươm Plaza, số 102 đường Trần Phú, phường Mỗ Lao, quận Hà Đông, Hà Nội.

📞 Liên hệ/Zalo: 0343 278 456

Inbox hoặc gọi trực tiếp để được tư vấn lịch học và đăng ký lớp phù hợp nhé! 🌊",,,reject,missing_group:flood_state,1,"transport_impact,hanoi_location",0,flood_post_11,nước dâng Hà Nội lộ trình,,,,,,2026-09-25T14:15:39.047619+07:00
facebook,1022962740781425,https://www.facebook.com/reel/1022962740781425,,"✨THỜI ĐIỂM CỰC HỢP LÝ ĐỂ MUA XE ✨

HYUNDAI SANTAFE 2021 2.2D PREMIUM máy dầu bản cao cấp nhất. 
👉Màu xanh cavansite cực sang 
👉Odo: 7 vạn kilomet - bảo dưỡng full hãng. 
👉Cam kết: không đâm, không ngập. Động cơ, hộp số nguyên bản. 
👉Giá bán: 860.000.000đ (Tám trăm sáu mươi triệu đồng) - bao rút hồ sơ, còn thương lượng 
👍 Hỗ trợ vay ngân hàng lên đến 70% giá trị xe (trả trước 250tr nhận xe)
______
HOTLINE: 0984 55 3838 hoặc 0888 15 9999(E SỸ) 
ZALO: http://Zalo.me/84984553838

Địa chỉ: Số 10 khu đô thị HUD Vân Canh, TP Hà Nội (cách đại học công nghiệp 1km)
Định vị: https://share.google/RX9uCd5fdaC35Aaev",,,reject,missing_group:transport_impact,1,"flood_state,hanoi_location",0,flood_video_14,điểm ngập Hà Nội xe máy,,,,,,2026-09-25T14:39:50.116445+07:00
facebook,1042056821415628,https://www.facebook.com/reel/1042056821415628,,"🌸 GIẢM NGAY TỚI 3 TRIỆU/ KHÁCH - ĐẶT TOUR HOA ANH ĐÀO NHẬT BẢN 🌸

Mùa xuân Nhật Bản chỉ thật sự trọn vẹn khi hoa anh đào nở rộ khắp các thành phố. Và đây chính là thời điểm đẹp nhất trong năm để lên kế hoạch cho một chuyến đi đáng nhớ.

🎁 Ưu đãi đặc biệt khi đặt tour tại BestPrice Travel:

- Giảm ngay tới 3.000.000 đồng/khách
- Hoàn 100% chi phí nếu không đậu visa – đăng ký thoải mái, không lo rủi ro

👉 Hành trình Khám phá Nhật Bản mùa hoa anh đào khởi hành đúng chính vụ hoa tháng 3 – tháng 4, đi trọn cung đường vàng:
Osaka – Kyoto – Núi Phú Sĩ – Tokyo

🗓️ LỊCH TRÌNH TOUR – NGẮM HOA ANH ĐÀO SUỐT HÀNH TRÌNH

🔹 Ngày 1: HCM  - Nhật Bản, nghỉ đêm trên máy bay, sẵn sàng bắt đầu hành trình mùa xuân Nhật Bản

🔹 Ngày 2: Dạo bước giữa sắc hoa anh đào tại lâu đài Osaka, chụp hình tháp cảng Kobe – biểu tượng thành phố cảng

🔹 Ngày 3: Tham quan đền Fushimi Inari, tản bộ trên Con đường Triết gia – điểm ngắm hoa anh đào nổi tiếng nhất Kyoto, trải nghiệm mặc kimono 

🔹 Ngày 4: Trải nghiệm tàu cao tốc Shinkansen, ngắm cảnh mùa xuân dưới chân núi Phú Sĩ, tham quan làng cổ Oshino Hakkai, thư giãn với tắm Onsen giữa thiên nhiên trong lành

🔹 Ngày 5: Tham dự lễ hội hoa anh đào Kawaguchi Festival bên hồ Kawaguchiko, tham quan chùa Asakusa, chụp hình tháp Tokyo Skytree

🔹 Ngày 6: Tự do chụp ảnh hoa anh đào tại công viên Naritasan, khép lại hành trình Nhật Bản mùa hoa anh đào đầy cảm xúc

🧳 Lịch trình nhẹ nhàng, nhiều điểm ngắm hoa, phù hợp cho gia đình, khách trung niên và những ai muốn tận hưởng mùa xuân Nhật Bản theo cách thong thả, dễ chịu.

⏰ Mùa hoa anh đào chỉ kéo dài trong thời gian ngắn, các đoàn khởi hành chính vụ thường kín chỗ rất sớm.

📩 Inbox BestPrice Travel ngay hôm nay để giữ chỗ đẹp và săn ưu đãi tốt nhất cho mùa hoa anh đào nhé 🌸🇯🇵

_________________________________
Công ty Du Lịch BestPrice
🌐 Website: https://www.bestprice.vn/
☎ Tổng đài: 1900 2605
Địa chỉ:
- VP. Hồ Chí Minh: 21 Bùi Thị Xuân, Phường Bến Thành
- VP. Hà Nội: Tầng 11, Tòa Vinaconex Diamond, 459C Bạch Mai, Phường Bạch Mai
- VP. Hải Phòng: Số 36, quốc lộ 17B, Tổ dân phố Cái Tắt, Phường An Hải
#BestPrice #BestPriceTravel #tournhathoaanhdao #hoaanhdao #tournhatban",,,reject,missing_group:flood_state,1,"transport_impact,hanoi_location",1,flood_video_09,mưa kéo dài Hà Nội hành trình,,,,,,2026-09-25T11:50:07.960544+07:00
facebook,1047442491453396,https://www.facebook.com/watch?v=1047442491453396,(20+) Video,"❗️Trường TH & THCS Quỳnh Lập cho học sinh nghỉ để đảm bảo an toàn.

Sáng ngày 17/9/2026, do ảnh hưởng của mưa lớn kéo dài, nước tại các sông, kênh và khu vực thấp trũng dâng cao. Một số đoạn đường, cầu tràn trên địa bàn phường Tân Mai đã bị ngập, có nơi nước chảy mạnh, gây khó khăn và tiềm ẩn nguy hiểm cho người và phương tiện tham gia giao thông.

Trường Tiểu học Quỳnh Lập (phân hiệu Quỳnh Lập B ) và THCS Quỳnh Lập đã thông báo cho học sinh nghỉ học.

Chính quyền đã đặt cảnh báo tại cầu tràn. Bà con chú ý đi lại an toàn. 

Thời tiết hiện tại mưa vừa. Người dân khu vực hạ du cần chủ động theo dõi thông tin và thực hiện các biện pháp đảm bảo an toàn.

(*) Theo: Truyền hình Tân Mai",2026-09-17T01:43:56.000Z,2026-09-17T01:43:56+00:00,reject,missing_group:hanoi_location,1,"flood_state,transport_impact",0,comment_reconciliation,,,25,,unverified,1,2026-09-25T11:42:43.046604+07:00
facebook,1051979540314542,https://www.facebook.com/watch?v=1051979540314542,,"🛵 Siêu phẩm Yadea Vigor- Phong cách dáng xe ""gogo"" đặc trưng, cá tính, mẫu xe có độ hoàn thiện cực cao và nước sơn bóng đẹp mắt 🤩 
Mẫu xe yêu thích top #1 của thế hệ Gen Z
👉 YADEA Vigor nổi bật với các thông số sau:
▪️ Động cơ 600W chở 2 người, vượt dốc cao, vừa đi vừa sạc
▪️ Có cốp siêu rộng lên đến 20L
▪️ Đèn Led siêu sáng toàn xe
▪️ Chống nước IPX7 thoải mái vượt đường ngập
▪️ Khởi động từ xa thông minh, tiện lợi
▪️  Bảo hành lên đến 24 tháng hoặc 20.000km 
▪️  Giao hàng tận nơi
CÔNG TY TNHH MTV ANH CƯỜNG  
Chuyên mua bán Xe Đạp - Xe Thể Thao - Xe Đạp Điện - Xe Máy Điện  - Xe Máy 
  👉 Nhận đổi xe cũ lấy xe mới ( xe đạp + xe điện + xe máy) 
 👉 Nhận sửa xe điện tại nhà - nhận thay bình ắc quy tại nhà ( có thợ chuyên nghiệp đến phục vụ tại nhà miễn phí không phát sinh thêm chi phí  ) 
👉 Nhận cứu hộ xe hư hỏng dọc đường hoặc tại nhà ( miễn phí ) 
👉 Nhận thu mua xe đạp điện - xe máy điện - xe máy cũ, lướt giá cao nhất thị trường. 

CÔNG TY  TNHH MTV Anh Cường ( Xe Điện Anh Cường) 
👉 Cơ sở 1 : 75 yên trung thị trấn Đức thọ hà tĩnh ( đối diện điện máy Xuân ninh) 

👉 Cơ sở 2 : 239 yên trung - Đức thọ hà tĩnh ( đối diện ngân hàng Bidv) 

👉 Cơ sở 3 : 245 Yên Trung - Đức Thọ Hà Tĩnh ( cạnh Café Milan) 

👉 Cơ sở 4 : 247 Yên Trung - Đức Thọ Hà Tĩnh ( cạnh Café Milan)  

👉 Cơ sở 5 : 263 Yên Trung  - Đức Thọ - Hà Tĩnh

👉 Cơ sở 6 : 241 yên trung -  Đức Thọ - Hà Tĩnh

👉 Cơ sở 7 : Ngã Tư Đức Lạc - Đức Thọ Hà Tĩnh ( đối diện bưu điện Đức lạc cũ) 

👉 Cơ sở 8 : Ngã Ba Chợ Bộng-  Thượng Đức - Vũ Quang ( ngã ba cây xăng Đức bồng )
Liên hệ : 0976.892.529 ( Để được phục vụ nhanh nhất)",,,reject,missing_group:hanoi_location,1,"flood_state,transport_impact",0,flood_video_18,ngập diện rộng Hà Nội xe đạp,,,,,,2026-09-25T15:13:54.677629+07:00
facebook,1055450943701974,https://www.facebook.com/photo?fbid=1055450943701974,,"Trong lời khai tại cơ quan công an, Lã Thúy Kiều cho biết việc đăng tải nội dung lên mạng xã hội có mục đích để được chú ý, thu hút nhãn hàng và bán hàng. Kiều nói bản thân cũng như nhiều người khác đều có mục đích khi hoạt động trên mạng xã hội, chứ không đơn thuần đăng tải cho vui. Kiều cũng thừa nhận đến thời điểm hiện tại đã nhận thức được việc đăng những video “không hay” lên mạng có thể ảnh hưởng đến người khác.

Cơ quan điều tra xác định Kiều trực tiếp chỉ đạo, điều hành hoạt động kinh doanh. Riêng giai đoạn 2021 - 2025, Công ty Thiên Phú bán hàng nhưng không lập hóa đơn, không kê khai đầy đủ doanh thu. Hơn 107 tỷ đồng được chuyển vào nhiều tài khoản cá nhân của Kiều, Phú và người thân nhưng không hạch toán vào sổ sách.
Để hợp thức lượng hàng đã bán nhưng vẫn được ghi nhận là tồn kho, Kiều bị cáo buộc chỉ đạo thu thập thông tin căn cước công dân của người thân, bạn bè để lập hàng trăm hóa đơn bán hàng khống, với tổng số tiền lên tới hàng tỷ đồng. Công an TP. Hà Nội đã khởi tố Lê Văn Phú (tức Phú Lê), Lã Thúy Kiều cùng 2 bị can khác về các tội: Vi phạm quy định về kế toán gây hậu quả nghiêm trọng và phát hành trái phép hóa đơn. Vụ án đang tiếp tục được điều tra, làm rõ.",,,reject,missing_group:flood_state+transport_impact,1,hanoi_location,0,flood_post_24,lụt Ha Noi trạm xe buýt,,,,,,2026-09-25T16:11:17.336013+07:00
facebook,1055576462843350,https://www.facebook.com/watch?v=1055576462843350,,"🔴Trong những ngày ngập lụt, xe máy, xe buýt được vào làn cao tốc Đại lộ Thăng Long
Trước tình hình ngập nước trên Đại lỗ Thăng Long chưa kéo giảm, gây ảnh hưởng tới giao thông, đi lại, Sở GTVT Hà Nội vừa có phương án phân luồng, cho phép xe máy, xe buýt được đi lên làn đường cao tốc để tránh ngập.
#giaothong #dailothanglong #tintuc #tinnong #hanoionline #daihanoi",,,accept,flood_transport_hanoi,1,"flood_state,transport_impact,hanoi_location",0,flood_video_23,ngập lụt Ha Noi tuyến buýt,,,,,,2026-09-25T16:06:36.699912+07:00
facebook,1070193945758556,https://www.facebook.com/photo?fbid=1070193945758556,,"🌊 NỖI ÁM ẢNH SÀN PHỒNG RỘP VÌ NỒM ẨM HAY TRÀN NƯỚC ĐÃ CÓ LỜI GIẢI! 👉 CARISMA – CHUẨN MỰC MỚI, BẢO HÀNH NGẬP NƯỚC LÊN TỚI 10 NGÀY! 🛡️

💸 Chi phí làm sàn chỉ bỏ ra một lần, nhưng cảm giác xót ruột khi thấy từng mép gỗ đội lên, cong vênh, ọp ẹp sau một cơn mưa hắt hay đợt nồm kéo dài thì dai dẳng mãi! Nếu bạn muốn lát sàn gỗ đẹp sang mà không phải ""sống trong âu lo"", Carisma chính là câu trả lời hoàn hảo cho tổ ấm hiện đại. ✨

🌟 NHỮNG ĐẶC TÍNH VƯỢT TRỘI TẠO NÊN ĐẲNG CẤP CARISMA:

💧 Khắc chế nước đỉnh cao: Cốt gỗ nén tỷ trọng siêu cao, cam kết bảo hành ngập nước lên tới 10 ngày – lời khẳng định đanh thép về độ bền trước mọi sự cố rò rỉ hay nồm ẩm thời tiết.

🌿 Bề mặt vân sần EIR (Chuẩn AC4): Công nghệ dập nổi đồng vân tinh xảo mang lại cảm giác chân thực như gỗ tự nhiên, chống trầy xước, chống bám bẩn và tạo độ bám an toàn, chống trơn trượt tối đa cho trẻ nhỏ và người lớn tuổi. 👶👵

📏 Độ dày 12mm đầm chắc (kích thước 1221 x 128 x 12 mm): Thanh sàn tiêu chuẩn mang lại bước chân êm ái, cách âm vượt trội, triệt tiêu hoàn toàn tiếng ồn khi di chuyển. 🔇

🔒 Hèm khóa kín khít thông minh: Mộng ghép chuẩn xác từng milimet ngăn chặn triệt để nước ngấm xuống khe, lắp đặt nhanh gọn và dễ dàng tháo dỡ mà không làm hư hại sàn. ⏱️

🍃 An toàn tuyệt đối cho sức khỏe: Đạt chuẩn phát thải formaldehyde cực thấp, bảo vệ hệ hô hấp trong không gian phòng kín bật điều hòa. 🌬️

💡 Đầu tư thông minh một lần vào cốt sàn chất lượng để không gian luôn sang trọng, thảnh thơi tận hưởng và không lo sửa chữa chắp vá sau vài năm sử dụng! 🏡✨

📍 TỔNG KHO SÀN GỖ HÀ NỘI 🏠 Địa chỉ kho & showroom: Số 10 – NV4, Tổng cục 5, Yên Xá, Tân Triều, Thanh Trì, Hà Nội ☎️ Hotline / Zalo tư vấn & báo giá công trình: 0966 866 544",,,accept,flood_transport_hanoi,1,"flood_state,transport_impact,hanoi_location",0,flood_post_09,mưa kéo dài Hà Nội hành trình,,,,,,2026-09-25T11:46:53.995301+07:00
facebook,1071115000602538,https://www.facebook.com/watch?v=1071115000602538,,"Sáng nay, Hà Nội mưa to, nhiều tuyến phố đã ngập sâu.
Trên facebook, rất nhiều người dùng chia sẻ video đường phố ""bập bềnh"" như sóng biển vỗ mỗi khi có xe đi qua.
Cầu mong ""ác mộng"" ngập lụt mấy năm trước không trở lại!
Dự báo đến chiều, khu vực nội thành Hà Nội và các vùng lân cận vẫn tiếp tục có mưa vừa đến mưa to với lượng mưa phổ biến trong khoảng từ 60-80mm, có nơi trên 100mm.",,,accept,flood_transport_hanoi,1,"flood_state,transport_impact,hanoi_location",0,flood_video_03,ngập lụt Hà Nội đi lại,,,,,,2026-09-25T10:53:52.199961+07:00
facebook,1072549571829759,https://www.facebook.com/photo?fbid=1072549571829759,,"MƯA LỚN KHIẾN NHIỀU TUYẾN ĐƯỜNG Ở HÀ NỘI NGẬP NẶNG
-----
Suốt đêm qua, mưa lớn trút xuống nhiều xã, phường ở Hà Nội, với lượng mưa phổ biến 50–120 mm. Đến sáng 15/9, một số tuyến đường bị ngập, gây khó khăn cho người dân đi lại.

Mưa hiện tạm ngớt, song đợt mưa vẫn chưa kết thúc. Trong ngày, Hà Nội còn khả năng có mưa to đến rất to. Các khu vực trũng thấp, những nơi nước chưa rút hết có nguy cơ ngập trở lại.

Đáng chú ý ở các thành phố khác như Sài Gòn, Cần Thơ, Đồng Nai... những ngày gân cũng xảy ra tình trạng ngập nặng ở nhiều tuyến đường sau mưa lớn, có nơi ngập qua bánh xe.
-----
Ảnh: Người dân ghi lại",,,accept,flood_transport_hanoi,1,"flood_state,transport_impact,hanoi_location",1,flood_post_05,đường ngập Hà Nội lưu thông,,,,,,2026-09-25T11:07:28.741279+07:00
facebook,1073510195184105,https://www.facebook.com/photo?fbid=1073510195184105,,"Lời cảm ơn 

Cũng đã lâu lắm rồi tôi mới lại có dịp đi xe buýt lên tuyến 12 từ phố Lê Trọng Tấn về Công Viên Nghĩa Đô. Tôi thấy xe buýt bây giờ sạch đẹp mát mẻ quá chú lái xe 29 E 760 23 tên là Cương vận hành xe chạy ra vào điểm đón trả khách rất an toàn và chuyên nghiệp chú bán vé tên là Phương vui vẻ nhiệt tình hướng dẫn khách lên xuống xe đúng điểm dừng. Nhất là lúc xuống xe tại Công Viên Nghĩa Đô tôi sơ suất để quên chiếc điện thoại ở ghế ngồi trên xe buýt đã được chú bán vé gọi lại và cùng chú lái xe xác minh đúng là chiếc điện thoại của tôi. Được hai chú trao lại cho tôi chiếc điện thoại và còn dặn dò tôi cẩn thận nhé. Tôi thấy tinh thần làm việc và phục vụ hành khách là rất tốt. Vậy tôi xin trân trọng cảm ơn Công ty xe buýt Trung Tâm Tân Đạt cho chúng tôi những chuyến đi an toàn và hạnh phúc.",,,reject,missing_group:flood_state,1,"transport_impact,hanoi_location",0,flood_post_24,lụt Ha Noi trạm xe buýt,,,,,,2026-09-25T16:10:44.965307+07:00
facebook,1076688188079665,https://www.facebook.com/watch?v=1076688188079665,,"Đăng để ae biết e đang có nhiều phòng cho Tân sinh viên thuê nhá. Từ sáng giờ gần chục người hỏi tưởng mình ko có thế mới chết dở!!! 
🔥🔥 Tôi là Hùng chính chủ cho thuê căn hộ FULL NỘI THẤT – Ở NGAY – mặt đường Hoàng Mai gần Đền Lừ 🌟
👉GIẢM NGAY 10%  cho bạn nào chốt nhà trong tháng nhé !
‍📍 Căn hộ lô góc 1 khách 1 ngủ rộng rãi, phòng nào cũng có ánh sáng !
📍 Địa chỉ: mặt đường Hoàng Mai- Hà Nội
👉 Vị trí siêu tiện: bán kính 500m ko thiếu thứ gì, ô tô taxi qua nhà, gần nhiều trường đại học, chợ đầu mối, Winmart,khu cafe ẩm thực, thể thao Đền Lừ, cách bến xe buýt cách 200m – đi học, đi làm cực nhanh!
💰 Giá chỉ 5.x tr /tháng( chia 3-4ng mỗi ng hơn 1tr/ tháng / ng )
⚡ Điện 4k/số | 💧 Nước 120k/người³ – intertnet 70k/phòng- Chi phí cực hợp lý
🏡 Phòng mới – sạch đẹp – vào ở ngay
✔ Không chung chủ – giờ giấc tự do
✔ Có cửa sổ lớn, 2 mặt thoáng đón nắng gió
✔ Tầng để xe rộng, cách ly với khu ở đảm bảo PCCC
✔ Có hệ thống máy sấy máy giặt riêng biệt từng phòng
✔ Hệ thống PCCC đầy đủ, lối thoát hiểm an toàn
✔ Khoá điều khiển bằng App xịn xò, Camera 24/24 – an ninh tuyệt đối
✔ Nhà ít phòng an ninh trật tự đảm bảo, yên tĩnh.
🛋 FULL nội thất mới 100%
✨ Tủ QA – Điều hoà – Nóng lạnh
✨ Tủ lạnh – Máy giặt – Tủ bếp – Hút mùi
✨ Quạt trần – Wifi tốc độ cao
👨‍👩‍👧‍👦 Phù hợp:
• Gia đình nhỏ
• Nhóm đi làm
• Sinh viên 3-4 người ở thoải mái
📞 Xem phòng miễn phí – liên hệ ngay:
Zalo/Call: 0399.725.713
🔥 Phòng đẹp – giá tốt – hết rất nhanh, nhắn tin ngay kẻo lỡ!
 #chothuenhaquanhoangmai #chothuenhadenlu #chothuenhahoangmai #chothuecanhodichvutaihoangmai",,,reject,missing_group:flood_state,1,"transport_impact,hanoi_location",0,flood_video_20,hệ thống thoát nước Hà Nội xe buýt,,,,,,2026-09-25T15:38:50.691472+07:00
facebook,1079953667704251,https://www.facebook.com/watch?v=1079953667704251,(20+) Video,"👉Cách ĐH Việt Hung 50m, 
👉Cách ĐH Lao Động TB & XH 200m
👉Cách ĐH Khoa Học Xã Hội & NV 800m
👉Cách ĐH Đông Đô 300m, 
👉Cách Cao Đẳng Công Thương 300m
👉Cách ĐH Phương Đông 800m
👉ĐH Cộng Đồng 800m
👉CĐ Kinh Tế Công Nghiệp 400m
👉Cách ĐH Phụ Nữ , ĐH Luật 800m.
👉Cách ĐH Công Đoàn 1.5km. 
👉Cách ĐH Thuỷ Lợi 1.5km
👉Cách ĐH Y Hà Nội 2.5km
👉Cách ĐH Giao Thông Vận Tải 1.8km, 
👉Cách ĐH Thanh thiếu Niên 2km, 
👉 Cách Đại Học Hà Nội 1.5km

🏡💕CHO THUÊ HOMESTAY Ở GHÉP GIƯỜNG TẦNG TRONG CHUNG CƯ CC NHÀ NƯỚC. VÀO Ở LUÔN.
 Phòng ghép 2-4-6ng - VSKK.
ĐỦ SLOT PHÒNG 2-4-6ng CHUNG 1 PHÒNG.
Nhà 3 ban công thoáng mát
 Ko chủ, giờ giấc tự do
  🎈CHO THUÊ NGÀY 150k/ngày
  🎈CHO THUÊ THEO NGÀY, THÁNG, NĂM
  🎈NHẬN XE ĐIỆN, 
  🎈CÓ SLOT Ô TÔ
  🎈XE BUS NGAY TRƯỚC CỬA TOÀ NHÀ

VÀO Ở LUÔN,  Ở GHÉP CHUNG CƯ CAO CẤP, CC NHÀ NƯỚC LÀ AN TOÀN NHẤT VỀ PHÒNG CHÁY CHỮA CHÁY VÀ AN NINH 24/24. Khu vực ko bao giờ ngập lụt.

👉Chung cư nhà nước:
      Lê Văn Lương,Hoàng Ngân, Nguyễn Ngọc Vũ,Nguyễn Thị Định, Hoàng Đạo Thuý, Nguyễn Thị Thập , Trần Duy Hưng,Hoàng Ngân, Đỗ Quang, Nguyễn Chí Thanh, Nguyễn Khang, Trung Hoà, Trung Kính,Yên Hoà, Nguyễn Chánh, Tú Mỡ, Hoàng Minh Giám, Nam Trung Yên,
Nguỵ Như Kon Tum, Nhân Hoà, Nguyễn Huy Tưởng, Lê Văn Thiêm,Nguyễn Tuân, Nguyễn Trãi, Ngã Tư sở, Khuất Duy Tiến, Tố Hữu…

CHỦ ĐỘNG CUỘC SỐNG, KO PHẢI XIN Ở GHÉP Ở NHỜ, KO PHỤ THUỘC NGƯỜI Ở CÙNG. 
FULL Nội thất: Chăn ga gối đệm, nóng lạnh, điều hoà, máy giặt, máy sấy,nồi cơm bát đũa, nước rửa chén đủ cả.
Để xe thoải mái. Tủ đồ khoá riêng, mỗi phòng 1 tủ lạnh to riêng.

1.x00k/tháng/ người.
☎️0916769133",2026-08-17T13:40:19.000Z,2026-08-17T13:40:19+00:00,accept,flood_transport_hanoi,1,"flood_state,transport_impact,hanoi_location",0,comment_reconciliation,,,0,,unverified,1,2026-09-25T15:50:12.383123+07:00
facebook,1080503497963738,https://www.facebook.com/watch?v=1080503497963738,(20+) Video,"CỬA KHẨU NEPAL - TRUNG QUỐC BỊ XÓA SỔ, KO MAY CÓ LẼ GIỜ CAO ĐIỂM KHOẢNG 700 NGƯỜI ĐANG LÀM THỦ TỤC Ở ĐÂY.

Đây là thông tin mới nhất cập nhật bên dưới

 Cập nhật 10h ngày 28/08/2026

Video từ camera giám sât ở cửa khẩu
Và video của người dân có mặt  ở khu vực bị lũ quét không chỉ ở cửa khẩu.

• Tìm kiếm người sống sót: 
Một cuộc tìm kiếm khẩn cấp đang được tiến hành đối với hơn 1.300 người mất tích sau trận lũ lụt thảm khốc nhấn chìm khu vực biên giới Trung Quốc - Nepal hôm thứ Tư. Ít nhất 700 người nước ngoài vẫn chưa được tìm thấy. Tổng thống Donald Trump cho biết Mỹ sẵn sàng gửi “bất kỳ sự trợ giúp nào” đến Nepal.

•  Hàng trăm người thiệt mạng: 
Theo chính quyền, số người ch.ết ở Nepal đã tăng lên ít nhất 389 người. 

•  Mối đe dọa thứ cấp: 
Mưa và thời tiết lạnh giá được dự báo tại huyện Gyirong, Trung Quốc, nơi người ta lo ngại một con đập được xây dựng trong vụ sạt lở ban đầu có thể bị vỡ và gây ra lũ lụt nghiêm trọng hơn.

•  Nguyên nhân là gì? 
Lở sông băng và lở đất
Các nhà khoa học vẫn đang nỗ lực xác định chính xác nguyên nhân gây ra thảm họa. Cơ quan Khảo sát Địa chất Hoa Kỳ cho biết sự sụp đổ của sông băng – khi một khối băng lớn tách ra và rơi xuống sườn dốc – cùng với lở đất là nguyên nhân dẫn đến thảm họa.

Như vậy, có vẻ như sự sụp đổ của một sông băng là nguyên nhân gây ra lũ lụt. Hiện chưa rõ chính xác nguyên nhân gây ra sự sụp đổ, nhưng – theo Reuters và BBC đưa tin – các nhà khoa học cho rằng biến đổi khí hậu do con người gây ra có thể là yếu tố chính. Khí hậu ấm lên đang khiến băng ở dãy Himalaya tan chảy nhanh chóng, làm tăng khả năng xảy ra sự sụp đổ của các sông băng.

Để hiểu rõ sự kiện này, cần có một nhóm chuyên gia quốc tế, giống như các sự kiện tương tự trong những năm gần đây. Nhóm này hiện đã được thành lập và bắt đầu công việc.

------------------------------
Cập nhật 16h chiều 28/08

Nepal thông báo hôm nay: 
- 469 người được xác nhận đã c.hết t
- 2.381 người mất tích, trong đó có 644 người nước ngoài.
- Cũng có 127 du khách Nepal từ nước ngoài được báo cáo là mất tích.
- Nguy cơ lũ lụt mới: hình ảnh vệ tinh cho thấy dòng suối Lhende bị tắc nghẽn ở thượng nguồn, tạo thành một hồ nước.
- 13.295 nhân viên an ninh và 15 máy bay trực thăng đã được triển khai cho công tác tìm kiếm, cứu hộ và cứu trợ.
- Tính đến nay đã có 1.545 người được cứu sống
----------------------------------

67 khách đi Kailash của 1 cty du lịch Nepal mất tích trong khoảng 700 người có mặt tại đó

Một công ty du lịch có trụ sở ở  Kathmandu, Nepal, chuyên tổ chức các chuyến hành hương và đi bộ đường dài (trekking) đến Núi Kailash cho biết  rằng toàn bộ 67 người trong một đoàn du lịch của họ có thể đã bị cuốn trôi trong thảm họa lũ lụt hôm thứ Tư tại biên giới Nepal-Trung Quốc.

“Thật không may. Họ đang xếp hàng tại cửa khẩu hải quan và nhập cảnh Trung Quốc. Và đột nhiên, một trận lũ quét lớn ập đến”, Giám đốc cty cho biết. “Mọi thứ ở phía Trung Quốc đều bị cuốn trôi. Toàn bộ tòa nhà hải quan và nhập cảnh.”

Ông cho biết, nhóm thứ hai, gồm tám người nước ngoài và hai nhân viên, đang trên một chiếc xe buýt và một hướng dẫn viên đã chỉ dẫn họ chạy lên núi. 

Họ đã ""rất may mắn"" và hiện đang an toàn tại thủ đô Kathmandu của Nepal. 

8 người này nói theo kiểu từ ngữ văn nói là ""ông bà, tổ tiên gánh còng lưng""

Theo giám đốc công ty này, có khoảng 700 người đang ở trung tâm hải quan khi trận lũ ập đến.

“Chúng tôi hoàn toàn bị sốc, chưa bao giờ nghĩ rằng một thảm họa lớn như vậy lại có thể xảy ra.”

---------------------'--'-
Cuộc hành hương đến núi thiêng Kailash lần này còn có những hội nhóm đông ng đã lên kế hoạch đi từ lâu.

Bậc thầy tâm linh nổi tiếng Sadhguru cho biết trong số những người chưa liên lạc được có một nhóm 77 người từ Tổ chức Isha do ông điều hành. 

“Một trận lũ quét khủng khiếp và bi thảm đã xảy ra ở Gyirong, Tây Tạng - Trung Quốc, và một trong những nhóm Kailash của chúng tôi đã bị mắc kẹt trong đó. Trên đường trở về, họ đang ở văn phòng nhập cư thì trận lũ xảy ra và tòa nhà cùng phần lớn thị trấn dường như đã bị ngập lụt”, Sadhguru viết trên X.

#nepal #tibet 

#lekimahung #lekimashop #kỹnăngsinhtồn #lpa #phototour #trekking #camping #leonúi #foodtour #tourVIP #trảinghiệm",2026-08-28T03:27:45.000Z,2026-08-28T03:27:45+00:00,accept,flood_transport_hanoi,1,"flood_state,transport_impact,hanoi_location",0,comment_reconciliation,,,46,,unverified,1,2026-09-25T16:17:33.799888+07:00
facebook,1083535966675281,https://www.facebook.com/watch?v=1083535966675281,(20+) Video,"Xót Xa Hà Nội: 1000 cú Sét Đánh Dồn Dập suốt 1 Giờ trong đêm tối, Mưa như trút nước, Loạt Phố ngập thành Sông sâu, Giao Thông hỗn loạn .",2024-08-23T06:47:12.000Z,2024-08-23T06:47:12+00:00,accept,flood_transport_hanoi,1,"flood_state,transport_impact,hanoi_location",0,flood_video_01,ngập nước Hà Nội giao thông,,,,,,2026-09-25T10:32:24.402073+07:00
facebook,1092457640148042,https://www.facebook.com/watch?v=1092457640148042,(20+) Video,"Miền Bắc đặc biệt là Hà Nội những ngày gần đây mưa lớn khiến cho nhiều tuyến đường ngập lụt, lưu thông rất khó khăn.

Vậy, cần phải lưu ý gì khi lái xe qua vùng ngập nước?
Hãy cùng tham khảo các lưu ý từ Toyota Mỹ Đình nhé!",2026-09-17T08:19:53.000Z,2026-09-17T08:19:53+00:00,accept,flood_transport_hanoi,1,"flood_state,transport_impact,hanoi_location",0,flood_video_03,ngập lụt Hà Nội đi lại,1,2,0,complete,0,2026-09-25T10:54:26.186854+07:00
facebook,1103897067921019,https://www.facebook.com/watch?v=1103897067921019,(20+) Video,"Ô tô ở Hà Nội chết máy do ngập, chiến sĩ bộ đội ""hò nhau"" khiêng giúp dân 💪

Sáng 26/8, cư dân mạng chia sẻ đoạn video ghi lại cảnh các chiến sĩ quân đội cùng người dân dốc sức đưa chiếc ô tô mắc kẹt giữa đường thoát khói vị bị ngập sâu để chờ xe cứu hộ đến.

Theo hình ảnh trong video, các chiến sĩ bộ đội dầm mưa, lội bì bõm giữa dòng nước ngập, cùng nhau khiêng và đẩy chiếc ô tô nặng hàng tấn lùi khoảng 50m về phía sau.

Chia sẻ với phóng viên Dân trí, anh Bùi Lừng Danh (sống ở phường Từ Liêm, Hà Nội) xác nhận là người quay video và chứng kiến việc làm tốt đẹp của các chiến sĩ.

Theo anh Danh, khoảng 7h20, anh di chuyển từ làng Tân Mỹ ra phố Đỗ Xuân Hợp để đến văn phòng trên phố Duy Tân.

Lúc đi qua đoạn đường phía trước bệnh viện Thể Thao Việt Nam, phát hiện một chiếc ô tô 7 chỗ hiệu Mitsubishi bị chết máy, nam tài xế quyết định phanh lại, không dám mạo hiểm băng qua đường ngập.

""Thời điểm đó, trời mưa rất to, thấy chiếc ô tô bị mắc kẹt giữa bốn bề là nước, 10 chú bộ đội cùng nhau khiêng, hợp lực đẩy xe thoát khỏi chỗ trũng. Sau đó, ô tô được đưa lên xe cứu hộ"", anh Danh kể.

Chứng kiến sự hỗ trợ tận tình, anh Danh không khỏi xúc động, cho rằng tài xế may mắn khi nhận được sự giúp đỡ kịp thời của các chiến sĩ.

“Các chú bộ đội rất nhiệt tình, sẵn sàng hỗ trợ người dân trong lúc khó khăn giữa mưa lớn, không quản ngại vất vả. Hình ảnh đó khiến tôi cảm thấy vô cùng trân trọng”, anh Danh chia sẻ.

Sau cơn mưa không ngớt suốt đêm, sáng 26/8, nhiều khu vực ở Hà Nội bị ngập sâu khiến giao thông hỗn loạn. Dân văn phòng chật vật đến chỗ làm, nhiều người phải ở nhà làm việc trực tuyến do các tuyến phố bị chia cắt.

Theo thông tin từ Công ty TNHH MTV thoát nước Hà Nội, do ảnh hưởng của hoàn lưu bão số 5 từ chiều và đêm 25 đến sáng 26/8, trên địa bàn thành phố có mưa lớn diện rộng.

Tổng lượng mưa đo được tại các khu vực đến thời điểm 6h30 ngày 26/8 như sau: Phường Hai Bà Trưng 315mm, Hoàn Kiếm 140mm, Ba Đình 133mm, Văn Miếu 168mm, xã Vĩnh Thanh 180mm,...",2025-08-26T04:05:10.000Z,2025-08-26T04:05:10+00:00,accept,flood_transport_hanoi,1,"flood_state,transport_impact,hanoi_location",0,comment_reconciliation,,,0,,unverified,1,2026-09-25T15:32:50.973895+07:00
facebook,1119815340718226,https://www.facebook.com/watch?v=1119815340718226,(20+) Video,"Em chạy từ Ngọc Lặc về Hà Nội không vướng gì, vậy mà về gần đến quê nhà rồi thì phải chịu thua Vịnh Tân Tây Đô.
Cô chú anh chị ai chưa được chén thịt sấy thì thông cảm cho em, em đã cố gắng rồi.",2026-09-18T11:45:47.000Z,2026-09-18T11:45:47+00:00,reject,missing_group:flood_state+transport_impact,1,hanoi_location,0,flood_video_22,ngập úng Ha Noi bus,,,,,,2026-09-25T15:57:32.958391+07:00
facebook,1120077647346902,https://www.facebook.com/watch?v=1120077647346902,(20+) Video,"🌧️ VINH: MƯA LỚN KÉO DÀI, NHIỀU TUYẾN PHỐ NGẬP SÂU SÁNG 19/9

Sáng nay 19/9/2026, mưa lớn kéo dài đã khiến nhiều tuyến đường tại khu vực TP Vinh (cũ), Nghệ An ngập nặng. Một số điểm nước dâng trên 0,5 m, nhiều ô tô, xe máy chết máy, giao thông gặp khó khăn. Một số khu vực nhà dân cũng bị nước tràn vào.

Theo Đài Khí tượng Thủy văn Trung Bộ, trong những giờ qua Nghệ An xuất hiện mưa vừa, mưa to đến rất to; riêng khu vực Vinh được ghi nhận 63,2 mm trong 3 giờ. Cơ quan khí tượng cảnh báo mưa lớn có thể tiếp tục gây ngập tại các khu đô thị, vùng thấp trũng trong ngày và đêm 19/9.

⚠️ Lưu ý: Một số thông tin trên mạng cho rằng khu vực Vinh đã có lượng mưa 353 mm trong 6 giờ và có thể lập kỷ lục về cường suất mưa. Tuy nhiên, hiện chưa có số liệu chính thức từ cơ quan khí tượng mà tôi kiểm chứng được xác nhận con số này, nên chưa nên gọi đây là “kỷ lục”.

🌧️ Người dân tại Nghệ An – Hà Tĩnh, đặc biệt khu vực đô thị, vùng trũng thấp, cần tiếp tục theo dõi diễn biến mưa; chủ động kê cao tài sản, di chuyển phương tiện đến nơi cao ráo, hạn chế đi qua các tuyến đường đang ngập sâu và đề phòng nước tiếp tục dâng.

📌 Nguồn tham khảo: Đài Khí tượng Thủy văn Trung Bộ, báo chí địa phương; hình ảnh/video do người dân cung cấp.

📹 Video: Vân Anh
🛰️ Dữ liệu vệ tinh: Himawari; dữ liệu mưa: Vrain.

Video: Huy Nguyễn",2026-09-19T07:21:24.000Z,2026-09-19T07:21:24+00:00,reject,missing_group:hanoi_location,1,"flood_state,transport_impact",0,comment_reconciliation,,,2,,unverified,1,2026-09-25T14:41:20.629889+07:00
facebook,1128641326038338,https://www.facebook.com/watch?v=1128641326038338,(20+) Video,"‼ Mưa như trút nước suốt 24 giờ, Hà Nội ngập khắp nơi, giao thông tê liệt

Cơn mưa lớn kéo dài từ tối 29/9 đến tối nay đã làm gần như toàn bộ đường, phố Hà Nội ngập sâu, giao thông tê liệt, người dân đi lại vô cùng khó khăn.

(Video: Nhóm PV)",2025-09-30T12:55:09.000Z,2025-09-30T12:55:09+00:00,accept,flood_transport_hanoi,1,"flood_state,transport_impact,hanoi_location",0,flood_video_13,nước ngập Hà Nội đường đi,,1,,unverified,1,2026-09-25T14:31:33.020055+07:00
facebook,1130923255924416,https://www.facebook.com/watch?v=1130923255924416,(20+) Video,"Hôm nay có việc, mưa to cũng phải lên đường!
Ngoài trời mưa trắng xóa, đường phố thì chỗ nào cũng ùn tắc, nước ngập lưng bánh xe… tham gia giao thông đúng là một hành trình thử thách. 😅

Có người bảo: “Không phải ngập đâu, chỉ là nước dềnh lên thôi!” 😂
Ừ thì gọi là dềnh cho nhẹ nhàng, chứ bánh xe đã gần “bơi” rồi thì chắc cá cũng đang tìm đường về nhà! 🐟🤣

Mưa thì vẫn mưa, đường thì vẫn tắc, thôi cứ bình tĩnh, đi chậm và an toàn. Hà Nội những ngày mưa — vất vả một chút nhưng cũng có thêm những câu chuyện vui để nhớ! 🌧️🚗",2026-09-17T03:28:55.000Z,2026-09-17T03:28:55+00:00,accept,flood_transport_hanoi,1,"flood_state,transport_impact,hanoi_location",0,comment_reconciliation,,,59,,unverified,1,2026-09-25T11:25:06.024356+07:00
facebook,1136745487833752,https://www.facebook.com/watch?v=1136745487833752,(20+) Video,".
Hà Nội mưa trắng trời, nước ngập trắng đất, nước tràng hồ Tây hồ Gươm. Ngập mọi con đường, gió xé muốn toạc cả HN…Nv Vteo giao yến cho ông Chịnh ở đầu HN ướt chèm bẹppp…hư hết YẾN. 
.
Thì bữa kia chịnh thấy anh # long tivi gì đó chửi anh thầy người Úc. Chịnh ko còm mà inbox clip đó vô trang đại sứ quán Úc. Nay anh # long tv tới công chiện luôn. Anh này là nhân sự ưu tú số 1 trong hôm đại hội võ lâm quy tụ 500 kols á bà con. Tuyển lựa ưu tú xuất sắc nên xúc phạm quan hệ quốc tế luôn. Sĩ nhụt quốc thể mình luôn.
.
Bão lũ lần này thiệt ra thì sức tàn phá kinh khủng khiếp & trên phạm vi rất rất rộng đó.
Nhứt là sau bão MỌI THUỶ ĐIỆN ĐỒNG LOẠT XẢ ĐẬP nước NGẬP làng mạc hoa màu, vườn tược chăn nuôi, ao hồ lồng bè, trang trại heo gà, bò trâu, cá…là vô cùng tổn thất.
.
Trong bối cảnh đó cái tên Xác Tan Bình bị kêu réooo liên tục…e là pị pế là có!?
…
Trịnh Sơn Trịnh Sơn 
Clip trang trại heo bơi trong nước. Tất cả đều ngập không biết lùa đi đâu. Máy bơm nước vô nghĩa. Heo bơi suốt thì tự nó đuối & ch/ết…

Tập 1 bão - tập 2 xả lũ - tập 3 ô nhiễm môi trường bịnh dịch phát sinh. (Dân điêu đứng trọn bộ.)
👇🏿",2025-09-30T12:34:55.000Z,2025-09-30T12:34:55+00:00,accept,flood_transport_hanoi,1,"flood_state,transport_impact,hanoi_location",0,comment_reconciliation,,,54,,unverified,1,2026-09-25T15:15:32.816610+07:00
facebook,1137840662237012,https://www.facebook.com/photo?fbid=1137840662237012,,"2xe gấp nhật khung nhôm hàng hiệu bánh 20 đề số shimano 6 tốc độ
Xe gập gọn cho cốp ô tô rất tiện hay mang chung cư đi tàu điện đều thích hợp 
Thao tạo gập đơn giản dễ sử dụng , các khớp gập chắc chắn k bị lỏng lẻo theo thời gian 
Xe nhật chất lượng khỏi bàn đạp nhẹ chắc chắn 
Phù hợp ng có chiều cao từ 1m35/1m75
Giá :4,3/ 1xe 
Xem tt và thử xe tại 97 ngõ 296 minh khai hn 
Lh zalo :0944640598",,,reject,missing_group:flood_state,1,"transport_impact,hanoi_location",0,flood_post_18,ngập diện rộng Hà Nội xe đạp,,,,,,2026-09-25T15:08:00.699309+07:00
facebook,1138711367680764,https://www.facebook.com/watch?v=1138711367680764,(20+) Video,"Hà Nội vừa trải qua cơn bão gây tê liệt rất nhiều tuyến phố, vẫn chưa dừng lại tiếp tục đón cơn bão tiếp theo mang tên MATMO, giao thông công cộng đặc biệt là xe buýt bị ảnh hưởng rất nhiều về thời gian và lộ trình di chuyển. 
Sau khi vừa trải qua một cơn bão lớn gây thiệt hại đáng kể, Hà Nội vẫn chưa kịp phục hồi hoàn toàn thì lại tiếp tục đối mặt với cơn bão tiếp theo đang tiến vào đất liền.
Dự báo từ đêm nay và trong những ngày tới, cơn bão sẽ tiếp tục gây mưa lớn trên diện rộng. Nhiều trường học đã chủ động cho học sinh nghỉ học hoặc học online từ ngày 6/10.
Người dân hạn chế ra đường nếu không cần thiết, đặc biệt trong các khung giờ cao điểm và tại các khu vực trũng thấp có nguy cơ ngập lụt.",2025-10-06T09:41:09.000Z,2025-10-06T09:41:09+00:00,accept,flood_transport_hanoi,1,"flood_state,transport_impact,hanoi_location",0,flood_video_23,ngập lụt Ha Noi tuyến buýt,1,2,0,complete,0,2026-09-25T16:05:53.524680+07:00
facebook,1141463153324125,https://www.facebook.com/watch?v=1141463153324125,(20+) Video,"Lâu rồi, tôi mới lang thang đêm Hà Nội...Tôi đi dọc theo những con đường nhỏ, đi để nhớ về 36 phố phường xưa, rồi ngồi trầm tư dưới gốc sấu già bên chén chè nóng mong xua bớt cái lạnh về khuya...

Người trong phố, như những căn nhà đóng kín cửa và câu nói còn ngập ngừng như còn đọng chút rêu phong bám trên các mảng tường phố cổ...Những ngọn đèn vàng vẫn sáng ấm góc đường, lung linh trong gió heo may, chút sáng tối đọng trên vai người phu xe kịp khuất sang một ngõ phố...Ở đó, nơi tôi đi qua, chút hương hoa sữa còn đọng bên thềm...

Tôi lại đi giữa khu phố khác, hình dung ra nhịp sống ban ngày của những căn hộ tập thể ồn ào, náo nhiệt, có bạn bè, có những chiếc cốc đổ ngập rượu mơ, có điếu thuốc ấm khi tiết trời chớm đông mang vẻ dịu dàng...

Tôi vẫn thèm nghe tiếng tàu điện leng keng trong mờ sương trôi dần về phía Bờ Hồ...Mỗi sáng, muốn thấy lại người soát vé già ẩn hiện nếp nhăn trên mặt dưới vành mũ cối cùng hành khách đầu tiên trong tinh mơ Hà Nội với quang gánh, thúng mủng để chợt nhớ phố xưa...Nơi ấy phía ngã ba không đèn, cùng những buổi sớm cuồn cuộn sương trôi, chiếc xe đạp rời bến sông để vào phố thị, mang theo giọng nói vùng miền cùng quang gánh, thúng mủng có vịt gà, rau cỏ, hoa tươi...

Trời Hà Nội đang mùa đông, miên man đi giữa đêm, tôi chợt nhận ra còn thật ít những căn nhà nhỏ cùng rêu phong phủ mờ...Hàng hoá, nhà hàng, khách sạn rộng cửa với ánh điện đủ màu, tây ta trộn lẫn chen vai trong từng con đường nhỏ... Có còn chăng là phố Thuốc Bắc đượm thơm mùi thuốc, phố Hàng Mã bày hàng cõi âm và đồ chơi giấy, có thật nhiều những quang gánh trên đôi vai các chị từ những vùng quê tất tả mang theo phiên chợ di động khắp phố phường...Gần sáng, tiếng người rao hàng đã hết, hết hẳn những cụ già bày bán chè chén dưới gốc sấu già...Chợt trong đêm vắng lại nghe tiếng lá rơi nơi thềm phố cổ, rơi vội vã như cơn gió thốc ùa qua và thật sớm, khi sương còn đông, nhịp chổi ràn rạt của người quét đường thay cho tiếng tàu điện leng keng vòng vọng...

Buổi sáng, đường phố sạch bong, nhịp điệu hối hả ngày thường trong dãy phố vào thời mở cửa mang một nụ cười rất mới...Còn đâu, những vết rêu phong trên nền phố cổ...

Ps : Sáng sớm ra nghe Giọng đọc của Ông Lê Đại Chức mà thèm Phở Hà Nội đến cồn cào Anh Dai Bang Le ơi ! Mong sớm được gặp lại Ông và Anh Trai !",2022-01-09T23:43:27.000Z,2022-01-09T23:43:27+00:00,accept,flood_transport_hanoi,1,"flood_state,transport_impact,hanoi_location",0,flood_video_18,ngập diện rộng Hà Nội xe đạp,,,,,,2026-09-25T15:14:00.458186+07:00
facebook,1142082214465139,https://www.facebook.com/watch?v=1142082214465139,(20+) Video,"Hà Nội có 36 điểm ngập lụt lớn, giao thông hỗn loạn

Sáng 26/8, Hà Nội ghi nhận 36 điểm ngập lụt nghiêm trọng sau mưa lớn do ảnh hưởng hoàn lưu bão số 5. Giao thông nhiều tuyến đường rơi vào tình trạng hỗn loạn, ùn tắc, nhiều ô tô chết máy, xe buýt tê liệt.

Theo Đài khí tượng Thủy văn Bắc Bộ, lượng mưa từ đêm 25/8 đến sáng 26/8 phổ biến 100–200mm, nhiều nơi vượt 200mm như Thạch Thất (287,6mm), An Khánh (254,6mm), Thường Tín và Thanh Trì (216,2mm).

Các tuyến đường ngập nặng gồm QL70, Quang Trung (Ba La – Yên Nghĩa), Tố Hữu, Nguyễn Trãi, Đỗ Đức Dục, Quan Nhân, nhiều điểm trung tâm như ngõ 165 Thái Hà, chợ Xanh Thành Công, hầm chui Thiên Đức… Công ty Thoát nước Hà Nội đang khẩn trương vận hành các trạm bơm Yên Sở, Cổ Nhuế, Đồng Bông 1 để hạ mực nước, giải tỏa giao thông.

#HaNoi #NgapLut #BaoSo5 #GiaoThongHonLoan #UnTac #ThoiTietHaNoi #MuaBao",2025-08-27T03:30:58.000Z,2025-08-27T03:30:58+00:00,accept,flood_transport_hanoi,1,"flood_state,transport_impact,hanoi_location",1,flood_video_24,lụt Ha Noi trạm xe buýt,,2,,unverified,1,2026-09-25T16:13:11.012949+07:00
facebook,1146955240614650,https://www.facebook.com/watch?v=1146955240614650,(20+) Video,"Trải nghiệm xe bus cực chill vào buổi sáng Hà Nội, nói chung là còn chill hơn đi thuyền...🛳️",2025-08-26T01:27:54.000Z,2025-08-26T01:27:54+00:00,reject,missing_group:flood_state,1,"transport_impact,hanoi_location",0,flood_video_22,ngập úng Ha Noi bus,,,,,,2026-09-25T15:56:12.937486+07:00
facebook,1150926053547740,https://www.facebook.com/watch?v=1150926053547740,(20+) Video,"Đi xe bus cho yên tâm mọi người ạ.
Lội từ nhà ra bến xe Bus rồi khi lên được xe Bus vẫn chưa hết kiếp nạn ngập nước các bác ạ 😁😁😁",2025-08-26T02:32:07.000Z,2025-08-26T02:32:07+00:00,reject,missing_group:hanoi_location,1,"flood_state,transport_impact",0,comment_reconciliation,,,41,,unverified,1,2026-09-25T15:49:20.104601+07:00
facebook,1152741853684771,https://www.facebook.com/watch?v=1152741853684771,(20+) Video,"🛑 Xe buýt 'lội nước"" đoạn qua phố Thái Hà

Tuyến xe buýt E03 lúc đi qua phố Thái Hà, chiều nay 30/9. Đường ngập, chỉ có bus điện là đi được. Nhiều người dân đã hét lên khi nước tràn qua ghế ngồi.
#tintuc #news #thoisu #hanoionline #daihanoi",2025-09-30T11:11:31.000Z,2025-09-30T11:11:31+00:00,reject,missing_group:hanoi_location,1,"flood_state,transport_impact",0,comment_reconciliation,,,23,,unverified,1,2026-09-25T16:09:23.498369+07:00
facebook,1169224468460500,https://www.facebook.com/watch?v=1169224468460500,(20+) Video,"Khoảnh khắc sét đánh tóe lửa xuống Hà Nội, bầu trời đen kịt như muốn đổ sập 😰

Khoảng 6h30 ngày 7/10, chị H. chuẩn bị đi làm như thường lệ. Tuy nhiên khi nhìn ra ngoài trời, chị H. thấy mưa trắng xóa, đôi lúc kèm theo sấm chớp. Lo ngại sẽ bị mưa ngập như đợt mưa trước đó, chị H. quyết định lấy điện thoại ghi cảnh khoảnh khắc mưa to để xin công ty báo nghỉ việc một hôm. Đúng thời điểm chị H. giơ máy quay, những tia sét lớn đánh xuống tóe lửa kèm theo âm thanh lớn, khiến người phụ nữ 37 tuổi giật mình.

""Khi xem lại video, tôi mới biết đã vô tình quay được khoảnh khắc sét đánh tóe lửa xuống phía dưới. Thấy nguy hiểm, tôi đã gửi video lên nhóm cộng đồng cư dân để cảnh báo mọi người nên thận trọng khi di chuyển ra ngoài giữa lúc thời tiết cực đoan"", chị H. nói. Video được chị H. quay ở tầng 11 thuộc chung cư Sông Nhuệ ở phường Kiến Hưng, tổ dân số 15 (Hà Nội). Đây là khu vực có tầm nhìn hướng xuống sông Nhuệ và khu nhà xưởng ở khu Mậu Lương.

Nguồn video: Nhân vật cung cấp.",2025-10-07T08:30:31.000Z,2025-10-07T08:30:31+00:00,accept,flood_transport_hanoi,1,"flood_state,transport_impact,hanoi_location",0,comment_reconciliation,,,12,,unverified,1,2026-09-25T11:59:05.474714+07:00
facebook,1204427734845075,https://www.facebook.com/watch?v=1204427734845075,(20+) Video,"Nếu ở Hà Nội năm 1989, 1990, nghe người ta nói 100 năm nữa GDP Việt Nam mới đuổi kịp Thái Lan của cùng năm 90 chắc tôi cũng tin mà hùa theo. Đâu đâu ngày đó cũng chỉ toàn xe đạp, những người lam lũ gồng gánh. Vậy mà sau hơn 30 năm, GDP của chúng ta từ con số gần bằng 0, đã áp sát xứ sở Chùa Vàng và Sing một cách sòng phẳng.

Chúng ta không tự mãn, nhưng có quyền tự hào và lấy đó làm động lực cho tương lai tốt đẹp hơn.

Thập niên 70, người Việt Nam tìm mọi cách giành lại hoà bình, thống nhất đất nước. Thập niên 80, lại tìm mọi cách để khắc phục hậu quả chiến tranh và khủng hoảng. Thập niên 90, tìm mọi cách để phá thế bao vây cấm vận. Rồi thập niên 2000, tìm mọi cách thoát nghèo toàn diện, để đến những năm 2010 GDP bình quân vượt 1000 usd/người/năm. 

Và không nhiều nước trên thế giới này có thể hoàn thành các nhiệm vụ đó chỉ trong 50 năm.",2026-03-13T15:27:31.000Z,2026-03-13T15:27:31+00:00,reject,missing_group:flood_state,1,"transport_impact,hanoi_location",0,flood_video_19,thoát nước không kịp Hà Nội xe điện,,,,,,2026-09-25T15:31:29.822469+07:00
facebook,1206500163852029,https://www.facebook.com/watch?v=1206500163852029,(20+) Video,"Nhiều tuyến đường ở quận Thanh Xuân, Nam Từ Liêm, Hoàng Mai ngập sâu 60-70 cm, nước tràn vào nhà dân, phương tiện chết máy sau cơn mưa dài hơn một giờ buổi sáng.
#cmt #VnExpress",2024-06-05T06:20:44.000Z,2024-06-05T06:20:44+00:00,accept,flood_transport_hanoi,1,"flood_state,transport_impact,hanoi_location",0,flood_video_12,nước tràn Hà Nội tuyến đường,,,,,,2026-09-25T14:22:18.856880+07:00
facebook,122117674983369894,https://www.facebook.com/photo?fbid=122117674983369894,,"**NỖI ĐAU TỘT CÙNG: TÌM THẤY THI THỂ NAM SINH NĂM NHẤT DƯỚI CHÂN CẦU PHỐ VIÊN**

Những ngày qua, thông tin về một nam sinh viên trẻ tuổi mất tích trong bối cảnh ngập lụt diện rộng đã thu hút sự quan tâm và lo lắng lớn từ cộng đồng.

Sau nhiều giờ tích cực quần thảo các khu vực có nguy cơ cao, lực lượng chức năng cùng người dân đã tìm thấy thi thể của nam sinh này tại khu vực dưới chân cầu phố Viên.

Ngay khi nhận được tin dữ xác nhận về sự việc, người mẹ đã ngã quỵ và khóc ngất giữa không gian tang thương, liên tục gọi tên con trong tuyệt vọng. Sự việc để lại niềm tiếc thương vô hạn cho gia đình, người thân và những người chứng kiến.

Trước diễn biến phức tạp của mưa lũ và tình trạng ngập sâu tại nhiều tuyến đường, các cơ quan chức năng tiếp tục khuyến cáo người dân tuyệt đối cẩn trọng khi di chuyển qua các vùng nước lớn để đảm bảo an toàn tính mạng.

**Nguồn:** Báo Sức khỏe & Đời sống",,,reject,missing_group:hanoi_location,1,"flood_state,transport_impact",0,flood_post_04,lụt Hà Nội di chuyển,,,,,,2026-09-25T10:23:03.186536+07:00
facebook,122123648313378753,https://www.facebook.com/photo?fbid=122123648313378753,,"Hà Nội: Ngập sâu nhiều tuyến đường, chuẩn bị kịch bản học sinh phải ở lại trường qua đêm vì mưa bão kéo dài. Chi tiết vụ việc 👇.

---------------------------------------

Trưa 17/9, Sở GD&ĐT Hà Nội phát thông báo yêu cầu các cơ sở giáo dục chủ động triển khai phương án ứng phó theo phương châm “4 tại chỗ”. Các trường được quyền linh hoạt điều chỉnh hình thức dạy học, hoãn dạy trực tiếp chuyển sang trực tuyến nếu xảy ra ngập úng hoặc nguy cơ mất an toàn.

Đối với các trường có học sinh bán trú, cơ sở phải rà soát, chuẩn bị chu đáo nơi nghỉ ngơi, lương thực và nước uống dự phòng cho trường hợp học sinh phải lưu trú lại trường do thời tiết nguy hiểm. Quá trình di chuyển và bàn giao học sinh cần được phối hợp chặt chẽ cùng gia đình để bảo đảm an toàn tuyệt đối.

Nội dung bài viết này được xử lý đồ họa và tóm tắt với sự hỗ trợ của AI. Mọi thông tin đã được kiểm chứng.

Nguồn bài báo gốc: Báo Dân Trí

Tuân thủ nghiêm ngặt Nghị định 237/2026/NĐ-CP.",,,accept,flood_transport_hanoi,1,"flood_state,transport_impact,hanoi_location",0,flood_post_01,ngập nước Hà Nội giao thông,,,,,,2026-09-25T10:26:53.482852+07:00
facebook,122132097813107812,https://www.facebook.com/photo?fbid=122132097813107812,,"Nữ nhân viên bán vé thân thiện dễ mến.  Là cảm xúc của tôi khi gặp cô nhân viên bán vé trực quầy tại nhà chờ BRT Cầu La Khê sáng ngày 25/5. Thời tiết oi bức thật sự rất khó chịu, nhiều hành khách đòi hỏi khá vô lý ví dụ như lúc tôi đợi xe có khách hàng không biết cách táp xu và bị nhỡ xe nên có những lời lẽ không tích cực. Nhưng cô bán vé đã rất nhanh chóng xoa dịu bằng cách hướng dẫn tap xu và thả xu, đồng thời vào app Tìm Buýt và thông báo cho khách hàng chỉ còn 3p nữa là có chuyến xe tiếp theo. Sau đó vị khách hàng cũng đã thấy mình quá đáng và có lời xin lỗi cô. Hai người vui vẻ tiếp tục công việc của mình. Thật là một việc nhỏ và rất chớp nhoáng nhưng cũng thể hiện sự chuyên nghiệp của cô nhân viên này. Gửi cô lời khen ngợi. Chúc cho nhà xe đào tạo thêm được nhiều nhân viên như vậy. Thật sự là đã nâng cao chất lượng rất nhiêu. Xin cảm ơn!",,,reject,missing_group:flood_state+transport_impact,1,hanoi_location,0,flood_post_20,hệ thống thoát nước Hà Nội xe buýt,,,,,,2026-09-25T15:35:16.117035+07:00
facebook,122134552353106633,https://www.facebook.com/photo?fbid=122134552353106633,,"🌟🌟 MOBIFONE TRIỂN KHAI HỆ THỐNG THẺ VÉ ĐIỆN TỬ LIÊN THÔNG CHO GIAO THÔNG CÔNG CỘNG HÀ NỘI

Ngày 25/06/2026, UBND TP. Hà Nội tổ chức lễ khai trương hệ thống vé điện tử liên thông đa phương thức cho mạng lưới giao thông công cộng trên địa bàn thành phố. Đây là bước tiến quan trọng trong lộ trình xây dựng giao thông thông minh, thúc đẩy chuyển đổi số toàn diện trong quản lý, vận hành dịch vụ vận tải hành khách công cộng.

🔴 Là đơn vị triển khai, MobiFone không chỉ mang đến giải pháp vé điện tử liên thông, mà đang từng bước xây dựng nền tảng số kết nối các dịch vụ công cộng, hướng tới mục tiêu người dân chỉ cần một tài khoản hoặc một phương thức thanh toán để sử dụng nhiều tiện ích trong cuộc sống. 

Hệ thống triển khai trên 128 tuyến xe buýt cùng gần 2.000 đầu xe, mang lại nhiều giá trị thiết thực:

✅ Đối với người dân

- Thanh toán thuận tiện bằng nhiều hình thức: thẻ vật lý, thẻ ảo, thẻ ngân hàng, mã QR...
- Đăng ký, gia hạn và mua vé trực tuyến mọi lúc, mọi nơi.
- Áp dụng chính sách giá vé linh hoạt theo cự ly, minh bạch và công bằng.

✅ Đối với cơ quan quản lý và đơn vị vận tải

- Dữ liệu tập trung, cập nhật theo thời gian thực.
- Điện tử hóa quy trình quản lý, giám sát và nghiệm thu.
- Nâng cao hiệu quả vận hành, tăng tính minh bạch và giảm thất thoát.

✅ Đối với xã hội

- Thúc đẩy thanh toán không dùng tiền mặt.
- Giảm sử dụng vé giấy.
- Góp phần nâng cao sức hấp dẫn của giao thông công cộng, giảm ùn tắc và bảo vệ môi trường.

Trong thời gian tới, MobiFone sẽ tiếp tục đồng hành cùng Thành phố Hà Nội nghiên cứu, phát triển các giải pháp giao thông thông minh, ứng dụng dữ liệu lớn, trí tuệ nhân tạo và các công nghệ số hiện đại nhằm nâng cao chất lượng phục vụ người dân.

👏 Theo chia sẻ của Ông Trần Đức Thành - quyền Tổng giám đốc Tổng công ty Viễn thông MobiFone: ""Không chỉ dừng lại ở phạm vi Hà Nội, hệ thống sẵn sàng để mở rộng triển khai trên quy mô lớn tại các tỉnh, thành và địa phương trên cả nước, hướng tới mục tiêu hình thành một nền tảng thẻ vé cấp quốc gia trong tương lai. Khi đó, chỉ cần sử dụng một hệ thống thẻ vé duy nhất phục vụ người dân khi tham gia giao thông, các dịch vụ tiện ích đô thị và thiết yếu khác.""

Trong tương lai, nền tảng này sẽ tiếp tục được mở rộng kết nối với metro, xe đạp công cộng, bãi đỗ xe và nhiều dịch vụ đô thị khác, hiện thực hóa mục tiêu ""Một chiếc thẻ - Vạn hành trình"".

---
MobiFone Solutions - Kiến tạo tương lai số 
- Hotline: 0896 38 38 38
- Website: https://mobifonesolutions.vn/
#MobiFoneSolutions #MobiFone #VeDienTuLienThong #GiaoThongSo #GiaoThongThongMinh #DoThiThongMinh #ChuyenDoiSo #ThanhToanKhongTienMat #SmartCity #DigitalTransformation",,,reject,missing_group:flood_state,1,"transport_impact,hanoi_location",0,flood_post_20,hệ thống thoát nước Hà Nội xe buýt,,,,,,2026-09-25T15:34:09.886399+07:00
facebook,122139278625146234,https://www.facebook.com/photo?fbid=122139278625146234,,"MƯA LỚN, SÔNG BÙI DÂNG CAO, HÀNG TRĂM NGƯỜI DÂN HÀ NỘI SƠ TÁN KHẨN CẤP

Theo bà Phùng Thị Hà, Trưởng thôn Ninh Kiều, thôn có 3.887 nhân khẩu, trong đó 632 người ở xóm Đồng Dâu bị ảnh hưởng do ngập lụt.

Khoảng 16h ngày 15/9, khi nước bắt đầu dâng, chính quyền địa phương thông báo, đồng thời tổ chức di dời người dân tại những khu vực có nguy cơ ngập sâu đến nơi an toàn.

Người già, trẻ nhỏ được ưu tiên sơ tán. “Đến nay, toàn bộ người già và trẻ nhỏ đã được chuyển đến nơi an toàn”, bà Hà cho biết.

Cùng với việc di dời người dân, lực lượng chức năng phối hợp với các hộ dân kê cao, vận chuyển bàn ghế, đồ đạc và tài sản nhằm hạn chế thiệt hại.

Bà Hà Thị Minh, người dân thôn Ninh Kiều, cho biết nước đã tràn vào sân và khu vực cổng của nhiều gia đình. Gia đình bà chủ động kê cao tài sản, đưa người thân đến nơi tránh trú an toàn. Bà ở lại trông coi nhà và cho biết sẽ di chuyển nếu mực nước tiếp tục dâng.

Từ: Vietnamnet",,,accept,flood_transport_hanoi,1,"flood_state,transport_impact,hanoi_location",0,flood_post_04,lụt Hà Nội di chuyển,,,,,,2026-09-25T10:21:48.297926+07:00
facebook,122144092095243433,https://www.facebook.com/photo?fbid=122144092095243433,,"Mazda 2 Sport Luxury 2022 
Odo đi hơn 3 van km thôi 

kiểu dáng KODO hiện đại, trẻ trung, năng động. Xe phù hợp anh chị cần một mẫu hatchback đô thị đẹp, lái hay và tiết kiệm.

📌 THÔNG TIN XE

- Đời xe: 2022
- Phiên bản: Mazda 2 Sport 1.5L Luxury
- Odo: hơn 3 vạn km
- Pháp lý: Đăng ký tên tư nhân, chính chủ
- Hộp số: Tự động 6 cấp (6AT)
- Dẫn động: Cầu trước (FWD)
- Động cơ: Skyactiv-G 1.5L
- Dung tích: 1.496 cc
- Công suất: 110 Hp/6.000 vòng/phút
- Mô-men xoắn: 144 Nm/4.000 vòng/phút
- 5 chỗ ngồi
- Lốp: 185/60 R16
- Dung tích bình nhiên liệu: 44L
- Khoang hành lý: 280L

🔥 NGOẠI THẤT – ĐÚNG CHẤT MAZDA

- Thiết kế KODO – Soul of Motion cá tính, thể thao
- Đèn chiếu sáng LED Projector
- Đèn LED ban ngày
- Gương chỉnh điện, gập điện, tích hợp báo rẽ
- Gạt mưa tự động
- Mâm hợp kim 16 inch
- Form Sport gọn gàng, cực hợp đi phố.

✨ NỘI THẤT – TIỆN NGHI

- Vô-lăng bọc da
- Ghế da + nỉ
- Màn hình giải trí trung tâm 7 inch
- Apple CarPlay / Android Auto
- Hệ thống âm thanh 6 loa
- Điều hòa tự động 1 vùng
- Chìa khóa thông minh, khởi động nút bấm
- Gương chiếu hậu trong chống chói tự động
- Lẫy chuyển số
- Hàng ghế trước chỉnh cơ.

🛡️ AN TOÀN ĐẦY ĐỦ

- ABS – chống bó cứng phanh
- EBD – phân phối lực phanh điện tử
- BA – hỗ trợ lực phanh khẩn cấp
- ESS – cảnh báo phanh khẩn cấp
- DSC – cân bằng điện tử
- TCS – kiểm soát lực kéo
- HLA – hỗ trợ khởi hành ngang dốc
- Camera lùi
- Cảm biến hỗ trợ đỗ xe phía sau
- Móc ghế trẻ em ISOFIX
- Mã hóa chống sao chép chìa khóa & cảnh báo chống trộm
- Bản Luxury trang bị 2 túi khí.

⛽ VẬN HÀNH
Động cơ Skyactiv-G 1.5L kết hợp hộp số tự động 6 cấp, cho khả năng vận hành mượt mà, linh hoạt trong phố và tiết kiệm nhiên liệu. Thông số công bố hiện tại của Mazda2 Sport 1.5L Luxury là khoảng 7,48L/100 km trong đô thị, 5,04L/100 km ngoài đô thị.

💥 TỔNG THỂ:
Một chiếc Mazda 2 Sport Luxury 2022 – odo hơn 3 vạn – tên tư nhân chính chủ – form đẹp – trang bị tốt – giá 405 triệu, rất đáng xem trong tầm tiền.

Chỉ Loanh quanh 400tr thôi 

LH. 0936111265
Xem xe tại hà nội 

Hỗ trợ vay bank từ 60/70%
 xe , Tùy từng đời xe ....
....
🔥 Xe kiểm tra kĩ
👉  Máy số zin 
👉  Xe k ngập nc  
👉  k Tai nạn 

✅️ Nhận Thu Mua Các Loại Xe Ô Tô #Lexus_Mercedes_Huyndai_mazda_Kia_Porsche_Volvo_Landcruiser_Toyota_Vinfast
 (to nhỏ đều mua)

🏫 Đ/C : tòa B8 nam Trung Yên Cầu giấy , HN

#Mazda2 #Mazda2Sport #Mazda2Luxury #Mazda2SportLuxury #Mazda2_2022 #XeCu #XeGiaDinh #XeChinhChu #OtoCu #Mazda",,,accept,flood_transport_hanoi,1,"flood_state,transport_impact,hanoi_location",0,flood_post_15,vùng ngập Hà Nội xe mô tô,,,,,,2026-09-25T14:44:47.583872+07:00
facebook,122144683521045889,https://www.facebook.com/photo?fbid=122144683521045889,,"❗ **CẦN THỢ SỬA ĐIỆN NƯỚC HÀ NỘI – GỌI LÀ CÓ NGAY** ❗

Bạn đang tìm:
- sửa điện nước gần đây
- thợ điện nước Hà Nội
- sửa điện tại nhà Hà Nội
- thợ sửa ống nước tại Hà Nội

 Bên mình nhận **sửa điện nước tại nhà Hà Nội – có mặt nhanh – làm ngay**

🔧 Xử lý nhanh:
✔️ Mất điện, nhảy aptomat
✔️ Rò rỉ nước, vỡ ống
✔️ Tắc cống, tắc bồn cầu
✔️ Nước yếu, máy bơm hỏng

⚙️ Nhận sửa thêm:
✔️ Điều hòa, bình nóng lạnh
✔️ Máy giặt, tủ lạnh
✔️ Máy lọc nước, máy bơm

💯 Cam kết:
- Thợ điện nước tại nhà Hà Nội có kinh nghiệm
- Sửa điện nước giá rẻ Hà Nội
- Làm nhanh – sạch – bảo hành

📞 Gọi ngay: 0785.022.621

👉 sua dien nuoc ha noi, tho dien nuoc ha noi, sua dien nuoc tai nha ha noi, sua dien nuoc gan day, sua dien nuoc uy tin ha noi

#suadiennuochanoi #thodiennuoc #suachuadiennuoc",,,reject,missing_group:flood_state+transport_impact,1,hanoi_location,0,flood_post_19,thoát nước không kịp Hà Nội xe điện,,,,,,2026-09-25T15:28:39.096018+07:00
facebook,122146597767352809,https://www.facebook.com/photo?fbid=122146597767352809,,"**Hà Nội chỉ đạo nóng: Xử lý dứt điểm nạn trộm cắp nắp hố ga, rà soát toàn bộ hệ thống thoát nước **

Trước những hệ lụy nghiêm trọng từ tình trạng mất an toàn tại các công trình hạ tầng đô thị, chính quyền Thủ đô vừa có những động thái chỉ đạo quyết liệt nhằm siết chặt quản lý hệ thống thoát nước và phòng ngừa các sự cố đáng tiếc có thể xảy ra.

Theo đó, Phó Chủ tịch UBND TP Hà Nội Trương Việt Dũng đã ký ban hành công văn yêu cầu nâng cao trách nhiệm trong công tác duy tu, duy trì hệ thống thoát nước, đặt nhiệm vụ bảo vệ tính mạng và tài sản của người dân lên ưu tiên hàng đầu. Động thái này được đưa ra ngay sau vụ việc đau lòng khi một nam sinh viên không may bị cuốn xuống cống tử vong.

Thành phố giao Sở Xây dựng cùng các đơn vị liên quan phối hợp kiểm tra, nạo vét và khơi thông dòng chảy; đồng thời tổng rà soát toàn bộ các hố ga, miệng thu nước, tấm đan trên các tuyến đường, nhất là những khu vực trọng điểm thường xuyên xảy ra ngập úng hoặc tiềm ẩn nguy cơ mất an toàn. Các vị trí nắp đậy bị mất trộm, hư hỏng hoặc xuống cấp buộc phải được thay thế, sửa chữa ngay. Trong trường hợp chưa thể khắc phục tức thời, các đơn vị có trách nhiệm dựng rào chắn, đặt biển cảnh báo và cắt cử lực lượng túc trực để hướng dẫn người dân di chuyển an toàn.

Song song với công tác duy tu hạ tầng, UBND TP Hà Nội đã giao Công an Thành phố khẩn trương vào cuộc, tập trung điều tra và xử lý thật nghiêm các đối tượng có hành vi trộm cắp, tiêu thụ nắp hố ga, nắp cống trên vỉa hè cũng như lòng đường. Biện pháp cứng rắn này nhằm lập lại trật tự đô thị, răn đe tội phạm và bảo vệ tuyệt đối an toàn cho người cũng như phương tiện khi tham gia giao thông.

**Nguồn: Báo Tiền Phong **",,,accept,flood_transport_hanoi,1,"flood_state,transport_impact,hanoi_location",0,flood_post_06,phố ngập Hà Nội tham gia giao thông,,,,,,2026-09-25T11:16:27.799262+07:00
facebook,122181109418614121,https://www.facebook.com/photo?fbid=122181109418614121,,"Dịch vụ sửa chữa lắp đặt máy bơm nước tại Nhà Hà Nội 

Liên hệ : 0972575290

Khắc phục mọi sự cố máy bơm nước bao gồm :
1. Nhận lắp đặt thay thế máy bơm nước
2. Thay bi thay phớt cho máy bơm nước
3. Sửa máy bơm bị cháy không hoạt động
4. Sửa máy bơm bị dò nước không bơm được nước
5. Sửa máy bơm không vào điện hoặc không bơm tự động được

Chúng tôi nhận phục vụ khách hàng 24/24 tất cả các ngày trong tuần, ngày lễ và tết vẫn có nhân viên túc trực phục vụ quý khách hàng. 

#thosuadiennuoc #suadiennuocganday #suadiennuocgiare #thodiennuochanoi #suaongnuocbibuc #suaongnuocbivo #suaongnuocnhanh #suaongnuocgiare #suadiennuoctainha #suadiennuocchuyennghiep #thodiennuocganday #suadiennuoctainha #suaongnuocrori #sieuamongnuoc #dotimongnuocbivo #timthodiennuoc #thongtacconggiare #thongtacboncau #thongtacchaurua",,,reject,missing_group:flood_state+transport_impact,1,hanoi_location,0,flood_post_19,thoát nước không kịp Hà Nội xe điện,,,,,,2026-09-25T15:28:07.582839+07:00
facebook,122187837812745204,https://www.facebook.com/photo?fbid=122187837812745204,,"CSGT HÀ NỘI CHỦ ĐỘNG ỨNG PHÓ MƯA LỚN, BẢO ĐẢM GIAO THÔNG THÔNG SUỐT

🌧️ Chiều 21/8, do ảnh hưởng của dải hội tụ nhiệt đới nối với áp thấp nhiệt đới trên Vịnh Bắc Bộ, địa bàn Thủ đô xuất hiện mưa to kèm giông mạnh. Ngay từ 15h - thời điểm bắt đầu cao điểm chiều, Phòng Cảnh sát giao thông (CSGT) - CATP Hà Nội đã kích hoạt phương án ứng phó, tăng cường lực lượng ứng trực 100% trên các tuyến, nút giao trọng điểm.

⚡ Các biện pháp triển khai đồng bộ:
 Chủ động phân luồng tại hiện trường: Cán bộ, chiến sĩ cắm chốt tại các ""điểm nóng"" (Giải Phóng - Đại Cồ Việt, Xã Đàn - Phạm Ngọc Thạch, Ngã 5 Ô Chợ Dừa, Nguyễn Trãi - Khuất Duy Tiến...) để điều tiết, hướng dẫn phương tiện từ xa.

 Giám sát linh hoạt qua công nghệ: Trung tâm Điều khiển giao thông khai thác dữ liệu camera AI theo thời gian thực, kịp thời phát hiện điểm nghẽn, úng ngập để điều phối lực lượng ứng cứu.

 Phối hợp xử lý sự cố liên ngành: Lực lượng CSGT phối hợp chặt chẽ với Công an cơ sở và các đơn vị thoát nước, cây xanh túc trực giải tỏa rào cản, bảo đảm mặt đường thông thoáng.

⚠️ NÂNG CAO AN TOÀN KHI THAM GIA GIAO THÔNG MÙA MƯA BÃO
Phòng CSGT Hà Nội khuyến cáo nhân dân:
1️⃣ Hạn chế ra đường trong thời điểm mưa to, gió giật mạnh nếu không thật sự cần thiết.
2️⃣ Giảm tốc độ, giữ khoảng cách an toàn, bật đèn chiếu gần/đèn sương mờ để tăng khả năng nhận diện.
3️⃣ Tuyệt đối không cố di chuyển qua khu vực ngập sâu, đoạn đường có nguy cơ cây đổ, dây điện rơi gãy.
4️⃣ Chấp hành nghiêm hướng dẫn, phân luồng của lực lượng chức năng làm nhiệm vụ trên đường.
#conganhanoi
#CSGTHaNoi",,,accept,flood_transport_hanoi,1,"flood_state,transport_impact,hanoi_location",0,flood_post_08,mưa lớn gây ngập Hà Nội người tham gia giao thông,,,,,,2026-09-25T11:35:54.255769+07:00
facebook,122227659866047355,https://www.facebook.com/photo?fbid=122227659866047355,,"VÒNG TAY YÊU THƯƠNG – KẾT NỐI NHỮNG TRÁI TIM NHÂN ÁI ❤️
🌻 Sẻ chia để yêu thương nhân lên, trao đi để nhận lại những nụ cười!
Chiều ngày 15/9/2026, Trường THCS Vạn Điểm – Phân hiệu Thống Nhất đã tổ chức một buổi gặp gỡ, giao lưu đầy xúc động cùng các thành viên đến từ Trung tâm Dạy nghề Nhân đạo cho các em tàn tật Việt Nam.
🤝 Buổi giao lưu diễn ra trong bầu không khí ấm cúng, gần gũi và tràn ngập tình người. Được lắng nghe những câu chuyện vượt lên số phận, chứng kiến nghị lực sống phi thường của các anh chị và các bạn tại Trung tâm, thầy và trò phân hiệu Thống Nhất không khỏi xúc động và khâm phục. Đây là bài học thực tế vô cùng giá trị, giúp các em học sinh nuôi dưỡng lòng nhân ái, biết trân trọng cuộc sống và thêm thấu hiểu, sẻ chia với những mảnh đời bất hạnh.
💝 Nhằm hưởng ứng tinh thần ""Lá lành đùm lá rách"", nhà trường đã phát động quyên góp, ủng hộ Trung tâm. Những tình cảm thiết thực từ các thầy cô giáo, các bậc phụ huynh và toàn thể các em học sinh chính là nguồn cổ vũ tinh thần to lớn, tiếp thêm niềm tin, ý chí vươn lên cho những số phận kém may mắn trên chặng đường phía trước.
🌈 Mỗi hành động đẹp, mỗi tấm lòng sẻ chia hôm nay đã thắp lên ngọn lửa của niềm tin và hy vọng, làm rực rỡ thêm truyền thống nhân ái của mái trường THCS Vạn Điểm.
Xin trân trọng ghi nhận và gửi lời cảm ơn sâu sắc đến các thầy cô giáo, các bậc phụ huynh cùng toàn thể các em học sinh Phân hiệu Thống Nhất đã đồng hành để làm nên sự thành công và ý nghĩa của buổi giao lưu!
🌻 THCS VẠN ĐIỂM – PHÂN HIỆU THỐNG NHẤT
Cùng học tập – Cùng sẻ chia – Cùng lan tỏa yêu thương!",,,reject,missing_group:hanoi_location,1,"flood_state,transport_impact",0,flood_post_05,đường ngập Hà Nội lưu thông,,,,,,2026-09-25T11:06:51.267449+07:00
facebook,122230816922327719,https://www.facebook.com/photo?fbid=122230816922327719,,"🌊 Chính chủ-ko ngập-sát bến bus, ga tàu Nhổn và ĐH Công nghiệp
✅VỊ TRÍ ĐẮC ĐỊA KO BAO GIỜ NGẬP OTO ĐỖ CỬA. CẠNH BẾN XE BUS. ĐÚNG 180 mét đến ga Nhổn, Đại học Công Nghiệp, Chợ Tu Hoàng, liên cấp Phenika. Đi bộ, tàu đến Quốc Gia, Sư Phạm, Thương Mại siêu tiện
✅NHÀ DÂN CHÍNH CHỦ GIÁ DÂN MỚI TINH. Điện 3k5, nước 80k, dịch vụ chung vệ sinh 20k.
✅ Địa chỉ: 41 phố Nhổn. Đầy đủ đồ hút mùi tủ lạnh, bàn học...có tầng thượng siêu rộng.
‼️Giá phòng: 1 ngủ 1 bếp 20m2: 3tr6-3tr8
Phòng ban công 30m2: 4tr3( 4tr5 ban công rộng hơn)
❌Dạ em xin phép ko nhận khách xăm trổ ạ. Anh, chị thông cảm giúp em ạ
✅Nhắn tin zalo em ạ: 0868737586
(Chính chủ tự cho thuê và ký hợp đồng ạ, em ko có nhu cầu cần đẩy phòng và cho thầu lại ạ). Em cảm ơn ạ
#1n1k #nhon #congnghiep #haui #fpt #donga #bancong #full #ueb #supham #quocgia #tmu #xuanphuong",,,accept,flood_transport_hanoi,1,"flood_state,transport_impact,hanoi_location",0,flood_post_21,ngập nước Ha Noi xe bus,,,,,,2026-09-25T15:43:38.153635+07:00
facebook,122236342238504837,https://www.facebook.com/photo?fbid=122236342238504837,,"CHO THUÊ SÀN 100M² KĐT TỔNG CỤC 5 – SẴN LAYOUT PHÒNG KHÁM/VĂN PHÒNG, ĐẸP LONG LANH – 12 TRIỆU/THÁNG

📍 Vị trí: Tầng 2, KĐT Tổng cục 5 – BCA, Tân Triều, Hà Nội.

Mặt bằng rộng 100m² đã được hoàn thiện cực kỳ chỉn chu, sạch sẽ và ngập tràn ánh sáng tự nhiên. Không gian được chia layout tối ưu với hệ vách kính cường lực hiện đại, rất phù hợp cho các doanh nghiệp hoặc chủ cơ sở muốn vào vận hành ngay mà không tốn chi phí và thời gian đầu tư setup ban đầu.

Thông tin nổi bật:
📐 Diện tích: 100m² thiết kế thông minh, rộng rãi.
💰 Giá thuê: 12 triệu/tháng (Chi phí cực kỳ hợp lý cho không gian đã hoàn thiện).
🚗 Giao thông: Nằm trên trục đường rộng 40m, mặt tiền 5m, vỉa hè rộng, ô tô đỗ ngay trước cửa.
🛗 Tiện ích tòa nhà: Có sẵn thang máy di chuyển thuận tiện.
✨ Trang thiết bị nội thất:

Đã trang bị đầy đủ điều hòa, quạt trần, hệ thống đèn led âm trần chiếu sáng đồng bộ.

Sẵn hệ tủ tường, tủ thấp, quầy kệ (tone trắng - cam) và khu vực bồn rửa riêng biệt.

Hệ vách kính ngăn phòng hiện đại, chuyên nghiệp.
🌿 Không gian mở: Có ban công kính phía trước trồng nhiều cây xanh, tạo cảm giác cực kỳ thư giãn và dễ chịu cho nhân viên cũng như khách hàng.

Phù hợp nhất cho:
Đặc biệt lý tưởng để làm Phòng khám (Nha khoa, Da liễu), Spa/Clinic, Thẩm mỹ viện, Studio, Trung tâm đào tạo hoặc Văn phòng đại diện công ty.

☎️ Liên hệ ngay SĐT/Zalo: 0948632102  để xem video thực tế và hẹn lịch qua xem mặt bằng trực tiếp.",,,reject,missing_group:flood_state,1,"transport_impact,hanoi_location",0,flood_post_16,ngập cục bộ Hà Nội ô tô,,,,,,2026-09-25T14:52:08.082663+07:00
facebook,122274624896187417,https://www.facebook.com/photo?fbid=122274624896187417,,"⚠️ CÔNG AN PHƯỜNG HÀ ĐÔNG CHỦ ĐỘNG ỨNG PHÓ MƯA LỚN, BẢO ĐẢM AN TOÀN CHO NHÂN DÂN

Trước diễn biến mưa lớn phức tạp, bám sát sự chỉ đạo của lãnh đạo Công an thành phố Hà Nội, Ban Chỉ huy Công an phường Hà Đông đã chủ động triển khai phương án ứng phó, phân công 100% cán bộ, chiến sĩ xuống địa bàn, bám sát tình hình, kịp thời phát hiện, xử lý các điểm ngập úng, ùn tắc và hỗ trợ người dân khi có sự cố.

Qua nắm tình hình, một số khu vực trên địa bàn phường ghi nhận ngập úng cục bộ, ảnh hưởng đến việc đi lại của người dân. Cụ thể, cuối đường Nguyễn Khuyến, khu vực giáp Yên Xá, ngập sâu khoảng 50 cm; đoạn đường giữa hai hồ Văn Quán ngập sâu, phương tiện không thể di chuyển. Khu vực ngã tư Xa La đến cổng Bệnh viện 103 ngập khoảng 50 cm, các phương tiện vẫn lưu thông được cả hai chiều, chưa xảy ra ùn tắc; lực lượng hỗ trợ phân làn, điều tiết giao thông được bố trí tại khu vực.....

Tại đường Trần Phú, hướng từ Cầu Trắng đi Thanh Xuân, lưu lượng phương tiện hiện rất đông, di chuyển chậm. Lực lượng Công an phường Hà Đông tiếp tục tăng cường nắm tình hình, chủ động phân luồng, điều tiết, hướng dẫn người dân lựa chọn lộ trình phù hợp, bảo đảm an toàn giao thông.

Với tinh thần chủ động, trách nhiệm, Công an phường Hà Đông sẵn sàng có mặt khi Nhân dân cần, không để bị động, bất ngờ trước diễn biến thời tiết; tiếp tục theo dõi sát tình hình, điều chỉnh phương án, hạn chế thấp nhất ảnh hưởng của mưa lớn đến đời sống và việc đi lại của Nhân dân.

📢 Khuyến cáo người dân: Chủ động theo dõi dự báo thời tiết, lựa chọn lộ trình phù hợp, hạn chế đi qua khu vực ngập sâu, nước chảy xiết hoặc có nguy cơ cây đổ. Khi tham gia giao thông trong mưa lớn, cần giảm tốc độ, giữ khoảng cách an toàn và chấp hành hướng dẫn của lực lượng chức năng. Khi gặp sự cố, nhanh chóng tìm vị trí an toàn, thông tin cho Công an phường Hà Đông để được hỗ trợ kịp thời.

Công an phường Hà Đông – Chủ động ứng phó, tận tụy phục vụ, vì bình yên và an toàn của Nhân dân.

Nguồn: Công an phường Hà Đông",,,accept,flood_transport_hanoi,1,"flood_state,transport_impact,hanoi_location",0,flood_post_02,ngập úng Hà Nội đi,,,,,,2026-09-25T10:39:40.765550+07:00
facebook,122283820094150660,https://www.facebook.com/photo?fbid=122283820094150660,,"Em Bán 🚘KIA eco spot. 2011 số tự động.giá 135 triệu
Máy số chất . Sơn xi mới tinh , nội thất sạch đẹp . ￼khám dài . Đh  mát lạnh . Xe Không tai nạn không ngập nước

keo chỉ 98%. Xe cứng đanh 

Trang bị :Màn hình. Cam hành trình 

Cam lùi 

☎️Sdt Zalo:0944493899

Địa chỉ : Xuân Trường Nam Định 

Bên em hỗ trợ rút hồ sơ và SHIP toàn quốc",,,reject,missing_group:hanoi_location,1,"flood_state,transport_impact",0,flood_post_09,mưa kéo dài Hà Nội hành trình,,,,,,2026-09-25T11:46:17.997576+07:00
facebook,122322857090195431,https://www.facebook.com/photo?fbid=122322857090195431,,"HÀ NỘI: Cận cảnh chiếc cống nơi nam sinh viên Đại học Mỏ - Địa chất nghi mất tích khi đi qua đường ngập

Khoảng trưa 17/9, nam sinh viên N.Đ.S., quê Ninh Bình, đi xe máy qua phố Viên, phường Đông Ngạc, Hà Nội. Khi đến cuối phố, qua khu vực ngập sâu do mưa lớn, nam sinh được cho là gặp sự cố, bị nước cuốn xuống cống và mất tích.

Công an phường Đông Ngạc (TP Hà Nội) đêm qua đã phối hợp với các đơn vị chức năng tổ chức tìm kiếm nam sinh viên Trường Đại học Mỏ - Địa chất nghi bị nước cuốn trôi khi đi qua khu vực ngập sâu trên địa bàn.

Theo Báo Tiền Phong",,,accept,flood_transport_hanoi,1,"flood_state,transport_impact,hanoi_location",0,flood_post_07,mưa ngập Hà Nội người đi đường,,,,,,2026-09-25T11:28:20.746401+07:00
facebook,1238348110625365,https://www.facebook.com/watch?v=1238348110625365,,"🔴 Người dân chật vật di chuyển do nước ngập sâu ở Đại lộ Thăng Long
Do ảnh hưởng của cơn bão số 3 cộng thêm việc mưa lớn kéo dài nhiều ngày đã khiến một số điểm hầm chui trên đường Đại Lộ Thăng Long ngập sâu trong nước, gây khó khăn cho các phương tiện tham gia giao thông. Phần lớn xe ô tô đều quay đầu, người đi làm bằng xe máy thì phải thuê xe bò kéo vận chuyển qua khu vực nước sâu. Ghi nhận của phóng viên Đài Hà Nội. #giaothong #tintuc #hanoionline #daihanoi",,,accept,flood_transport_hanoi,1,"flood_state,transport_impact,hanoi_location",0,flood_video_01,ngập nước Hà Nội giao thông,,,,,,2026-09-25T10:32:16.880679+07:00
facebook,1273548951126055,https://www.facebook.com/watch?v=1273548951126055,(20+) Video,"🛑   MƯA LỚN, HÀ NỘI CHỦ ĐỘNG ỨNG PHÓ NGẬP LỤT

Hoàn lưu bão số 11 gây mưa lớn, dẫn đến ngập cục bộ và ùn tắc giao thông tại Hà Nội. Tuy nhiên, nhờ sự chủ động của chính quyền và các đơn vị chức năng, thành phố đã triển khai hiệu quả các giải pháp giảm thiệt hại. Đến 10h sáng, ghi nhận 122 điểm ngập, sâu 20-25cm, với gần 30 tuyến đường tê liệt. Nhưng đến chiều, nước tại các ""điểm đen"" ngập úng như đường Nguyễn Xiển, Nguyễn Trãi, Chùa Bộc đã rút, giao thông thông thoáng. Điều này thể hiện sự hiệu quả của Công ty Thoát nước và Ban Duy tu hạ tầng giao thông, giúp giao thông thành phố nhanh chóng trở lại bình thường.
#tintuc #news #thoisu #hanoionline #daihanoi",2025-10-07T12:18:46.000Z,2025-10-07T12:18:46+00:00,accept,flood_transport_hanoi,1,"flood_state,transport_impact,hanoi_location",0,flood_video_23,ngập lụt Ha Noi tuyến buýt,,0,,unverified,1,2026-09-25T16:08:13.581589+07:00
facebook,1309909950592840,https://www.facebook.com/watch?v=1309909950592840,(20+) Video,Xe Defender 130 vượt vùng ngập tại Ciputra cứ như Chiếc Thuyền Ngoài Xa. 😂 Với khả năng lội nước 90cm khi nâng gầm xe lên. Giúp bạn có thể an tâm di chuyển vào những ngày mưa to như Hà Nội mấy ngày nay.,2025-08-27T05:35:24.000Z,2025-08-27T05:35:24+00:00,accept,flood_transport_hanoi,1,"flood_state,transport_impact,hanoi_location",0,comment_reconciliation,,,20,,unverified,1,2026-09-25T14:50:48.806421+07:00
facebook,1316330940492408,https://www.facebook.com/photo?fbid=1316330940492408,,"😢 Sau trận ngập lịch sử, người dân Hà Nội xếp hàng chờ sửa xe máy

Theo báo cáo của Công ty TNHH MTV Thoát nước Hà Nội, mưa tập trung cường độ lớn từ 11h đến 13h trong ngày 30/9, có nơi lượng mưa trên 150 mm chỉ trong hai tiếng. Toàn thành phố xuất hiện 65 điểm ngập úng.",,,accept,flood_transport_hanoi,1,"flood_state,transport_impact,hanoi_location",0,flood_post_14,điểm ngập Hà Nội xe máy,,,,,,2026-09-25T14:37:14.813313+07:00
facebook,1323309245523937,https://www.facebook.com/vashnathienkimV/videos/1323309245523937,(20+) Facebook,"💧KHI NƯỚC MẮT HOÁ ĐÁ | Tôi đã nhìn thấy gì trên đỉnh núi tuyết trong trạng thái thiền kết nối? 

Vậy là chúng ta đã chính thức bước qua năm mới Ất Tỵ với thật nhiều niềm hy vọng. Năm 2024 là một năm rất nhiều thăng trầm và thử thách đối với rất nhiều người, cũng vì lẽ đó mà 2025 được hi vọng sẽ là một khởi đầu mới đầy tích cực hơn. 

Trở về từ chuyến đi Himalaya tới nay đã hơn 1 tháng, những cảm xúc và kỷ niệm về chuyến hành trình này bên trong Kim vẫn thật sống động. 

Chuyến đi này ấn tượng và sâu sắc với Kim không phải chỉ vì mình đã vượt qua những thử thách và giới hạn của bản thân hay đã hoàn thành một thử thách không tưởng mà còn bởi vì… Kim chưa bao giờ cảm thấy tự do đến thế. Đứng giữa thiên nhiên rộng lớn, hùng vĩ, ngắm tuyết trắng, cảm nhận sự vĩ đại của thiên nhiên và sự nhỏ bé của con người. Vốn là người có kết nối sâu sắc với thiên nhiên, có thể cảm nhận được những rung động của tự nhiên, âm thanh của rừng, tâm sự của cây cối và nhịp đập của động vật, khi trở về với Himalaya, Kim cảm thấy mình như “tan ra”, hòa vào làm một với thiên nhiên một cách sâu sắc. Cảm giác đó là một cảm giác không thể tả nổi nếu không đứng giữa nơi thiên nhiên rộng lớn và cảm nhận trọn vẹn. Mình như một đứa trẻ, tự do và sung sướng trong sự bao bọc của Mẹ Thiên Nhiên.

Nhưng… có những điều Kim chưa thể nói được với các bạn ngay sau khi trở về từ chuyến hành trình đặc biệt này. 

🇻🇳Trở lại Việt Nam trong sự hân hoan và hạnh phúc của những người đã luôn yêu thương và dõi theo từng bước chân của mình, Kim cảm thấy thực sự may mắn và vỡ oà hạnh phúc trước tình cảm và những tình yêu thương hy vọng gửi gắm từ mọi người. Và gần như là ngay lập tức, Kim cùng các thành viên Vashna team tổ chức các buổi gặp mặt thân mật cùng báo chí và những người đã luôn dõi theo hành trình của mình để chia sẻ những thông điệp cần thiết cho giai đoạn sắp tới. Một bộ phim tài liệu đã được công chiếu để mọi người hiểu rõ hơn về sứ mệnh của chuyến hành trình Himalaya vừa qua. 

Nhưng có những khoảnh khắc thật khó để diễn tả bởi một lần khó mà giải thích hết những cảm xúc mà Kim đã trải qua. Để quyết định chia sẻ những thông tin này Kim cũng đã rất đắn đo, bao giờ là thời điểm phù hợp? Trở về từ Himalaya vào đúng dịp Tết đến xuân về, trong khi người người nhà nhà đang tất bật chuẩn bị cho năm mới và các kế hoạch sắp tới, Kim nghĩ rằng có những điều nên chia sẻ sau, một phần cho mọi người có thể tận hưởng trọn vẹn không khí Tết và cũng để mọi người tiếp nhận những thông tin quan trọng một cách tập trung hơn. 

🎥 Hôm nay, một người bạn đã gửi cho tôi video người ấy đã quay và cũng đã up lên tiktok với hơn 100K view và hơn 10K tim từ những người ngoại quốc, họ đã hỏi thăm rất nhiều về cô gái đã thực hiện điều bất khả thi ấy với thông điệp thiêng liêng gửi gắm đến thế giới, và Dawa đã gửi hết đoạn video cho tôi. Đây là khoảnh khắc do Sherpa Dawa - Người dẫn đường của tôi trong hành trình Himalaya vừa qua ghi lại bằng điện thoại và đăng tải lên mạng. Có lẽ đó cũng là dấu hiệu tới để tôi hiểu rằng đã đến thời điểm chia sẻ với các bạn khoảnh khắc này và lý do của sự tức tưởi nghẹn ngào đó, một phần những gì tôi đã được thấy trong trạng thái “định” trên đỉnh Himalaya linh thiêng. 

🌳🌳🌳

Cháy rừng cuồn cuộn nuốt chửng những cánh rừng xanh thẳm, động đất gầm thét xé toạc lòng đất, lũ lụt trào dâng nhấn chìm cả những thành phố từng sầm uất, dịch bệnh/ virut lạ tấn công len lỏi vào từng hơi thở, gieo rắc sợ hãi và mất mát nhiều nơi trên thế giới. Nạn đói tràn qua những miền đất khô cằn, những bàn tay run rẩy vươn lên cầu cứu giữa biển người lầm than. Tiếng bom đạn xé toang bầu trời, chiến tranh phủ lên thế giới (ở các nước Trung Đông) một màu tang tóc vừa qua đang diễn ra trên thế giới… rồi nó sẽ còn tàn khốc hơn nữa trong tương lai.

Kim đứng giữa thiên nhiên, nơi vốn là vòng tay mẹ hiền ôm ấp và nuôi dưỡng muôn loài, nhưng giờ đây chỉ còn lại những vết thương rỉ máu. Lá rừng cháy rụi thành tro, mặt đất rạn nứt như những vết nứt trong tâm hồn con người. Màu đỏ của máu loang lổ trên những vùng đất từng trù phú, màu đen của khói bụi, của tuyệt vọng, của những đôi mắt trống rỗng không còn ánh sáng.

Tất cả hiện lên như một thước phim lướt qua trước mắt Kim – từng cảnh, từng cảnh một, rõ nét và đau đớn. Sự sống mong manh đến mức tưởng như chỉ cần một cơn gió thoảng qua cũng đủ thổi bay tất cả. 

Và rồi, giữa những tàn tro, giữa những tiếng kêu gào của rất nhiều động vật/ con người bị lãng quên trong cơn hỗn loạn, Kim cảm nhận được sự xuất hiện của họ, một sự hiện diện không thể làm ngơ.

Trước mắt Kim lúc bấy giờ là rừng cây cháy rụi, bầu trời cuộn lên những đám khói đen kịt, không khí ngột ngạt, nặng trĩu mùi tro tàn. Mặt đất nứt nẻ, con suối trong vắt ngày nào giờ chỉ còn là dòng nước đỏ ngầu, trôi đi những dấu vết cuối cùng của sự sống. Kim muốn quay đầu đi, muốn nhắm mắt lại, muốn tin rằng đây chỉ là một cơn ác mộng… Nhưng không thể. Không thể làm ngơ. Không thể trốn tránh. Và bạn biết không, chỉ sau 2 ngày Kim thành công thực hiện được thử thách xuống núi thì nhận được tin vụ cháy rừng lớn ở California khiến hơn 12.000 căn nhà bị phá huỷ và chúng ta mãi mãi mất đi cánh rừng xanh mướt và còn bao nhiêu loài động vật sinh sống nơi đó… 

Trái tim Kim quặn thắt như có ngàn mũi dao xuyên qua. Cơn đau nghẹn lại nơi lồng ngực, bóp chặt lấy từng hơi thở. Ngay trong thời thiền định, nước mắt tức tưởi trào ra, nóng bỏng trên gò má, lặng lẽ rơi xuống nền đất đã mất đi sức sống. Một nỗi đau sâu thẳm, xé lòng, không lời nào có thể diễn tả hết… Kim đứng giữa cơn hoang tàn ấy, nhìn thiên nhiên dần dần trở thành tro tàn và lắng nghe tiếng kêu cứu tuyệt vọng của con người, sự mất mát chính là một sự thật không thể vãn hồi.

🆘Thiên nhiên đang kêu cứu. Và Kim không thể quay lưng lại.

Rồi có những hình ảnh hiển thị lên như những thước phim tương lai thế giới qua 30 năm nữa rõ rệt từng chi tiết nhưng lại ứng nghiệm với tri thức phân tích thời kì theo Chiêm Tinh Học cổ đại mà Kim nghiên cứu, bài viết này Kim chỉ chia sẻ tâm tình và nói những thông tin liên quan kinh tế - chính trị - xã hội theo nghiên cứu phân tích. Còn các thông tin dự báo chi tiết các bạn có thể tìm đọc ở trang web cá nhân của Kim, điều mà Kim lo lắng nhất cho vận trình 2 năm tiếp theo của thế giới được nêu khá rõ ràng trong bài này. 

💔❤️‍🩹❤️‍🩹 Và bạn có biết tại sao tiếng khóc nấc nghẹn này lại mang màu sắc tuyệt vọng đến như thế không? Vì không chỉ những cảnh tượng về thiên nhiên bị tàn phá bởi con người, mà còn là giữa con người với con người lẫn nhau. Giá trị về tình người là một thể keo sơn gắn kết đùm bọc lẫn nhau đã không còn, tôi chỉ thấy những sự chia rẽ, phân tranh và triệt tiêu lẫn nhau chỉ vì những giá trị ảo che mờ trong thế giới vật chất và quyền lực này. 

Điều dễ thấy thôi, không cần nói phạm vi rộng trên thế giới về sự chia rẽ của con người dẫn đến chiến tranh, mà nói ở phạm vi nhỏ. Giữa những con người trong cùng một đất nước, cùng một màu da, nhưng tinh thần đồng bào để đùm bọc lẫn nhau một chút cũng không có. Thấy cá nhân nào sáng lên hoặc độc lạ, điều đầu tiên sẽ là công kích, kìm hãm hoặc dìm người ta xuống, vì luôn sợ mất phần, luôn sợ vi phạm lợi ích. Thật sự một đất nước phát triển về kinh tế trong một thời gian ngắn như thế có tốt không? Vì đạo đức thì lại đi theo không kịp tốc độ của vật chất! Các bạn có biết không!? 

✅ Các bạn có biết vì sao da Kim đỏ hồng lên giữa nhiệt độ này (-25 độ C) không? Và nếu xem video các bạn sẽ thấy ngồi trên đỉnh núi với độ cao hơn 5.545m mà lại ở thời điểm mùa Đông khắc nghiệt nhất của năm (đầu tháng 1) thì luôn có gió lốc và thường xuyên bão tuyết. Và Kim đã ngồi yên như thế trong cơn gió lốc suốt hơn 60 phút - trong khi bình thường mình là đứa nếu ngồi lâu trước quạt gió chỉ 30 phút thổi thẳng vào người sẽ trúng gió! Mình không chịu được gió, ấy vậy mà đã chịu đựng được các cơn gió lốc và lạnh buốt da cắt thịt đến mức toàn thân bỏng lạnh nên cả người đỏ ửng lên thế !

🌳🌳🌳 

🥂 Nếu đây là lần đầu tiên bạn biết đến tôi, tôi là Vashna Thiên Kim – một nhà hoạt động vì môi trường, đồng thời nghiên cứu và giảng dạy về triết học tinh thần cũng như hoạt động lĩnh vực y tế - chăm sóc sức khỏe cộng đồng. Khi quan sát và nghiên cứu về các vấn đề môi trường, xã hội và chính trị, tôi nhận ra rằng những thay đổi đang diễn ra không chỉ là các sự kiện riêng lẻ mà còn là những mảnh ghép của một bức tranh lớn hơn về tương lai của chúng ta. 

Những điều tôi sắp chia sẻ là sự tổng hợp từ nhiều nguồn dữ liệu, từ khoa học đến những quan sát cá nhân, nhằm mang lại cái nhìn sâu sắc hơn về các xu hướng có thể ảnh hưởng đến cuộc sống của chúng ta trong những năm tới.

Đây là món quà không chỉ dành cho mỗi người để mỗi người có thể tự nghiền ngẫm lại tình hình thực tế hiện tại, như là một sự chỉ dẫn, một lời kêu gọi thực hiện những hành động đúng đắn để cùng chung tay gìn giữ những điều tươi đẹp.

🔬🧪👩‍🔬 VIRUT CỔ ĐẠI GIẢI PHÓNG: 

Hiện nay, giới khoa học đang cảnh báo về nguy cơ các loại virus cổ đại bị đóng băng hàng nghìn năm có thể được giải phóng do biến đổi khí hậu. Khi băng tan với tốc độ nhanh hơn dự kiến, nhiều vi sinh vật và mầm bệnh vốn đã bị chôn vùi có thể trở lại môi trường và gây ra những ảnh hưởng khó lường đến hệ miễn dịch con người. Điều này có thể dẫn đến sự xuất hiện của các dịch bệnh mới hoặc sự biến đổi của các chủng virus hiện tại, làm gia tăng rủi ro đối với sức khỏe toàn cầu. 

Nhưng các bạn thấy đấy, hiện tại nó đã không còn nằm ở sự cảnh báo nữa rồi. Dịch cúm mùa nổi lên ở Trung Quốc, Nhật Bản và thậm chí cả Việt Nam là một thực tế mà chúng ta phải thẳng thắn đối diện. Cúm mùa thực chất không phải là một căn bệnh xa lạ nhưng chưa bao giờ nó lại mất kiểm soát đến mức các bệnh viện trở nên quá tải và gây ra nhiều ca tử vong đến vậy. Gần đây, cái chết của Đại S - nữ diễn viên Từ Hy Viên gây nuối tiếc cho rất nhiều người và nguyên nhân cái chết của cô đến từ 5 ngày mắc cúm mùa. Tưởng rằng chỉ là một căn bệnh “ốm vặt” và có thể dễ dàng vượt qua, nhưng tình hình hiện tại thực sự bất thường và phức tạp hơn những gì chúng ta đang tưởng tượng rất nhiều.

🌋 ĐỊA CH",2025-02-07T14:48:51.000Z,2025-02-07T14:48:51+00:00,accept,flood_transport_hanoi,1,"flood_state,transport_impact,hanoi_location",0,flood_video_15,vùng ngập Hà Nội xe mô tô,,,,,,2026-09-25T14:46:50.319832+07:00
facebook,1324133219827870,https://www.facebook.com/watch?v=1324133219827870,(20+) Video,"Lotte vs. Times City: Thuỷ cung nào ""đáng tiền"" hơn? 🐠🐧",2026-05-15T03:35:02.000Z,2026-05-15T03:35:02+00:00,reject,missing_group:flood_state+transport_impact+hanoi_location,1,,0,flood_video_10,mưa cực đoan Hà Nội chuyến đi,,,,,,2026-09-25T11:56:55.543174+07:00
facebook,1333397675115719,https://www.facebook.com/watch?v=1333397675115719,,"Người dân chật vật dắt xe máy trên phố Phạm Văn Bạch bị ngập sâu

Sáng 7/10, cơn mưa lớn khiến nhiều tuyến phố ở Hà Nội ngập sâu. Trên phố Phạm Văn Bạch, nước dâng quá nửa bánh xe, người dân chật vật dắt xe máy qua dòng nước đục ngầu để tìm đường di chuyển.",,,accept,flood_transport_hanoi,1,"flood_state,transport_impact,hanoi_location",0,comment_reconciliation,,,,,,,2026-09-25T15:05:06.411471+07:00
facebook,1335637137946223,https://www.facebook.com/watch?v=1335637137946223,(20+) Video,"🛑  LƯỢNG MƯA QUÁ LỚN KÉO DÀI KHIẾN NHIỀU ĐƯỜNG PHỐ NGẬP SÂU

Do ảnh hưởng của hoàn lưu cơn bão số 10, trong cả ngày hôm nay (30/9) tại Hà Nội đã có mưa rất to và kéo dài suốt từ đầu giờ sáng đến chiều tối khiến giao thông tại nhiều tuyến đường bị tê liệt. Đáng chú ý là mưa lớn trút xuống liên tiếp, gần như không có thời điểm ngừng trong cả ngày nên vượt quá khả năng tiêu thoát nước, tình trạng ngập úng vì thế càng thêm trầm trọng. Cơ quan chức năng của thành phố đã huy động các lựng lượng ứng trực, nỗ lực tiêu thoát nước và hướng dẫn người dân lưu thông.
#giaothong #ngapung #news #thoisu #hanoionline",2025-09-30T14:44:46.000Z,2025-09-30T14:44:46+00:00,accept,flood_transport_hanoi,1,"flood_state,transport_impact,hanoi_location",0,comment_reconciliation,,,7,,unverified,1,2026-09-25T11:13:48.512296+07:00
facebook,1357996839748499,https://www.facebook.com/watch?v=1357996839748499,,"Sáng 15 tháng 9, trận mưa kéo dài từ đêm ngày 14 đến sáng 15 khiến nhiều tuyến đường tại Hà Nội ngập sâu. Tại khu vực Ngọc Lâm, phường Bồ Đề, mực nước dâng cao nhất đạt 60 đến 70 cm ngang đầu gối, trong khi các điểm khác vẫn còn khoảng 40 cm dù trời đã tạnh. Nhiều phương tiện bị chết máy nằm la liệt trên đường, buộc người dân phải dắt xe vượt qua hoặc gọi cứu hộ. Một số khu vực trũng thoát nước chậm khiến ngập úng kéo dài từ sáng đến trưa. Tình hình ảnh hưởng trực tiếp đến sinh hoạt và kinh doanh của người dân: gia đình ông Chiến ở ngõ 124 Ngọc Lâm bị mất điện và nước tràn vào tận thềm cửa, phải đưa các cháu sang nhà người thân ở tạm; anh Đặng Đình Chiến bán mì vằn thắn buộc kê thiết bị lên cao để tránh ngập, không thể bán hàng trong ngày. Bà Nguyễn Thị Thái (73 tuổi) cho biết mùa mưa liên tiếp khiến nước dâng nhanh, gây khó khăn khi di chuyển và quan sát đường phố. Một số gia đình phải đưa con nghỉ học do cửa hàng và trường lớp nằm gần khu vực ngập sâu. Công ty thoát nước số 5 cho biết việc rút nước tại điểm nóng mất hơn một tiếng. Ban Chỉ đạo phòng thủ quốc gia yêu cầu các tỉnh Bắc Bộ và Bắc Trung Bộ tập trung ứng phó trước khi khu vực Nghệ An trở ra tiếp tục mưa lớn với dự báo có nơi trên 450 mm trong đêm nay đến sáng 16 tháng 9.

Nguồn: Tổng hợp từ 3 nguồn: Thanh Niên - Trang chủ, Dân Trí - Trang chủ, Tuổi Trẻ - Trang chủ

Hiền Thục Media — bản tin do AI tổng hợp từ báo chí.

#thoisu #tintuc #ainews #hienthucmedia",,,accept,flood_transport_hanoi,1,"flood_state,transport_impact,hanoi_location",0,flood_video_14,điểm ngập Hà Nội xe máy,,,,,,2026-09-25T14:38:39.757028+07:00
facebook,1404466323954287,https://www.facebook.com/watch?v=1404466323954287,(20+) Video,"🔴 Loạt xe chết máy sau khi đi vào những tuyến đường ngập nước ở Hà Nội, bởi trận mưa kéo dài từ đêm qua đến sáng nay (26/8).
Ghi nhận của phóng viên Đức Chung.
#tintuc #giaothong #hanoi #tauvaxe #hanoionline",2025-08-26T07:53:06.000Z,2025-08-26T07:53:06+00:00,accept,flood_transport_hanoi,1,"flood_state,transport_impact,hanoi_location",0,comment_reconciliation,,,2,,unverified,1,2026-09-25T14:25:15.477956+07:00
facebook,1414574286769556,https://www.facebook.com/watch?v=1414574286769556,,"🌊 OCEAN CITY – HÀNH TRÌNH CẤT CÁNH CỦA THÀNH PHỐ ĐIỂM ĐẾN

Một năm nữa đang khép lại… nhưng nhịp sống tại Ocean City vẫn dâng lên không ngừng.
Từ những khoảnh khắc bùng nổ của hàng loạt lễ hội rực sáng, đến những đổi thay lặng lẽ trong từng nhịp sống bình dị – tất cả đã hòa thành bản giao hưởng phồn vinh của một thành phố đang lớn lên từng ngày.

✨ Một năm của lễ hội bốn mùa, nơi mỗi mùa là một câu chuyện, mỗi sự kiện là một sóng cảm xúc.
✨ Một năm của những siêu sự kiện định hình xu hướng, đưa Ocean City trở thành tâm điểm của hàng triệu ánh nhìn.
✨ Một năm của cộng đồng ấm áp và văn minh, nơi nụ cười và lời chào trở thành “chất keo” nuôi dưỡng sự gắn kết.
✨ Một năm của thương mại bứt phá và hạ tầng mới, với Vincom Mega Mall khai mở chuẩn mực sống – mua sắm – giải trí phía Đông Hà Nội.
✨ Một năm của những giá trị tiên phong, nơi phong cách sống, cộng đồng và di sản được định hình rõ nét.

Đại dương thịnh vượng đã không còn là giấc mơ.
Nó đang hiện hữu, đang chuyển động, và đang chào đón những cá nhân tiên phong bước vào chương mới của phồn vinh.

🌟 Ocean City – Sóng phồn vinh, kết tinh di sản.",,,reject,missing_group:flood_state,1,"transport_impact,hanoi_location",0,flood_video_09,mưa kéo dài Hà Nội hành trình,,,,,,2026-09-25T11:48:17.942566+07:00
facebook,1415912760740883,https://www.facebook.com/watch?v=1415912760740883,(20+) Video,"Hà Nội sáng 17/9: Cập nhật các điểm ngập, người đi làm cần lưu ý
Hà Nội sáng 17/9 tiếp tục có mưa lớn, nguy cơ úng ngập tại một số khu vực. Cập nhật các tuyến đường, điểm ngập đáng chú ý để người dân chủ động lựa chọn lộ trình trong giờ cao điểm.

Tạp chí Nông nghiệp và Môi trường tiếp tục cập nhật tình hình mưa lớn, ngập úng và giao thông tại Hà Nội.

👉 Theo dõi Tạp chí Nông nghiệp và Môi trường để cập nhật nhanh các thông tin thời tiết, môi trường và đời sống.
#HaNoi #NgapHaNoi #MuaLon #NgapUng #GiaoThongHaNoi #HaNoiSangNay #ThoiTietHaNoi #TapChiNongNghiepVaMoiTruong",2026-09-16T23:28:24.000Z,2026-09-16T23:28:24+00:00,accept,flood_transport_hanoi,1,"flood_state,transport_impact,hanoi_location",0,comment_reconciliation,,,192,,unverified,1,2026-09-25T10:49:49.602129+07:00
facebook,1418276970393799,https://www.facebook.com/photo?fbid=1418276970393799,,"(06h06-14/9) HÔM NAY BẮT ĐẦU MỘT ĐỢT MƯA 3 NGÀY

Nguyên nhân của đợt mưa đến từ sự phối kết hợp của 3 hình thế thời tiết, dưới tầng thấp là rìa phía bắc vùng áp thấp suy yếu từ ATNĐ và không khí lạnh, trên tầng cao là áp cao cận nhiệt đới.

Tính đến hiện tại, mưa đã xuất hiện ở nhiều nơi thuộc khu vực đồng bằng Bắc Bộ: Ninh Bình, Nam Định, Thái Bình và một phần Hải Phòng. Cơn mưa đang dần dần mở rộng lên phía bắc, do vậy Hà Nội hôm nay trước sau gì cũng có mưa thôi 😌

Lúc này ngoài trời thời tiết đang đẹp đẽ, thậm chí là khá sáng sủa. Nhiệt độ hầu hết loanh quanh 26°, độ ẩm 79%, gió bắc cấp 3, cảm giác ngoài trời rất dễ chịu 👍

Sáng nay mưa sẽ xuất hiện ở phía nam trước, mạn Mỹ Đức, Ứng Hòa, Phú Xuyên... sau đó lan dần về phía nội thành và từ từ nơi nào cũng có mưa. Dạng mưa rào và dông, chúng ta vẫn cần đề phòng với nguy cơ xuất hiện mưa to gây ngập úng.

Sau nửa đầu buổi sáng, mưa có thể xuất hiện bất cứ lúc nào trong ngày, kéo theo đó là nhiệt độ max hôm nay chỉ dưới 30° - bao mát 👍

Ngày mai mưa gián đoạn cả ngày, vẫn cần đề phòng với nguy cơ có thể xuất hiện mưa to gây ngập. Ngày kia mưa vẫn khá nhiều, tới ngày kìa mưa sẽ giảm dần, nhưng ko hết hẳn mà có thể mưa lắt nhắt cả tuần.

Chúc các bạn ngày mới vui vẻ 😉

PS: Chia buồn với những bạn vừa mới rửa xe. Tiền ko dễ kiếm, hãy học cách tiết kiệm như ad, cả tháng nay chưa rửa xe lần nào 😁",,,reject,missing_group:transport_impact,1,"flood_state,hanoi_location",1,flood_post_15,vùng ngập Hà Nội xe mô tô,,,,,,2026-09-25T14:43:38.499219+07:00
facebook,1420152576595906,https://www.facebook.com/reel/1420152576595906,,"🌟🌹 ĐƯA NGƯỜI YÊU ĐI TRỐN – TÌNH CẢM THĂNG HẠNG TỨC THÌ! 🌹
✨ Thiên đường nghỉ dưỡng mới nổi – Cảnh đẹp dịch vụ xịn check-in cháy máy !
Bạn đang cần trốn phố để nạp lại năng lượng sau chuỗi ngày bận rộn ?
☀️O'Chen Villa Đồng Đò – nơi mùa hè trở nên đầy màu sắc và cảm hứng !
🏖 Điểm đến lý tưởng cho kỳ nghỉ hè ✔️ Khu nghỉ dưỡng ven hồ đồng đò 
✔️ Không gian xanh, hồ bơi tràn bờ yên tĩnh
✔️ Phòng nghỉ hiện đại, rộng rãi – view hồ xanh mát 
✔️ Nhiều góc sống ảo cầu gỗ trên biển, tượng rồng đá, khu vườn nhiệt đới
   Giá phòng đã bao gồm :
- 1 Bữa sáng miễn phí
- Trà, cà phê,đồ dùng ,nước suối theo tiêu chuẩn tại phòng
- Bể bơi vô cực tràn viền view hồ , có 3 vòi sục massage
- Bi-A giải trí ,  xe đạp    
- Free bếp nướng điện ,bếp lẩu điện , bếp nướng BBQ  
- Loa kéo, míc miễn phí ,
- Miễn phí dịch vụ internet và truyền hình cáp
-  Phao bơi thiên nga, phao vịt cho người lớn và trẻ em 
- Trèo thuyền kalak trên hồ
🍹 Thư giãn trọn vẹn – Ăn ngon – Chơi đã – Ảnh đẹp ngập tràn !
Từ bình minh trên biển đến chiều hoàng hôn rực rỡ mỗi khoảnh O'Chen Villa Đồng Đò đều đáng nhớ
📸 Hè này chỉ cần xách vali và đến – mọi thứ để O'Chen Villa Đồng Đò lo hết
-----------------
O'Chen Villa Đồng Đò 
📍 Địa chỉ :  Hồ Đồng Đò, Sóc Sơn, Hanoi, Vietnam
 #dulichdongdo #homestaydongdo #homeviewho #dongdo #xuhuong",,,reject,missing_group:flood_state,1,"transport_impact,hanoi_location",0,flood_video_18,ngập diện rộng Hà Nội xe đạp,,,,,,2026-09-25T15:14:33.137811+07:00
facebook,1432007628982671,https://www.facebook.com/watch?v=1432007628982671,(20+) Video,"Đường Tôn Thất Thuyết (Quận 4, TP.HCM) là một trong những trục giao thông ven kênh quan trọng nhưng hiện tại đang chịu áp lực rất lớn về hạ tầng.
Mặt đường hiện tại khá hẹp (chỉ rộng khoảng 7 - 8m với 2 làn xe), mạng lưới dây điện chằng chịt, vỉa hè hầu như bị lấn chiếm để kinh doanh, buôn bán, dẫn đến tình trạng thường xuyên ùn tắc giao thông vào giờ cao điểm. 
Để giải quyết triệt để bài toán ùn tắc và chỉnh trang đô thị, TP.HCM đang ráo riết thúc đẩy siêu dự án cải tạo, mở rộng đường Tôn Thất Thuyết và xây dựng công viên cây xanh dọc bờ kênh Tẻ.
Quy mô mở rộng gấp 4 lần: Đoạn đường dài hơn 3,4 km (từ đường số 1 đến đường Trương Đình Hợi) sẽ được mở rộng từ 7m lên 27m (đáp ứng 6 làn xe). 
Ngoài mở rộng đường, dự án sẽ xây dựng hệ thống kè bờ bảo vệ kênh Tẻ, cải tạo/xây mới cầu Nguyễn Kiệu rộng 25 - 27m, tạo lập một dải công viên mảng xanh công cộng chạy dọc bờ kênh. 
Đồng bộ giao thông liên vùng: Tuyến đường sau khi mở rộng sẽ kết nối trực tiếp với dự án cầu - đường Nguyễn Khoái hơn 3.700 tỷ đồng (đã khởi công cuối năm 2025). 
Sự kết nối này tạo ra trục giao thông liền mạch giữa Quận 7, Quận 4 và Quận 1, giảm tải tối đa cho trục đường Khánh Hội và cầu Kênh Tẻ. 
Khi hoàn thành, dự án sẽ thay đổi hoàn toàn diện mạo khu vực ven kênh Tẻ, biến nơi đây từ ""điểm nghẽn"" ngập nước, kẹt xe thành một đại lộ ven sông xanh - sạch - đẹp. 

#TonThatThuyet #DuongTonThatThuyet  
#DuAnTonThatThuyet #CauNguyenKhoai 
#morongduongtonthatthuyet",2026-08-02T12:53:15.000Z,2026-08-02T12:53:15+00:00,reject,missing_group:hanoi_location,1,"flood_state,transport_impact",1,comment_reconciliation,,,10,,unverified,1,2026-09-25T15:16:25.757199+07:00
facebook,1461303481749216,https://www.facebook.com/watch?v=1461303481749216,(20+) Video,"Sống ở Hà Nội đủ lâu để thấy được trận ngập lụt kinh hoàng như này. Từ công ty đi về, thị tự tin xông thẳng ra Tân Mai nhưng hỡi ôi Tân Mai thất thủ thị phải tìm cách mò mẫm mãi mới ra được Trương Định. Tới cuối Trương Định giao Giải Phóng thị đành quay lại vì Giải Phóng ngập. Cuối cùng thị quyết định vào bến xe Giáp Bát gửi xe và đi bộ về nhà! Nghe có vẻ điên rồ nhưng khi đi ra tới Giải Phóng, nhìn đoàn xe ùn tắc bì bõm lội nước thị đã thấy mình đúng. Thôi thì cuối tháng thể dục thể thao nâng cao sức khoẻ chào đón tháng mới cũng được nhỉ!
Hà Nội ơi, xin hãy ngừng mưa đi!!!!",2025-09-30T10:31:32.000Z,2025-09-30T10:31:32+00:00,accept,flood_transport_hanoi,1,"flood_state,transport_impact,hanoi_location",0,comment_reconciliation,,,89,,unverified,1,2026-09-25T10:59:28.617278+07:00
facebook,1468226228462694,https://www.facebook.com/watch?v=1468226228462694,(20+) Video,"Lực lượng chức năng đã tìm thấy thi thể nam sinh viên năm nhất Trường Đại học Mỏ - Địa chất tại khu vực miệng cống đổ ra sông Nhuệ, phường Đông Ngạc, Hà Nội. Thi thể này được phát hiện cách vị trí nạn nhân bị ngã hơn một km. Sự việc xảy ra trưa 17/9 khi nam sinh N.Đ.S. đi qua phố Viên ngập sâu do mưa lớn, sau đó bị nước cuốn xuống cống và mất tích. Khu vực này có đường xuống cấp và ít người qua lại nên khó phát hiện. Sau khi thợ lặn tìm thấy mũ bảo hiểm của nạn nhân trong cống thoát nước vào buổi trưa ngày 18/9, người dân đã báo cơ quan chức năng. Lực lượng Công an phường Đông Ngạc phối hợp với nhà trường tổ chức tìm kiếm xuyên đêm tại khu vực rậm rạp và có cống xuống cấp. Nguyên nhân cụ thể dẫn đến sự việc đang được cơ quan chức năng tiếp tục xác minh.

Nguồn: Tổng hợp từ 2 nguồn: Dân Trí - Trang chủ, Soha - Trang chủ

Hiền Thục Media — bản tin do AI tổng hợp từ báo chí.

#thoisu #tintuc #ainews #hienthucmedia",2026-09-18T06:02:16.000Z,2026-09-18T06:02:16+00:00,accept,flood_transport_hanoi,1,"flood_state,transport_impact,hanoi_location",0,comment_reconciliation,,,1,,unverified,1,2026-09-25T14:34:44.162168+07:00
facebook,1480539997429038,https://www.facebook.com/photo?fbid=1480539997429038,(20+) Facebook,"VẬN NƯỚC ĐANG LÊN!

Có một thứ ở đất nước Thiên đường xã nghĩa Việt Nam đó là lời hứa thì thường có thời hạn, còn ngập nước thì hình như không.

Năm 2012, Hà Nội hùng hồn tuyên bố: “Hà Nội đặt mục tiêu ba năm tới giải quyết cơ bản chống ngập úng cho khu vực đô thị trung tâm với trận mưa có chu kỳ tính toán 10 năm, lượng mưa 310mm/2 ngày”. trích báo Dân Trí.

Rồi thời hạn 2015 đi qua, tiếp tục 10 năm kỳ hạn 2025 cũng đi qua. Và đến ngày 17 tháng 9, 2026 chỉ cần một trận mưa đủ lớn, nhiều tuyến đường lại tiếp tục biến thành sông của một phiên bản đô thị hiện đại.

Ở TP.HCM cũng từng có những mục tiêu rất rõ ràng. Năm 2016, thành phố đặt mục tiêu đến năm 2020 giải quyết dứt điểm tình trạng ngập: “Theo đó, trong giai đoạn 2016 - 2020, TP tập trung giải quyết dứt điểm tình trạng ngập nước tại khu vực trung tâm TP và một phần của 5 lưu vực ngoại vi (Bắc, Tây, Nam và một phần Đông Bắc, Đông Nam) rộng 550km2 với khoảng 6,5 triệu dân; đồng thời cải thiện môi trường nước, tăng không gian trữ nước và tạo cảnh quan đô thị, góp phần cải thiện đời sống dân sinh, bảo vệ môi trường TP”. Trích báo Thành Ủy TP.HCM

Nhưng đến tháng 6, 2020 báo Tuổi Trẻ dẫn thông tin thành phố đã chi hơn 25.000 tỷ đồng cho các dự án chống ngập trong 5 năm, giải quyết được 25/36 điểm ngập được thống kê trong chương trình, nhưng vẫn còn 22 điểm ngập.
Vậy câu hỏi là: Rốt cuộc TP.HCM đang chống ngập, hay đang chống lời hứa cũ?

Và rồi người dân đã phải cười ra nước mắt khi: “TP.HCM đặt mục tiêu hoàn thành 9 dự án chống ngập trong năm 2026 giải quyết tình trạng ngập khi mưa bão. Thông tin được đưa ra tại họp báo tình hình Kinh tế - Xã hội TP.HCM ngày 10/9. Trích báo VOV

Thế nhưng thực tế lại thật phũ phàng, chỉ trong đêm hầm An Phú đã biến thành một hồ nước sau trận mưa lơn vào đêm 10 tháng 9.
Khi người dân nghe những con số ấy đã nhiều năm, nhưng điều họ cần không phải thêm một lời hứa mới, mà là một mùa mưa không còn phải kê đồ, chặn cửa, dắt xe chạy trong nước. Khi các kế hoạch chống ngập cứ nối tiếp nhau, còn mỗi trận mưa lớn lại khiến đường phố biến thành sông, thì điều người dân mong chờ nhất vẫn là: bao giờ lời hứa thực sự biến thành hiệu quả? 

Bởi chống ngập đô thị chưa bao giờ là chuyện một cái cống hay một cái hồ có thể giải quyết một mình. Nó liên quan đến quy hoạch, cao độ nền, hệ thống thoát nước, không gian trữ nước, kiểm soát triều, dòng chảy và cả tốc độ đô thị hóa.

Nhưng chính vì vậy, càng cần những mục tiêu có cơ sở, những con số đo được và trách nhiệm rõ ràng. Điều đáng nói nhất không phải là một thành phố có thể ngập trong một trận mưa lớn.

Không thể cứ mỗi mùa mưa lại: Ngập → họp → giải thích → hứa → làm dự án → chờ → lại mưa → lại ngập.
Nếu cứ lặp lại như vậy thì chẳng khác nào một bộ phim dài tập mà khán giả đã thuộc lời thoại nhưng chưa thấy tập cuối.
#noithangnoithat #ngap #lut #denhnuoc #vannuoc #hanoi #tphcm #ho #hamanphu #anphu #thuthiem #lulut #muabao",2026-09-19T10:20:48.000Z,2026-09-19T10:20:48+00:00,accept,flood_transport_hanoi,1,"flood_state,transport_impact,hanoi_location",1,comment_reconciliation,,,213,,unverified,1,2026-09-25T16:03:25.445326+07:00
facebook,1505846126833193,https://www.facebook.com/watch?v=1505846126833193,(20+) Video,"Sáng 28/9, khu vực nội thành Hà Nội xuất hiện trận mưa to kéo dài nhiều giờ khiến những điểm ít khi ngập như gần quảng trường Mỹ Đình, các ngõ phố nhỏ cũng bị ""lụt"".

Tại đường Lê Quang Đạo đoạn gần quảng trường sân vận động Mỹ Đình (đường đua F1 cũ) có nhiều đoạn trũng khiến các phương tiện bị ùn ứ lại. Nhiều người không dám đi qua gây nên cảnh ùn tắc phía sau.

Nhiều phương tiện xe máy khi vòng qua bùng binh đã bị sức ép của nước và các phương tiện đi bên cạnh đã bị loạng choạng tay lái, phải chống chân đỡ xe.

Theo Vietnamnet",2023-09-28T07:59:45.000Z,2023-09-28T07:59:45+00:00,accept,flood_transport_hanoi,1,"flood_state,transport_impact,hanoi_location",0,flood_video_14,điểm ngập Hà Nội xe máy,,,,,,2026-09-25T14:39:17.276704+07:00
facebook,1512043513699062,https://www.facebook.com/reel/1512043513699062,,"💥 CHÂN GÀ SANHO FOOD VỀ NGẬP KHO – SỈ TẬN GỐC, GIAO TẬN NƠI! 💥
🌶️ Đại lý và quán ăn của bạn đang cần nguồn chân gà “ĐỀU SIZE - TƯƠI NGON - GIÁ TỐT “để kịp phục vụ khách? Đừng lo, lô chân gà mới nhất từ SanHo Food đã cập bến, sẵn sàng lên xe đến tay bạn ngay trong ngày!
🌟 TẠI SAO 500+ QUÁN ĂN & ĐẠI LÝ CHỌN SANHO FOOD?
🥤Làm ngành F&B, sợ nhất là nguồn hàng bập bõm và chất lượng không đồng đều. SanHo Food cam kết giải quyết triệt để nỗi lo đó cho bạn:
 Chất lượng điểm 10: Chân gà được tuyển chọn kỹ lưỡng, size đều tăm tắp, giòn dai, giữ trọn vị mềm ngọt tự nhiên.
 Tối ưu thời gian chế biến: Hàng sạch, chuẩn quy trình, giúp quán lên món nhanh, khách không phải đợi.
 Nguồn hàng siêu ổn định: Sẵn kho số lượng lớn, không lo đứt hàng vào những ngày cao điểm hay dịp lễ.
 Chính sách linh hoạt: Hỗ trợ giao sỉ/lẻ theo nhu cầu, giao hàng nhanh chóng, đúng hẹn.
> 💬 Chủ quán tại Hà Nội chia sẻ:“Từ ngày lấy chân gà bên SanHo Food, mình yên tâm hẳn. Hàng về đều đặn, chất lượng đồng đều không phải nhặt lọc lại, khách ăn cứ khen suốt nên bán chạy lắm!
> 
 🚀 TĂNG TỐC DOANH THU – BÁN LÀ HẾT!
Đừng để mất khách chỉ vì thiếu hàng hoặc chất lượng không ổn định. Nhập hàng SanHo Food ngay hôm nay để tối ưu chi phí và bùng nổ doanh số!
🎁 ƯU ĐÃI ĐẶC BIỆT: Chiết khấu cực tốt cho các đại lý và quán ăn đặt hàng số lượng lớn trong tuần này!
👇 Bấm ""GỬI TIN NHẮN"" hoặc Liên hệ ngay Hotline để nhận báo giá sỉ tốt nhất!**
📍 HỆ THỐNG SAN HÔ FOOD - SỈ LẺ TOÀN QUỐC
🏠 **Cơ sở 1: 380 Đường Đà Nẵng, Hải Phòng
🏠 **Cơ sở 2: Số 39 Trần Quý Kiên, Cầu Giấy, Hà Nội
☎️ **Hotline tư vấn 24/7: 0929 632 999  0989 308 008
#SanHoFood #ChanGaSi #NguonHangChanGa #ChanGaRutXuong #ChanGaSotCay #ChanGaHanQuoc #KinhDoanhAnVat #AnVatHaNoi #AnVatHaiPhong #ChanGaNgon #SiChanGaGiaTot",,,reject,missing_group:transport_impact,1,"flood_state,hanoi_location",1,flood_video_25,đường ngập Ha Noi điểm dừng,,,,,,2026-09-25T16:19:43.588763+07:00
facebook,1522677966551289,https://www.facebook.com/photo?fbid=1522677966551289,(20+) Facebook,Hà Nội: Nhiều tuyến đường nham nhở sau thi công chống ngập,2026-07-25T13:48:09.000Z,2026-07-25T13:48:09+00:00,accept,flood_transport_hanoi,1,"flood_state,transport_impact,hanoi_location",0,flood_post_12,nước tràn Hà Nội tuyến đường,,,,,,2026-09-25T14:21:27.210896+07:00
facebook,1530360631311110,https://www.facebook.com/watch?v=1530360631311110,(20+) Video,"👉Đường gom Đại lộ thăng Long trước cửa (Bảo tàng Quân sự) đang ngập úng trên diện rộng, sâu 10-30cm

👉 Đường Võ Chí công đoạn từ Nguyễn Hoàng Tôn tới chân cầu Nhật Tân vẫn còn ngập cả 2 chiều, sâu khoảng 50cm.

Đối với các loại xe tải, xe Bus, xe gầm cao di chuyển đi sát dải phân cách bên trái.

Các phương tiện khác đi theo hướng Lạc Long Quân đi Nội Bài

Từ Nội Bài về nội thành đi theo tuyến Cầu Thăng Long

Các phương tiện chú ý thay đổi tuyến di chuyển và chấp hành theo hướng dẫn cửa lực lượng chức năng.",2025-10-08T23:33:16.000Z,2025-10-08T23:33:16+00:00,accept,flood_transport_hanoi,1,"flood_state,transport_impact,hanoi_location",0,comment_reconciliation,,,34,,unverified,1,2026-09-25T15:58:48.315884+07:00
facebook,1544957843490668,https://www.facebook.com/watch?v=1544957843490668,(20+) Video,"Công Ty TNHH Viên Phương Đồng Hành Cùng Đối Tác – Tiếp Tục Hỗ Trợ Bà Con Vùng Lũ Lụt.
Những ngày qua, mưa lũ liên tiếp đổ về khiến một số địa phương phải gánh chịu thiệt hại nặng nề. Hàng ngàn hộ dân bị cô lập, tài sản hư hỏng, sinh hoạt đảo lộn hoàn toàn. Trước tình hình đó, Công ty Viên Phương cùng các đối tác không chỉ triển khai các chuyến cứu trợ khẩn cấp mà còn tiếp tục đồng hành cùng các đối tác để mở rộng hơn nữa các hoạt động hỗ trợ, hướng về bà con đang chịu ảnh hưởng nặng nề.
Với tinh thần “lá lành đùm lá rách”, Viên Phương và các đối tác đã chung tay chuẩn bị và vận chuyển các nhu yếu phẩm như: nước suối, mì gói, sữa, quần áo khô. Mỗi phần quà được đóng gói kỹ lưỡng, đảm bảo an toàn, sẵn sàng đưa đến những khu vực còn ngập sâu hoặc bị cô lập trong nhiều ngày.
Trong 2 ngày đã hỗ trợ được: 
 - 3000 lốc nước suối .
 - 20 thùng sữa.
 - 250 thùng mì tôm.
 đến đồng bào vũng lũ.
Trước tình hình bão lũ diễn biến phức tạp, đặc biệt các khu vực tỉnh Phú Yên (Cũ) Công ty TNHH Viên Phương đang khẩn trương cùng các đối tác chi viện nhanh nhất những nhu yếu phẩm cần thiết cho người dân ở đây.
Trân trọng biết ơn tấm lòng của quý anh, chị, em đối tác:
- Công ty CP Tập đoàn DEKKO
- Hiệp hội ống nhựa Tiền Phong Miền Trung - Tây Nguyên
- Công ty CP dây cáp điện DAPHACO
- Công ty Đại Hoàng Dương
- Công ty Tuấn Hưng Phát (Hà Nội)
- Công ty nhựa An Phát (Đắk Lắk)
- Công ty Dũng Phương (Bắc Ninh)
- Công ty Hồ Vui (Quãng Nam)
- Anh Sang ( GĐ Công ty cáp điện CADIVI Miền Trung)
- Anh Hà, Phước, Hậu, Tiến  (Công ty DAPHACO)
- Anh Hậu NPP Hậu Kim Cương (Lâm Đồng)
- Chị Thuý (Công ty NOVO Việt Tiệp)
- Anh Tuấn Anh (VIETCAB)
- Em Tươi (Tiền Giang)
- Anh Tuấn (Công ty bơm Gia Bảo)
- Chị Lệ, Anh Bình (Đội cầu lông, xe đạp)
- Anh Nguyễn Mạnh Tưởng, quản lý cây xăng dầu 42 Petrolimex 
Đã đồng hành cùng Viên Phương 🤝",2025-11-22T08:21:53.000Z,2025-11-22T08:21:53+00:00,accept,flood_transport_hanoi,1,"flood_state,transport_impact,hanoi_location",0,flood_video_18,ngập diện rộng Hà Nội xe đạp,,,,,,2026-09-25T15:13:21.197535+07:00
facebook,1545078303986327,https://www.facebook.com/photo?fbid=1545078303986327,,"❌CẢNH BÁO: CÔNG TY BÓC LỘT, QUỴT LƯƠNG & HÃM, AE DESIGNER NÊN NÉ!

- Công Ty TNHH Sunjin Vina (Địa Chỉ: Đường Thuận Giao 21, khu phố Hòa Lân 2, Phường Thuận Giao, TP.HCM) | MST: 0303897815

❗ NHỮNG ĐIỀU HÃM TẠI CTY NÀY:

1. Xin Nghỉ Phép Rất Khó Và Lằng Nhằng: Mình Xin Nghỉ Phép Đi Đám Cưới Thì Ông Sếp ""Hàn Quốc"" Yêu Cầu Phải Gửi Thiệp Cưới Để Chứng Minh.

2. Lúc Phỏng Vấn Nhân Sự Nói Là Được Nghỉ 1 Ngày Thứ 7 Trong Tháng & 14 Ngày Phép Năm (Vì Là Môi Trường Hoá Chất Độc Hại, Công Ty In Lụa). Nhưng Thực Tế Lúc Mình Xin Nghỉ Phép Thì Làm Khó Dễ Và Không Cho Nghỉ (Nhân Sự Lấy Lý Do Là Môi Trường Sản Xuất Nên Hạn Chế Nghỉ).

3. Tăng Ca Thường Xuyên Và Không Báo Trước: 4h30 Tan Làm, Thì 3h30 Mới Báo Tăng Ca (Có Hôm Mình Tăng Ca Đến 9h Đêm, Còn Ông Anh Designer Làm Chung Tăng Ca Đến 12h Đêm).

4. Ông Sếp ""Hàn Quốc"" Cực Kỳ Toxic: Thường Xuyên Chửi Nhân Viên Và Đập Đồ Đạc.

5. Công Ty In Lụa Nhưng Toàn Bộ Phần Mềm Đều Crack (Không Mua Bản Quyền).

6. Quy Trình Làm Việc Không Rõ Ràng: Đang Làm Việc Của Người Này, Thì Người Khác Nhảy Vô Yêu Cầu Làm Gấp Cái Này Cho Anh.

7. Cuối Ngày Phải Làm Excel Gửi Mail Báo Cáo Công Việc, Chụp Hình Quay Video Vệ Sinh Máy In, Nước Thải Của Mực In Cũng Phải Tự Đi Đổ.

8. Đứng Máy In Ở Ngoài Xưởng Cực Kỳ Nóng Nhưng Không Có 1 Cái Quạt Nào Cho Nhân Viên.

9.  Mình Chưa Hết Thời Gian Thử Việc, Nhưng Cty Này Đã Đăng Tuyển & Phỏng Vấn Thiết Kế Mới.

10.  Sau Khi Phát Hiện Cty Đăng Tuyển Người Mới, Mình Xin Nghỉ Thì Cty Nói Vi Phạm Hợp Đồng Thử Việc, Không Trả Lương Tháng 7 & Còn Yêu Cầu Bổ Sung Đầy Đủ Hồ Sơ Thử Việc.

*Mình Có Hỏi Mấy Người Trong Cty Thì Vị Trí Designer Này Trong Vòng 1 Năm Tính Cả Mình Nữa Là Người Thứ 6 Rồi.",,,reject,missing_group:flood_state+hanoi_location,1,transport_impact,1,flood_post_12,nước tràn Hà Nội tuyến đường,,,,,,2026-09-25T14:21:18.266258+07:00
facebook,1548235073647533,https://www.facebook.com/photo?fbid=1548235073647533,,"**🚀 [TUYỂN DỤNG] TRỢ LÝ DỰ ÁN (PROJECT ASSISTANT)**

Bạn không muốn làm một công việc lặp đi lặp lại mỗi ngày?

Bạn muốn được tham gia các dự án về AI, YouTube và Công nghệ, làm việc cùng đối tác nước ngoài và có lộ trình phát triển lên Quản lý dự án?

👉 Chúng tôi đang tìm kiếm 05 Trợ lý Dự án đồng hành cùng những dự án đầy tiềm năng.

**Bạn sẽ được:**
✨ Làm việc trực tiếp với các dự án công nghệ và giải trí số.
✨ Sử dụng tiếng Anh trong môi trường làm việc thực tế.
✨ Được đào tạo về quản lý dự án và kỹ năng điều phối.
✨ Làm việc cùng đội ngũ trẻ, sáng tạo và nhiều cơ hội thăng tiến.

**💰 Thu nhập:**
• Lương khởi điểm: 9 – 13 triệu
• Tổng thu nhập: 15 – 17 triệu/tháng

🎯Yêu cầu:
✔️ Tốt nghiệp Đại học trở lên
✔️ Có từ 06 tháng – 01 năm kinh nghiệm ở vị trí tương đương
✔️ Tiếng Anh giao tiếp tốt (IELTS 5.5 – 6.5 hoặc tương đương)

📍 Thông tin làm việc
🕗 Thời gian: 08:00 – 17:00, Thứ 2 – Thứ 7 (nghỉ trưa 1 tiếng)
✨ Nghỉ 02 chiều Thứ 7/tháng
🏢 Địa điểm: Tầng 5, Tòa nhà VTC Online, số 18 Tam Trinh, Phường Tương Mai, Hà Nội
📩 Email: khucthanhthuy.ttmgroup@gmail.com | SĐT: 0338114470",,,reject,missing_group:flood_state,1,"transport_impact,hanoi_location",0,flood_post_11,nước dâng Hà Nội lộ trình,,,,,,2026-09-25T14:16:21.058829+07:00
facebook,1551573835853487,https://www.facebook.com/reel/1551573835853487,,"🏠 NHÀ TRỌ KCN PHÚ HÀ – PHÒNG TRỌ LÝ TƯỞNG CHO NGƯỜI ĐI LÀM!

Bạn đang tìm một nơi ở gần KCN Phú Hà, thuận tiện đi làm mỗi ngày mà vẫn đảm bảo an ninh – sạch sẽ – chi phí hợp lý?
Nhà Trọ KCN Phú Hà đáp ứng đầy đủ mọi nhu cầu của bạn!

🌟 Lý do bạn nên chọn chúng tôi

🚶 Vị trí gần KCN, đi bộ hoặc đi xe vài phút

🧱 Phòng xây kiên cố, cao ráo, không ngập nước

🌬 Cửa sổ thoáng, phòng luôn sáng và mát

🔋 Điện nước ổn định, giá theo quy định

🌐 Có WiFi mạnh, phù hợp làm thêm online

📹 An ninh đảm bảo, camera quan sát toàn khu

🛵 Khu để xe rộng rãi, cổng ra vào chắc chắn

💰 Giá thuê hợp lý
📌 Thông tin liên hệ

☎ SĐT/Zalo: 0976589767
📍 Chùa Thắng Sơn đường 35 Gần KCN Phú Hà – Thị xã Phú Thọ",,,reject,missing_group:hanoi_location,1,"flood_state,transport_impact",0,flood_video_18,ngập diện rộng Hà Nội xe đạp,,,,,,2026-09-25T15:12:41.504947+07:00
facebook,1558287771510025,https://www.facebook.com/27ambientalista27/videos/1558287771510025,(20+) Facebook,"CHẤM DỨT CƠN ÁC MỘNG GHẺ NƯỚC - KHÔNG CÒN NGỨA NGÁY, KHÔNG LO LÂY LAN!

Bạn đang khổ sở vì:

😭 Ngứa ngáy dữ dội, đặc biệt về đêm, khiến bạn mất ngủ triền miên?

🦠 Ghẻ nước lây lan nhanh chóng cho người thân, bạn bè, ảnh hưởng đến cuộc sống?

😰 Tự ti, ngại giao tiếp vì những nốt mụn ghẻ xấu xí?

Đừng lo lắng! Phòng khám da liễu Maia thấu hiểu nỗi khổ của bạn và mang đến giải pháp điều trị ghẻ nước hiệu quả, an toàn, giúp bạn tự tin trở lại:

✨ Công nghệ Maitrix Laser tiên tiến:

Tiêu diệt tận gốc ký sinh trùng ghẻ, giảm ngứa nhanh chóng.

Kích thích tái tạo da, làm lành tổn thương, ngăn ngừa sẹo.

Không đau rát, không xâm lấn, an toàn cho mọi loại da.

💊 Phác đồ điều trị toàn diện:

Kết hợp Maitrix Laser với thuốc bôi, thuốc uống đặc trị.

Được kê đơn bởi bác sĩ da liễu giàu kinh nghiệm, đảm bảo hiệu quả tối ưu.

Liệu trình cá nhân hóa, phù hợp với tình trạng bệnh của từng người.

Đừng để ghẻ nước ám ảnh cuộc sống của bạn thêm nữa! Hãy đến với Maia để được tư vấn và điều trị tận gốc.

-------✨✨✨✨✨ -----------
🏥Địa chỉ: 
Phòng khám 1: Số 21 Hoàng Cầu - Q. Đống Đa - Hà Nội
Phòng khám 2: Số 11 Hoàng Cầu - Q. Đống Đa - Hà Nội
☎ Hotline đặt lịch nóng: 0862161856
☎ Hotline: 0243 933 6868
💢 Giờ thăm khám - Điều trị :
🕛 T2- CN : từ 8h00 - 19h00

#chữaghẻnước #ghẻngứa #phòngkhámdaLiễuMaia #MaitrixLaser #daLiễu #khỏeĐẹp #khôngNgứa #khôngLâyLan",2025-03-15T08:31:01.000Z,2025-03-15T08:31:01+00:00,reject,missing_group:flood_state+transport_impact,1,hanoi_location,0,flood_video_11,nước dâng Hà Nội lộ trình,,,,,,2026-09-25T14:17:14.668921+07:00
facebook,1566896380953748,https://www.facebook.com/watch?v=1566896380953748,,Di chuyển một vòng tại khu Đô Thị Thanh Hà ngày 7/10/2025 ngày mà Thủ đô Hà Nội đang ngập lụt khắp nơi. Về cơ bản Thanh Hà không ngập phương tiện lưu thông tốt,,,accept,flood_transport_hanoi,1,"flood_state,transport_impact,hanoi_location",0,flood_video_04,lụt Hà Nội di chuyển,,,,,,2026-09-25T11:02:51.946821+07:00
facebook,1568375998317672,https://www.facebook.com/photo?fbid=1568375998317672,,"🆖🧸 𝐁𝐌𝐖 𝟑𝟑𝟎𝐢 𝐌-𝐒𝐩𝐨𝐫𝐭 𝟐𝟎𝟐𝟐 

🔹Ngoại thất Trắng, nội thất Đen

🔹Sản xuất 2022

🔹ODO: 4v6  km

🔹Ngập tràn option: mâm M, điều hòa 3 vùng, đèn Adaptive, nội thất da Alcantara+Sensatec, HUD, loa Harman. Phần vận hành với ~250hp 400Nm.

Chỉ 𝟏,𝟐x 𝐭𝐲̉ 𝐕𝐍𝐃

☎ Hotline/Zalo: 0912572757- Phi Hùng

✅ Cam kết: Không đâm đụng – Không ngập nước – Máy số nguyên bản – ODO chuẩn – Hỗ trợ check hãng.",,,reject,missing_group:transport_impact+hanoi_location,1,flood_state,0,flood_post_15,vùng ngập Hà Nội xe mô tô,,,,,,2026-09-25T14:44:10.834762+07:00
facebook,1595069332017575,https://www.facebook.com/watch?v=1595069332017575,(20+) Video,"Phố Đường Tàu Hà Nội là điểm đến độc đáo dọc tuyến đường sắt Bắc – Nam, nằm tại khu vực Phùng Hưng và Trần Phú. Với khung cảnh đường ray cổ kính xen lẫn nhịp sống sôi động, nơi đây thu hút du khách bởi trải nghiệm uống cà phê sát đường tàu và những khoảnh khắc check-in ấn tượng. Đây là biểu tượng văn hóa và đời sống độc lạ của thủ đô, hấp dẫn cả du khách trong và ngoài nước.

#travel #pho
#hanoi #phoduongtau",2026-07-20T05:24:07.000Z,2026-07-20T05:24:07+00:00,reject,missing_group:flood_state,1,"transport_impact,hanoi_location",0,flood_video_12,nước tràn Hà Nội tuyến đường,,,,,,2026-09-25T14:23:47.384030+07:00
facebook,1616615353077336,https://www.facebook.com/watch?v=1616615353077336,(20+) Video,"HÀ NỘI: CÁC PHƯƠNG TIỆN THAM GIA GIAO THÔNG LƯU Ý HƠN 30 ĐIỂM NGẬP ÚNG  

• Đường Nguyễn Khuyến (trước cổng THCS Lý Thường Kiệt)
• Phố Hoa Bằng (từ số 91 – 97 và 54 – 56)
• Ngã ba Cầu Giấy – Dịch Vọng (từ số 235 – 255 Cầu Giấy)
• Phố Phan Văn Trường
• Dương Đình Nghệ – Phạm Hùng (sau tòa Keangnam)
• Phố Trần Bình (trước UBND phường Mai Dịch – Bệnh viện 19/8)
• Ngã tư Phan Bội Châu – Lý Thường Kiệt; ngã năm Đường Thành – Bát Đàn – Nhà Hỏa
• Phố Tông Đản (cổng phụ Thành ủy Hà Nội)
• Phố Đinh Tiên Hoàng (đài phun nước, bến xe điện)
• Số 155 Phùng Hưng
• Phố Cao Bá Quát (trước Công ty Môi trường đô thị Hà Nội)
• Phố Thụy Khuê (dốc La Pho)
• Phố Minh Khai (chân cầu Vĩnh Tuy)
• Phố Nguyễn Chính (từ ngõ 74 đến cống hóa mương Tân Mai)
• Phố Mạc Thị Bưởi
• Đại lộ Thăng Long (ngã ba Lê Trọng Tấn, hầm chui số 356, nút giao An Khánh)
• Phố Đỗ Đức Dục
• Phố Ngọc Lâm (từ ngã ba Long Biên 1 đến trụ sở Xí nghiệp Môi trường đô thị Gia Lâm)
• Hoàng Như Tiếp (từ Trường Tiểu học Ngọc Lâm đến ngã ba Hoàng Như Tiếp – Ái Mộ)
• Đường Cổ Linh – Đàm Quang Trung (đoạn trước siêu thị Aeon Mall)
• Phố Quan Nhân
• Phố Cự Lộc
• Nguyễn Trãi (trước Đại học KHXH&NV)
• Nguyễn Xiển
• Phố Kẻ Vẽ (ngã ba chợ Vẽ)
• Ecohome 3
• KĐT Resco
• Quốc lộ 3 (qua xã Mai Lâm)
• Đường 23B (qua thôn Cổ Điển)

Do ảnh hưởng của hoàn lưu bão số 10, Hà Nội mưa lớn kéo dài từ đêm 29 đến sáng 30/9. Nhiều tuyến phố trung tâm và khu vực ngoại thành ngập sâu. Cụ thể, theo VnExpress, tại cầu vượt Mai Dịch - nút giao đường Hồ Tùng Mậu, Phạm Văn Đồng, Xuân Thủy, Phạm Hùng, nơi có mật độ giao thông lớn, hiện đang mênh mông nước. Nước ngập nửa bánh xe, phương tiện di chuyển khó khăn.  Cảnh sát giao thông khuyến cáo người dân thận trọng khi tham gia giao thông theo hướng Phạm Văn Đồng đi bến xe Mỹ Đình.

Theo Công ty TNHH MTV Thoát nước Hà Nội, lượng mưa đo được tại một số xã, phường từ 7 giờ ngày 29/9 đến 7 giờ ngày 30/9 như sau: Phường Hai Bà Trưng 84 mm, Ba Đình 44 mm, Hoàn Kiếm 37 mm, Ô Chợ Dừa 104 mm, Phú Lương 118 mm, Hoàng Liệt 57 mm, Thanh Liệt 79 mm...

Theo VOV1 
Video:",2025-09-30T06:35:35.000Z,2025-09-30T06:35:35+00:00,accept,flood_transport_hanoi,1,"flood_state,transport_impact,hanoi_location",0,flood_video_22,ngập úng Ha Noi bus,,15,,unverified,1,2026-09-25T15:57:25.340318+07:00
facebook,1641268784286524,https://www.facebook.com/watch?v=1641268784286524,,"Chiều 18 tháng 9, Mai Anh, nhân viên Câu lạc bộ Ngựa Phú Cát tại xã Phú Cát, Hà Nội, được bạn bè và người quen gửi clip ghi lại cảnh cô điều khiển con ngựa vượt qua khu vực đường ngập. Trong video, phía sau cô là một người phụ nữ được hỗ trợ đi nhờ qua vùng nước sâu khoảng 40cm trước hầm chui dân sinh số 18. Đoạn clip do nhóm Mai Anh quay vào chiều 17 tháng 9 tại cầu chui dân sinh số 18, cách nơi cô ở khoảng 3-4km khi Hà Nội mưa lớn gây ngập úng. Mai Anh cho biết việc hỗ trợ người phụ nữ diễn ra trong vài phút vì thấy người đi bộ gặp nguy hiểm trước vùng nước sâu. Cô khẳng định nhóm đang luyện tập thì bất chợt nảy ý định giúp đỡ sau đó nhanh chóng đưa ngựa về câu lạc bộ. Mai Anh cũng lưu ý chưa được huấn luyện làm quen với ngựa thì không nên học theo hành động này. Trước đó từ đêm 16 đến sáng 17 tháng 9, mưa lớn khiến nhiều khu vực Hà Nội ngập sâu, nước dâng 40-50cm tại tuyến phố và lên tới khoảng 1m ở ngoại thành. Tình trạng ngập kéo dài gây khó khăn cho đi lại của xe máy ô tô, ảnh hưởng sinh hoạt với nước tràn vào nhà và mất điện.

Nguồn: Dân Trí - Trang chủ

Hiền Thục Media — bản tin do AI tổng hợp từ báo chí.

#thoisu #tintuc #ainews #hienthucmedia",,,accept,flood_transport_hanoi,1,"flood_state,transport_impact,hanoi_location",0,flood_video_02,ngập úng Hà Nội đi,,,,,,2026-09-25T10:43:46.229114+07:00
facebook,1649230313572492,https://www.facebook.com/photo?fbid=1649230313572492,(20+) Facebook,"Đoạn đường từ Tân Lập ra ngã tư Trôi (Hoài Đức, Hà Nội) hiện đang ngập rất nặng, người dân nên tránh đi vào khu vực này để không bị kẹt xe hay hỏng xe.
Tình hình ngập úng
Vị trí: Đoạn từ khu vực Tân Lập đến ngã tư Trôi (Quốc lộ 32).
Mức độ: Nước dâng cao gây khó khăn lớn cho các phương tiện giao thông.
Nguy cơ: Nhiều xe máy và ô tô có thể bị chết máy, kẹt xe kéo dài.
Lời khuyên cho người tham gia giao thông
Hạn chế di chuyển: Không đi qua đoạn đường này nếu không có việc thực sự cần thiết.
Tìm đường tránh: Chủ động chọn các tuyến đường khác cao ráo hơn để đảm bảo an toàn.
Kiểm tra phương tiện: Nếu bắt buộc phải đi qua vùng ngập, hãy quay đầu hoặc tìm đường khác ngay khi thấy nước ngập sâu qua ống xả xe.",2026-09-17T01:46:01.000Z,2026-09-17T01:46:01+00:00,accept,flood_transport_hanoi,1,"flood_state,transport_impact,hanoi_location",0,comment_reconciliation,,,2,,unverified,1,2026-09-25T10:28:33.563030+07:00
facebook,1672854633729079,https://www.facebook.com/reel/1672854633729079,,"☕️ FLOW HAUS MỄ TRÌ - KHÔNG GIAN KHÔNG NGỦ GIỮA LÒNG HÀ NỘI 🌙

✅ Mở cửa 24/7 - Chạy deadline không lo giờ giấc.
✅ Menu nước, bánh đa dạng, tiếp năng lượng tức thì.
✅ Không gian Indoor mát mẻ, siêu nhiều ổ điện & Outdoor cực chill.

👉 Ghé ngay Flow Haus hôm nay để tận hưởng các chương trình ưu đãi cực hời!

___________________________________
📍Flow Haus - Ideation Space: 99 Mễ Trì, Golden Palace, Hà Nội.
📞 0912989058
 #FlowHaus #ideationspace #letitflow",,,reject,missing_group:flood_state+transport_impact,1,hanoi_location,0,flood_video_11,nước dâng Hà Nội lộ trình,,,,,,2026-09-25T14:19:55.931259+07:00
facebook,1692122251631873,https://www.facebook.com/watch?v=1692122251631873,(20+) Video,"Cận cảnh cam hình trình xe tải rơi trên cầu. Các chuyên gia chẩn đoán hình ảnh online phân tích rất nhiều nguyên nhân. May mắn là xe tải có hàng nên khi rơi xuống sông đầu vểnh lên, nên tài xế biết bơi thoát được. Để ý kỹ có xe máy đi ngược chiều ngay đầu xe tải, chỉ 1 giây nữa là qua cầu mà ko kịp, rơi xuống may là xuống mố cầu, chỉ bị thương nhẹ, sau dân kéo và người ta lôi ra phỏng vấn… Một bác khác đi xe máy rơi xuống nước, cây chuối thứ nhất trôi qua quá nhanh, cố bơi kịp ôm được cây chuối thứ 2, trôi tự nhiên theo dòng nước, kêu cứu được dân đưa xuồng ra vớt vào bờ.
Mình mới đi qua cầu Phong Châu từ Tam Nông qua Lâm Thao và ngược lại một vài tuần trước, mật độ xe cộ không đông như Hà Nội. Nghĩ đến thôi đã rùng mình.
Lúc này nhiều tỉnh thành phía Bắc mưa to, sạt lở, ngập lụt nghiêm trọng đẩy hàng nghìn hộ dân vào cảnh bị cô lập, mất điện, mất sóng điện thoại, tài sản bị nhấn chìm, cuốn trôi.
Yagi tàn phá khiếp thật.",2024-09-09T14:21:35.000Z,2024-09-09T14:21:35+00:00,accept,flood_transport_hanoi,1,"flood_state,transport_impact,hanoi_location",0,flood_video_19,thoát nước không kịp Hà Nội xe điện,,,,,,2026-09-25T15:30:45.593819+07:00
facebook,1696790824728721,https://www.facebook.com/photo?fbid=1696790824728721,,"Thông tắc cống, bồn cầu không đuc phá lh 0985849282-0972354737
Nhận thông tắc cống , chậu rửa, thoát sàn, bồn cầu các loại đường cống ngầm, đường nước sạch... bằng máy móc hiện đại. thau rửa ,vệ sinh bể nước ăn.
- Lắp đặt hệ thống ngăn mùi, xử lý triệt để mùi hôi, nhà vệ sinh
- sửa chữa, lắp đặt ,thiết bị khu wc, đường nước thải sinh hoạt...
- HÚT BỂ PHỐT: hố ga, cống rãnh, hút bùn, các chất thải... bằng xe chuyên dùng
Cơ quan, tập thể, cá nhân có nhu cầu xin liên hệ
THỢ KỸ THUẬT LH 
-0985849282-0972354737
#thongtaccong #thôngtắccống
#hutbephot #hútbểphốt  #thaubể",,,reject,missing_group:flood_state+transport_impact+hanoi_location,1,,0,flood_post_20,hệ thống thoát nước Hà Nội xe buýt,,,,,,2026-09-25T15:34:42.717235+07:00
facebook,1702668104360287,https://www.facebook.com/watch?v=1702668104360287,(20+) Video,"Căn cứ NĐ168/2024/NĐ-CP ngày 26/12/2024 của chính phủ quy định mức phạt tiền và hình thức trừ điểm Giấy phép lái xe (GPLX) đối với lỗi dừng, đỗ xe ô tô sai quy định theo từng nhóm hành vi như sau:
- Dừng xe, đỗ xe không sát lề đường, hè phố phía bên phải theo chiều đi hoặc bánh xe gần nhất cách lề đường, hè phố quá 0,25 m.  
- Dừng xe, đỗ xe trên đường xe điện, đường dành riêng cho xe buýt, trên miệng cống thoát nước, miệng hầm đường điện thoại, điện cao thế, chỗ dành riêng cho xe chữa cháy lấy nước.
- Rời vị trí lái, tắt máy khi dừng xe; đỗ xe không kéo phanh tay hoặc không chèn bánh khi đỗ ở đường dốc. Dừng, đỗ xe ngược chiều lưu thông của làn đường.
- Dừng, đỗ xe ở Nơi có biển báo ""Cấm dừng xe và đỗ xe"" hoặc ""Cấm đỗ xe"". 
- Nơi đường giao nhau, trong phạm vi 05 m tính từ mép đường giao nhau.
- Điểm dừng đón, trả khách của xe buýt.
- Trước cổng hoặc trong phạm vi 05 m hai bên cổng trụ sở cơ quan, tổ chức. 
- Nơi phần đường có bề rộng chỉ đủ cho một làn xe. Che khuất biển báo hiệu đường bộ, đèn tín hiệu giao thông.
- Đỗ xe không sát theo thứ tự, đỗ đè lên vạch người đi bộ qua đường.
Điểm e, khoản 3, điều 6 Sẽ bị Phạt tiền từ 800.000 – 1.000.000 đồng
#tuyentruyen
#conganphuongbode",2026-08-10T03:54:47.000Z,2026-08-10T03:54:47+00:00,reject,missing_group:flood_state+hanoi_location,1,transport_impact,0,comment_reconciliation,,,1,,unverified,1,2026-09-25T15:41:00.503893+07:00
facebook,1717133885664897,https://www.facebook.com/watch?v=1717133885664897,(20+) Video,"Vịnh Hà Lội

Sau 1 đêm mưa tầm tã và cả ngàn đợt sét giáng xuống thì các vùng trũng của Hà Nội chính thức bị cô lập. Trần Duy Hưng - Đại lộ Thăng Long - Khuất Duy Tiến, sân vận động Mỹ Đình thành biển, ô tô thành cá, xếp dài cả đoàn, có chiếc tung tăng bơi lội. 

Dưới đây là danh sách những tuyến giao thông ngập nặng mà các trang đang thông tin ạ.
👉 Đường Nguyễn Trãi trước toà Hoàng Huy ngập sâu; di chuyển khó khăn
👉Đàm Quang Trung qua Aeon mall, Long Biên
👉 Linh Đàm, Keangnam, Nguyễn Chí Thanh, Liễu Giai, Văn Cao, dọc đường Láng Hạ và Thái Hà
👉 Đoạn qua bến xe Mỹ Đình
👉 Đại lộ Thăng Long rẽ ra Khuất Duy Tiến, Nguyễn Xiển
👉 Phố Phan Văn Trường, Cầu Giấy
👉 Bến xe Yên Nghĩa
👉 Ngã tư Xuân Thuỷ - Hồ Tùng Mậu
👉 Nguyễn Cảnh Dị - Định Công
👉Đường Nguyễn Khánh Toàn trước công viên Nghĩa Đô đã ngập
👉Cầu vượt Mai dịch ùn cục bộ cả trên và dưới từ Phạm Văn Đồng về bến xe Mỹ Đình
👉Nút Tố Hữu- Vũ Trọng Khánh ngập sâu, di chuyển khó khăn; đã có lực lượng chức năng;l
👉Nút Quang Trung- Lê Trọng Tấn (Hà Đông) ngập, di chuyển khó khăn
👉 Đường Đào Tấn. Ngã 4 Liêu Giai - Đào Tấn ngập sâu cả 2 chiều sâu. Phương tiện không di chuyển được.
👉 Nút Phạm Tu- Cầu Bươu ngập 50cm; các phương tiên chọn lộ trình khác; các xe gầm thấp và xe mô tô không cố di chuyển
Đội Cảnh sát giao thông số 6 thông tin:
- Vành đai 3 trên cao (đoạn Keangnam đến Cung thiếu nhi) ngập 30cm
- Lê Đức Thọ - Tân Mỹ: ngập 40cm
- Lê Quang Đạo - trước quảng trường SVĐ: ngập 40cm
- Đường gom Đại lộ Thăng Long - trước bảo tàng quân sự: ngập 50cm
- Cả 2 chiều đường Phạm Hùng (đoạn chân cầu vượt Mai Dịch): ngập 40cm
Dự báo còn tiếp tục ngập sâu nếu mưa vẫn kéo dài. Khuyến cáo người dân đổi lộ trình khác, hạn chế tham gia giao thông! Mọi người đi lại hết sức cẩn thận nhé ạ.
Nguồn video: Nhà báo Mai Linh

#HaNoingậplụt
#Nhữngngàymưabão",2025-10-07T01:42:34.000Z,2025-10-07T01:42:34+00:00,accept,flood_transport_hanoi,1,"flood_state,transport_impact,hanoi_location",0,flood_video_16,ngập cục bộ Hà Nội ô tô,,17,,unverified,1,2026-09-25T14:54:47.487800+07:00
facebook,1724765191593267,https://www.facebook.com/watch?v=1724765191593267,(20+) Video,"Mực nước sông Hồng đang lên nhanh. Vào hồi 6 giờ ngày 11/9, mực nước trên sông Hồng tại Hà Nội trên báo động 2. Mực nước sông nhuệ dâng cao, tràn bờ. Một số tuyến đường xảy ra tình trạng ngập sâu, người dân chật vật di chuyển qua từng con phố, xe cộ chết máy hàng loạt. Mực nước lũ trên sông Cầu qua huyện Sóc Sơn và sông Bùi qua các huyện Chương Mỹ, Mỹ Đức (Hà Nội) đã lên mức báo động 3.
#vnews #songhong #lulut #songnhue #songbui #thientai",2024-09-11T08:46:35.000Z,2024-09-11T08:46:35+00:00,accept,flood_transport_hanoi,1,"flood_state,transport_impact,hanoi_location",0,flood_video_12,nước tràn Hà Nội tuyến đường,,,,,,2026-09-25T14:23:39.482688+07:00
facebook,1727728018311164,https://www.facebook.com/watch?v=1727728018311164,(20+) Video,"🌧️ HÀ NỘI MƯA LỚN & NGẬP SÂU: 4 LƯU Ý BỎ TÚI ĐỂ BẢO VỆ ""XẾ YÊU"" MÙA MƯA LŨ!

Sáng nay Hà Nội mưa rất to, nhiều tuyến phố bắt đầu ngập cục bộ. Để hạn chế tối đa rủi ro thủy kích và hỏng hóc cho xe, anh chị lưu ý vài kinh nghiệm thực tế sau nhé:
1️⃣ Đánh giá độ sâu trước khi đi qua: Nếu mực nước ngập quá bán bánh xe (hoặc qua mép dưới cản trước), tốt nhất anh chị nên tìm đường khác hoặc kiên nhẫn chờ nước rút.
2️⃣ Giữ đều ga, đi số thấp: Tắt điều hòa (tránh quạt gió hút nước vào động cơ), giữ tốc độ ổn định ở số thấp (chế độ Manual S1/S2). Tuyệt đối không tăng/giảm ga đột ngột và không dừng lại giữa vùng ngập.
3️⃣ Không cố khởi động lại nếu xe bị chết máy: Nếu không may xe dừng đột ngột trong vùng ngập, TUYỆT ĐỐI KHÔNG ĐỀ LẠI! Hãy rút chìa khóa, gọi cứu hộ ngay để tránh làm vỡ lốc máy (thủy kích).
4️⃣ Bật đèn cảnh báo & giữ khoảng cách: Mưa to làm giảm tầm nhìn nghiêm trọng, hãy bật đèn sương mờ/đèn demi và giữ khoảng cách gấp đôi bình thường với xe phía trước.
Chúc anh chị bình an trên mọi lộ trình sáng nay!
BMW Long Biên
📍 Showroom: Số 1 Ngô Gia Tự, Bồ Đề, Long Biên, Hà Nội
📞 Hotline / Zalo: 0983 556 568 (Tư vấn, Hỗ trợ kỹ thuật & Cứu hộ 24/7)",2026-09-17T01:24:33.000Z,2026-09-17T01:24:33+00:00,accept,flood_transport_hanoi,1,"flood_state,transport_impact,hanoi_location",0,comment_reconciliation,,,5,,unverified,1,2026-09-25T14:49:51.764547+07:00
facebook,1736622620339698,https://www.facebook.com/watch?v=1736622620339698,,"🌊 HÀ NỘI CHÌM TRONG BIỂN NƯỚC – NGÃ TƯ LÁNG HẠ – THÁI HÀ NGẬP QUÁ BỤNG NGƯỜI

Chiều 30/9/2025, cơn mưa lớn kéo dài đã khiến nhiều tuyến phố Hà Nội biến thành sông.

🚨 Tại ngã tư Láng Hạ – Thái Hà, nước ngập sâu quá bụng người trưởng thành, nhiều ô tô chết máy, có nơi nước dâng gần tới nóc xe con. Xe buýt, xe máy, người đi bộ đều chật vật tìm cách thoát khỏi điểm ngập.

Không chỉ khu vực này, nhiều tuyến phố khác ở nội – ngoại thành Hà Nội cũng chìm trong biển nước, hệ thống thoát nước gần như tê liệt, gây ùn tắc nghiêm trọng.

👉 Đây là lời nhắc cảnh báo cho tất cả chúng ta về hạ tầng đô thị, đồng thời cũng là khoảnh khắc khó quên với người dân thủ đô trong trận mưa lịch sử ngày hôm nay.

✍️ Lê Hùng chia sẻ

#HaNoi #NgapLut #LangHa #ThaiHa #MuaBao #HaNoi2025",,,accept,flood_transport_hanoi,1,"flood_state,transport_impact,hanoi_location",0,flood_video_20,hệ thống thoát nước Hà Nội xe buýt,,,,,,2026-09-25T15:39:27.638902+07:00
facebook,1782653212743597,https://www.facebook.com/watch?v=1782653212743597,,"ĐƯỜNG PHỐ HÀ NỘI LẠI NGẬP SAU CƠN MƯA ĐẦU TUẦN
Cơn mưa lớn kéo dài từ đêm đến giờ đi làm sáng đầu tuần 16/9/2024 lại khiến nhiều tuyến phố của Hà Nội ngập úng cục bộ, gây khó khăn cho người và phương tiện tham gia giao thông.
Theo Trung tâm Dự báo Khí tượng Thủy văn Quốc gia, sáng sớm 16/9, một vùng mây đối lưu đã phát triển và gây mưa cho khu vực Ba Vì, Chương Mỹ, Quốc Oai, Đan Phượng, Đông Anh, Hoàng Mai, Mỹ Đức, Mê Linh, Phúc Thọ, Quốc Oai, thị xã Sơn Tây, Thạch Thất, Thanh Trì, Thường Tín. Vùng mây này đang di chuyển và mở rộng sang khu vực nội thành thành phố Hà Nội gây mưa dông mạnh, khả năng kèm lốc, sét và gió giật mạnh; ngập lụt vùng trũng khu vực đô thị. Cảnh báo độ rủi ro thiên tai do lốc, sét, mưa đá cấp 1.
*NGUỒN: https://www.vietnamplus.vn/mua-lon-dau-tuan-duong-pho-ha-noi-lai-ngap-post976972.vnp 
*https://www.vietnamplus.vn/khu-vuc-bac-bo-va-thu-do-ha-noi-co-mua-dong-nguy-co-ngap-lut-do-thi-post976964.vnp",,,accept,flood_transport_hanoi,1,"flood_state,transport_impact,hanoi_location",0,flood_video_08,mưa lớn gây ngập Hà Nội người tham gia giao thông,,,,,,2026-09-25T11:39:06.925537+07:00
facebook,1792316631909980,https://www.facebook.com/photo?fbid=1792316631909980,,"Bán nhanh xe Transit limousine 10 chỗ xs 2019 328tr
( hỗ trợ sang xe 9 ,16 chỗ nếu có nhu cầu, hoặc đổi các dòng xe nhỏ)

máy dầu 2.4.  8 lít /100km, xe không chạy tuyến chỉ chạy du lịch , xe vừa đăng kiểm đạt mức 5, anh em chở gia đình hoặc khởi nghiệp quá ok

Xe còn rất đẹp, chạy 20 vạn km, máy zin, các cánh+ kính zin, không đâm đụng không ngập nước, gầm không mục mọt

Xem xe tại Ngọc hồi thanh trì HN

 đt hoặc zalo 0834531972",,,reject,missing_group:transport_impact,1,"flood_state,hanoi_location",0,flood_post_17,ngập sâu Hà Nội xe con,,,,,,2026-09-25T14:58:54.358505+07:00
facebook,1815501058755324,https://www.facebook.com/watch?v=1815501058755324,,"HÀ NỘI: XE BUS NGẬP CHÌM TRONG BIỂN NƯỚC

Lần đầu tiên thấy trong xe bus có cả bể bơi mini như này. Bác tài được dịp thể hiện khả năng lái tàu của mình.

Video: Dương Vân Anh
#hong #bien",,,accept,flood_transport_hanoi,1,"flood_state,transport_impact,hanoi_location",0,flood_video_21,ngập nước Ha Noi xe bus,,,,,,2026-09-25T15:48:21.846741+07:00
facebook,1821351999222102,https://www.facebook.com/reel/1821351999222102,,"🔥 TẠM BIỆT ""CUỘC CHIẾN"" ĐƯA CON ĐI HỌC TIẾNG ANH MỖI NGÀY!

Con khóc nhè? Con sợ lớp học khô khan?

Hãy để FED English Center biến giờ học tiếng Anh thành khoảng thời gian con mong đợi nhất trong ngày!

At FED English Center, con không chỉ học kiến thức mà còn được truyền cảm hứng và niềm hạnh phúc khi khám phá một ngôn ngữ mới:

🎈 Phương pháp Play-based Learning: Học từ vựng & phản xạ qua trò chơi vận động sinh động.
🗣️ Đội ngũ 100% Giáo viên Nước ngoài chất lượng: Thầy cô bản ngữ có bằng cấp giảng dạy quốc tế, giúp con tự tin nói chuẩn bản ngữ mà không còn ngại ngùng.
📚 Giáo trình chuẩn quốc tế: New Amanda and Friends (Mầm non) & Hang Out! (Tiểu học) bám sát khung CEFR và Bộ GD&ĐT.

ĐẶC QUYỀN ""BACK TO SCHOOL"" – TIẾT KIỆM CHO MẸ, VUI CHO BÉ:
⚡ Ưu đãi học phí lên đến 45% trong suốt tháng.
⚡ TẶNG THÊM Voucher 1.000.000đ khi mẹ đăng ký trước 15/08.

Và nhiều phần quà COMBO QUÀ TẶNG TỰA TRƯỜNG hấp dẫn:
🎒 01 Ba lô đi học xịn xò
📚 Bộ giáo trình chuẩn quốc tế & Tài khoản App học tại nhà
🧠 Phiếu trải nghiệm Toán tư duy kích thích sáng tạo

👉 INBOX NGAY để đăng ký suất học thử cho con ba mẹ nhé!
-------------------------------------------------------------
FED – HAPPY ENGLISH, HAPPY KIDS
Địa chỉ: FED English NV1-3-01 khu Gelexia - Geleximco, Hoàng Mai, Hà Nội
Hotline: 0968516665 - 0363690412",,,reject,missing_group:flood_state,1,"transport_impact,hanoi_location",0,flood_video_11,nước dâng Hà Nội lộ trình,,,,,,2026-09-25T14:17:48.159410+07:00
facebook,1822259478787716,https://www.facebook.com/watch?v=1822259478787716,(20+) Video,Nam sinh viên nghi bị nước cuốn mất tích khi đi qua đường ngập sâu ở Hà Nội #duchiencreator #tintuc,2026-09-17T17:36:39.000Z,2026-09-17T17:36:39+00:00,accept,flood_transport_hanoi,1,"flood_state,transport_impact,hanoi_location",0,comment_reconciliation,,,168,,unverified,1,2026-09-25T14:33:55.309615+07:00
facebook,1840526973604758,https://www.facebook.com/photo?fbid=1840526973604758,(20+) Facebook,"HÀ NỘI PHỐ THÀNH SÔNG
Hà Nội hôm nay nước bềnh bồng,

Phố dài hun hút tựa dòng sông.

Ngã tư chìm khuất trong mưa trắng,

Đèn điện chao nghiêng giữa mênh mông.

Nước cuộn tràn qua từng phố nhỏ,

Xe nằm bất động giữa dòng trong.

Người đứng nép mình bên cửa phố,

Lạc lối đi về giữa mênh mông

Bánh xe chìm giữa làn nước đục,

Dòng người nhỏ bé giữa mưa giông.

Đèn xe loang loáng trên mặt nước,

Phố vắng bơ vơ lạnh cõi lòng.

Những tuyến đường quen nay hóa biển,

Cửa nhà thấp thoáng giữa mênh mông.

Tiếng máy tắt dần trong phố ngập,

Người xe mắc kẹt giữa dòng sông.

Mong sớm trời quang tan nước dữ,

Cho đường khô ráo, phố hồi sinh.

Cho những bước chân được thong thả

Hà Nội bây giờ Phố như sông.

                   Cao Nghiêm",2026-09-17T06:10:19.000Z,2026-09-17T06:10:19+00:00,accept,flood_transport_hanoi,1,"flood_state,transport_impact,hanoi_location",0,comment_reconciliation,,,14,,unverified,1,2026-09-25T11:29:54.367179+07:00
facebook,1874347443939169,https://www.facebook.com/watch?v=1874347443939169,(20+) Video,"📌MỖI NGÀY MỘT KỸ NĂNG PCTT | 12H ⏰

🔴NGẬP LỤT – NGUYÊN TẮC PHÒNG TRÁNH

📍 Diễn biến 24h qua: Đêm qua và sáng nay (23/8), khu vực Đông Bắc Bộ và Thanh Hóa có mưa vừa, mưa to và dông, cục bộ có nơi mưa rất to. Lượng mưa tính từ 19 giờ ngày 22/8 đến 08 giờ ngày 23/8 có nơi trên 200mm như các trạm: Hạ Lang (Cao Bằng) 216.2mm, Lòng Dinh (Quảng Ninh) 242.6mm,…

📍 Dự báo: Từ ngày 23/8 đến hết ngày 24/8, khu vực Đông Bắc Bộ, phía Nam tỉnh Phú Thọ và Thanh Hóa có mưa vừa, mưa to và dông với lượng mưa phổ biến từ 50-100mm, cục bộ có nơi mưa rất to trên 200mm; riêng khu vực Lạng Sơn, Bắc Ninh, Quảng Ninh, Tp. Hải Phòng, Hưng Yên, Ninh Bình có mưa to đến rất to với lượng mưa phổ biến 90-180mm, cục bộ có nơi trên 300mm. 

📍 Cảnh báo nguy cơ mưa có cường độ lớn (>120mm/3h).

📍 Ngoài ra, ngày và đêm 23/8, khu vực Tây Bắc Bộ, Nghệ An có mưa rào và dông rải rác với lượng mưa 15-30mm, cục bộ có nơi mưa to trên 80mm.

⚠️ Trong mưa dông có khả năng xảy ra lốc, sét và gió giật mạnh.

📍 Cảnh báo: Từ đêm 24/8, mưa lớn trên khu vực Đông Bắc Bộ, phía Nam tỉnh Phú Thọ và Thanh Hóa có xu hướng giảm dần.

🔴 Cảnh báo cấp độ rủi ro thiên tai do mưa lớn, lốc, sét, mưa đá: cấp 1, riêng khu vực Quảng Ninh, Tp. Hải Phòng, Lạng Sơn, Bắc Ninh cấp 2.

📍 Tác động tiềm ẩn:

⚠️ Mưa lớn có khả năng gây ra:

• Ngập úng tại vùng trũng, thấp, khu đô thị, khu công nghiệp

• Lũ quét trên sông, suối nhỏ

• Sạt lở đất trên sườn dốc

✅ NGUYÊN TẮC PHÒNG TRÁNH NGẬP LỤT

- Theo dõi thường xuyên dự báo, cảnh báo mưa lớn, ngập lụt từ nguồn thông tin chính thống.
- Sẵn sàng vật tư, nhân lực tham gia ứng phó ngập lụt tại khu chung cư.
- Chủ động sơ tán khỏi khu vực nguy hiểm ngập sâu; ưu tiên trẻ em, người già, người khuyết tật.
- Ngắt toàn bộ thiết bị điện, cầu dao, khóa van gas trước khi ngập sâu; đề phòng điện giật khi lội nước.
- Kê cao tài sản, bảo quản giấy tờ quan trọng, tài sản; di chuyển xe cộ đến chỗ cao ráo hoặc có biện pháp chống ngập.
- Lưu các số điện thoại cần thiết để sử dụng trong trường hợp khẩn cấp.
- Kiểm tra khơi thông cống, rãnh, loại bỏ vật cản thoát nước mưa, thông báo cho cơ quan chức năng điểm ngập.
- Không ra ngoài khi có ngập sâu, nước dâng cao, trường hợp cần thiết phải mặc áo phao, dùng vật nổi, gậy dò đường, di chuyển bằng thuyền, cano...
- Chuẩn bị nước uống, thực phẩm, thuốc men, vật dụng thiết yếu, đèn pin, sạc dự phòng, bảo vệ nguồn nước sạch.
- Không bơi lội, vui chơi, tránh trú, đi qua hầm giao thông, cầu, cống, đường, khu vực ngập sâu, nơi nước chảy xiết.
- Gia cố nhà, dùng các biện pháp chống ngập (bao tải cát, bạt chống nước...)

👉Hãy cùng theo dõi và chia sẻ để thông tin hữu ích được lan tỏa, góp phần bảo đảm an toàn trước thiên tai và thời tiết cực đoan. 

👉Biết sớm – Hành động sớm – An toàn hơn trước thiên tai.

#phongchongthientai 
#kynangphongchongthientai 
#moingaymotkynangpctt 
#thongtinphongchongthientai 
#songantoantruocthientai 
🎥Ngập lụt tại Tràng Định, Lạng Sơn sáng 23/08/2026 (Video: Lương Thị Hiền)",2026-08-23T05:00:23.000Z,2026-08-23T05:00:23+00:00,reject,missing_group:hanoi_location,1,"flood_state,transport_impact",1,comment_reconciliation,,,5,,unverified,1,2026-09-25T11:44:08.676120+07:00
facebook,1894114744816714,https://www.facebook.com/watch?v=1894114744816714,,"🌧 💧 Hà Nội: Thời tiết nồm ẩm tiếp diễn

Do tiếp tục chịu ảnh hưởng của không khí lạnh tăng cường có cường độ yếu lệch đông, hôm nay, khu vực Hà Nội vẫn là một ngày ấm và ẩm với mưa rào rải rác. Nhiệt độ cao nhất buổi trưa chiều là 26-28 độ. Chiều tối và đêm, Thành phố tiếp tục có mưa, mưa rào, nguy cơ đi kèm các hiện tượng thời tiết cực đoan. Nhiệt độ từ 23-24 độ. Sang ngày mai, không khí lạnh suy yếu, Thành phố nhiều mây, không mưa, gió Đông Bắc cấp 2. Nhiệt độ dao động 21-28 độ.
Dự báo thời tiết tại Thủ đô trong tuần sau sẽ có sự thay đổi, trạng thái nồm ẩm chỉ duy trì đến hết ngày thứ Ba 11/11. Từ thứ Tư ngày 12 không khí lạnh tăng cường, cộng thêm trường gió bắc đến tây bắc trên cao nên miền Bắc chuyển sang trạng thái quang mây, có nắng hanh. Thời tiết Hà Nội theo đó ít mây, không mưa, gió Đông Bắc cấp 2-3. Trời rét về đêm và sáng với nền nhiệt thấp nhất 17-18 độ.
#dubaothoitiet #thoitiet #thoitiethomnay #hanoionline #daihanoi",,,reject,missing_group:flood_state,1,"transport_impact,hanoi_location",0,flood_video_10,mưa cực đoan Hà Nội chuyến đi,,,,,,2026-09-25T11:54:58.458058+07:00
facebook,1905180597112910,https://www.facebook.com/reel/1905180597112910,,"🔥 MIỀN BẮC 6N5Đ – MỘT CHUYẾN ĐI, GOM TRỌN 4 “CỰC PHẨM” MÙA THU.

Đi Sapa thôi chưa đủ! Hành trình này đưa bạn từ núi cao xuống miền di sản, rồi chạm biển trời Hạ Long trong 6 ngày 5 đêm.

🏔️ SAPA – Cát Cát, săn mây Fansipan – nóc nhà Đông Dương
🚣 NINH BÌNH – ngồi thuyền khám phá Tràng An, dạo Phố cổ Hoa Lư về đêm
🌊 HẠ LONG – du thuyền giữa kỳ quan, khám phá Động Thiên Cung, Hòn Đỉnh Hương, Gà Chọi…
🏙️ HÀ NỘI – cảm nhận nét đẹp đặc trưng của mùa thu miền Bắc

✨ TOUR TRỌN GÓI đã bao gồm vé máy bay khứ hồi TP.HCM – Vân Đồn, khách sạn 3 sao, xe du lịch, ăn uống, vé tham quan, HDV & bảo hiểm.

💥 6N5Đ CHỈ TỪ 8.799.000Đ/KHÁCH
📅 Khởi hành Thứ 6 & Chủ nhật hằng tuần

🍁 Một hành trình có đủ núi – mây – sông – biển – di sản, quá hợp để rủ ba mẹ, người thương hay hội bạn cùng vi vu mùa thu này!

👇 Comment hoặc inbox Du Lịch Việt ngay – nhận lịch khởi hành + giá tour và giữ chỗ đẹp trước khi kín đoàn!
============================
CÔNG TY CỔ PHẦN TRUYỀN THÔNG DU LỊCH VIỆT – VIET MEDIA TRAVEL
🏢 Trụ sở: 217 Bis Nguyễn Thị Minh Khai, Phường Cầu Ông Lãnh, Quận 1, Thành phố Hồ Chí Minh
🏫 Chi nhánh Hà Nội: Tầng 3, 243 Xã Đàn, Quận Đống Đa, Hà Nội
📞 Tổng đài: (028) 7305 6789 – Hotline: 1900 1177
💬 Zalo: https://zalo.me/2849615761982580160
🌐 Website: https://dulichviet.com.vn
#DuLichViet #Vietmediatravel #dulich",,,reject,missing_group:flood_state,1,"transport_impact,hanoi_location",1,flood_video_10,mưa cực đoan Hà Nội chuyến đi,,,,,,2026-09-25T11:54:23.022772+07:00
facebook,1921700764996178,https://www.facebook.com/watch?v=1921700764996178,(20+) Video,"Cảm giác h giống hệt năm 2008. Lần đầu bước chân ra Hà Nội. Được tầm 1 tháng thì diễn ra trận lụt lịch sử. Nhà ko còn gì ăn, vừa đói vừa bi quan. Cố gắng nhét vài bộ quần áo vào balo, đi xe bus đến đầu Trường Chinh sau đó lội nước ngập bụng ra bến xe Giáp Bát lên xe về Ninh Bình....16 năm đã qua vẫn như mới vừa diễn ra. Cầu mong cho bão sớm qua, bình yên quay lại!",2024-09-07T12:36:15.000Z,2024-09-07T12:36:15+00:00,accept,flood_transport_hanoi,1,"flood_state,transport_impact,hanoi_location",0,flood_video_21,ngập nước Ha Noi xe bus,,,,,,2026-09-25T15:47:43.912623+07:00
facebook,1923827252335791,https://www.facebook.com/photo?fbid=1923827252335791,(20+) Facebook,"# 🔥 **ECOBA M&E TUYỂN DỤNG NHÂN SỰ DỰ ÁN PARK CITY LÊ TRỌNG TẤN HÀ ĐÔNG HÀ NỘI** 🔥

**💪CÁC VỊ TRÍ ĐANG TUYỂN DỤNG:**

1. Kỹ sư HVAC

2. Kỹ sư Cấp Thoát Nước / Chữa cháy

3. Trưởng tháp

4. Chỉ Huy Trưởng MEP 

💰**QUYỀN LỢI & PHÚC LỢI HẤP DẪN:**  

**Thu nhập cạnh tranh:** Thu nhập tối thiểu 15 tháng lương năm.  

**Lộ trình thăng tiến:** Rõ ràng, minh bạch cho nhân sự có năng lực. **Môi trường làm việc:** Chuyên nghiệp, năng động, cơ hội kiến tạo những dự án lớn.

😍**CÁCH THỨC ỨNG TUYỂN:** 

📩 Gửi CV về email: **tuyendung.mep@ecobame.com** 

📞 SĐT/Zalo: **086 992 7895**",2026-09-08T07:11:49.000Z,2026-09-08T07:11:49+00:00,reject,missing_group:flood_state,1,"transport_impact,hanoi_location",0,flood_post_11,nước dâng Hà Nội lộ trình,,,,,,2026-09-25T14:15:46.099662+07:00
facebook,1933823304014395,https://www.facebook.com/reel/1933823304014395,,,,,reject,missing_group:flood_state+transport_impact+hanoi_location,0,,0,flood_video_11,nước dâng Hà Nội lộ trình,,,,,,2026-09-25T14:18:27.447062+07:00
facebook,1956935465003352,https://www.facebook.com/watch?v=1956935465003352,(20+) Video,"⚠️ CẬP NHẬT TÌNH HÌNH SÁNG NAY

🌧️ Do mưa lớn kéo dài từ đêm qua đến sáng nay, khu vực An Khánh – Tây Mỗ, Hà Nội đang xuất hiện tình trạng dềnh nước tại một số khu vực.

🚗 Người dân di chuyển qua khu vực sáng nay lưu ý giảm tốc độ, quan sát kỹ và chủ động lựa chọn lộ trình phù hợp.

📍 An Khánh – Tây Mỗ – Hà Nội
⏰ Cập nhật sáng nay

👉 Ai đang ở khu vực An Khánh, Tây Mỗ có tình hình thực tế mới nhất, cùng cập nhật để mọi người chủ động di chuyển nhé!

#AnKhanh #TayMo #AnKhanhHaNoi #TayMoHaNoi #NamTuLiem #HaNoi #HaNoiHomNay #MuaLon #MuaTo #MuaLonHaNoi #MuaSangNay #MuaNgap #NuocDang #DeNhNuoc #MucNuoc #NgapNuoc #Ngap #CanhBaoNgap #CanhBao #GiaoThongHaNoi #TinhHinhGiaoThong #DuongPhoHaNoi #DiChuyenAnToan #LuuYDiChuyen #CapNhatHaNoi #TinTucHaNoi #TinNhanhHaNoi #ThongTinHaNoi #ThoiTietHaNoi #MuaLonCanhBao #HaNoiMuaLon #HaNoiNgap #CongDongHaNoi #NguoiHaNoi #CuDanTayMo #CuDanAnKhanh #PhiaTayHaNoi #BatDongSanPhiaTay #VinhomesSmartCity #VinhomesTayMo #Vinhomes #SmartCity #CapNhatThoiTiet #TinMoi #CapNhatMoiNhat #ThongBao #ThongTinCongDong #AnToanLaTrenHet",2026-09-16T23:54:14.000Z,2026-09-16T23:54:14+00:00,reject,missing_group:flood_state,1,"transport_impact,hanoi_location",0,flood_video_11,nước dâng Hà Nội lộ trình,,,,,,2026-09-25T14:19:23.788968+07:00
facebook,1976311006525764,https://www.facebook.com/watch?v=1976311006525764,(20+) Video,"Nhiều tuyến phố Hà Nội ngập sâu gây khó khăn cho người dân tham gia giao thông

#hanoi    #ngaplut    #ngapluthanoi",2025-09-30T12:02:20.000Z,2025-09-30T12:02:20+00:00,accept,flood_transport_hanoi,1,"flood_state,transport_impact,hanoi_location",0,comment_reconciliation,,,0,,unverified,1,2026-09-25T11:22:53.648454+07:00
facebook,1996562727758030,https://www.facebook.com/watch?v=1996562727758030,(20+) Video,"HÀNH ĐỘNG ĐẸP NHẬN 'MƯA LỜI KHEN' CỦA BỘ ĐỘI GIỮA CON PHỐ NGẬP SÂU Ở HÀ NỘI

Anh Bùi Lừng Danh (trú phường Từ Liêm), người trực tiếp quay video, kể lại: Khoảng 7h20 sáng nay, trên đường từ làng Tân Mỹ ra phố Đỗ Xuân Hợp, anh nhìn thấy chiếc xe 7 chỗ bị chết máy, tài xế phải dừng lại vì đoạn đường ngập nặng trước cổng Bệnh viện Thể thao Việt Nam.

Theo anh Danh, trong lúc tài xế loay hoay, khoảng 10 chiến sĩ bộ đội đi ngang qua đã chủ động hỗ trợ, hợp sức đẩy chiếc xe ra khỏi chỗ ngập sâu để chờ cứu hộ đến.

Theo Vietnamnet 

#TintứcViệtNam #Thờisự #Bãosố5 #Kajiki #PH",2025-08-26T05:50:09.000Z,2025-08-26T05:50:09+00:00,accept,flood_transport_hanoi,1,"flood_state,transport_impact,hanoi_location",0,comment_reconciliation,,,1,,unverified,1,2026-09-25T15:04:13.427002+07:00
facebook,2018070238796094,https://www.facebook.com/reel/2018070238796094,,"✨MÁY ĐÓNG GÓI LẠC MẪU MỚI HIỆN ĐẠI

💯Máy đóng gói lạc mẫu mới hiện đại của Đức Phát có khả năng đóng gói túi bụng sẽ là lựa chọn hoàn hảo cho các doanh nghiệp sản xuất. 

⚡Tốc độ đóng gói thông thường của máy là 30 túi/phút, phù hợp với công suất của các xưởng sản xuất Việt Nam hiện nay.

📞Đức Phát miễn phí tư vấn và khảo sát trực tiếp tại nhà xưởng. Doanh nghiệp có nhu cầu mua máy đóng gói lạc, hãy liên hệ ngay Đức Phát để được tư vấn!

♻️Đức Phát là đơn vị chuyên cung cấp giải pháp công nghệ và các dòng máy đóng gói, dây chuyền sản xuất trong ngành thực phẩm, dược phẩm, mỹ phẩm, nông sản, phụ kiện công nghiệp:
✅Chuyên đóng gói các nguyên liệu dạng bột, dịch, hạt, bánh kẹo, trà, cà phê, đồ dùng dụng cụ,...
✅Hỗ trợ tư vấn khách hàng vị trí lắp đặt, cơ cấu máy, công nghệ đóng gói thích hợp nhất.
✅Hướng dẫn khách hàng chạy máy trực tiếp, hỗ trợ vận chuyển máy móc trên toàn quốc. 
✅Chính sách bảo hành lên tới 13 tháng. Chăm sóc khách hàng, hậu mãi tận tâm.
-------------------------------------
CÔNG TY TNHH THƯƠNG MẠI DỊCH VỤ & KỸ THUẬT ĐỨC PHÁT
Hotline: 0919476666
Xem thêm máy đóng gói: https://ducphatvn.vn/may-dong-goi/
Showroom HN: 126D-Đ Tam Trinh, Hoàng Mai, Hà Nội
Showroom HCM: 26 đường số 3, Bình Hưng Hòa, Hồ Chí Minh",,,reject,missing_group:flood_state+transport_impact,1,hanoi_location,1,flood_video_09,mưa kéo dài Hà Nội hành trình,,,,,,2026-09-25T11:51:37.699444+07:00
facebook,2024637018924774,https://www.facebook.com/reel/2024637018924774,,"🌾 MÙ CANG CHẢI MÙA VÀNG – CHỈ ĐẸP NHẤT MỘT LẦN TRONG NĂM! 💛

Đừng chỉ ngắm Mù Cang Chải qua những bức ảnh! Hãy một lần đặt chân đến vùng đất của ruộng bậc thang vàng óng, những cung đèo hùng vĩ và bản làng bình yên giữa núi rừng Tây Bắc. 🌿✨

🌾 MÙ CANG CHẢI 2N1Đ

💰 Chỉ từ: 1.850.000đ/khách
📍 Check-in Đèo Khau Phạ – Tứ đại đỉnh đèo Việt Nam.
📍 Khám phá Đồi Mâm Xôi, Đồi Móng Ngựa, La Pán Tẩn, Chế Cu Nha – những điểm ngắm ruộng bậc thang đẹp nhất Mù Cang Chải.
🍃 Thưởng thức đặc sản cốm Tú Lệ, xôi nếp nương, gà đen, cá suối.

♨️ MÙ CANG CHẢI – NGỌC CHIẾN 3N2Đ

💰 Chỉ từ: 2.750.000đ/khách
📍 Check-in Đồi Mâm Xôi, Đồi Móng Ngựa, Rừng trúc Mù Cang Chải.
📍 Khám phá bản Ngọc Chiến, rừng sa mộc cổ thụ và những nếp nhà truyền thống của người Thái.
♨️ Trải nghiệm tắm khoáng nóng Ngọc Chiến giữa núi rừng Tây Bắc.

🏔️ MÙ CANG CHẢI – TRẠM TẤU 3N2Đ

💰 Chỉ từ: 2.750.000đ/khách
📍 Chinh phục Đèo Khau Phạ, Đồi Mâm Xôi, Đồi Móng Ngựa, Chế Cu Nha.
📍 Thư giãn tại suối khoáng nóng Trạm Tấu, check-in đồi chè Thanh Sơn và khám phá vẻ đẹp yên bình của núi rừng Tây Bắc.
🌄 Săn mây, ngắm bình minh và tận hưởng không khí trong lành giữa thiên nhiên.

✨ VÌ SAO NÊN ĐI MÙ CANG CHẢI?
🌾 Mùa lúa chín đẹp nhất Việt Nam.
📸 Hàng loạt điểm check-in ""triệu view"".
🍲 Thưởng thức đặc sản Tây Bắc.
🏡 Khám phá văn hóa người Mông, người Thái.
🚐 Tour trọn gói – Khởi hành hàng tuần.

⚠️ Mùa vàng chỉ kéo dài khoảng 1 tháng, tour cuối tuần thường kín chỗ rất sớm!

📩 Inbox ngay để nhận lịch khởi hành và ưu đãi mới nhất từ Đại Nam Travel!
💯 Cam kết giá tốt – lịch trình chất lượng – phục vụ tận tâm.
📞 Liên hệ ngay: 0916291336 (Mr. Minh Hiếu)
🇻🇳 ĐẠI NAM TRAVEL – Let us satisfy your standards 🇻🇳
⭐ Văn phòng HCM: 19 Hoàng Diệu, P. Xóm Chiếu, Q.4, TP.HCM
⭐ Văn phòng HN: 128 Trung Kính, P. Yên Hòa, Cầu Giấy, Hà Nội.",,,reject,missing_group:flood_state,1,"transport_impact,hanoi_location",1,flood_video_09,mưa kéo dài Hà Nội hành trình,,,,,,2026-09-25T11:51:03.062439+07:00
facebook,2055531059170852,https://www.facebook.com/watch?v=2055531059170852,(20+) Video,"Thảm hoạ xảy ra cách thủ đô Nepal 100km, trong lúc trời quang mây tạnh, không nắng mưa gió bão. Từ lúc 8:37 phút sáng. Chỉ mất đúng 3 phút khối băng khổng lồ đổ ập xuống từ trên cao, cơn lũ được hình thành, nhấn chìm các làng mạc dưới thung lũng, cuốn phăng tất cả, mô hình xoá sổ không dấu vết.

Không có hồ băng nào bị vỡ. Mà từ độ cao 5.600 mét, một khối đá và băng vĩnh cửu khổng lồ đã bất ngờ đứt gãy. Theo họ, cú rơi ấy sinh nhiệt lượng cực lớn, làm tan chảy hàng triệu tấn tuyết chỉ trong vài giây. Một cơn sóng thần cạn bằng bùn, đá và nước lao đi với vận tốc kinh hoàng, nuốt chửng vùng hạ lưu.

Cuối cùng họ thống nhất kết luận nguyên nhân: “Biến đổi khí hậu.”
-------

Video 3 phút này về lũ lụt ở Nepal ghi lại những gì đã trở thành 3 phút cuối cùng đối với nhiều người trong một thành phố nhỏ và chợ Trishuli Bazar.

Mọi thứ biến mất trong chớp mắt. Những người dân, già trẻ lớn bé, chạy trốn bất cứ đâu họ có thể, cố gắng thoát khỏi cái chết giận dữ và đang cận kề.

Các em học sinh chạy tán loạn, một số vẫn còn kẹt trong xe buýt, một số chạy trên đường phố, khi nỗi hoảng loạn lan rộng khắp khu chợ. Những người bán hàng và cư dân hầu như không có thời gian để cứu vãn bất cứ thứ gì. Nhà cửa, cửa hàng và xe cộ bị cuốn trôi, để lại bùn lầy, những công trình đổ nát và đồ đạc vương vãi khắp nơi, mọi thứ trôi nổi như một chiếc thuyền giấy.

Đối với nhiều người, mọi thứ họ đã xây dựng và sở hữu đã biến mất chỉ trong nháy mắt. Mọi người chạy để giành giật sự sống, trong khi cố gắng ngoái nhìn lại, bất lực chứng kiến khu chợ nhộn nhịp bị chôn vùi hoàn toàn.

RIP 🙏",2026-08-28T12:17:57.000Z,2026-08-28T12:17:57+00:00,accept,flood_transport_hanoi,1,"flood_state,transport_impact,hanoi_location",0,comment_reconciliation,,,51,,unverified,1,2026-09-25T16:16:29.510763+07:00
facebook,2089192871903856,https://www.facebook.com/watch?v=2089192871903856,(20+) Video,"Hà Nội ngập lụt sau trận mưa kỷ lục, người dân vất vả di chuyển!
Nguồn tham khảo: Kenh14

#can #hanoi #thoitiet #mualon #tintuc #tinnong",2026-09-15T10:50:20.000Z,2026-09-15T10:50:20+00:00,accept,flood_transport_hanoi,1,"flood_state,transport_impact,hanoi_location",0,comment_reconciliation,,,17,,unverified,1,2026-09-25T11:04:53.106942+07:00
facebook,2094527700628491,https://www.facebook.com/duhochanquocnangdong/videos/2094527700628491,(20+) Facebook,"💊💉DU HỌC Y, NHA, DƯỢC TẠI CHÂU ÂU BẰNG TIẾNG ANH VỚI CHI PHÍ THẤP HƠN CÁC NƯỚC ÂU MỸ

🧪🧸 Được học tại 2 trường Đại học y số 1 và số 2 của Nga, nằm trong Top 30 trường đại học Y tốt nhất thế giới.
🧸🧸 Chương trình học 100% bằng tiếng Anh
💊💉 Học phí chỉ từ 8000 USD/năm, tiết kiệm hơn nhiều so với chương trình y khoa có chất lượng tương đương tại Úc (50,000 USD/năm) và Mỹ (60,000 USD/năm)
💊💊 Bằng cấp được công nhận QUỐC TẾ
💉💉 Được thực tập và làm việc tại các bệnh viện lớn của Nga và Việt Nam
🧪🧪 Những bác sĩ của Việt Nam được đào tạo tại Y1, Y2: bác sĩ Nguyễn Vĩnh Ngọc, bác sĩ Ninh Thị Ứng, bác sĩ Nguyễn Thị Vân,…hiện đều là phó giáo sư, tiến sĩ tại các bệnh viên lớn: Bạch Mai, Vinmec, Y dược Hồ Chí Minh,…

-------
🔔ĐỐI TƯỢNG XÉT TUYỂN KỲ NHẬP HỌC THÁNG 09/2019:
Học sinh đang học lớp 12, có học lực lớp 10, 11 và học kỳ 1 lớp 12 trên 8.0 (trong đó 3 môn Toán, Hóa, Sinh đều phải trên 8.0)
Sinh viên đang theo học tại các trường Đại học / Cao đẳng Y trên cả nước

-------
🔔TUYỂN SINH TRỰC TIẾP CHƯƠNG TRÌNH DU HỌC Y BẰNG TIẾNG ANH TẠI NGA 
SỰ KIỆN DUY NHẤT TẠI ĐÀ NẴNG:
- Tư vấn trực tiếp cách thức chuẩn bị và nộp hồ sơ ứng tuyển Đại học Y1, Y2,
- Cơ hội 20 SUẤT MIỄN THI đầu vào đối với các bạn ứng viên có lực học 3 môn Toán, Hoá, Sinh >8,0 đợt nhập học 10/2019,
- Tìm hiểu chương trình học các ngành: Y đa khoa, Nhi khoa, Nha khoa, Dược, Y tế công cộng, Y tá, Tâm lý học,…,
- Tìm hiểu cơ hội việc làm và định cư sau khi tốt nghiệp ra trường

-------
🔔Thời gian và địa điểm:
14:00 – 16:00 ngày 31.03.2019
Địa chỉ: 31 Trần Phú, Hải Châu 1, Hải Châu, Đà Nẵng  
-------
Để tư vấn chi tiết nên số lượng tham gia có hạn, chỉ 25 bạn
➡️ Link đăng ký: https://goo.gl/forms/yZCrR0eo7ezQmCvS2 
hoặc liên hệ: 
Tổ chức giải pháp giáo dục Flat World 
Số 31 ngõ 32 đường Bưởi, Ba Đình, Hà Nội
➡️ Hotline: 02466577771 / 0966190708 (thầy Giao) 
Website: duhocynga.edu.vn",2019-03-19T07:28:58.000Z,2019-03-19T07:28:58+00:00,reject,missing_group:flood_state+transport_impact,1,hanoi_location,1,flood_video_12,nước tràn Hà Nội tuyến đường,,,,,,2026-09-25T14:23:32.679248+07:00
facebook,2114269562461355,https://www.facebook.com/reel/2114269562461355,,"🍂 CHẠM VÀO SẮC THU TRUNG Á
Hành trình Kazakhstan – Kyrgyzstan 10N9Đ
✈️ Khởi hành: Tháng 9 & 10

Khi mùa thu đến, Kazakhstan và Kyrgyzstan khoác lên mình những gam màu đẹp đến nao lòng. Những dãy núi hùng vĩ, hồ nước xanh trong, thảo nguyên trải dài và những cung đường phủ sắc vàng tạo nên một Trung Á vừa hoang sơ, thanh bình, vừa đầy sức hút.

🍁 KAZAKHSTAN – nơi thiên nhiên mở ra những khung cảnh rộng lớn: từ núi non, hồ nước đến những miền thảo nguyên khoáng đạt.

🏔️ KYRGYZSTAN – vùng đất của những hồ nước giữa núi cao, những thung lũng mùa thu và dấu ấn văn hóa du mục vẫn hiện diện trong đời sống hôm nay.

✨ 10 ngày 9 đêm để chậm lại giữa thiên nhiên, khám phá văn hóa bản địa và lưu giữ những khoảnh khắc đẹp nhất của mùa thu Trung Á. Và bởi mùa thu đẹp nhất chỉ kéo dài trong một khoảng thời gian ngắn, tháng 9 & 10 là thời điểm lý tưởng để bắt đầu hành trình.
———
☺️ Nếu bạn đang chờ một thời điểm thật đẹp để khám phá Trung Á, hãy để mùa thu này trở thành lời hẹn với Kazakhstan và Kyrgyzstan.
📩 Liên hệ HaloBay Travel ngay hôm nay để nhận chương trình chi tiết và tư vấn hành trình.
===============
𝐇𝐀𝐋𝐎𝐁𝐀𝐘 𝐓𝐑𝐀𝐃𝐈𝐍𝐆 𝐉𝐎𝐈𝐍𝐓 𝐒𝐓𝐎𝐂𝐊 𝐂𝐎𝐌𝐏𝐀𝐍𝐘
🏢 𝑨𝒅𝒅𝒓𝒆𝒔𝒔: 
𝐇𝐚𝐧𝐨𝐢: 17T8 đường Hoàng Đạo Thúy, Phường Thanh Xuân, TP. Hà Nội.
𝐓𝐏.𝐇𝐂𝐌: Tầng 2 - 3 tòa Itaxa, số 126 Đường Nguyễn Thị Minh Khai, Phường Xuân Hòa, Thành phố Hồ Chí Minh.
☎️ 𝑯𝒐𝒕𝒍𝒊𝒏𝒆: 0902.555.369 
🌐 𝑾𝒆𝒃𝒔𝒊𝒕𝒆: http://halobay.vn",,,reject,missing_group:flood_state,1,"transport_impact,hanoi_location",1,flood_video_09,mưa kéo dài Hà Nội hành trình,,,,,,2026-09-25T11:49:33.345719+07:00
facebook,2116425708961605,https://www.facebook.com/watch?v=2116425708961605,(20+) Video,"Cập nhật lúc 7h25 phút tại nút giao Đại Lộ Thăng Long - Khuất Duy Tiến - Trần Duy Hưng: Ổn, đường trên cao thông thoáng, không ngập úng với hàng loạt xe chết máy như mọi năm.
Chúc mọi người ai cũng an toàn, không bị buồn vì ngày Hà Nội mịt mù, mưa ngập.",2026-09-17T00:28:34.000Z,2026-09-17T00:28:34+00:00,reject,missing_group:transport_impact,1,"flood_state,hanoi_location",0,flood_video_22,ngập úng Ha Noi bus,,,,,,2026-09-25T15:57:40.262988+07:00
facebook,2153749572192454,https://www.facebook.com/watch?v=2153749572192454,(20+) Video,"Hy vọng đây sẽ là lần cập nhật cuối cùng trong chuỗi cập nhật ngập lụt lần 1 năm 2026 tại Tây Mỗ nhà em ạ! 🙏🏻
Ngày hôm nay đúng là một phen “thử thách” với bà con khu vực mình 😅 Nước lên, đường ngập, việc đi lại và sinh hoạt của mọi người đều bị ảnh hưởng.

Mong rằng từ giờ nước sẽ rút hẳn, trời thương cho Hà Nội những ngày bình yên, Tây Mỗ nhà em không phải cập nhật thêm lần nào nữa. 🙏🏻❤️
Hết ngập rồi thì chúng ta lại trở về với những ngày bình thường thôi! 💪🏻❤️

#TayMo #HaNoi #NgapLut2026 #CapNhatTayMo #MongMoiNguoiBinhAn",2026-09-17T11:28:23.000Z,2026-09-17T11:28:23+00:00,accept,flood_transport_hanoi,1,"flood_state,transport_impact,hanoi_location",0,comment_reconciliation,,,30,,unverified,1,2026-09-25T10:58:21.825508+07:00
facebook,2168799127402219,https://www.facebook.com/watch?v=2168799127402219,(20+) Video,"😰😰😰Chuẩn bị vào năm học tuyến đường qua nhà em  là Đường428 A tại khu vực thôn Dương Khê Xã Vân Đình  Thành phố Hà Nội rất đông từ lúc đường senco thông.Toàn xe to chở vật liệu đi qua đường nhiều lúc gây tắc đoạn nhà em là đường vừa bé vừa xấu.Mưa liên tục làm đường xuống cấp gây mất an toàn nghiêm trọng cho người dân tham gia giao thông.Đặc biệt chuẩn bị đón năm học mới lượng các em học sinh đi lại rất nhiều gây nghuy hiểm cho các em và ổ gà rất nhiều ảnh hưởng đến việc đi lại của người dân, đặc biệt là những hôm trời mưa to nước ngập hết, người đi lại không nhìn thấy ổ gà để tránh, rất nhiều xe máy  xe đạp bị ngã tại khu vực này Trong mấy ngày mưa hôm nay.
Sau vài trận mưa những chỗ nay xe tải to đi qua là thành 1 cái hố to hơn nước băn tung toé. Kính đề nghị cơ quan chức năng kiểm tra, yêu câu đơn vị thi công sớm sửa chữa, hoàn trả mặt đường đế đảm bảo an toàn cho người dân.Mà trường học cấp 1 cấp 2 cách 1 đoạn thấy nguy hiểm quá.Cả nhà cho em 1 lượt chia se để các cấp biết được sửa chữa nâng cấp mọi người đi cho an toàn.🥲🥲🥲🥲",2026-08-22T17:22:58.000Z,2026-08-22T17:22:58+00:00,accept,flood_transport_hanoi,1,"flood_state,transport_impact,hanoi_location",0,comment_reconciliation,,,25,,unverified,1,2026-09-25T11:26:13.799104+07:00
facebook,2169308967324206,https://www.facebook.com/photo?fbid=2169308967324206,,"☎️ 0962711667 zalo
Nhận xe điện, khu vực ko ngập lụt bao giờ
Cách trường LĐXH 300m đi bộ
Cách trường ĐH Việt Hung 50m
Cách ĐH Đông Đô 300m
Cách CĐ Công Thương 200m

🌼 Cho thuê Homestay KTX giường tầng, chung cư ở Hoàng Đạo Thuý - Lê Văn Lương - Nguyễn Thị Thập - Trần Duy Hưng - Nguyễn Thị Định 

🌹Vệ sinh khép kín, FULL ĐỒ
2 ban công rộng rãi 
Bus, Circle K, Gongcha, Winmart… ngay chân toà nhà 

🌼 Chỉ 1799k/người/tháng - free dịch vụ
 Có cho thuê theo ngày (150k/ngày)
Cho thuê xe đạp 100k/tháng
Có sẵn đội bóng đá, cầu lông.",,,accept,flood_transport_hanoi,1,"flood_state,transport_impact,hanoi_location",0,flood_post_18,ngập diện rộng Hà Nội xe đạp,,,,,,2026-09-25T15:09:13.582278+07:00
facebook,2172953363633190,https://www.facebook.com/watch?v=2172953363633190,(20+) Video,"Cập nhật mưa lụt miền bắc ngày 17/9 trời vẫn tiếp tục mưa to nhiều nơi, ngập nhiều vùng ở miền bắc như Hà Nội, Ninh Bình, Thanh Hoá.. mọi người tham gia giao thông chú ý các tuyến phố ngập... 

#NguyễnVănLương #HàNộingậphếtđường #HàLội #NgậpđườngHàNội #Mưatoquá  Shop Công Nghệ TLD  Nguyễn Văn Lương  Bệnh Viện Laptop Hà Nội",2026-09-17T05:35:02.000Z,2026-09-17T05:35:02+00:00,accept,flood_transport_hanoi,1,"flood_state,transport_impact,hanoi_location",0,comment_reconciliation,,,15,,unverified,1,2026-09-25T11:23:56.285246+07:00
facebook,2175393259890919,https://www.facebook.com/photo?fbid=2175393259890919,,"Tối muộn, dân Hà Nội vẫn vật vã dắt xe lội nước về nhà sau cơn mưa 'giải nhiệt'
Báo điện tử VTV news",,,reject,missing_group:flood_state,1,"transport_impact,hanoi_location",0,flood_post_19,thoát nước không kịp Hà Nội xe điện,,,,,,2026-09-25T15:29:11.494791+07:00
facebook,2212917119544460,https://www.facebook.com/watch?v=2212917119544460,,"Cho thuê 1 phòng tầng 2 tại 62 Trịnh Đình Cửu, Phương Liệt, Hà Nội: Tầng 1 bán hàng Mỹ phẩm, cho thuê các phòng tầng 2, tầng 3, nhà mặt đường thuận tiện đi lại, không lụt lội, không tắc đường, ngay trạm xe buýt, gần các trường Đại học Y Hà Nội, Đại học Kinh tế Quốc Dân, Đại học Xây Dựng Hà Nội,...
* Đối tượng: Nữ giới, sinh viên.

* Giá: 1,8 triệu,

* Liên hệ: 0398.661.666 (có Zalo)

Cho thuê 1 phòng tầng 2 tại 62 Trịnh Đình Cửu, Phương Liệt, Hà Nội: Tầng 1 bán hàng Mỹ phẩm, cho thuê các phòng tầng 2, tầng 3, nhà mặt đường thuận tiện đi lại, không lụt lội, không tắc đường, ngay trạm xe buýt, gần các trường Đại học Y Hà Nội, Đại học Kinh tế Quốc Dân, Đại học Xây Dựng Hà Nội,...",,,accept,flood_transport_hanoi,1,"flood_state,transport_impact,hanoi_location",0,flood_video_24,lụt Ha Noi trạm xe buýt,,,,,,2026-09-25T16:13:45.077543+07:00
facebook,2241757739942875,https://www.facebook.com/watch?v=2241757739942875,,"Trước cơn mưa dông lúc trưa 27 tháng 7, một số tuyến phố Hà Nội bị ngập và dềnh nước. Cụ thể đoạn phố Thụy Khuê (Trường THPT Chu Văn An) có giao thông khó khăn, ô tô chết máy và phương tiện phải quay đầu. Người dân cho biết lượng mưa lớn khiến đường bị ngập dù chỉ vài chục phút. Cơ quan khí tượng dự báo đêm 27 đến sáng 28 tháng 7, khu vực Tây Bắc Bộ, cao nguyên Trung Bộ và Nam Bộ có mưa dông với lượng mưa phổ biến từ 50 đến 120mm, cục bộ trên 250mm. Các nơi khác của Bắc Bộ mưa phổ biến 30-60mm, cục bộ trên 150mm. Giám đốc Sở Xây dựng Hà Nội Nguyễn Phi Thường cho biết tại đường Quang Trung chiều 9/7 mực nước chỉ hơn 20cm nên gọi là dềnh nước chứ không phải ngập úng vì định nghĩa mực nước từ 30cm và quá 30 phút mới được coi là ngập úng. Để giải quyết tình trạng này, Hà Nội đã ban hành và thực hiện các dự án chống ngập khẩn cấp cơ bản hoàn thành. Trong khi đó, tại phiên chất vấn HĐND TP Hà Nội ngày 15/7 liên quan đến trận mưa ngày 9/7, ông Nguyễn Phi Thường nhấn mạnh mực nước chỉ hơn 20cm nên không gọi là ngập úng mà là dềnh nước.

Nguồn: Tổng hợp từ 2 nguồn: Dân Trí - Trang chủ, VnExpress - Tin nóng

Hiền Thục Media — bản tin do AI tổng hợp từ báo chí.

#thoisu #tintuc #ainews #hienthucmedia",,,accept,flood_transport_hanoi,1,"flood_state,transport_impact,hanoi_location",0,flood_video_16,ngập cục bộ Hà Nội ô tô,,,,,,2026-09-25T14:56:31.328116+07:00
facebook,2256797348577010,https://www.facebook.com/photo?fbid=2256797348577010,,"Trong dòng chảy hối hả của một buổi tối Hà Nội ngập tràn sắc màu, khi người người nhà nhà nô nức đổ ra đường đón không khí Trung thu muộn vào ngày 20/9, tôi đã may mắn tìm thấy một góc bình yên rất đặc biệt. Đó là góc nhìn từ phía sau cabin của chiếc xe Trung Quân thuộc tuyến 106, mang biển kiểm soát 29B - 194.51. Và người thắp lên sự bình yên ấy không ai khác chính là bác tài – người nhạc trưởng thầm lặng của chuyến xe đêm nay.Đường phố tối muộn nhộn nhịp đến ngỡ ngàng, giao thông đan cài thành những dòng xe dài vô tận. Giữa ma trận của tiếng còi xe, những cú tạt đầu vội vã của dòng người trẩy hội, cabin xe của bác tài Trung Quân vẫn giữ nguyên một bầu không khí điềm tĩnh và chuyên nghiệp. Nhìn đôi bàn tay bác khéo léo xoay vô lăng, ánh mắt tập trung cao độ quan sát từng phương tiện phía trước, lòng tôi dâng lên một sự khâm phục sâu sắc. Đi xe buýt ngày lễ hội vốn là nỗi ám ảnh của nhiều người vì sự chen chúc và phanh gấp, nhưng với bác tài đêm nay, mỗi nhịp phanh, mỗi lần vào số đều êm ái đến lạ kỳ. Bác lái xe bằng cả cái tâm và sự kiên nhẫn, kiên quyết giữ sự an toàn và thoải mái tối đa cho hành khách phía sau.Qua ô kính chắn gió phóng tầm mắt ra xa, dòng người đón Trung thu ngoài kia lung linh và náo nhiệt bấy nhiêu, thì sự lặng lẽ hy sinh công việc của bác tài lại đáng quý bấy nhiêu. Khi mọi người được quây quần, vui chơi, bác vẫn miệt mài đồng hành cùng vô lăng để đưa từng hành khách về nhà an toàn. Sự ân cần trong cách vận hành chuyến xe của bác tài tuyến 106 chính là một điểm tựa ấm áp, làm cho đêm hội trăng rằm muộn này trở nên ý nghĩa hơn rất nhiều.Chuyến đi có thể khép lại khi xe về bến, nhưng ấn tượng về một bác tài Trung Quân chuẩn mực, tay lái lụa và đầy trách nhiệm sẽ còn mãi trong tâm trí tôi. 
   Xin gửi lời khen ngợi chân thành nhất và lời chúc vạn dặm bình an tới bác. Cảm ơn bác vì một chuyến xe đong đầy sự tử tế giữa lòng phố thị đêm Trung thu!",,,reject,missing_group:flood_state,1,"transport_impact,hanoi_location",0,flood_post_17,ngập sâu Hà Nội xe con,,,,,,2026-09-25T14:57:50.271305+07:00
facebook,2269228537163265,https://www.facebook.com/watch?v=2269228537163265,(20+) Video,"Công chúa nào hè chưa được trở về biển thì tranh thủ ra ngay bờ biển Hawai của Mỹ nhé, anh chị ở Hà Nội có ổn không, cập nhật tình hình ngập úng lụt lội ở khu mình đi các bác ơi  🏊🏻‍♀️🏊🏻‍♀️🏊🏻‍♀️

Sân vận động quốc gia Mỹ Đình ngày 17.9.2026
#sanvandongquocgiamydinh #bienoi #BAO92026",2026-09-17T05:38:56.000Z,2026-09-17T05:38:56+00:00,accept,flood_transport_hanoi,1,"flood_state,transport_impact,hanoi_location",0,comment_reconciliation,,,54,,unverified,1,2026-09-25T10:50:55.353390+07:00
facebook,2296646104433075,https://www.facebook.com/photo?fbid=2296646104433075,,"BAN CHQS PHƯỜNG TỪ LIÊM PHỐI HỢP HỖ TRỢ NHÂN DÂN
KHẮC PHỤC HẬU QUẢ MƯA LỚN, NGẬP ÚNG

 Trong hai ngày 17 và 18/9/2026, do ảnh hưởng của mưa lớn kéo dài, trên địa bàn phường Từ Liêm xuất hiện tình trạng ngập úng cục bộ tại một số khu vực, gây khó khăn cho việc đi lại và sinh hoạt của người dân.
 Trước tình hình đó, Ban CHQS phường đã chủ động phối hợp với các lực lượng chức năng triển khai lực lượng, phương tiện tổ chức khắc phục hậu quả, hỗ trợ, hướng dẫn người dân di chuyển qua các khu vực bị ngập, góp phần bảo đảm an toàn cho Nhân dân.
 Tại các khu vực Chợ Phú Đô, đường Lê Quang Đạo, đường Mỹ Đình và một số khu vực cán bộ, chiến sĩ Ban CHQS phường cùng các lực lượng đã có mặt tại những vị trí ngập úng, tổ chức phân luồng, hướng dẫn phương tiện và người dân di chuyển an toàn; đồng thời hỗ trợ người dân, nhất là những trường hợp gặp khó khăn trong quá trình đi lại do ảnh hưởng của ngập úng.
 Với tinh thần “vì Nhân dân phục vụ”, cán bộ, chiến sĩ Ban CHQS phường Từ Liêm luôn nêu cao tinh thần trách nhiệm, chủ động, khẩn trương phối hợp với các lực lượng trong thực hiện nhiệm vụ phòng, chống, khắc phục hậu quả thiên tai. Sự có mặt kịp thời của lực lượng quân sự địa phương đã góp phần hạn chế những ảnh hưởng do mưa lớn, bảo đảm an toàn cho người dân và giữ gìn an ninh, trật tự, an toàn giao thông trên địa bàn.
 Trong thời gian tới, Ban CHQS phường tiếp tục duy trì lực lượng, chủ động nắm tình hình, kịp thời báo cáo, tham mưu đề xuất với lãnh đạo địa phường đồng thời phối hợp với các lực lượng chức năng sẵn sàng xử lý các tình huống phát sinh, nhất là khi thời tiết diễn biến phức tạp; qua đó góp phần bảo vệ tính mạng, tài sản của Nhà nước và Nhân dân, thực hiện tốt nhiệm vụ quốc phòng, quân sự địa phương.
#BanCHQSphuongTuLiem
#BoTulenhThudoHaNoi",,,accept,flood_transport_hanoi,1,"flood_state,transport_impact,hanoi_location",0,flood_post_02,ngập úng Hà Nội đi,,,,,,2026-09-25T10:38:26.438300+07:00
facebook,2299099390888497,https://www.facebook.com/photo?fbid=2299099390888497,(20+) Facebook,"CẦU MONG
Thơ : Nghĩa Công Bội. 
Ảnh : Internet ( st ).
               *****
Trời cao có thấu cho đời
Trung Thu sắp đến sân chơi tuổi hồng 
Mây tràn nước đổ mênh mông 
Đường đi ngập úng giữa đồng lúa kêu

Nước tiêu máy chạy rất đều
Sầm sập tuần lễ tiếng kêu mái nhà
Ông trời xin hãy vị tha
Để cho trăng tỏa thắm quà trẻ thơ

Chờ mong mưa tạnh từng giờ
Trăng vì trẻ nhỏ mộng mơ tiệc rằm
Tưng bừng ngày tết của năm 
Tuổi thơ thổn thức đêm nằm vẫn mưa

Trời ơi nước đã dư thừa
Nhiều nơi sạt lở chẳng ưa chút nào 
Đêm về thiếu những vì sao
Sầm sập không ngớt lúc nào nước rơi

Ngàn năm vẫn chuyện ông trời
Hãy vì trẻ nhỏ ngừng rơi tức thì
Trăng vàng tỏa sáng nhịp đi
Ngàn năm khát vọng mãi vì trẻ thơ.
20/9/2026",2026-09-19T23:22:00.000Z,2026-09-19T23:22:00+00:00,reject,missing_group:hanoi_location,1,"flood_state,transport_impact",0,comment_reconciliation,,,1,,unverified,1,2026-09-25T10:41:18.640849+07:00
facebook,2328208344659053,https://www.facebook.com/photo?fbid=2328208344659053,,"🇻🇳 BÍ THƯ ĐẢNG ỦY XÃ AN KHÁNH KIỂM TRA CÔNG TÁC ỨNG PHÓ VỚI MƯA LỚN
🔹 Ngày 17/9, đồng chí Phùng Bá Nhân, Bí thư Đảng ủy xã An Khánh trực tiếp kiểm tra công tác ứng phó với mưa lớn, ngập úng trên địa bàn.

🔹 Cùng đi có đồng chí Nguyễn Duy Giang, Ủy viên BTV Đảng ủy, Phó Chủ tịch UBND xã; Thượng tá Đồng Minh Mạnh, Ủy viên BTV Đảng ủy, Chỉ huy trưởng Ban CHQS xã cùng lãnh đạo các cơ quan chuyên môn.

🔹 Đoàn đã kiểm tra tại Trường Tiểu học An Khánh, cầu 72 và một số điểm ngập úng. Đồng chí Bí thư Đảng ủy xã yêu cầu các lực lượng tiếp tục chủ động phòng, chống ngập úng; duy trì trực, cập nhật tình hình, kịp thời xử lý các điểm phát sinh; tăng cường phân luồng, hướng dẫn người dân không di chuyển vào khu vực nguy hiểm.

🔹 Ban CHQS xã An Khánh phối hợp với các lực lượng duy trì quân số trực tại các điểm xung yếu, nhất là khu vực các cầu bắc qua sông Đáy; tổ chức cảnh báo, lập chốt, hướng dẫn giao thông, góp phần bảo đảm an toàn cho người dân.

🔹 Đối với các trường học, xã yêu cầu theo dõi sát tình hình, chủ động phương án cho học sinh nghỉ học khi điều kiện đi lại và tổ chức dạy học không bảo đảm an toàn.

🔹 Trước đó, từ 14 giờ ngày 16/9/2026, UBND xã An Khánh đã tạm dừng hoàn toàn việc lưu thông của người và phương tiện qua cầu 72, cầu Đại Thành, cầu Tân Phú, cầu Cù Sơn và cầu Gồ cho đến khi có thông báo mới

#BTLThudoHaNoi

#BanCHQSXaAnKhanh",,,accept,flood_transport_hanoi,1,"flood_state,transport_impact,hanoi_location",0,flood_post_02,ngập úng Hà Nội đi,,,,,,2026-09-25T10:40:17.151607+07:00
facebook,2339144666822320,https://www.facebook.com/photo?fbid=2339144666822320,,"Ở khu phân lô quân đội Phùng Khoang có căn nhà 50m2, 4 tầng dân xây cẩn thận, ngõ rộng thoáng, ô tô vào đến tận cửa, dân trí an ninh cực tốt, đi bộ vài bước chân là ra Chợ Phùng Khoang, Ga Phùng Khoang, ĐH Hà Nội,...
 + Sổ đỏ chính chủ.
+ Liên hệ ngay Quân Nhà Dân 0934503893 để xem nhà
#quannhadan #phungkhoang #daihochanoi #chophungkhoang #gaphungkhoang",,,reject,missing_group:flood_state,1,"transport_impact,hanoi_location",0,flood_post_16,ngập cục bộ Hà Nội ô tô,,,,,,2026-09-25T14:52:40.806159+07:00
facebook,2409295419595182,https://www.facebook.com/watch?v=2409295419595182,(20+) Video,"Mưa lớn do ảnh hưởng của bão Bavi đang khiến nhiều địa phương tại Trung Quốc rơi vào cảnh ngập lụt nghiêm trọng, giao thông tê liệt, trường học, công trường và nhiều điểm du lịch phải tạm dừng hoạt động.

Tại thành phố Thẩm Dương, tỉnh Liêu Ninh, chính quyền cho học sinh từ bậc mẫu giáo đến trung học cơ sở nghỉ học; các hoạt động xây dựng, ngoài trời tạm dừng, trong khi 94 điểm du lịch tiếp tục đóng cửa. Nhiều tuyến đường bị ngập, một số tuyến xe buýt và ga tàu điện ngầm phải tạm thời ngưng hoạt động.

Ở thành phố Thừa Đức, tỉnh Hà Bắc, nước lũ cuốn trôi nhiều ô tô, phá hỏng đường vào một số ngôi làng, khiến người dân bị cô lập. Hình ảnh tại hiện trường cho thấy nước lũ dâng cao, chia cắt khu dân cư và gây khó khăn cho công tác cứu hộ.

Tại tỉnh An Huy, hơn 61.000 người đã được sơ tán, các công viên đóng cửa, nhiều hồ chứa chủ động xả nước để giảm áp lực trước các đợt mưa lớn tiếp theo.

Theo dự báo, bão Bavi tiếp tục di chuyển theo hướng bắc, sau đó chuyển dần sang đông bắc và suy yếu khi tiến ra khu vực biển Hoàng Hải trong ngày 14/7. Tuy nhiên, hoàn lưu bão vẫn có thể gây mưa lớn, ngập úng và sạt lở tại nhiều khu vực.",2026-07-14T01:10:21.000Z,2026-07-14T01:10:21+00:00,reject,missing_group:hanoi_location,1,"flood_state,transport_impact",0,flood_video_23,ngập lụt Ha Noi tuyến buýt,,,,,,2026-09-25T16:06:01.339548+07:00
facebook,2434913556882304,https://www.facebook.com/watch?v=2434913556882304,(20+) Video,"🔴 NHIỀU TUYẾN PHỐ HÀ NỘI NGẬP SAU TRẬN MƯA LỚN

Chiều 14/7/2025, cơn mưa lớn đã khiến nhiều tuyến phố trên địa bàn Hà Nội bị ngập cục bộ. Tại một số tuyến phố, nước ngập từ 20-40cm gây khó khăn cho người tham gia giao thông.

🎥 Chỉ sau khoảng 15 phút mưa lớn, các tuyến phố như Nguyễn Trãi, Nguyễn Tuân, Nguyễn Xiển, Hoàng Văn Thái... đã ngập nước. 
Nguồn video:  Tiền Phong
#thôngtinphòngchốngthiêntai",2025-07-14T11:31:03.000Z,2025-07-14T11:31:03+00:00,accept,flood_transport_hanoi,1,"flood_state,transport_impact,hanoi_location",0,flood_video_06,phố ngập Hà Nội tham gia giao thông,,,,,,2026-09-25T11:19:35.895724+07:00
facebook,2474148933110251,https://www.facebook.com/watch?v=2474148933110251,(20+) Video,"Sau trận mưa lớn kéo dài từ đêm qua tới sáng nay (17/9) nhiều tuyến đường tại Hà Nội ngập cục bộ, giao thông ùn ứ nghiêm trọng. Nhiều người dân khó khăn để di chuyển đến chỗ làm.

Ghi nhận của phóng viên tại Tuyến đường Tố Hữu, Lương Thế Vinh, Quốc lộ 32 đoạn qua cổng chào xã Hoài Đức, ga Minh Khai.

#qpvn #qpvndigital",2026-09-17T02:56:03.000Z,2026-09-17T02:56:03+00:00,accept,flood_transport_hanoi,1,"flood_state,transport_impact,hanoi_location",0,comment_reconciliation,,,8,,unverified,1,2026-09-25T11:57:57.838986+07:00
facebook,2485321635222716,https://www.facebook.com/watch?v=2485321635222716,(20+) Video,"HÀ NỘI LẠI NGẬP CỤC BỘ SAU TRẬN MƯA NGẮN
Hình ảnh được ghi lại tại đường Thụy Khê đoạn dốc La Pho (con dốc nối liền đường Hoàng Hoa Thám với phố Thụy Khuê, cạnh khu vực công viên Bách Thảo). Nước ngập sâu đến gần đầu gối, một ô tô đã bị chết máy.",2026-07-27T05:09:22.000Z,2026-07-27T05:09:22+00:00,accept,flood_transport_hanoi,1,"flood_state,transport_impact,hanoi_location",0,flood_video_16,ngập cục bộ Hà Nội ô tô,,,,,,2026-09-25T14:54:12.508301+07:00
facebook,2486455708231299,https://www.facebook.com/watch?v=2486455708231299,(20+) Video,"Cảnh ngập tại đường Tân Triều mới, Hà Nội trong giờ cao điểm sáng 10/9

Được biết có một số đoạn ngập sâu tới 60 cm, nhiều phương tiện không thể lưu thông qua đây.

Video: PV Khắc Chính 

—-
Nếu có thông tin cần chia sẻ, thính giả đừng ngại bình luận, inbox hoặc gọi hotline:
- Hà Nội: 024.37.91.91.91
- TP. Hồ Chí Minh: 028.39.91.91.91
#vovgt #vovgiaothong",2024-09-10T02:30:35.000Z,2024-09-10T02:30:35+00:00,accept,flood_transport_hanoi,1,"flood_state,transport_impact,hanoi_location",1,flood_video_05,đường ngập Hà Nội lưu thông,,,,,,2026-09-25T11:11:49.303187+07:00
facebook,2577995752660847,https://www.facebook.com/reel/2577995752660847,,"👟 ĐỪNG VỘI MUA GIÀY PICKLEBALL MỚI KHI ĐẾ GIÀY BỊ MÒN!

Sau một thời gian chơi pickleball, đế giày sẽ dần bị mòn, giảm độ bám sân và ảnh hưởng trực tiếp đến khả năng di chuyển.

Thay vì tốn hàng triệu đồng mua giày mới, thay đế là giải pháp tiết kiệm giúp phục hồi độ bám sân và kéo dài tuổi thọ đôi giày.

Với dịch vụ thay đế tại XIMO, đôi giày sẽ được xử lý theo quy trình chuyên nghiệp, chắc chắn, giữ form đẹp và sẵn sàng đồng hành cùng bạn trên sân đấu!

💥 ƯU ĐÃI ĐẶC BIỆT:
- MIỄN PHÍ vệ sinh TOÀN BỘ đôi giày
- Bảo hành keo TRỌN ĐỜI - bong là dán lại miễn phí

Inbox đặt lịch hoặc ghé XIMO ngay để trải nghiệm nhé!

---------------------
XIMO - Spa phục hồi giày chuẩn quốc tế hàng đầu Hà Nội 
📍Địa chỉ : 78 Thái Thịnh, Ngã Tư Sở, Đống Đa, Hà Nội 
(8h30 - 21h30 T2 - CN)
📞 Hotline: 0971.595.333",,,reject,missing_group:flood_state,1,"transport_impact,hanoi_location",0,flood_video_09,mưa kéo dài Hà Nội hành trình,,,,,,2026-09-25T11:48:55.366226+07:00
facebook,2595575844203834,https://www.facebook.com/photo?fbid=2595575844203834,,"GIẢM 2TỶ CÒN 6. NHÀ THẠCH BÀN, Ô TÔ THÔNG, PHÂN KHÚC HIẾM
Diện tích: 3.3m x 12.5m (Khuôn đất dài, bố trí không gian cực thoáng).

Kết cấu: 1 trệt 2 lầu đúc kiên cố. Thiết kế hiện đại, tối ưu diện tích sử dụng.

Hướng: Đông Bắc (Mát mẻ, đón tài lộc).

Vị trí: Hẻm xe hơi, khu phố văn minh, lịch sự, an ninh tuyệt đối. Vị trí cao ráo, không ngập nước.

4 Phòng ngủ rộng rãi: Đáp ứng nhu cầu riêng tư cho gia đình 2-3 thế hệ.

Tiện ích giặt phơi: Có phòng giặt riêng biệt và rộng rãi, giúp việc nội trợ trở nên dễ dàng và thẩm mỹ hơn.
   
   LH: 0369816967(zalo).",,,reject,missing_group:hanoi_location,1,"flood_state,transport_impact",0,flood_post_18,ngập diện rộng Hà Nội xe đạp,,,,,,2026-09-25T15:07:29.240856+07:00
facebook,2824753657918145,https://www.facebook.com/photo?fbid=2824753657918145,,"🌹15h40(17/8) - CẬP NHẬT MƯA DÔNG CHIỀU 

🌹HÀ NỘI: vùng mưa dông mạnh đang bao phủ Nam Phú Thọ (Hoà Bình cũ) có hướng dịch về phía Hà Nội. Khoảng 1h tới có thể ảnh hưởng đến phía Nam Hà Nội như Xuân Mai, Trần Phú, Hồng Sơn,... sau lan sang các khu vực khác. Nội thành Hà Nội cũng có thể xuất hiện mưa dông nhưng muộn hơn. 

🌹 Mưa dông gần Thủ phủ Thanh Hoá sẽ lan dần ra phía biển sau đó ảnh hưởng Ninh Bình. 

🌹Mưa dông ở Bắc Quảng Ninh ít di chuyển ảnh hưởng ảnh hưởng về phía Đầm Hà, Mông Dương, Hải Hoà, Vân Đồn, Cẩm Phả,...

🌹Tây Nghệ An, Tây Thanh Hoá, Lai Châu, Điện Biên mưa dông cũng phát triển dần sau mở sang Sơn La, biên giới Lào Cai, Tuyên Quang (Hà Giang cũ), lác đác biên giới Cao Bằng. 

🌹Cao Nguyên Trung Bộ và Đồng Nai mưa nhiều trong chiều nay nhưng lượng ko đồng đều. 

🌹 Biên giới An Giang và Tây Đồng Tháp, Tây Long An cũng có vài điểm mưa dông

⚠️Các khu vực ko kể tên khác của Nam Bộ mưa muộn thiên về tối và mưa ko nhiều, lác đác là chính. Tập trung miền Đông và biên giới phía Tây. 
Bắc Bộ lưu ý càng về tối và đêm mưa dông càng có thể tăng dần lên có điểm mưa to.
Nguồn: Thời tiết VN",,,reject,missing_group:flood_state,1,"transport_impact,hanoi_location",0,flood_post_04,lụt Hà Nội di chuyển,,,,,,2026-09-25T10:22:31.126601+07:00
facebook,28252441641026164,https://www.facebook.com/watch?v=28252441641026164,,"Trước cơn mưa dông lúc trưa 27 tháng 7, một số tuyến phố Hà Nội bị ngập và dềnh nước. Cụ thể đoạn phố Thụy Khuê (Trường THPT Chu Văn An) có giao thông khó khăn, ô tô chết máy và phương tiện phải quay đầu. Người dân cho biết lượng mưa lớn khiến đường bị ngập dù chỉ vài chục phút. Cơ quan khí tượng dự báo đêm 27 đến sáng 28 tháng 7, khu vực Tây Bắc Bộ, cao nguyên Trung Bộ và Nam Bộ có mưa dông với lượng mưa phổ biến từ 50 đến 120mm, cục bộ trên 250mm. Các nơi khác của Bắc Bộ mưa phổ biến 30-60mm, cục bộ trên 150mm. Giám đốc Sở Xây dựng Hà Nội Nguyễn Phi Thường cho biết tại đường Quang Trung chiều 9/7 mực nước chỉ hơn 20cm nên gọi là dềnh nước chứ không phải ngập úng vì định nghĩa mực nước từ 30cm và quá 30 phút mới được coi là ngập úng. Để giải quyết tình trạng này, Hà Nội đã ban hành và thực hiện các dự án chống ngập khẩn cấp cơ bản hoàn thành. Trong khi đó, tại phiên chất vấn HĐND TP Hà Nội ngày 15/7 liên quan đến trận mưa ngày 9/7, ông Nguyễn Phi Thường nhấn mạnh mực nước chỉ hơn 20cm nên không gọi là ngập úng mà là dềnh nước.

Nguồn: Tổng hợp từ 2 nguồn: Dân Trí - Trang chủ, VnExpress - Tin nóng

Hiền Thục Media — bản tin do AI tổng hợp từ báo chí.

#thoisu #tintuc #ainews #hienthucmedia",,,accept,flood_transport_hanoi,1,"flood_state,transport_impact,hanoi_location",0,flood_video_16,ngập cục bộ Hà Nội ô tô,,,,,,2026-09-25T14:55:55.159390+07:00
facebook,28348059474856459,https://www.facebook.com/watch?v=28348059474856459,,"Sáng 17 tháng 9 năm 2026, sau nhiều giờ mưa lớn liên tục từ sáng 14 tháng 9, đường phố Hà Nội bị ngập sâu nghiêm trọng. Tại đoạn giao cắt đường Tố Hữu và Lương Thế Vinh, nước bủa vây phủ kín mặt đường khiến giao thông tê liệt. Theo báo cáo của Trung tâm Quản lý hạ tầng kỹ thuật TP.Hà Nội, mưa tích lũy tại Yên Sở vượt mức 570 milimét, Hai Bà Trưng đạt hơn 550 milimét. Các điểm như Tây Mỗ, Xuân Phương ngập sâu khoảng 35 centimet; trên đại lộ Thăng Long các hầm 2, 5, 6 và Km 9+656 ngập từ 20 đến 30 centimet. Cổng chào An Khánh cũng ngập trung bình 30 centimet. Hệ thống sông hồ tại Hà Nội đang ở mức cao với Sông Nhuệ vượt báo động hai, Sông Tích và Bùi vượt báo động ba lần lượt 24 đến 45 centimet. Trước tình hình này, hơn 2.500 lao động cùng trên 200 thiết bị đã được huy động để khơi thông dòng chảy, vận hành trạm bơm và phân luồng giao thông. Tuy nhiên, do mực nước sông tiếp nhận cao hạn chế khả năng tiêu thoát tự nhiên, nhiều khu vực trũng thấp vẫn đang ngập úng kéo dài. Người dân phải di chuyển khó khăn trong giờ cao điểm, một số phương tiện bị rơi mất biển số và xe máy chết máy khi cố lưu thông qua vùng ngập sâu.

Nguồn: Tổng hợp từ 3 nguồn: Thanh Niên - Trang chủ, Tuổi Trẻ - Trang chủ, Soha - Trang chủ

Hiền Thục Media — bản tin do AI tổng hợp từ báo chí.

#thoisu #tintuc #ainews #hienthucmedia",,,accept,flood_transport_hanoi,1,"flood_state,transport_impact,hanoi_location",0,flood_video_02,ngập úng Hà Nội đi,,,,,,2026-09-25T10:44:25.050633+07:00
facebook,2866688097017408,https://www.facebook.com/watch?v=2866688097017408,(20+) Video,"🚫  𝐓𝐀̣𝐌 𝐃𝐔̛̀𝐍𝐆 𝐗𝐄 𝐓𝐑𝐔𝐍𝐆 𝐂𝐇𝐔𝐘𝐄̂̉𝐍 𝐃𝐎 𝐍𝐆𝐀̣̂𝐏 𝐋𝐔̣𝐓

Do ảnh hưởng của mưa lớn, nhiều tuyến đường vào khu vực văn phòng Mỹ Đình hiện đang bị ngập lụt sâu , nên xe không thể di chuyển được  

Vì lý do an toàn, trước mắt trong hôm nay (17/9) , xe trung chuyển Mỹ Đình của nhà xe Hải Hà sẽ tạm dừng hoạt động.
 👉 Các chuyến xe tại bến Giáp Bát vẫn hoạt động bình thường.

👉 Quý khách lưu ý: nếu tình hình ngập rút, nhà xe sẽ thông báo trung chuyển trở lại bình thường . 

👉 Hành khách di chuyển tại cả hai đầu Thanh Hóa – Hà Nội vui lòng chủ động sắp xếp 

Nhà xe rất mong Quý khách thông cảm và theo dõi thêm thông báo tiếp theo để cập nhật tình hình.

Xin cảm ơn sự đồng hành của Quý khách!

*******************************************
  ⚜️ NHÀ XE HẢI HÀ ⚜️ 
☎ 𝐇𝐨𝐭𝐥𝐢𝐧𝐞 : 0966.223.966 - 0966.723.966
📍 𝐖𝐞𝐛𝐬𝐢𝐭𝐞 : https://www.facebook.com/HaiHaHauLoc",2026-09-17T00:51:42.000Z,2026-09-17T00:51:42+00:00,accept,flood_transport_hanoi,1,"flood_state,transport_impact,hanoi_location",0,flood_video_04,lụt Hà Nội di chuyển,,1,,unverified,1,2026-09-25T11:02:10.166946+07:00
facebook,2874303902874093,https://www.facebook.com/watch?v=2874303902874093,(20+) Video,"Cơn mưa lớn kéo dài nhiều giờ đồng hồ diễn ra vào cuối giờ chiều qua 5/7 đã gây ra tình trạng ngập lụt, tắc đường nghiêm trọng tại hầu hết các tuyến phố của Hà Nội. Do thời điểm đổ mưa đúng vào giờ bắt đầu tan tầm, và mưa bất chợt xối xả với cường độ mạnh/ nên gây nhiều khó khăn cho người dân tham gia giao thông.",2022-07-06T07:12:03.000Z,2022-07-06T07:12:03+00:00,accept,flood_transport_hanoi,1,"flood_state,transport_impact,hanoi_location",0,flood_video_08,mưa lớn gây ngập Hà Nội người tham gia giao thông,,,,,,2026-09-25T11:38:34.037217+07:00
facebook,287601777466631,https://www.facebook.com/watch?v=287601777466631,(20+) Video,"🛑 HÀ NỘI: LỤT TỪ NGÃ TƯ ĐƯỜNG PHỐ 
Trận mưa lớn sáng nay đã gây ngập trên 30 tuyến phố, làm ảnh hưởng không nhỏ đến đời sống của người dân Thủ đô. Hàng loạt tuyến phố tại Hà Nội ngập sâu, nhiều đoạn đường ngập qua bánh xe, người dân chật vật di chuyển trên đường.

#ngaplut #hanoimualon #hanoingaplut #hanoionline #hanoitv #tintuc #tinnong #htv #tintuc24h #truyenhinhhanoi #daihanoi #tv24h",2023-09-28T06:01:06.000Z,2023-09-28T06:01:06+00:00,accept,flood_transport_hanoi,1,"flood_state,transport_impact,hanoi_location",0,flood_video_04,lụt Hà Nội di chuyển,,,,,,2026-09-25T11:01:01.910335+07:00
facebook,2890779931131057,https://www.facebook.com/watch?v=2890779931131057,(20+) Video,"🌈⚡ NHỮNG ĐIỀU THÚ VỊ VỀ XE MÁY ĐIỆN EVO MAX MÀ BẠN NÊN BIẾT ⚡🌈

Evo Max đang là mẫu xe máy điện cực hot nhờ giá tốt, thiết kế thông minh và chi phí sử dụng siêu tiết kiệm! 🛵💨

💰 Giá chỉ từ 19.990.000đ (chưa gồm pin)
👉 Bản kèm 1 pin chỉ khoảng 25,6 triệu là có thể lăn bánh.

🔋 Tùy chọn pin linh hoạt:
✔️ Mua pin sử dụng lâu dài
✔️ Hoặc thuê pin tiết kiệm chi phí
– Cọc chỉ 500k/pin 💵
– Thuê 1 pin: 175k/tháng
– Thuê 2 pin: 300k/tháng
– Đổi pin tại trạm chỉ 9k/lần ⚡

🚀 Điểm nâng cấp đáng giá trên Evo Max:
Pin được đặt trong cốp dưới yên, thay vì đặt thấp như các dòng cũ.
Thiết kế mới từ VinFast giúp hạn chế rủi ro khi đi qua vùng ngập nước, an tâm hơn khi di chuyển trong phố 🌧️🌊

🔥  SỐ LƯỢNG CÓ HẠN 🔥
🎁 ĐẶT CỌC NGAY HÔM NAY ĐỂ:
✨ Giữ xe màu đẹp, không lo hết hàng
🎯 Nhận ưu đãi tốt nhất tại cửa hàng
🚚 Ưu tiên giao xe sớm

📩 Inbox ngay để được tư vấn chi tiết và giữ xe trước khi hết ưu đãi nha! 💬💙
--------------------------------------------------------------
😍TikTok: https://www.tiktok.com/@vinfast.minh.hng
📞Hotline: 0823.28.88.98
📍Địa chỉ: 670 Kim Giang, Thanh Liệt, Hà Nội
📍Google map: https://maps.app.goo.gl/d1fvsZKFynSgZdWn9

#VinFast #EvoMax #XeMayDien #MinhHungPhat #DatCocNhanUuDai #XeDienGiaTot",2026-02-24T04:14:11.000Z,2026-02-24T04:14:11+00:00,accept,flood_transport_hanoi,1,"flood_state,transport_impact,hanoi_location",0,flood_video_14,điểm ngập Hà Nội xe máy,,,,,,2026-09-25T14:38:06.461152+07:00
facebook,28934807922803317,https://www.facebook.com/photo?fbid=28934807922803317,,"Mấy hôm nắng đẹp đi xem nhà thì căn nào, khu đô thị nào nhìn cũng đẹp.

Muốn biết một nơi có thực sự đáng sống hay không, tôi nghĩ phải đi xem đúng những hôm mưa lớn như 2 ngày nay.

Đường vào có ngập không?
Hầm chung cư có nước không?
Trước cửa nhà có đọng nước không?
Hệ thống thoát nước thế nào?
Và quan trọng nhất: từ nhà đi làm, đi học có khổ không?

Có khi đi xem nhà một ngày mưa còn biết nhiều hơn đi xem 5 lần ngày nắng.

Các bác đang sống ở các khu đô thị Hà Nội cho xin đánh giá thật:

Khu nào qua trận mưa này vẫn ổn?
Khu nào bắt đầu lộ điểm yếu?

Cứ nói thật để những người đang chuẩn bị bỏ tiền mua nhà còn biết 😄

#BatDongSan #HaNoi #ChungCu #KhuDoThi #MuaNha",,,accept,flood_transport_hanoi,1,"flood_state,transport_impact,hanoi_location",0,flood_post_07,mưa ngập Hà Nội người đi đường,,,,,,2026-09-25T11:28:55.654937+07:00
facebook,28969024612695151,https://www.facebook.com/photo?fbid=28969024612695151,,"📍 **Vị trí:** Nguyên Khê, Đông Anh, Hà Nội (Ngay sát trục đường lớn, giao thông đi lại thuận tiện). vuông vắn, sạch sẽ). Sân đường rộng, xe tải lớn và XE CONTAINER ra vào, lùi tự do tận nơi.

📐 **Diện tích:** 700m² (Mới xây dựng 100%, vuông vắn, sạch sẽ). Kết cấu khung thép hộp kiên cố, cao ráo, thoáng đãng. Mái tôn cách nhiệt chống nóng thế hệ mới, không lo hầm bí. Nền bê tông chịu lực tải trọng lớn, cao ráo, **TUYỆT ĐỐI KHÔNG NGẬP LỤT**. Trang bị điện 3 pha phục vụ sản xuất, nước sinh hoạt đầy đủ.

🎯 **Phù hợp:** Làm xưởng cơ khí, máy CNC, kho trung chuyển hàng hóa, các ngành sản xuất không ô nhiễm, không xả thải.

+ Cho thuê lâu dài, hợp đồng minh bạch, chủ nhà cực kỳ thiện chí.
💰 **Giá thuê hạt dẻ:** Chỉ 55k/m² (Thanh toán thỏa thuận trực tiếp).

📞 **Liên hệ xem xưởng ngay kẻo lỡ:** **0888624134 - 0912188010** (Alo trước để xem xưởng trực tiếp).

#khoxuongdonganh #khoxuongnguyenkhe #xuhuongbds #trending #viral",,,accept,flood_transport_hanoi,1,"flood_state,transport_impact,hanoi_location",0,flood_post_03,ngập lụt Hà Nội đi lại,,,,,,2026-09-25T10:52:23.739291+07:00
facebook,2906458193020858,https://www.facebook.com/reel/2906458193020858,,"☀️ HÈ NÀY – VỀ MƠ VILLAGE TẬN HƯỞNG KỲ NGHỈ TRỌN VẸN! 🌿
Chỉ hơn 2 giờ di chuyển từ Hà Nội, Mơ Village mang đến không gian nghỉ dưỡng yên bình bên Hồ Hòa Bình 🏞️
🎁 ĐẶT PHÒNG – NHẬN TRỌN GÓI TIỆN ÍCH:

♨️ Onsen khoáng nóng 4 mùa
🔥 Phòng xông khô
🌿 Ngâm bồn thuốc thảo dược Dao
🏊 Bể bơi vô cực
🚣 Chèo Kayak
🧘 Khu yoga & không gian thư giãn
🎱 Phòng giải trí – bi-a
📚 Khu đọc sách
👧 Khu vui chơi trẻ em
🎣 Trải nghiệm câu cá
🌅 Chill hoàng hôn bên Hồ Hòa Bình
☕ Không gian check-in & nghỉ dưỡng giữa thiên nhiên

✨ ƯU ĐÃI HÈ ĐẶC BIỆT
🔥 Đặt 2 đêm giảm 10%
🔥 Đặt 3 đêm trở lên giảm 20%
💚 Trẻ em dưới 12 tuổi được miễn phí tiền phòng theo chính sách

💕 Một chuyến đi vừa nghỉ dưỡng – vui chơi – thư giãn, phù hợp cho gia đình, nhóm bạn và đoàn đông.

📍 MƠ VILLAGE – XÓM NGHỈ DƯỠNG CAO CẤP BÊN HỒ HÒA BÌNH
🏡 Xóm Mơ, xã Đà Bắc, tỉnh Phú Thọ
📩 Inbox ngay để nhận báo giá & ưu đãi hè mới nhất!
#MoVillage #MoVillageDaBac #HoHoaBinh #NghiDuongMuaHe #DuLichHoHoaBinh #ResortHoaBinh",,,reject,missing_group:flood_state,1,"transport_impact,hanoi_location",0,flood_video_10,mưa cực đoan Hà Nội chuyến đi,,,,,,2026-09-25T11:55:32.594841+07:00
facebook,2971378473199516,https://www.facebook.com/photo?fbid=2971378473199516,(20+) Facebook,"💔 CHIẾC XE MÁY BÊN MIỆNG CỐNG, NAM SINH MẤT LIÊN LẠC SAU KHI ĐI QUA ĐƯỜNG NGẬP
Một nam sinh viên sinh năm 2008, đang theo học tại Trường Đại học Mỏ - Địa chất, được gia đình trình báo mất liên lạc sau khi đi qua khu vực đường Phố Viên, phường Đông Ngạc, Hà Nội.

Tại khu vực cuối đường Phố Viên, nơi đang ngập nước, lực lượng chức năng phát hiện chiếc xe máy nam sinh thường sử dụng nằm gần miệng cống thoát nước. Điện thoại của nam sinh hiện không liên lạc được.

Công an, quân đội, dân quân tự vệ cùng thợ lặn chuyên nghiệp đã được huy động tìm kiếm trong đêm. Đến 0h ngày 18/9, việc tìm kiếm dưới khu vực cống vẫn chưa có kết quả.

Gia đình từ quê tức tốc lên Hà Nội. Người bác nghẹn ngào cho biết bố cháu đã mất, hiện cháu chỉ còn mẹ.

Hiện cơ quan chức năng vẫn đang xác minh, chưa có kết luận cuối cùng về sự việc.

🙏 Chỉ mong ở đâu đó, cháu vẫn bình an và sớm trở về với mẹ, với gia đình.

#HaNoi #DongNgac #NamSinhMatLienLac #TimKiem #CauMongBinhAn",2026-09-18T05:44:15.000Z,2026-09-18T05:44:15+00:00,accept,flood_transport_hanoi,1,"flood_state,transport_impact,hanoi_location",0,comment_reconciliation,,,4,,unverified,1,2026-09-25T14:28:39.797165+07:00
facebook,2974237849591437,https://www.facebook.com/watch?v=2974237849591437,(20+) Video,"Sáng ngày 17/9/2026, do ảnh hưởng của mưa lớn kéo dài, nước tại các sông, kênh và khu vực thấp trũng dâng cao. Một số đoạn đường, cầu tràn trên địa bàn phường Tân Mai đã bị ngập, có nơi nước chảy mạnh, gây khó khăn và tiềm ẩn nguy hiểm cho người và phương tiện tham gia giao thông.
Trường Tiểu học Quỳnh Lập (phân hiệu Quỳnh Lập B ) và THCS Quỳnh Lập đã thông báo cho học sinh nghỉ học.
Chính quyền đã đặt cảnh báo tại cầu tràn. Bà con chú ý đi lại an toàn. 

THÔNG TIN HỒ VỰC MẤU LÚC 4H00

Mực nước hồ: 22,15m. Hiện đang mở 3 cửa tràn (số 2, 3, 4), độ mở 3,8m/cửa, tổng lưu lượng xả 600m³/s; lưu lượng nước về hồ 547m³/s.

Thời tiết hiện tại mưa vừa. Người dân khu vực hạ du cần chủ động theo dõi thông tin và thực hiện các biện pháp đảm bảo an toàn.",2026-09-17T00:11:12.000Z,2026-09-17T00:11:12+00:00,reject,missing_group:hanoi_location,1,"flood_state,transport_impact",0,comment_reconciliation,,,30,,unverified,1,2026-09-25T11:41:37.070534+07:00
facebook,3224096434414623,https://www.facebook.com/watch?v=3224096434414623,(20+) Video,"🆘CẬP NHẬT CÁC TUYỀN ĐƯỠNG ĐÃ NGẬP TẠI HÀ NỘI SÁNG NAY 7/10🆘

-Đàm Quang Trung qua Aeon mall, Long Biên
-Linh Đàm, Keangnam, Nguyễn Chí Thanh, Liễu Giai, -Văn Cao, dọc đường Láng Hạ và Thái Hà
• Đoạn qua bến xe Mỹ Đình
-Đại lộ Thăng Long rẽ ra Khuất Duy Tiến, Nguyễn Xiến
-Phố Phan Văn Trường, Cầu Giấy
- Bến xe Yên Nghĩa
-Ngã tư Xuân Thuỷ - Hồ Tùng Mậu
-Nguyễn Cảnh Dị - Định Công
& Đường Nguyễn Khánh Toàn trước công viên Nghĩa Đô đã ngập
- Cầu vượt Mai dịch ùn cục bộ cả trên và dưới từ Phạm Văn Đồng về bến xe Mỹ Đình
-Nút Tố Hữu- Vũ Trọng Khánh ngập sâu, di chuyển khó khăn; đã có lực lượng chức năng;!
-Nút Quang Trung- Lê Trọng Tấn (Hà Đông) ngập, di chuyến khó khăn
- Đường Đào Tấn. Ngã 4 Liêu Giai - Đào Tấn ngập sâu cả 2 chiều sâu. Phương tiện không di chuyến được.
• Nút Phạm Tu- Câu Bươu ngập 50cm; các phương tiên chọn lộ trình khác; các xe gâm thâp và xe mô tô không cô di chuyên.
Đội Cảnh sát giao thông số 6 thông tin:
- Vành đai 3 trên cao (đoạn Keangnam đến Cung thiếu nhi)
ngập 30cm
- Lê Đức Thọ - Tân Mỹ: ngập 40cm
- Lê Quang Đạo - trước quảng trường SVĐ: ngập 40cm
- Đường gom Đại lộ Thăng Long - trước bảo tàng quân sự: ngập 50cm
- Cả 2 chiều đường Phạm Hùng (đoạn chân cầu vượt Mai
Dịch): ngập 40cm

** Ảnh: Nút giao ngã 4 BigC Thăng Long, vành đai 3 Phạm Hùng hiện đã chìm trong biển nước   #hungthammy #buimanhhung #PhongThuyThamMy #xemtay",2025-10-07T06:00:30.000Z,2025-10-07T06:00:30+00:00,accept,flood_transport_hanoi,1,"flood_state,transport_impact,hanoi_location",0,comment_reconciliation,,,9,,unverified,1,2026-09-25T10:36:57.464455+07:00
facebook,3254701274795804,https://www.facebook.com/watch?v=3254701274795804,(20+) Video,"Do ảnh hưởng của hoàn lưu bão số 2 gây mưa lớn kéo dài từ đêm đến sáng 12/8 khiến nhiều tuyến đường Hà Nội ngập sâu, người tham gia giao thông di chuyển khó khăn trên những còn đường ngập nước.

#vtc1 #vtc1tintuc",2022-08-12T08:54:48.000Z,2022-08-12T08:54:48+00:00,accept,flood_transport_hanoi,1,"flood_state,transport_impact,hanoi_location",0,flood_video_06,phố ngập Hà Nội tham gia giao thông,,,,,,2026-09-25T11:19:52.767586+07:00
facebook,3257448394428171,https://www.facebook.com/reel/3257448394428171,,Chào cô thôi nào🥰,,,reject,missing_group:flood_state+transport_impact+hanoi_location,1,,0,flood_video_20,hệ thống thoát nước Hà Nội xe buýt,,,,,,2026-09-25T15:38:18.114905+07:00
facebook,3381769895331273,https://www.facebook.com/watch?v=3381769895331273,(20+) Video,"🔥🔥 Tôi là Hùng chính chủ cho thuê căn hộ FULL NỘI THẤT – Ở NGAY – tại Đền Lừ - Hoàng Mai 🌟
👉 GỈAM NGAY 10% cho bạn nào chốt nhà trong tháng nhé !
👉 Nhiều loại phòng diện tích từ 22m2-35m2
📍 Địa chỉ: Ngõ 299 Hoàng Mai gần Đền Lừ – Hà Nội
👉 Vị trí siêu tiện:Cách mặt đường tam trinh 20m, gần nhiều trường đại học, chợ, Winmart, bến xe buýt cách 100m – đi học, đi làm cực nhanh!
💰 Giá chỉ từ 3.x tr – 5.x tr /tháng( chia 3-4ng mỗi ng hơn 1tr/ tháng / ng )
⚡ Điện 4k/số | 💧 Nước 120k/người³ – intert nét 70k/phòng- Chi phí cực hợp lý
🏡 Phòng mới – sạch đẹp – vào ở ngay
✔ Không chung chủ – giờ giấc tự do
✔ Có ban công thoáng mát, đón nắng gió
✔ Tầng để xe rộng, cách ly với khu ở đảm bảo PCCC
✔ Có hệ thống máy sấy máy giặt đầy đủ
✔ Hệ thống PCCC đầy đủ, lối thoát hiểm an toàn
✔ Khoá điều khiển bằng App xịn xò , Camera 24/24 – an ninh tuyệt đối
✔ Nhà ít phòng an ninh trật tự đảm bảo, yên tĩnh
🛋 FULL nội thất mới 100%
✨ Tủ QA – Điều hoà – Nóng lạnh
✨ Tủ lạnh – Máy giặt – Tủ bếp – Hút mùi
✨ Quạt trần – Wifi tốc độ cao
👨‍👩‍👧‍👦 Phù hợp:
• Gia đình nhỏ
• Nhóm đi làm
• Sinh viên 3-4 người ở thoải mái
📞 Xem phòng miễn phí – liên hệ ngay:
Zalo/Call: 036.737.5555  
🔥 Phòng đẹp – giá tốt – hết rất nhanh, nhắn tin ngay kẻo lỡ!
 #chothuenhahoangmai #chothuenhahanoi",2026-06-25T03:48:02.000Z,2026-06-25T03:48:02+00:00,reject,missing_group:flood_state,1,"transport_impact,hanoi_location",0,flood_video_20,hệ thống thoát nước Hà Nội xe buýt,,,,,,2026-09-25T15:36:07.492967+07:00
facebook,3495618003938285,https://www.facebook.com/reel/3495618003938285,,"🔥🔥 Tôi là Hùng chính chủ cho thuê căn hộ FULL NỘI THẤT – Ở NGAY – mặt đường Hoàng Mai gần Đền Lừ 🌟
👉GIẢM NGAY 10%  cho bạn nào chốt nhà trong tháng nhé !
‍📍 Căn hộ lô góc 1 khách 1 ngủ rộng rãi, phòng nào cũng có ánh sáng !
📍 Địa chỉ: mặt đường Hoàng Mai- Hà Nội
👉 Vị trí siêu tiện: bán kính 500m ko thiếu thứ gì, ô tô taxi qua nhà, gần nhiều trường đại học, chợ đầu mối, Winmart,khu cafe ẩm thực, thể thao Đền Lừ, cách bến xe buýt cách 200m – đi học, đi làm cực nhanh!
💰 Giá chỉ 5.x tr /tháng( chia 3-4ng mỗi ng hơn 1tr/ tháng / ng )
⚡ Điện 4k/số | 💧 Nước 120k/người³ – intertnet 70k/phòng- Chi phí cực hợp lý
🏡 Phòng mới – sạch đẹp – vào ở ngay
✔ Không chung chủ – giờ giấc tự do
✔ Có cửa sổ lớn, 2 mặt thoáng đón nắng gió
✔ Tầng để xe rộng, cách ly với khu ở đảm bảo PCCC
✔ Có hệ thống máy sấy máy giặt riêng biệt từng phòng
✔ Hệ thống PCCC đầy đủ, lối thoát hiểm an toàn
✔ Khoá điều khiển bằng App xịn xò, Camera 24/24 – an ninh tuyệt đối
✔ Nhà ít phòng an ninh trật tự đảm bảo, yên tĩnh.
🛋 FULL nội thất mới 100%
✨ Tủ QA – Điều hoà – Nóng lạnh
✨ Tủ lạnh – Máy giặt – Tủ bếp – Hút mùi
✨ Quạt trần – Wifi tốc độ cao
👨‍👩‍👧‍👦 Phù hợp:
• Gia đình nhỏ
• Nhóm đi làm
• Sinh viên 3-4 người ở thoải mái
📞 Xem phòng miễn phí – liên hệ ngay:
Zalo/Call: 036.737.5555  
🔥 Phòng đẹp – giá tốt – hết rất nhanh, nhắn tin ngay kẻo lỡ!
 #chothuenhaquanhoangmai #chothuenhadenlu #chothuenhahoangmai #chothuecanhodichvutaihoangmai",,,reject,missing_group:flood_state,1,"transport_impact,hanoi_location",0,flood_video_20,hệ thống thoát nước Hà Nội xe buýt,,,,,,2026-09-25T15:36:40.162741+07:00
facebook,3510620695782798,https://www.facebook.com/photo?fbid=3510620695782798,,"Cảm ơn admin đã duyệt bài: 

📌Everest Titanium 4x2 2023 odo 2v5 km zin, xe cá nhân sử dụng đi lại giữ gìn, chưa đâm va, tai nạn ngập nước, xem xe tại Hà Nội và bao check test bên thứ 3 

☎️0367.869.698",,,accept,flood_transport_hanoi,1,"flood_state,transport_impact,hanoi_location",0,flood_post_13,nước ngập Hà Nội đường đi,,,,,,2026-09-25T14:27:43.756675+07:00
facebook,3559611470919639,https://www.facebook.com/376861891611727/videos/3559611470919639,(20+) Facebook,"Khách đi mấy chục thì đang ỉa chưa rửa đít đã đặt xe,mà đặt xe tài xế chưa kịp kéo ba tia đã hủy lái xe không đến, mà đi cuốc tiền trăm thì kiếm xe quuay đầu quay đít.hướng dẫn kiếm xe đi thì giá ko bằng grap bike. Khách nước ngoài thì khách sạn lượm sạch sẽ có lọt ra xí cức thì lx bây vô hạ giá cứ nghĩ kiếm xí màu bù vô rồi bụp nhau phốt nhau rồi đưa tiền cho mấy chú nhà nước.ae làm giá xe hơn mấy chục thì nói chặt chém mà lễ tân với bell làm giá trên trời thì nói giá tốt. Chạy ngơ ngơ thì gặp mấy chú ..còn cái cc héo qeo chứ tháng 2,3 chục.hết ca lút ca nhựa cái giờ thêm thằng xe buýt ăn mày ra giành ăn.",2024-01-22T04:35:45.000Z,2024-01-22T04:35:45+00:00,reject,missing_group:flood_state+hanoi_location,1,transport_impact,0,flood_video_24,lụt Ha Noi trạm xe buýt,,,,,,2026-09-25T16:13:52.748176+07:00
facebook,3601206326693808,https://www.facebook.com/photo?fbid=3601206326693808,,"𝐓𝐇𝐔 𝐒𝐀𝐍𝐆 𝐌𝐔̀𝐀 Đ𝐄̣𝐏 𝐍𝐇𝐀̂́𝐓💕💕💕💕
𝐗𝐄 𝐁𝐔𝐒 𝟐 𝐓𝐀̂̀𝐍𝐆 𝐇𝐀̀ 𝐍𝐎̣̂𝐈

Từ trên xe bus 2 tầng mui trần, mọi người được ngắm nhìn những hàng cây xanh mát, được ngắm nhìn đường phố sắc màu nhộn nhịp. Trên tuyến đường được ngắm nhìn lăng Bác, chùa Một cột, Hồ Tây, Văn miếu Quốc Tử Giám, các phố phường…

*Vé xe bus 2 tầng( ngồi tầng 2): 

-140k/ vé người lớn, 100k/ trẻ em( 6-11t)

- Cứ 30p có 1 chuyến, trẻ em dưới 6t miễn phí

- Từ 9h 15 - 17h 15 cứ 30p có 1 chuyến, chuyến tối 18h - 19h 30 : 30p có 1 chuyến( thứ 7 CN có thêm chuyến 20h)

- Điểm xuất phát: Vườn hoa con Cóc ( đối diện 51 Lý Thái Tổ, Nhà hát Lớn)

Call/zalo☎️ 𝟎𝟗𝟎𝟐𝟎𝟒𝟒𝟔𝟒𝟖",,,reject,missing_group:flood_state+hanoi_location,1,transport_impact,0,flood_post_21,ngập nước Ha Noi xe bus,,,,,,2026-09-25T15:42:26.939016+07:00
facebook,362352991443829,https://www.facebook.com/watch?v=362352991443829,,"Chiều tối nay, nhiều tuyến phố ở Hà Nội đã bị ngập sâu trong nước sau trận mưa lớn. Có bạn nào bắt được cá không?
---------
Đồng hành cùng VTV3:
- Fanpage: https://fb.com/giaitrivtv3
- Báo điện tử VTV: https://vtv.vn
- Xem trực tuyến: https://vtvgo.vn",,,reject,missing_group:transport_impact,1,"flood_state,hanoi_location",0,flood_video_12,nước tràn Hà Nội tuyến đường,,,,,,2026-09-25T14:22:52.458250+07:00
facebook,3684136828401617,https://www.facebook.com/photo?fbid=3684136828401617,,"[ HIẾM ] Căn Góc 200m2 Biệt thự nhà vườn tại KĐT Nam An Khánh Sudico Phân khu Vista Garden - tiếp Giáp Dự Án HadoChamr...

• Diện tích: 200m² - Căn góc - Hướng mát - Mặt đường đôi 34m...

🏡 Nhà xây thô 4 tầng. Bàn giao Gia chủ về tự tay thiết kế theo ý muốn.

🏃‍♂️ Tuyến đường đi bộ Ecopath bao quanh tạo nên một khuôn viên và cảnh quan cực thì thoáng mát và thư thái..

• Đơn giá cực kì hấp dẫn cho 1 Căn góc - Chỉ 1xxtr/m ( Sổ đỏ ) - Công chứng trong ngày

Chuyên mua bán nhà vườn, biệt thự, liền kề, shophouse khu đô thị, đất dịch vụ, đất thổ cư.

Quý A/c quan tâm vui lòng liên hệ ngay e Giá

Hotline : 0762235999 or zalo để xem nhà và làm việc trực tiếp chính chủ",,,reject,missing_group:flood_state,1,"transport_impact,hanoi_location",0,flood_post_10,mưa cực đoan Hà Nội chuyến đi,,,,,,2026-09-25T11:53:01.694895+07:00
facebook,3705703209586524,https://www.facebook.com/photo?fbid=3705703209586524,,"E còn 2 lô đất Vĩnh Phúc, Liệp Tuyết, Quốc Oai (Kiều Phú, Hà Nội).
+ Đi bộ 20m ra hồ nước sinh thái mát mẻ quanh năm, đường trước đất rộng 3m oto tránh xe máy
+ Cách trục 4 làn xe chạy DH05 chỉ 250m thuận tiện di chuyển ra UBND xã Kiều Phú, đại lộ thăng long, Viện nhi cs2, Viện sản tw cs 2, cách cụm 3 trường đại học chỉ loanh quanh 1km
Xung quanh dân cư đông, đầy đủ tiện ích
Lh 0967328990",,,reject,missing_group:flood_state,1,"transport_impact,hanoi_location",0,flood_post_13,nước ngập Hà Nội đường đi,,,,,,2026-09-25T14:27:11.475114+07:00
facebook,3811977678943693,https://www.facebook.com/photo?fbid=3811977678943693,,"G.ấp b.án nhà Quốc Oai, giáp An Khánh, Đại Lộ Thăng Long nhỉnh 2 t.ỷ 45m2 2 thoáng View đẹp xây 3 tầng đủ, đẹp, vị trí trung tâm xe bus gần ngay nhà.

👉 Nhà đẹp, view đẹp, vị trí trung tâm chỉ 15 phút lái xe là tới Mỹ Đình, nhà cao ráo nói không với ngập úng.

CÒN CHỜ GÌ MÀ KHÔNG ALO NGAY ĐỂ ĐI XEM THỰC TẾ.
Lân Bách Land - 🔝 MG uy tín có chứng chỉ, 🏠 nhà đẹp, 💰 giá đẹp
0961.019.586
#lanbachland",,,accept,flood_transport_hanoi,1,"flood_state,transport_impact,hanoi_location",0,flood_post_22,ngập úng Ha Noi bus,,,,,,2026-09-25T15:53:30.834239+07:00
facebook,3812012345606893,https://www.facebook.com/photo?fbid=3812012345606893,,"G.ấp b.án nhà Quốc Oai, giáp An Khánh, Đại Lộ Thăng Long nhỉnh 2 t.ỷ 45m2 2 thoáng View đẹp xây 3 tầng đủ, đẹp, vị trí trung tâm xe bus gần ngay nhà.

👉 Nhà đẹp, view đẹp, vị trí trung tâm chỉ 15 phút lái xe là tới Mỹ Đình, nhà cao ráo nói không với ngập úng.

CÒN CHỜ GÌ MÀ KHÔNG ALO NGAY ĐỂ ĐI XEM THỰC TẾ.
Lân Bách Land - 🔝 MG uy tín có chứng chỉ, 🏠 nhà đẹp, 💰 giá đẹp
0961.019.586
#lanbachland",,,accept,flood_transport_hanoi,1,"flood_state,transport_impact,hanoi_location",0,flood_post_22,ngập úng Ha Noi bus,,,,,,2026-09-25T15:54:22.298250+07:00
facebook,399923425861206,https://www.facebook.com/watch?v=399923425861206,(20+) Video,"Bí Kíp Thoát Hiểm Khi Xe Ô Tô Rơi Xuống Nước | Bcar Hà Nội | 0965.525.989
==============================
Mua Gầm Cao, Tại Sao Không Tới Bcar Hà Nội?
Hotline/Zalo: 0965.525.989
Địa chỉ: 26 Cầu Diễn, Phú Diễn, Bắc Từ Liêm, Hà Nội
Website: https://sieuthiotobcar.com/
==============================",2024-02-13T04:30:34.000Z,2024-02-13T04:30:34+00:00,reject,missing_group:flood_state,1,"transport_impact,hanoi_location",0,flood_video_19,thoát nước không kịp Hà Nội xe điện,,,,,,2026-09-25T15:30:04.091612+07:00
facebook,411252247872692,https://www.facebook.com/DongAnhNews/videos/411252247872692,(20+) Đông Anh News,"MỞ ĐƠN TUYỂN THÀNH VIÊN GEN 3 CÂU LẠC BỘ VINTELLIGENCE
(English caption below)

Là Câu lạc bộ về Khoa học Dữ liệu & Trí tuệ Nhân tạo đầu tiên tại VinUni, VinTelligence, đã và đang từng bước xây dựng một cộng đồng dành cho những bạn trẻ yêu thích Data Science, AI và công nghệ.

Thông qua các workshop chuyên môn, cuộc thi về dữ liệu, dự án thực tế và kết nối với doanh nghiệp, VinTelligence mong muốn tạo ra một môi trường nơi các thành viên không chỉ được học hỏi kiến thức, mà còn có cơ hội ứng dụng dữ liệu và công nghệ để giải quyết những bài toán thực tế. Vì vậy, chúng mình xin được thông báo:

CHÍNH THỨC MỞ ĐƠN TUYỂN THÀNH VIÊN GEN 3 CLB VINTELLIGENCE

📌 Link đăng ký & Mô tả công việc: https://forms.gle/m7XjNW8jxhyNz1329
📌 Hạn nộp đơn: 23:59, ngày 01/10/2026
📌 Đối tượng: Sinh viên Trường Đại học VinUni (riêng đối với Design Team, ứng viên có thể là học sinh THPT hoặc sinh viên các trường đại học trên toàn quốc)

Nếu bạn có niềm đam mê với dữ liệu, yêu thích công nghệ, hoặc đơn giản là muốn thử thách bản thân trong một môi trường năng động, sáng tạo và luôn khuyến khích tinh thần học hỏi, hãy lựa chọn vị trí phù hợp và đồng hành cùng VinTelligence tại một trong các ban:
🌟 Academic
🌟 Media (Content Writer / Designer / Photographer)
🌟 Operations

Khi trở thành thành viên Gen 3 của VinTelligence, bạn sẽ có cơ hội:
💥 Phát triển kiến thức và kỹ năng chuyên môn thông qua các workshop, internal training về Data Science, Machine Learning, AI cùng nhiều chủ đề công nghệ mới.
💥 Tham gia tổ chức các workshop, cuộc thi và hoạt động học thuật, góp phần mang kiến thức Data Science & AI đến gần hơn với cộng đồng sinh viên.
💥 Kết nối và học hỏi từ các chuyên gia trong ngành thông qua những workshop và hội thảo với sự tham gia của các tổ chức và doanh nghiệp công nghệ như Pixta, Qualcomm, Techcombank cùng nhiều đối tác khác.
💥 Ứng dụng công nghệ vào thực tế thông qua các dự án, bài toán và hoạt động sử dụng tư duy dữ liệu để tạo ra những giải pháp có giá trị.
💥 Trở thành một phần của cộng đồng những người trẻ đam mê khám phá tri thức, cùng đóng góp ý tưởng và định hình hướng phát triển tiếp theo của VinTelligence.

VinTelligence rất mong chờ được nhận những lá đơn đầy tâm huyết từ những thành viên tiềm năng trong tương lai. Hãy nhanh chóng điền đơn đăng ký và trở thành một phần của VinTelligence Gen 3 ngay nhé!
______________________________

As the first Data Science & Artificial Intelligence Club at VinUniversity, VinTelligence has been steadily building a community for students who are passionate about Data Science, AI, and technology.

Through specialized workshops, data competitions, hands-on projects, and industry connections, VinTelligence aims to create an environment where members can not only expand their knowledge, but also apply data and technology to solve real-world problems.
Therefore, we are excited to announce:

VINTELLIGENCE GEN 3 MEMBER RECRUITMENT IS OFFICIALLY OPEN!

📌 Application Form & Job Descriptions: https://forms.gle/m7XjNW8jxhyNz1329
📌 Application Deadline: 11:59 PM, October 1, 2026
📌 Eligibility: VinUniversity students. For the Design Team, applicants may also be high school students or university students from across Vietnam. 

If you are passionate about data, interested in technology, or simply looking to challenge yourself in a dynamic, creative, and learning-driven environment, choose the position that suits you best and join one of our teams:
🌟 Academic
🌟 Media (Content Writer / Designer / Photographer)
🌟 Operations

As a VinTelligence Gen 3 member, you will have the opportunity to:
💥 Develop your knowledge and technical skills through workshops and internal training sessions covering Data Science, Machine Learning, AI, and other emerging technology topics.
💥 Take part in organizing workshops, competitions, and academic activities, helping bring Data Science & AI knowledge closer to the student community.
💥 Connect with and learn from industry professionals through workshops and seminars featuring organizations and technology companies such as Pixta, Qualcomm, Techcombank, and many other partners.
💥 Apply technology to real-world challenges through projects and activities that use data-driven thinking to create meaningful solutions.
💥 Become part of a community of curious and passionate young minds, where you can contribute your ideas and help shape the future direction of VinTelligence.

VinTelligence looks forward to receiving thoughtful and passionate applications from our future members. Don’t miss your chance — submit your application and become part of VinTelligence Gen 3 today!
_______________
THÔNG TIN LIÊN HỆ
[P] Đặng Tuấn Kiệt: (+84) 965291007 (President)
[P] Nguyễn Hồng Khanh: (+84) 855576838 (Vice President)
[E] s.vintelligence@vinuni.edu.vn
[F] https://www.facebook.com/vintelligencevinuni/
[L] https://www.linkedin.com/company/vinuniversitytelligence/",#NÓNG,,reject,missing_group:flood_state,1,"transport_impact,hanoi_location",0,flood_video_11,nước dâng Hà Nội lộ trình,,,,,,2026-09-25T14:18:35.110146+07:00
facebook,4157128804329540,https://www.facebook.com/watch?v=4157128804329540,,"https://www.youtube.com/watch?v=Y6__M5Cmb1w
🤝🤝🤝🤝🤝🤝🤝🤝🤝🤝🤝🤝🤝🤝🤝

🤝Địa chỉ km12 cạnh bãi đá Văn Điển - Xã Vĩnh Quỳnh - Thanh Trì Hà Nội.
☘️Vị trí đắc địa với diện tích 3700m2 cạnh quốc lộ 1 A
☘️Ra vào thuận tiện có chỗ để xe vô cùng thoải mái, sạch sẽ.......
☘️Với đội ngũ kỹ thuật chuyên nghiệp có tay nghề cao.............
☘️Máy móc đầy đủ - nhận bảo trì sửa chữa tất cả các dòng xe .......
☘️Nhận đại tu nâng đời các dòng xe khách—- xe tai nạn xe ngập nước các kiểu.
..
🍁Giá cả phải chăng hỗ trợ nhiệt tình chu đáo.....
🍁Trời mưa cũng như trời nắng.... sấm chớp hay bão bùng... bên em vẫn phục vụ quý khách hàng....
🍁Hãy đến Gara X.E Việt Nam sự lựa chọn đáng tin cậy của quý khách hàng.
—————————————-
Lh : 0935.834.78& or zalo : 0911.668.362.",,,reject,missing_group:transport_impact,1,"flood_state,hanoi_location",0,flood_video_21,ngập nước Ha Noi xe bus,,,,,,2026-09-25T15:44:58.522712+07:00
facebook,417521604422832,https://www.facebook.com/watch?v=417521604422832,(20+) Video,"PHỐ BÙI XƯƠNG TRẠCH (KHƯƠNG ĐÌNH) NGẬP TRONG NƯỚC SAU TRẬN MƯA LỚN

Cơn mưa cường độ lớn kéo dài trong nhiều giờ đã khiến nhiều tuyến đường, phố ở Hà Nội chìm trong biển nước.

Khoảng 19 giờ ngày 12/5, cơn mưa với cường độ lớn bắt đầu xuất hiện trên địa bàn TP. Hà Nội. Mưa lớn kéo dài trong nhiều giờ đã khiến một tuyến đường, phố ở Khương Đình ngập sâu, gây khó khăn cho người và phương tiện khi tham gia giao thông.",2024-05-12T15:21:04.000Z,2024-05-12T15:21:04+00:00,accept,flood_transport_hanoi,1,"flood_state,transport_impact,hanoi_location",0,flood_video_06,phố ngập Hà Nội tham gia giao thông,,,,,,2026-09-25T11:21:07.562544+07:00
facebook,4193671504210756,https://www.facebook.com/watch?v=4193671504210756,(20+) Video,"Nóng: Nước cống đen ngòm tràn vào nhà dân sau mưa lớn tại Hà Nội - Nhiều tuyến đường ngập trong biển nước, giao thông hỗn loạn. H.",2025-05-25T08:47:57.000Z,2025-05-25T08:47:57+00:00,accept,flood_transport_hanoi,1,"flood_state,transport_impact,hanoi_location",0,flood_video_01,ngập nước Hà Nội giao thông,,,,,,2026-09-25T10:32:32.621267+07:00
facebook,4352397848226964,https://www.facebook.com/photo?fbid=4352397848226964,(20+) Facebook,"Trải nghiệm ngắm nhìn Hà Nội trên xe bus 2 tầng cùng các bạn nhỏ❤️ 
Thời tiết mát mẻ lại ko phải đi bộ, ko phải bế, hãm, cõng con.... ba mẹ thích nha. 😁😁😁
Sau này các con sẽ hiểu ba mẹ làm tất cả chỉ vì...
....
....
Ba mẹ mà thôi🤣

Đùa đấy, xong còn đc vào Lotte chơi, mua đồ... Lại đúng món đồ yêu thích, nên là nhớ sau vẫn phải mua ""en sua"" cho bame nha con😝",2026-08-31T13:25:54.000Z,2026-08-31T13:25:54+00:00,reject,missing_group:flood_state,1,"transport_impact,hanoi_location",0,flood_post_22,ngập úng Ha Noi bus,,,,,,2026-09-25T15:52:57.674076+07:00
facebook,4570688309880677,https://www.facebook.com/photo?fbid=4570688309880677,,"📢 THÔNG BÁO BỔ SUNG CHUYẾN XE MỚI.

Xe ngày và xe đêm🎉🎉🎉🎉🎉 

Nhà Xe Đăng Linh xin trân trọng thông báo đến Quý khách hàng đã, đang và sẽ sử dụng dịch vụ của nhà xe:

Nhằm đáp ứng nhu cầu đi lại ngày càng cao của Quý khách, Nhà xe Đăng Linh chính thức bổ sung thêm 02 khung giờ chạy mới:

🚌 Xe tối: Mù Cang Chải ➝ Bắc Ninh - Bắc Giang
🚌 Xe sáng: Bắc Ninh - Bắc Giang ➝ Mù Cang Chải

⸻

🕒 LỊCH XE CHẠY

Mù Cang Chải ➝ Bắc Ninh - Bắc Giang

📍 Mù Cang Chải: 06:00 & 18:00
📍 Trạm Tấu: 07:30 & 22:30
📍 Nghĩa Lộ: 10:00 & 23:30

Bắc Giang - Bắc Ninh ➝ Mù Cang Chải

📍 Bắc Giang: 07:00 & 19:00
📍 Bắc Ninh: 07:30 & 19:30
📍 Gia Lâm - Long Biên: 08:30 & 20:30
📍 Mỹ Đình: 21:00 (Đón khách tại số 2 Phạm Văn Đồng)

⸻

🛣️ LỘ TRÌNH DI CHUYỂN

Mù Cang Chải → Tú Lệ →Trạm Tấu → BX Nghĩa Lộ → Hưng Khánh → IC13 → Cao tốc Nội Bài - Lào Cai → Kim Anh → Mê Linh → Đông Anh → Buýt Bầu → Cầu Thăng Long → BX Mỹ Đình → Vin Cổ Loa → Cầu Đông Trù → QL5 → Gia Lâm → Long Biên → Cầu Phù Đổng → Ninh Hiệp → VSIP → Đồng Xép → KCN Yên Phong → TP. Bắc Ninh → Cầu Bồ Sơn → Cầu 18 → KCN Quế Võ → Cầu Như Nguyệt → KCN Quang Châu → Đình Trám → Vân Trung → Tử Thần → Big C Bắc Giang (cũ) → Kế → BX Bắc Giang.

✅ Nhà xe nhận đón và trả khách tại TP. Lạng Sơn, Đồng Đăng và Cửa khẩu Tân Thanh (theo yêu cầu).

🏠 Tại Nghĩa Lộ, nhà xe có xe trung chuyển đón và trả khách tận nơi.

⸻

☎️ HOTLINE ĐẶT XE

📞 Xe 01: 0358.411.444 ( Zalo Đặt Vé )
📞 Xe 02: 0846.824.555

📢 Hotline tiếp nhận mọi ý kiến phản ánh trên tuyến Bắc Ninh - Bắc Giang

📞 0846.221.333

⸻

❤️ Nhà xe Đăng Linh xin chân thành cảm ơn Quý khách đã luôn tin tưởng và đồng hành cùng chúng tôi.

Kính chúc Quý khách có những chuyến đi an toàn, thuận lợi và nhiều niềm vui! 🚍💙",,,reject,missing_group:flood_state,1,"transport_impact,hanoi_location",0,flood_post_24,lụt Ha Noi trạm xe buýt,,,,,,2026-09-25T16:11:49.812269+07:00
facebook,4716550778621889,https://www.facebook.com/photo?fbid=4716550778621889,(20+) Facebook,""" chẳng lẽ đường cụt không phải là đường ư Ông?
Hay chỉ là "" Nước Dềnh"" thôi, nước dềnh đã cướp đi sinh mạng  một người, nước dềnh cuốn trôi tuổi trẻ và ước mơ của bạn SV năm thứ nhất. 

LÝ DO KHÔNG CÓ NGƯỜI TRỰC TẠI ĐIỂM NGẬP 

Trưa 18/9, lực lượng tìm kiếm phát hiện một th.i th.ể nam giới tại khu vực miệng cống thoát nước ra sông Nhuệ, cách nơi na.m sin.h N.Đ.S. mất tích khoảng 1km. Người nhà xác nhận đây là S., sinh viên năm nhất Trường Đại học Mỏ - Địa chất, mới lên Hà Nội học hơn 2 tuần.

Liên quan khu vực xảy ra sự việc, ông Lê Quang Lực, đại diện Công ty cổ phần đô thị Việt Úc, xác nhận đơn vị phụ trách duy trì thoát nước tại đây. Ông cho biết thời điểm xảy ra sự việc không có công nhân ứng trực để hỗ trợ tiêu thoát nước hoặc cảnh báo tại điểm ngập.

Theo ông Lực, do tình trạng ngập diễn ra trên diện rộng, lực lượng được ưu tiên xử lý các tuyến giao thông chính trước. Khu vực này là đường cụt, không liên quan giao thông chính nên được bố trí xử lý sau. “Thời điểm đấy không có người ở đấy, có người thì đã hỗ trợ và không để xảy ra sự việc đau lòng như thế”, ông Lực nói.

Đơn vị cho biết sẽ cố gắng hỗ trợ gia đình trong khả năng, gồm hỗ trợ hậu sự và chi phí thuê thợ lặn.

"" chẳng lẽ đường cụt không phải là đường ư Ông?
Hay chỉ là "" Nước Dềnh"" thôi, nước dềnh đã cướp đi sinh mạng  một người, nước dềnh cuốn trôi tuổi trẻ và ước mơ của bạn SV năm thứ nhất. 

Nam mô A Di Đà Phật 🙏🙏🙏
Cầu mong cho con sớm được siêu thoát 🙏🙏🙏

 #ThoatNuoc #DiemNgap #DongNgac",2026-09-19T00:55:36.000Z,2026-09-19T00:55:36+00:00,accept,flood_transport_hanoi,1,"flood_state,transport_impact,hanoi_location",0,comment_reconciliation,,,6,,unverified,1,2026-09-25T11:08:30.303207+07:00
facebook,491353398001705,https://www.facebook.com/watch?v=491353398001705,(20+) Video,"TIN QUAN TRỌNG : HÀ NỘI SẴN SÀNG DI CHUYỂN HÀNG NGHÌN HỘ DÂN ĐÊM NAY ĐỂ TRÁNH LỤT 

Mực nước sông Bùi (huyện Chương Mỹ, Hà Nội) dâng cao, đe dọa sự an toàn của đê tả Bùi. Đến 19 giờ tối nay 30.7, Chánh VP Ban Chỉ huy Phòng chống thiên tai và Tìm kiếm cứu nạn HN Đỗ Đức Thịnh đang có mặt cùng Chủ tịch UBND TP Hà Nội Nguyễn Đức Chung trên đê tả Bùi để kiểm tra và chỉ đạo công tác hộ đê.

Mực nước ở sông Bùi đoạn Yên Duyệt hiện đang là 7,52m; nếu đúng như dự báo, nước lên khoảng nửa mét nữa thì tình hình sẽ hết sức nghiêm trọng đối với huyện Chương Mỹ.

“Nếu không giữ được đê tả Bùi thì nước sẽ vào toàn bộ huyện Chương Mỹ và đi ngược lên các khu vực sâu bên trong Hà Nội, kể cả quận Hà Đông và một số quận nội thành. Các tuyến giao thông ra phía tây sẽ bị chia cắt rất nghiêm trọng. Theo dự báo của Trung tâm dự báo khí tượng thủy văn quốc gia, đêm nay tại Hòa Bình sẽ có mưa to và nước từ Hòa Bình sẽ dồn về ép vào sông Bùi, khả năng lên cao hơn cả ngày hôm nay. Hà Nội đang rất khẩn trương triển khai các biện pháp hộ đê và chuẩn bị tình huống di dời dân khẩn cấp.

Nguồn : VTC news/MC Huy Anh",2018-07-31T15:13:45.000Z,2018-07-31T15:13:45+00:00,accept,flood_transport_hanoi,1,"flood_state,transport_impact,hanoi_location",0,flood_video_04,lụt Hà Nội di chuyển,,,,,,2026-09-25T11:02:58.615368+07:00
facebook,514677013651779,https://www.facebook.com/hutbephottaidinhcong/videos/514677013651779,,"🔔CÔNG TY MÔI TRƯỜNG XANH HÀ NỘI
MST.0108676160
CÔNG TY CHÚNG TÔI CHUYÊN 
THÔNG TẮC CỐNG.  HÚT BỂ PHỐT GIÁ RẺ
 Hotline☎️0941.366.272
⚠️Thông tắc bồn cầu, chậu rửa mặt, bồn rửa bát, cống nghẹt bằng máy móc hiện đại
⚠️Hút bể phốt bằng xe chuyên dụng với nhiều loại xe phù hợp, nạo vét cống ngầm bằng xe chuột phản lực 
⚠️Lắp đặt đường ống nước, lắp đặt đường thoát nước
🥇THÔNG TẮC CỐNG, BỒN CẦU, CHẬU RỬA BÁT TẠI HÀ NỘI VÀ CÁC TỈNH LÂN CẬN ☎️ 0941.366.272🎖🥇🏆
===================🎖🥇🎖===================
☎️CÓ MẶT KỊP THỜI GỌI LÀ CÓ
 👉THIẾT BỊ NHẬP KHẨU hiện đại, đội ngũ nhân viên GIÀU KINH NGHIỆM, cam kết 100%👇Đúng công ty đúng giá cả mà 2 bên thỏa thuận trước khi làm 
👉 Xử lý sự cố nhanh, sạch, gọn, đảm bảo vệ sinh 💥
👉 Không đục phá gây ảnh hưởng thẩm mỹ 
Công ty chúng tôi đầy đủ giấy tờ như giấy phép kinh doanh và giấy xả thải hợp phát và xuất hóa đơn điện tử cho quý khách ngay sau khi làm song 
👉 Có bảo hành cho khách hàng 💥
👉🤩 Uy tín - Chuyên nghiệp - Giá rẻ 
👍Phục vụ 24/24 ☎️0941.366.272",,,reject,missing_group:flood_state+transport_impact,1,hanoi_location,0,flood_video_19,thoát nước không kịp Hà Nội xe điện,,,,,,2026-09-25T15:31:19.097501+07:00
facebook,514683454320471,https://www.facebook.com/watch?v=514683454320471,(20+) Video,"Anh em Hà Nội còn ổn không ạ 😢

#VIVA #VIVANETWORK",2024-07-24T09:02:00.000Z,2024-07-24T09:02:00+00:00,reject,missing_group:flood_state+transport_impact,1,hanoi_location,0,flood_video_17,ngập sâu Hà Nội xe con,,,,,,2026-09-25T15:01:53.335575+07:00
facebook,5157565057653759,https://www.facebook.com/watch?v=5157565057653759,(20+) Video,"TÀI XẾ XE BUÝT ĐI CHẬM ĐỂ CHẮN GIÓ CHO XE MÁY
LƯU THÔNG TRÊN CẦU VĨNH TUY 😊

Tối ngày 5/7, Hà Nội mưa giông lớn bất ngờ khiến nhiều người đi đường trở tay không kịp. Chỉ trong vòng 15 phút, cơn mưa xối xả khiến nhiều đoạn đường ngập lụt, ùn tắc. Trên cầu Vĩnh Tuy (nối quận Hai Bà Trưng và quận Long Biên), nhiều xe máy không thể di chuyển vì gió tạt quá mạnh, nhiều người bị quật ngã. Anh Hoàng Hồng Quân đã đăng lên mạng xã hội cảnh báo mọi người hạn chế lên cầu, đồng thời cho phương tiện của mình đi thật chậm để chắn gió cho một số xe máy trên cầu lúc đó. Video này sau khi đăng tải nhận về nhiều lời khen và cảm ơn của cộng đồng mạng. Một số người nhận ra chiếc xe buýt giúp mình thoát khỏi nguy hiểm trong trận mưa lớn gửi lời cảm ơn tới bác tài và phụ xe.

Anh Quân sinh năm 1984, công tác tại xí nghiệp xe buýt Hà Nội.

Anh Quân cho biết: “Khoảng 17 giờ 40 phút, xe mình đi lên cầu thì thấy khá ùn tắc nên phải nhích chậm từng chút một vì rất sợ va quệt với các phương tiện khác.

Sau khi qua được nút thắt chỗ tắc, mình thấy xe máy dừng hết lại, chỉ có vài xe dám đi rồi loạng choạng, rất nguy hiểm. Lúc này mình từ từ xi nhan để xe vào làn giữa của cầu và tránh xe máy đang dừng. Thấy mưa gió to nguy hiểm, mình cho xe đi từ từ để chắn gió cho các xe máy đang lưu thông trên cầu. Các xe máy thấy được xe buýt chắn gió cũng từ từ đi theo xe mình. Khi đó giữa cầu có 2 xe máy vì vội vọt lên nên bị ngã, được một người ra dìu vào. Thấy vậy mình cũng cho xe đi thật chậm rồi đỗ lại để chắn gió, giúp 2 người bị ngã vào trong an toàn. Cứ như vậy, mình cho xe đi thật chậm, giúp những người đang đi trên cầu xuống dưới an toàn”. 

Việc làm ý nghĩa của tài xế xe buýt có sức lan tỏa mạnh. Bản thân anh cũng rất vui khi làm được việc tốt. 

“Thực ra mình cũng chỉ muốn đăng tải clip để cảnh báo mọi người đừng đi lên cầu Vĩnh Tuy lúc đó vì rất nguy hiểm. Khi đó ai cũng lo lắng, chỉ mong tất cả nhanh chóng xuống dưới cầu cho an toàn. Tối về thấy bài đăng được mọi người ủng hộ, chia sẻ và cảm ơn, mình thấy thật ấm lòng”, anh Quân nói. 

Theo: OFFB

#Viectute",2022-07-07T08:30:00.000Z,2022-07-07T08:30:00+00:00,accept,flood_transport_hanoi,1,"flood_state,transport_impact,hanoi_location",0,flood_video_24,lụt Ha Noi trạm xe buýt,,,,,,2026-09-25T16:15:25.610864+07:00
facebook,528767626362255,https://www.facebook.com/watch?v=528767626362255,,"Hà Nội lại mưa lớn ngập đường đầu tuần, dòng người lội nước bì bõm đi làm 😟

#TNN #YeaH1 #video #xuhuong",,,accept,flood_transport_hanoi,1,"flood_state,transport_impact,hanoi_location",0,flood_video_07,mưa ngập Hà Nội người đi đường,,,,,,2026-09-25T11:33:24.412375+07:00
facebook,5392331790854121,https://www.facebook.com/watch?v=5392331790854121,(20+) Video,"Nước ngập sâu trên nhiều tuyến phố Hà Nội sau cơn mưa kéo dài khiến hàng loạt người đi xe máy bị sóng nước xô ngã nhào mỗi lần ôtô đi qua, sáng 12/8.
Chi tiết: https://video.vnexpress.net/tin-tuc/thoi-su/ha-noi-mua-ngap-tac-duong-sau-bao-mulan-4498650.html
#VnExpress",2022-08-12T12:05:00.000Z,2022-08-12T12:05:00+00:00,accept,flood_transport_hanoi,1,"flood_state,transport_impact,hanoi_location",0,flood_video_07,mưa ngập Hà Nội người đi đường,,,,,,2026-09-25T11:32:44.297702+07:00
facebook,554861318040880,https://www.facebook.com/watch?v=554861318040880,(20+) Video,"SG chỉ một cơn mưa chiều trước giờ tan tầm thôi đã làm cả thành phố hồ chí minh nhốn nháo, giao thông rối loạn, xe ngã nước như rạ!
Chưa bao giờ thấy đường Phan Xích Long, Phú nhuận, SG ngập cao và nhanh như vầy.
Ác cái nó ko ngập nguyên đường. Ngã 4 PXL-Phan Đang Lưu vẫn bình thường, nhưng vô trong 1 chút là ngâp te tua, ngập lan quanh khu chung cư PXL, các đường nhánh và các con hẻm nên xe nào lỡ dại chạy vô hoặc trong ""rốn lũ "" ráng chạy với hy vọng là chỗ sắp tới sẽ đỡ hơn, coi như là dính chấu. Dắt bộ với nửa bánh xe ngập nước. Các con hẻm thì nước ngang lưng. Bà con dắt díu nhau túm tụm dừng xe ở những vỉa hè cao chờ nước rút như miền Tây mùa lũ vậy. Ku tí tui thử đi rà mấy miệng cống thoát nước, thấy nước trong miệng cống trào đẩy ngược chân mình trở ra, thay vì hút vào, chứng tỏ nước ở trỏng cũng ứ luôn rồi.
Tầng hầm tòa nhà ngân hàng VP bank, nước ào ào vô hầm.25 phút sau quay lại, nước đã ngập bằng mặt đường. Mấy chục chiếc xe máy &2 chiếc xe hơi dc dịp lặn tự do vô thời hạn.
Nghe nói đất Phú Nhuận, khu vực gần ngã 4 Phú Nhuận xưa dc tiếng là đất gò cao, sát kênh Nhiêu Lộc mà ngập vầy, thì mấy vùng trũng của SG ko biết thế nào!
Sài Gòn có vẻ không muốn trái với lời tiên tri của họ Trịnh ngày xưa rồi: mỗi mua mưa, là ""phố bổng là dòng sông uốn quanh"".
T/b 1: SG ngập nước, mới nhận ra rằng người SG có người sẵn sàng rọi đèn pin từ điện thoại phụ người khác chùi bu-gi, có người đi móc rác bịt kín ở miệng cống. Nhưng cũng có những người bóp còi inh ỏi giữa biển nước, giữa những dòng xe ai cũng như ai đang nhích từng tí một như thể không bóp thì họ sẽ không chạy xe nổi! Cũng có những chiếc xe hơi, dù nước ngập chưa tới nửa bánh xe hơi nhưng vẫn ưa giành đường chỗ cao hơn với xe máy, chạy nhanh tạo sóng, khiến không ít người loạng choạng, xoay trở không kịp và...tắt máy!
t/b2: Nếu có pokemon ở đây thì sao nhỉ, các thanh niên ở công viên Tao Đàn sẽ làm gì ta?hehe",2016-08-26T13:58:33.000Z,2016-08-26T13:58:33+00:00,reject,missing_group:hanoi_location,1,"flood_state,transport_impact",1,flood_video_19,thoát nước không kịp Hà Nội xe điện,,,,,,2026-09-25T15:31:24.618696+07:00
facebook,5689117201312504,https://www.facebook.com/photo?fbid=5689117201312504,,"Mới về Corolla Atis 1.8G 2018
Odo:3 vạn 
Cam kết ko tai nạn, ko ngập nước 
Máy số khung gầm nguyên bản
Hỗ trợ đổi các xe, sang tên
Giá hơn 4đ
Lh/zl:0962611345
Xem xe tại Hà Nội",,,reject,missing_group:transport_impact,1,"flood_state,hanoi_location",0,flood_post_21,ngập nước Ha Noi xe bus,,,,,,2026-09-25T15:43:03.114553+07:00
facebook,671782634414560,https://www.facebook.com/watch?v=671782634414560,,"Sáng ngày 4/8, nhiều xe ô tô di chuyển qua con đường bê tông ở xã Minh Phú, huyện Sóc Sơn, Hà Nội đã phải “chôn chân” trong đống đất đá do lũ quét từ trên đồi cao tràn xuống. Tối cùng ngày, Phó Chủ tịch UBND huyện Sóc Sơn Đỗ Minh Tuấn có báo cáo nhanh về tình hình, diễn biến trận mưa lớn trong ngày.",,,reject,missing_group:flood_state,1,"transport_impact,hanoi_location",0,flood_video_16,ngập cục bộ Hà Nội ô tô,,,,,,2026-09-25T14:54:07.343003+07:00
facebook,676131404786290,https://www.facebook.com/congdongzip/videos/676131404786290,(20+) Facebook,"3 Dấu hiệu nhận biết 1 CHIẾC GIƯỜNG THÔNG MINH TỐT VÀ AN TOÀN 

✅ Giường thông minh ZIP không bắt vít vào tường: đảm bảo AN TOÀN TUYỆT ĐỐI, an tâm ngon giấc 👌
✅  Phụ kiện nâng hạ lò xo trợ lực do Nội Thất Zip sản xuất: Chỉ cần 1 thao tác ĐƠN GIẢN, nâng hạ NHẸ NHÀNG
✅ Chất Liệu: 
 - Chất liệu sofa bọc VẢI NỈ TRƯỢT NƯỚC, chống thấm nước,  dễ dàng lau chùi vệ sinh ngay cả khi bị đổ nước, cafe, tương ớt….
 - Khung hợp kim nhôm cao cấp, mặt phủ laminate chống trầy xước cao và dễ vệ sinh —>  ĐỘ BỀN CAO 
✳️ Chính sách mua hàng Nội Thất ZIP
✔️ Hỗ trợ đo đạc, tư vấn MIỄN PHÍ tại nhà
✔️Vận chuyển lắp đặt tại nhà trên toàn quốc (miễn phí trong vòng 20km)
✔️ Hỗ trợ trả góp đối với thẻ tín dụng
✔️ Thời gian đặt hàng: 15-30 ngày ( Tuỳ công trình)
✔️Thiết kế 3D phòng ngủ thông minh MIỄN PHÍ
QUÝ KHÁCH CÓ THỂ XEM THÊM THÔNG TIN CHI TIẾT TẠI
💻 Website: https://noithatzip.com/products/giuong-sofa-ivy
------------------------------------------------
Showroom:
Hà Nội : Số 52/175 Lạc Long Quân- Nghĩa Đô- Cầu Giấy
TP.HCM : Số 163 đường 5 Lakeview- An Phú- Tp Thủ Đức
☎️ Số điện thoại liên hệ:
Hotline1: 0913996633
Hotline2: 0912996633
#giuonggap #giuonggapthongminh #giuongsofa
 #bànăn #banan #baanngapgon
#nộithấtzip #banhoc #bananthongminh #banlamviec 
#cănhộ #chungcư #cănhộchungcư #cc1PN #CC2PN #Nộithấtchungcư #Thiếtkếthicôngchungcư #CC3PN",2025-04-14T13:49:39.000Z,2025-04-14T13:49:39+00:00,reject,missing_group:flood_state+transport_impact,1,hanoi_location,1,flood_video_11,nước dâng Hà Nội lộ trình,,,,,,2026-09-25T14:18:40.594796+07:00
facebook,679691518021275,https://www.facebook.com/watch?v=679691518021275,(20+) Video,"Hà Nội cứ có tí mưa là trông thật thê thảm! Chẳng nhẽ mọi người cứ chấp nhận cái cảnh này mãi sao? Đã đến lúc thành phố nên thuê đơn vị nước ngoài họ đánh giá, tư vấn, thiết kế và xây dựng lại mạng lưới tiêu nước đi thôi. Việc trước sau cũng phải làm, làm sớm thì hưởng thái bình sớm.",2025-10-07T01:03:50.000Z,2025-10-07T01:03:50+00:00,reject,missing_group:flood_state,1,"transport_impact,hanoi_location",0,flood_video_03,ngập lụt Hà Nội đi lại,,,,,,2026-09-25T10:53:17.727124+07:00
facebook,690514670195784,https://www.facebook.com/watch?v=690514670195784,(20+) Video,"🌧️ MỘT BUỔI SÁNG HÀ NỘI MƯA NGẬP…

7h sáng nay, khi Hà Nội vẫn còn chìm trong mưa và nước ngập khắp phố, cô giáo của chúng tôi vẫn miệt mài trên con đường đến trường.

Cô đi từ nhà lúc 6h, một mình, trong cơn mưa nặng hạt, dắt xe qua từng đoạn ngập sâu.

Một tiếng đồng hồ dầm mình trong mưa, áo ướt sũng, tay run lạnh — nhưng ánh mắt cô vẫn rạng rỡ.

“Các con đang đợi, cô không thể đến muộn…”

Gần đến trường, chiếc xe bỗng chết máy.

Khoảnh khắc ấy, một phụ huynh tình cờ đi qua và ghi lại bằng chiếc điện thoại của mình — một hình ảnh giản dị mà xúc động đến tận tim.

Cảm ơn Cô,

vì tình yêu thương dành cho trẻ,
vì sự tận tâm vượt qua cả thời tiết,
vì đã dạy chúng tôi hiểu rằng:

Người thầy không chỉ gieo chữ, mà còn gieo gương về lòng kiên trì và trách nhiệm.

Xin gửi đến tất cả những người đang âm thầm cống hiến cho trẻ em — Dù mưa hay nắng, các thầy cô vẫn luôn là “ánh mặt trời” của lớp học 💛 

##YêuThươngTừNhữngĐiềuGiảnDị
#GiáoDụcBằngTráiTim",2025-10-07T11:54:47.000Z,2025-10-07T11:54:47+00:00,accept,flood_transport_hanoi,1,"flood_state,transport_impact,hanoi_location",0,flood_video_17,ngập sâu Hà Nội xe con,,10,,unverified,1,2026-09-25T15:00:41.219079+07:00
facebook,715328061455010,https://www.facebook.com/watch?v=715328061455010,(20+) Video,"🎒 TOUR TREKKING NÚI HÀM LỢN – NÓC NHÀ THỦ ĐÔ
🔥 Hành trình “cực chill” đang làm mưa làm gió với giới trẻ yêu thích leo núi!

🚨Giá Tour chỉ vài trăm k cho 1 người🚨

🚐 Trọn gói tiện lợi
 • Xe đưa đón khứ hồi từ nội thành Hà Nội
 • Có Porter chuyên nghiệp đồng hành xuyên suốt hành trình
 • 🏡 Ưu đãi đặc biệt cho khách nghỉ tại hệ thống Villa Sóc Sơn 
 • 🍱 Ăn uống trọn gói, không lo chuẩn bị

📍 Lịch trình chi tiết:

1️⃣ Đón đoàn tại điểm hẹn trong nội thành
2️⃣ Di chuyển đến khu vực núi Hàm Lợn
3️⃣ Porter đón và dẫn đường trekking
4️⃣ Hoàn thành chinh phục tại 1 trong 2 điểm kết thúc:

🔹 Điểm 1: Nhà bên rừng Ulesa – nghỉ ngơi, ăn uống, có xe đón
🔹 Điểm 2: Kết thúc tại hồ Đồng Đò – tham gia thêm hoạt động chèo kayak 🚣
🔹 Điểm 3: Về thẳng Villa hoặc địa điểm ăn uống định sẵn

🗺️ Kết thúc hành trình – trở về với trải nghiệm đáng nhớ!

⸻

📞 Liên hệ đặt tour ngay: 0983.632.286
📩 Số lượng giới hạn – ưu đãi cho nhóm từ 10 người trở lên!
🌿 Sẵn sàng cho một hành trình khám phá thiên nhiên đầy năng lượng?",2025-06-25T03:56:13.000Z,2025-06-25T03:56:13+00:00,reject,missing_group:flood_state,1,"transport_impact,hanoi_location",0,flood_video_10,mưa cực đoan Hà Nội chuyến đi,,,,,,2026-09-25T11:57:01.887767+07:00
facebook,725130661494130,https://www.facebook.com/HAIDILAOHANOI/videos/725130661494130,(20+) Facebook,"BẠN ĐÃ THỬ XEM MÚA MÌ ĐỈNH CAO TẠI HAIDILAO CHƯA?

Đến Haidilao mà chưa xem “tuyệt kỹ” Múa mì thì đúng thật là một thiếu sót!

Một khi bạn order, “soái ca” múa mì sẽ xuất hiện với chiếc loa bluetooth nhỏ xinh, sẵn sàng phát những ca khúc thịnh hành nhất!  Âm nhạc khuấy động không khí cũng là lúc chuyển động tay điêu luyện biến nắm bột ù lì thành sợi mì dài mỏng lả lướt. Bạn sẽ không thôi trầm trồ khi vắt mì “diễn tiết mục nhào lộn” trên không trung, có khi tưởng như bay vèo vào người bạn nhưng lập tức được kéo lại, để lại những phút bất ngờ vui vẻ!

Chỉ với 20K, vừa chiêm ngưỡng tiết mục nghệ thuật điệu nghệ mà vui nhộn, vừa nếm ngay mì tươi dai dai nhúng lẩu tại chỗ, đúng là không gì sánh bằng! Đến Haidilao, đừng bỏ lỡ màn Múa mì đặc sắc bạn nhé!
-----------------------
HAIDILAO HOTPOT - Hành trình tận hưởng sự tận tâm
Official Instagram: @haidilaohanoi
Chi nhánh 1 
🏠Tầng L6, VINCOM CENTER PHẠM NGỌC THẠCH 
Số 2 Phạm Ngọc Thạch, P. Trung Tự, Q. Đống Đa, TP. Hà Nội 
- Hotline: 02433502929 - 02433502299 
- Mở cửa từ 10h:00-1h:30 sáng 
Chi nhánh 2 
🏠Tầng 3, VINCOM TRẦN DUY HƯNG 
Số 119 Trần Duy Hưng, P. Trung Hòa, Q. Cầu Giấy, TP. Hà Nội 
- Hotline： 02439198822 - 02439198833 
- Mở cửa từ :10h:00-1h:30 sáng 
Chi nhánh 3 
🏠TĐ-43-Tầng B1-T5 VINCOM MEGA MALL TIMES CITY 
Số 458, Minh Khai, P. Vĩnh Tuy, Q. Hai Bà Trưng, TP. Hà Nội 
- Hotline: 02439188833 - 02439188855 
- Mở cửa từ :10h:00-1h:30 sáng 
Chi nhánh 4
🏠 Tầng 6 VINCOM NGUYỄN CHÍ THANH
Số 54A Nguyễn Chí Thanh, P. Láng Thượng, Q. Đống Đa, TP. Hà Nội.
- Hotline: 02439186633 - 02439186655 
- Mở cửa từ :10h:00-1h:30 sáng
Chi nhánh 5
🏠  河内市，嘉林县，骁骑社 Vincom Mega Mall Ocean Park 1楼 L1-17B TTTM Vincom Mega Mall Vincom Ocean Park, Gia Lâm, Hà Nội 
- Hotline: 02439039090 - 02439039191
- Mở cửa từ: 11:00 - 1:30 sáng",2021-03-22T14:00:00.000Z,2021-03-22T14:00:00+00:00,reject,missing_group:flood_state,1,"transport_impact,hanoi_location",0,flood_video_09,mưa kéo dài Hà Nội hành trình,,,,,,2026-09-25T11:50:17.063675+07:00
facebook,728212266944687,https://www.facebook.com/watch?v=728212266944687,,"Một ngày khó quên ở Hà Nội: Người dân vật lộn giữa ‘dòng đời’ ngập nước, ô tô trôi, xe máy bơi
TPO - Từ rạng sáng 7/10, mưa lớn kéo dài đã khiến nhiều tuyến phố Hà Nội ngập sâu, giao thông tê liệt. Có nơi nước dâng cao tới nửa mét, người dân phải dùng thuyền và bè tự chế để di chuyển qua dòng nước cuồn cuộn giữa lòng Thủ đô.
#tienphong #hanoi #ngaplut",,,accept,flood_transport_hanoi,1,"flood_state,transport_impact,hanoi_location",0,flood_video_01,ngập nước Hà Nội giao thông,,,,,,2026-09-25T10:31:02.141438+07:00
facebook,732869169747223,https://www.facebook.com/autoviettung/videos/732869169747223,(20+) Facebook,"🚗✨ Cần bán Toyota Innova 2017
                     Số sàn, xe ko taxi. 🚗

✅💰 GIÁ BÁN 375 triệu
           ✅☎️ hotline 0983625952

📋 Thông tin xe:
 • 🗓 Năm sản xuất: 2017
 • ⚙️ Phiên bản: 2.0 số sàn – máy xăng
 • 🎨 Màu sơn: sang trọng – sơn si bóng đẹp
 • 📑 Đăng ký tên tư nhân chính chủ, giấy tờ đầy đủ, sang tên nhanh gọn

🛠 Tình trạng xe:
 • 🔥 Máy móc nguyên zin, nổ êm – tiết kiệm nhiên liệu
 • ✅ Keo chỉ zin 95% ko taxi – không ngập nước
 • 🛞 Gầm bệ chắc chắn, vận hành ổn định
 • 🪑 Nội thất ghế da mới, trần nỉ zin , rộng rãi – sạch sẽ
 • ❄️ Điều hoà 2 dàn lạnh mát sâu
 • 📺 Màn hình androi, cam lui, cam hành trình + âm thanh sống động
 • 🚙 4 lốp còn mới, gương kính chỉnh điện đầy đủ, để STATOP hiện đại
       🛞 lazzang đúc theo xe, lốp 4 quả mới

💡 Ưu điểm nổi bật:
 • 🔑 Xe sạch sẽ , về chỉ việc đổ xăng chạy
 • 👨‍👩‍👧‍👦 Rộng rãi, bền bỉ – phù hợp gia đình hoặc chạy dịch vụ
 • 💰 Giữ giá tốt – chi phí sử dụng thấp

📌 Cam kết đảm bảo an ninh phát lý phạt nguội dõ dàng

👉 Liên hệ ngay để xem xe và lái thử thực tế! 📞
 👉🇻🇳 0983625952
✅⛳️ xem xe tại BA VÌ- tp HÀ NỘI,#xecugiatot,#inova,#toyotainova,#inova2017mt,#7chogiare,#santafe,#Sorento,#Everest,#Xpander,#xl7,#KIA,#toyota,#Fotuner",2025-08-29T09:18:02.000Z,2025-08-29T09:18:02+00:00,accept,flood_transport_hanoi,1,"flood_state,transport_impact,hanoi_location",0,comment_reconciliation,,,45,,unverified,1,2026-09-25T14:42:18.461641+07:00
facebook,746687855087056,https://www.facebook.com/reel/746687855087056,,"✨ KHÁM PHÁ KHÔNG GIAN HẸN HÒ “CHUẨN GU” GIỮA LÒNG HÀ NỘI ✨

Một homestay không chỉ để ở, mà để tận hưởng những cảm giác chưa từng có

HanoPalais không chỉ là nơi để trú chân – mà còn là điểm dừng để tận hưởng trọn vẹn mọi xúc cảm & khoảnh khắc. Tận hưởng ưu đãi khai trương với toàn bộ tiện ích tiêu chuẩn khách sạn:
🌿Thiết kế Địa Trung Hải tinh tế – độc đáo, tràn ngập ánh sáng tự nhiên và sắc màu ấm áp.
🛏  Các phòng đều là dạng 1 khách 1 ngủ, không còn nỗi lo ám mùi khi nghỉ ngơi.
🍳 Hệ tủ bếp đầy đủ đồ & dụng cụ nấu ăn.
📸 Góc check in sáng tạo, tình cảm, đậm chất cá nhân.
🍃 Mùi hương thư giãn, độc bản - Himalaya Sea Salt & Orchid.
✨ Các phòng đều có máy giặt + sấy (cảm giác như ở nhà lun nha).
📺 Màn chiếu cực rộng kèm netflix, wifi tốc độ cao. Tận hưởng không gian hẹn hò chuẩn điện ảnh.
📌 Vị trí trung tâm, cách Hồ Tây chỉ 1km – đủ gần để tiện lợi, đủ xa để bình yên.
🍷 Không gian sang trọng mà gần gũi, lý tưởng cho buổi hẹn hò, kỳ nghỉ ngắn hay những phút chill cùng người thân, bạn bè.

🏠Địa chỉ HanoPalais Base 1: Số nhà 1, Ngách 19, Ngõ 376 Đường Bưởi, Ba Đình, Hà Nội (ô tô vào được🚘).

Đừng bỏ lỡ ưu đãi, cùng chúng mình bắt đầu hành trình trải nghiệm một không gian nghỉ dưỡng chuẩn “chill” và ấm cúng nhé!
------------------------------
HANOPALAIS - Live the Palais life
BOOKING NOW
📲Booking: http://m.me/hanopalais.residence
🔹Facebook: https://www.facebook.com/hanopalais.residence
🔺Instagram: https://www.instagram.com/hanopalais.homestay/
▪️Tiktok: https://www.tiktok.com/@hanopalais
🌐Website: https://hanopalais.com/
📞 Hotline: 0962 807 962
✉️Email: hanopalais@gmail.com
------------------------------
#hanopalais #livethepalaislife #homestay #homestayhanoi #homestayvietnam #airbnb #airbnbhanoi #airbnbvietnam #couplehomestay #netflixandchill #boardgame",,,accept,flood_transport_hanoi,1,"flood_state,transport_impact,hanoi_location",0,flood_video_16,ngập cục bộ Hà Nội ô tô,,,,,,2026-09-25T14:55:20.861925+07:00
facebook,750457904269521,https://www.facebook.com/watch?v=750457904269521,(20+) Video,"NỖI NIỀM HÀ NỘI
           *****
Hà Nội không vội được đâu.
Một đêm mưa lớn ngập cầu giao thông.
Cứ tưởng cuộc sống màu hồng.
Phố phường sầm uất mà không ai ngờ.

Sáng dậy cứ tưởng là mơ.
Bước chân xuống phố bây giờ đang bơi.
6 giờ đi giữa biển trời.
Gần 3 tiếng rưỡi không ngơi ngoài đường.

Đường phố Hà Nội mến thương.
Mênh mông biển nước cung đường hiểm nguy.
Cuộc sống cũng chẳng vui gì.
Một cơn bão tố mỗi khi tràn về.

Sông Hồng nước lớn bờ đê.
Ô tô xe máy lối về ngập phăng.
Hỡi ơi cơ quan chức năng.
Bao nhiêu tiền thuế hỏi rằng để đâu.

Mỗi khi mưa lớn ngập đầu.
Ra đường cứ tưởng ao sâu thế này.
Đi xe bus được rửa tay.
Tha hồi sạch sẽ những ngày bão giông.

Hà Nội, ngày 26/8/2025.",2025-08-26T03:40:32.000Z,2025-08-26T03:40:32+00:00,accept,flood_transport_hanoi,1,"flood_state,transport_impact,hanoi_location",1,comment_reconciliation,,,13,,unverified,1,2026-09-25T15:51:08.317244+07:00
facebook,750708756507556,https://www.facebook.com/watch?v=750708756507556,,"🚘 PRADO 2022, xe gần như mới vừa chạy hết rốt đa, tên cty xuất hoá đơn gần 1.6 tỷ, biển HN khá dễ nhìn. Còn nguyên bảo hành chính hãng.
🇲🇺 ODO 2.6v (full lịch sử)
💵 Giá chào bán 28xx triệu
——
🇲🇺 Xe trang bị gói an toàn Toyota Safety sense cảnh báo lệch làn giữ làn đường, phanh khoảng, cách chủ động duy trì tốc độ với xe phía trước, đèn pha chủ động điều chỉnh cường độ, góc chiếu mở rộng
🇲🇺 Đề start/stop khoá thông minh
🇲🇺 Đèn full led, có rửa đèn, auto bật tắt, chủ động điều chỉnh cân bằng góc chiếu
🇲🇺 Ghế lái, ghế phụ chỉnh điện, có sấy, sưởi ghế.
🇲🇺 Gương chiếu hậu ngoài xe chỉnh gập điện, sấy gương, điều chỉnh góc chiếu khi lùi, có đèn chào mừng.
🇲🇺 Gạt mưa auto
🇲🇺 Màn hình cảm ứng kết nối bluetooth, usd, aux
🇲🇺 Hệ thống âm thanh vòm 14 loa JBL
🇲🇺 An toàn khác: Cân Bằng điện tử, 7 túi khí, cảm biến lùi, cảm biến góc, cảnh báo áp suất lốp, phanh ABS, BA, EBD
🇲🇺 Khởi hành bằng số 2, hỗ trợ khởi hành ngang dốc, ngăn làm mát.
🇲🇺 Điều hoà tự động 3 vùng độc lập, các cửa gió cho cả 3 hàng ghế
🇲🇺 Ga tự động cruisecontrol
🇲🇺 Hộp số 6 cấp, có lẫy chuyển số vô lăng, cài cầu điện.
💎 Nói KHÔNG với xe tai nạn, xe ngập nước.
———
☎️ 𝐇𝐨𝐭𝐥𝐢𝐧𝐞: 0912.911.922
Địa chỉ: Vạn Phúc, Hà Đông, HN
 🔰 𝑼𝒚 𝒕𝒊́𝒏 - 𝑻𝒂̣̂𝒏 𝒕𝒂̂𝒎 - 𝑪𝒉𝒖𝒚𝒆̂𝒏 𝒏𝒈𝒉𝒊𝒆̣̂𝒑
#Thegioixehoi #Autoworld",,,reject,missing_group:transport_impact,1,"flood_state,hanoi_location",0,flood_video_15,vùng ngập Hà Nội xe mô tô,,,,,,2026-09-25T14:47:23.260678+07:00
facebook,767529222906944,https://www.facebook.com/watch?v=767529222906944,(20+) Video,"HÀ NỘI NGẬP SÂU CẢ MÉT SAU BÃO KAJIKI, CHỦ XE HỐT HOẢNG TÌM BIỂN SỐ
Cơn mưa lớn sau bão số 5 Kajiki khiến Hà Nội ngập sâu trong biển nước. Nhiều tuyến đường tê liệt, phương tiện xe chết máy. Thậm chí có những chủ xe vì táo bạo băng qua đoạn đường ngập nước đã bị rơi mất biển số, phải nháo nhác kiếm tìm. 
Hashtag:
#vivuvietnam #hanoingapsau #baoso5 #baokajiki #hanoi #otoroibienso #nhipsonghanoi",2025-08-26T07:23:02.000Z,2025-08-26T07:23:02+00:00,accept,flood_transport_hanoi,1,"flood_state,transport_impact,hanoi_location",0,comment_reconciliation,,,11,,unverified,1,2026-09-25T15:06:09.368199+07:00
facebook,778756226453295,https://www.facebook.com/watch?v=778756226453295,,"Người Hà Nội co chân ngồi nhậu giữa mênh mông nước
========================
Trận mưa lớn tối 13/6 khiến đường phố Hà Nội rối loạn, nhiều người nửa đêm vẫn 'chôn chân' ngoài đường hoặc lội bì bõm trong nước ngập.

Nước mưa tràn vào nhà dân ở Hà Nội Dù đã được nâng cấp hệ thống thoát nước, mỗi khi trời mưa khu tập thể ở Hà Nội lại ngập sâu.

Sau trận mưa lớn, đường Phạm Hùng lúc 23h ngày 13/6 vẫn còn bị ùn tắc từ nút giao Mai Dịch kéo dài tới Khuất Duy Tiến.

ranh thủ khi không có khách, anh Hoan, nhân viên nhà hàng lẩu nướng ở phố Nguyễn Hoàng, tổ chức nhậu giữa nước ngập.

Toàn bộ tuyến đường Phạm Hùng, Dương Đình Nghệ, Nguyễn Hoàng, Tôn Thất Thuyết mênh mông nước. Nơi ngập sâu nhất hơn 1 m.

rước Bến xe Mỹ Đình, một phụ nữ cố gắng dắt xe qua ngã tư Nguyễn Hoàng - Phạm Hùng thì bị ngã, phải nhờ đến sự trợ giúp của một thanh niên gần đó.

Trước tòa nhà Keangnam, anh Hưng cùng người thân đẩy xe máy leo lên dải phân cách để đỡ bị ngập. Anh cho biết đi làm từ phố Nguyễn Chí Thanh, khi về đến đầu phố Dương Đình Nghệ thì bị ngập sâu. ""Không còn đường nào khác để đi, tôi đành chấp nhận hỏng xe, chờ nước rút thì biết đến bao giờ, đã muộn rồi"", anh nói.

Ngã tư Phạm Hùng - Nguyễn Hoàng ngập nặng, nhiều người đi qua đây phải dừng lại, một số khách đi xe buýt nhảy xuống lội bộ.

hân viên văn phòng gần khu vực tòa nhà Keangnam sau khi đợi ngớt mưa mới lội bộ về.

Trên đường Dương Đình Nghệ gần ngã tư Phạm Hùng, một chiếc Range Rover nằm bất động, không có bóng dáng người lái.
(nguồn Zing)

============
🎯 Liên hệ VTC Co TV
+ Zalo: https://VTCCo.vn/Zalo
+ Messenger: https://m.me/VTCCo.vn
☎️ HotLine: 08 88 18 6788
🌎 VTCCo.vn

#VTC
#VTCCo 
#TinMoi
#ThoiSu
#TinTuc 
#HaNoi 
#HaNoiBiNgap
#NguoiHaNoi 
#HaNoiBiNgapNuoc
#TinNong
#ToChucSuKien
#DichVuTruyenHinh
#TruyenThongPhuYen
#TruyenThongTuyHoa
#DichVuTruyenHinhTrucTiep
#DichVuTruyenHinhToanQuoc
#DichVuLiveStreamChuyenNghiep
#dichvutruyenhinhnhieudiemcau",,,accept,flood_transport_hanoi,1,"flood_state,transport_impact,hanoi_location",0,flood_video_20,hệ thống thoát nước Hà Nội xe buýt,,,,,,2026-09-25T15:37:13.042961+07:00
facebook,785093512443825,https://www.facebook.com/watch?v=785093512443825,(20+) Video,"Do ảnh hưởng của trận mưa lớn vào sáng 23-5, nhiều tuyến đướng ở Hà Nội đã bị ngập lụt, đặc biệt tại khu vực Đại Lộ Thăng Long, nước ngập úng nhiều giờ khiến các phương tiện đi qua đây gặp nhiều khó khăn.",2022-05-23T08:00:01.000Z,2022-05-23T08:00:01+00:00,accept,flood_transport_hanoi,1,"flood_state,transport_impact,hanoi_location",0,flood_video_03,ngập lụt Hà Nội đi lại,,,,,,2026-09-25T10:55:43.349001+07:00
facebook,821441973770056,https://www.facebook.com/watch?v=821441973770056,(20+) Video,"Khu nhà Ông Đạt làm răng 
Xuân Sơn- Trung Giã - Hà Nội 
Ngập xe bus không qua được
Đường chính ql3 các bác nhe 
Em về chạy đồ đây 
Mất điện 
Sắp mất nước",2025-10-08T21:57:37.000Z,2025-10-08T21:57:37+00:00,accept,flood_transport_hanoi,1,"flood_state,transport_impact,hanoi_location",0,comment_reconciliation,,,9,,unverified,1,2026-09-25T15:52:03.966242+07:00
facebook,824508433224990,https://www.facebook.com/watch?v=824508433224990,(20+) Video,"Theo ghi nhận của phóng viên trong sáng ngày 10/9, mực nước sông Hồng dâng cao khiến toàn bộ khu vực dân cư ngõ 46, ngõ 139 đường Chương Dương Độ chìm trong biển nước. Từ trên cao nhìn xuống, khu vực này chỉ còn những nóc nhà tôn hiện hữu. Phương tiện duy nhất có thể sử dụng để di chuyển là xuồng nhỏ và thuyền.",2024-09-10T09:24:57.000Z,2024-09-10T09:24:57+00:00,reject,missing_group:flood_state+hanoi_location,1,transport_impact,0,flood_video_04,lụt Hà Nội di chuyển,,,,,,2026-09-25T11:02:16.975892+07:00
facebook,824622720319723,https://www.facebook.com/photo?fbid=824622720319723,,"🚘 Toyota Veloz Cross Top 2022 (ĐK 2023) – Xe gia đình rộng rãi, tiết kiệm tối đa
📍 Odo 6,5 vạn km – 1 chủ biển Hà Nội – Màu Đen
💰 Giá chào: 530 triệu

✨ Điểm khác biệt khẳng định uy tín:
✔️ Cam kết ghi rõ trên hợp đồng: KHÔNG đâm đụng – KHÔNG ngập nước – KHÔNG thủy kích
✔️ Máy móc, động cơ, hộp số, khung gầm nguyên bản 100%
✔️ Bao check, test hãng toàn quốc

🏦 Hỗ trợ vay ngân hàng lãi suất tốt
🔄 Nhận giao lưu, trao đổi
💵 Thu mua xe cũ giá cao

📍 Xem xe tại Long Biên – Hà Nội
📲 Liên hệ: 0914.589.859 – 058.589.7979

👉 Inbox trực tiếp hoặc Gọi ngay để được tư vấn chi tiết & chốt xe sớm nhất!",,,reject,missing_group:transport_impact,1,"flood_state,hanoi_location",0,flood_post_14,điểm ngập Hà Nội xe máy,,,,,,2026-09-25T14:36:38.835009+07:00
facebook,830550806167627,https://www.facebook.com/watch?v=830550806167627,(20+) Video,"Tại Hà Nội, nhiều tuyến đường trong thôn An Lạc (xã Trung Giã) ngập sâu, lực lượng cứu hộ đã huy động nhiều phương tiện chuyên dụng, di chuyển người dân đến nơi an toàn.",2025-10-09T01:45:16.000Z,2025-10-09T01:45:16+00:00,accept,flood_transport_hanoi,1,"flood_state,transport_impact,hanoi_location",0,comment_reconciliation,,,14,,unverified,1,2026-09-25T11:03:56.413582+07:00
facebook,834778289489197,https://www.facebook.com/reel/834778289489197,,"🚨 Thành phố mưa lớn 15 phút – nước đã tràn vào nhà, tầng hầm?

Tài sản của bạn có đủ may mắn để “không sao” mỗi mùa ngập?**

Ô tô – xe máy – đồ điện – nội thất – kho hàng…
Chỉ một lần ngập là thiệt hại bằng vài năm tích cóp.
Và điều đáng sợ nhất?
Ngập đến bất ngờ, không kịp trở tay.

🔥 Topeuro – Vách Chống Ngập 99,99% đang được dân thành phố & chủ đầu tư chung cư lắp ồ ạt

Một giải pháp nhỏ – bảo vệ tài sản hàng trăm triệu.

Vách chống ngập Topeuro dùng hợp kim nhôm dày 1.4–2mm, gioăng EPDM kín tuyệt đối và vít inox 304 chống gỉ 20 năm.
Điểm vượt trội khiến Topeuro trở thành lựa chọn số 1:

✔ Kín khít 99,99% – Nước KHÔNG thể lọt qua
✔ Chịu áp lực mạnh – Sóng tạt từ xe tải, ô tô chạy ngang cũng không làm lung lay
✔ Siêu bền 20 năm – Không cong vênh, không rỉ sét kể cả mưa bão
✔ Nhẹ – dễ lắp – Phụ nữ, người già cũng tự lắp trong 1 phút
✔ Thi công theo kích thước cửa nhà, cửa gara, cửa tầng hầm
✔ Tháo lắp nhanh – cất gọn khi trời nắng

💥 Hàng trăm hộ dân & chủ chung cư đã thoát cảnh nước tràn chỉ nhờ… một vách chắn

Họ đã không còn phải:
– Dọn bùn, lau nhà xuyên đêm
– Lo ô tô, xe máy chìm trong nước
– Bảo hiểm từ chối bồi thường
– Mất hàng hóa, máy móc, thiết bị điện chỉ vì trận mưa 20 phút

Bây giờ, khi mưa lớn hay triều cường, họ chỉ việc đặt vách Topeuro vào là yên tâm tuyệt đối.

👉 Giải pháp tốt nhất để bảo vệ tài sản của bạn

Đừng để nước ngập phá hỏng thứ bạn đã vất vả xây dựng.
Chỉ một lần lắp – bảo vệ an toàn nhiều năm.

📞 ĐỂ LẠI SỐ ĐIỆN THOẠI tại đây để được tư vấn – khảo sát – báo giá theo kích thước cửa

👉 Đ/c Dốc Đồng Trì - Tứ Hiệp - Thanh Trì - Hà Nội
📞 0867 430 956

#VáchChốngNgập #Topeuro #ChốngNgập99 #ChốngNgậpNhàPhố
#ChặnNướcTràn #AnToànTàiSản #GiảiPhápChốngNgập #TầngHầmKhôngNgập
#MùaMưaKhôngLo #ChốngNgậpChungCư #ChặnNgậpCửaNhà #EPDM #Inox304",,,accept,flood_transport_hanoi,1,"flood_state,transport_impact,hanoi_location",0,flood_video_19,thoát nước không kịp Hà Nội xe điện,,,,,,2026-09-25T15:32:02.099434+07:00
facebook,856756498751389,https://www.facebook.com/Jayni.travel/videos/856756498751389,(20+) Facebook,"Ninh Bình có đáng để mình quay trở lại?

Review Ninh Bình trong hành trình 17 ngày đi du lịch 1 mình là điều hơi vô lý, nhưng mà thiệt, tự nhiên đang Cao Bằng về Hà Nội, thay vì lên Yên Bái thì mình bắt xe đi Ninh Bình trong vài nốt nhạc ❤️

Chi phí cho chuyến đi 2 ngày 1 đêm là khoảng 2 củ hơn vì mình book 1 chiếc phòng để nghỉ thiệt sang, xả hơi sau 10 ngày dài. Nếu đi theo nhóm sẽ tiết kiệm hơn! 

😁 Đây là lần đầu tiên đi Ninh Bình, nhưng đi kiểu rất chill nên sắp tới mùa đẹp, sẵn review cho mọi người để lên lịch nha! Mùa này thì còn có lễ hội chùa Bái Đính kéo dài đến hết tháng 3 Âm lịch. 

Các điểm tham quan Ninh Bình mình ghé là: 

1. Đi thuyền Tràng An vì bên Tam Cốc mùa cuối năm cũng không còn lúa hay sen nở.
Tầm mùa hoa sen Tam Cốc -  Hang Múa là hè, tháng 5-6-8 😘

2. Tiếp theo là Chùa Bích Động, chỗ này không tốn vé nha.
3. Tuyệt Tình Cốc và cố đô Hoa Lư, hai chỗ này gần nhau, và nằm gần Tràng An.
Tuyệt Tình Cốc vé vào là 20, gửi xe 10, nếu thuê xe đạp chạy thì 50 cho 1 chiếc.
 
4. Cố Đô Hoa Lư gồm nhiều di tích khác nhau, rộng và nếu đi bộ sẽ rất mỏi chân luôn nha. Bình thường có mấy chú xe ôm đứng trước cửa gọi mời các bạn để chú chở vào á.

Hy vọng sớm quay lại vì thích Ninh Bình quá, khung cảnh đẹp xuất sắc, núi sông hùng vĩ, mới hiểu xưa kia vì sao các Vua chọn làm kinh đô ❤️ 

#JayniTravel  #Vietnam #NinhBinh #Dulich #DulichNinhBinj #Review",2023-02-24T12:34:16.000Z,2023-02-24T12:34:16+00:00,reject,missing_group:flood_state,1,"transport_impact,hanoi_location",0,flood_video_09,mưa kéo dài Hà Nội hành trình,,,,,,2026-09-25T11:50:27.645258+07:00
facebook,857810056892524,https://www.facebook.com/reel/857810056892524,,"🚍 Hành trình Quảng Bình ⇆ Hà Nội ⇆ Sân Bay Nội Bài thoải mái và an toàn cùng Hoàng Linh Limousine

Bạn chỉ cần xách balo lên, còn lại hãy để Hoàng Linh Limousine đồng hành:
✅ Không phải lo chậm giờ – xe luôn đúng hẹn, để bạn an tâm sắp xếp công việc.
✅ Không còn nỗi mệt mỏi đường dài – ghế giường êm ái, cabin riêng tư để bạn ngủ một giấc thật sâu.

✅ Trải nghiệm di chuyển đẳng cấp với hệ thống Limousine giường nằm VIP, phục vụ hàng ngày trên các tuyến:
➖ Tuyến 1: Lệ Thủy – Đồng Hới – Hoàn Lão – Hà Nội
➖ Tuyến 2: Troóc – Phong Nha – Hoàn Lão – Hà Nội
➖ Tuyến 3: Quy Đạt – Đồng Lê – Ba Đồn – Hà Nội

✅ Giường nằm cao cấp – Wifi – Nước uống – Phục vụ tận tình.
✅ Đón trả tận nơi – Đúng giờ – An toàn tuyệt đối.

👉 Liên hệ ngay để đặt vé:
📞 HOTLINE/ZALO: 0825.599.599 – 09.66673.888
📍 Fanpage: Hoàng Linh Limousine
💛 Hoàng Linh Limousine – Giữ trọn niềm tin, nâng tầm trải nghiệm.

#HoangLinhLimousine #LimousineQuangBinh #DuaDonKhachDuLich #DiChuyenAnToan
#XeKháchQuảngBìnhHàNội #XeHàNộiQuảngBình #XeLimousineQuảngBìnhHàNội #XeĐưaĐónSânBayNộiBài",,,reject,missing_group:flood_state,1,"transport_impact,hanoi_location",0,flood_video_11,nước dâng Hà Nội lộ trình,,,,,,2026-09-25T14:19:13.751311+07:00
facebook,874565107516326,https://www.facebook.com/watch?v=874565107516326,(20+) Video,"🛑 XUẤT HIỆN NGHỀ MỚI ""HỐT BẠC TRIỆU"" TRONG NGÀY HÀ NỘI NGẬP LỤT
Trận mưa lớn kéo dài từ đêm hôm qua đến tận sáng nay khiến cho nhiều tuyến đường nội đô Hà Nội bị ngập lụt, giao thông qua lại khó khăn. Thế nhưng, nếu nhiều người khốn khổ với tình trạng ngập úng thì không ít người lại mừng thầm, “mở cờ trong bụng” vì hưởng  “lộc trời”. Cũng nhờ trận mưa đó, nhiều nghề như sửa xe, cứu hộ và thậm chí là kéo xe đã kiếm được vài triệu chỉ trong một ngày.

#ngapung #untac #hanoimualon #hanoingapubg #hanoionline #hanoitv #tintuc #tinnong #htv #tintuc24h #truyenhinhhanoi #daihanoi #tv24h",2023-09-28T10:36:24.000Z,2023-09-28T10:36:24+00:00,accept,flood_transport_hanoi,1,"flood_state,transport_impact,hanoi_location",0,flood_video_22,ngập úng Ha Noi bus,,,,,,2026-09-25T15:57:47.989776+07:00
facebook,884043941371331,https://www.facebook.com/watch?v=884043941371331,,"Trời mưa to thế?
Vậy Noble Palace Tây Thăng Long có bị ngập úng không?
Không ngập anh chị nhé.

An tâm mua ở hay đầu tư tại dự án Noble Palace Tây Thăng Long.
Xã Ô Diên, Tp Hà Nội.

Giữa vành đai 3.5-4, cách Ngoại Giao Đoàn - Hồ Tây chỉ 15-20p di chuyển.
Cách ngã tư Xuân Thuỷ - Phạm Văn Đông 9.5km.

Quỹ hàng liền kề giá 11-12-13-14-15-16-17 tỷ
Căn Vip mặt công viên 23.5 tỷ căn 97m2 xây 5 tầng, diện tích xây dựng 358m2.

Liên hệ em Tú: 035 848 5678

#nobleplacetaythanglong",,,accept,flood_transport_hanoi,1,"flood_state,transport_impact,hanoi_location",0,flood_video_02,ngập úng Hà Nội đi,,,,,,2026-09-25T10:47:28.229918+07:00
facebook,897116106489858,https://www.facebook.com/photo?fbid=897116106489858,,"**CHÍNH CHỦ BÁN MERCEDES S500 2013 – 92.000 KM – GIÁ 850 TRIỆU**

Chính chủ cần bán **Mercedes-Benz S500 đời 2013**, xe gia đình sử dụng, **không qua môi giới, không phải xe salon**.

Thông tin xe:
* **Mercedes-Benz S500 – đời 2013**
* Ngoại thất: **Đen Titan**
* Nội thất: **Đen**
* ODO: **khoảng 92.000 km**
* Xe còn khá mới so với tuổi xe, được sử dụng và giữ gìn cẩn thận
* **Nội – ngoại thất còn zin**
* **Chưa đâm đụng ảnh hưởng kết cấu**
* **Không ngập nước, không thủy kích**
* **Động cơ và hộp số nguyên bản theo xe**
* Xe hiện vận hành tốt, máy móc êm

Mình bán xe theo đúng tinh thần **xe thế nào nói đúng như vậy**, không phải người kinh doanh xe nên anh/chị thực sự quan tâm có thể **check xe thoải mái tại hãng hoặc bất kỳ cơ sở/gara uy tín nào** trước khi quyết định.

**Xe xem tại Hà Nội**
**Giá bán: 850 triệu**
**Liên hệ em Diệp 0982433209**",,,reject,missing_group:transport_impact,1,"flood_state,hanoi_location",0,flood_post_17,ngập sâu Hà Nội xe con,,,,,,2026-09-25T14:58:22.361072+07:00
facebook,919476490859227,https://www.facebook.com/watch?v=919476490859227,(20+) Video,"Vụ hỏa hoạn nghiêm trọng xảy ra vào rạng sáng ngày 16/9/2026 tại một ngôi nhà 4 tầng ở phường Tây Hồ, quận Tây Hồ, Hà Nội đã khiến 5 người tử vong. 

 Diễn biến vụ hỏa hoạn

Thời gian xảy ra: Ngọn lửa bắt đầu bùng phát vào khoảng 1h50 sáng ngày 16/9/2026. Người dân xung quanh phát hiện đã hô hoán và dùng bình chữa cháy mini để dập lửa tại chỗ nhưng bất thành do đám cháy lan quá nhanh. 

Nhận tin báo: Lúc 2h06, Trung tâm Thông tin chỉ huy Công an TP Hà Nội tiếp nhận tin báo cháy tại số nhà 2B, ngõ 2B Văn Cao, phường Tây Hồ. 

Lực lượng ứng cứu: 5 xe chữa cháy cùng gần 40 cán bộ, chiến sĩ từ các Đội Cảnh sát PCCC&CNCH khu vực số 8, 10 và 14 đã lập tức đến hiện trường. Lãnh đạo Công an Thành phố cũng trực tiếp có mặt để chỉ đạo công tác cứu hộ. 

Hiện trường và công tác cứu hộ

Đặc điểm ngôi nhà: Căn nhà xảy cháy cao 4 tầng, diện tích mặt sàn khoảng 60m²/tầng.

Thoát nạn: Khi lực lượng chức năng tiếp cận, đã có 4 người kịp thời tự thoát nạn ra ngoài an toàn. Tuy nhiên, vẫn còn nhiều người mắc kẹt bên trong.

Chống cháy lan: Các chiến sĩ cứu hỏa phải sử dụng bình thở chuyên dụng để tiến sâu vào các tầng tìm kiếm nạn nhân, đồng thời phun nước bao vây để lửa không cháy lan sang các nhà dân liền kề.

Dập tắt lửa: Đến 2h30, đám cháy cơ bản được khống chế và đến 2h45, ngọn lửa được dập tắt hoàn toàn. 

Thiệt hại và nguyên nhân

Thiệt hại về người: Trong quá trình tìm kiếm, lực lượng cứu hộ đau xót phát hiện 5 nạn nhân đã tử vong bên trong căn nhà và bàn giao cho cơ quan y tế. 

Nguyên nhân: Hiện Giám đốc Công an TP Hà Nội đang chỉ đạo các đơn vị nghiệp vụ khẩn trương khám nghiệm hiện trường, điều tra làm rõ nguyên nhân dẫn đến vụ cháy.",2026-09-16T00:32:33.000Z,2026-09-16T00:32:33+00:00,reject,missing_group:flood_state+transport_impact,1,hanoi_location,0,flood_video_19,thoát nước không kịp Hà Nội xe điện,,,,,,2026-09-25T15:30:09.789348+07:00
facebook,921038562542166,https://www.facebook.com/watch?v=921038562542166,(20+) Video,"Lâu rồi, tôi mới lang thang đêm Hà Nội...Tôi đi dọc theo những con đường nhỏ, đi để nhớ về 36 phố phường xưa, rồi ngồi trầm tư dưới gốc sấu già bên chén chè nóng mong xua bớt cái lạnh về khuya...

Người trong phố, như những căn nhà đóng kín cửa và câu nói còn ngập ngừng như còn đọng chút rêu phong bám trên các mảng tường phố cổ...Những ngọn đèn vàng vẫn sáng ấm góc đường, lung linh trong gió heo may, chút sáng tối đọng trên vai người phu xe kịp khuất sang một ngõ phố...Ở đó, nơi tôi đi qua, chút hương hoa sữa còn đọng bên thềm...

Tôi lại đi giữa khu phố khác, hình dung ra nhịp sống ban ngày của những căn hộ tập thể ồn ào, náo nhiệt, có bạn bè, có những chiếc cốc đổ ngập rượu mơ, có điếu thuốc ấm khi tiết trời chớm đông mang vẻ dịu dàng...

Tôi vẫn thèm nghe tiếng tàu điện leng keng trong mờ sương trôi dần về phía Bờ Hồ...Mỗi sáng, muốn thấy lại người soát vé già ẩn hiện nếp nhăn trên mặt dưới vành mũ cối cùng hành khách đầu tiên trong tinh mơ Hà Nội với quang gánh, thúng mủng để chợt nhớ phố xưa...Nơi ấy phía ngã ba không đèn, cùng những buổi sớm cuồn cuộn sương trôi, chiếc xe đạp rời bến sông để vào phố thị, mang theo giọng nói vùng miền cùng quang gánh, thúng mủng có vịt gà, rau cỏ, hoa tươi...

Trời Hà Nội đang mùa đông, miên man đi giữa đêm, tôi chợt nhận ra còn thật ít những căn nhà nhỏ cùng rêu phong phủ mờ...Hàng hoá, nhà hàng, khách sạn rộng cửa với ánh điện đủ màu, tây ta trộn lẫn chen vai trong từng con đường nhỏ... Có còn chăng là phố Thuốc Bắc đượm thơm mùi thuốc, phố Hàng Mã bày hàng cõi âm và đồ chơi giấy, có thật nhiều những quang gánh trên đôi vai các chị từ những vùng quê tất tả mang theo phiên chợ di động khắp phố phường...Gần sáng, tiếng người rao hàng đã hết, hết hẳn những cụ già bày bán chè chén dưới gốc sấu già...Chợt trong đêm vắng lại nghe tiếng lá rơi nơi thềm phố cổ, rơi vội vã như cơn gió thốc ùa qua và thật sớm, khi sương còn đông, nhịp chổi ràn rạt của người quét đường thay cho tiếng tàu điện leng keng vòng vọng...

Buổi sáng, đường phố sạch bong, nhịp điệu hối hả ngày thường trong dãy phố vào thời mở cửa mang một nụ cười rất mới...Còn đâu, những vết rêu phong trên nền phố cổ...

Ps : Sáng ngồi ăn bát "" Phở Vui "" lại nhớ giọng đọc về Phở Ngon của Bố Chức .",2023-01-10T00:19:28.000Z,2023-01-10T00:19:28+00:00,accept,flood_transport_hanoi,1,"flood_state,transport_impact,hanoi_location",0,flood_video_18,ngập diện rộng Hà Nội xe đạp,,,,,,2026-09-25T15:11:06.296084+07:00
facebook,928373536986093,https://www.facebook.com/photo?fbid=928373536986093,,"Do nhu cầu đổi xe em cần bán Vf8 Eco sx 2023 Pin catl keo chỉ khung gầm nguyên zin🚨🚨🚨
E cần ra đi Vf8 Eco sx 2023 - Pin Catl ❌❌❌
👉 Odo 4v7 
👉 Xe đã lên nhiều đồ ạ tặng thêm khách Cam hành trình, thảm đúc, bảo hiểm còn dài hạn 
❌❌❌ Rá 660 có thương lượng🚀🚀🚀
Bác nào quan tâm lh e ạ 
📲📲📲 0901520898( e Việt)
⛳️ Sẵn xe tại Hà Nội",,,reject,missing_group:flood_state,1,"transport_impact,hanoi_location",0,flood_post_09,mưa kéo dài Hà Nội hành trình,,,,,,2026-09-25T11:45:43.584937+07:00
facebook,929705396226135,https://www.facebook.com/watch?v=929705396226135,,"🚨 ỨNG PHÓ MƯA LŨ, HỖ TRỢ NHÂN DÂN

---
🛑 Trước diễn biến phức tạp của mưa bão, từ ngày 21/8, Công an tỉnh Lạng Sơn đã chủ động triển khai đồng bộ các phương án ứng phó, huy động lực lượng, phương tiện, sẵn sàng hỗ trợ Nhân dân, hạn chế thấp nhất thiệt hại do mưa lũ gây ra.

Từ đêm 21 đến rạng sáng 22/8, mưa lớn kéo dài khiến nhiều khu vực trên địa bàn tỉnh xảy ra ngập úng, sạt lở, cây đổ, nước sông, suối dâng cao. 

Tại chợ Giếng Vuông, hơn 70 cán bộ, chiến sĩ Cảnh sát cơ động cùng các lực lượng chức năng đã được tăng cường từ khoảng 5 giờ sáng, hỗ trợ người dân di chuyển người, hàng hóa, tài sản đến nơi an toàn; đồng thời kịp thời sơ cứu, đưa một người dân bị thương ở chân tại khu vực ngập sâu đến nơi an toàn.

Tại phường Kỳ Lừa, nước sông Kỳ Cùng và suối Lao Ly dâng nhanh, gây ngập một số hộ dân khu vực chợ Bản Ngà và các sạp hàng chợ Giếng Vuông.

Công an phường phối hợp các lực lượng tại chỗ tổ chức sơ tán, hỗ trợ người dân di chuyển tài sản. 

Tại xã Mẫu Sơn, lực lượng Công an phối hợp với chính quyền, lực lượng quân sự và lực lượng tham gia bảo vệ ANTT ở cơ sở tuyên truyền, cảnh báo người dân, căng dây tại các ngầm tràn, hỗ trợ các hộ dân bị ngập.

Tại xã Ba Sơn, nước lũ dâng cao, nhiều điểm sạt lở gây chia cắt một số thôn; trong đó, thôn Xuất Lễ có 3 gia đình, thôn Bản Ranh có 1 gia đình bị sạt lở. Công an xã đã phối hợp các lực lượng kịp thời hỗ trợ, bảo đảm an toàn cho người dân.

Cùng với đó, Công an các xã, phường trên địa bàn tỉnh đang duy trì lực lượng thường trực, theo dõi sát diễn biến mưa lũ, chủ động rà soát các khu vực xung yếu, kịp thời cảnh báo, hỗ trợ Nhân dân di chuyển người, tài sản đến nơi an toàn và sẵn sàng triển khai các phương án cứu nạn, cứu hộ khi có tình huống xảy ra. 

Phòng Cảnh sát giao thông chỉ đạo các đội, trạm tăng cường phối hợp với Công an cơ sở, chủ động phân luồng, điều tiết giao thông, cảnh báo tại các tuyến đường ngập, khu vực có nguy cơ sạt lở, góp phần bảo đảm TTATGT.

Trước diễn biến mưa lũ còn phức tạp, Công an tỉnh Lạng Sơn tiếp tục duy trì lực lượng, phương tiện ứng trực, chủ động phòng ngừa, kịp thời ứng phó, với mục tiêu cao nhất là bảo đảm an toàn tính mạng, tài sản của Nhân dân, hạn chế thấp nhất thiệt hại do thiên tai gây ra. Ẩ",,,reject,missing_group:hanoi_location,1,"flood_state,transport_impact",0,flood_video_08,mưa lớn gây ngập Hà Nội người tham gia giao thông,,,,,,2026-09-25T11:39:44.530014+07:00
facebook,954197963757393,https://www.facebook.com/reel/954197963757393,,"🎉 TƯNG BỪNG KHAI TRƯƠNG - BÁNH MÌ BƠ Ú 🎉
Anh em ơi, ngày mai Bánh Mì Bơ Ú chính thức đi vào hoạt động ngay mai 20/09
Mời cả nhà ghé thưởng thức những chiếc bánh mì giòn rụm, thơm phức vị bơ và ngập tràn nhân ngon lành.
🔥 CHƯƠNG TRÌNH ƯU ĐÃI KHAI TRƯƠNG:
 Mua 1 bánh tặng 1 nước
 Thời gian áp dụng: 20/09-24/09
📍 Địa chỉ: 124 phố Xốm, Phú Lương( Hà Đông cũ), Hà Nội
📞 Hotline/Zalo đặt hàng: 0986247196
Trân trọng kính mời quý khách ghé ủng hộ quán!",,,reject,missing_group:flood_state,1,"transport_impact,hanoi_location",0,flood_video_02,ngập úng Hà Nội đi,,,,,,2026-09-25T10:45:41.305166+07:00
facebook,992217873102286,https://www.facebook.com/photo?fbid=992217873102286,,"Hà Nội: Mưa lớn làm nhiều điểm ngập úng

Trận mưa từ tối 30-4 kéo dài đến sáng nay (1-5) khiến một số “điểm đen” về úng ngập tại Hà Nội thoát nước chậm.

Tại một số khu vực, nước ngập cao tới gần hết bánh xe máy khiến người tham gia giao thông khá vất vả. Công nhân thoát nước ứng trực, thực hiện các giải pháp nhằm rút nước trong thời gian nhanh nhất.

(Theo Hà Nội mới)",,,accept,flood_transport_hanoi,1,"flood_state,transport_impact,hanoi_location",0,flood_post_14,điểm ngập Hà Nội xe máy,,,,,,2026-09-25T14:36:05.696035+07:00
