id,platform,source_url,context_id,post_context,post_title,post_published_at_raw,post_published_at,comment_text,comment_type,parent_comment_id,thread_id,reply_depth,posted_at_raw,posted_at,likes_count,author_key,matched_groups,co_thanh_pho_khac,parent_unresolved,crawl_batch_id,run_id,crawled_at
facebook_c_2853685561675839,facebook,https://www.facebook.com/watch?v=1092457640148042,1092457640148042,"Miền Bắc đặc biệt là Hà Nội những ngày gần đây mưa lớn khiến cho nhiều tuyến đường ngập lụt, lưu thông rất khó khăn.

Vậy, cần phải lưu ý gì khi lái xe qua vùng ngập nước?
Hãy cùng tham khảo các lưu ý từ Toyota Mỹ Đình nhé!",(20+) Video,2026-09-17T08:19:53.000Z,2026-09-17T08:19:53+00:00,ô anh nhiều tóc nhất mỹ đình,top_level,,2853685561675839,0,"Thứ Sáu, 18 Tháng 9, 2026 lúc 22:16",2026-09-18T22:16:00+07:00,0,bb913ed7c982b00c59c679bcebdaad3494e1db60,hanoi_location,0,0,facebook_20260925_0325,baseline_20260925_032543,2026-09-25T10:54:26.186854+07:00
facebook_c_950480050817860,facebook,https://www.facebook.com/watch?v=1092457640148042,1092457640148042,"Miền Bắc đặc biệt là Hà Nội những ngày gần đây mưa lớn khiến cho nhiều tuyến đường ngập lụt, lưu thông rất khó khăn.

Vậy, cần phải lưu ý gì khi lái xe qua vùng ngập nước?
Hãy cùng tham khảo các lưu ý từ Toyota Mỹ Đình nhé!",(20+) Video,2026-09-17T08:19:53.000Z,2026-09-17T08:19:53+00:00,Mức nước 1/2 bánh xe theo mình là không nên đi . Khi đi nước sẽ bị guồng lên theo hướng di chuyển của bánh xe . Mặt khác phía đầu xe còn làm nước sóng lên cao hơn ống hút khí vào bầu lọc gió có thể gây thủy kích .,top_level,,950480050817860,0,"Thứ bảy, 19 Tháng 9, 2026 lúc 22:28",2026-09-19T22:28:00+07:00,0,aba325e623b727b26cfba1087870bcb6dfb8d7a2,"transport_impact,hanoi_location",0,0,facebook_20260925_0325,baseline_20260925_032543,2026-09-25T10:54:26.184823+07:00
facebook_c_1145377157529830,facebook,https://www.facebook.com/watch?v=1128641326038338,1128641326038338,"‼ Mưa như trút nước suốt 24 giờ, Hà Nội ngập khắp nơi, giao thông tê liệt

Cơn mưa lớn kéo dài từ tối 29/9 đến tối nay đã làm gần như toàn bộ đường, phố Hà Nội ngập sâu, giao thông tê liệt, người dân đi lại vô cùng khó khăn.

(Video: Nhóm PV)",(20+) Video,2025-09-30T12:55:09.000Z,2025-09-30T12:55:09+00:00,Khủng khiếp quá,top_level,,1145377157529830,0,"Thứ Tư, 1 Tháng 10, 2025 lúc 09:50",2025-10-01T09:50:00+07:00,0,a350eb4608a2d1e03dd80e3ddbd46b3003b79a52,,0,0,facebook_20260925_0325,baseline_20260925_032543,2026-09-25T10:29:53.186483+07:00
facebook_c_1021406270905404,facebook,https://www.facebook.com/watch?v=1130923255924416,1130923255924416,"Hôm nay có việc, mưa to cũng phải lên đường!
Ngoài trời mưa trắng xóa, đường phố thì chỗ nào cũng ùn tắc, nước ngập lưng bánh xe… tham gia giao thông đúng là một hành trình thử thách. 😅

Có người bảo: “Không phải ngập đâu, chỉ là nước dềnh lên thôi!” 😂
Ừ thì gọi là dềnh cho nhẹ nhàng, chứ bánh xe đã gần “bơi” rồi thì chắc cá cũng đang tìm đường về nhà! 🐟🤣

Mưa thì vẫn mưa, đường thì vẫn tắc, thôi cứ bình tĩnh, đi chậm và an toàn. Hà Nội những ngày mưa — vất vả một chút nhưng cũng có thêm những câu chuyện vui để nhớ! 🌧️🚗",(20+) Video,2026-09-17T03:28:55.000Z,2026-09-17T03:28:55+00:00,HN mưa to thế à A Nguyễn Khắc Ngọc,top_level,,1021406270905404,0,"Thứ Sáu, 18 Tháng 9, 2026 lúc 19:54",2026-09-18T19:54:00+07:00,0,77785b9fdfd115664cf7f22a59576b812f9e9130,hanoi_location,0,0,facebook_20260925_0325,baseline_20260925_032543,2026-09-25T11:20:50.422004+07:00
facebook_c_1077903184983181,facebook,https://www.facebook.com/watch?v=1130923255924416,1130923255924416,"Hôm nay có việc, mưa to cũng phải lên đường!
Ngoài trời mưa trắng xóa, đường phố thì chỗ nào cũng ùn tắc, nước ngập lưng bánh xe… tham gia giao thông đúng là một hành trình thử thách. 😅

Có người bảo: “Không phải ngập đâu, chỉ là nước dềnh lên thôi!” 😂
Ừ thì gọi là dềnh cho nhẹ nhàng, chứ bánh xe đã gần “bơi” rồi thì chắc cá cũng đang tìm đường về nhà! 🐟🤣

Mưa thì vẫn mưa, đường thì vẫn tắc, thôi cứ bình tĩnh, đi chậm và an toàn. Hà Nội những ngày mưa — vất vả một chút nhưng cũng có thêm những câu chuyện vui để nhớ! 🌧️🚗",(20+) Video,2026-09-17T03:28:55.000Z,2026-09-17T03:28:55+00:00,"mưa chỗ em cũng bị ngập,,anh ạ",top_level,,1077903184983181,0,"Thứ Năm, 17 Tháng 9, 2026 lúc 10:48",2026-09-17T10:48:00+07:00,0,13a877ad7c93c087cdf2f182e658d7d98cdfcda2,flood_state,0,0,facebook_20260925_0325,baseline_20260925_032543,2026-09-25T11:20:50.423005+07:00
facebook_c_1811368536556166,facebook,https://www.facebook.com/watch?v=1130923255924416,1130923255924416,"Hôm nay có việc, mưa to cũng phải lên đường!
Ngoài trời mưa trắng xóa, đường phố thì chỗ nào cũng ùn tắc, nước ngập lưng bánh xe… tham gia giao thông đúng là một hành trình thử thách. 😅

Có người bảo: “Không phải ngập đâu, chỉ là nước dềnh lên thôi!” 😂
Ừ thì gọi là dềnh cho nhẹ nhàng, chứ bánh xe đã gần “bơi” rồi thì chắc cá cũng đang tìm đường về nhà! 🐟🤣

Mưa thì vẫn mưa, đường thì vẫn tắc, thôi cứ bình tĩnh, đi chậm và an toàn. Hà Nội những ngày mưa — vất vả một chút nhưng cũng có thêm những câu chuyện vui để nhớ! 🌧️🚗",(20+) Video,2026-09-17T03:28:55.000Z,2026-09-17T03:28:55+00:00,Phuong Thao Tran cám ơn em,reply,1093348966889035,1093348966889035,1,"Thứ Năm, 17 Tháng 9, 2026 lúc 17:27",2026-09-17T17:27:00+07:00,0,,hanoi_location,0,0,facebook_20260925_0325,baseline_20260925_032543,2026-09-25T11:20:50.425088+07:00
facebook_c_1109164408314158,facebook,https://www.facebook.com/watch?v=1130923255924416,1130923255924416,"Hôm nay có việc, mưa to cũng phải lên đường!
Ngoài trời mưa trắng xóa, đường phố thì chỗ nào cũng ùn tắc, nước ngập lưng bánh xe… tham gia giao thông đúng là một hành trình thử thách. 😅

Có người bảo: “Không phải ngập đâu, chỉ là nước dềnh lên thôi!” 😂
Ừ thì gọi là dềnh cho nhẹ nhàng, chứ bánh xe đã gần “bơi” rồi thì chắc cá cũng đang tìm đường về nhà! 🐟🤣

Mưa thì vẫn mưa, đường thì vẫn tắc, thôi cứ bình tĩnh, đi chậm và an toàn. Hà Nội những ngày mưa — vất vả một chút nhưng cũng có thêm những câu chuyện vui để nhớ! 🌧️🚗",(20+) Video,2026-09-17T03:28:55.000Z,2026-09-17T03:28:55+00:00,Nước ngập sâu anh nhỉ,top_level,,1109164408314158,0,"Thứ Năm, 17 Tháng 9, 2026 lúc 12:55",2026-09-17T12:55:00+07:00,0,bbed52dbcd924508e86b4903451885a0e4805d14,flood_state,0,0,facebook_20260925_0325,baseline_20260925_032543,2026-09-25T11:20:50.404743+07:00
facebook_c_2007483859963199,facebook,https://www.facebook.com/watch?v=1130923255924416,1130923255924416,"Hôm nay có việc, mưa to cũng phải lên đường!
Ngoài trời mưa trắng xóa, đường phố thì chỗ nào cũng ùn tắc, nước ngập lưng bánh xe… tham gia giao thông đúng là một hành trình thử thách. 😅

Có người bảo: “Không phải ngập đâu, chỉ là nước dềnh lên thôi!” 😂
Ừ thì gọi là dềnh cho nhẹ nhàng, chứ bánh xe đã gần “bơi” rồi thì chắc cá cũng đang tìm đường về nhà! 🐟🤣

Mưa thì vẫn mưa, đường thì vẫn tắc, thôi cứ bình tĩnh, đi chậm và an toàn. Hà Nội những ngày mưa — vất vả một chút nhưng cũng có thêm những câu chuyện vui để nhớ! 🌧️🚗",(20+) Video,2026-09-17T03:28:55.000Z,2026-09-17T03:28:55+00:00,Nguyễn Thanh Tâm cám ơn em,reply,1292552592898391,1292552592898391,1,"Thứ Năm, 17 Tháng 9, 2026 lúc 17:31",2026-09-17T17:31:00+07:00,0,,hanoi_location,0,0,facebook_20260925_0325,baseline_20260925_032543,2026-09-25T11:20:50.424064+07:00
facebook_c_1387051823549324,facebook,https://www.facebook.com/watch?v=1130923255924416,1130923255924416,"Hôm nay có việc, mưa to cũng phải lên đường!
Ngoài trời mưa trắng xóa, đường phố thì chỗ nào cũng ùn tắc, nước ngập lưng bánh xe… tham gia giao thông đúng là một hành trình thử thách. 😅

Có người bảo: “Không phải ngập đâu, chỉ là nước dềnh lên thôi!” 😂
Ừ thì gọi là dềnh cho nhẹ nhàng, chứ bánh xe đã gần “bơi” rồi thì chắc cá cũng đang tìm đường về nhà! 🐟🤣

Mưa thì vẫn mưa, đường thì vẫn tắc, thôi cứ bình tĩnh, đi chậm và an toàn. Hà Nội những ngày mưa — vất vả một chút nhưng cũng có thêm những câu chuyện vui để nhớ! 🌧️🚗",(20+) Video,2026-09-17T03:28:55.000Z,2026-09-17T03:28:55+00:00,Nguyễn Khắc Ngọc,reply,1292552592898391,1292552592898391,1,"Thứ Năm, 17 Tháng 9, 2026 lúc 20:16",2026-09-17T20:16:00+07:00,0,,hanoi_location,0,0,facebook_20260925_0325,baseline_20260925_032543,2026-09-25T11:20:50.425088+07:00
facebook_c_1387055883626316,facebook,https://www.facebook.com/watch?v=1130923255924416,1130923255924416,"Hôm nay có việc, mưa to cũng phải lên đường!
Ngoài trời mưa trắng xóa, đường phố thì chỗ nào cũng ùn tắc, nước ngập lưng bánh xe… tham gia giao thông đúng là một hành trình thử thách. 😅

Có người bảo: “Không phải ngập đâu, chỉ là nước dềnh lên thôi!” 😂
Ừ thì gọi là dềnh cho nhẹ nhàng, chứ bánh xe đã gần “bơi” rồi thì chắc cá cũng đang tìm đường về nhà! 🐟🤣

Mưa thì vẫn mưa, đường thì vẫn tắc, thôi cứ bình tĩnh, đi chậm và an toàn. Hà Nội những ngày mưa — vất vả một chút nhưng cũng có thêm những câu chuyện vui để nhớ! 🌧️🚗",(20+) Video,2026-09-17T03:28:55.000Z,2026-09-17T03:28:55+00:00,Ngập khắp nơi anh ơi,top_level,,1387055883626316,0,"Thứ Năm, 17 Tháng 9, 2026 lúc 11:51",2026-09-17T11:51:00+07:00,0,82d33d09915bafad53f5927190b39d1de3e8c242,flood_state,0,0,facebook_20260925_0325,baseline_20260925_032543,2026-09-25T11:20:50.407251+07:00
facebook_c_1388506856186429,facebook,https://www.facebook.com/watch?v=1130923255924416,1130923255924416,"Hôm nay có việc, mưa to cũng phải lên đường!
Ngoài trời mưa trắng xóa, đường phố thì chỗ nào cũng ùn tắc, nước ngập lưng bánh xe… tham gia giao thông đúng là một hành trình thử thách. 😅

Có người bảo: “Không phải ngập đâu, chỉ là nước dềnh lên thôi!” 😂
Ừ thì gọi là dềnh cho nhẹ nhàng, chứ bánh xe đã gần “bơi” rồi thì chắc cá cũng đang tìm đường về nhà! 🐟🤣

Mưa thì vẫn mưa, đường thì vẫn tắc, thôi cứ bình tĩnh, đi chậm và an toàn. Hà Nội những ngày mưa — vất vả một chút nhưng cũng có thêm những câu chuyện vui để nhớ! 🌧️🚗",(20+) Video,2026-09-17T03:28:55.000Z,2026-09-17T03:28:55+00:00,Hà NỘI mưa to à anh. Nguyễn Khắc Ngọc ?,top_level,,1388506856186429,0,"Thứ Năm, 17 Tháng 9, 2026 lúc 11:42",2026-09-17T11:42:00+07:00,0,f82e957c0f3ab1ad57bb7b6e7511ef4705902e50,hanoi_location,0,0,facebook_20260925_0325,baseline_20260925_032543,2026-09-25T11:20:50.403745+07:00
facebook_c_1637847398046903,facebook,https://www.facebook.com/watch?v=1130923255924416,1130923255924416,"Hôm nay có việc, mưa to cũng phải lên đường!
Ngoài trời mưa trắng xóa, đường phố thì chỗ nào cũng ùn tắc, nước ngập lưng bánh xe… tham gia giao thông đúng là một hành trình thử thách. 😅

Có người bảo: “Không phải ngập đâu, chỉ là nước dềnh lên thôi!” 😂
Ừ thì gọi là dềnh cho nhẹ nhàng, chứ bánh xe đã gần “bơi” rồi thì chắc cá cũng đang tìm đường về nhà! 🐟🤣

Mưa thì vẫn mưa, đường thì vẫn tắc, thôi cứ bình tĩnh, đi chậm và an toàn. Hà Nội những ngày mưa — vất vả một chút nhưng cũng có thêm những câu chuyện vui để nhớ! 🌧️🚗",(20+) Video,2026-09-17T03:28:55.000Z,2026-09-17T03:28:55+00:00,Nguyễn Khắc Ngọc Ui mênh mông.!!! Khổ quá anh ạ.,reply,1388506856186429,1388506856186429,1,"Thứ Năm, 17 Tháng 9, 2026 lúc 13:22",2026-09-17T13:22:00+07:00,0,,hanoi_location,0,0,facebook_20260925_0325,baseline_20260925_032543,2026-09-25T11:20:50.409527+07:00
facebook_c_1385849060389136,facebook,https://www.facebook.com/watch?v=1130923255924416,1130923255924416,"Hôm nay có việc, mưa to cũng phải lên đường!
Ngoài trời mưa trắng xóa, đường phố thì chỗ nào cũng ùn tắc, nước ngập lưng bánh xe… tham gia giao thông đúng là một hành trình thử thách. 😅

Có người bảo: “Không phải ngập đâu, chỉ là nước dềnh lên thôi!” 😂
Ừ thì gọi là dềnh cho nhẹ nhàng, chứ bánh xe đã gần “bơi” rồi thì chắc cá cũng đang tìm đường về nhà! 🐟🤣

Mưa thì vẫn mưa, đường thì vẫn tắc, thôi cứ bình tĩnh, đi chậm và an toàn. Hà Nội những ngày mưa — vất vả một chút nhưng cũng có thêm những câu chuyện vui để nhớ! 🌧️🚗",(20+) Video,2026-09-17T03:28:55.000Z,2026-09-17T03:28:55+00:00,Dung Hoàng Kim đi lại vất vả em ạ,reply,1388506856186429,1388506856186429,1,"Thứ Năm, 17 Tháng 9, 2026 lúc 16:52",2026-09-17T16:52:00+07:00,0,,transport_impact,0,0,facebook_20260925_0325,baseline_20260925_032543,2026-09-25T11:20:50.409527+07:00
facebook_c_1393527632990554,facebook,https://www.facebook.com/watch?v=1130923255924416,1130923255924416,"Hôm nay có việc, mưa to cũng phải lên đường!
Ngoài trời mưa trắng xóa, đường phố thì chỗ nào cũng ùn tắc, nước ngập lưng bánh xe… tham gia giao thông đúng là một hành trình thử thách. 😅

Có người bảo: “Không phải ngập đâu, chỉ là nước dềnh lên thôi!” 😂
Ừ thì gọi là dềnh cho nhẹ nhàng, chứ bánh xe đã gần “bơi” rồi thì chắc cá cũng đang tìm đường về nhà! 🐟🤣

Mưa thì vẫn mưa, đường thì vẫn tắc, thôi cứ bình tĩnh, đi chậm và an toàn. Hà Nội những ngày mưa — vất vả một chút nhưng cũng có thêm những câu chuyện vui để nhớ! 🌧️🚗",(20+) Video,2026-09-17T03:28:55.000Z,2026-09-17T03:28:55+00:00,Hay tuyệt,top_level,,1393527632990554,0,"Thứ Năm, 17 Tháng 9, 2026 lúc 12:20",2026-09-17T12:20:00+07:00,0,1ca13379a39b6d1758816f9407086ddae1813153,,0,0,facebook_20260925_0325,baseline_20260925_032543,2026-09-25T11:20:50.425088+07:00
facebook_c_4168326623468308,facebook,https://www.facebook.com/watch?v=1130923255924416,1130923255924416,"Hôm nay có việc, mưa to cũng phải lên đường!
Ngoài trời mưa trắng xóa, đường phố thì chỗ nào cũng ùn tắc, nước ngập lưng bánh xe… tham gia giao thông đúng là một hành trình thử thách. 😅

Có người bảo: “Không phải ngập đâu, chỉ là nước dềnh lên thôi!” 😂
Ừ thì gọi là dềnh cho nhẹ nhàng, chứ bánh xe đã gần “bơi” rồi thì chắc cá cũng đang tìm đường về nhà! 🐟🤣

Mưa thì vẫn mưa, đường thì vẫn tắc, thôi cứ bình tĩnh, đi chậm và an toàn. Hà Nội những ngày mưa — vất vả một chút nhưng cũng có thêm những câu chuyện vui để nhớ! 🌧️🚗",(20+) Video,2026-09-17T03:28:55.000Z,2026-09-17T03:28:55+00:00,Trần Thị Thu em trích đoạn bài hát lồng ghép vào video cho sinh động chị ạ,reply,1393527632990554,1393527632990554,1,"Thứ Năm, 17 Tháng 9, 2026 lúc 12:26",2026-09-17T12:26:00+07:00,0,,hanoi_location,0,0,facebook_20260925_0325,baseline_20260925_032543,2026-09-25T11:20:50.427072+07:00
facebook_c_1393812578958483,facebook,https://www.facebook.com/watch?v=1130923255924416,1130923255924416,"Hôm nay có việc, mưa to cũng phải lên đường!
Ngoài trời mưa trắng xóa, đường phố thì chỗ nào cũng ùn tắc, nước ngập lưng bánh xe… tham gia giao thông đúng là một hành trình thử thách. 😅

Có người bảo: “Không phải ngập đâu, chỉ là nước dềnh lên thôi!” 😂
Ừ thì gọi là dềnh cho nhẹ nhàng, chứ bánh xe đã gần “bơi” rồi thì chắc cá cũng đang tìm đường về nhà! 🐟🤣

Mưa thì vẫn mưa, đường thì vẫn tắc, thôi cứ bình tĩnh, đi chậm và an toàn. Hà Nội những ngày mưa — vất vả một chút nhưng cũng có thêm những câu chuyện vui để nhớ! 🌧️🚗",(20+) Video,2026-09-17T03:28:55.000Z,2026-09-17T03:28:55+00:00,Hôm qua  em  sang  hà  nội  nhiều  phố ngập  lắm  anh  xe của  em  phải  nhờ  đến  xe  ben  cao  hơn  kéo  hơn  1 cây  số đó  anh,top_level,,1393812578958483,0,"Thứ Sáu, 18 Tháng 9, 2026 lúc 09:41",2026-09-18T09:41:00+07:00,0,4013eed589fb14d171d6e4e184287d6cbb6d420f,"flood_state,hanoi_location",0,0,facebook_20260925_0325,baseline_20260925_032543,2026-09-25T11:20:50.413648+07:00
facebook_c_2271423290318421,facebook,https://www.facebook.com/watch?v=1130923255924416,1130923255924416,"Hôm nay có việc, mưa to cũng phải lên đường!
Ngoài trời mưa trắng xóa, đường phố thì chỗ nào cũng ùn tắc, nước ngập lưng bánh xe… tham gia giao thông đúng là một hành trình thử thách. 😅

Có người bảo: “Không phải ngập đâu, chỉ là nước dềnh lên thôi!” 😂
Ừ thì gọi là dềnh cho nhẹ nhàng, chứ bánh xe đã gần “bơi” rồi thì chắc cá cũng đang tìm đường về nhà! 🐟🤣

Mưa thì vẫn mưa, đường thì vẫn tắc, thôi cứ bình tĩnh, đi chậm và an toàn. Hà Nội những ngày mưa — vất vả một chút nhưng cũng có thêm những câu chuyện vui để nhớ! 🌧️🚗",(20+) Video,2026-09-17T03:28:55.000Z,2026-09-17T03:28:55+00:00,Ngọc Trần thế thì xe bị ngập nước chết máy hả em,reply,1393812578958483,1393812578958483,1,"Thứ Sáu, 18 Tháng 9, 2026 lúc 09:58",2026-09-18T09:58:00+07:00,0,,"flood_state,hanoi_location",0,0,facebook_20260925_0325,baseline_20260925_032543,2026-09-25T11:20:50.416996+07:00
facebook_c_1697291665739866,facebook,https://www.facebook.com/watch?v=1130923255924416,1130923255924416,"Hôm nay có việc, mưa to cũng phải lên đường!
Ngoài trời mưa trắng xóa, đường phố thì chỗ nào cũng ùn tắc, nước ngập lưng bánh xe… tham gia giao thông đúng là một hành trình thử thách. 😅

Có người bảo: “Không phải ngập đâu, chỉ là nước dềnh lên thôi!” 😂
Ừ thì gọi là dềnh cho nhẹ nhàng, chứ bánh xe đã gần “bơi” rồi thì chắc cá cũng đang tìm đường về nhà! 🐟🤣

Mưa thì vẫn mưa, đường thì vẫn tắc, thôi cứ bình tĩnh, đi chậm và an toàn. Hà Nội những ngày mưa — vất vả một chút nhưng cũng có thêm những câu chuyện vui để nhớ! 🌧️🚗",(20+) Video,2026-09-17T03:28:55.000Z,2026-09-17T03:28:55+00:00,Nguyễn Khắc Ngọc ok anh,reply,1393812578958483,1393812578958483,1,"Thứ Sáu, 18 Tháng 9, 2026 lúc 13:26",2026-09-18T13:26:00+07:00,0,,hanoi_location,0,0,facebook_20260925_0325,baseline_20260925_032543,2026-09-25T11:20:50.419088+07:00
facebook_c_1421360383468599,facebook,https://www.facebook.com/watch?v=1130923255924416,1130923255924416,"Hôm nay có việc, mưa to cũng phải lên đường!
Ngoài trời mưa trắng xóa, đường phố thì chỗ nào cũng ùn tắc, nước ngập lưng bánh xe… tham gia giao thông đúng là một hành trình thử thách. 😅

Có người bảo: “Không phải ngập đâu, chỉ là nước dềnh lên thôi!” 😂
Ừ thì gọi là dềnh cho nhẹ nhàng, chứ bánh xe đã gần “bơi” rồi thì chắc cá cũng đang tìm đường về nhà! 🐟🤣

Mưa thì vẫn mưa, đường thì vẫn tắc, thôi cứ bình tĩnh, đi chậm và an toàn. Hà Nội những ngày mưa — vất vả một chút nhưng cũng có thêm những câu chuyện vui để nhớ! 🌧️🚗",(20+) Video,2026-09-17T03:28:55.000Z,2026-09-17T03:28:55+00:00,Hay quá a,top_level,,1421360383468599,0,"Thứ Năm, 17 Tháng 9, 2026 lúc 22:35",2026-09-17T22:35:00+07:00,0,22c560771278081f0c42c2185b0324c4b61eaf6f,,0,0,facebook_20260925_0325,baseline_20260925_032543,2026-09-25T11:20:50.424064+07:00
facebook_c_1482156303958066,facebook,https://www.facebook.com/watch?v=1130923255924416,1130923255924416,"Hôm nay có việc, mưa to cũng phải lên đường!
Ngoài trời mưa trắng xóa, đường phố thì chỗ nào cũng ùn tắc, nước ngập lưng bánh xe… tham gia giao thông đúng là một hành trình thử thách. 😅

Có người bảo: “Không phải ngập đâu, chỉ là nước dềnh lên thôi!” 😂
Ừ thì gọi là dềnh cho nhẹ nhàng, chứ bánh xe đã gần “bơi” rồi thì chắc cá cũng đang tìm đường về nhà! 🐟🤣

Mưa thì vẫn mưa, đường thì vẫn tắc, thôi cứ bình tĩnh, đi chậm và an toàn. Hà Nội những ngày mưa — vất vả một chút nhưng cũng có thêm những câu chuyện vui để nhớ! 🌧️🚗",(20+) Video,2026-09-17T03:28:55.000Z,2026-09-17T03:28:55+00:00,Mưa  như  chưa BG được mưa. Bình an nhé,top_level,,1482156303958066,0,"Thứ Sáu, 18 Tháng 9, 2026 lúc 07:00",2026-09-18T07:00:00+07:00,0,1fa25c5a5e77d41ef2a6bfe0690ca524f79c4b54,hanoi_location,0,0,facebook_20260925_0325,baseline_20260925_032543,2026-09-25T11:20:50.412528+07:00
facebook_c_1554693683073479,facebook,https://www.facebook.com/watch?v=1130923255924416,1130923255924416,"Hôm nay có việc, mưa to cũng phải lên đường!
Ngoài trời mưa trắng xóa, đường phố thì chỗ nào cũng ùn tắc, nước ngập lưng bánh xe… tham gia giao thông đúng là một hành trình thử thách. 😅

Có người bảo: “Không phải ngập đâu, chỉ là nước dềnh lên thôi!” 😂
Ừ thì gọi là dềnh cho nhẹ nhàng, chứ bánh xe đã gần “bơi” rồi thì chắc cá cũng đang tìm đường về nhà! 🐟🤣

Mưa thì vẫn mưa, đường thì vẫn tắc, thôi cứ bình tĩnh, đi chậm và an toàn. Hà Nội những ngày mưa — vất vả một chút nhưng cũng có thêm những câu chuyện vui để nhớ! 🌧️🚗",(20+) Video,2026-09-17T03:28:55.000Z,2026-09-17T03:28:55+00:00,Mưa to quá ! Anh ơi đường hào nam có bị ngập ko ak,top_level,,1554693683073479,0,"Thứ Năm, 17 Tháng 9, 2026 lúc 11:39",2026-09-17T11:39:00+07:00,0,1431d379afceefd4eed619b4f18b70d09de6e07e,flood_state,0,0,facebook_20260925_0325,baseline_20260925_032543,2026-09-25T11:20:50.415979+07:00
facebook_c_961034092973941,facebook,https://www.facebook.com/watch?v=1130923255924416,1130923255924416,"Hôm nay có việc, mưa to cũng phải lên đường!
Ngoài trời mưa trắng xóa, đường phố thì chỗ nào cũng ùn tắc, nước ngập lưng bánh xe… tham gia giao thông đúng là một hành trình thử thách. 😅

Có người bảo: “Không phải ngập đâu, chỉ là nước dềnh lên thôi!” 😂
Ừ thì gọi là dềnh cho nhẹ nhàng, chứ bánh xe đã gần “bơi” rồi thì chắc cá cũng đang tìm đường về nhà! 🐟🤣

Mưa thì vẫn mưa, đường thì vẫn tắc, thôi cứ bình tĩnh, đi chậm và an toàn. Hà Nội những ngày mưa — vất vả một chút nhưng cũng có thêm những câu chuyện vui để nhớ! 🌧️🚗",(20+) Video,2026-09-17T03:28:55.000Z,2026-09-17T03:28:55+00:00,An Nhiên anh không vào phố đấy  ì ngã tư hôm trước anh đi tắc kinh khủng vì dự án,reply,1554693683073479,1554693683073479,1,"Thứ Năm, 17 Tháng 9, 2026 lúc 12:14",2026-09-17T12:14:00+07:00,0,,"transport_impact,hanoi_location",0,0,facebook_20260925_0325,baseline_20260925_032543,2026-09-25T11:20:50.419088+07:00
facebook_c_1556491962354836,facebook,https://www.facebook.com/watch?v=1130923255924416,1130923255924416,"Hôm nay có việc, mưa to cũng phải lên đường!
Ngoài trời mưa trắng xóa, đường phố thì chỗ nào cũng ùn tắc, nước ngập lưng bánh xe… tham gia giao thông đúng là một hành trình thử thách. 😅

Có người bảo: “Không phải ngập đâu, chỉ là nước dềnh lên thôi!” 😂
Ừ thì gọi là dềnh cho nhẹ nhàng, chứ bánh xe đã gần “bơi” rồi thì chắc cá cũng đang tìm đường về nhà! 🐟🤣

Mưa thì vẫn mưa, đường thì vẫn tắc, thôi cứ bình tĩnh, đi chậm và an toàn. Hà Nội những ngày mưa — vất vả một chút nhưng cũng có thêm những câu chuyện vui để nhớ! 🌧️🚗",(20+) Video,2026-09-17T03:28:55.000Z,2026-09-17T03:28:55+00:00,Em thk  Anh à mưa cho mát ..,top_level,,1556491962354836,0,"Thứ Năm, 17 Tháng 9, 2026 lúc 11:47",2026-09-17T11:47:00+07:00,0,c42477cfe9014d126c5c9a6e207e09fe24a8444f,,0,0,facebook_20260925_0325,baseline_20260925_032543,2026-09-25T11:20:50.405744+07:00
facebook_c_1107552361708210,facebook,https://www.facebook.com/watch?v=1130923255924416,1130923255924416,"Hôm nay có việc, mưa to cũng phải lên đường!
Ngoài trời mưa trắng xóa, đường phố thì chỗ nào cũng ùn tắc, nước ngập lưng bánh xe… tham gia giao thông đúng là một hành trình thử thách. 😅

Có người bảo: “Không phải ngập đâu, chỉ là nước dềnh lên thôi!” 😂
Ừ thì gọi là dềnh cho nhẹ nhàng, chứ bánh xe đã gần “bơi” rồi thì chắc cá cũng đang tìm đường về nhà! 🐟🤣

Mưa thì vẫn mưa, đường thì vẫn tắc, thôi cứ bình tĩnh, đi chậm và an toàn. Hà Nội những ngày mưa — vất vả một chút nhưng cũng có thêm những câu chuyện vui để nhớ! 🌧️🚗",(20+) Video,2026-09-17T03:28:55.000Z,2026-09-17T03:28:55+00:00,Nguyễn Khắc Ngọc nhưng mà ở em cũng  mà có ngập đâu... Hxxx,reply,1556491962354836,1556491962354836,1,"Thứ Năm, 17 Tháng 9, 2026 lúc 13:41",2026-09-17T13:41:00+07:00,0,,"flood_state,hanoi_location",0,0,facebook_20260925_0325,baseline_20260925_032543,2026-09-25T11:20:50.411530+07:00
facebook_c_1608452563486660,facebook,https://www.facebook.com/watch?v=1130923255924416,1130923255924416,"Hôm nay có việc, mưa to cũng phải lên đường!
Ngoài trời mưa trắng xóa, đường phố thì chỗ nào cũng ùn tắc, nước ngập lưng bánh xe… tham gia giao thông đúng là một hành trình thử thách. 😅

Có người bảo: “Không phải ngập đâu, chỉ là nước dềnh lên thôi!” 😂
Ừ thì gọi là dềnh cho nhẹ nhàng, chứ bánh xe đã gần “bơi” rồi thì chắc cá cũng đang tìm đường về nhà! 🐟🤣

Mưa thì vẫn mưa, đường thì vẫn tắc, thôi cứ bình tĩnh, đi chậm và an toàn. Hà Nội những ngày mưa — vất vả một chút nhưng cũng có thêm những câu chuyện vui để nhớ! 🌧️🚗",(20+) Video,2026-09-17T03:28:55.000Z,2026-09-17T03:28:55+00:00,Đường như sông. Ô tô còn tốt xe máy mới khổ anh ơi,top_level,,1608452563486660,0,"Thứ Năm, 17 Tháng 9, 2026 lúc 11:48",2026-09-17T11:48:00+07:00,0,f8f4ce043c9da15851def846959f246e1a1bb9be,"transport_impact,hanoi_location",0,0,facebook_20260925_0325,baseline_20260925_032543,2026-09-25T11:20:50.402748+07:00
facebook_c_3980384525590487,facebook,https://www.facebook.com/watch?v=1130923255924416,1130923255924416,"Hôm nay có việc, mưa to cũng phải lên đường!
Ngoài trời mưa trắng xóa, đường phố thì chỗ nào cũng ùn tắc, nước ngập lưng bánh xe… tham gia giao thông đúng là một hành trình thử thách. 😅

Có người bảo: “Không phải ngập đâu, chỉ là nước dềnh lên thôi!” 😂
Ừ thì gọi là dềnh cho nhẹ nhàng, chứ bánh xe đã gần “bơi” rồi thì chắc cá cũng đang tìm đường về nhà! 🐟🤣

Mưa thì vẫn mưa, đường thì vẫn tắc, thôi cứ bình tĩnh, đi chậm và an toàn. Hà Nội những ngày mưa — vất vả một chút nhưng cũng có thêm những câu chuyện vui để nhớ! 🌧️🚗",(20+) Video,2026-09-17T03:28:55.000Z,2026-09-17T03:28:55+00:00,Nguyễn Vũ Hạnh có người đi xe máy rơi cả xuống mương vì nước ngập không nhìn thấy đường em ạ khổ quá,reply,1608452563486660,1608452563486660,1,"Thứ Năm, 17 Tháng 9, 2026 lúc 12:22",2026-09-17T12:22:00+07:00,0,,"flood_state,transport_impact,hanoi_location",0,0,facebook_20260925_0325,baseline_20260925_032543,2026-09-25T11:20:50.403745+07:00
facebook_c_1644949203881069,facebook,https://www.facebook.com/watch?v=1130923255924416,1130923255924416,"Hôm nay có việc, mưa to cũng phải lên đường!
Ngoài trời mưa trắng xóa, đường phố thì chỗ nào cũng ùn tắc, nước ngập lưng bánh xe… tham gia giao thông đúng là một hành trình thử thách. 😅

Có người bảo: “Không phải ngập đâu, chỉ là nước dềnh lên thôi!” 😂
Ừ thì gọi là dềnh cho nhẹ nhàng, chứ bánh xe đã gần “bơi” rồi thì chắc cá cũng đang tìm đường về nhà! 🐟🤣

Mưa thì vẫn mưa, đường thì vẫn tắc, thôi cứ bình tĩnh, đi chậm và an toàn. Hà Nội những ngày mưa — vất vả một chút nhưng cũng có thêm những câu chuyện vui để nhớ! 🌧️🚗",(20+) Video,2026-09-17T03:28:55.000Z,2026-09-17T03:28:55+00:00,"Riêng khu chị ko thế nhé,C vẫn đi chơi bóng bàn bt",top_level,,1644949203881069,0,"Thứ Năm, 17 Tháng 9, 2026 lúc 10:44",2026-09-17T10:44:00+07:00,0,0a4898ac4061dab13f733cb57245264bf70aaae7,"transport_impact,hanoi_location",0,0,facebook_20260925_0325,baseline_20260925_032543,2026-09-25T11:20:50.404743+07:00
facebook_c_1704293643999558,facebook,https://www.facebook.com/watch?v=1130923255924416,1130923255924416,"Hôm nay có việc, mưa to cũng phải lên đường!
Ngoài trời mưa trắng xóa, đường phố thì chỗ nào cũng ùn tắc, nước ngập lưng bánh xe… tham gia giao thông đúng là một hành trình thử thách. 😅

Có người bảo: “Không phải ngập đâu, chỉ là nước dềnh lên thôi!” 😂
Ừ thì gọi là dềnh cho nhẹ nhàng, chứ bánh xe đã gần “bơi” rồi thì chắc cá cũng đang tìm đường về nhà! 🐟🤣

Mưa thì vẫn mưa, đường thì vẫn tắc, thôi cứ bình tĩnh, đi chậm và an toàn. Hà Nội những ngày mưa — vất vả một chút nhưng cũng có thêm những câu chuyện vui để nhớ! 🌧️🚗",(20+) Video,2026-09-17T03:28:55.000Z,2026-09-17T03:28:55+00:00,Ôi ! Sao mà mênh mông thế,top_level,,1704293643999558,0,"Chủ Nhật, 20 Tháng 9, 2026 lúc 19:22",2026-09-20T19:22:00+07:00,0,433ccbbddbf88c71db038ed435c279f3c4c97c7c,,0,0,facebook_20260925_0325,baseline_20260925_032543,2026-09-25T11:20:50.423005+07:00
facebook_c_1743015563658882,facebook,https://www.facebook.com/watch?v=1130923255924416,1130923255924416,"Hôm nay có việc, mưa to cũng phải lên đường!
Ngoài trời mưa trắng xóa, đường phố thì chỗ nào cũng ùn tắc, nước ngập lưng bánh xe… tham gia giao thông đúng là một hành trình thử thách. 😅

Có người bảo: “Không phải ngập đâu, chỉ là nước dềnh lên thôi!” 😂
Ừ thì gọi là dềnh cho nhẹ nhàng, chứ bánh xe đã gần “bơi” rồi thì chắc cá cũng đang tìm đường về nhà! 🐟🤣

Mưa thì vẫn mưa, đường thì vẫn tắc, thôi cứ bình tĩnh, đi chậm và an toàn. Hà Nội những ngày mưa — vất vả một chút nhưng cũng có thêm những câu chuyện vui để nhớ! 🌧️🚗",(20+) Video,2026-09-17T03:28:55.000Z,2026-09-17T03:28:55+00:00,"Mênh mang biển nước , xe em vẫn thẳng tiến ,vững vàng mà lướt ….hi hi .",top_level,,1743015563658882,0,"Thứ Năm, 17 Tháng 9, 2026 lúc 18:01",2026-09-17T18:01:00+07:00,0,d710a2d80f28ae2800148a215d93804c500c2988,hanoi_location,0,0,facebook_20260925_0325,baseline_20260925_032543,2026-09-25T11:20:50.404743+07:00
facebook_c_1748223359818547,facebook,https://www.facebook.com/watch?v=1130923255924416,1130923255924416,"Hôm nay có việc, mưa to cũng phải lên đường!
Ngoài trời mưa trắng xóa, đường phố thì chỗ nào cũng ùn tắc, nước ngập lưng bánh xe… tham gia giao thông đúng là một hành trình thử thách. 😅

Có người bảo: “Không phải ngập đâu, chỉ là nước dềnh lên thôi!” 😂
Ừ thì gọi là dềnh cho nhẹ nhàng, chứ bánh xe đã gần “bơi” rồi thì chắc cá cũng đang tìm đường về nhà! 🐟🤣

Mưa thì vẫn mưa, đường thì vẫn tắc, thôi cứ bình tĩnh, đi chậm và an toàn. Hà Nội những ngày mưa — vất vả một chút nhưng cũng có thêm những câu chuyện vui để nhớ! 🌧️🚗",(20+) Video,2026-09-17T03:28:55.000Z,2026-09-17T03:28:55+00:00,An khánh quên lối về đó a,top_level,,1748223359818547,0,"Thứ Năm, 17 Tháng 9, 2026 lúc 19:40",2026-09-17T19:40:00+07:00,0,6d95516868a663705129927f199311ce32e909ac,hanoi_location,0,0,facebook_20260925_0325,baseline_20260925_032543,2026-09-25T11:20:50.405744+07:00
facebook_c_1553504496003957,facebook,https://www.facebook.com/watch?v=1130923255924416,1130923255924416,"Hôm nay có việc, mưa to cũng phải lên đường!
Ngoài trời mưa trắng xóa, đường phố thì chỗ nào cũng ùn tắc, nước ngập lưng bánh xe… tham gia giao thông đúng là một hành trình thử thách. 😅

Có người bảo: “Không phải ngập đâu, chỉ là nước dềnh lên thôi!” 😂
Ừ thì gọi là dềnh cho nhẹ nhàng, chứ bánh xe đã gần “bơi” rồi thì chắc cá cũng đang tìm đường về nhà! 🐟🤣

Mưa thì vẫn mưa, đường thì vẫn tắc, thôi cứ bình tĩnh, đi chậm và an toàn. Hà Nội những ngày mưa — vất vả một chút nhưng cũng có thêm những câu chuyện vui để nhớ! 🌧️🚗",(20+) Video,2026-09-17T03:28:55.000Z,2026-09-17T03:28:55+00:00,Nga Dương Sơn cám ơn em,reply,1764575074791175,1764575074791175,1,"Thứ Năm, 17 Tháng 9, 2026 lúc 17:31",2026-09-17T17:31:00+07:00,0,,hanoi_location,0,0,facebook_20260925_0325,baseline_20260925_032543,2026-09-25T11:20:50.427072+07:00
facebook_c_1768132124329404,facebook,https://www.facebook.com/watch?v=1130923255924416,1130923255924416,"Hôm nay có việc, mưa to cũng phải lên đường!
Ngoài trời mưa trắng xóa, đường phố thì chỗ nào cũng ùn tắc, nước ngập lưng bánh xe… tham gia giao thông đúng là một hành trình thử thách. 😅

Có người bảo: “Không phải ngập đâu, chỉ là nước dềnh lên thôi!” 😂
Ừ thì gọi là dềnh cho nhẹ nhàng, chứ bánh xe đã gần “bơi” rồi thì chắc cá cũng đang tìm đường về nhà! 🐟🤣

Mưa thì vẫn mưa, đường thì vẫn tắc, thôi cứ bình tĩnh, đi chậm và an toàn. Hà Nội những ngày mưa — vất vả một chút nhưng cũng có thêm những câu chuyện vui để nhớ! 🌧️🚗",(20+) Video,2026-09-17T03:28:55.000Z,2026-09-17T03:28:55+00:00,Hà lội những ngày này vất vả thặc em nhờ.,top_level,,1768132124329404,0,"Thứ Năm, 17 Tháng 9, 2026 lúc 11:31",2026-09-17T11:31:00+07:00,0,ff7b7af1fcb9bdeca70e6541751dff8d3a42408e,,0,0,facebook_20260925_0325,baseline_20260925_032543,2026-09-25T11:20:50.412528+07:00
facebook_c_1782826116271648,facebook,https://www.facebook.com/watch?v=1130923255924416,1130923255924416,"Hôm nay có việc, mưa to cũng phải lên đường!
Ngoài trời mưa trắng xóa, đường phố thì chỗ nào cũng ùn tắc, nước ngập lưng bánh xe… tham gia giao thông đúng là một hành trình thử thách. 😅

Có người bảo: “Không phải ngập đâu, chỉ là nước dềnh lên thôi!” 😂
Ừ thì gọi là dềnh cho nhẹ nhàng, chứ bánh xe đã gần “bơi” rồi thì chắc cá cũng đang tìm đường về nhà! 🐟🤣

Mưa thì vẫn mưa, đường thì vẫn tắc, thôi cứ bình tĩnh, đi chậm và an toàn. Hà Nội những ngày mưa — vất vả một chút nhưng cũng có thêm những câu chuyện vui để nhớ! 🌧️🚗",(20+) Video,2026-09-17T03:28:55.000Z,2026-09-17T03:28:55+00:00,Nhạc hay lắm Anh  !,top_level,,1782826116271648,0,"Thứ Năm, 17 Tháng 9, 2026 lúc 20:10",2026-09-17T20:10:00+07:00,0,7c5692d76a32f1a01672a2ab147bd22f6d205366,,0,0,facebook_20260925_0325,baseline_20260925_032543,2026-09-25T11:20:50.414530+07:00
facebook_c_1819114199522035,facebook,https://www.facebook.com/watch?v=1130923255924416,1130923255924416,"Hôm nay có việc, mưa to cũng phải lên đường!
Ngoài trời mưa trắng xóa, đường phố thì chỗ nào cũng ùn tắc, nước ngập lưng bánh xe… tham gia giao thông đúng là một hành trình thử thách. 😅

Có người bảo: “Không phải ngập đâu, chỉ là nước dềnh lên thôi!” 😂
Ừ thì gọi là dềnh cho nhẹ nhàng, chứ bánh xe đã gần “bơi” rồi thì chắc cá cũng đang tìm đường về nhà! 🐟🤣

Mưa thì vẫn mưa, đường thì vẫn tắc, thôi cứ bình tĩnh, đi chậm và an toàn. Hà Nội những ngày mưa — vất vả một chút nhưng cũng có thêm những câu chuyện vui để nhớ! 🌧️🚗",(20+) Video,2026-09-17T03:28:55.000Z,2026-09-17T03:28:55+00:00,Hồ Cẩm Hồng cám ơn em,reply,1782826116271648,1782826116271648,1,"Thứ Năm, 17 Tháng 9, 2026 lúc 20:23",2026-09-17T20:23:00+07:00,0,,hanoi_location,0,0,facebook_20260925_0325,baseline_20260925_032543,2026-09-25T11:20:50.418005+07:00
facebook_c_1811857283498673,facebook,https://www.facebook.com/watch?v=1130923255924416,1130923255924416,"Hôm nay có việc, mưa to cũng phải lên đường!
Ngoài trời mưa trắng xóa, đường phố thì chỗ nào cũng ùn tắc, nước ngập lưng bánh xe… tham gia giao thông đúng là một hành trình thử thách. 😅

Có người bảo: “Không phải ngập đâu, chỉ là nước dềnh lên thôi!” 😂
Ừ thì gọi là dềnh cho nhẹ nhàng, chứ bánh xe đã gần “bơi” rồi thì chắc cá cũng đang tìm đường về nhà! 🐟🤣

Mưa thì vẫn mưa, đường thì vẫn tắc, thôi cứ bình tĩnh, đi chậm và an toàn. Hà Nội những ngày mưa — vất vả một chút nhưng cũng có thêm những câu chuyện vui để nhớ! 🌧️🚗",(20+) Video,2026-09-17T03:28:55.000Z,2026-09-17T03:28:55+00:00,Mưa qúa anh nhỉ,top_level,,1811857283498673,0,"Thứ Năm, 17 Tháng 9, 2026 lúc 14:39",2026-09-17T14:39:00+07:00,0,70cb659ab05915641db204a64b272c75de3110ad,,0,0,facebook_20260925_0325,baseline_20260925_032543,2026-09-25T11:20:50.420090+07:00
facebook_c_1822186175869510,facebook,https://www.facebook.com/watch?v=1130923255924416,1130923255924416,"Hôm nay có việc, mưa to cũng phải lên đường!
Ngoài trời mưa trắng xóa, đường phố thì chỗ nào cũng ùn tắc, nước ngập lưng bánh xe… tham gia giao thông đúng là một hành trình thử thách. 😅

Có người bảo: “Không phải ngập đâu, chỉ là nước dềnh lên thôi!” 😂
Ừ thì gọi là dềnh cho nhẹ nhàng, chứ bánh xe đã gần “bơi” rồi thì chắc cá cũng đang tìm đường về nhà! 🐟🤣

Mưa thì vẫn mưa, đường thì vẫn tắc, thôi cứ bình tĩnh, đi chậm và an toàn. Hà Nội những ngày mưa — vất vả một chút nhưng cũng có thêm những câu chuyện vui để nhớ! 🌧️🚗",(20+) Video,2026-09-17T03:28:55.000Z,2026-09-17T03:28:55+00:00,Mưa ra đường quả là rất nguy hiểm đó ạ,top_level,,1822186175869510,0,"Thứ bảy, 19 Tháng 9, 2026 lúc 15:06",2026-09-19T15:06:00+07:00,0,919ee348561635f65e4ec6c218b838501929040f,transport_impact,0,0,facebook_20260925_0325,baseline_20260925_032543,2026-09-25T11:20:50.421091+07:00
facebook_c_1822524378745683,facebook,https://www.facebook.com/watch?v=1130923255924416,1130923255924416,"Hôm nay có việc, mưa to cũng phải lên đường!
Ngoài trời mưa trắng xóa, đường phố thì chỗ nào cũng ùn tắc, nước ngập lưng bánh xe… tham gia giao thông đúng là một hành trình thử thách. 😅

Có người bảo: “Không phải ngập đâu, chỉ là nước dềnh lên thôi!” 😂
Ừ thì gọi là dềnh cho nhẹ nhàng, chứ bánh xe đã gần “bơi” rồi thì chắc cá cũng đang tìm đường về nhà! 🐟🤣

Mưa thì vẫn mưa, đường thì vẫn tắc, thôi cứ bình tĩnh, đi chậm và an toàn. Hà Nội những ngày mưa — vất vả một chút nhưng cũng có thêm những câu chuyện vui để nhớ! 🌧️🚗",(20+) Video,2026-09-17T03:28:55.000Z,2026-09-17T03:28:55+00:00,Cố lên E đẹp trai . Kiểu này mua máy bay tự lái thôi,top_level,,1822524378745683,0,"Thứ Năm, 17 Tháng 9, 2026 lúc 14:01",2026-09-17T14:01:00+07:00,0,fd8ccbd032862a3367b8a7d401b015895b7048ef,hanoi_location,0,0,facebook_20260925_0325,baseline_20260925_032543,2026-09-25T11:20:50.402748+07:00
facebook_c_1068187622253099,facebook,https://www.facebook.com/watch?v=1130923255924416,1130923255924416,"Hôm nay có việc, mưa to cũng phải lên đường!
Ngoài trời mưa trắng xóa, đường phố thì chỗ nào cũng ùn tắc, nước ngập lưng bánh xe… tham gia giao thông đúng là một hành trình thử thách. 😅

Có người bảo: “Không phải ngập đâu, chỉ là nước dềnh lên thôi!” 😂
Ừ thì gọi là dềnh cho nhẹ nhàng, chứ bánh xe đã gần “bơi” rồi thì chắc cá cũng đang tìm đường về nhà! 🐟🤣

Mưa thì vẫn mưa, đường thì vẫn tắc, thôi cứ bình tĩnh, đi chậm và an toàn. Hà Nội những ngày mưa — vất vả một chút nhưng cũng có thêm những câu chuyện vui để nhớ! 🌧️🚗",(20+) Video,2026-09-17T03:28:55.000Z,2026-09-17T03:28:55+00:00,Nguyễn Khắc Ngọc Thương quá Hà LỘI ơi,reply,1822524378745683,1822524378745683,1,"Thứ Năm, 17 Tháng 9, 2026 lúc 17:46",2026-09-17T17:46:00+07:00,0,,hanoi_location,0,0,facebook_20260925_0325,baseline_20260925_032543,2026-09-25T11:20:50.407251+07:00
facebook_c_1853303582717363,facebook,https://www.facebook.com/watch?v=1130923255924416,1130923255924416,"Hôm nay có việc, mưa to cũng phải lên đường!
Ngoài trời mưa trắng xóa, đường phố thì chỗ nào cũng ùn tắc, nước ngập lưng bánh xe… tham gia giao thông đúng là một hành trình thử thách. 😅

Có người bảo: “Không phải ngập đâu, chỉ là nước dềnh lên thôi!” 😂
Ừ thì gọi là dềnh cho nhẹ nhàng, chứ bánh xe đã gần “bơi” rồi thì chắc cá cũng đang tìm đường về nhà! 🐟🤣

Mưa thì vẫn mưa, đường thì vẫn tắc, thôi cứ bình tĩnh, đi chậm và an toàn. Hà Nội những ngày mưa — vất vả một chút nhưng cũng có thêm những câu chuyện vui để nhớ! 🌧️🚗",(20+) Video,2026-09-17T03:28:55.000Z,2026-09-17T03:28:55+00:00,"HN mưa to anh nhỉ ,TN cũng đang mưa to ạ",top_level,,1853303582717363,0,"Thứ Năm, 17 Tháng 9, 2026 lúc 13:22",2026-09-17T13:22:00+07:00,0,738ef35e12b272655a2018287b7e225527d281ad,hanoi_location,0,0,facebook_20260925_0325,baseline_20260925_032543,2026-09-25T11:20:50.405744+07:00
facebook_c_1765261424780053,facebook,https://www.facebook.com/watch?v=1130923255924416,1130923255924416,"Hôm nay có việc, mưa to cũng phải lên đường!
Ngoài trời mưa trắng xóa, đường phố thì chỗ nào cũng ùn tắc, nước ngập lưng bánh xe… tham gia giao thông đúng là một hành trình thử thách. 😅

Có người bảo: “Không phải ngập đâu, chỉ là nước dềnh lên thôi!” 😂
Ừ thì gọi là dềnh cho nhẹ nhàng, chứ bánh xe đã gần “bơi” rồi thì chắc cá cũng đang tìm đường về nhà! 🐟🤣

Mưa thì vẫn mưa, đường thì vẫn tắc, thôi cứ bình tĩnh, đi chậm và an toàn. Hà Nội những ngày mưa — vất vả một chút nhưng cũng có thêm những câu chuyện vui để nhớ! 🌧️🚗",(20+) Video,2026-09-17T03:28:55.000Z,2026-09-17T03:28:55+00:00,Nguyễn Khắc Ngọc khổ thân,reply,1853303582717363,1853303582717363,1,"Thứ Năm, 17 Tháng 9, 2026 lúc 21:40",2026-09-17T21:40:00+07:00,0,,hanoi_location,0,0,facebook_20260925_0325,baseline_20260925_032543,2026-09-25T11:20:50.409527+07:00
facebook_c_1866557270975865,facebook,https://www.facebook.com/watch?v=1130923255924416,1130923255924416,"Hôm nay có việc, mưa to cũng phải lên đường!
Ngoài trời mưa trắng xóa, đường phố thì chỗ nào cũng ùn tắc, nước ngập lưng bánh xe… tham gia giao thông đúng là một hành trình thử thách. 😅

Có người bảo: “Không phải ngập đâu, chỉ là nước dềnh lên thôi!” 😂
Ừ thì gọi là dềnh cho nhẹ nhàng, chứ bánh xe đã gần “bơi” rồi thì chắc cá cũng đang tìm đường về nhà! 🐟🤣

Mưa thì vẫn mưa, đường thì vẫn tắc, thôi cứ bình tĩnh, đi chậm và an toàn. Hà Nội những ngày mưa — vất vả một chút nhưng cũng có thêm những câu chuyện vui để nhớ! 🌧️🚗",(20+) Video,2026-09-17T03:28:55.000Z,2026-09-17T03:28:55+00:00,Nhạc hay lắm  a,top_level,,1866557270975865,0,"Thứ Năm, 17 Tháng 9, 2026 lúc 18:18",2026-09-17T18:18:00+07:00,0,20f0dfcc97cb72337d7fcca9415835861955089c,,0,0,facebook_20260925_0325,baseline_20260925_032543,2026-09-25T11:20:50.414530+07:00
facebook_c_1836086120731201,facebook,https://www.facebook.com/watch?v=1130923255924416,1130923255924416,"Hôm nay có việc, mưa to cũng phải lên đường!
Ngoài trời mưa trắng xóa, đường phố thì chỗ nào cũng ùn tắc, nước ngập lưng bánh xe… tham gia giao thông đúng là một hành trình thử thách. 😅

Có người bảo: “Không phải ngập đâu, chỉ là nước dềnh lên thôi!” 😂
Ừ thì gọi là dềnh cho nhẹ nhàng, chứ bánh xe đã gần “bơi” rồi thì chắc cá cũng đang tìm đường về nhà! 🐟🤣

Mưa thì vẫn mưa, đường thì vẫn tắc, thôi cứ bình tĩnh, đi chậm và an toàn. Hà Nội những ngày mưa — vất vả một chút nhưng cũng có thêm những câu chuyện vui để nhớ! 🌧️🚗",(20+) Video,2026-09-17T03:28:55.000Z,2026-09-17T03:28:55+00:00,Tham Tran cám ơn em,reply,1866557270975865,1866557270975865,1,"Thứ Năm, 17 Tháng 9, 2026 lúc 18:20",2026-09-17T18:20:00+07:00,0,,hanoi_location,0,0,facebook_20260925_0325,baseline_20260925_032543,2026-09-25T11:20:50.418005+07:00
facebook_c_2109821096574012,facebook,https://www.facebook.com/watch?v=1130923255924416,1130923255924416,"Hôm nay có việc, mưa to cũng phải lên đường!
Ngoài trời mưa trắng xóa, đường phố thì chỗ nào cũng ùn tắc, nước ngập lưng bánh xe… tham gia giao thông đúng là một hành trình thử thách. 😅

Có người bảo: “Không phải ngập đâu, chỉ là nước dềnh lên thôi!” 😂
Ừ thì gọi là dềnh cho nhẹ nhàng, chứ bánh xe đã gần “bơi” rồi thì chắc cá cũng đang tìm đường về nhà! 🐟🤣

Mưa thì vẫn mưa, đường thì vẫn tắc, thôi cứ bình tĩnh, đi chậm và an toàn. Hà Nội những ngày mưa — vất vả một chút nhưng cũng có thêm những câu chuyện vui để nhớ! 🌧️🚗",(20+) Video,2026-09-17T03:28:55.000Z,2026-09-17T03:28:55+00:00,Nhạc hay lắm anh,top_level,,2109821096574012,0,"Thứ Năm, 17 Tháng 9, 2026 lúc 12:33",2026-09-17T12:33:00+07:00,0,6739b71990431a64dfb6a264a007a9edaf534199,,0,0,facebook_20260925_0325,baseline_20260925_032543,2026-09-25T11:20:50.414530+07:00
facebook_c_2116774018918614,facebook,https://www.facebook.com/watch?v=1130923255924416,1130923255924416,"Hôm nay có việc, mưa to cũng phải lên đường!
Ngoài trời mưa trắng xóa, đường phố thì chỗ nào cũng ùn tắc, nước ngập lưng bánh xe… tham gia giao thông đúng là một hành trình thử thách. 😅

Có người bảo: “Không phải ngập đâu, chỉ là nước dềnh lên thôi!” 😂
Ừ thì gọi là dềnh cho nhẹ nhàng, chứ bánh xe đã gần “bơi” rồi thì chắc cá cũng đang tìm đường về nhà! 🐟🤣

Mưa thì vẫn mưa, đường thì vẫn tắc, thôi cứ bình tĩnh, đi chậm và an toàn. Hà Nội những ngày mưa — vất vả một chút nhưng cũng có thêm những câu chuyện vui để nhớ! 🌧️🚗",(20+) Video,2026-09-17T03:28:55.000Z,2026-09-17T03:28:55+00:00,Bùi Huyền cám ơn em nhiều,reply,2109821096574012,2109821096574012,1,"Thứ Năm, 17 Tháng 9, 2026 lúc 17:24",2026-09-17T17:24:00+07:00,0,,hanoi_location,0,0,facebook_20260925_0325,baseline_20260925_032543,2026-09-25T11:20:50.418005+07:00
facebook_c_1040553062348947,facebook,https://www.facebook.com/watch?v=1130923255924416,1130923255924416,"Hôm nay có việc, mưa to cũng phải lên đường!
Ngoài trời mưa trắng xóa, đường phố thì chỗ nào cũng ùn tắc, nước ngập lưng bánh xe… tham gia giao thông đúng là một hành trình thử thách. 😅

Có người bảo: “Không phải ngập đâu, chỉ là nước dềnh lên thôi!” 😂
Ừ thì gọi là dềnh cho nhẹ nhàng, chứ bánh xe đã gần “bơi” rồi thì chắc cá cũng đang tìm đường về nhà! 🐟🤣

Mưa thì vẫn mưa, đường thì vẫn tắc, thôi cứ bình tĩnh, đi chậm và an toàn. Hà Nội những ngày mưa — vất vả một chút nhưng cũng có thêm những câu chuyện vui để nhớ! 🌧️🚗",(20+) Video,2026-09-17T03:28:55.000Z,2026-09-17T03:28:55+00:00,Nguyễn Khắc Ngọc,reply,2109821096574012,2109821096574012,1,"Thứ Năm, 17 Tháng 9, 2026 lúc 17:28",2026-09-17T17:28:00+07:00,0,,hanoi_location,0,0,facebook_20260925_0325,baseline_20260925_032543,2026-09-25T11:20:50.419088+07:00
facebook_c_2120554575513016,facebook,https://www.facebook.com/watch?v=1130923255924416,1130923255924416,"Hôm nay có việc, mưa to cũng phải lên đường!
Ngoài trời mưa trắng xóa, đường phố thì chỗ nào cũng ùn tắc, nước ngập lưng bánh xe… tham gia giao thông đúng là một hành trình thử thách. 😅

Có người bảo: “Không phải ngập đâu, chỉ là nước dềnh lên thôi!” 😂
Ừ thì gọi là dềnh cho nhẹ nhàng, chứ bánh xe đã gần “bơi” rồi thì chắc cá cũng đang tìm đường về nhà! 🐟🤣

Mưa thì vẫn mưa, đường thì vẫn tắc, thôi cứ bình tĩnh, đi chậm và an toàn. Hà Nội những ngày mưa — vất vả một chút nhưng cũng có thêm những câu chuyện vui để nhớ! 🌧️🚗",(20+) Video,2026-09-17T03:28:55.000Z,2026-09-17T03:28:55+00:00,Mưa quá trời luôn anh nhỉ,top_level,,2120554575513016,0,"Thứ Năm, 17 Tháng 9, 2026 lúc 15:56",2026-09-17T15:56:00+07:00,0,f09b1e3e1e8432e6c66fff4adf3eca0b7d946c40,hanoi_location,0,0,facebook_20260925_0325,baseline_20260925_032543,2026-09-25T11:20:50.411530+07:00
facebook_c_2143875386475427,facebook,https://www.facebook.com/watch?v=1130923255924416,1130923255924416,"Hôm nay có việc, mưa to cũng phải lên đường!
Ngoài trời mưa trắng xóa, đường phố thì chỗ nào cũng ùn tắc, nước ngập lưng bánh xe… tham gia giao thông đúng là một hành trình thử thách. 😅

Có người bảo: “Không phải ngập đâu, chỉ là nước dềnh lên thôi!” 😂
Ừ thì gọi là dềnh cho nhẹ nhàng, chứ bánh xe đã gần “bơi” rồi thì chắc cá cũng đang tìm đường về nhà! 🐟🤣

Mưa thì vẫn mưa, đường thì vẫn tắc, thôi cứ bình tĩnh, đi chậm và an toàn. Hà Nội những ngày mưa — vất vả một chút nhưng cũng có thêm những câu chuyện vui để nhớ! 🌧️🚗",(20+) Video,2026-09-17T03:28:55.000Z,2026-09-17T03:28:55+00:00,Mưa rửa xe luôn thôi mà. Kkk… ngập lụt thế này mà còn nói dềnh gì nữa anh nhỉ!,top_level,,2143875386475427,0,"Thứ bảy, 19 Tháng 9, 2026 lúc 10:55",2026-09-19T10:55:00+07:00,0,fb394e77755bdc6968ebfc2e1a4d5d890ac1fbb9,"flood_state,hanoi_location",0,0,facebook_20260925_0325,baseline_20260925_032543,2026-09-25T11:20:50.411530+07:00
facebook_c_1620943456410189,facebook,https://www.facebook.com/watch?v=1130923255924416,1130923255924416,"Hôm nay có việc, mưa to cũng phải lên đường!
Ngoài trời mưa trắng xóa, đường phố thì chỗ nào cũng ùn tắc, nước ngập lưng bánh xe… tham gia giao thông đúng là một hành trình thử thách. 😅

Có người bảo: “Không phải ngập đâu, chỉ là nước dềnh lên thôi!” 😂
Ừ thì gọi là dềnh cho nhẹ nhàng, chứ bánh xe đã gần “bơi” rồi thì chắc cá cũng đang tìm đường về nhà! 🐟🤣

Mưa thì vẫn mưa, đường thì vẫn tắc, thôi cứ bình tĩnh, đi chậm và an toàn. Hà Nội những ngày mưa — vất vả một chút nhưng cũng có thêm những câu chuyện vui để nhớ! 🌧️🚗",(20+) Video,2026-09-17T03:28:55.000Z,2026-09-17T03:28:55+00:00,"Hoàng Vân Mưa đang kéo dài: rửa xong xe lại bẩn, khá phí…hihi hết dềnh nước anh rửa hihi. Cám ơn em",reply,2143875386475427,2143875386475427,1,"Thứ bảy, 19 Tháng 9, 2026 lúc 12:05",2026-09-19T12:05:00+07:00,0,,hanoi_location,0,0,facebook_20260925_0325,baseline_20260925_032543,2026-09-25T11:20:50.416996+07:00
facebook_c_2181781719428311,facebook,https://www.facebook.com/watch?v=1130923255924416,1130923255924416,"Hôm nay có việc, mưa to cũng phải lên đường!
Ngoài trời mưa trắng xóa, đường phố thì chỗ nào cũng ùn tắc, nước ngập lưng bánh xe… tham gia giao thông đúng là một hành trình thử thách. 😅

Có người bảo: “Không phải ngập đâu, chỉ là nước dềnh lên thôi!” 😂
Ừ thì gọi là dềnh cho nhẹ nhàng, chứ bánh xe đã gần “bơi” rồi thì chắc cá cũng đang tìm đường về nhà! 🐟🤣

Mưa thì vẫn mưa, đường thì vẫn tắc, thôi cứ bình tĩnh, đi chậm và an toàn. Hà Nội những ngày mưa — vất vả một chút nhưng cũng có thêm những câu chuyện vui để nhớ! 🌧️🚗",(20+) Video,2026-09-17T03:28:55.000Z,2026-09-17T03:28:55+00:00,Ca khúc hay quá,top_level,,2181781719428311,0,"Thứ Năm, 17 Tháng 9, 2026 lúc 13:59",2026-09-17T13:59:00+07:00,0,b1849fa32637e3823bca59cd96a5e12036529b22,,0,0,facebook_20260925_0325,baseline_20260925_032543,2026-09-25T11:20:50.421091+07:00
facebook_c_1009038292195273,facebook,https://www.facebook.com/watch?v=1130923255924416,1130923255924416,"Hôm nay có việc, mưa to cũng phải lên đường!
Ngoài trời mưa trắng xóa, đường phố thì chỗ nào cũng ùn tắc, nước ngập lưng bánh xe… tham gia giao thông đúng là một hành trình thử thách. 😅

Có người bảo: “Không phải ngập đâu, chỉ là nước dềnh lên thôi!” 😂
Ừ thì gọi là dềnh cho nhẹ nhàng, chứ bánh xe đã gần “bơi” rồi thì chắc cá cũng đang tìm đường về nhà! 🐟🤣

Mưa thì vẫn mưa, đường thì vẫn tắc, thôi cứ bình tĩnh, đi chậm và an toàn. Hà Nội những ngày mưa — vất vả một chút nhưng cũng có thêm những câu chuyện vui để nhớ! 🌧️🚗",(20+) Video,2026-09-17T03:28:55.000Z,2026-09-17T03:28:55+00:00,Bùi Thị Lịch cám ơn cô giáo đã động viẻn,reply,2181781719428311,2181781719428311,1,"Thứ Năm, 17 Tháng 9, 2026 lúc 17:33",2026-09-17T17:33:00+07:00,0,,hanoi_location,0,0,facebook_20260925_0325,baseline_20260925_032543,2026-09-25T11:20:50.423005+07:00
facebook_c_2373607413379513,facebook,https://www.facebook.com/watch?v=1130923255924416,1130923255924416,"Hôm nay có việc, mưa to cũng phải lên đường!
Ngoài trời mưa trắng xóa, đường phố thì chỗ nào cũng ùn tắc, nước ngập lưng bánh xe… tham gia giao thông đúng là một hành trình thử thách. 😅

Có người bảo: “Không phải ngập đâu, chỉ là nước dềnh lên thôi!” 😂
Ừ thì gọi là dềnh cho nhẹ nhàng, chứ bánh xe đã gần “bơi” rồi thì chắc cá cũng đang tìm đường về nhà! 🐟🤣

Mưa thì vẫn mưa, đường thì vẫn tắc, thôi cứ bình tĩnh, đi chậm và an toàn. Hà Nội những ngày mưa — vất vả một chút nhưng cũng có thêm những câu chuyện vui để nhớ! 🌧️🚗",(20+) Video,2026-09-17T03:28:55.000Z,2026-09-17T03:28:55+00:00,Mưa đi cẩn thận em nhé,top_level,,2373607413379513,0,"Thứ Năm, 17 Tháng 9, 2026 lúc 10:52",2026-09-17T10:52:00+07:00,0,9db10909fefa4da905c31977cc49f324dfe2cb8d,"transport_impact,hanoi_location",0,0,facebook_20260925_0325,baseline_20260925_032543,2026-09-25T11:20:50.424064+07:00
facebook_c_1816554696345803,facebook,https://www.facebook.com/watch?v=1130923255924416,1130923255924416,"Hôm nay có việc, mưa to cũng phải lên đường!
Ngoài trời mưa trắng xóa, đường phố thì chỗ nào cũng ùn tắc, nước ngập lưng bánh xe… tham gia giao thông đúng là một hành trình thử thách. 😅

Có người bảo: “Không phải ngập đâu, chỉ là nước dềnh lên thôi!” 😂
Ừ thì gọi là dềnh cho nhẹ nhàng, chứ bánh xe đã gần “bơi” rồi thì chắc cá cũng đang tìm đường về nhà! 🐟🤣

Mưa thì vẫn mưa, đường thì vẫn tắc, thôi cứ bình tĩnh, đi chậm và an toàn. Hà Nội những ngày mưa — vất vả một chút nhưng cũng có thêm những câu chuyện vui để nhớ! 🌧️🚗",(20+) Video,2026-09-17T03:28:55.000Z,2026-09-17T03:28:55+00:00,Thuong Dieu dạ vâng chị trời mưa lái xe tầm nhìn bị hạn chế lên phải đi chậm quan sát…em cám ơn chị đã động viên,reply,2373607413379513,2373607413379513,1,"Thứ Năm, 17 Tháng 9, 2026 lúc 12:10",2026-09-17T12:10:00+07:00,0,,"transport_impact,hanoi_location",0,0,facebook_20260925_0325,baseline_20260925_032543,2026-09-25T11:20:50.426072+07:00
facebook_c_2834919566863528,facebook,https://www.facebook.com/watch?v=1130923255924416,1130923255924416,"Hôm nay có việc, mưa to cũng phải lên đường!
Ngoài trời mưa trắng xóa, đường phố thì chỗ nào cũng ùn tắc, nước ngập lưng bánh xe… tham gia giao thông đúng là một hành trình thử thách. 😅

Có người bảo: “Không phải ngập đâu, chỉ là nước dềnh lên thôi!” 😂
Ừ thì gọi là dềnh cho nhẹ nhàng, chứ bánh xe đã gần “bơi” rồi thì chắc cá cũng đang tìm đường về nhà! 🐟🤣

Mưa thì vẫn mưa, đường thì vẫn tắc, thôi cứ bình tĩnh, đi chậm và an toàn. Hà Nội những ngày mưa — vất vả một chút nhưng cũng có thêm những câu chuyện vui để nhớ! 🌧️🚗",(20+) Video,2026-09-17T03:28:55.000Z,2026-09-17T03:28:55+00:00,Hà nội mưa to vậy hả a,top_level,,2834919566863528,0,"Thứ bảy, 19 Tháng 9, 2026 lúc 08:54",2026-09-19T08:54:00+07:00,0,f7db90452042a39725019f92e4a4d80a6df5e762,hanoi_location,0,0,facebook_20260925_0325,baseline_20260925_032543,2026-09-25T11:20:50.420090+07:00
facebook_c_2948869722120676,facebook,https://www.facebook.com/watch?v=1130923255924416,1130923255924416,"Hôm nay có việc, mưa to cũng phải lên đường!
Ngoài trời mưa trắng xóa, đường phố thì chỗ nào cũng ùn tắc, nước ngập lưng bánh xe… tham gia giao thông đúng là một hành trình thử thách. 😅

Có người bảo: “Không phải ngập đâu, chỉ là nước dềnh lên thôi!” 😂
Ừ thì gọi là dềnh cho nhẹ nhàng, chứ bánh xe đã gần “bơi” rồi thì chắc cá cũng đang tìm đường về nhà! 🐟🤣

Mưa thì vẫn mưa, đường thì vẫn tắc, thôi cứ bình tĩnh, đi chậm và an toàn. Hà Nội những ngày mưa — vất vả một chút nhưng cũng có thêm những câu chuyện vui để nhớ! 🌧️🚗",(20+) Video,2026-09-17T03:28:55.000Z,2026-09-17T03:28:55+00:00,Hà Nội mùa này có nhiều cơn mưa,top_level,,2948869722120676,0,"Thứ Năm, 17 Tháng 9, 2026 lúc 19:09",2026-09-17T19:09:00+07:00,0,51b2a71fbcf5c0ac405145ccfa11ebc576cca21c,hanoi_location,0,0,facebook_20260925_0325,baseline_20260925_032543,2026-09-25T11:20:50.403745+07:00
facebook_c_1609275224015239,facebook,https://www.facebook.com/watch?v=1130923255924416,1130923255924416,"Hôm nay có việc, mưa to cũng phải lên đường!
Ngoài trời mưa trắng xóa, đường phố thì chỗ nào cũng ùn tắc, nước ngập lưng bánh xe… tham gia giao thông đúng là một hành trình thử thách. 😅

Có người bảo: “Không phải ngập đâu, chỉ là nước dềnh lên thôi!” 😂
Ừ thì gọi là dềnh cho nhẹ nhàng, chứ bánh xe đã gần “bơi” rồi thì chắc cá cũng đang tìm đường về nhà! 🐟🤣

Mưa thì vẫn mưa, đường thì vẫn tắc, thôi cứ bình tĩnh, đi chậm và an toàn. Hà Nội những ngày mưa — vất vả một chút nhưng cũng có thêm những câu chuyện vui để nhớ! 🌧️🚗",(20+) Video,2026-09-17T03:28:55.000Z,2026-09-17T03:28:55+00:00,Tím Thủy Chung cám ơn em,reply,2948869722120676,2948869722120676,1,"Thứ Năm, 17 Tháng 9, 2026 lúc 20:23",2026-09-17T20:23:00+07:00,0,,hanoi_location,0,0,facebook_20260925_0325,baseline_20260925_032543,2026-09-25T11:20:50.408519+07:00
facebook_c_3042822666063860,facebook,https://www.facebook.com/watch?v=1130923255924416,1130923255924416,"Hôm nay có việc, mưa to cũng phải lên đường!
Ngoài trời mưa trắng xóa, đường phố thì chỗ nào cũng ùn tắc, nước ngập lưng bánh xe… tham gia giao thông đúng là một hành trình thử thách. 😅

Có người bảo: “Không phải ngập đâu, chỉ là nước dềnh lên thôi!” 😂
Ừ thì gọi là dềnh cho nhẹ nhàng, chứ bánh xe đã gần “bơi” rồi thì chắc cá cũng đang tìm đường về nhà! 🐟🤣

Mưa thì vẫn mưa, đường thì vẫn tắc, thôi cứ bình tĩnh, đi chậm và an toàn. Hà Nội những ngày mưa — vất vả một chút nhưng cũng có thêm những câu chuyện vui để nhớ! 🌧️🚗",(20+) Video,2026-09-17T03:28:55.000Z,2026-09-17T03:28:55+00:00,Hi mưa vậy mà ngập khủng quá anh nhỉ,top_level,,3042822666063860,0,"Thứ Năm, 17 Tháng 9, 2026 lúc 13:58",2026-09-17T13:58:00+07:00,0,f2aaf4fb8aa8c364e5b911995ce4382131daf93a,flood_state,0,0,facebook_20260925_0325,baseline_20260925_032543,2026-09-25T11:20:50.422004+07:00
facebook_c_4407130942869387,facebook,https://www.facebook.com/watch?v=1130923255924416,1130923255924416,"Hôm nay có việc, mưa to cũng phải lên đường!
Ngoài trời mưa trắng xóa, đường phố thì chỗ nào cũng ùn tắc, nước ngập lưng bánh xe… tham gia giao thông đúng là một hành trình thử thách. 😅

Có người bảo: “Không phải ngập đâu, chỉ là nước dềnh lên thôi!” 😂
Ừ thì gọi là dềnh cho nhẹ nhàng, chứ bánh xe đã gần “bơi” rồi thì chắc cá cũng đang tìm đường về nhà! 🐟🤣

Mưa thì vẫn mưa, đường thì vẫn tắc, thôi cứ bình tĩnh, đi chậm và an toàn. Hà Nội những ngày mưa — vất vả một chút nhưng cũng có thêm những câu chuyện vui để nhớ! 🌧️🚗",(20+) Video,2026-09-17T03:28:55.000Z,2026-09-17T03:28:55+00:00,Mưa cho nó mát anh ơi,top_level,,4407130942869387,0,"Thứ Năm, 17 Tháng 9, 2026 lúc 10:37",2026-09-17T10:37:00+07:00,0,5431664ab0d4d1f46aad6e67a57283c315fe1c97,,0,0,facebook_20260925_0325,baseline_20260925_032543,2026-09-25T11:20:50.405744+07:00
facebook_c_1605826111343733,facebook,https://www.facebook.com/watch?v=1130923255924416,1130923255924416,"Hôm nay có việc, mưa to cũng phải lên đường!
Ngoài trời mưa trắng xóa, đường phố thì chỗ nào cũng ùn tắc, nước ngập lưng bánh xe… tham gia giao thông đúng là một hành trình thử thách. 😅

Có người bảo: “Không phải ngập đâu, chỉ là nước dềnh lên thôi!” 😂
Ừ thì gọi là dềnh cho nhẹ nhàng, chứ bánh xe đã gần “bơi” rồi thì chắc cá cũng đang tìm đường về nhà! 🐟🤣

Mưa thì vẫn mưa, đường thì vẫn tắc, thôi cứ bình tĩnh, đi chậm và an toàn. Hà Nội những ngày mưa — vất vả một chút nhưng cũng có thêm những câu chuyện vui để nhớ! 🌧️🚗",(20+) Video,2026-09-17T03:28:55.000Z,2026-09-17T03:28:55+00:00,Nguyễn Khắc Ngọc cố gắng ak,reply,4407130942869387,4407130942869387,1,"Thứ Năm, 17 Tháng 9, 2026 lúc 11:31",2026-09-17T11:31:00+07:00,0,,hanoi_location,0,0,facebook_20260925_0325,baseline_20260925_032543,2026-09-25T11:20:50.410528+07:00
facebook_c_2943206292680902,facebook,https://www.facebook.com/watch?v=1130923255924416,1130923255924416,"Hôm nay có việc, mưa to cũng phải lên đường!
Ngoài trời mưa trắng xóa, đường phố thì chỗ nào cũng ùn tắc, nước ngập lưng bánh xe… tham gia giao thông đúng là một hành trình thử thách. 😅

Có người bảo: “Không phải ngập đâu, chỉ là nước dềnh lên thôi!” 😂
Ừ thì gọi là dềnh cho nhẹ nhàng, chứ bánh xe đã gần “bơi” rồi thì chắc cá cũng đang tìm đường về nhà! 🐟🤣

Mưa thì vẫn mưa, đường thì vẫn tắc, thôi cứ bình tĩnh, đi chậm và an toàn. Hà Nội những ngày mưa — vất vả một chút nhưng cũng có thêm những câu chuyện vui để nhớ! 🌧️🚗",(20+) Video,2026-09-17T03:28:55.000Z,2026-09-17T03:28:55+00:00,Lệ Cay cám ơn em đã động viên,reply,4407130942869387,4407130942869387,1,"Thứ Năm, 17 Tháng 9, 2026 lúc 12:24",2026-09-17T12:24:00+07:00,0,,hanoi_location,0,0,facebook_20260925_0325,baseline_20260925_032543,2026-09-25T11:20:50.410528+07:00
facebook_c_4578845475729621,facebook,https://www.facebook.com/watch?v=1130923255924416,1130923255924416,"Hôm nay có việc, mưa to cũng phải lên đường!
Ngoài trời mưa trắng xóa, đường phố thì chỗ nào cũng ùn tắc, nước ngập lưng bánh xe… tham gia giao thông đúng là một hành trình thử thách. 😅

Có người bảo: “Không phải ngập đâu, chỉ là nước dềnh lên thôi!” 😂
Ừ thì gọi là dềnh cho nhẹ nhàng, chứ bánh xe đã gần “bơi” rồi thì chắc cá cũng đang tìm đường về nhà! 🐟🤣

Mưa thì vẫn mưa, đường thì vẫn tắc, thôi cứ bình tĩnh, đi chậm và an toàn. Hà Nội những ngày mưa — vất vả một chút nhưng cũng có thêm những câu chuyện vui để nhớ! 🌧️🚗",(20+) Video,2026-09-17T03:28:55.000Z,2026-09-17T03:28:55+00:00,Anh zai ơi đi dưới mưa thích lắm luôn,top_level,,4578845475729621,0,"Thứ Sáu, 18 Tháng 9, 2026 lúc 15:12",2026-09-18T15:12:00+07:00,0,f21cd85c69c421cee9d572fa0fc0d65188bf2772,"transport_impact,hanoi_location",0,0,facebook_20260925_0325,baseline_20260925_032543,2026-09-25T11:20:50.420090+07:00
facebook_c_921071184019739,facebook,https://www.facebook.com/watch?v=1130923255924416,1130923255924416,"Hôm nay có việc, mưa to cũng phải lên đường!
Ngoài trời mưa trắng xóa, đường phố thì chỗ nào cũng ùn tắc, nước ngập lưng bánh xe… tham gia giao thông đúng là một hành trình thử thách. 😅

Có người bảo: “Không phải ngập đâu, chỉ là nước dềnh lên thôi!” 😂
Ừ thì gọi là dềnh cho nhẹ nhàng, chứ bánh xe đã gần “bơi” rồi thì chắc cá cũng đang tìm đường về nhà! 🐟🤣

Mưa thì vẫn mưa, đường thì vẫn tắc, thôi cứ bình tĩnh, đi chậm và an toàn. Hà Nội những ngày mưa — vất vả một chút nhưng cũng có thêm những câu chuyện vui để nhớ! 🌧️🚗",(20+) Video,2026-09-17T03:28:55.000Z,2026-09-17T03:28:55+00:00,Mưa to quá anh nhỉ,top_level,,921071184019739,0,"Thứ Năm, 17 Tháng 9, 2026 lúc 11:41",2026-09-17T11:41:00+07:00,0,e6a992b16025fc5578573b2ca9a4e5f066d79c3c,,0,0,facebook_20260925_0325,baseline_20260925_032543,2026-09-25T11:20:50.412528+07:00
facebook_c_1072160505443239,facebook,https://www.facebook.com/watch?v=1130923255924416,1130923255924416,"Hôm nay có việc, mưa to cũng phải lên đường!
Ngoài trời mưa trắng xóa, đường phố thì chỗ nào cũng ùn tắc, nước ngập lưng bánh xe… tham gia giao thông đúng là một hành trình thử thách. 😅

Có người bảo: “Không phải ngập đâu, chỉ là nước dềnh lên thôi!” 😂
Ừ thì gọi là dềnh cho nhẹ nhàng, chứ bánh xe đã gần “bơi” rồi thì chắc cá cũng đang tìm đường về nhà! 🐟🤣

Mưa thì vẫn mưa, đường thì vẫn tắc, thôi cứ bình tĩnh, đi chậm và an toàn. Hà Nội những ngày mưa — vất vả một chút nhưng cũng có thêm những câu chuyện vui để nhớ! 🌧️🚗",(20+) Video,2026-09-17T03:28:55.000Z,2026-09-17T03:28:55+00:00,Nguyễn Thanh mưa o cả đêm qua và sáng nay em ạ,reply,921071184019739,921071184019739,1,"Thứ Năm, 17 Tháng 9, 2026 lúc 12:20",2026-09-17T12:20:00+07:00,0,,hanoi_location,0,0,facebook_20260925_0325,baseline_20260925_032543,2026-09-25T11:20:50.416996+07:00
facebook_c_1236147744931343,facebook,https://www.facebook.com/watch?v=1142082214465139,1142082214465139,"Hà Nội có 36 điểm ngập lụt lớn, giao thông hỗn loạn

Sáng 26/8, Hà Nội ghi nhận 36 điểm ngập lụt nghiêm trọng sau mưa lớn do ảnh hưởng hoàn lưu bão số 5. Giao thông nhiều tuyến đường rơi vào tình trạng hỗn loạn, ùn tắc, nhiều ô tô chết máy, xe buýt tê liệt.

Theo Đài khí tượng Thủy văn Bắc Bộ, lượng mưa từ đêm 25/8 đến sáng 26/8 phổ biến 100–200mm, nhiều nơi vượt 200mm như Thạch Thất (287,6mm), An Khánh (254,6mm), Thường Tín và Thanh Trì (216,2mm).

Các tuyến đường ngập nặng gồm QL70, Quang Trung (Ba La – Yên Nghĩa), Tố Hữu, Nguyễn Trãi, Đỗ Đức Dục, Quan Nhân, nhiều điểm trung tâm như ngõ 165 Thái Hà, chợ Xanh Thành Công, hầm chui Thiên Đức… Công ty Thoát nước Hà Nội đang khẩn trương vận hành các trạm bơm Yên Sở, Cổ Nhuế, Đồng Bông 1 để hạ mực nước, giải tỏa giao thông.

#HaNoi #NgapLut #BaoSo5 #GiaoThongHonLoan #UnTac #ThoiTietHaNoi #MuaBao",(20+) Video,2025-08-27T03:30:58.000Z,2025-08-27T03:30:58+00:00,Chỗ nhà tôi cầu giấy vẫn không có nước.,top_level,,1236147744931343,0,"Thứ Tư, 27 Tháng 8, 2025 lúc 12:16",2025-08-27T12:16:00+07:00,0,f19ed477ba29d0669d6c2533c6ffd3ae02c7f29e,hanoi_location,1,0,facebook_20260925_0325,baseline_20260925_032543,2026-09-25T10:30:25.946416+07:00
facebook_c_3723134854659598,facebook,https://www.facebook.com/watch?v=1142082214465139,1142082214465139,"Hà Nội có 36 điểm ngập lụt lớn, giao thông hỗn loạn

Sáng 26/8, Hà Nội ghi nhận 36 điểm ngập lụt nghiêm trọng sau mưa lớn do ảnh hưởng hoàn lưu bão số 5. Giao thông nhiều tuyến đường rơi vào tình trạng hỗn loạn, ùn tắc, nhiều ô tô chết máy, xe buýt tê liệt.

Theo Đài khí tượng Thủy văn Bắc Bộ, lượng mưa từ đêm 25/8 đến sáng 26/8 phổ biến 100–200mm, nhiều nơi vượt 200mm như Thạch Thất (287,6mm), An Khánh (254,6mm), Thường Tín và Thanh Trì (216,2mm).

Các tuyến đường ngập nặng gồm QL70, Quang Trung (Ba La – Yên Nghĩa), Tố Hữu, Nguyễn Trãi, Đỗ Đức Dục, Quan Nhân, nhiều điểm trung tâm như ngõ 165 Thái Hà, chợ Xanh Thành Công, hầm chui Thiên Đức… Công ty Thoát nước Hà Nội đang khẩn trương vận hành các trạm bơm Yên Sở, Cổ Nhuế, Đồng Bông 1 để hạ mực nước, giải tỏa giao thông.

#HaNoi #NgapLut #BaoSo5 #GiaoThongHonLoan #UnTac #ThoiTietHaNoi #MuaBao",(20+) Video,2025-08-27T03:30:58.000Z,2025-08-27T03:30:58+00:00,Tại sao chỗ ngã tư ngã năm ngã bảy cầu giấy nơi tôi sinh ra chưa từng bị ngập.,top_level,,3723134854659598,0,"Thứ Tư, 27 Tháng 8, 2025 lúc 12:18",2025-08-27T12:18:00+07:00,0,f19ed477ba29d0669d6c2533c6ffd3ae02c7f29e,"flood_state,hanoi_location",1,0,facebook_20260925_0325,baseline_20260925_032543,2026-09-25T10:30:25.946416+07:00
facebook_c_1131890525567371,facebook,https://www.facebook.com/watch?v=1335637137946223,1335637137946223,"🛑  LƯỢNG MƯA QUÁ LỚN KÉO DÀI KHIẾN NHIỀU ĐƯỜNG PHỐ NGẬP SÂU

Do ảnh hưởng của hoàn lưu cơn bão số 10, trong cả ngày hôm nay (30/9) tại Hà Nội đã có mưa rất to và kéo dài suốt từ đầu giờ sáng đến chiều tối khiến giao thông tại nhiều tuyến đường bị tê liệt. Đáng chú ý là mưa lớn trút xuống liên tiếp, gần như không có thời điểm ngừng trong cả ngày nên vượt quá khả năng tiêu thoát nước, tình trạng ngập úng vì thế càng thêm trầm trọng. Cơ quan chức năng của thành phố đã huy động các lựng lượng ứng trực, nỗ lực tiêu thoát nước và hướng dẫn người dân lưu thông.
#giaothong #ngapung #news #thoisu #hanoionline",(20+) Video,2025-09-30T14:44:46.000Z,2025-09-30T14:44:46+00:00,Khổ thật,top_level,,1131890525567371,0,"Thứ Tư, 1 Tháng 10, 2025 lúc 07:33",2025-10-01T07:33:00+07:00,0,c24b136bbac51846ac9d3195f82198041e2cb52b,,0,0,facebook_20260925_0325,baseline_20260925_032543,2026-09-25T11:11:39.876627+07:00
facebook_c_1534834194600226,facebook,https://www.facebook.com/watch?v=1335637137946223,1335637137946223,"🛑  LƯỢNG MƯA QUÁ LỚN KÉO DÀI KHIẾN NHIỀU ĐƯỜNG PHỐ NGẬP SÂU

Do ảnh hưởng của hoàn lưu cơn bão số 10, trong cả ngày hôm nay (30/9) tại Hà Nội đã có mưa rất to và kéo dài suốt từ đầu giờ sáng đến chiều tối khiến giao thông tại nhiều tuyến đường bị tê liệt. Đáng chú ý là mưa lớn trút xuống liên tiếp, gần như không có thời điểm ngừng trong cả ngày nên vượt quá khả năng tiêu thoát nước, tình trạng ngập úng vì thế càng thêm trầm trọng. Cơ quan chức năng của thành phố đã huy động các lựng lượng ứng trực, nỗ lực tiêu thoát nước và hướng dẫn người dân lưu thông.
#giaothong #ngapung #news #thoisu #hanoionline",(20+) Video,2025-09-30T14:44:46.000Z,2025-09-30T14:44:46+00:00,Như sông Trịnh Đức Duy,top_level,,1534834194600226,0,"Thứ Ba, 30 Tháng 9, 2025 lúc 22:34",2025-09-30T22:34:00+07:00,0,e2e72c9796dac06e18f4057ec9c1bea5cd4d9a46,,0,0,facebook_20260925_0325,baseline_20260925_032543,2026-09-25T11:11:39.877301+07:00
facebook_c_2506686209707703,facebook,https://www.facebook.com/watch?v=1335637137946223,1335637137946223,"🛑  LƯỢNG MƯA QUÁ LỚN KÉO DÀI KHIẾN NHIỀU ĐƯỜNG PHỐ NGẬP SÂU

Do ảnh hưởng của hoàn lưu cơn bão số 10, trong cả ngày hôm nay (30/9) tại Hà Nội đã có mưa rất to và kéo dài suốt từ đầu giờ sáng đến chiều tối khiến giao thông tại nhiều tuyến đường bị tê liệt. Đáng chú ý là mưa lớn trút xuống liên tiếp, gần như không có thời điểm ngừng trong cả ngày nên vượt quá khả năng tiêu thoát nước, tình trạng ngập úng vì thế càng thêm trầm trọng. Cơ quan chức năng của thành phố đã huy động các lựng lượng ứng trực, nỗ lực tiêu thoát nước và hướng dẫn người dân lưu thông.
#giaothong #ngapung #news #thoisu #hanoionline",(20+) Video,2025-09-30T14:44:46.000Z,2025-09-30T14:44:46+00:00,Nguyễn Hoa,top_level,,2506686209707703,0,"Thứ Tư, 1 Tháng 10, 2025 lúc 12:19",2025-10-01T12:19:00+07:00,0,30de303a3bf78651a1238635a067eb6a365b8da9,hanoi_location,0,0,facebook_20260925_0325,baseline_20260925_032543,2026-09-25T11:11:39.877301+07:00
facebook_c_782559024407784,facebook,https://www.facebook.com/watch?v=1335637137946223,1335637137946223,"🛑  LƯỢNG MƯA QUÁ LỚN KÉO DÀI KHIẾN NHIỀU ĐƯỜNG PHỐ NGẬP SÂU

Do ảnh hưởng của hoàn lưu cơn bão số 10, trong cả ngày hôm nay (30/9) tại Hà Nội đã có mưa rất to và kéo dài suốt từ đầu giờ sáng đến chiều tối khiến giao thông tại nhiều tuyến đường bị tê liệt. Đáng chú ý là mưa lớn trút xuống liên tiếp, gần như không có thời điểm ngừng trong cả ngày nên vượt quá khả năng tiêu thoát nước, tình trạng ngập úng vì thế càng thêm trầm trọng. Cơ quan chức năng của thành phố đã huy động các lựng lượng ứng trực, nỗ lực tiêu thoát nước và hướng dẫn người dân lưu thông.
#giaothong #ngapung #news #thoisu #hanoionline",(20+) Video,2025-09-30T14:44:46.000Z,2025-09-30T14:44:46+00:00,Hôm qua mưa như trút nc là có thiệt.,top_level,,782559024407784,0,"Thứ Tư, 1 Tháng 10, 2025 lúc 06:40",2025-10-01T06:40:00+07:00,0,9495ddbbf1b7eff2a81122d91b9a63b5782ecb6c,,0,0,facebook_20260925_0325,baseline_20260925_032543,2026-09-25T11:11:39.877301+07:00
facebook_c_1135016178585838,facebook,https://www.facebook.com/watch?v=1335637137946223,1335637137946223,"🛑  LƯỢNG MƯA QUÁ LỚN KÉO DÀI KHIẾN NHIỀU ĐƯỜNG PHỐ NGẬP SÂU

Do ảnh hưởng của hoàn lưu cơn bão số 10, trong cả ngày hôm nay (30/9) tại Hà Nội đã có mưa rất to và kéo dài suốt từ đầu giờ sáng đến chiều tối khiến giao thông tại nhiều tuyến đường bị tê liệt. Đáng chú ý là mưa lớn trút xuống liên tiếp, gần như không có thời điểm ngừng trong cả ngày nên vượt quá khả năng tiêu thoát nước, tình trạng ngập úng vì thế càng thêm trầm trọng. Cơ quan chức năng của thành phố đã huy động các lựng lượng ứng trực, nỗ lực tiêu thoát nước và hướng dẫn người dân lưu thông.
#giaothong #ngapung #news #thoisu #hanoionline",(20+) Video,2025-09-30T14:44:46.000Z,2025-09-30T14:44:46+00:00,Mỹ Lệ mưa nhiều thế mà bảo có 1 chút,reply,782559024407784,782559024407784,1,"Thứ Tư, 1 Tháng 10, 2025 lúc 11:10",2025-10-01T11:10:00+07:00,0,,,0,0,facebook_20260925_0325,baseline_20260925_032543,2026-09-25T11:11:39.878502+07:00
facebook_c_812046028001140,facebook,https://www.facebook.com/watch?v=1335637137946223,1335637137946223,"🛑  LƯỢNG MƯA QUÁ LỚN KÉO DÀI KHIẾN NHIỀU ĐƯỜNG PHỐ NGẬP SÂU

Do ảnh hưởng của hoàn lưu cơn bão số 10, trong cả ngày hôm nay (30/9) tại Hà Nội đã có mưa rất to và kéo dài suốt từ đầu giờ sáng đến chiều tối khiến giao thông tại nhiều tuyến đường bị tê liệt. Đáng chú ý là mưa lớn trút xuống liên tiếp, gần như không có thời điểm ngừng trong cả ngày nên vượt quá khả năng tiêu thoát nước, tình trạng ngập úng vì thế càng thêm trầm trọng. Cơ quan chức năng của thành phố đã huy động các lựng lượng ứng trực, nỗ lực tiêu thoát nước và hướng dẫn người dân lưu thông.
#giaothong #ngapung #news #thoisu #hanoionline",(20+) Video,2025-09-30T14:44:46.000Z,2025-09-30T14:44:46+00:00,Mỹ Lệ trút nước,reply,782559024407784,782559024407784,1,"Thứ Tư, 1 Tháng 10, 2025 lúc 19:00",2025-10-01T19:00:00+07:00,0,,,0,0,facebook_20260925_0325,baseline_20260925_032543,2026-09-25T11:11:39.878502+07:00
facebook_c_778847261592251,facebook,https://www.facebook.com/watch?v=1335637137946223,1335637137946223,"🛑  LƯỢNG MƯA QUÁ LỚN KÉO DÀI KHIẾN NHIỀU ĐƯỜNG PHỐ NGẬP SÂU

Do ảnh hưởng của hoàn lưu cơn bão số 10, trong cả ngày hôm nay (30/9) tại Hà Nội đã có mưa rất to và kéo dài suốt từ đầu giờ sáng đến chiều tối khiến giao thông tại nhiều tuyến đường bị tê liệt. Đáng chú ý là mưa lớn trút xuống liên tiếp, gần như không có thời điểm ngừng trong cả ngày nên vượt quá khả năng tiêu thoát nước, tình trạng ngập úng vì thế càng thêm trầm trọng. Cơ quan chức năng của thành phố đã huy động các lựng lượng ứng trực, nỗ lực tiêu thoát nước và hướng dẫn người dân lưu thông.
#giaothong #ngapung #news #thoisu #hanoionline",(20+) Video,2025-09-30T14:44:46.000Z,2025-09-30T14:44:46+00:00,Thanh Nguyễn Trút nước kg phải 1 trút,reply,782559024407784,782559024407784,1,"Thứ Tư, 1 Tháng 10, 2025 lúc 19:05",2025-10-01T19:05:00+07:00,0,,hanoi_location,0,0,facebook_20260925_0325,baseline_20260925_032543,2026-09-25T11:11:39.878502+07:00
facebook_c_1005422505920756,facebook,https://www.facebook.com/watch?v=1415912760740883,1415912760740883,"Hà Nội sáng 17/9: Cập nhật các điểm ngập, người đi làm cần lưu ý
Hà Nội sáng 17/9 tiếp tục có mưa lớn, nguy cơ úng ngập tại một số khu vực. Cập nhật các tuyến đường, điểm ngập đáng chú ý để người dân chủ động lựa chọn lộ trình trong giờ cao điểm.

Tạp chí Nông nghiệp và Môi trường tiếp tục cập nhật tình hình mưa lớn, ngập úng và giao thông tại Hà Nội.

👉 Theo dõi Tạp chí Nông nghiệp và Môi trường để cập nhật nhanh các thông tin thời tiết, môi trường và đời sống.
#HaNoi #NgapHaNoi #MuaLon #NgapUng #GiaoThongHaNoi #HaNoiSangNay #ThoiTietHaNoi #TapChiNongNghiepVaMoiTruong",(20+) Video,2026-09-16T23:28:24.000Z,2026-09-16T23:28:24+00:00,"Nước từ trên trời zềnh xuống, trăm năm nữa là hết luôn. Thành phố ven sông phải có nước Zềnh mới lãng mạng.",top_level,,1005422505920756,0,"Thứ Năm, 17 Tháng 9, 2026 lúc 09:33",2026-09-17T09:33:00+07:00,0,30f6936b2f8e5bc46733bd102cd537525b25474f,hanoi_location,0,0,facebook_20260925_0325,baseline_20260925_032543,2026-09-25T10:46:52.760231+07:00
facebook_c_1014986381598908,facebook,https://www.facebook.com/watch?v=1415912760740883,1415912760740883,"Hà Nội sáng 17/9: Cập nhật các điểm ngập, người đi làm cần lưu ý
Hà Nội sáng 17/9 tiếp tục có mưa lớn, nguy cơ úng ngập tại một số khu vực. Cập nhật các tuyến đường, điểm ngập đáng chú ý để người dân chủ động lựa chọn lộ trình trong giờ cao điểm.

Tạp chí Nông nghiệp và Môi trường tiếp tục cập nhật tình hình mưa lớn, ngập úng và giao thông tại Hà Nội.

👉 Theo dõi Tạp chí Nông nghiệp và Môi trường để cập nhật nhanh các thông tin thời tiết, môi trường và đời sống.
#HaNoi #NgapHaNoi #MuaLon #NgapUng #GiaoThongHaNoi #HaNoiSangNay #ThoiTietHaNoi #TapChiNongNghiepVaMoiTruong",(20+) Video,2026-09-16T23:28:24.000Z,2026-09-16T23:28:24+00:00,Ngập hết rồi làm gì phải cập nhật .,top_level,,1014986381598908,0,"Thứ Năm, 17 Tháng 9, 2026 lúc 10:26",2026-09-17T10:26:00+07:00,0,52fd217cda5160d65dca1a05a06aee6144c0a977,flood_state,0,0,facebook_20260925_0325,baseline_20260925_032543,2026-09-25T10:46:52.745669+07:00
facebook_c_1015394148203476,facebook,https://www.facebook.com/watch?v=1415912760740883,1415912760740883,"Hà Nội sáng 17/9: Cập nhật các điểm ngập, người đi làm cần lưu ý
Hà Nội sáng 17/9 tiếp tục có mưa lớn, nguy cơ úng ngập tại một số khu vực. Cập nhật các tuyến đường, điểm ngập đáng chú ý để người dân chủ động lựa chọn lộ trình trong giờ cao điểm.

Tạp chí Nông nghiệp và Môi trường tiếp tục cập nhật tình hình mưa lớn, ngập úng và giao thông tại Hà Nội.

👉 Theo dõi Tạp chí Nông nghiệp và Môi trường để cập nhật nhanh các thông tin thời tiết, môi trường và đời sống.
#HaNoi #NgapHaNoi #MuaLon #NgapUng #GiaoThongHaNoi #HaNoiSangNay #ThoiTietHaNoi #TapChiNongNghiepVaMoiTruong",(20+) Video,2026-09-16T23:28:24.000Z,2026-09-16T23:28:24+00:00,Dềnh thế này chỉ đi suông và tàu bay thôi,top_level,,1015394148203476,0,"Thứ Năm, 17 Tháng 9, 2026 lúc 12:27",2026-09-17T12:27:00+07:00,0,28ce7811281405033aab0f1d311eae25b55a767e,transport_impact,0,0,facebook_20260925_0325,baseline_20260925_032543,2026-09-25T10:46:52.729113+07:00
facebook_c_1021463604254794,facebook,https://www.facebook.com/watch?v=1415912760740883,1415912760740883,"Hà Nội sáng 17/9: Cập nhật các điểm ngập, người đi làm cần lưu ý
Hà Nội sáng 17/9 tiếp tục có mưa lớn, nguy cơ úng ngập tại một số khu vực. Cập nhật các tuyến đường, điểm ngập đáng chú ý để người dân chủ động lựa chọn lộ trình trong giờ cao điểm.

Tạp chí Nông nghiệp và Môi trường tiếp tục cập nhật tình hình mưa lớn, ngập úng và giao thông tại Hà Nội.

👉 Theo dõi Tạp chí Nông nghiệp và Môi trường để cập nhật nhanh các thông tin thời tiết, môi trường và đời sống.
#HaNoi #NgapHaNoi #MuaLon #NgapUng #GiaoThongHaNoi #HaNoiSangNay #ThoiTietHaNoi #TapChiNongNghiepVaMoiTruong",(20+) Video,2026-09-16T23:28:24.000Z,2026-09-16T23:28:24+00:00,Chỉ khổ dằn nghèo thôi hy sinh đất làm hồ hy vọng mọi người được lợi đỡ ngập các cụ có câu (người tình không bằng trời tính),top_level,,1021463604254794,0,"Thứ Năm, 17 Tháng 9, 2026 lúc 12:19",2026-09-17T12:19:00+07:00,0,d5492655b224e5c86efef0e5abd84caa50f7b4a0,"flood_state,hanoi_location",0,0,facebook_20260925_0325,baseline_20260925_032543,2026-09-25T10:46:52.767817+07:00
facebook_c_1028471960240722,facebook,https://www.facebook.com/watch?v=1415912760740883,1415912760740883,"Hà Nội sáng 17/9: Cập nhật các điểm ngập, người đi làm cần lưu ý
Hà Nội sáng 17/9 tiếp tục có mưa lớn, nguy cơ úng ngập tại một số khu vực. Cập nhật các tuyến đường, điểm ngập đáng chú ý để người dân chủ động lựa chọn lộ trình trong giờ cao điểm.

Tạp chí Nông nghiệp và Môi trường tiếp tục cập nhật tình hình mưa lớn, ngập úng và giao thông tại Hà Nội.

👉 Theo dõi Tạp chí Nông nghiệp và Môi trường để cập nhật nhanh các thông tin thời tiết, môi trường và đời sống.
#HaNoi #NgapHaNoi #MuaLon #NgapUng #GiaoThongHaNoi #HaNoiSangNay #ThoiTietHaNoi #TapChiNongNghiepVaMoiTruong",(20+) Video,2026-09-16T23:28:24.000Z,2026-09-16T23:28:24+00:00,người và xe nối nhau bơi trên đường,top_level,,1028471960240722,0,"Thứ Năm, 24 Tháng 9, 2026 lúc 18:26",2026-09-24T18:26:00+07:00,0,0d31fa3e771f1ee173d5573fbe6231fc6340cdc3,hanoi_location,0,0,facebook_20260925_0325,baseline_20260925_032543,2026-09-25T10:46:52.746668+07:00
facebook_c_1041588865542011,facebook,https://www.facebook.com/watch?v=1415912760740883,1415912760740883,"Hà Nội sáng 17/9: Cập nhật các điểm ngập, người đi làm cần lưu ý
Hà Nội sáng 17/9 tiếp tục có mưa lớn, nguy cơ úng ngập tại một số khu vực. Cập nhật các tuyến đường, điểm ngập đáng chú ý để người dân chủ động lựa chọn lộ trình trong giờ cao điểm.

Tạp chí Nông nghiệp và Môi trường tiếp tục cập nhật tình hình mưa lớn, ngập úng và giao thông tại Hà Nội.

👉 Theo dõi Tạp chí Nông nghiệp và Môi trường để cập nhật nhanh các thông tin thời tiết, môi trường và đời sống.
#HaNoi #NgapHaNoi #MuaLon #NgapUng #GiaoThongHaNoi #HaNoiSangNay #ThoiTietHaNoi #TapChiNongNghiepVaMoiTruong",(20+) Video,2026-09-16T23:28:24.000Z,2026-09-16T23:28:24+00:00,Có vây mà ko ai nghí ra  cách.,top_level,,1041588865542011,0,"Thứ Năm, 17 Tháng 9, 2026 lúc 19:18",2026-09-17T19:18:00+07:00,0,297e48cc916287631ab23d4b371ae78af43eae6a,,0,0,facebook_20260925_0325,baseline_20260925_032543,2026-09-25T10:46:52.719970+07:00
facebook_c_1042746028798678,facebook,https://www.facebook.com/watch?v=1415912760740883,1415912760740883,"Hà Nội sáng 17/9: Cập nhật các điểm ngập, người đi làm cần lưu ý
Hà Nội sáng 17/9 tiếp tục có mưa lớn, nguy cơ úng ngập tại một số khu vực. Cập nhật các tuyến đường, điểm ngập đáng chú ý để người dân chủ động lựa chọn lộ trình trong giờ cao điểm.

Tạp chí Nông nghiệp và Môi trường tiếp tục cập nhật tình hình mưa lớn, ngập úng và giao thông tại Hà Nội.

👉 Theo dõi Tạp chí Nông nghiệp và Môi trường để cập nhật nhanh các thông tin thời tiết, môi trường và đời sống.
#HaNoi #NgapHaNoi #MuaLon #NgapUng #GiaoThongHaNoi #HaNoiSangNay #ThoiTietHaNoi #TapChiNongNghiepVaMoiTruong",(20+) Video,2026-09-16T23:28:24.000Z,2026-09-16T23:28:24+00:00,Nguyễn Phấn,top_level,,1042746028798678,0,"Thứ Năm, 17 Tháng 9, 2026 lúc 12:16",2026-09-17T12:16:00+07:00,0,1a9118ab7baa5f5e509bf990eed0db4aab30ae62,hanoi_location,0,0,facebook_20260925_0325,baseline_20260925_032543,2026-09-25T10:46:52.765231+07:00
facebook_c_1049629394784537,facebook,https://www.facebook.com/watch?v=1415912760740883,1415912760740883,"Hà Nội sáng 17/9: Cập nhật các điểm ngập, người đi làm cần lưu ý
Hà Nội sáng 17/9 tiếp tục có mưa lớn, nguy cơ úng ngập tại một số khu vực. Cập nhật các tuyến đường, điểm ngập đáng chú ý để người dân chủ động lựa chọn lộ trình trong giờ cao điểm.

Tạp chí Nông nghiệp và Môi trường tiếp tục cập nhật tình hình mưa lớn, ngập úng và giao thông tại Hà Nội.

👉 Theo dõi Tạp chí Nông nghiệp và Môi trường để cập nhật nhanh các thông tin thời tiết, môi trường và đời sống.
#HaNoi #NgapHaNoi #MuaLon #NgapUng #GiaoThongHaNoi #HaNoiSangNay #ThoiTietHaNoi #TapChiNongNghiepVaMoiTruong",(20+) Video,2026-09-16T23:28:24.000Z,2026-09-16T23:28:24+00:00,Ko dc nói ngập nhé,top_level,,1049629394784537,0,"Thứ Năm, 17 Tháng 9, 2026 lúc 12:43",2026-09-17T12:43:00+07:00,0,cc034fa9dc532964f1da2a7be838f3a6ec2bd4c6,flood_state,0,0,facebook_20260925_0325,baseline_20260925_032543,2026-09-25T10:46:52.734628+07:00
facebook_c_1051324717715021,facebook,https://www.facebook.com/watch?v=1415912760740883,1415912760740883,"Hà Nội sáng 17/9: Cập nhật các điểm ngập, người đi làm cần lưu ý
Hà Nội sáng 17/9 tiếp tục có mưa lớn, nguy cơ úng ngập tại một số khu vực. Cập nhật các tuyến đường, điểm ngập đáng chú ý để người dân chủ động lựa chọn lộ trình trong giờ cao điểm.

Tạp chí Nông nghiệp và Môi trường tiếp tục cập nhật tình hình mưa lớn, ngập úng và giao thông tại Hà Nội.

👉 Theo dõi Tạp chí Nông nghiệp và Môi trường để cập nhật nhanh các thông tin thời tiết, môi trường và đời sống.
#HaNoi #NgapHaNoi #MuaLon #NgapUng #GiaoThongHaNoi #HaNoiSangNay #ThoiTietHaNoi #TapChiNongNghiepVaMoiTruong",(20+) Video,2026-09-16T23:28:24.000Z,2026-09-16T23:28:24+00:00,Cái này phải gọi là hà lội chứ k phải là hà nội,top_level,,1051324717715021,0,"Thứ Năm, 17 Tháng 9, 2026 lúc 21:14",2026-09-17T21:14:00+07:00,0,2856b935c60bb9d74f64cf425d67263b1beadb7d,hanoi_location,0,0,facebook_20260925_0325,baseline_20260925_032543,2026-09-25T10:46:52.732112+07:00
facebook_c_1059014310298163,facebook,https://www.facebook.com/watch?v=1415912760740883,1415912760740883,"Hà Nội sáng 17/9: Cập nhật các điểm ngập, người đi làm cần lưu ý
Hà Nội sáng 17/9 tiếp tục có mưa lớn, nguy cơ úng ngập tại một số khu vực. Cập nhật các tuyến đường, điểm ngập đáng chú ý để người dân chủ động lựa chọn lộ trình trong giờ cao điểm.

Tạp chí Nông nghiệp và Môi trường tiếp tục cập nhật tình hình mưa lớn, ngập úng và giao thông tại Hà Nội.

👉 Theo dõi Tạp chí Nông nghiệp và Môi trường để cập nhật nhanh các thông tin thời tiết, môi trường và đời sống.
#HaNoi #NgapHaNoi #MuaLon #NgapUng #GiaoThongHaNoi #HaNoiSangNay #ThoiTietHaNoi #TapChiNongNghiepVaMoiTruong",(20+) Video,2026-09-16T23:28:24.000Z,2026-09-16T23:28:24+00:00,Dân dầu nước mạnh .,top_level,,1059014310298163,0,"Thứ Năm, 17 Tháng 9, 2026 lúc 12:27",2026-09-17T12:27:00+07:00,0,468c46e13cc1ca03cf116eed01b06cc0fbb2af23,hanoi_location,0,0,facebook_20260925_0325,baseline_20260925_032543,2026-09-25T10:46:52.731116+07:00
facebook_c_1063417452961503,facebook,https://www.facebook.com/watch?v=1415912760740883,1415912760740883,"Hà Nội sáng 17/9: Cập nhật các điểm ngập, người đi làm cần lưu ý
Hà Nội sáng 17/9 tiếp tục có mưa lớn, nguy cơ úng ngập tại một số khu vực. Cập nhật các tuyến đường, điểm ngập đáng chú ý để người dân chủ động lựa chọn lộ trình trong giờ cao điểm.

Tạp chí Nông nghiệp và Môi trường tiếp tục cập nhật tình hình mưa lớn, ngập úng và giao thông tại Hà Nội.

👉 Theo dõi Tạp chí Nông nghiệp và Môi trường để cập nhật nhanh các thông tin thời tiết, môi trường và đời sống.
#HaNoi #NgapHaNoi #MuaLon #NgapUng #GiaoThongHaNoi #HaNoiSangNay #ThoiTietHaNoi #TapChiNongNghiepVaMoiTruong",(20+) Video,2026-09-16T23:28:24.000Z,2026-09-16T23:28:24+00:00,Quy hoạch Hà Nội bị vỡ trận vì bê tông hoá nhiều quá cả thành phố như phủ một lớp áo mưa nên mưa tý là ngập lụt. Không còn đủ diện tích ao hồ mặt đất tự nhiên để hút và chứa nước mưa và hệ thống cống rãnh đã quá tải rồi.,top_level,,1063417452961503,0,"Thứ Năm, 17 Tháng 9, 2026 lúc 10:26",2026-09-17T10:26:00+07:00,0,da74b474ed5082124ea650fc93fc1839225502e0,"flood_state,hanoi_location",0,0,facebook_20260925_0325,baseline_20260925_032543,2026-09-25T10:46:52.750183+07:00
facebook_c_1064299073055625,facebook,https://www.facebook.com/watch?v=1415912760740883,1415912760740883,"Hà Nội sáng 17/9: Cập nhật các điểm ngập, người đi làm cần lưu ý
Hà Nội sáng 17/9 tiếp tục có mưa lớn, nguy cơ úng ngập tại một số khu vực. Cập nhật các tuyến đường, điểm ngập đáng chú ý để người dân chủ động lựa chọn lộ trình trong giờ cao điểm.

Tạp chí Nông nghiệp và Môi trường tiếp tục cập nhật tình hình mưa lớn, ngập úng và giao thông tại Hà Nội.

👉 Theo dõi Tạp chí Nông nghiệp và Môi trường để cập nhật nhanh các thông tin thời tiết, môi trường và đời sống.
#HaNoi #NgapHaNoi #MuaLon #NgapUng #GiaoThongHaNoi #HaNoiSangNay #ThoiTietHaNoi #TapChiNongNghiepVaMoiTruong",(20+) Video,2026-09-16T23:28:24.000Z,2026-09-16T23:28:24+00:00,Hà Nội nước nó dềnh,top_level,,1064299073055625,0,"Thứ Năm, 17 Tháng 9, 2026 lúc 19:58",2026-09-17T19:58:00+07:00,0,4627dae1c04776520816199eb3df903aa108401f,hanoi_location,0,0,facebook_20260925_0325,baseline_20260925_032543,2026-09-25T10:46:52.747178+07:00
facebook_c_1065259759614409,facebook,https://www.facebook.com/watch?v=1415912760740883,1415912760740883,"Hà Nội sáng 17/9: Cập nhật các điểm ngập, người đi làm cần lưu ý
Hà Nội sáng 17/9 tiếp tục có mưa lớn, nguy cơ úng ngập tại một số khu vực. Cập nhật các tuyến đường, điểm ngập đáng chú ý để người dân chủ động lựa chọn lộ trình trong giờ cao điểm.

Tạp chí Nông nghiệp và Môi trường tiếp tục cập nhật tình hình mưa lớn, ngập úng và giao thông tại Hà Nội.

👉 Theo dõi Tạp chí Nông nghiệp và Môi trường để cập nhật nhanh các thông tin thời tiết, môi trường và đời sống.
#HaNoi #NgapHaNoi #MuaLon #NgapUng #GiaoThongHaNoi #HaNoiSangNay #ThoiTietHaNoi #TapChiNongNghiepVaMoiTruong",(20+) Video,2026-09-16T23:28:24.000Z,2026-09-16T23:28:24+00:00,Chỗ nào hà nội,top_level,,1065259759614409,0,"Thứ Năm, 17 Tháng 9, 2026 lúc 12:02",2026-09-17T12:02:00+07:00,0,7c3cce106f55baa5c76fa61060930ac69dd7d3e2,hanoi_location,0,0,facebook_20260925_0325,baseline_20260925_032543,2026-09-25T10:46:52.769817+07:00
facebook_c_1066742875952499,facebook,https://www.facebook.com/watch?v=1415912760740883,1415912760740883,"Hà Nội sáng 17/9: Cập nhật các điểm ngập, người đi làm cần lưu ý
Hà Nội sáng 17/9 tiếp tục có mưa lớn, nguy cơ úng ngập tại một số khu vực. Cập nhật các tuyến đường, điểm ngập đáng chú ý để người dân chủ động lựa chọn lộ trình trong giờ cao điểm.

Tạp chí Nông nghiệp và Môi trường tiếp tục cập nhật tình hình mưa lớn, ngập úng và giao thông tại Hà Nội.

👉 Theo dõi Tạp chí Nông nghiệp và Môi trường để cập nhật nhanh các thông tin thời tiết, môi trường và đời sống.
#HaNoi #NgapHaNoi #MuaLon #NgapUng #GiaoThongHaNoi #HaNoiSangNay #ThoiTietHaNoi #TapChiNongNghiepVaMoiTruong",(20+) Video,2026-09-16T23:28:24.000Z,2026-09-16T23:28:24+00:00,Hà Nội không vội được đâu KKK.,top_level,,1066742875952499,0,"Thứ Năm, 17 Tháng 9, 2026 lúc 11:27",2026-09-17T11:27:00+07:00,0,f8d0d79a6f0ef75d154db2486fdc4433b20ab89f,hanoi_location,0,0,facebook_20260925_0325,baseline_20260925_032543,2026-09-25T10:46:52.718968+07:00
facebook_c_1068446929126625,facebook,https://www.facebook.com/watch?v=1415912760740883,1415912760740883,"Hà Nội sáng 17/9: Cập nhật các điểm ngập, người đi làm cần lưu ý
Hà Nội sáng 17/9 tiếp tục có mưa lớn, nguy cơ úng ngập tại một số khu vực. Cập nhật các tuyến đường, điểm ngập đáng chú ý để người dân chủ động lựa chọn lộ trình trong giờ cao điểm.

Tạp chí Nông nghiệp và Môi trường tiếp tục cập nhật tình hình mưa lớn, ngập úng và giao thông tại Hà Nội.

👉 Theo dõi Tạp chí Nông nghiệp và Môi trường để cập nhật nhanh các thông tin thời tiết, môi trường và đời sống.
#HaNoi #NgapHaNoi #MuaLon #NgapUng #GiaoThongHaNoi #HaNoiSangNay #ThoiTietHaNoi #TapChiNongNghiepVaMoiTruong",(20+) Video,2026-09-16T23:28:24.000Z,2026-09-16T23:28:24+00:00,Người dân bỏ rác đúng nơi quy định..,top_level,,1068446929126625,0,"Thứ Năm, 17 Tháng 9, 2026 lúc 09:54",2026-09-17T09:54:00+07:00,0,807b4e316df759fbd42b9e10d7ff3c37554d5cf2,hanoi_location,0,0,facebook_20260925_0325,baseline_20260925_032543,2026-09-25T10:46:52.718023+07:00
facebook_c_1069168406094392,facebook,https://www.facebook.com/watch?v=1415912760740883,1415912760740883,"Hà Nội sáng 17/9: Cập nhật các điểm ngập, người đi làm cần lưu ý
Hà Nội sáng 17/9 tiếp tục có mưa lớn, nguy cơ úng ngập tại một số khu vực. Cập nhật các tuyến đường, điểm ngập đáng chú ý để người dân chủ động lựa chọn lộ trình trong giờ cao điểm.

Tạp chí Nông nghiệp và Môi trường tiếp tục cập nhật tình hình mưa lớn, ngập úng và giao thông tại Hà Nội.

👉 Theo dõi Tạp chí Nông nghiệp và Môi trường để cập nhật nhanh các thông tin thời tiết, môi trường và đời sống.
#HaNoi #NgapHaNoi #MuaLon #NgapUng #GiaoThongHaNoi #HaNoiSangNay #ThoiTietHaNoi #TapChiNongNghiepVaMoiTruong",(20+) Video,2026-09-16T23:28:24.000Z,2026-09-16T23:28:24+00:00,giờ ở VN không còn điểm nào ngập đâu nhé chỉ dềnh thôi.,top_level,,1069168406094392,0,"Thứ Năm, 17 Tháng 9, 2026 lúc 16:05",2026-09-17T16:05:00+07:00,0,2a0f714845abffd0ff557ed280a6d27fb37101a8,"flood_state,hanoi_location",0,0,facebook_20260925_0325,baseline_20260925_032543,2026-09-25T10:46:52.728103+07:00
facebook_c_1069228662643820,facebook,https://www.facebook.com/watch?v=1415912760740883,1415912760740883,"Hà Nội sáng 17/9: Cập nhật các điểm ngập, người đi làm cần lưu ý
Hà Nội sáng 17/9 tiếp tục có mưa lớn, nguy cơ úng ngập tại một số khu vực. Cập nhật các tuyến đường, điểm ngập đáng chú ý để người dân chủ động lựa chọn lộ trình trong giờ cao điểm.

Tạp chí Nông nghiệp và Môi trường tiếp tục cập nhật tình hình mưa lớn, ngập úng và giao thông tại Hà Nội.

👉 Theo dõi Tạp chí Nông nghiệp và Môi trường để cập nhật nhanh các thông tin thời tiết, môi trường và đời sống.
#HaNoi #NgapHaNoi #MuaLon #NgapUng #GiaoThongHaNoi #HaNoiSangNay #ThoiTietHaNoi #TapChiNongNghiepVaMoiTruong",(20+) Video,2026-09-16T23:28:24.000Z,2026-09-16T23:28:24+00:00,Lê văn lương có ngập ko ạ,top_level,,1069228662643820,0,"Thứ Năm, 17 Tháng 9, 2026 lúc 10:58",2026-09-17T10:58:00+07:00,0,7a552df35a0af04a3287bc804314819820137d15,"flood_state,hanoi_location",0,0,facebook_20260925_0325,baseline_20260925_032543,2026-09-25T10:46:52.705276+07:00
facebook_c_1071320439129068,facebook,https://www.facebook.com/watch?v=1415912760740883,1415912760740883,"Hà Nội sáng 17/9: Cập nhật các điểm ngập, người đi làm cần lưu ý
Hà Nội sáng 17/9 tiếp tục có mưa lớn, nguy cơ úng ngập tại một số khu vực. Cập nhật các tuyến đường, điểm ngập đáng chú ý để người dân chủ động lựa chọn lộ trình trong giờ cao điểm.

Tạp chí Nông nghiệp và Môi trường tiếp tục cập nhật tình hình mưa lớn, ngập úng và giao thông tại Hà Nội.

👉 Theo dõi Tạp chí Nông nghiệp và Môi trường để cập nhật nhanh các thông tin thời tiết, môi trường và đời sống.
#HaNoi #NgapHaNoi #MuaLon #NgapUng #GiaoThongHaNoi #HaNoiSangNay #ThoiTietHaNoi #TapChiNongNghiepVaMoiTruong",(20+) Video,2026-09-16T23:28:24.000Z,2026-09-16T23:28:24+00:00,NAM MÔ A DI ĐÀ PHẬT!,top_level,,1071320439129068,0,"Thứ Năm, 17 Tháng 9, 2026 lúc 10:50",2026-09-17T10:50:00+07:00,0,223b8d430971fd059397b6dfb0fbd6060c238fe8,,0,0,facebook_20260925_0325,baseline_20260925_032543,2026-09-25T10:46:52.705276+07:00
facebook_c_1074199742266511,facebook,https://www.facebook.com/watch?v=1415912760740883,1415912760740883,"Hà Nội sáng 17/9: Cập nhật các điểm ngập, người đi làm cần lưu ý
Hà Nội sáng 17/9 tiếp tục có mưa lớn, nguy cơ úng ngập tại một số khu vực. Cập nhật các tuyến đường, điểm ngập đáng chú ý để người dân chủ động lựa chọn lộ trình trong giờ cao điểm.

Tạp chí Nông nghiệp và Môi trường tiếp tục cập nhật tình hình mưa lớn, ngập úng và giao thông tại Hà Nội.

👉 Theo dõi Tạp chí Nông nghiệp và Môi trường để cập nhật nhanh các thông tin thời tiết, môi trường và đời sống.
#HaNoi #NgapHaNoi #MuaLon #NgapUng #GiaoThongHaNoi #HaNoiSangNay #ThoiTietHaNoi #TapChiNongNghiepVaMoiTruong",(20+) Video,2026-09-16T23:28:24.000Z,2026-09-16T23:28:24+00:00,Chỉ là  mưa to quá nước không tiêu kịp bị rềnh  nên thôi ở đâu cũng vậy cố gắng nên  cả nhà nhé,top_level,,1074199742266511,0,"Thứ Năm, 17 Tháng 9, 2026 lúc 11:18",2026-09-17T11:18:00+07:00,0,064b1063af63e751b03844564990ab6ecfc78a8b,hanoi_location,0,0,facebook_20260925_0325,baseline_20260925_032543,2026-09-25T10:46:52.710799+07:00
facebook_c_1075877961519662,facebook,https://www.facebook.com/watch?v=1415912760740883,1415912760740883,"Hà Nội sáng 17/9: Cập nhật các điểm ngập, người đi làm cần lưu ý
Hà Nội sáng 17/9 tiếp tục có mưa lớn, nguy cơ úng ngập tại một số khu vực. Cập nhật các tuyến đường, điểm ngập đáng chú ý để người dân chủ động lựa chọn lộ trình trong giờ cao điểm.

Tạp chí Nông nghiệp và Môi trường tiếp tục cập nhật tình hình mưa lớn, ngập úng và giao thông tại Hà Nội.

👉 Theo dõi Tạp chí Nông nghiệp và Môi trường để cập nhật nhanh các thông tin thời tiết, môi trường và đời sống.
#HaNoi #NgapHaNoi #MuaLon #NgapUng #GiaoThongHaNoi #HaNoiSangNay #ThoiTietHaNoi #TapChiNongNghiepVaMoiTruong",(20+) Video,2026-09-16T23:28:24.000Z,2026-09-16T23:28:24+00:00,Chỉ tiếc là không thấy mấy Đồng chí giao thông ra bắt phạt nhỉ.,top_level,,1075877961519662,0,"Thứ Năm, 17 Tháng 9, 2026 lúc 10:20",2026-09-17T10:20:00+07:00,0,5045b1940373394f1c93ca8ff69b399ed497e666,transport_impact,0,0,facebook_20260925_0325,baseline_20260925_032543,2026-09-25T10:46:52.753239+07:00
facebook_c_1619395603097397,facebook,https://www.facebook.com/watch?v=1415912760740883,1415912760740883,"Hà Nội sáng 17/9: Cập nhật các điểm ngập, người đi làm cần lưu ý
Hà Nội sáng 17/9 tiếp tục có mưa lớn, nguy cơ úng ngập tại một số khu vực. Cập nhật các tuyến đường, điểm ngập đáng chú ý để người dân chủ động lựa chọn lộ trình trong giờ cao điểm.

Tạp chí Nông nghiệp và Môi trường tiếp tục cập nhật tình hình mưa lớn, ngập úng và giao thông tại Hà Nội.

👉 Theo dõi Tạp chí Nông nghiệp và Môi trường để cập nhật nhanh các thông tin thời tiết, môi trường và đời sống.
#HaNoi #NgapHaNoi #MuaLon #NgapUng #GiaoThongHaNoi #HaNoiSangNay #ThoiTietHaNoi #TapChiNongNghiepVaMoiTruong",(20+) Video,2026-09-16T23:28:24.000Z,2026-09-16T23:28:24+00:00,Xuan Hoang Dinh,reply,1076620061442393,1076620061442393,1,"Thứ Năm, 17 Tháng 9, 2026 lúc 10:21",2026-09-17T10:21:00+07:00,0,,hanoi_location,0,0,facebook_20260925_0325,baseline_20260925_032543,2026-09-25T10:49:49.563217+07:00
facebook_c_1078997168382292,facebook,https://www.facebook.com/watch?v=1415912760740883,1415912760740883,"Hà Nội sáng 17/9: Cập nhật các điểm ngập, người đi làm cần lưu ý
Hà Nội sáng 17/9 tiếp tục có mưa lớn, nguy cơ úng ngập tại một số khu vực. Cập nhật các tuyến đường, điểm ngập đáng chú ý để người dân chủ động lựa chọn lộ trình trong giờ cao điểm.

Tạp chí Nông nghiệp và Môi trường tiếp tục cập nhật tình hình mưa lớn, ngập úng và giao thông tại Hà Nội.

👉 Theo dõi Tạp chí Nông nghiệp và Môi trường để cập nhật nhanh các thông tin thời tiết, môi trường và đời sống.
#HaNoi #NgapHaNoi #MuaLon #NgapUng #GiaoThongHaNoi #HaNoiSangNay #ThoiTietHaNoi #TapChiNongNghiepVaMoiTruong",(20+) Video,2026-09-16T23:28:24.000Z,2026-09-16T23:28:24+00:00,Như lày có khi lên trơi mà ở thôi xuốt ngày chỉ ngập nước bệnh tật thì đầy khổ các con trẻ sắp tết trung thu của các cháu.chung mọi người vùng lũ lụt mạnh khoẻ và an toàn,top_level,,1078997168382292,0,"Thứ Năm, 17 Tháng 9, 2026 lúc 16:26",2026-09-17T16:26:00+07:00,0,e3b5884e053badcc719abb3c2edc14e37074c81e,"flood_state,hanoi_location",0,0,facebook_20260925_0325,baseline_20260925_032543,2026-09-25T10:46:52.712798+07:00
facebook_c_1082042030899140,facebook,https://www.facebook.com/watch?v=1415912760740883,1415912760740883,"Hà Nội sáng 17/9: Cập nhật các điểm ngập, người đi làm cần lưu ý
Hà Nội sáng 17/9 tiếp tục có mưa lớn, nguy cơ úng ngập tại một số khu vực. Cập nhật các tuyến đường, điểm ngập đáng chú ý để người dân chủ động lựa chọn lộ trình trong giờ cao điểm.

Tạp chí Nông nghiệp và Môi trường tiếp tục cập nhật tình hình mưa lớn, ngập úng và giao thông tại Hà Nội.

👉 Theo dõi Tạp chí Nông nghiệp và Môi trường để cập nhật nhanh các thông tin thời tiết, môi trường và đời sống.
#HaNoi #NgapHaNoi #MuaLon #NgapUng #GiaoThongHaNoi #HaNoiSangNay #ThoiTietHaNoi #TapChiNongNghiepVaMoiTruong",(20+) Video,2026-09-16T23:28:24.000Z,2026-09-16T23:28:24+00:00,Bao giờ đá nổi lông chìm. Đồng khô hồ cạn con tìm thấy cha 10 phần chết 7 còn 3.chết 3còn 1 mới ra thái bình đây là thời kỳ.kỷ.nguyên.vươn.mình của thời tô tổng,top_level,,1082042030899140,0,"Thứ Năm, 17 Tháng 9, 2026 lúc 19:40",2026-09-17T19:40:00+07:00,0,fffefa3211ab8269b0b962e88e902ef2373da297,hanoi_location,0,0,facebook_20260925_0325,baseline_20260925_032543,2026-09-25T10:46:52.744666+07:00
facebook_c_1082855697439192,facebook,https://www.facebook.com/watch?v=1415912760740883,1415912760740883,"Hà Nội sáng 17/9: Cập nhật các điểm ngập, người đi làm cần lưu ý
Hà Nội sáng 17/9 tiếp tục có mưa lớn, nguy cơ úng ngập tại một số khu vực. Cập nhật các tuyến đường, điểm ngập đáng chú ý để người dân chủ động lựa chọn lộ trình trong giờ cao điểm.

Tạp chí Nông nghiệp và Môi trường tiếp tục cập nhật tình hình mưa lớn, ngập úng và giao thông tại Hà Nội.

👉 Theo dõi Tạp chí Nông nghiệp và Môi trường để cập nhật nhanh các thông tin thời tiết, môi trường và đời sống.
#HaNoi #NgapHaNoi #MuaLon #NgapUng #GiaoThongHaNoi #HaNoiSangNay #ThoiTietHaNoi #TapChiNongNghiepVaMoiTruong",(20+) Video,2026-09-16T23:28:24.000Z,2026-09-16T23:28:24+00:00,"No an gi ma no ng.. U ...the  chu .nay ma song voi cau e thi cau e mang cho xuat  ngay ve que e no chui cho ..tai sao KHONG CO DUC .KHONG CO TAI ....MA LAI NGOI CHEM CHE O GHE AY . ..TRONG CHINH PHU LANH DAO HAN HOI ....CHI THUONG VO CUNG THUONG NHUNG NGUOI DAN ..*""PHAI BOI QUA CUT DAI .CONG RANH DANG LEN CAO MOI BOI VE DEN NHA *"" KHO OI LA KHO.....NGUOI DAN THAP CO BE HONG BIET KEU THAU TROI CUNG AI..""*NEN NHO SE CHET VI LUOI TROI *""...",top_level,,1082855697439192,0,"Thứ Năm, 17 Tháng 9, 2026 lúc 21:24",2026-09-17T21:24:00+07:00,0,8ad8e103fdba3295564d038ecf037eb5232788db,"transport_impact,hanoi_location",0,0,facebook_20260925_0325,baseline_20260925_032543,2026-09-25T10:46:52.778969+07:00
facebook_c_1083541397375782,facebook,https://www.facebook.com/watch?v=1415912760740883,1415912760740883,"Hà Nội sáng 17/9: Cập nhật các điểm ngập, người đi làm cần lưu ý
Hà Nội sáng 17/9 tiếp tục có mưa lớn, nguy cơ úng ngập tại một số khu vực. Cập nhật các tuyến đường, điểm ngập đáng chú ý để người dân chủ động lựa chọn lộ trình trong giờ cao điểm.

Tạp chí Nông nghiệp và Môi trường tiếp tục cập nhật tình hình mưa lớn, ngập úng và giao thông tại Hà Nội.

👉 Theo dõi Tạp chí Nông nghiệp và Môi trường để cập nhật nhanh các thông tin thời tiết, môi trường và đời sống.
#HaNoi #NgapHaNoi #MuaLon #NgapUng #GiaoThongHaNoi #HaNoiSangNay #ThoiTietHaNoi #TapChiNongNghiepVaMoiTruong",(20+) Video,2026-09-16T23:28:24.000Z,2026-09-16T23:28:24+00:00,Phải nghe lời vua VN day bao gap a men,top_level,,1083541397375782,0,"Thứ Năm, 17 Tháng 9, 2026 lúc 11:15",2026-09-17T11:15:00+07:00,0,d954cec3fac6d4c70275e738d813a2855468ce71,hanoi_location,0,0,facebook_20260925_0325,baseline_20260925_032543,2026-09-25T10:46:52.789131+07:00
facebook_c_1085647284053272,facebook,https://www.facebook.com/watch?v=1415912760740883,1415912760740883,"Hà Nội sáng 17/9: Cập nhật các điểm ngập, người đi làm cần lưu ý
Hà Nội sáng 17/9 tiếp tục có mưa lớn, nguy cơ úng ngập tại một số khu vực. Cập nhật các tuyến đường, điểm ngập đáng chú ý để người dân chủ động lựa chọn lộ trình trong giờ cao điểm.

Tạp chí Nông nghiệp và Môi trường tiếp tục cập nhật tình hình mưa lớn, ngập úng và giao thông tại Hà Nội.

👉 Theo dõi Tạp chí Nông nghiệp và Môi trường để cập nhật nhanh các thông tin thời tiết, môi trường và đời sống.
#HaNoi #NgapHaNoi #MuaLon #NgapUng #GiaoThongHaNoi #HaNoiSangNay #ThoiTietHaNoi #TapChiNongNghiepVaMoiTruong",(20+) Video,2026-09-16T23:28:24.000Z,2026-09-16T23:28:24+00:00,Tp vì hòa Bình phải lênh láng như vậy đó,top_level,,1085647284053272,0,"Thứ Năm, 17 Tháng 9, 2026 lúc 20:16",2026-09-17T20:16:00+07:00,0,a1f33a05b88dc4d998a8d44a3cafb707234e88d9,,0,0,facebook_20260925_0325,baseline_20260925_032543,2026-09-25T10:46:52.780970+07:00
facebook_c_1087774243803566,facebook,https://www.facebook.com/watch?v=1415912760740883,1415912760740883,"Hà Nội sáng 17/9: Cập nhật các điểm ngập, người đi làm cần lưu ý
Hà Nội sáng 17/9 tiếp tục có mưa lớn, nguy cơ úng ngập tại một số khu vực. Cập nhật các tuyến đường, điểm ngập đáng chú ý để người dân chủ động lựa chọn lộ trình trong giờ cao điểm.

Tạp chí Nông nghiệp và Môi trường tiếp tục cập nhật tình hình mưa lớn, ngập úng và giao thông tại Hà Nội.

👉 Theo dõi Tạp chí Nông nghiệp và Môi trường để cập nhật nhanh các thông tin thời tiết, môi trường và đời sống.
#HaNoi #NgapHaNoi #MuaLon #NgapUng #GiaoThongHaNoi #HaNoiSangNay #ThoiTietHaNoi #TapChiNongNghiepVaMoiTruong",(20+) Video,2026-09-16T23:28:24.000Z,2026-09-16T23:28:24+00:00,Hình như có đoạn xe máy đổ là lụt của năm 2025 đấy,top_level,,1087774243803566,0,"Thứ Năm, 17 Tháng 9, 2026 lúc 12:40",2026-09-17T12:40:00+07:00,0,56d760df6489e92da6452a8423db1a615aac385e,"flood_state,transport_impact,hanoi_location",0,0,facebook_20260925_0325,baseline_20260925_032543,2026-09-25T10:46:52.763231+07:00
facebook_c_1091003283660137,facebook,https://www.facebook.com/watch?v=1415912760740883,1415912760740883,"Hà Nội sáng 17/9: Cập nhật các điểm ngập, người đi làm cần lưu ý
Hà Nội sáng 17/9 tiếp tục có mưa lớn, nguy cơ úng ngập tại một số khu vực. Cập nhật các tuyến đường, điểm ngập đáng chú ý để người dân chủ động lựa chọn lộ trình trong giờ cao điểm.

Tạp chí Nông nghiệp và Môi trường tiếp tục cập nhật tình hình mưa lớn, ngập úng và giao thông tại Hà Nội.

👉 Theo dõi Tạp chí Nông nghiệp và Môi trường để cập nhật nhanh các thông tin thời tiết, môi trường và đời sống.
#HaNoi #NgapHaNoi #MuaLon #NgapUng #GiaoThongHaNoi #HaNoiSangNay #ThoiTietHaNoi #TapChiNongNghiepVaMoiTruong",(20+) Video,2026-09-16T23:28:24.000Z,2026-09-16T23:28:24+00:00,Nam mô a Di Đà Phật nam mô bổn sư thích ca mâu Ni Phật!!,top_level,,1091003283660137,0,"Thứ Năm, 17 Tháng 9, 2026 lúc 21:28",2026-09-17T21:28:00+07:00,0,366ee0aaa6402d4d9341bbe14e5a4a38f6b6dcd5,hanoi_location,0,0,facebook_20260925_0325,baseline_20260925_032543,2026-09-25T10:46:52.731116+07:00
facebook_c_1092079723219861,facebook,https://www.facebook.com/watch?v=1415912760740883,1415912760740883,"Hà Nội sáng 17/9: Cập nhật các điểm ngập, người đi làm cần lưu ý
Hà Nội sáng 17/9 tiếp tục có mưa lớn, nguy cơ úng ngập tại một số khu vực. Cập nhật các tuyến đường, điểm ngập đáng chú ý để người dân chủ động lựa chọn lộ trình trong giờ cao điểm.

Tạp chí Nông nghiệp và Môi trường tiếp tục cập nhật tình hình mưa lớn, ngập úng và giao thông tại Hà Nội.

👉 Theo dõi Tạp chí Nông nghiệp và Môi trường để cập nhật nhanh các thông tin thời tiết, môi trường và đời sống.
#HaNoi #NgapHaNoi #MuaLon #NgapUng #GiaoThongHaNoi #HaNoiSangNay #ThoiTietHaNoi #TapChiNongNghiepVaMoiTruong",(20+) Video,2026-09-16T23:28:24.000Z,2026-09-16T23:28:24+00:00,Gọi ngay thằng dềnh cho tao !,top_level,,1092079723219861,0,"Thứ Năm, 17 Tháng 9, 2026 lúc 11:54",2026-09-17T11:54:00+07:00,0,9794e6ab2ddf04c1400fec8b8e42bff22d32c8f5,,0,0,facebook_20260925_0325,baseline_20260925_032543,2026-09-25T10:46:52.722996+07:00
facebook_c_1095465289520377,facebook,https://www.facebook.com/watch?v=1415912760740883,1415912760740883,"Hà Nội sáng 17/9: Cập nhật các điểm ngập, người đi làm cần lưu ý
Hà Nội sáng 17/9 tiếp tục có mưa lớn, nguy cơ úng ngập tại một số khu vực. Cập nhật các tuyến đường, điểm ngập đáng chú ý để người dân chủ động lựa chọn lộ trình trong giờ cao điểm.

Tạp chí Nông nghiệp và Môi trường tiếp tục cập nhật tình hình mưa lớn, ngập úng và giao thông tại Hà Nội.

👉 Theo dõi Tạp chí Nông nghiệp và Môi trường để cập nhật nhanh các thông tin thời tiết, môi trường và đời sống.
#HaNoi #NgapHaNoi #MuaLon #NgapUng #GiaoThongHaNoi #HaNoiSangNay #ThoiTietHaNoi #TapChiNongNghiepVaMoiTruong",(20+) Video,2026-09-16T23:28:24.000Z,2026-09-16T23:28:24+00:00,ha Nội dat san kẹt xe. và lụt loi. chỉ vậy thui,top_level,,1095465289520377,0,"Thứ Năm, 17 Tháng 9, 2026 lúc 20:39",2026-09-17T20:39:00+07:00,0,27ee6a2d0ddfb7a445369a24d5a64c5946bc031f,"flood_state,transport_impact,hanoi_location",0,0,facebook_20260925_0325,baseline_20260925_032543,2026-09-25T10:46:52.747178+07:00
facebook_c_1100640789083757,facebook,https://www.facebook.com/watch?v=1415912760740883,1415912760740883,"Hà Nội sáng 17/9: Cập nhật các điểm ngập, người đi làm cần lưu ý
Hà Nội sáng 17/9 tiếp tục có mưa lớn, nguy cơ úng ngập tại một số khu vực. Cập nhật các tuyến đường, điểm ngập đáng chú ý để người dân chủ động lựa chọn lộ trình trong giờ cao điểm.

Tạp chí Nông nghiệp và Môi trường tiếp tục cập nhật tình hình mưa lớn, ngập úng và giao thông tại Hà Nội.

👉 Theo dõi Tạp chí Nông nghiệp và Môi trường để cập nhật nhanh các thông tin thời tiết, môi trường và đời sống.
#HaNoi #NgapHaNoi #MuaLon #NgapUng #GiaoThongHaNoi #HaNoiSangNay #ThoiTietHaNoi #TapChiNongNghiepVaMoiTruong",(20+) Video,2026-09-16T23:28:24.000Z,2026-09-16T23:28:24+00:00,Sạo nào hà nội có ngập nhưng chút thôi nhé lên phường bây giờ,top_level,,1100640789083757,0,"Thứ Năm, 17 Tháng 9, 2026 lúc 15:22",2026-09-17T15:22:00+07:00,0,d7ef237b51d0d4cb8c774ec129c290268a17263b,"flood_state,hanoi_location",0,0,facebook_20260925_0325,baseline_20260925_032543,2026-09-25T10:46:52.782968+07:00
facebook_c_1106703768370249,facebook,https://www.facebook.com/watch?v=1415912760740883,1415912760740883,"Hà Nội sáng 17/9: Cập nhật các điểm ngập, người đi làm cần lưu ý
Hà Nội sáng 17/9 tiếp tục có mưa lớn, nguy cơ úng ngập tại một số khu vực. Cập nhật các tuyến đường, điểm ngập đáng chú ý để người dân chủ động lựa chọn lộ trình trong giờ cao điểm.

Tạp chí Nông nghiệp và Môi trường tiếp tục cập nhật tình hình mưa lớn, ngập úng và giao thông tại Hà Nội.

👉 Theo dõi Tạp chí Nông nghiệp và Môi trường để cập nhật nhanh các thông tin thời tiết, môi trường và đời sống.
#HaNoi #NgapHaNoi #MuaLon #NgapUng #GiaoThongHaNoi #HaNoiSangNay #ThoiTietHaNoi #TapChiNongNghiepVaMoiTruong",(20+) Video,2026-09-16T23:28:24.000Z,2026-09-16T23:28:24+00:00,Nước dềnh có một chút chưa đến chân đại biểu...,top_level,,1106703768370249,0,"Thứ Năm, 17 Tháng 9, 2026 lúc 11:20",2026-09-17T11:20:00+07:00,0,7024d67ea9c9a6ad36dade8140b287ff1c646942,hanoi_location,0,0,facebook_20260925_0325,baseline_20260925_032543,2026-09-25T10:46:52.789131+07:00
facebook_c_1109119455137161,facebook,https://www.facebook.com/watch?v=1415912760740883,1415912760740883,"Hà Nội sáng 17/9: Cập nhật các điểm ngập, người đi làm cần lưu ý
Hà Nội sáng 17/9 tiếp tục có mưa lớn, nguy cơ úng ngập tại một số khu vực. Cập nhật các tuyến đường, điểm ngập đáng chú ý để người dân chủ động lựa chọn lộ trình trong giờ cao điểm.

Tạp chí Nông nghiệp và Môi trường tiếp tục cập nhật tình hình mưa lớn, ngập úng và giao thông tại Hà Nội.

👉 Theo dõi Tạp chí Nông nghiệp và Môi trường để cập nhật nhanh các thông tin thời tiết, môi trường và đời sống.
#HaNoi #NgapHaNoi #MuaLon #NgapUng #GiaoThongHaNoi #HaNoiSangNay #ThoiTietHaNoi #TapChiNongNghiepVaMoiTruong",(20+) Video,2026-09-16T23:28:24.000Z,2026-09-16T23:28:24+00:00,Mua là việc của trời,top_level,,1109119455137161,0,"Thứ Năm, 17 Tháng 9, 2026 lúc 10:43",2026-09-17T10:43:00+07:00,0,2d1bc7466cc7b51dc75b7a044b28020dfd7731d1,,0,0,facebook_20260925_0325,baseline_20260925_032543,2026-09-25T10:46:52.769817+07:00
facebook_c_1109390894884637,facebook,https://www.facebook.com/watch?v=1415912760740883,1415912760740883,"Hà Nội sáng 17/9: Cập nhật các điểm ngập, người đi làm cần lưu ý
Hà Nội sáng 17/9 tiếp tục có mưa lớn, nguy cơ úng ngập tại một số khu vực. Cập nhật các tuyến đường, điểm ngập đáng chú ý để người dân chủ động lựa chọn lộ trình trong giờ cao điểm.

Tạp chí Nông nghiệp và Môi trường tiếp tục cập nhật tình hình mưa lớn, ngập úng và giao thông tại Hà Nội.

👉 Theo dõi Tạp chí Nông nghiệp và Môi trường để cập nhật nhanh các thông tin thời tiết, môi trường và đời sống.
#HaNoi #NgapHaNoi #MuaLon #NgapUng #GiaoThongHaNoi #HaNoiSangNay #ThoiTietHaNoi #TapChiNongNghiepVaMoiTruong",(20+) Video,2026-09-16T23:28:24.000Z,2026-09-16T23:28:24+00:00,Kỷ nguyên mới,top_level,,1109390894884637,0,"Thứ Năm, 17 Tháng 9, 2026 lúc 14:20",2026-09-17T14:20:00+07:00,0,5282f9aa60578b8aa9410f73edf39f227fae65e8,hanoi_location,0,0,facebook_20260925_0325,baseline_20260925_032543,2026-09-25T10:46:52.752237+07:00
facebook_c_1109836061732096,facebook,https://www.facebook.com/watch?v=1415912760740883,1415912760740883,"Hà Nội sáng 17/9: Cập nhật các điểm ngập, người đi làm cần lưu ý
Hà Nội sáng 17/9 tiếp tục có mưa lớn, nguy cơ úng ngập tại một số khu vực. Cập nhật các tuyến đường, điểm ngập đáng chú ý để người dân chủ động lựa chọn lộ trình trong giờ cao điểm.

Tạp chí Nông nghiệp và Môi trường tiếp tục cập nhật tình hình mưa lớn, ngập úng và giao thông tại Hà Nội.

👉 Theo dõi Tạp chí Nông nghiệp và Môi trường để cập nhật nhanh các thông tin thời tiết, môi trường và đời sống.
#HaNoi #NgapHaNoi #MuaLon #NgapUng #GiaoThongHaNoi #HaNoiSangNay #ThoiTietHaNoi #TapChiNongNghiepVaMoiTruong",(20+) Video,2026-09-16T23:28:24.000Z,2026-09-16T23:28:24+00:00,"Vẫn đang ở mực nước Phi Thường,có gì đáng ngại đâu mà dân tình Hà nội đã kêu trời!!!",top_level,,1109836061732096,0,"Thứ Năm, 17 Tháng 9, 2026 lúc 15:49",2026-09-17T15:49:00+07:00,0,748d7224168bd498e88fc521440d6212b229f92e,hanoi_location,0,0,facebook_20260925_0325,baseline_20260925_032543,2026-09-25T10:46:52.751228+07:00
facebook_c_1111338624919752,facebook,https://www.facebook.com/watch?v=1415912760740883,1415912760740883,"Hà Nội sáng 17/9: Cập nhật các điểm ngập, người đi làm cần lưu ý
Hà Nội sáng 17/9 tiếp tục có mưa lớn, nguy cơ úng ngập tại một số khu vực. Cập nhật các tuyến đường, điểm ngập đáng chú ý để người dân chủ động lựa chọn lộ trình trong giờ cao điểm.

Tạp chí Nông nghiệp và Môi trường tiếp tục cập nhật tình hình mưa lớn, ngập úng và giao thông tại Hà Nội.

👉 Theo dõi Tạp chí Nông nghiệp và Môi trường để cập nhật nhanh các thông tin thời tiết, môi trường và đời sống.
#HaNoi #NgapHaNoi #MuaLon #NgapUng #GiaoThongHaNoi #HaNoiSangNay #ThoiTietHaNoi #TapChiNongNghiepVaMoiTruong",(20+) Video,2026-09-16T23:28:24.000Z,2026-09-16T23:28:24+00:00,Thế là Hà Lội  mùa Dềnh Nước ah !,top_level,,1111338624919752,0,"Thứ Năm, 17 Tháng 9, 2026 lúc 12:23",2026-09-17T12:23:00+07:00,0,8198dcbde1d0ca86243d42f8b71e2f9a9cfa9ab6,,0,0,facebook_20260925_0325,baseline_20260925_032543,2026-09-25T10:46:52.698758+07:00
facebook_c_2801036390276043,facebook,https://www.facebook.com/watch?v=1415912760740883,1415912760740883,"Hà Nội sáng 17/9: Cập nhật các điểm ngập, người đi làm cần lưu ý
Hà Nội sáng 17/9 tiếp tục có mưa lớn, nguy cơ úng ngập tại một số khu vực. Cập nhật các tuyến đường, điểm ngập đáng chú ý để người dân chủ động lựa chọn lộ trình trong giờ cao điểm.

Tạp chí Nông nghiệp và Môi trường tiếp tục cập nhật tình hình mưa lớn, ngập úng và giao thông tại Hà Nội.

👉 Theo dõi Tạp chí Nông nghiệp và Môi trường để cập nhật nhanh các thông tin thời tiết, môi trường và đời sống.
#HaNoi #NgapHaNoi #MuaLon #NgapUng #GiaoThongHaNoi #HaNoiSangNay #ThoiTietHaNoi #TapChiNongNghiepVaMoiTruong",(20+) Video,2026-09-16T23:28:24.000Z,2026-09-16T23:28:24+00:00,"Thanh Long Pham chưa thấy tác giả nào sáng tác bài hát về Dềnh nước nhỉ???? Chắc cũng hay và sống động, đi vào lòng người",reply,1111338624919752,1111338624919752,1,"Thứ Năm, 17 Tháng 9, 2026 lúc 16:02",2026-09-17T16:02:00+07:00,0,,transport_impact,0,0,facebook_20260925_0325,baseline_20260925_032543,2026-09-25T10:46:52.703282+07:00
facebook_c_1118070253882460,facebook,https://www.facebook.com/watch?v=1415912760740883,1415912760740883,"Hà Nội sáng 17/9: Cập nhật các điểm ngập, người đi làm cần lưu ý
Hà Nội sáng 17/9 tiếp tục có mưa lớn, nguy cơ úng ngập tại một số khu vực. Cập nhật các tuyến đường, điểm ngập đáng chú ý để người dân chủ động lựa chọn lộ trình trong giờ cao điểm.

Tạp chí Nông nghiệp và Môi trường tiếp tục cập nhật tình hình mưa lớn, ngập úng và giao thông tại Hà Nội.

👉 Theo dõi Tạp chí Nông nghiệp và Môi trường để cập nhật nhanh các thông tin thời tiết, môi trường và đời sống.
#HaNoi #NgapHaNoi #MuaLon #NgapUng #GiaoThongHaNoi #HaNoiSangNay #ThoiTietHaNoi #TapChiNongNghiepVaMoiTruong",(20+) Video,2026-09-16T23:28:24.000Z,2026-09-16T23:28:24+00:00,Hà Nội giờ còn mưa không các bác,top_level,,1118070253882460,0,"Thứ Năm, 17 Tháng 9, 2026 lúc 20:25",2026-09-17T20:25:00+07:00,0,bb1f60cb22e745ef4082585515ccb3f5c9d8fd56,hanoi_location,0,0,facebook_20260925_0325,baseline_20260925_032543,2026-09-25T10:46:52.779968+07:00
facebook_c_1124684609987005,facebook,https://www.facebook.com/watch?v=1415912760740883,1415912760740883,"Hà Nội sáng 17/9: Cập nhật các điểm ngập, người đi làm cần lưu ý
Hà Nội sáng 17/9 tiếp tục có mưa lớn, nguy cơ úng ngập tại một số khu vực. Cập nhật các tuyến đường, điểm ngập đáng chú ý để người dân chủ động lựa chọn lộ trình trong giờ cao điểm.

Tạp chí Nông nghiệp và Môi trường tiếp tục cập nhật tình hình mưa lớn, ngập úng và giao thông tại Hà Nội.

👉 Theo dõi Tạp chí Nông nghiệp và Môi trường để cập nhật nhanh các thông tin thời tiết, môi trường và đời sống.
#HaNoi #NgapHaNoi #MuaLon #NgapUng #GiaoThongHaNoi #HaNoiSangNay #ThoiTietHaNoi #TapChiNongNghiepVaMoiTruong",(20+) Video,2026-09-16T23:28:24.000Z,2026-09-16T23:28:24+00:00,Các ông kiến trúc đâu nên tiếng đi,top_level,,1124684609987005,0,"Thứ Năm, 17 Tháng 9, 2026 lúc 14:08",2026-09-17T14:08:00+07:00,0,001ac8d6c0c5c0f042cf6b5fea57252b44a188b6,"transport_impact,hanoi_location",0,0,facebook_20260925_0325,baseline_20260925_032543,2026-09-25T10:46:52.730111+07:00
facebook_c_1131827899790511,facebook,https://www.facebook.com/watch?v=1415912760740883,1415912760740883,"Hà Nội sáng 17/9: Cập nhật các điểm ngập, người đi làm cần lưu ý
Hà Nội sáng 17/9 tiếp tục có mưa lớn, nguy cơ úng ngập tại một số khu vực. Cập nhật các tuyến đường, điểm ngập đáng chú ý để người dân chủ động lựa chọn lộ trình trong giờ cao điểm.

Tạp chí Nông nghiệp và Môi trường tiếp tục cập nhật tình hình mưa lớn, ngập úng và giao thông tại Hà Nội.

👉 Theo dõi Tạp chí Nông nghiệp và Môi trường để cập nhật nhanh các thông tin thời tiết, môi trường và đời sống.
#HaNoi #NgapHaNoi #MuaLon #NgapUng #GiaoThongHaNoi #HaNoiSangNay #ThoiTietHaNoi #TapChiNongNghiepVaMoiTruong",(20+) Video,2026-09-16T23:28:24.000Z,2026-09-16T23:28:24+00:00,Chưa. Ăn trưa..?,top_level,,1131827899790511,0,"Thứ Năm, 17 Tháng 9, 2026 lúc 13:28",2026-09-17T13:28:00+07:00,0,af95b82208038a34cac3d8393049293e974d1bb3,hanoi_location,0,0,facebook_20260925_0325,baseline_20260925_032543,2026-09-25T10:46:52.723971+07:00
facebook_c_1142682808430294,facebook,https://www.facebook.com/watch?v=1415912760740883,1415912760740883,"Hà Nội sáng 17/9: Cập nhật các điểm ngập, người đi làm cần lưu ý
Hà Nội sáng 17/9 tiếp tục có mưa lớn, nguy cơ úng ngập tại một số khu vực. Cập nhật các tuyến đường, điểm ngập đáng chú ý để người dân chủ động lựa chọn lộ trình trong giờ cao điểm.

Tạp chí Nông nghiệp và Môi trường tiếp tục cập nhật tình hình mưa lớn, ngập úng và giao thông tại Hà Nội.

👉 Theo dõi Tạp chí Nông nghiệp và Môi trường để cập nhật nhanh các thông tin thời tiết, môi trường và đời sống.
#HaNoi #NgapHaNoi #MuaLon #NgapUng #GiaoThongHaNoi #HaNoiSangNay #ThoiTietHaNoi #TapChiNongNghiepVaMoiTruong",(20+) Video,2026-09-16T23:28:24.000Z,2026-09-16T23:28:24+00:00,Đúng là khổ từ Bắc đến Nam đều mưa hết thời tiết bất thường chẳng ai cứ nổi với ông trời... Con người như cá nằm chốc thớt khổ quá....,top_level,,1142682808430294,0,"Thứ Năm, 17 Tháng 9, 2026 lúc 09:32",2026-09-17T09:32:00+07:00,0,020ef910d15c12b8d114e164d9777ee1bfdc4502,hanoi_location,0,0,facebook_20260925_0325,baseline_20260925_032543,2026-09-25T10:46:52.707796+07:00
facebook_c_1154694517478421,facebook,https://www.facebook.com/watch?v=1415912760740883,1415912760740883,"Hà Nội sáng 17/9: Cập nhật các điểm ngập, người đi làm cần lưu ý
Hà Nội sáng 17/9 tiếp tục có mưa lớn, nguy cơ úng ngập tại một số khu vực. Cập nhật các tuyến đường, điểm ngập đáng chú ý để người dân chủ động lựa chọn lộ trình trong giờ cao điểm.

Tạp chí Nông nghiệp và Môi trường tiếp tục cập nhật tình hình mưa lớn, ngập úng và giao thông tại Hà Nội.

👉 Theo dõi Tạp chí Nông nghiệp và Môi trường để cập nhật nhanh các thông tin thời tiết, môi trường và đời sống.
#HaNoi #NgapHaNoi #MuaLon #NgapUng #GiaoThongHaNoi #HaNoiSangNay #ThoiTietHaNoi #TapChiNongNghiepVaMoiTruong",(20+) Video,2026-09-16T23:28:24.000Z,2026-09-16T23:28:24+00:00,Hà Nội tôi đó các bạn có thế không,top_level,,1154694517478421,0,"Thứ Năm, 17 Tháng 9, 2026 lúc 10:56",2026-09-17T10:56:00+07:00,0,07c2e71ce8c2b50a3d57e19381ddea3c591c4e81,hanoi_location,0,0,facebook_20260925_0325,baseline_20260925_032543,2026-09-25T10:46:52.702277+07:00
facebook_c_1315558173858697,facebook,https://www.facebook.com/watch?v=1415912760740883,1415912760740883,"Hà Nội sáng 17/9: Cập nhật các điểm ngập, người đi làm cần lưu ý
Hà Nội sáng 17/9 tiếp tục có mưa lớn, nguy cơ úng ngập tại một số khu vực. Cập nhật các tuyến đường, điểm ngập đáng chú ý để người dân chủ động lựa chọn lộ trình trong giờ cao điểm.

Tạp chí Nông nghiệp và Môi trường tiếp tục cập nhật tình hình mưa lớn, ngập úng và giao thông tại Hà Nội.

👉 Theo dõi Tạp chí Nông nghiệp và Môi trường để cập nhật nhanh các thông tin thời tiết, môi trường và đời sống.
#HaNoi #NgapHaNoi #MuaLon #NgapUng #GiaoThongHaNoi #HaNoiSangNay #ThoiTietHaNoi #TapChiNongNghiepVaMoiTruong",(20+) Video,2026-09-16T23:28:24.000Z,2026-09-16T23:28:24+00:00,Nói nguy cơ ngập thì không sao Còn câu vài điểm ngập thì nên cẩn thận nha Hà nội không bao giờ ngập nước mà chưa thoát nước kịp thôi,top_level,,1315558173858697,0,"Thứ Năm, 17 Tháng 9, 2026 lúc 14:21",2026-09-17T14:21:00+07:00,0,2d8fcc13a19eb965eef0c46d4b4b2a3b42326488,"flood_state,hanoi_location",0,0,facebook_20260925_0325,baseline_20260925_032543,2026-09-25T10:46:52.711801+07:00
facebook_c_1359548495947316,facebook,https://www.facebook.com/watch?v=1415912760740883,1415912760740883,"Hà Nội sáng 17/9: Cập nhật các điểm ngập, người đi làm cần lưu ý
Hà Nội sáng 17/9 tiếp tục có mưa lớn, nguy cơ úng ngập tại một số khu vực. Cập nhật các tuyến đường, điểm ngập đáng chú ý để người dân chủ động lựa chọn lộ trình trong giờ cao điểm.

Tạp chí Nông nghiệp và Môi trường tiếp tục cập nhật tình hình mưa lớn, ngập úng và giao thông tại Hà Nội.

👉 Theo dõi Tạp chí Nông nghiệp và Môi trường để cập nhật nhanh các thông tin thời tiết, môi trường và đời sống.
#HaNoi #NgapHaNoi #MuaLon #NgapUng #GiaoThongHaNoi #HaNoiSangNay #ThoiTietHaNoi #TapChiNongNghiepVaMoiTruong",(20+) Video,2026-09-16T23:28:24.000Z,2026-09-16T23:28:24+00:00,Dềnh tý ai nói là ngáp  là phán động,top_level,,1359548495947316,0,"Thứ Năm, 17 Tháng 9, 2026 lúc 08:57",2026-09-17T08:57:00+07:00,0,05b40c5453732efde260722b50aa28b22f5f485c,hanoi_location,0,0,facebook_20260925_0325,baseline_20260925_032543,2026-09-25T10:46:52.791127+07:00
facebook_c_1383774133927537,facebook,https://www.facebook.com/watch?v=1415912760740883,1415912760740883,"Hà Nội sáng 17/9: Cập nhật các điểm ngập, người đi làm cần lưu ý
Hà Nội sáng 17/9 tiếp tục có mưa lớn, nguy cơ úng ngập tại một số khu vực. Cập nhật các tuyến đường, điểm ngập đáng chú ý để người dân chủ động lựa chọn lộ trình trong giờ cao điểm.

Tạp chí Nông nghiệp và Môi trường tiếp tục cập nhật tình hình mưa lớn, ngập úng và giao thông tại Hà Nội.

👉 Theo dõi Tạp chí Nông nghiệp và Môi trường để cập nhật nhanh các thông tin thời tiết, môi trường và đời sống.
#HaNoi #NgapHaNoi #MuaLon #NgapUng #GiaoThongHaNoi #HaNoiSangNay #ThoiTietHaNoi #TapChiNongNghiepVaMoiTruong",(20+) Video,2026-09-16T23:28:24.000Z,2026-09-16T23:28:24+00:00,Dân làm xuồng máy gia đình và xuồng máy cá nhân mà đi cả bây giờ và đi trong tương lai là OK thôi ... !,top_level,,1383774133927537,0,"Thứ Năm, 17 Tháng 9, 2026 lúc 12:22",2026-09-17T12:22:00+07:00,0,41abee91dfd1b2e77d35827c9a909783655a2738,"transport_impact,hanoi_location",0,0,facebook_20260925_0325,baseline_20260925_032543,2026-09-25T10:46:52.697789+07:00
facebook_c_1387826730185306,facebook,https://www.facebook.com/watch?v=1415912760740883,1415912760740883,"Hà Nội sáng 17/9: Cập nhật các điểm ngập, người đi làm cần lưu ý
Hà Nội sáng 17/9 tiếp tục có mưa lớn, nguy cơ úng ngập tại một số khu vực. Cập nhật các tuyến đường, điểm ngập đáng chú ý để người dân chủ động lựa chọn lộ trình trong giờ cao điểm.

Tạp chí Nông nghiệp và Môi trường tiếp tục cập nhật tình hình mưa lớn, ngập úng và giao thông tại Hà Nội.

👉 Theo dõi Tạp chí Nông nghiệp và Môi trường để cập nhật nhanh các thông tin thời tiết, môi trường và đời sống.
#HaNoi #NgapHaNoi #MuaLon #NgapUng #GiaoThongHaNoi #HaNoiSangNay #ThoiTietHaNoi #TapChiNongNghiepVaMoiTruong",(20+) Video,2026-09-16T23:28:24.000Z,2026-09-16T23:28:24+00:00,các bác ai biết đường xuân phương phúc diễn có ngập k ạ.chỉ giúp e với,top_level,,1387826730185306,0,"Thứ Năm, 17 Tháng 9, 2026 lúc 12:26",2026-09-17T12:26:00+07:00,0,cf09c9247b0a44d70e55d8a682842469d25733ad,"flood_state,hanoi_location",0,0,facebook_20260925_0325,baseline_20260925_032543,2026-09-25T10:46:52.740656+07:00
facebook_c_1391105979251259,facebook,https://www.facebook.com/watch?v=1415912760740883,1415912760740883,"Hà Nội sáng 17/9: Cập nhật các điểm ngập, người đi làm cần lưu ý
Hà Nội sáng 17/9 tiếp tục có mưa lớn, nguy cơ úng ngập tại một số khu vực. Cập nhật các tuyến đường, điểm ngập đáng chú ý để người dân chủ động lựa chọn lộ trình trong giờ cao điểm.

Tạp chí Nông nghiệp và Môi trường tiếp tục cập nhật tình hình mưa lớn, ngập úng và giao thông tại Hà Nội.

👉 Theo dõi Tạp chí Nông nghiệp và Môi trường để cập nhật nhanh các thông tin thời tiết, môi trường và đời sống.
#HaNoi #NgapHaNoi #MuaLon #NgapUng #GiaoThongHaNoi #HaNoiSangNay #ThoiTietHaNoi #TapChiNongNghiepVaMoiTruong",(20+) Video,2026-09-16T23:28:24.000Z,2026-09-16T23:28:24+00:00,hytee mẹ ơi con đi học,top_level,,1391105979251259,0,"Thứ Năm, 17 Tháng 9, 2026 lúc 17:22",2026-09-17T17:22:00+07:00,0,c1f7e5961a0d7a1a7685c87ccf18e30095158c8f,"transport_impact,hanoi_location",0,0,facebook_20260925_0325,baseline_20260925_032543,2026-09-25T10:46:52.750183+07:00
facebook_c_1391805999144689,facebook,https://www.facebook.com/watch?v=1415912760740883,1415912760740883,"Hà Nội sáng 17/9: Cập nhật các điểm ngập, người đi làm cần lưu ý
Hà Nội sáng 17/9 tiếp tục có mưa lớn, nguy cơ úng ngập tại một số khu vực. Cập nhật các tuyến đường, điểm ngập đáng chú ý để người dân chủ động lựa chọn lộ trình trong giờ cao điểm.

Tạp chí Nông nghiệp và Môi trường tiếp tục cập nhật tình hình mưa lớn, ngập úng và giao thông tại Hà Nội.

👉 Theo dõi Tạp chí Nông nghiệp và Môi trường để cập nhật nhanh các thông tin thời tiết, môi trường và đời sống.
#HaNoi #NgapHaNoi #MuaLon #NgapUng #GiaoThongHaNoi #HaNoiSangNay #ThoiTietHaNoi #TapChiNongNghiepVaMoiTruong",(20+) Video,2026-09-16T23:28:24.000Z,2026-09-16T23:28:24+00:00,Chỉ có Dềnh thôi,top_level,,1391805999144689,0,"Thứ Năm, 17 Tháng 9, 2026 lúc 12:28",2026-09-17T12:28:00+07:00,0,1b6051b0db0abb4dd27684c380fd648deaaac8fb,,0,0,facebook_20260925_0325,baseline_20260925_032543,2026-09-25T10:46:52.719970+07:00
facebook_c_2219968678571132,facebook,https://www.facebook.com/watch?v=1415912760740883,1415912760740883,"Hà Nội sáng 17/9: Cập nhật các điểm ngập, người đi làm cần lưu ý
Hà Nội sáng 17/9 tiếp tục có mưa lớn, nguy cơ úng ngập tại một số khu vực. Cập nhật các tuyến đường, điểm ngập đáng chú ý để người dân chủ động lựa chọn lộ trình trong giờ cao điểm.

Tạp chí Nông nghiệp và Môi trường tiếp tục cập nhật tình hình mưa lớn, ngập úng và giao thông tại Hà Nội.

👉 Theo dõi Tạp chí Nông nghiệp và Môi trường để cập nhật nhanh các thông tin thời tiết, môi trường và đời sống.
#HaNoi #NgapHaNoi #MuaLon #NgapUng #GiaoThongHaNoi #HaNoiSangNay #ThoiTietHaNoi #TapChiNongNghiepVaMoiTruong",(20+) Video,2026-09-16T23:28:24.000Z,2026-09-16T23:28:24+00:00,Tran Hong Son dâng nước chứ không phải dềnh,reply,1391805999144689,1391805999144689,1,"Thứ Năm, 17 Tháng 9, 2026 lúc 13:49",2026-09-17T13:49:00+07:00,0,,hanoi_location,0,0,facebook_20260925_0325,baseline_20260925_032543,2026-09-25T10:46:52.723971+07:00
facebook_c_1398024332514415,facebook,https://www.facebook.com/watch?v=1415912760740883,1415912760740883,"Hà Nội sáng 17/9: Cập nhật các điểm ngập, người đi làm cần lưu ý
Hà Nội sáng 17/9 tiếp tục có mưa lớn, nguy cơ úng ngập tại một số khu vực. Cập nhật các tuyến đường, điểm ngập đáng chú ý để người dân chủ động lựa chọn lộ trình trong giờ cao điểm.

Tạp chí Nông nghiệp và Môi trường tiếp tục cập nhật tình hình mưa lớn, ngập úng và giao thông tại Hà Nội.

👉 Theo dõi Tạp chí Nông nghiệp và Môi trường để cập nhật nhanh các thông tin thời tiết, môi trường và đời sống.
#HaNoi #NgapHaNoi #MuaLon #NgapUng #GiaoThongHaNoi #HaNoiSangNay #ThoiTietHaNoi #TapChiNongNghiepVaMoiTruong",(20+) Video,2026-09-16T23:28:24.000Z,2026-09-16T23:28:24+00:00,Sơ thãt,top_level,,1398024332514415,0,"Thứ Năm, 17 Tháng 9, 2026 lúc 15:28",2026-09-17T15:28:00+07:00,0,a9407345b09990ca7a561c53dbdf15f3059ffd4e,,0,0,facebook_20260925_0325,baseline_20260925_032543,2026-09-25T10:46:52.765231+07:00
facebook_c_1398534664983869,facebook,https://www.facebook.com/watch?v=1415912760740883,1415912760740883,"Hà Nội sáng 17/9: Cập nhật các điểm ngập, người đi làm cần lưu ý
Hà Nội sáng 17/9 tiếp tục có mưa lớn, nguy cơ úng ngập tại một số khu vực. Cập nhật các tuyến đường, điểm ngập đáng chú ý để người dân chủ động lựa chọn lộ trình trong giờ cao điểm.

Tạp chí Nông nghiệp và Môi trường tiếp tục cập nhật tình hình mưa lớn, ngập úng và giao thông tại Hà Nội.

👉 Theo dõi Tạp chí Nông nghiệp và Môi trường để cập nhật nhanh các thông tin thời tiết, môi trường và đời sống.
#HaNoi #NgapHaNoi #MuaLon #NgapUng #GiaoThongHaNoi #HaNoiSangNay #ThoiTietHaNoi #TapChiNongNghiepVaMoiTruong",(20+) Video,2026-09-16T23:28:24.000Z,2026-09-16T23:28:24+00:00,Hà nội đường phố biến thành dòng sông 1000 tỷ ha ha,top_level,,1398534664983869,0,"Thứ Năm, 17 Tháng 9, 2026 lúc 10:57",2026-09-17T10:57:00+07:00,0,72f6fd634a316b0ca61b9982cd1af5978f117727,hanoi_location,0,0,facebook_20260925_0325,baseline_20260925_032543,2026-09-25T10:46:52.790130+07:00
facebook_c_1400399018197069,facebook,https://www.facebook.com/watch?v=1415912760740883,1415912760740883,"Hà Nội sáng 17/9: Cập nhật các điểm ngập, người đi làm cần lưu ý
Hà Nội sáng 17/9 tiếp tục có mưa lớn, nguy cơ úng ngập tại một số khu vực. Cập nhật các tuyến đường, điểm ngập đáng chú ý để người dân chủ động lựa chọn lộ trình trong giờ cao điểm.

Tạp chí Nông nghiệp và Môi trường tiếp tục cập nhật tình hình mưa lớn, ngập úng và giao thông tại Hà Nội.

👉 Theo dõi Tạp chí Nông nghiệp và Môi trường để cập nhật nhanh các thông tin thời tiết, môi trường và đời sống.
#HaNoi #NgapHaNoi #MuaLon #NgapUng #GiaoThongHaNoi #HaNoiSangNay #ThoiTietHaNoi #TapChiNongNghiepVaMoiTruong",(20+) Video,2026-09-16T23:28:24.000Z,2026-09-16T23:28:24+00:00,Nhìn chán nhỉ ko bằng về quê ở cho lành,top_level,,1400399018197069,0,"Thứ Năm, 17 Tháng 9, 2026 lúc 12:48",2026-09-17T12:48:00+07:00,0,e78ca628cd0a220706267be58970be0ac98e7bbe,hanoi_location,0,0,facebook_20260925_0325,baseline_20260925_032543,2026-09-25T10:46:52.737139+07:00
facebook_c_1400761088863471,facebook,https://www.facebook.com/watch?v=1415912760740883,1415912760740883,"Hà Nội sáng 17/9: Cập nhật các điểm ngập, người đi làm cần lưu ý
Hà Nội sáng 17/9 tiếp tục có mưa lớn, nguy cơ úng ngập tại một số khu vực. Cập nhật các tuyến đường, điểm ngập đáng chú ý để người dân chủ động lựa chọn lộ trình trong giờ cao điểm.

Tạp chí Nông nghiệp và Môi trường tiếp tục cập nhật tình hình mưa lớn, ngập úng và giao thông tại Hà Nội.

👉 Theo dõi Tạp chí Nông nghiệp và Môi trường để cập nhật nhanh các thông tin thời tiết, môi trường và đời sống.
#HaNoi #NgapHaNoi #MuaLon #NgapUng #GiaoThongHaNoi #HaNoiSangNay #ThoiTietHaNoi #TapChiNongNghiepVaMoiTruong",(20+) Video,2026-09-16T23:28:24.000Z,2026-09-16T23:28:24+00:00,Nước lại dềnh ak,top_level,,1400761088863471,0,"Thứ Năm, 17 Tháng 9, 2026 lúc 14:23",2026-09-17T14:23:00+07:00,0,a0a87134b1867a3b02011bcac5189b21283c6d79,,0,0,facebook_20260925_0325,baseline_20260925_032543,2026-09-25T10:46:52.749181+07:00
facebook_c_1405093839348955,facebook,https://www.facebook.com/watch?v=1415912760740883,1415912760740883,"Hà Nội sáng 17/9: Cập nhật các điểm ngập, người đi làm cần lưu ý
Hà Nội sáng 17/9 tiếp tục có mưa lớn, nguy cơ úng ngập tại một số khu vực. Cập nhật các tuyến đường, điểm ngập đáng chú ý để người dân chủ động lựa chọn lộ trình trong giờ cao điểm.

Tạp chí Nông nghiệp và Môi trường tiếp tục cập nhật tình hình mưa lớn, ngập úng và giao thông tại Hà Nội.

👉 Theo dõi Tạp chí Nông nghiệp và Môi trường để cập nhật nhanh các thông tin thời tiết, môi trường và đời sống.
#HaNoi #NgapHaNoi #MuaLon #NgapUng #GiaoThongHaNoi #HaNoiSangNay #ThoiTietHaNoi #TapChiNongNghiepVaMoiTruong",(20+) Video,2026-09-16T23:28:24.000Z,2026-09-16T23:28:24+00:00,Những phố cổ làm lâu đời không bị nhập những nơi phát triển sau lại bị,top_level,,1405093839348955,0,"Thứ Năm, 17 Tháng 9, 2026 lúc 12:21",2026-09-17T12:21:00+07:00,0,fff27d9af38e5beb4abcb8bc73a643c1ec0d487f,hanoi_location,0,0,facebook_20260925_0325,baseline_20260925_032543,2026-09-25T10:46:52.788119+07:00
facebook_c_1411401224259813,facebook,https://www.facebook.com/watch?v=1415912760740883,1415912760740883,"Hà Nội sáng 17/9: Cập nhật các điểm ngập, người đi làm cần lưu ý
Hà Nội sáng 17/9 tiếp tục có mưa lớn, nguy cơ úng ngập tại một số khu vực. Cập nhật các tuyến đường, điểm ngập đáng chú ý để người dân chủ động lựa chọn lộ trình trong giờ cao điểm.

Tạp chí Nông nghiệp và Môi trường tiếp tục cập nhật tình hình mưa lớn, ngập úng và giao thông tại Hà Nội.

👉 Theo dõi Tạp chí Nông nghiệp và Môi trường để cập nhật nhanh các thông tin thời tiết, môi trường và đời sống.
#HaNoi #NgapHaNoi #MuaLon #NgapUng #GiaoThongHaNoi #HaNoiSangNay #ThoiTietHaNoi #TapChiNongNghiepVaMoiTruong",(20+) Video,2026-09-16T23:28:24.000Z,2026-09-16T23:28:24+00:00,"E đi từ cầu thanh trì ra đường vũ tông phan, liệu có bị ngập ko vậy các bác?",top_level,,1411401224259813,0,"Thứ Năm, 17 Tháng 9, 2026 lúc 15:17",2026-09-17T15:17:00+07:00,0,ab031ac2824bbd4ecd025ea30e82d9d8077969e8,"flood_state,transport_impact,hanoi_location",0,0,facebook_20260925_0325,baseline_20260925_032543,2026-09-25T10:46:52.733630+07:00
facebook_c_1419211246824624,facebook,https://www.facebook.com/watch?v=1415912760740883,1415912760740883,"Hà Nội sáng 17/9: Cập nhật các điểm ngập, người đi làm cần lưu ý
Hà Nội sáng 17/9 tiếp tục có mưa lớn, nguy cơ úng ngập tại một số khu vực. Cập nhật các tuyến đường, điểm ngập đáng chú ý để người dân chủ động lựa chọn lộ trình trong giờ cao điểm.

Tạp chí Nông nghiệp và Môi trường tiếp tục cập nhật tình hình mưa lớn, ngập úng và giao thông tại Hà Nội.

👉 Theo dõi Tạp chí Nông nghiệp và Môi trường để cập nhật nhanh các thông tin thời tiết, môi trường và đời sống.
#HaNoi #NgapHaNoi #MuaLon #NgapUng #GiaoThongHaNoi #HaNoiSangNay #ThoiTietHaNoi #TapChiNongNghiepVaMoiTruong",(20+) Video,2026-09-16T23:28:24.000Z,2026-09-16T23:28:24+00:00,Sao bác Vượng không làm :Thuyền điện nhỉ ???,top_level,,1419211246824624,0,"Thứ Năm, 17 Tháng 9, 2026 lúc 15:58",2026-09-17T15:58:00+07:00,0,50abde64516a0d2995f9bb81e64779e7a353ba16,hanoi_location,0,0,facebook_20260925_0325,baseline_20260925_032543,2026-09-25T10:46:52.755234+07:00
facebook_c_1427924762595212,facebook,https://www.facebook.com/watch?v=1415912760740883,1415912760740883,"Hà Nội sáng 17/9: Cập nhật các điểm ngập, người đi làm cần lưu ý
Hà Nội sáng 17/9 tiếp tục có mưa lớn, nguy cơ úng ngập tại một số khu vực. Cập nhật các tuyến đường, điểm ngập đáng chú ý để người dân chủ động lựa chọn lộ trình trong giờ cao điểm.

Tạp chí Nông nghiệp và Môi trường tiếp tục cập nhật tình hình mưa lớn, ngập úng và giao thông tại Hà Nội.

👉 Theo dõi Tạp chí Nông nghiệp và Môi trường để cập nhật nhanh các thông tin thời tiết, môi trường và đời sống.
#HaNoi #NgapHaNoi #MuaLon #NgapUng #GiaoThongHaNoi #HaNoiSangNay #ThoiTietHaNoi #TapChiNongNghiepVaMoiTruong",(20+) Video,2026-09-16T23:28:24.000Z,2026-09-16T23:28:24+00:00,"Người có học gọi là dềnh, còn người ít học gọi là ngập...",top_level,,1427924762595212,0,"Thứ Năm, 17 Tháng 9, 2026 lúc 17:24",2026-09-17T17:24:00+07:00,0,fb5feb68dd4355b18ebfaf40e2019cf4a1c0c99b,"flood_state,hanoi_location",0,0,facebook_20260925_0325,baseline_20260925_032543,2026-09-25T10:46:52.718023+07:00
facebook_c_1430847462267269,facebook,https://www.facebook.com/watch?v=1415912760740883,1415912760740883,"Hà Nội sáng 17/9: Cập nhật các điểm ngập, người đi làm cần lưu ý
Hà Nội sáng 17/9 tiếp tục có mưa lớn, nguy cơ úng ngập tại một số khu vực. Cập nhật các tuyến đường, điểm ngập đáng chú ý để người dân chủ động lựa chọn lộ trình trong giờ cao điểm.

Tạp chí Nông nghiệp và Môi trường tiếp tục cập nhật tình hình mưa lớn, ngập úng và giao thông tại Hà Nội.

👉 Theo dõi Tạp chí Nông nghiệp và Môi trường để cập nhật nhanh các thông tin thời tiết, môi trường và đời sống.
#HaNoi #NgapHaNoi #MuaLon #NgapUng #GiaoThongHaNoi #HaNoiSangNay #ThoiTietHaNoi #TapChiNongNghiepVaMoiTruong",(20+) Video,2026-09-16T23:28:24.000Z,2026-09-16T23:28:24+00:00,"Ngập thế này thì Dềnh hết đất nói rùi,  phải tìm từ khác thui",top_level,,1430847462267269,0,"Thứ Năm, 17 Tháng 9, 2026 lúc 15:56",2026-09-17T15:56:00+07:00,0,3040c6b3700231732c5000655e79645d1142501d,flood_state,0,0,facebook_20260925_0325,baseline_20260925_032543,2026-09-25T10:46:52.724972+07:00
facebook_c_1436005295179708,facebook,https://www.facebook.com/watch?v=1415912760740883,1415912760740883,"Hà Nội sáng 17/9: Cập nhật các điểm ngập, người đi làm cần lưu ý
Hà Nội sáng 17/9 tiếp tục có mưa lớn, nguy cơ úng ngập tại một số khu vực. Cập nhật các tuyến đường, điểm ngập đáng chú ý để người dân chủ động lựa chọn lộ trình trong giờ cao điểm.

Tạp chí Nông nghiệp và Môi trường tiếp tục cập nhật tình hình mưa lớn, ngập úng và giao thông tại Hà Nội.

👉 Theo dõi Tạp chí Nông nghiệp và Môi trường để cập nhật nhanh các thông tin thời tiết, môi trường và đời sống.
#HaNoi #NgapHaNoi #MuaLon #NgapUng #GiaoThongHaNoi #HaNoiSangNay #ThoiTietHaNoi #TapChiNongNghiepVaMoiTruong",(20+) Video,2026-09-16T23:28:24.000Z,2026-09-16T23:28:24+00:00,Mưa cho mat năng nhiều bụi ngột ngat,top_level,,1436005295179708,0,"Thứ Năm, 17 Tháng 9, 2026 lúc 09:54",2026-09-17T09:54:00+07:00,0,c3067d38ee34731cda1ddaf7bf8a0dc093597609,,0,0,facebook_20260925_0325,baseline_20260925_032543,2026-09-25T10:46:52.728103+07:00
facebook_c_1436709501683050,facebook,https://www.facebook.com/watch?v=1415912760740883,1415912760740883,"Hà Nội sáng 17/9: Cập nhật các điểm ngập, người đi làm cần lưu ý
Hà Nội sáng 17/9 tiếp tục có mưa lớn, nguy cơ úng ngập tại một số khu vực. Cập nhật các tuyến đường, điểm ngập đáng chú ý để người dân chủ động lựa chọn lộ trình trong giờ cao điểm.

Tạp chí Nông nghiệp và Môi trường tiếp tục cập nhật tình hình mưa lớn, ngập úng và giao thông tại Hà Nội.

👉 Theo dõi Tạp chí Nông nghiệp và Môi trường để cập nhật nhanh các thông tin thời tiết, môi trường và đời sống.
#HaNoi #NgapHaNoi #MuaLon #NgapUng #GiaoThongHaNoi #HaNoiSangNay #ThoiTietHaNoi #TapChiNongNghiepVaMoiTruong",(20+) Video,2026-09-16T23:28:24.000Z,2026-09-16T23:28:24+00:00,"Đọc địa điểm phải thêm chữ ""Vịnh"" vào trước mới chuẩn này",top_level,,1436709501683050,0,"Thứ Năm, 17 Tháng 9, 2026 lúc 11:28",2026-09-17T11:28:00+07:00,0,66308ae42ddc9fee4f8c79a025a282d48a13fafd,hanoi_location,0,0,facebook_20260925_0325,baseline_20260925_032543,2026-09-25T10:46:52.698758+07:00
facebook_c_1445447754106433,facebook,https://www.facebook.com/watch?v=1415912760740883,1415912760740883,"Hà Nội sáng 17/9: Cập nhật các điểm ngập, người đi làm cần lưu ý
Hà Nội sáng 17/9 tiếp tục có mưa lớn, nguy cơ úng ngập tại một số khu vực. Cập nhật các tuyến đường, điểm ngập đáng chú ý để người dân chủ động lựa chọn lộ trình trong giờ cao điểm.

Tạp chí Nông nghiệp và Môi trường tiếp tục cập nhật tình hình mưa lớn, ngập úng và giao thông tại Hà Nội.

👉 Theo dõi Tạp chí Nông nghiệp và Môi trường để cập nhật nhanh các thông tin thời tiết, môi trường và đời sống.
#HaNoi #NgapHaNoi #MuaLon #NgapUng #GiaoThongHaNoi #HaNoiSangNay #ThoiTietHaNoi #TapChiNongNghiepVaMoiTruong",(20+) Video,2026-09-16T23:28:24.000Z,2026-09-16T23:28:24+00:00,Hà Nội mùa này phố cũng như sông,top_level,,1445447754106433,0,"Thứ Năm, 17 Tháng 9, 2026 lúc 10:09",2026-09-17T10:09:00+07:00,0,0370d0143747bf0e12383941ed81305a44648d4d,hanoi_location,0,0,facebook_20260925_0325,baseline_20260925_032543,2026-09-25T10:46:52.712798+07:00
facebook_c_1461652459137518,facebook,https://www.facebook.com/watch?v=1415912760740883,1415912760740883,"Hà Nội sáng 17/9: Cập nhật các điểm ngập, người đi làm cần lưu ý
Hà Nội sáng 17/9 tiếp tục có mưa lớn, nguy cơ úng ngập tại một số khu vực. Cập nhật các tuyến đường, điểm ngập đáng chú ý để người dân chủ động lựa chọn lộ trình trong giờ cao điểm.

Tạp chí Nông nghiệp và Môi trường tiếp tục cập nhật tình hình mưa lớn, ngập úng và giao thông tại Hà Nội.

👉 Theo dõi Tạp chí Nông nghiệp và Môi trường để cập nhật nhanh các thông tin thời tiết, môi trường và đời sống.
#HaNoi #NgapHaNoi #MuaLon #NgapUng #GiaoThongHaNoi #HaNoiSangNay #ThoiTietHaNoi #TapChiNongNghiepVaMoiTruong",(20+) Video,2026-09-16T23:28:24.000Z,2026-09-16T23:28:24+00:00,"Đấy mà là ngập, là dềnh đó",top_level,,1461652459137518,0,"Thứ Năm, 17 Tháng 9, 2026 lúc 22:59",2026-09-17T22:59:00+07:00,0,f72820b628f89c87953626c5b3bcb19866d7076e,flood_state,0,0,facebook_20260925_0325,baseline_20260925_032543,2026-09-25T10:46:52.743663+07:00
facebook_c_1471877254844336,facebook,https://www.facebook.com/watch?v=1415912760740883,1415912760740883,"Hà Nội sáng 17/9: Cập nhật các điểm ngập, người đi làm cần lưu ý
Hà Nội sáng 17/9 tiếp tục có mưa lớn, nguy cơ úng ngập tại một số khu vực. Cập nhật các tuyến đường, điểm ngập đáng chú ý để người dân chủ động lựa chọn lộ trình trong giờ cao điểm.

Tạp chí Nông nghiệp và Môi trường tiếp tục cập nhật tình hình mưa lớn, ngập úng và giao thông tại Hà Nội.

👉 Theo dõi Tạp chí Nông nghiệp và Môi trường để cập nhật nhanh các thông tin thời tiết, môi trường và đời sống.
#HaNoi #NgapHaNoi #MuaLon #NgapUng #GiaoThongHaNoi #HaNoiSangNay #ThoiTietHaNoi #TapChiNongNghiepVaMoiTruong",(20+) Video,2026-09-16T23:28:24.000Z,2026-09-16T23:28:24+00:00,Làm hồ Mỹ Đình to thế mà vẫn thua Ngài Thủy Thần Mỹ Đình vẫn bơi,top_level,,1471877254844336,0,"Thứ Năm, 17 Tháng 9, 2026 lúc 12:17",2026-09-17T12:17:00+07:00,0,d5492655b224e5c86efef0e5abd84caa50f7b4a0,hanoi_location,0,0,facebook_20260925_0325,baseline_20260925_032543,2026-09-25T10:46:52.698758+07:00
facebook_c_928964989831951,facebook,https://www.facebook.com/watch?v=1415912760740883,1415912760740883,"Hà Nội sáng 17/9: Cập nhật các điểm ngập, người đi làm cần lưu ý
Hà Nội sáng 17/9 tiếp tục có mưa lớn, nguy cơ úng ngập tại một số khu vực. Cập nhật các tuyến đường, điểm ngập đáng chú ý để người dân chủ động lựa chọn lộ trình trong giờ cao điểm.

Tạp chí Nông nghiệp và Môi trường tiếp tục cập nhật tình hình mưa lớn, ngập úng và giao thông tại Hà Nội.

👉 Theo dõi Tạp chí Nông nghiệp và Môi trường để cập nhật nhanh các thông tin thời tiết, môi trường và đời sống.
#HaNoi #NgapHaNoi #MuaLon #NgapUng #GiaoThongHaNoi #HaNoiSangNay #ThoiTietHaNoi #TapChiNongNghiepVaMoiTruong",(20+) Video,2026-09-16T23:28:24.000Z,2026-09-16T23:28:24+00:00,Nguyễn Thị Hoà Khu thể thao Mỹ đình mới làm thêm hồ bơi cho môn bơi lội mà hì hì 6,reply,1471877254844336,1471877254844336,1,"Thứ Năm, 17 Tháng 9, 2026 lúc 12:20",2026-09-17T12:20:00+07:00,0,,hanoi_location,0,0,facebook_20260925_0325,baseline_20260925_032543,2026-09-25T10:46:52.702277+07:00
facebook_c_1479489840809503,facebook,https://www.facebook.com/watch?v=1415912760740883,1415912760740883,"Hà Nội sáng 17/9: Cập nhật các điểm ngập, người đi làm cần lưu ý
Hà Nội sáng 17/9 tiếp tục có mưa lớn, nguy cơ úng ngập tại một số khu vực. Cập nhật các tuyến đường, điểm ngập đáng chú ý để người dân chủ động lựa chọn lộ trình trong giờ cao điểm.

Tạp chí Nông nghiệp và Môi trường tiếp tục cập nhật tình hình mưa lớn, ngập úng và giao thông tại Hà Nội.

👉 Theo dõi Tạp chí Nông nghiệp và Môi trường để cập nhật nhanh các thông tin thời tiết, môi trường và đời sống.
#HaNoi #NgapHaNoi #MuaLon #NgapUng #GiaoThongHaNoi #HaNoiSangNay #ThoiTietHaNoi #TapChiNongNghiepVaMoiTruong",(20+) Video,2026-09-16T23:28:24.000Z,2026-09-16T23:28:24+00:00,Phóng viên nói ngập úng là ko đúng! Phải nói là nước nó DỀNH,top_level,,1479489840809503,0,"Thứ Năm, 17 Tháng 9, 2026 lúc 14:44",2026-09-17T14:44:00+07:00,0,a6712383f14d23d90b755df83a32ca7f36c4f9a1,"flood_state,hanoi_location",0,0,facebook_20260925_0325,baseline_20260925_032543,2026-09-25T10:46:52.757751+07:00
facebook_c_1482212103735074,facebook,https://www.facebook.com/watch?v=1415912760740883,1415912760740883,"Hà Nội sáng 17/9: Cập nhật các điểm ngập, người đi làm cần lưu ý
Hà Nội sáng 17/9 tiếp tục có mưa lớn, nguy cơ úng ngập tại một số khu vực. Cập nhật các tuyến đường, điểm ngập đáng chú ý để người dân chủ động lựa chọn lộ trình trong giờ cao điểm.

Tạp chí Nông nghiệp và Môi trường tiếp tục cập nhật tình hình mưa lớn, ngập úng và giao thông tại Hà Nội.

👉 Theo dõi Tạp chí Nông nghiệp và Môi trường để cập nhật nhanh các thông tin thời tiết, môi trường và đời sống.
#HaNoi #NgapHaNoi #MuaLon #NgapUng #GiaoThongHaNoi #HaNoiSangNay #ThoiTietHaNoi #TapChiNongNghiepVaMoiTruong",(20+) Video,2026-09-16T23:28:24.000Z,2026-09-16T23:28:24+00:00,CỬA CHỐNG NGẬP AusInno FPS. Nếu nhà bạn bị ngập hãy lắp cửa chống ngập AusInnoFPS để bảo vệ tài sản của bạn.,top_level,,1482212103735074,0,"Chủ Nhật, 20 Tháng 9, 2026 lúc 09:17",2026-09-20T09:17:00+07:00,0,427baf24e9406d22561cfc6a9d17415e26738a91,"flood_state,hanoi_location",0,0,facebook_20260925_0325,baseline_20260925_032543,2026-09-25T10:46:52.757751+07:00
facebook_c_1515509507263235,facebook,https://www.facebook.com/watch?v=1415912760740883,1415912760740883,"Hà Nội sáng 17/9: Cập nhật các điểm ngập, người đi làm cần lưu ý
Hà Nội sáng 17/9 tiếp tục có mưa lớn, nguy cơ úng ngập tại một số khu vực. Cập nhật các tuyến đường, điểm ngập đáng chú ý để người dân chủ động lựa chọn lộ trình trong giờ cao điểm.

Tạp chí Nông nghiệp và Môi trường tiếp tục cập nhật tình hình mưa lớn, ngập úng và giao thông tại Hà Nội.

👉 Theo dõi Tạp chí Nông nghiệp và Môi trường để cập nhật nhanh các thông tin thời tiết, môi trường và đời sống.
#HaNoi #NgapHaNoi #MuaLon #NgapUng #GiaoThongHaNoi #HaNoiSangNay #ThoiTietHaNoi #TapChiNongNghiepVaMoiTruong",(20+) Video,2026-09-16T23:28:24.000Z,2026-09-16T23:28:24+00:00,Hở ra tý đất nào là thi nhau mọc lên những ctrinh khu cc vimhom này kia .thì nc đổ đi đâu đc mà ko ngập .có tý ao hồ nào thì lấp hết r còn đâu mà ko bj ngập,top_level,,1515509507263235,0,"Thứ Năm, 17 Tháng 9, 2026 lúc 11:35",2026-09-17T11:35:00+07:00,0,edc28ae7088afee873e09d360a1968ac4a823e11,"flood_state,transport_impact,hanoi_location",0,0,facebook_20260925_0325,baseline_20260925_032543,2026-09-25T10:46:52.724972+07:00
facebook_c_1562941202497567,facebook,https://www.facebook.com/watch?v=1415912760740883,1415912760740883,"Hà Nội sáng 17/9: Cập nhật các điểm ngập, người đi làm cần lưu ý
Hà Nội sáng 17/9 tiếp tục có mưa lớn, nguy cơ úng ngập tại một số khu vực. Cập nhật các tuyến đường, điểm ngập đáng chú ý để người dân chủ động lựa chọn lộ trình trong giờ cao điểm.

Tạp chí Nông nghiệp và Môi trường tiếp tục cập nhật tình hình mưa lớn, ngập úng và giao thông tại Hà Nội.

👉 Theo dõi Tạp chí Nông nghiệp và Môi trường để cập nhật nhanh các thông tin thời tiết, môi trường và đời sống.
#HaNoi #NgapHaNoi #MuaLon #NgapUng #GiaoThongHaNoi #HaNoiSangNay #ThoiTietHaNoi #TapChiNongNghiepVaMoiTruong",(20+) Video,2026-09-16T23:28:24.000Z,2026-09-16T23:28:24+00:00,Ngập chứ không phải Dềnh hả???,top_level,,1562941202497567,0,"Thứ Năm, 17 Tháng 9, 2026 lúc 12:16",2026-09-17T12:16:00+07:00,0,4886962353a339a423d6c44189003531e22d4732,flood_state,0,0,facebook_20260925_0325,baseline_20260925_032543,2026-09-25T10:46:52.718968+07:00
facebook_c_1565308861564260,facebook,https://www.facebook.com/watch?v=1415912760740883,1415912760740883,"Hà Nội sáng 17/9: Cập nhật các điểm ngập, người đi làm cần lưu ý
Hà Nội sáng 17/9 tiếp tục có mưa lớn, nguy cơ úng ngập tại một số khu vực. Cập nhật các tuyến đường, điểm ngập đáng chú ý để người dân chủ động lựa chọn lộ trình trong giờ cao điểm.

Tạp chí Nông nghiệp và Môi trường tiếp tục cập nhật tình hình mưa lớn, ngập úng và giao thông tại Hà Nội.

👉 Theo dõi Tạp chí Nông nghiệp và Môi trường để cập nhật nhanh các thông tin thời tiết, môi trường và đời sống.
#HaNoi #NgapHaNoi #MuaLon #NgapUng #GiaoThongHaNoi #HaNoiSangNay #ThoiTietHaNoi #TapChiNongNghiepVaMoiTruong",(20+) Video,2026-09-16T23:28:24.000Z,2026-09-16T23:28:24+00:00,tam nhin do thi   ko chuan. cap lanh fao. nen trui cuu den chet,top_level,,1565308861564260,0,"Thứ Năm, 17 Tháng 9, 2026 lúc 18:10",2026-09-17T18:10:00+07:00,0,1186b05b65cfa4417c73ad472bfe1608b6e94b03,hanoi_location,0,0,facebook_20260925_0325,baseline_20260925_032543,2026-09-25T10:46:52.738151+07:00
facebook_c_1565353185330146,facebook,https://www.facebook.com/watch?v=1415912760740883,1415912760740883,"Hà Nội sáng 17/9: Cập nhật các điểm ngập, người đi làm cần lưu ý
Hà Nội sáng 17/9 tiếp tục có mưa lớn, nguy cơ úng ngập tại một số khu vực. Cập nhật các tuyến đường, điểm ngập đáng chú ý để người dân chủ động lựa chọn lộ trình trong giờ cao điểm.

Tạp chí Nông nghiệp và Môi trường tiếp tục cập nhật tình hình mưa lớn, ngập úng và giao thông tại Hà Nội.

👉 Theo dõi Tạp chí Nông nghiệp và Môi trường để cập nhật nhanh các thông tin thời tiết, môi trường và đời sống.
#HaNoi #NgapHaNoi #MuaLon #NgapUng #GiaoThongHaNoi #HaNoiSangNay #ThoiTietHaNoi #TapChiNongNghiepVaMoiTruong",(20+) Video,2026-09-16T23:28:24.000Z,2026-09-16T23:28:24+00:00,VỀ CHỖ MÌNH MUA ĐẤT Ở ĐI. MÌNH BÁN CHO KHÔNG LŨ LỤT BAO GIỜ,top_level,,1565353185330146,0,"Thứ Năm, 17 Tháng 9, 2026 lúc 13:54",2026-09-17T13:54:00+07:00,0,e4d45667c7b52fe3627bef3eeeb018c5aca566a6,"flood_state,transport_impact,hanoi_location",0,0,facebook_20260925_0325,baseline_20260925_032543,2026-09-25T10:46:52.706787+07:00
facebook_c_2117211859164295,facebook,https://www.facebook.com/watch?v=1415912760740883,1415912760740883,"Hà Nội sáng 17/9: Cập nhật các điểm ngập, người đi làm cần lưu ý
Hà Nội sáng 17/9 tiếp tục có mưa lớn, nguy cơ úng ngập tại một số khu vực. Cập nhật các tuyến đường, điểm ngập đáng chú ý để người dân chủ động lựa chọn lộ trình trong giờ cao điểm.

Tạp chí Nông nghiệp và Môi trường tiếp tục cập nhật tình hình mưa lớn, ngập úng và giao thông tại Hà Nội.

👉 Theo dõi Tạp chí Nông nghiệp và Môi trường để cập nhật nhanh các thông tin thời tiết, môi trường và đời sống.
#HaNoi #NgapHaNoi #MuaLon #NgapUng #GiaoThongHaNoi #HaNoiSangNay #ThoiTietHaNoi #TapChiNongNghiepVaMoiTruong",(20+) Video,2026-09-16T23:28:24.000Z,2026-09-16T23:28:24+00:00,Hoàng Thu Mbh,reply,1565353185330146,1565353185330146,1,"Thứ Sáu, 18 Tháng 9, 2026 lúc 15:55",2026-09-18T15:55:00+07:00,0,,,0,0,facebook_20260925_0325,baseline_20260925_032543,2026-09-25T10:46:52.707796+07:00
facebook_c_1566061824571310,facebook,https://www.facebook.com/watch?v=1415912760740883,1415912760740883,"Hà Nội sáng 17/9: Cập nhật các điểm ngập, người đi làm cần lưu ý
Hà Nội sáng 17/9 tiếp tục có mưa lớn, nguy cơ úng ngập tại một số khu vực. Cập nhật các tuyến đường, điểm ngập đáng chú ý để người dân chủ động lựa chọn lộ trình trong giờ cao điểm.

Tạp chí Nông nghiệp và Môi trường tiếp tục cập nhật tình hình mưa lớn, ngập úng và giao thông tại Hà Nội.

👉 Theo dõi Tạp chí Nông nghiệp và Môi trường để cập nhật nhanh các thông tin thời tiết, môi trường và đời sống.
#HaNoi #NgapHaNoi #MuaLon #NgapUng #GiaoThongHaNoi #HaNoiSangNay #ThoiTietHaNoi #TapChiNongNghiepVaMoiTruong",(20+) Video,2026-09-16T23:28:24.000Z,2026-09-16T23:28:24+00:00,Dềnh có tí thôi,top_level,,1566061824571310,0,"Thứ Năm, 17 Tháng 9, 2026 lúc 13:20",2026-09-17T13:20:00+07:00,0,9eb4e0663f82b4abec97fccdbb4d604efb9bd5ec,,0,0,facebook_20260925_0325,baseline_20260925_032543,2026-09-25T10:46:52.737139+07:00
facebook_c_1569845280857788,facebook,https://www.facebook.com/watch?v=1415912760740883,1415912760740883,"Hà Nội sáng 17/9: Cập nhật các điểm ngập, người đi làm cần lưu ý
Hà Nội sáng 17/9 tiếp tục có mưa lớn, nguy cơ úng ngập tại một số khu vực. Cập nhật các tuyến đường, điểm ngập đáng chú ý để người dân chủ động lựa chọn lộ trình trong giờ cao điểm.

Tạp chí Nông nghiệp và Môi trường tiếp tục cập nhật tình hình mưa lớn, ngập úng và giao thông tại Hà Nội.

👉 Theo dõi Tạp chí Nông nghiệp và Môi trường để cập nhật nhanh các thông tin thời tiết, môi trường và đời sống.
#HaNoi #NgapHaNoi #MuaLon #NgapUng #GiaoThongHaNoi #HaNoiSangNay #ThoiTietHaNoi #TapChiNongNghiepVaMoiTruong",(20+) Video,2026-09-16T23:28:24.000Z,2026-09-16T23:28:24+00:00,Chắc ký sư chúng ta mải đi ăn bò vàng rồi,top_level,,1569845280857788,0,"Thứ Năm, 17 Tháng 9, 2026 lúc 20:17",2026-09-17T20:17:00+07:00,0,a1f33a05b88dc4d998a8d44a3cafb707234e88d9,"transport_impact,hanoi_location",0,0,facebook_20260925_0325,baseline_20260925_032543,2026-09-25T10:46:52.779968+07:00
facebook_c_1584167783508415,facebook,https://www.facebook.com/watch?v=1415912760740883,1415912760740883,"Hà Nội sáng 17/9: Cập nhật các điểm ngập, người đi làm cần lưu ý
Hà Nội sáng 17/9 tiếp tục có mưa lớn, nguy cơ úng ngập tại một số khu vực. Cập nhật các tuyến đường, điểm ngập đáng chú ý để người dân chủ động lựa chọn lộ trình trong giờ cao điểm.

Tạp chí Nông nghiệp và Môi trường tiếp tục cập nhật tình hình mưa lớn, ngập úng và giao thông tại Hà Nội.

👉 Theo dõi Tạp chí Nông nghiệp và Môi trường để cập nhật nhanh các thông tin thời tiết, môi trường và đời sống.
#HaNoi #NgapHaNoi #MuaLon #NgapUng #GiaoThongHaNoi #HaNoiSangNay #ThoiTietHaNoi #TapChiNongNghiepVaMoiTruong",(20+) Video,2026-09-16T23:28:24.000Z,2026-09-16T23:28:24+00:00,DỀNH nên em chưa ăn cơm à?,top_level,,1584167783508415,0,"Thứ Năm, 17 Tháng 9, 2026 lúc 16:04",2026-09-17T16:04:00+07:00,0,d4171074c2ba6b6a10d6acb04fa431e76241657a,hanoi_location,0,0,facebook_20260925_0325,baseline_20260925_032543,2026-09-25T10:46:52.734628+07:00
facebook_c_1588239389375353,facebook,https://www.facebook.com/watch?v=1415912760740883,1415912760740883,"Hà Nội sáng 17/9: Cập nhật các điểm ngập, người đi làm cần lưu ý
Hà Nội sáng 17/9 tiếp tục có mưa lớn, nguy cơ úng ngập tại một số khu vực. Cập nhật các tuyến đường, điểm ngập đáng chú ý để người dân chủ động lựa chọn lộ trình trong giờ cao điểm.

Tạp chí Nông nghiệp và Môi trường tiếp tục cập nhật tình hình mưa lớn, ngập úng và giao thông tại Hà Nội.

👉 Theo dõi Tạp chí Nông nghiệp và Môi trường để cập nhật nhanh các thông tin thời tiết, môi trường và đời sống.
#HaNoi #NgapHaNoi #MuaLon #NgapUng #GiaoThongHaNoi #HaNoiSangNay #ThoiTietHaNoi #TapChiNongNghiepVaMoiTruong",(20+) Video,2026-09-16T23:28:24.000Z,2026-09-16T23:28:24+00:00,Ở đâu vậy,top_level,,1588239389375353,0,"Thứ Năm, 17 Tháng 9, 2026 lúc 12:02",2026-09-17T12:02:00+07:00,0,7c3cce106f55baa5c76fa61060930ac69dd7d3e2,,0,0,facebook_20260925_0325,baseline_20260925_032543,2026-09-25T10:46:52.747178+07:00
facebook_c_1595084078983307,facebook,https://www.facebook.com/watch?v=1415912760740883,1415912760740883,"Hà Nội sáng 17/9: Cập nhật các điểm ngập, người đi làm cần lưu ý
Hà Nội sáng 17/9 tiếp tục có mưa lớn, nguy cơ úng ngập tại một số khu vực. Cập nhật các tuyến đường, điểm ngập đáng chú ý để người dân chủ động lựa chọn lộ trình trong giờ cao điểm.

Tạp chí Nông nghiệp và Môi trường tiếp tục cập nhật tình hình mưa lớn, ngập úng và giao thông tại Hà Nội.

👉 Theo dõi Tạp chí Nông nghiệp và Môi trường để cập nhật nhanh các thông tin thời tiết, môi trường và đời sống.
#HaNoi #NgapHaNoi #MuaLon #NgapUng #GiaoThongHaNoi #HaNoiSangNay #ThoiTietHaNoi #TapChiNongNghiepVaMoiTruong",(20+) Video,2026-09-16T23:28:24.000Z,2026-09-16T23:28:24+00:00,Thằng Dềnh có phản biện gì không.!!!,top_level,,1595084078983307,0,"Thứ Năm, 17 Tháng 9, 2026 lúc 13:12",2026-09-17T13:12:00+07:00,0,80b01c78dd9f7905bebdddf97df5458c79f96be5,hanoi_location,0,0,facebook_20260925_0325,baseline_20260925_032543,2026-09-25T10:46:52.761242+07:00
facebook_c_1597080045422871,facebook,https://www.facebook.com/watch?v=1415912760740883,1415912760740883,"Hà Nội sáng 17/9: Cập nhật các điểm ngập, người đi làm cần lưu ý
Hà Nội sáng 17/9 tiếp tục có mưa lớn, nguy cơ úng ngập tại một số khu vực. Cập nhật các tuyến đường, điểm ngập đáng chú ý để người dân chủ động lựa chọn lộ trình trong giờ cao điểm.

Tạp chí Nông nghiệp và Môi trường tiếp tục cập nhật tình hình mưa lớn, ngập úng và giao thông tại Hà Nội.

👉 Theo dõi Tạp chí Nông nghiệp và Môi trường để cập nhật nhanh các thông tin thời tiết, môi trường và đời sống.
#HaNoi #NgapHaNoi #MuaLon #NgapUng #GiaoThongHaNoi #HaNoiSangNay #ThoiTietHaNoi #TapChiNongNghiepVaMoiTruong",(20+) Video,2026-09-16T23:28:24.000Z,2026-09-16T23:28:24+00:00,Hà Nội gặp thượng xuyên là o tránh được những mục độ gấp o bảng trung quốc ..,top_level,,1597080045422871,0,"Thứ Năm, 17 Tháng 9, 2026 lúc 14:18",2026-09-17T14:18:00+07:00,0,656c3db3683ad00a673c20f6abeef8d34b9d7ec0,hanoi_location,0,0,facebook_20260925_0325,baseline_20260925_032543,2026-09-25T10:46:52.760231+07:00
facebook_c_1599882428296495,facebook,https://www.facebook.com/watch?v=1415912760740883,1415912760740883,"Hà Nội sáng 17/9: Cập nhật các điểm ngập, người đi làm cần lưu ý
Hà Nội sáng 17/9 tiếp tục có mưa lớn, nguy cơ úng ngập tại một số khu vực. Cập nhật các tuyến đường, điểm ngập đáng chú ý để người dân chủ động lựa chọn lộ trình trong giờ cao điểm.

Tạp chí Nông nghiệp và Môi trường tiếp tục cập nhật tình hình mưa lớn, ngập úng và giao thông tại Hà Nội.

👉 Theo dõi Tạp chí Nông nghiệp và Môi trường để cập nhật nhanh các thông tin thời tiết, môi trường và đời sống.
#HaNoi #NgapHaNoi #MuaLon #NgapUng #GiaoThongHaNoi #HaNoiSangNay #ThoiTietHaNoi #TapChiNongNghiepVaMoiTruong",(20+) Video,2026-09-16T23:28:24.000Z,2026-09-16T23:28:24+00:00,Nuoc bi rềnh day ko ngập dau,top_level,,1599882428296495,0,"Thứ Năm, 17 Tháng 9, 2026 lúc 10:39",2026-09-17T10:39:00+07:00,0,f65f977d600aac96e480c6c32d5cfa893385a5f9,flood_state,0,0,facebook_20260925_0325,baseline_20260925_032543,2026-09-25T10:46:52.790130+07:00
facebook_c_1602159834901783,facebook,https://www.facebook.com/watch?v=1415912760740883,1415912760740883,"Hà Nội sáng 17/9: Cập nhật các điểm ngập, người đi làm cần lưu ý
Hà Nội sáng 17/9 tiếp tục có mưa lớn, nguy cơ úng ngập tại một số khu vực. Cập nhật các tuyến đường, điểm ngập đáng chú ý để người dân chủ động lựa chọn lộ trình trong giờ cao điểm.

Tạp chí Nông nghiệp và Môi trường tiếp tục cập nhật tình hình mưa lớn, ngập úng và giao thông tại Hà Nội.

👉 Theo dõi Tạp chí Nông nghiệp và Môi trường để cập nhật nhanh các thông tin thời tiết, môi trường và đời sống.
#HaNoi #NgapHaNoi #MuaLon #NgapUng #GiaoThongHaNoi #HaNoiSangNay #ThoiTietHaNoi #TapChiNongNghiepVaMoiTruong",(20+) Video,2026-09-16T23:28:24.000Z,2026-09-16T23:28:24+00:00,Rất tốt,top_level,,1602159834901783,0,"Thứ Năm, 17 Tháng 9, 2026 lúc 17:50",2026-09-17T17:50:00+07:00,0,0153433819c9709c8855b6276f3848a9529ce5fd,,0,0,facebook_20260925_0325,baseline_20260925_032543,2026-09-25T10:46:52.780970+07:00
facebook_c_1602880267969661,facebook,https://www.facebook.com/watch?v=1415912760740883,1415912760740883,"Hà Nội sáng 17/9: Cập nhật các điểm ngập, người đi làm cần lưu ý
Hà Nội sáng 17/9 tiếp tục có mưa lớn, nguy cơ úng ngập tại một số khu vực. Cập nhật các tuyến đường, điểm ngập đáng chú ý để người dân chủ động lựa chọn lộ trình trong giờ cao điểm.

Tạp chí Nông nghiệp và Môi trường tiếp tục cập nhật tình hình mưa lớn, ngập úng và giao thông tại Hà Nội.

👉 Theo dõi Tạp chí Nông nghiệp và Môi trường để cập nhật nhanh các thông tin thời tiết, môi trường và đời sống.
#HaNoi #NgapHaNoi #MuaLon #NgapUng #GiaoThongHaNoi #HaNoiSangNay #ThoiTietHaNoi #TapChiNongNghiepVaMoiTruong",(20+) Video,2026-09-16T23:28:24.000Z,2026-09-16T23:28:24+00:00,"No an gi ma no ng.. U ...the  chu .nay ma song voi cau e thi cau e mang cho xuat  ngay ve que e no chui cho ..tai sao KHONG CO DUC .KHONG CO TAI ....MA LAI NGOI CHEM CHE O GHE AY . ..TRONG CHINH PHU LANH DAO HAN HOI ....CHI THUONG VO CUNG THUONG NHUNG NGUOI DAN ..*""PHAI BOI QUA CUT DAI .CONG RANH DANG LEN CAO MOI BOI VE DEN NHA *"" KHO OI LA KHO.....NGUOI DAN THAP CO BE HONG BIET KEU THAU TROI CUNG AI..""*NEN NHO SE CHET VI LUOI TROI *""...",top_level,,1602880267969661,0,"Thứ Năm, 17 Tháng 9, 2026 lúc 21:25",2026-09-17T21:25:00+07:00,0,8ad8e103fdba3295564d038ecf037eb5232788db,"transport_impact,hanoi_location",0,0,facebook_20260925_0325,baseline_20260925_032543,2026-09-25T10:46:52.771819+07:00
facebook_c_1604410204415732,facebook,https://www.facebook.com/watch?v=1415912760740883,1415912760740883,"Hà Nội sáng 17/9: Cập nhật các điểm ngập, người đi làm cần lưu ý
Hà Nội sáng 17/9 tiếp tục có mưa lớn, nguy cơ úng ngập tại một số khu vực. Cập nhật các tuyến đường, điểm ngập đáng chú ý để người dân chủ động lựa chọn lộ trình trong giờ cao điểm.

Tạp chí Nông nghiệp và Môi trường tiếp tục cập nhật tình hình mưa lớn, ngập úng và giao thông tại Hà Nội.

👉 Theo dõi Tạp chí Nông nghiệp và Môi trường để cập nhật nhanh các thông tin thời tiết, môi trường và đời sống.
#HaNoi #NgapHaNoi #MuaLon #NgapUng #GiaoThongHaNoi #HaNoiSangNay #ThoiTietHaNoi #TapChiNongNghiepVaMoiTruong",(20+) Video,2026-09-16T23:28:24.000Z,2026-09-16T23:28:24+00:00,Hà nội cũng có biển,top_level,,1604410204415732,0,"Thứ Năm, 17 Tháng 9, 2026 lúc 13:46",2026-09-17T13:46:00+07:00,0,32306a36b677e3cbde2c733eeb430e64094acace,hanoi_location,0,0,facebook_20260925_0325,baseline_20260925_032543,2026-09-25T10:46:52.729113+07:00
facebook_c_1606833287740656,facebook,https://www.facebook.com/watch?v=1415912760740883,1415912760740883,"Hà Nội sáng 17/9: Cập nhật các điểm ngập, người đi làm cần lưu ý
Hà Nội sáng 17/9 tiếp tục có mưa lớn, nguy cơ úng ngập tại một số khu vực. Cập nhật các tuyến đường, điểm ngập đáng chú ý để người dân chủ động lựa chọn lộ trình trong giờ cao điểm.

Tạp chí Nông nghiệp và Môi trường tiếp tục cập nhật tình hình mưa lớn, ngập úng và giao thông tại Hà Nội.

👉 Theo dõi Tạp chí Nông nghiệp và Môi trường để cập nhật nhanh các thông tin thời tiết, môi trường và đời sống.
#HaNoi #NgapHaNoi #MuaLon #NgapUng #GiaoThongHaNoi #HaNoiSangNay #ThoiTietHaNoi #TapChiNongNghiepVaMoiTruong",(20+) Video,2026-09-16T23:28:24.000Z,2026-09-16T23:28:24+00:00,Hà Nội đẹp quá hà nội ơi!,top_level,,1606833287740656,0,"Thứ Năm, 17 Tháng 9, 2026 lúc 14:49",2026-09-17T14:49:00+07:00,0,82f74d20f265256a10afa7763b6440e84eb9a195,hanoi_location,0,0,facebook_20260925_0325,baseline_20260925_032543,2026-09-25T10:46:52.705276+07:00
facebook_c_1610809053877638,facebook,https://www.facebook.com/watch?v=1415912760740883,1415912760740883,"Hà Nội sáng 17/9: Cập nhật các điểm ngập, người đi làm cần lưu ý
Hà Nội sáng 17/9 tiếp tục có mưa lớn, nguy cơ úng ngập tại một số khu vực. Cập nhật các tuyến đường, điểm ngập đáng chú ý để người dân chủ động lựa chọn lộ trình trong giờ cao điểm.

Tạp chí Nông nghiệp và Môi trường tiếp tục cập nhật tình hình mưa lớn, ngập úng và giao thông tại Hà Nội.

👉 Theo dõi Tạp chí Nông nghiệp và Môi trường để cập nhật nhanh các thông tin thời tiết, môi trường và đời sống.
#HaNoi #NgapHaNoi #MuaLon #NgapUng #GiaoThongHaNoi #HaNoiSangNay #ThoiTietHaNoi #TapChiNongNghiepVaMoiTruong",(20+) Video,2026-09-16T23:28:24.000Z,2026-09-16T23:28:24+00:00,Vất vả cho nguòi  tham gia giao thông,top_level,,1610809053877638,0,"Thứ Năm, 17 Tháng 9, 2026 lúc 12:06",2026-09-17T12:06:00+07:00,0,64b9b7ffbafcd5879cfa25cf6acdbc64715b2d02,transport_impact,0,0,facebook_20260925_0325,baseline_20260925_032543,2026-09-25T10:46:52.716959+07:00
facebook_c_1613736830470729,facebook,https://www.facebook.com/watch?v=1415912760740883,1415912760740883,"Hà Nội sáng 17/9: Cập nhật các điểm ngập, người đi làm cần lưu ý
Hà Nội sáng 17/9 tiếp tục có mưa lớn, nguy cơ úng ngập tại một số khu vực. Cập nhật các tuyến đường, điểm ngập đáng chú ý để người dân chủ động lựa chọn lộ trình trong giờ cao điểm.

Tạp chí Nông nghiệp và Môi trường tiếp tục cập nhật tình hình mưa lớn, ngập úng và giao thông tại Hà Nội.

👉 Theo dõi Tạp chí Nông nghiệp và Môi trường để cập nhật nhanh các thông tin thời tiết, môi trường và đời sống.
#HaNoi #NgapHaNoi #MuaLon #NgapUng #GiaoThongHaNoi #HaNoiSangNay #ThoiTietHaNoi #TapChiNongNghiepVaMoiTruong",(20+) Video,2026-09-16T23:28:24.000Z,2026-09-16T23:28:24+00:00,Khôn ngoan k lại dc với ô zời,top_level,,1613736830470729,0,"Thứ Năm, 17 Tháng 9, 2026 lúc 12:46",2026-09-17T12:46:00+07:00,0,2436a94ad851c681fb52e9422bae05721ab18d97,hanoi_location,0,0,facebook_20260925_0325,baseline_20260925_032543,2026-09-25T10:46:52.738151+07:00
facebook_c_1614603916825443,facebook,https://www.facebook.com/watch?v=1415912760740883,1415912760740883,"Hà Nội sáng 17/9: Cập nhật các điểm ngập, người đi làm cần lưu ý
Hà Nội sáng 17/9 tiếp tục có mưa lớn, nguy cơ úng ngập tại một số khu vực. Cập nhật các tuyến đường, điểm ngập đáng chú ý để người dân chủ động lựa chọn lộ trình trong giờ cao điểm.

Tạp chí Nông nghiệp và Môi trường tiếp tục cập nhật tình hình mưa lớn, ngập úng và giao thông tại Hà Nội.

👉 Theo dõi Tạp chí Nông nghiệp và Môi trường để cập nhật nhanh các thông tin thời tiết, môi trường và đời sống.
#HaNoi #NgapHaNoi #MuaLon #NgapUng #GiaoThongHaNoi #HaNoiSangNay #ThoiTietHaNoi #TapChiNongNghiepVaMoiTruong",(20+) Video,2026-09-16T23:28:24.000Z,2026-09-16T23:28:24+00:00,Theo từ Hán Việt Hà là sông nước nổi là nội tâm của con người tóm lại theo đúng nghĩa của Hán Việt thành phố của sông nước mưa phải thành sông mới là Hà Nội,top_level,,1614603916825443,0,"Thứ Năm, 17 Tháng 9, 2026 lúc 20:54",2026-09-17T20:54:00+07:00,0,1bde8413b84369712f2f136389da86695cc59e0b,hanoi_location,0,0,facebook_20260925_0325,baseline_20260925_032543,2026-09-25T10:46:52.764230+07:00
facebook_c_1621120126309057,facebook,https://www.facebook.com/watch?v=1415912760740883,1415912760740883,"Hà Nội sáng 17/9: Cập nhật các điểm ngập, người đi làm cần lưu ý
Hà Nội sáng 17/9 tiếp tục có mưa lớn, nguy cơ úng ngập tại một số khu vực. Cập nhật các tuyến đường, điểm ngập đáng chú ý để người dân chủ động lựa chọn lộ trình trong giờ cao điểm.

Tạp chí Nông nghiệp và Môi trường tiếp tục cập nhật tình hình mưa lớn, ngập úng và giao thông tại Hà Nội.

👉 Theo dõi Tạp chí Nông nghiệp và Môi trường để cập nhật nhanh các thông tin thời tiết, môi trường và đời sống.
#HaNoi #NgapHaNoi #MuaLon #NgapUng #GiaoThongHaNoi #HaNoiSangNay #ThoiTietHaNoi #TapChiNongNghiepVaMoiTruong",(20+) Video,2026-09-16T23:28:24.000Z,2026-09-16T23:28:24+00:00,nhân bất học bất trí lý.  ha noi.  rồng thần mệnh danh hồi long nghịch thuỷ.  ( biệt danh thanh long ). ngày sưa bị ngăn cản thầy mo thầy mẹt.  hiên hiện là thầy phù thuỷ.  phù là chi.  phù là ng mọng nước da mọng. thân thể chưa chất thải. thuỷ là nước nước.  ( thầy phù thuỷ. ) giúp nước ích nhà đâu phải hại ai).  ở việt nam ta. có bao nhiêu bậc tiền sử mang dòng họ khổng.  khổng đồng tử.  khổng minh không thiền sư  riêng không lộ. ( ồ khổng tử là vị thánh nhân lào đây. ở đền quáng thánh có phải là ngài khổng tử. mà thờ phượng ngài. ).  thời chiến quốc cũng có ng tiền sử khổng khấu ng nước nỗ. ( về sau ngài đi đâu về đâu đến lại cho trần thế đích thân ngài ký sự ). đức không tử ngài viết ra kinh sử để lại cho hậu thế. tất tần tuốc. mà ngài nhẵn gửi cho nhân loại.  ( đức năng thắng số ). liệu ngài còn tồn đọng linh hồn ngài ở trong vũ trụ bao la này k.  nhìn lên bầu trời xanh thẳm ngài là vì sao lào đây. chuyện hư cấu tan quốc diễn nghĩa có ngài xuất thế mang dòng họ khổng minh không biệt hiệu ra cát lường ngài biết nhìn sao trời như linh hồn ngài số phận đến ngày hồi hương chở lại nơi đâu.   mà ng trần tục phải đi tìm nhiệm số bài toán siêu phương trình ân số.   đa ly sa sa ng ấy.,top_level,,1621120126309057,0,"Thứ Năm, 17 Tháng 9, 2026 lúc 14:25",2026-09-17T14:25:00+07:00,0,3956eed4839b9f4dedd0da001c63a79eb685a06e,"transport_impact,hanoi_location",0,0,facebook_20260925_0325,baseline_20260925_032543,2026-09-25T10:46:52.785972+07:00
facebook_c_1621663609399481,facebook,https://www.facebook.com/watch?v=1415912760740883,1415912760740883,"Hà Nội sáng 17/9: Cập nhật các điểm ngập, người đi làm cần lưu ý
Hà Nội sáng 17/9 tiếp tục có mưa lớn, nguy cơ úng ngập tại một số khu vực. Cập nhật các tuyến đường, điểm ngập đáng chú ý để người dân chủ động lựa chọn lộ trình trong giờ cao điểm.

Tạp chí Nông nghiệp và Môi trường tiếp tục cập nhật tình hình mưa lớn, ngập úng và giao thông tại Hà Nội.

👉 Theo dõi Tạp chí Nông nghiệp và Môi trường để cập nhật nhanh các thông tin thời tiết, môi trường và đời sống.
#HaNoi #NgapHaNoi #MuaLon #NgapUng #GiaoThongHaNoi #HaNoiSangNay #ThoiTietHaNoi #TapChiNongNghiepVaMoiTruong",(20+) Video,2026-09-16T23:28:24.000Z,2026-09-16T23:28:24+00:00,Cả thành phố là cái hồ bơi miễn phí vào mùa mưa,top_level,,1621663609399481,0,"Thứ Năm, 17 Tháng 9, 2026 lúc 12:08",2026-09-17T12:08:00+07:00,0,fc5807bc5085826b4faa5b818d1816599b978b28,hanoi_location,0,0,facebook_20260925_0325,baseline_20260925_032543,2026-09-25T10:46:52.730111+07:00
facebook_c_1626510118861190,facebook,https://www.facebook.com/watch?v=1415912760740883,1415912760740883,"Hà Nội sáng 17/9: Cập nhật các điểm ngập, người đi làm cần lưu ý
Hà Nội sáng 17/9 tiếp tục có mưa lớn, nguy cơ úng ngập tại một số khu vực. Cập nhật các tuyến đường, điểm ngập đáng chú ý để người dân chủ động lựa chọn lộ trình trong giờ cao điểm.

Tạp chí Nông nghiệp và Môi trường tiếp tục cập nhật tình hình mưa lớn, ngập úng và giao thông tại Hà Nội.

👉 Theo dõi Tạp chí Nông nghiệp và Môi trường để cập nhật nhanh các thông tin thời tiết, môi trường và đời sống.
#HaNoi #NgapHaNoi #MuaLon #NgapUng #GiaoThongHaNoi #HaNoiSangNay #ThoiTietHaNoi #TapChiNongNghiepVaMoiTruong",(20+) Video,2026-09-16T23:28:24.000Z,2026-09-16T23:28:24+00:00,Nó đang vươn mình đấy bác nói thế,top_level,,1626510118861190,0,"Thứ Năm, 17 Tháng 9, 2026 lúc 13:51",2026-09-17T13:51:00+07:00,0,0fdef76bfed6964bd769b05abf4f353226697968,hanoi_location,0,0,facebook_20260925_0325,baseline_20260925_032543,2026-09-25T10:46:52.755234+07:00
facebook_c_1634833641599936,facebook,https://www.facebook.com/watch?v=1415912760740883,1415912760740883,"Hà Nội sáng 17/9: Cập nhật các điểm ngập, người đi làm cần lưu ý
Hà Nội sáng 17/9 tiếp tục có mưa lớn, nguy cơ úng ngập tại một số khu vực. Cập nhật các tuyến đường, điểm ngập đáng chú ý để người dân chủ động lựa chọn lộ trình trong giờ cao điểm.

Tạp chí Nông nghiệp và Môi trường tiếp tục cập nhật tình hình mưa lớn, ngập úng và giao thông tại Hà Nội.

👉 Theo dõi Tạp chí Nông nghiệp và Môi trường để cập nhật nhanh các thông tin thời tiết, môi trường và đời sống.
#HaNoi #NgapHaNoi #MuaLon #NgapUng #GiaoThongHaNoi #HaNoiSangNay #ThoiTietHaNoi #TapChiNongNghiepVaMoiTruong",(20+) Video,2026-09-16T23:28:24.000Z,2026-09-16T23:28:24+00:00,Chỉ là nước dềnh thôi!,top_level,,1634833641599936,0,"Thứ Năm, 17 Tháng 9, 2026 lúc 10:27",2026-09-17T10:27:00+07:00,0,fdb1073c7b88469235bcbc5d5064e062254806e9,,0,0,facebook_20260925_0325,baseline_20260925_032543,2026-09-25T10:46:52.718968+07:00
facebook_c_1643964890490056,facebook,https://www.facebook.com/watch?v=1415912760740883,1415912760740883,"Hà Nội sáng 17/9: Cập nhật các điểm ngập, người đi làm cần lưu ý
Hà Nội sáng 17/9 tiếp tục có mưa lớn, nguy cơ úng ngập tại một số khu vực. Cập nhật các tuyến đường, điểm ngập đáng chú ý để người dân chủ động lựa chọn lộ trình trong giờ cao điểm.

Tạp chí Nông nghiệp và Môi trường tiếp tục cập nhật tình hình mưa lớn, ngập úng và giao thông tại Hà Nội.

👉 Theo dõi Tạp chí Nông nghiệp và Môi trường để cập nhật nhanh các thông tin thời tiết, môi trường và đời sống.
#HaNoi #NgapHaNoi #MuaLon #NgapUng #GiaoThongHaNoi #HaNoiSangNay #ThoiTietHaNoi #TapChiNongNghiepVaMoiTruong",(20+) Video,2026-09-16T23:28:24.000Z,2026-09-16T23:28:24+00:00,cái này phải bảo bọn cướp ngày nộ mặt da nhé,top_level,,1643964890490056,0,"Thứ Năm, 17 Tháng 9, 2026 lúc 10:05",2026-09-17T10:05:00+07:00,0,59316d8edd48347598f0b356fc1863d986371522,hanoi_location,0,0,facebook_20260925_0325,baseline_20260925_032543,2026-09-25T10:46:52.720971+07:00
facebook_c_1652135649614083,facebook,https://www.facebook.com/watch?v=1415912760740883,1415912760740883,"Hà Nội sáng 17/9: Cập nhật các điểm ngập, người đi làm cần lưu ý
Hà Nội sáng 17/9 tiếp tục có mưa lớn, nguy cơ úng ngập tại một số khu vực. Cập nhật các tuyến đường, điểm ngập đáng chú ý để người dân chủ động lựa chọn lộ trình trong giờ cao điểm.

Tạp chí Nông nghiệp và Môi trường tiếp tục cập nhật tình hình mưa lớn, ngập úng và giao thông tại Hà Nội.

👉 Theo dõi Tạp chí Nông nghiệp và Môi trường để cập nhật nhanh các thông tin thời tiết, môi trường và đời sống.
#HaNoi #NgapHaNoi #MuaLon #NgapUng #GiaoThongHaNoi #HaNoiSangNay #ThoiTietHaNoi #TapChiNongNghiepVaMoiTruong",(20+) Video,2026-09-16T23:28:24.000Z,2026-09-16T23:28:24+00:00,Nhà mình còn mất hết cá rồi l,top_level,,1652135649614083,0,"Thứ Sáu, 18 Tháng 9, 2026 lúc 01:05",2026-09-18T01:05:00+07:00,0,d37dc41d37bf6f2293749273cab93b985a4058bc,hanoi_location,0,0,facebook_20260925_0325,baseline_20260925_032543,2026-09-25T10:46:52.769817+07:00
facebook_c_1655479182584770,facebook,https://www.facebook.com/watch?v=1415912760740883,1415912760740883,"Hà Nội sáng 17/9: Cập nhật các điểm ngập, người đi làm cần lưu ý
Hà Nội sáng 17/9 tiếp tục có mưa lớn, nguy cơ úng ngập tại một số khu vực. Cập nhật các tuyến đường, điểm ngập đáng chú ý để người dân chủ động lựa chọn lộ trình trong giờ cao điểm.

Tạp chí Nông nghiệp và Môi trường tiếp tục cập nhật tình hình mưa lớn, ngập úng và giao thông tại Hà Nội.

👉 Theo dõi Tạp chí Nông nghiệp và Môi trường để cập nhật nhanh các thông tin thời tiết, môi trường và đời sống.
#HaNoi #NgapHaNoi #MuaLon #NgapUng #GiaoThongHaNoi #HaNoiSangNay #ThoiTietHaNoi #TapChiNongNghiepVaMoiTruong",(20+) Video,2026-09-16T23:28:24.000Z,2026-09-16T23:28:24+00:00,Tạnh rồi ko biết qua đêm có rút cạn nước ko nhỉ,top_level,,1655479182584770,0,"Thứ Năm, 17 Tháng 9, 2026 lúc 21:07",2026-09-17T21:07:00+07:00,0,760181ecdb360fd57aa1dc273d91cb39ebb4ad7d,hanoi_location,0,0,facebook_20260925_0325,baseline_20260925_032543,2026-09-25T10:46:52.748181+07:00
facebook_c_1678134560510334,facebook,https://www.facebook.com/watch?v=1415912760740883,1415912760740883,"Hà Nội sáng 17/9: Cập nhật các điểm ngập, người đi làm cần lưu ý
Hà Nội sáng 17/9 tiếp tục có mưa lớn, nguy cơ úng ngập tại một số khu vực. Cập nhật các tuyến đường, điểm ngập đáng chú ý để người dân chủ động lựa chọn lộ trình trong giờ cao điểm.

Tạp chí Nông nghiệp và Môi trường tiếp tục cập nhật tình hình mưa lớn, ngập úng và giao thông tại Hà Nội.

👉 Theo dõi Tạp chí Nông nghiệp và Môi trường để cập nhật nhanh các thông tin thời tiết, môi trường và đời sống.
#HaNoi #NgapHaNoi #MuaLon #NgapUng #GiaoThongHaNoi #HaNoiSangNay #ThoiTietHaNoi #TapChiNongNghiepVaMoiTruong",(20+) Video,2026-09-16T23:28:24.000Z,2026-09-16T23:28:24+00:00,Đợt mưa này nước dềnh ghê quá,top_level,,1678134560510334,0,"Thứ Năm, 17 Tháng 9, 2026 lúc 07:42",2026-09-17T07:42:00+07:00,0,369badd8f5a393df69830b4c6a7590ec26fe52dd,,0,0,facebook_20260925_0325,baseline_20260925_032543,2026-09-25T10:46:52.693492+07:00
facebook_c_1408544067913405,facebook,https://www.facebook.com/watch?v=1415912760740883,1415912760740883,"Hà Nội sáng 17/9: Cập nhật các điểm ngập, người đi làm cần lưu ý
Hà Nội sáng 17/9 tiếp tục có mưa lớn, nguy cơ úng ngập tại một số khu vực. Cập nhật các tuyến đường, điểm ngập đáng chú ý để người dân chủ động lựa chọn lộ trình trong giờ cao điểm.

Tạp chí Nông nghiệp và Môi trường tiếp tục cập nhật tình hình mưa lớn, ngập úng và giao thông tại Hà Nội.

👉 Theo dõi Tạp chí Nông nghiệp và Môi trường để cập nhật nhanh các thông tin thời tiết, môi trường và đời sống.
#HaNoi #NgapHaNoi #MuaLon #NgapUng #GiaoThongHaNoi #HaNoiSangNay #ThoiTietHaNoi #TapChiNongNghiepVaMoiTruong",(20+) Video,2026-09-16T23:28:24.000Z,2026-09-16T23:28:24+00:00,Dũng Phan,reply,1678134560510334,1678134560510334,1,"Thứ Năm, 17 Tháng 9, 2026 lúc 14:21",2026-09-17T14:21:00+07:00,0,,hanoi_location,0,0,facebook_20260925_0325,baseline_20260925_032543,2026-09-25T10:46:52.696496+07:00
facebook_c_1069519359007050,facebook,https://www.facebook.com/watch?v=1415912760740883,1415912760740883,"Hà Nội sáng 17/9: Cập nhật các điểm ngập, người đi làm cần lưu ý
Hà Nội sáng 17/9 tiếp tục có mưa lớn, nguy cơ úng ngập tại một số khu vực. Cập nhật các tuyến đường, điểm ngập đáng chú ý để người dân chủ động lựa chọn lộ trình trong giờ cao điểm.

Tạp chí Nông nghiệp và Môi trường tiếp tục cập nhật tình hình mưa lớn, ngập úng và giao thông tại Hà Nội.

👉 Theo dõi Tạp chí Nông nghiệp và Môi trường để cập nhật nhanh các thông tin thời tiết, môi trường và đời sống.
#HaNoi #NgapHaNoi #MuaLon #NgapUng #GiaoThongHaNoi #HaNoiSangNay #ThoiTietHaNoi #TapChiNongNghiepVaMoiTruong",(20+) Video,2026-09-16T23:28:24.000Z,2026-09-16T23:28:24+00:00,Dũng Phan dềnh to vãi,reply,1678134560510334,1678134560510334,1,"Thứ Năm, 17 Tháng 9, 2026 lúc 13:21",2026-09-17T13:21:00+07:00,0,,hanoi_location,0,0,facebook_20260925_0325,baseline_20260925_032543,2026-09-25T10:46:52.697789+07:00
facebook_c_1683512952713637,facebook,https://www.facebook.com/watch?v=1415912760740883,1415912760740883,"Hà Nội sáng 17/9: Cập nhật các điểm ngập, người đi làm cần lưu ý
Hà Nội sáng 17/9 tiếp tục có mưa lớn, nguy cơ úng ngập tại một số khu vực. Cập nhật các tuyến đường, điểm ngập đáng chú ý để người dân chủ động lựa chọn lộ trình trong giờ cao điểm.

Tạp chí Nông nghiệp và Môi trường tiếp tục cập nhật tình hình mưa lớn, ngập úng và giao thông tại Hà Nội.

👉 Theo dõi Tạp chí Nông nghiệp và Môi trường để cập nhật nhanh các thông tin thời tiết, môi trường và đời sống.
#HaNoi #NgapHaNoi #MuaLon #NgapUng #GiaoThongHaNoi #HaNoiSangNay #ThoiTietHaNoi #TapChiNongNghiepVaMoiTruong",(20+) Video,2026-09-16T23:28:24.000Z,2026-09-16T23:28:24+00:00,Tầm nhìn 100 năm của ô a mình chán thế,top_level,,1683512952713637,0,"Thứ Năm, 17 Tháng 9, 2026 lúc 11:49",2026-09-17T11:49:00+07:00,0,4e2625b4c660991bed652ad62fe8f14a61c8863d,hanoi_location,0,0,facebook_20260925_0325,baseline_20260925_032543,2026-09-25T10:46:52.712798+07:00
facebook_c_1683539900129390,facebook,https://www.facebook.com/watch?v=1415912760740883,1415912760740883,"Hà Nội sáng 17/9: Cập nhật các điểm ngập, người đi làm cần lưu ý
Hà Nội sáng 17/9 tiếp tục có mưa lớn, nguy cơ úng ngập tại một số khu vực. Cập nhật các tuyến đường, điểm ngập đáng chú ý để người dân chủ động lựa chọn lộ trình trong giờ cao điểm.

Tạp chí Nông nghiệp và Môi trường tiếp tục cập nhật tình hình mưa lớn, ngập úng và giao thông tại Hà Nội.

👉 Theo dõi Tạp chí Nông nghiệp và Môi trường để cập nhật nhanh các thông tin thời tiết, môi trường và đời sống.
#HaNoi #NgapHaNoi #MuaLon #NgapUng #GiaoThongHaNoi #HaNoiSangNay #ThoiTietHaNoi #TapChiNongNghiepVaMoiTruong",(20+) Video,2026-09-16T23:28:24.000Z,2026-09-16T23:28:24+00:00,Ở Hà Nội khổ hơn nhiều về quê thôi,top_level,,1683539900129390,0,"Thứ Năm, 17 Tháng 9, 2026 lúc 09:50",2026-09-17T09:50:00+07:00,0,9a7e82b150f84e2c9c5548275a7301a71ccf684e,hanoi_location,0,0,facebook_20260925_0325,baseline_20260925_032543,2026-09-25T10:46:52.714347+07:00
facebook_c_1693503011741886,facebook,https://www.facebook.com/watch?v=1415912760740883,1415912760740883,"Hà Nội sáng 17/9: Cập nhật các điểm ngập, người đi làm cần lưu ý
Hà Nội sáng 17/9 tiếp tục có mưa lớn, nguy cơ úng ngập tại một số khu vực. Cập nhật các tuyến đường, điểm ngập đáng chú ý để người dân chủ động lựa chọn lộ trình trong giờ cao điểm.

Tạp chí Nông nghiệp và Môi trường tiếp tục cập nhật tình hình mưa lớn, ngập úng và giao thông tại Hà Nội.

👉 Theo dõi Tạp chí Nông nghiệp và Môi trường để cập nhật nhanh các thông tin thời tiết, môi trường và đời sống.
#HaNoi #NgapHaNoi #MuaLon #NgapUng #GiaoThongHaNoi #HaNoiSangNay #ThoiTietHaNoi #TapChiNongNghiepVaMoiTruong",(20+) Video,2026-09-16T23:28:24.000Z,2026-09-16T23:28:24+00:00,Cảnh đẹp hiếm có!!!! Tự hào thấy thủ đô văn hiến !!,top_level,,1693503011741886,0,"Thứ Năm, 17 Tháng 9, 2026 lúc 10:25",2026-09-17T10:25:00+07:00,0,3da4daca6abfd582f13e67c4c4536deb35ec6aa9,hanoi_location,0,0,facebook_20260925_0325,baseline_20260925_032543,2026-09-25T10:46:52.700266+07:00
facebook_c_1469923361857966,facebook,https://www.facebook.com/watch?v=1415912760740883,1415912760740883,"Hà Nội sáng 17/9: Cập nhật các điểm ngập, người đi làm cần lưu ý
Hà Nội sáng 17/9 tiếp tục có mưa lớn, nguy cơ úng ngập tại một số khu vực. Cập nhật các tuyến đường, điểm ngập đáng chú ý để người dân chủ động lựa chọn lộ trình trong giờ cao điểm.

Tạp chí Nông nghiệp và Môi trường tiếp tục cập nhật tình hình mưa lớn, ngập úng và giao thông tại Hà Nội.

👉 Theo dõi Tạp chí Nông nghiệp và Môi trường để cập nhật nhanh các thông tin thời tiết, môi trường và đời sống.
#HaNoi #NgapHaNoi #MuaLon #NgapUng #GiaoThongHaNoi #HaNoiSangNay #ThoiTietHaNoi #TapChiNongNghiepVaMoiTruong",(20+) Video,2026-09-16T23:28:24.000Z,2026-09-16T23:28:24+00:00,Duy Hiển Nguyễn vứt rác rưởi túi ny lông chặn hết cống rồi mưa to lâu trả ngập đừng cái gì cũng đổi tại chính quyền,reply,1693503011741886,1693503011741886,1,"Thứ Năm, 17 Tháng 9, 2026 lúc 15:00",2026-09-17T15:00:00+07:00,0,,"flood_state,hanoi_location",0,0,facebook_20260925_0325,baseline_20260925_032543,2026-09-25T10:46:52.704276+07:00
facebook_c_1716698399410030,facebook,https://www.facebook.com/watch?v=1415912760740883,1415912760740883,"Hà Nội sáng 17/9: Cập nhật các điểm ngập, người đi làm cần lưu ý
Hà Nội sáng 17/9 tiếp tục có mưa lớn, nguy cơ úng ngập tại một số khu vực. Cập nhật các tuyến đường, điểm ngập đáng chú ý để người dân chủ động lựa chọn lộ trình trong giờ cao điểm.

Tạp chí Nông nghiệp và Môi trường tiếp tục cập nhật tình hình mưa lớn, ngập úng và giao thông tại Hà Nội.

👉 Theo dõi Tạp chí Nông nghiệp và Môi trường để cập nhật nhanh các thông tin thời tiết, môi trường và đời sống.
#HaNoi #NgapHaNoi #MuaLon #NgapUng #GiaoThongHaNoi #HaNoiSangNay #ThoiTietHaNoi #TapChiNongNghiepVaMoiTruong",(20+) Video,2026-09-16T23:28:24.000Z,2026-09-16T23:28:24+00:00,Lại denh nước rồi,top_level,,1716698399410030,0,"Thứ Năm, 17 Tháng 9, 2026 lúc 12:17",2026-09-17T12:17:00+07:00,0,f3b9521fe97590d3fbb122ce4479e529be5b1a65,,0,0,facebook_20260925_0325,baseline_20260925_032543,2026-09-25T10:46:52.768818+07:00
facebook_c_1732484264700515,facebook,https://www.facebook.com/watch?v=1415912760740883,1415912760740883,"Hà Nội sáng 17/9: Cập nhật các điểm ngập, người đi làm cần lưu ý
Hà Nội sáng 17/9 tiếp tục có mưa lớn, nguy cơ úng ngập tại một số khu vực. Cập nhật các tuyến đường, điểm ngập đáng chú ý để người dân chủ động lựa chọn lộ trình trong giờ cao điểm.

Tạp chí Nông nghiệp và Môi trường tiếp tục cập nhật tình hình mưa lớn, ngập úng và giao thông tại Hà Nội.

👉 Theo dõi Tạp chí Nông nghiệp và Môi trường để cập nhật nhanh các thông tin thời tiết, môi trường và đời sống.
#HaNoi #NgapHaNoi #MuaLon #NgapUng #GiaoThongHaNoi #HaNoiSangNay #ThoiTietHaNoi #TapChiNongNghiepVaMoiTruong",(20+) Video,2026-09-16T23:28:24.000Z,2026-09-16T23:28:24+00:00,À lôi,top_level,,1732484264700515,0,"Thứ Năm, 17 Tháng 9, 2026 lúc 10:59",2026-09-17T10:59:00+07:00,0,81f8cba7314781bee062b430df4254956e843d8b,,0,0,facebook_20260925_0325,baseline_20260925_032543,2026-09-25T10:46:52.705276+07:00
facebook_c_1733612174420330,facebook,https://www.facebook.com/watch?v=1415912760740883,1415912760740883,"Hà Nội sáng 17/9: Cập nhật các điểm ngập, người đi làm cần lưu ý
Hà Nội sáng 17/9 tiếp tục có mưa lớn, nguy cơ úng ngập tại một số khu vực. Cập nhật các tuyến đường, điểm ngập đáng chú ý để người dân chủ động lựa chọn lộ trình trong giờ cao điểm.

Tạp chí Nông nghiệp và Môi trường tiếp tục cập nhật tình hình mưa lớn, ngập úng và giao thông tại Hà Nội.

👉 Theo dõi Tạp chí Nông nghiệp và Môi trường để cập nhật nhanh các thông tin thời tiết, môi trường và đời sống.
#HaNoi #NgapHaNoi #MuaLon #NgapUng #GiaoThongHaNoi #HaNoiSangNay #ThoiTietHaNoi #TapChiNongNghiepVaMoiTruong",(20+) Video,2026-09-16T23:28:24.000Z,2026-09-16T23:28:24+00:00,lê Văn lương kéo dài,top_level,,1733612174420330,0,"Thứ Năm, 17 Tháng 9, 2026 lúc 10:42",2026-09-17T10:42:00+07:00,0,859b312a28bdc3cb17e2da0476c4e8ff3ed75664,hanoi_location,0,0,facebook_20260925_0325,baseline_20260925_032543,2026-09-25T10:46:52.737139+07:00
facebook_c_1736031620795277,facebook,https://www.facebook.com/watch?v=1415912760740883,1415912760740883,"Hà Nội sáng 17/9: Cập nhật các điểm ngập, người đi làm cần lưu ý
Hà Nội sáng 17/9 tiếp tục có mưa lớn, nguy cơ úng ngập tại một số khu vực. Cập nhật các tuyến đường, điểm ngập đáng chú ý để người dân chủ động lựa chọn lộ trình trong giờ cao điểm.

Tạp chí Nông nghiệp và Môi trường tiếp tục cập nhật tình hình mưa lớn, ngập úng và giao thông tại Hà Nội.

👉 Theo dõi Tạp chí Nông nghiệp và Môi trường để cập nhật nhanh các thông tin thời tiết, môi trường và đời sống.
#HaNoi #NgapHaNoi #MuaLon #NgapUng #GiaoThongHaNoi #HaNoiSangNay #ThoiTietHaNoi #TapChiNongNghiepVaMoiTruong",(20+) Video,2026-09-16T23:28:24.000Z,2026-09-16T23:28:24+00:00,Dềnh nước đấy ! Chưa ngập đầu ..!,top_level,,1736031620795277,0,"Thứ Năm, 17 Tháng 9, 2026 lúc 11:34",2026-09-17T11:34:00+07:00,0,cac008eb53e8323f01a63ee041180a5324e798f5,flood_state,0,0,facebook_20260925_0325,baseline_20260925_032543,2026-09-25T10:46:52.706787+07:00
facebook_c_938437069324226,facebook,https://www.facebook.com/watch?v=1415912760740883,1415912760740883,"Hà Nội sáng 17/9: Cập nhật các điểm ngập, người đi làm cần lưu ý
Hà Nội sáng 17/9 tiếp tục có mưa lớn, nguy cơ úng ngập tại một số khu vực. Cập nhật các tuyến đường, điểm ngập đáng chú ý để người dân chủ động lựa chọn lộ trình trong giờ cao điểm.

Tạp chí Nông nghiệp và Môi trường tiếp tục cập nhật tình hình mưa lớn, ngập úng và giao thông tại Hà Nội.

👉 Theo dõi Tạp chí Nông nghiệp và Môi trường để cập nhật nhanh các thông tin thời tiết, môi trường và đời sống.
#HaNoi #NgapHaNoi #MuaLon #NgapUng #GiaoThongHaNoi #HaNoiSangNay #ThoiTietHaNoi #TapChiNongNghiepVaMoiTruong",(20+) Video,2026-09-16T23:28:24.000Z,2026-09-16T23:28:24+00:00,Quê Hương dâng nước lên cao chứ không phải là dềnh,reply,1736031620795277,1736031620795277,1,"Thứ Năm, 17 Tháng 9, 2026 lúc 13:52",2026-09-17T13:52:00+07:00,0,,hanoi_location,0,0,facebook_20260925_0325,baseline_20260925_032543,2026-09-25T10:46:52.708796+07:00
facebook_c_1802518574264136,facebook,https://www.facebook.com/watch?v=1415912760740883,1415912760740883,"Hà Nội sáng 17/9: Cập nhật các điểm ngập, người đi làm cần lưu ý
Hà Nội sáng 17/9 tiếp tục có mưa lớn, nguy cơ úng ngập tại một số khu vực. Cập nhật các tuyến đường, điểm ngập đáng chú ý để người dân chủ động lựa chọn lộ trình trong giờ cao điểm.

Tạp chí Nông nghiệp và Môi trường tiếp tục cập nhật tình hình mưa lớn, ngập úng và giao thông tại Hà Nội.

👉 Theo dõi Tạp chí Nông nghiệp và Môi trường để cập nhật nhanh các thông tin thời tiết, môi trường và đời sống.
#HaNoi #NgapHaNoi #MuaLon #NgapUng #GiaoThongHaNoi #HaNoiSangNay #ThoiTietHaNoi #TapChiNongNghiepVaMoiTruong",(20+) Video,2026-09-16T23:28:24.000Z,2026-09-16T23:28:24+00:00,"Quê Hương dâng nước chứ không phải là dềnh nhé ,",reply,1736031620795277,1736031620795277,1,"Thứ Năm, 17 Tháng 9, 2026 lúc 13:51",2026-09-17T13:51:00+07:00,0,,,0,0,facebook_20260925_0325,baseline_20260925_032543,2026-09-25T10:46:52.708796+07:00
facebook_c_1871848283780903,facebook,https://www.facebook.com/watch?v=1415912760740883,1415912760740883,"Hà Nội sáng 17/9: Cập nhật các điểm ngập, người đi làm cần lưu ý
Hà Nội sáng 17/9 tiếp tục có mưa lớn, nguy cơ úng ngập tại một số khu vực. Cập nhật các tuyến đường, điểm ngập đáng chú ý để người dân chủ động lựa chọn lộ trình trong giờ cao điểm.

Tạp chí Nông nghiệp và Môi trường tiếp tục cập nhật tình hình mưa lớn, ngập úng và giao thông tại Hà Nội.

👉 Theo dõi Tạp chí Nông nghiệp và Môi trường để cập nhật nhanh các thông tin thời tiết, môi trường và đời sống.
#HaNoi #NgapHaNoi #MuaLon #NgapUng #GiaoThongHaNoi #HaNoiSangNay #ThoiTietHaNoi #TapChiNongNghiepVaMoiTruong",(20+) Video,2026-09-16T23:28:24.000Z,2026-09-16T23:28:24+00:00,"Quê Hương biên tập viên này dùng từ sai phải theo người nào đó phải là"" dềnh"" nước mới đúng",reply,1736031620795277,1736031620795277,1,"Thứ Năm, 17 Tháng 9, 2026 lúc 12:46",2026-09-17T12:46:00+07:00,0,,hanoi_location,0,0,facebook_20260925_0325,baseline_20260925_032543,2026-09-25T10:46:52.709802+07:00
facebook_c_1737520440690576,facebook,https://www.facebook.com/watch?v=1415912760740883,1415912760740883,"Hà Nội sáng 17/9: Cập nhật các điểm ngập, người đi làm cần lưu ý
Hà Nội sáng 17/9 tiếp tục có mưa lớn, nguy cơ úng ngập tại một số khu vực. Cập nhật các tuyến đường, điểm ngập đáng chú ý để người dân chủ động lựa chọn lộ trình trong giờ cao điểm.

Tạp chí Nông nghiệp và Môi trường tiếp tục cập nhật tình hình mưa lớn, ngập úng và giao thông tại Hà Nội.

👉 Theo dõi Tạp chí Nông nghiệp và Môi trường để cập nhật nhanh các thông tin thời tiết, môi trường và đời sống.
#HaNoi #NgapHaNoi #MuaLon #NgapUng #GiaoThongHaNoi #HaNoiSangNay #ThoiTietHaNoi #TapChiNongNghiepVaMoiTruong",(20+) Video,2026-09-16T23:28:24.000Z,2026-09-16T23:28:24+00:00,"Nợ ngân hàng mình cần ra gấp 1 trong mảnh sau: 1. Đất Xuân Ninh: từ 1,2 - 1,5 tỷ/lô 80mx5,6-mặt đường 6m. 2. Đất Tân Tiến: 6,..tr/m: 1400m có 200 thổ Mt 40m đường trước đất 5m. 3. Đất Việt Yên: 150m full thổ, Mt 5m đường trước đất 5m. Giá 17tr/m 4. Đất Việt Yên 540m Mt 13m đường trước đất 5m, giá 11,5tr/m. Giá trên khi vào việc còn TL nhẹ. LH 091 2952395",top_level,,1737520440690576,0,"Thứ Năm, 17 Tháng 9, 2026 lúc 13:34",2026-09-17T13:34:00+07:00,0,41599eab4cd2537e2d1a7189df269a442f588b66,hanoi_location,0,0,facebook_20260925_0325,baseline_20260925_032543,2026-09-25T10:46:52.762234+07:00
facebook_c_1740382620564695,facebook,https://www.facebook.com/watch?v=1415912760740883,1415912760740883,"Hà Nội sáng 17/9: Cập nhật các điểm ngập, người đi làm cần lưu ý
Hà Nội sáng 17/9 tiếp tục có mưa lớn, nguy cơ úng ngập tại một số khu vực. Cập nhật các tuyến đường, điểm ngập đáng chú ý để người dân chủ động lựa chọn lộ trình trong giờ cao điểm.

Tạp chí Nông nghiệp và Môi trường tiếp tục cập nhật tình hình mưa lớn, ngập úng và giao thông tại Hà Nội.

👉 Theo dõi Tạp chí Nông nghiệp và Môi trường để cập nhật nhanh các thông tin thời tiết, môi trường và đời sống.
#HaNoi #NgapHaNoi #MuaLon #NgapUng #GiaoThongHaNoi #HaNoiSangNay #ThoiTietHaNoi #TapChiNongNghiepVaMoiTruong",(20+) Video,2026-09-16T23:28:24.000Z,2026-09-16T23:28:24+00:00,Chỉ ngập hôm mưa thôi chứ nắng có bị sao đâu,top_level,,1740382620564695,0,"Thứ Năm, 17 Tháng 9, 2026 lúc 11:52",2026-09-17T11:52:00+07:00,0,ff96f66b87b12004c9a472d78780d33fbc22414a,flood_state,0,0,facebook_20260925_0325,baseline_20260925_032543,2026-09-25T10:46:52.715407+07:00
facebook_c_1740486970555473,facebook,https://www.facebook.com/watch?v=1415912760740883,1415912760740883,"Hà Nội sáng 17/9: Cập nhật các điểm ngập, người đi làm cần lưu ý
Hà Nội sáng 17/9 tiếp tục có mưa lớn, nguy cơ úng ngập tại một số khu vực. Cập nhật các tuyến đường, điểm ngập đáng chú ý để người dân chủ động lựa chọn lộ trình trong giờ cao điểm.

Tạp chí Nông nghiệp và Môi trường tiếp tục cập nhật tình hình mưa lớn, ngập úng và giao thông tại Hà Nội.

👉 Theo dõi Tạp chí Nông nghiệp và Môi trường để cập nhật nhanh các thông tin thời tiết, môi trường và đời sống.
#HaNoi #NgapHaNoi #MuaLon #NgapUng #GiaoThongHaNoi #HaNoiSangNay #ThoiTietHaNoi #TapChiNongNghiepVaMoiTruong",(20+) Video,2026-09-16T23:28:24.000Z,2026-09-16T23:28:24+00:00,May Quá Tớ ở Hưng Yên mới không bị một giọt mưa nào luôn ý,top_level,,1740486970555473,0,"Thứ Năm, 17 Tháng 9, 2026 lúc 17:05",2026-09-17T17:05:00+07:00,0,c8b5043de3a6d8fc7fb6ead9088e1ce21579c1dc,hanoi_location,0,0,facebook_20260925_0325,baseline_20260925_032543,2026-09-25T10:46:52.763231+07:00
facebook_c_1753384829201675,facebook,https://www.facebook.com/watch?v=1415912760740883,1415912760740883,"Hà Nội sáng 17/9: Cập nhật các điểm ngập, người đi làm cần lưu ý
Hà Nội sáng 17/9 tiếp tục có mưa lớn, nguy cơ úng ngập tại một số khu vực. Cập nhật các tuyến đường, điểm ngập đáng chú ý để người dân chủ động lựa chọn lộ trình trong giờ cao điểm.

Tạp chí Nông nghiệp và Môi trường tiếp tục cập nhật tình hình mưa lớn, ngập úng và giao thông tại Hà Nội.

👉 Theo dõi Tạp chí Nông nghiệp và Môi trường để cập nhật nhanh các thông tin thời tiết, môi trường và đời sống.
#HaNoi #NgapHaNoi #MuaLon #NgapUng #GiaoThongHaNoi #HaNoiSangNay #ThoiTietHaNoi #TapChiNongNghiepVaMoiTruong",(20+) Video,2026-09-16T23:28:24.000Z,2026-09-16T23:28:24+00:00,"Khai thác hồ cho sâu xuống nếu có đất thì đap vào đường cho cao lên,",top_level,,1753384829201675,0,"Thứ Năm, 17 Tháng 9, 2026 lúc 13:32",2026-09-17T13:32:00+07:00,0,a8babc09225e2d07402060f56df65251d7dd7e21,"flood_state,hanoi_location",0,0,facebook_20260925_0325,baseline_20260925_032543,2026-09-25T10:46:52.786481+07:00
facebook_c_1754721685838490,facebook,https://www.facebook.com/watch?v=1415912760740883,1415912760740883,"Hà Nội sáng 17/9: Cập nhật các điểm ngập, người đi làm cần lưu ý
Hà Nội sáng 17/9 tiếp tục có mưa lớn, nguy cơ úng ngập tại một số khu vực. Cập nhật các tuyến đường, điểm ngập đáng chú ý để người dân chủ động lựa chọn lộ trình trong giờ cao điểm.

Tạp chí Nông nghiệp và Môi trường tiếp tục cập nhật tình hình mưa lớn, ngập úng và giao thông tại Hà Nội.

👉 Theo dõi Tạp chí Nông nghiệp và Môi trường để cập nhật nhanh các thông tin thời tiết, môi trường và đời sống.
#HaNoi #NgapHaNoi #MuaLon #NgapUng #GiaoThongHaNoi #HaNoiSangNay #ThoiTietHaNoi #TapChiNongNghiepVaMoiTruong",(20+) Video,2026-09-16T23:28:24.000Z,2026-09-16T23:28:24+00:00,"Vài năm nữa không biết ,Hà Nội  quy hoạch thế nào?làm luôn hồ bơi Sông Hồng!",top_level,,1754721685838490,0,"Thứ Năm, 17 Tháng 9, 2026 lúc 11:26",2026-09-17T11:26:00+07:00,0,5bff0e21cd4088e5f5c09a6577d358fd68a4639d,hanoi_location,0,0,facebook_20260925_0325,baseline_20260925_032543,2026-09-25T10:46:52.722996+07:00
facebook_c_1777216073535139,facebook,https://www.facebook.com/watch?v=1415912760740883,1415912760740883,"Hà Nội sáng 17/9: Cập nhật các điểm ngập, người đi làm cần lưu ý
Hà Nội sáng 17/9 tiếp tục có mưa lớn, nguy cơ úng ngập tại một số khu vực. Cập nhật các tuyến đường, điểm ngập đáng chú ý để người dân chủ động lựa chọn lộ trình trong giờ cao điểm.

Tạp chí Nông nghiệp và Môi trường tiếp tục cập nhật tình hình mưa lớn, ngập úng và giao thông tại Hà Nội.

👉 Theo dõi Tạp chí Nông nghiệp và Môi trường để cập nhật nhanh các thông tin thời tiết, môi trường và đời sống.
#HaNoi #NgapHaNoi #MuaLon #NgapUng #GiaoThongHaNoi #HaNoiSangNay #ThoiTietHaNoi #TapChiNongNghiepVaMoiTruong",(20+) Video,2026-09-16T23:28:24.000Z,2026-09-16T23:28:24+00:00,chỉ dềnh cái mồm tý thôi mà,top_level,,1777216073535139,0,"Thứ Năm, 17 Tháng 9, 2026 lúc 16:26",2026-09-17T16:26:00+07:00,0,f3a20e25a1ad03c83a0580512508a683a2ff81c8,,0,0,facebook_20260925_0325,baseline_20260925_032543,2026-09-25T10:46:52.726481+07:00
facebook_c_1786225052522251,facebook,https://www.facebook.com/watch?v=1415912760740883,1415912760740883,"Hà Nội sáng 17/9: Cập nhật các điểm ngập, người đi làm cần lưu ý
Hà Nội sáng 17/9 tiếp tục có mưa lớn, nguy cơ úng ngập tại một số khu vực. Cập nhật các tuyến đường, điểm ngập đáng chú ý để người dân chủ động lựa chọn lộ trình trong giờ cao điểm.

Tạp chí Nông nghiệp và Môi trường tiếp tục cập nhật tình hình mưa lớn, ngập úng và giao thông tại Hà Nội.

👉 Theo dõi Tạp chí Nông nghiệp và Môi trường để cập nhật nhanh các thông tin thời tiết, môi trường và đời sống.
#HaNoi #NgapHaNoi #MuaLon #NgapUng #GiaoThongHaNoi #HaNoiSangNay #ThoiTietHaNoi #TapChiNongNghiepVaMoiTruong",(20+) Video,2026-09-16T23:28:24.000Z,2026-09-16T23:28:24+00:00,Nam mô a di đà Phật,top_level,,1786225052522251,0,"Thứ Năm, 17 Tháng 9, 2026 lúc 13:31",2026-09-17T13:31:00+07:00,0,c0b02fbe1bd1720aacd37cfa6e41d12607c79bbf,,0,0,facebook_20260925_0325,baseline_20260925_032543,2026-09-25T10:46:52.786481+07:00
facebook_c_1791858262086046,facebook,https://www.facebook.com/watch?v=1415912760740883,1415912760740883,"Hà Nội sáng 17/9: Cập nhật các điểm ngập, người đi làm cần lưu ý
Hà Nội sáng 17/9 tiếp tục có mưa lớn, nguy cơ úng ngập tại một số khu vực. Cập nhật các tuyến đường, điểm ngập đáng chú ý để người dân chủ động lựa chọn lộ trình trong giờ cao điểm.

Tạp chí Nông nghiệp và Môi trường tiếp tục cập nhật tình hình mưa lớn, ngập úng và giao thông tại Hà Nội.

👉 Theo dõi Tạp chí Nông nghiệp và Môi trường để cập nhật nhanh các thông tin thời tiết, môi trường và đời sống.
#HaNoi #NgapHaNoi #MuaLon #NgapUng #GiaoThongHaNoi #HaNoiSangNay #ThoiTietHaNoi #TapChiNongNghiepVaMoiTruong",(20+) Video,2026-09-16T23:28:24.000Z,2026-09-16T23:28:24+00:00,Mùa mưa bão mưa nhiều như thế ngập úng là chuyện bình thường có gì phải xoắn,top_level,,1791858262086046,0,"Thứ Năm, 17 Tháng 9, 2026 lúc 15:54",2026-09-17T15:54:00+07:00,0,0a77db6cdd340a7cc026514a665ec9a632a50982,"flood_state,hanoi_location",0,0,facebook_20260925_0325,baseline_20260925_032543,2026-09-25T10:46:52.756743+07:00
facebook_c_1802815474320898,facebook,https://www.facebook.com/watch?v=1415912760740883,1415912760740883,"Hà Nội sáng 17/9: Cập nhật các điểm ngập, người đi làm cần lưu ý
Hà Nội sáng 17/9 tiếp tục có mưa lớn, nguy cơ úng ngập tại một số khu vực. Cập nhật các tuyến đường, điểm ngập đáng chú ý để người dân chủ động lựa chọn lộ trình trong giờ cao điểm.

Tạp chí Nông nghiệp và Môi trường tiếp tục cập nhật tình hình mưa lớn, ngập úng và giao thông tại Hà Nội.

👉 Theo dõi Tạp chí Nông nghiệp và Môi trường để cập nhật nhanh các thông tin thời tiết, môi trường và đời sống.
#HaNoi #NgapHaNoi #MuaLon #NgapUng #GiaoThongHaNoi #HaNoiSangNay #ThoiTietHaNoi #TapChiNongNghiepVaMoiTruong",(20+) Video,2026-09-16T23:28:24.000Z,2026-09-16T23:28:24+00:00,Thế này thì các loại xe điện tính sao,top_level,,1802815474320898,0,"Thứ Năm, 17 Tháng 9, 2026 lúc 15:39",2026-09-17T15:39:00+07:00,0,068d5626595e216bb0a787b8d3923a722d44dc50,"transport_impact,hanoi_location",0,0,facebook_20260925_0325,baseline_20260925_032543,2026-09-25T10:46:52.781969+07:00
facebook_c_1811448843362217,facebook,https://www.facebook.com/watch?v=1415912760740883,1415912760740883,"Hà Nội sáng 17/9: Cập nhật các điểm ngập, người đi làm cần lưu ý
Hà Nội sáng 17/9 tiếp tục có mưa lớn, nguy cơ úng ngập tại một số khu vực. Cập nhật các tuyến đường, điểm ngập đáng chú ý để người dân chủ động lựa chọn lộ trình trong giờ cao điểm.

Tạp chí Nông nghiệp và Môi trường tiếp tục cập nhật tình hình mưa lớn, ngập úng và giao thông tại Hà Nội.

👉 Theo dõi Tạp chí Nông nghiệp và Môi trường để cập nhật nhanh các thông tin thời tiết, môi trường và đời sống.
#HaNoi #NgapHaNoi #MuaLon #NgapUng #GiaoThongHaNoi #HaNoiSangNay #ThoiTietHaNoi #TapChiNongNghiepVaMoiTruong",(20+) Video,2026-09-16T23:28:24.000Z,2026-09-16T23:28:24+00:00,"Đã nói là dềnh rồi,sao cứ bảo ngập",top_level,,1811448843362217,0,"Thứ Năm, 17 Tháng 9, 2026 lúc 12:17",2026-09-17T12:17:00+07:00,0,82740b087c410a111574ab14a3043e44eaee142f,flood_state,0,0,facebook_20260925_0325,baseline_20260925_032543,2026-09-25T10:46:52.768818+07:00
facebook_c_1818752306237285,facebook,https://www.facebook.com/watch?v=1415912760740883,1415912760740883,"Hà Nội sáng 17/9: Cập nhật các điểm ngập, người đi làm cần lưu ý
Hà Nội sáng 17/9 tiếp tục có mưa lớn, nguy cơ úng ngập tại một số khu vực. Cập nhật các tuyến đường, điểm ngập đáng chú ý để người dân chủ động lựa chọn lộ trình trong giờ cao điểm.

Tạp chí Nông nghiệp và Môi trường tiếp tục cập nhật tình hình mưa lớn, ngập úng và giao thông tại Hà Nội.

👉 Theo dõi Tạp chí Nông nghiệp và Môi trường để cập nhật nhanh các thông tin thời tiết, môi trường và đời sống.
#HaNoi #NgapHaNoi #MuaLon #NgapUng #GiaoThongHaNoi #HaNoiSangNay #ThoiTietHaNoi #TapChiNongNghiepVaMoiTruong",(20+) Video,2026-09-16T23:28:24.000Z,2026-09-16T23:28:24+00:00,Dềnh nươc hà nội,top_level,,1818752306237285,0,"Thứ Năm, 17 Tháng 9, 2026 lúc 10:50",2026-09-17T10:50:00+07:00,0,6dbdf1b07e7b5c7848454727c6778201afdd24ad,hanoi_location,0,0,facebook_20260925_0325,baseline_20260925_032543,2026-09-25T10:46:52.701277+07:00
facebook_c_1820810968916483,facebook,https://www.facebook.com/watch?v=1415912760740883,1415912760740883,"Hà Nội sáng 17/9: Cập nhật các điểm ngập, người đi làm cần lưu ý
Hà Nội sáng 17/9 tiếp tục có mưa lớn, nguy cơ úng ngập tại một số khu vực. Cập nhật các tuyến đường, điểm ngập đáng chú ý để người dân chủ động lựa chọn lộ trình trong giờ cao điểm.

Tạp chí Nông nghiệp và Môi trường tiếp tục cập nhật tình hình mưa lớn, ngập úng và giao thông tại Hà Nội.

👉 Theo dõi Tạp chí Nông nghiệp và Môi trường để cập nhật nhanh các thông tin thời tiết, môi trường và đời sống.
#HaNoi #NgapHaNoi #MuaLon #NgapUng #GiaoThongHaNoi #HaNoiSangNay #ThoiTietHaNoi #TapChiNongNghiepVaMoiTruong",(20+) Video,2026-09-16T23:28:24.000Z,2026-09-16T23:28:24+00:00,Quang Bình không ngập mà kkkkk vai Sao có ngập luôn,top_level,,1820810968916483,0,"Thứ Năm, 17 Tháng 9, 2026 lúc 17:25",2026-09-17T17:25:00+07:00,0,717076c7d4363f12c0403d0f921e9d626c2756a1,"flood_state,hanoi_location",0,0,facebook_20260925_0325,baseline_20260925_032543,2026-09-25T10:46:52.781969+07:00
facebook_c_1832197271121134,facebook,https://www.facebook.com/watch?v=1415912760740883,1415912760740883,"Hà Nội sáng 17/9: Cập nhật các điểm ngập, người đi làm cần lưu ý
Hà Nội sáng 17/9 tiếp tục có mưa lớn, nguy cơ úng ngập tại một số khu vực. Cập nhật các tuyến đường, điểm ngập đáng chú ý để người dân chủ động lựa chọn lộ trình trong giờ cao điểm.

Tạp chí Nông nghiệp và Môi trường tiếp tục cập nhật tình hình mưa lớn, ngập úng và giao thông tại Hà Nội.

👉 Theo dõi Tạp chí Nông nghiệp và Môi trường để cập nhật nhanh các thông tin thời tiết, môi trường và đời sống.
#HaNoi #NgapHaNoi #MuaLon #NgapUng #GiaoThongHaNoi #HaNoiSangNay #ThoiTietHaNoi #TapChiNongNghiepVaMoiTruong",(20+) Video,2026-09-16T23:28:24.000Z,2026-09-16T23:28:24+00:00,Muốn làm hết dềnh nước ở TP Hà Nội.. có kênh Youtube hướng dẫn phòng chống lũ lụt vào đó mà học cách làm cho đất nước...,top_level,,1832197271121134,0,"Thứ Năm, 17 Tháng 9, 2026 lúc 13:20",2026-09-17T13:20:00+07:00,0,027312ab7594ace5337229949820e976522903e5,"flood_state,hanoi_location",0,0,facebook_20260925_0325,baseline_20260925_032543,2026-09-25T10:46:52.755234+07:00
facebook_c_1834710301021481,facebook,https://www.facebook.com/watch?v=1415912760740883,1415912760740883,"Hà Nội sáng 17/9: Cập nhật các điểm ngập, người đi làm cần lưu ý
Hà Nội sáng 17/9 tiếp tục có mưa lớn, nguy cơ úng ngập tại một số khu vực. Cập nhật các tuyến đường, điểm ngập đáng chú ý để người dân chủ động lựa chọn lộ trình trong giờ cao điểm.

Tạp chí Nông nghiệp và Môi trường tiếp tục cập nhật tình hình mưa lớn, ngập úng và giao thông tại Hà Nội.

👉 Theo dõi Tạp chí Nông nghiệp và Môi trường để cập nhật nhanh các thông tin thời tiết, môi trường và đời sống.
#HaNoi #NgapHaNoi #MuaLon #NgapUng #GiaoThongHaNoi #HaNoiSangNay #ThoiTietHaNoi #TapChiNongNghiepVaMoiTruong",(20+) Video,2026-09-16T23:28:24.000Z,2026-09-16T23:28:24+00:00,Mở rộng đường...quy hoạch phát triển thành phố...sắp xếp lại tổng thể làm sao mà Ko ngập được trong mùa mưa bão đã cận kề...,top_level,,1834710301021481,0,"Thứ Năm, 17 Tháng 9, 2026 lúc 14:20",2026-09-17T14:20:00+07:00,0,0355971b3186f9d841f99bb5daa5974edcf1e642,"flood_state,hanoi_location",0,0,facebook_20260925_0325,baseline_20260925_032543,2026-09-25T10:46:52.733630+07:00
facebook_c_1846802179616837,facebook,https://www.facebook.com/watch?v=1415912760740883,1415912760740883,"Hà Nội sáng 17/9: Cập nhật các điểm ngập, người đi làm cần lưu ý
Hà Nội sáng 17/9 tiếp tục có mưa lớn, nguy cơ úng ngập tại một số khu vực. Cập nhật các tuyến đường, điểm ngập đáng chú ý để người dân chủ động lựa chọn lộ trình trong giờ cao điểm.

Tạp chí Nông nghiệp và Môi trường tiếp tục cập nhật tình hình mưa lớn, ngập úng và giao thông tại Hà Nội.

👉 Theo dõi Tạp chí Nông nghiệp và Môi trường để cập nhật nhanh các thông tin thời tiết, môi trường và đời sống.
#HaNoi #NgapHaNoi #MuaLon #NgapUng #GiaoThongHaNoi #HaNoiSangNay #ThoiTietHaNoi #TapChiNongNghiepVaMoiTruong",(20+) Video,2026-09-16T23:28:24.000Z,2026-09-16T23:28:24+00:00,Nói ngập ...cẩn thận nó bắt đi tù nhá LĐ nó bẩu mới dềnh thôi,top_level,,1846802179616837,0,"Thứ Năm, 17 Tháng 9, 2026 lúc 12:08",2026-09-17T12:08:00+07:00,0,c4f045ff108e8687e97bc5473f66eeb80ae8ccf5,"flood_state,transport_impact,hanoi_location",0,0,facebook_20260925_0325,baseline_20260925_032543,2026-09-25T10:46:52.730111+07:00
facebook_c_1846812622967894,facebook,https://www.facebook.com/watch?v=1415912760740883,1415912760740883,"Hà Nội sáng 17/9: Cập nhật các điểm ngập, người đi làm cần lưu ý
Hà Nội sáng 17/9 tiếp tục có mưa lớn, nguy cơ úng ngập tại một số khu vực. Cập nhật các tuyến đường, điểm ngập đáng chú ý để người dân chủ động lựa chọn lộ trình trong giờ cao điểm.

Tạp chí Nông nghiệp và Môi trường tiếp tục cập nhật tình hình mưa lớn, ngập úng và giao thông tại Hà Nội.

👉 Theo dõi Tạp chí Nông nghiệp và Môi trường để cập nhật nhanh các thông tin thời tiết, môi trường và đời sống.
#HaNoi #NgapHaNoi #MuaLon #NgapUng #GiaoThongHaNoi #HaNoiSangNay #ThoiTietHaNoi #TapChiNongNghiepVaMoiTruong",(20+) Video,2026-09-16T23:28:24.000Z,2026-09-16T23:28:24+00:00,Hà lội...,top_level,,1846812622967894,0,"Thứ Năm, 17 Tháng 9, 2026 lúc 17:12",2026-09-17T17:12:00+07:00,0,5d606d6a063e27ef45f62355460f45971826c5eb,,0,0,facebook_20260925_0325,baseline_20260925_032543,2026-09-25T10:46:52.781969+07:00
facebook_c_1860299875147978,facebook,https://www.facebook.com/watch?v=1415912760740883,1415912760740883,"Hà Nội sáng 17/9: Cập nhật các điểm ngập, người đi làm cần lưu ý
Hà Nội sáng 17/9 tiếp tục có mưa lớn, nguy cơ úng ngập tại một số khu vực. Cập nhật các tuyến đường, điểm ngập đáng chú ý để người dân chủ động lựa chọn lộ trình trong giờ cao điểm.

Tạp chí Nông nghiệp và Môi trường tiếp tục cập nhật tình hình mưa lớn, ngập úng và giao thông tại Hà Nội.

👉 Theo dõi Tạp chí Nông nghiệp và Môi trường để cập nhật nhanh các thông tin thời tiết, môi trường và đời sống.
#HaNoi #NgapHaNoi #MuaLon #NgapUng #GiaoThongHaNoi #HaNoiSangNay #ThoiTietHaNoi #TapChiNongNghiepVaMoiTruong",(20+) Video,2026-09-16T23:28:24.000Z,2026-09-16T23:28:24+00:00,Hồ ao lấp cụ nó hết để xây chung cư thì chả ngập trước có nhiều hồ ao nó còn có chỗ chứa nước giờ hết thì dềnh thôi.,top_level,,1860299875147978,0,"Thứ Năm, 17 Tháng 9, 2026 lúc 12:33",2026-09-17T12:33:00+07:00,0,a1f3130e6b53fb5c1b4dc93b663cc868d539a4cd,"flood_state,hanoi_location",0,0,facebook_20260925_0325,baseline_20260925_032543,2026-09-25T10:46:52.752237+07:00
facebook_c_1861542721332814,facebook,https://www.facebook.com/watch?v=1415912760740883,1415912760740883,"Hà Nội sáng 17/9: Cập nhật các điểm ngập, người đi làm cần lưu ý
Hà Nội sáng 17/9 tiếp tục có mưa lớn, nguy cơ úng ngập tại một số khu vực. Cập nhật các tuyến đường, điểm ngập đáng chú ý để người dân chủ động lựa chọn lộ trình trong giờ cao điểm.

Tạp chí Nông nghiệp và Môi trường tiếp tục cập nhật tình hình mưa lớn, ngập úng và giao thông tại Hà Nội.

👉 Theo dõi Tạp chí Nông nghiệp và Môi trường để cập nhật nhanh các thông tin thời tiết, môi trường và đời sống.
#HaNoi #NgapHaNoi #MuaLon #NgapUng #GiaoThongHaNoi #HaNoiSangNay #ThoiTietHaNoi #TapChiNongNghiepVaMoiTruong",(20+) Video,2026-09-16T23:28:24.000Z,2026-09-16T23:28:24+00:00,"Càng đổ tiền vào , càng dềnh nhiều điểm hơn. Ko hiểu mấy ông nghĩ gì",top_level,,1861542721332814,0,"Thứ Năm, 17 Tháng 9, 2026 lúc 15:52",2026-09-17T15:52:00+07:00,0,998be50356fcb1b17fce603ad9617b7198071f35,hanoi_location,0,0,facebook_20260925_0325,baseline_20260925_032543,2026-09-25T10:46:52.751228+07:00
facebook_c_1875399853839222,facebook,https://www.facebook.com/watch?v=1415912760740883,1415912760740883,"Hà Nội sáng 17/9: Cập nhật các điểm ngập, người đi làm cần lưu ý
Hà Nội sáng 17/9 tiếp tục có mưa lớn, nguy cơ úng ngập tại một số khu vực. Cập nhật các tuyến đường, điểm ngập đáng chú ý để người dân chủ động lựa chọn lộ trình trong giờ cao điểm.

Tạp chí Nông nghiệp và Môi trường tiếp tục cập nhật tình hình mưa lớn, ngập úng và giao thông tại Hà Nội.

👉 Theo dõi Tạp chí Nông nghiệp và Môi trường để cập nhật nhanh các thông tin thời tiết, môi trường và đời sống.
#HaNoi #NgapHaNoi #MuaLon #NgapUng #GiaoThongHaNoi #HaNoiSangNay #ThoiTietHaNoi #TapChiNongNghiepVaMoiTruong",(20+) Video,2026-09-16T23:28:24.000Z,2026-09-16T23:28:24+00:00,bẩn kinh được...,top_level,,1875399853839222,0,"Thứ Năm, 17 Tháng 9, 2026 lúc 10:24",2026-09-17T10:24:00+07:00,0,937a75d279d5c1e210015ebd2906a8c4f068cf90,hanoi_location,0,0,facebook_20260925_0325,baseline_20260925_032543,2026-09-25T10:46:52.739150+07:00
facebook_c_1968808464487836,facebook,https://www.facebook.com/watch?v=1415912760740883,1415912760740883,"Hà Nội sáng 17/9: Cập nhật các điểm ngập, người đi làm cần lưu ý
Hà Nội sáng 17/9 tiếp tục có mưa lớn, nguy cơ úng ngập tại một số khu vực. Cập nhật các tuyến đường, điểm ngập đáng chú ý để người dân chủ động lựa chọn lộ trình trong giờ cao điểm.

Tạp chí Nông nghiệp và Môi trường tiếp tục cập nhật tình hình mưa lớn, ngập úng và giao thông tại Hà Nội.

👉 Theo dõi Tạp chí Nông nghiệp và Môi trường để cập nhật nhanh các thông tin thời tiết, môi trường và đời sống.
#HaNoi #NgapHaNoi #MuaLon #NgapUng #GiaoThongHaNoi #HaNoiSangNay #ThoiTietHaNoi #TapChiNongNghiepVaMoiTruong",(20+) Video,2026-09-16T23:28:24.000Z,2026-09-16T23:28:24+00:00,Tiền của thủ Hà Nội nhiều như nước zềnh mùa mưa...,top_level,,1968808464487836,0,"Thứ Năm, 17 Tháng 9, 2026 lúc 10:17",2026-09-17T10:17:00+07:00,0,e8f28fe6a77bb11f2e2bc408bff177b9a10252c3,hanoi_location,0,0,facebook_20260925_0325,baseline_20260925_032543,2026-09-25T10:46:52.709802+07:00
facebook_c_1998627424170544,facebook,https://www.facebook.com/watch?v=1415912760740883,1415912760740883,"Hà Nội sáng 17/9: Cập nhật các điểm ngập, người đi làm cần lưu ý
Hà Nội sáng 17/9 tiếp tục có mưa lớn, nguy cơ úng ngập tại một số khu vực. Cập nhật các tuyến đường, điểm ngập đáng chú ý để người dân chủ động lựa chọn lộ trình trong giờ cao điểm.

Tạp chí Nông nghiệp và Môi trường tiếp tục cập nhật tình hình mưa lớn, ngập úng và giao thông tại Hà Nội.

👉 Theo dõi Tạp chí Nông nghiệp và Môi trường để cập nhật nhanh các thông tin thời tiết, môi trường và đời sống.
#HaNoi #NgapHaNoi #MuaLon #NgapUng #GiaoThongHaNoi #HaNoiSangNay #ThoiTietHaNoi #TapChiNongNghiepVaMoiTruong",(20+) Video,2026-09-16T23:28:24.000Z,2026-09-16T23:28:24+00:00,Sợ thật,top_level,,1998627424170544,0,"Thứ Năm, 17 Tháng 9, 2026 lúc 10:02",2026-09-17T10:02:00+07:00,0,6d069248987d3977658c4ef148e48f06ca5f1b05,,0,0,facebook_20260925_0325,baseline_20260925_032543,2026-09-25T10:46:52.705276+07:00
facebook_c_2024513098211175,facebook,https://www.facebook.com/watch?v=1415912760740883,1415912760740883,"Hà Nội sáng 17/9: Cập nhật các điểm ngập, người đi làm cần lưu ý
Hà Nội sáng 17/9 tiếp tục có mưa lớn, nguy cơ úng ngập tại một số khu vực. Cập nhật các tuyến đường, điểm ngập đáng chú ý để người dân chủ động lựa chọn lộ trình trong giờ cao điểm.

Tạp chí Nông nghiệp và Môi trường tiếp tục cập nhật tình hình mưa lớn, ngập úng và giao thông tại Hà Nội.

👉 Theo dõi Tạp chí Nông nghiệp và Môi trường để cập nhật nhanh các thông tin thời tiết, môi trường và đời sống.
#HaNoi #NgapHaNoi #MuaLon #NgapUng #GiaoThongHaNoi #HaNoiSangNay #ThoiTietHaNoi #TapChiNongNghiepVaMoiTruong",(20+) Video,2026-09-16T23:28:24.000Z,2026-09-16T23:28:24+00:00,ô tô bay bao giơ mơi co nhi,top_level,,2024513098211175,0,"Thứ Năm, 17 Tháng 9, 2026 lúc 21:06",2026-09-17T21:06:00+07:00,0,afbf712846bf65b7029a41ba2af906ceef2e1fcd,transport_impact,0,0,facebook_20260925_0325,baseline_20260925_032543,2026-09-25T10:46:52.735628+07:00
facebook_c_2067985947156800,facebook,https://www.facebook.com/watch?v=1415912760740883,1415912760740883,"Hà Nội sáng 17/9: Cập nhật các điểm ngập, người đi làm cần lưu ý
Hà Nội sáng 17/9 tiếp tục có mưa lớn, nguy cơ úng ngập tại một số khu vực. Cập nhật các tuyến đường, điểm ngập đáng chú ý để người dân chủ động lựa chọn lộ trình trong giờ cao điểm.

Tạp chí Nông nghiệp và Môi trường tiếp tục cập nhật tình hình mưa lớn, ngập úng và giao thông tại Hà Nội.

👉 Theo dõi Tạp chí Nông nghiệp và Môi trường để cập nhật nhanh các thông tin thời tiết, môi trường và đời sống.
#HaNoi #NgapHaNoi #MuaLon #NgapUng #GiaoThongHaNoi #HaNoiSangNay #ThoiTietHaNoi #TapChiNongNghiepVaMoiTruong",(20+) Video,2026-09-16T23:28:24.000Z,2026-09-16T23:28:24+00:00,Cứ mà còn lãnh đạo DỀNH thì dân Hà Nội còn phải tập bơi dài dài,top_level,,2067985947156800,0,"Thứ Năm, 17 Tháng 9, 2026 lúc 14:37",2026-09-17T14:37:00+07:00,0,a7b35e85a56305e844a79cd42dbaa56521eef054,hanoi_location,0,0,facebook_20260925_0325,baseline_20260925_032543,2026-09-25T10:46:52.791127+07:00
facebook_c_2123996064858609,facebook,https://www.facebook.com/watch?v=1415912760740883,1415912760740883,"Hà Nội sáng 17/9: Cập nhật các điểm ngập, người đi làm cần lưu ý
Hà Nội sáng 17/9 tiếp tục có mưa lớn, nguy cơ úng ngập tại một số khu vực. Cập nhật các tuyến đường, điểm ngập đáng chú ý để người dân chủ động lựa chọn lộ trình trong giờ cao điểm.

Tạp chí Nông nghiệp và Môi trường tiếp tục cập nhật tình hình mưa lớn, ngập úng và giao thông tại Hà Nội.

👉 Theo dõi Tạp chí Nông nghiệp và Môi trường để cập nhật nhanh các thông tin thời tiết, môi trường và đời sống.
#HaNoi #NgapHaNoi #MuaLon #NgapUng #GiaoThongHaNoi #HaNoiSangNay #ThoiTietHaNoi #TapChiNongNghiepVaMoiTruong",(20+) Video,2026-09-16T23:28:24.000Z,2026-09-16T23:28:24+00:00,Muôn đời chung thủy với nước .,top_level,,2123996064858609,0,"Thứ Năm, 17 Tháng 9, 2026 lúc 12:00",2026-09-17T12:00:00+07:00,0,186aad0dcd6685978139b5106146a4c7819b64bc,hanoi_location,0,0,facebook_20260925_0325,baseline_20260925_032543,2026-09-25T10:46:52.735628+07:00
facebook_c_2124180194865202,facebook,https://www.facebook.com/watch?v=1415912760740883,1415912760740883,"Hà Nội sáng 17/9: Cập nhật các điểm ngập, người đi làm cần lưu ý
Hà Nội sáng 17/9 tiếp tục có mưa lớn, nguy cơ úng ngập tại một số khu vực. Cập nhật các tuyến đường, điểm ngập đáng chú ý để người dân chủ động lựa chọn lộ trình trong giờ cao điểm.

Tạp chí Nông nghiệp và Môi trường tiếp tục cập nhật tình hình mưa lớn, ngập úng và giao thông tại Hà Nội.

👉 Theo dõi Tạp chí Nông nghiệp và Môi trường để cập nhật nhanh các thông tin thời tiết, môi trường và đời sống.
#HaNoi #NgapHaNoi #MuaLon #NgapUng #GiaoThongHaNoi #HaNoiSangNay #ThoiTietHaNoi #TapChiNongNghiepVaMoiTruong",(20+) Video,2026-09-16T23:28:24.000Z,2026-09-16T23:28:24+00:00,Mọi ngouoiwf chú ý các chỗ hố ga bị dềnh lên. Mưa khổ thế,top_level,,2124180194865202,0,"Thứ Năm, 17 Tháng 9, 2026 lúc 11:06",2026-09-17T11:06:00+07:00,0,7a5d5f0949a7265eeadbbe75e724103ab3ba995c,hanoi_location,0,0,facebook_20260925_0325,baseline_20260925_032543,2026-09-25T10:46:52.740656+07:00
facebook_c_2144108456457593,facebook,https://www.facebook.com/watch?v=1415912760740883,1415912760740883,"Hà Nội sáng 17/9: Cập nhật các điểm ngập, người đi làm cần lưu ý
Hà Nội sáng 17/9 tiếp tục có mưa lớn, nguy cơ úng ngập tại một số khu vực. Cập nhật các tuyến đường, điểm ngập đáng chú ý để người dân chủ động lựa chọn lộ trình trong giờ cao điểm.

Tạp chí Nông nghiệp và Môi trường tiếp tục cập nhật tình hình mưa lớn, ngập úng và giao thông tại Hà Nội.

👉 Theo dõi Tạp chí Nông nghiệp và Môi trường để cập nhật nhanh các thông tin thời tiết, môi trường và đời sống.
#HaNoi #NgapHaNoi #MuaLon #NgapUng #GiaoThongHaNoi #HaNoiSangNay #ThoiTietHaNoi #TapChiNongNghiepVaMoiTruong",(20+) Video,2026-09-16T23:28:24.000Z,2026-09-16T23:28:24+00:00,Ngập nước đâu mà Ngập nó dềnh nước đến đâu gối thôi,top_level,,2144108456457593,0,"Thứ Năm, 17 Tháng 9, 2026 lúc 15:11",2026-09-17T15:11:00+07:00,0,a5e8bdd2fe6e3aa7875e390a5356e022f180803a,"flood_state,hanoi_location",0,0,facebook_20260925_0325,baseline_20260925_032543,2026-09-25T10:46:52.732621+07:00
facebook_c_2149689105613842,facebook,https://www.facebook.com/watch?v=1415912760740883,1415912760740883,"Hà Nội sáng 17/9: Cập nhật các điểm ngập, người đi làm cần lưu ý
Hà Nội sáng 17/9 tiếp tục có mưa lớn, nguy cơ úng ngập tại một số khu vực. Cập nhật các tuyến đường, điểm ngập đáng chú ý để người dân chủ động lựa chọn lộ trình trong giờ cao điểm.

Tạp chí Nông nghiệp và Môi trường tiếp tục cập nhật tình hình mưa lớn, ngập úng và giao thông tại Hà Nội.

👉 Theo dõi Tạp chí Nông nghiệp và Môi trường để cập nhật nhanh các thông tin thời tiết, môi trường và đời sống.
#HaNoi #NgapHaNoi #MuaLon #NgapUng #GiaoThongHaNoi #HaNoiSangNay #ThoiTietHaNoi #TapChiNongNghiepVaMoiTruong",(20+) Video,2026-09-16T23:28:24.000Z,2026-09-16T23:28:24+00:00,Nước rút đỡ chưa cả nhà ơi ? đỡ dềnh chưa nhỉ ?,top_level,,2149689105613842,0,"Thứ Năm, 17 Tháng 9, 2026 lúc 10:36",2026-09-17T10:36:00+07:00,0,8cc87f4d8ab49a0f0956f2ec268505634b27848a,,0,0,facebook_20260925_0325,baseline_20260925_032543,2026-09-25T10:46:52.734628+07:00
facebook_c_2152949896106596,facebook,https://www.facebook.com/watch?v=1415912760740883,1415912760740883,"Hà Nội sáng 17/9: Cập nhật các điểm ngập, người đi làm cần lưu ý
Hà Nội sáng 17/9 tiếp tục có mưa lớn, nguy cơ úng ngập tại một số khu vực. Cập nhật các tuyến đường, điểm ngập đáng chú ý để người dân chủ động lựa chọn lộ trình trong giờ cao điểm.

Tạp chí Nông nghiệp và Môi trường tiếp tục cập nhật tình hình mưa lớn, ngập úng và giao thông tại Hà Nội.

👉 Theo dõi Tạp chí Nông nghiệp và Môi trường để cập nhật nhanh các thông tin thời tiết, môi trường và đời sống.
#HaNoi #NgapHaNoi #MuaLon #NgapUng #GiaoThongHaNoi #HaNoiSangNay #ThoiTietHaNoi #TapChiNongNghiepVaMoiTruong",(20+) Video,2026-09-16T23:28:24.000Z,2026-09-16T23:28:24+00:00,Mới zềnh thôi,top_level,,2152949896106596,0,"Thứ Năm, 17 Tháng 9, 2026 lúc 15:49",2026-09-17T15:49:00+07:00,0,8a02f6d1a44cf75ada768ed08d06fd3bde218bf8,,0,0,facebook_20260925_0325,baseline_20260925_032543,2026-09-25T10:46:52.726481+07:00
facebook_c_2156472901913451,facebook,https://www.facebook.com/watch?v=1415912760740883,1415912760740883,"Hà Nội sáng 17/9: Cập nhật các điểm ngập, người đi làm cần lưu ý
Hà Nội sáng 17/9 tiếp tục có mưa lớn, nguy cơ úng ngập tại một số khu vực. Cập nhật các tuyến đường, điểm ngập đáng chú ý để người dân chủ động lựa chọn lộ trình trong giờ cao điểm.

Tạp chí Nông nghiệp và Môi trường tiếp tục cập nhật tình hình mưa lớn, ngập úng và giao thông tại Hà Nội.

👉 Theo dõi Tạp chí Nông nghiệp và Môi trường để cập nhật nhanh các thông tin thời tiết, môi trường và đời sống.
#HaNoi #NgapHaNoi #MuaLon #NgapUng #GiaoThongHaNoi #HaNoiSangNay #ThoiTietHaNoi #TapChiNongNghiepVaMoiTruong",(20+) Video,2026-09-16T23:28:24.000Z,2026-09-16T23:28:24+00:00,Hà Lội .... lại Dềnh nước rồi hihihi,top_level,,2156472901913451,0,"Thứ Năm, 17 Tháng 9, 2026 lúc 11:54",2026-09-17T11:54:00+07:00,0,c923b6003f5185985d61685b8b92184392bd8c65,,0,0,facebook_20260925_0325,baseline_20260925_032543,2026-09-25T10:46:52.700266+07:00
facebook_c_2165841394326647,facebook,https://www.facebook.com/watch?v=1415912760740883,1415912760740883,"Hà Nội sáng 17/9: Cập nhật các điểm ngập, người đi làm cần lưu ý
Hà Nội sáng 17/9 tiếp tục có mưa lớn, nguy cơ úng ngập tại một số khu vực. Cập nhật các tuyến đường, điểm ngập đáng chú ý để người dân chủ động lựa chọn lộ trình trong giờ cao điểm.

Tạp chí Nông nghiệp và Môi trường tiếp tục cập nhật tình hình mưa lớn, ngập úng và giao thông tại Hà Nội.

👉 Theo dõi Tạp chí Nông nghiệp và Môi trường để cập nhật nhanh các thông tin thời tiết, môi trường và đời sống.
#HaNoi #NgapHaNoi #MuaLon #NgapUng #GiaoThongHaNoi #HaNoiSangNay #ThoiTietHaNoi #TapChiNongNghiepVaMoiTruong",(20+) Video,2026-09-16T23:28:24.000Z,2026-09-16T23:28:24+00:00,Minh Tuấn,top_level,,2165841394326647,0,"Thứ Năm, 17 Tháng 9, 2026 lúc 09:46",2026-09-17T09:46:00+07:00,0,79bb2f4abd4928888c5aa2dbf41df00269fec0fa,hanoi_location,0,0,facebook_20260925_0325,baseline_20260925_032543,2026-09-25T10:46:52.764230+07:00
facebook_c_2179457802780918,facebook,https://www.facebook.com/watch?v=1415912760740883,1415912760740883,"Hà Nội sáng 17/9: Cập nhật các điểm ngập, người đi làm cần lưu ý
Hà Nội sáng 17/9 tiếp tục có mưa lớn, nguy cơ úng ngập tại một số khu vực. Cập nhật các tuyến đường, điểm ngập đáng chú ý để người dân chủ động lựa chọn lộ trình trong giờ cao điểm.

Tạp chí Nông nghiệp và Môi trường tiếp tục cập nhật tình hình mưa lớn, ngập úng và giao thông tại Hà Nội.

👉 Theo dõi Tạp chí Nông nghiệp và Môi trường để cập nhật nhanh các thông tin thời tiết, môi trường và đời sống.
#HaNoi #NgapHaNoi #MuaLon #NgapUng #GiaoThongHaNoi #HaNoiSangNay #ThoiTietHaNoi #TapChiNongNghiepVaMoiTruong",(20+) Video,2026-09-16T23:28:24.000Z,2026-09-16T23:28:24+00:00,Ok khổ quá rồi đâu cũng sóng chong bao nũ màn chời,top_level,,2179457802780918,0,"Thứ Sáu, 18 Tháng 9, 2026 lúc 01:04",2026-09-18T01:04:00+07:00,0,d37dc41d37bf6f2293749273cab93b985a4058bc,hanoi_location,0,0,facebook_20260925_0325,baseline_20260925_032543,2026-09-25T10:46:52.770818+07:00
facebook_c_2216422389295024,facebook,https://www.facebook.com/watch?v=1415912760740883,1415912760740883,"Hà Nội sáng 17/9: Cập nhật các điểm ngập, người đi làm cần lưu ý
Hà Nội sáng 17/9 tiếp tục có mưa lớn, nguy cơ úng ngập tại một số khu vực. Cập nhật các tuyến đường, điểm ngập đáng chú ý để người dân chủ động lựa chọn lộ trình trong giờ cao điểm.

Tạp chí Nông nghiệp và Môi trường tiếp tục cập nhật tình hình mưa lớn, ngập úng và giao thông tại Hà Nội.

👉 Theo dõi Tạp chí Nông nghiệp và Môi trường để cập nhật nhanh các thông tin thời tiết, môi trường và đời sống.
#HaNoi #NgapHaNoi #MuaLon #NgapUng #GiaoThongHaNoi #HaNoiSangNay #ThoiTietHaNoi #TapChiNongNghiepVaMoiTruong",(20+) Video,2026-09-16T23:28:24.000Z,2026-09-16T23:28:24+00:00,Quy hoạch toàn quân su quạt mo thôi ko lụt moi là la,top_level,,2216422389295024,0,"Thứ Năm, 17 Tháng 9, 2026 lúc 21:37",2026-09-17T21:37:00+07:00,0,42bf4b2323c84b30c134ba0b4c9276154b1821ac,"flood_state,hanoi_location",0,0,facebook_20260925_0325,baseline_20260925_032543,2026-09-25T10:46:52.739150+07:00
facebook_c_2263900834407515,facebook,https://www.facebook.com/watch?v=1415912760740883,1415912760740883,"Hà Nội sáng 17/9: Cập nhật các điểm ngập, người đi làm cần lưu ý
Hà Nội sáng 17/9 tiếp tục có mưa lớn, nguy cơ úng ngập tại một số khu vực. Cập nhật các tuyến đường, điểm ngập đáng chú ý để người dân chủ động lựa chọn lộ trình trong giờ cao điểm.

Tạp chí Nông nghiệp và Môi trường tiếp tục cập nhật tình hình mưa lớn, ngập úng và giao thông tại Hà Nội.

👉 Theo dõi Tạp chí Nông nghiệp và Môi trường để cập nhật nhanh các thông tin thời tiết, môi trường và đời sống.
#HaNoi #NgapHaNoi #MuaLon #NgapUng #GiaoThongHaNoi #HaNoiSangNay #ThoiTietHaNoi #TapChiNongNghiepVaMoiTruong",(20+) Video,2026-09-16T23:28:24.000Z,2026-09-16T23:28:24+00:00,Càng mua to càng tốt,top_level,,2263900834407515,0,"Thứ Năm, 17 Tháng 9, 2026 lúc 10:32",2026-09-17T10:32:00+07:00,0,2d1bc7466cc7b51dc75b7a044b28020dfd7731d1,,0,0,facebook_20260925_0325,baseline_20260925_032543,2026-09-25T10:46:52.714347+07:00
facebook_c_1559572295351549,facebook,https://www.facebook.com/watch?v=1415912760740883,1415912760740883,"Hà Nội sáng 17/9: Cập nhật các điểm ngập, người đi làm cần lưu ý
Hà Nội sáng 17/9 tiếp tục có mưa lớn, nguy cơ úng ngập tại một số khu vực. Cập nhật các tuyến đường, điểm ngập đáng chú ý để người dân chủ động lựa chọn lộ trình trong giờ cao điểm.

Tạp chí Nông nghiệp và Môi trường tiếp tục cập nhật tình hình mưa lớn, ngập úng và giao thông tại Hà Nội.

👉 Theo dõi Tạp chí Nông nghiệp và Môi trường để cập nhật nhanh các thông tin thời tiết, môi trường và đời sống.
#HaNoi #NgapHaNoi #MuaLon #NgapUng #GiaoThongHaNoi #HaNoiSangNay #ThoiTietHaNoi #TapChiNongNghiepVaMoiTruong",(20+) Video,2026-09-16T23:28:24.000Z,2026-09-16T23:28:24+00:00,Khởi Nguyễn mang lu ra hứng chống ngập,reply,2263900834407515,2263900834407515,1,"Thứ Năm, 17 Tháng 9, 2026 lúc 10:42",2026-09-17T10:42:00+07:00,0,,"flood_state,hanoi_location",0,0,facebook_20260925_0325,baseline_20260925_032543,2026-09-25T10:46:52.715407+07:00
facebook_c_2286232225473267,facebook,https://www.facebook.com/watch?v=1415912760740883,1415912760740883,"Hà Nội sáng 17/9: Cập nhật các điểm ngập, người đi làm cần lưu ý
Hà Nội sáng 17/9 tiếp tục có mưa lớn, nguy cơ úng ngập tại một số khu vực. Cập nhật các tuyến đường, điểm ngập đáng chú ý để người dân chủ động lựa chọn lộ trình trong giờ cao điểm.

Tạp chí Nông nghiệp và Môi trường tiếp tục cập nhật tình hình mưa lớn, ngập úng và giao thông tại Hà Nội.

👉 Theo dõi Tạp chí Nông nghiệp và Môi trường để cập nhật nhanh các thông tin thời tiết, môi trường và đời sống.
#HaNoi #NgapHaNoi #MuaLon #NgapUng #GiaoThongHaNoi #HaNoiSangNay #ThoiTietHaNoi #TapChiNongNghiepVaMoiTruong",(20+) Video,2026-09-16T23:28:24.000Z,2026-09-16T23:28:24+00:00,Càng được bơi,top_level,,2286232225473267,0,"Thứ Năm, 17 Tháng 9, 2026 lúc 11:52",2026-09-17T11:52:00+07:00,0,448e9d7cffc04030e65c5a863ff979e18f7270fa,,0,0,facebook_20260925_0325,baseline_20260925_032543,2026-09-25T10:46:52.749181+07:00
facebook_c_2289894505166071,facebook,https://www.facebook.com/watch?v=1415912760740883,1415912760740883,"Hà Nội sáng 17/9: Cập nhật các điểm ngập, người đi làm cần lưu ý
Hà Nội sáng 17/9 tiếp tục có mưa lớn, nguy cơ úng ngập tại một số khu vực. Cập nhật các tuyến đường, điểm ngập đáng chú ý để người dân chủ động lựa chọn lộ trình trong giờ cao điểm.

Tạp chí Nông nghiệp và Môi trường tiếp tục cập nhật tình hình mưa lớn, ngập úng và giao thông tại Hà Nội.

👉 Theo dõi Tạp chí Nông nghiệp và Môi trường để cập nhật nhanh các thông tin thời tiết, môi trường và đời sống.
#HaNoi #NgapHaNoi #MuaLon #NgapUng #GiaoThongHaNoi #HaNoiSangNay #ThoiTietHaNoi #TapChiNongNghiepVaMoiTruong",(20+) Video,2026-09-16T23:28:24.000Z,2026-09-16T23:28:24+00:00,Hoang Thanh Hoang xem các điểm ngập này,top_level,,2289894505166071,0,"Thứ Năm, 17 Tháng 9, 2026 lúc 12:57",2026-09-17T12:57:00+07:00,0,c262659fa507a1c1ee1c6559a99852b09ac855b6,flood_state,0,0,facebook_20260925_0325,baseline_20260925_032543,2026-09-25T10:46:52.753239+07:00
facebook_c_2294718334636172,facebook,https://www.facebook.com/watch?v=1415912760740883,1415912760740883,"Hà Nội sáng 17/9: Cập nhật các điểm ngập, người đi làm cần lưu ý
Hà Nội sáng 17/9 tiếp tục có mưa lớn, nguy cơ úng ngập tại một số khu vực. Cập nhật các tuyến đường, điểm ngập đáng chú ý để người dân chủ động lựa chọn lộ trình trong giờ cao điểm.

Tạp chí Nông nghiệp và Môi trường tiếp tục cập nhật tình hình mưa lớn, ngập úng và giao thông tại Hà Nội.

👉 Theo dõi Tạp chí Nông nghiệp và Môi trường để cập nhật nhanh các thông tin thời tiết, môi trường và đời sống.
#HaNoi #NgapHaNoi #MuaLon #NgapUng #GiaoThongHaNoi #HaNoiSangNay #ThoiTietHaNoi #TapChiNongNghiepVaMoiTruong",(20+) Video,2026-09-16T23:28:24.000Z,2026-09-16T23:28:24+00:00,"No an gi ma no ng.. U ...the  chu .nay ma song voi cau e thi cau e mang cho xuat  ngay ve que e no chui cho ..tai sao KHONG CO DUC .KHONG CO TAI ....MA LAI NGOI CHEM CHE O GHE AY . ..TRONG CHINH PHU LANH DAO HAN HOI ....CHI THUONG VO CUNG THUONG NHUNG NGUOI DAN ..*""PHAI BOI QUA CUT DAI .CONG RANH DANG LEN CAO MOI BOI VE DEN NHA *"" KHO OI LA KHO.....NGUOI DAN THAP CO BE HONG BIET KEU THAU TROI CUNG AI..""*NEN NHO SE CHET VI LUOI TROI *""...",top_level,,2294718334636172,0,"Thứ Năm, 17 Tháng 9, 2026 lúc 21:24",2026-09-17T21:24:00+07:00,0,8ad8e103fdba3295564d038ecf037eb5232788db,"transport_impact,hanoi_location",0,0,facebook_20260925_0325,baseline_20260925_032543,2026-09-25T10:46:52.775822+07:00
facebook_c_2307481250002613,facebook,https://www.facebook.com/watch?v=1415912760740883,1415912760740883,"Hà Nội sáng 17/9: Cập nhật các điểm ngập, người đi làm cần lưu ý
Hà Nội sáng 17/9 tiếp tục có mưa lớn, nguy cơ úng ngập tại một số khu vực. Cập nhật các tuyến đường, điểm ngập đáng chú ý để người dân chủ động lựa chọn lộ trình trong giờ cao điểm.

Tạp chí Nông nghiệp và Môi trường tiếp tục cập nhật tình hình mưa lớn, ngập úng và giao thông tại Hà Nội.

👉 Theo dõi Tạp chí Nông nghiệp và Môi trường để cập nhật nhanh các thông tin thời tiết, môi trường và đời sống.
#HaNoi #NgapHaNoi #MuaLon #NgapUng #GiaoThongHaNoi #HaNoiSangNay #ThoiTietHaNoi #TapChiNongNghiepVaMoiTruong",(20+) Video,2026-09-16T23:28:24.000Z,2026-09-16T23:28:24+00:00,"No an gi ma no ng.. U ...the  chu .nay ma song voi cau e thi cau e mang cho xuat  ngay ve que e no chui cho ..tai sao KHONG CO DUC .KHONG CO TAI ....MA LAI NGOI CHEM CHE O GHE AY . ..TRONG CHINH PHU LANH DAO HAN HOI ....CHI THUONG VO CUNG THUONG NHUNG NGUOI DAN ..*""PHAI BOI QUA CUT DAI .CONG RANH DANG LEN CAO MOI BOI VE DEN NHA *"" KHO OI LA KHO.....NGUOI DAN THAP CO BE HONG BIET KEU THAU TROI CUNG AI..""*NEN NHO SE CHET VI LUOI TROI *""...",top_level,,2307481250002613,0,"Thứ Năm, 17 Tháng 9, 2026 lúc 21:24",2026-09-17T21:24:00+07:00,0,8ad8e103fdba3295564d038ecf037eb5232788db,"transport_impact,hanoi_location",0,0,facebook_20260925_0325,baseline_20260925_032543,2026-09-25T10:46:52.774816+07:00
facebook_c_2321388315355875,facebook,https://www.facebook.com/watch?v=1415912760740883,1415912760740883,"Hà Nội sáng 17/9: Cập nhật các điểm ngập, người đi làm cần lưu ý
Hà Nội sáng 17/9 tiếp tục có mưa lớn, nguy cơ úng ngập tại một số khu vực. Cập nhật các tuyến đường, điểm ngập đáng chú ý để người dân chủ động lựa chọn lộ trình trong giờ cao điểm.

Tạp chí Nông nghiệp và Môi trường tiếp tục cập nhật tình hình mưa lớn, ngập úng và giao thông tại Hà Nội.

👉 Theo dõi Tạp chí Nông nghiệp và Môi trường để cập nhật nhanh các thông tin thời tiết, môi trường và đời sống.
#HaNoi #NgapHaNoi #MuaLon #NgapUng #GiaoThongHaNoi #HaNoiSangNay #ThoiTietHaNoi #TapChiNongNghiepVaMoiTruong",(20+) Video,2026-09-16T23:28:24.000Z,2026-09-16T23:28:24+00:00,"Mở google map xem chế độ Giao Thông là được, chỗ nào mọi năm ngập cứ mở bản đồ lên xem thấy đỏ lòm 99% ngập phải đi sát mép :))",top_level,,2321388315355875,0,"Thứ Năm, 17 Tháng 9, 2026 lúc 14:46",2026-09-17T14:46:00+07:00,0,5610b285227b08d2b63cf26beca9230465d8281d,"flood_state,transport_impact,hanoi_location",0,0,facebook_20260925_0325,baseline_20260925_032543,2026-09-25T10:46:52.745669+07:00
facebook_c_2346878079474459,facebook,https://www.facebook.com/watch?v=1415912760740883,1415912760740883,"Hà Nội sáng 17/9: Cập nhật các điểm ngập, người đi làm cần lưu ý
Hà Nội sáng 17/9 tiếp tục có mưa lớn, nguy cơ úng ngập tại một số khu vực. Cập nhật các tuyến đường, điểm ngập đáng chú ý để người dân chủ động lựa chọn lộ trình trong giờ cao điểm.

Tạp chí Nông nghiệp và Môi trường tiếp tục cập nhật tình hình mưa lớn, ngập úng và giao thông tại Hà Nội.

👉 Theo dõi Tạp chí Nông nghiệp và Môi trường để cập nhật nhanh các thông tin thời tiết, môi trường và đời sống.
#HaNoi #NgapHaNoi #MuaLon #NgapUng #GiaoThongHaNoi #HaNoiSangNay #ThoiTietHaNoi #TapChiNongNghiepVaMoiTruong",(20+) Video,2026-09-16T23:28:24.000Z,2026-09-16T23:28:24+00:00,Ác mộng đường hn,top_level,,2346878079474459,0,"Thứ Năm, 17 Tháng 9, 2026 lúc 16:20",2026-09-17T16:20:00+07:00,0,99c2f38e614281ef99b5f4bb5f4b49d63a3b5bc7,hanoi_location,0,0,facebook_20260925_0325,baseline_20260925_032543,2026-09-25T10:46:52.736629+07:00
facebook_c_2387677225308929,facebook,https://www.facebook.com/watch?v=1415912760740883,1415912760740883,"Hà Nội sáng 17/9: Cập nhật các điểm ngập, người đi làm cần lưu ý
Hà Nội sáng 17/9 tiếp tục có mưa lớn, nguy cơ úng ngập tại một số khu vực. Cập nhật các tuyến đường, điểm ngập đáng chú ý để người dân chủ động lựa chọn lộ trình trong giờ cao điểm.

Tạp chí Nông nghiệp và Môi trường tiếp tục cập nhật tình hình mưa lớn, ngập úng và giao thông tại Hà Nội.

👉 Theo dõi Tạp chí Nông nghiệp và Môi trường để cập nhật nhanh các thông tin thời tiết, môi trường và đời sống.
#HaNoi #NgapHaNoi #MuaLon #NgapUng #GiaoThongHaNoi #HaNoiSangNay #ThoiTietHaNoi #TapChiNongNghiepVaMoiTruong",(20+) Video,2026-09-16T23:28:24.000Z,2026-09-16T23:28:24+00:00,Không được nói là ngập,top_level,,2387677225308929,0,"Thứ Năm, 17 Tháng 9, 2026 lúc 16:44",2026-09-17T16:44:00+07:00,0,3d236ebbcdcd387b520284c359d1e6a5e6f94cb5,flood_state,0,0,facebook_20260925_0325,baseline_20260925_032543,2026-09-25T10:46:52.724972+07:00
facebook_c_2391116507962073,facebook,https://www.facebook.com/watch?v=1415912760740883,1415912760740883,"Hà Nội sáng 17/9: Cập nhật các điểm ngập, người đi làm cần lưu ý
Hà Nội sáng 17/9 tiếp tục có mưa lớn, nguy cơ úng ngập tại một số khu vực. Cập nhật các tuyến đường, điểm ngập đáng chú ý để người dân chủ động lựa chọn lộ trình trong giờ cao điểm.

Tạp chí Nông nghiệp và Môi trường tiếp tục cập nhật tình hình mưa lớn, ngập úng và giao thông tại Hà Nội.

👉 Theo dõi Tạp chí Nông nghiệp và Môi trường để cập nhật nhanh các thông tin thời tiết, môi trường và đời sống.
#HaNoi #NgapHaNoi #MuaLon #NgapUng #GiaoThongHaNoi #HaNoiSangNay #ThoiTietHaNoi #TapChiNongNghiepVaMoiTruong",(20+) Video,2026-09-16T23:28:24.000Z,2026-09-16T23:28:24+00:00,Hà Nội NC dềnh tý thôi không vấn đề gì,top_level,,2391116507962073,0,"Thứ Năm, 17 Tháng 9, 2026 lúc 13:17",2026-09-17T13:17:00+07:00,0,5c642bb81b29b06e2c5f095199e938d3f569ebcc,hanoi_location,0,0,facebook_20260925_0325,baseline_20260925_032543,2026-09-25T10:46:52.726481+07:00
facebook_c_2472729836583112,facebook,https://www.facebook.com/watch?v=1415912760740883,1415912760740883,"Hà Nội sáng 17/9: Cập nhật các điểm ngập, người đi làm cần lưu ý
Hà Nội sáng 17/9 tiếp tục có mưa lớn, nguy cơ úng ngập tại một số khu vực. Cập nhật các tuyến đường, điểm ngập đáng chú ý để người dân chủ động lựa chọn lộ trình trong giờ cao điểm.

Tạp chí Nông nghiệp và Môi trường tiếp tục cập nhật tình hình mưa lớn, ngập úng và giao thông tại Hà Nội.

👉 Theo dõi Tạp chí Nông nghiệp và Môi trường để cập nhật nhanh các thông tin thời tiết, môi trường và đời sống.
#HaNoi #NgapHaNoi #MuaLon #NgapUng #GiaoThongHaNoi #HaNoiSangNay #ThoiTietHaNoi #TapChiNongNghiepVaMoiTruong",(20+) Video,2026-09-16T23:28:24.000Z,2026-09-16T23:28:24+00:00,Khỏi tị nhé.... Cứ thế này rồi đâu cũng có biển,top_level,,2472729836583112,0,"Thứ Năm, 17 Tháng 9, 2026 lúc 11:23",2026-09-17T11:23:00+07:00,0,f028211188e3da59627d0a644773d7e912d34cf4,hanoi_location,0,0,facebook_20260925_0325,baseline_20260925_032543,2026-09-25T10:46:52.743663+07:00
facebook_c_2475286346300664,facebook,https://www.facebook.com/watch?v=1415912760740883,1415912760740883,"Hà Nội sáng 17/9: Cập nhật các điểm ngập, người đi làm cần lưu ý
Hà Nội sáng 17/9 tiếp tục có mưa lớn, nguy cơ úng ngập tại một số khu vực. Cập nhật các tuyến đường, điểm ngập đáng chú ý để người dân chủ động lựa chọn lộ trình trong giờ cao điểm.

Tạp chí Nông nghiệp và Môi trường tiếp tục cập nhật tình hình mưa lớn, ngập úng và giao thông tại Hà Nội.

👉 Theo dõi Tạp chí Nông nghiệp và Môi trường để cập nhật nhanh các thông tin thời tiết, môi trường và đời sống.
#HaNoi #NgapHaNoi #MuaLon #NgapUng #GiaoThongHaNoi #HaNoiSangNay #ThoiTietHaNoi #TapChiNongNghiepVaMoiTruong",(20+) Video,2026-09-16T23:28:24.000Z,2026-09-16T23:28:24+00:00,Mưa to như thế,top_level,,2475286346300664,0,"Thứ Năm, 17 Tháng 9, 2026 lúc 21:35",2026-09-17T21:35:00+07:00,0,07a76d348418d670269b938837310ec877c7a700,,0,0,facebook_20260925_0325,baseline_20260925_032543,2026-09-25T10:46:52.731116+07:00
facebook_c_2562496614266584,facebook,https://www.facebook.com/watch?v=1415912760740883,1415912760740883,"Hà Nội sáng 17/9: Cập nhật các điểm ngập, người đi làm cần lưu ý
Hà Nội sáng 17/9 tiếp tục có mưa lớn, nguy cơ úng ngập tại một số khu vực. Cập nhật các tuyến đường, điểm ngập đáng chú ý để người dân chủ động lựa chọn lộ trình trong giờ cao điểm.

Tạp chí Nông nghiệp và Môi trường tiếp tục cập nhật tình hình mưa lớn, ngập úng và giao thông tại Hà Nội.

👉 Theo dõi Tạp chí Nông nghiệp và Môi trường để cập nhật nhanh các thông tin thời tiết, môi trường và đời sống.
#HaNoi #NgapHaNoi #MuaLon #NgapUng #GiaoThongHaNoi #HaNoiSangNay #ThoiTietHaNoi #TapChiNongNghiepVaMoiTruong",(20+) Video,2026-09-16T23:28:24.000Z,2026-09-16T23:28:24+00:00,"No an gi ma no ng.. U ...the  chu .nay ma song voi cau e thi cau e mang cho xuat  ngay ve que e no chui cho ..tai sao KHONG CO DUC .KHONG CO TAI ....MA LAI NGOI CHEM CHE O GHE AY . ..TRONG CHINH PHU LANH DAO HAN HOI ....CHI THUONG VO CUNG THUONG NHUNG NGUOI DAN ..*""PHAI BOI QUA CUT DAI .CONG RANH DANG LEN CAO MOI BOI VE DEN NHA *"" KHO OI LA KHO.....NGUOI DAN THAP CO BE HONG BIET KEU THAU TROI CUNG AI..""*NEN NHO SE CHET VI LUOI TROI *""...",top_level,,2562496614266584,0,"Thứ Năm, 17 Tháng 9, 2026 lúc 21:24",2026-09-17T21:24:00+07:00,0,8ad8e103fdba3295564d038ecf037eb5232788db,"transport_impact,hanoi_location",0,0,facebook_20260925_0325,baseline_20260925_032543,2026-09-25T10:46:52.777966+07:00
facebook_c_2586090291856356,facebook,https://www.facebook.com/watch?v=1415912760740883,1415912760740883,"Hà Nội sáng 17/9: Cập nhật các điểm ngập, người đi làm cần lưu ý
Hà Nội sáng 17/9 tiếp tục có mưa lớn, nguy cơ úng ngập tại một số khu vực. Cập nhật các tuyến đường, điểm ngập đáng chú ý để người dân chủ động lựa chọn lộ trình trong giờ cao điểm.

Tạp chí Nông nghiệp và Môi trường tiếp tục cập nhật tình hình mưa lớn, ngập úng và giao thông tại Hà Nội.

👉 Theo dõi Tạp chí Nông nghiệp và Môi trường để cập nhật nhanh các thông tin thời tiết, môi trường và đời sống.
#HaNoi #NgapHaNoi #MuaLon #NgapUng #GiaoThongHaNoi #HaNoiSangNay #ThoiTietHaNoi #TapChiNongNghiepVaMoiTruong",(20+) Video,2026-09-16T23:28:24.000Z,2026-09-16T23:28:24+00:00,Chi là hơi dềnh nước xíu thôi mà,top_level,,2586090291856356,0,"Thứ Năm, 17 Tháng 9, 2026 lúc 13:26",2026-09-17T13:26:00+07:00,0,f4a009176181ab081eb62c02a9cb3bc592705b06,,0,0,facebook_20260925_0325,baseline_20260925_032543,2026-09-25T10:46:52.788119+07:00
facebook_c_2610781479367298,facebook,https://www.facebook.com/watch?v=1415912760740883,1415912760740883,"Hà Nội sáng 17/9: Cập nhật các điểm ngập, người đi làm cần lưu ý
Hà Nội sáng 17/9 tiếp tục có mưa lớn, nguy cơ úng ngập tại một số khu vực. Cập nhật các tuyến đường, điểm ngập đáng chú ý để người dân chủ động lựa chọn lộ trình trong giờ cao điểm.

Tạp chí Nông nghiệp và Môi trường tiếp tục cập nhật tình hình mưa lớn, ngập úng và giao thông tại Hà Nội.

👉 Theo dõi Tạp chí Nông nghiệp và Môi trường để cập nhật nhanh các thông tin thời tiết, môi trường và đời sống.
#HaNoi #NgapHaNoi #MuaLon #NgapUng #GiaoThongHaNoi #HaNoiSangNay #ThoiTietHaNoi #TapChiNongNghiepVaMoiTruong",(20+) Video,2026-09-16T23:28:24.000Z,2026-09-16T23:28:24+00:00,Mat nhỉ em nhỉ,top_level,,2610781479367298,0,"Thứ Năm, 17 Tháng 9, 2026 lúc 16:31",2026-09-17T16:31:00+07:00,0,bfae4b9624284d51e63d18f527b9a8f7cfadc8e4,,0,0,facebook_20260925_0325,baseline_20260925_032543,2026-09-25T10:46:52.726481+07:00
facebook_c_2667825143675088,facebook,https://www.facebook.com/watch?v=1415912760740883,1415912760740883,"Hà Nội sáng 17/9: Cập nhật các điểm ngập, người đi làm cần lưu ý
Hà Nội sáng 17/9 tiếp tục có mưa lớn, nguy cơ úng ngập tại một số khu vực. Cập nhật các tuyến đường, điểm ngập đáng chú ý để người dân chủ động lựa chọn lộ trình trong giờ cao điểm.

Tạp chí Nông nghiệp và Môi trường tiếp tục cập nhật tình hình mưa lớn, ngập úng và giao thông tại Hà Nội.

👉 Theo dõi Tạp chí Nông nghiệp và Môi trường để cập nhật nhanh các thông tin thời tiết, môi trường và đời sống.
#HaNoi #NgapHaNoi #MuaLon #NgapUng #GiaoThongHaNoi #HaNoiSangNay #ThoiTietHaNoi #TapChiNongNghiepVaMoiTruong",(20+) Video,2026-09-16T23:28:24.000Z,2026-09-16T23:28:24+00:00,Lôi ra xử lý trách nhiệm,top_level,,2667825143675088,0,"Thứ Năm, 17 Tháng 9, 2026 lúc 11:54",2026-09-17T11:54:00+07:00,0,802fbe6a3c91ee8e7d24900a81fdc32b3e4ea292,,0,0,facebook_20260925_0325,baseline_20260925_032543,2026-09-25T10:46:52.748181+07:00
facebook_c_2792733861143181,facebook,https://www.facebook.com/watch?v=1415912760740883,1415912760740883,"Hà Nội sáng 17/9: Cập nhật các điểm ngập, người đi làm cần lưu ý
Hà Nội sáng 17/9 tiếp tục có mưa lớn, nguy cơ úng ngập tại một số khu vực. Cập nhật các tuyến đường, điểm ngập đáng chú ý để người dân chủ động lựa chọn lộ trình trong giờ cao điểm.

Tạp chí Nông nghiệp và Môi trường tiếp tục cập nhật tình hình mưa lớn, ngập úng và giao thông tại Hà Nội.

👉 Theo dõi Tạp chí Nông nghiệp và Môi trường để cập nhật nhanh các thông tin thời tiết, môi trường và đời sống.
#HaNoi #NgapHaNoi #MuaLon #NgapUng #GiaoThongHaNoi #HaNoiSangNay #ThoiTietHaNoi #TapChiNongNghiepVaMoiTruong",(20+) Video,2026-09-16T23:28:24.000Z,2026-09-16T23:28:24+00:00,Ngập đâu mà ngập Dềng,top_level,,2792733861143181,0,"Thứ Năm, 17 Tháng 9, 2026 lúc 12:28",2026-09-17T12:28:00+07:00,0,67070c17021993d9e7c99bf0570c424745c0cd80,flood_state,0,0,facebook_20260925_0325,baseline_20260925_032543,2026-09-25T10:46:52.739150+07:00
facebook_c_28162721746716070,facebook,https://www.facebook.com/watch?v=1415912760740883,1415912760740883,"Hà Nội sáng 17/9: Cập nhật các điểm ngập, người đi làm cần lưu ý
Hà Nội sáng 17/9 tiếp tục có mưa lớn, nguy cơ úng ngập tại một số khu vực. Cập nhật các tuyến đường, điểm ngập đáng chú ý để người dân chủ động lựa chọn lộ trình trong giờ cao điểm.

Tạp chí Nông nghiệp và Môi trường tiếp tục cập nhật tình hình mưa lớn, ngập úng và giao thông tại Hà Nội.

👉 Theo dõi Tạp chí Nông nghiệp và Môi trường để cập nhật nhanh các thông tin thời tiết, môi trường và đời sống.
#HaNoi #NgapHaNoi #MuaLon #NgapUng #GiaoThongHaNoi #HaNoiSangNay #ThoiTietHaNoi #TapChiNongNghiepVaMoiTruong",(20+) Video,2026-09-16T23:28:24.000Z,2026-09-16T23:28:24+00:00,Đã nói là Dềnh rồi. Cứ bảo ngập,top_level,,28162721746716070,0,"Thứ Năm, 17 Tháng 9, 2026 lúc 11:05",2026-09-17T11:05:00+07:00,0,b47afefde1bea706722063f51b5477581b445806,flood_state,0,0,facebook_20260925_0325,baseline_20260925_032543,2026-09-25T10:46:52.716959+07:00
facebook_c_28250865101223134,facebook,https://www.facebook.com/watch?v=1415912760740883,1415912760740883,"Hà Nội sáng 17/9: Cập nhật các điểm ngập, người đi làm cần lưu ý
Hà Nội sáng 17/9 tiếp tục có mưa lớn, nguy cơ úng ngập tại một số khu vực. Cập nhật các tuyến đường, điểm ngập đáng chú ý để người dân chủ động lựa chọn lộ trình trong giờ cao điểm.

Tạp chí Nông nghiệp và Môi trường tiếp tục cập nhật tình hình mưa lớn, ngập úng và giao thông tại Hà Nội.

👉 Theo dõi Tạp chí Nông nghiệp và Môi trường để cập nhật nhanh các thông tin thời tiết, môi trường và đời sống.
#HaNoi #NgapHaNoi #MuaLon #NgapUng #GiaoThongHaNoi #HaNoiSangNay #ThoiTietHaNoi #TapChiNongNghiepVaMoiTruong",(20+) Video,2026-09-16T23:28:24.000Z,2026-09-16T23:28:24+00:00,Những người dân Hà Nội nên sắm thuyền để bơi trên phố,top_level,,28250865101223134,0,"Thứ Năm, 17 Tháng 9, 2026 lúc 20:53",2026-09-17T20:53:00+07:00,0,1bde8413b84369712f2f136389da86695cc59e0b,hanoi_location,0,0,facebook_20260925_0325,baseline_20260925_032543,2026-09-25T10:46:52.742666+07:00
facebook_c_28434194966216439,facebook,https://www.facebook.com/watch?v=1415912760740883,1415912760740883,"Hà Nội sáng 17/9: Cập nhật các điểm ngập, người đi làm cần lưu ý
Hà Nội sáng 17/9 tiếp tục có mưa lớn, nguy cơ úng ngập tại một số khu vực. Cập nhật các tuyến đường, điểm ngập đáng chú ý để người dân chủ động lựa chọn lộ trình trong giờ cao điểm.

Tạp chí Nông nghiệp và Môi trường tiếp tục cập nhật tình hình mưa lớn, ngập úng và giao thông tại Hà Nội.

👉 Theo dõi Tạp chí Nông nghiệp và Môi trường để cập nhật nhanh các thông tin thời tiết, môi trường và đời sống.
#HaNoi #NgapHaNoi #MuaLon #NgapUng #GiaoThongHaNoi #HaNoiSangNay #ThoiTietHaNoi #TapChiNongNghiepVaMoiTruong",(20+) Video,2026-09-16T23:28:24.000Z,2026-09-16T23:28:24+00:00,cảm ơn bạn,top_level,,28434194966216439,0,"Thứ Năm, 17 Tháng 9, 2026 lúc 07:15",2026-09-17T07:15:00+07:00,0,889ebdbf07380bdf343497df58328709db0eaa55,hanoi_location,0,0,facebook_20260925_0325,baseline_20260925_032543,2026-09-25T10:46:52.701277+07:00
facebook_c_28513248868271056,facebook,https://www.facebook.com/watch?v=1415912760740883,1415912760740883,"Hà Nội sáng 17/9: Cập nhật các điểm ngập, người đi làm cần lưu ý
Hà Nội sáng 17/9 tiếp tục có mưa lớn, nguy cơ úng ngập tại một số khu vực. Cập nhật các tuyến đường, điểm ngập đáng chú ý để người dân chủ động lựa chọn lộ trình trong giờ cao điểm.

Tạp chí Nông nghiệp và Môi trường tiếp tục cập nhật tình hình mưa lớn, ngập úng và giao thông tại Hà Nội.

👉 Theo dõi Tạp chí Nông nghiệp và Môi trường để cập nhật nhanh các thông tin thời tiết, môi trường và đời sống.
#HaNoi #NgapHaNoi #MuaLon #NgapUng #GiaoThongHaNoi #HaNoiSangNay #ThoiTietHaNoi #TapChiNongNghiepVaMoiTruong",(20+) Video,2026-09-16T23:28:24.000Z,2026-09-16T23:28:24+00:00,Trièu khúc rút chưa v,top_level,,28513248868271056,0,"Thứ Năm, 17 Tháng 9, 2026 lúc 10:15",2026-09-17T10:15:00+07:00,0,98bb524adb536eb1f961023926e4227d14845484,,0,0,facebook_20260925_0325,baseline_20260925_032543,2026-09-25T10:46:52.790130+07:00
facebook_c_28557322597240767,facebook,https://www.facebook.com/watch?v=1415912760740883,1415912760740883,"Hà Nội sáng 17/9: Cập nhật các điểm ngập, người đi làm cần lưu ý
Hà Nội sáng 17/9 tiếp tục có mưa lớn, nguy cơ úng ngập tại một số khu vực. Cập nhật các tuyến đường, điểm ngập đáng chú ý để người dân chủ động lựa chọn lộ trình trong giờ cao điểm.

Tạp chí Nông nghiệp và Môi trường tiếp tục cập nhật tình hình mưa lớn, ngập úng và giao thông tại Hà Nội.

👉 Theo dõi Tạp chí Nông nghiệp và Môi trường để cập nhật nhanh các thông tin thời tiết, môi trường và đời sống.
#HaNoi #NgapHaNoi #MuaLon #NgapUng #GiaoThongHaNoi #HaNoiSangNay #ThoiTietHaNoi #TapChiNongNghiepVaMoiTruong",(20+) Video,2026-09-16T23:28:24.000Z,2026-09-16T23:28:24+00:00,Ko dành nữa hả,top_level,,28557322597240767,0,"Thứ Năm, 17 Tháng 9, 2026 lúc 09:53",2026-09-17T09:53:00+07:00,0,cdf1f0aac836d0a71f4bba5eb026378c752c3545,,0,0,facebook_20260925_0325,baseline_20260925_032543,2026-09-25T10:46:52.722004+07:00
facebook_c_28640773308849488,facebook,https://www.facebook.com/watch?v=1415912760740883,1415912760740883,"Hà Nội sáng 17/9: Cập nhật các điểm ngập, người đi làm cần lưu ý
Hà Nội sáng 17/9 tiếp tục có mưa lớn, nguy cơ úng ngập tại một số khu vực. Cập nhật các tuyến đường, điểm ngập đáng chú ý để người dân chủ động lựa chọn lộ trình trong giờ cao điểm.

Tạp chí Nông nghiệp và Môi trường tiếp tục cập nhật tình hình mưa lớn, ngập úng và giao thông tại Hà Nội.

👉 Theo dõi Tạp chí Nông nghiệp và Môi trường để cập nhật nhanh các thông tin thời tiết, môi trường và đời sống.
#HaNoi #NgapHaNoi #MuaLon #NgapUng #GiaoThongHaNoi #HaNoiSangNay #ThoiTietHaNoi #TapChiNongNghiepVaMoiTruong",(20+) Video,2026-09-16T23:28:24.000Z,2026-09-16T23:28:24+00:00,Lúc sướng thì không kêu đến lúc khổ thì kêu!,top_level,,28640773308849488,0,"Thứ Năm, 17 Tháng 9, 2026 lúc 14:01",2026-09-17T14:01:00+07:00,0,48428c9666ed57ee9120a0d56e261bbf4887b003,hanoi_location,0,0,facebook_20260925_0325,baseline_20260925_032543,2026-09-25T10:46:52.739150+07:00
facebook_c_29218248481109602,facebook,https://www.facebook.com/watch?v=1415912760740883,1415912760740883,"Hà Nội sáng 17/9: Cập nhật các điểm ngập, người đi làm cần lưu ý
Hà Nội sáng 17/9 tiếp tục có mưa lớn, nguy cơ úng ngập tại một số khu vực. Cập nhật các tuyến đường, điểm ngập đáng chú ý để người dân chủ động lựa chọn lộ trình trong giờ cao điểm.

Tạp chí Nông nghiệp và Môi trường tiếp tục cập nhật tình hình mưa lớn, ngập úng và giao thông tại Hà Nội.

👉 Theo dõi Tạp chí Nông nghiệp và Môi trường để cập nhật nhanh các thông tin thời tiết, môi trường và đời sống.
#HaNoi #NgapHaNoi #MuaLon #NgapUng #GiaoThongHaNoi #HaNoiSangNay #ThoiTietHaNoi #TapChiNongNghiepVaMoiTruong",(20+) Video,2026-09-16T23:28:24.000Z,2026-09-16T23:28:24+00:00,"Chỉ là ""DỀNH"" nước thôi mà",top_level,,29218248481109602,0,"Thứ Năm, 17 Tháng 9, 2026 lúc 08:48",2026-09-17T08:48:00+07:00,0,59c269560c49c7996247f4d589eeea90a5954f17,,0,0,facebook_20260925_0325,baseline_20260925_032543,2026-09-25T10:46:52.693492+07:00
facebook_c_1779648123272606,facebook,https://www.facebook.com/watch?v=1415912760740883,1415912760740883,"Hà Nội sáng 17/9: Cập nhật các điểm ngập, người đi làm cần lưu ý
Hà Nội sáng 17/9 tiếp tục có mưa lớn, nguy cơ úng ngập tại một số khu vực. Cập nhật các tuyến đường, điểm ngập đáng chú ý để người dân chủ động lựa chọn lộ trình trong giờ cao điểm.

Tạp chí Nông nghiệp và Môi trường tiếp tục cập nhật tình hình mưa lớn, ngập úng và giao thông tại Hà Nội.

👉 Theo dõi Tạp chí Nông nghiệp và Môi trường để cập nhật nhanh các thông tin thời tiết, môi trường và đời sống.
#HaNoi #NgapHaNoi #MuaLon #NgapUng #GiaoThongHaNoi #HaNoiSangNay #ThoiTietHaNoi #TapChiNongNghiepVaMoiTruong",(20+) Video,2026-09-16T23:28:24.000Z,2026-09-16T23:28:24+00:00,"Ngọc Hùng sông hồ các bố lấp hết rồi  làm sao thoát được,cái này là lỗi của tài nguyên môi trường",reply,29218248481109602,29218248481109602,1,"Thứ Năm, 17 Tháng 9, 2026 lúc 16:47",2026-09-17T16:47:00+07:00,0,,hanoi_location,0,0,facebook_20260925_0325,baseline_20260925_032543,2026-09-25T10:46:52.694526+07:00
facebook_c_28817550867934072,facebook,https://www.facebook.com/watch?v=1415912760740883,1415912760740883,"Hà Nội sáng 17/9: Cập nhật các điểm ngập, người đi làm cần lưu ý
Hà Nội sáng 17/9 tiếp tục có mưa lớn, nguy cơ úng ngập tại một số khu vực. Cập nhật các tuyến đường, điểm ngập đáng chú ý để người dân chủ động lựa chọn lộ trình trong giờ cao điểm.

Tạp chí Nông nghiệp và Môi trường tiếp tục cập nhật tình hình mưa lớn, ngập úng và giao thông tại Hà Nội.

👉 Theo dõi Tạp chí Nông nghiệp và Môi trường để cập nhật nhanh các thông tin thời tiết, môi trường và đời sống.
#HaNoi #NgapHaNoi #MuaLon #NgapUng #GiaoThongHaNoi #HaNoiSangNay #ThoiTietHaNoi #TapChiNongNghiepVaMoiTruong",(20+) Video,2026-09-16T23:28:24.000Z,2026-09-16T23:28:24+00:00,Ngọc Hùng Hà lội,reply,29218248481109602,29218248481109602,1,"Thứ Năm, 17 Tháng 9, 2026 lúc 10:38",2026-09-17T10:38:00+07:00,0,,,0,0,facebook_20260925_0325,baseline_20260925_032543,2026-09-25T10:46:52.695520+07:00
facebook_c_2547118852395026,facebook,https://www.facebook.com/watch?v=1415912760740883,1415912760740883,"Hà Nội sáng 17/9: Cập nhật các điểm ngập, người đi làm cần lưu ý
Hà Nội sáng 17/9 tiếp tục có mưa lớn, nguy cơ úng ngập tại một số khu vực. Cập nhật các tuyến đường, điểm ngập đáng chú ý để người dân chủ động lựa chọn lộ trình trong giờ cao điểm.

Tạp chí Nông nghiệp và Môi trường tiếp tục cập nhật tình hình mưa lớn, ngập úng và giao thông tại Hà Nội.

👉 Theo dõi Tạp chí Nông nghiệp và Môi trường để cập nhật nhanh các thông tin thời tiết, môi trường và đời sống.
#HaNoi #NgapHaNoi #MuaLon #NgapUng #GiaoThongHaNoi #HaNoiSangNay #ThoiTietHaNoi #TapChiNongNghiepVaMoiTruong",(20+) Video,2026-09-16T23:28:24.000Z,2026-09-16T23:28:24+00:00,"Ngọc Hùng nhắc lại lời của một quan chưc ấy, đủ thấy cái đầu ông ấy thế nào.",reply,29218248481109602,29218248481109602,1,"Thứ Năm, 17 Tháng 9, 2026 lúc 10:37",2026-09-17T10:37:00+07:00,0,,hanoi_location,0,0,facebook_20260925_0325,baseline_20260925_032543,2026-09-25T10:46:52.695520+07:00
facebook_c_2175549310060345,facebook,https://www.facebook.com/watch?v=1415912760740883,1415912760740883,"Hà Nội sáng 17/9: Cập nhật các điểm ngập, người đi làm cần lưu ý
Hà Nội sáng 17/9 tiếp tục có mưa lớn, nguy cơ úng ngập tại một số khu vực. Cập nhật các tuyến đường, điểm ngập đáng chú ý để người dân chủ động lựa chọn lộ trình trong giờ cao điểm.

Tạp chí Nông nghiệp và Môi trường tiếp tục cập nhật tình hình mưa lớn, ngập úng và giao thông tại Hà Nội.

👉 Theo dõi Tạp chí Nông nghiệp và Môi trường để cập nhật nhanh các thông tin thời tiết, môi trường và đời sống.
#HaNoi #NgapHaNoi #MuaLon #NgapUng #GiaoThongHaNoi #HaNoiSangNay #ThoiTietHaNoi #TapChiNongNghiepVaMoiTruong",(20+) Video,2026-09-16T23:28:24.000Z,2026-09-16T23:28:24+00:00,Ngọc Hùng đúng dềnh thôi.nói khác là sai quan điểm đấy,reply,29218248481109602,29218248481109602,1,"Thứ Năm, 17 Tháng 9, 2026 lúc 13:55",2026-09-17T13:55:00+07:00,0,,hanoi_location,0,0,facebook_20260925_0325,baseline_20260925_032543,2026-09-25T10:46:52.696496+07:00
facebook_c_2133658287570924,facebook,https://www.facebook.com/watch?v=1415912760740883,1415912760740883,"Hà Nội sáng 17/9: Cập nhật các điểm ngập, người đi làm cần lưu ý
Hà Nội sáng 17/9 tiếp tục có mưa lớn, nguy cơ úng ngập tại một số khu vực. Cập nhật các tuyến đường, điểm ngập đáng chú ý để người dân chủ động lựa chọn lộ trình trong giờ cao điểm.

Tạp chí Nông nghiệp và Môi trường tiếp tục cập nhật tình hình mưa lớn, ngập úng và giao thông tại Hà Nội.

👉 Theo dõi Tạp chí Nông nghiệp và Môi trường để cập nhật nhanh các thông tin thời tiết, môi trường và đời sống.
#HaNoi #NgapHaNoi #MuaLon #NgapUng #GiaoThongHaNoi #HaNoiSangNay #ThoiTietHaNoi #TapChiNongNghiepVaMoiTruong",(20+) Video,2026-09-16T23:28:24.000Z,2026-09-16T23:28:24+00:00,Ngọc Hùng liệu dềnh viết to quá bị gọi tên đấy,reply,29218248481109602,29218248481109602,1,"Thứ Năm, 17 Tháng 9, 2026 lúc 13:22",2026-09-17T13:22:00+07:00,0,,hanoi_location,0,0,facebook_20260925_0325,baseline_20260925_032543,2026-09-25T10:46:52.696496+07:00
facebook_c_3039607513036815,facebook,https://www.facebook.com/watch?v=1415912760740883,1415912760740883,"Hà Nội sáng 17/9: Cập nhật các điểm ngập, người đi làm cần lưu ý
Hà Nội sáng 17/9 tiếp tục có mưa lớn, nguy cơ úng ngập tại một số khu vực. Cập nhật các tuyến đường, điểm ngập đáng chú ý để người dân chủ động lựa chọn lộ trình trong giờ cao điểm.

Tạp chí Nông nghiệp và Môi trường tiếp tục cập nhật tình hình mưa lớn, ngập úng và giao thông tại Hà Nội.

👉 Theo dõi Tạp chí Nông nghiệp và Môi trường để cập nhật nhanh các thông tin thời tiết, môi trường và đời sống.
#HaNoi #NgapHaNoi #MuaLon #NgapUng #GiaoThongHaNoi #HaNoiSangNay #ThoiTietHaNoi #TapChiNongNghiepVaMoiTruong",(20+) Video,2026-09-16T23:28:24.000Z,2026-09-16T23:28:24+00:00,Nước dềnh Sợ thật,top_level,,3039607513036815,0,"Thứ Năm, 17 Tháng 9, 2026 lúc 14:21",2026-09-17T14:21:00+07:00,0,1eb99167d8542d18ad57bb4884238fc24e601aa6,,0,0,facebook_20260925_0325,baseline_20260925_032543,2026-09-25T10:46:52.719970+07:00
facebook_c_3101538363519108,facebook,https://www.facebook.com/watch?v=1415912760740883,1415912760740883,"Hà Nội sáng 17/9: Cập nhật các điểm ngập, người đi làm cần lưu ý
Hà Nội sáng 17/9 tiếp tục có mưa lớn, nguy cơ úng ngập tại một số khu vực. Cập nhật các tuyến đường, điểm ngập đáng chú ý để người dân chủ động lựa chọn lộ trình trong giờ cao điểm.

Tạp chí Nông nghiệp và Môi trường tiếp tục cập nhật tình hình mưa lớn, ngập úng và giao thông tại Hà Nội.

👉 Theo dõi Tạp chí Nông nghiệp và Môi trường để cập nhật nhanh các thông tin thời tiết, môi trường và đời sống.
#HaNoi #NgapHaNoi #MuaLon #NgapUng #GiaoThongHaNoi #HaNoiSangNay #ThoiTietHaNoi #TapChiNongNghiepVaMoiTruong",(20+) Video,2026-09-16T23:28:24.000Z,2026-09-16T23:28:24+00:00,Mới mưa chứ chưa bão đâu,top_level,,3101538363519108,0,"Thứ Năm, 17 Tháng 9, 2026 lúc 12:12",2026-09-17T12:12:00+07:00,0,e7d33264b8bd7c695c324bf05253cf73457e4a87,,0,0,facebook_20260925_0325,baseline_20260925_032543,2026-09-25T10:46:52.733630+07:00
facebook_c_3202490176622081,facebook,https://www.facebook.com/watch?v=1415912760740883,1415912760740883,"Hà Nội sáng 17/9: Cập nhật các điểm ngập, người đi làm cần lưu ý
Hà Nội sáng 17/9 tiếp tục có mưa lớn, nguy cơ úng ngập tại một số khu vực. Cập nhật các tuyến đường, điểm ngập đáng chú ý để người dân chủ động lựa chọn lộ trình trong giờ cao điểm.

Tạp chí Nông nghiệp và Môi trường tiếp tục cập nhật tình hình mưa lớn, ngập úng và giao thông tại Hà Nội.

👉 Theo dõi Tạp chí Nông nghiệp và Môi trường để cập nhật nhanh các thông tin thời tiết, môi trường và đời sống.
#HaNoi #NgapHaNoi #MuaLon #NgapUng #GiaoThongHaNoi #HaNoiSangNay #ThoiTietHaNoi #TapChiNongNghiepVaMoiTruong",(20+) Video,2026-09-16T23:28:24.000Z,2026-09-16T23:28:24+00:00,"Dềnh nước thôi,, kakaka",top_level,,3202490176622081,0,"Thứ Năm, 17 Tháng 9, 2026 lúc 14:01",2026-09-17T14:01:00+07:00,0,4e5497fb71892b117aaf1cfed5ff4e3e95d33fad,,0,0,facebook_20260925_0325,baseline_20260925_032543,2026-09-25T10:46:52.786481+07:00
facebook_c_3237079286502340,facebook,https://www.facebook.com/watch?v=1415912760740883,1415912760740883,"Hà Nội sáng 17/9: Cập nhật các điểm ngập, người đi làm cần lưu ý
Hà Nội sáng 17/9 tiếp tục có mưa lớn, nguy cơ úng ngập tại một số khu vực. Cập nhật các tuyến đường, điểm ngập đáng chú ý để người dân chủ động lựa chọn lộ trình trong giờ cao điểm.

Tạp chí Nông nghiệp và Môi trường tiếp tục cập nhật tình hình mưa lớn, ngập úng và giao thông tại Hà Nội.

👉 Theo dõi Tạp chí Nông nghiệp và Môi trường để cập nhật nhanh các thông tin thời tiết, môi trường và đời sống.
#HaNoi #NgapHaNoi #MuaLon #NgapUng #GiaoThongHaNoi #HaNoiSangNay #ThoiTietHaNoi #TapChiNongNghiepVaMoiTruong",(20+) Video,2026-09-16T23:28:24.000Z,2026-09-16T23:28:24+00:00,Co nuoc roi .bơi ra biển lớn.kkkkk,top_level,,3237079286502340,0,"Thứ Năm, 17 Tháng 9, 2026 lúc 12:15",2026-09-17T12:15:00+07:00,0,c2384a4c07f18b474f03ee070b427760cb0a623b,hanoi_location,0,0,facebook_20260925_0325,baseline_20260925_032543,2026-09-25T10:46:52.735628+07:00
facebook_c_3333723633682171,facebook,https://www.facebook.com/watch?v=1415912760740883,1415912760740883,"Hà Nội sáng 17/9: Cập nhật các điểm ngập, người đi làm cần lưu ý
Hà Nội sáng 17/9 tiếp tục có mưa lớn, nguy cơ úng ngập tại một số khu vực. Cập nhật các tuyến đường, điểm ngập đáng chú ý để người dân chủ động lựa chọn lộ trình trong giờ cao điểm.

Tạp chí Nông nghiệp và Môi trường tiếp tục cập nhật tình hình mưa lớn, ngập úng và giao thông tại Hà Nội.

👉 Theo dõi Tạp chí Nông nghiệp và Môi trường để cập nhật nhanh các thông tin thời tiết, môi trường và đời sống.
#HaNoi #NgapHaNoi #MuaLon #NgapUng #GiaoThongHaNoi #HaNoiSangNay #ThoiTietHaNoi #TapChiNongNghiepVaMoiTruong",(20+) Video,2026-09-16T23:28:24.000Z,2026-09-16T23:28:24+00:00,"Có ai đó ơi, lôi phi thường ra thưởng thức sản phẩm DỀNH NƯỚC "" chống ngập lụt thành công ""  ...với",top_level,,3333723633682171,0,"Thứ Năm, 17 Tháng 9, 2026 lúc 12:28",2026-09-17T12:28:00+07:00,0,cabbf30a69c938e89db473246921df49018310de,"flood_state,hanoi_location",0,0,facebook_20260925_0325,baseline_20260925_032543,2026-09-25T10:46:52.715407+07:00
facebook_c_3462797733879837,facebook,https://www.facebook.com/watch?v=1415912760740883,1415912760740883,"Hà Nội sáng 17/9: Cập nhật các điểm ngập, người đi làm cần lưu ý
Hà Nội sáng 17/9 tiếp tục có mưa lớn, nguy cơ úng ngập tại một số khu vực. Cập nhật các tuyến đường, điểm ngập đáng chú ý để người dân chủ động lựa chọn lộ trình trong giờ cao điểm.

Tạp chí Nông nghiệp và Môi trường tiếp tục cập nhật tình hình mưa lớn, ngập úng và giao thông tại Hà Nội.

👉 Theo dõi Tạp chí Nông nghiệp và Môi trường để cập nhật nhanh các thông tin thời tiết, môi trường và đời sống.
#HaNoi #NgapHaNoi #MuaLon #NgapUng #GiaoThongHaNoi #HaNoiSangNay #ThoiTietHaNoi #TapChiNongNghiepVaMoiTruong",(20+) Video,2026-09-16T23:28:24.000Z,2026-09-16T23:28:24+00:00,Hà Nội mùa này phố cũng như sông hiu hiu  giólạnh,top_level,,3462797733879837,0,"Thứ Năm, 17 Tháng 9, 2026 lúc 13:26",2026-09-17T13:26:00+07:00,0,3d650e706c151f4dfa00bf5a9c87fd017090dc6b,hanoi_location,0,0,facebook_20260925_0325,baseline_20260925_032543,2026-09-25T10:46:52.765231+07:00
facebook_c_3490314631147270,facebook,https://www.facebook.com/watch?v=1415912760740883,1415912760740883,"Hà Nội sáng 17/9: Cập nhật các điểm ngập, người đi làm cần lưu ý
Hà Nội sáng 17/9 tiếp tục có mưa lớn, nguy cơ úng ngập tại một số khu vực. Cập nhật các tuyến đường, điểm ngập đáng chú ý để người dân chủ động lựa chọn lộ trình trong giờ cao điểm.

Tạp chí Nông nghiệp và Môi trường tiếp tục cập nhật tình hình mưa lớn, ngập úng và giao thông tại Hà Nội.

👉 Theo dõi Tạp chí Nông nghiệp và Môi trường để cập nhật nhanh các thông tin thời tiết, môi trường và đời sống.
#HaNoi #NgapHaNoi #MuaLon #NgapUng #GiaoThongHaNoi #HaNoiSangNay #ThoiTietHaNoi #TapChiNongNghiepVaMoiTruong",(20+) Video,2026-09-16T23:28:24.000Z,2026-09-16T23:28:24+00:00,Nguyễn Tố Quyên Hà Nội mấy hôm nay,top_level,,3490314631147270,0,"Thứ Năm, 17 Tháng 9, 2026 lúc 14:01",2026-09-17T14:01:00+07:00,0,2b3d31b4a494d871b6dc164e26864ee53a8f5587,hanoi_location,0,0,facebook_20260925_0325,baseline_20260925_032543,2026-09-25T10:46:52.726481+07:00
facebook_c_3964834690322455,facebook,https://www.facebook.com/watch?v=1415912760740883,1415912760740883,"Hà Nội sáng 17/9: Cập nhật các điểm ngập, người đi làm cần lưu ý
Hà Nội sáng 17/9 tiếp tục có mưa lớn, nguy cơ úng ngập tại một số khu vực. Cập nhật các tuyến đường, điểm ngập đáng chú ý để người dân chủ động lựa chọn lộ trình trong giờ cao điểm.

Tạp chí Nông nghiệp và Môi trường tiếp tục cập nhật tình hình mưa lớn, ngập úng và giao thông tại Hà Nội.

👉 Theo dõi Tạp chí Nông nghiệp và Môi trường để cập nhật nhanh các thông tin thời tiết, môi trường và đời sống.
#HaNoi #NgapHaNoi #MuaLon #NgapUng #GiaoThongHaNoi #HaNoiSangNay #ThoiTietHaNoi #TapChiNongNghiepVaMoiTruong",(20+) Video,2026-09-16T23:28:24.000Z,2026-09-16T23:28:24+00:00,A Di Đà Phât,top_level,,3964834690322455,0,"Thứ Năm, 17 Tháng 9, 2026 lúc 21:08",2026-09-17T21:08:00+07:00,0,658c9a5c8d4bbab4286e5cac55415a4ece4ec04f,,0,0,facebook_20260925_0325,baseline_20260925_032543,2026-09-25T10:46:52.778969+07:00
facebook_c_4023326897970037,facebook,https://www.facebook.com/watch?v=1415912760740883,1415912760740883,"Hà Nội sáng 17/9: Cập nhật các điểm ngập, người đi làm cần lưu ý
Hà Nội sáng 17/9 tiếp tục có mưa lớn, nguy cơ úng ngập tại một số khu vực. Cập nhật các tuyến đường, điểm ngập đáng chú ý để người dân chủ động lựa chọn lộ trình trong giờ cao điểm.

Tạp chí Nông nghiệp và Môi trường tiếp tục cập nhật tình hình mưa lớn, ngập úng và giao thông tại Hà Nội.

👉 Theo dõi Tạp chí Nông nghiệp và Môi trường để cập nhật nhanh các thông tin thời tiết, môi trường và đời sống.
#HaNoi #NgapHaNoi #MuaLon #NgapUng #GiaoThongHaNoi #HaNoiSangNay #ThoiTietHaNoi #TapChiNongNghiepVaMoiTruong",(20+) Video,2026-09-16T23:28:24.000Z,2026-09-16T23:28:24+00:00,"Hà nội thủ đô của cả nước đấy ,,",top_level,,4023326897970037,0,"Thứ Năm, 17 Tháng 9, 2026 lúc 12:19",2026-09-17T12:19:00+07:00,0,666862a8a84f496130d552405b14ca1ed14d6a48,hanoi_location,0,0,facebook_20260925_0325,baseline_20260925_032543,2026-09-25T10:46:52.720971+07:00
facebook_c_4139172756215492,facebook,https://www.facebook.com/watch?v=1415912760740883,1415912760740883,"Hà Nội sáng 17/9: Cập nhật các điểm ngập, người đi làm cần lưu ý
Hà Nội sáng 17/9 tiếp tục có mưa lớn, nguy cơ úng ngập tại một số khu vực. Cập nhật các tuyến đường, điểm ngập đáng chú ý để người dân chủ động lựa chọn lộ trình trong giờ cao điểm.

Tạp chí Nông nghiệp và Môi trường tiếp tục cập nhật tình hình mưa lớn, ngập úng và giao thông tại Hà Nội.

👉 Theo dõi Tạp chí Nông nghiệp và Môi trường để cập nhật nhanh các thông tin thời tiết, môi trường và đời sống.
#HaNoi #NgapHaNoi #MuaLon #NgapUng #GiaoThongHaNoi #HaNoiSangNay #ThoiTietHaNoi #TapChiNongNghiepVaMoiTruong",(20+) Video,2026-09-16T23:28:24.000Z,2026-09-16T23:28:24+00:00,HÀ LỘI MÙA THU ÔI XX TRONG NGƯỜI QUA,top_level,,4139172756215492,0,"Thứ Năm, 17 Tháng 9, 2026 lúc 16:07",2026-09-17T16:07:00+07:00,0,792aa93735787ad3394ba69a1e9183f025693ba5,,0,0,facebook_20260925_0325,baseline_20260925_032543,2026-09-25T10:46:52.712798+07:00
facebook_c_4217858615183138,facebook,https://www.facebook.com/watch?v=1415912760740883,1415912760740883,"Hà Nội sáng 17/9: Cập nhật các điểm ngập, người đi làm cần lưu ý
Hà Nội sáng 17/9 tiếp tục có mưa lớn, nguy cơ úng ngập tại một số khu vực. Cập nhật các tuyến đường, điểm ngập đáng chú ý để người dân chủ động lựa chọn lộ trình trong giờ cao điểm.

Tạp chí Nông nghiệp và Môi trường tiếp tục cập nhật tình hình mưa lớn, ngập úng và giao thông tại Hà Nội.

👉 Theo dõi Tạp chí Nông nghiệp và Môi trường để cập nhật nhanh các thông tin thời tiết, môi trường và đời sống.
#HaNoi #NgapHaNoi #MuaLon #NgapUng #GiaoThongHaNoi #HaNoiSangNay #ThoiTietHaNoi #TapChiNongNghiepVaMoiTruong",(20+) Video,2026-09-16T23:28:24.000Z,2026-09-16T23:28:24+00:00,Mong trời phật thương nd Việt Nam .Nam mô A Di Đà Phật. Cầu xin mẹ thiên nhiên che chở cho chúng sanh trên toàn cầu giảm nhẹ thiên tai lũ lụt bão gió động đất sóng thần núi lửa thảm họa thiên nhiên. Bất hạnh từng phương. Mong mọi người bình an,top_level,,4217858615183138,0,"Thứ Sáu, 18 Tháng 9, 2026 lúc 10:34",2026-09-18T10:34:00+07:00,0,d1804fae008838a8cc04c8b06d1ed1082ee44487,"flood_state,hanoi_location",0,0,facebook_20260925_0325,baseline_20260925_032543,2026-09-25T10:46:52.754235+07:00
facebook_c_4414131562138266,facebook,https://www.facebook.com/watch?v=1415912760740883,1415912760740883,"Hà Nội sáng 17/9: Cập nhật các điểm ngập, người đi làm cần lưu ý
Hà Nội sáng 17/9 tiếp tục có mưa lớn, nguy cơ úng ngập tại một số khu vực. Cập nhật các tuyến đường, điểm ngập đáng chú ý để người dân chủ động lựa chọn lộ trình trong giờ cao điểm.

Tạp chí Nông nghiệp và Môi trường tiếp tục cập nhật tình hình mưa lớn, ngập úng và giao thông tại Hà Nội.

👉 Theo dõi Tạp chí Nông nghiệp và Môi trường để cập nhật nhanh các thông tin thời tiết, môi trường và đời sống.
#HaNoi #NgapHaNoi #MuaLon #NgapUng #GiaoThongHaNoi #HaNoiSangNay #ThoiTietHaNoi #TapChiNongNghiepVaMoiTruong",(20+) Video,2026-09-16T23:28:24.000Z,2026-09-16T23:28:24+00:00,"""Tụ thủy, tụ tài""/",top_level,,4414131562138266,0,"Thứ Năm, 17 Tháng 9, 2026 lúc 10:11",2026-09-17T10:11:00+07:00,0,19ff594a63f0e4e7d98f0d0c9732391fa62f8839,,0,0,facebook_20260925_0325,baseline_20260925_032543,2026-09-25T10:46:52.701277+07:00
facebook_c_4433292663551876,facebook,https://www.facebook.com/watch?v=1415912760740883,1415912760740883,"Hà Nội sáng 17/9: Cập nhật các điểm ngập, người đi làm cần lưu ý
Hà Nội sáng 17/9 tiếp tục có mưa lớn, nguy cơ úng ngập tại một số khu vực. Cập nhật các tuyến đường, điểm ngập đáng chú ý để người dân chủ động lựa chọn lộ trình trong giờ cao điểm.

Tạp chí Nông nghiệp và Môi trường tiếp tục cập nhật tình hình mưa lớn, ngập úng và giao thông tại Hà Nội.

👉 Theo dõi Tạp chí Nông nghiệp và Môi trường để cập nhật nhanh các thông tin thời tiết, môi trường và đời sống.
#HaNoi #NgapHaNoi #MuaLon #NgapUng #GiaoThongHaNoi #HaNoiSangNay #ThoiTietHaNoi #TapChiNongNghiepVaMoiTruong",(20+) Video,2026-09-16T23:28:24.000Z,2026-09-16T23:28:24+00:00,Huyen Tran,top_level,,4433292663551876,0,"Thứ Năm, 17 Tháng 9, 2026 lúc 11:01",2026-09-17T11:01:00+07:00,0,d4fa5e1a41837fdae5e6791e714f3cb77e459ce2,hanoi_location,0,0,facebook_20260925_0325,baseline_20260925_032543,2026-09-25T10:46:52.765231+07:00
facebook_c_4471011669824387,facebook,https://www.facebook.com/watch?v=1415912760740883,1415912760740883,"Hà Nội sáng 17/9: Cập nhật các điểm ngập, người đi làm cần lưu ý
Hà Nội sáng 17/9 tiếp tục có mưa lớn, nguy cơ úng ngập tại một số khu vực. Cập nhật các tuyến đường, điểm ngập đáng chú ý để người dân chủ động lựa chọn lộ trình trong giờ cao điểm.

Tạp chí Nông nghiệp và Môi trường tiếp tục cập nhật tình hình mưa lớn, ngập úng và giao thông tại Hà Nội.

👉 Theo dõi Tạp chí Nông nghiệp và Môi trường để cập nhật nhanh các thông tin thời tiết, môi trường và đời sống.
#HaNoi #NgapHaNoi #MuaLon #NgapUng #GiaoThongHaNoi #HaNoiSangNay #ThoiTietHaNoi #TapChiNongNghiepVaMoiTruong",(20+) Video,2026-09-16T23:28:24.000Z,2026-09-16T23:28:24+00:00,Cầm ổn lời tầm sự 7000.000,top_level,,4471011669824387,0,"Thứ Năm, 17 Tháng 9, 2026 lúc 10:21",2026-09-17T10:21:00+07:00,0,f65e09a7bb2305be49a7df52d527bd81a13cd50d,hanoi_location,0,0,facebook_20260925_0325,baseline_20260925_032543,2026-09-25T10:46:52.756743+07:00
facebook_c_4487533011484888,facebook,https://www.facebook.com/watch?v=1415912760740883,1415912760740883,"Hà Nội sáng 17/9: Cập nhật các điểm ngập, người đi làm cần lưu ý
Hà Nội sáng 17/9 tiếp tục có mưa lớn, nguy cơ úng ngập tại một số khu vực. Cập nhật các tuyến đường, điểm ngập đáng chú ý để người dân chủ động lựa chọn lộ trình trong giờ cao điểm.

Tạp chí Nông nghiệp và Môi trường tiếp tục cập nhật tình hình mưa lớn, ngập úng và giao thông tại Hà Nội.

👉 Theo dõi Tạp chí Nông nghiệp và Môi trường để cập nhật nhanh các thông tin thời tiết, môi trường và đời sống.
#HaNoi #NgapHaNoi #MuaLon #NgapUng #GiaoThongHaNoi #HaNoiSangNay #ThoiTietHaNoi #TapChiNongNghiepVaMoiTruong",(20+) Video,2026-09-16T23:28:24.000Z,2026-09-16T23:28:24+00:00,Mới dềnh thôi chứ ngập còn lớn hơn nhiều,top_level,,4487533011484888,0,"Thứ Năm, 17 Tháng 9, 2026 lúc 13:40",2026-09-17T13:40:00+07:00,0,40f378de7b10ce1ac32a4face36eb0a8eda73689,"flood_state,hanoi_location",0,0,facebook_20260925_0325,baseline_20260925_032543,2026-09-25T10:46:52.720971+07:00
facebook_c_4513823742223779,facebook,https://www.facebook.com/watch?v=1415912760740883,1415912760740883,"Hà Nội sáng 17/9: Cập nhật các điểm ngập, người đi làm cần lưu ý
Hà Nội sáng 17/9 tiếp tục có mưa lớn, nguy cơ úng ngập tại một số khu vực. Cập nhật các tuyến đường, điểm ngập đáng chú ý để người dân chủ động lựa chọn lộ trình trong giờ cao điểm.

Tạp chí Nông nghiệp và Môi trường tiếp tục cập nhật tình hình mưa lớn, ngập úng và giao thông tại Hà Nội.

👉 Theo dõi Tạp chí Nông nghiệp và Môi trường để cập nhật nhanh các thông tin thời tiết, môi trường và đời sống.
#HaNoi #NgapHaNoi #MuaLon #NgapUng #GiaoThongHaNoi #HaNoiSangNay #ThoiTietHaNoi #TapChiNongNghiepVaMoiTruong",(20+) Video,2026-09-16T23:28:24.000Z,2026-09-16T23:28:24+00:00,"Kiểm tra khơi thông cống tất cả xem nào? Tp bắc giang khi có ct Tuấn về đã làm đc việc này, tp BG giờ đã hết ngập úng các tp lớn nhé!",top_level,,4513823742223779,0,"Thứ Năm, 17 Tháng 9, 2026 lúc 10:55",2026-09-17T10:55:00+07:00,0,db4e7aab5f7e2c4886026284395e172d2858d229,"flood_state,hanoi_location",0,0,facebook_20260925_0325,baseline_20260925_032543,2026-09-25T10:46:52.759233+07:00
facebook_c_4546469908921810,facebook,https://www.facebook.com/watch?v=1415912760740883,1415912760740883,"Hà Nội sáng 17/9: Cập nhật các điểm ngập, người đi làm cần lưu ý
Hà Nội sáng 17/9 tiếp tục có mưa lớn, nguy cơ úng ngập tại một số khu vực. Cập nhật các tuyến đường, điểm ngập đáng chú ý để người dân chủ động lựa chọn lộ trình trong giờ cao điểm.

Tạp chí Nông nghiệp và Môi trường tiếp tục cập nhật tình hình mưa lớn, ngập úng và giao thông tại Hà Nội.

👉 Theo dõi Tạp chí Nông nghiệp và Môi trường để cập nhật nhanh các thông tin thời tiết, môi trường và đời sống.
#HaNoi #NgapHaNoi #MuaLon #NgapUng #GiaoThongHaNoi #HaNoiSangNay #ThoiTietHaNoi #TapChiNongNghiepVaMoiTruong",(20+) Video,2026-09-16T23:28:24.000Z,2026-09-16T23:28:24+00:00,Tiền vào như nước luôn,top_level,,4546469908921810,0,"Thứ Năm, 17 Tháng 9, 2026 lúc 11:12",2026-09-17T11:12:00+07:00,0,933fc5f0a34f2931c4e2f20e5851b0a60a6430cb,hanoi_location,0,0,facebook_20260925_0325,baseline_20260925_032543,2026-09-25T10:46:52.723971+07:00
facebook_c_4812347075659388,facebook,https://www.facebook.com/watch?v=1415912760740883,1415912760740883,"Hà Nội sáng 17/9: Cập nhật các điểm ngập, người đi làm cần lưu ý
Hà Nội sáng 17/9 tiếp tục có mưa lớn, nguy cơ úng ngập tại một số khu vực. Cập nhật các tuyến đường, điểm ngập đáng chú ý để người dân chủ động lựa chọn lộ trình trong giờ cao điểm.

Tạp chí Nông nghiệp và Môi trường tiếp tục cập nhật tình hình mưa lớn, ngập úng và giao thông tại Hà Nội.

👉 Theo dõi Tạp chí Nông nghiệp và Môi trường để cập nhật nhanh các thông tin thời tiết, môi trường và đời sống.
#HaNoi #NgapHaNoi #MuaLon #NgapUng #GiaoThongHaNoi #HaNoiSangNay #ThoiTietHaNoi #TapChiNongNghiepVaMoiTruong",(20+) Video,2026-09-16T23:28:24.000Z,2026-09-16T23:28:24+00:00,Rồi dịch bệnh sẽ gây ra và lây lan nhiều nơi!.,top_level,,4812347075659388,0,"Thứ Năm, 17 Tháng 9, 2026 lúc 17:52",2026-09-17T17:52:00+07:00,0,45f25ebfcbf34124ca952ad4001e271956acc6fb,hanoi_location,0,0,facebook_20260925_0325,baseline_20260925_032543,2026-09-25T10:46:52.722004+07:00
facebook_c_5076233495952429,facebook,https://www.facebook.com/watch?v=1415912760740883,1415912760740883,"Hà Nội sáng 17/9: Cập nhật các điểm ngập, người đi làm cần lưu ý
Hà Nội sáng 17/9 tiếp tục có mưa lớn, nguy cơ úng ngập tại một số khu vực. Cập nhật các tuyến đường, điểm ngập đáng chú ý để người dân chủ động lựa chọn lộ trình trong giờ cao điểm.

Tạp chí Nông nghiệp và Môi trường tiếp tục cập nhật tình hình mưa lớn, ngập úng và giao thông tại Hà Nội.

👉 Theo dõi Tạp chí Nông nghiệp và Môi trường để cập nhật nhanh các thông tin thời tiết, môi trường và đời sống.
#HaNoi #NgapHaNoi #MuaLon #NgapUng #GiaoThongHaNoi #HaNoiSangNay #ThoiTietHaNoi #TapChiNongNghiepVaMoiTruong",(20+) Video,2026-09-16T23:28:24.000Z,2026-09-16T23:28:24+00:00,"No an gi ma no ng.. U ...the  chu .nay ma song voi cau e thi cau e mang cho xuat  ngay ve que e no chui cho ..tai sao KHONG CO DUC .KHONG CO TAI ....MA LAI NGOI CHEM CHE O GHE AY . ..TRONG CHINH PHU LANH DAO HAN HOI ....CHI THUONG VO CUNG THUONG NHUNG NGUOI DAN ..*""PHAI BOI QUA CUT DAI .CONG RANH DANG LEN CAO MOI BOI VE DEN NHA *"" KHO OI LA KHO.....NGUOI DAN THAP CO BE HONG BIET KEU THAU TROI CUNG AI..""*NEN NHO SE CHET VI LUOI TROI *""...",top_level,,5076233495952429,0,"Thứ Năm, 17 Tháng 9, 2026 lúc 21:25",2026-09-17T21:25:00+07:00,0,8ad8e103fdba3295564d038ecf037eb5232788db,"transport_impact,hanoi_location",0,0,facebook_20260925_0325,baseline_20260925_032543,2026-09-25T10:46:52.773817+07:00
facebook_c_831036000069017,facebook,https://www.facebook.com/watch?v=1415912760740883,1415912760740883,"Hà Nội sáng 17/9: Cập nhật các điểm ngập, người đi làm cần lưu ý
Hà Nội sáng 17/9 tiếp tục có mưa lớn, nguy cơ úng ngập tại một số khu vực. Cập nhật các tuyến đường, điểm ngập đáng chú ý để người dân chủ động lựa chọn lộ trình trong giờ cao điểm.

Tạp chí Nông nghiệp và Môi trường tiếp tục cập nhật tình hình mưa lớn, ngập úng và giao thông tại Hà Nội.

👉 Theo dõi Tạp chí Nông nghiệp và Môi trường để cập nhật nhanh các thông tin thời tiết, môi trường và đời sống.
#HaNoi #NgapHaNoi #MuaLon #NgapUng #GiaoThongHaNoi #HaNoiSangNay #ThoiTietHaNoi #TapChiNongNghiepVaMoiTruong",(20+) Video,2026-09-16T23:28:24.000Z,2026-09-16T23:28:24+00:00,"Đợt mưa đang là bài Tess thực tế nhất để ld , các chuyên gia, các nhà khoa học xem xét, đánh giá một cách toàn diện tình trạng úng ngập của Hà nội và xd các giải pháp căn cơ để giải quyết triệt để tình trạng này . Chứ hời hợt nghĩ nông cạn rồi phỏng đoán chủ quan đưa ra cách xử lý rồi gấp rút hoàn thành và nhanh nhẩu đưa tin  hết ngập khi mới vài cơn mưa nhỏ. Để báo cáo tbt về chấp hành nghiêm chỉ thị . Căn bệnh thành tích, chủ quan , làm thì yếu, báo cáo thì hay đã ăn sâu bám rễ vào máu rồi rất cần sửa ....",top_level,,831036000069017,0,"Thứ Năm, 17 Tháng 9, 2026 lúc 09:38",2026-09-17T09:38:00+07:00,0,344c1445e7896e502af7ca770e7a921ca61585d4,"flood_state,hanoi_location",0,0,facebook_20260925_0325,baseline_20260925_032543,2026-09-25T10:46:52.742666+07:00
facebook_c_918006961145532,facebook,https://www.facebook.com/watch?v=1415912760740883,1415912760740883,"Hà Nội sáng 17/9: Cập nhật các điểm ngập, người đi làm cần lưu ý
Hà Nội sáng 17/9 tiếp tục có mưa lớn, nguy cơ úng ngập tại một số khu vực. Cập nhật các tuyến đường, điểm ngập đáng chú ý để người dân chủ động lựa chọn lộ trình trong giờ cao điểm.

Tạp chí Nông nghiệp và Môi trường tiếp tục cập nhật tình hình mưa lớn, ngập úng và giao thông tại Hà Nội.

👉 Theo dõi Tạp chí Nông nghiệp và Môi trường để cập nhật nhanh các thông tin thời tiết, môi trường và đời sống.
#HaNoi #NgapHaNoi #MuaLon #NgapUng #GiaoThongHaNoi #HaNoiSangNay #ThoiTietHaNoi #TapChiNongNghiepVaMoiTruong",(20+) Video,2026-09-16T23:28:24.000Z,2026-09-16T23:28:24+00:00,Hà lội mà,top_level,,918006961145532,0,"Thứ Năm, 17 Tháng 9, 2026 lúc 13:13",2026-09-17T13:13:00+07:00,0,b8e5c6960262790221880d3f495d4cbaddfb0017,,0,0,facebook_20260925_0325,baseline_20260925_032543,2026-09-25T10:46:52.705276+07:00
facebook_c_922124320580049,facebook,https://www.facebook.com/watch?v=1415912760740883,1415912760740883,"Hà Nội sáng 17/9: Cập nhật các điểm ngập, người đi làm cần lưu ý
Hà Nội sáng 17/9 tiếp tục có mưa lớn, nguy cơ úng ngập tại một số khu vực. Cập nhật các tuyến đường, điểm ngập đáng chú ý để người dân chủ động lựa chọn lộ trình trong giờ cao điểm.

Tạp chí Nông nghiệp và Môi trường tiếp tục cập nhật tình hình mưa lớn, ngập úng và giao thông tại Hà Nội.

👉 Theo dõi Tạp chí Nông nghiệp và Môi trường để cập nhật nhanh các thông tin thời tiết, môi trường và đời sống.
#HaNoi #NgapHaNoi #MuaLon #NgapUng #GiaoThongHaNoi #HaNoiSangNay #ThoiTietHaNoi #TapChiNongNghiepVaMoiTruong",(20+) Video,2026-09-16T23:28:24.000Z,2026-09-16T23:28:24+00:00,từ yên nghĩa về cầu mai lĩnh còn ngập ko các bác,top_level,,922124320580049,0,"Thứ Năm, 17 Tháng 9, 2026 lúc 12:22",2026-09-17T12:22:00+07:00,0,7a3ccdf8c84f9b1fbf1b0456054afdf7f5909b8b,"flood_state,hanoi_location",0,0,facebook_20260925_0325,baseline_20260925_032543,2026-09-25T10:46:52.714347+07:00
facebook_c_947165801794926,facebook,https://www.facebook.com/watch?v=1415912760740883,1415912760740883,"Hà Nội sáng 17/9: Cập nhật các điểm ngập, người đi làm cần lưu ý
Hà Nội sáng 17/9 tiếp tục có mưa lớn, nguy cơ úng ngập tại một số khu vực. Cập nhật các tuyến đường, điểm ngập đáng chú ý để người dân chủ động lựa chọn lộ trình trong giờ cao điểm.

Tạp chí Nông nghiệp và Môi trường tiếp tục cập nhật tình hình mưa lớn, ngập úng và giao thông tại Hà Nội.

👉 Theo dõi Tạp chí Nông nghiệp và Môi trường để cập nhật nhanh các thông tin thời tiết, môi trường và đời sống.
#HaNoi #NgapHaNoi #MuaLon #NgapUng #GiaoThongHaNoi #HaNoiSangNay #ThoiTietHaNoi #TapChiNongNghiepVaMoiTruong",(20+) Video,2026-09-16T23:28:24.000Z,2026-09-16T23:28:24+00:00,Nước non đầy đủ giàu có,top_level,,947165801794926,0,"Thứ Năm, 17 Tháng 9, 2026 lúc 10:28",2026-09-17T10:28:00+07:00,0,f09b1e3e1e8432e6c66fff4adf3eca0b7d946c40,hanoi_location,0,0,facebook_20260925_0325,baseline_20260925_032543,2026-09-25T10:46:52.704276+07:00
facebook_c_951355324128682,facebook,https://www.facebook.com/watch?v=1415912760740883,1415912760740883,"Hà Nội sáng 17/9: Cập nhật các điểm ngập, người đi làm cần lưu ý
Hà Nội sáng 17/9 tiếp tục có mưa lớn, nguy cơ úng ngập tại một số khu vực. Cập nhật các tuyến đường, điểm ngập đáng chú ý để người dân chủ động lựa chọn lộ trình trong giờ cao điểm.

Tạp chí Nông nghiệp và Môi trường tiếp tục cập nhật tình hình mưa lớn, ngập úng và giao thông tại Hà Nội.

👉 Theo dõi Tạp chí Nông nghiệp và Môi trường để cập nhật nhanh các thông tin thời tiết, môi trường và đời sống.
#HaNoi #NgapHaNoi #MuaLon #NgapUng #GiaoThongHaNoi #HaNoiSangNay #ThoiTietHaNoi #TapChiNongNghiepVaMoiTruong",(20+) Video,2026-09-16T23:28:24.000Z,2026-09-16T23:28:24+00:00,Cảnh đẹp thiên nhiên,top_level,,951355324128682,0,"Thứ Năm, 17 Tháng 9, 2026 lúc 17:50",2026-09-17T17:50:00+07:00,0,0153433819c9709c8855b6276f3848a9529ce5fd,hanoi_location,0,0,facebook_20260925_0325,baseline_20260925_032543,2026-09-25T10:46:52.780970+07:00
facebook_c_997884926043589,facebook,https://www.facebook.com/watch?v=1415912760740883,1415912760740883,"Hà Nội sáng 17/9: Cập nhật các điểm ngập, người đi làm cần lưu ý
Hà Nội sáng 17/9 tiếp tục có mưa lớn, nguy cơ úng ngập tại một số khu vực. Cập nhật các tuyến đường, điểm ngập đáng chú ý để người dân chủ động lựa chọn lộ trình trong giờ cao điểm.

Tạp chí Nông nghiệp và Môi trường tiếp tục cập nhật tình hình mưa lớn, ngập úng và giao thông tại Hà Nội.

👉 Theo dõi Tạp chí Nông nghiệp và Môi trường để cập nhật nhanh các thông tin thời tiết, môi trường và đời sống.
#HaNoi #NgapHaNoi #MuaLon #NgapUng #GiaoThongHaNoi #HaNoiSangNay #ThoiTietHaNoi #TapChiNongNghiepVaMoiTruong",(20+) Video,2026-09-16T23:28:24.000Z,2026-09-16T23:28:24+00:00,Nước dềnh hơi lâu chờ các bộ óc thiên tài giáo sư tiến sỹ giấy giải cứu,top_level,,997884926043589,0,"Thứ Năm, 24 Tháng 9, 2026 lúc 18:24",2026-09-24T18:24:00+07:00,0,6482971e460dfa6b432468a77b8698c851091e95,hanoi_location,0,0,facebook_20260925_0325,baseline_20260925_032543,2026-09-25T10:46:52.757751+07:00
facebook_c_1164562885598994,facebook,https://www.facebook.com/watch?v=1461303481749216,1461303481749216,"Sống ở Hà Nội đủ lâu để thấy được trận ngập lụt kinh hoàng như này. Từ công ty đi về, thị tự tin xông thẳng ra Tân Mai nhưng hỡi ôi Tân Mai thất thủ thị phải tìm cách mò mẫm mãi mới ra được Trương Định. Tới cuối Trương Định giao Giải Phóng thị đành quay lại vì Giải Phóng ngập. Cuối cùng thị quyết định vào bến xe Giáp Bát gửi xe và đi bộ về nhà! Nghe có vẻ điên rồ nhưng khi đi ra tới Giải Phóng, nhìn đoàn xe ùn tắc bì bõm lội nước thị đã thấy mình đúng. Thôi thì cuối tháng thể dục thể thao nâng cao sức khoẻ chào đón tháng mới cũng được nhỉ!
Hà Nội ơi, xin hãy ngừng mưa đi!!!!",(20+) Video,2025-09-30T10:31:32.000Z,2025-09-30T10:31:32+00:00,Thương quá!,top_level,,1164562885598994,0,"Thứ Ba, 30 Tháng 9, 2025 lúc 20:01",2025-09-30T20:01:00+07:00,0,3f0b254374736059538d17e3cf4a8bf69a6fdb42,,0,0,facebook_20260925_0325,baseline_20260925_032543,2026-09-25T10:56:30.163838+07:00
facebook_c_1514272606264523,facebook,https://www.facebook.com/watch?v=1461303481749216,1461303481749216,"Sống ở Hà Nội đủ lâu để thấy được trận ngập lụt kinh hoàng như này. Từ công ty đi về, thị tự tin xông thẳng ra Tân Mai nhưng hỡi ôi Tân Mai thất thủ thị phải tìm cách mò mẫm mãi mới ra được Trương Định. Tới cuối Trương Định giao Giải Phóng thị đành quay lại vì Giải Phóng ngập. Cuối cùng thị quyết định vào bến xe Giáp Bát gửi xe và đi bộ về nhà! Nghe có vẻ điên rồ nhưng khi đi ra tới Giải Phóng, nhìn đoàn xe ùn tắc bì bõm lội nước thị đã thấy mình đúng. Thôi thì cuối tháng thể dục thể thao nâng cao sức khoẻ chào đón tháng mới cũng được nhỉ!
Hà Nội ơi, xin hãy ngừng mưa đi!!!!",(20+) Video,2025-09-30T10:31:32.000Z,2025-09-30T10:31:32+00:00,Trang Lê cứ lũ lụt là khổ b ah,reply,1164562885598994,1164562885598994,1,"Thứ Ba, 30 Tháng 9, 2025 lúc 20:12",2025-09-30T20:12:00+07:00,0,,flood_state,0,0,facebook_20260925_0325,baseline_20260925_032543,2026-09-25T10:56:30.169040+07:00
facebook_c_695761393537190,facebook,https://www.facebook.com/watch?v=1461303481749216,1461303481749216,"Sống ở Hà Nội đủ lâu để thấy được trận ngập lụt kinh hoàng như này. Từ công ty đi về, thị tự tin xông thẳng ra Tân Mai nhưng hỡi ôi Tân Mai thất thủ thị phải tìm cách mò mẫm mãi mới ra được Trương Định. Tới cuối Trương Định giao Giải Phóng thị đành quay lại vì Giải Phóng ngập. Cuối cùng thị quyết định vào bến xe Giáp Bát gửi xe và đi bộ về nhà! Nghe có vẻ điên rồ nhưng khi đi ra tới Giải Phóng, nhìn đoàn xe ùn tắc bì bõm lội nước thị đã thấy mình đúng. Thôi thì cuối tháng thể dục thể thao nâng cao sức khoẻ chào đón tháng mới cũng được nhỉ!
Hà Nội ơi, xin hãy ngừng mưa đi!!!!",(20+) Video,2025-09-30T10:31:32.000Z,2025-09-30T10:31:32+00:00,"Trang Lê tạnh mưa rồi b ạ, hy vọng rút nước nhanh để mng đi làm",reply,1164562885598994,1164562885598994,1,"Thứ Tư, 1 Tháng 10, 2025 lúc 07:00",2025-10-01T07:00:00+07:00,0,,transport_impact,0,0,facebook_20260925_0325,baseline_20260925_032543,2026-09-25T10:56:30.169040+07:00
facebook_c_2025871748238072,facebook,https://www.facebook.com/watch?v=1461303481749216,1461303481749216,"Sống ở Hà Nội đủ lâu để thấy được trận ngập lụt kinh hoàng như này. Từ công ty đi về, thị tự tin xông thẳng ra Tân Mai nhưng hỡi ôi Tân Mai thất thủ thị phải tìm cách mò mẫm mãi mới ra được Trương Định. Tới cuối Trương Định giao Giải Phóng thị đành quay lại vì Giải Phóng ngập. Cuối cùng thị quyết định vào bến xe Giáp Bát gửi xe và đi bộ về nhà! Nghe có vẻ điên rồ nhưng khi đi ra tới Giải Phóng, nhìn đoàn xe ùn tắc bì bõm lội nước thị đã thấy mình đúng. Thôi thì cuối tháng thể dục thể thao nâng cao sức khoẻ chào đón tháng mới cũng được nhỉ!
Hà Nội ơi, xin hãy ngừng mưa đi!!!!",(20+) Video,2025-09-30T10:31:32.000Z,2025-09-30T10:31:32+00:00,Hien Tran sáng nay tình hình sao rồi bạn?,reply,1164562885598994,1164562885598994,1,"Thứ Tư, 1 Tháng 10, 2025 lúc 06:48",2025-10-01T06:48:00+07:00,0,,hanoi_location,0,0,facebook_20260925_0325,baseline_20260925_032543,2026-09-25T10:56:30.174039+07:00
facebook_c_1290558219752281,facebook,https://www.facebook.com/watch?v=1461303481749216,1461303481749216,"Sống ở Hà Nội đủ lâu để thấy được trận ngập lụt kinh hoàng như này. Từ công ty đi về, thị tự tin xông thẳng ra Tân Mai nhưng hỡi ôi Tân Mai thất thủ thị phải tìm cách mò mẫm mãi mới ra được Trương Định. Tới cuối Trương Định giao Giải Phóng thị đành quay lại vì Giải Phóng ngập. Cuối cùng thị quyết định vào bến xe Giáp Bát gửi xe và đi bộ về nhà! Nghe có vẻ điên rồ nhưng khi đi ra tới Giải Phóng, nhìn đoàn xe ùn tắc bì bõm lội nước thị đã thấy mình đúng. Thôi thì cuối tháng thể dục thể thao nâng cao sức khoẻ chào đón tháng mới cũng được nhỉ!
Hà Nội ơi, xin hãy ngừng mưa đi!!!!",(20+) Video,2025-09-30T10:31:32.000Z,2025-09-30T10:31:32+00:00,Lụt ghê vậy b?,top_level,,1290558219752281,0,"Thứ Ba, 30 Tháng 9, 2025 lúc 19:37",2025-09-30T19:37:00+07:00,0,658767474583a5dab2b35dfcd4712738ffcbccc4,flood_state,0,0,facebook_20260925_0325,baseline_20260925_032543,2026-09-25T10:56:30.171035+07:00
facebook_c_1391684816009454,facebook,https://www.facebook.com/watch?v=1461303481749216,1461303481749216,"Sống ở Hà Nội đủ lâu để thấy được trận ngập lụt kinh hoàng như này. Từ công ty đi về, thị tự tin xông thẳng ra Tân Mai nhưng hỡi ôi Tân Mai thất thủ thị phải tìm cách mò mẫm mãi mới ra được Trương Định. Tới cuối Trương Định giao Giải Phóng thị đành quay lại vì Giải Phóng ngập. Cuối cùng thị quyết định vào bến xe Giáp Bát gửi xe và đi bộ về nhà! Nghe có vẻ điên rồ nhưng khi đi ra tới Giải Phóng, nhìn đoàn xe ùn tắc bì bõm lội nước thị đã thấy mình đúng. Thôi thì cuối tháng thể dục thể thao nâng cao sức khoẻ chào đón tháng mới cũng được nhỉ!
Hà Nội ơi, xin hãy ngừng mưa đi!!!!",(20+) Video,2025-09-30T10:31:32.000Z,2025-09-30T10:31:32+00:00,Ha Tran năm nay mưa nhiều b ạ,reply,1290558219752281,1290558219752281,1,"Thứ Ba, 30 Tháng 9, 2025 lúc 20:11",2025-09-30T20:11:00+07:00,0,,hanoi_location,0,0,facebook_20260925_0325,baseline_20260925_032543,2026-09-25T10:56:30.175083+07:00
facebook_c_1301635564464645,facebook,https://www.facebook.com/watch?v=1461303481749216,1461303481749216,"Sống ở Hà Nội đủ lâu để thấy được trận ngập lụt kinh hoàng như này. Từ công ty đi về, thị tự tin xông thẳng ra Tân Mai nhưng hỡi ôi Tân Mai thất thủ thị phải tìm cách mò mẫm mãi mới ra được Trương Định. Tới cuối Trương Định giao Giải Phóng thị đành quay lại vì Giải Phóng ngập. Cuối cùng thị quyết định vào bến xe Giáp Bát gửi xe và đi bộ về nhà! Nghe có vẻ điên rồ nhưng khi đi ra tới Giải Phóng, nhìn đoàn xe ùn tắc bì bõm lội nước thị đã thấy mình đúng. Thôi thì cuối tháng thể dục thể thao nâng cao sức khoẻ chào đón tháng mới cũng được nhỉ!
Hà Nội ơi, xin hãy ngừng mưa đi!!!!",(20+) Video,2025-09-30T10:31:32.000Z,2025-09-30T10:31:32+00:00,HN đã biến thành sông ư?,top_level,,1301635564464645,0,"Thứ Ba, 30 Tháng 9, 2025 lúc 21:37",2025-09-30T21:37:00+07:00,0,d5b4afb08d8dcb2ecdd04fa2d3130969a6c5d140,hanoi_location,0,0,facebook_20260925_0325,baseline_20260925_032543,2026-09-25T10:56:30.187968+07:00
facebook_c_1165378078778136,facebook,https://www.facebook.com/watch?v=1461303481749216,1461303481749216,"Sống ở Hà Nội đủ lâu để thấy được trận ngập lụt kinh hoàng như này. Từ công ty đi về, thị tự tin xông thẳng ra Tân Mai nhưng hỡi ôi Tân Mai thất thủ thị phải tìm cách mò mẫm mãi mới ra được Trương Định. Tới cuối Trương Định giao Giải Phóng thị đành quay lại vì Giải Phóng ngập. Cuối cùng thị quyết định vào bến xe Giáp Bát gửi xe và đi bộ về nhà! Nghe có vẻ điên rồ nhưng khi đi ra tới Giải Phóng, nhìn đoàn xe ùn tắc bì bõm lội nước thị đã thấy mình đúng. Thôi thì cuối tháng thể dục thể thao nâng cao sức khoẻ chào đón tháng mới cũng được nhỉ!
Hà Nội ơi, xin hãy ngừng mưa đi!!!!",(20+) Video,2025-09-30T10:31:32.000Z,2025-09-30T10:31:32+00:00,Lưu Thủy con sông này hơi bị dài và rộng,reply,1301635564464645,1301635564464645,1,"Thứ Tư, 1 Tháng 10, 2025 lúc 10:04",2025-10-01T10:04:00+07:00,0,,hanoi_location,0,0,facebook_20260925_0325,baseline_20260925_032543,2026-09-25T10:56:30.191003+07:00
facebook_c_1326947692260194,facebook,https://www.facebook.com/watch?v=1461303481749216,1461303481749216,"Sống ở Hà Nội đủ lâu để thấy được trận ngập lụt kinh hoàng như này. Từ công ty đi về, thị tự tin xông thẳng ra Tân Mai nhưng hỡi ôi Tân Mai thất thủ thị phải tìm cách mò mẫm mãi mới ra được Trương Định. Tới cuối Trương Định giao Giải Phóng thị đành quay lại vì Giải Phóng ngập. Cuối cùng thị quyết định vào bến xe Giáp Bát gửi xe và đi bộ về nhà! Nghe có vẻ điên rồ nhưng khi đi ra tới Giải Phóng, nhìn đoàn xe ùn tắc bì bõm lội nước thị đã thấy mình đúng. Thôi thì cuối tháng thể dục thể thao nâng cao sức khoẻ chào đón tháng mới cũng được nhỉ!
Hà Nội ơi, xin hãy ngừng mưa đi!!!!",(20+) Video,2025-09-30T10:31:32.000Z,2025-09-30T10:31:32+00:00,"A ngồi cty 21j mới về, nhiều khu vẫn tắc do ngập, may quá nhà tận ngoại ô )))) đi đường đê khô thoáng",top_level,,1326947692260194,0,"Thứ Tư, 1 Tháng 10, 2025 lúc 06:11",2025-10-01T06:11:00+07:00,0,49f981687f52d3c3874f9d61d94c8407493bf143,"flood_state,transport_impact,hanoi_location",0,0,facebook_20260925_0325,baseline_20260925_032543,2026-09-25T10:56:30.187968+07:00
facebook_c_689867490805620,facebook,https://www.facebook.com/watch?v=1461303481749216,1461303481749216,"Sống ở Hà Nội đủ lâu để thấy được trận ngập lụt kinh hoàng như này. Từ công ty đi về, thị tự tin xông thẳng ra Tân Mai nhưng hỡi ôi Tân Mai thất thủ thị phải tìm cách mò mẫm mãi mới ra được Trương Định. Tới cuối Trương Định giao Giải Phóng thị đành quay lại vì Giải Phóng ngập. Cuối cùng thị quyết định vào bến xe Giáp Bát gửi xe và đi bộ về nhà! Nghe có vẻ điên rồ nhưng khi đi ra tới Giải Phóng, nhìn đoàn xe ùn tắc bì bõm lội nước thị đã thấy mình đúng. Thôi thì cuối tháng thể dục thể thao nâng cao sức khoẻ chào đón tháng mới cũng được nhỉ!
Hà Nội ơi, xin hãy ngừng mưa đi!!!!",(20+) Video,2025-09-30T10:31:32.000Z,2025-09-30T10:31:32+00:00,Nguyễn Thắng nhà e cũng ngoại ô mà))) Linh Đàm cao nên khô thoáng còn xung quanh đó là biển nước,reply,1326947692260194,1326947692260194,1,"Thứ Tư, 1 Tháng 10, 2025 lúc 07:01",2025-10-01T07:01:00+07:00,0,,hanoi_location,0,0,facebook_20260925_0325,baseline_20260925_032543,2026-09-25T10:56:30.192003+07:00
facebook_c_763613006548936,facebook,https://www.facebook.com/watch?v=1461303481749216,1461303481749216,"Sống ở Hà Nội đủ lâu để thấy được trận ngập lụt kinh hoàng như này. Từ công ty đi về, thị tự tin xông thẳng ra Tân Mai nhưng hỡi ôi Tân Mai thất thủ thị phải tìm cách mò mẫm mãi mới ra được Trương Định. Tới cuối Trương Định giao Giải Phóng thị đành quay lại vì Giải Phóng ngập. Cuối cùng thị quyết định vào bến xe Giáp Bát gửi xe và đi bộ về nhà! Nghe có vẻ điên rồ nhưng khi đi ra tới Giải Phóng, nhìn đoàn xe ùn tắc bì bõm lội nước thị đã thấy mình đúng. Thôi thì cuối tháng thể dục thể thao nâng cao sức khoẻ chào đón tháng mới cũng được nhỉ!
Hà Nội ơi, xin hãy ngừng mưa đi!!!!",(20+) Video,2025-09-30T10:31:32.000Z,2025-09-30T10:31:32+00:00,Hien Tran đúng Bán Đảo,reply,1326947692260194,1326947692260194,1,"Thứ Tư, 1 Tháng 10, 2025 lúc 08:42",2025-10-01T08:42:00+07:00,0,,hanoi_location,0,0,facebook_20260925_0325,baseline_20260925_032543,2026-09-25T10:56:30.192969+07:00
facebook_c_1331355138567471,facebook,https://www.facebook.com/watch?v=1461303481749216,1461303481749216,"Sống ở Hà Nội đủ lâu để thấy được trận ngập lụt kinh hoàng như này. Từ công ty đi về, thị tự tin xông thẳng ra Tân Mai nhưng hỡi ôi Tân Mai thất thủ thị phải tìm cách mò mẫm mãi mới ra được Trương Định. Tới cuối Trương Định giao Giải Phóng thị đành quay lại vì Giải Phóng ngập. Cuối cùng thị quyết định vào bến xe Giáp Bát gửi xe và đi bộ về nhà! Nghe có vẻ điên rồ nhưng khi đi ra tới Giải Phóng, nhìn đoàn xe ùn tắc bì bõm lội nước thị đã thấy mình đúng. Thôi thì cuối tháng thể dục thể thao nâng cao sức khoẻ chào đón tháng mới cũng được nhỉ!
Hà Nội ơi, xin hãy ngừng mưa đi!!!!",(20+) Video,2025-09-30T10:31:32.000Z,2025-09-30T10:31:32+00:00,Chị ơi ở Hà Nội thủ đô mà thất thủ vậy về quê thôi chị ơi,top_level,,1331355138567471,0,"Thứ Ba, 30 Tháng 9, 2025 lúc 18:27",2025-09-30T18:27:00+07:00,0,780e8cdad128eb210ecc5b29bec3701f8e803adc,hanoi_location,0,0,facebook_20260925_0325,baseline_20260925_032543,2026-09-25T10:56:30.179365+07:00
facebook_c_1205625148041542,facebook,https://www.facebook.com/watch?v=1461303481749216,1461303481749216,"Sống ở Hà Nội đủ lâu để thấy được trận ngập lụt kinh hoàng như này. Từ công ty đi về, thị tự tin xông thẳng ra Tân Mai nhưng hỡi ôi Tân Mai thất thủ thị phải tìm cách mò mẫm mãi mới ra được Trương Định. Tới cuối Trương Định giao Giải Phóng thị đành quay lại vì Giải Phóng ngập. Cuối cùng thị quyết định vào bến xe Giáp Bát gửi xe và đi bộ về nhà! Nghe có vẻ điên rồ nhưng khi đi ra tới Giải Phóng, nhìn đoàn xe ùn tắc bì bõm lội nước thị đã thấy mình đúng. Thôi thì cuối tháng thể dục thể thao nâng cao sức khoẻ chào đón tháng mới cũng được nhỉ!
Hà Nội ơi, xin hãy ngừng mưa đi!!!!",(20+) Video,2025-09-30T10:31:32.000Z,2025-09-30T10:31:32+00:00,Trần Thị Huyền Trang thế hay cuối tuần lại về quê ăn trung thu nhờ,reply,1331355138567471,1331355138567471,1,"Thứ Ba, 30 Tháng 9, 2025 lúc 18:42",2025-09-30T18:42:00+07:00,0,,hanoi_location,0,0,facebook_20260925_0325,baseline_20260925_032543,2026-09-25T10:56:30.185395+07:00
facebook_c_1331855971710174,facebook,https://www.facebook.com/watch?v=1461303481749216,1461303481749216,"Sống ở Hà Nội đủ lâu để thấy được trận ngập lụt kinh hoàng như này. Từ công ty đi về, thị tự tin xông thẳng ra Tân Mai nhưng hỡi ôi Tân Mai thất thủ thị phải tìm cách mò mẫm mãi mới ra được Trương Định. Tới cuối Trương Định giao Giải Phóng thị đành quay lại vì Giải Phóng ngập. Cuối cùng thị quyết định vào bến xe Giáp Bát gửi xe và đi bộ về nhà! Nghe có vẻ điên rồ nhưng khi đi ra tới Giải Phóng, nhìn đoàn xe ùn tắc bì bõm lội nước thị đã thấy mình đúng. Thôi thì cuối tháng thể dục thể thao nâng cao sức khoẻ chào đón tháng mới cũng được nhỉ!
Hà Nội ơi, xin hãy ngừng mưa đi!!!!",(20+) Video,2025-09-30T10:31:32.000Z,2025-09-30T10:31:32+00:00,"Về đến nhà an toàn là may mắn rồi nè! Chúc mừng em an toàn về nhà! Em chị và cháu lội mà cũng chưa tới luôn, khổ thật!",top_level,,1331855971710174,0,"Thứ Ba, 30 Tháng 9, 2025 lúc 19:03",2025-09-30T19:03:00+07:00,0,3dfa1c601cc705b532d6d5c1ca4e3b334c0e10c2,"transport_impact,hanoi_location",0,0,facebook_20260925_0325,baseline_20260925_032543,2026-09-25T10:56:30.157505+07:00
facebook_c_1850317149250331,facebook,https://www.facebook.com/watch?v=1461303481749216,1461303481749216,"Sống ở Hà Nội đủ lâu để thấy được trận ngập lụt kinh hoàng như này. Từ công ty đi về, thị tự tin xông thẳng ra Tân Mai nhưng hỡi ôi Tân Mai thất thủ thị phải tìm cách mò mẫm mãi mới ra được Trương Định. Tới cuối Trương Định giao Giải Phóng thị đành quay lại vì Giải Phóng ngập. Cuối cùng thị quyết định vào bến xe Giáp Bát gửi xe và đi bộ về nhà! Nghe có vẻ điên rồ nhưng khi đi ra tới Giải Phóng, nhìn đoàn xe ùn tắc bì bõm lội nước thị đã thấy mình đúng. Thôi thì cuối tháng thể dục thể thao nâng cao sức khoẻ chào đón tháng mới cũng được nhỉ!
Hà Nội ơi, xin hãy ngừng mưa đi!!!!",(20+) Video,2025-09-30T10:31:32.000Z,2025-09-30T10:31:32+00:00,"Đậu Hà Lan dạ chị, mưa lũ làm người dân quá khốn khổ luôn ạ",reply,1331855971710174,1331855971710174,1,"Thứ Ba, 30 Tháng 9, 2025 lúc 19:35",2025-09-30T19:35:00+07:00,0,,hanoi_location,0,0,facebook_20260925_0325,baseline_20260925_032543,2026-09-25T10:56:30.158613+07:00
facebook_c_1332421281656949,facebook,https://www.facebook.com/watch?v=1461303481749216,1461303481749216,"Sống ở Hà Nội đủ lâu để thấy được trận ngập lụt kinh hoàng như này. Từ công ty đi về, thị tự tin xông thẳng ra Tân Mai nhưng hỡi ôi Tân Mai thất thủ thị phải tìm cách mò mẫm mãi mới ra được Trương Định. Tới cuối Trương Định giao Giải Phóng thị đành quay lại vì Giải Phóng ngập. Cuối cùng thị quyết định vào bến xe Giáp Bát gửi xe và đi bộ về nhà! Nghe có vẻ điên rồ nhưng khi đi ra tới Giải Phóng, nhìn đoàn xe ùn tắc bì bõm lội nước thị đã thấy mình đúng. Thôi thì cuối tháng thể dục thể thao nâng cao sức khoẻ chào đón tháng mới cũng được nhỉ!
Hà Nội ơi, xin hãy ngừng mưa đi!!!!",(20+) Video,2025-09-30T10:31:32.000Z,2025-09-30T10:31:32+00:00,"Đúng là hà nội , khiếp luôn",top_level,,1332421281656949,0,"Thứ Ba, 30 Tháng 9, 2025 lúc 18:15",2025-09-30T18:15:00+07:00,0,99d93343883821112e6b77358cc9b775b74dd38e,hanoi_location,0,0,facebook_20260925_0325,baseline_20260925_032543,2026-09-25T10:56:30.170038+07:00
facebook_c_1330647858728040,facebook,https://www.facebook.com/watch?v=1461303481749216,1461303481749216,"Sống ở Hà Nội đủ lâu để thấy được trận ngập lụt kinh hoàng như này. Từ công ty đi về, thị tự tin xông thẳng ra Tân Mai nhưng hỡi ôi Tân Mai thất thủ thị phải tìm cách mò mẫm mãi mới ra được Trương Định. Tới cuối Trương Định giao Giải Phóng thị đành quay lại vì Giải Phóng ngập. Cuối cùng thị quyết định vào bến xe Giáp Bát gửi xe và đi bộ về nhà! Nghe có vẻ điên rồ nhưng khi đi ra tới Giải Phóng, nhìn đoàn xe ùn tắc bì bõm lội nước thị đã thấy mình đúng. Thôi thì cuối tháng thể dục thể thao nâng cao sức khoẻ chào đón tháng mới cũng được nhỉ!
Hà Nội ơi, xin hãy ngừng mưa đi!!!!",(20+) Video,2025-09-30T10:31:32.000Z,2025-09-30T10:31:32+00:00,Minh Tiệp hưởng tí cho nhớ chứ lị,reply,1332421281656949,1332421281656949,1,"Thứ Ba, 30 Tháng 9, 2025 lúc 18:17",2025-09-30T18:17:00+07:00,0,,,0,0,facebook_20260925_0325,baseline_20260925_032543,2026-09-25T10:56:30.175083+07:00
facebook_c_1336483821488292,facebook,https://www.facebook.com/watch?v=1461303481749216,1461303481749216,"Sống ở Hà Nội đủ lâu để thấy được trận ngập lụt kinh hoàng như này. Từ công ty đi về, thị tự tin xông thẳng ra Tân Mai nhưng hỡi ôi Tân Mai thất thủ thị phải tìm cách mò mẫm mãi mới ra được Trương Định. Tới cuối Trương Định giao Giải Phóng thị đành quay lại vì Giải Phóng ngập. Cuối cùng thị quyết định vào bến xe Giáp Bát gửi xe và đi bộ về nhà! Nghe có vẻ điên rồ nhưng khi đi ra tới Giải Phóng, nhìn đoàn xe ùn tắc bì bõm lội nước thị đã thấy mình đúng. Thôi thì cuối tháng thể dục thể thao nâng cao sức khoẻ chào đón tháng mới cũng được nhỉ!
Hà Nội ơi, xin hãy ngừng mưa đi!!!!",(20+) Video,2025-09-30T10:31:32.000Z,2025-09-30T10:31:32+00:00,Mát c nhở,top_level,,1336483821488292,0,"Thứ Ba, 30 Tháng 9, 2025 lúc 19:29",2025-09-30T19:29:00+07:00,0,3be92c61a1bc8da27eddd7290f47a09a97b7d2e1,,0,0,facebook_20260925_0325,baseline_20260925_032543,2026-09-25T10:56:30.178353+07:00
facebook_c_1444495223300919,facebook,https://www.facebook.com/watch?v=1461303481749216,1461303481749216,"Sống ở Hà Nội đủ lâu để thấy được trận ngập lụt kinh hoàng như này. Từ công ty đi về, thị tự tin xông thẳng ra Tân Mai nhưng hỡi ôi Tân Mai thất thủ thị phải tìm cách mò mẫm mãi mới ra được Trương Định. Tới cuối Trương Định giao Giải Phóng thị đành quay lại vì Giải Phóng ngập. Cuối cùng thị quyết định vào bến xe Giáp Bát gửi xe và đi bộ về nhà! Nghe có vẻ điên rồ nhưng khi đi ra tới Giải Phóng, nhìn đoàn xe ùn tắc bì bõm lội nước thị đã thấy mình đúng. Thôi thì cuối tháng thể dục thể thao nâng cao sức khoẻ chào đón tháng mới cũng được nhỉ!
Hà Nội ơi, xin hãy ngừng mưa đi!!!!",(20+) Video,2025-09-30T10:31:32.000Z,2025-09-30T10:31:32+00:00,Phạm Phượng mát lạnh,reply,1336483821488292,1336483821488292,1,"Thứ Ba, 30 Tháng 9, 2025 lúc 20:11",2025-09-30T20:11:00+07:00,0,,,0,0,facebook_20260925_0325,baseline_20260925_032543,2026-09-25T10:56:30.184401+07:00
facebook_c_1366780355053098,facebook,https://www.facebook.com/watch?v=1461303481749216,1461303481749216,"Sống ở Hà Nội đủ lâu để thấy được trận ngập lụt kinh hoàng như này. Từ công ty đi về, thị tự tin xông thẳng ra Tân Mai nhưng hỡi ôi Tân Mai thất thủ thị phải tìm cách mò mẫm mãi mới ra được Trương Định. Tới cuối Trương Định giao Giải Phóng thị đành quay lại vì Giải Phóng ngập. Cuối cùng thị quyết định vào bến xe Giáp Bát gửi xe và đi bộ về nhà! Nghe có vẻ điên rồ nhưng khi đi ra tới Giải Phóng, nhìn đoàn xe ùn tắc bì bõm lội nước thị đã thấy mình đúng. Thôi thì cuối tháng thể dục thể thao nâng cao sức khoẻ chào đón tháng mới cũng được nhỉ!
Hà Nội ơi, xin hãy ngừng mưa đi!!!!",(20+) Video,2025-09-30T10:31:32.000Z,2025-09-30T10:31:32+00:00,Đặc sản mà dì mùa mưa nào cũng dc hưởng,top_level,,1366780355053098,0,"Thứ Ba, 30 Tháng 9, 2025 lúc 19:49",2025-09-30T19:49:00+07:00,0,64aa3d4cd9bb01a93444be8a5195f06e2cf208b3,hanoi_location,0,0,facebook_20260925_0325,baseline_20260925_032543,2026-09-25T10:56:30.173039+07:00
facebook_c_1191562509694804,facebook,https://www.facebook.com/watch?v=1461303481749216,1461303481749216,"Sống ở Hà Nội đủ lâu để thấy được trận ngập lụt kinh hoàng như này. Từ công ty đi về, thị tự tin xông thẳng ra Tân Mai nhưng hỡi ôi Tân Mai thất thủ thị phải tìm cách mò mẫm mãi mới ra được Trương Định. Tới cuối Trương Định giao Giải Phóng thị đành quay lại vì Giải Phóng ngập. Cuối cùng thị quyết định vào bến xe Giáp Bát gửi xe và đi bộ về nhà! Nghe có vẻ điên rồ nhưng khi đi ra tới Giải Phóng, nhìn đoàn xe ùn tắc bì bõm lội nước thị đã thấy mình đúng. Thôi thì cuối tháng thể dục thể thao nâng cao sức khoẻ chào đón tháng mới cũng được nhỉ!
Hà Nội ơi, xin hãy ngừng mưa đi!!!!",(20+) Video,2025-09-30T10:31:32.000Z,2025-09-30T10:31:32+00:00,Nguyễn Hường e ở đây mười mấy năm mà năm nay mới thấy ghê vậy đó bác,reply,1366780355053098,1366780355053098,1,"Thứ Ba, 30 Tháng 9, 2025 lúc 20:11",2025-09-30T20:11:00+07:00,0,,hanoi_location,0,0,facebook_20260925_0325,baseline_20260925_032543,2026-09-25T10:56:30.175083+07:00
facebook_c_1427763481620094,facebook,https://www.facebook.com/watch?v=1461303481749216,1461303481749216,"Sống ở Hà Nội đủ lâu để thấy được trận ngập lụt kinh hoàng như này. Từ công ty đi về, thị tự tin xông thẳng ra Tân Mai nhưng hỡi ôi Tân Mai thất thủ thị phải tìm cách mò mẫm mãi mới ra được Trương Định. Tới cuối Trương Định giao Giải Phóng thị đành quay lại vì Giải Phóng ngập. Cuối cùng thị quyết định vào bến xe Giáp Bát gửi xe và đi bộ về nhà! Nghe có vẻ điên rồ nhưng khi đi ra tới Giải Phóng, nhìn đoàn xe ùn tắc bì bõm lội nước thị đã thấy mình đúng. Thôi thì cuối tháng thể dục thể thao nâng cao sức khoẻ chào đón tháng mới cũng được nhỉ!
Hà Nội ơi, xin hãy ngừng mưa đi!!!!",(20+) Video,2025-09-30T10:31:32.000Z,2025-09-30T10:31:32+00:00,Ng ta gọi là hà lội c ah,top_level,,1427763481620094,0,"Thứ Ba, 30 Tháng 9, 2025 lúc 19:26",2025-09-30T19:26:00+07:00,0,45ddad0a927a85b26d8b68974fcdb27075f221a3,,0,0,facebook_20260925_0325,baseline_20260925_032543,2026-09-25T10:56:30.172041+07:00
facebook_c_1299868884847637,facebook,https://www.facebook.com/watch?v=1461303481749216,1461303481749216,"Sống ở Hà Nội đủ lâu để thấy được trận ngập lụt kinh hoàng như này. Từ công ty đi về, thị tự tin xông thẳng ra Tân Mai nhưng hỡi ôi Tân Mai thất thủ thị phải tìm cách mò mẫm mãi mới ra được Trương Định. Tới cuối Trương Định giao Giải Phóng thị đành quay lại vì Giải Phóng ngập. Cuối cùng thị quyết định vào bến xe Giáp Bát gửi xe và đi bộ về nhà! Nghe có vẻ điên rồ nhưng khi đi ra tới Giải Phóng, nhìn đoàn xe ùn tắc bì bõm lội nước thị đã thấy mình đúng. Thôi thì cuối tháng thể dục thể thao nâng cao sức khoẻ chào đón tháng mới cũng được nhỉ!
Hà Nội ơi, xin hãy ngừng mưa đi!!!!",(20+) Video,2025-09-30T10:31:32.000Z,2025-09-30T10:31:32+00:00,Hoàng Hương lội bì bõm lun e,reply,1427763481620094,1427763481620094,1,"Thứ Ba, 30 Tháng 9, 2025 lúc 20:11",2025-09-30T20:11:00+07:00,0,,hanoi_location,0,0,facebook_20260925_0325,baseline_20260925_032543,2026-09-25T10:56:30.175083+07:00
facebook_c_1439598377099328,facebook,https://www.facebook.com/watch?v=1461303481749216,1461303481749216,"Sống ở Hà Nội đủ lâu để thấy được trận ngập lụt kinh hoàng như này. Từ công ty đi về, thị tự tin xông thẳng ra Tân Mai nhưng hỡi ôi Tân Mai thất thủ thị phải tìm cách mò mẫm mãi mới ra được Trương Định. Tới cuối Trương Định giao Giải Phóng thị đành quay lại vì Giải Phóng ngập. Cuối cùng thị quyết định vào bến xe Giáp Bát gửi xe và đi bộ về nhà! Nghe có vẻ điên rồ nhưng khi đi ra tới Giải Phóng, nhìn đoàn xe ùn tắc bì bõm lội nước thị đã thấy mình đúng. Thôi thì cuối tháng thể dục thể thao nâng cao sức khoẻ chào đón tháng mới cũng được nhỉ!
Hà Nội ơi, xin hãy ngừng mưa đi!!!!",(20+) Video,2025-09-30T10:31:32.000Z,2025-09-30T10:31:32+00:00,"Có anh nào dắt bộ, tay trong tay dưới mưa thì thành ngôn tình đấy chị Hien Tran",top_level,,1439598377099328,0,"Thứ Ba, 30 Tháng 9, 2025 lúc 21:12",2025-09-30T21:12:00+07:00,0,499990305c1bf089edda437c56d2fce828191e3c,hanoi_location,0,0,facebook_20260925_0325,baseline_20260925_032543,2026-09-25T10:56:30.187968+07:00
facebook_c_1317094312674473,facebook,https://www.facebook.com/watch?v=1461303481749216,1461303481749216,"Sống ở Hà Nội đủ lâu để thấy được trận ngập lụt kinh hoàng như này. Từ công ty đi về, thị tự tin xông thẳng ra Tân Mai nhưng hỡi ôi Tân Mai thất thủ thị phải tìm cách mò mẫm mãi mới ra được Trương Định. Tới cuối Trương Định giao Giải Phóng thị đành quay lại vì Giải Phóng ngập. Cuối cùng thị quyết định vào bến xe Giáp Bát gửi xe và đi bộ về nhà! Nghe có vẻ điên rồ nhưng khi đi ra tới Giải Phóng, nhìn đoàn xe ùn tắc bì bõm lội nước thị đã thấy mình đúng. Thôi thì cuối tháng thể dục thể thao nâng cao sức khoẻ chào đón tháng mới cũng được nhỉ!
Hà Nội ơi, xin hãy ngừng mưa đi!!!!",(20+) Video,2025-09-30T10:31:32.000Z,2025-09-30T10:31:32+00:00,"Dinh Hong Van 1 tay ảnh cầm ô, 1 tay dắt mình, chao ôi khéo lúc đấy lại cứ lựa đường nào ngập nhất mà đi cô ạ",reply,1439598377099328,1439598377099328,1,"Thứ Ba, 30 Tháng 9, 2025 lúc 21:19",2025-09-30T21:19:00+07:00,0,,"flood_state,transport_impact,hanoi_location",0,0,facebook_20260925_0325,baseline_20260925_032543,2026-09-25T10:56:30.191003+07:00
facebook_c_1865923484322558,facebook,https://www.facebook.com/watch?v=1461303481749216,1461303481749216,"Sống ở Hà Nội đủ lâu để thấy được trận ngập lụt kinh hoàng như này. Từ công ty đi về, thị tự tin xông thẳng ra Tân Mai nhưng hỡi ôi Tân Mai thất thủ thị phải tìm cách mò mẫm mãi mới ra được Trương Định. Tới cuối Trương Định giao Giải Phóng thị đành quay lại vì Giải Phóng ngập. Cuối cùng thị quyết định vào bến xe Giáp Bát gửi xe và đi bộ về nhà! Nghe có vẻ điên rồ nhưng khi đi ra tới Giải Phóng, nhìn đoàn xe ùn tắc bì bõm lội nước thị đã thấy mình đúng. Thôi thì cuối tháng thể dục thể thao nâng cao sức khoẻ chào đón tháng mới cũng được nhỉ!
Hà Nội ơi, xin hãy ngừng mưa đi!!!!",(20+) Video,2025-09-30T10:31:32.000Z,2025-09-30T10:31:32+00:00,"Hien Tran đúng chất ngôn tình, chị k đi làm biên kịch hơi lãng phí tài năng",reply,1439598377099328,1439598377099328,1,"Thứ Ba, 30 Tháng 9, 2025 lúc 21:44",2025-09-30T21:44:00+07:00,0,,"transport_impact,hanoi_location",0,0,facebook_20260925_0325,baseline_20260925_032543,2026-09-25T10:56:30.192969+07:00
facebook_c_1464733134750528,facebook,https://www.facebook.com/watch?v=1461303481749216,1461303481749216,"Sống ở Hà Nội đủ lâu để thấy được trận ngập lụt kinh hoàng như này. Từ công ty đi về, thị tự tin xông thẳng ra Tân Mai nhưng hỡi ôi Tân Mai thất thủ thị phải tìm cách mò mẫm mãi mới ra được Trương Định. Tới cuối Trương Định giao Giải Phóng thị đành quay lại vì Giải Phóng ngập. Cuối cùng thị quyết định vào bến xe Giáp Bát gửi xe và đi bộ về nhà! Nghe có vẻ điên rồ nhưng khi đi ra tới Giải Phóng, nhìn đoàn xe ùn tắc bì bõm lội nước thị đã thấy mình đúng. Thôi thì cuối tháng thể dục thể thao nâng cao sức khoẻ chào đón tháng mới cũng được nhỉ!
Hà Nội ơi, xin hãy ngừng mưa đi!!!!",(20+) Video,2025-09-30T10:31:32.000Z,2025-09-30T10:31:32+00:00,Trời quơi,top_level,,1464733134750528,0,"Thứ Ba, 30 Tháng 9, 2025 lúc 18:31",2025-09-30T18:31:00+07:00,0,693754e12b32cd55e3ceb9820d2786249e2a0056,,0,0,facebook_20260925_0325,baseline_20260925_032543,2026-09-25T10:56:30.173039+07:00
facebook_c_1566690578040998,facebook,https://www.facebook.com/watch?v=1461303481749216,1461303481749216,"Sống ở Hà Nội đủ lâu để thấy được trận ngập lụt kinh hoàng như này. Từ công ty đi về, thị tự tin xông thẳng ra Tân Mai nhưng hỡi ôi Tân Mai thất thủ thị phải tìm cách mò mẫm mãi mới ra được Trương Định. Tới cuối Trương Định giao Giải Phóng thị đành quay lại vì Giải Phóng ngập. Cuối cùng thị quyết định vào bến xe Giáp Bát gửi xe và đi bộ về nhà! Nghe có vẻ điên rồ nhưng khi đi ra tới Giải Phóng, nhìn đoàn xe ùn tắc bì bõm lội nước thị đã thấy mình đúng. Thôi thì cuối tháng thể dục thể thao nâng cao sức khoẻ chào đón tháng mới cũng được nhỉ!
Hà Nội ơi, xin hãy ngừng mưa đi!!!!",(20+) Video,2025-09-30T10:31:32.000Z,2025-09-30T10:31:32+00:00,Tuấn Tây Nguyên đặc sản mùa mưa bão ngoài này bác ạ,reply,1464733134750528,1464733134750528,1,"Thứ Ba, 30 Tháng 9, 2025 lúc 18:44",2025-09-30T18:44:00+07:00,0,,hanoi_location,0,0,facebook_20260925_0325,baseline_20260925_032543,2026-09-25T10:56:30.176629+07:00
facebook_c_1476904590228385,facebook,https://www.facebook.com/watch?v=1461303481749216,1461303481749216,"Sống ở Hà Nội đủ lâu để thấy được trận ngập lụt kinh hoàng như này. Từ công ty đi về, thị tự tin xông thẳng ra Tân Mai nhưng hỡi ôi Tân Mai thất thủ thị phải tìm cách mò mẫm mãi mới ra được Trương Định. Tới cuối Trương Định giao Giải Phóng thị đành quay lại vì Giải Phóng ngập. Cuối cùng thị quyết định vào bến xe Giáp Bát gửi xe và đi bộ về nhà! Nghe có vẻ điên rồ nhưng khi đi ra tới Giải Phóng, nhìn đoàn xe ùn tắc bì bõm lội nước thị đã thấy mình đúng. Thôi thì cuối tháng thể dục thể thao nâng cao sức khoẻ chào đón tháng mới cũng được nhỉ!
Hà Nội ơi, xin hãy ngừng mưa đi!!!!",(20+) Video,2025-09-30T10:31:32.000Z,2025-09-30T10:31:32+00:00,Ơ b ở khu nào gần Giải Phóng mà k biết hẹn cafe,top_level,,1476904590228385,0,"Thứ Ba, 30 Tháng 9, 2025 lúc 18:11",2025-09-30T18:11:00+07:00,0,75270f995e0c691375c6aaf314abccc8037b47b7,hanoi_location,0,0,facebook_20260925_0325,baseline_20260925_032543,2026-09-25T10:56:30.179365+07:00
facebook_c_1787118475505755,facebook,https://www.facebook.com/watch?v=1461303481749216,1461303481749216,"Sống ở Hà Nội đủ lâu để thấy được trận ngập lụt kinh hoàng như này. Từ công ty đi về, thị tự tin xông thẳng ra Tân Mai nhưng hỡi ôi Tân Mai thất thủ thị phải tìm cách mò mẫm mãi mới ra được Trương Định. Tới cuối Trương Định giao Giải Phóng thị đành quay lại vì Giải Phóng ngập. Cuối cùng thị quyết định vào bến xe Giáp Bát gửi xe và đi bộ về nhà! Nghe có vẻ điên rồ nhưng khi đi ra tới Giải Phóng, nhìn đoàn xe ùn tắc bì bõm lội nước thị đã thấy mình đúng. Thôi thì cuối tháng thể dục thể thao nâng cao sức khoẻ chào đón tháng mới cũng được nhỉ!
Hà Nội ơi, xin hãy ngừng mưa đi!!!!",(20+) Video,2025-09-30T10:31:32.000Z,2025-09-30T10:31:32+00:00,Nguyễn Minh Mạnh tớ ở Linh Đàm mà quên rồi à,reply,1476904590228385,1476904590228385,1,"Thứ Ba, 30 Tháng 9, 2025 lúc 18:12",2025-09-30T18:12:00+07:00,0,,hanoi_location,0,0,facebook_20260925_0325,baseline_20260925_032543,2026-09-25T10:56:30.184401+07:00
facebook_c_1305363584601479,facebook,https://www.facebook.com/watch?v=1461303481749216,1461303481749216,"Sống ở Hà Nội đủ lâu để thấy được trận ngập lụt kinh hoàng như này. Từ công ty đi về, thị tự tin xông thẳng ra Tân Mai nhưng hỡi ôi Tân Mai thất thủ thị phải tìm cách mò mẫm mãi mới ra được Trương Định. Tới cuối Trương Định giao Giải Phóng thị đành quay lại vì Giải Phóng ngập. Cuối cùng thị quyết định vào bến xe Giáp Bát gửi xe và đi bộ về nhà! Nghe có vẻ điên rồ nhưng khi đi ra tới Giải Phóng, nhìn đoàn xe ùn tắc bì bõm lội nước thị đã thấy mình đúng. Thôi thì cuối tháng thể dục thể thao nâng cao sức khoẻ chào đón tháng mới cũng được nhỉ!
Hà Nội ơi, xin hãy ngừng mưa đi!!!!",(20+) Video,2025-09-30T10:31:32.000Z,2025-09-30T10:31:32+00:00,Hien Tran có biết đâu mà quên,reply,1476904590228385,1476904590228385,1,"Thứ Ba, 30 Tháng 9, 2025 lúc 22:32",2025-09-30T22:32:00+07:00,0,,hanoi_location,0,0,facebook_20260925_0325,baseline_20260925_032543,2026-09-25T10:56:30.189009+07:00
facebook_c_1480706536414703,facebook,https://www.facebook.com/watch?v=1461303481749216,1461303481749216,"Sống ở Hà Nội đủ lâu để thấy được trận ngập lụt kinh hoàng như này. Từ công ty đi về, thị tự tin xông thẳng ra Tân Mai nhưng hỡi ôi Tân Mai thất thủ thị phải tìm cách mò mẫm mãi mới ra được Trương Định. Tới cuối Trương Định giao Giải Phóng thị đành quay lại vì Giải Phóng ngập. Cuối cùng thị quyết định vào bến xe Giáp Bát gửi xe và đi bộ về nhà! Nghe có vẻ điên rồ nhưng khi đi ra tới Giải Phóng, nhìn đoàn xe ùn tắc bì bõm lội nước thị đã thấy mình đúng. Thôi thì cuối tháng thể dục thể thao nâng cao sức khoẻ chào đón tháng mới cũng được nhỉ!
Hà Nội ơi, xin hãy ngừng mưa đi!!!!",(20+) Video,2025-09-30T10:31:32.000Z,2025-09-30T10:31:32+00:00,Lại phải mua thêm ca nô nữa mới đúng người hà lội,top_level,,1480706536414703,0,"Thứ Ba, 30 Tháng 9, 2025 lúc 20:13",2025-09-30T20:13:00+07:00,0,ac0075740c2a9220622ce380b868f8bc5d58353e,,0,0,facebook_20260925_0325,baseline_20260925_032543,2026-09-25T10:56:30.160518+07:00
facebook_c_2180503702436698,facebook,https://www.facebook.com/watch?v=1461303481749216,1461303481749216,"Sống ở Hà Nội đủ lâu để thấy được trận ngập lụt kinh hoàng như này. Từ công ty đi về, thị tự tin xông thẳng ra Tân Mai nhưng hỡi ôi Tân Mai thất thủ thị phải tìm cách mò mẫm mãi mới ra được Trương Định. Tới cuối Trương Định giao Giải Phóng thị đành quay lại vì Giải Phóng ngập. Cuối cùng thị quyết định vào bến xe Giáp Bát gửi xe và đi bộ về nhà! Nghe có vẻ điên rồ nhưng khi đi ra tới Giải Phóng, nhìn đoàn xe ùn tắc bì bõm lội nước thị đã thấy mình đúng. Thôi thì cuối tháng thể dục thể thao nâng cao sức khoẻ chào đón tháng mới cũng được nhỉ!
Hà Nội ơi, xin hãy ngừng mưa đi!!!!",(20+) Video,2025-09-30T10:31:32.000Z,2025-09-30T10:31:32+00:00,Trần Văn Chung chả có nhẽ bác ạ,reply,1480706536414703,1480706536414703,1,"Thứ Ba, 30 Tháng 9, 2025 lúc 20:22",2025-09-30T20:22:00+07:00,0,,hanoi_location,0,0,facebook_20260925_0325,baseline_20260925_032543,2026-09-25T10:56:30.165834+07:00
facebook_c_1481694026484886,facebook,https://www.facebook.com/watch?v=1461303481749216,1461303481749216,"Sống ở Hà Nội đủ lâu để thấy được trận ngập lụt kinh hoàng như này. Từ công ty đi về, thị tự tin xông thẳng ra Tân Mai nhưng hỡi ôi Tân Mai thất thủ thị phải tìm cách mò mẫm mãi mới ra được Trương Định. Tới cuối Trương Định giao Giải Phóng thị đành quay lại vì Giải Phóng ngập. Cuối cùng thị quyết định vào bến xe Giáp Bát gửi xe và đi bộ về nhà! Nghe có vẻ điên rồ nhưng khi đi ra tới Giải Phóng, nhìn đoàn xe ùn tắc bì bõm lội nước thị đã thấy mình đúng. Thôi thì cuối tháng thể dục thể thao nâng cao sức khoẻ chào đón tháng mới cũng được nhỉ!
Hà Nội ơi, xin hãy ngừng mưa đi!!!!",(20+) Video,2025-09-30T10:31:32.000Z,2025-09-30T10:31:32+00:00,Hiển ở quê mình đường hơn Hà nôi,top_level,,1481694026484886,0,"Thứ Ba, 30 Tháng 9, 2025 lúc 19:13",2025-09-30T19:13:00+07:00,0,fc82a8822608590334d372a12c4b3b8df4eee21a,hanoi_location,0,0,facebook_20260925_0325,baseline_20260925_032543,2026-09-25T10:56:30.186957+07:00
facebook_c_2610522245967120,facebook,https://www.facebook.com/watch?v=1461303481749216,1461303481749216,"Sống ở Hà Nội đủ lâu để thấy được trận ngập lụt kinh hoàng như này. Từ công ty đi về, thị tự tin xông thẳng ra Tân Mai nhưng hỡi ôi Tân Mai thất thủ thị phải tìm cách mò mẫm mãi mới ra được Trương Định. Tới cuối Trương Định giao Giải Phóng thị đành quay lại vì Giải Phóng ngập. Cuối cùng thị quyết định vào bến xe Giáp Bát gửi xe và đi bộ về nhà! Nghe có vẻ điên rồ nhưng khi đi ra tới Giải Phóng, nhìn đoàn xe ùn tắc bì bõm lội nước thị đã thấy mình đúng. Thôi thì cuối tháng thể dục thể thao nâng cao sức khoẻ chào đón tháng mới cũng được nhỉ!
Hà Nội ơi, xin hãy ngừng mưa đi!!!!",(20+) Video,2025-09-30T10:31:32.000Z,2025-09-30T10:31:32+00:00,Nguyễn Thị Hương quê m thì xịn quá rồi bác ạ,reply,1481694026484886,1481694026484886,1,"Thứ Ba, 30 Tháng 9, 2025 lúc 20:11",2025-09-30T20:11:00+07:00,0,,hanoi_location,0,0,facebook_20260925_0325,baseline_20260925_032543,2026-09-25T10:56:30.191003+07:00
facebook_c_1520788615581752,facebook,https://www.facebook.com/watch?v=1461303481749216,1461303481749216,"Sống ở Hà Nội đủ lâu để thấy được trận ngập lụt kinh hoàng như này. Từ công ty đi về, thị tự tin xông thẳng ra Tân Mai nhưng hỡi ôi Tân Mai thất thủ thị phải tìm cách mò mẫm mãi mới ra được Trương Định. Tới cuối Trương Định giao Giải Phóng thị đành quay lại vì Giải Phóng ngập. Cuối cùng thị quyết định vào bến xe Giáp Bát gửi xe và đi bộ về nhà! Nghe có vẻ điên rồ nhưng khi đi ra tới Giải Phóng, nhìn đoàn xe ùn tắc bì bõm lội nước thị đã thấy mình đúng. Thôi thì cuối tháng thể dục thể thao nâng cao sức khoẻ chào đón tháng mới cũng được nhỉ!
Hà Nội ơi, xin hãy ngừng mưa đi!!!!",(20+) Video,2025-09-30T10:31:32.000Z,2025-09-30T10:31:32+00:00,Tình hình này coi bộ đi xe căng hải khéo lại the best choice,top_level,,1520788615581752,0,"Thứ Tư, 1 Tháng 10, 2025 lúc 06:50",2025-10-01T06:50:00+07:00,0,f6179620823a1738f234d9b9f79815bfa3c9505f,transport_impact,0,0,facebook_20260925_0325,baseline_20260925_032543,2026-09-25T10:56:30.162821+07:00
facebook_c_1502735527520818,facebook,https://www.facebook.com/watch?v=1461303481749216,1461303481749216,"Sống ở Hà Nội đủ lâu để thấy được trận ngập lụt kinh hoàng như này. Từ công ty đi về, thị tự tin xông thẳng ra Tân Mai nhưng hỡi ôi Tân Mai thất thủ thị phải tìm cách mò mẫm mãi mới ra được Trương Định. Tới cuối Trương Định giao Giải Phóng thị đành quay lại vì Giải Phóng ngập. Cuối cùng thị quyết định vào bến xe Giáp Bát gửi xe và đi bộ về nhà! Nghe có vẻ điên rồ nhưng khi đi ra tới Giải Phóng, nhìn đoàn xe ùn tắc bì bõm lội nước thị đã thấy mình đúng. Thôi thì cuối tháng thể dục thể thao nâng cao sức khoẻ chào đón tháng mới cũng được nhỉ!
Hà Nội ơi, xin hãy ngừng mưa đi!!!!",(20+) Video,2025-09-30T10:31:32.000Z,2025-09-30T10:31:32+00:00,Thuhang Nguyen e nhát lắm nên k dám phi xe qua mấy chỗ ngập đâu,reply,1520788615581752,1520788615581752,1,"Thứ Tư, 1 Tháng 10, 2025 lúc 07:01",2025-10-01T07:01:00+07:00,0,,"flood_state,hanoi_location",0,0,facebook_20260925_0325,baseline_20260925_032543,2026-09-25T10:56:30.167993+07:00
facebook_c_1692971664716145,facebook,https://www.facebook.com/watch?v=1461303481749216,1461303481749216,"Sống ở Hà Nội đủ lâu để thấy được trận ngập lụt kinh hoàng như này. Từ công ty đi về, thị tự tin xông thẳng ra Tân Mai nhưng hỡi ôi Tân Mai thất thủ thị phải tìm cách mò mẫm mãi mới ra được Trương Định. Tới cuối Trương Định giao Giải Phóng thị đành quay lại vì Giải Phóng ngập. Cuối cùng thị quyết định vào bến xe Giáp Bát gửi xe và đi bộ về nhà! Nghe có vẻ điên rồ nhưng khi đi ra tới Giải Phóng, nhìn đoàn xe ùn tắc bì bõm lội nước thị đã thấy mình đúng. Thôi thì cuối tháng thể dục thể thao nâng cao sức khoẻ chào đón tháng mới cũng được nhỉ!
Hà Nội ơi, xin hãy ngừng mưa đi!!!!",(20+) Video,2025-09-30T10:31:32.000Z,2025-09-30T10:31:32+00:00,Kinh hoàng hơn cả 2008 em ơi!,top_level,,1692971664716145,0,"Thứ Ba, 30 Tháng 9, 2025 lúc 18:39",2025-09-30T18:39:00+07:00,0,22e3959b7ae829d34f4b8c942f4ef640502bcf8f,hanoi_location,0,0,facebook_20260925_0325,baseline_20260925_032543,2026-09-25T10:56:30.161521+07:00
facebook_c_1126699919664019,facebook,https://www.facebook.com/watch?v=1461303481749216,1461303481749216,"Sống ở Hà Nội đủ lâu để thấy được trận ngập lụt kinh hoàng như này. Từ công ty đi về, thị tự tin xông thẳng ra Tân Mai nhưng hỡi ôi Tân Mai thất thủ thị phải tìm cách mò mẫm mãi mới ra được Trương Định. Tới cuối Trương Định giao Giải Phóng thị đành quay lại vì Giải Phóng ngập. Cuối cùng thị quyết định vào bến xe Giáp Bát gửi xe và đi bộ về nhà! Nghe có vẻ điên rồ nhưng khi đi ra tới Giải Phóng, nhìn đoàn xe ùn tắc bì bõm lội nước thị đã thấy mình đúng. Thôi thì cuối tháng thể dục thể thao nâng cao sức khoẻ chào đón tháng mới cũng được nhỉ!
Hà Nội ơi, xin hãy ngừng mưa đi!!!!",(20+) Video,2025-09-30T10:31:32.000Z,2025-09-30T10:31:32+00:00,Lưu Mỹ Giang mong từ đêm nay tạnh mưa cho dân bớt khổ c ạ,reply,1692971664716145,1692971664716145,1,"Thứ Ba, 30 Tháng 9, 2025 lúc 18:43",2025-09-30T18:43:00+07:00,0,,hanoi_location,0,0,facebook_20260925_0325,baseline_20260925_032543,2026-09-25T10:56:30.166839+07:00
facebook_c_2002988903857214,facebook,https://www.facebook.com/watch?v=1461303481749216,1461303481749216,"Sống ở Hà Nội đủ lâu để thấy được trận ngập lụt kinh hoàng như này. Từ công ty đi về, thị tự tin xông thẳng ra Tân Mai nhưng hỡi ôi Tân Mai thất thủ thị phải tìm cách mò mẫm mãi mới ra được Trương Định. Tới cuối Trương Định giao Giải Phóng thị đành quay lại vì Giải Phóng ngập. Cuối cùng thị quyết định vào bến xe Giáp Bát gửi xe và đi bộ về nhà! Nghe có vẻ điên rồ nhưng khi đi ra tới Giải Phóng, nhìn đoàn xe ùn tắc bì bõm lội nước thị đã thấy mình đúng. Thôi thì cuối tháng thể dục thể thao nâng cao sức khoẻ chào đón tháng mới cũng được nhỉ!
Hà Nội ơi, xin hãy ngừng mưa đi!!!!",(20+) Video,2025-09-30T10:31:32.000Z,2025-09-30T10:31:32+00:00,Hôm trc e lên hn cũng vậy. Hôm đi cem concert,top_level,,2002988903857214,0,"Thứ Ba, 30 Tháng 9, 2025 lúc 17:42",2025-09-30T17:42:00+07:00,0,aae5dc5ee9c2507966342cbf628de408f407467d,"transport_impact,hanoi_location",0,0,facebook_20260925_0325,baseline_20260925_032543,2026-09-25T10:56:30.170038+07:00
facebook_c_582217511581126,facebook,https://www.facebook.com/watch?v=1461303481749216,1461303481749216,"Sống ở Hà Nội đủ lâu để thấy được trận ngập lụt kinh hoàng như này. Từ công ty đi về, thị tự tin xông thẳng ra Tân Mai nhưng hỡi ôi Tân Mai thất thủ thị phải tìm cách mò mẫm mãi mới ra được Trương Định. Tới cuối Trương Định giao Giải Phóng thị đành quay lại vì Giải Phóng ngập. Cuối cùng thị quyết định vào bến xe Giáp Bát gửi xe và đi bộ về nhà! Nghe có vẻ điên rồ nhưng khi đi ra tới Giải Phóng, nhìn đoàn xe ùn tắc bì bõm lội nước thị đã thấy mình đúng. Thôi thì cuối tháng thể dục thể thao nâng cao sức khoẻ chào đón tháng mới cũng được nhỉ!
Hà Nội ơi, xin hãy ngừng mưa đi!!!!",(20+) Video,2025-09-30T10:31:32.000Z,2025-09-30T10:31:32+00:00,"Lê Hồng hôm nay còn kinh hoàng hơn ý e, toàn tp",reply,2002988903857214,2002988903857214,1,"Thứ Ba, 30 Tháng 9, 2025 lúc 17:44",2025-09-30T17:44:00+07:00,0,,hanoi_location,0,0,facebook_20260925_0325,baseline_20260925_032543,2026-09-25T10:56:30.174039+07:00
facebook_c_2150591468803877,facebook,https://www.facebook.com/watch?v=1461303481749216,1461303481749216,"Sống ở Hà Nội đủ lâu để thấy được trận ngập lụt kinh hoàng như này. Từ công ty đi về, thị tự tin xông thẳng ra Tân Mai nhưng hỡi ôi Tân Mai thất thủ thị phải tìm cách mò mẫm mãi mới ra được Trương Định. Tới cuối Trương Định giao Giải Phóng thị đành quay lại vì Giải Phóng ngập. Cuối cùng thị quyết định vào bến xe Giáp Bát gửi xe và đi bộ về nhà! Nghe có vẻ điên rồ nhưng khi đi ra tới Giải Phóng, nhìn đoàn xe ùn tắc bì bõm lội nước thị đã thấy mình đúng. Thôi thì cuối tháng thể dục thể thao nâng cao sức khoẻ chào đón tháng mới cũng được nhỉ!
Hà Nội ơi, xin hãy ngừng mưa đi!!!!",(20+) Video,2025-09-30T10:31:32.000Z,2025-09-30T10:31:32+00:00,Giữ an toàn nhé chị,top_level,,2150591468803877,0,"Thứ Ba, 30 Tháng 9, 2025 lúc 17:57",2025-09-30T17:57:00+07:00,0,1a52b2523b3e931700686e9415bf639ac5dc360c,hanoi_location,0,0,facebook_20260925_0325,baseline_20260925_032543,2026-09-25T10:56:30.162821+07:00
facebook_c_822753316921402,facebook,https://www.facebook.com/watch?v=1461303481749216,1461303481749216,"Sống ở Hà Nội đủ lâu để thấy được trận ngập lụt kinh hoàng như này. Từ công ty đi về, thị tự tin xông thẳng ra Tân Mai nhưng hỡi ôi Tân Mai thất thủ thị phải tìm cách mò mẫm mãi mới ra được Trương Định. Tới cuối Trương Định giao Giải Phóng thị đành quay lại vì Giải Phóng ngập. Cuối cùng thị quyết định vào bến xe Giáp Bát gửi xe và đi bộ về nhà! Nghe có vẻ điên rồ nhưng khi đi ra tới Giải Phóng, nhìn đoàn xe ùn tắc bì bõm lội nước thị đã thấy mình đúng. Thôi thì cuối tháng thể dục thể thao nâng cao sức khoẻ chào đón tháng mới cũng được nhỉ!
Hà Nội ơi, xin hãy ngừng mưa đi!!!!",(20+) Video,2025-09-30T10:31:32.000Z,2025-09-30T10:31:32+00:00,Lê Hồng Lê miền Trung cũng vậy nha e!,reply,2150591468803877,2150591468803877,1,"Thứ Ba, 30 Tháng 9, 2025 lúc 18:05",2025-09-30T18:05:00+07:00,0,,hanoi_location,0,0,facebook_20260925_0325,baseline_20260925_032543,2026-09-25T10:56:30.166839+07:00
facebook_c_2251187638717809,facebook,https://www.facebook.com/watch?v=1461303481749216,1461303481749216,"Sống ở Hà Nội đủ lâu để thấy được trận ngập lụt kinh hoàng như này. Từ công ty đi về, thị tự tin xông thẳng ra Tân Mai nhưng hỡi ôi Tân Mai thất thủ thị phải tìm cách mò mẫm mãi mới ra được Trương Định. Tới cuối Trương Định giao Giải Phóng thị đành quay lại vì Giải Phóng ngập. Cuối cùng thị quyết định vào bến xe Giáp Bát gửi xe và đi bộ về nhà! Nghe có vẻ điên rồ nhưng khi đi ra tới Giải Phóng, nhìn đoàn xe ùn tắc bì bõm lội nước thị đã thấy mình đúng. Thôi thì cuối tháng thể dục thể thao nâng cao sức khoẻ chào đón tháng mới cũng được nhỉ!
Hà Nội ơi, xin hãy ngừng mưa đi!!!!",(20+) Video,2025-09-30T10:31:32.000Z,2025-09-30T10:31:32+00:00,Như Biển luôn c ak. Cẩn thận sóng đánh tụt quần,top_level,,2251187638717809,0,"Thứ Tư, 1 Tháng 10, 2025 lúc 05:47",2025-10-01T05:47:00+07:00,0,94de88f8d0d39b233836a80a4ba56802f269571d,hanoi_location,0,0,facebook_20260925_0325,baseline_20260925_032543,2026-09-25T10:56:30.176629+07:00
facebook_c_677953521501700,facebook,https://www.facebook.com/watch?v=1461303481749216,1461303481749216,"Sống ở Hà Nội đủ lâu để thấy được trận ngập lụt kinh hoàng như này. Từ công ty đi về, thị tự tin xông thẳng ra Tân Mai nhưng hỡi ôi Tân Mai thất thủ thị phải tìm cách mò mẫm mãi mới ra được Trương Định. Tới cuối Trương Định giao Giải Phóng thị đành quay lại vì Giải Phóng ngập. Cuối cùng thị quyết định vào bến xe Giáp Bát gửi xe và đi bộ về nhà! Nghe có vẻ điên rồ nhưng khi đi ra tới Giải Phóng, nhìn đoàn xe ùn tắc bì bõm lội nước thị đã thấy mình đúng. Thôi thì cuối tháng thể dục thể thao nâng cao sức khoẻ chào đón tháng mới cũng được nhỉ!
Hà Nội ơi, xin hãy ngừng mưa đi!!!!",(20+) Video,2025-09-30T10:31:32.000Z,2025-09-30T10:31:32+00:00,Trần Phương Luyên may quá hôm qua mặc váy,reply,2251187638717809,2251187638717809,1,"Thứ Tư, 1 Tháng 10, 2025 lúc 07:01",2025-10-01T07:01:00+07:00,0,,hanoi_location,0,0,facebook_20260925_0325,baseline_20260925_032543,2026-09-25T10:56:30.182400+07:00
facebook_c_2460917420975099,facebook,https://www.facebook.com/watch?v=1461303481749216,1461303481749216,"Sống ở Hà Nội đủ lâu để thấy được trận ngập lụt kinh hoàng như này. Từ công ty đi về, thị tự tin xông thẳng ra Tân Mai nhưng hỡi ôi Tân Mai thất thủ thị phải tìm cách mò mẫm mãi mới ra được Trương Định. Tới cuối Trương Định giao Giải Phóng thị đành quay lại vì Giải Phóng ngập. Cuối cùng thị quyết định vào bến xe Giáp Bát gửi xe và đi bộ về nhà! Nghe có vẻ điên rồ nhưng khi đi ra tới Giải Phóng, nhìn đoàn xe ùn tắc bì bõm lội nước thị đã thấy mình đúng. Thôi thì cuối tháng thể dục thể thao nâng cao sức khoẻ chào đón tháng mới cũng được nhỉ!
Hà Nội ơi, xin hãy ngừng mưa đi!!!!",(20+) Video,2025-09-30T10:31:32.000Z,2025-09-30T10:31:32+00:00,Hnay c đọc 2 tus của e nó mang tính giải trí cực kì cao,top_level,,2460917420975099,0,"Thứ Ba, 30 Tháng 9, 2025 lúc 18:14",2025-09-30T18:14:00+07:00,0,5823c2bf6bddb95e2f2cd06d33b501bf0e0e9323,,0,0,facebook_20260925_0325,baseline_20260925_032543,2026-09-25T10:56:30.157505+07:00
facebook_c_1932738421012567,facebook,https://www.facebook.com/watch?v=1461303481749216,1461303481749216,"Sống ở Hà Nội đủ lâu để thấy được trận ngập lụt kinh hoàng như này. Từ công ty đi về, thị tự tin xông thẳng ra Tân Mai nhưng hỡi ôi Tân Mai thất thủ thị phải tìm cách mò mẫm mãi mới ra được Trương Định. Tới cuối Trương Định giao Giải Phóng thị đành quay lại vì Giải Phóng ngập. Cuối cùng thị quyết định vào bến xe Giáp Bát gửi xe và đi bộ về nhà! Nghe có vẻ điên rồ nhưng khi đi ra tới Giải Phóng, nhìn đoàn xe ùn tắc bì bõm lội nước thị đã thấy mình đúng. Thôi thì cuối tháng thể dục thể thao nâng cao sức khoẻ chào đón tháng mới cũng được nhỉ!
Hà Nội ơi, xin hãy ngừng mưa đi!!!!",(20+) Video,2025-09-30T10:31:32.000Z,2025-09-30T10:31:32+00:00,Hong Le Thu là bác đang cười em đúng khum ạ,reply,2460917420975099,2460917420975099,1,"Thứ Ba, 30 Tháng 9, 2025 lúc 18:17",2025-09-30T18:17:00+07:00,0,,,0,0,facebook_20260925_0325,baseline_20260925_032543,2026-09-25T10:56:30.158613+07:00
facebook_c_1513644306432541,facebook,https://www.facebook.com/watch?v=1461303481749216,1461303481749216,"Sống ở Hà Nội đủ lâu để thấy được trận ngập lụt kinh hoàng như này. Từ công ty đi về, thị tự tin xông thẳng ra Tân Mai nhưng hỡi ôi Tân Mai thất thủ thị phải tìm cách mò mẫm mãi mới ra được Trương Định. Tới cuối Trương Định giao Giải Phóng thị đành quay lại vì Giải Phóng ngập. Cuối cùng thị quyết định vào bến xe Giáp Bát gửi xe và đi bộ về nhà! Nghe có vẻ điên rồ nhưng khi đi ra tới Giải Phóng, nhìn đoàn xe ùn tắc bì bõm lội nước thị đã thấy mình đúng. Thôi thì cuối tháng thể dục thể thao nâng cao sức khoẻ chào đón tháng mới cũng được nhỉ!
Hà Nội ơi, xin hãy ngừng mưa đi!!!!",(20+) Video,2025-09-30T10:31:32.000Z,2025-09-30T10:31:32+00:00,Hien Tran cười to ấy chứ,reply,2460917420975099,2460917420975099,1,"Thứ Ba, 30 Tháng 9, 2025 lúc 18:23",2025-09-30T18:23:00+07:00,0,,hanoi_location,0,0,facebook_20260925_0325,baseline_20260925_032543,2026-09-25T10:56:30.163838+07:00
facebook_c_24885087051085689,facebook,https://www.facebook.com/watch?v=1461303481749216,1461303481749216,"Sống ở Hà Nội đủ lâu để thấy được trận ngập lụt kinh hoàng như này. Từ công ty đi về, thị tự tin xông thẳng ra Tân Mai nhưng hỡi ôi Tân Mai thất thủ thị phải tìm cách mò mẫm mãi mới ra được Trương Định. Tới cuối Trương Định giao Giải Phóng thị đành quay lại vì Giải Phóng ngập. Cuối cùng thị quyết định vào bến xe Giáp Bát gửi xe và đi bộ về nhà! Nghe có vẻ điên rồ nhưng khi đi ra tới Giải Phóng, nhìn đoàn xe ùn tắc bì bõm lội nước thị đã thấy mình đúng. Thôi thì cuối tháng thể dục thể thao nâng cao sức khoẻ chào đón tháng mới cũng được nhỉ!
Hà Nội ơi, xin hãy ngừng mưa đi!!!!",(20+) Video,2025-09-30T10:31:32.000Z,2025-09-30T10:31:32+00:00,Đi bộ lội nước chỉ lo dính ghẻ nước :((. sao không chủ chương làm online ở nhà thế gái :((,top_level,,24885087051085689,0,"Thứ Ba, 30 Tháng 9, 2025 lúc 18:40",2025-09-30T18:40:00+07:00,0,25e5541d74e265fea207eb456756356c3befc03d,transport_impact,0,0,facebook_20260925_0325,baseline_20260925_032543,2026-09-25T10:56:30.159515+07:00
facebook_c_1136186804595835,facebook,https://www.facebook.com/watch?v=1461303481749216,1461303481749216,"Sống ở Hà Nội đủ lâu để thấy được trận ngập lụt kinh hoàng như này. Từ công ty đi về, thị tự tin xông thẳng ra Tân Mai nhưng hỡi ôi Tân Mai thất thủ thị phải tìm cách mò mẫm mãi mới ra được Trương Định. Tới cuối Trương Định giao Giải Phóng thị đành quay lại vì Giải Phóng ngập. Cuối cùng thị quyết định vào bến xe Giáp Bát gửi xe và đi bộ về nhà! Nghe có vẻ điên rồ nhưng khi đi ra tới Giải Phóng, nhìn đoàn xe ùn tắc bì bõm lội nước thị đã thấy mình đúng. Thôi thì cuối tháng thể dục thể thao nâng cao sức khoẻ chào đón tháng mới cũng được nhỉ!
Hà Nội ơi, xin hãy ngừng mưa đi!!!!",(20+) Video,2025-09-30T10:31:32.000Z,2025-09-30T10:31:32+00:00,Nguyễn Van Anh sáng đi nó chưa ngập chị ạ,reply,24885087051085689,24885087051085689,1,"Thứ Ba, 30 Tháng 9, 2025 lúc 18:42",2025-09-30T18:42:00+07:00,0,,"flood_state,transport_impact,hanoi_location",0,0,facebook_20260925_0325,baseline_20260925_032543,2026-09-25T10:56:30.164835+07:00
facebook_c_847308075124804,facebook,https://www.facebook.com/watch?v=1461303481749216,1461303481749216,"Sống ở Hà Nội đủ lâu để thấy được trận ngập lụt kinh hoàng như này. Từ công ty đi về, thị tự tin xông thẳng ra Tân Mai nhưng hỡi ôi Tân Mai thất thủ thị phải tìm cách mò mẫm mãi mới ra được Trương Định. Tới cuối Trương Định giao Giải Phóng thị đành quay lại vì Giải Phóng ngập. Cuối cùng thị quyết định vào bến xe Giáp Bát gửi xe và đi bộ về nhà! Nghe có vẻ điên rồ nhưng khi đi ra tới Giải Phóng, nhìn đoàn xe ùn tắc bì bõm lội nước thị đã thấy mình đúng. Thôi thì cuối tháng thể dục thể thao nâng cao sức khoẻ chào đón tháng mới cũng được nhỉ!
Hà Nội ơi, xin hãy ngừng mưa đi!!!!",(20+) Video,2025-09-30T10:31:32.000Z,2025-09-30T10:31:32+00:00,Nguyễn Van Anh ở nhà nó buồn ấy chị,reply,24885087051085689,24885087051085689,1,"Thứ Ba, 30 Tháng 9, 2025 lúc 18:44",2025-09-30T18:44:00+07:00,0,,hanoi_location,0,0,facebook_20260925_0325,baseline_20260925_032543,2026-09-25T10:56:30.164835+07:00
facebook_c_2795582710640515,facebook,https://www.facebook.com/watch?v=1461303481749216,1461303481749216,"Sống ở Hà Nội đủ lâu để thấy được trận ngập lụt kinh hoàng như này. Từ công ty đi về, thị tự tin xông thẳng ra Tân Mai nhưng hỡi ôi Tân Mai thất thủ thị phải tìm cách mò mẫm mãi mới ra được Trương Định. Tới cuối Trương Định giao Giải Phóng thị đành quay lại vì Giải Phóng ngập. Cuối cùng thị quyết định vào bến xe Giáp Bát gửi xe và đi bộ về nhà! Nghe có vẻ điên rồ nhưng khi đi ra tới Giải Phóng, nhìn đoàn xe ùn tắc bì bõm lội nước thị đã thấy mình đúng. Thôi thì cuối tháng thể dục thể thao nâng cao sức khoẻ chào đón tháng mới cũng được nhỉ!
Hà Nội ơi, xin hãy ngừng mưa đi!!!!",(20+) Video,2025-09-30T10:31:32.000Z,2025-09-30T10:31:32+00:00,Cty chị dự mưa là cho các bạn làm ở nhà ngay từ 07:30,reply,24885087051085689,24885087051085689,1,"Thứ Ba, 30 Tháng 9, 2025 lúc 18:43",2025-09-30T18:43:00+07:00,0,,hanoi_location,0,0,facebook_20260925_0325,baseline_20260925_032543,2026-09-25T10:56:30.164835+07:00
facebook_c_4252024558410381,facebook,https://www.facebook.com/watch?v=1461303481749216,1461303481749216,"Sống ở Hà Nội đủ lâu để thấy được trận ngập lụt kinh hoàng như này. Từ công ty đi về, thị tự tin xông thẳng ra Tân Mai nhưng hỡi ôi Tân Mai thất thủ thị phải tìm cách mò mẫm mãi mới ra được Trương Định. Tới cuối Trương Định giao Giải Phóng thị đành quay lại vì Giải Phóng ngập. Cuối cùng thị quyết định vào bến xe Giáp Bát gửi xe và đi bộ về nhà! Nghe có vẻ điên rồ nhưng khi đi ra tới Giải Phóng, nhìn đoàn xe ùn tắc bì bõm lội nước thị đã thấy mình đúng. Thôi thì cuối tháng thể dục thể thao nâng cao sức khoẻ chào đón tháng mới cũng được nhỉ!
Hà Nội ơi, xin hãy ngừng mưa đi!!!!",(20+) Video,2025-09-30T10:31:32.000Z,2025-09-30T10:31:32+00:00,"Hien Tran không sợ buồn, chỉ sợ hỏng xe kaka:))",reply,24885087051085689,24885087051085689,1,"Thứ Ba, 30 Tháng 9, 2025 lúc 18:44",2025-09-30T18:44:00+07:00,0,,hanoi_location,0,0,facebook_20260925_0325,baseline_20260925_032543,2026-09-25T10:56:30.173039+07:00
facebook_c_2790784357781784,facebook,https://www.facebook.com/watch?v=1461303481749216,1461303481749216,"Sống ở Hà Nội đủ lâu để thấy được trận ngập lụt kinh hoàng như này. Từ công ty đi về, thị tự tin xông thẳng ra Tân Mai nhưng hỡi ôi Tân Mai thất thủ thị phải tìm cách mò mẫm mãi mới ra được Trương Định. Tới cuối Trương Định giao Giải Phóng thị đành quay lại vì Giải Phóng ngập. Cuối cùng thị quyết định vào bến xe Giáp Bát gửi xe và đi bộ về nhà! Nghe có vẻ điên rồ nhưng khi đi ra tới Giải Phóng, nhìn đoàn xe ùn tắc bì bõm lội nước thị đã thấy mình đúng. Thôi thì cuối tháng thể dục thể thao nâng cao sức khoẻ chào đón tháng mới cũng được nhỉ!
Hà Nội ơi, xin hãy ngừng mưa đi!!!!",(20+) Video,2025-09-30T10:31:32.000Z,2025-09-30T10:31:32+00:00,Về quê nam định không   Bao giờ bị lụt,top_level,,2790784357781784,0,"Chủ Nhật, 5 Tháng 10, 2025 lúc 20:20",2025-10-05T20:20:00+07:00,0,0bdc4734aace7dcf9f69017fae755771dc339da0,flood_state,0,0,facebook_20260925_0325,baseline_20260925_032543,2026-09-25T10:56:30.171035+07:00
facebook_c_2908084006052837,facebook,https://www.facebook.com/watch?v=1461303481749216,1461303481749216,"Sống ở Hà Nội đủ lâu để thấy được trận ngập lụt kinh hoàng như này. Từ công ty đi về, thị tự tin xông thẳng ra Tân Mai nhưng hỡi ôi Tân Mai thất thủ thị phải tìm cách mò mẫm mãi mới ra được Trương Định. Tới cuối Trương Định giao Giải Phóng thị đành quay lại vì Giải Phóng ngập. Cuối cùng thị quyết định vào bến xe Giáp Bát gửi xe và đi bộ về nhà! Nghe có vẻ điên rồ nhưng khi đi ra tới Giải Phóng, nhìn đoàn xe ùn tắc bì bõm lội nước thị đã thấy mình đúng. Thôi thì cuối tháng thể dục thể thao nâng cao sức khoẻ chào đón tháng mới cũng được nhỉ!
Hà Nội ơi, xin hãy ngừng mưa đi!!!!",(20+) Video,2025-09-30T10:31:32.000Z,2025-09-30T10:31:32+00:00,Chứng chỉ bơi của c đâu. Phát huy tác dụng ngay,top_level,,2908084006052837,0,"Thứ Ba, 30 Tháng 9, 2025 lúc 22:20",2025-09-30T22:20:00+07:00,0,f1c3c327008af770e505f428f1eeb4d3cd0f2e8d,,0,0,facebook_20260925_0325,baseline_20260925_032543,2026-09-25T10:56:30.180366+07:00
facebook_c_861649649870733,facebook,https://www.facebook.com/watch?v=1461303481749216,1461303481749216,"Sống ở Hà Nội đủ lâu để thấy được trận ngập lụt kinh hoàng như này. Từ công ty đi về, thị tự tin xông thẳng ra Tân Mai nhưng hỡi ôi Tân Mai thất thủ thị phải tìm cách mò mẫm mãi mới ra được Trương Định. Tới cuối Trương Định giao Giải Phóng thị đành quay lại vì Giải Phóng ngập. Cuối cùng thị quyết định vào bến xe Giáp Bát gửi xe và đi bộ về nhà! Nghe có vẻ điên rồ nhưng khi đi ra tới Giải Phóng, nhìn đoàn xe ùn tắc bì bõm lội nước thị đã thấy mình đúng. Thôi thì cuối tháng thể dục thể thao nâng cao sức khoẻ chào đón tháng mới cũng được nhỉ!
Hà Nội ơi, xin hãy ngừng mưa đi!!!!",(20+) Video,2025-09-30T10:31:32.000Z,2025-09-30T10:31:32+00:00,Siêu Chip ngại đang bơi đụng chướng ngại vật nên thôi á)),reply,2908084006052837,2908084006052837,1,"Thứ Ba, 30 Tháng 9, 2025 lúc 22:28",2025-09-30T22:28:00+07:00,0,,hanoi_location,0,0,facebook_20260925_0325,baseline_20260925_032543,2026-09-25T10:56:30.185395+07:00
facebook_c_3665525673756005,facebook,https://www.facebook.com/watch?v=1461303481749216,1461303481749216,"Sống ở Hà Nội đủ lâu để thấy được trận ngập lụt kinh hoàng như này. Từ công ty đi về, thị tự tin xông thẳng ra Tân Mai nhưng hỡi ôi Tân Mai thất thủ thị phải tìm cách mò mẫm mãi mới ra được Trương Định. Tới cuối Trương Định giao Giải Phóng thị đành quay lại vì Giải Phóng ngập. Cuối cùng thị quyết định vào bến xe Giáp Bát gửi xe và đi bộ về nhà! Nghe có vẻ điên rồ nhưng khi đi ra tới Giải Phóng, nhìn đoàn xe ùn tắc bì bõm lội nước thị đã thấy mình đúng. Thôi thì cuối tháng thể dục thể thao nâng cao sức khoẻ chào đón tháng mới cũng được nhỉ!
Hà Nội ơi, xin hãy ngừng mưa đi!!!!",(20+) Video,2025-09-30T10:31:32.000Z,2025-09-30T10:31:32+00:00,Hà Nội ngập kinh thế e? Đi lại cẩn thận e nhé,top_level,,3665525673756005,0,"Thứ Ba, 30 Tháng 9, 2025 lúc 19:49",2025-09-30T19:49:00+07:00,0,d3c4bdc91294c834e39796f25f8214a516f52546,"flood_state,transport_impact,hanoi_location",0,0,facebook_20260925_0325,baseline_20260925_032543,2026-09-25T10:56:30.176629+07:00
facebook_c_1547727273063767,facebook,https://www.facebook.com/watch?v=1461303481749216,1461303481749216,"Sống ở Hà Nội đủ lâu để thấy được trận ngập lụt kinh hoàng như này. Từ công ty đi về, thị tự tin xông thẳng ra Tân Mai nhưng hỡi ôi Tân Mai thất thủ thị phải tìm cách mò mẫm mãi mới ra được Trương Định. Tới cuối Trương Định giao Giải Phóng thị đành quay lại vì Giải Phóng ngập. Cuối cùng thị quyết định vào bến xe Giáp Bát gửi xe và đi bộ về nhà! Nghe có vẻ điên rồ nhưng khi đi ra tới Giải Phóng, nhìn đoàn xe ùn tắc bì bõm lội nước thị đã thấy mình đúng. Thôi thì cuối tháng thể dục thể thao nâng cao sức khoẻ chào đón tháng mới cũng được nhỉ!
Hà Nội ơi, xin hãy ngừng mưa đi!!!!",(20+) Video,2025-09-30T10:31:32.000Z,2025-09-30T10:31:32+00:00,"Trần Kim Oanh vâng bác ạ, may cũng về tới nhà ạ",reply,3665525673756005,3665525673756005,1,"Thứ Ba, 30 Tháng 9, 2025 lúc 20:12",2025-09-30T20:12:00+07:00,0,,hanoi_location,0,0,facebook_20260925_0325,baseline_20260925_032543,2026-09-25T10:56:30.182400+07:00
facebook_c_1514031240014409,facebook,https://www.facebook.com/watch?v=1461303481749216,1461303481749216,"Sống ở Hà Nội đủ lâu để thấy được trận ngập lụt kinh hoàng như này. Từ công ty đi về, thị tự tin xông thẳng ra Tân Mai nhưng hỡi ôi Tân Mai thất thủ thị phải tìm cách mò mẫm mãi mới ra được Trương Định. Tới cuối Trương Định giao Giải Phóng thị đành quay lại vì Giải Phóng ngập. Cuối cùng thị quyết định vào bến xe Giáp Bát gửi xe và đi bộ về nhà! Nghe có vẻ điên rồ nhưng khi đi ra tới Giải Phóng, nhìn đoàn xe ùn tắc bì bõm lội nước thị đã thấy mình đúng. Thôi thì cuối tháng thể dục thể thao nâng cao sức khoẻ chào đón tháng mới cũng được nhỉ!
Hà Nội ơi, xin hãy ngừng mưa đi!!!!",(20+) Video,2025-09-30T10:31:32.000Z,2025-09-30T10:31:32+00:00,Hien Tran nước ngập như này Na Sam có đc nghỉ ko e? Đi lại nguy hiểm quá,reply,3665525673756005,3665525673756005,1,"Thứ Ba, 30 Tháng 9, 2025 lúc 20:26",2025-09-30T20:26:00+07:00,0,,"flood_state,transport_impact,hanoi_location",0,0,facebook_20260925_0325,baseline_20260925_032543,2026-09-25T10:56:30.187968+07:00
facebook_c_4043879905879207,facebook,https://www.facebook.com/watch?v=1461303481749216,1461303481749216,"Sống ở Hà Nội đủ lâu để thấy được trận ngập lụt kinh hoàng như này. Từ công ty đi về, thị tự tin xông thẳng ra Tân Mai nhưng hỡi ôi Tân Mai thất thủ thị phải tìm cách mò mẫm mãi mới ra được Trương Định. Tới cuối Trương Định giao Giải Phóng thị đành quay lại vì Giải Phóng ngập. Cuối cùng thị quyết định vào bến xe Giáp Bát gửi xe và đi bộ về nhà! Nghe có vẻ điên rồ nhưng khi đi ra tới Giải Phóng, nhìn đoàn xe ùn tắc bì bõm lội nước thị đã thấy mình đúng. Thôi thì cuối tháng thể dục thể thao nâng cao sức khoẻ chào đón tháng mới cũng được nhỉ!
Hà Nội ơi, xin hãy ngừng mưa đi!!!!",(20+) Video,2025-09-30T10:31:32.000Z,2025-09-30T10:31:32+00:00,Sg cũng mưa tầm tã cả tuần nay bạn oi,top_level,,4043879905879207,0,"Thứ Ba, 30 Tháng 9, 2025 lúc 18:12",2025-09-30T18:12:00+07:00,0,d545c1a307330131075cf22c7f8b8bc7d2956848,hanoi_location,0,0,facebook_20260925_0325,baseline_20260925_032543,2026-09-25T10:56:30.178353+07:00
facebook_c_1129270362056383,facebook,https://www.facebook.com/watch?v=1461303481749216,1461303481749216,"Sống ở Hà Nội đủ lâu để thấy được trận ngập lụt kinh hoàng như này. Từ công ty đi về, thị tự tin xông thẳng ra Tân Mai nhưng hỡi ôi Tân Mai thất thủ thị phải tìm cách mò mẫm mãi mới ra được Trương Định. Tới cuối Trương Định giao Giải Phóng thị đành quay lại vì Giải Phóng ngập. Cuối cùng thị quyết định vào bến xe Giáp Bát gửi xe và đi bộ về nhà! Nghe có vẻ điên rồ nhưng khi đi ra tới Giải Phóng, nhìn đoàn xe ùn tắc bì bõm lội nước thị đã thấy mình đúng. Thôi thì cuối tháng thể dục thể thao nâng cao sức khoẻ chào đón tháng mới cũng được nhỉ!
Hà Nội ơi, xin hãy ngừng mưa đi!!!!",(20+) Video,2025-09-30T10:31:32.000Z,2025-09-30T10:31:32+00:00,Pham Thuy mệt với thời tiết này ghê Thuý ạ,reply,4043879905879207,4043879905879207,1,"Thứ Ba, 30 Tháng 9, 2025 lúc 18:18",2025-09-30T18:18:00+07:00,0,,,0,0,facebook_20260925_0325,baseline_20260925_032543,2026-09-25T10:56:30.183398+07:00
facebook_c_4186992244845572,facebook,https://www.facebook.com/watch?v=1461303481749216,1461303481749216,"Sống ở Hà Nội đủ lâu để thấy được trận ngập lụt kinh hoàng như này. Từ công ty đi về, thị tự tin xông thẳng ra Tân Mai nhưng hỡi ôi Tân Mai thất thủ thị phải tìm cách mò mẫm mãi mới ra được Trương Định. Tới cuối Trương Định giao Giải Phóng thị đành quay lại vì Giải Phóng ngập. Cuối cùng thị quyết định vào bến xe Giáp Bát gửi xe và đi bộ về nhà! Nghe có vẻ điên rồ nhưng khi đi ra tới Giải Phóng, nhìn đoàn xe ùn tắc bì bõm lội nước thị đã thấy mình đúng. Thôi thì cuối tháng thể dục thể thao nâng cao sức khoẻ chào đón tháng mới cũng được nhỉ!
Hà Nội ơi, xin hãy ngừng mưa đi!!!!",(20+) Video,2025-09-30T10:31:32.000Z,2025-09-30T10:31:32+00:00,"Đi đường phố xá điện đóm , cống dãnh nguy hiểm quá c ơi",top_level,,4186992244845572,0,"Thứ Ba, 30 Tháng 9, 2025 lúc 17:35",2025-09-30T17:35:00+07:00,0,29646ae2d193a52f019cd1fc0600a3aa65262bac,"transport_impact,hanoi_location",0,0,facebook_20260925_0325,baseline_20260925_032543,2026-09-25T10:56:30.163838+07:00
facebook_c_699723266466748,facebook,https://www.facebook.com/watch?v=1461303481749216,1461303481749216,"Sống ở Hà Nội đủ lâu để thấy được trận ngập lụt kinh hoàng như này. Từ công ty đi về, thị tự tin xông thẳng ra Tân Mai nhưng hỡi ôi Tân Mai thất thủ thị phải tìm cách mò mẫm mãi mới ra được Trương Định. Tới cuối Trương Định giao Giải Phóng thị đành quay lại vì Giải Phóng ngập. Cuối cùng thị quyết định vào bến xe Giáp Bát gửi xe và đi bộ về nhà! Nghe có vẻ điên rồ nhưng khi đi ra tới Giải Phóng, nhìn đoàn xe ùn tắc bì bõm lội nước thị đã thấy mình đúng. Thôi thì cuối tháng thể dục thể thao nâng cao sức khoẻ chào đón tháng mới cũng được nhỉ!
Hà Nội ơi, xin hãy ngừng mưa đi!!!!",(20+) Video,2025-09-30T10:31:32.000Z,2025-09-30T10:31:32+00:00,Đan Hà kinh dị e ạ,reply,4186992244845572,4186992244845572,1,"Thứ Ba, 30 Tháng 9, 2025 lúc 17:44",2025-09-30T17:44:00+07:00,0,,hanoi_location,0,0,facebook_20260925_0325,baseline_20260925_032543,2026-09-25T10:56:30.167993+07:00
facebook_c_639502862563016,facebook,https://www.facebook.com/watch?v=1461303481749216,1461303481749216,"Sống ở Hà Nội đủ lâu để thấy được trận ngập lụt kinh hoàng như này. Từ công ty đi về, thị tự tin xông thẳng ra Tân Mai nhưng hỡi ôi Tân Mai thất thủ thị phải tìm cách mò mẫm mãi mới ra được Trương Định. Tới cuối Trương Định giao Giải Phóng thị đành quay lại vì Giải Phóng ngập. Cuối cùng thị quyết định vào bến xe Giáp Bát gửi xe và đi bộ về nhà! Nghe có vẻ điên rồ nhưng khi đi ra tới Giải Phóng, nhìn đoàn xe ùn tắc bì bõm lội nước thị đã thấy mình đúng. Thôi thì cuối tháng thể dục thể thao nâng cao sức khoẻ chào đón tháng mới cũng được nhỉ!
Hà Nội ơi, xin hãy ngừng mưa đi!!!!",(20+) Video,2025-09-30T10:31:32.000Z,2025-09-30T10:31:32+00:00,Ngập quá,top_level,,639502862563016,0,"Thứ Ba, 30 Tháng 9, 2025 lúc 18:09",2025-09-30T18:09:00+07:00,0,b81183b248fb81b66e0a4691599b4e2d0d7d1299,flood_state,0,0,facebook_20260925_0325,baseline_20260925_032543,2026-09-25T10:56:30.172041+07:00
facebook_c_763562229838101,facebook,https://www.facebook.com/watch?v=1461303481749216,1461303481749216,"Sống ở Hà Nội đủ lâu để thấy được trận ngập lụt kinh hoàng như này. Từ công ty đi về, thị tự tin xông thẳng ra Tân Mai nhưng hỡi ôi Tân Mai thất thủ thị phải tìm cách mò mẫm mãi mới ra được Trương Định. Tới cuối Trương Định giao Giải Phóng thị đành quay lại vì Giải Phóng ngập. Cuối cùng thị quyết định vào bến xe Giáp Bát gửi xe và đi bộ về nhà! Nghe có vẻ điên rồ nhưng khi đi ra tới Giải Phóng, nhìn đoàn xe ùn tắc bì bõm lội nước thị đã thấy mình đúng. Thôi thì cuối tháng thể dục thể thao nâng cao sức khoẻ chào đón tháng mới cũng được nhỉ!
Hà Nội ơi, xin hãy ngừng mưa đi!!!!",(20+) Video,2025-09-30T10:31:32.000Z,2025-09-30T10:31:32+00:00,Tưởng vô lý mà thật ra rất có lý nha,top_level,,763562229838101,0,"Thứ Ba, 30 Tháng 9, 2025 lúc 19:07",2025-09-30T19:07:00+07:00,0,bea951c1fa725d2c08cd157abe58f773e1af2e15,,0,0,facebook_20260925_0325,baseline_20260925_032543,2026-09-25T10:56:30.161521+07:00
facebook_c_1127323925659896,facebook,https://www.facebook.com/watch?v=1461303481749216,1461303481749216,"Sống ở Hà Nội đủ lâu để thấy được trận ngập lụt kinh hoàng như này. Từ công ty đi về, thị tự tin xông thẳng ra Tân Mai nhưng hỡi ôi Tân Mai thất thủ thị phải tìm cách mò mẫm mãi mới ra được Trương Định. Tới cuối Trương Định giao Giải Phóng thị đành quay lại vì Giải Phóng ngập. Cuối cùng thị quyết định vào bến xe Giáp Bát gửi xe và đi bộ về nhà! Nghe có vẻ điên rồ nhưng khi đi ra tới Giải Phóng, nhìn đoàn xe ùn tắc bì bõm lội nước thị đã thấy mình đúng. Thôi thì cuối tháng thể dục thể thao nâng cao sức khoẻ chào đón tháng mới cũng được nhỉ!
Hà Nội ơi, xin hãy ngừng mưa đi!!!!",(20+) Video,2025-09-30T10:31:32.000Z,2025-09-30T10:31:32+00:00,My Phan quá là mợt mọi,reply,763562229838101,763562229838101,1,"Thứ Ba, 30 Tháng 9, 2025 lúc 20:23",2025-09-30T20:23:00+07:00,0,,hanoi_location,0,0,facebook_20260925_0325,baseline_20260925_032543,2026-09-25T10:56:30.165834+07:00
facebook_c_768825412687843,facebook,https://www.facebook.com/watch?v=1461303481749216,1461303481749216,"Sống ở Hà Nội đủ lâu để thấy được trận ngập lụt kinh hoàng như này. Từ công ty đi về, thị tự tin xông thẳng ra Tân Mai nhưng hỡi ôi Tân Mai thất thủ thị phải tìm cách mò mẫm mãi mới ra được Trương Định. Tới cuối Trương Định giao Giải Phóng thị đành quay lại vì Giải Phóng ngập. Cuối cùng thị quyết định vào bến xe Giáp Bát gửi xe và đi bộ về nhà! Nghe có vẻ điên rồ nhưng khi đi ra tới Giải Phóng, nhìn đoàn xe ùn tắc bì bõm lội nước thị đã thấy mình đúng. Thôi thì cuối tháng thể dục thể thao nâng cao sức khoẻ chào đón tháng mới cũng được nhỉ!
Hà Nội ơi, xin hãy ngừng mưa đi!!!!",(20+) Video,2025-09-30T10:31:32.000Z,2025-09-30T10:31:32+00:00,Sao chị bảo bới choá. Không nằm xuống thee hiện võ thuật à,top_level,,768825412687843,0,"Thứ Ba, 30 Tháng 9, 2025 lúc 17:43",2025-09-30T17:43:00+07:00,0,d6ff18410c24b887264d9d8062fd88bce3aae8dc,hanoi_location,0,0,facebook_20260925_0325,baseline_20260925_032543,2026-09-25T10:56:30.178353+07:00
facebook_c_1326050125735822,facebook,https://www.facebook.com/watch?v=1461303481749216,1461303481749216,"Sống ở Hà Nội đủ lâu để thấy được trận ngập lụt kinh hoàng như này. Từ công ty đi về, thị tự tin xông thẳng ra Tân Mai nhưng hỡi ôi Tân Mai thất thủ thị phải tìm cách mò mẫm mãi mới ra được Trương Định. Tới cuối Trương Định giao Giải Phóng thị đành quay lại vì Giải Phóng ngập. Cuối cùng thị quyết định vào bến xe Giáp Bát gửi xe và đi bộ về nhà! Nghe có vẻ điên rồ nhưng khi đi ra tới Giải Phóng, nhìn đoàn xe ùn tắc bì bõm lội nước thị đã thấy mình đúng. Thôi thì cuối tháng thể dục thể thao nâng cao sức khoẻ chào đón tháng mới cũng được nhỉ!
Hà Nội ơi, xin hãy ngừng mưa đi!!!!",(20+) Video,2025-09-30T10:31:32.000Z,2025-09-30T10:31:32+00:00,Hà Triệu xe đông quá bơi sợ va vào nta e ạ,reply,768825412687843,768825412687843,1,"Thứ Ba, 30 Tháng 9, 2025 lúc 17:44",2025-09-30T17:44:00+07:00,0,,,0,0,facebook_20260925_0325,baseline_20260925_032543,2026-09-25T10:56:30.183398+07:00
facebook_c_778634871724142,facebook,https://www.facebook.com/watch?v=1461303481749216,1461303481749216,"Sống ở Hà Nội đủ lâu để thấy được trận ngập lụt kinh hoàng như này. Từ công ty đi về, thị tự tin xông thẳng ra Tân Mai nhưng hỡi ôi Tân Mai thất thủ thị phải tìm cách mò mẫm mãi mới ra được Trương Định. Tới cuối Trương Định giao Giải Phóng thị đành quay lại vì Giải Phóng ngập. Cuối cùng thị quyết định vào bến xe Giáp Bát gửi xe và đi bộ về nhà! Nghe có vẻ điên rồ nhưng khi đi ra tới Giải Phóng, nhìn đoàn xe ùn tắc bì bõm lội nước thị đã thấy mình đúng. Thôi thì cuối tháng thể dục thể thao nâng cao sức khoẻ chào đón tháng mới cũng được nhỉ!
Hà Nội ơi, xin hãy ngừng mưa đi!!!!",(20+) Video,2025-09-30T10:31:32.000Z,2025-09-30T10:31:32+00:00,Thích nhờ,top_level,,778634871724142,0,"Thứ Ba, 30 Tháng 9, 2025 lúc 18:02",2025-09-30T18:02:00+07:00,0,e3ce320aa156256040df0818c565d01d9f30cd9d,,0,0,facebook_20260925_0325,baseline_20260925_032543,2026-09-25T10:56:30.172041+07:00
facebook_c_2579913479034699,facebook,https://www.facebook.com/watch?v=1461303481749216,1461303481749216,"Sống ở Hà Nội đủ lâu để thấy được trận ngập lụt kinh hoàng như này. Từ công ty đi về, thị tự tin xông thẳng ra Tân Mai nhưng hỡi ôi Tân Mai thất thủ thị phải tìm cách mò mẫm mãi mới ra được Trương Định. Tới cuối Trương Định giao Giải Phóng thị đành quay lại vì Giải Phóng ngập. Cuối cùng thị quyết định vào bến xe Giáp Bát gửi xe và đi bộ về nhà! Nghe có vẻ điên rồ nhưng khi đi ra tới Giải Phóng, nhìn đoàn xe ùn tắc bì bõm lội nước thị đã thấy mình đúng. Thôi thì cuối tháng thể dục thể thao nâng cao sức khoẻ chào đón tháng mới cũng được nhỉ!
Hà Nội ơi, xin hãy ngừng mưa đi!!!!",(20+) Video,2025-09-30T10:31:32.000Z,2025-09-30T10:31:32+00:00,Trần Hoài Nam cho e xin ít thu vàng nào,reply,778634871724142,778634871724142,1,"Thứ Ba, 30 Tháng 9, 2025 lúc 18:06",2025-09-30T18:06:00+07:00,0,,hanoi_location,0,0,facebook_20260925_0325,baseline_20260925_032543,2026-09-25T10:56:30.175083+07:00
facebook_c_1364480998369251,facebook,https://www.facebook.com/watch?v=1461303481749216,1461303481749216,"Sống ở Hà Nội đủ lâu để thấy được trận ngập lụt kinh hoàng như này. Từ công ty đi về, thị tự tin xông thẳng ra Tân Mai nhưng hỡi ôi Tân Mai thất thủ thị phải tìm cách mò mẫm mãi mới ra được Trương Định. Tới cuối Trương Định giao Giải Phóng thị đành quay lại vì Giải Phóng ngập. Cuối cùng thị quyết định vào bến xe Giáp Bát gửi xe và đi bộ về nhà! Nghe có vẻ điên rồ nhưng khi đi ra tới Giải Phóng, nhìn đoàn xe ùn tắc bì bõm lội nước thị đã thấy mình đúng. Thôi thì cuối tháng thể dục thể thao nâng cao sức khoẻ chào đón tháng mới cũng được nhỉ!
Hà Nội ơi, xin hãy ngừng mưa đi!!!!",(20+) Video,2025-09-30T10:31:32.000Z,2025-09-30T10:31:32+00:00,"Hien Tran đây, chưa vàng mấy",reply,778634871724142,778634871724142,1,"Thứ Ba, 30 Tháng 9, 2025 lúc 18:15",2025-09-30T18:15:00+07:00,0,,hanoi_location,0,0,facebook_20260925_0325,baseline_20260925_032543,2026-09-25T10:56:30.181365+07:00
facebook_c_830579495992699,facebook,https://www.facebook.com/watch?v=1461303481749216,1461303481749216,"Sống ở Hà Nội đủ lâu để thấy được trận ngập lụt kinh hoàng như này. Từ công ty đi về, thị tự tin xông thẳng ra Tân Mai nhưng hỡi ôi Tân Mai thất thủ thị phải tìm cách mò mẫm mãi mới ra được Trương Định. Tới cuối Trương Định giao Giải Phóng thị đành quay lại vì Giải Phóng ngập. Cuối cùng thị quyết định vào bến xe Giáp Bát gửi xe và đi bộ về nhà! Nghe có vẻ điên rồ nhưng khi đi ra tới Giải Phóng, nhìn đoàn xe ùn tắc bì bõm lội nước thị đã thấy mình đúng. Thôi thì cuối tháng thể dục thể thao nâng cao sức khoẻ chào đón tháng mới cũng được nhỉ!
Hà Nội ơi, xin hãy ngừng mưa đi!!!!",(20+) Video,2025-09-30T10:31:32.000Z,2025-09-30T10:31:32+00:00,"Trần Hoài Nam quá mê cái không khí ấy ạ, hụ hụ",reply,778634871724142,778634871724142,1,"Thứ Ba, 30 Tháng 9, 2025 lúc 18:17",2025-09-30T18:17:00+07:00,0,,hanoi_location,0,0,facebook_20260925_0325,baseline_20260925_032543,2026-09-25T10:56:30.181365+07:00
facebook_c_800241829251105,facebook,https://www.facebook.com/watch?v=1461303481749216,1461303481749216,"Sống ở Hà Nội đủ lâu để thấy được trận ngập lụt kinh hoàng như này. Từ công ty đi về, thị tự tin xông thẳng ra Tân Mai nhưng hỡi ôi Tân Mai thất thủ thị phải tìm cách mò mẫm mãi mới ra được Trương Định. Tới cuối Trương Định giao Giải Phóng thị đành quay lại vì Giải Phóng ngập. Cuối cùng thị quyết định vào bến xe Giáp Bát gửi xe và đi bộ về nhà! Nghe có vẻ điên rồ nhưng khi đi ra tới Giải Phóng, nhìn đoàn xe ùn tắc bì bõm lội nước thị đã thấy mình đúng. Thôi thì cuối tháng thể dục thể thao nâng cao sức khoẻ chào đón tháng mới cũng được nhỉ!
Hà Nội ơi, xin hãy ngừng mưa đi!!!!",(20+) Video,2025-09-30T10:31:32.000Z,2025-09-30T10:31:32+00:00,Giống năm 2008 quá,top_level,,800241829251105,0,"Thứ Tư, 1 Tháng 10, 2025 lúc 06:22",2025-10-01T06:22:00+07:00,0,203b8cd64d0af06e2a3bc72eda2f39088b0b7d41,,0,0,facebook_20260925_0325,baseline_20260925_032543,2026-09-25T10:56:30.186957+07:00
facebook_c_799730829084830,facebook,https://www.facebook.com/watch?v=1461303481749216,1461303481749216,"Sống ở Hà Nội đủ lâu để thấy được trận ngập lụt kinh hoàng như này. Từ công ty đi về, thị tự tin xông thẳng ra Tân Mai nhưng hỡi ôi Tân Mai thất thủ thị phải tìm cách mò mẫm mãi mới ra được Trương Định. Tới cuối Trương Định giao Giải Phóng thị đành quay lại vì Giải Phóng ngập. Cuối cùng thị quyết định vào bến xe Giáp Bát gửi xe và đi bộ về nhà! Nghe có vẻ điên rồ nhưng khi đi ra tới Giải Phóng, nhìn đoàn xe ùn tắc bì bõm lội nước thị đã thấy mình đúng. Thôi thì cuối tháng thể dục thể thao nâng cao sức khoẻ chào đón tháng mới cũng được nhỉ!
Hà Nội ơi, xin hãy ngừng mưa đi!!!!",(20+) Video,2025-09-30T10:31:32.000Z,2025-09-30T10:31:32+00:00,Nguyễn Đức Thiện nay mà mưa nữa thì còn hơn 2k8 b ạ,reply,800241829251105,800241829251105,1,"Thứ Tư, 1 Tháng 10, 2025 lúc 07:02",2025-10-01T07:02:00+07:00,0,,hanoi_location,0,0,facebook_20260925_0325,baseline_20260925_032543,2026-09-25T10:56:30.190004+07:00
facebook_c_802571092159109,facebook,https://www.facebook.com/watch?v=1461303481749216,1461303481749216,"Sống ở Hà Nội đủ lâu để thấy được trận ngập lụt kinh hoàng như này. Từ công ty đi về, thị tự tin xông thẳng ra Tân Mai nhưng hỡi ôi Tân Mai thất thủ thị phải tìm cách mò mẫm mãi mới ra được Trương Định. Tới cuối Trương Định giao Giải Phóng thị đành quay lại vì Giải Phóng ngập. Cuối cùng thị quyết định vào bến xe Giáp Bát gửi xe và đi bộ về nhà! Nghe có vẻ điên rồ nhưng khi đi ra tới Giải Phóng, nhìn đoàn xe ùn tắc bì bõm lội nước thị đã thấy mình đúng. Thôi thì cuối tháng thể dục thể thao nâng cao sức khoẻ chào đón tháng mới cũng được nhỉ!
Hà Nội ơi, xin hãy ngừng mưa đi!!!!",(20+) Video,2025-09-30T10:31:32.000Z,2025-09-30T10:31:32+00:00,"Quê mình hnay trời đẹp, mát mẻ lại không mưa b ạ",top_level,,802571092159109,0,"Thứ Ba, 30 Tháng 9, 2025 lúc 17:48",2025-09-30T17:48:00+07:00,0,4ffc2ec474c0a00b4e51e4e61ad2d861a2e66c8a,,0,0,facebook_20260925_0325,baseline_20260925_032543,2026-09-25T10:56:30.181365+07:00
facebook_c_1139605221469978,facebook,https://www.facebook.com/watch?v=1461303481749216,1461303481749216,"Sống ở Hà Nội đủ lâu để thấy được trận ngập lụt kinh hoàng như này. Từ công ty đi về, thị tự tin xông thẳng ra Tân Mai nhưng hỡi ôi Tân Mai thất thủ thị phải tìm cách mò mẫm mãi mới ra được Trương Định. Tới cuối Trương Định giao Giải Phóng thị đành quay lại vì Giải Phóng ngập. Cuối cùng thị quyết định vào bến xe Giáp Bát gửi xe và đi bộ về nhà! Nghe có vẻ điên rồ nhưng khi đi ra tới Giải Phóng, nhìn đoàn xe ùn tắc bì bõm lội nước thị đã thấy mình đúng. Thôi thì cuối tháng thể dục thể thao nâng cao sức khoẻ chào đón tháng mới cũng được nhỉ!
Hà Nội ơi, xin hãy ngừng mưa đi!!!!",(20+) Video,2025-09-30T10:31:32.000Z,2025-09-30T10:31:32+00:00,Anh Nguyen Thi hình như mưa cả nước đều dồn về HN mình ạ,reply,802571092159109,802571092159109,1,"Thứ Ba, 30 Tháng 9, 2025 lúc 18:06",2025-09-30T18:06:00+07:00,0,,hanoi_location,0,0,facebook_20260925_0325,baseline_20260925_032543,2026-09-25T10:56:30.185395+07:00
facebook_c_784269721240199,facebook,https://www.facebook.com/watch?v=1461303481749216,1461303481749216,"Sống ở Hà Nội đủ lâu để thấy được trận ngập lụt kinh hoàng như này. Từ công ty đi về, thị tự tin xông thẳng ra Tân Mai nhưng hỡi ôi Tân Mai thất thủ thị phải tìm cách mò mẫm mãi mới ra được Trương Định. Tới cuối Trương Định giao Giải Phóng thị đành quay lại vì Giải Phóng ngập. Cuối cùng thị quyết định vào bến xe Giáp Bát gửi xe và đi bộ về nhà! Nghe có vẻ điên rồ nhưng khi đi ra tới Giải Phóng, nhìn đoàn xe ùn tắc bì bõm lội nước thị đã thấy mình đúng. Thôi thì cuối tháng thể dục thể thao nâng cao sức khoẻ chào đón tháng mới cũng được nhỉ!
Hà Nội ơi, xin hãy ngừng mưa đi!!!!",(20+) Video,2025-09-30T10:31:32.000Z,2025-09-30T10:31:32+00:00,"Hien Tran Thật không muốn đâu mưa ơi, b nhỉ",reply,802571092159109,802571092159109,1,"Thứ Ba, 30 Tháng 9, 2025 lúc 18:06",2025-09-30T18:06:00+07:00,0,,hanoi_location,0,0,facebook_20260925_0325,baseline_20260925_032543,2026-09-25T10:56:30.189009+07:00
facebook_c_803117472652730,facebook,https://www.facebook.com/watch?v=1461303481749216,1461303481749216,"Sống ở Hà Nội đủ lâu để thấy được trận ngập lụt kinh hoàng như này. Từ công ty đi về, thị tự tin xông thẳng ra Tân Mai nhưng hỡi ôi Tân Mai thất thủ thị phải tìm cách mò mẫm mãi mới ra được Trương Định. Tới cuối Trương Định giao Giải Phóng thị đành quay lại vì Giải Phóng ngập. Cuối cùng thị quyết định vào bến xe Giáp Bát gửi xe và đi bộ về nhà! Nghe có vẻ điên rồ nhưng khi đi ra tới Giải Phóng, nhìn đoàn xe ùn tắc bì bõm lội nước thị đã thấy mình đúng. Thôi thì cuối tháng thể dục thể thao nâng cao sức khoẻ chào đón tháng mới cũng được nhỉ!
Hà Nội ơi, xin hãy ngừng mưa đi!!!!",(20+) Video,2025-09-30T10:31:32.000Z,2025-09-30T10:31:32+00:00,Tính ra đi bộ về lại nhanh đó,top_level,,803117472652730,0,"Thứ Ba, 30 Tháng 9, 2025 lúc 20:29",2025-09-30T20:29:00+07:00,0,aa2ef4174bcb0e01e3526977b91b70317c47504d,transport_impact,0,0,facebook_20260925_0325,baseline_20260925_032543,2026-09-25T10:56:30.185395+07:00
facebook_c_1307564127415336,facebook,https://www.facebook.com/watch?v=1461303481749216,1461303481749216,"Sống ở Hà Nội đủ lâu để thấy được trận ngập lụt kinh hoàng như này. Từ công ty đi về, thị tự tin xông thẳng ra Tân Mai nhưng hỡi ôi Tân Mai thất thủ thị phải tìm cách mò mẫm mãi mới ra được Trương Định. Tới cuối Trương Định giao Giải Phóng thị đành quay lại vì Giải Phóng ngập. Cuối cùng thị quyết định vào bến xe Giáp Bát gửi xe và đi bộ về nhà! Nghe có vẻ điên rồ nhưng khi đi ra tới Giải Phóng, nhìn đoàn xe ùn tắc bì bõm lội nước thị đã thấy mình đúng. Thôi thì cuối tháng thể dục thể thao nâng cao sức khoẻ chào đón tháng mới cũng được nhỉ!
Hà Nội ơi, xin hãy ngừng mưa đi!!!!",(20+) Video,2025-09-30T10:31:32.000Z,2025-09-30T10:31:32+00:00,"Mơ Ngô ờ coi như thể dục luôn, mà td này hơi oải vì ướt từ đầu đến chân",reply,803117472652730,803117472652730,1,"Thứ Ba, 30 Tháng 9, 2025 lúc 20:30",2025-09-30T20:30:00+07:00,0,,hanoi_location,0,0,facebook_20260925_0325,baseline_20260925_032543,2026-09-25T10:56:30.189009+07:00
facebook_c_1734150013965244,facebook,https://www.facebook.com/watch?v=1461303481749216,1461303481749216,"Sống ở Hà Nội đủ lâu để thấy được trận ngập lụt kinh hoàng như này. Từ công ty đi về, thị tự tin xông thẳng ra Tân Mai nhưng hỡi ôi Tân Mai thất thủ thị phải tìm cách mò mẫm mãi mới ra được Trương Định. Tới cuối Trương Định giao Giải Phóng thị đành quay lại vì Giải Phóng ngập. Cuối cùng thị quyết định vào bến xe Giáp Bát gửi xe và đi bộ về nhà! Nghe có vẻ điên rồ nhưng khi đi ra tới Giải Phóng, nhìn đoàn xe ùn tắc bì bõm lội nước thị đã thấy mình đúng. Thôi thì cuối tháng thể dục thể thao nâng cao sức khoẻ chào đón tháng mới cũng được nhỉ!
Hà Nội ơi, xin hãy ngừng mưa đi!!!!",(20+) Video,2025-09-30T10:31:32.000Z,2025-09-30T10:31:32+00:00,Mơ Ngô nói bạn học bơi dần về sau có khi nhanh  và khỏe hơn đó em.,reply,803117472652730,803117472652730,1,"Thứ Tư, 1 Tháng 10, 2025 lúc 07:52",2025-10-01T07:52:00+07:00,0,,hanoi_location,0,0,facebook_20260925_0325,baseline_20260925_032543,2026-09-25T10:56:30.190004+07:00
facebook_c_24400995176238071,facebook,https://www.facebook.com/watch?v=1461303481749216,1461303481749216,"Sống ở Hà Nội đủ lâu để thấy được trận ngập lụt kinh hoàng như này. Từ công ty đi về, thị tự tin xông thẳng ra Tân Mai nhưng hỡi ôi Tân Mai thất thủ thị phải tìm cách mò mẫm mãi mới ra được Trương Định. Tới cuối Trương Định giao Giải Phóng thị đành quay lại vì Giải Phóng ngập. Cuối cùng thị quyết định vào bến xe Giáp Bát gửi xe và đi bộ về nhà! Nghe có vẻ điên rồ nhưng khi đi ra tới Giải Phóng, nhìn đoàn xe ùn tắc bì bõm lội nước thị đã thấy mình đúng. Thôi thì cuối tháng thể dục thể thao nâng cao sức khoẻ chào đón tháng mới cũng được nhỉ!
Hà Nội ơi, xin hãy ngừng mưa đi!!!!",(20+) Video,2025-09-30T10:31:32.000Z,2025-09-30T10:31:32+00:00,Trần Hoàng tui bơi dc nha) nhưng đường HN nhiều chướng ngại vật lắm nên hổng dám bơi à,reply,803117472652730,803117472652730,1,"Thứ Tư, 1 Tháng 10, 2025 lúc 08:15",2025-10-01T08:15:00+07:00,0,,hanoi_location,0,0,facebook_20260925_0325,baseline_20260925_032543,2026-09-25T10:56:30.192969+07:00
facebook_c_805071715551516,facebook,https://www.facebook.com/watch?v=1461303481749216,1461303481749216,"Sống ở Hà Nội đủ lâu để thấy được trận ngập lụt kinh hoàng như này. Từ công ty đi về, thị tự tin xông thẳng ra Tân Mai nhưng hỡi ôi Tân Mai thất thủ thị phải tìm cách mò mẫm mãi mới ra được Trương Định. Tới cuối Trương Định giao Giải Phóng thị đành quay lại vì Giải Phóng ngập. Cuối cùng thị quyết định vào bến xe Giáp Bát gửi xe và đi bộ về nhà! Nghe có vẻ điên rồ nhưng khi đi ra tới Giải Phóng, nhìn đoàn xe ùn tắc bì bõm lội nước thị đã thấy mình đúng. Thôi thì cuối tháng thể dục thể thao nâng cao sức khoẻ chào đón tháng mới cũng được nhỉ!
Hà Nội ơi, xin hãy ngừng mưa đi!!!!",(20+) Video,2025-09-30T10:31:32.000Z,2025-09-30T10:31:32+00:00,Và kết quả thị mấy giờ về đến nhà,top_level,,805071715551516,0,"Thứ Tư, 1 Tháng 10, 2025 lúc 09:14",2025-10-01T09:14:00+07:00,0,22262dbf37d54387d12ef7f26897aedac209f4c6,hanoi_location,0,0,facebook_20260925_0325,baseline_20260925_032543,2026-09-25T10:56:30.170038+07:00
facebook_c_780607984946594,facebook,https://www.facebook.com/watch?v=1461303481749216,1461303481749216,"Sống ở Hà Nội đủ lâu để thấy được trận ngập lụt kinh hoàng như này. Từ công ty đi về, thị tự tin xông thẳng ra Tân Mai nhưng hỡi ôi Tân Mai thất thủ thị phải tìm cách mò mẫm mãi mới ra được Trương Định. Tới cuối Trương Định giao Giải Phóng thị đành quay lại vì Giải Phóng ngập. Cuối cùng thị quyết định vào bến xe Giáp Bát gửi xe và đi bộ về nhà! Nghe có vẻ điên rồ nhưng khi đi ra tới Giải Phóng, nhìn đoàn xe ùn tắc bì bõm lội nước thị đã thấy mình đúng. Thôi thì cuối tháng thể dục thể thao nâng cao sức khoẻ chào đón tháng mới cũng được nhỉ!
Hà Nội ơi, xin hãy ngừng mưa đi!!!!",(20+) Video,2025-09-30T10:31:32.000Z,2025-09-30T10:31:32+00:00,Minh Chu Quang lúc thị đăng bài là thị đã an toạ rồi bác ạ,reply,805071715551516,805071715551516,1,"Thứ Tư, 1 Tháng 10, 2025 lúc 10:05",2025-10-01T10:05:00+07:00,0,,hanoi_location,0,0,facebook_20260925_0325,baseline_20260925_032543,2026-09-25T10:56:30.174039+07:00
facebook_c_816633594058826,facebook,https://www.facebook.com/watch?v=1461303481749216,1461303481749216,"Sống ở Hà Nội đủ lâu để thấy được trận ngập lụt kinh hoàng như này. Từ công ty đi về, thị tự tin xông thẳng ra Tân Mai nhưng hỡi ôi Tân Mai thất thủ thị phải tìm cách mò mẫm mãi mới ra được Trương Định. Tới cuối Trương Định giao Giải Phóng thị đành quay lại vì Giải Phóng ngập. Cuối cùng thị quyết định vào bến xe Giáp Bát gửi xe và đi bộ về nhà! Nghe có vẻ điên rồ nhưng khi đi ra tới Giải Phóng, nhìn đoàn xe ùn tắc bì bõm lội nước thị đã thấy mình đúng. Thôi thì cuối tháng thể dục thể thao nâng cao sức khoẻ chào đón tháng mới cũng được nhỉ!
Hà Nội ơi, xin hãy ngừng mưa đi!!!!",(20+) Video,2025-09-30T10:31:32.000Z,2025-09-30T10:31:32+00:00,Vậy phải mặc quần đùi đi làm à bà ơi,top_level,,816633594058826,0,"Thứ Ba, 30 Tháng 9, 2025 lúc 19:32",2025-09-30T19:32:00+07:00,0,1e49d4c262aa17f8454c66bd88bb63ba4bc519c7,"transport_impact,hanoi_location",0,0,facebook_20260925_0325,baseline_20260925_032543,2026-09-25T10:56:30.176629+07:00
facebook_c_1533137417603819,facebook,https://www.facebook.com/watch?v=1461303481749216,1461303481749216,"Sống ở Hà Nội đủ lâu để thấy được trận ngập lụt kinh hoàng như này. Từ công ty đi về, thị tự tin xông thẳng ra Tân Mai nhưng hỡi ôi Tân Mai thất thủ thị phải tìm cách mò mẫm mãi mới ra được Trương Định. Tới cuối Trương Định giao Giải Phóng thị đành quay lại vì Giải Phóng ngập. Cuối cùng thị quyết định vào bến xe Giáp Bát gửi xe và đi bộ về nhà! Nghe có vẻ điên rồ nhưng khi đi ra tới Giải Phóng, nhìn đoàn xe ùn tắc bì bõm lội nước thị đã thấy mình đúng. Thôi thì cuối tháng thể dục thể thao nâng cao sức khoẻ chào đón tháng mới cũng được nhỉ!
Hà Nội ơi, xin hãy ngừng mưa đi!!!!",(20+) Video,2025-09-30T10:31:32.000Z,2025-09-30T10:31:32+00:00,"Mẹ SuSu mặc đồ ngắn bà ạ, mà k mặc gì trời này là tiện nhất, k lo ướt",reply,816633594058826,816633594058826,1,"Thứ Ba, 30 Tháng 9, 2025 lúc 19:35",2025-09-30T19:35:00+07:00,0,,hanoi_location,0,0,facebook_20260925_0325,baseline_20260925_032543,2026-09-25T10:56:30.182400+07:00
facebook_c_821004977116759,facebook,https://www.facebook.com/watch?v=1461303481749216,1461303481749216,"Sống ở Hà Nội đủ lâu để thấy được trận ngập lụt kinh hoàng như này. Từ công ty đi về, thị tự tin xông thẳng ra Tân Mai nhưng hỡi ôi Tân Mai thất thủ thị phải tìm cách mò mẫm mãi mới ra được Trương Định. Tới cuối Trương Định giao Giải Phóng thị đành quay lại vì Giải Phóng ngập. Cuối cùng thị quyết định vào bến xe Giáp Bát gửi xe và đi bộ về nhà! Nghe có vẻ điên rồ nhưng khi đi ra tới Giải Phóng, nhìn đoàn xe ùn tắc bì bõm lội nước thị đã thấy mình đúng. Thôi thì cuối tháng thể dục thể thao nâng cao sức khoẻ chào đón tháng mới cũng được nhỉ!
Hà Nội ơi, xin hãy ngừng mưa đi!!!!",(20+) Video,2025-09-30T10:31:32.000Z,2025-09-30T10:31:32+00:00,Tui cũng ở HN khá khá thời gian để chứng kiến mưa ngập nước lụt nhưng hôm nay lần đầu tiên Tôi đã phải dắt xe lội nước (nước đến yên xe luôn),top_level,,821004977116759,0,"Thứ Ba, 30 Tháng 9, 2025 lúc 22:34",2025-09-30T22:34:00+07:00,0,769a538c62ae6fa18692014d7fdb35ac865482bc,"flood_state,hanoi_location",0,0,facebook_20260925_0325,baseline_20260925_032543,2026-09-25T10:56:30.161521+07:00
facebook_c_1499513624707617,facebook,https://www.facebook.com/watch?v=1461303481749216,1461303481749216,"Sống ở Hà Nội đủ lâu để thấy được trận ngập lụt kinh hoàng như này. Từ công ty đi về, thị tự tin xông thẳng ra Tân Mai nhưng hỡi ôi Tân Mai thất thủ thị phải tìm cách mò mẫm mãi mới ra được Trương Định. Tới cuối Trương Định giao Giải Phóng thị đành quay lại vì Giải Phóng ngập. Cuối cùng thị quyết định vào bến xe Giáp Bát gửi xe và đi bộ về nhà! Nghe có vẻ điên rồ nhưng khi đi ra tới Giải Phóng, nhìn đoàn xe ùn tắc bì bõm lội nước thị đã thấy mình đúng. Thôi thì cuối tháng thể dục thể thao nâng cao sức khoẻ chào đón tháng mới cũng được nhỉ!
Hà Nội ơi, xin hãy ngừng mưa đi!!!!",(20+) Video,2025-09-30T10:31:32.000Z,2025-09-30T10:31:32+00:00,"Tươi Đỗ đoạn trên đấy thì kinh khủng rồi, hy vọng mai hết mưa k thì chớt mất",reply,821004977116759,821004977116759,1,"Thứ Ba, 30 Tháng 9, 2025 lúc 22:37",2025-09-30T22:37:00+07:00,0,,hanoi_location,0,0,facebook_20260925_0325,baseline_20260925_032543,2026-09-25T10:56:30.165834+07:00
facebook_c_846659208095975,facebook,https://www.facebook.com/watch?v=1461303481749216,1461303481749216,"Sống ở Hà Nội đủ lâu để thấy được trận ngập lụt kinh hoàng như này. Từ công ty đi về, thị tự tin xông thẳng ra Tân Mai nhưng hỡi ôi Tân Mai thất thủ thị phải tìm cách mò mẫm mãi mới ra được Trương Định. Tới cuối Trương Định giao Giải Phóng thị đành quay lại vì Giải Phóng ngập. Cuối cùng thị quyết định vào bến xe Giáp Bát gửi xe và đi bộ về nhà! Nghe có vẻ điên rồ nhưng khi đi ra tới Giải Phóng, nhìn đoàn xe ùn tắc bì bõm lội nước thị đã thấy mình đúng. Thôi thì cuối tháng thể dục thể thao nâng cao sức khoẻ chào đón tháng mới cũng được nhỉ!
Hà Nội ơi, xin hãy ngừng mưa đi!!!!",(20+) Video,2025-09-30T10:31:32.000Z,2025-09-30T10:31:32+00:00,C cũng phải đi các ngõ ngách mới về đc đến nhà. Và phải gửi xe gần 1km để lội về đấy,top_level,,846659208095975,0,"Thứ Ba, 30 Tháng 9, 2025 lúc 18:00",2025-09-30T18:00:00+07:00,0,02abf70cffde4dfaa0a1cb02c4f1d52a53af3d37,"transport_impact,hanoi_location",0,0,facebook_20260925_0325,baseline_20260925_032543,2026-09-25T10:56:30.160518+07:00
facebook_c_1543996273288161,facebook,https://www.facebook.com/watch?v=1461303481749216,1461303481749216,"Sống ở Hà Nội đủ lâu để thấy được trận ngập lụt kinh hoàng như này. Từ công ty đi về, thị tự tin xông thẳng ra Tân Mai nhưng hỡi ôi Tân Mai thất thủ thị phải tìm cách mò mẫm mãi mới ra được Trương Định. Tới cuối Trương Định giao Giải Phóng thị đành quay lại vì Giải Phóng ngập. Cuối cùng thị quyết định vào bến xe Giáp Bát gửi xe và đi bộ về nhà! Nghe có vẻ điên rồ nhưng khi đi ra tới Giải Phóng, nhìn đoàn xe ùn tắc bì bõm lội nước thị đã thấy mình đúng. Thôi thì cuối tháng thể dục thể thao nâng cao sức khoẻ chào đón tháng mới cũng được nhỉ!
Hà Nội ơi, xin hãy ngừng mưa đi!!!!",(20+) Video,2025-09-30T10:31:32.000Z,2025-09-30T10:31:32+00:00,Thu Hương e đi từ Giáp Bát về là 3km đó ạ hiuhiu,reply,846659208095975,846659208095975,1,"Thứ Ba, 30 Tháng 9, 2025 lúc 18:06",2025-09-30T18:06:00+07:00,0,,transport_impact,0,0,facebook_20260925_0325,baseline_20260925_032543,2026-09-25T10:56:30.165834+07:00
facebook_c_1134937101350259,facebook,https://www.facebook.com/watch?v=1616615353077336,1616615353077336,"HÀ NỘI: CÁC PHƯƠNG TIỆN THAM GIA GIAO THÔNG LƯU Ý HƠN 30 ĐIỂM NGẬP ÚNG  

• Đường Nguyễn Khuyến (trước cổng THCS Lý Thường Kiệt)
• Phố Hoa Bằng (từ số 91 – 97 và 54 – 56)
• Ngã ba Cầu Giấy – Dịch Vọng (từ số 235 – 255 Cầu Giấy)
• Phố Phan Văn Trường
• Dương Đình Nghệ – Phạm Hùng (sau tòa Keangnam)
• Phố Trần Bình (trước UBND phường Mai Dịch – Bệnh viện 19/8)
• Ngã tư Phan Bội Châu – Lý Thường Kiệt; ngã năm Đường Thành – Bát Đàn – Nhà Hỏa
• Phố Tông Đản (cổng phụ Thành ủy Hà Nội)
• Phố Đinh Tiên Hoàng (đài phun nước, bến xe điện)
• Số 155 Phùng Hưng
• Phố Cao Bá Quát (trước Công ty Môi trường đô thị Hà Nội)
• Phố Thụy Khuê (dốc La Pho)
• Phố Minh Khai (chân cầu Vĩnh Tuy)
• Phố Nguyễn Chính (từ ngõ 74 đến cống hóa mương Tân Mai)
• Phố Mạc Thị Bưởi
• Đại lộ Thăng Long (ngã ba Lê Trọng Tấn, hầm chui số 356, nút giao An Khánh)
• Phố Đỗ Đức Dục
• Phố Ngọc Lâm (từ ngã ba Long Biên 1 đến trụ sở Xí nghiệp Môi trường đô thị Gia Lâm)
• Hoàng Như Tiếp (từ Trường Tiểu học Ngọc Lâm đến ngã ba Hoàng Như Tiếp – Ái Mộ)
• Đường Cổ Linh – Đàm Quang Trung (đoạn trước siêu thị Aeon Mall)
• Phố Quan Nhân
• Phố Cự Lộc
• Nguyễn Trãi (trước Đại học KHXH&NV)
• Nguyễn Xiển
• Phố Kẻ Vẽ (ngã ba chợ Vẽ)
• Ecohome 3
• KĐT Resco
• Quốc lộ 3 (qua xã Mai Lâm)
• Đường 23B (qua thôn Cổ Điển)

Do ảnh hưởng của hoàn lưu bão số 10, Hà Nội mưa lớn kéo dài từ đêm 29 đến sáng 30/9. Nhiều tuyến phố trung tâm và khu vực ngoại thành ngập sâu. Cụ thể, theo VnExpress, tại cầu vượt Mai Dịch - nút giao đường Hồ Tùng Mậu, Phạm Văn Đồng, Xuân Thủy, Phạm Hùng, nơi có mật độ giao thông lớn, hiện đang mênh mông nước. Nước ngập nửa bánh xe, phương tiện di chuyển khó khăn.  Cảnh sát giao thông khuyến cáo người dân thận trọng khi tham gia giao thông theo hướng Phạm Văn Đồng đi bến xe Mỹ Đình.

Theo Công ty TNHH MTV Thoát nước Hà Nội, lượng mưa đo được tại một số xã, phường từ 7 giờ ngày 29/9 đến 7 giờ ngày 30/9 như sau: Phường Hai Bà Trưng 84 mm, Ba Đình 44 mm, Hoàn Kiếm 37 mm, Ô Chợ Dừa 104 mm, Phú Lương 118 mm, Hoàng Liệt 57 mm, Thanh Liệt 79 mm...

Theo VOV1 
Video:",(20+) Video,2025-09-30T06:35:35.000Z,2025-09-30T06:35:35+00:00,Giải phóng thành sông rồi,top_level,,1134937101350259,0,"Thứ Ba, 30 Tháng 9, 2025 lúc 14:05",2025-09-30T14:05:00+07:00,0,f389af42f20f2e44f1e417c16c2574866bb1c2da,hanoi_location,0,0,facebook_20260925_0325,baseline_20260925_032543,2026-09-25T10:31:38.307127+07:00
facebook_c_1288755256281135,facebook,https://www.facebook.com/watch?v=1616615353077336,1616615353077336,"HÀ NỘI: CÁC PHƯƠNG TIỆN THAM GIA GIAO THÔNG LƯU Ý HƠN 30 ĐIỂM NGẬP ÚNG  

• Đường Nguyễn Khuyến (trước cổng THCS Lý Thường Kiệt)
• Phố Hoa Bằng (từ số 91 – 97 và 54 – 56)
• Ngã ba Cầu Giấy – Dịch Vọng (từ số 235 – 255 Cầu Giấy)
• Phố Phan Văn Trường
• Dương Đình Nghệ – Phạm Hùng (sau tòa Keangnam)
• Phố Trần Bình (trước UBND phường Mai Dịch – Bệnh viện 19/8)
• Ngã tư Phan Bội Châu – Lý Thường Kiệt; ngã năm Đường Thành – Bát Đàn – Nhà Hỏa
• Phố Tông Đản (cổng phụ Thành ủy Hà Nội)
• Phố Đinh Tiên Hoàng (đài phun nước, bến xe điện)
• Số 155 Phùng Hưng
• Phố Cao Bá Quát (trước Công ty Môi trường đô thị Hà Nội)
• Phố Thụy Khuê (dốc La Pho)
• Phố Minh Khai (chân cầu Vĩnh Tuy)
• Phố Nguyễn Chính (từ ngõ 74 đến cống hóa mương Tân Mai)
• Phố Mạc Thị Bưởi
• Đại lộ Thăng Long (ngã ba Lê Trọng Tấn, hầm chui số 356, nút giao An Khánh)
• Phố Đỗ Đức Dục
• Phố Ngọc Lâm (từ ngã ba Long Biên 1 đến trụ sở Xí nghiệp Môi trường đô thị Gia Lâm)
• Hoàng Như Tiếp (từ Trường Tiểu học Ngọc Lâm đến ngã ba Hoàng Như Tiếp – Ái Mộ)
• Đường Cổ Linh – Đàm Quang Trung (đoạn trước siêu thị Aeon Mall)
• Phố Quan Nhân
• Phố Cự Lộc
• Nguyễn Trãi (trước Đại học KHXH&NV)
• Nguyễn Xiển
• Phố Kẻ Vẽ (ngã ba chợ Vẽ)
• Ecohome 3
• KĐT Resco
• Quốc lộ 3 (qua xã Mai Lâm)
• Đường 23B (qua thôn Cổ Điển)

Do ảnh hưởng của hoàn lưu bão số 10, Hà Nội mưa lớn kéo dài từ đêm 29 đến sáng 30/9. Nhiều tuyến phố trung tâm và khu vực ngoại thành ngập sâu. Cụ thể, theo VnExpress, tại cầu vượt Mai Dịch - nút giao đường Hồ Tùng Mậu, Phạm Văn Đồng, Xuân Thủy, Phạm Hùng, nơi có mật độ giao thông lớn, hiện đang mênh mông nước. Nước ngập nửa bánh xe, phương tiện di chuyển khó khăn.  Cảnh sát giao thông khuyến cáo người dân thận trọng khi tham gia giao thông theo hướng Phạm Văn Đồng đi bến xe Mỹ Đình.

Theo Công ty TNHH MTV Thoát nước Hà Nội, lượng mưa đo được tại một số xã, phường từ 7 giờ ngày 29/9 đến 7 giờ ngày 30/9 như sau: Phường Hai Bà Trưng 84 mm, Ba Đình 44 mm, Hoàn Kiếm 37 mm, Ô Chợ Dừa 104 mm, Phú Lương 118 mm, Hoàng Liệt 57 mm, Thanh Liệt 79 mm...

Theo VOV1 
Video:",(20+) Video,2025-09-30T06:35:35.000Z,2025-09-30T06:35:35+00:00,Đặng Hoài Nam,top_level,,1288755256281135,0,"Thứ Ba, 30 Tháng 9, 2025 lúc 13:43",2025-09-30T13:43:00+07:00,0,78364517819dccea4e84a6c7d88a615969774102,,0,0,facebook_20260925_0325,baseline_20260925_032543,2026-09-25T10:31:38.306362+07:00
facebook_c_1312995893666991,facebook,https://www.facebook.com/watch?v=1616615353077336,1616615353077336,"HÀ NỘI: CÁC PHƯƠNG TIỆN THAM GIA GIAO THÔNG LƯU Ý HƠN 30 ĐIỂM NGẬP ÚNG  

• Đường Nguyễn Khuyến (trước cổng THCS Lý Thường Kiệt)
• Phố Hoa Bằng (từ số 91 – 97 và 54 – 56)
• Ngã ba Cầu Giấy – Dịch Vọng (từ số 235 – 255 Cầu Giấy)
• Phố Phan Văn Trường
• Dương Đình Nghệ – Phạm Hùng (sau tòa Keangnam)
• Phố Trần Bình (trước UBND phường Mai Dịch – Bệnh viện 19/8)
• Ngã tư Phan Bội Châu – Lý Thường Kiệt; ngã năm Đường Thành – Bát Đàn – Nhà Hỏa
• Phố Tông Đản (cổng phụ Thành ủy Hà Nội)
• Phố Đinh Tiên Hoàng (đài phun nước, bến xe điện)
• Số 155 Phùng Hưng
• Phố Cao Bá Quát (trước Công ty Môi trường đô thị Hà Nội)
• Phố Thụy Khuê (dốc La Pho)
• Phố Minh Khai (chân cầu Vĩnh Tuy)
• Phố Nguyễn Chính (từ ngõ 74 đến cống hóa mương Tân Mai)
• Phố Mạc Thị Bưởi
• Đại lộ Thăng Long (ngã ba Lê Trọng Tấn, hầm chui số 356, nút giao An Khánh)
• Phố Đỗ Đức Dục
• Phố Ngọc Lâm (từ ngã ba Long Biên 1 đến trụ sở Xí nghiệp Môi trường đô thị Gia Lâm)
• Hoàng Như Tiếp (từ Trường Tiểu học Ngọc Lâm đến ngã ba Hoàng Như Tiếp – Ái Mộ)
• Đường Cổ Linh – Đàm Quang Trung (đoạn trước siêu thị Aeon Mall)
• Phố Quan Nhân
• Phố Cự Lộc
• Nguyễn Trãi (trước Đại học KHXH&NV)
• Nguyễn Xiển
• Phố Kẻ Vẽ (ngã ba chợ Vẽ)
• Ecohome 3
• KĐT Resco
• Quốc lộ 3 (qua xã Mai Lâm)
• Đường 23B (qua thôn Cổ Điển)

Do ảnh hưởng của hoàn lưu bão số 10, Hà Nội mưa lớn kéo dài từ đêm 29 đến sáng 30/9. Nhiều tuyến phố trung tâm và khu vực ngoại thành ngập sâu. Cụ thể, theo VnExpress, tại cầu vượt Mai Dịch - nút giao đường Hồ Tùng Mậu, Phạm Văn Đồng, Xuân Thủy, Phạm Hùng, nơi có mật độ giao thông lớn, hiện đang mênh mông nước. Nước ngập nửa bánh xe, phương tiện di chuyển khó khăn.  Cảnh sát giao thông khuyến cáo người dân thận trọng khi tham gia giao thông theo hướng Phạm Văn Đồng đi bến xe Mỹ Đình.

Theo Công ty TNHH MTV Thoát nước Hà Nội, lượng mưa đo được tại một số xã, phường từ 7 giờ ngày 29/9 đến 7 giờ ngày 30/9 như sau: Phường Hai Bà Trưng 84 mm, Ba Đình 44 mm, Hoàn Kiếm 37 mm, Ô Chợ Dừa 104 mm, Phú Lương 118 mm, Hoàng Liệt 57 mm, Thanh Liệt 79 mm...

Theo VOV1 
Video:",(20+) Video,2025-09-30T06:35:35.000Z,2025-09-30T06:35:35+00:00,Cầu mong cho mn vượt qua được Bình an trở lại,top_level,,1312995893666991,0,"Thứ Tư, 1 Tháng 10, 2025 lúc 04:26",2025-10-01T04:26:00+07:00,0,ddf4dc6fd1d9d0aee65284c5f73893451da7d6c1,"transport_impact,hanoi_location",0,0,facebook_20260925_0325,baseline_20260925_032543,2026-09-25T10:31:38.306362+07:00
facebook_c_1327266719034497,facebook,https://www.facebook.com/watch?v=1616615353077336,1616615353077336,"HÀ NỘI: CÁC PHƯƠNG TIỆN THAM GIA GIAO THÔNG LƯU Ý HƠN 30 ĐIỂM NGẬP ÚNG  

• Đường Nguyễn Khuyến (trước cổng THCS Lý Thường Kiệt)
• Phố Hoa Bằng (từ số 91 – 97 và 54 – 56)
• Ngã ba Cầu Giấy – Dịch Vọng (từ số 235 – 255 Cầu Giấy)
• Phố Phan Văn Trường
• Dương Đình Nghệ – Phạm Hùng (sau tòa Keangnam)
• Phố Trần Bình (trước UBND phường Mai Dịch – Bệnh viện 19/8)
• Ngã tư Phan Bội Châu – Lý Thường Kiệt; ngã năm Đường Thành – Bát Đàn – Nhà Hỏa
• Phố Tông Đản (cổng phụ Thành ủy Hà Nội)
• Phố Đinh Tiên Hoàng (đài phun nước, bến xe điện)
• Số 155 Phùng Hưng
• Phố Cao Bá Quát (trước Công ty Môi trường đô thị Hà Nội)
• Phố Thụy Khuê (dốc La Pho)
• Phố Minh Khai (chân cầu Vĩnh Tuy)
• Phố Nguyễn Chính (từ ngõ 74 đến cống hóa mương Tân Mai)
• Phố Mạc Thị Bưởi
• Đại lộ Thăng Long (ngã ba Lê Trọng Tấn, hầm chui số 356, nút giao An Khánh)
• Phố Đỗ Đức Dục
• Phố Ngọc Lâm (từ ngã ba Long Biên 1 đến trụ sở Xí nghiệp Môi trường đô thị Gia Lâm)
• Hoàng Như Tiếp (từ Trường Tiểu học Ngọc Lâm đến ngã ba Hoàng Như Tiếp – Ái Mộ)
• Đường Cổ Linh – Đàm Quang Trung (đoạn trước siêu thị Aeon Mall)
• Phố Quan Nhân
• Phố Cự Lộc
• Nguyễn Trãi (trước Đại học KHXH&NV)
• Nguyễn Xiển
• Phố Kẻ Vẽ (ngã ba chợ Vẽ)
• Ecohome 3
• KĐT Resco
• Quốc lộ 3 (qua xã Mai Lâm)
• Đường 23B (qua thôn Cổ Điển)

Do ảnh hưởng của hoàn lưu bão số 10, Hà Nội mưa lớn kéo dài từ đêm 29 đến sáng 30/9. Nhiều tuyến phố trung tâm và khu vực ngoại thành ngập sâu. Cụ thể, theo VnExpress, tại cầu vượt Mai Dịch - nút giao đường Hồ Tùng Mậu, Phạm Văn Đồng, Xuân Thủy, Phạm Hùng, nơi có mật độ giao thông lớn, hiện đang mênh mông nước. Nước ngập nửa bánh xe, phương tiện di chuyển khó khăn.  Cảnh sát giao thông khuyến cáo người dân thận trọng khi tham gia giao thông theo hướng Phạm Văn Đồng đi bến xe Mỹ Đình.

Theo Công ty TNHH MTV Thoát nước Hà Nội, lượng mưa đo được tại một số xã, phường từ 7 giờ ngày 29/9 đến 7 giờ ngày 30/9 như sau: Phường Hai Bà Trưng 84 mm, Ba Đình 44 mm, Hoàn Kiếm 37 mm, Ô Chợ Dừa 104 mm, Phú Lương 118 mm, Hoàng Liệt 57 mm, Thanh Liệt 79 mm...

Theo VOV1 
Video:",(20+) Video,2025-09-30T06:35:35.000Z,2025-09-30T06:35:35+00:00,Nam Mô A Di Đà Phật,top_level,,1327266719034497,0,"Thứ Tư, 1 Tháng 10, 2025 lúc 13:41",2025-10-01T13:41:00+07:00,0,7637e30a1f6bccef2e609faf83ec4fd20ff45dde,,0,0,facebook_20260925_0325,baseline_20260925_032543,2026-09-25T10:31:38.308261+07:00
facebook_c_1365610895375856,facebook,https://www.facebook.com/watch?v=1616615353077336,1616615353077336,"HÀ NỘI: CÁC PHƯƠNG TIỆN THAM GIA GIAO THÔNG LƯU Ý HƠN 30 ĐIỂM NGẬP ÚNG  

• Đường Nguyễn Khuyến (trước cổng THCS Lý Thường Kiệt)
• Phố Hoa Bằng (từ số 91 – 97 và 54 – 56)
• Ngã ba Cầu Giấy – Dịch Vọng (từ số 235 – 255 Cầu Giấy)
• Phố Phan Văn Trường
• Dương Đình Nghệ – Phạm Hùng (sau tòa Keangnam)
• Phố Trần Bình (trước UBND phường Mai Dịch – Bệnh viện 19/8)
• Ngã tư Phan Bội Châu – Lý Thường Kiệt; ngã năm Đường Thành – Bát Đàn – Nhà Hỏa
• Phố Tông Đản (cổng phụ Thành ủy Hà Nội)
• Phố Đinh Tiên Hoàng (đài phun nước, bến xe điện)
• Số 155 Phùng Hưng
• Phố Cao Bá Quát (trước Công ty Môi trường đô thị Hà Nội)
• Phố Thụy Khuê (dốc La Pho)
• Phố Minh Khai (chân cầu Vĩnh Tuy)
• Phố Nguyễn Chính (từ ngõ 74 đến cống hóa mương Tân Mai)
• Phố Mạc Thị Bưởi
• Đại lộ Thăng Long (ngã ba Lê Trọng Tấn, hầm chui số 356, nút giao An Khánh)
• Phố Đỗ Đức Dục
• Phố Ngọc Lâm (từ ngã ba Long Biên 1 đến trụ sở Xí nghiệp Môi trường đô thị Gia Lâm)
• Hoàng Như Tiếp (từ Trường Tiểu học Ngọc Lâm đến ngã ba Hoàng Như Tiếp – Ái Mộ)
• Đường Cổ Linh – Đàm Quang Trung (đoạn trước siêu thị Aeon Mall)
• Phố Quan Nhân
• Phố Cự Lộc
• Nguyễn Trãi (trước Đại học KHXH&NV)
• Nguyễn Xiển
• Phố Kẻ Vẽ (ngã ba chợ Vẽ)
• Ecohome 3
• KĐT Resco
• Quốc lộ 3 (qua xã Mai Lâm)
• Đường 23B (qua thôn Cổ Điển)

Do ảnh hưởng của hoàn lưu bão số 10, Hà Nội mưa lớn kéo dài từ đêm 29 đến sáng 30/9. Nhiều tuyến phố trung tâm và khu vực ngoại thành ngập sâu. Cụ thể, theo VnExpress, tại cầu vượt Mai Dịch - nút giao đường Hồ Tùng Mậu, Phạm Văn Đồng, Xuân Thủy, Phạm Hùng, nơi có mật độ giao thông lớn, hiện đang mênh mông nước. Nước ngập nửa bánh xe, phương tiện di chuyển khó khăn.  Cảnh sát giao thông khuyến cáo người dân thận trọng khi tham gia giao thông theo hướng Phạm Văn Đồng đi bến xe Mỹ Đình.

Theo Công ty TNHH MTV Thoát nước Hà Nội, lượng mưa đo được tại một số xã, phường từ 7 giờ ngày 29/9 đến 7 giờ ngày 30/9 như sau: Phường Hai Bà Trưng 84 mm, Ba Đình 44 mm, Hoàn Kiếm 37 mm, Ô Chợ Dừa 104 mm, Phú Lương 118 mm, Hoàng Liệt 57 mm, Thanh Liệt 79 mm...

Theo VOV1 
Video:",(20+) Video,2025-09-30T06:35:35.000Z,2025-09-30T06:35:35+00:00,Xong bão xe ô tô lại bao ngập lụt,top_level,,1365610895375856,0,"Thứ Tư, 1 Tháng 10, 2025 lúc 00:18",2025-10-01T00:18:00+07:00,0,68ff3280a8c8bc34f6f22c505aaf8e75369ed13d,"flood_state,transport_impact",0,0,facebook_20260925_0325,baseline_20260925_032543,2026-09-25T10:31:38.303859+07:00
facebook_c_1459037648650599,facebook,https://www.facebook.com/watch?v=1616615353077336,1616615353077336,"HÀ NỘI: CÁC PHƯƠNG TIỆN THAM GIA GIAO THÔNG LƯU Ý HƠN 30 ĐIỂM NGẬP ÚNG  

• Đường Nguyễn Khuyến (trước cổng THCS Lý Thường Kiệt)
• Phố Hoa Bằng (từ số 91 – 97 và 54 – 56)
• Ngã ba Cầu Giấy – Dịch Vọng (từ số 235 – 255 Cầu Giấy)
• Phố Phan Văn Trường
• Dương Đình Nghệ – Phạm Hùng (sau tòa Keangnam)
• Phố Trần Bình (trước UBND phường Mai Dịch – Bệnh viện 19/8)
• Ngã tư Phan Bội Châu – Lý Thường Kiệt; ngã năm Đường Thành – Bát Đàn – Nhà Hỏa
• Phố Tông Đản (cổng phụ Thành ủy Hà Nội)
• Phố Đinh Tiên Hoàng (đài phun nước, bến xe điện)
• Số 155 Phùng Hưng
• Phố Cao Bá Quát (trước Công ty Môi trường đô thị Hà Nội)
• Phố Thụy Khuê (dốc La Pho)
• Phố Minh Khai (chân cầu Vĩnh Tuy)
• Phố Nguyễn Chính (từ ngõ 74 đến cống hóa mương Tân Mai)
• Phố Mạc Thị Bưởi
• Đại lộ Thăng Long (ngã ba Lê Trọng Tấn, hầm chui số 356, nút giao An Khánh)
• Phố Đỗ Đức Dục
• Phố Ngọc Lâm (từ ngã ba Long Biên 1 đến trụ sở Xí nghiệp Môi trường đô thị Gia Lâm)
• Hoàng Như Tiếp (từ Trường Tiểu học Ngọc Lâm đến ngã ba Hoàng Như Tiếp – Ái Mộ)
• Đường Cổ Linh – Đàm Quang Trung (đoạn trước siêu thị Aeon Mall)
• Phố Quan Nhân
• Phố Cự Lộc
• Nguyễn Trãi (trước Đại học KHXH&NV)
• Nguyễn Xiển
• Phố Kẻ Vẽ (ngã ba chợ Vẽ)
• Ecohome 3
• KĐT Resco
• Quốc lộ 3 (qua xã Mai Lâm)
• Đường 23B (qua thôn Cổ Điển)

Do ảnh hưởng của hoàn lưu bão số 10, Hà Nội mưa lớn kéo dài từ đêm 29 đến sáng 30/9. Nhiều tuyến phố trung tâm và khu vực ngoại thành ngập sâu. Cụ thể, theo VnExpress, tại cầu vượt Mai Dịch - nút giao đường Hồ Tùng Mậu, Phạm Văn Đồng, Xuân Thủy, Phạm Hùng, nơi có mật độ giao thông lớn, hiện đang mênh mông nước. Nước ngập nửa bánh xe, phương tiện di chuyển khó khăn.  Cảnh sát giao thông khuyến cáo người dân thận trọng khi tham gia giao thông theo hướng Phạm Văn Đồng đi bến xe Mỹ Đình.

Theo Công ty TNHH MTV Thoát nước Hà Nội, lượng mưa đo được tại một số xã, phường từ 7 giờ ngày 29/9 đến 7 giờ ngày 30/9 như sau: Phường Hai Bà Trưng 84 mm, Ba Đình 44 mm, Hoàn Kiếm 37 mm, Ô Chợ Dừa 104 mm, Phú Lương 118 mm, Hoàng Liệt 57 mm, Thanh Liệt 79 mm...

Theo VOV1 
Video:",(20+) Video,2025-09-30T06:35:35.000Z,2025-09-30T06:35:35+00:00,Ngon lành cành đào,top_level,,1459037648650599,0,"Thứ Tư, 1 Tháng 10, 2025 lúc 05:28",2025-10-01T05:28:00+07:00,0,b686addcdb0d78788c5476a1dfc78fa4a6b46844,hanoi_location,0,0,facebook_20260925_0325,baseline_20260925_032543,2026-09-25T10:31:38.307127+07:00
facebook_c_1479560276611507,facebook,https://www.facebook.com/watch?v=1616615353077336,1616615353077336,"HÀ NỘI: CÁC PHƯƠNG TIỆN THAM GIA GIAO THÔNG LƯU Ý HƠN 30 ĐIỂM NGẬP ÚNG  

• Đường Nguyễn Khuyến (trước cổng THCS Lý Thường Kiệt)
• Phố Hoa Bằng (từ số 91 – 97 và 54 – 56)
• Ngã ba Cầu Giấy – Dịch Vọng (từ số 235 – 255 Cầu Giấy)
• Phố Phan Văn Trường
• Dương Đình Nghệ – Phạm Hùng (sau tòa Keangnam)
• Phố Trần Bình (trước UBND phường Mai Dịch – Bệnh viện 19/8)
• Ngã tư Phan Bội Châu – Lý Thường Kiệt; ngã năm Đường Thành – Bát Đàn – Nhà Hỏa
• Phố Tông Đản (cổng phụ Thành ủy Hà Nội)
• Phố Đinh Tiên Hoàng (đài phun nước, bến xe điện)
• Số 155 Phùng Hưng
• Phố Cao Bá Quát (trước Công ty Môi trường đô thị Hà Nội)
• Phố Thụy Khuê (dốc La Pho)
• Phố Minh Khai (chân cầu Vĩnh Tuy)
• Phố Nguyễn Chính (từ ngõ 74 đến cống hóa mương Tân Mai)
• Phố Mạc Thị Bưởi
• Đại lộ Thăng Long (ngã ba Lê Trọng Tấn, hầm chui số 356, nút giao An Khánh)
• Phố Đỗ Đức Dục
• Phố Ngọc Lâm (từ ngã ba Long Biên 1 đến trụ sở Xí nghiệp Môi trường đô thị Gia Lâm)
• Hoàng Như Tiếp (từ Trường Tiểu học Ngọc Lâm đến ngã ba Hoàng Như Tiếp – Ái Mộ)
• Đường Cổ Linh – Đàm Quang Trung (đoạn trước siêu thị Aeon Mall)
• Phố Quan Nhân
• Phố Cự Lộc
• Nguyễn Trãi (trước Đại học KHXH&NV)
• Nguyễn Xiển
• Phố Kẻ Vẽ (ngã ba chợ Vẽ)
• Ecohome 3
• KĐT Resco
• Quốc lộ 3 (qua xã Mai Lâm)
• Đường 23B (qua thôn Cổ Điển)

Do ảnh hưởng của hoàn lưu bão số 10, Hà Nội mưa lớn kéo dài từ đêm 29 đến sáng 30/9. Nhiều tuyến phố trung tâm và khu vực ngoại thành ngập sâu. Cụ thể, theo VnExpress, tại cầu vượt Mai Dịch - nút giao đường Hồ Tùng Mậu, Phạm Văn Đồng, Xuân Thủy, Phạm Hùng, nơi có mật độ giao thông lớn, hiện đang mênh mông nước. Nước ngập nửa bánh xe, phương tiện di chuyển khó khăn.  Cảnh sát giao thông khuyến cáo người dân thận trọng khi tham gia giao thông theo hướng Phạm Văn Đồng đi bến xe Mỹ Đình.

Theo Công ty TNHH MTV Thoát nước Hà Nội, lượng mưa đo được tại một số xã, phường từ 7 giờ ngày 29/9 đến 7 giờ ngày 30/9 như sau: Phường Hai Bà Trưng 84 mm, Ba Đình 44 mm, Hoàn Kiếm 37 mm, Ô Chợ Dừa 104 mm, Phú Lương 118 mm, Hoàng Liệt 57 mm, Thanh Liệt 79 mm...

Theo VOV1 
Video:",(20+) Video,2025-09-30T06:35:35.000Z,2025-09-30T06:35:35+00:00,"thiếu Khâm THiên, Nguyễn Lương BẰng, Bích Câu",top_level,,1479560276611507,0,"Thứ Ba, 30 Tháng 9, 2025 lúc 15:00",2025-09-30T15:00:00+07:00,0,bbe9601971138d37838907a07cb37fcdc5662d33,hanoi_location,0,0,facebook_20260925_0325,baseline_20260925_032543,2026-09-25T10:31:38.303859+07:00
facebook_c_1484572272683513,facebook,https://www.facebook.com/watch?v=1616615353077336,1616615353077336,"HÀ NỘI: CÁC PHƯƠNG TIỆN THAM GIA GIAO THÔNG LƯU Ý HƠN 30 ĐIỂM NGẬP ÚNG  

• Đường Nguyễn Khuyến (trước cổng THCS Lý Thường Kiệt)
• Phố Hoa Bằng (từ số 91 – 97 và 54 – 56)
• Ngã ba Cầu Giấy – Dịch Vọng (từ số 235 – 255 Cầu Giấy)
• Phố Phan Văn Trường
• Dương Đình Nghệ – Phạm Hùng (sau tòa Keangnam)
• Phố Trần Bình (trước UBND phường Mai Dịch – Bệnh viện 19/8)
• Ngã tư Phan Bội Châu – Lý Thường Kiệt; ngã năm Đường Thành – Bát Đàn – Nhà Hỏa
• Phố Tông Đản (cổng phụ Thành ủy Hà Nội)
• Phố Đinh Tiên Hoàng (đài phun nước, bến xe điện)
• Số 155 Phùng Hưng
• Phố Cao Bá Quát (trước Công ty Môi trường đô thị Hà Nội)
• Phố Thụy Khuê (dốc La Pho)
• Phố Minh Khai (chân cầu Vĩnh Tuy)
• Phố Nguyễn Chính (từ ngõ 74 đến cống hóa mương Tân Mai)
• Phố Mạc Thị Bưởi
• Đại lộ Thăng Long (ngã ba Lê Trọng Tấn, hầm chui số 356, nút giao An Khánh)
• Phố Đỗ Đức Dục
• Phố Ngọc Lâm (từ ngã ba Long Biên 1 đến trụ sở Xí nghiệp Môi trường đô thị Gia Lâm)
• Hoàng Như Tiếp (từ Trường Tiểu học Ngọc Lâm đến ngã ba Hoàng Như Tiếp – Ái Mộ)
• Đường Cổ Linh – Đàm Quang Trung (đoạn trước siêu thị Aeon Mall)
• Phố Quan Nhân
• Phố Cự Lộc
• Nguyễn Trãi (trước Đại học KHXH&NV)
• Nguyễn Xiển
• Phố Kẻ Vẽ (ngã ba chợ Vẽ)
• Ecohome 3
• KĐT Resco
• Quốc lộ 3 (qua xã Mai Lâm)
• Đường 23B (qua thôn Cổ Điển)

Do ảnh hưởng của hoàn lưu bão số 10, Hà Nội mưa lớn kéo dài từ đêm 29 đến sáng 30/9. Nhiều tuyến phố trung tâm và khu vực ngoại thành ngập sâu. Cụ thể, theo VnExpress, tại cầu vượt Mai Dịch - nút giao đường Hồ Tùng Mậu, Phạm Văn Đồng, Xuân Thủy, Phạm Hùng, nơi có mật độ giao thông lớn, hiện đang mênh mông nước. Nước ngập nửa bánh xe, phương tiện di chuyển khó khăn.  Cảnh sát giao thông khuyến cáo người dân thận trọng khi tham gia giao thông theo hướng Phạm Văn Đồng đi bến xe Mỹ Đình.

Theo Công ty TNHH MTV Thoát nước Hà Nội, lượng mưa đo được tại một số xã, phường từ 7 giờ ngày 29/9 đến 7 giờ ngày 30/9 như sau: Phường Hai Bà Trưng 84 mm, Ba Đình 44 mm, Hoàn Kiếm 37 mm, Ô Chợ Dừa 104 mm, Phú Lương 118 mm, Hoàng Liệt 57 mm, Thanh Liệt 79 mm...

Theo VOV1 
Video:",(20+) Video,2025-09-30T06:35:35.000Z,2025-09-30T06:35:35+00:00,Sông Tô lịch đã được bổ sung  thêm nguồn nước,top_level,,1484572272683513,0,"Thứ Ba, 30 Tháng 9, 2025 lúc 13:51",2025-09-30T13:51:00+07:00,0,2bcb4e099d89628c9f61ee7769724aeee18eec10,hanoi_location,0,0,facebook_20260925_0325,baseline_20260925_032543,2026-09-25T10:31:38.304857+07:00
facebook_c_2025444848224577,facebook,https://www.facebook.com/watch?v=1616615353077336,1616615353077336,"HÀ NỘI: CÁC PHƯƠNG TIỆN THAM GIA GIAO THÔNG LƯU Ý HƠN 30 ĐIỂM NGẬP ÚNG  

• Đường Nguyễn Khuyến (trước cổng THCS Lý Thường Kiệt)
• Phố Hoa Bằng (từ số 91 – 97 và 54 – 56)
• Ngã ba Cầu Giấy – Dịch Vọng (từ số 235 – 255 Cầu Giấy)
• Phố Phan Văn Trường
• Dương Đình Nghệ – Phạm Hùng (sau tòa Keangnam)
• Phố Trần Bình (trước UBND phường Mai Dịch – Bệnh viện 19/8)
• Ngã tư Phan Bội Châu – Lý Thường Kiệt; ngã năm Đường Thành – Bát Đàn – Nhà Hỏa
• Phố Tông Đản (cổng phụ Thành ủy Hà Nội)
• Phố Đinh Tiên Hoàng (đài phun nước, bến xe điện)
• Số 155 Phùng Hưng
• Phố Cao Bá Quát (trước Công ty Môi trường đô thị Hà Nội)
• Phố Thụy Khuê (dốc La Pho)
• Phố Minh Khai (chân cầu Vĩnh Tuy)
• Phố Nguyễn Chính (từ ngõ 74 đến cống hóa mương Tân Mai)
• Phố Mạc Thị Bưởi
• Đại lộ Thăng Long (ngã ba Lê Trọng Tấn, hầm chui số 356, nút giao An Khánh)
• Phố Đỗ Đức Dục
• Phố Ngọc Lâm (từ ngã ba Long Biên 1 đến trụ sở Xí nghiệp Môi trường đô thị Gia Lâm)
• Hoàng Như Tiếp (từ Trường Tiểu học Ngọc Lâm đến ngã ba Hoàng Như Tiếp – Ái Mộ)
• Đường Cổ Linh – Đàm Quang Trung (đoạn trước siêu thị Aeon Mall)
• Phố Quan Nhân
• Phố Cự Lộc
• Nguyễn Trãi (trước Đại học KHXH&NV)
• Nguyễn Xiển
• Phố Kẻ Vẽ (ngã ba chợ Vẽ)
• Ecohome 3
• KĐT Resco
• Quốc lộ 3 (qua xã Mai Lâm)
• Đường 23B (qua thôn Cổ Điển)

Do ảnh hưởng của hoàn lưu bão số 10, Hà Nội mưa lớn kéo dài từ đêm 29 đến sáng 30/9. Nhiều tuyến phố trung tâm và khu vực ngoại thành ngập sâu. Cụ thể, theo VnExpress, tại cầu vượt Mai Dịch - nút giao đường Hồ Tùng Mậu, Phạm Văn Đồng, Xuân Thủy, Phạm Hùng, nơi có mật độ giao thông lớn, hiện đang mênh mông nước. Nước ngập nửa bánh xe, phương tiện di chuyển khó khăn.  Cảnh sát giao thông khuyến cáo người dân thận trọng khi tham gia giao thông theo hướng Phạm Văn Đồng đi bến xe Mỹ Đình.

Theo Công ty TNHH MTV Thoát nước Hà Nội, lượng mưa đo được tại một số xã, phường từ 7 giờ ngày 29/9 đến 7 giờ ngày 30/9 như sau: Phường Hai Bà Trưng 84 mm, Ba Đình 44 mm, Hoàn Kiếm 37 mm, Ô Chợ Dừa 104 mm, Phú Lương 118 mm, Hoàng Liệt 57 mm, Thanh Liệt 79 mm...

Theo VOV1 
Video:",(20+) Video,2025-09-30T06:35:35.000Z,2025-09-30T06:35:35+00:00,Biển đẹp,top_level,,2025444848224577,0,"Thứ Ba, 30 Tháng 9, 2025 lúc 21:37",2025-09-30T21:37:00+07:00,0,e12fc9a8f99fd0030c7648052460444e397ca708,hanoi_location,0,0,facebook_20260925_0325,baseline_20260925_032543,2026-09-25T10:31:38.307127+07:00
facebook_c_2073601273171340,facebook,https://www.facebook.com/watch?v=1616615353077336,1616615353077336,"HÀ NỘI: CÁC PHƯƠNG TIỆN THAM GIA GIAO THÔNG LƯU Ý HƠN 30 ĐIỂM NGẬP ÚNG  

• Đường Nguyễn Khuyến (trước cổng THCS Lý Thường Kiệt)
• Phố Hoa Bằng (từ số 91 – 97 và 54 – 56)
• Ngã ba Cầu Giấy – Dịch Vọng (từ số 235 – 255 Cầu Giấy)
• Phố Phan Văn Trường
• Dương Đình Nghệ – Phạm Hùng (sau tòa Keangnam)
• Phố Trần Bình (trước UBND phường Mai Dịch – Bệnh viện 19/8)
• Ngã tư Phan Bội Châu – Lý Thường Kiệt; ngã năm Đường Thành – Bát Đàn – Nhà Hỏa
• Phố Tông Đản (cổng phụ Thành ủy Hà Nội)
• Phố Đinh Tiên Hoàng (đài phun nước, bến xe điện)
• Số 155 Phùng Hưng
• Phố Cao Bá Quát (trước Công ty Môi trường đô thị Hà Nội)
• Phố Thụy Khuê (dốc La Pho)
• Phố Minh Khai (chân cầu Vĩnh Tuy)
• Phố Nguyễn Chính (từ ngõ 74 đến cống hóa mương Tân Mai)
• Phố Mạc Thị Bưởi
• Đại lộ Thăng Long (ngã ba Lê Trọng Tấn, hầm chui số 356, nút giao An Khánh)
• Phố Đỗ Đức Dục
• Phố Ngọc Lâm (từ ngã ba Long Biên 1 đến trụ sở Xí nghiệp Môi trường đô thị Gia Lâm)
• Hoàng Như Tiếp (từ Trường Tiểu học Ngọc Lâm đến ngã ba Hoàng Như Tiếp – Ái Mộ)
• Đường Cổ Linh – Đàm Quang Trung (đoạn trước siêu thị Aeon Mall)
• Phố Quan Nhân
• Phố Cự Lộc
• Nguyễn Trãi (trước Đại học KHXH&NV)
• Nguyễn Xiển
• Phố Kẻ Vẽ (ngã ba chợ Vẽ)
• Ecohome 3
• KĐT Resco
• Quốc lộ 3 (qua xã Mai Lâm)
• Đường 23B (qua thôn Cổ Điển)

Do ảnh hưởng của hoàn lưu bão số 10, Hà Nội mưa lớn kéo dài từ đêm 29 đến sáng 30/9. Nhiều tuyến phố trung tâm và khu vực ngoại thành ngập sâu. Cụ thể, theo VnExpress, tại cầu vượt Mai Dịch - nút giao đường Hồ Tùng Mậu, Phạm Văn Đồng, Xuân Thủy, Phạm Hùng, nơi có mật độ giao thông lớn, hiện đang mênh mông nước. Nước ngập nửa bánh xe, phương tiện di chuyển khó khăn.  Cảnh sát giao thông khuyến cáo người dân thận trọng khi tham gia giao thông theo hướng Phạm Văn Đồng đi bến xe Mỹ Đình.

Theo Công ty TNHH MTV Thoát nước Hà Nội, lượng mưa đo được tại một số xã, phường từ 7 giờ ngày 29/9 đến 7 giờ ngày 30/9 như sau: Phường Hai Bà Trưng 84 mm, Ba Đình 44 mm, Hoàn Kiếm 37 mm, Ô Chợ Dừa 104 mm, Phú Lương 118 mm, Hoàng Liệt 57 mm, Thanh Liệt 79 mm...

Theo VOV1 
Video:",(20+) Video,2025-09-30T06:35:35.000Z,2025-09-30T06:35:35+00:00,A di đà phật,top_level,,2073601273171340,0,"Thứ Tư, 1 Tháng 10, 2025 lúc 00:59",2025-10-01T00:59:00+07:00,0,a061d3beda8d4340a8e9347f703545c0c6451b5b,,0,0,facebook_20260925_0325,baseline_20260925_032543,2026-09-25T10:31:38.308261+07:00
facebook_c_638629379106414,facebook,https://www.facebook.com/watch?v=1616615353077336,1616615353077336,"HÀ NỘI: CÁC PHƯƠNG TIỆN THAM GIA GIAO THÔNG LƯU Ý HƠN 30 ĐIỂM NGẬP ÚNG  

• Đường Nguyễn Khuyến (trước cổng THCS Lý Thường Kiệt)
• Phố Hoa Bằng (từ số 91 – 97 và 54 – 56)
• Ngã ba Cầu Giấy – Dịch Vọng (từ số 235 – 255 Cầu Giấy)
• Phố Phan Văn Trường
• Dương Đình Nghệ – Phạm Hùng (sau tòa Keangnam)
• Phố Trần Bình (trước UBND phường Mai Dịch – Bệnh viện 19/8)
• Ngã tư Phan Bội Châu – Lý Thường Kiệt; ngã năm Đường Thành – Bát Đàn – Nhà Hỏa
• Phố Tông Đản (cổng phụ Thành ủy Hà Nội)
• Phố Đinh Tiên Hoàng (đài phun nước, bến xe điện)
• Số 155 Phùng Hưng
• Phố Cao Bá Quát (trước Công ty Môi trường đô thị Hà Nội)
• Phố Thụy Khuê (dốc La Pho)
• Phố Minh Khai (chân cầu Vĩnh Tuy)
• Phố Nguyễn Chính (từ ngõ 74 đến cống hóa mương Tân Mai)
• Phố Mạc Thị Bưởi
• Đại lộ Thăng Long (ngã ba Lê Trọng Tấn, hầm chui số 356, nút giao An Khánh)
• Phố Đỗ Đức Dục
• Phố Ngọc Lâm (từ ngã ba Long Biên 1 đến trụ sở Xí nghiệp Môi trường đô thị Gia Lâm)
• Hoàng Như Tiếp (từ Trường Tiểu học Ngọc Lâm đến ngã ba Hoàng Như Tiếp – Ái Mộ)
• Đường Cổ Linh – Đàm Quang Trung (đoạn trước siêu thị Aeon Mall)
• Phố Quan Nhân
• Phố Cự Lộc
• Nguyễn Trãi (trước Đại học KHXH&NV)
• Nguyễn Xiển
• Phố Kẻ Vẽ (ngã ba chợ Vẽ)
• Ecohome 3
• KĐT Resco
• Quốc lộ 3 (qua xã Mai Lâm)
• Đường 23B (qua thôn Cổ Điển)

Do ảnh hưởng của hoàn lưu bão số 10, Hà Nội mưa lớn kéo dài từ đêm 29 đến sáng 30/9. Nhiều tuyến phố trung tâm và khu vực ngoại thành ngập sâu. Cụ thể, theo VnExpress, tại cầu vượt Mai Dịch - nút giao đường Hồ Tùng Mậu, Phạm Văn Đồng, Xuân Thủy, Phạm Hùng, nơi có mật độ giao thông lớn, hiện đang mênh mông nước. Nước ngập nửa bánh xe, phương tiện di chuyển khó khăn.  Cảnh sát giao thông khuyến cáo người dân thận trọng khi tham gia giao thông theo hướng Phạm Văn Đồng đi bến xe Mỹ Đình.

Theo Công ty TNHH MTV Thoát nước Hà Nội, lượng mưa đo được tại một số xã, phường từ 7 giờ ngày 29/9 đến 7 giờ ngày 30/9 như sau: Phường Hai Bà Trưng 84 mm, Ba Đình 44 mm, Hoàn Kiếm 37 mm, Ô Chợ Dừa 104 mm, Phú Lương 118 mm, Hoàng Liệt 57 mm, Thanh Liệt 79 mm...

Theo VOV1 
Video:",(20+) Video,2025-09-30T06:35:35.000Z,2025-09-30T06:35:35+00:00,Ngập 90% nội thành,top_level,,638629379106414,0,"Thứ Tư, 1 Tháng 10, 2025 lúc 01:16",2025-10-01T01:16:00+07:00,0,4fdf911dd1dc2606c982f127ab836453ac9aff1b,flood_state,0,0,facebook_20260925_0325,baseline_20260925_032543,2026-09-25T10:31:38.304857+07:00
facebook_c_666270796096974,facebook,https://www.facebook.com/watch?v=1616615353077336,1616615353077336,"HÀ NỘI: CÁC PHƯƠNG TIỆN THAM GIA GIAO THÔNG LƯU Ý HƠN 30 ĐIỂM NGẬP ÚNG  

• Đường Nguyễn Khuyến (trước cổng THCS Lý Thường Kiệt)
• Phố Hoa Bằng (từ số 91 – 97 và 54 – 56)
• Ngã ba Cầu Giấy – Dịch Vọng (từ số 235 – 255 Cầu Giấy)
• Phố Phan Văn Trường
• Dương Đình Nghệ – Phạm Hùng (sau tòa Keangnam)
• Phố Trần Bình (trước UBND phường Mai Dịch – Bệnh viện 19/8)
• Ngã tư Phan Bội Châu – Lý Thường Kiệt; ngã năm Đường Thành – Bát Đàn – Nhà Hỏa
• Phố Tông Đản (cổng phụ Thành ủy Hà Nội)
• Phố Đinh Tiên Hoàng (đài phun nước, bến xe điện)
• Số 155 Phùng Hưng
• Phố Cao Bá Quát (trước Công ty Môi trường đô thị Hà Nội)
• Phố Thụy Khuê (dốc La Pho)
• Phố Minh Khai (chân cầu Vĩnh Tuy)
• Phố Nguyễn Chính (từ ngõ 74 đến cống hóa mương Tân Mai)
• Phố Mạc Thị Bưởi
• Đại lộ Thăng Long (ngã ba Lê Trọng Tấn, hầm chui số 356, nút giao An Khánh)
• Phố Đỗ Đức Dục
• Phố Ngọc Lâm (từ ngã ba Long Biên 1 đến trụ sở Xí nghiệp Môi trường đô thị Gia Lâm)
• Hoàng Như Tiếp (từ Trường Tiểu học Ngọc Lâm đến ngã ba Hoàng Như Tiếp – Ái Mộ)
• Đường Cổ Linh – Đàm Quang Trung (đoạn trước siêu thị Aeon Mall)
• Phố Quan Nhân
• Phố Cự Lộc
• Nguyễn Trãi (trước Đại học KHXH&NV)
• Nguyễn Xiển
• Phố Kẻ Vẽ (ngã ba chợ Vẽ)
• Ecohome 3
• KĐT Resco
• Quốc lộ 3 (qua xã Mai Lâm)
• Đường 23B (qua thôn Cổ Điển)

Do ảnh hưởng của hoàn lưu bão số 10, Hà Nội mưa lớn kéo dài từ đêm 29 đến sáng 30/9. Nhiều tuyến phố trung tâm và khu vực ngoại thành ngập sâu. Cụ thể, theo VnExpress, tại cầu vượt Mai Dịch - nút giao đường Hồ Tùng Mậu, Phạm Văn Đồng, Xuân Thủy, Phạm Hùng, nơi có mật độ giao thông lớn, hiện đang mênh mông nước. Nước ngập nửa bánh xe, phương tiện di chuyển khó khăn.  Cảnh sát giao thông khuyến cáo người dân thận trọng khi tham gia giao thông theo hướng Phạm Văn Đồng đi bến xe Mỹ Đình.

Theo Công ty TNHH MTV Thoát nước Hà Nội, lượng mưa đo được tại một số xã, phường từ 7 giờ ngày 29/9 đến 7 giờ ngày 30/9 như sau: Phường Hai Bà Trưng 84 mm, Ba Đình 44 mm, Hoàn Kiếm 37 mm, Ô Chợ Dừa 104 mm, Phú Lương 118 mm, Hoàng Liệt 57 mm, Thanh Liệt 79 mm...

Theo VOV1 
Video:",(20+) Video,2025-09-30T06:35:35.000Z,2025-09-30T06:35:35+00:00,Chỗ nào đấy các bạn ơi,top_level,,666270796096974,0,"Thứ Ba, 30 Tháng 9, 2025 lúc 17:51",2025-09-30T17:51:00+07:00,0,64f0cde7123eb6a334be36b60d2b8eab7333e186,hanoi_location,0,0,facebook_20260925_0325,baseline_20260925_032543,2026-09-25T10:31:38.304857+07:00
facebook_c_689628490197159,facebook,https://www.facebook.com/watch?v=1616615353077336,1616615353077336,"HÀ NỘI: CÁC PHƯƠNG TIỆN THAM GIA GIAO THÔNG LƯU Ý HƠN 30 ĐIỂM NGẬP ÚNG  

• Đường Nguyễn Khuyến (trước cổng THCS Lý Thường Kiệt)
• Phố Hoa Bằng (từ số 91 – 97 và 54 – 56)
• Ngã ba Cầu Giấy – Dịch Vọng (từ số 235 – 255 Cầu Giấy)
• Phố Phan Văn Trường
• Dương Đình Nghệ – Phạm Hùng (sau tòa Keangnam)
• Phố Trần Bình (trước UBND phường Mai Dịch – Bệnh viện 19/8)
• Ngã tư Phan Bội Châu – Lý Thường Kiệt; ngã năm Đường Thành – Bát Đàn – Nhà Hỏa
• Phố Tông Đản (cổng phụ Thành ủy Hà Nội)
• Phố Đinh Tiên Hoàng (đài phun nước, bến xe điện)
• Số 155 Phùng Hưng
• Phố Cao Bá Quát (trước Công ty Môi trường đô thị Hà Nội)
• Phố Thụy Khuê (dốc La Pho)
• Phố Minh Khai (chân cầu Vĩnh Tuy)
• Phố Nguyễn Chính (từ ngõ 74 đến cống hóa mương Tân Mai)
• Phố Mạc Thị Bưởi
• Đại lộ Thăng Long (ngã ba Lê Trọng Tấn, hầm chui số 356, nút giao An Khánh)
• Phố Đỗ Đức Dục
• Phố Ngọc Lâm (từ ngã ba Long Biên 1 đến trụ sở Xí nghiệp Môi trường đô thị Gia Lâm)
• Hoàng Như Tiếp (từ Trường Tiểu học Ngọc Lâm đến ngã ba Hoàng Như Tiếp – Ái Mộ)
• Đường Cổ Linh – Đàm Quang Trung (đoạn trước siêu thị Aeon Mall)
• Phố Quan Nhân
• Phố Cự Lộc
• Nguyễn Trãi (trước Đại học KHXH&NV)
• Nguyễn Xiển
• Phố Kẻ Vẽ (ngã ba chợ Vẽ)
• Ecohome 3
• KĐT Resco
• Quốc lộ 3 (qua xã Mai Lâm)
• Đường 23B (qua thôn Cổ Điển)

Do ảnh hưởng của hoàn lưu bão số 10, Hà Nội mưa lớn kéo dài từ đêm 29 đến sáng 30/9. Nhiều tuyến phố trung tâm và khu vực ngoại thành ngập sâu. Cụ thể, theo VnExpress, tại cầu vượt Mai Dịch - nút giao đường Hồ Tùng Mậu, Phạm Văn Đồng, Xuân Thủy, Phạm Hùng, nơi có mật độ giao thông lớn, hiện đang mênh mông nước. Nước ngập nửa bánh xe, phương tiện di chuyển khó khăn.  Cảnh sát giao thông khuyến cáo người dân thận trọng khi tham gia giao thông theo hướng Phạm Văn Đồng đi bến xe Mỹ Đình.

Theo Công ty TNHH MTV Thoát nước Hà Nội, lượng mưa đo được tại một số xã, phường từ 7 giờ ngày 29/9 đến 7 giờ ngày 30/9 như sau: Phường Hai Bà Trưng 84 mm, Ba Đình 44 mm, Hoàn Kiếm 37 mm, Ô Chợ Dừa 104 mm, Phú Lương 118 mm, Hoàng Liệt 57 mm, Thanh Liệt 79 mm...

Theo VOV1 
Video:",(20+) Video,2025-09-30T06:35:35.000Z,2025-09-30T06:35:35+00:00,Giải bơi Hà Nội mở rộng,top_level,,689628490197159,0,"Thứ Ba, 30 Tháng 9, 2025 lúc 19:51",2025-09-30T19:51:00+07:00,0,e3b9ce11b67b3b9e8b39402be50fc339fd95e738,hanoi_location,0,0,facebook_20260925_0325,baseline_20260925_032543,2026-09-25T10:31:38.303859+07:00
facebook_c_753229867537484,facebook,https://www.facebook.com/watch?v=1616615353077336,1616615353077336,"HÀ NỘI: CÁC PHƯƠNG TIỆN THAM GIA GIAO THÔNG LƯU Ý HƠN 30 ĐIỂM NGẬP ÚNG  

• Đường Nguyễn Khuyến (trước cổng THCS Lý Thường Kiệt)
• Phố Hoa Bằng (từ số 91 – 97 và 54 – 56)
• Ngã ba Cầu Giấy – Dịch Vọng (từ số 235 – 255 Cầu Giấy)
• Phố Phan Văn Trường
• Dương Đình Nghệ – Phạm Hùng (sau tòa Keangnam)
• Phố Trần Bình (trước UBND phường Mai Dịch – Bệnh viện 19/8)
• Ngã tư Phan Bội Châu – Lý Thường Kiệt; ngã năm Đường Thành – Bát Đàn – Nhà Hỏa
• Phố Tông Đản (cổng phụ Thành ủy Hà Nội)
• Phố Đinh Tiên Hoàng (đài phun nước, bến xe điện)
• Số 155 Phùng Hưng
• Phố Cao Bá Quát (trước Công ty Môi trường đô thị Hà Nội)
• Phố Thụy Khuê (dốc La Pho)
• Phố Minh Khai (chân cầu Vĩnh Tuy)
• Phố Nguyễn Chính (từ ngõ 74 đến cống hóa mương Tân Mai)
• Phố Mạc Thị Bưởi
• Đại lộ Thăng Long (ngã ba Lê Trọng Tấn, hầm chui số 356, nút giao An Khánh)
• Phố Đỗ Đức Dục
• Phố Ngọc Lâm (từ ngã ba Long Biên 1 đến trụ sở Xí nghiệp Môi trường đô thị Gia Lâm)
• Hoàng Như Tiếp (từ Trường Tiểu học Ngọc Lâm đến ngã ba Hoàng Như Tiếp – Ái Mộ)
• Đường Cổ Linh – Đàm Quang Trung (đoạn trước siêu thị Aeon Mall)
• Phố Quan Nhân
• Phố Cự Lộc
• Nguyễn Trãi (trước Đại học KHXH&NV)
• Nguyễn Xiển
• Phố Kẻ Vẽ (ngã ba chợ Vẽ)
• Ecohome 3
• KĐT Resco
• Quốc lộ 3 (qua xã Mai Lâm)
• Đường 23B (qua thôn Cổ Điển)

Do ảnh hưởng của hoàn lưu bão số 10, Hà Nội mưa lớn kéo dài từ đêm 29 đến sáng 30/9. Nhiều tuyến phố trung tâm và khu vực ngoại thành ngập sâu. Cụ thể, theo VnExpress, tại cầu vượt Mai Dịch - nút giao đường Hồ Tùng Mậu, Phạm Văn Đồng, Xuân Thủy, Phạm Hùng, nơi có mật độ giao thông lớn, hiện đang mênh mông nước. Nước ngập nửa bánh xe, phương tiện di chuyển khó khăn.  Cảnh sát giao thông khuyến cáo người dân thận trọng khi tham gia giao thông theo hướng Phạm Văn Đồng đi bến xe Mỹ Đình.

Theo Công ty TNHH MTV Thoát nước Hà Nội, lượng mưa đo được tại một số xã, phường từ 7 giờ ngày 29/9 đến 7 giờ ngày 30/9 như sau: Phường Hai Bà Trưng 84 mm, Ba Đình 44 mm, Hoàn Kiếm 37 mm, Ô Chợ Dừa 104 mm, Phú Lương 118 mm, Hoàng Liệt 57 mm, Thanh Liệt 79 mm...

Theo VOV1 
Video:",(20+) Video,2025-09-30T06:35:35.000Z,2025-09-30T06:35:35+00:00,Hà lội bây giờ dùng suồng hết rồi,top_level,,753229867537484,0,"Thứ Tư, 1 Tháng 10, 2025 lúc 08:23",2025-10-01T08:23:00+07:00,0,9db368a8fa17359fab0673bfb8fc6dc4c2ca438c,,0,0,facebook_20260925_0325,baseline_20260925_032543,2026-09-25T10:31:38.302860+07:00
facebook_c_762254569971704,facebook,https://www.facebook.com/watch?v=1616615353077336,1616615353077336,"HÀ NỘI: CÁC PHƯƠNG TIỆN THAM GIA GIAO THÔNG LƯU Ý HƠN 30 ĐIỂM NGẬP ÚNG  

• Đường Nguyễn Khuyến (trước cổng THCS Lý Thường Kiệt)
• Phố Hoa Bằng (từ số 91 – 97 và 54 – 56)
• Ngã ba Cầu Giấy – Dịch Vọng (từ số 235 – 255 Cầu Giấy)
• Phố Phan Văn Trường
• Dương Đình Nghệ – Phạm Hùng (sau tòa Keangnam)
• Phố Trần Bình (trước UBND phường Mai Dịch – Bệnh viện 19/8)
• Ngã tư Phan Bội Châu – Lý Thường Kiệt; ngã năm Đường Thành – Bát Đàn – Nhà Hỏa
• Phố Tông Đản (cổng phụ Thành ủy Hà Nội)
• Phố Đinh Tiên Hoàng (đài phun nước, bến xe điện)
• Số 155 Phùng Hưng
• Phố Cao Bá Quát (trước Công ty Môi trường đô thị Hà Nội)
• Phố Thụy Khuê (dốc La Pho)
• Phố Minh Khai (chân cầu Vĩnh Tuy)
• Phố Nguyễn Chính (từ ngõ 74 đến cống hóa mương Tân Mai)
• Phố Mạc Thị Bưởi
• Đại lộ Thăng Long (ngã ba Lê Trọng Tấn, hầm chui số 356, nút giao An Khánh)
• Phố Đỗ Đức Dục
• Phố Ngọc Lâm (từ ngã ba Long Biên 1 đến trụ sở Xí nghiệp Môi trường đô thị Gia Lâm)
• Hoàng Như Tiếp (từ Trường Tiểu học Ngọc Lâm đến ngã ba Hoàng Như Tiếp – Ái Mộ)
• Đường Cổ Linh – Đàm Quang Trung (đoạn trước siêu thị Aeon Mall)
• Phố Quan Nhân
• Phố Cự Lộc
• Nguyễn Trãi (trước Đại học KHXH&NV)
• Nguyễn Xiển
• Phố Kẻ Vẽ (ngã ba chợ Vẽ)
• Ecohome 3
• KĐT Resco
• Quốc lộ 3 (qua xã Mai Lâm)
• Đường 23B (qua thôn Cổ Điển)

Do ảnh hưởng của hoàn lưu bão số 10, Hà Nội mưa lớn kéo dài từ đêm 29 đến sáng 30/9. Nhiều tuyến phố trung tâm và khu vực ngoại thành ngập sâu. Cụ thể, theo VnExpress, tại cầu vượt Mai Dịch - nút giao đường Hồ Tùng Mậu, Phạm Văn Đồng, Xuân Thủy, Phạm Hùng, nơi có mật độ giao thông lớn, hiện đang mênh mông nước. Nước ngập nửa bánh xe, phương tiện di chuyển khó khăn.  Cảnh sát giao thông khuyến cáo người dân thận trọng khi tham gia giao thông theo hướng Phạm Văn Đồng đi bến xe Mỹ Đình.

Theo Công ty TNHH MTV Thoát nước Hà Nội, lượng mưa đo được tại một số xã, phường từ 7 giờ ngày 29/9 đến 7 giờ ngày 30/9 như sau: Phường Hai Bà Trưng 84 mm, Ba Đình 44 mm, Hoàn Kiếm 37 mm, Ô Chợ Dừa 104 mm, Phú Lương 118 mm, Hoàng Liệt 57 mm, Thanh Liệt 79 mm...

Theo VOV1 
Video:",(20+) Video,2025-09-30T06:35:35.000Z,2025-09-30T06:35:35+00:00,Ăn Thuần Chay Sám hối Cứu Linh hồn,top_level,,762254569971704,0,"Thứ Tư, 1 Tháng 10, 2025 lúc 09:56",2025-10-01T09:56:00+07:00,0,0cf66bdda36d5f0e40e43083f70249e6abf06258,hanoi_location,0,0,facebook_20260925_0325,baseline_20260925_032543,2026-09-25T10:31:38.302860+07:00
facebook_c_972556711802544,facebook,https://www.facebook.com/photo?fbid=1649230313572492,1649230313572492,"Đoạn đường từ Tân Lập ra ngã tư Trôi (Hoài Đức, Hà Nội) hiện đang ngập rất nặng, người dân nên tránh đi vào khu vực này để không bị kẹt xe hay hỏng xe.
Tình hình ngập úng
Vị trí: Đoạn từ khu vực Tân Lập đến ngã tư Trôi (Quốc lộ 32).
Mức độ: Nước dâng cao gây khó khăn lớn cho các phương tiện giao thông.
Nguy cơ: Nhiều xe máy và ô tô có thể bị chết máy, kẹt xe kéo dài.
Lời khuyên cho người tham gia giao thông
Hạn chế di chuyển: Không đi qua đoạn đường này nếu không có việc thực sự cần thiết.
Tìm đường tránh: Chủ động chọn các tuyến đường khác cao ráo hơn để đảm bảo an toàn.
Kiểm tra phương tiện: Nếu bắt buộc phải đi qua vùng ngập, hãy quay đầu hoặc tìm đường khác ngay khi thấy nước ngập sâu qua ống xả xe.",(20+) Facebook,2026-09-17T01:46:01.000Z,2026-09-17T01:46:01+00:00,Nay đã rút cạn ? Chưa ạ,top_level,,972556711802544,0,"Thứ Ba, 22 Tháng 9, 2026 lúc 08:59",2026-09-22T08:59:00+07:00,0,64e4a3bf2d7714da50a4a3abd47d18b8407aca4b,hanoi_location,0,0,facebook_20260925_0325,baseline_20260925_032543,2026-09-25T10:27:37.386502+07:00
facebook_c_972830268441855,facebook,https://www.facebook.com/photo?fbid=1649230313572492,1649230313572492,"Đoạn đường từ Tân Lập ra ngã tư Trôi (Hoài Đức, Hà Nội) hiện đang ngập rất nặng, người dân nên tránh đi vào khu vực này để không bị kẹt xe hay hỏng xe.
Tình hình ngập úng
Vị trí: Đoạn từ khu vực Tân Lập đến ngã tư Trôi (Quốc lộ 32).
Mức độ: Nước dâng cao gây khó khăn lớn cho các phương tiện giao thông.
Nguy cơ: Nhiều xe máy và ô tô có thể bị chết máy, kẹt xe kéo dài.
Lời khuyên cho người tham gia giao thông
Hạn chế di chuyển: Không đi qua đoạn đường này nếu không có việc thực sự cần thiết.
Tìm đường tránh: Chủ động chọn các tuyến đường khác cao ráo hơn để đảm bảo an toàn.
Kiểm tra phương tiện: Nếu bắt buộc phải đi qua vùng ngập, hãy quay đầu hoặc tìm đường khác ngay khi thấy nước ngập sâu qua ống xả xe.",(20+) Facebook,2026-09-17T01:46:01.000Z,2026-09-17T01:46:01+00:00,"Phan Nguyen Dạ,nước cạn hết rồi cô ạ",reply,972556711802544,972556711802544,1,"Thứ Tư, 23 Tháng 9, 2026 lúc 08:02",2026-09-23T08:02:00+07:00,0,,hanoi_location,0,0,facebook_20260925_0325,baseline_20260925_032543,2026-09-25T10:27:37.386502+07:00
facebook_c_1006924602407830,facebook,https://www.facebook.com/watch?v=2089192871903856,2089192871903856,"Hà Nội ngập lụt sau trận mưa kỷ lục, người dân vất vả di chuyển!
Nguồn tham khảo: Kenh14

#can #hanoi #thoitiet #mualon #tintuc #tinnong",(20+) Video,2026-09-15T10:50:20.000Z,2026-09-15T10:50:20+00:00,Mấy ông chóp bu bảo chỉ dềnh thôi,top_level,,1006924602407830,0,"Thứ Năm, 17 Tháng 9, 2026 lúc 09:31",2026-09-17T09:31:00+07:00,0,dfd18e77806526affdf87ea148c50da2b911a63c,,0,0,facebook_20260925_0325,baseline_20260925_032543,2026-09-25T11:01:37.596948+07:00
facebook_c_1057775763978294,facebook,https://www.facebook.com/watch?v=2089192871903856,2089192871903856,"Hà Nội ngập lụt sau trận mưa kỷ lục, người dân vất vả di chuyển!
Nguồn tham khảo: Kenh14

#can #hanoi #thoitiet #mualon #tintuc #tinnong",(20+) Video,2026-09-15T10:50:20.000Z,2026-09-15T10:50:20+00:00,Phát ngôn sai rồi Phải nói là DỀNH PHẠT NẶNG GIỜ,top_level,,1057775763978294,0,"Thứ Tư, 16 Tháng 9, 2026 lúc 13:30",2026-09-16T13:30:00+07:00,0,05b40c5453732efde260722b50aa28b22f5f485c,hanoi_location,0,0,facebook_20260925_0325,baseline_20260925_032543,2026-09-25T11:01:37.599650+07:00
facebook_c_1060822586576341,facebook,https://www.facebook.com/watch?v=2089192871903856,2089192871903856,"Hà Nội ngập lụt sau trận mưa kỷ lục, người dân vất vả di chuyển!
Nguồn tham khảo: Kenh14

#can #hanoi #thoitiet #mualon #tintuc #tinnong",(20+) Video,2026-09-15T10:50:20.000Z,2026-09-15T10:50:20+00:00,gánh hai đầu,top_level,,1060822586576341,0,"Thứ Tư, 16 Tháng 9, 2026 lúc 19:28",2026-09-16T19:28:00+07:00,0,019c4f422af1e5516ed289bb3efdbb192c808c27,,0,0,facebook_20260925_0325,baseline_20260925_032543,2026-09-25T11:01:37.596948+07:00
facebook_c_1076066461942405,facebook,https://www.facebook.com/watch?v=2089192871903856,2089192871903856,"Hà Nội ngập lụt sau trận mưa kỷ lục, người dân vất vả di chuyển!
Nguồn tham khảo: Kenh14

#can #hanoi #thoitiet #mualon #tintuc #tinnong",(20+) Video,2026-09-15T10:50:20.000Z,2026-09-15T10:50:20+00:00,THÒI KỲ  TỔNG BÍ THƯ   NGUYỄN VĂN LINH CÓ NHỮNG VIỆC : CẦN LÀM NGAY...SAO CÁC VỊ LÃNH.ĐẠO THÀNH PHỐ HÀ NỘI. BÂY.GIỜ KHÔNG.ÁP.ĐỤNG   ĐỂ.HÀ NỘI.CHỐNG.NGẬP ÚNG KHI CÓ LƯỢNG MƯA LỚN ..ĐỂ TỒN TẠI GẦN THẬP KỶ..TỐN KÉM NHIỀU.NGÂN SÁCH MÀ HIỆU QUẢ.VẪN.CHƯA RA SAO..? MÀ LẠI.ĐI LO CẢI TẠO CẢNH QUANG HỒ.HOÀN KIẾM..BẰNG VIỆC..DI DỜI TƯỢNG ĐÀI. QUYẾT TỬ CHO TỔ QUYẾT SINH...VÀ XÂY DỰNG  CỔNG.KHẢI HOÀN.MÔN...TRONG KHI.HÀ NỘI CÓ.MƯA LỚN LÀ THÀNH HÀ LỘI..? .,top_level,,1076066461942405,0,"Thứ Tư, 16 Tháng 9, 2026 lúc 22:49",2026-09-16T22:49:00+07:00,0,0f02301218d9befd0173051f8b0880b439499851,"flood_state,transport_impact,hanoi_location",0,0,facebook_20260925_0325,baseline_20260925_032543,2026-09-25T11:01:37.599650+07:00
facebook_c_1091696459907070,facebook,https://www.facebook.com/watch?v=2089192871903856,2089192871903856,"Hà Nội ngập lụt sau trận mưa kỷ lục, người dân vất vả di chuyển!
Nguồn tham khảo: Kenh14

#can #hanoi #thoitiet #mualon #tintuc #tinnong",(20+) Video,2026-09-15T10:50:20.000Z,2026-09-15T10:50:20+00:00,Làm mấy cái hồ to hơn cái bô thì chứa cai gì . Vc học rất quan trọng,top_level,,1091696459907070,0,"Thứ Tư, 16 Tháng 9, 2026 lúc 18:52",2026-09-16T18:52:00+07:00,0,0722be01cc121d62d2b7ea638363bbfe8567909e,hanoi_location,0,0,facebook_20260925_0325,baseline_20260925_032543,2026-09-25T11:01:37.599650+07:00
facebook_c_1393242905686451,facebook,https://www.facebook.com/watch?v=2089192871903856,2089192871903856,"Hà Nội ngập lụt sau trận mưa kỷ lục, người dân vất vả di chuyển!
Nguồn tham khảo: Kenh14

#can #hanoi #thoitiet #mualon #tintuc #tinnong",(20+) Video,2026-09-15T10:50:20.000Z,2026-09-15T10:50:20+00:00,Dềnh nước chứ?,top_level,,1393242905686451,0,"Thứ Tư, 16 Tháng 9, 2026 lúc 18:13",2026-09-16T18:13:00+07:00,0,19e2e5835c51fbeefa5374de35de7e954555ed22,,0,0,facebook_20260925_0325,baseline_20260925_032543,2026-09-25T11:01:37.599650+07:00
facebook_c_1453541123427448,facebook,https://www.facebook.com/watch?v=2089192871903856,2089192871903856,"Hà Nội ngập lụt sau trận mưa kỷ lục, người dân vất vả di chuyển!
Nguồn tham khảo: Kenh14

#can #hanoi #thoitiet #mualon #tintuc #tinnong",(20+) Video,2026-09-15T10:50:20.000Z,2026-09-15T10:50:20+00:00,DỀNH THÔI,top_level,,1453541123427448,0,"Thứ Tư, 16 Tháng 9, 2026 lúc 18:05",2026-09-16T18:05:00+07:00,0,854480f27d50ced2a74d358e70bfd95295305282,,0,0,facebook_20260925_0325,baseline_20260925_032543,2026-09-25T11:01:37.596948+07:00
facebook_c_1645847033810089,facebook,https://www.facebook.com/watch?v=2089192871903856,2089192871903856,"Hà Nội ngập lụt sau trận mưa kỷ lục, người dân vất vả di chuyển!
Nguồn tham khảo: Kenh14

#can #hanoi #thoitiet #mualon #tintuc #tinnong",(20+) Video,2026-09-15T10:50:20.000Z,2026-09-15T10:50:20+00:00,Sai rồi trận này là lần thứ 6 ngập như này rồi,top_level,,1645847033810089,0,"Thứ Tư, 16 Tháng 9, 2026 lúc 18:48",2026-09-16T18:48:00+07:00,0,97c825bfdb422bd5d1a5ae8a6a94364a02654a61,"flood_state,hanoi_location",0,0,facebook_20260925_0325,baseline_20260925_032543,2026-09-25T11:01:37.599650+07:00
facebook_c_1701802497581829,facebook,https://www.facebook.com/watch?v=2089192871903856,2089192871903856,"Hà Nội ngập lụt sau trận mưa kỷ lục, người dân vất vả di chuyển!
Nguồn tham khảo: Kenh14

#can #hanoi #thoitiet #mualon #tintuc #tinnong",(20+) Video,2026-09-15T10:50:20.000Z,2026-09-15T10:50:20+00:00,Hà noi đang sông,top_level,,1701802497581829,0,"Thứ Tư, 16 Tháng 9, 2026 lúc 19:03",2026-09-16T19:03:00+07:00,0,e6b0e24a9849fa05dcf828461755084ecd2a2109,,0,0,facebook_20260925_0325,baseline_20260925_032543,2026-09-25T11:01:37.599650+07:00
facebook_c_1807051670289335,facebook,https://www.facebook.com/watch?v=2089192871903856,2089192871903856,"Hà Nội ngập lụt sau trận mưa kỷ lục, người dân vất vả di chuyển!
Nguồn tham khảo: Kenh14

#can #hanoi #thoitiet #mualon #tintuc #tinnong",(20+) Video,2026-09-15T10:50:20.000Z,2026-09-15T10:50:20+00:00,Dềnh nước chứ ngập đâu??? Kkk,top_level,,1807051670289335,0,"Thứ Tư, 16 Tháng 9, 2026 lúc 19:07",2026-09-16T19:07:00+07:00,0,52e4ed41469eecd2227e1894c1807d42564cdf0a,flood_state,0,0,facebook_20260925_0325,baseline_20260925_032543,2026-09-25T11:01:37.599650+07:00
facebook_c_1999529567420345,facebook,https://www.facebook.com/watch?v=2089192871903856,2089192871903856,"Hà Nội ngập lụt sau trận mưa kỷ lục, người dân vất vả di chuyển!
Nguồn tham khảo: Kenh14

#can #hanoi #thoitiet #mualon #tintuc #tinnong",(20+) Video,2026-09-15T10:50:20.000Z,2026-09-15T10:50:20+00:00,Mỗi gia đình một cái lu để chống lụt,top_level,,1999529567420345,0,"Thứ Tư, 16 Tháng 9, 2026 lúc 19:09",2026-09-16T19:09:00+07:00,0,e0419271a11593881efaebc39f9f653a882c5bfd,flood_state,0,0,facebook_20260925_0325,baseline_20260925_032543,2026-09-25T11:01:37.596948+07:00
facebook_c_2171321916784752,facebook,https://www.facebook.com/watch?v=2089192871903856,2089192871903856,"Hà Nội ngập lụt sau trận mưa kỷ lục, người dân vất vả di chuyển!
Nguồn tham khảo: Kenh14

#can #hanoi #thoitiet #mualon #tintuc #tinnong",(20+) Video,2026-09-15T10:50:20.000Z,2026-09-15T10:50:20+00:00,"Hà Nội ngập lụt sau trận mưa kỷ lục, người dân vất vả di chuyển! Nguồn tham khảo: Kenh14",top_level,,2171321916784752,0,"Thứ Ba, 15 Tháng 9, 2026 lúc 20:01",2026-09-15T20:01:00+07:00,0,d4a9dae191408e54d683fbce7c52aa73cc3bc593,"flood_state,transport_impact,hanoi_location",0,0,facebook_20260925_0325,baseline_20260925_032543,2026-09-25T11:01:37.596948+07:00
facebook_c_1070931728675454,facebook,https://www.facebook.com/watch?v=2089192871903856,2089192871903856,"Hà Nội ngập lụt sau trận mưa kỷ lục, người dân vất vả di chuyển!
Nguồn tham khảo: Kenh14

#can #hanoi #thoitiet #mualon #tintuc #tinnong",(20+) Video,2026-09-15T10:50:20.000Z,2026-09-15T10:50:20+00:00,"Tin Mới Mỗi Ngày, các tỉnh thành khác thì ngập lụt...riêng Hà Nội,  phi Thường đã tuyên bố chống ngập lụt thành công - giờ Hà Nội chỉ DỀNH thôi nhé....Hà Nội mà ngập lụt thì 56.000tỷ đồng vào đâu....",reply,2171321916784752,2171321916784752,1,"Thứ Tư, 16 Tháng 9, 2026 lúc 19:50",2026-09-16T19:50:00+07:00,0,,"flood_state,hanoi_location",0,0,facebook_20260925_0325,baseline_20260925_032543,2026-09-25T11:01:37.596948+07:00
facebook_c_2427058641033198,facebook,https://www.facebook.com/watch?v=2089192871903856,2089192871903856,"Hà Nội ngập lụt sau trận mưa kỷ lục, người dân vất vả di chuyển!
Nguồn tham khảo: Kenh14

#can #hanoi #thoitiet #mualon #tintuc #tinnong",(20+) Video,2026-09-15T10:50:20.000Z,2026-09-15T10:50:20+00:00,Trận chiến sơn tinh và thủy tinh,top_level,,2427058641033198,0,"Thứ Tư, 16 Tháng 9, 2026 lúc 22:25",2026-09-16T22:25:00+07:00,0,19f7a4d9a5d559ed057ccfd757b5521a1d5e9966,hanoi_location,0,0,facebook_20260925_0325,baseline_20260925_032543,2026-09-25T11:01:37.596948+07:00
facebook_c_2595862100869892,facebook,https://www.facebook.com/watch?v=2089192871903856,2089192871903856,"Hà Nội ngập lụt sau trận mưa kỷ lục, người dân vất vả di chuyển!
Nguồn tham khảo: Kenh14

#can #hanoi #thoitiet #mualon #tintuc #tinnong",(20+) Video,2026-09-15T10:50:20.000Z,2026-09-15T10:50:20+00:00,Tự nhiên lại được tát nước,top_level,,2595862100869892,0,"Thứ Tư, 16 Tháng 9, 2026 lúc 18:04",2026-09-16T18:04:00+07:00,0,5485ede337bef8fd210e9a899cb36d73ee14e01c,hanoi_location,0,0,facebook_20260925_0325,baseline_20260925_032543,2026-09-25T11:01:37.599650+07:00
facebook_c_28242711125358017,facebook,https://www.facebook.com/watch?v=2089192871903856,2089192871903856,"Hà Nội ngập lụt sau trận mưa kỷ lục, người dân vất vả di chuyển!
Nguồn tham khảo: Kenh14

#can #hanoi #thoitiet #mualon #tintuc #tinnong",(20+) Video,2026-09-15T10:50:20.000Z,2026-09-15T10:50:20+00:00,Senh thoi ngap gi,top_level,,28242711125358017,0,"Thứ Tư, 16 Tháng 9, 2026 lúc 19:01",2026-09-16T19:01:00+07:00,0,f9f5bd5b82088af7e2fed5b26b52fae40e3dd5cc,,0,0,facebook_20260925_0325,baseline_20260925_032543,2026-09-25T11:01:37.596948+07:00
facebook_c_3417276291767431,facebook,https://www.facebook.com/watch?v=2089192871903856,2089192871903856,"Hà Nội ngập lụt sau trận mưa kỷ lục, người dân vất vả di chuyển!
Nguồn tham khảo: Kenh14

#can #hanoi #thoitiet #mualon #tintuc #tinnong",(20+) Video,2026-09-15T10:50:20.000Z,2026-09-15T10:50:20+00:00,Nói bậy đó là dềnh nước ?????,top_level,,3417276291767431,0,"Thứ Tư, 16 Tháng 9, 2026 lúc 19:36",2026-09-16T19:36:00+07:00,0,8155cfd0920cb2f7a4675de0ee76ede67c4197c6,,0,0,facebook_20260925_0325,baseline_20260925_032543,2026-09-25T11:01:37.599650+07:00
facebook_c_1111024021468913,facebook,https://www.facebook.com/watch?v=2153749572192454,2153749572192454,"Hy vọng đây sẽ là lần cập nhật cuối cùng trong chuỗi cập nhật ngập lụt lần 1 năm 2026 tại Tây Mỗ nhà em ạ! 🙏🏻
Ngày hôm nay đúng là một phen “thử thách” với bà con khu vực mình 😅 Nước lên, đường ngập, việc đi lại và sinh hoạt của mọi người đều bị ảnh hưởng.

Mong rằng từ giờ nước sẽ rút hẳn, trời thương cho Hà Nội những ngày bình yên, Tây Mỗ nhà em không phải cập nhật thêm lần nào nữa. 🙏🏻❤️
Hết ngập rồi thì chúng ta lại trở về với những ngày bình thường thôi! 💪🏻❤️

#TayMo #HaNoi #NgapLut2026 #CapNhatTayMo #MongMoiNguoiBinhAn",(20+) Video,2026-09-17T11:28:23.000Z,2026-09-17T11:28:23+00:00,Hà Lội ko vội được đâu em.,top_level,,1111024021468913,0,"Thứ Sáu, 18 Tháng 9, 2026 lúc 09:15",2026-09-18T09:15:00+07:00,0,334ff0bae666ee9af480fa3b8c44a155e9057c01,,0,0,facebook_20260925_0325,baseline_20260925_032543,2026-09-25T10:55:35.320443+07:00
facebook_c_1090995496953912,facebook,https://www.facebook.com/watch?v=2153749572192454,2153749572192454,"Hy vọng đây sẽ là lần cập nhật cuối cùng trong chuỗi cập nhật ngập lụt lần 1 năm 2026 tại Tây Mỗ nhà em ạ! 🙏🏻
Ngày hôm nay đúng là một phen “thử thách” với bà con khu vực mình 😅 Nước lên, đường ngập, việc đi lại và sinh hoạt của mọi người đều bị ảnh hưởng.

Mong rằng từ giờ nước sẽ rút hẳn, trời thương cho Hà Nội những ngày bình yên, Tây Mỗ nhà em không phải cập nhật thêm lần nào nữa. 🙏🏻❤️
Hết ngập rồi thì chúng ta lại trở về với những ngày bình thường thôi! 💪🏻❤️

#TayMo #HaNoi #NgapLut2026 #CapNhatTayMo #MongMoiNguoiBinhAn",(20+) Video,2026-09-17T11:28:23.000Z,2026-09-17T11:28:23+00:00,Long Nguyenquang dạ chuẩn anh ah,reply,1111024021468913,1111024021468913,1,"Thứ Sáu, 18 Tháng 9, 2026 lúc 14:14",2026-09-18T14:14:00+07:00,0,,hanoi_location,0,0,facebook_20260925_0325,baseline_20260925_032543,2026-09-25T10:55:35.324450+07:00
facebook_c_1329117719143750,facebook,https://www.facebook.com/watch?v=2153749572192454,2153749572192454,"Hy vọng đây sẽ là lần cập nhật cuối cùng trong chuỗi cập nhật ngập lụt lần 1 năm 2026 tại Tây Mỗ nhà em ạ! 🙏🏻
Ngày hôm nay đúng là một phen “thử thách” với bà con khu vực mình 😅 Nước lên, đường ngập, việc đi lại và sinh hoạt của mọi người đều bị ảnh hưởng.

Mong rằng từ giờ nước sẽ rút hẳn, trời thương cho Hà Nội những ngày bình yên, Tây Mỗ nhà em không phải cập nhật thêm lần nào nữa. 🙏🏻❤️
Hết ngập rồi thì chúng ta lại trở về với những ngày bình thường thôi! 💪🏻❤️

#TayMo #HaNoi #NgapLut2026 #CapNhatTayMo #MongMoiNguoiBinhAn",(20+) Video,2026-09-17T11:28:23.000Z,2026-09-17T11:28:23+00:00,Ơ rút nước chưa c,top_level,,1329117719143750,0,"Thứ Năm, 17 Tháng 9, 2026 lúc 18:32",2026-09-17T18:32:00+07:00,0,f9b6d3e0f05d7c63c21e231edf7224b48a31272a,,0,0,facebook_20260925_0325,baseline_20260925_032543,2026-09-25T10:55:35.321446+07:00
facebook_c_1789327248974949,facebook,https://www.facebook.com/watch?v=2153749572192454,2153749572192454,"Hy vọng đây sẽ là lần cập nhật cuối cùng trong chuỗi cập nhật ngập lụt lần 1 năm 2026 tại Tây Mỗ nhà em ạ! 🙏🏻
Ngày hôm nay đúng là một phen “thử thách” với bà con khu vực mình 😅 Nước lên, đường ngập, việc đi lại và sinh hoạt của mọi người đều bị ảnh hưởng.

Mong rằng từ giờ nước sẽ rút hẳn, trời thương cho Hà Nội những ngày bình yên, Tây Mỗ nhà em không phải cập nhật thêm lần nào nữa. 🙏🏻❤️
Hết ngập rồi thì chúng ta lại trở về với những ngày bình thường thôi! 💪🏻❤️

#TayMo #HaNoi #NgapLut2026 #CapNhatTayMo #MongMoiNguoiBinhAn",(20+) Video,2026-09-17T11:28:23.000Z,2026-09-17T11:28:23+00:00,Hoa Hồng Xanh chưa em ah,reply,1329117719143750,1329117719143750,1,"Thứ Năm, 17 Tháng 9, 2026 lúc 18:43",2026-09-17T18:43:00+07:00,0,,,0,0,facebook_20260925_0325,baseline_20260925_032543,2026-09-25T10:55:35.325451+07:00
facebook_c_1400062724876181,facebook,https://www.facebook.com/watch?v=2153749572192454,2153749572192454,"Hy vọng đây sẽ là lần cập nhật cuối cùng trong chuỗi cập nhật ngập lụt lần 1 năm 2026 tại Tây Mỗ nhà em ạ! 🙏🏻
Ngày hôm nay đúng là một phen “thử thách” với bà con khu vực mình 😅 Nước lên, đường ngập, việc đi lại và sinh hoạt của mọi người đều bị ảnh hưởng.

Mong rằng từ giờ nước sẽ rút hẳn, trời thương cho Hà Nội những ngày bình yên, Tây Mỗ nhà em không phải cập nhật thêm lần nào nữa. 🙏🏻❤️
Hết ngập rồi thì chúng ta lại trở về với những ngày bình thường thôi! 💪🏻❤️

#TayMo #HaNoi #NgapLut2026 #CapNhatTayMo #MongMoiNguoiBinhAn",(20+) Video,2026-09-17T11:28:23.000Z,2026-09-17T11:28:23+00:00,Ôi. Lụt ri á,top_level,,1400062724876181,0,"Thứ Năm, 17 Tháng 9, 2026 lúc 18:38",2026-09-17T18:38:00+07:00,0,4e4bc827fed83fa1aab21439fcebb2ae4251223a,flood_state,0,0,facebook_20260925_0325,baseline_20260925_032543,2026-09-25T10:55:35.326796+07:00
facebook_c_27291223777220320,facebook,https://www.facebook.com/watch?v=2153749572192454,2153749572192454,"Hy vọng đây sẽ là lần cập nhật cuối cùng trong chuỗi cập nhật ngập lụt lần 1 năm 2026 tại Tây Mỗ nhà em ạ! 🙏🏻
Ngày hôm nay đúng là một phen “thử thách” với bà con khu vực mình 😅 Nước lên, đường ngập, việc đi lại và sinh hoạt của mọi người đều bị ảnh hưởng.

Mong rằng từ giờ nước sẽ rút hẳn, trời thương cho Hà Nội những ngày bình yên, Tây Mỗ nhà em không phải cập nhật thêm lần nào nữa. 🙏🏻❤️
Hết ngập rồi thì chúng ta lại trở về với những ngày bình thường thôi! 💪🏻❤️

#TayMo #HaNoi #NgapLut2026 #CapNhatTayMo #MongMoiNguoiBinhAn",(20+) Video,2026-09-17T11:28:23.000Z,2026-09-17T11:28:23+00:00,Thanh Tâm Yoga vâng chế,reply,1400062724876181,1400062724876181,1,"Thứ Năm, 17 Tháng 9, 2026 lúc 18:39",2026-09-17T18:39:00+07:00,0,,,0,0,facebook_20260925_0325,baseline_20260925_032543,2026-09-25T10:55:35.330859+07:00
facebook_c_1419008322909586,facebook,https://www.facebook.com/watch?v=2153749572192454,2153749572192454,"Hy vọng đây sẽ là lần cập nhật cuối cùng trong chuỗi cập nhật ngập lụt lần 1 năm 2026 tại Tây Mỗ nhà em ạ! 🙏🏻
Ngày hôm nay đúng là một phen “thử thách” với bà con khu vực mình 😅 Nước lên, đường ngập, việc đi lại và sinh hoạt của mọi người đều bị ảnh hưởng.

Mong rằng từ giờ nước sẽ rút hẳn, trời thương cho Hà Nội những ngày bình yên, Tây Mỗ nhà em không phải cập nhật thêm lần nào nữa. 🙏🏻❤️
Hết ngập rồi thì chúng ta lại trở về với những ngày bình thường thôi! 💪🏻❤️

#TayMo #HaNoi #NgapLut2026 #CapNhatTayMo #MongMoiNguoiBinhAn",(20+) Video,2026-09-17T11:28:23.000Z,2026-09-17T11:28:23+00:00,"Làng dân Tây Mỗ mình toàn là nàng tiên cá mỗi năm về với biển 1,2 lần chị nhở",top_level,,1419008322909586,0,"Thứ Năm, 17 Tháng 9, 2026 lúc 20:21",2026-09-17T20:21:00+07:00,0,0c22d9b7cc080b0d06f1adcb817c8518bc7768ba,hanoi_location,0,0,facebook_20260925_0325,baseline_20260925_032543,2026-09-25T10:55:35.317908+07:00
facebook_c_1432245248765860,facebook,https://www.facebook.com/watch?v=2153749572192454,2153749572192454,"Hy vọng đây sẽ là lần cập nhật cuối cùng trong chuỗi cập nhật ngập lụt lần 1 năm 2026 tại Tây Mỗ nhà em ạ! 🙏🏻
Ngày hôm nay đúng là một phen “thử thách” với bà con khu vực mình 😅 Nước lên, đường ngập, việc đi lại và sinh hoạt của mọi người đều bị ảnh hưởng.

Mong rằng từ giờ nước sẽ rút hẳn, trời thương cho Hà Nội những ngày bình yên, Tây Mỗ nhà em không phải cập nhật thêm lần nào nữa. 🙏🏻❤️
Hết ngập rồi thì chúng ta lại trở về với những ngày bình thường thôi! 💪🏻❤️

#TayMo #HaNoi #NgapLut2026 #CapNhatTayMo #MongMoiNguoiBinhAn",(20+) Video,2026-09-17T11:28:23.000Z,2026-09-17T11:28:23+00:00,Thuytm Nguyen uh. Chuẩn e ah,reply,1419008322909586,1419008322909586,1,"Thứ Năm, 17 Tháng 9, 2026 lúc 21:44",2026-09-17T21:44:00+07:00,0,,hanoi_location,0,0,facebook_20260925_0325,baseline_20260925_032543,2026-09-25T10:55:35.318739+07:00
facebook_c_1475359574431831,facebook,https://www.facebook.com/watch?v=2153749572192454,2153749572192454,"Hy vọng đây sẽ là lần cập nhật cuối cùng trong chuỗi cập nhật ngập lụt lần 1 năm 2026 tại Tây Mỗ nhà em ạ! 🙏🏻
Ngày hôm nay đúng là một phen “thử thách” với bà con khu vực mình 😅 Nước lên, đường ngập, việc đi lại và sinh hoạt của mọi người đều bị ảnh hưởng.

Mong rằng từ giờ nước sẽ rút hẳn, trời thương cho Hà Nội những ngày bình yên, Tây Mỗ nhà em không phải cập nhật thêm lần nào nữa. 🙏🏻❤️
Hết ngập rồi thì chúng ta lại trở về với những ngày bình thường thôi! 💪🏻❤️

#TayMo #HaNoi #NgapLut2026 #CapNhatTayMo #MongMoiNguoiBinhAn",(20+) Video,2026-09-17T11:28:23.000Z,2026-09-17T11:28:23+00:00,"Chỗ chợ giờ rút chưa c,mỗi lần mưa khổ thật",top_level,,1475359574431831,0,"Thứ Năm, 17 Tháng 9, 2026 lúc 19:07",2026-09-17T19:07:00+07:00,0,500ec0d1ca678279ae0c0ed98f1b765caa8c7214,hanoi_location,0,0,facebook_20260925_0325,baseline_20260925_032543,2026-09-25T10:55:35.319342+07:00
facebook_c_2093404184902444,facebook,https://www.facebook.com/watch?v=2153749572192454,2153749572192454,"Hy vọng đây sẽ là lần cập nhật cuối cùng trong chuỗi cập nhật ngập lụt lần 1 năm 2026 tại Tây Mỗ nhà em ạ! 🙏🏻
Ngày hôm nay đúng là một phen “thử thách” với bà con khu vực mình 😅 Nước lên, đường ngập, việc đi lại và sinh hoạt của mọi người đều bị ảnh hưởng.

Mong rằng từ giờ nước sẽ rút hẳn, trời thương cho Hà Nội những ngày bình yên, Tây Mỗ nhà em không phải cập nhật thêm lần nào nữa. 🙏🏻❤️
Hết ngập rồi thì chúng ta lại trở về với những ngày bình thường thôi! 💪🏻❤️

#TayMo #HaNoi #NgapLut2026 #CapNhatTayMo #MongMoiNguoiBinhAn",(20+) Video,2026-09-17T11:28:23.000Z,2026-09-17T11:28:23+00:00,Tran Bac vẫn chưa em ah,reply,1475359574431831,1475359574431831,1,"Thứ Năm, 17 Tháng 9, 2026 lúc 19:24",2026-09-17T19:24:00+07:00,0,,hanoi_location,0,0,facebook_20260925_0325,baseline_20260925_032543,2026-09-25T10:55:35.324450+07:00
facebook_c_1718910529185902,facebook,https://www.facebook.com/watch?v=2153749572192454,2153749572192454,"Hy vọng đây sẽ là lần cập nhật cuối cùng trong chuỗi cập nhật ngập lụt lần 1 năm 2026 tại Tây Mỗ nhà em ạ! 🙏🏻
Ngày hôm nay đúng là một phen “thử thách” với bà con khu vực mình 😅 Nước lên, đường ngập, việc đi lại và sinh hoạt của mọi người đều bị ảnh hưởng.

Mong rằng từ giờ nước sẽ rút hẳn, trời thương cho Hà Nội những ngày bình yên, Tây Mỗ nhà em không phải cập nhật thêm lần nào nữa. 🙏🏻❤️
Hết ngập rồi thì chúng ta lại trở về với những ngày bình thường thôi! 💪🏻❤️

#TayMo #HaNoi #NgapLut2026 #CapNhatTayMo #MongMoiNguoiBinhAn",(20+) Video,2026-09-17T11:28:23.000Z,2026-09-17T11:28:23+00:00,Nguyễn Thị Hải Hà lại cả tuần ngập như đợt trước thì khổ,reply,1475359574431831,1475359574431831,1,"Thứ Năm, 17 Tháng 9, 2026 lúc 19:30",2026-09-17T19:30:00+07:00,0,,"flood_state,hanoi_location",0,0,facebook_20260925_0325,baseline_20260925_032543,2026-09-25T10:55:35.328841+07:00
facebook_c_1636296554630679,facebook,https://www.facebook.com/watch?v=2153749572192454,2153749572192454,"Hy vọng đây sẽ là lần cập nhật cuối cùng trong chuỗi cập nhật ngập lụt lần 1 năm 2026 tại Tây Mỗ nhà em ạ! 🙏🏻
Ngày hôm nay đúng là một phen “thử thách” với bà con khu vực mình 😅 Nước lên, đường ngập, việc đi lại và sinh hoạt của mọi người đều bị ảnh hưởng.

Mong rằng từ giờ nước sẽ rút hẳn, trời thương cho Hà Nội những ngày bình yên, Tây Mỗ nhà em không phải cập nhật thêm lần nào nữa. 🙏🏻❤️
Hết ngập rồi thì chúng ta lại trở về với những ngày bình thường thôi! 💪🏻❤️

#TayMo #HaNoi #NgapLut2026 #CapNhatTayMo #MongMoiNguoiBinhAn",(20+) Video,2026-09-17T11:28:23.000Z,2026-09-17T11:28:23+00:00,Tây mỗ lại ngập nữa rồi,top_level,,1636296554630679,0,"Thứ Năm, 17 Tháng 9, 2026 lúc 21:41",2026-09-17T21:41:00+07:00,0,00205b96f4f78a36f900a4be5069a1f03954ef6b,"flood_state,hanoi_location",0,0,facebook_20260925_0325,baseline_20260925_032543,2026-09-25T10:55:35.323451+07:00
facebook_c_1641650550854829,facebook,https://www.facebook.com/watch?v=2153749572192454,2153749572192454,"Hy vọng đây sẽ là lần cập nhật cuối cùng trong chuỗi cập nhật ngập lụt lần 1 năm 2026 tại Tây Mỗ nhà em ạ! 🙏🏻
Ngày hôm nay đúng là một phen “thử thách” với bà con khu vực mình 😅 Nước lên, đường ngập, việc đi lại và sinh hoạt của mọi người đều bị ảnh hưởng.

Mong rằng từ giờ nước sẽ rút hẳn, trời thương cho Hà Nội những ngày bình yên, Tây Mỗ nhà em không phải cập nhật thêm lần nào nữa. 🙏🏻❤️
Hết ngập rồi thì chúng ta lại trở về với những ngày bình thường thôi! 💪🏻❤️

#TayMo #HaNoi #NgapLut2026 #CapNhatTayMo #MongMoiNguoiBinhAn",(20+) Video,2026-09-17T11:28:23.000Z,2026-09-17T11:28:23+00:00,Ngoải mặt đg Tây Mỗ nước rút chưa ạ?,top_level,,1641650550854829,0,"Thứ Năm, 17 Tháng 9, 2026 lúc 18:48",2026-09-17T18:48:00+07:00,0,af50694d8f56bce3594cfc72dd55742d7f4805b8,hanoi_location,0,0,facebook_20260925_0325,baseline_20260925_032543,2026-09-25T10:55:35.321446+07:00
facebook_c_29470287709228139,facebook,https://www.facebook.com/watch?v=2153749572192454,2153749572192454,"Hy vọng đây sẽ là lần cập nhật cuối cùng trong chuỗi cập nhật ngập lụt lần 1 năm 2026 tại Tây Mỗ nhà em ạ! 🙏🏻
Ngày hôm nay đúng là một phen “thử thách” với bà con khu vực mình 😅 Nước lên, đường ngập, việc đi lại và sinh hoạt của mọi người đều bị ảnh hưởng.

Mong rằng từ giờ nước sẽ rút hẳn, trời thương cho Hà Nội những ngày bình yên, Tây Mỗ nhà em không phải cập nhật thêm lần nào nữa. 🙏🏻❤️
Hết ngập rồi thì chúng ta lại trở về với những ngày bình thường thôi! 💪🏻❤️

#TayMo #HaNoi #NgapLut2026 #CapNhatTayMo #MongMoiNguoiBinhAn",(20+) Video,2026-09-17T11:28:23.000Z,2026-09-17T11:28:23+00:00,Thanh Hiền đường 70 vẫn ngập,reply,1641650550854829,1641650550854829,1,"Thứ Năm, 17 Tháng 9, 2026 lúc 18:53",2026-09-17T18:53:00+07:00,0,,"flood_state,hanoi_location",0,0,facebook_20260925_0325,baseline_20260925_032543,2026-09-25T10:55:35.325451+07:00
facebook_c_1665202551636459,facebook,https://www.facebook.com/watch?v=2153749572192454,2153749572192454,"Hy vọng đây sẽ là lần cập nhật cuối cùng trong chuỗi cập nhật ngập lụt lần 1 năm 2026 tại Tây Mỗ nhà em ạ! 🙏🏻
Ngày hôm nay đúng là một phen “thử thách” với bà con khu vực mình 😅 Nước lên, đường ngập, việc đi lại và sinh hoạt của mọi người đều bị ảnh hưởng.

Mong rằng từ giờ nước sẽ rút hẳn, trời thương cho Hà Nội những ngày bình yên, Tây Mỗ nhà em không phải cập nhật thêm lần nào nữa. 🙏🏻❤️
Hết ngập rồi thì chúng ta lại trở về với những ngày bình thường thôi! 💪🏻❤️

#TayMo #HaNoi #NgapLut2026 #CapNhatTayMo #MongMoiNguoiBinhAn",(20+) Video,2026-09-17T11:28:23.000Z,2026-09-17T11:28:23+00:00,Như dc đi du lịch biển c nhỉ,top_level,,1665202551636459,0,"Thứ Năm, 17 Tháng 9, 2026 lúc 19:32",2026-09-17T19:32:00+07:00,0,8fd9dbcc590e2eeae117cce961c039821596dd91,"transport_impact,hanoi_location",0,0,facebook_20260925_0325,baseline_20260925_032543,2026-09-25T10:55:35.322446+07:00
facebook_c_1074783392184556,facebook,https://www.facebook.com/watch?v=2153749572192454,2153749572192454,"Hy vọng đây sẽ là lần cập nhật cuối cùng trong chuỗi cập nhật ngập lụt lần 1 năm 2026 tại Tây Mỗ nhà em ạ! 🙏🏻
Ngày hôm nay đúng là một phen “thử thách” với bà con khu vực mình 😅 Nước lên, đường ngập, việc đi lại và sinh hoạt của mọi người đều bị ảnh hưởng.

Mong rằng từ giờ nước sẽ rút hẳn, trời thương cho Hà Nội những ngày bình yên, Tây Mỗ nhà em không phải cập nhật thêm lần nào nữa. 🙏🏻❤️
Hết ngập rồi thì chúng ta lại trở về với những ngày bình thường thôi! 💪🏻❤️

#TayMo #HaNoi #NgapLut2026 #CapNhatTayMo #MongMoiNguoiBinhAn",(20+) Video,2026-09-17T11:28:23.000Z,2026-09-17T11:28:23+00:00,Dược Sĩ Nguyễn Thơm đúng em ah,reply,1665202551636459,1665202551636459,1,"Thứ Năm, 17 Tháng 9, 2026 lúc 19:38",2026-09-17T19:38:00+07:00,0,,hanoi_location,0,0,facebook_20260925_0325,baseline_20260925_032543,2026-09-25T10:55:35.326284+07:00
facebook_c_1969471583714549,facebook,https://www.facebook.com/watch?v=2153749572192454,2153749572192454,"Hy vọng đây sẽ là lần cập nhật cuối cùng trong chuỗi cập nhật ngập lụt lần 1 năm 2026 tại Tây Mỗ nhà em ạ! 🙏🏻
Ngày hôm nay đúng là một phen “thử thách” với bà con khu vực mình 😅 Nước lên, đường ngập, việc đi lại và sinh hoạt của mọi người đều bị ảnh hưởng.

Mong rằng từ giờ nước sẽ rút hẳn, trời thương cho Hà Nội những ngày bình yên, Tây Mỗ nhà em không phải cập nhật thêm lần nào nữa. 🙏🏻❤️
Hết ngập rồi thì chúng ta lại trở về với những ngày bình thường thôi! 💪🏻❤️

#TayMo #HaNoi #NgapLut2026 #CapNhatTayMo #MongMoiNguoiBinhAn",(20+) Video,2026-09-17T11:28:23.000Z,2026-09-17T11:28:23+00:00,Có rút nhưng chưa nhiểu e ah,top_level,,1969471583714549,0,"Thứ Năm, 17 Tháng 9, 2026 lúc 18:38",2026-09-17T18:38:00+07:00,0,6c387c661a35a36639e0c4c48506627c1c024cbe,,0,0,facebook_20260925_0325,baseline_20260925_032543,2026-09-25T10:55:35.316999+07:00
facebook_c_2191065781474969,facebook,https://www.facebook.com/watch?v=2153749572192454,2153749572192454,"Hy vọng đây sẽ là lần cập nhật cuối cùng trong chuỗi cập nhật ngập lụt lần 1 năm 2026 tại Tây Mỗ nhà em ạ! 🙏🏻
Ngày hôm nay đúng là một phen “thử thách” với bà con khu vực mình 😅 Nước lên, đường ngập, việc đi lại và sinh hoạt của mọi người đều bị ảnh hưởng.

Mong rằng từ giờ nước sẽ rút hẳn, trời thương cho Hà Nội những ngày bình yên, Tây Mỗ nhà em không phải cập nhật thêm lần nào nữa. 🙏🏻❤️
Hết ngập rồi thì chúng ta lại trở về với những ngày bình thường thôi! 💪🏻❤️

#TayMo #HaNoi #NgapLut2026 #CapNhatTayMo #MongMoiNguoiBinhAn",(20+) Video,2026-09-17T11:28:23.000Z,2026-09-17T11:28:23+00:00,May trc e định mua căn trong này sau lại lấy căn ở hữu hưng,top_level,,2191065781474969,0,"Thứ Sáu, 18 Tháng 9, 2026 lúc 12:30",2026-09-18T12:30:00+07:00,0,ec9befe88033f87dcc19b151a7f8cd24f33e9115,hanoi_location,0,0,facebook_20260925_0325,baseline_20260925_032543,2026-09-25T10:55:35.323451+07:00
facebook_c_2259129374867986,facebook,https://www.facebook.com/watch?v=2153749572192454,2153749572192454,"Hy vọng đây sẽ là lần cập nhật cuối cùng trong chuỗi cập nhật ngập lụt lần 1 năm 2026 tại Tây Mỗ nhà em ạ! 🙏🏻
Ngày hôm nay đúng là một phen “thử thách” với bà con khu vực mình 😅 Nước lên, đường ngập, việc đi lại và sinh hoạt của mọi người đều bị ảnh hưởng.

Mong rằng từ giờ nước sẽ rút hẳn, trời thương cho Hà Nội những ngày bình yên, Tây Mỗ nhà em không phải cập nhật thêm lần nào nữa. 🙏🏻❤️
Hết ngập rồi thì chúng ta lại trở về với những ngày bình thường thôi! 💪🏻❤️

#TayMo #HaNoi #NgapLut2026 #CapNhatTayMo #MongMoiNguoiBinhAn",(20+) Video,2026-09-17T11:28:23.000Z,2026-09-17T11:28:23+00:00,chưa rút à c,top_level,,2259129374867986,0,"Thứ Năm, 17 Tháng 9, 2026 lúc 18:40",2026-09-17T18:40:00+07:00,0,23d72f336fe22e257379eb9627cc91541276ecf5,,0,0,facebook_20260925_0325,baseline_20260925_032543,2026-09-25T10:55:35.328841+07:00
facebook_c_1384244837129259,facebook,https://www.facebook.com/watch?v=2153749572192454,2153749572192454,"Hy vọng đây sẽ là lần cập nhật cuối cùng trong chuỗi cập nhật ngập lụt lần 1 năm 2026 tại Tây Mỗ nhà em ạ! 🙏🏻
Ngày hôm nay đúng là một phen “thử thách” với bà con khu vực mình 😅 Nước lên, đường ngập, việc đi lại và sinh hoạt của mọi người đều bị ảnh hưởng.

Mong rằng từ giờ nước sẽ rút hẳn, trời thương cho Hà Nội những ngày bình yên, Tây Mỗ nhà em không phải cập nhật thêm lần nào nữa. 🙏🏻❤️
Hết ngập rồi thì chúng ta lại trở về với những ngày bình thường thôi! 💪🏻❤️

#TayMo #HaNoi #NgapLut2026 #CapNhatTayMo #MongMoiNguoiBinhAn",(20+) Video,2026-09-17T11:28:23.000Z,2026-09-17T11:28:23+00:00,Tạ Nghĩa chưa đáng kể em ah,reply,2259129374867986,2259129374867986,1,"Thứ Năm, 17 Tháng 9, 2026 lúc 18:43",2026-09-17T18:43:00+07:00,0,,,0,0,facebook_20260925_0325,baseline_20260925_032543,2026-09-25T10:55:35.330859+07:00
facebook_c_4749550395369185,facebook,https://www.facebook.com/watch?v=2153749572192454,2153749572192454,"Hy vọng đây sẽ là lần cập nhật cuối cùng trong chuỗi cập nhật ngập lụt lần 1 năm 2026 tại Tây Mỗ nhà em ạ! 🙏🏻
Ngày hôm nay đúng là một phen “thử thách” với bà con khu vực mình 😅 Nước lên, đường ngập, việc đi lại và sinh hoạt của mọi người đều bị ảnh hưởng.

Mong rằng từ giờ nước sẽ rút hẳn, trời thương cho Hà Nội những ngày bình yên, Tây Mỗ nhà em không phải cập nhật thêm lần nào nữa. 🙏🏻❤️
Hết ngập rồi thì chúng ta lại trở về với những ngày bình thường thôi! 💪🏻❤️

#TayMo #HaNoi #NgapLut2026 #CapNhatTayMo #MongMoiNguoiBinhAn",(20+) Video,2026-09-17T11:28:23.000Z,2026-09-17T11:28:23+00:00,Nguyễn Thị Hải Hà eo ơi mưa có 1 ngày mà sợ thật,reply,2259129374867986,2259129374867986,1,"Thứ Năm, 17 Tháng 9, 2026 lúc 18:44",2026-09-17T18:44:00+07:00,0,,hanoi_location,0,0,facebook_20260925_0325,baseline_20260925_032543,2026-09-25T10:55:35.332854+07:00
facebook_c_2264954940957378,facebook,https://www.facebook.com/watch?v=2153749572192454,2153749572192454,"Hy vọng đây sẽ là lần cập nhật cuối cùng trong chuỗi cập nhật ngập lụt lần 1 năm 2026 tại Tây Mỗ nhà em ạ! 🙏🏻
Ngày hôm nay đúng là một phen “thử thách” với bà con khu vực mình 😅 Nước lên, đường ngập, việc đi lại và sinh hoạt của mọi người đều bị ảnh hưởng.

Mong rằng từ giờ nước sẽ rút hẳn, trời thương cho Hà Nội những ngày bình yên, Tây Mỗ nhà em không phải cập nhật thêm lần nào nữa. 🙏🏻❤️
Hết ngập rồi thì chúng ta lại trở về với những ngày bình thường thôi! 💪🏻❤️

#TayMo #HaNoi #NgapLut2026 #CapNhatTayMo #MongMoiNguoiBinhAn",(20+) Video,2026-09-17T11:28:23.000Z,2026-09-17T11:28:23+00:00,Nc chưa rút à e,top_level,,2264954940957378,0,"Thứ Năm, 17 Tháng 9, 2026 lúc 19:58",2026-09-17T19:58:00+07:00,0,5998bd265f5605d42a870f1d481f670fe15c0add,,0,0,facebook_20260925_0325,baseline_20260925_032543,2026-09-25T10:55:35.328841+07:00
facebook_c_2560658207774393,facebook,https://www.facebook.com/watch?v=2153749572192454,2153749572192454,"Hy vọng đây sẽ là lần cập nhật cuối cùng trong chuỗi cập nhật ngập lụt lần 1 năm 2026 tại Tây Mỗ nhà em ạ! 🙏🏻
Ngày hôm nay đúng là một phen “thử thách” với bà con khu vực mình 😅 Nước lên, đường ngập, việc đi lại và sinh hoạt của mọi người đều bị ảnh hưởng.

Mong rằng từ giờ nước sẽ rút hẳn, trời thương cho Hà Nội những ngày bình yên, Tây Mỗ nhà em không phải cập nhật thêm lần nào nữa. 🙏🏻❤️
Hết ngập rồi thì chúng ta lại trở về với những ngày bình thường thôi! 💪🏻❤️

#TayMo #HaNoi #NgapLut2026 #CapNhatTayMo #MongMoiNguoiBinhAn",(20+) Video,2026-09-17T11:28:23.000Z,2026-09-17T11:28:23+00:00,Sang Eco trú đê,top_level,,2560658207774393,0,"Thứ Năm, 17 Tháng 9, 2026 lúc 18:38",2026-09-17T18:38:00+07:00,0,4e4bc827fed83fa1aab21439fcebb2ae4251223a,,0,0,facebook_20260925_0325,baseline_20260925_032543,2026-09-25T10:55:35.326796+07:00
facebook_c_1014671128313379,facebook,https://www.facebook.com/watch?v=2153749572192454,2153749572192454,"Hy vọng đây sẽ là lần cập nhật cuối cùng trong chuỗi cập nhật ngập lụt lần 1 năm 2026 tại Tây Mỗ nhà em ạ! 🙏🏻
Ngày hôm nay đúng là một phen “thử thách” với bà con khu vực mình 😅 Nước lên, đường ngập, việc đi lại và sinh hoạt của mọi người đều bị ảnh hưởng.

Mong rằng từ giờ nước sẽ rút hẳn, trời thương cho Hà Nội những ngày bình yên, Tây Mỗ nhà em không phải cập nhật thêm lần nào nữa. 🙏🏻❤️
Hết ngập rồi thì chúng ta lại trở về với những ngày bình thường thôi! 💪🏻❤️

#TayMo #HaNoi #NgapLut2026 #CapNhatTayMo #MongMoiNguoiBinhAn",(20+) Video,2026-09-17T11:28:23.000Z,2026-09-17T11:28:23+00:00,Thanh Tâm Yoga em sang nhá,reply,2560658207774393,2560658207774393,1,"Thứ Năm, 17 Tháng 9, 2026 lúc 18:39",2026-09-17T18:39:00+07:00,0,,,0,0,facebook_20260925_0325,baseline_20260925_032543,2026-09-25T10:55:35.330859+07:00
facebook_c_2828261427543881,facebook,https://www.facebook.com/watch?v=2153749572192454,2153749572192454,"Hy vọng đây sẽ là lần cập nhật cuối cùng trong chuỗi cập nhật ngập lụt lần 1 năm 2026 tại Tây Mỗ nhà em ạ! 🙏🏻
Ngày hôm nay đúng là một phen “thử thách” với bà con khu vực mình 😅 Nước lên, đường ngập, việc đi lại và sinh hoạt của mọi người đều bị ảnh hưởng.

Mong rằng từ giờ nước sẽ rút hẳn, trời thương cho Hà Nội những ngày bình yên, Tây Mỗ nhà em không phải cập nhật thêm lần nào nữa. 🙏🏻❤️
Hết ngập rồi thì chúng ta lại trở về với những ngày bình thường thôi! 💪🏻❤️

#TayMo #HaNoi #NgapLut2026 #CapNhatTayMo #MongMoiNguoiBinhAn",(20+) Video,2026-09-17T11:28:23.000Z,2026-09-17T11:28:23+00:00,Truóc kia là thị lội giò là hà lội,top_level,,2828261427543881,0,"Thứ Năm, 17 Tháng 9, 2026 lúc 19:43",2026-09-17T19:43:00+07:00,0,ea634146176ab41addfb7fd3b863f23a2c3a58c2,,0,0,facebook_20260925_0325,baseline_20260925_032543,2026-09-25T10:55:35.319342+07:00
facebook_c_3144441795763640,facebook,https://www.facebook.com/watch?v=2153749572192454,2153749572192454,"Hy vọng đây sẽ là lần cập nhật cuối cùng trong chuỗi cập nhật ngập lụt lần 1 năm 2026 tại Tây Mỗ nhà em ạ! 🙏🏻
Ngày hôm nay đúng là một phen “thử thách” với bà con khu vực mình 😅 Nước lên, đường ngập, việc đi lại và sinh hoạt của mọi người đều bị ảnh hưởng.

Mong rằng từ giờ nước sẽ rút hẳn, trời thương cho Hà Nội những ngày bình yên, Tây Mỗ nhà em không phải cập nhật thêm lần nào nữa. 🙏🏻❤️
Hết ngập rồi thì chúng ta lại trở về với những ngày bình thường thôi! 💪🏻❤️

#TayMo #HaNoi #NgapLut2026 #CapNhatTayMo #MongMoiNguoiBinhAn",(20+) Video,2026-09-17T11:28:23.000Z,2026-09-17T11:28:23+00:00,chỗ nhà mình ngập hết à Lan,top_level,,3144441795763640,0,"Thứ Năm, 17 Tháng 9, 2026 lúc 21:44",2026-09-17T21:44:00+07:00,0,aaef8d3750517fcd09dc602c64d168916c99c3b0,"flood_state,hanoi_location",0,0,facebook_20260925_0325,baseline_20260925_032543,2026-09-25T10:55:35.323451+07:00
facebook_c_4752091285080204,facebook,https://www.facebook.com/watch?v=2153749572192454,2153749572192454,"Hy vọng đây sẽ là lần cập nhật cuối cùng trong chuỗi cập nhật ngập lụt lần 1 năm 2026 tại Tây Mỗ nhà em ạ! 🙏🏻
Ngày hôm nay đúng là một phen “thử thách” với bà con khu vực mình 😅 Nước lên, đường ngập, việc đi lại và sinh hoạt của mọi người đều bị ảnh hưởng.

Mong rằng từ giờ nước sẽ rút hẳn, trời thương cho Hà Nội những ngày bình yên, Tây Mỗ nhà em không phải cập nhật thêm lần nào nữa. 🙏🏻❤️
Hết ngập rồi thì chúng ta lại trở về với những ngày bình thường thôi! 💪🏻❤️

#TayMo #HaNoi #NgapLut2026 #CapNhatTayMo #MongMoiNguoiBinhAn",(20+) Video,2026-09-17T11:28:23.000Z,2026-09-17T11:28:23+00:00,May em ở đoạn trên tí  ngách 25 nên ko ngập tới hehe,top_level,,4752091285080204,0,"Thứ Sáu, 18 Tháng 9, 2026 lúc 17:50",2026-09-18T17:50:00+07:00,0,02c26e7aad957e97a412a0972fc14246aa05e99d,"flood_state,hanoi_location",0,0,facebook_20260925_0325,baseline_20260925_032543,2026-09-25T10:55:35.322446+07:00
facebook_c_919918721192380,facebook,https://www.facebook.com/watch?v=2153749572192454,2153749572192454,"Hy vọng đây sẽ là lần cập nhật cuối cùng trong chuỗi cập nhật ngập lụt lần 1 năm 2026 tại Tây Mỗ nhà em ạ! 🙏🏻
Ngày hôm nay đúng là một phen “thử thách” với bà con khu vực mình 😅 Nước lên, đường ngập, việc đi lại và sinh hoạt của mọi người đều bị ảnh hưởng.

Mong rằng từ giờ nước sẽ rút hẳn, trời thương cho Hà Nội những ngày bình yên, Tây Mỗ nhà em không phải cập nhật thêm lần nào nữa. 🙏🏻❤️
Hết ngập rồi thì chúng ta lại trở về với những ngày bình thường thôi! 💪🏻❤️

#TayMo #HaNoi #NgapLut2026 #CapNhatTayMo #MongMoiNguoiBinhAn",(20+) Video,2026-09-17T11:28:23.000Z,2026-09-17T11:28:23+00:00,Nay hết ngập chưa bác,top_level,,919918721192380,0,"Thứ bảy, 19 Tháng 9, 2026 lúc 09:19",2026-09-19T09:19:00+07:00,0,114629d88e2ceb5e6f33641780b39076e1896437,flood_state,0,0,facebook_20260925_0325,baseline_20260925_032543,2026-09-25T10:55:35.326796+07:00
facebook_c_1605430311326843,facebook,https://www.facebook.com/watch?v=2153749572192454,2153749572192454,"Hy vọng đây sẽ là lần cập nhật cuối cùng trong chuỗi cập nhật ngập lụt lần 1 năm 2026 tại Tây Mỗ nhà em ạ! 🙏🏻
Ngày hôm nay đúng là một phen “thử thách” với bà con khu vực mình 😅 Nước lên, đường ngập, việc đi lại và sinh hoạt của mọi người đều bị ảnh hưởng.

Mong rằng từ giờ nước sẽ rút hẳn, trời thương cho Hà Nội những ngày bình yên, Tây Mỗ nhà em không phải cập nhật thêm lần nào nữa. 🙏🏻❤️
Hết ngập rồi thì chúng ta lại trở về với những ngày bình thường thôi! 💪🏻❤️

#TayMo #HaNoi #NgapLut2026 #CapNhatTayMo #MongMoiNguoiBinhAn",(20+) Video,2026-09-17T11:28:23.000Z,2026-09-17T11:28:23+00:00,Trang Trần dạ khô ráo từ hôm qua rồi c ah,reply,919918721192380,919918721192380,1,"Thứ bảy, 19 Tháng 9, 2026 lúc 13:54",2026-09-19T13:54:00+07:00,0,,hanoi_location,0,0,facebook_20260925_0325,baseline_20260925_032543,2026-09-25T10:55:35.330859+07:00
facebook_c_929992320186058,facebook,https://www.facebook.com/watch?v=2153749572192454,2153749572192454,"Hy vọng đây sẽ là lần cập nhật cuối cùng trong chuỗi cập nhật ngập lụt lần 1 năm 2026 tại Tây Mỗ nhà em ạ! 🙏🏻
Ngày hôm nay đúng là một phen “thử thách” với bà con khu vực mình 😅 Nước lên, đường ngập, việc đi lại và sinh hoạt của mọi người đều bị ảnh hưởng.

Mong rằng từ giờ nước sẽ rút hẳn, trời thương cho Hà Nội những ngày bình yên, Tây Mỗ nhà em không phải cập nhật thêm lần nào nữa. 🙏🏻❤️
Hết ngập rồi thì chúng ta lại trở về với những ngày bình thường thôi! 💪🏻❤️

#TayMo #HaNoi #NgapLut2026 #CapNhatTayMo #MongMoiNguoiBinhAn",(20+) Video,2026-09-17T11:28:23.000Z,2026-09-17T11:28:23+00:00,Thập niên 80 của Thế kỷ 20 khi mưa ngập đường 70 thì xóm dưới nước đến mái nhà.,top_level,,929992320186058,0,"Thứ Sáu, 18 Tháng 9, 2026 lúc 18:00",2026-09-18T18:00:00+07:00,0,ab034c827a9b15dba4a6d31cddda37d719dd2798,"flood_state,hanoi_location",0,0,facebook_20260925_0325,baseline_20260925_032543,2026-09-25T10:55:35.328841+07:00
facebook_c_1039713962010671,facebook,https://www.facebook.com/watch?v=2168799127402219,2168799127402219,"😰😰😰Chuẩn bị vào năm học tuyến đường qua nhà em  là Đường428 A tại khu vực thôn Dương Khê Xã Vân Đình  Thành phố Hà Nội rất đông từ lúc đường senco thông.Toàn xe to chở vật liệu đi qua đường nhiều lúc gây tắc đoạn nhà em là đường vừa bé vừa xấu.Mưa liên tục làm đường xuống cấp gây mất an toàn nghiêm trọng cho người dân tham gia giao thông.Đặc biệt chuẩn bị đón năm học mới lượng các em học sinh đi lại rất nhiều gây nghuy hiểm cho các em và ổ gà rất nhiều ảnh hưởng đến việc đi lại của người dân, đặc biệt là những hôm trời mưa to nước ngập hết, người đi lại không nhìn thấy ổ gà để tránh, rất nhiều xe máy  xe đạp bị ngã tại khu vực này Trong mấy ngày mưa hôm nay.
Sau vài trận mưa những chỗ nay xe tải to đi qua là thành 1 cái hố to hơn nước băn tung toé. Kính đề nghị cơ quan chức năng kiểm tra, yêu câu đơn vị thi công sớm sửa chữa, hoàn trả mặt đường đế đảm bảo an toàn cho người dân.Mà trường học cấp 1 cấp 2 cách 1 đoạn thấy nguy hiểm quá.Cả nhà cho em 1 lượt chia se để các cấp biết được sửa chữa nâng cấp mọi người đi cho an toàn.🥲🥲🥲🥲",(20+) Video,2026-08-22T17:22:58.000Z,2026-08-22T17:22:58+00:00,"có tinh thần trách nhiệm ,  (biểu dương)",top_level,,1039713962010671,0,"Chủ Nhật, 23 Tháng 8, 2026 lúc 09:33",2026-08-23T09:33:00+07:00,0,8aef5841e5f01c8e88ab4fd8b98dd3541f096cd8,hanoi_location,0,0,facebook_20260925_0325,baseline_20260925_032543,2026-09-25T11:21:59.743266+07:00
facebook_c_1081767091204043,facebook,https://www.facebook.com/watch?v=2168799127402219,2168799127402219,"😰😰😰Chuẩn bị vào năm học tuyến đường qua nhà em  là Đường428 A tại khu vực thôn Dương Khê Xã Vân Đình  Thành phố Hà Nội rất đông từ lúc đường senco thông.Toàn xe to chở vật liệu đi qua đường nhiều lúc gây tắc đoạn nhà em là đường vừa bé vừa xấu.Mưa liên tục làm đường xuống cấp gây mất an toàn nghiêm trọng cho người dân tham gia giao thông.Đặc biệt chuẩn bị đón năm học mới lượng các em học sinh đi lại rất nhiều gây nghuy hiểm cho các em và ổ gà rất nhiều ảnh hưởng đến việc đi lại của người dân, đặc biệt là những hôm trời mưa to nước ngập hết, người đi lại không nhìn thấy ổ gà để tránh, rất nhiều xe máy  xe đạp bị ngã tại khu vực này Trong mấy ngày mưa hôm nay.
Sau vài trận mưa những chỗ nay xe tải to đi qua là thành 1 cái hố to hơn nước băn tung toé. Kính đề nghị cơ quan chức năng kiểm tra, yêu câu đơn vị thi công sớm sửa chữa, hoàn trả mặt đường đế đảm bảo an toàn cho người dân.Mà trường học cấp 1 cấp 2 cách 1 đoạn thấy nguy hiểm quá.Cả nhà cho em 1 lượt chia se để các cấp biết được sửa chữa nâng cấp mọi người đi cho an toàn.🥲🥲🥲🥲",(20+) Video,2026-08-22T17:22:58.000Z,2026-08-22T17:22:58+00:00,"Rất mong các cấp có thẩm quyền xem xét, có kế hoạch sửa chữa và nâng cấp đoạn đường này cho người dân và học sinh đỡ khổ .",top_level,,1081767091204043,0,"Chủ Nhật, 23 Tháng 8, 2026 lúc 04:08",2026-08-23T04:08:00+07:00,0,20a2896f5d2f65a73c46ab1b5a63c8d165d1023b,"flood_state,hanoi_location",0,0,facebook_20260925_0325,baseline_20260925_032543,2026-09-25T11:21:59.742267+07:00
facebook_c_1096090366107262,facebook,https://www.facebook.com/watch?v=2168799127402219,2168799127402219,"😰😰😰Chuẩn bị vào năm học tuyến đường qua nhà em  là Đường428 A tại khu vực thôn Dương Khê Xã Vân Đình  Thành phố Hà Nội rất đông từ lúc đường senco thông.Toàn xe to chở vật liệu đi qua đường nhiều lúc gây tắc đoạn nhà em là đường vừa bé vừa xấu.Mưa liên tục làm đường xuống cấp gây mất an toàn nghiêm trọng cho người dân tham gia giao thông.Đặc biệt chuẩn bị đón năm học mới lượng các em học sinh đi lại rất nhiều gây nghuy hiểm cho các em và ổ gà rất nhiều ảnh hưởng đến việc đi lại của người dân, đặc biệt là những hôm trời mưa to nước ngập hết, người đi lại không nhìn thấy ổ gà để tránh, rất nhiều xe máy  xe đạp bị ngã tại khu vực này Trong mấy ngày mưa hôm nay.
Sau vài trận mưa những chỗ nay xe tải to đi qua là thành 1 cái hố to hơn nước băn tung toé. Kính đề nghị cơ quan chức năng kiểm tra, yêu câu đơn vị thi công sớm sửa chữa, hoàn trả mặt đường đế đảm bảo an toàn cho người dân.Mà trường học cấp 1 cấp 2 cách 1 đoạn thấy nguy hiểm quá.Cả nhà cho em 1 lượt chia se để các cấp biết được sửa chữa nâng cấp mọi người đi cho an toàn.🥲🥲🥲🥲",(20+) Video,2026-08-22T17:22:58.000Z,2026-08-22T17:22:58+00:00,khéo h trước t đi qua nhà m ấy,top_level,,1096090366107262,0,"Chủ Nhật, 23 Tháng 8, 2026 lúc 17:34",2026-08-23T17:34:00+07:00,0,2cb4bbd5524abfe2b1ad3bb9aa1931e52ab2f304,transport_impact,0,0,facebook_20260925_0325,baseline_20260925_032543,2026-09-25T11:21:59.744267+07:00
facebook_c_1138654695511695,facebook,https://www.facebook.com/watch?v=2168799127402219,2168799127402219,"😰😰😰Chuẩn bị vào năm học tuyến đường qua nhà em  là Đường428 A tại khu vực thôn Dương Khê Xã Vân Đình  Thành phố Hà Nội rất đông từ lúc đường senco thông.Toàn xe to chở vật liệu đi qua đường nhiều lúc gây tắc đoạn nhà em là đường vừa bé vừa xấu.Mưa liên tục làm đường xuống cấp gây mất an toàn nghiêm trọng cho người dân tham gia giao thông.Đặc biệt chuẩn bị đón năm học mới lượng các em học sinh đi lại rất nhiều gây nghuy hiểm cho các em và ổ gà rất nhiều ảnh hưởng đến việc đi lại của người dân, đặc biệt là những hôm trời mưa to nước ngập hết, người đi lại không nhìn thấy ổ gà để tránh, rất nhiều xe máy  xe đạp bị ngã tại khu vực này Trong mấy ngày mưa hôm nay.
Sau vài trận mưa những chỗ nay xe tải to đi qua là thành 1 cái hố to hơn nước băn tung toé. Kính đề nghị cơ quan chức năng kiểm tra, yêu câu đơn vị thi công sớm sửa chữa, hoàn trả mặt đường đế đảm bảo an toàn cho người dân.Mà trường học cấp 1 cấp 2 cách 1 đoạn thấy nguy hiểm quá.Cả nhà cho em 1 lượt chia se để các cấp biết được sửa chữa nâng cấp mọi người đi cho an toàn.🥲🥲🥲🥲",(20+) Video,2026-08-22T17:22:58.000Z,2026-08-22T17:22:58+00:00,Vu Thi Quynh Anh nhà tao đường từ vân đinh xuong ra câu rẽ mặt đuong luôn,reply,1096090366107262,1096090366107262,1,"Chủ Nhật, 23 Tháng 8, 2026 lúc 18:10",2026-08-23T18:10:00+07:00,0,,hanoi_location,0,0,facebook_20260925_0325,baseline_20260925_032543,2026-09-25T11:21:59.749300+07:00
facebook_c_1529506888493123,facebook,https://www.facebook.com/watch?v=2168799127402219,2168799127402219,"😰😰😰Chuẩn bị vào năm học tuyến đường qua nhà em  là Đường428 A tại khu vực thôn Dương Khê Xã Vân Đình  Thành phố Hà Nội rất đông từ lúc đường senco thông.Toàn xe to chở vật liệu đi qua đường nhiều lúc gây tắc đoạn nhà em là đường vừa bé vừa xấu.Mưa liên tục làm đường xuống cấp gây mất an toàn nghiêm trọng cho người dân tham gia giao thông.Đặc biệt chuẩn bị đón năm học mới lượng các em học sinh đi lại rất nhiều gây nghuy hiểm cho các em và ổ gà rất nhiều ảnh hưởng đến việc đi lại của người dân, đặc biệt là những hôm trời mưa to nước ngập hết, người đi lại không nhìn thấy ổ gà để tránh, rất nhiều xe máy  xe đạp bị ngã tại khu vực này Trong mấy ngày mưa hôm nay.
Sau vài trận mưa những chỗ nay xe tải to đi qua là thành 1 cái hố to hơn nước băn tung toé. Kính đề nghị cơ quan chức năng kiểm tra, yêu câu đơn vị thi công sớm sửa chữa, hoàn trả mặt đường đế đảm bảo an toàn cho người dân.Mà trường học cấp 1 cấp 2 cách 1 đoạn thấy nguy hiểm quá.Cả nhà cho em 1 lượt chia se để các cấp biết được sửa chữa nâng cấp mọi người đi cho an toàn.🥲🥲🥲🥲",(20+) Video,2026-08-22T17:22:58.000Z,2026-08-22T17:22:58+00:00,vậy à v mới đi qua đó,reply,1096090366107262,1096090366107262,1,"Chủ Nhật, 23 Tháng 8, 2026 lúc 18:11",2026-08-23T18:11:00+07:00,0,,transport_impact,0,0,facebook_20260925_0325,baseline_20260925_032543,2026-09-25T11:21:59.750298+07:00
facebook_c_1575949160642766,facebook,https://www.facebook.com/watch?v=2168799127402219,2168799127402219,"😰😰😰Chuẩn bị vào năm học tuyến đường qua nhà em  là Đường428 A tại khu vực thôn Dương Khê Xã Vân Đình  Thành phố Hà Nội rất đông từ lúc đường senco thông.Toàn xe to chở vật liệu đi qua đường nhiều lúc gây tắc đoạn nhà em là đường vừa bé vừa xấu.Mưa liên tục làm đường xuống cấp gây mất an toàn nghiêm trọng cho người dân tham gia giao thông.Đặc biệt chuẩn bị đón năm học mới lượng các em học sinh đi lại rất nhiều gây nghuy hiểm cho các em và ổ gà rất nhiều ảnh hưởng đến việc đi lại của người dân, đặc biệt là những hôm trời mưa to nước ngập hết, người đi lại không nhìn thấy ổ gà để tránh, rất nhiều xe máy  xe đạp bị ngã tại khu vực này Trong mấy ngày mưa hôm nay.
Sau vài trận mưa những chỗ nay xe tải to đi qua là thành 1 cái hố to hơn nước băn tung toé. Kính đề nghị cơ quan chức năng kiểm tra, yêu câu đơn vị thi công sớm sửa chữa, hoàn trả mặt đường đế đảm bảo an toàn cho người dân.Mà trường học cấp 1 cấp 2 cách 1 đoạn thấy nguy hiểm quá.Cả nhà cho em 1 lượt chia se để các cấp biết được sửa chữa nâng cấp mọi người đi cho an toàn.🥲🥲🥲🥲",(20+) Video,2026-08-22T17:22:58.000Z,2026-08-22T17:22:58+00:00,Vu Thi Quynh Anh bjo qua vào tao choi nha,reply,1096090366107262,1096090366107262,1,"Chủ Nhật, 23 Tháng 8, 2026 lúc 18:18",2026-08-23T18:18:00+07:00,0,,,0,0,facebook_20260925_0325,baseline_20260925_032543,2026-09-25T11:21:59.751300+07:00
facebook_c_1348933987228660,facebook,https://www.facebook.com/watch?v=2168799127402219,2168799127402219,"😰😰😰Chuẩn bị vào năm học tuyến đường qua nhà em  là Đường428 A tại khu vực thôn Dương Khê Xã Vân Đình  Thành phố Hà Nội rất đông từ lúc đường senco thông.Toàn xe to chở vật liệu đi qua đường nhiều lúc gây tắc đoạn nhà em là đường vừa bé vừa xấu.Mưa liên tục làm đường xuống cấp gây mất an toàn nghiêm trọng cho người dân tham gia giao thông.Đặc biệt chuẩn bị đón năm học mới lượng các em học sinh đi lại rất nhiều gây nghuy hiểm cho các em và ổ gà rất nhiều ảnh hưởng đến việc đi lại của người dân, đặc biệt là những hôm trời mưa to nước ngập hết, người đi lại không nhìn thấy ổ gà để tránh, rất nhiều xe máy  xe đạp bị ngã tại khu vực này Trong mấy ngày mưa hôm nay.
Sau vài trận mưa những chỗ nay xe tải to đi qua là thành 1 cái hố to hơn nước băn tung toé. Kính đề nghị cơ quan chức năng kiểm tra, yêu câu đơn vị thi công sớm sửa chữa, hoàn trả mặt đường đế đảm bảo an toàn cho người dân.Mà trường học cấp 1 cấp 2 cách 1 đoạn thấy nguy hiểm quá.Cả nhà cho em 1 lượt chia se để các cấp biết được sửa chữa nâng cấp mọi người đi cho an toàn.🥲🥲🥲🥲",(20+) Video,2026-08-22T17:22:58.000Z,2026-08-22T17:22:58+00:00,Phạm Thị Nhàn uh,reply,1096090366107262,1096090366107262,1,"Chủ Nhật, 23 Tháng 8, 2026 lúc 18:24",2026-08-23T18:24:00+07:00,0,,hanoi_location,0,0,facebook_20260925_0325,baseline_20260925_032543,2026-09-25T11:21:59.751300+07:00
facebook_c_1541070950435876,facebook,https://www.facebook.com/watch?v=2168799127402219,2168799127402219,"😰😰😰Chuẩn bị vào năm học tuyến đường qua nhà em  là Đường428 A tại khu vực thôn Dương Khê Xã Vân Đình  Thành phố Hà Nội rất đông từ lúc đường senco thông.Toàn xe to chở vật liệu đi qua đường nhiều lúc gây tắc đoạn nhà em là đường vừa bé vừa xấu.Mưa liên tục làm đường xuống cấp gây mất an toàn nghiêm trọng cho người dân tham gia giao thông.Đặc biệt chuẩn bị đón năm học mới lượng các em học sinh đi lại rất nhiều gây nghuy hiểm cho các em và ổ gà rất nhiều ảnh hưởng đến việc đi lại của người dân, đặc biệt là những hôm trời mưa to nước ngập hết, người đi lại không nhìn thấy ổ gà để tránh, rất nhiều xe máy  xe đạp bị ngã tại khu vực này Trong mấy ngày mưa hôm nay.
Sau vài trận mưa những chỗ nay xe tải to đi qua là thành 1 cái hố to hơn nước băn tung toé. Kính đề nghị cơ quan chức năng kiểm tra, yêu câu đơn vị thi công sớm sửa chữa, hoàn trả mặt đường đế đảm bảo an toàn cho người dân.Mà trường học cấp 1 cấp 2 cách 1 đoạn thấy nguy hiểm quá.Cả nhà cho em 1 lượt chia se để các cấp biết được sửa chữa nâng cấp mọi người đi cho an toàn.🥲🥲🥲🥲",(20+) Video,2026-08-22T17:22:58.000Z,2026-08-22T17:22:58+00:00,"Cán bộ chúng nó cũng đi qua đường này mỗi ngày mà không, biết đường ý kiến lên cấp xã để kịp thời sửa chữa....",top_level,,1541070950435876,0,"Chủ Nhật, 23 Tháng 8, 2026 lúc 00:33",2026-08-23T00:33:00+07:00,0,75aa1712ca09bbf90a996179e550c8ba7783a8d5,"transport_impact,hanoi_location",0,0,facebook_20260925_0325,baseline_20260925_032543,2026-09-25T11:21:59.740268+07:00
facebook_c_1678062976620869,facebook,https://www.facebook.com/watch?v=2168799127402219,2168799127402219,"😰😰😰Chuẩn bị vào năm học tuyến đường qua nhà em  là Đường428 A tại khu vực thôn Dương Khê Xã Vân Đình  Thành phố Hà Nội rất đông từ lúc đường senco thông.Toàn xe to chở vật liệu đi qua đường nhiều lúc gây tắc đoạn nhà em là đường vừa bé vừa xấu.Mưa liên tục làm đường xuống cấp gây mất an toàn nghiêm trọng cho người dân tham gia giao thông.Đặc biệt chuẩn bị đón năm học mới lượng các em học sinh đi lại rất nhiều gây nghuy hiểm cho các em và ổ gà rất nhiều ảnh hưởng đến việc đi lại của người dân, đặc biệt là những hôm trời mưa to nước ngập hết, người đi lại không nhìn thấy ổ gà để tránh, rất nhiều xe máy  xe đạp bị ngã tại khu vực này Trong mấy ngày mưa hôm nay.
Sau vài trận mưa những chỗ nay xe tải to đi qua là thành 1 cái hố to hơn nước băn tung toé. Kính đề nghị cơ quan chức năng kiểm tra, yêu câu đơn vị thi công sớm sửa chữa, hoàn trả mặt đường đế đảm bảo an toàn cho người dân.Mà trường học cấp 1 cấp 2 cách 1 đoạn thấy nguy hiểm quá.Cả nhà cho em 1 lượt chia se để các cấp biết được sửa chữa nâng cấp mọi người đi cho an toàn.🥲🥲🥲🥲",(20+) Video,2026-08-22T17:22:58.000Z,2026-08-22T17:22:58+00:00,Trung Nguyễn Chiến giờ hiện đại r a. Cứ Ihanoi mà phang.,reply,1541070950435876,1541070950435876,1,"Chủ Nhật, 23 Tháng 8, 2026 lúc 00:58",2026-08-23T00:58:00+07:00,0,,hanoi_location,0,0,facebook_20260925_0325,baseline_20260925_032543,2026-09-25T11:21:59.746268+07:00
facebook_c_1607880177637886,facebook,https://www.facebook.com/watch?v=2168799127402219,2168799127402219,"😰😰😰Chuẩn bị vào năm học tuyến đường qua nhà em  là Đường428 A tại khu vực thôn Dương Khê Xã Vân Đình  Thành phố Hà Nội rất đông từ lúc đường senco thông.Toàn xe to chở vật liệu đi qua đường nhiều lúc gây tắc đoạn nhà em là đường vừa bé vừa xấu.Mưa liên tục làm đường xuống cấp gây mất an toàn nghiêm trọng cho người dân tham gia giao thông.Đặc biệt chuẩn bị đón năm học mới lượng các em học sinh đi lại rất nhiều gây nghuy hiểm cho các em và ổ gà rất nhiều ảnh hưởng đến việc đi lại của người dân, đặc biệt là những hôm trời mưa to nước ngập hết, người đi lại không nhìn thấy ổ gà để tránh, rất nhiều xe máy  xe đạp bị ngã tại khu vực này Trong mấy ngày mưa hôm nay.
Sau vài trận mưa những chỗ nay xe tải to đi qua là thành 1 cái hố to hơn nước băn tung toé. Kính đề nghị cơ quan chức năng kiểm tra, yêu câu đơn vị thi công sớm sửa chữa, hoàn trả mặt đường đế đảm bảo an toàn cho người dân.Mà trường học cấp 1 cấp 2 cách 1 đoạn thấy nguy hiểm quá.Cả nhà cho em 1 lượt chia se để các cấp biết được sửa chữa nâng cấp mọi người đi cho an toàn.🥲🥲🥲🥲",(20+) Video,2026-08-22T17:22:58.000Z,2026-08-22T17:22:58+00:00,Có 1 đoạn chỗ ấy xấu thật c ạ,top_level,,1607880177637886,0,"Chủ Nhật, 23 Tháng 8, 2026 lúc 05:24",2026-08-23T05:24:00+07:00,0,5fe2e6085748fc9eab903dafbc43aec25df6c232,hanoi_location,0,0,facebook_20260925_0325,baseline_20260925_032543,2026-09-25T11:21:59.740268+07:00
facebook_c_1458635836321746,facebook,https://www.facebook.com/watch?v=2168799127402219,2168799127402219,"😰😰😰Chuẩn bị vào năm học tuyến đường qua nhà em  là Đường428 A tại khu vực thôn Dương Khê Xã Vân Đình  Thành phố Hà Nội rất đông từ lúc đường senco thông.Toàn xe to chở vật liệu đi qua đường nhiều lúc gây tắc đoạn nhà em là đường vừa bé vừa xấu.Mưa liên tục làm đường xuống cấp gây mất an toàn nghiêm trọng cho người dân tham gia giao thông.Đặc biệt chuẩn bị đón năm học mới lượng các em học sinh đi lại rất nhiều gây nghuy hiểm cho các em và ổ gà rất nhiều ảnh hưởng đến việc đi lại của người dân, đặc biệt là những hôm trời mưa to nước ngập hết, người đi lại không nhìn thấy ổ gà để tránh, rất nhiều xe máy  xe đạp bị ngã tại khu vực này Trong mấy ngày mưa hôm nay.
Sau vài trận mưa những chỗ nay xe tải to đi qua là thành 1 cái hố to hơn nước băn tung toé. Kính đề nghị cơ quan chức năng kiểm tra, yêu câu đơn vị thi công sớm sửa chữa, hoàn trả mặt đường đế đảm bảo an toàn cho người dân.Mà trường học cấp 1 cấp 2 cách 1 đoạn thấy nguy hiểm quá.Cả nhà cho em 1 lượt chia se để các cấp biết được sửa chữa nâng cấp mọi người đi cho an toàn.🥲🥲🥲🥲",(20+) Video,2026-08-22T17:22:58.000Z,2026-08-22T17:22:58+00:00,Đặng Chung đang ngủ xong huỳnh 1 cái ko ngủ nổi luôn,reply,1607880177637886,1607880177637886,1,"Chủ Nhật, 23 Tháng 8, 2026 lúc 06:17",2026-08-23T06:17:00+07:00,0,,hanoi_location,0,0,facebook_20260925_0325,baseline_20260925_032543,2026-09-25T11:21:59.747278+07:00
facebook_c_1637406951129923,facebook,https://www.facebook.com/watch?v=2168799127402219,2168799127402219,"😰😰😰Chuẩn bị vào năm học tuyến đường qua nhà em  là Đường428 A tại khu vực thôn Dương Khê Xã Vân Đình  Thành phố Hà Nội rất đông từ lúc đường senco thông.Toàn xe to chở vật liệu đi qua đường nhiều lúc gây tắc đoạn nhà em là đường vừa bé vừa xấu.Mưa liên tục làm đường xuống cấp gây mất an toàn nghiêm trọng cho người dân tham gia giao thông.Đặc biệt chuẩn bị đón năm học mới lượng các em học sinh đi lại rất nhiều gây nghuy hiểm cho các em và ổ gà rất nhiều ảnh hưởng đến việc đi lại của người dân, đặc biệt là những hôm trời mưa to nước ngập hết, người đi lại không nhìn thấy ổ gà để tránh, rất nhiều xe máy  xe đạp bị ngã tại khu vực này Trong mấy ngày mưa hôm nay.
Sau vài trận mưa những chỗ nay xe tải to đi qua là thành 1 cái hố to hơn nước băn tung toé. Kính đề nghị cơ quan chức năng kiểm tra, yêu câu đơn vị thi công sớm sửa chữa, hoàn trả mặt đường đế đảm bảo an toàn cho người dân.Mà trường học cấp 1 cấp 2 cách 1 đoạn thấy nguy hiểm quá.Cả nhà cho em 1 lượt chia se để các cấp biết được sửa chữa nâng cấp mọi người đi cho an toàn.🥲🥲🥲🥲",(20+) Video,2026-08-22T17:22:58.000Z,2026-08-22T17:22:58+00:00,"Bao vụ ngã ổ gà rồi, kb bao giờ mới làm đg",top_level,,1637406951129923,0,"Chủ Nhật, 23 Tháng 8, 2026 lúc 01:13",2026-08-23T01:13:00+07:00,0,1e266a43d6fbab7871195d69654d4c9fd910c2d7,,0,0,facebook_20260925_0325,baseline_20260925_032543,2026-09-25T11:21:59.738262+07:00
facebook_c_28149606651398920,facebook,https://www.facebook.com/watch?v=2168799127402219,2168799127402219,"😰😰😰Chuẩn bị vào năm học tuyến đường qua nhà em  là Đường428 A tại khu vực thôn Dương Khê Xã Vân Đình  Thành phố Hà Nội rất đông từ lúc đường senco thông.Toàn xe to chở vật liệu đi qua đường nhiều lúc gây tắc đoạn nhà em là đường vừa bé vừa xấu.Mưa liên tục làm đường xuống cấp gây mất an toàn nghiêm trọng cho người dân tham gia giao thông.Đặc biệt chuẩn bị đón năm học mới lượng các em học sinh đi lại rất nhiều gây nghuy hiểm cho các em và ổ gà rất nhiều ảnh hưởng đến việc đi lại của người dân, đặc biệt là những hôm trời mưa to nước ngập hết, người đi lại không nhìn thấy ổ gà để tránh, rất nhiều xe máy  xe đạp bị ngã tại khu vực này Trong mấy ngày mưa hôm nay.
Sau vài trận mưa những chỗ nay xe tải to đi qua là thành 1 cái hố to hơn nước băn tung toé. Kính đề nghị cơ quan chức năng kiểm tra, yêu câu đơn vị thi công sớm sửa chữa, hoàn trả mặt đường đế đảm bảo an toàn cho người dân.Mà trường học cấp 1 cấp 2 cách 1 đoạn thấy nguy hiểm quá.Cả nhà cho em 1 lượt chia se để các cấp biết được sửa chữa nâng cấp mọi người đi cho an toàn.🥲🥲🥲🥲",(20+) Video,2026-08-22T17:22:58.000Z,2026-08-22T17:22:58+00:00,Chi Gucci chỗ nhà chị vẫn đẹp hơn nhà em,reply,1637406951129923,1637406951129923,1,"Chủ Nhật, 23 Tháng 8, 2026 lúc 06:17",2026-08-23T06:17:00+07:00,0,,hanoi_location,0,0,facebook_20260925_0325,baseline_20260925_032543,2026-09-25T11:21:59.739256+07:00
facebook_c_946337878476780,facebook,https://www.facebook.com/watch?v=2168799127402219,2168799127402219,"😰😰😰Chuẩn bị vào năm học tuyến đường qua nhà em  là Đường428 A tại khu vực thôn Dương Khê Xã Vân Đình  Thành phố Hà Nội rất đông từ lúc đường senco thông.Toàn xe to chở vật liệu đi qua đường nhiều lúc gây tắc đoạn nhà em là đường vừa bé vừa xấu.Mưa liên tục làm đường xuống cấp gây mất an toàn nghiêm trọng cho người dân tham gia giao thông.Đặc biệt chuẩn bị đón năm học mới lượng các em học sinh đi lại rất nhiều gây nghuy hiểm cho các em và ổ gà rất nhiều ảnh hưởng đến việc đi lại của người dân, đặc biệt là những hôm trời mưa to nước ngập hết, người đi lại không nhìn thấy ổ gà để tránh, rất nhiều xe máy  xe đạp bị ngã tại khu vực này Trong mấy ngày mưa hôm nay.
Sau vài trận mưa những chỗ nay xe tải to đi qua là thành 1 cái hố to hơn nước băn tung toé. Kính đề nghị cơ quan chức năng kiểm tra, yêu câu đơn vị thi công sớm sửa chữa, hoàn trả mặt đường đế đảm bảo an toàn cho người dân.Mà trường học cấp 1 cấp 2 cách 1 đoạn thấy nguy hiểm quá.Cả nhà cho em 1 lượt chia se để các cấp biết được sửa chữa nâng cấp mọi người đi cho an toàn.🥲🥲🥲🥲",(20+) Video,2026-08-22T17:22:58.000Z,2026-08-22T17:22:58+00:00,Phạm Thị Nhàn mấy hnay mưa lại thêm 1 cái hố qua bao ng suýt ngã e ạ,reply,1637406951129923,1637406951129923,1,"Chủ Nhật, 23 Tháng 8, 2026 lúc 15:12",2026-08-23T15:12:00+07:00,0,,hanoi_location,0,0,facebook_20260925_0325,baseline_20260925_032543,2026-09-25T11:21:59.745270+07:00
facebook_c_961204216991063,facebook,https://www.facebook.com/watch?v=2168799127402219,2168799127402219,"😰😰😰Chuẩn bị vào năm học tuyến đường qua nhà em  là Đường428 A tại khu vực thôn Dương Khê Xã Vân Đình  Thành phố Hà Nội rất đông từ lúc đường senco thông.Toàn xe to chở vật liệu đi qua đường nhiều lúc gây tắc đoạn nhà em là đường vừa bé vừa xấu.Mưa liên tục làm đường xuống cấp gây mất an toàn nghiêm trọng cho người dân tham gia giao thông.Đặc biệt chuẩn bị đón năm học mới lượng các em học sinh đi lại rất nhiều gây nghuy hiểm cho các em và ổ gà rất nhiều ảnh hưởng đến việc đi lại của người dân, đặc biệt là những hôm trời mưa to nước ngập hết, người đi lại không nhìn thấy ổ gà để tránh, rất nhiều xe máy  xe đạp bị ngã tại khu vực này Trong mấy ngày mưa hôm nay.
Sau vài trận mưa những chỗ nay xe tải to đi qua là thành 1 cái hố to hơn nước băn tung toé. Kính đề nghị cơ quan chức năng kiểm tra, yêu câu đơn vị thi công sớm sửa chữa, hoàn trả mặt đường đế đảm bảo an toàn cho người dân.Mà trường học cấp 1 cấp 2 cách 1 đoạn thấy nguy hiểm quá.Cả nhà cho em 1 lượt chia se để các cấp biết được sửa chữa nâng cấp mọi người đi cho an toàn.🥲🥲🥲🥲",(20+) Video,2026-08-22T17:22:58.000Z,2026-08-22T17:22:58+00:00,Chi Gucci mội đoạn chị em mình đen,reply,1637406951129923,1637406951129923,1,"Chủ Nhật, 23 Tháng 8, 2026 lúc 15:52",2026-08-23T15:52:00+07:00,0,,hanoi_location,0,0,facebook_20260925_0325,baseline_20260925_032543,2026-09-25T11:21:59.746268+07:00
facebook_c_2155757558336108,facebook,https://www.facebook.com/watch?v=2168799127402219,2168799127402219,"😰😰😰Chuẩn bị vào năm học tuyến đường qua nhà em  là Đường428 A tại khu vực thôn Dương Khê Xã Vân Đình  Thành phố Hà Nội rất đông từ lúc đường senco thông.Toàn xe to chở vật liệu đi qua đường nhiều lúc gây tắc đoạn nhà em là đường vừa bé vừa xấu.Mưa liên tục làm đường xuống cấp gây mất an toàn nghiêm trọng cho người dân tham gia giao thông.Đặc biệt chuẩn bị đón năm học mới lượng các em học sinh đi lại rất nhiều gây nghuy hiểm cho các em và ổ gà rất nhiều ảnh hưởng đến việc đi lại của người dân, đặc biệt là những hôm trời mưa to nước ngập hết, người đi lại không nhìn thấy ổ gà để tránh, rất nhiều xe máy  xe đạp bị ngã tại khu vực này Trong mấy ngày mưa hôm nay.
Sau vài trận mưa những chỗ nay xe tải to đi qua là thành 1 cái hố to hơn nước băn tung toé. Kính đề nghị cơ quan chức năng kiểm tra, yêu câu đơn vị thi công sớm sửa chữa, hoàn trả mặt đường đế đảm bảo an toàn cho người dân.Mà trường học cấp 1 cấp 2 cách 1 đoạn thấy nguy hiểm quá.Cả nhà cho em 1 lượt chia se để các cấp biết được sửa chữa nâng cấp mọi người đi cho an toàn.🥲🥲🥲🥲",(20+) Video,2026-08-22T17:22:58.000Z,2026-08-22T17:22:58+00:00,Ihanoi ý kiến trên đó chị nhé,top_level,,2155757558336108,0,"Chủ Nhật, 23 Tháng 8, 2026 lúc 07:01",2026-08-23T07:01:00+07:00,0,44703c87b969dce231f8dc4ee628828215fe6118,hanoi_location,0,0,facebook_20260925_0325,baseline_20260925_032543,2026-09-25T11:21:59.741266+07:00
facebook_c_1532139748143408,facebook,https://www.facebook.com/watch?v=2168799127402219,2168799127402219,"😰😰😰Chuẩn bị vào năm học tuyến đường qua nhà em  là Đường428 A tại khu vực thôn Dương Khê Xã Vân Đình  Thành phố Hà Nội rất đông từ lúc đường senco thông.Toàn xe to chở vật liệu đi qua đường nhiều lúc gây tắc đoạn nhà em là đường vừa bé vừa xấu.Mưa liên tục làm đường xuống cấp gây mất an toàn nghiêm trọng cho người dân tham gia giao thông.Đặc biệt chuẩn bị đón năm học mới lượng các em học sinh đi lại rất nhiều gây nghuy hiểm cho các em và ổ gà rất nhiều ảnh hưởng đến việc đi lại của người dân, đặc biệt là những hôm trời mưa to nước ngập hết, người đi lại không nhìn thấy ổ gà để tránh, rất nhiều xe máy  xe đạp bị ngã tại khu vực này Trong mấy ngày mưa hôm nay.
Sau vài trận mưa những chỗ nay xe tải to đi qua là thành 1 cái hố to hơn nước băn tung toé. Kính đề nghị cơ quan chức năng kiểm tra, yêu câu đơn vị thi công sớm sửa chữa, hoàn trả mặt đường đế đảm bảo an toàn cho người dân.Mà trường học cấp 1 cấp 2 cách 1 đoạn thấy nguy hiểm quá.Cả nhà cho em 1 lượt chia se để các cấp biết được sửa chữa nâng cấp mọi người đi cho an toàn.🥲🥲🥲🥲",(20+) Video,2026-08-22T17:22:58.000Z,2026-08-22T17:22:58+00:00,Lê Dương ok em,reply,2155757558336108,2155757558336108,1,"Chủ Nhật, 23 Tháng 8, 2026 lúc 07:09",2026-08-23T07:09:00+07:00,0,,,0,0,facebook_20260925_0325,baseline_20260925_032543,2026-09-25T11:21:59.747278+07:00
facebook_c_2843121472737209,facebook,https://www.facebook.com/watch?v=2168799127402219,2168799127402219,"😰😰😰Chuẩn bị vào năm học tuyến đường qua nhà em  là Đường428 A tại khu vực thôn Dương Khê Xã Vân Đình  Thành phố Hà Nội rất đông từ lúc đường senco thông.Toàn xe to chở vật liệu đi qua đường nhiều lúc gây tắc đoạn nhà em là đường vừa bé vừa xấu.Mưa liên tục làm đường xuống cấp gây mất an toàn nghiêm trọng cho người dân tham gia giao thông.Đặc biệt chuẩn bị đón năm học mới lượng các em học sinh đi lại rất nhiều gây nghuy hiểm cho các em và ổ gà rất nhiều ảnh hưởng đến việc đi lại của người dân, đặc biệt là những hôm trời mưa to nước ngập hết, người đi lại không nhìn thấy ổ gà để tránh, rất nhiều xe máy  xe đạp bị ngã tại khu vực này Trong mấy ngày mưa hôm nay.
Sau vài trận mưa những chỗ nay xe tải to đi qua là thành 1 cái hố to hơn nước băn tung toé. Kính đề nghị cơ quan chức năng kiểm tra, yêu câu đơn vị thi công sớm sửa chữa, hoàn trả mặt đường đế đảm bảo an toàn cho người dân.Mà trường học cấp 1 cấp 2 cách 1 đoạn thấy nguy hiểm quá.Cả nhà cho em 1 lượt chia se để các cấp biết được sửa chữa nâng cấp mọi người đi cho an toàn.🥲🥲🥲🥲",(20+) Video,2026-08-22T17:22:58.000Z,2026-08-22T17:22:58+00:00,"Kế hoạch làm đường từ mấy năm nay rồi, chỉ thấy đi đo đường mà đã thấy gì đâu, nhà em cũng mong làm đường cho xong đi để nhà ổn định cuộc sống chứ ở mà thấp thỏm quá.",top_level,,2843121472737209,0,"Chủ Nhật, 23 Tháng 8, 2026 lúc 04:10",2026-08-23T04:10:00+07:00,0,20a2896f5d2f65a73c46ab1b5a63c8d165d1023b,"transport_impact,hanoi_location",0,0,facebook_20260925_0325,baseline_20260925_032543,2026-09-25T11:21:59.743266+07:00
facebook_c_1773520517303722,facebook,https://www.facebook.com/watch?v=2168799127402219,2168799127402219,"😰😰😰Chuẩn bị vào năm học tuyến đường qua nhà em  là Đường428 A tại khu vực thôn Dương Khê Xã Vân Đình  Thành phố Hà Nội rất đông từ lúc đường senco thông.Toàn xe to chở vật liệu đi qua đường nhiều lúc gây tắc đoạn nhà em là đường vừa bé vừa xấu.Mưa liên tục làm đường xuống cấp gây mất an toàn nghiêm trọng cho người dân tham gia giao thông.Đặc biệt chuẩn bị đón năm học mới lượng các em học sinh đi lại rất nhiều gây nghuy hiểm cho các em và ổ gà rất nhiều ảnh hưởng đến việc đi lại của người dân, đặc biệt là những hôm trời mưa to nước ngập hết, người đi lại không nhìn thấy ổ gà để tránh, rất nhiều xe máy  xe đạp bị ngã tại khu vực này Trong mấy ngày mưa hôm nay.
Sau vài trận mưa những chỗ nay xe tải to đi qua là thành 1 cái hố to hơn nước băn tung toé. Kính đề nghị cơ quan chức năng kiểm tra, yêu câu đơn vị thi công sớm sửa chữa, hoàn trả mặt đường đế đảm bảo an toàn cho người dân.Mà trường học cấp 1 cấp 2 cách 1 đoạn thấy nguy hiểm quá.Cả nhà cho em 1 lượt chia se để các cấp biết được sửa chữa nâng cấp mọi người đi cho an toàn.🥲🥲🥲🥲",(20+) Video,2026-08-22T17:22:58.000Z,2026-08-22T17:22:58+00:00,Dương Thị Thu mưa mấy ngày ngã bnh trận.,reply,2843121472737209,2843121472737209,1,"Chủ Nhật, 23 Tháng 8, 2026 lúc 06:17",2026-08-23T06:17:00+07:00,0,,hanoi_location,0,0,facebook_20260925_0325,baseline_20260925_032543,2026-09-25T11:21:59.748290+07:00
facebook_c_922986420307133,facebook,https://www.facebook.com/watch?v=2168799127402219,2168799127402219,"😰😰😰Chuẩn bị vào năm học tuyến đường qua nhà em  là Đường428 A tại khu vực thôn Dương Khê Xã Vân Đình  Thành phố Hà Nội rất đông từ lúc đường senco thông.Toàn xe to chở vật liệu đi qua đường nhiều lúc gây tắc đoạn nhà em là đường vừa bé vừa xấu.Mưa liên tục làm đường xuống cấp gây mất an toàn nghiêm trọng cho người dân tham gia giao thông.Đặc biệt chuẩn bị đón năm học mới lượng các em học sinh đi lại rất nhiều gây nghuy hiểm cho các em và ổ gà rất nhiều ảnh hưởng đến việc đi lại của người dân, đặc biệt là những hôm trời mưa to nước ngập hết, người đi lại không nhìn thấy ổ gà để tránh, rất nhiều xe máy  xe đạp bị ngã tại khu vực này Trong mấy ngày mưa hôm nay.
Sau vài trận mưa những chỗ nay xe tải to đi qua là thành 1 cái hố to hơn nước băn tung toé. Kính đề nghị cơ quan chức năng kiểm tra, yêu câu đơn vị thi công sớm sửa chữa, hoàn trả mặt đường đế đảm bảo an toàn cho người dân.Mà trường học cấp 1 cấp 2 cách 1 đoạn thấy nguy hiểm quá.Cả nhà cho em 1 lượt chia se để các cấp biết được sửa chữa nâng cấp mọi người đi cho an toàn.🥲🥲🥲🥲",(20+) Video,2026-08-22T17:22:58.000Z,2026-08-22T17:22:58+00:00,Có mỗi 1 đoạn mà mãi nhỉ. Chụp ảnh đăng lên i Hà Nội đi em. Phát 1,top_level,,922986420307133,0,"Chủ Nhật, 23 Tháng 8, 2026 lúc 07:02",2026-08-23T07:02:00+07:00,0,1815a59a6f3265742564b47fb1d1c1173ecdef10,"transport_impact,hanoi_location",0,0,facebook_20260925_0325,baseline_20260925_032543,2026-09-25T11:21:59.738262+07:00
facebook_c_2906067513073553,facebook,https://www.facebook.com/watch?v=2168799127402219,2168799127402219,"😰😰😰Chuẩn bị vào năm học tuyến đường qua nhà em  là Đường428 A tại khu vực thôn Dương Khê Xã Vân Đình  Thành phố Hà Nội rất đông từ lúc đường senco thông.Toàn xe to chở vật liệu đi qua đường nhiều lúc gây tắc đoạn nhà em là đường vừa bé vừa xấu.Mưa liên tục làm đường xuống cấp gây mất an toàn nghiêm trọng cho người dân tham gia giao thông.Đặc biệt chuẩn bị đón năm học mới lượng các em học sinh đi lại rất nhiều gây nghuy hiểm cho các em và ổ gà rất nhiều ảnh hưởng đến việc đi lại của người dân, đặc biệt là những hôm trời mưa to nước ngập hết, người đi lại không nhìn thấy ổ gà để tránh, rất nhiều xe máy  xe đạp bị ngã tại khu vực này Trong mấy ngày mưa hôm nay.
Sau vài trận mưa những chỗ nay xe tải to đi qua là thành 1 cái hố to hơn nước băn tung toé. Kính đề nghị cơ quan chức năng kiểm tra, yêu câu đơn vị thi công sớm sửa chữa, hoàn trả mặt đường đế đảm bảo an toàn cho người dân.Mà trường học cấp 1 cấp 2 cách 1 đoạn thấy nguy hiểm quá.Cả nhà cho em 1 lượt chia se để các cấp biết được sửa chữa nâng cấp mọi người đi cho an toàn.🥲🥲🥲🥲",(20+) Video,2026-08-22T17:22:58.000Z,2026-08-22T17:22:58+00:00,Nguyễn Ngoan cứ cho em cái chia sẻ ngã,reply,922986420307133,922986420307133,1,"Chủ Nhật, 23 Tháng 8, 2026 lúc 07:09",2026-08-23T07:09:00+07:00,0,,hanoi_location,0,0,facebook_20260925_0325,baseline_20260925_032543,2026-09-25T11:21:59.739256+07:00
facebook_c_1582628223903895,facebook,https://www.facebook.com/watch?v=2168799127402219,2168799127402219,"😰😰😰Chuẩn bị vào năm học tuyến đường qua nhà em  là Đường428 A tại khu vực thôn Dương Khê Xã Vân Đình  Thành phố Hà Nội rất đông từ lúc đường senco thông.Toàn xe to chở vật liệu đi qua đường nhiều lúc gây tắc đoạn nhà em là đường vừa bé vừa xấu.Mưa liên tục làm đường xuống cấp gây mất an toàn nghiêm trọng cho người dân tham gia giao thông.Đặc biệt chuẩn bị đón năm học mới lượng các em học sinh đi lại rất nhiều gây nghuy hiểm cho các em và ổ gà rất nhiều ảnh hưởng đến việc đi lại của người dân, đặc biệt là những hôm trời mưa to nước ngập hết, người đi lại không nhìn thấy ổ gà để tránh, rất nhiều xe máy  xe đạp bị ngã tại khu vực này Trong mấy ngày mưa hôm nay.
Sau vài trận mưa những chỗ nay xe tải to đi qua là thành 1 cái hố to hơn nước băn tung toé. Kính đề nghị cơ quan chức năng kiểm tra, yêu câu đơn vị thi công sớm sửa chữa, hoàn trả mặt đường đế đảm bảo an toàn cho người dân.Mà trường học cấp 1 cấp 2 cách 1 đoạn thấy nguy hiểm quá.Cả nhà cho em 1 lượt chia se để các cấp biết được sửa chữa nâng cấp mọi người đi cho an toàn.🥲🥲🥲🥲",(20+) Video,2026-08-22T17:22:58.000Z,2026-08-22T17:22:58+00:00,Đã lên iha nội roi chi,reply,922986420307133,922986420307133,1,"Chủ Nhật, 23 Tháng 8, 2026 lúc 08:07",2026-08-23T08:07:00+07:00,0,,hanoi_location,0,0,facebook_20260925_0325,baseline_20260925_032543,2026-09-25T11:21:59.745270+07:00
facebook_c_962342290224576,facebook,https://www.facebook.com/watch?v=2168799127402219,2168799127402219,"😰😰😰Chuẩn bị vào năm học tuyến đường qua nhà em  là Đường428 A tại khu vực thôn Dương Khê Xã Vân Đình  Thành phố Hà Nội rất đông từ lúc đường senco thông.Toàn xe to chở vật liệu đi qua đường nhiều lúc gây tắc đoạn nhà em là đường vừa bé vừa xấu.Mưa liên tục làm đường xuống cấp gây mất an toàn nghiêm trọng cho người dân tham gia giao thông.Đặc biệt chuẩn bị đón năm học mới lượng các em học sinh đi lại rất nhiều gây nghuy hiểm cho các em và ổ gà rất nhiều ảnh hưởng đến việc đi lại của người dân, đặc biệt là những hôm trời mưa to nước ngập hết, người đi lại không nhìn thấy ổ gà để tránh, rất nhiều xe máy  xe đạp bị ngã tại khu vực này Trong mấy ngày mưa hôm nay.
Sau vài trận mưa những chỗ nay xe tải to đi qua là thành 1 cái hố to hơn nước băn tung toé. Kính đề nghị cơ quan chức năng kiểm tra, yêu câu đơn vị thi công sớm sửa chữa, hoàn trả mặt đường đế đảm bảo an toàn cho người dân.Mà trường học cấp 1 cấp 2 cách 1 đoạn thấy nguy hiểm quá.Cả nhà cho em 1 lượt chia se để các cấp biết được sửa chữa nâng cấp mọi người đi cho an toàn.🥲🥲🥲🥲",(20+) Video,2026-08-22T17:22:58.000Z,2026-08-22T17:22:58+00:00,Báo cáo lên Bác Tô Lâm ý,top_level,,962342290224576,0,"Chủ Nhật, 23 Tháng 8, 2026 lúc 09:49",2026-08-23T09:49:00+07:00,0,c497dbf31391e45918ea15e180d3dc071300c6a6,hanoi_location,0,0,facebook_20260925_0325,baseline_20260925_032543,2026-09-25T11:21:59.744267+07:00
facebook_c_3962835644024366,facebook,https://www.facebook.com/watch?v=2168799127402219,2168799127402219,"😰😰😰Chuẩn bị vào năm học tuyến đường qua nhà em  là Đường428 A tại khu vực thôn Dương Khê Xã Vân Đình  Thành phố Hà Nội rất đông từ lúc đường senco thông.Toàn xe to chở vật liệu đi qua đường nhiều lúc gây tắc đoạn nhà em là đường vừa bé vừa xấu.Mưa liên tục làm đường xuống cấp gây mất an toàn nghiêm trọng cho người dân tham gia giao thông.Đặc biệt chuẩn bị đón năm học mới lượng các em học sinh đi lại rất nhiều gây nghuy hiểm cho các em và ổ gà rất nhiều ảnh hưởng đến việc đi lại của người dân, đặc biệt là những hôm trời mưa to nước ngập hết, người đi lại không nhìn thấy ổ gà để tránh, rất nhiều xe máy  xe đạp bị ngã tại khu vực này Trong mấy ngày mưa hôm nay.
Sau vài trận mưa những chỗ nay xe tải to đi qua là thành 1 cái hố to hơn nước băn tung toé. Kính đề nghị cơ quan chức năng kiểm tra, yêu câu đơn vị thi công sớm sửa chữa, hoàn trả mặt đường đế đảm bảo an toàn cho người dân.Mà trường học cấp 1 cấp 2 cách 1 đoạn thấy nguy hiểm quá.Cả nhà cho em 1 lượt chia se để các cấp biết được sửa chữa nâng cấp mọi người đi cho an toàn.🥲🥲🥲🥲",(20+) Video,2026-08-22T17:22:58.000Z,2026-08-22T17:22:58+00:00,Mit Tit báo rồi chị ko biết đến được bác ko thôi,reply,962342290224576,962342290224576,1,"Chủ Nhật, 23 Tháng 8, 2026 lúc 10:00",2026-08-23T10:00:00+07:00,0,,hanoi_location,0,0,facebook_20260925_0325,baseline_20260925_032543,2026-09-25T11:21:59.749300+07:00
facebook_c_2099955400899551,facebook,https://www.facebook.com/watch?v=2168799127402219,2168799127402219,"😰😰😰Chuẩn bị vào năm học tuyến đường qua nhà em  là Đường428 A tại khu vực thôn Dương Khê Xã Vân Đình  Thành phố Hà Nội rất đông từ lúc đường senco thông.Toàn xe to chở vật liệu đi qua đường nhiều lúc gây tắc đoạn nhà em là đường vừa bé vừa xấu.Mưa liên tục làm đường xuống cấp gây mất an toàn nghiêm trọng cho người dân tham gia giao thông.Đặc biệt chuẩn bị đón năm học mới lượng các em học sinh đi lại rất nhiều gây nghuy hiểm cho các em và ổ gà rất nhiều ảnh hưởng đến việc đi lại của người dân, đặc biệt là những hôm trời mưa to nước ngập hết, người đi lại không nhìn thấy ổ gà để tránh, rất nhiều xe máy  xe đạp bị ngã tại khu vực này Trong mấy ngày mưa hôm nay.
Sau vài trận mưa những chỗ nay xe tải to đi qua là thành 1 cái hố to hơn nước băn tung toé. Kính đề nghị cơ quan chức năng kiểm tra, yêu câu đơn vị thi công sớm sửa chữa, hoàn trả mặt đường đế đảm bảo an toàn cho người dân.Mà trường học cấp 1 cấp 2 cách 1 đoạn thấy nguy hiểm quá.Cả nhà cho em 1 lượt chia se để các cấp biết được sửa chữa nâng cấp mọi người đi cho an toàn.🥲🥲🥲🥲",(20+) Video,2026-08-22T17:22:58.000Z,2026-08-22T17:22:58+00:00,Mit Tit ihanoi ròi chị mà chưa có phản hồi,reply,962342290224576,962342290224576,1,"Chủ Nhật, 23 Tháng 8, 2026 lúc 10:17",2026-08-23T10:17:00+07:00,0,,hanoi_location,0,0,facebook_20260925_0325,baseline_20260925_032543,2026-09-25T11:21:59.750298+07:00
facebook_c_1070195952385669,facebook,https://www.facebook.com/watch?v=2172953363633190,2172953363633190,"Cập nhật mưa lụt miền bắc ngày 17/9 trời vẫn tiếp tục mưa to nhiều nơi, ngập nhiều vùng ở miền bắc như Hà Nội, Ninh Bình, Thanh Hoá.. mọi người tham gia giao thông chú ý các tuyến phố ngập... 

#NguyễnVănLương #HàNộingậphếtđường #HàLội #NgậpđườngHàNội #Mưatoquá  Shop Công Nghệ TLD  Nguyễn Văn Lương  Bệnh Viện Laptop Hà Nội",(20+) Video,2026-09-17T05:35:02.000Z,2026-09-17T05:35:02+00:00,Vẫn tiếp tục mưa lớn anh em à,top_level,,1070195952385669,0,"Thứ Năm, 17 Tháng 9, 2026 lúc 12:41",2026-09-17T12:41:00+07:00,0,8114db5464a26a41ca33c67a45d24fc4aac22829,hanoi_location,0,0,facebook_20260925_0325,baseline_20260925_032543,2026-09-25T11:19:17.080979+07:00
facebook_c_1099379612497128,facebook,https://www.facebook.com/watch?v=2172953363633190,2172953363633190,"Cập nhật mưa lụt miền bắc ngày 17/9 trời vẫn tiếp tục mưa to nhiều nơi, ngập nhiều vùng ở miền bắc như Hà Nội, Ninh Bình, Thanh Hoá.. mọi người tham gia giao thông chú ý các tuyến phố ngập... 

#NguyễnVănLương #HàNộingậphếtđường #HàLội #NgậpđườngHàNội #Mưatoquá  Shop Công Nghệ TLD  Nguyễn Văn Lương  Bệnh Viện Laptop Hà Nội",(20+) Video,2026-09-17T05:35:02.000Z,2026-09-17T05:35:02+00:00,Buồn trời,top_level,,1099379612497128,0,"Thứ Năm, 17 Tháng 9, 2026 lúc 15:39",2026-09-17T15:39:00+07:00,0,87b020a24a06d920bf9126f584edc0ebb99c1d22,hanoi_location,0,0,facebook_20260925_0325,baseline_20260925_032543,2026-09-25T11:19:17.080979+07:00
facebook_c_1142138015046812,facebook,https://www.facebook.com/watch?v=2172953363633190,2172953363633190,"Cập nhật mưa lụt miền bắc ngày 17/9 trời vẫn tiếp tục mưa to nhiều nơi, ngập nhiều vùng ở miền bắc như Hà Nội, Ninh Bình, Thanh Hoá.. mọi người tham gia giao thông chú ý các tuyến phố ngập... 

#NguyễnVănLương #HàNộingậphếtđường #HàLội #NgậpđườngHàNội #Mưatoquá  Shop Công Nghệ TLD  Nguyễn Văn Lương  Bệnh Viện Laptop Hà Nội",(20+) Video,2026-09-17T05:35:02.000Z,2026-09-17T05:35:02+00:00,Ôi Hà Lội của tui,top_level,,1142138015046812,0,"Thứ Năm, 17 Tháng 9, 2026 lúc 17:33",2026-09-17T17:33:00+07:00,0,e7f2f20be019f0f81e1b0b4a2d374b9a6e9b4a36,,0,0,facebook_20260925_0325,baseline_20260925_032543,2026-09-25T11:19:17.080979+07:00
facebook_c_1240210014938824,facebook,https://www.facebook.com/watch?v=2172953363633190,2172953363633190,"Cập nhật mưa lụt miền bắc ngày 17/9 trời vẫn tiếp tục mưa to nhiều nơi, ngập nhiều vùng ở miền bắc như Hà Nội, Ninh Bình, Thanh Hoá.. mọi người tham gia giao thông chú ý các tuyến phố ngập... 

#NguyễnVănLương #HàNộingậphếtđường #HàLội #NgậpđườngHàNội #Mưatoquá  Shop Công Nghệ TLD  Nguyễn Văn Lương  Bệnh Viện Laptop Hà Nội",(20+) Video,2026-09-17T05:35:02.000Z,2026-09-17T05:35:02+00:00,Mưa gì mưa lắm thế,top_level,,1240210014938824,0,"Thứ Năm, 17 Tháng 9, 2026 lúc 12:45",2026-09-17T12:45:00+07:00,0,962f163bfda5482e350ffef7d22a32e585e0d6a6,,0,0,facebook_20260925_0325,baseline_20260925_032543,2026-09-25T11:19:17.083134+07:00
facebook_c_1356886083184522,facebook,https://www.facebook.com/watch?v=2172953363633190,2172953363633190,"Cập nhật mưa lụt miền bắc ngày 17/9 trời vẫn tiếp tục mưa to nhiều nơi, ngập nhiều vùng ở miền bắc như Hà Nội, Ninh Bình, Thanh Hoá.. mọi người tham gia giao thông chú ý các tuyến phố ngập... 

#NguyễnVănLương #HàNộingậphếtđường #HàLội #NgậpđườngHàNội #Mưatoquá  Shop Công Nghệ TLD  Nguyễn Văn Lương  Bệnh Viện Laptop Hà Nội",(20+) Video,2026-09-17T05:35:02.000Z,2026-09-17T05:35:02+00:00,"Có người từng nói,MB không cần MN cứu trợ. Vì MB nhiều tiền á.",top_level,,1356886083184522,0,"Thứ Năm, 17 Tháng 9, 2026 lúc 12:50",2026-09-17T12:50:00+07:00,0,a795dd3acc5267bd0d72291693b707ce87dff0e2,hanoi_location,0,0,facebook_20260925_0325,baseline_20260925_032543,2026-09-25T11:19:17.083134+07:00
facebook_c_1408203577923904,facebook,https://www.facebook.com/watch?v=2172953363633190,2172953363633190,"Cập nhật mưa lụt miền bắc ngày 17/9 trời vẫn tiếp tục mưa to nhiều nơi, ngập nhiều vùng ở miền bắc như Hà Nội, Ninh Bình, Thanh Hoá.. mọi người tham gia giao thông chú ý các tuyến phố ngập... 

#NguyễnVănLương #HàNộingậphếtđường #HàLội #NgậpđườngHàNội #Mưatoquá  Shop Công Nghệ TLD  Nguyễn Văn Lương  Bệnh Viện Laptop Hà Nội",(20+) Video,2026-09-17T05:35:02.000Z,2026-09-17T05:35:02+00:00,Trung Quốc ngắn song giờ trung quốc bị vỡ sông nó chảy sang Việt Nam mình đấy mọi người ơi... Không được phép ngắn sông nó mà vo ra là dân chết... Bỏ lại hết tải sản chạy được người là còn may chỉ chết dần thôi,top_level,,1408203577923904,0,"Thứ Sáu, 18 Tháng 9, 2026 lúc 10:54",2026-09-18T10:54:00+07:00,0,992f33f955ac2a75f99853660159f4a1c870a0a7,hanoi_location,0,0,facebook_20260925_0325,baseline_20260925_032543,2026-09-25T11:19:17.083134+07:00
facebook_c_1425385373002762,facebook,https://www.facebook.com/watch?v=2172953363633190,2172953363633190,"Cập nhật mưa lụt miền bắc ngày 17/9 trời vẫn tiếp tục mưa to nhiều nơi, ngập nhiều vùng ở miền bắc như Hà Nội, Ninh Bình, Thanh Hoá.. mọi người tham gia giao thông chú ý các tuyến phố ngập... 

#NguyễnVănLương #HàNộingậphếtđường #HàLội #NgậpđườngHàNội #Mưatoquá  Shop Công Nghệ TLD  Nguyễn Văn Lương  Bệnh Viện Laptop Hà Nội",(20+) Video,2026-09-17T05:35:02.000Z,2026-09-17T05:35:02+00:00,Vậy mà các cấp lãnh đạo ko lo mà  lm chống lũ lụt đi mà cứ lo các thể loại dự án này kia,top_level,,1425385373002762,0,"Thứ Năm, 17 Tháng 9, 2026 lúc 13:27",2026-09-17T13:27:00+07:00,0,bfce02ba8ace9b86d7737b6d1354adc6a40d4098,"flood_state,transport_impact,hanoi_location",0,0,facebook_20260925_0325,baseline_20260925_032543,2026-09-25T11:19:17.083134+07:00
facebook_c_1436730325009465,facebook,https://www.facebook.com/watch?v=2172953363633190,2172953363633190,"Cập nhật mưa lụt miền bắc ngày 17/9 trời vẫn tiếp tục mưa to nhiều nơi, ngập nhiều vùng ở miền bắc như Hà Nội, Ninh Bình, Thanh Hoá.. mọi người tham gia giao thông chú ý các tuyến phố ngập... 

#NguyễnVănLương #HàNộingậphếtđường #HàLội #NgậpđườngHàNội #Mưatoquá  Shop Công Nghệ TLD  Nguyễn Văn Lương  Bệnh Viện Laptop Hà Nội",(20+) Video,2026-09-17T05:35:02.000Z,2026-09-17T05:35:02+00:00,Khổ chi chi trời,top_level,,1436730325009465,0,"Thứ Năm, 17 Tháng 9, 2026 lúc 12:44",2026-09-17T12:44:00+07:00,0,0241fc763e82b2d4df5eaccb744010217c465dab,,0,0,facebook_20260925_0325,baseline_20260925_032543,2026-09-25T11:19:17.080979+07:00
facebook_c_1584351372644679,facebook,https://www.facebook.com/watch?v=2172953363633190,2172953363633190,"Cập nhật mưa lụt miền bắc ngày 17/9 trời vẫn tiếp tục mưa to nhiều nơi, ngập nhiều vùng ở miền bắc như Hà Nội, Ninh Bình, Thanh Hoá.. mọi người tham gia giao thông chú ý các tuyến phố ngập... 

#NguyễnVănLương #HàNộingậphếtđường #HàLội #NgậpđườngHàNội #Mưatoquá  Shop Công Nghệ TLD  Nguyễn Văn Lương  Bệnh Viện Laptop Hà Nội",(20+) Video,2026-09-17T05:35:02.000Z,2026-09-17T05:35:02+00:00,Dềnh nước,top_level,,1584351372644679,0,"Thứ Năm, 17 Tháng 9, 2026 lúc 20:16",2026-09-17T20:16:00+07:00,0,64642e557716b9050a96275d147a2dc6fafe8e3b,,0,0,facebook_20260925_0325,baseline_20260925_032543,2026-09-25T11:19:17.083134+07:00
facebook_c_1972190403480935,facebook,https://www.facebook.com/watch?v=2172953363633190,2172953363633190,"Cập nhật mưa lụt miền bắc ngày 17/9 trời vẫn tiếp tục mưa to nhiều nơi, ngập nhiều vùng ở miền bắc như Hà Nội, Ninh Bình, Thanh Hoá.. mọi người tham gia giao thông chú ý các tuyến phố ngập... 

#NguyễnVănLương #HàNộingậphếtđường #HàLội #NgậpđườngHàNội #Mưatoquá  Shop Công Nghệ TLD  Nguyễn Văn Lương  Bệnh Viện Laptop Hà Nội",(20+) Video,2026-09-17T05:35:02.000Z,2026-09-17T05:35:02+00:00,Luong Nguyen Phoebe Kh Ana Li,top_level,,1972190403480935,0,"Thứ Năm, 17 Tháng 9, 2026 lúc 13:18",2026-09-17T13:18:00+07:00,0,4b59f0dfd081fa45ead51ff519baf027c0658a0c,hanoi_location,0,0,facebook_20260925_0325,baseline_20260925_032543,2026-09-25T11:19:17.080979+07:00
facebook_c_2306143950137449,facebook,https://www.facebook.com/watch?v=2172953363633190,2172953363633190,"Cập nhật mưa lụt miền bắc ngày 17/9 trời vẫn tiếp tục mưa to nhiều nơi, ngập nhiều vùng ở miền bắc như Hà Nội, Ninh Bình, Thanh Hoá.. mọi người tham gia giao thông chú ý các tuyến phố ngập... 

#NguyễnVănLương #HàNộingậphếtđường #HàLội #NgậpđườngHàNội #Mưatoquá  Shop Công Nghệ TLD  Nguyễn Văn Lương  Bệnh Viện Laptop Hà Nội",(20+) Video,2026-09-17T05:35:02.000Z,2026-09-17T05:35:02+00:00,Vịnh an khánh mà lị,top_level,,2306143950137449,0,"Thứ Năm, 17 Tháng 9, 2026 lúc 12:47",2026-09-17T12:47:00+07:00,0,3dc32afaf8d1301cdd80c0934e7a6bce2b11f325,hanoi_location,0,0,facebook_20260925_0325,baseline_20260925_032543,2026-09-25T11:19:17.086492+07:00
facebook_c_28344244108539669,facebook,https://www.facebook.com/watch?v=2172953363633190,2172953363633190,"Cập nhật mưa lụt miền bắc ngày 17/9 trời vẫn tiếp tục mưa to nhiều nơi, ngập nhiều vùng ở miền bắc như Hà Nội, Ninh Bình, Thanh Hoá.. mọi người tham gia giao thông chú ý các tuyến phố ngập... 

#NguyễnVănLương #HàNộingậphếtđường #HàLội #NgậpđườngHàNội #Mưatoquá  Shop Công Nghệ TLD  Nguyễn Văn Lương  Bệnh Viện Laptop Hà Nội",(20+) Video,2026-09-17T05:35:02.000Z,2026-09-17T05:35:02+00:00,Này thì bao giờ mới tạnh,top_level,,28344244108539669,0,"Thứ Năm, 17 Tháng 9, 2026 lúc 12:48",2026-09-17T12:48:00+07:00,0,60f042304686ce0bfb454e57e7e570c7a826b268,,0,0,facebook_20260925_0325,baseline_20260925_032543,2026-09-25T11:19:17.083134+07:00
facebook_c_2981624235506580,facebook,https://www.facebook.com/watch?v=2172953363633190,2172953363633190,"Cập nhật mưa lụt miền bắc ngày 17/9 trời vẫn tiếp tục mưa to nhiều nơi, ngập nhiều vùng ở miền bắc như Hà Nội, Ninh Bình, Thanh Hoá.. mọi người tham gia giao thông chú ý các tuyến phố ngập... 

#NguyễnVănLương #HàNộingậphếtđường #HàLội #NgậpđườngHàNội #Mưatoquá  Shop Công Nghệ TLD  Nguyễn Văn Lương  Bệnh Viện Laptop Hà Nội",(20+) Video,2026-09-17T05:35:02.000Z,2026-09-17T05:35:02+00:00,"Hoang Tran đấy là chỉ là số hàng nghìn người mới có một người thôi bạn ơi nếu chúng ta cũng như họ vậy thì sao bạn nhỉ....,?..?",top_level,,2981624235506580,0,"Thứ Sáu, 18 Tháng 9, 2026 lúc 12:23",2026-09-18T12:23:00+07:00,0,7a7ccca969ddd01162fbb233525129643fa67c24,hanoi_location,0,0,facebook_20260925_0325,baseline_20260925_032543,2026-09-25T11:19:17.083134+07:00
facebook_c_3650987475054702,facebook,https://www.facebook.com/watch?v=2172953363633190,2172953363633190,"Cập nhật mưa lụt miền bắc ngày 17/9 trời vẫn tiếp tục mưa to nhiều nơi, ngập nhiều vùng ở miền bắc như Hà Nội, Ninh Bình, Thanh Hoá.. mọi người tham gia giao thông chú ý các tuyến phố ngập... 

#NguyễnVănLương #HàNộingậphếtđường #HàLội #NgậpđườngHàNội #Mưatoquá  Shop Công Nghệ TLD  Nguyễn Văn Lương  Bệnh Viện Laptop Hà Nội",(20+) Video,2026-09-17T05:35:02.000Z,2026-09-17T05:35:02+00:00,HN mưa nhiều hơn HP,top_level,,3650987475054702,0,"Thứ Năm, 17 Tháng 9, 2026 lúc 22:35",2026-09-17T22:35:00+07:00,0,7094f84f656067f241a4df435fb19cdc28b09fc7,hanoi_location,0,0,facebook_20260925_0325,baseline_20260925_032543,2026-09-25T11:19:17.083134+07:00
facebook_c_939934199175971,facebook,https://www.facebook.com/watch?v=2172953363633190,2172953363633190,"Cập nhật mưa lụt miền bắc ngày 17/9 trời vẫn tiếp tục mưa to nhiều nơi, ngập nhiều vùng ở miền bắc như Hà Nội, Ninh Bình, Thanh Hoá.. mọi người tham gia giao thông chú ý các tuyến phố ngập... 

#NguyễnVănLương #HàNộingậphếtđường #HàLội #NgậpđườngHàNội #Mưatoquá  Shop Công Nghệ TLD  Nguyễn Văn Lương  Bệnh Viện Laptop Hà Nội",(20+) Video,2026-09-17T05:35:02.000Z,2026-09-17T05:35:02+00:00,"Ui da , đường HÀ NỘI không vội được đâu, ngập lụt thế này , mà mọi người dân vẫn thích xuống đất HÀ NỘI ở thì chịu khó a. Thương",top_level,,939934199175971,0,"Thứ Năm, 17 Tháng 9, 2026 lúc 14:01",2026-09-17T14:01:00+07:00,0,b8a2e23aa62a272d050dcc21ba26df27ac0990bb,"flood_state,hanoi_location",0,0,facebook_20260925_0325,baseline_20260925_032543,2026-09-25T11:19:17.083134+07:00
facebook_c_1017407308020139,facebook,https://www.facebook.com/watch?v=2269228537163265,2269228537163265,"Công chúa nào hè chưa được trở về biển thì tranh thủ ra ngay bờ biển Hawai của Mỹ nhé, anh chị ở Hà Nội có ổn không, cập nhật tình hình ngập úng lụt lội ở khu mình đi các bác ơi  🏊🏻‍♀️🏊🏻‍♀️🏊🏻‍♀️

Sân vận động quốc gia Mỹ Đình ngày 17.9.2026
#sanvandongquocgiamydinh #bienoi #BAO92026",(20+) Video,2026-09-17T05:38:56.000Z,2026-09-17T05:38:56+00:00,Nước Dềnh mênh mông quá....,top_level,,1017407308020139,0,"Thứ Năm, 17 Tháng 9, 2026 lúc 21:38",2026-09-17T21:38:00+07:00,0,dec5c7078e3021b6b9813e32424dc5ae2b4d36d4,,0,0,facebook_20260925_0325,baseline_20260925_032543,2026-09-25T10:48:13.597840+07:00
facebook_c_1498173162115912,facebook,https://www.facebook.com/watch?v=2269228537163265,2269228537163265,"Công chúa nào hè chưa được trở về biển thì tranh thủ ra ngay bờ biển Hawai của Mỹ nhé, anh chị ở Hà Nội có ổn không, cập nhật tình hình ngập úng lụt lội ở khu mình đi các bác ơi  🏊🏻‍♀️🏊🏻‍♀️🏊🏻‍♀️

Sân vận động quốc gia Mỹ Đình ngày 17.9.2026
#sanvandongquocgiamydinh #bienoi #BAO92026",(20+) Video,2026-09-17T05:38:56.000Z,2026-09-17T05:38:56+00:00,"Dũng Bùi Thế mà vẫn dám phóng xe máy bơi qua làn nước để đi làm xong chết máy dát trong biển nước mấy cây số luôn a ạ, nể thật",reply,1017407308020139,1017407308020139,1,"Thứ Sáu, 18 Tháng 9, 2026 lúc 00:31",2026-09-18T00:31:00+07:00,0,,"transport_impact,hanoi_location",0,0,facebook_20260925_0325,baseline_20260925_032543,2026-09-25T10:48:13.598825+07:00
facebook_c_1063848963100764,facebook,https://www.facebook.com/watch?v=2269228537163265,2269228537163265,"Công chúa nào hè chưa được trở về biển thì tranh thủ ra ngay bờ biển Hawai của Mỹ nhé, anh chị ở Hà Nội có ổn không, cập nhật tình hình ngập úng lụt lội ở khu mình đi các bác ơi  🏊🏻‍♀️🏊🏻‍♀️🏊🏻‍♀️

Sân vận động quốc gia Mỹ Đình ngày 17.9.2026
#sanvandongquocgiamydinh #bienoi #BAO92026",(20+) Video,2026-09-17T05:38:56.000Z,2026-09-17T05:38:56+00:00,"Sáng này Vinhomes có những pha sử lý rất nhanh gọn dứt khoát Lưu ý: - Khu vực từ bùng binh Vườn Nhật ra ĐLTL dềnh sâu, các phương tiện ko qua lại được, bị ùn tắc. - CD có thể lựa chọn di chuyển phương tiện theo tuyến đường từ gầm cầu Cốc (phía sau vinbus) ra ĐLTL ( kv này dềnh nhẹ, phương tiện vẫn di chuyển được) Kính gửi Quý Cư dân : Sau trận mưa kéo dài đêm qua, xin cập nhật tình hình giao thông hiện tại tại KĐT như sau: * Các tuyến đường dềnh nước, ko nên di chuyển: Lối vào KĐT qua Binh đoàn 12 khu vực bùng binh Vườn Nhật ra đại lộ, khu vực trước nhà hàng Nhật qua đường Quang Tiến, lối ra nhà xe F2 từ cầu ánh sáng. * Các tuyến đường dềnh nước, cần lưu ý khi di chuyển: Đường tránh nghĩa trang (khoảng 30cm). Khu vực chân cầu S4 dềnh nhẹ (20-30cm), các phương tiện vẫn lưu thông được. BQL đã bố trí xe bồn hút nước từ sáng sớm nay để xử lý. * Các tuyến còn lại ghi nhận lưu thông bình thường Quý cư dân chủ động cung đường di chuyển phù hợp. Trân trọng",top_level,,1063848963100764,0,"Thứ Năm, 17 Tháng 9, 2026 lúc 16:51",2026-09-17T16:51:00+07:00,0,036f335e84e1b36d825ff992cb2dd65638200381,"flood_state,transport_impact,hanoi_location",0,0,facebook_20260925_0325,baseline_20260925_032543,2026-09-25T10:48:13.588207+07:00
facebook_c_1065974782702949,facebook,https://www.facebook.com/watch?v=2269228537163265,2269228537163265,"Công chúa nào hè chưa được trở về biển thì tranh thủ ra ngay bờ biển Hawai của Mỹ nhé, anh chị ở Hà Nội có ổn không, cập nhật tình hình ngập úng lụt lội ở khu mình đi các bác ơi  🏊🏻‍♀️🏊🏻‍♀️🏊🏻‍♀️

Sân vận động quốc gia Mỹ Đình ngày 17.9.2026
#sanvandongquocgiamydinh #bienoi #BAO92026",(20+) Video,2026-09-17T05:38:56.000Z,2026-09-17T05:38:56+00:00,Hnay đây á e ?,top_level,,1065974782702949,0,"Thứ Năm, 17 Tháng 9, 2026 lúc 14:05",2026-09-17T14:05:00+07:00,0,f00f93eaaaa09d2ee52d916f7d784bc96513b8b8,,0,0,facebook_20260925_0325,baseline_20260925_032543,2026-09-25T10:48:13.608308+07:00
facebook_c_1076603771747776,facebook,https://www.facebook.com/watch?v=2269228537163265,2269228537163265,"Công chúa nào hè chưa được trở về biển thì tranh thủ ra ngay bờ biển Hawai của Mỹ nhé, anh chị ở Hà Nội có ổn không, cập nhật tình hình ngập úng lụt lội ở khu mình đi các bác ơi  🏊🏻‍♀️🏊🏻‍♀️🏊🏻‍♀️

Sân vận động quốc gia Mỹ Đình ngày 17.9.2026
#sanvandongquocgiamydinh #bienoi #BAO92026",(20+) Video,2026-09-17T05:38:56.000Z,2026-09-17T05:38:56+00:00,Lan Anh Hoàng Năm mới có vài lần đổi cảnh cũng vui chị,reply,1065974782702949,1065974782702949,1,"Thứ Năm, 17 Tháng 9, 2026 lúc 15:31",2026-09-17T15:31:00+07:00,0,,hanoi_location,0,0,facebook_20260925_0325,baseline_20260925_032543,2026-09-25T10:48:13.617504+07:00
facebook_c_1069724272623356,facebook,https://www.facebook.com/watch?v=2269228537163265,2269228537163265,"Công chúa nào hè chưa được trở về biển thì tranh thủ ra ngay bờ biển Hawai của Mỹ nhé, anh chị ở Hà Nội có ổn không, cập nhật tình hình ngập úng lụt lội ở khu mình đi các bác ơi  🏊🏻‍♀️🏊🏻‍♀️🏊🏻‍♀️

Sân vận động quốc gia Mỹ Đình ngày 17.9.2026
#sanvandongquocgiamydinh #bienoi #BAO92026",(20+) Video,2026-09-17T05:38:56.000Z,2026-09-17T05:38:56+00:00,khiếp thế này á,top_level,,1069724272623356,0,"Thứ Năm, 17 Tháng 9, 2026 lúc 14:25",2026-09-17T14:25:00+07:00,0,24f5b8c3253a81a10d97b6ba7c1893ebf25cffca,,0,0,facebook_20260925_0325,baseline_20260925_032543,2026-09-25T10:48:13.608308+07:00
facebook_c_1038259875932555,facebook,https://www.facebook.com/watch?v=2269228537163265,2269228537163265,"Công chúa nào hè chưa được trở về biển thì tranh thủ ra ngay bờ biển Hawai của Mỹ nhé, anh chị ở Hà Nội có ổn không, cập nhật tình hình ngập úng lụt lội ở khu mình đi các bác ơi  🏊🏻‍♀️🏊🏻‍♀️🏊🏻‍♀️

Sân vận động quốc gia Mỹ Đình ngày 17.9.2026
#sanvandongquocgiamydinh #bienoi #BAO92026",(20+) Video,2026-09-17T05:38:56.000Z,2026-09-17T05:38:56+00:00,Dang Phuong Nga Hà Lội mùa này phố cũng như sông,reply,1069724272623356,1069724272623356,1,"Thứ Năm, 17 Tháng 9, 2026 lúc 15:29",2026-09-17T15:29:00+07:00,0,,,0,0,facebook_20260925_0325,baseline_20260925_032543,2026-09-25T10:48:13.617504+07:00
facebook_c_1069766935949038,facebook,https://www.facebook.com/watch?v=2269228537163265,2269228537163265,"Công chúa nào hè chưa được trở về biển thì tranh thủ ra ngay bờ biển Hawai của Mỹ nhé, anh chị ở Hà Nội có ổn không, cập nhật tình hình ngập úng lụt lội ở khu mình đi các bác ơi  🏊🏻‍♀️🏊🏻‍♀️🏊🏻‍♀️

Sân vận động quốc gia Mỹ Đình ngày 17.9.2026
#sanvandongquocgiamydinh #bienoi #BAO92026",(20+) Video,2026-09-17T05:38:56.000Z,2026-09-17T05:38:56+00:00,"Sáng này Vinhomes có những pha sử lý rất nhanh gọn dứt khoát Lưu ý: - Khu vực từ bùng binh Vườn Nhật ra ĐLTL dềnh sâu, các phương tiện ko qua lại được, bị ùn tắc. - CD có thể lựa chọn di chuyển phương tiện theo tuyến đường từ gầm cầu Cốc (phía sau vinbus) ra ĐLTL ( kv này dềnh nhẹ, phương tiện vẫn di chuyển được) Kính gửi Quý Cư dân : Sau trận mưa kéo dài đêm qua, xin cập nhật tình hình giao thông hiện tại tại KĐT như sau: * Các tuyến đường dềnh nước, ko nên di chuyển: Lối vào KĐT qua Binh đoàn 12 khu vực bùng binh Vườn Nhật ra đại lộ, khu vực trước nhà hàng Nhật qua đường Quang Tiến, lối ra nhà xe F2 từ cầu ánh sáng. * Các tuyến đường dềnh nước, cần lưu ý khi di chuyển: Đường tránh nghĩa trang (khoảng 30cm). Khu vực chân cầu S4 dềnh nhẹ (20-30cm), các phương tiện vẫn lưu thông được. BQL đã bố trí xe bồn hút nước từ sáng sớm nay để xử lý. * Các tuyến còn lại ghi nhận lưu thông bình thường Quý cư dân chủ động cung đường di chuyển phù hợp. Trân trọng",top_level,,1069766935949038,0,"Thứ Năm, 17 Tháng 9, 2026 lúc 16:48",2026-09-17T16:48:00+07:00,0,036f335e84e1b36d825ff992cb2dd65638200381,"flood_state,transport_impact,hanoi_location",0,0,facebook_20260925_0325,baseline_20260925_032543,2026-09-25T10:48:13.619542+07:00
facebook_c_1079088327862693,facebook,https://www.facebook.com/watch?v=2269228537163265,2269228537163265,"Công chúa nào hè chưa được trở về biển thì tranh thủ ra ngay bờ biển Hawai của Mỹ nhé, anh chị ở Hà Nội có ổn không, cập nhật tình hình ngập úng lụt lội ở khu mình đi các bác ơi  🏊🏻‍♀️🏊🏻‍♀️🏊🏻‍♀️

Sân vận động quốc gia Mỹ Đình ngày 17.9.2026
#sanvandongquocgiamydinh #bienoi #BAO92026",(20+) Video,2026-09-17T05:38:56.000Z,2026-09-17T05:38:56+00:00,"Sáng này Vinhomes có những pha sử lý rất nhanh gọn dứt khoát Lưu ý: - Khu vực từ bùng binh Vườn Nhật ra ĐLTL dềnh sâu, các phương tiện ko qua lại được, bị ùn tắc. - CD có thể lựa chọn di chuyển phương tiện theo tuyến đường từ gầm cầu Cốc (phía sau vinbus) ra ĐLTL ( kv này dềnh nhẹ, phương tiện vẫn di chuyển được) Kính gửi Quý Cư dân : Sau trận mưa kéo dài đêm qua, xin cập nhật tình hình giao thông hiện tại tại KĐT như sau: * Các tuyến đường dềnh nước, ko nên di chuyển: Lối vào KĐT qua Binh đoàn 12 khu vực bùng binh Vườn Nhật ra đại lộ, khu vực trước nhà hàng Nhật qua đường Quang Tiến, lối ra nhà xe F2 từ cầu ánh sáng. * Các tuyến đường dềnh nước, cần lưu ý khi di chuyển: Đường tránh nghĩa trang (khoảng 30cm). Khu vực chân cầu S4 dềnh nhẹ (20-30cm), các phương tiện vẫn lưu thông được. BQL đã bố trí xe bồn hút nước từ sáng sớm nay để xử lý. * Các tuyến còn lại ghi nhận lưu thông bình thường Quý cư dân chủ động cung đường di chuyển phù hợp. Trân trọng",top_level,,1079088327862693,0,"Thứ Năm, 17 Tháng 9, 2026 lúc 16:52",2026-09-17T16:52:00+07:00,0,036f335e84e1b36d825ff992cb2dd65638200381,"flood_state,transport_impact,hanoi_location",0,0,facebook_20260925_0325,baseline_20260925_032543,2026-09-25T10:48:13.592259+07:00
facebook_c_1083733184387894,facebook,https://www.facebook.com/watch?v=2269228537163265,2269228537163265,"Công chúa nào hè chưa được trở về biển thì tranh thủ ra ngay bờ biển Hawai của Mỹ nhé, anh chị ở Hà Nội có ổn không, cập nhật tình hình ngập úng lụt lội ở khu mình đi các bác ơi  🏊🏻‍♀️🏊🏻‍♀️🏊🏻‍♀️

Sân vận động quốc gia Mỹ Đình ngày 17.9.2026
#sanvandongquocgiamydinh #bienoi #BAO92026",(20+) Video,2026-09-17T05:38:56.000Z,2026-09-17T05:38:56+00:00,"Sáng này Vinhomes có những pha sử lý rất nhanh gọn dứt khoát Lưu ý: - Khu vực từ bùng binh Vườn Nhật ra ĐLTL dềnh sâu, các phương tiện ko qua lại được, bị ùn tắc. - CD có thể lựa chọn di chuyển phương tiện theo tuyến đường từ gầm cầu Cốc (phía sau vinbus) ra ĐLTL ( kv này dềnh nhẹ, phương tiện vẫn di chuyển được) Kính gửi Quý Cư dân : Sau trận mưa kéo dài đêm qua, xin cập nhật tình hình giao thông hiện tại tại KĐT như sau: * Các tuyến đường dềnh nước, ko nên di chuyển: Lối vào KĐT qua Binh đoàn 12 khu vực bùng binh Vườn Nhật ra đại lộ, khu vực trước nhà hàng Nhật qua đường Quang Tiến, lối ra nhà xe F2 từ cầu ánh sáng. * Các tuyến đường dềnh nước, cần lưu ý khi di chuyển: Đường tránh nghĩa trang (khoảng 30cm). Khu vực chân cầu S4 dềnh nhẹ (20-30cm), các phương tiện vẫn lưu thông được. BQL đã bố trí xe bồn hút nước từ sáng sớm nay để xử lý. * Các tuyến còn lại ghi nhận lưu thông bình thường Quý cư dân chủ động cung đường di chuyển phù hợp. Trân trọng",top_level,,1083733184387894,0,"Thứ Năm, 17 Tháng 9, 2026 lúc 16:50",2026-09-17T16:50:00+07:00,0,036f335e84e1b36d825ff992cb2dd65638200381,"flood_state,transport_impact,hanoi_location",0,0,facebook_20260925_0325,baseline_20260925_032543,2026-09-25T10:48:13.611315+07:00
facebook_c_1107791471855104,facebook,https://www.facebook.com/watch?v=2269228537163265,2269228537163265,"Công chúa nào hè chưa được trở về biển thì tranh thủ ra ngay bờ biển Hawai của Mỹ nhé, anh chị ở Hà Nội có ổn không, cập nhật tình hình ngập úng lụt lội ở khu mình đi các bác ơi  🏊🏻‍♀️🏊🏻‍♀️🏊🏻‍♀️

Sân vận động quốc gia Mỹ Đình ngày 17.9.2026
#sanvandongquocgiamydinh #bienoi #BAO92026",(20+) Video,2026-09-17T05:38:56.000Z,2026-09-17T05:38:56+00:00,Vui đáo để,top_level,,1107791471855104,0,"Thứ Năm, 17 Tháng 9, 2026 lúc 12:57",2026-09-17T12:57:00+07:00,0,e1b1c9c46606e4bad807d8c927510c209621a71f,,0,0,facebook_20260925_0325,baseline_20260925_032543,2026-09-25T10:48:13.596782+07:00
facebook_c_2016511759054652,facebook,https://www.facebook.com/watch?v=2269228537163265,2269228537163265,"Công chúa nào hè chưa được trở về biển thì tranh thủ ra ngay bờ biển Hawai của Mỹ nhé, anh chị ở Hà Nội có ổn không, cập nhật tình hình ngập úng lụt lội ở khu mình đi các bác ơi  🏊🏻‍♀️🏊🏻‍♀️🏊🏻‍♀️

Sân vận động quốc gia Mỹ Đình ngày 17.9.2026
#sanvandongquocgiamydinh #bienoi #BAO92026",(20+) Video,2026-09-17T05:38:56.000Z,2026-09-17T05:38:56+00:00,"Diệu Thanh Bđs Xem video này rất thích nhé, từ bé đến giờ chưa thấy cảnh này bao giờ hehe",reply,1107791471855104,1107791471855104,1,"Thứ Năm, 17 Tháng 9, 2026 lúc 13:17",2026-09-17T13:17:00+07:00,0,,hanoi_location,0,0,facebook_20260925_0325,baseline_20260925_032543,2026-09-25T10:48:13.598825+07:00
facebook_c_1136057218752763,facebook,https://www.facebook.com/watch?v=2269228537163265,2269228537163265,"Công chúa nào hè chưa được trở về biển thì tranh thủ ra ngay bờ biển Hawai của Mỹ nhé, anh chị ở Hà Nội có ổn không, cập nhật tình hình ngập úng lụt lội ở khu mình đi các bác ơi  🏊🏻‍♀️🏊🏻‍♀️🏊🏻‍♀️

Sân vận động quốc gia Mỹ Đình ngày 17.9.2026
#sanvandongquocgiamydinh #bienoi #BAO92026",(20+) Video,2026-09-17T05:38:56.000Z,2026-09-17T05:38:56+00:00,Lại giải đua thuyền American Temple mở rộng ạ,top_level,,1136057218752763,0,"Thứ Năm, 17 Tháng 9, 2026 lúc 13:45",2026-09-17T13:45:00+07:00,0,f089181d09878e3116b3c5066a6a618376d6d660,hanoi_location,0,0,facebook_20260925_0325,baseline_20260925_032543,2026-09-25T10:48:13.596782+07:00
facebook_c_1069567822737887,facebook,https://www.facebook.com/watch?v=2269228537163265,2269228537163265,"Công chúa nào hè chưa được trở về biển thì tranh thủ ra ngay bờ biển Hawai của Mỹ nhé, anh chị ở Hà Nội có ổn không, cập nhật tình hình ngập úng lụt lội ở khu mình đi các bác ơi  🏊🏻‍♀️🏊🏻‍♀️🏊🏻‍♀️

Sân vận động quốc gia Mỹ Đình ngày 17.9.2026
#sanvandongquocgiamydinh #bienoi #BAO92026",(20+) Video,2026-09-17T05:38:56.000Z,2026-09-17T05:38:56+00:00,"Nguyên Thảo Sự việc qua lăng kính của em Thảo nó Mơ Tây thế nhò, các bác mang cả lồng bàn với lưới ra bắt cá vui",reply,1136057218752763,1136057218752763,1,"Thứ Năm, 17 Tháng 9, 2026 lúc 13:50",2026-09-17T13:50:00+07:00,0,,hanoi_location,0,0,facebook_20260925_0325,baseline_20260925_032543,2026-09-25T10:48:13.597840+07:00
facebook_c_1435069311819190,facebook,https://www.facebook.com/watch?v=2269228537163265,2269228537163265,"Công chúa nào hè chưa được trở về biển thì tranh thủ ra ngay bờ biển Hawai của Mỹ nhé, anh chị ở Hà Nội có ổn không, cập nhật tình hình ngập úng lụt lội ở khu mình đi các bác ơi  🏊🏻‍♀️🏊🏻‍♀️🏊🏻‍♀️

Sân vận động quốc gia Mỹ Đình ngày 17.9.2026
#sanvandongquocgiamydinh #bienoi #BAO92026",(20+) Video,2026-09-17T05:38:56.000Z,2026-09-17T05:38:56+00:00,Phương Trang chèo sup đỉnh luôn ạ. Hôm trc e còn thấy có bác mang ván phản lực ra chơi luôn,reply,1136057218752763,1136057218752763,1,"Thứ Năm, 17 Tháng 9, 2026 lúc 15:01",2026-09-17T15:01:00+07:00,0,,hanoi_location,0,0,facebook_20260925_0325,baseline_20260925_032543,2026-09-25T10:48:13.603790+07:00
facebook_c_1248003705072960,facebook,https://www.facebook.com/watch?v=2269228537163265,2269228537163265,"Công chúa nào hè chưa được trở về biển thì tranh thủ ra ngay bờ biển Hawai của Mỹ nhé, anh chị ở Hà Nội có ổn không, cập nhật tình hình ngập úng lụt lội ở khu mình đi các bác ơi  🏊🏻‍♀️🏊🏻‍♀️🏊🏻‍♀️

Sân vận động quốc gia Mỹ Đình ngày 17.9.2026
#sanvandongquocgiamydinh #bienoi #BAO92026",(20+) Video,2026-09-17T05:38:56.000Z,2026-09-17T05:38:56+00:00,Hoàng Minh Anh,top_level,,1248003705072960,0,"Thứ Năm, 17 Tháng 9, 2026 lúc 16:13",2026-09-17T16:13:00+07:00,0,c3c954bbc33041bae3f6cffa0d65a14d29494bbf,,0,0,facebook_20260925_0325,baseline_20260925_032543,2026-09-25T10:48:13.607296+07:00
facebook_c_1038100239219457,facebook,https://www.facebook.com/watch?v=2269228537163265,2269228537163265,"Công chúa nào hè chưa được trở về biển thì tranh thủ ra ngay bờ biển Hawai của Mỹ nhé, anh chị ở Hà Nội có ổn không, cập nhật tình hình ngập úng lụt lội ở khu mình đi các bác ơi  🏊🏻‍♀️🏊🏻‍♀️🏊🏻‍♀️

Sân vận động quốc gia Mỹ Đình ngày 17.9.2026
#sanvandongquocgiamydinh #bienoi #BAO92026",(20+) Video,2026-09-17T05:38:56.000Z,2026-09-17T05:38:56+00:00,"Phương Phương Xử lý xong rồi c Phương ạ Sáng này Vinhomes có những pha sử lý rất nhanh gọn dứt khoát Lưu ý: - Khu vực từ bùng binh Vườn Nhật ra ĐLTL dềnh sâu, các phương tiện ko qua lại được, bị ùn tắc. - CD có thể lựa chọn di chuyển phương tiện theo tuyến đường từ gầm cầu Cốc (phía sau vinbus) ra ĐLTL ( kv này dềnh nhẹ, phương tiện vẫn di chuyển được) Kính gửi Quý Cư dân : Sau trận mưa kéo dài đêm qua, xin cập nhật tình hình giao thông hiện tại tại KĐT như sau: * Các tuyến đường dềnh nước, ko nên di chuyển: Lối vào KĐT qua Binh đoàn 12 khu vực bùng binh Vườn Nhật ra đại lộ, khu vực trước nhà hàng Nhật qua đường Quang Tiến, lối ra nhà xe F2 từ cầu ánh sáng. * Các tuyến đường dềnh nước, cần lưu ý khi di chuyển: Đường tránh nghĩa trang (khoảng 30cm). Khu vực chân cầu S4 dềnh nhẹ (20-30cm), các phương tiện vẫn lưu thông được. BQL đã bố trí xe bồn hút nước từ sáng sớm nay để xử lý. * Các tuyến còn lại ghi nhận lưu thông bình thường Quý cư dân chủ động cung đường di chuyển phù hợp. Trân trọng",reply,1248003705072960,1248003705072960,1,"Thứ Năm, 17 Tháng 9, 2026 lúc 16:51",2026-09-17T16:51:00+07:00,0,,"flood_state,transport_impact,hanoi_location",0,0,facebook_20260925_0325,baseline_20260925_032543,2026-09-25T10:48:13.615317+07:00
facebook_c_1341668164710567,facebook,https://www.facebook.com/watch?v=2269228537163265,2269228537163265,"Công chúa nào hè chưa được trở về biển thì tranh thủ ra ngay bờ biển Hawai của Mỹ nhé, anh chị ở Hà Nội có ổn không, cập nhật tình hình ngập úng lụt lội ở khu mình đi các bác ơi  🏊🏻‍♀️🏊🏻‍♀️🏊🏻‍♀️

Sân vận động quốc gia Mỹ Đình ngày 17.9.2026
#sanvandongquocgiamydinh #bienoi #BAO92026",(20+) Video,2026-09-17T05:38:56.000Z,2026-09-17T05:38:56+00:00,"Sáng này Vinhomes có những pha sử lý rất nhanh gọn dứt khoát Lưu ý: - Khu vực từ bùng binh Vườn Nhật ra ĐLTL dềnh sâu, các phương tiện ko qua lại được, bị ùn tắc. - CD có thể lựa chọn di chuyển phương tiện theo tuyến đường từ gầm cầu Cốc (phía sau vinbus) ra ĐLTL ( kv này dềnh nhẹ, phương tiện vẫn di chuyển được) Kính gửi Quý Cư dân : Sau trận mưa kéo dài đêm qua, xin cập nhật tình hình giao thông hiện tại tại KĐT như sau: * Các tuyến đường dềnh nước, ko nên di chuyển: Lối vào KĐT qua Binh đoàn 12 khu vực bùng binh Vườn Nhật ra đại lộ, khu vực trước nhà hàng Nhật qua đường Quang Tiến, lối ra nhà xe F2 từ cầu ánh sáng. * Các tuyến đường dềnh nước, cần lưu ý khi di chuyển: Đường tránh nghĩa trang (khoảng 30cm). Khu vực chân cầu S4 dềnh nhẹ (20-30cm), các phương tiện vẫn lưu thông được. BQL đã bố trí xe bồn hút nước từ sáng sớm nay để xử lý. * Các tuyến còn lại ghi nhận lưu thông bình thường Quý cư dân chủ động cung đường di chuyển phù hợp. Trân trọng",top_level,,1341668164710567,0,"Thứ Năm, 17 Tháng 9, 2026 lúc 16:51",2026-09-17T16:51:00+07:00,0,036f335e84e1b36d825ff992cb2dd65638200381,"flood_state,transport_impact,hanoi_location",0,0,facebook_20260925_0325,baseline_20260925_032543,2026-09-25T10:48:13.609317+07:00
facebook_c_1393546565602203,facebook,https://www.facebook.com/watch?v=2269228537163265,2269228537163265,"Công chúa nào hè chưa được trở về biển thì tranh thủ ra ngay bờ biển Hawai của Mỹ nhé, anh chị ở Hà Nội có ổn không, cập nhật tình hình ngập úng lụt lội ở khu mình đi các bác ơi  🏊🏻‍♀️🏊🏻‍♀️🏊🏻‍♀️

Sân vận động quốc gia Mỹ Đình ngày 17.9.2026
#sanvandongquocgiamydinh #bienoi #BAO92026",(20+) Video,2026-09-17T05:38:56.000Z,2026-09-17T05:38:56+00:00,Vẫn thế à chị,top_level,,1393546565602203,0,"Thứ Năm, 17 Tháng 9, 2026 lúc 15:10",2026-09-17T15:10:00+07:00,0,1aaf30be279b820aa6314648a2940dae83fc3000,hanoi_location,0,0,facebook_20260925_0325,baseline_20260925_032543,2026-09-25T10:48:13.597840+07:00
facebook_c_2228036871263103,facebook,https://www.facebook.com/watch?v=2269228537163265,2269228537163265,"Công chúa nào hè chưa được trở về biển thì tranh thủ ra ngay bờ biển Hawai của Mỹ nhé, anh chị ở Hà Nội có ổn không, cập nhật tình hình ngập úng lụt lội ở khu mình đi các bác ơi  🏊🏻‍♀️🏊🏻‍♀️🏊🏻‍♀️

Sân vận động quốc gia Mỹ Đình ngày 17.9.2026
#sanvandongquocgiamydinh #bienoi #BAO92026",(20+) Video,2026-09-17T05:38:56.000Z,2026-09-17T05:38:56+00:00,"Thanh Huyền Nguyễn Y Vân, chắc giờ rút hợ chút rồi , cổng chào an Khánh, Vinsmart vẫn lụt khoảng 50 cm thôi",reply,1393546565602203,1393546565602203,1,"Thứ Năm, 17 Tháng 9, 2026 lúc 15:31",2026-09-17T15:31:00+07:00,0,,"flood_state,hanoi_location",0,0,facebook_20260925_0325,baseline_20260925_032543,2026-09-25T10:48:13.605789+07:00
facebook_c_1626532505799197,facebook,https://www.facebook.com/watch?v=2269228537163265,2269228537163265,"Công chúa nào hè chưa được trở về biển thì tranh thủ ra ngay bờ biển Hawai của Mỹ nhé, anh chị ở Hà Nội có ổn không, cập nhật tình hình ngập úng lụt lội ở khu mình đi các bác ơi  🏊🏻‍♀️🏊🏻‍♀️🏊🏻‍♀️

Sân vận động quốc gia Mỹ Đình ngày 17.9.2026
#sanvandongquocgiamydinh #bienoi #BAO92026",(20+) Video,2026-09-17T05:38:56.000Z,2026-09-17T05:38:56+00:00,"Thanh Huyền Sáng này Vinhomes có những pha sử lý rất nhanh gọn dứt khoát Lưu ý: - Khu vực từ bùng binh Vườn Nhật ra ĐLTL dềnh sâu, các phương tiện ko qua lại được, bị ùn tắc. - CD có thể lựa chọn di chuyển phương tiện theo tuyến đường từ gầm cầu Cốc (phía sau vinbus) ra ĐLTL ( kv này dềnh nhẹ, phương tiện vẫn di chuyển được) Kính gửi Quý Cư dân : Sau trận mưa kéo dài đêm qua, xin cập nhật tình hình giao thông hiện tại tại KĐT như sau: * Các tuyến đường dềnh nước, ko nên di chuyển: Lối vào KĐT qua Binh đoàn 12 khu vực bùng binh Vườn Nhật ra đại lộ, khu vực trước nhà hàng Nhật qua đường Quang Tiến, lối ra nhà xe F2 từ cầu ánh sáng. * Các tuyến đường dềnh nước, cần lưu ý khi di chuyển: Đường tránh nghĩa trang (khoảng 30cm). Khu vực chân cầu S4 dềnh nhẹ (20-30cm), các phương tiện vẫn lưu thông được. BQL đã bố trí xe bồn hút nước từ sáng sớm nay để xử lý. * Các tuyến còn lại ghi nhận lưu thông bình thường Quý cư dân chủ động cung đường di chuyển phù hợp. Trân trọng",reply,1393546565602203,1393546565602203,1,"Thứ Năm, 17 Tháng 9, 2026 lúc 16:52",2026-09-17T16:52:00+07:00,0,,"flood_state,transport_impact,hanoi_location",0,0,facebook_20260925_0325,baseline_20260925_032543,2026-09-25T10:48:13.607296+07:00
facebook_c_1399613281583722,facebook,https://www.facebook.com/watch?v=2269228537163265,2269228537163265,"Công chúa nào hè chưa được trở về biển thì tranh thủ ra ngay bờ biển Hawai của Mỹ nhé, anh chị ở Hà Nội có ổn không, cập nhật tình hình ngập úng lụt lội ở khu mình đi các bác ơi  🏊🏻‍♀️🏊🏻‍♀️🏊🏻‍♀️

Sân vận động quốc gia Mỹ Đình ngày 17.9.2026
#sanvandongquocgiamydinh #bienoi #BAO92026",(20+) Video,2026-09-17T05:38:56.000Z,2026-09-17T05:38:56+00:00,"Cư dân Vinhomesmart City Lưu ý: - Khu vực từ bùng binh Vườn Nhật ra Đại Lộ Thăng Long dềnh sâu, các phương tiện ko qua lại được, bị ùn tắc. - CD có thể lựa chọn di chuyển phương tiện theo tuyến đường từ gầm cầu Cốc (phía sau vinbus) ra ĐLTL ( kv này dềnh nhẹ, phương tiện vẫn di chuyển được) Kính gửi Quý Cư dân : Sau trận mưa kéo dài đêm qua, xin cập nhật tình hình giao thông hiện tại tại KĐT như sau: * Các tuyến đường dềnh nước, ko nên di chuyển: Lối vào KĐT qua Binh đoàn 12 khu vực bùng binh Vườn Nhật ra đại lộ, khu vực trước nhà hàng Nhật qua đường Quang Tiến, lối ra nhà xe F2 từ cầu ánh sáng. * Các tuyến đường dềnh nước, cần lưu ý khi di chuyển: Đường tránh nghĩa trang (khoảng 30cm). Khu vực chân cầu S4 dềnh nhẹ (20-30cm), các phương tiện vẫn lưu thông được. BQL đã bố trí xe bồn hút nước từ sáng sớm nay để xử lý. * Các tuyến còn lại ghi nhận lưu thông bình thường Quý cư dân chủ động cung đường di chuyển phù hợp. Trân trọng.",top_level,,1399613281583722,0,"Thứ Năm, 17 Tháng 9, 2026 lúc 16:47",2026-09-17T16:47:00+07:00,0,036f335e84e1b36d825ff992cb2dd65638200381,"flood_state,transport_impact,hanoi_location",0,0,facebook_20260925_0325,baseline_20260925_032543,2026-09-25T10:48:13.587701+07:00
facebook_c_1400762935565574,facebook,https://www.facebook.com/watch?v=2269228537163265,2269228537163265,"Công chúa nào hè chưa được trở về biển thì tranh thủ ra ngay bờ biển Hawai của Mỹ nhé, anh chị ở Hà Nội có ổn không, cập nhật tình hình ngập úng lụt lội ở khu mình đi các bác ơi  🏊🏻‍♀️🏊🏻‍♀️🏊🏻‍♀️

Sân vận động quốc gia Mỹ Đình ngày 17.9.2026
#sanvandongquocgiamydinh #bienoi #BAO92026",(20+) Video,2026-09-17T05:38:56.000Z,2026-09-17T05:38:56+00:00,"Sáng này Vinhomes có những pha sử lý rất nhanh gọn dứt khoát Lưu ý: - Khu vực từ bùng binh Vườn Nhật ra ĐLTL dềnh sâu, các phương tiện ko qua lại được, bị ùn tắc. - CD có thể lựa chọn di chuyển phương tiện theo tuyến đường từ gầm cầu Cốc (phía sau vinbus) ra ĐLTL ( kv này dềnh nhẹ, phương tiện vẫn di chuyển được) Kính gửi Quý Cư dân : Sau trận mưa kéo dài đêm qua, xin cập nhật tình hình giao thông hiện tại tại KĐT như sau: * Các tuyến đường dềnh nước, ko nên di chuyển: Lối vào KĐT qua Binh đoàn 12 khu vực bùng binh Vườn Nhật ra đại lộ, khu vực trước nhà hàng Nhật qua đường Quang Tiến, lối ra nhà xe F2 từ cầu ánh sáng. * Các tuyến đường dềnh nước, cần lưu ý khi di chuyển: Đường tránh nghĩa trang (khoảng 30cm). Khu vực chân cầu S4 dềnh nhẹ (20-30cm), các phương tiện vẫn lưu thông được. BQL đã bố trí xe bồn hút nước từ sáng sớm nay để xử lý. * Các tuyến còn lại ghi nhận lưu thông bình thường Quý cư dân chủ động cung đường di chuyển phù hợp. Trân trọng",top_level,,1400762935565574,0,"Thứ Năm, 17 Tháng 9, 2026 lúc 16:50",2026-09-17T16:50:00+07:00,0,036f335e84e1b36d825ff992cb2dd65638200381,"flood_state,transport_impact,hanoi_location",0,0,facebook_20260925_0325,baseline_20260925_032543,2026-09-25T10:48:13.612316+07:00
facebook_c_1426106316291070,facebook,https://www.facebook.com/watch?v=2269228537163265,2269228537163265,"Công chúa nào hè chưa được trở về biển thì tranh thủ ra ngay bờ biển Hawai của Mỹ nhé, anh chị ở Hà Nội có ổn không, cập nhật tình hình ngập úng lụt lội ở khu mình đi các bác ơi  🏊🏻‍♀️🏊🏻‍♀️🏊🏻‍♀️

Sân vận động quốc gia Mỹ Đình ngày 17.9.2026
#sanvandongquocgiamydinh #bienoi #BAO92026",(20+) Video,2026-09-17T05:38:56.000Z,2026-09-17T05:38:56+00:00,Nước rút rồi,top_level,,1426106316291070,0,"Thứ Năm, 17 Tháng 9, 2026 lúc 16:37",2026-09-17T16:37:00+07:00,0,d3a1f2afd9b096a6c2dc92be433ad137cb45eff2,,0,0,facebook_20260925_0325,baseline_20260925_032543,2026-09-25T10:48:13.597840+07:00
facebook_c_959927410484236,facebook,https://www.facebook.com/watch?v=2269228537163265,2269228537163265,"Công chúa nào hè chưa được trở về biển thì tranh thủ ra ngay bờ biển Hawai của Mỹ nhé, anh chị ở Hà Nội có ổn không, cập nhật tình hình ngập úng lụt lội ở khu mình đi các bác ơi  🏊🏻‍♀️🏊🏻‍♀️🏊🏻‍♀️

Sân vận động quốc gia Mỹ Đình ngày 17.9.2026
#sanvandongquocgiamydinh #bienoi #BAO92026",(20+) Video,2026-09-17T05:38:56.000Z,2026-09-17T05:38:56+00:00,"Tre Xanh Vầng nước trong Vinsmart xử lý xong rồi ạ Sáng này Vinhomes có những pha sử lý rất nhanh gọn dứt khoát Lưu ý: - Khu vực từ bùng binh Vườn Nhật ra ĐLTL dềnh sâu, các phương tiện ko qua lại được, bị ùn tắc. - CD có thể lựa chọn di chuyển phương tiện theo tuyến đường từ gầm cầu Cốc (phía sau vinbus) ra ĐLTL ( kv này dềnh nhẹ, phương tiện vẫn di chuyển được) Kính gửi Quý Cư dân : Sau trận mưa kéo dài đêm qua, xin cập nhật tình hình giao thông hiện tại tại KĐT như sau: * Các tuyến đường dềnh nước, ko nên di chuyển: Lối vào KĐT qua Binh đoàn 12 khu vực bùng binh Vườn Nhật ra đại lộ, khu vực trước nhà hàng Nhật qua đường Quang Tiến, lối ra nhà xe F2 từ cầu ánh sáng. * Các tuyến đường dềnh nước, cần lưu ý khi di chuyển: Đường tránh nghĩa trang (khoảng 30cm). Khu vực chân cầu S4 dềnh nhẹ (20-30cm), các phương tiện vẫn lưu thông được. BQL đã bố trí xe bồn hút nước từ sáng sớm nay để xử lý. * Các tuyến còn lại ghi nhận lưu thông bình thường Quý cư dân chủ động cung đường di chuyển phù hợp. Trân trọng",reply,1426106316291070,1426106316291070,1,"Thứ Năm, 17 Tháng 9, 2026 lúc 16:50",2026-09-17T16:50:00+07:00,0,,"flood_state,transport_impact,hanoi_location",0,0,facebook_20260925_0325,baseline_20260925_032543,2026-09-25T10:48:13.601816+07:00
facebook_c_1436729291700489,facebook,https://www.facebook.com/watch?v=2269228537163265,2269228537163265,"Công chúa nào hè chưa được trở về biển thì tranh thủ ra ngay bờ biển Hawai của Mỹ nhé, anh chị ở Hà Nội có ổn không, cập nhật tình hình ngập úng lụt lội ở khu mình đi các bác ơi  🏊🏻‍♀️🏊🏻‍♀️🏊🏻‍♀️

Sân vận động quốc gia Mỹ Đình ngày 17.9.2026
#sanvandongquocgiamydinh #bienoi #BAO92026",(20+) Video,2026-09-17T05:38:56.000Z,2026-09-17T05:38:56+00:00,"Sáng này Vinhomes có những pha sử lý rất nhanh gọn dứt khoát Lưu ý: - Khu vực từ bùng binh Vườn Nhật ra ĐLTL dềnh sâu, các phương tiện ko qua lại được, bị ùn tắc. - CD có thể lựa chọn di chuyển phương tiện theo tuyến đường từ gầm cầu Cốc (phía sau vinbus) ra ĐLTL ( kv này dềnh nhẹ, phương tiện vẫn di chuyển được) Kính gửi Quý Cư dân : Sau trận mưa kéo dài đêm qua, xin cập nhật tình hình giao thông hiện tại tại KĐT như sau: * Các tuyến đường dềnh nước, ko nên di chuyển: Lối vào KĐT qua Binh đoàn 12 khu vực bùng binh Vườn Nhật ra đại lộ, khu vực trước nhà hàng Nhật qua đường Quang Tiến, lối ra nhà xe F2 từ cầu ánh sáng. * Các tuyến đường dềnh nước, cần lưu ý khi di chuyển: Đường tránh nghĩa trang (khoảng 30cm). Khu vực chân cầu S4 dềnh nhẹ (20-30cm), các phương tiện vẫn lưu thông được. BQL đã bố trí xe bồn hút nước từ sáng sớm nay để xử lý. * Các tuyến còn lại ghi nhận lưu thông bình thường Quý cư dân chủ động cung đường di chuyển phù hợp. Trân trọng",top_level,,1436729291700489,0,"Thứ Năm, 17 Tháng 9, 2026 lúc 17:09",2026-09-17T17:09:00+07:00,0,036f335e84e1b36d825ff992cb2dd65638200381,"flood_state,transport_impact,hanoi_location",0,0,facebook_20260925_0325,baseline_20260925_032543,2026-09-25T10:48:13.595217+07:00
facebook_c_1579261663404425,facebook,https://www.facebook.com/watch?v=2269228537163265,2269228537163265,"Công chúa nào hè chưa được trở về biển thì tranh thủ ra ngay bờ biển Hawai của Mỹ nhé, anh chị ở Hà Nội có ổn không, cập nhật tình hình ngập úng lụt lội ở khu mình đi các bác ơi  🏊🏻‍♀️🏊🏻‍♀️🏊🏻‍♀️

Sân vận động quốc gia Mỹ Đình ngày 17.9.2026
#sanvandongquocgiamydinh #bienoi #BAO92026",(20+) Video,2026-09-17T05:38:56.000Z,2026-09-17T05:38:56+00:00,Phát triển nóng khi hạn chế tầm nhìn chiến lược. Xưa xem phim ảnh thấy nước ngoài đua ngựa dưới đường cống ngầm mình nghĩ bọn ngoài hành tinh.,top_level,,1579261663404425,0,"Thứ Năm, 17 Tháng 9, 2026 lúc 13:24",2026-09-17T13:24:00+07:00,0,a94dcf5372927629765f43824e6e9beabec927a9,hanoi_location,0,0,facebook_20260925_0325,baseline_20260925_032543,2026-09-25T10:48:13.596782+07:00
facebook_c_1691377348620093,facebook,https://www.facebook.com/watch?v=2269228537163265,2269228537163265,"Công chúa nào hè chưa được trở về biển thì tranh thủ ra ngay bờ biển Hawai của Mỹ nhé, anh chị ở Hà Nội có ổn không, cập nhật tình hình ngập úng lụt lội ở khu mình đi các bác ơi  🏊🏻‍♀️🏊🏻‍♀️🏊🏻‍♀️

Sân vận động quốc gia Mỹ Đình ngày 17.9.2026
#sanvandongquocgiamydinh #bienoi #BAO92026",(20+) Video,2026-09-17T05:38:56.000Z,2026-09-17T05:38:56+00:00,Le Minh Bây giờ ngẫm lại mới thấy nta đi trước mình cả trăm năm nó phải khạc a nhỉ,reply,1579261663404425,1579261663404425,1,"Thứ Năm, 17 Tháng 9, 2026 lúc 13:34",2026-09-17T13:34:00+07:00,0,,transport_impact,0,0,facebook_20260925_0325,baseline_20260925_032543,2026-09-25T10:48:13.598825+07:00
facebook_c_948348741027212,facebook,https://www.facebook.com/watch?v=2269228537163265,2269228537163265,"Công chúa nào hè chưa được trở về biển thì tranh thủ ra ngay bờ biển Hawai của Mỹ nhé, anh chị ở Hà Nội có ổn không, cập nhật tình hình ngập úng lụt lội ở khu mình đi các bác ơi  🏊🏻‍♀️🏊🏻‍♀️🏊🏻‍♀️

Sân vận động quốc gia Mỹ Đình ngày 17.9.2026
#sanvandongquocgiamydinh #bienoi #BAO92026",(20+) Video,2026-09-17T05:38:56.000Z,2026-09-17T05:38:56+00:00,Diệu Thanh Bđs Em xin e nhẩy cái video của bác nhé,reply,1602428637930397,1602428637930397,1,"Thứ Năm, 17 Tháng 9, 2026 lúc 13:17",2026-09-17T13:17:00+07:00,0,,hanoi_location,0,0,facebook_20260925_0325,baseline_20260925_032543,2026-09-25T10:48:13.613315+07:00
facebook_c_1611203340593102,facebook,https://www.facebook.com/watch?v=2269228537163265,2269228537163265,"Công chúa nào hè chưa được trở về biển thì tranh thủ ra ngay bờ biển Hawai của Mỹ nhé, anh chị ở Hà Nội có ổn không, cập nhật tình hình ngập úng lụt lội ở khu mình đi các bác ơi  🏊🏻‍♀️🏊🏻‍♀️🏊🏻‍♀️

Sân vận động quốc gia Mỹ Đình ngày 17.9.2026
#sanvandongquocgiamydinh #bienoi #BAO92026",(20+) Video,2026-09-17T05:38:56.000Z,2026-09-17T05:38:56+00:00,Đây là mấy h vậy? Sáng đi khô cong phóng vèo vèo mà,top_level,,1611203340593102,0,"Thứ Năm, 17 Tháng 9, 2026 lúc 14:10",2026-09-17T14:10:00+07:00,0,72e7da6f9dbe9e401fae09d500de8c0b26d02f4a,transport_impact,0,0,facebook_20260925_0325,baseline_20260925_032543,2026-09-25T10:48:13.596782+07:00
facebook_c_1091785976552876,facebook,https://www.facebook.com/watch?v=2269228537163265,2269228537163265,"Công chúa nào hè chưa được trở về biển thì tranh thủ ra ngay bờ biển Hawai của Mỹ nhé, anh chị ở Hà Nội có ổn không, cập nhật tình hình ngập úng lụt lội ở khu mình đi các bác ơi  🏊🏻‍♀️🏊🏻‍♀️🏊🏻‍♀️

Sân vận động quốc gia Mỹ Đình ngày 17.9.2026
#sanvandongquocgiamydinh #bienoi #BAO92026",(20+) Video,2026-09-17T05:38:56.000Z,2026-09-17T05:38:56+00:00,"Linh Lan Bạn đi ở phố nào , chứ Ciputra với Mỹ Đình Tây Mỗ đang mang lồng bàn ra vớt cá đây",reply,1611203340593102,1611203340593102,1,"Thứ Năm, 17 Tháng 9, 2026 lúc 14:39",2026-09-17T14:39:00+07:00,0,,"transport_impact,hanoi_location",0,0,facebook_20260925_0325,baseline_20260925_032543,2026-09-25T10:48:13.604790+07:00
facebook_c_1629231532247796,facebook,https://www.facebook.com/watch?v=2269228537163265,2269228537163265,"Công chúa nào hè chưa được trở về biển thì tranh thủ ra ngay bờ biển Hawai của Mỹ nhé, anh chị ở Hà Nội có ổn không, cập nhật tình hình ngập úng lụt lội ở khu mình đi các bác ơi  🏊🏻‍♀️🏊🏻‍♀️🏊🏻‍♀️

Sân vận động quốc gia Mỹ Đình ngày 17.9.2026
#sanvandongquocgiamydinh #bienoi #BAO92026",(20+) Video,2026-09-17T05:38:56.000Z,2026-09-17T05:38:56+00:00,Phương Trang Hàm Nghi - Lê Đức Thọ -Lê Quang Đạo - Đại Lộ Thăng Long - Khuất Duy Tiến nha,reply,1611203340593102,1611203340593102,1,"Thứ Năm, 17 Tháng 9, 2026 lúc 14:40",2026-09-17T14:40:00+07:00,0,,hanoi_location,0,0,facebook_20260925_0325,baseline_20260925_032543,2026-09-25T10:48:13.613315+07:00
facebook_c_1620611546286238,facebook,https://www.facebook.com/watch?v=2269228537163265,2269228537163265,"Công chúa nào hè chưa được trở về biển thì tranh thủ ra ngay bờ biển Hawai của Mỹ nhé, anh chị ở Hà Nội có ổn không, cập nhật tình hình ngập úng lụt lội ở khu mình đi các bác ơi  🏊🏻‍♀️🏊🏻‍♀️🏊🏻‍♀️

Sân vận động quốc gia Mỹ Đình ngày 17.9.2026
#sanvandongquocgiamydinh #bienoi #BAO92026",(20+) Video,2026-09-17T05:38:56.000Z,2026-09-17T05:38:56+00:00,"Sáng này Vinhomes có những pha sử lý rất nhanh gọn dứt khoát Lưu ý: - Khu vực từ bùng binh Vườn Nhật ra ĐLTL dềnh sâu, các phương tiện ko qua lại được, bị ùn tắc. - CD có thể lựa chọn di chuyển phương tiện theo tuyến đường từ gầm cầu Cốc (phía sau vinbus) ra ĐLTL ( kv này dềnh nhẹ, phương tiện vẫn di chuyển được) Kính gửi Quý Cư dân : Sau trận mưa kéo dài đêm qua, xin cập nhật tình hình giao thông hiện tại tại KĐT như sau: * Các tuyến đường dềnh nước, ko nên di chuyển: Lối vào KĐT qua Binh đoàn 12 khu vực bùng binh Vườn Nhật ra đại lộ, khu vực trước nhà hàng Nhật qua đường Quang Tiến, lối ra nhà xe F2 từ cầu ánh sáng. * Các tuyến đường dềnh nước, cần lưu ý khi di chuyển: Đường tránh nghĩa trang (khoảng 30cm). Khu vực chân cầu S4 dềnh nhẹ (20-30cm), các phương tiện vẫn lưu thông được. BQL đã bố trí xe bồn hút nước từ sáng sớm nay để xử lý. * Các tuyến còn lại ghi nhận lưu thông bình thường Quý cư dân chủ động cung đường di chuyển phù hợp. Trân trọng",top_level,,1620611546286238,0,"Thứ Năm, 17 Tháng 9, 2026 lúc 16:51",2026-09-17T16:51:00+07:00,0,036f335e84e1b36d825ff992cb2dd65638200381,"flood_state,transport_impact,hanoi_location",0,0,facebook_20260925_0325,baseline_20260925_032543,2026-09-25T10:48:13.589217+07:00
facebook_c_1709111003515270,facebook,https://www.facebook.com/watch?v=2269228537163265,2269228537163265,"Công chúa nào hè chưa được trở về biển thì tranh thủ ra ngay bờ biển Hawai của Mỹ nhé, anh chị ở Hà Nội có ổn không, cập nhật tình hình ngập úng lụt lội ở khu mình đi các bác ơi  🏊🏻‍♀️🏊🏻‍♀️🏊🏻‍♀️

Sân vận động quốc gia Mỹ Đình ngày 17.9.2026
#sanvandongquocgiamydinh #bienoi #BAO92026",(20+) Video,2026-09-17T05:38:56.000Z,2026-09-17T05:38:56+00:00,"Sáng này Vinhomes có những pha sử lý rất nhanh gọn dứt khoát Lưu ý: - Khu vực từ bùng binh Vườn Nhật ra ĐLTL dềnh sâu, các phương tiện ko qua lại được, bị ùn tắc. - CD có thể lựa chọn di chuyển phương tiện theo tuyến đường từ gầm cầu Cốc (phía sau vinbus) ra ĐLTL ( kv này dềnh nhẹ, phương tiện vẫn di chuyển được) Kính gửi Quý Cư dân : Sau trận mưa kéo dài đêm qua, xin cập nhật tình hình giao thông hiện tại tại KĐT như sau: * Các tuyến đường dềnh nước, ko nên di chuyển: Lối vào KĐT qua Binh đoàn 12 khu vực bùng binh Vườn Nhật ra đại lộ, khu vực trước nhà hàng Nhật qua đường Quang Tiến, lối ra nhà xe F2 từ cầu ánh sáng. * Các tuyến đường dềnh nước, cần lưu ý khi di chuyển: Đường tránh nghĩa trang (khoảng 30cm). Khu vực chân cầu S4 dềnh nhẹ (20-30cm), các phương tiện vẫn lưu thông được. BQL đã bố trí xe bồn hút nước từ sáng sớm nay để xử lý. * Các tuyến còn lại ghi nhận lưu thông bình thường Quý cư dân chủ động cung đường di chuyển phù hợp. Trân trọng",top_level,,1709111003515270,0,"Thứ Năm, 17 Tháng 9, 2026 lúc 16:48",2026-09-17T16:48:00+07:00,0,036f335e84e1b36d825ff992cb2dd65638200381,"flood_state,transport_impact,hanoi_location",0,0,facebook_20260925_0325,baseline_20260925_032543,2026-09-25T10:48:13.618548+07:00
facebook_c_1780367316493901,facebook,https://www.facebook.com/watch?v=2269228537163265,2269228537163265,"Công chúa nào hè chưa được trở về biển thì tranh thủ ra ngay bờ biển Hawai của Mỹ nhé, anh chị ở Hà Nội có ổn không, cập nhật tình hình ngập úng lụt lội ở khu mình đi các bác ơi  🏊🏻‍♀️🏊🏻‍♀️🏊🏻‍♀️

Sân vận động quốc gia Mỹ Đình ngày 17.9.2026
#sanvandongquocgiamydinh #bienoi #BAO92026",(20+) Video,2026-09-17T05:38:56.000Z,2026-09-17T05:38:56+00:00,"Dự báo từ nay đến hết năm, trên Biển Đông còn khoảng 3-5 cơn bão, trong đó 1-2 cơn có khả năng ảnh hưởng đến đất liền, khoảng 8-10 đợt mưa lớn trên các vùng miền",top_level,,1780367316493901,0,"Thứ Năm, 17 Tháng 9, 2026 lúc 14:41",2026-09-17T14:41:00+07:00,0,036f335e84e1b36d825ff992cb2dd65638200381,hanoi_location,0,0,facebook_20260925_0325,baseline_20260925_032543,2026-09-25T10:48:13.585174+07:00
facebook_c_1790274535730679,facebook,https://www.facebook.com/watch?v=2269228537163265,2269228537163265,"Công chúa nào hè chưa được trở về biển thì tranh thủ ra ngay bờ biển Hawai của Mỹ nhé, anh chị ở Hà Nội có ổn không, cập nhật tình hình ngập úng lụt lội ở khu mình đi các bác ơi  🏊🏻‍♀️🏊🏻‍♀️🏊🏻‍♀️

Sân vận động quốc gia Mỹ Đình ngày 17.9.2026
#sanvandongquocgiamydinh #bienoi #BAO92026",(20+) Video,2026-09-17T05:38:56.000Z,2026-09-17T05:38:56+00:00,"Sáng này Vinhomes có những pha sử lý rất nhanh gọn dứt khoát Lưu ý: - Khu vực từ bùng binh Vườn Nhật ra ĐLTL dềnh sâu, các phương tiện ko qua lại được, bị ùn tắc. - CD có thể lựa chọn di chuyển phương tiện theo tuyến đường từ gầm cầu Cốc (phía sau vinbus) ra ĐLTL ( kv này dềnh nhẹ, phương tiện vẫn di chuyển được) Kính gửi Quý Cư dân : Sau trận mưa kéo dài đêm qua, xin cập nhật tình hình giao thông hiện tại tại KĐT như sau: * Các tuyến đường dềnh nước, ko nên di chuyển: Lối vào KĐT qua Binh đoàn 12 khu vực bùng binh Vườn Nhật ra đại lộ, khu vực trước nhà hàng Nhật qua đường Quang Tiến, lối ra nhà xe F2 từ cầu ánh sáng. * Các tuyến đường dềnh nước, cần lưu ý khi di chuyển: Đường tránh nghĩa trang (khoảng 30cm). Khu vực chân cầu S4 dềnh nhẹ (20-30cm), các phương tiện vẫn lưu thông được. BQL đã bố trí xe bồn hút nước từ sáng sớm nay để xử lý. * Các tuyến còn lại ghi nhận lưu thông bình thường Quý cư dân chủ động cung đường di chuyển phù hợp. Trân trọng",top_level,,1790274535730679,0,"Thứ Năm, 17 Tháng 9, 2026 lúc 16:53",2026-09-17T16:53:00+07:00,0,036f335e84e1b36d825ff992cb2dd65638200381,"flood_state,transport_impact,hanoi_location",0,0,facebook_20260925_0325,baseline_20260925_032543,2026-09-25T10:48:13.595217+07:00
facebook_c_1832161398225493,facebook,https://www.facebook.com/watch?v=2269228537163265,2269228537163265,"Công chúa nào hè chưa được trở về biển thì tranh thủ ra ngay bờ biển Hawai của Mỹ nhé, anh chị ở Hà Nội có ổn không, cập nhật tình hình ngập úng lụt lội ở khu mình đi các bác ơi  🏊🏻‍♀️🏊🏻‍♀️🏊🏻‍♀️

Sân vận động quốc gia Mỹ Đình ngày 17.9.2026
#sanvandongquocgiamydinh #bienoi #BAO92026",(20+) Video,2026-09-17T05:38:56.000Z,2026-09-17T05:38:56+00:00,khổ rồi lụt quá,top_level,,1832161398225493,0,"Thứ Năm, 17 Tháng 9, 2026 lúc 14:25",2026-09-17T14:25:00+07:00,0,24f5b8c3253a81a10d97b6ba7c1893ebf25cffca,flood_state,0,0,facebook_20260925_0325,baseline_20260925_032543,2026-09-25T10:48:13.607296+07:00
facebook_c_2556143921528681,facebook,https://www.facebook.com/watch?v=2269228537163265,2269228537163265,"Công chúa nào hè chưa được trở về biển thì tranh thủ ra ngay bờ biển Hawai của Mỹ nhé, anh chị ở Hà Nội có ổn không, cập nhật tình hình ngập úng lụt lội ở khu mình đi các bác ơi  🏊🏻‍♀️🏊🏻‍♀️🏊🏻‍♀️

Sân vận động quốc gia Mỹ Đình ngày 17.9.2026
#sanvandongquocgiamydinh #bienoi #BAO92026",(20+) Video,2026-09-17T05:38:56.000Z,2026-09-17T05:38:56+00:00,"Dang Phuong Nga Vui lắm c ơi, sống chung với lũ hehe",reply,1832161398225493,1832161398225493,1,"Thứ Năm, 17 Tháng 9, 2026 lúc 14:27",2026-09-17T14:27:00+07:00,0,,,0,0,facebook_20260925_0325,baseline_20260925_032543,2026-09-25T10:48:13.616824+07:00
facebook_c_900752322918349,facebook,https://www.facebook.com/watch?v=2269228537163265,2269228537163265,"Công chúa nào hè chưa được trở về biển thì tranh thủ ra ngay bờ biển Hawai của Mỹ nhé, anh chị ở Hà Nội có ổn không, cập nhật tình hình ngập úng lụt lội ở khu mình đi các bác ơi  🏊🏻‍♀️🏊🏻‍♀️🏊🏻‍♀️

Sân vận động quốc gia Mỹ Đình ngày 17.9.2026
#sanvandongquocgiamydinh #bienoi #BAO92026",(20+) Video,2026-09-17T05:38:56.000Z,2026-09-17T05:38:56+00:00,"Thu Huế Sáng này Vinhomes có những pha sử lý rất nhanh gọn dứt khoát Lưu ý: - Khu vực từ bùng binh Vườn Nhật ra ĐLTL dềnh sâu, các phương tiện ko qua lại được, bị ùn tắc. - CD có thể lựa chọn di chuyển phương tiện theo tuyến đường từ gầm cầu Cốc (phía sau vinbus) ra ĐLTL ( kv này dềnh nhẹ, phương tiện vẫn di chuyển được) Kính gửi Quý Cư dân : Sau trận mưa kéo dài đêm qua, xin cập nhật tình hình giao thông hiện tại tại KĐT như sau: * Các tuyến đường dềnh nước, ko nên di chuyển: Lối vào KĐT qua Binh đoàn 12 khu vực bùng binh Vườn Nhật ra đại lộ, khu vực trước nhà hàng Nhật qua đường Quang Tiến, lối ra nhà xe F2 từ cầu ánh sáng. * Các tuyến đường dềnh nước, cần lưu ý khi di chuyển: Đường tránh nghĩa trang (khoảng 30cm). Khu vực chân cầu S4 dềnh nhẹ (20-30cm), các phương tiện vẫn lưu thông được. BQL đã bố trí xe bồn hút nước từ sáng sớm nay để xử lý. * Các tuyến còn lại ghi nhận lưu thông bình thường Quý cư dân chủ động cung đường di chuyển phù hợp. Trân trọng",reply,1840850913759960,1840850913759960,1,"Thứ Năm, 17 Tháng 9, 2026 lúc 16:52",2026-09-17T16:52:00+07:00,0,,"flood_state,transport_impact,hanoi_location",0,0,facebook_20260925_0325,baseline_20260925_032543,2026-09-25T10:48:13.615317+07:00
facebook_c_1879118853053584,facebook,https://www.facebook.com/watch?v=2269228537163265,2269228537163265,"Công chúa nào hè chưa được trở về biển thì tranh thủ ra ngay bờ biển Hawai của Mỹ nhé, anh chị ở Hà Nội có ổn không, cập nhật tình hình ngập úng lụt lội ở khu mình đi các bác ơi  🏊🏻‍♀️🏊🏻‍♀️🏊🏻‍♀️

Sân vận động quốc gia Mỹ Đình ngày 17.9.2026
#sanvandongquocgiamydinh #bienoi #BAO92026",(20+) Video,2026-09-17T05:38:56.000Z,2026-09-17T05:38:56+00:00,"Sáng này Vinhomes có những pha sử lý rất nhanh gọn dứt khoát Lưu ý: - Khu vực từ bùng binh Vườn Nhật ra ĐLTL dềnh sâu, các phương tiện ko qua lại được, bị ùn tắc. - CD có thể lựa chọn di chuyển phương tiện theo tuyến đường từ gầm cầu Cốc (phía sau vinbus) ra ĐLTL ( kv này dềnh nhẹ, phương tiện vẫn di chuyển được) Kính gửi Quý Cư dân : Sau trận mưa kéo dài đêm qua, xin cập nhật tình hình giao thông hiện tại tại KĐT như sau: * Các tuyến đường dềnh nước, ko nên di chuyển: Lối vào KĐT qua Binh đoàn 12 khu vực bùng binh Vườn Nhật ra đại lộ, khu vực trước nhà hàng Nhật qua đường Quang Tiến, lối ra nhà xe F2 từ cầu ánh sáng. * Các tuyến đường dềnh nước, cần lưu ý khi di chuyển: Đường tránh nghĩa trang (khoảng 30cm). Khu vực chân cầu S4 dềnh nhẹ (20-30cm), các phương tiện vẫn lưu thông được. BQL đã bố trí xe bồn hút nước từ sáng sớm nay để xử lý. * Các tuyến còn lại ghi nhận lưu thông bình thường Quý cư dân chủ động cung đường di chuyển phù hợp. Trân trọng",top_level,,1879118853053584,0,"Thứ Năm, 17 Tháng 9, 2026 lúc 16:52",2026-09-17T16:52:00+07:00,0,036f335e84e1b36d825ff992cb2dd65638200381,"flood_state,transport_impact,hanoi_location",0,0,facebook_20260925_0325,baseline_20260925_032543,2026-09-25T10:48:13.590252+07:00
facebook_c_2279089556173564,facebook,https://www.facebook.com/watch?v=2269228537163265,2269228537163265,"Công chúa nào hè chưa được trở về biển thì tranh thủ ra ngay bờ biển Hawai của Mỹ nhé, anh chị ở Hà Nội có ổn không, cập nhật tình hình ngập úng lụt lội ở khu mình đi các bác ơi  🏊🏻‍♀️🏊🏻‍♀️🏊🏻‍♀️

Sân vận động quốc gia Mỹ Đình ngày 17.9.2026
#sanvandongquocgiamydinh #bienoi #BAO92026",(20+) Video,2026-09-17T05:38:56.000Z,2026-09-17T05:38:56+00:00,"Sáng này Vinhomes có những pha sử lý rất nhanh gọn dứt khoát Lưu ý: - Khu vực từ bùng binh Vườn Nhật ra ĐLTL dềnh sâu, các phương tiện ko qua lại được, bị ùn tắc. - CD có thể lựa chọn di chuyển phương tiện theo tuyến đường từ gầm cầu Cốc (phía sau vinbus) ra ĐLTL ( kv này dềnh nhẹ, phương tiện vẫn di chuyển được) Kính gửi Quý Cư dân : Sau trận mưa kéo dài đêm qua, xin cập nhật tình hình giao thông hiện tại tại KĐT như sau: * Các tuyến đường dềnh nước, ko nên di chuyển: Lối vào KĐT qua Binh đoàn 12 khu vực bùng binh Vườn Nhật ra đại lộ, khu vực trước nhà hàng Nhật qua đường Quang Tiến, lối ra nhà xe F2 từ cầu ánh sáng. * Các tuyến đường dềnh nước, cần lưu ý khi di chuyển: Đường tránh nghĩa trang (khoảng 30cm). Khu vực chân cầu S4 dềnh nhẹ (20-30cm), các phương tiện vẫn lưu thông được. BQL đã bố trí xe bồn hút nước từ sáng sớm nay để xử lý. * Các tuyến còn lại ghi nhận lưu thông bình thường Quý cư dân chủ động cung đường di chuyển phù hợp. Trân trọng",top_level,,2279089556173564,0,"Thứ Năm, 17 Tháng 9, 2026 lúc 16:52",2026-09-17T16:52:00+07:00,0,036f335e84e1b36d825ff992cb2dd65638200381,"flood_state,transport_impact,hanoi_location",0,0,facebook_20260925_0325,baseline_20260925_032543,2026-09-25T10:48:13.591253+07:00
facebook_c_2293006284780998,facebook,https://www.facebook.com/watch?v=2269228537163265,2269228537163265,"Công chúa nào hè chưa được trở về biển thì tranh thủ ra ngay bờ biển Hawai của Mỹ nhé, anh chị ở Hà Nội có ổn không, cập nhật tình hình ngập úng lụt lội ở khu mình đi các bác ơi  🏊🏻‍♀️🏊🏻‍♀️🏊🏻‍♀️

Sân vận động quốc gia Mỹ Đình ngày 17.9.2026
#sanvandongquocgiamydinh #bienoi #BAO92026",(20+) Video,2026-09-17T05:38:56.000Z,2026-09-17T05:38:56+00:00,"Sáng này Vinhomes có những pha sử lý rất nhanh gọn dứt khoát Lưu ý: - Khu vực từ bùng binh Vườn Nhật ra ĐLTL dềnh sâu, các phương tiện ko qua lại được, bị ùn tắc. - CD có thể lựa chọn di chuyển phương tiện theo tuyến đường từ gầm cầu Cốc (phía sau vinbus) ra ĐLTL ( kv này dềnh nhẹ, phương tiện vẫn di chuyển được) Kính gửi Quý Cư dân : Sau trận mưa kéo dài đêm qua, xin cập nhật tình hình giao thông hiện tại tại KĐT như sau: * Các tuyến đường dềnh nước, ko nên di chuyển: Lối vào KĐT qua Binh đoàn 12 khu vực bùng binh Vườn Nhật ra đại lộ, khu vực trước nhà hàng Nhật qua đường Quang Tiến, lối ra nhà xe F2 từ cầu ánh sáng. * Các tuyến đường dềnh nước, cần lưu ý khi di chuyển: Đường tránh nghĩa trang (khoảng 30cm). Khu vực chân cầu S4 dềnh nhẹ (20-30cm), các phương tiện vẫn lưu thông được. BQL đã bố trí xe bồn hút nước từ sáng sớm nay để xử lý. * Các tuyến còn lại ghi nhận lưu thông bình thường Quý cư dân chủ động cung đường di chuyển phù hợp. Trân trọng",top_level,,2293006284780998,0,"Thứ Năm, 17 Tháng 9, 2026 lúc 16:48",2026-09-17T16:48:00+07:00,0,036f335e84e1b36d825ff992cb2dd65638200381,"flood_state,transport_impact,hanoi_location",0,0,facebook_20260925_0325,baseline_20260925_032543,2026-09-25T10:48:13.617504+07:00
facebook_c_2478875259256931,facebook,https://www.facebook.com/watch?v=2269228537163265,2269228537163265,"Công chúa nào hè chưa được trở về biển thì tranh thủ ra ngay bờ biển Hawai của Mỹ nhé, anh chị ở Hà Nội có ổn không, cập nhật tình hình ngập úng lụt lội ở khu mình đi các bác ơi  🏊🏻‍♀️🏊🏻‍♀️🏊🏻‍♀️

Sân vận động quốc gia Mỹ Đình ngày 17.9.2026
#sanvandongquocgiamydinh #bienoi #BAO92026",(20+) Video,2026-09-17T05:38:56.000Z,2026-09-17T05:38:56+00:00,Sao lại HN đang ngập lụt dữ vậy hả Trang ơi ?,top_level,,2478875259256931,0,"Thứ Năm, 17 Tháng 9, 2026 lúc 14:14",2026-09-17T14:14:00+07:00,0,6a1d182385fce9ccce1ec03d6783740e328c1535,"flood_state,hanoi_location",0,0,facebook_20260925_0325,baseline_20260925_032543,2026-09-25T10:48:13.597840+07:00
facebook_c_872786009133939,facebook,https://www.facebook.com/watch?v=2269228537163265,2269228537163265,"Công chúa nào hè chưa được trở về biển thì tranh thủ ra ngay bờ biển Hawai của Mỹ nhé, anh chị ở Hà Nội có ổn không, cập nhật tình hình ngập úng lụt lội ở khu mình đi các bác ơi  🏊🏻‍♀️🏊🏻‍♀️🏊🏻‍♀️

Sân vận động quốc gia Mỹ Đình ngày 17.9.2026
#sanvandongquocgiamydinh #bienoi #BAO92026",(20+) Video,2026-09-17T05:38:56.000Z,2026-09-17T05:38:56+00:00,Phạm Tường Vi Mưa bão 3-4 ngày liên tiếp rồi bạn ạ,reply,2478875259256931,2478875259256931,1,"Thứ Năm, 17 Tháng 9, 2026 lúc 15:27",2026-09-17T15:27:00+07:00,0,,hanoi_location,0,0,facebook_20260925_0325,baseline_20260925_032543,2026-09-25T10:48:13.599792+07:00
facebook_c_2001258054007056,facebook,https://www.facebook.com/watch?v=2269228537163265,2269228537163265,"Công chúa nào hè chưa được trở về biển thì tranh thủ ra ngay bờ biển Hawai của Mỹ nhé, anh chị ở Hà Nội có ổn không, cập nhật tình hình ngập úng lụt lội ở khu mình đi các bác ơi  🏊🏻‍♀️🏊🏻‍♀️🏊🏻‍♀️

Sân vận động quốc gia Mỹ Đình ngày 17.9.2026
#sanvandongquocgiamydinh #bienoi #BAO92026",(20+) Video,2026-09-17T05:38:56.000Z,2026-09-17T05:38:56+00:00,Phương Trang hết Ls lại tới Hn,reply,2478875259256931,2478875259256931,1,"Thứ Năm, 17 Tháng 9, 2026 lúc 15:52",2026-09-17T15:52:00+07:00,0,,hanoi_location,0,0,facebook_20260925_0325,baseline_20260925_032543,2026-09-25T10:48:13.604790+07:00
facebook_c_1791810855348015,facebook,https://www.facebook.com/watch?v=2269228537163265,2269228537163265,"Công chúa nào hè chưa được trở về biển thì tranh thủ ra ngay bờ biển Hawai của Mỹ nhé, anh chị ở Hà Nội có ổn không, cập nhật tình hình ngập úng lụt lội ở khu mình đi các bác ơi  🏊🏻‍♀️🏊🏻‍♀️🏊🏻‍♀️

Sân vận động quốc gia Mỹ Đình ngày 17.9.2026
#sanvandongquocgiamydinh #bienoi #BAO92026",(20+) Video,2026-09-17T05:38:56.000Z,2026-09-17T05:38:56+00:00,Phạm Tường Vi Lạng Sơn là mưa bão ro và lâu quá bên Trung Quốc xả nước ở đập nên nước nó dềnh lênh láng,reply,2478875259256931,2478875259256931,1,"Thứ Năm, 17 Tháng 9, 2026 lúc 16:52",2026-09-17T16:52:00+07:00,0,,hanoi_location,0,0,facebook_20260925_0325,baseline_20260925_032543,2026-09-25T10:48:13.605789+07:00
facebook_c_28400500616288332,facebook,https://www.facebook.com/watch?v=2269228537163265,2269228537163265,"Công chúa nào hè chưa được trở về biển thì tranh thủ ra ngay bờ biển Hawai của Mỹ nhé, anh chị ở Hà Nội có ổn không, cập nhật tình hình ngập úng lụt lội ở khu mình đi các bác ơi  🏊🏻‍♀️🏊🏻‍♀️🏊🏻‍♀️

Sân vận động quốc gia Mỹ Đình ngày 17.9.2026
#sanvandongquocgiamydinh #bienoi #BAO92026",(20+) Video,2026-09-17T05:38:56.000Z,2026-09-17T05:38:56+00:00,Sang Ocean park c ơi!,top_level,,28400500616288332,0,"Thứ Năm, 17 Tháng 9, 2026 lúc 15:56",2026-09-17T15:56:00+07:00,0,370936d5563de5eaa954fcfcab8cb110fd2ec092,hanoi_location,0,0,facebook_20260925_0325,baseline_20260925_032543,2026-09-25T10:48:13.597840+07:00
facebook_c_2111596332773914,facebook,https://www.facebook.com/watch?v=2269228537163265,2269228537163265,"Công chúa nào hè chưa được trở về biển thì tranh thủ ra ngay bờ biển Hawai của Mỹ nhé, anh chị ở Hà Nội có ổn không, cập nhật tình hình ngập úng lụt lội ở khu mình đi các bác ơi  🏊🏻‍♀️🏊🏻‍♀️🏊🏻‍♀️

Sân vận động quốc gia Mỹ Đình ngày 17.9.2026
#sanvandongquocgiamydinh #bienoi #BAO92026",(20+) Video,2026-09-17T05:38:56.000Z,2026-09-17T05:38:56+00:00,"Hằng Cua Xử lý xong rùi em ơi , thỉnh thoảng lụt tí cho vui Sáng này Vinhomes có những pha sử lý rất nhanh gọn dứt khoát Lưu ý: - Khu vực từ bùng binh Vườn Nhật ra ĐLTL dềnh sâu, các phương tiện ko qua lại được, bị ùn tắc. - CD có thể lựa chọn di chuyển phương tiện theo tuyến đường từ gầm cầu Cốc (phía sau vinbus) ra ĐLTL ( kv này dềnh nhẹ, phương tiện vẫn di chuyển được) Kính gửi Quý Cư dân : Sau trận mưa kéo dài đêm qua, xin cập nhật tình hình giao thông hiện tại tại KĐT như sau: * Các tuyến đường dềnh nước, ko nên di chuyển: Lối vào KĐT qua Binh đoàn 12 khu vực bùng binh Vườn Nhật ra đại lộ, khu vực trước nhà hàng Nhật qua đường Quang Tiến, lối ra nhà xe F2 từ cầu ánh sáng. * Các tuyến đường dềnh nước, cần lưu ý khi di chuyển: Đường tránh nghĩa trang (khoảng 30cm). Khu vực chân cầu S4 dềnh nhẹ (20-30cm), các phương tiện vẫn lưu thông được. BQL đã bố trí xe bồn hút nước từ sáng sớm nay để xử lý. * Các tuyến còn lại ghi nhận lưu thông bình thường Quý cư dân chủ động cung đường di chuyển phù hợp. Trân trọng",reply,28400500616288332,28400500616288332,1,"Thứ Năm, 17 Tháng 9, 2026 lúc 16:49",2026-09-17T16:49:00+07:00,0,,"flood_state,transport_impact,hanoi_location",0,0,facebook_20260925_0325,baseline_20260925_032543,2026-09-25T10:48:13.602792+07:00
facebook_c_4429907150601928,facebook,https://www.facebook.com/watch?v=2269228537163265,2269228537163265,"Công chúa nào hè chưa được trở về biển thì tranh thủ ra ngay bờ biển Hawai của Mỹ nhé, anh chị ở Hà Nội có ổn không, cập nhật tình hình ngập úng lụt lội ở khu mình đi các bác ơi  🏊🏻‍♀️🏊🏻‍♀️🏊🏻‍♀️

Sân vận động quốc gia Mỹ Đình ngày 17.9.2026
#sanvandongquocgiamydinh #bienoi #BAO92026",(20+) Video,2026-09-17T05:38:56.000Z,2026-09-17T05:38:56+00:00,Hằng Cua,reply,28400500616288332,28400500616288332,1,"Thứ Năm, 17 Tháng 9, 2026 lúc 16:49",2026-09-17T16:49:00+07:00,0,,,0,0,facebook_20260925_0325,baseline_20260925_032543,2026-09-25T10:48:13.602792+07:00
facebook_c_1400677595540688,facebook,https://www.facebook.com/watch?v=2269228537163265,2269228537163265,"Công chúa nào hè chưa được trở về biển thì tranh thủ ra ngay bờ biển Hawai của Mỹ nhé, anh chị ở Hà Nội có ổn không, cập nhật tình hình ngập úng lụt lội ở khu mình đi các bác ơi  🏊🏻‍♀️🏊🏻‍♀️🏊🏻‍♀️

Sân vận động quốc gia Mỹ Đình ngày 17.9.2026
#sanvandongquocgiamydinh #bienoi #BAO92026",(20+) Video,2026-09-17T05:38:56.000Z,2026-09-17T05:38:56+00:00,Hằng Cua,reply,28400500616288332,28400500616288332,1,"Thứ Năm, 17 Tháng 9, 2026 lúc 16:49",2026-09-17T16:49:00+07:00,0,,,0,0,facebook_20260925_0325,baseline_20260925_032543,2026-09-25T10:48:13.603790+07:00
facebook_c_1626498365850516,facebook,https://www.facebook.com/watch?v=2269228537163265,2269228537163265,"Công chúa nào hè chưa được trở về biển thì tranh thủ ra ngay bờ biển Hawai của Mỹ nhé, anh chị ở Hà Nội có ổn không, cập nhật tình hình ngập úng lụt lội ở khu mình đi các bác ơi  🏊🏻‍♀️🏊🏻‍♀️🏊🏻‍♀️

Sân vận động quốc gia Mỹ Đình ngày 17.9.2026
#sanvandongquocgiamydinh #bienoi #BAO92026",(20+) Video,2026-09-17T05:38:56.000Z,2026-09-17T05:38:56+00:00,Hằng Cua,reply,28400500616288332,28400500616288332,1,"Thứ Năm, 17 Tháng 9, 2026 lúc 16:49",2026-09-17T16:49:00+07:00,0,,,0,0,facebook_20260925_0325,baseline_20260925_032543,2026-09-25T10:48:13.603790+07:00
facebook_c_2962256257457704,facebook,https://www.facebook.com/watch?v=2269228537163265,2269228537163265,"Công chúa nào hè chưa được trở về biển thì tranh thủ ra ngay bờ biển Hawai của Mỹ nhé, anh chị ở Hà Nội có ổn không, cập nhật tình hình ngập úng lụt lội ở khu mình đi các bác ơi  🏊🏻‍♀️🏊🏻‍♀️🏊🏻‍♀️

Sân vận động quốc gia Mỹ Đình ngày 17.9.2026
#sanvandongquocgiamydinh #bienoi #BAO92026",(20+) Video,2026-09-17T05:38:56.000Z,2026-09-17T05:38:56+00:00,"Thông tin từ Bộ Nông nghiệp và Môi trường cho biết, từ đầu năm 2026 đến ngày 14/9, cả nước đã xảy ra 20/22 loại hình thiên tai trên các vùng miền. Dự báo từ nay đến hết năm 2026, trên Biển Đông còn khoảng 3-5 cơn bão (trong đó 1-2 cơn có khả năng ảnh hưởng đến đất liền) và khoảng 8-10 đợt mưa lớn. Từ đầu năm 2026 đến nay, khu vực Bắc Bộ và Trung Bộ đã xuất hiện 6 đợt lũ. Về thiệt hại, thiên tai đã làm 63 người chết, mất tích; ước tính thiệt hại vật chất hơn 2,221 tỷ đồng (giảm 84,9% thiệt hại về kinh tế so với cùng kỳ năm 2025). Từ nay đến hết năm 2026, ngoài khả năng xuất hiện các trận bão và các đợt mưa lớn kể trên, dự báo đỉnh lũ trên các sông nhỏ khu vực Bắc Bộ và các sông từ Quảng Trị đến Đắk Lắk có thể đạt báo động 2 đến trên báo động 3, tiềm ẩn nguy cơ cao xảy ra lũ quét, sạt lở đất và ngập lụt. Ngoài ra, do tác động của El Nino, lượng mưa tại khu vực Trung Bộ và Nam Bộ trong những tháng cuối năm nay được dự báo có thể thiếu hụt 10%-50%, ảnh hưởng đến sản xuất nông nghiệp và nguồn nước cuối năm 2026. Bộ Nông nghiệp và Môi trường lưu ý, để phòng, chống và ứng phó hiệu quả với mưa lũ, ngập lụt, nhất là tại các đô thị miền núi, cần tổ chức trực ban thường xuyên 24/24 giờ, cập nhật thông tin dự báo, cảnh báo mưa lớn, nguy cơ lũ và ngập lụt, đồng thời truyền tải đầy đủ, kịp thời đến chính quyền các cấp và người dân. Khi có dự báo, cảnh báo mưa lớn, các lực lượng và cộng đồng dân cư cần chủ động khơi thông dòng chảy, cắm biển cảnh báo, đồng thời tổ chức di dời người dân tại những khu vực thường xuyên bị ngập lụt sâu đến nơi an toàn. Việc vận hành hợp lý các hồ chứa cũng được xác định là giải pháp không làm gia tăng ngập lụt cho khu vực hạ du. Về lâu dài, các địa phương cần rà soát, xác định cụ thể nguyên nhân gây ngập, từ đó đề xuất giải pháp phù hợp. Các dự án tiêu thoát lũ, hồ điều hòa cần được đẩy nhanh tiến độ nhằm tăng khả năng trữ nước tạm thời khi xảy ra mưa lớn; nâng cao năng lực hệ thống tiêu thoát nước và triển khai các dự án bố trí, sắp xếp ổn định dân cư tại những khu vực thường xuyên bị ngập lụt sâu. Trước đó, ngày 21/8/2026, Bộ Nông nghiệp và Môi trường đã ban hành Kế hoạch hành động số 3337/QĐ-BNN thực hiện Thông báo số 117-TB/VPTW ngày 4/7/2026 của Văn phòng Trung ương Đảng về kết luận của Tổng Bí thư, Chủ tịch nước về công tác phòng, chống bão, lũ, thiên tai cực đoan và biến đổi khí hậu từ nay đến hết năm 2026. Bộ cũng đang xây dựng Kế hoạch phòng, chống thiên tai quốc gia giai đoạn 2026-2030, trình Thủ tướng Chính phủ phê duyệt, gắn với Chiến lược quốc gia phòng, chống thiên tai đến năm 2030, tầm nhìn đến năm 2050. Ngoài ra, Bộ Nông nghiệp và Môi trường cũng tham mưu Thủ tướng Chính phủ ban hành các Chỉ thị, Công điện, Văn bản của Ban Chỉ đạo Phòng thủ dân sự quốc gia; chỉ đạo ứng phó, khắc phục hậu quả thiên tai, tổ trực ban 24/24 giờ. Các địa phương cũng đã triển khai quyết liệt, hiệu quả, góp phần giảm thiểu thiệt hại về người và tài sản, phục hồi nhanh sản xuất. Về diễn biến thời tiết ngắn hạn, Trung tâm Dự báo Khí tượng thủy văn Quốc gia cho biết cụ thể: Lượng mưa từ 7h đến 16h ngày 16/9 ở các tỉnh trung du, đồng bằng Bắc Bộ, Thanh Hoá đến phía Bắc của tỉnh Nghệ An phổ biến 20-50mm, có nơi trên 100mm như: Xã Trung Hạ (Thanh Hóa) 160mm; Xã Thượng Cốc (Phú Thọ) 76mm; Xã Bình Thành (Thái Nguyên) 61mm… Dự báo, từ chiều tối 16/9 đến đêm 17/9 khu vực Lào Cai, Tuyên Quang, Phú Thọ, Thái Nguyên, Bắc Ninh, Hưng Yên, Ninh Bình, TP. Hà Nội, TP. Hải Phòng, Thanh Hóa và Nghệ An có mưa 50-90mm, có nơi trên 200mm; Lạng Sơn, TP.Hải Phòng, TP. Quảng Ninh và phía Nam tỉnh Sơn La mưa 30-50mm, có nơi trên 90mm,… Đến chiều 16/9, lũ trên sông Bôi (Phú Thọ) đang xuống và > BĐ3; sông Hoàng Long (Ninh Bình) đang lên và trên BĐ3; các sông ở Thanh Hóa: thượng lưu sông Bưởi đang lên > BĐ3; hạ lưu sông Bưởi đang lên < BĐ3; sông Âm tại trạm Lang Chánh > BĐ3. Dự báo trong 24h tới, lũ trên sông Bôi (Phú Thọ) tiếp tục xuống và ở mức BĐ1-BĐ2; sông Hoàng Long (Ninh Bình) tiếp tục lên > BĐ3, sau biến đổi chậm. Lũ trên các sông ở Thanh Hóa: sông Bưởi lên > BĐ3; sông Âm xuống BĐ1; lũ trung lưu sông Mã tiếp tục lên >BĐ2. Sơn La, Phú Thọ, Lào Cai, Tuyên Quang, Thái Nguyên, Quảng Ninh, Thanh Hóa, Nghệ An nguy cơ rất cao, tập trung tại vùng núi, sườn dốc và những nơi đã có mưa lớn kéo dài. Khu vực Hà Nội: Trong đêm 16 và ngày 17/9 mưa to 40-70mm, có nơi trên 100mm.",top_level,,2962256257457704,0,"Thứ Năm, 17 Tháng 9, 2026 lúc 13:33",2026-09-17T13:33:00+07:00,0,036f335e84e1b36d825ff992cb2dd65638200381,"flood_state,transport_impact,hanoi_location",0,0,facebook_20260925_0325,baseline_20260925_032543,2026-09-25T10:48:13.585174+07:00
facebook_c_3834833569991929,facebook,https://www.facebook.com/watch?v=2269228537163265,2269228537163265,"Công chúa nào hè chưa được trở về biển thì tranh thủ ra ngay bờ biển Hawai của Mỹ nhé, anh chị ở Hà Nội có ổn không, cập nhật tình hình ngập úng lụt lội ở khu mình đi các bác ơi  🏊🏻‍♀️🏊🏻‍♀️🏊🏻‍♀️

Sân vận động quốc gia Mỹ Đình ngày 17.9.2026
#sanvandongquocgiamydinh #bienoi #BAO92026",(20+) Video,2026-09-17T05:38:56.000Z,2026-09-17T05:38:56+00:00,"Sáng này Vinhomes có những pha sử lý rất nhanh gọn dứt khoát Lưu ý: - Khu vực từ bùng binh Vườn Nhật ra ĐLTL dềnh sâu, các phương tiện ko qua lại được, bị ùn tắc. - CD có thể lựa chọn di chuyển phương tiện theo tuyến đường từ gầm cầu Cốc (phía sau vinbus) ra ĐLTL ( kv này dềnh nhẹ, phương tiện vẫn di chuyển được) Kính gửi Quý Cư dân : Sau trận mưa kéo dài đêm qua, xin cập nhật tình hình giao thông hiện tại tại KĐT như sau: * Các tuyến đường dềnh nước, ko nên di chuyển: Lối vào KĐT qua Binh đoàn 12 khu vực bùng binh Vườn Nhật ra đại lộ, khu vực trước nhà hàng Nhật qua đường Quang Tiến, lối ra nhà xe F2 từ cầu ánh sáng. * Các tuyến đường dềnh nước, cần lưu ý khi di chuyển: Đường tránh nghĩa trang (khoảng 30cm). Khu vực chân cầu S4 dềnh nhẹ (20-30cm), các phương tiện vẫn lưu thông được. BQL đã bố trí xe bồn hút nước từ sáng sớm nay để xử lý. * Các tuyến còn lại ghi nhận lưu thông bình thường Quý cư dân chủ động cung đường di chuyển phù hợp. Trân trọng",top_level,,3834833569991929,0,"Thứ Năm, 17 Tháng 9, 2026 lúc 16:53",2026-09-17T16:53:00+07:00,0,036f335e84e1b36d825ff992cb2dd65638200381,"flood_state,transport_impact,hanoi_location",0,0,facebook_20260925_0325,baseline_20260925_032543,2026-09-25T10:48:13.593218+07:00
facebook_c_900744079568953,facebook,https://www.facebook.com/watch?v=2269228537163265,2269228537163265,"Công chúa nào hè chưa được trở về biển thì tranh thủ ra ngay bờ biển Hawai của Mỹ nhé, anh chị ở Hà Nội có ổn không, cập nhật tình hình ngập úng lụt lội ở khu mình đi các bác ơi  🏊🏻‍♀️🏊🏻‍♀️🏊🏻‍♀️

Sân vận động quốc gia Mỹ Đình ngày 17.9.2026
#sanvandongquocgiamydinh #bienoi #BAO92026",(20+) Video,2026-09-17T05:38:56.000Z,2026-09-17T05:38:56+00:00,"Sáng này Vinhomes có những pha sử lý rất nhanh gọn dứt khoát Lưu ý: - Khu vực từ bùng binh Vườn Nhật ra ĐLTL dềnh sâu, các phương tiện ko qua lại được, bị ùn tắc. - CD có thể lựa chọn di chuyển phương tiện theo tuyến đường từ gầm cầu Cốc (phía sau vinbus) ra ĐLTL ( kv này dềnh nhẹ, phương tiện vẫn di chuyển được) Kính gửi Quý Cư dân : Sau trận mưa kéo dài đêm qua, xin cập nhật tình hình giao thông hiện tại tại KĐT như sau: * Các tuyến đường dềnh nước, ko nên di chuyển: Lối vào KĐT qua Binh đoàn 12 khu vực bùng binh Vườn Nhật ra đại lộ, khu vực trước nhà hàng Nhật qua đường Quang Tiến, lối ra nhà xe F2 từ cầu ánh sáng. * Các tuyến đường dềnh nước, cần lưu ý khi di chuyển: Đường tránh nghĩa trang (khoảng 30cm). Khu vực chân cầu S4 dềnh nhẹ (20-30cm), các phương tiện vẫn lưu thông được. BQL đã bố trí xe bồn hút nước từ sáng sớm nay để xử lý. * Các tuyến còn lại ghi nhận lưu thông bình thường Quý cư dân chủ động cung đường di chuyển phù hợp. Trân trọng",top_level,,900744079568953,0,"Thứ Năm, 17 Tháng 9, 2026 lúc 16:50",2026-09-17T16:50:00+07:00,0,036f335e84e1b36d825ff992cb2dd65638200381,"flood_state,transport_impact,hanoi_location",0,0,facebook_20260925_0325,baseline_20260925_032543,2026-09-25T10:48:13.610317+07:00
facebook_c_2543849132782368,facebook,https://www.facebook.com/photo?fbid=2299099390888497,2299099390888497,"CẦU MONG
Thơ : Nghĩa Công Bội. 
Ảnh : Internet ( st ).
               *****
Trời cao có thấu cho đời
Trung Thu sắp đến sân chơi tuổi hồng 
Mây tràn nước đổ mênh mông 
Đường đi ngập úng giữa đồng lúa kêu

Nước tiêu máy chạy rất đều
Sầm sập tuần lễ tiếng kêu mái nhà
Ông trời xin hãy vị tha
Để cho trăng tỏa thắm quà trẻ thơ

Chờ mong mưa tạnh từng giờ
Trăng vì trẻ nhỏ mộng mơ tiệc rằm
Tưng bừng ngày tết của năm 
Tuổi thơ thổn thức đêm nằm vẫn mưa

Trời ơi nước đã dư thừa
Nhiều nơi sạt lở chẳng ưa chút nào 
Đêm về thiếu những vì sao
Sầm sập không ngớt lúc nào nước rơi

Ngàn năm vẫn chuyện ông trời
Hãy vì trẻ nhỏ ngừng rơi tức thì
Trăng vàng tỏa sáng nhịp đi
Ngàn năm khát vọng mãi vì trẻ thơ.
20/9/2026",(20+) Facebook,2026-09-19T23:22:00.000Z,2026-09-19T23:22:00+00:00,Bài Thơ hay lắm ạ. Chúc mừng Tg nhé. Chúc Tg buổi Sáng có nhiều niềm vui và hạnh phúc....,top_level,,2543849132782368,0,"Thứ bảy, 19 Tháng 9, 2026 lúc 19:13",2026-09-19T19:13:00+07:00,0,053c0adb8158eff4bd7e46bd2d13f5c82cc4660a,,0,0,facebook_20260925_0325,baseline_20260925_032543,2026-09-25T10:39:06.319155+07:00
facebook_c_942109682289823,facebook,https://www.facebook.com/watch?v=2866688097017408,2866688097017408,"🚫  𝐓𝐀̣𝐌 𝐃𝐔̛̀𝐍𝐆 𝐗𝐄 𝐓𝐑𝐔𝐍𝐆 𝐂𝐇𝐔𝐘𝐄̂̉𝐍 𝐃𝐎 𝐍𝐆𝐀̣̂𝐏 𝐋𝐔̣𝐓

Do ảnh hưởng của mưa lớn, nhiều tuyến đường vào khu vực văn phòng Mỹ Đình hiện đang bị ngập lụt sâu , nên xe không thể di chuyển được  

Vì lý do an toàn, trước mắt trong hôm nay (17/9) , xe trung chuyển Mỹ Đình của nhà xe Hải Hà sẽ tạm dừng hoạt động.
 👉 Các chuyến xe tại bến Giáp Bát vẫn hoạt động bình thường.

👉 Quý khách lưu ý: nếu tình hình ngập rút, nhà xe sẽ thông báo trung chuyển trở lại bình thường . 

👉 Hành khách di chuyển tại cả hai đầu Thanh Hóa – Hà Nội vui lòng chủ động sắp xếp 

Nhà xe rất mong Quý khách thông cảm và theo dõi thêm thông báo tiếp theo để cập nhật tình hình.

Xin cảm ơn sự đồng hành của Quý khách!

*******************************************
  ⚜️ NHÀ XE HẢI HÀ ⚜️ 
☎ 𝐇𝐨𝐭𝐥𝐢𝐧𝐞 : 0966.223.966 - 0966.723.966
📍 𝐖𝐞𝐛𝐬𝐢𝐭𝐞 : https://www.facebook.com/HaiHaHauLoc",(20+) Video,2026-09-17T00:51:42.000Z,2026-09-17T00:51:42+00:00,rep tn em nhà xe ơi,top_level,,942109682289823,0,"Thứ Năm, 17 Tháng 9, 2026 lúc 11:53",2026-09-17T11:53:00+07:00,0,4a3e54c5b47fec382ff8673e06edc04a5efe3075,hanoi_location,0,0,facebook_20260925_0325,baseline_20260925_032543,2026-09-25T10:54:56.693943+07:00
facebook_c_1325781769076432,facebook,https://www.facebook.com/watch?v=3224096434414623,3224096434414623,"🆘CẬP NHẬT CÁC TUYỀN ĐƯỠNG ĐÃ NGẬP TẠI HÀ NỘI SÁNG NAY 7/10🆘

-Đàm Quang Trung qua Aeon mall, Long Biên
-Linh Đàm, Keangnam, Nguyễn Chí Thanh, Liễu Giai, -Văn Cao, dọc đường Láng Hạ và Thái Hà
• Đoạn qua bến xe Mỹ Đình
-Đại lộ Thăng Long rẽ ra Khuất Duy Tiến, Nguyễn Xiến
-Phố Phan Văn Trường, Cầu Giấy
- Bến xe Yên Nghĩa
-Ngã tư Xuân Thuỷ - Hồ Tùng Mậu
-Nguyễn Cảnh Dị - Định Công
& Đường Nguyễn Khánh Toàn trước công viên Nghĩa Đô đã ngập
- Cầu vượt Mai dịch ùn cục bộ cả trên và dưới từ Phạm Văn Đồng về bến xe Mỹ Đình
-Nút Tố Hữu- Vũ Trọng Khánh ngập sâu, di chuyển khó khăn; đã có lực lượng chức năng;!
-Nút Quang Trung- Lê Trọng Tấn (Hà Đông) ngập, di chuyến khó khăn
- Đường Đào Tấn. Ngã 4 Liêu Giai - Đào Tấn ngập sâu cả 2 chiều sâu. Phương tiện không di chuyến được.
• Nút Phạm Tu- Câu Bươu ngập 50cm; các phương tiên chọn lộ trình khác; các xe gâm thâp và xe mô tô không cô di chuyên.
Đội Cảnh sát giao thông số 6 thông tin:
- Vành đai 3 trên cao (đoạn Keangnam đến Cung thiếu nhi)
ngập 30cm
- Lê Đức Thọ - Tân Mỹ: ngập 40cm
- Lê Quang Đạo - trước quảng trường SVĐ: ngập 40cm
- Đường gom Đại lộ Thăng Long - trước bảo tàng quân sự: ngập 50cm
- Cả 2 chiều đường Phạm Hùng (đoạn chân cầu vượt Mai
Dịch): ngập 40cm

** Ảnh: Nút giao ngã 4 BigC Thăng Long, vành đai 3 Phạm Hùng hiện đã chìm trong biển nước   #hungthammy #buimanhhung #PhongThuyThamMy #xemtay",(20+) Video,2025-10-07T06:00:30.000Z,2025-10-07T06:00:30+00:00,"Thương các phương tiện phải đi các tuyến đg ngập, vất vả và nguy hiểm",top_level,,1325781769076432,0,"Thứ Ba, 7 Tháng 10, 2025 lúc 21:12",2025-10-07T21:12:00+07:00,0,75f800263db337502556e0d697c601e3dadaa628,"flood_state,transport_impact,hanoi_location",0,0,facebook_20260925_0325,baseline_20260925_032543,2026-09-25T10:33:10.242166+07:00
facebook_c_1532846114726373,facebook,https://www.facebook.com/watch?v=3224096434414623,3224096434414623,"🆘CẬP NHẬT CÁC TUYỀN ĐƯỠNG ĐÃ NGẬP TẠI HÀ NỘI SÁNG NAY 7/10🆘

-Đàm Quang Trung qua Aeon mall, Long Biên
-Linh Đàm, Keangnam, Nguyễn Chí Thanh, Liễu Giai, -Văn Cao, dọc đường Láng Hạ và Thái Hà
• Đoạn qua bến xe Mỹ Đình
-Đại lộ Thăng Long rẽ ra Khuất Duy Tiến, Nguyễn Xiến
-Phố Phan Văn Trường, Cầu Giấy
- Bến xe Yên Nghĩa
-Ngã tư Xuân Thuỷ - Hồ Tùng Mậu
-Nguyễn Cảnh Dị - Định Công
& Đường Nguyễn Khánh Toàn trước công viên Nghĩa Đô đã ngập
- Cầu vượt Mai dịch ùn cục bộ cả trên và dưới từ Phạm Văn Đồng về bến xe Mỹ Đình
-Nút Tố Hữu- Vũ Trọng Khánh ngập sâu, di chuyển khó khăn; đã có lực lượng chức năng;!
-Nút Quang Trung- Lê Trọng Tấn (Hà Đông) ngập, di chuyến khó khăn
- Đường Đào Tấn. Ngã 4 Liêu Giai - Đào Tấn ngập sâu cả 2 chiều sâu. Phương tiện không di chuyến được.
• Nút Phạm Tu- Câu Bươu ngập 50cm; các phương tiên chọn lộ trình khác; các xe gâm thâp và xe mô tô không cô di chuyên.
Đội Cảnh sát giao thông số 6 thông tin:
- Vành đai 3 trên cao (đoạn Keangnam đến Cung thiếu nhi)
ngập 30cm
- Lê Đức Thọ - Tân Mỹ: ngập 40cm
- Lê Quang Đạo - trước quảng trường SVĐ: ngập 40cm
- Đường gom Đại lộ Thăng Long - trước bảo tàng quân sự: ngập 50cm
- Cả 2 chiều đường Phạm Hùng (đoạn chân cầu vượt Mai
Dịch): ngập 40cm

** Ảnh: Nút giao ngã 4 BigC Thăng Long, vành đai 3 Phạm Hùng hiện đã chìm trong biển nước   #hungthammy #buimanhhung #PhongThuyThamMy #xemtay",(20+) Video,2025-10-07T06:00:30.000Z,2025-10-07T06:00:30+00:00,Nga Hoang Quoc Viet,reply,1325781769076432,1325781769076432,1,"Thứ Tư, 8 Tháng 10, 2025 lúc 21:25",2025-10-08T21:25:00+07:00,0,,,0,0,facebook_20260925_0325,baseline_20260925_032543,2026-09-25T10:33:10.243166+07:00
facebook_c_766414433056094,facebook,https://www.facebook.com/watch?v=3224096434414623,3224096434414623,"🆘CẬP NHẬT CÁC TUYỀN ĐƯỠNG ĐÃ NGẬP TẠI HÀ NỘI SÁNG NAY 7/10🆘

-Đàm Quang Trung qua Aeon mall, Long Biên
-Linh Đàm, Keangnam, Nguyễn Chí Thanh, Liễu Giai, -Văn Cao, dọc đường Láng Hạ và Thái Hà
• Đoạn qua bến xe Mỹ Đình
-Đại lộ Thăng Long rẽ ra Khuất Duy Tiến, Nguyễn Xiến
-Phố Phan Văn Trường, Cầu Giấy
- Bến xe Yên Nghĩa
-Ngã tư Xuân Thuỷ - Hồ Tùng Mậu
-Nguyễn Cảnh Dị - Định Công
& Đường Nguyễn Khánh Toàn trước công viên Nghĩa Đô đã ngập
- Cầu vượt Mai dịch ùn cục bộ cả trên và dưới từ Phạm Văn Đồng về bến xe Mỹ Đình
-Nút Tố Hữu- Vũ Trọng Khánh ngập sâu, di chuyển khó khăn; đã có lực lượng chức năng;!
-Nút Quang Trung- Lê Trọng Tấn (Hà Đông) ngập, di chuyến khó khăn
- Đường Đào Tấn. Ngã 4 Liêu Giai - Đào Tấn ngập sâu cả 2 chiều sâu. Phương tiện không di chuyến được.
• Nút Phạm Tu- Câu Bươu ngập 50cm; các phương tiên chọn lộ trình khác; các xe gâm thâp và xe mô tô không cô di chuyên.
Đội Cảnh sát giao thông số 6 thông tin:
- Vành đai 3 trên cao (đoạn Keangnam đến Cung thiếu nhi)
ngập 30cm
- Lê Đức Thọ - Tân Mỹ: ngập 40cm
- Lê Quang Đạo - trước quảng trường SVĐ: ngập 40cm
- Đường gom Đại lộ Thăng Long - trước bảo tàng quân sự: ngập 50cm
- Cả 2 chiều đường Phạm Hùng (đoạn chân cầu vượt Mai
Dịch): ngập 40cm

** Ảnh: Nút giao ngã 4 BigC Thăng Long, vành đai 3 Phạm Hùng hiện đã chìm trong biển nước   #hungthammy #buimanhhung #PhongThuyThamMy #xemtay",(20+) Video,2025-10-07T06:00:30.000Z,2025-10-07T06:00:30+00:00,Chi mưa cũng nghỉ làm luôn ở nhà buồn quá!,top_level,,766414433056094,0,"Thứ Ba, 7 Tháng 10, 2025 lúc 14:13",2025-10-07T14:13:00+07:00,0,27fd6c93e9a146324b3c9082033509e2d7eaf971,hanoi_location,0,0,facebook_20260925_0325,baseline_20260925_032543,2026-09-25T10:33:10.243671+07:00
facebook_c_1087907936756384,facebook,https://www.facebook.com/watch?v=3224096434414623,3224096434414623,"🆘CẬP NHẬT CÁC TUYỀN ĐƯỠNG ĐÃ NGẬP TẠI HÀ NỘI SÁNG NAY 7/10🆘

-Đàm Quang Trung qua Aeon mall, Long Biên
-Linh Đàm, Keangnam, Nguyễn Chí Thanh, Liễu Giai, -Văn Cao, dọc đường Láng Hạ và Thái Hà
• Đoạn qua bến xe Mỹ Đình
-Đại lộ Thăng Long rẽ ra Khuất Duy Tiến, Nguyễn Xiến
-Phố Phan Văn Trường, Cầu Giấy
- Bến xe Yên Nghĩa
-Ngã tư Xuân Thuỷ - Hồ Tùng Mậu
-Nguyễn Cảnh Dị - Định Công
& Đường Nguyễn Khánh Toàn trước công viên Nghĩa Đô đã ngập
- Cầu vượt Mai dịch ùn cục bộ cả trên và dưới từ Phạm Văn Đồng về bến xe Mỹ Đình
-Nút Tố Hữu- Vũ Trọng Khánh ngập sâu, di chuyển khó khăn; đã có lực lượng chức năng;!
-Nút Quang Trung- Lê Trọng Tấn (Hà Đông) ngập, di chuyến khó khăn
- Đường Đào Tấn. Ngã 4 Liêu Giai - Đào Tấn ngập sâu cả 2 chiều sâu. Phương tiện không di chuyến được.
• Nút Phạm Tu- Câu Bươu ngập 50cm; các phương tiên chọn lộ trình khác; các xe gâm thâp và xe mô tô không cô di chuyên.
Đội Cảnh sát giao thông số 6 thông tin:
- Vành đai 3 trên cao (đoạn Keangnam đến Cung thiếu nhi)
ngập 30cm
- Lê Đức Thọ - Tân Mỹ: ngập 40cm
- Lê Quang Đạo - trước quảng trường SVĐ: ngập 40cm
- Đường gom Đại lộ Thăng Long - trước bảo tàng quân sự: ngập 50cm
- Cả 2 chiều đường Phạm Hùng (đoạn chân cầu vượt Mai
Dịch): ngập 40cm

** Ảnh: Nút giao ngã 4 BigC Thăng Long, vành đai 3 Phạm Hùng hiện đã chìm trong biển nước   #hungthammy #buimanhhung #PhongThuyThamMy #xemtay",(20+) Video,2025-10-07T06:00:30.000Z,2025-10-07T06:00:30+00:00,Vũ Hạnh dưới đó to k c,reply,766414433056094,766414433056094,1,"Thứ Ba, 7 Tháng 10, 2025 lúc 15:11",2025-10-07T15:11:00+07:00,0,,,0,0,facebook_20260925_0325,baseline_20260925_032543,2026-09-25T10:33:10.244176+07:00
facebook_c_790641780338372,facebook,https://www.facebook.com/watch?v=3224096434414623,3224096434414623,"🆘CẬP NHẬT CÁC TUYỀN ĐƯỠNG ĐÃ NGẬP TẠI HÀ NỘI SÁNG NAY 7/10🆘

-Đàm Quang Trung qua Aeon mall, Long Biên
-Linh Đàm, Keangnam, Nguyễn Chí Thanh, Liễu Giai, -Văn Cao, dọc đường Láng Hạ và Thái Hà
• Đoạn qua bến xe Mỹ Đình
-Đại lộ Thăng Long rẽ ra Khuất Duy Tiến, Nguyễn Xiến
-Phố Phan Văn Trường, Cầu Giấy
- Bến xe Yên Nghĩa
-Ngã tư Xuân Thuỷ - Hồ Tùng Mậu
-Nguyễn Cảnh Dị - Định Công
& Đường Nguyễn Khánh Toàn trước công viên Nghĩa Đô đã ngập
- Cầu vượt Mai dịch ùn cục bộ cả trên và dưới từ Phạm Văn Đồng về bến xe Mỹ Đình
-Nút Tố Hữu- Vũ Trọng Khánh ngập sâu, di chuyển khó khăn; đã có lực lượng chức năng;!
-Nút Quang Trung- Lê Trọng Tấn (Hà Đông) ngập, di chuyến khó khăn
- Đường Đào Tấn. Ngã 4 Liêu Giai - Đào Tấn ngập sâu cả 2 chiều sâu. Phương tiện không di chuyến được.
• Nút Phạm Tu- Câu Bươu ngập 50cm; các phương tiên chọn lộ trình khác; các xe gâm thâp và xe mô tô không cô di chuyên.
Đội Cảnh sát giao thông số 6 thông tin:
- Vành đai 3 trên cao (đoạn Keangnam đến Cung thiếu nhi)
ngập 30cm
- Lê Đức Thọ - Tân Mỹ: ngập 40cm
- Lê Quang Đạo - trước quảng trường SVĐ: ngập 40cm
- Đường gom Đại lộ Thăng Long - trước bảo tàng quân sự: ngập 50cm
- Cả 2 chiều đường Phạm Hùng (đoạn chân cầu vượt Mai
Dịch): ngập 40cm

** Ảnh: Nút giao ngã 4 BigC Thăng Long, vành đai 3 Phạm Hùng hiện đã chìm trong biển nước   #hungthammy #buimanhhung #PhongThuyThamMy #xemtay",(20+) Video,2025-10-07T06:00:30.000Z,2025-10-07T06:00:30+00:00,Bùi Mạnh Hùng chi ở trên hn mà cuối tuần mới về hạ long em ạ,reply,766414433056094,766414433056094,1,"Thứ Ba, 7 Tháng 10, 2025 lúc 17:50",2025-10-07T17:50:00+07:00,0,,hanoi_location,0,0,facebook_20260925_0325,baseline_20260925_032543,2026-09-25T10:33:10.245603+07:00
facebook_c_792699050405705,facebook,https://www.facebook.com/watch?v=3224096434414623,3224096434414623,"🆘CẬP NHẬT CÁC TUYỀN ĐƯỠNG ĐÃ NGẬP TẠI HÀ NỘI SÁNG NAY 7/10🆘

-Đàm Quang Trung qua Aeon mall, Long Biên
-Linh Đàm, Keangnam, Nguyễn Chí Thanh, Liễu Giai, -Văn Cao, dọc đường Láng Hạ và Thái Hà
• Đoạn qua bến xe Mỹ Đình
-Đại lộ Thăng Long rẽ ra Khuất Duy Tiến, Nguyễn Xiến
-Phố Phan Văn Trường, Cầu Giấy
- Bến xe Yên Nghĩa
-Ngã tư Xuân Thuỷ - Hồ Tùng Mậu
-Nguyễn Cảnh Dị - Định Công
& Đường Nguyễn Khánh Toàn trước công viên Nghĩa Đô đã ngập
- Cầu vượt Mai dịch ùn cục bộ cả trên và dưới từ Phạm Văn Đồng về bến xe Mỹ Đình
-Nút Tố Hữu- Vũ Trọng Khánh ngập sâu, di chuyển khó khăn; đã có lực lượng chức năng;!
-Nút Quang Trung- Lê Trọng Tấn (Hà Đông) ngập, di chuyến khó khăn
- Đường Đào Tấn. Ngã 4 Liêu Giai - Đào Tấn ngập sâu cả 2 chiều sâu. Phương tiện không di chuyến được.
• Nút Phạm Tu- Câu Bươu ngập 50cm; các phương tiên chọn lộ trình khác; các xe gâm thâp và xe mô tô không cô di chuyên.
Đội Cảnh sát giao thông số 6 thông tin:
- Vành đai 3 trên cao (đoạn Keangnam đến Cung thiếu nhi)
ngập 30cm
- Lê Đức Thọ - Tân Mỹ: ngập 40cm
- Lê Quang Đạo - trước quảng trường SVĐ: ngập 40cm
- Đường gom Đại lộ Thăng Long - trước bảo tàng quân sự: ngập 50cm
- Cả 2 chiều đường Phạm Hùng (đoạn chân cầu vượt Mai
Dịch): ngập 40cm

** Ảnh: Nút giao ngã 4 BigC Thăng Long, vành đai 3 Phạm Hùng hiện đã chìm trong biển nước   #hungthammy #buimanhhung #PhongThuyThamMy #xemtay",(20+) Video,2025-10-07T06:00:30.000Z,2025-10-07T06:00:30+00:00,"Hà Lội mùa này có những cơn mưa Cái ướt mùa mưa , xe e trôi trời ơi nó bực Cái váy e bay ,ta đưa nhau từng chiều tan lớp Đường ngập như xưa , Hà Lội đón ta về .",top_level,,792699050405705,0,"Thứ Ba, 7 Tháng 10, 2025 lúc 13:31",2025-10-07T13:31:00+07:00,0,8b6645363d3f4be54ef62487d413ebe5d5f0aabe,"flood_state,hanoi_location",0,0,facebook_20260925_0325,baseline_20260925_032543,2026-09-25T10:33:10.244176+07:00
facebook_c_2258371081331025,facebook,https://www.facebook.com/watch?v=3224096434414623,3224096434414623,"🆘CẬP NHẬT CÁC TUYỀN ĐƯỠNG ĐÃ NGẬP TẠI HÀ NỘI SÁNG NAY 7/10🆘

-Đàm Quang Trung qua Aeon mall, Long Biên
-Linh Đàm, Keangnam, Nguyễn Chí Thanh, Liễu Giai, -Văn Cao, dọc đường Láng Hạ và Thái Hà
• Đoạn qua bến xe Mỹ Đình
-Đại lộ Thăng Long rẽ ra Khuất Duy Tiến, Nguyễn Xiến
-Phố Phan Văn Trường, Cầu Giấy
- Bến xe Yên Nghĩa
-Ngã tư Xuân Thuỷ - Hồ Tùng Mậu
-Nguyễn Cảnh Dị - Định Công
& Đường Nguyễn Khánh Toàn trước công viên Nghĩa Đô đã ngập
- Cầu vượt Mai dịch ùn cục bộ cả trên và dưới từ Phạm Văn Đồng về bến xe Mỹ Đình
-Nút Tố Hữu- Vũ Trọng Khánh ngập sâu, di chuyển khó khăn; đã có lực lượng chức năng;!
-Nút Quang Trung- Lê Trọng Tấn (Hà Đông) ngập, di chuyến khó khăn
- Đường Đào Tấn. Ngã 4 Liêu Giai - Đào Tấn ngập sâu cả 2 chiều sâu. Phương tiện không di chuyến được.
• Nút Phạm Tu- Câu Bươu ngập 50cm; các phương tiên chọn lộ trình khác; các xe gâm thâp và xe mô tô không cô di chuyên.
Đội Cảnh sát giao thông số 6 thông tin:
- Vành đai 3 trên cao (đoạn Keangnam đến Cung thiếu nhi)
ngập 30cm
- Lê Đức Thọ - Tân Mỹ: ngập 40cm
- Lê Quang Đạo - trước quảng trường SVĐ: ngập 40cm
- Đường gom Đại lộ Thăng Long - trước bảo tàng quân sự: ngập 50cm
- Cả 2 chiều đường Phạm Hùng (đoạn chân cầu vượt Mai
Dịch): ngập 40cm

** Ảnh: Nút giao ngã 4 BigC Thăng Long, vành đai 3 Phạm Hùng hiện đã chìm trong biển nước   #hungthammy #buimanhhung #PhongThuyThamMy #xemtay",(20+) Video,2025-10-07T06:00:30.000Z,2025-10-07T06:00:30+00:00,Hiền Trần tự nhiên nhiều nhà có view sông viêu hồ view biển,reply,792699050405705,792699050405705,1,"Thứ Ba, 7 Tháng 10, 2025 lúc 15:12",2025-10-07T15:12:00+07:00,0,,hanoi_location,0,0,facebook_20260925_0325,baseline_20260925_032543,2026-09-25T10:33:10.244176+07:00
facebook_c_825689090137751,facebook,https://www.facebook.com/watch?v=3224096434414623,3224096434414623,"🆘CẬP NHẬT CÁC TUYỀN ĐƯỠNG ĐÃ NGẬP TẠI HÀ NỘI SÁNG NAY 7/10🆘

-Đàm Quang Trung qua Aeon mall, Long Biên
-Linh Đàm, Keangnam, Nguyễn Chí Thanh, Liễu Giai, -Văn Cao, dọc đường Láng Hạ và Thái Hà
• Đoạn qua bến xe Mỹ Đình
-Đại lộ Thăng Long rẽ ra Khuất Duy Tiến, Nguyễn Xiến
-Phố Phan Văn Trường, Cầu Giấy
- Bến xe Yên Nghĩa
-Ngã tư Xuân Thuỷ - Hồ Tùng Mậu
-Nguyễn Cảnh Dị - Định Công
& Đường Nguyễn Khánh Toàn trước công viên Nghĩa Đô đã ngập
- Cầu vượt Mai dịch ùn cục bộ cả trên và dưới từ Phạm Văn Đồng về bến xe Mỹ Đình
-Nút Tố Hữu- Vũ Trọng Khánh ngập sâu, di chuyển khó khăn; đã có lực lượng chức năng;!
-Nút Quang Trung- Lê Trọng Tấn (Hà Đông) ngập, di chuyến khó khăn
- Đường Đào Tấn. Ngã 4 Liêu Giai - Đào Tấn ngập sâu cả 2 chiều sâu. Phương tiện không di chuyến được.
• Nút Phạm Tu- Câu Bươu ngập 50cm; các phương tiên chọn lộ trình khác; các xe gâm thâp và xe mô tô không cô di chuyên.
Đội Cảnh sát giao thông số 6 thông tin:
- Vành đai 3 trên cao (đoạn Keangnam đến Cung thiếu nhi)
ngập 30cm
- Lê Đức Thọ - Tân Mỹ: ngập 40cm
- Lê Quang Đạo - trước quảng trường SVĐ: ngập 40cm
- Đường gom Đại lộ Thăng Long - trước bảo tàng quân sự: ngập 50cm
- Cả 2 chiều đường Phạm Hùng (đoạn chân cầu vượt Mai
Dịch): ngập 40cm

** Ảnh: Nút giao ngã 4 BigC Thăng Long, vành đai 3 Phạm Hùng hiện đã chìm trong biển nước   #hungthammy #buimanhhung #PhongThuyThamMy #xemtay",(20+) Video,2025-10-07T06:00:30.000Z,2025-10-07T06:00:30+00:00,Trả thêm tiền cho Hà Lội nhé,top_level,,825689090137751,0,"Thứ Ba, 7 Tháng 10, 2025 lúc 16:55",2025-10-07T16:55:00+07:00,0,8b6645363d3f4be54ef62487d413ebe5d5f0aabe,hanoi_location,0,0,facebook_20260925_0325,baseline_20260925_032543,2026-09-25T10:33:10.242166+07:00
facebook_c_1375477903996244,facebook,https://www.facebook.com/watch?v=3224096434414623,3224096434414623,"🆘CẬP NHẬT CÁC TUYỀN ĐƯỠNG ĐÃ NGẬP TẠI HÀ NỘI SÁNG NAY 7/10🆘

-Đàm Quang Trung qua Aeon mall, Long Biên
-Linh Đàm, Keangnam, Nguyễn Chí Thanh, Liễu Giai, -Văn Cao, dọc đường Láng Hạ và Thái Hà
• Đoạn qua bến xe Mỹ Đình
-Đại lộ Thăng Long rẽ ra Khuất Duy Tiến, Nguyễn Xiến
-Phố Phan Văn Trường, Cầu Giấy
- Bến xe Yên Nghĩa
-Ngã tư Xuân Thuỷ - Hồ Tùng Mậu
-Nguyễn Cảnh Dị - Định Công
& Đường Nguyễn Khánh Toàn trước công viên Nghĩa Đô đã ngập
- Cầu vượt Mai dịch ùn cục bộ cả trên và dưới từ Phạm Văn Đồng về bến xe Mỹ Đình
-Nút Tố Hữu- Vũ Trọng Khánh ngập sâu, di chuyển khó khăn; đã có lực lượng chức năng;!
-Nút Quang Trung- Lê Trọng Tấn (Hà Đông) ngập, di chuyến khó khăn
- Đường Đào Tấn. Ngã 4 Liêu Giai - Đào Tấn ngập sâu cả 2 chiều sâu. Phương tiện không di chuyến được.
• Nút Phạm Tu- Câu Bươu ngập 50cm; các phương tiên chọn lộ trình khác; các xe gâm thâp và xe mô tô không cô di chuyên.
Đội Cảnh sát giao thông số 6 thông tin:
- Vành đai 3 trên cao (đoạn Keangnam đến Cung thiếu nhi)
ngập 30cm
- Lê Đức Thọ - Tân Mỹ: ngập 40cm
- Lê Quang Đạo - trước quảng trường SVĐ: ngập 40cm
- Đường gom Đại lộ Thăng Long - trước bảo tàng quân sự: ngập 50cm
- Cả 2 chiều đường Phạm Hùng (đoạn chân cầu vượt Mai
Dịch): ngập 40cm

** Ảnh: Nút giao ngã 4 BigC Thăng Long, vành đai 3 Phạm Hùng hiện đã chìm trong biển nước   #hungthammy #buimanhhung #PhongThuyThamMy #xemtay",(20+) Video,2025-10-07T06:00:30.000Z,2025-10-07T06:00:30+00:00,Hiền Trần giá nhà view biển lại tăng thêm,reply,825689090137751,825689090137751,1,"Thứ Ba, 7 Tháng 10, 2025 lúc 20:01",2025-10-07T20:01:00+07:00,0,,hanoi_location,0,0,facebook_20260925_0325,baseline_20260925_032543,2026-09-25T10:33:10.243166+07:00
facebook_c_1066630859415942,facebook,https://www.facebook.com/photo?fbid=4716550778621889,4716550778621889,""" chẳng lẽ đường cụt không phải là đường ư Ông?
Hay chỉ là "" Nước Dềnh"" thôi, nước dềnh đã cướp đi sinh mạng  một người, nước dềnh cuốn trôi tuổi trẻ và ước mơ của bạn SV năm thứ nhất. 

LÝ DO KHÔNG CÓ NGƯỜI TRỰC TẠI ĐIỂM NGẬP 

Trưa 18/9, lực lượng tìm kiếm phát hiện một th.i th.ể nam giới tại khu vực miệng cống thoát nước ra sông Nhuệ, cách nơi na.m sin.h N.Đ.S. mất tích khoảng 1km. Người nhà xác nhận đây là S., sinh viên năm nhất Trường Đại học Mỏ - Địa chất, mới lên Hà Nội học hơn 2 tuần.

Liên quan khu vực xảy ra sự việc, ông Lê Quang Lực, đại diện Công ty cổ phần đô thị Việt Úc, xác nhận đơn vị phụ trách duy trì thoát nước tại đây. Ông cho biết thời điểm xảy ra sự việc không có công nhân ứng trực để hỗ trợ tiêu thoát nước hoặc cảnh báo tại điểm ngập.

Theo ông Lực, do tình trạng ngập diễn ra trên diện rộng, lực lượng được ưu tiên xử lý các tuyến giao thông chính trước. Khu vực này là đường cụt, không liên quan giao thông chính nên được bố trí xử lý sau. “Thời điểm đấy không có người ở đấy, có người thì đã hỗ trợ và không để xảy ra sự việc đau lòng như thế”, ông Lực nói.

Đơn vị cho biết sẽ cố gắng hỗ trợ gia đình trong khả năng, gồm hỗ trợ hậu sự và chi phí thuê thợ lặn.

"" chẳng lẽ đường cụt không phải là đường ư Ông?
Hay chỉ là "" Nước Dềnh"" thôi, nước dềnh đã cướp đi sinh mạng  một người, nước dềnh cuốn trôi tuổi trẻ và ước mơ của bạn SV năm thứ nhất. 

Nam mô A Di Đà Phật 🙏🙏🙏
Cầu mong cho con sớm được siêu thoát 🙏🙏🙏

 #ThoatNuoc #DiemNgap #DongNgac",(20+) Facebook,2026-09-19T00:55:36.000Z,2026-09-19T00:55:36+00:00,Thương con quá,top_level,,1066630859415942,0,"Thứ bảy, 19 Tháng 9, 2026 lúc 08:56",2026-09-19T08:56:00+07:00,0,319a21fffec81da37f46332a70a064fcfbac0a30,hanoi_location,0,0,facebook_20260925_0325,baseline_20260925_032543,2026-09-25T11:06:17.143443+07:00
facebook_c_1069428746079683,facebook,https://www.facebook.com/photo?fbid=4716550778621889,4716550778621889,""" chẳng lẽ đường cụt không phải là đường ư Ông?
Hay chỉ là "" Nước Dềnh"" thôi, nước dềnh đã cướp đi sinh mạng  một người, nước dềnh cuốn trôi tuổi trẻ và ước mơ của bạn SV năm thứ nhất. 

LÝ DO KHÔNG CÓ NGƯỜI TRỰC TẠI ĐIỂM NGẬP 

Trưa 18/9, lực lượng tìm kiếm phát hiện một th.i th.ể nam giới tại khu vực miệng cống thoát nước ra sông Nhuệ, cách nơi na.m sin.h N.Đ.S. mất tích khoảng 1km. Người nhà xác nhận đây là S., sinh viên năm nhất Trường Đại học Mỏ - Địa chất, mới lên Hà Nội học hơn 2 tuần.

Liên quan khu vực xảy ra sự việc, ông Lê Quang Lực, đại diện Công ty cổ phần đô thị Việt Úc, xác nhận đơn vị phụ trách duy trì thoát nước tại đây. Ông cho biết thời điểm xảy ra sự việc không có công nhân ứng trực để hỗ trợ tiêu thoát nước hoặc cảnh báo tại điểm ngập.

Theo ông Lực, do tình trạng ngập diễn ra trên diện rộng, lực lượng được ưu tiên xử lý các tuyến giao thông chính trước. Khu vực này là đường cụt, không liên quan giao thông chính nên được bố trí xử lý sau. “Thời điểm đấy không có người ở đấy, có người thì đã hỗ trợ và không để xảy ra sự việc đau lòng như thế”, ông Lực nói.

Đơn vị cho biết sẽ cố gắng hỗ trợ gia đình trong khả năng, gồm hỗ trợ hậu sự và chi phí thuê thợ lặn.

"" chẳng lẽ đường cụt không phải là đường ư Ông?
Hay chỉ là "" Nước Dềnh"" thôi, nước dềnh đã cướp đi sinh mạng  một người, nước dềnh cuốn trôi tuổi trẻ và ước mơ của bạn SV năm thứ nhất. 

Nam mô A Di Đà Phật 🙏🙏🙏
Cầu mong cho con sớm được siêu thoát 🙏🙏🙏

 #ThoatNuoc #DiemNgap #DongNgac",(20+) Facebook,2026-09-19T00:55:36.000Z,2026-09-19T00:55:36+00:00,NAM MÔ A DI ĐÀ PHẬT,top_level,,1069428746079683,0,"Thứ bảy, 19 Tháng 9, 2026 lúc 08:44",2026-09-19T08:44:00+07:00,0,b2825b3048ab6c99387ff4e5e0ee647d64e820fe,,0,0,facebook_20260925_0325,baseline_20260925_032543,2026-09-25T11:06:17.142135+07:00
facebook_c_1113120791262887,facebook,https://www.facebook.com/photo?fbid=4716550778621889,4716550778621889,""" chẳng lẽ đường cụt không phải là đường ư Ông?
Hay chỉ là "" Nước Dềnh"" thôi, nước dềnh đã cướp đi sinh mạng  một người, nước dềnh cuốn trôi tuổi trẻ và ước mơ của bạn SV năm thứ nhất. 

LÝ DO KHÔNG CÓ NGƯỜI TRỰC TẠI ĐIỂM NGẬP 

Trưa 18/9, lực lượng tìm kiếm phát hiện một th.i th.ể nam giới tại khu vực miệng cống thoát nước ra sông Nhuệ, cách nơi na.m sin.h N.Đ.S. mất tích khoảng 1km. Người nhà xác nhận đây là S., sinh viên năm nhất Trường Đại học Mỏ - Địa chất, mới lên Hà Nội học hơn 2 tuần.

Liên quan khu vực xảy ra sự việc, ông Lê Quang Lực, đại diện Công ty cổ phần đô thị Việt Úc, xác nhận đơn vị phụ trách duy trì thoát nước tại đây. Ông cho biết thời điểm xảy ra sự việc không có công nhân ứng trực để hỗ trợ tiêu thoát nước hoặc cảnh báo tại điểm ngập.

Theo ông Lực, do tình trạng ngập diễn ra trên diện rộng, lực lượng được ưu tiên xử lý các tuyến giao thông chính trước. Khu vực này là đường cụt, không liên quan giao thông chính nên được bố trí xử lý sau. “Thời điểm đấy không có người ở đấy, có người thì đã hỗ trợ và không để xảy ra sự việc đau lòng như thế”, ông Lực nói.

Đơn vị cho biết sẽ cố gắng hỗ trợ gia đình trong khả năng, gồm hỗ trợ hậu sự và chi phí thuê thợ lặn.

"" chẳng lẽ đường cụt không phải là đường ư Ông?
Hay chỉ là "" Nước Dềnh"" thôi, nước dềnh đã cướp đi sinh mạng  một người, nước dềnh cuốn trôi tuổi trẻ và ước mơ của bạn SV năm thứ nhất. 

Nam mô A Di Đà Phật 🙏🙏🙏
Cầu mong cho con sớm được siêu thoát 🙏🙏🙏

 #ThoatNuoc #DiemNgap #DongNgac",(20+) Facebook,2026-09-19T00:55:36.000Z,2026-09-19T00:55:36+00:00,Nam mô a di đà phật,top_level,,1113120791262887,0,"Thứ Sáu, 18 Tháng 9, 2026 lúc 18:42",2026-09-18T18:42:00+07:00,0,e0374776fb7d02ac89d4fa5f899168557837f166,,0,0,facebook_20260925_0325,baseline_20260925_032543,2026-09-25T11:06:17.140626+07:00
facebook_c_2515627998939692,facebook,https://www.facebook.com/photo?fbid=4716550778621889,4716550778621889,""" chẳng lẽ đường cụt không phải là đường ư Ông?
Hay chỉ là "" Nước Dềnh"" thôi, nước dềnh đã cướp đi sinh mạng  một người, nước dềnh cuốn trôi tuổi trẻ và ước mơ của bạn SV năm thứ nhất. 

LÝ DO KHÔNG CÓ NGƯỜI TRỰC TẠI ĐIỂM NGẬP 

Trưa 18/9, lực lượng tìm kiếm phát hiện một th.i th.ể nam giới tại khu vực miệng cống thoát nước ra sông Nhuệ, cách nơi na.m sin.h N.Đ.S. mất tích khoảng 1km. Người nhà xác nhận đây là S., sinh viên năm nhất Trường Đại học Mỏ - Địa chất, mới lên Hà Nội học hơn 2 tuần.

Liên quan khu vực xảy ra sự việc, ông Lê Quang Lực, đại diện Công ty cổ phần đô thị Việt Úc, xác nhận đơn vị phụ trách duy trì thoát nước tại đây. Ông cho biết thời điểm xảy ra sự việc không có công nhân ứng trực để hỗ trợ tiêu thoát nước hoặc cảnh báo tại điểm ngập.

Theo ông Lực, do tình trạng ngập diễn ra trên diện rộng, lực lượng được ưu tiên xử lý các tuyến giao thông chính trước. Khu vực này là đường cụt, không liên quan giao thông chính nên được bố trí xử lý sau. “Thời điểm đấy không có người ở đấy, có người thì đã hỗ trợ và không để xảy ra sự việc đau lòng như thế”, ông Lực nói.

Đơn vị cho biết sẽ cố gắng hỗ trợ gia đình trong khả năng, gồm hỗ trợ hậu sự và chi phí thuê thợ lặn.

"" chẳng lẽ đường cụt không phải là đường ư Ông?
Hay chỉ là "" Nước Dềnh"" thôi, nước dềnh đã cướp đi sinh mạng  một người, nước dềnh cuốn trôi tuổi trẻ và ước mơ của bạn SV năm thứ nhất. 

Nam mô A Di Đà Phật 🙏🙏🙏
Cầu mong cho con sớm được siêu thoát 🙏🙏🙏

 #ThoatNuoc #DiemNgap #DongNgac",(20+) Facebook,2026-09-19T00:55:36.000Z,2026-09-19T00:55:36+00:00,Nam mô a Di Đà Phật,top_level,,2515627998939692,0,"Thứ Sáu, 18 Tháng 9, 2026 lúc 22:42",2026-09-18T22:42:00+07:00,0,8766081ce0722fc2ab880d52191a6bd7957e1dc7,,0,0,facebook_20260925_0325,baseline_20260925_032543,2026-09-25T11:06:17.140626+07:00
facebook_c_2618319635263866,facebook,https://www.facebook.com/photo?fbid=4716550778621889,4716550778621889,""" chẳng lẽ đường cụt không phải là đường ư Ông?
Hay chỉ là "" Nước Dềnh"" thôi, nước dềnh đã cướp đi sinh mạng  một người, nước dềnh cuốn trôi tuổi trẻ và ước mơ của bạn SV năm thứ nhất. 

LÝ DO KHÔNG CÓ NGƯỜI TRỰC TẠI ĐIỂM NGẬP 

Trưa 18/9, lực lượng tìm kiếm phát hiện một th.i th.ể nam giới tại khu vực miệng cống thoát nước ra sông Nhuệ, cách nơi na.m sin.h N.Đ.S. mất tích khoảng 1km. Người nhà xác nhận đây là S., sinh viên năm nhất Trường Đại học Mỏ - Địa chất, mới lên Hà Nội học hơn 2 tuần.

Liên quan khu vực xảy ra sự việc, ông Lê Quang Lực, đại diện Công ty cổ phần đô thị Việt Úc, xác nhận đơn vị phụ trách duy trì thoát nước tại đây. Ông cho biết thời điểm xảy ra sự việc không có công nhân ứng trực để hỗ trợ tiêu thoát nước hoặc cảnh báo tại điểm ngập.

Theo ông Lực, do tình trạng ngập diễn ra trên diện rộng, lực lượng được ưu tiên xử lý các tuyến giao thông chính trước. Khu vực này là đường cụt, không liên quan giao thông chính nên được bố trí xử lý sau. “Thời điểm đấy không có người ở đấy, có người thì đã hỗ trợ và không để xảy ra sự việc đau lòng như thế”, ông Lực nói.

Đơn vị cho biết sẽ cố gắng hỗ trợ gia đình trong khả năng, gồm hỗ trợ hậu sự và chi phí thuê thợ lặn.

"" chẳng lẽ đường cụt không phải là đường ư Ông?
Hay chỉ là "" Nước Dềnh"" thôi, nước dềnh đã cướp đi sinh mạng  một người, nước dềnh cuốn trôi tuổi trẻ và ước mơ của bạn SV năm thứ nhất. 

Nam mô A Di Đà Phật 🙏🙏🙏
Cầu mong cho con sớm được siêu thoát 🙏🙏🙏

 #ThoatNuoc #DiemNgap #DongNgac",(20+) Facebook,2026-09-19T00:55:36.000Z,2026-09-19T00:55:36+00:00,Nam mô a di đà Phật,top_level,,2618319635263866,0,"Thứ Sáu, 18 Tháng 9, 2026 lúc 22:55",2026-09-18T22:55:00+07:00,0,cd7592797f6bdf106fc17f97023fa3e069a1e8ff,,0,0,facebook_20260925_0325,baseline_20260925_032543,2026-09-25T11:06:17.143443+07:00
facebook_c_924911533702611,facebook,https://www.facebook.com/photo?fbid=4716550778621889,4716550778621889,""" chẳng lẽ đường cụt không phải là đường ư Ông?
Hay chỉ là "" Nước Dềnh"" thôi, nước dềnh đã cướp đi sinh mạng  một người, nước dềnh cuốn trôi tuổi trẻ và ước mơ của bạn SV năm thứ nhất. 

LÝ DO KHÔNG CÓ NGƯỜI TRỰC TẠI ĐIỂM NGẬP 

Trưa 18/9, lực lượng tìm kiếm phát hiện một th.i th.ể nam giới tại khu vực miệng cống thoát nước ra sông Nhuệ, cách nơi na.m sin.h N.Đ.S. mất tích khoảng 1km. Người nhà xác nhận đây là S., sinh viên năm nhất Trường Đại học Mỏ - Địa chất, mới lên Hà Nội học hơn 2 tuần.

Liên quan khu vực xảy ra sự việc, ông Lê Quang Lực, đại diện Công ty cổ phần đô thị Việt Úc, xác nhận đơn vị phụ trách duy trì thoát nước tại đây. Ông cho biết thời điểm xảy ra sự việc không có công nhân ứng trực để hỗ trợ tiêu thoát nước hoặc cảnh báo tại điểm ngập.

Theo ông Lực, do tình trạng ngập diễn ra trên diện rộng, lực lượng được ưu tiên xử lý các tuyến giao thông chính trước. Khu vực này là đường cụt, không liên quan giao thông chính nên được bố trí xử lý sau. “Thời điểm đấy không có người ở đấy, có người thì đã hỗ trợ và không để xảy ra sự việc đau lòng như thế”, ông Lực nói.

Đơn vị cho biết sẽ cố gắng hỗ trợ gia đình trong khả năng, gồm hỗ trợ hậu sự và chi phí thuê thợ lặn.

"" chẳng lẽ đường cụt không phải là đường ư Ông?
Hay chỉ là "" Nước Dềnh"" thôi, nước dềnh đã cướp đi sinh mạng  một người, nước dềnh cuốn trôi tuổi trẻ và ước mơ của bạn SV năm thứ nhất. 

Nam mô A Di Đà Phật 🙏🙏🙏
Cầu mong cho con sớm được siêu thoát 🙏🙏🙏

 #ThoatNuoc #DiemNgap #DongNgac",(20+) Facebook,2026-09-19T00:55:36.000Z,2026-09-19T00:55:36+00:00,Nam Mô Đại Nguyện Địa Tạng Vương Bồ Tát !,top_level,,924911533702611,0,"Thứ bảy, 19 Tháng 9, 2026 lúc 05:38",2026-09-19T05:38:00+07:00,0,816532f334ab6debf62bca72d2177b57b992e253,hanoi_location,0,0,facebook_20260925_0325,baseline_20260925_032543,2026-09-25T11:06:17.142135+07:00
facebook_c_1131440685263828,facebook,https://www.facebook.com/watch?v=830550806167627,830550806167627,"Tại Hà Nội, nhiều tuyến đường trong thôn An Lạc (xã Trung Giã) ngập sâu, lực lượng cứu hộ đã huy động nhiều phương tiện chuyên dụng, di chuyển người dân đến nơi an toàn.",(20+) Video,2025-10-09T01:45:16.000Z,2025-10-09T01:45:16+00:00,Trên Ba Vì ổn ko các bác,top_level,,1131440685263828,0,"Thứ Năm, 9 Tháng 10, 2025 lúc 09:51",2025-10-09T09:51:00+07:00,0,a8921e7a36e089ae28280550556b9e53687ef803,hanoi_location,0,0,facebook_20260925_0325,baseline_20260925_032543,2026-09-25T11:00:55.593841+07:00
facebook_c_1272185134713985,facebook,https://www.facebook.com/watch?v=830550806167627,830550806167627,"Tại Hà Nội, nhiều tuyến đường trong thôn An Lạc (xã Trung Giã) ngập sâu, lực lượng cứu hộ đã huy động nhiều phương tiện chuyên dụng, di chuyển người dân đến nơi an toàn.",(20+) Video,2025-10-09T01:45:16.000Z,2025-10-09T01:45:16+00:00,Nam mô A Di Đà Phật cầu mong tất cả mọi người bình an,top_level,,1272185134713985,0,"Thứ Năm, 9 Tháng 10, 2025 lúc 09:11",2025-10-09T09:11:00+07:00,0,dc2ec035e461d6a91f73beb6b29708d9fd29a891,"flood_state,hanoi_location",0,0,facebook_20260925_0325,baseline_20260925_032543,2026-09-25T11:00:55.593841+07:00
facebook_c_1329787678525103,facebook,https://www.facebook.com/watch?v=830550806167627,830550806167627,"Tại Hà Nội, nhiều tuyến đường trong thôn An Lạc (xã Trung Giã) ngập sâu, lực lượng cứu hộ đã huy động nhiều phương tiện chuyên dụng, di chuyển người dân đến nơi an toàn.",(20+) Video,2025-10-09T01:45:16.000Z,2025-10-09T01:45:16+00:00,Cao Thanh Ngoan,top_level,,1329787678525103,0,"Thứ Năm, 9 Tháng 10, 2025 lúc 12:53",2025-10-09T12:53:00+07:00,0,d027b079dbdc8d7b8885b59bf791e49dc26f5cde,hanoi_location,0,0,facebook_20260925_0325,baseline_20260925_032543,2026-09-25T11:00:55.592583+07:00
facebook_c_1486628426003246,facebook,https://www.facebook.com/watch?v=830550806167627,830550806167627,"Tại Hà Nội, nhiều tuyến đường trong thôn An Lạc (xã Trung Giã) ngập sâu, lực lượng cứu hộ đã huy động nhiều phương tiện chuyên dụng, di chuyển người dân đến nơi an toàn.",(20+) Video,2025-10-09T01:45:16.000Z,2025-10-09T01:45:16+00:00,Quá tuyệt vời,top_level,,1486628426003246,0,"Thứ Năm, 9 Tháng 10, 2025 lúc 11:22",2025-10-09T11:22:00+07:00,0,57cf37523febd8fd66a9830492b5bf2d15bd4aae,,0,0,facebook_20260925_0325,baseline_20260925_032543,2026-09-25T11:00:55.592583+07:00
facebook_c_1524241218601794,facebook,https://www.facebook.com/watch?v=830550806167627,830550806167627,"Tại Hà Nội, nhiều tuyến đường trong thôn An Lạc (xã Trung Giã) ngập sâu, lực lượng cứu hộ đã huy động nhiều phương tiện chuyên dụng, di chuyển người dân đến nơi an toàn.",(20+) Video,2025-10-09T01:45:16.000Z,2025-10-09T01:45:16+00:00,"Bạn Nguyễn Thị Kim Tuyến cố lên, bà con trung giã  cố lên",top_level,,1524241218601794,0,"Thứ Năm, 9 Tháng 10, 2025 lúc 08:48",2025-10-09T08:48:00+07:00,0,94ef735a1f47e9ebb1cef811ae730d518f483cbe,hanoi_location,0,0,facebook_20260925_0325,baseline_20260925_032543,2026-09-25T11:00:55.591870+07:00
facebook_c_1718525572189700,facebook,https://www.facebook.com/watch?v=830550806167627,830550806167627,"Tại Hà Nội, nhiều tuyến đường trong thôn An Lạc (xã Trung Giã) ngập sâu, lực lượng cứu hộ đã huy động nhiều phương tiện chuyên dụng, di chuyển người dân đến nơi an toàn.",(20+) Video,2025-10-09T01:45:16.000Z,2025-10-09T01:45:16+00:00,Gần nhà Hồng Thị nhỉ? Nay đi làm đc ko? Cầu Đa Phúc ngập mà,top_level,,1718525572189700,0,"Thứ Năm, 9 Tháng 10, 2025 lúc 09:06",2025-10-09T09:06:00+07:00,0,d5448506ccd27dd75cac7f6f5907fb8ca207d615,"flood_state,transport_impact,hanoi_location",0,0,facebook_20260925_0325,baseline_20260925_032543,2026-09-25T11:00:55.592583+07:00
facebook_c_1719265222088916,facebook,https://www.facebook.com/watch?v=830550806167627,830550806167627,"Tại Hà Nội, nhiều tuyến đường trong thôn An Lạc (xã Trung Giã) ngập sâu, lực lượng cứu hộ đã huy động nhiều phương tiện chuyên dụng, di chuyển người dân đến nơi an toàn.",(20+) Video,2025-10-09T01:45:16.000Z,2025-10-09T01:45:16+00:00,Ngô Đăng Tuấn,top_level,,1719265222088916,0,"Thứ Năm, 9 Tháng 10, 2025 lúc 08:51",2025-10-09T08:51:00+07:00,0,0aa8693eb2a8570956196abc4ee8ccc0bbefff4f,hanoi_location,0,0,facebook_20260925_0325,baseline_20260925_032543,2026-09-25T11:00:55.593841+07:00
facebook_c_1723607172361900,facebook,https://www.facebook.com/watch?v=830550806167627,830550806167627,"Tại Hà Nội, nhiều tuyến đường trong thôn An Lạc (xã Trung Giã) ngập sâu, lực lượng cứu hộ đã huy động nhiều phương tiện chuyên dụng, di chuyển người dân đến nơi an toàn.",(20+) Video,2025-10-09T01:45:16.000Z,2025-10-09T01:45:16+00:00,Đỗ Phượng,top_level,,1723607172361900,0,"Thứ Năm, 9 Tháng 10, 2025 lúc 13:29",2025-10-09T13:29:00+07:00,0,5c0fb378d8ff297b2983585726feb88418d47988,,0,0,facebook_20260925_0325,baseline_20260925_032543,2026-09-25T11:00:55.592583+07:00
facebook_c_1800001143965446,facebook,https://www.facebook.com/watch?v=830550806167627,830550806167627,"Tại Hà Nội, nhiều tuyến đường trong thôn An Lạc (xã Trung Giã) ngập sâu, lực lượng cứu hộ đã huy động nhiều phương tiện chuyên dụng, di chuyển người dân đến nơi an toàn.",(20+) Video,2025-10-09T01:45:16.000Z,2025-10-09T01:45:16+00:00,Enny Huyền,top_level,,1800001143965446,0,"Thứ Năm, 9 Tháng 10, 2025 lúc 12:05",2025-10-09T12:05:00+07:00,0,379af387da00efc42e8cc4a8e07ff89f394ed535,hanoi_location,0,0,facebook_20260925_0325,baseline_20260925_032543,2026-09-25T11:00:55.592583+07:00
facebook_c_2026578338130295,facebook,https://www.facebook.com/watch?v=830550806167627,830550806167627,"Tại Hà Nội, nhiều tuyến đường trong thôn An Lạc (xã Trung Giã) ngập sâu, lực lượng cứu hộ đã huy động nhiều phương tiện chuyên dụng, di chuyển người dân đến nơi an toàn.",(20+) Video,2025-10-09T01:45:16.000Z,2025-10-09T01:45:16+00:00,Hiếu Hoàng,top_level,,2026578338130295,0,"Thứ Năm, 9 Tháng 10, 2025 lúc 11:20",2025-10-09T11:20:00+07:00,0,17f58cc44106961cf5fd5f1c5e70ca829d03aea7,,0,0,facebook_20260925_0325,baseline_20260925_032543,2026-09-25T11:00:55.592583+07:00
facebook_c_24563678303258995,facebook,https://www.facebook.com/watch?v=830550806167627,830550806167627,"Tại Hà Nội, nhiều tuyến đường trong thôn An Lạc (xã Trung Giã) ngập sâu, lực lượng cứu hộ đã huy động nhiều phương tiện chuyên dụng, di chuyển người dân đến nơi an toàn.",(20+) Video,2025-10-09T01:45:16.000Z,2025-10-09T01:45:16+00:00,Nguyễn Thủy,top_level,,24563678303258995,0,"Thứ Năm, 9 Tháng 10, 2025 lúc 12:44",2025-10-09T12:44:00+07:00,0,2b374825b025680ed3165b591b15c9dc368c0bbe,hanoi_location,0,0,facebook_20260925_0325,baseline_20260925_032543,2026-09-25T11:00:55.593841+07:00
facebook_c_3675434292762101,facebook,https://www.facebook.com/watch?v=830550806167627,830550806167627,"Tại Hà Nội, nhiều tuyến đường trong thôn An Lạc (xã Trung Giã) ngập sâu, lực lượng cứu hộ đã huy động nhiều phương tiện chuyên dụng, di chuyển người dân đến nơi an toàn.",(20+) Video,2025-10-09T01:45:16.000Z,2025-10-09T01:45:16+00:00,thương lắm Trung Giã ơi,top_level,,3675434292762101,0,"Thứ Năm, 9 Tháng 10, 2025 lúc 09:36",2025-10-09T09:36:00+07:00,0,ed3c84076a003249516f1eae7597603a9a75fc86,,0,0,facebook_20260925_0325,baseline_20260925_032543,2026-09-25T11:00:55.593841+07:00
facebook_c_817662567579879,facebook,https://www.facebook.com/watch?v=830550806167627,830550806167627,"Tại Hà Nội, nhiều tuyến đường trong thôn An Lạc (xã Trung Giã) ngập sâu, lực lượng cứu hộ đã huy động nhiều phương tiện chuyên dụng, di chuyển người dân đến nơi an toàn.",(20+) Video,2025-10-09T01:45:16.000Z,2025-10-09T01:45:16+00:00,Hương Bích sáng nay,top_level,,817662567579879,0,"Thứ Năm, 9 Tháng 10, 2025 lúc 08:49",2025-10-09T08:49:00+07:00,0,86f18331078c7cb30756e4899b829452ca799b18,,0,0,facebook_20260925_0325,baseline_20260925_032543,2026-09-25T11:00:55.592583+07:00
facebook_c_838821895382490,facebook,https://www.facebook.com/watch?v=830550806167627,830550806167627,"Tại Hà Nội, nhiều tuyến đường trong thôn An Lạc (xã Trung Giã) ngập sâu, lực lượng cứu hộ đã huy động nhiều phương tiện chuyên dụng, di chuyển người dân đến nơi an toàn.",(20+) Video,2025-10-09T01:45:16.000Z,2025-10-09T01:45:16+00:00,Vẫn còn nhiều người mắc kẹt bên trong lắm mà không có cứu trợ vào được,top_level,,838821895382490,0,"Thứ Năm, 9 Tháng 10, 2025 lúc 09:49",2025-10-09T09:49:00+07:00,0,4d410764682a96a9b4e42ec561e433f4dcdb031f,hanoi_location,0,0,facebook_20260925_0325,baseline_20260925_032543,2026-09-25T11:00:55.591870+07:00
