platform,context_id,source_url,post_title,post_context,post_published_at_raw,post_published_at,verdict,reason,metadata_resolved,matched_groups,co_thanh_pho_khac,discovery_source,discovery_query,expected_comment_count,captured_comment_count,missing_comment_count,comment_capture_status,comment_retry_count,crawled_at
youtube,-Cdh1niaBlI,https://www.youtube.com/watch?v=-Cdh1niaBlI,Thiếu ý thức khi di chuyển qua đoạn đường ngập | VTVWDB,"Thiếu ý thức khi di chuyển qua đoạn đường ngập | VTVWDB
Thiếu ý thức khi di chuyển qua đoạn đường ngập | VTVWDB

🌈 Dự báo thời tiết VTV là Kênh Youtube chính thức của Phòng Thời Tiết và Môi Trường, Ban Thời Sự – Đài Truyền Hình Việt Nam.

#dubaothoitiet #dbtt #vtvwdb #thoitiet #bantinthoitiet #vtvthoitiet #dubaothoitietvtv #thoitietvtv

►  Cập nhật về tình hình thời tiết và thiên tai nhanh nhất tại Dự Báo Thời Tiết VTV

👉Đăng ký kênh ngay:  https://www.youtube.com/vtvwdb?sub_confirmation=1
✔️Đồng hành cùng VTVWDB tại:
📌Fanpage chính thức      : https://fb.com/vtvthoitiet
📌Website chính thức       : https://vtvgo.vn/video/catalog/list/vodchannel_1172/thoi-tiet-hom-nay-11,vodchannel_1166.html
➥ Đơn vị vận hành: Phòng Thời Tiết và Môi Trường, Ban Thời Sự - Đài THVN, 43 Nguyễn Chí Thanh - Ba Đình - Hà Nội.
📞 Hotline tiếp nhận phán ánh về thiên tai và môi trường : 0983.456.456 - 0858.247.247
📧 Email: thoitiet@vtv.vn
©Bản Quyền Thuộc Về Đài Truyền Hình Việt Nam ✖️ Không đăng tải lại video.",2025-10-12T06:51:40Z,2025-10-12T06:51:40Z,accept,flood_transport_hanoi,1,"flood_state,transport_impact,hanoi_location",0,search,lụt Hà Nội di chuyển,,,,,,2026-09-25T10:47:20.379079+07:00
youtube,-d4hp2zxx0M,https://www.youtube.com/watch?v=-d4hp2zxx0M,Cơn Bão đi qua nước rút hết hà nội lại quay về những ngày yên bình.,Cơn Bão đi qua nước rút hết hà nội lại quay về những ngày yên bình.,2025-10-12T06:17:17Z,2025-10-12T06:17:17Z,reject,missing_group:flood_state,1,"transport_impact,hanoi_location",0,search,ngập nước Hà Nội giao thông,,,,,,2026-09-25T10:05:44.705020+07:00
youtube,-gCPV6U1PYA,https://www.youtube.com/watch?v=-gCPV6U1PYA,"HÀ NỘI: NHIỀU TUYẾN ĐƯỜNG, PHỐ NGẬP SAU TRẬN MƯA LỚN","HÀ NỘI: NHIỀU TUYẾN ĐƯỜNG, PHỐ NGẬP SAU TRẬN MƯA LỚN
Mưa lớn kéo dài từ đêm 16 đến rạng sáng 17/09 khiến nhiều tuyến đường tại thành phố Hà Nội ngập sâu, giao thông ùn ứ, ảnh hưởng đến việc đi lại và sinh hoạt của người dân. 

HTV Tin tức, kênh Tin tức chính thức của Đài Phát thanh và Truyền hình TP. Hồ Chí Minh (HTV).
------------------------------------------------
#HTVTintức là kênh Youtube chính thức chuyên về thông tin thời sự của Trung tâm Tin tức, Đài Phát thanh và Truyền hình TP. Hồ Chí Minh.Chúng tôi liên tục cập nhật các thông tin thời sự trong nước và quốc tế trong các bản tin, chương trình, chuyên đề, để gửi đến quý vị khán giả những thông tin nhanh chóng và chính xác.

#HTVTinTuc #HTV9 #TinTuc24h #TinMoiNhat #60Giay #HTVNewZ #NewZ #Thoisu #Homnay #Thegioi",2026-09-18T02:22:34Z,2026-09-18T02:22:34Z,accept,flood_transport_hanoi,1,"flood_state,transport_impact,hanoi_location",1,search,ngập nước Hà Nội giao thông,,,,,,2026-09-25T10:41:50.712472+07:00
youtube,-ravYZ8P0tI,https://www.youtube.com/watch?v=-ravYZ8P0tI,🔥Người dân ngoại thành Hà Nội chạy lũ #shorts,"🔥Người dân ngoại thành Hà Nội chạy lũ #shorts
Nước sông Bùi dâng cao, tràn qua đê Bùi Hai khiến nhiều khu dân cư tại xã Xuân Mai, Hà Nội đứng trước nguy cơ ngập sâu. Trưa 17/9, mực nước sông Bùi tại Yên Duyệt lên 7,49 m, vượt báo động 3 khoảng 0,49 m.

Hàng trăm cán bộ, chiến sĩ được huy động phối hợp cùng chính quyền và người dân di chuyển đồ đạc, kê cao tài sản và hỗ trợ các hộ dân sơ tán đến khu vực an toàn. Nhiều gia đình chủ động đưa tủ lạnh, giường, bàn ghế và các vật dụng có giá trị lên cao để hạn chế thiệt hại do nước lũ.

Trước nguy cơ ngập kéo dài, người dân cũng tích trữ lương thực, trong khi một số trang trại đã ghi nhận thiệt hại do nước tràn vào. Lực lượng công an, quân đội đồng thời gia cố đê Bùi Hai nhằm hạn chế nước lũ tràn vào khu dân cư.

Tình hình mưa lũ tại Hà Nội và các tỉnh miền Bắc tiếp tục được theo dõi sát. Người dân tại những khu vực trũng thấp cần chủ động bảo vệ tài sản và chuẩn bị phương án ứng phó khi nước tiếp tục dâng.

#ngaplu #lut #luSongBui #hanoi #xuanmai #mualon #muabao #thientai #mualubacbo #haNoi #tinmoi #tintuc #tinthoisu #tinnong #baolu",2026-09-17T07:08:38Z,2026-09-17T07:08:38Z,accept,flood_transport_hanoi,1,"flood_state,transport_impact,hanoi_location",0,search,lụt Hà Nội di chuyển,,,,,,2026-09-25T10:49:42.912773+07:00
youtube,0DVwF6xrNEg,https://www.youtube.com/watch?v=0DVwF6xrNEg,"Cao tốc Hà Nội - Thái Nguyên vẫn ngập đến nửa mét, phương tiện đi lại khó khăn | Thời sự","Cao tốc Hà Nội - Thái Nguyên vẫn ngập đến nửa mét, phương tiện đi lại khó khăn | Thời sự
BPN | Cao tốc Hà Nội - Thái Nguyên vẫn ngập đến nửa mét, phương tiện đi lại khó khăn
Đến sáng 10/10, cao tốc Hà Nội - Thái Nguyên (đoạn qua Hà Nội) vẫn ngập úng, lực lượng CSGT tiếp tục bố trí cán bộ, chiến sĩ phân luồng giao thông.
Trong bài này chúng tôi sẽ thông tin nội dung về:
Cao tốc Hà Nội - Thái Nguyên vẫn ngập đến nửa mét, phương tiện đi lại khó khăn
Chuyến xe xuyên đêm chở tình người đến với vùng lũ Thái Nguyên
 Thủ tướng Phạm Minh Chính trực tiếp kiểm tra vùng ngập lụt ven sông Hà Nội trong đêm
Đăng ký kênh youtube Báo Phụ nữ TPHCM để đón nhận những video cập nhật tiếp theo!
Thông tin trên được sử dụng từ nguồn chính thức: 
https://vietnamnet.vn/cao-toc-ha-noi-thai-nguyen-van-ngap-den-nua-met-phuong-tien-di-lai-kho-khan-2451037.html 

#caotochanoithainguyen #ngapungcaotoc #hanoi #thainguyen #baophunutphcm


------------------------
💠 BPN | @BaoPhuNuTPHCM2021 – Kênh YouTube chính thức của Báo Phụ Nữ TP.HCM  

Kênh truyền thông chính thống thuộc Thành ủy TP.HCM, cập nhật nhanh chóng và chính xác các nội dung:  https://www.youtube.com/c/BaoPhuNuTPHCM2021?sub_confirmation=1
• Thời sự – Xã hội – Pháp luật  
• Đời sống phụ nữ – Gia đình – Tâm lý – Tình cảm  
• Sức khỏe – Giáo dục – Chuyện cộng đồng  

🎙️ Nơi lắng nghe, thấu hiểu và đồng hành cùng phụ nữ hiện đại.  
Báo Phụ Nữ TP.HCM mang đến bản tin thời sự, phóng sự nhân văn và podcast truyền cảm hứng, giúp kết nối phụ nữ mọi thế hệ.  

🔥 Chuyên mục nổi bật:  
• Tin nóng 24h – Thời sự chính thống  
• Tin quốc tế 24h – Góc nhìn toàn cầu qua lăng kính phụ nữ  
• Podcast: Tình yêu – Hôn nhân – Tâm sự đời thường  

📲 Kết nối với chúng tôi:  
• Website: https://www.phunuonline.com.vn  
• Fanpage: https://www.facebook.com/phunuonline.com.vn  
• TikTok: https://www.tiktok.com/@baophunu  
• Podcast: Spotify & Apple Podcast (Tâm sự – Báo Phụ Nữ)  

🏢 Liên hệ tòa soạn:  
• Địa chỉ: 311 Điện Biên Phủ, phường Bàn Cờ, TP.HCM  
• Email: online@baophunu.org.vn | Hotline: (028) 39 316 854  

📢 Quảng cáo & hợp tác:  
• Điện thoại: (028) 38468715 – (028) 39316629 – 0966182727  
• Email: quangcaophunu@gmail.com  

⚠️ Bản quyền: Toàn bộ video thuộc Báo Phụ Nữ TP.HCM. Vui lòng không sao chép hoặc sử dụng lại khi chưa có sự cho phép bằng văn bản.  

#BaoPhuNuTPHCM #TinTuc24h #ThoiSu #PhuNu #Podcast #PhuNuOnline",2025-10-10T06:00:06Z,2025-10-10T06:00:06Z,accept,flood_transport_hanoi,1,"flood_state,transport_impact,hanoi_location",1,search,ngập lụt Hà Nội đi lại,,,,,,2026-09-25T10:37:07.016626+07:00
youtube,0E9yhOMj6c0,https://www.youtube.com/watch?v=0E9yhOMj6c0,"Mưa như trút suốt đêm, nhiều khu vực ở Hà Nội ngập sâu, giao thông ùn tắc | VOV","Mưa như trút suốt đêm, nhiều khu vực ở Hà Nội ngập sâu, giao thông ùn tắc | VOV
VOV | Từ đêm qua đến sáng nay, nhiều khu vực Hà Nội mưa trên 150 mm, làm xuất hiện hàng loạt điểm ngập.  Theo báo cáo nhanh của Công ty TNHH MTV Thoát nước Hà Nội, do ảnh hưởng của hội tụ gió Đông Nam phát triển từ mặt đất lên độ cao 5.000m, đêm 16/9 và rạng sáng 17/9, Hà Nội xuất hiện mưa lớn trên diện rộng.

_________________________________
Đăng ký theo dõi kênh Báo Điện tử Tiếng nói Việt Nam (VOV) để xem những tin tức mới nhất: https://bit.ly/DangKyKenhBaoDienTuVOV

Đây là kênh YouTube chính thức của Báo Điện tử VOV - Đài Tiếng nói Việt Nam
- Website: https://vov.vn
- Fanpage: https://www.facebook.com/baodientuvov
- Tiktok: Báo điện tử VOV ID:@baodientuvov
- Xem Youtube Báo Điện tử Tiếng nói Việt Nam (VOV) trên GG News: https://bit.ly/VOV_GGNews

37 Bà Triệu, Hoàn Kiếm, Hà Nội, Việt Nam
ĐT: (+84) 24 22105148
Fax: Fax: (+84) 24 39344230
Email: toasoanvov.vn@gmail.com

Kênh youtube Báo Điện tử Tiếng nói Việt Nam (VOV) là kênh Youtube chia sẻ các nội dung tin tức, chính trị, kinh tế, quốc tế, thế giới, pháp luật, nga ukraine mới nhất, tin nga ukraine,xung đột nga ukraine,tin quốc tế,nga ukraine hôm nay,tiêu điểm quốc tế,toàn cảnh quốc tế,thời sự quốc tế,thời sự thế giới,toàn cảnh thế giới,bản tin quốc tế,chiến sự nga ukraine, tin tức thời sự ,thời sự 19h,tin tức mới,tin mới,thời sự quốc tế,tin tức 24h mới nhất, nga và ukraine mới nhất, tin tức nga ukraine mới nhất,nga,ukraine, tin biển đông,tin nóng, các tin tức cập nhật,… cùng các phân tích, bình luận của các chuyên gia, học giả trong nước và quốc tế. 
Cảm ơn các bạn đã xem video! Hãy đăng ký kênh để cập nhật thông tin mới hữu ích nhất!
_________________________________
#vov #thoisu #tintuc",2026-09-17T03:17:55Z,2026-09-17T03:17:55Z,accept,flood_transport_hanoi,1,"flood_state,transport_impact,hanoi_location",0,search,ngập nước Hà Nội giao thông,,,,,,2026-09-25T10:41:44.238991+07:00
youtube,0F2G0d59EmE,https://www.youtube.com/watch?v=0F2G0d59EmE,"Đường Hà Nội hết ngập lụt lại đến tắc đường, đi cũng chẳng được mà quay đầu cũng chẳng xong🙂‍↔️🙂‍↔️","Đường Hà Nội hết ngập lụt lại đến tắc đường, đi cũng chẳng được mà quay đầu cũng chẳng xong🙂‍↔️🙂‍↔️",2025-10-02T02:48:35Z,2025-10-02T02:48:35Z,accept,flood_transport_hanoi,1,"flood_state,transport_impact,hanoi_location",0,search,ngập lụt Hà Nội đi lại,,,,,,2026-09-25T10:38:58.373474+07:00
youtube,0bZp6D2JzNs,https://www.youtube.com/watch?v=0bZp6D2JzNs,"Vì sao Đại Lộ Thăng Long, Hà Nội vẫn ngập sâu sau gần một tuần trời nắng?","Vì sao Đại Lộ Thăng Long, Hà Nội vẫn ngập sâu sau gần một tuần trời nắng?
@neoduongvietnam 
Video trải nghiệm thực tế Đại Lộ Thăng Long tại các xã Kiều Phú, Hạ Bằng, Hòa Lạc để cập nhật tình hình ngập sâu trên tuyến đường nay sau gần một tuần trời nắng.

Hiện nay tại khu vực giáp ranh giữu 2 xã Hạ Bằng, Hòa Lạc, ngay trước lối vào Khu công nghệ cao Hòa Lạc, nước ngập rất sâu, các xe không lưu thông được. Các hầm chui ở đoạn đường Đại lộ Thăng Long này ngập từ 70cm đến 1m. Hiện các cơ quan chức năng đã phân luồng giao thông, cấm các xe lưu thông vào đoạn đường này.

Hiện nay mực nước sông Tích vẫn rất cao, trong tình trạng báo động. Tại cầu sông Tích, xã Kiều Phú, nước sông mênh mông, lên đến mặt cầu dân sinh

Rất mong quý vị khán giả đồng hành và ủng hộ bằng cách đăng ký kênh Nẻo Đường Việt Nam, like, chia sẻ video đến bạn bè và những người quan tâm đến chủ đề của kênh. Xin chân thành cảm ơn!

#neoduongvietnam #dulichkhampha #dulichtrainghiem #dulichhanoi #phophuonghanoi #hanoi #dailothanglong #songtich #xahabang #xahoalac #xakieuphu #mucnuocsongtich #ngapluthanoi #luluthanoi",2026-09-23T05:11:51Z,2026-09-23T05:11:51Z,accept,flood_transport_hanoi,1,"flood_state,transport_impact,hanoi_location",0,search,ngập nước Hà Nội giao thông,,,,,,2026-09-25T10:40:04.660793+07:00
youtube,0tmTeu8pVqA,https://www.youtube.com/watch?v=0tmTeu8pVqA,Hà Nội: Vì sao Sở GD&amp;ĐT không cho học sinh nghỉ sớm dù mưa ngập?,"Hà Nội: Vì sao Sở GD&amp;ĐT không cho học sinh nghỉ sớm dù mưa ngập?
PLO |  Sở Giáo dục và Đào tạo Hà Nội nói gì khi không cho học sinh nghỉ sớm? Sở GD&ĐT Hà Nội cho biết việc không cho học sinh nghỉ học sớm từ ngày 30/9 là do phải cân nhắc kỹ tình hình, bởi không phải khu vực nào cũng ngập lụt và nhiều phụ huynh vẫn phải đi làm, khó thu xếp trông con. Tuy nhiên, trước tình trạng mưa lớn gây ngập diện rộng, ảnh hưởng an toàn đi lại, Sở đã quyết định cho toàn bộ học sinh các cấp nghỉ học ngày 1/10. Một số trường chủ động cho nghỉ hoặc chuyển sang học trực tuyến, đồng thời vệ sinh, khử khuẩn để sớm đón học sinh trở lại.
Trong video có những nội dung chính sau:
Sở Giáo dục và Đào tạo nói gì khi không cho học sinh nghỉ sớm
Mưa to dữ dội, ngập úng diện rộng, nhiều trường ở Hà Nội cho học sinh nghỉ học
Cận cảnh những khu vực ở Hà Nội nước ngập nặng, xe máy ngã nhào, dân bì bõm di chuyển
Hà Nội vẫn sẽ chịu mưa lớn kéo dài do tác động của bão Bualoi
Bão Bualoi gây mưa to, gió mạnh ở Huế và Hà Tĩnh
Bão số 10 Bualoi sắp đổ bộ, cảnh báo gió mạnh
Hàng dài 200 người vào hầm tránh bão Bualoi, đảo Cồn Cỏ mưa gió giật mạnh
Bạn đã từng có trải nghiệm lội nước ngang đầu gối để đi lại ở Hà Nội hay chưa? Hãy để lại bình luận bên dưới nhé.
🔔 Đừng quên like, share và subscribe kênh @PLOTV để không bỏ lỡ các nội dung ý nghĩa tiếp theo!
Thông tin trên được sử dụng từ nguồn chính thức: 
https://vietnamnet.vn/nhieu-truong-hoc-o-ha-noi-cho-hoc-sinh-nghi-hoc-vi-mua-lon-sau-bao-bualoi-2447520.html

#hanoi #hanoingapnuoc #ngaplut #baoso10 #baophapluattphcm
----------------------------
📰 PLO | Báo Pháp Luật TP.HCM – Kênh YouTube chính thức  
Nơi cập nhật tin tức thời sự, chính trị, pháp luật, quốc tế nhanh chóng – chính xác – khách quan.  

📺 Nội dung nổi bật trên kênh:  
• Toàn Cảnh Thời Sự – Phân tích chính trị, xã hội, pháp luật mỗi ngày  
• Toàn Cảnh Quốc Tế – Diễn biến thế giới qua góc nhìn thời sự  
• Lật Mở Hồ Sơ – Sự thật phía sau những vụ án nổi tiếng  
• Phóng sự & Series đặc biệt – Giải mã các câu chuyện thời sự được quan tâm  

👉 Đăng ký ngay để không bỏ lỡ tin tức nóng hổi, phân tích chuyên sâu và góc nhìn chính thống từ Báo Pháp Luật TP.HCM.  
🔔 Subscribe: https://www.youtube.com/c/PLOTV?sub_confirmation=1  

🌐 Theo dõi Báo Pháp Luật TP.HCM trên các nền tảng khác:  
• Website: https://plo.vn  
• Fanpage: https://www.facebook.com/phapluattp.vn/  

⚠️ Bản quyền thuộc Báo Pháp Luật TP.HCM – Vui lòng không reup khi chưa có sự đồng ý.  

#PLO #ThoiSu #PhapLuat #TinTucMoiNhat #BaoPhapLuatTPHCM",2025-10-01T08:30:06Z,2025-10-01T08:30:06Z,accept,flood_transport_hanoi,1,"flood_state,transport_impact,hanoi_location",1,search,ngập lụt Hà Nội đi lại,,,,,,2026-09-25T10:39:04.721358+07:00
youtube,1VBdUjIDM1w,https://www.youtube.com/watch?v=1VBdUjIDM1w,Nhiều tuyến phố Hà Nội ngập sâu gây khó khăn cho người dân tham gia giao thông,"Nhiều tuyến phố Hà Nội ngập sâu gây khó khăn cho người dân tham gia giao thông
Ngày 30-9, ghi nhận của phóng viên Báo Quân đội nhân dân tại nhiều tuyến phố Hà Nội, mưa lớn đã gây ngập úng và ách tắc cục bộ, ảnh hưởng nghiêm trọng đến việc di chuyển của người dân.
Chuyên trang với các video clip hấp dẫn về quân sự, quốc phòng Việt Nam
🔔Đăng ký xem tin mới nhất: https://bit.ly/SubBaoQDND

© Bản quyền thuộc Báo Quân đội nhân dân
© Website chính thức: https://www.qdnd.vn
© Fanpage chính thức: https://www.facebook.com/baoquandoinhandan

✅Cảm ơn các bạn đã ghé thăm kênh và xem video!

#tinquansu #baoquandoinhandan #qdnd #quandoivietnam #quandoi #quocphong #bodoivietnam",2025-09-30T11:00:05Z,2025-09-30T11:00:05Z,accept,flood_transport_hanoi,1,"flood_state,transport_impact,hanoi_location",0,search,phố ngập Hà Nội tham gia giao thông,,,,,,2026-09-25T11:16:22.612575+07:00
youtube,1gttJkmEpWU,https://www.youtube.com/watch?v=1gttJkmEpWU,Cảnh người dân Hà Nội cõng con cháu &quot; vượt lũ&quot;đi tìm con chữ,"Cảnh người dân Hà Nội cõng con cháu &quot; vượt lũ&quot;đi tìm con chữ
Cảnh người dân Hà Nội cõng con cháu "" vượt lũ""đi tìm con chữ
Hà Nội mưa từ tối hôm qua đến sáng nay tại Long Biên

Cảnh người dân Hà Nội cõng con cháu ""vượt lũ"" trên đường Nguyễn Gia Bồng, Long Biên sau những trận mưa lớn kéo dài.

Khu vực Long Biên, cụ thể là đường Nguyễn Gia Bồng, đang trải qua tình trạng ngập lụt Hà Nội nghiêm trọng. Những cơn mưa lớn liên tục đã khiến nước dâng cao, làm tê liệt giao thông và ảnh hưởng trực tiếp đến đời sống sinh hoạt của người dân trong khu vực.

Hình ảnh người dân phải vất vả lội nước, cõng con cháu đi học giữa dòng nước sâu là minh chứng rõ nét cho sự khó khăn mà người dân Long Biên Hà Nội phải đối mặt. Video ghi lại chân thực tình trạng ngập úng, nơi mỗi bước đi đều trở thành thử thách khi người dân cố gắng vượt lũ tại "" Vịnh Khai Sơn "" để đảm bảo việc học tập và sinh hoạt không bị gián đoạn.

Hãy đăng ký kênh để cập nhật những diễn biến mới nhất về tình hình thời tiết và đời sống tại Thủ đô. Bạn có chia sẻ gì về tình hình ngập lụt tại khu vực mình đang sinh sống không?",2026-09-15T02:59:37Z,2026-09-15T02:59:37Z,accept,flood_transport_hanoi,1,"flood_state,transport_impact,hanoi_location",0,search,ngập lụt Hà Nội đi lại,,,,,,2026-09-25T10:46:20.820333+07:00
youtube,1lFMSzH-z70,https://www.youtube.com/watch?v=1lFMSzH-z70,"Cư dân biệt thự Hà Nội căng mình chống ngập, sắm máy bơm công suất lớn mà vẫn không khỏi lo","Cư dân biệt thự Hà Nội căng mình chống ngập, sắm máy bơm công suất lớn mà vẫn không khỏi lo
PLO | Cư dân biệt thự Hà Nội căng mình chống ngập, sắm máy bơm công suất lớn mà vẫn không khỏi lo
Trải qua nhiều đợt ngập úng, cư dân biệt thự và chung cư cao cấp tại Hà Nội tự trang bị máy bơm công suất lớn, bao cát, tường sắt và trực túc để bảo vệ tài sản, “canh nước như canh chứng khoán”. Nhiều khu dân cư áp dụng giải pháp tổng thể phối hợp giữa Ban quản trị, Ban quản lý và cư dân, đảm bảo điện nước ổn định và hạn chế thiệt hại khi mưa lớn kéo dài.
Trong video có những nội dung chính sau:
Cư dân biệt thự Hà Nội căng mình chống ngập, sắm máy bơm công suất lớn
Khu đô thị hạng sang Hà Nội ngập nặng, cư dân chán chường dù giá gần 120 triệu/m²
Hà Nội chìm trong nước, nhiều ngõ ngách và hầm bị ngập sâu sau mưa lớn
Hà Nội mưa to, nhiều tuyến đường ngập sâu, giao thông ùn tắc
🔔 Đừng quên like, share và subscribe kênh @PLOTV để không bỏ lỡ các nội dung ý nghĩa tiếp theo!
Thông tin trên được sử dụng từ nguồn chính thức: 
https://vietnamnet.vn/cu-dan-biet-thu-ha-noi-sam-may-bom-khung-canh-nuoc-ngap-nhu-canh-chung-khoan-2450358.htmlC

#cuudantainha #hanoi #ngaplut #maybom #chongngap #baophapluattphcm 
----------------------------
📰 PLO | Báo Pháp Luật TP.HCM – Kênh YouTube chính thức  
Nơi cập nhật tin tức thời sự, chính trị, pháp luật, quốc tế nhanh chóng – chính xác – khách quan.  

📺 Nội dung nổi bật trên kênh:  
• Toàn Cảnh Thời Sự – Phân tích chính trị, xã hội, pháp luật mỗi ngày  
• Toàn Cảnh Quốc Tế – Diễn biến thế giới qua góc nhìn thời sự  
• Lật Mở Hồ Sơ – Sự thật phía sau những vụ án nổi tiếng  
• Phóng sự & Series đặc biệt – Giải mã các câu chuyện thời sự được quan tâm  

👉 Đăng ký ngay để không bỏ lỡ tin tức nóng hổi, phân tích chuyên sâu và góc nhìn chính thống từ Báo Pháp Luật TP.HCM.  
🔔 Subscribe: https://www.youtube.com/c/PLOTV?sub_confirmation=1  

🌐 Theo dõi Báo Pháp Luật TP.HCM trên các nền tảng khác:  
• Website: https://plo.vn  
• Fanpage: https://www.facebook.com/phapluattp.vn/  

⚠️ Bản quyền thuộc Báo Pháp Luật TP.HCM – Vui lòng không reup khi chưa có sự đồng ý.  

#PLO #ThoiSu #PhapLuat #TinTucMoiNhat #BaoPhapLuatTPHCM",2025-10-08T14:31:06Z,2025-10-08T14:31:06Z,accept,flood_transport_hanoi,1,"flood_state,transport_impact,hanoi_location",1,search,ngập nước Hà Nội giao thông,,,,,,2026-09-25T10:07:17.550873+07:00
youtube,22RP2YY5C3w,https://www.youtube.com/watch?v=22RP2YY5C3w,HÀ NỘI: METRO THÀNH LỰA CHỌN ĐI LẠI KHI MƯA NGẬP,"HÀ NỘI: METRO THÀNH LỰA CHỌN ĐI LẠI KHI MƯA NGẬP
Mưa lớn khiến nhiều tuyến đường Hà Nội ngập úng, ùn tắc, trong khi lượng khách tại một số ga metro tăng đáng kể trong giờ cao điểm.

📍 Metro đang cho thấy một lợi thế rõ rệt: giúp người dân duy trì một phần hành trình khi giao thông đường bộ gặp khó. Tuy nhiên, hiệu quả vẫn phụ thuộc vào khả năng kết nối từ nhà đến ga và từ ga đến điểm đến.

Theo bài viết, Hà Nội đặt mục tiêu hoàn thành hơn 410 km đường sắt đô thị vào năm 2035. Riêng ngày 22/6/2026, thành phố đồng loạt khởi công 5 tuyến metro với tổng chiều dài khoảng 303,5 km.

📌 Câu chuyện này cho thấy metro không chỉ là một phương thức vận tải mới, mà đang dần tác động đến cách người dân lựa chọn phương tiện và tổ chức hành trình trong đô thị.

Với bất động sản, khả năng kết nối giao thông công cộng cũng ngày càng trở thành một yếu tố đáng quan tâm khi đánh giá vị trí và tiềm năng sử dụng của một khu vực.

Theo dõi An Phú Realty để cập nhật thêm những thay đổi về hạ tầng và thị trường bất động sản.

#AnPhuRealty #MetroHaNoi #HaTangGiaoThong #BatDongSan #ThiTruongBDS",2026-09-24T03:00:05Z,2026-09-24T03:00:05Z,accept,flood_transport_hanoi,1,"flood_state,transport_impact,hanoi_location",0,search,ngập úng Hà Nội đi,,,,,,2026-09-25T10:31:04.949600+07:00
youtube,25B6Zal5CWE,https://www.youtube.com/watch?v=25B6Zal5CWE,Nóng: Tìm thấy thi thể nghi nam sinh mất tích tại miệng cống ở phố Viên (Hà Nội),"Nóng: Tìm thấy thi thể nghi nam sinh mất tích tại miệng cống ở phố Viên (Hà Nội)
Tin tức mới nhất | Nóng: Tìm thấy thi thể nghi nam sinh mất tích tại miệng cống ở phố Viên (Hà Nội)
Hơn 11h30 ngày 18/9, lực lượng chức năng tìm thấy một thi thể nam giới tại miệng cống cầu Mỏ, phố Viên, phường Đông Ngạc, Hà Nội, nơi thoát nước ra sông Nhuệ. Trước đó, thợ lặn phát hiện mũ bảo hiểm được cho là của nam sinh N.Đ.S., sinh viên năm nhất Trường Đại học Mỏ - Địa chất, cách vị trí mất tích hơn 100m. Nam sinh mất liên lạc khi di chuyển qua khu vực ngập sâu sau mưa lớn. Công tác xác minh danh tính và nguyên nhân vụ việc đang được tiến hành. 

Vấn đề hôm nay  cập nhật tin tức trong ngày, phản ánh nhanh các tin nóng, tin thời sự và thời sự hôm nay đang được quan tâm. Nội dung bám sát tin trong nước, theo dõi tin trong nước hôm nay qua các diễn biến trong nước và tình hình trong nước nổi bật. Các bản tin tin tức hôm nay, tin tức mới nhất, tin tức mới nhất hôm nay được tổng hợp theo nhịp tin tức 24h, tập trung vào thời sự trong nước, tin tức trong nước, tin nóng trong nước và thời sự nóng, giúp khán giả nắm bắt thông tin đầy đủ, kịp thời và đáng tin cậy mỗi ngày.
Đăng ký và nhấn chuông thông báo để cập nhật những tin tức mới và nóng nhất: 
#vandehomnay #tintuc #thoisu #namsinhmattich",2026-09-18T06:13:23Z,2026-09-18T06:13:23Z,accept,flood_transport_hanoi,1,"flood_state,transport_impact,hanoi_location",0,search,lụt Hà Nội di chuyển,,,,,,2026-09-25T10:49:16.507957+07:00
youtube,26ZQ88hF0DU,https://www.youtube.com/watch?v=26ZQ88hF0DU,"Đường phố Hà Nội ngập úng, hàng loạt phương tiện chết máy | Báo Đại Đoàn Kết","Đường phố Hà Nội ngập úng, hàng loạt phương tiện chết máy | Báo Đại Đoàn Kết
BÁO ĐẠI ĐOÀN KẾT | Sáng 30/9, hoàn lưu bão số 10 (Bualoi) gây mưa lớn ở Hà Nội, gây ngập úng một số tuyến đường, hàng loạt người dân phải dắt xe vì chết máy.


▶ BÁO ĐẠI ĐOÀN KẾT – Tin tức chính thống, nhanh chóng, chính xác
❤️ Cảm ơn quý vị và các bạn đã theo dõi kênh.
► ĐĂNG KÝ KÊNH và ấn nút 🔔 ở góc phải bên dưới video để không bỏ lỡ bản tin mới nhất: https://www.youtube.com/channel/UCbosG7Xj_MnCU2teKJmPOKQ
▶ ĐẠI ĐOÀN KẾT TV là kênh thông tin của Báo Đại Đoàn Kết điện tử (Cơ quan Trung ương của Mặt trận Tổ quốc Việt Nam), cung cấp các nội dung:
Thời sự – Chính trị: Hoạt động của lãnh đạo cấp cao, tin nghị trường, chính sách mới, sự kiện nổi bật.
Thông tin Mặt trận Tổ quốc Việt Nam: Hoạt động gắn kết cộng đồng, dân vận khéo, phong trào thi đua yêu nước.
Tin nóng: Cập nhật nhanh chóng các diễn biến thời sự, sự kiện quan trọng trong nước và quốc tế.
Tiêu điểm: Phóng sự, điều tra, tọa đàm chuyên sâu về các vấn đề dân sinh, xã hội.
Chuyên đề: 80 năm Quốc khánh 2/9, Chính sách mới có hiệu lực.
Với phương châm Nhanh chóng – Chính xác – Chính thống, Báo Đại Đoàn Kết mong muốn cung cấp cho quý vị những thông tin đáng tin cậy, phản ánh đầy đủ và kịp thời các sự kiện trong nước và quốc tế.
Website: https://daidoanket.vn/
Tiktok Báo Đại đoàn kết: https://www.tiktok.com/@baodaidoanketonline
Facebook Báo Đại đoàn kết: https://www.facebook.com/baodaidoanket

Thông tin tòa soạn
Địa chỉ: 66 Bà Triệu - Hà Nội
Địa chỉ: 59 Tràng Thi, Hà Nội
Hotline: 0862010866 Fax: (024) 38228547
Liên hệ quảng cáo: (024) 39431943 - (024) 39447011

#bao #hanoi #BaoDaiDoanKet #ThoiSu #TinNong #ChinhTri #MatTranToQuoc #QuocKhanh #ChinhSachMoi",2025-09-30T06:00:00Z,2025-09-30T06:00:00Z,accept,flood_transport_hanoi,1,"flood_state,transport_impact,hanoi_location",0,search,đường ngập Hà Nội lưu thông,,,,,,2026-09-25T10:50:51.233023+07:00
youtube,29ZmHuHDmkg,https://www.youtube.com/watch?v=29ZmHuHDmkg,Tô Gà Xây Hầm Trú Ẩn Chống Lũ Lụt Tài Lộc STING,"Tô Gà Xây Hầm Trú Ẩn Chống Lũ Lụt Tài Lộc STING
Tô Gà Xây Hầm Trú Ẩn Chống Lũ Lụt Tài Lộc STING
▬▬▬▬▬▬▬▬▬▬▬▬▬▬▬▬▬▬▬▬▬▬▬▬▬▬ 
🎬 ĐĂNG KÝ TÔ GÀ TV ►: https://www.shorturl.at/kpQS0
📰 FACEBOOK FANPAGE ►: https://www.shorturl.at/wyGTX
📰 Liên hệ hợp tác và quảng cáo 
► Gmail : partners@kydstudio.com
► Facebook : https://www.facebook.com/ngoc.hiep.77377
▬▬▬▬▬▬▬▬▬▬▬▬▬▬▬▬▬▬▬▬▬▬▬▬▬▬ 
♦️ĐĂNG KÝ CHO SINH TỐ TEAM ♦️  : 
► 💟 Oops Hiha : http://bit.ly/Hihaaa
► 🌀 Yummie TV : https://bit.ly/2YLeHLA
► 🏵️ Hiha & Yummie Vlog : https://bit.ly/2ZQqCJU
► 🏆 Sinh Tố : https://bit.ly/3gntJkY
► 🍄 Biệt đội Sinh Tố LiveStreams : https://bit.ly/39jRIwi
► ⏱ Sinh tố Shorts : https://bit.ly/30QxeZC
► 💙 HuyNoob : https://bit.ly/3kQAoUk
► 🔴 Oops Zeros : http://bit.ly/OopsZeros
► 💚 Sầu Riêng TV : https://bit.ly/2Y6AhLz
► ❤️ Hachi TV : https://bit.ly/3nnAS6p
► 💜 Nabee : https://bit.ly/3csFeoU
► 🐔 Tô Gà TV: https://bit.ly/3j3zGSo
► 🦊Jack VN : https://bit.ly/3CKvhhR
▬▬▬▬▬▬▬▬▬▬▬▬▬▬▬▬▬▬▬▬▬▬▬▬▬▬ 
==================================================
Nếu các bạn thích video này, hãy nhấn like, share và Sub cho TogaTV và Sinh Tố Team nữa nhé
Và đừng quên để lại comment của bạn nhe
Cảm ơn và hẹn gặp lại lần sau
© Bản quyền thuộc về Toga TV
© Copyright by Toga TV  ☞ Do not Reup
#TogaTV #Sinhtoteam #minecraft #mcpe #Togatroll #Togathuthach",2025-10-29T12:00:04Z,2025-10-29T12:00:04Z,reject,missing_group:transport_impact,1,"flood_state,hanoi_location",0,search,ngập lụt Hà Nội đi lại,,,,,,2026-09-25T10:34:25.175085+07:00
youtube,2MYvbnRjilE,https://www.youtube.com/watch?v=2MYvbnRjilE,CSGT Hà Nội ‘đội mưa’ hướng dẫn người dân tránh đoạn đường ngập | CAND,"CSGT Hà Nội ‘đội mưa’ hướng dẫn người dân tránh đoạn đường ngập | CAND
Báo Công an Nhân dân | Sáng 17/9, mưa lớn trên diện rộng từ sáng sớm khiến nhiều tuyến phố Hà Nội xuất hiện tình trạng ngập úng, gây khó khăn cho việc đi lại. CSGT Hà Nội đã chủ động triển khai lực lượng, đặt biển cảnh báo, điều tiết giao thông và hướng dẫn người dân lựa chọn lộ trình an toàn.

Mời quý vị khán giả xem thêm:

👉 Tin tức thời sự nóng nhất: https://bit.ly/AnninhtrattuCAND

★ ĐĂNG KÝ KÊNH BÁO CÔNG AN NHÂN DÂN: https://bit.ly/DangkyBaoCAND

---------------------------------------------------------------
Báo Công an nhân dân là cơ quan ngôn luận chính thức của Đảng ủy Công an Trung ương và Bộ Công an Việt Nam, đóng vai trò là cơ quan báo chí chủ lực, đa phương tiện quốc gia, tuyên truyền chủ trương, đường lối của Đảng, pháp luật Nhà nước, và hoạt động của lực lượng CAND, đồng thời kết nối giữa lực lượng Công an với nhân dân. 

Các ý kiến xây dựng hoặc đề nghị, vui lòng để lại comment phía dưới video. 

✔ Website chính thức: https://cand.com.vn/
✔ Fanpage chính thức:  https://www.facebook.com/tintuccand 

✬ Rất mong được mọi người ủng hộ và subscribe kênh, cũng đừng quên bấm like và share cho bạn bè nhé! Xin cảm ơn!

Xin chào, chúc mọi người xem vui vẻ!!!

#giaothong #ngaplut #congannhandan #tintuc #tintuc24h #thoisu",2026-09-17T10:14:03Z,2026-09-17T10:14:03Z,accept,flood_transport_hanoi,1,"flood_state,transport_impact,hanoi_location",0,search,ngập úng Hà Nội đi,,,,,,2026-09-25T10:31:57.684924+07:00
youtube,2hJofWj7z6Q,https://www.youtube.com/watch?v=2hJofWj7z6Q,"Hà Nội vẫn ngập sâu, nhiều tuyến phố tê liệt dù trời đã nắng, bão đã qua | Tin nhanh","Hà Nội vẫn ngập sâu, nhiều tuyến phố tê liệt dù trời đã nắng, bão đã qua | Tin nhanh
PLO | Hà Nội vẫn ngập sâu, nhiều tuyến phố tê liệt dù trời đã nắng, bão đã qua
🌧️ Dù trời Hà Nội sáng 8/10 đã hửng nắng, nhiều tuyến phố vẫn ngập sâu, giao thông hỗn loạn, người dân bì bõm dắt xe giữa dòng nước. Ảnh hưởng bão số 11 khiến lượng mưa tại Thủ đô vượt 500mm ở một số nơi, gây 12 điểm úng ngập lớn. Lực lượng thoát nước đang khẩn trương vận hành trạm bơm để giảm mực nước, sớm trả lại đường khô cho người dân.
Trong video có những nội dung chính sau:
Hà Nội vẫn ngập sâu, nhiều tuyến phố tê liệt dù trời đã nắng
Nước sông Nhuệ dâng cao, nhiều tuyến đường ở phía Tây Hà Nội chìm trong biển nước  
Thủ tướng Chính phủ ký Công điện yêu cầu các bộ ngành, địa phương tập trung phòng, chống thiên tai
Mực nước tại Thái Nguyên vượt đỉnh lũ lịch sử năm 2024
Sẵn sàng lực lượng, phương tiện, lương thực hỗ trợ Nhân dân
🔔 Đừng quên like, share và subscribe kênh @PLOTV để không bỏ lỡ các nội dung ý nghĩa tiếp theo!
Thông tin trên được sử dụng từ nguồn chính thức: https://tienphong.vn/troi-hung-nang-ha-noi-van-con-12-diem-ngap-sau-un-tac-post1785111.tpo

#hanoi #ngapnuoc #muabao #giaothong #baoso11 #baophapluattphcm

----------------------------
📰 PLO | Báo Pháp Luật TP.HCM – Kênh YouTube chính thức  
Nơi cập nhật tin tức thời sự, chính trị, pháp luật, quốc tế nhanh chóng – chính xác – khách quan.  

📺 Nội dung nổi bật trên kênh:  
• Toàn Cảnh Thời Sự – Phân tích chính trị, xã hội, pháp luật mỗi ngày  
• Toàn Cảnh Quốc Tế – Diễn biến thế giới qua góc nhìn thời sự  
• Lật Mở Hồ Sơ – Sự thật phía sau những vụ án nổi tiếng  
• Phóng sự & Series đặc biệt – Giải mã các câu chuyện thời sự được quan tâm  

👉 Đăng ký ngay để không bỏ lỡ tin tức nóng hổi, phân tích chuyên sâu và góc nhìn chính thống từ Báo Pháp Luật TP.HCM.  
🔔 Subscribe: https://www.youtube.com/c/PLOTV?sub_confirmation=1  

🌐 Theo dõi Báo Pháp Luật TP.HCM trên các nền tảng khác:  
• Website: https://plo.vn  
• Fanpage: https://www.facebook.com/phapluattp.vn/  

⚠️ Bản quyền thuộc Báo Pháp Luật TP.HCM – Vui lòng không reup khi chưa có sự đồng ý.  

#PLO #ThoiSu #PhapLuat #TinTucMoiNhat #BaoPhapLuatTPHCM",2025-10-08T10:05:06Z,2025-10-08T10:05:06Z,accept,flood_transport_hanoi,1,"flood_state,transport_impact,hanoi_location",1,search,ngập nước Hà Nội giao thông,,,,,,2026-09-25T10:07:27.388318+07:00
youtube,38hSiQj-MSI,https://www.youtube.com/watch?v=38hSiQj-MSI,"Hà Nội: Sông Bùi dâng cao gây ngập sâu, có nơi sâu khoảng 1m","Hà Nội: Sông Bùi dâng cao gây ngập sâu, có nơi sâu khoảng 1m
SGGP | Nước sông Bùi dâng cao khiến nhiều khu dân cư ở xã Quảng Bị (Hà Nội) ngập sâu. Suốt 3 ngày qua, người dân phải dùng thuyền nhỏ để đi lại, kê cao đồ đạc, và cùng lực lượng chức năng gia cố bờ, ngăn nước tràn vào nhà.
#hanoi #songbui 
📣 Nhấn SUBSCRIBE/ĐĂNG KÝ ngay để theo dõi những thông tin mới nhất: https://www.youtube.com/@sggponlinetv
📣 Đăng Ký Kênh #SGGP để cập nhật tin tức mới nhất: http://bit.ly/SGGP_Online 
📣 Kênh thông tin chính thức và duy nhất của Báo Sài Gòn Giải Phóng trên YouTube. Liên tục cập nhật thông tin nóng nhất, những phóng sự, những chuyên mục hấp dẫn. © Bản quyền thuộc về Báo Sài Gòn Giải Phóng
 #baosaigongiaiphong #tinquocte #tintuc24h",2026-09-18T08:41:57Z,2026-09-18T08:41:57Z,accept,flood_transport_hanoi,1,"flood_state,transport_impact,hanoi_location",1,search,ngập lụt Hà Nội đi lại,,,,,,2026-09-25T10:43:51.036675+07:00
youtube,392ncroxHO0,https://www.youtube.com/watch?v=392ncroxHO0,Mưa to Hà Nội nhiều điểm ngập sâu. Đi lại khó khăn.,Mưa to Hà Nội nhiều điểm ngập sâu. Đi lại khó khăn.,2025-09-30T10:39:34Z,2025-09-30T10:39:34Z,accept,flood_transport_hanoi,1,"flood_state,transport_impact,hanoi_location",0,search,ngập lụt Hà Nội đi lại,,,,,,2026-09-25T10:39:34.085315+07:00
youtube,3AlFR0eAZ-A,https://www.youtube.com/watch?v=3AlFR0eAZ-A,"Cập nhật thời tiết Hà Nội 7/10: Thủ đô mưa xối xả cả đêm, chi tiết tuyến phố chìm trong biển nước","Cập nhật thời tiết Hà Nội 7/10: Thủ đô mưa xối xả cả đêm, chi tiết tuyến phố chìm trong biển nước
VietNamNet | Mưa xối xả trong đêm khiến sáng ngày 7/10, nhiều tuyến phố ở Hà Nội lại ngập nặng, gây khó khăn cho việc đi lại.
Cảm ơn quý vị và các bạn đã quan tâm theo dõi bản tin hàng ngày của Báo VietNamNet. 
🔆Nút #Like&Share của bạn giờ đây rất hữu ích 
------
★ Đăng ký kênh và bấm chuông theo dõi những tin tức mới nhất từ Vietnamnet:
Đăng kí ngay 👉 https://bit.ly/3TmOMI7
Click for subcribe 👉 https://bit.ly/3TmOMI7

Tin tức báo VietNamNet - Đọc tin tức online - Tin tức 24h - Thời sự trong ngày
Kênh Youtube chính thức của Báo VietNamNet. Cập nhật liên tục những tin tức thời sự nóng hổi, chính xác nhất ở trong nước và trên thế giới.
------
Theo dõi Vietnamnet tại:
★ Facebook Vietnamnet: https://www.facebook.com/vietnamnet.vn/
★ Báo điện tử Vietnamnet: https://vietnamnet.vn/
-----
© Bản quyền thuộc về Báo VietNamNet
© Copyright by Vietnamnet Official ☞ Do not Reup
#BaoVietnamnet #tintuc #tintuc24h",2025-10-07T00:42:09Z,2025-10-07T00:42:09Z,accept,flood_transport_hanoi,1,"flood_state,transport_impact,hanoi_location",0,search,ngập lụt Hà Nội đi lại,,,,,,2026-09-25T10:38:14.777953+07:00
youtube,3T-xx2MnkyU,https://www.youtube.com/watch?v=3T-xx2MnkyU,Hà Nội: Xã Trung Dã Vẫn Ngập Sâu Và Cô Lập Trong Nước Lũ,"Hà Nội: Xã Trung Dã Vẫn Ngập Sâu Và Cô Lập Trong Nước Lũ
An toàn giao thông ngày 10-10-2025 - Báo và Phát thanh, Truyền hình Đắk Lắk",2025-10-11T03:16:21Z,2025-10-11T03:16:21Z,accept,flood_transport_hanoi,1,"flood_state,transport_impact,hanoi_location",0,search,ngập nước Hà Nội giao thông,,,,,,2026-09-25T10:06:08.111113+07:00
youtube,3U4UNEj2ntI,https://www.youtube.com/watch?v=3U4UNEj2ntI,"Cao tốc Hà Nội - Thái Nguyên ngập nửa mét, hạn chế xe di chuyển | VnExpress","Cao tốc Hà Nội - Thái Nguyên ngập nửa mét, hạn chế xe di chuyển | VnExpress
Từ 21h ngày 9/10, nước dâng tràn vào cao tốc hướng Thái Nguyên đi Hà Nội làm ngập đoạn đường kéo dài hơn 100 m. Một số ôtô gầm thấp không thể di chuyển, có xe chết máy giữa đường phải nhờ cứu hộ. Đội Cảnh sát giao thông đường bộ số 15 phải lội nước, làm ""cọc tiêu sống"" hướng dẫn phương tiện qua khu vực.

#vnexpress #baodientu #tintuc #thoisu 
------------------
Báo VnExpress:
🖥Website: https://vnexpress.net/
💻 Fanpage: https://www.facebook.com/congdongvnexpress/
💻 Youtube: https://bit.ly/BaoDienTuVnExpress
💻TikTok: https://www.tiktok.com/@vnexpress.official

© Bản quyền thuộc về Báo VnExpress ☞ vui lòng không reup!
© Copyright by VnExpress ☞ Do not Reup!",2025-10-10T02:37:43Z,2025-10-10T02:37:43Z,accept,flood_transport_hanoi,1,"flood_state,transport_impact,hanoi_location",0,search,lụt Hà Nội di chuyển,,,,,,2026-09-25T10:48:03.328668+07:00
youtube,3ZrHI9vbcUc,https://www.youtube.com/watch?v=3ZrHI9vbcUc,"Hà Nội: Nước lũ vẫn ngập sâu ở xã Đa Phúc, nhiều nhà dân bị cô lập","Hà Nội: Nước lũ vẫn ngập sâu ở xã Đa Phúc, nhiều nhà dân bị cô lập
Chiều 11-10, dù đã qua ba ngày sau đợt lũ lịch sử, xã Đa Phúc (Hà Nội) vẫn còn nhiều khu vực ngập sâu, giao thông bị chia cắt. Tuyến đê Hữu Cầu xuất hiện nhiều điểm sạt lở, nước tràn qua đường khiến người dân đi lại khó khăn.

#ngapsau 

Tin tức nhanh nhất, mới nhất, nóng nhất đang diễn ra ở Việt Nam và thế giới về: thời sự, kinh tế, chính trị, xã hội, giáo dục, thể thao, văn hóa, giải trí, công nghệ, nhịp sống số, pháp luật, du lịch...

#TinNong #Thời_Sự #ThoiSu #TinTuc",2025-10-12T09:00:06Z,2025-10-12T09:00:06Z,accept,flood_transport_hanoi,1,"flood_state,transport_impact,hanoi_location",0,search,ngập nước Hà Nội giao thông,,,,,,2026-09-25T10:05:41.462229+07:00
youtube,3hgJ4u3yQww,https://www.youtube.com/watch?v=3hgJ4u3yQww,"Cao tốc Hà Nội - Thái Nguyên bị ngập, cảnh sát giao thông hướng dẫn phương tiện đi tuyến khác","Cao tốc Hà Nội - Thái Nguyên bị ngập, cảnh sát giao thông hướng dẫn phương tiện đi tuyến khác
BÁO LAO ĐỘNG | Theo Cục CSGT (Bộ Công an), tại Km29 cao tốc Hà Nội - Thái Nguyên nước ngập sâu 45 cm, chiều dài đoạn ngập khoảng 50m.
Với độ sâu trên, xe ô tô gầm cao, xe tải, xe khách có thể di chuyển qua được. Các loại xe gầm thấp, sedan 4 chỗ không đi được.

Mời quý vị và các bạn xem thêm: https://laodong.vn/media
──────────────────────────────
Bản quyền thuộc Báo Lao Động – Cơ quan của Tổng Liên đoàn Lao động Việt Nam.
* Website: https://laodong.vn
* Đường dây nóng: 096 838 3388
* Email: baolaodongdientu@gmail.com
* Fanpage: https://www.facebook.com/LaoDongTVOnline/

#baolaodong #bld",2025-10-10T08:26:00Z,2025-10-10T08:26:00Z,accept,flood_transport_hanoi,1,"flood_state,transport_impact,hanoi_location",0,search,lụt Hà Nội di chuyển,,,,,,2026-09-25T10:47:50.387808+07:00
youtube,3qMmULp0rE8,https://www.youtube.com/watch?v=3qMmULp0rE8,"Ngoại thành Hà Nội chìm trong “biển nước” sau mưa lớn, người dân bì bõm chuyển đồ chạy lũ","Ngoại thành Hà Nội chìm trong “biển nước” sau mưa lớn, người dân bì bõm chuyển đồ chạy lũ
Sau những ngày mưa vừa qua, nước sông Bùi dâng cao, tràn vào thôn Đồng Dâu, xã Quảng Bị, Hà Nội. Nhiều tuyến đường, sân vườn và nhà dân ngập kéo dài. Người dân phải bì bõm trong nước để di chuyển, kê cao đồ đạc và bảo vệ tài sản. 


🔔 Mời quý vị và các bạn xem HỎI ĐÁP CÙNG CHUYÊN GIA 👉 https://www.youtube.com/watch?v=RTmSFhcPZGA&list=PLquFskIvUFL7U3lELKbF2wXCn32hxnaVC

🔆Nút SHARE của bạn giờ đây rất hữu ích 
--------------------
👍Báo Sức khỏe và Đời sống – Cơ quan ngôn luận của Bộ Y tế
🖥Website: http://suckhoedoisong.vn/
💻 FanPage: https://www.facebook.com/baosuckhoevadoisong/
💻Youtube: https://bit.ly/Baosuckhoevadoisong
💻Tiktok: https://bit.ly/3hOWND9

#skds #suckhoedoisong#skds #suckhoedoisong #mualu #hanoi",2026-09-18T02:37:44Z,2026-09-18T02:37:44Z,accept,flood_transport_hanoi,1,"flood_state,transport_impact,hanoi_location",0,search,lụt Hà Nội di chuyển,,,,,,2026-09-25T10:49:19.856557+07:00
youtube,3tdxB-2PXVE,https://www.youtube.com/watch?v=3tdxB-2PXVE,"Mưa lũ gây ngập sâu, nhiều sông tại Hà Nội, Ninh Bình và Thanh Hóa vượt mức báo động 3","Mưa lũ gây ngập sâu, nhiều sông tại Hà Nội, Ninh Bình và Thanh Hóa vượt mức báo động 3
Mưa lớn, lũ, ngập lụt tại nhiều địa phương đã gây thiệt hại về người, nhà cửa, sản xuất và giao thông. Đáng chú ý, nhiều tuyến sông tại Hà Nội, Ninh Bình và Thanh Hóa đang lên, ở trên mức báo động 3 (BĐ3).
▶ Kênh Youtube tạp chí VietTimes chia sẻ các nội dung thông tin mạng xã hội, thời sự quốc tế, toàn cảnh quốc tế, nga ukraine mới nhất, tin nga ukraine, xung đột nga ukraine, tin quốc tế, nga ukraine hôm nay, tiêu điểm quốc tế, thời sự thế giới, bản tin quốc tế,chiến sự nga ukraine, tin tức thời sự, thời sự 19h, tin tức mới, tin mới, thời sự quốc tế, tin tức 24h mới nhất, nga và ukraine mới nhất, tin tức nga ukraine mới nhất, nga, ukraine, isarel, hamas, palestin, xung đột isarel hamas, xung đột isarel palestine , tin nóng, các tin tức cập nhật,… Với mong muốn cập nhật những thông tin, phân tích chính xác và nhanh nhất dưới góc nhìn truyền thông số cho quý vị và các bạn

🔔 Đăng ký kênh để theo dõi tin tức mới nhất: https://bit.ly/DangKyKenhVietTimes

Theo dõi Tạp chí điện tử Viettimes

📣 Web: https://viettimes.vn/
📣 Tiktok: https://www.tiktok.com/@viettimes.vn
📣 Youtube Channel: https://www.youtube.com/c/TapchiVietTimes/featured
📣 Fanpage: https://www.facebook.com/viettimes.vn
-----------------
© Bản quyền thuộc về Tạp chí điện tử Viettimes
© Copyright by Bao Viettimes  ☞ Do not Reup
#tapchiviettimes #tintucviettimes #viettimeskinhte #lutrensong #mienbac #mientrung",2026-09-18T04:36:07Z,2026-09-18T04:36:07Z,accept,flood_transport_hanoi,1,"flood_state,transport_impact,hanoi_location",0,search,ngập nước Hà Nội giao thông,,,,,,2026-09-25T10:41:37.720752+07:00
youtube,3yRwHONQ7Xs,https://www.youtube.com/watch?v=3yRwHONQ7Xs,phương tiện di chuyển mới tại Hà Nội ngập lụt,"phương tiện di chuyển mới tại Hà Nội ngập lụt
--------------------------------- © Copyright by Nhà đẹp Tiên Khôi (Do Not Reup) ----------------------------------",2026-09-17T09:49:58Z,2026-09-17T09:49:58Z,accept,flood_transport_hanoi,1,"flood_state,transport_impact,hanoi_location",0,search,lụt Hà Nội di chuyển,,,,,,2026-09-25T10:49:33.137949+07:00
youtube,42BL-ZJ6bfU,https://www.youtube.com/watch?v=42BL-ZJ6bfU,CSGT dùng xe chuyên dụng hỗ trợ người dân qua đoạn Quốc lộ 32 ngập sâu,"CSGT dùng xe chuyên dụng hỗ trợ người dân qua đoạn Quốc lộ 32 ngập sâu
Sau trận mưa lớn kéo dài từ đêm 16/9, một đoạn Quốc lộ 32 qua địa bàn xã Hát Môn, Hà Nội bị ngập sâu khoảng 40 cm, khiến việc đi lại của người dân gặp nhiều khó khăn. Trước tình hình này, lực lượng CSGT đã triển khai xe tải nâng chuyên dùng, hỗ trợ người dân qua khu vực ngập nước theo cả hai chiều Hà Nội - Sơn Tây.",2026-09-18T05:08:34Z,2026-09-18T05:08:34Z,accept,flood_transport_hanoi,1,"flood_state,transport_impact,hanoi_location",0,search,ngập nước Hà Nội giao thông,,,,,,2026-09-25T10:41:34.539892+07:00
youtube,4A6VusbdlOI,https://www.youtube.com/watch?v=4A6VusbdlOI,"Cấm lưu thông qua hàng loạt cầu cũ, cầu tạm trên sông Đáy | Tin tức","Cấm lưu thông qua hàng loạt cầu cũ, cầu tạm trên sông Đáy | Tin tức
Dù mưa đã tạm ngừng, nhưng nước lũ từ thượng nguồn tràn về vẫn gây nhiều ảnh hưởng tới các địa phương dọc các tuyến sông lớn qua Hà Nội. Cá biệt trên sông Đáy, ở nhiều vị trí, nước lũ dâng cao đạt đỉnh so với hàng chục năm trở lại đây. Tất cả các cây cầu cũ, cầu tạm đã được các địa phương chỉ đạo tạm dừng lưu thông. Đồng thời, bố trí chốt trực 24/24 để bảo vệ, không cho bất cứ người dân, phương tiện nào di chuyển qua để đảm bảo an toàn giao thông. 

#hanoi #hanoionline #songday #lulut  #antoangiaothong  #hanoionline 
----
➡ Đây là Kênh Youtube chính thức của Cơ quan Báo và Phát thanh, truyền hình Hà Nội.
➡ Click Theo dõi (Subscribe) để nhận thông tin tin tức kịp thời trên kênh Youtube của Cơ quan Báo và Phát thanh, truyền hình Hà Nội.
https://www.youtube.com/HaNoiTVGo?sub_confirmation=1

👉 THÔNG TIN LIÊN HỆ: 
Cơ quan Báo và Phát thanh, truyền hình Hà Nội:
🔶 Địa chỉ: Số 3-5 Huỳnh Thúc Kháng, Đống Đa, Hà Nội
📧 Email: ttnoidungso@daihanoi.vn

#DaiHaNoi #HanoiOnline #BaovaPhatthanhTruyenhinhHaNoi",2026-09-18T08:29:06Z,2026-09-18T08:29:06Z,reject,missing_group:flood_state,1,"transport_impact,hanoi_location",0,search,lụt Hà Nội di chuyển,,,,,,2026-09-25T10:49:16.502269+07:00
youtube,4ZJ5epjK1OQ,https://www.youtube.com/watch?v=4ZJ5epjK1OQ,"Ô Tô Điện Bị Ngập Nước, Cách Xử Lý Khẩn Cấp Để Cứu Pin và Xe","Ô Tô Điện Bị Ngập Nước, Cách Xử Lý Khẩn Cấp Để Cứu Pin và Xe
☎ Hotline : 0909 35 6688 // 033 222 1818
NAT Center với 6 cơ sở chính:
CS1: Ngõ 286 Đường Nguyễn Xiển, Tân Triều, Thanh Trì, Hà Nội.
CS2: số 17 No10B Đô thị mới, ngách 207/4 Phố Sài Đồng, P. Sài Đồng, Long Biên, Hà Nội.
CS3: Quốc lộ 32, Đức Thượng, Hoài Đức, Hà Nội.
CS4: Tổ 10 Khu, Hòa Bình, Thành phố Việt Trì, Phú Thọ.
CS5: 38 Đường Việt Bắc, Quang Trung, Thành phố Thái Nguyên, Thái Nguyên.
CS6: Khu Khả Lễ, phường Võ Cường, Thành phố Bắc Ninh, tỉnh Bắc Ninh.",2025-10-23T10:00:11Z,2025-10-23T10:00:11Z,accept,flood_transport_hanoi,1,"flood_state,transport_impact,hanoi_location",0,search,ngập nước Hà Nội giao thông,,,,,,2026-09-25T10:05:38.167705+07:00
youtube,4mSd_csJ3aw,https://www.youtube.com/watch?v=4mSd_csJ3aw,"Nút giao Đại lộ Thăng Long - Vành đai 3.5 Hà Nội | Công trường ngập nước, thi công khó khăn","Nút giao Đại lộ Thăng Long - Vành đai 3.5 Hà Nội | Công trường ngập nước, thi công khó khăn
@neoduongvietnam 
Video trải nghiệm thực tế Đại lộ Thăng Long và đường Hoàng Tùng để cập nhật tiến độ thi công nút giao giữa Vành đai 3.5 Hà Nội và Đại Lộ Thăng Long thuộc địa phận xã An Khánh, Sơn Đồng và phường Đại Mỗ

Hiện nay các nhà thầu đang tổ chức thi công đồng loạt phần cầu, phần hầm, phần đường và hạ tầng kỹ thuật, hệ thống thoát nước mưa dọc đường gom Hoàng Tùng (Vành đai 3.5 Hà Nội). Tuần vừa qua trời mưa liên lục, công trường bị ngập nên việc thi công rất khó khăn, các đơn vị vừa khẩn trương hoàn thành tiến độ, vừa phải chống ngập cho công trường. Ngoài ra dự án cũng đang gặp khó khăn về giải phóng mặt bằng (ở phường Tây Mỗ, Sơn Đồng) và chi phí nguyên vật liệu tăng cao.

Dự án nút giao khác mức này có số vốn đầu tư 2.384 tỷ đồng, được khởi công xây dựng vào tháng 2 năm 2025, dự kiến hoàn thành trong năm 2027. Theo thiết kế, nút giao có hệ thống cầu nhánh tuabin gồm 4 nhánh, sử dụng kết cấu dầm bản bê tông cốt thép dự ứng lực, tổng chiều dài khoảng 2.357m, bề rộng 8,8m, 2 làn xe và hầm trực thông theo hướng đường Hoàng Tùng - Quốc lộ 32, dài tổng cộng 975m (hầm kín và hầm hở). Việc thi công dự án và phân luồng giao thông tại nút giao nay gây ảnh hưởng lớn đến tình hình giao thông và cuộc sống của người dân khu vực xung quanh.

Rất mong quý vị khán giả đồng hành và ủng hộ bằng cách đăng ký kênh Nẻo Đường Việt Nam, like, chia sẻ video đến bạn bè và những người quan tâm đến chủ đề của kênh. Xin chân thành cảm ơn!

#neoduongvietnam #dulichkhampha #dulichtrainghiem #dulichhanoi #vanhdai3.5hanoi #phuongtaymo #dailothanglong #xasondong #xaankhanh #nutgiaovanhdai3.5-dailothanglong #giaothonghanoi #duangiaothonghanoi #tiendothicongnutgiaovanhdai3.5-dailothanglong",2026-09-25T02:02:44Z,2026-09-25T02:02:44Z,accept,flood_transport_hanoi,1,"flood_state,transport_impact,hanoi_location",0,search,ngập nước Hà Nội giao thông,,,,,,2026-09-25T10:39:54.240674+07:00
youtube,50m_qAf3gwM,https://www.youtube.com/watch?v=50m_qAf3gwM,"Hà Nội mưa to kéo dài, miền Bắc nhiều nơi nguy cơ ngập lụt","Hà Nội mưa to kéo dài, miền Bắc nhiều nơi nguy cơ ngập lụt
Vietnam Plus | Bản tin 60s ngày 15/9/2026 có những thông tin đáng chú ý sau: 
Hà Nội ngập nhiều tuyến phố sau mưa lớn kéo dài
Tắt sóng 2G từ 15/9, người dùng cần lưu ý những gì?
Khởi tố 6 người đánh tài xế taxi ở Quảng Ninh, truy tìm một khách nữ
Bộ Y tế yêu cầu làm rõ việc cấp giấy khám sức khỏe “siêu tốc”
Kết luận của Phó Thủ tướng về việc rà soát quy định khoảng cách trên cao tốc
Houthi tấn công nhiều mục tiêu quân sự tại Saudi Arabia
Iran tịch thu tài sản hàng trăm cá nhân có liên hệ với Israel
Iran phản đối việc quan chức năng lượng không thể tham dự Hội nghị IAEA

Vietnam Plus là kênh Youtube chia sẻ các nội dung tin tức, nga ukraine mới nhất, tin nga ukraine, xung đột nga ukraine, tin quốc tế, nga ukraine hôm nay, tiêu điểm quốc tế, toàn cảnh quốc tế, thời sự quốc tế, thời sự thế giới, toàn cảnh thế giới, bản tin quốc tế, chiến sự nga ukraine, tin tức thời sự, thời sự 19h, tin tức mới, tin mới, thời sự quốc tế, tin tức 24h mới nhất, nga và ukraine mới nhất, tin tức nga ukraine mới nhất, nga, ukraine, tin biển đông, tin nóng, các tin tức cập nhật,… Với mong muốn cập nhật những thông tin chính xác và nhanh nhất trên nền tảng số cho quý vị và các bạn. ❤️ Cảm ơn các bạn đã xem video!

★ Đăng ký kênh và bấm 🔔 theo dõi những tin tức mới nhất từ Vietnam Plus:
Đăng kí ngay 👉 https://bit.ly/BaovietnamPlus
Click for subcribe 👉 https://bit.ly/BaovietnamPlus

Tin tức Báo Vietnam Plus - Đọc tin tức online - Tin tức 24h - Thời sự trong ngày
Kênh Youtube chính thức của Báo Vietnam Plus. Cập nhật liên tục những tin tức Việt Nam và thế giới nhanh nhất, tin cậy, chính thống từ TTXVN, cập nhật liên tục 24/7.
------
Theo dõi Vietnam Plus tại:
★ Báo Vietnam Plus: https://www.vietnamplus.vn
★ Facebook Vietnam Plus: https://www.facebook.com/VietnamPlus
-----
© Bản quyền thuộc về Báo Vietnam Plus
© Copyright by Vietnam Plus. Do not Reup

#hanoingap #thoitietmoinhat #tatsong2g #vietnamplus #BaoVietnamplus",2026-09-15T03:58:57Z,2026-09-15T03:58:57Z,accept,flood_transport_hanoi,1,"flood_state,transport_impact,hanoi_location",0,search,ngập úng Hà Nội đi,,,,,,2026-09-25T10:34:02.134884+07:00
youtube,56DiNSj97rQ,https://www.youtube.com/watch?v=56DiNSj97rQ,Quốc lộ 3 qua xã Trung Giã ngập đến cổ | Giao thông tê liệt hoàn toàn #neoduongvietnam #xatrunggia,"Quốc lộ 3 qua xã Trung Giã ngập đến cổ | Giao thông tê liệt hoàn toàn #neoduongvietnam #xatrunggia
- Trải nghiệm trực tiếp tình hình ngập úng trên Quốc lộ 3 qua xã Trung Giã. Nước ngập sâu đến cổ, giao thông tê liệt hoàn toàn
- Video cập nhật tình trạng ngập lụt ở ngoại thành Hà Nội tại xã Trung Giã. Xã ngập sâu đến 1.5 m. Nước các sông Cầu, sông Cà Lồ, sông Công dâng rất cao gây ra bởi mưa lớn do hoàn lưu cơn bão số 11 (bão Matmo).
- Quý vị xem Full Video trên kênh Youtube NẺO ĐƯỜNG VIỆT NAM tại: https://youtu.be/hX4ozZzEU7c

- Rất mong quý vị khán giả đồng hành và ủng hộ bằng cách đăng ký kênh Nẻo Đường Việt Nam, like, chia sẻ video đến bạn bè và những người quan tâm đến chủ đề của kênh. Xin chân thành cảm ơn
#neoduongvietnam #ngapluthanoi #conbaoso11 #conbaomatmo #xatrunggia #quoclo3 #ngaplutngoaithanhhanoi #luluthanoi #dulichtrainghiem #dulichphophuonghanoi #dulichkhampha",2025-10-10T08:30:51Z,2025-10-10T08:30:51Z,accept,flood_transport_hanoi,1,"flood_state,transport_impact,hanoi_location",0,search,ngập nước Hà Nội giao thông,,,,,,2026-09-25T10:06:24.516684+07:00
youtube,56z6vRntqoU,https://www.youtube.com/watch?v=56z6vRntqoU,TRỰC TIẾP: Hà Nội phố thành sông sau trận mưa lớn hậu bão 11 (MATMO) | Camera VOV Giao thông #fm91,"TRỰC TIẾP: Hà Nội phố thành sông sau trận mưa lớn hậu bão 11 (MATMO) | Camera VOV Giao thông #fm91
TRỰC TIẾP: Hà Nội phố thành sông sau trận mưa lớn hậu bão 11 (MATMO) | Camera VOV Giao thông fm91

Danh sách các điểm có nguy cơ ngập úng tại thành phố Hà Nội: tuyến phố Trần Vũ, Cao Bá Quát, Liễu Giai, phố Đội Cấn, Ngọc Khánh, Đào Tấn, Phùng Hưng, Bát Đàn, Đường Thành, ngã tư Tràng Tiền - Hàng Bài, Nguyễn Hữu Huân, Tông Đản, Đinh Liệt, Tạ Hiện, Nguyễn Siêu – ngõ Gạch, Ngã tư Phan Bội Châu-Lý Thường Kiệt, Quang Trung, Thợ Nhuộm, Vân Hồ, Nguyễn Công Trứ, ngã 5 Bà Triệu, Lò Đúc, Liên Trì – Nguyễn Gia Thiều, Minh Khai, Mạc Thị Bưởi, Thanh Đàm, Thái Hà, Láng Hạ, Huỳnh Thúc Kháng, Nguyễn Khuyến, Lê Duẩn, Trường Chinh, Tôn Thất Tùng, Chùa Bộc, Hoa Bằng, Cầu Giấy, Xuân Thủy, Phan Văn Trường, Phạm Hùng, Phạm Văn Bạch, Tôn Thất Thuyết, Duy Tân, Trần Quốc Hoàn, Yên Hòa, Nguyễn Khang, Dương Đình Nghệ, Lê Văn Lương, Nam Trung Yên, Tô Hiệu, Nguyễn Phong Sắc, Tô Hiệu, Nguyễn Khánh Toàn, Trích Sài, Âu Cơ, Thụy Khuê, Võ Chí Công, Phú Xá, Xuân Đỉnh, Phạm Văn Đồng, Tân Xuân, Doãn Kế Thiện, Mai Dịch, Ga Nhổn, Trần Bình, Hầm chui dân sinh qua Đại lộ Thăng Long, Quan Nhân, Nguyễn Tuân, Nguyễn Trãi, Lê Văn Lương, Tố Hữu, Cự Lộc, Lương Thế Vinh, Nguyễn Huy Tưởng, Vương Thừa Vũ, Bùi Xương Trạch, Triều Khúc, Giải Phóng, Tân Mai, Nguyễn Chính, Lĩnh Nam, Định Công, Nguyễn Xiển, Linh Đàm, Lê Trọng Tấn, Vạn Phúc, Nguyễn Văn Trỗi, Mỗ Lao, Phan Đình Giót, Ngô Thì Nhậm, Tố Hữu, Chiến Thắng, Khu đô thị Văn Phú, Tô Hiệu, Yên Nghĩa, Hoa Lâm, gầm Cầu Chui, Ngọc Lâm, Hoàng Như Tiếp, Đàm Quang Trung, Cổ Linh…

#VOVGiaoThong sẽ liên tục cập nhật bản tin bão, dự báo thời tiết, tình hình mưa bão mới nhất để bạn đọc nắm bắt kịp thời.
📌 Theo dõi kênh để cập nhật: Dự báo bão | Thời tiết biển | Tin nóng giao thông

Tham gia hội viên của VOV Giao thông bạn nhé:
https://www.youtube.com/channel/UCPeJU6XNeZMwaHYXE27Vgmg/join

Kính chào quý khán thính giả đã đến với channel chính thức của Kênh VOV Giao thông, Đài Tiếng nói Việt Nam. Kính chúc quý vị sẽ có thời gian theo dõi tin tức hữu ích cùng VOV Giao thông. Nếu có hình ảnh nào đáng chú ý trên đường, các bạn có thể gửi về số điện thoại zalo: 0988239969.

#vovgiaothong #vovgt #tintuc #hotnews #news #thongtin #giaothong #tieudiem #tinnong #xuhuong #cameragiaothong #checkvar #tinhuonggiaothong #camerahanhtrinh #binhluan #gocnhin #caotoc #vov #daitiengnoivietnam #phatthanh #daiphatthanh #batdongsan #nhadat #ngaogia
--------------------------------------------
Đăng ký theo dõi Kênh Youtube VOV Giao thông để xem những tin tức mới nhất:
https://youtube.com/@kenhvovgiaothong?si=OStZt6XJZU1sYzBU

Đây là Kênh Youtube chính thức của Kênh VOV Giao thông - Đài Tiếng nói Việt Nam
- Website: https://vovgiaothong.vn/
- Fanpage: https://www.facebook.com/KenhVOVGT

Tầng 10, Số 58 Quán Sứ, Hà Nội
ĐT: 02437.919191
Email: vovgtchannel@gmail.com",2025-10-07T14:51:14Z,2025-10-07T14:51:14Z,accept,flood_transport_hanoi,1,"flood_state,transport_impact,hanoi_location",0,search,phố ngập Hà Nội tham gia giao thông,,,,,,2026-09-25T11:12:55.656415+07:00
youtube,58vac0slSWA,https://www.youtube.com/watch?v=58vac0slSWA,"Cận cảnh đường phố Hải Phòng ngập sâu dưới nước, người dân di chuyển khó khăn","Cận cảnh đường phố Hải Phòng ngập sâu dưới nước, người dân di chuyển khó khăn
PLO | Cận cảnh đường phố Hải Phòng ngập sâu dưới nước, người dân di chuyển khó khăn
Sáng 14/10, cơn mưa kéo dài kết hợp triều cường khiến nhiều tuyến phố tại Hải Phòng ngập lụt cục bộ, điểm sâu nhất lên tới hơn nửa mét. Lực lượng thoát nước triển khai ứng phó khẩn cấp, đảm bảo an toàn và thoát nước cho người dân.
Trong video có những nội dung chính sau:
Cận cảnh đường phố Hải Phòng ngập sâu dưới nước, người dân di chuyển khó khăn
Một số tuyến đường Hà Nội tắc cục bộ sau mưa lớn
Không khí lạnh sâu sắp về miền Bắc, Hà Nội có nơi rét dưới 20 độ 
Miền Bắc đón đợt không khí lạnh yếu, trời dịu mát kèm mưa dầm kéo dài đến giữa tháng 10
Có thể xuất hiện 2-3 cơn bão hoặc áp thấp nhiệt đới trong tháng tới
Bạn có muốn cập nhật thêm các thông tin về tình hình thời tiết miền Bắc. Hãy để lại bình luận nhé.
🔔 Đừng quên like, share và subscribe kênh @PLOTV để không bỏ lỡ các nội dung ý nghĩa tiếp theo!
Thông tin trên được sử dụng từ nguồn chính thức: 
https://plo.vn/hai-phong-ngap-lut-dien-rong-sau-con-mua-lon-post875472.html 

#thoitietmienbac #haiphong #ngaplut #mientrungmuadam #baophapluattphcm

----------------------------
📰 PLO | Báo Pháp Luật TP.HCM – Kênh YouTube chính thức  
Nơi cập nhật tin tức thời sự, chính trị, pháp luật, quốc tế nhanh chóng – chính xác – khách quan.  

📺 Nội dung nổi bật trên kênh:  
• Toàn Cảnh Thời Sự – Phân tích chính trị, xã hội, pháp luật mỗi ngày  
• Toàn Cảnh Quốc Tế – Diễn biến thế giới qua góc nhìn thời sự  
• Lật Mở Hồ Sơ – Sự thật phía sau những vụ án nổi tiếng  
• Phóng sự & Series đặc biệt – Giải mã các câu chuyện thời sự được quan tâm  

👉 Đăng ký ngay để không bỏ lỡ tin tức nóng hổi, phân tích chuyên sâu và góc nhìn chính thống từ Báo Pháp Luật TP.HCM.  
🔔 Subscribe: https://www.youtube.com/c/PLOTV?sub_confirmation=1  

🌐 Theo dõi Báo Pháp Luật TP.HCM trên các nền tảng khác:  
• Website: https://plo.vn  
• Fanpage: https://www.facebook.com/phapluattp.vn/  

⚠️ Bản quyền thuộc Báo Pháp Luật TP.HCM – Vui lòng không reup khi chưa có sự đồng ý.  

#PLO #ThoiSu #PhapLuat #TinTucMoiNhat #BaoPhapLuatTPHCM",2025-10-14T10:30:06Z,2025-10-14T10:30:06Z,accept,flood_transport_hanoi,1,"flood_state,transport_impact,hanoi_location",1,search,lụt Hà Nội di chuyển,,,,,,2026-09-25T10:47:04.184173+07:00
youtube,5Nxh6bMZjIg,https://www.youtube.com/watch?v=5Nxh6bMZjIg,"Hà Nội: Nước lũ vẫn ngập sâu ở xã Đa Phúc, nhiều nhà dân bị cô lập","Hà Nội: Nước lũ vẫn ngập sâu ở xã Đa Phúc, nhiều nhà dân bị cô lập
Xem video full: https://tuoitre.vn/video/ha-noi-nuoc-lu-van-ngap-sau-o-xa-da-phuc-nhieu-nha-dan-bi-co-lap-188414.htm

Chiều 11-10, dù đã qua ba ngày sau đợt lũ lịch sử, xã Đa Phúc (Hà Nội) vẫn còn nhiều khu vực ngập sâu, giao thông bị chia cắt. Tuyến đê Hữu Cầu xuất hiện nhiều điểm sạt lở, nước tràn qua đường khiến người dân đi lại khó khăn.

#tinnong #HaNoi #lulut 

- Tin tức nhanh: https://tuoitre.vn
- Video nóng xem tại: https://video.tuoitre.vn
- Tin thời sự: https://tuoitre.vn/phap-luat
- Tin tức thế giới xem: https://tuoitre.vn/the-gioi

Kênh thông tin chính thức và duy nhất của #Báo_Tuổi_Trẻ trên YouTube.
 
Tin tức nhanh nhất, mới nhất, nóng nhất đang diễn ra ở Việt Nam và thế giới về: thời sự, kinh tế, chính trị, xã hội, giáo dục, thể thao, văn hóa, giải trí, công nghệ, nhịp sống số, pháp luật, du lịch...

#TuoiTre #BaoTuoiTre #TinNong #Thời_Sự #ThoiSu #Tuổi_Trẻ 
-----------
Đăng ký kênh xem thêm nhiều chuyên mục hấp dẫn khác:
https://bit.ly/3k1RCAR
Facebook: 
- https://facebook.com/baotuoitre
- https://facebook.com/Truyenhinh.BaoTuoiTre
Bản quyền nội dung thuộc về báo Tuổi Trẻ.
--------------------
TÒA SOẠN BÁO TUỔI TRẺ
- Địa chỉ: Số 60A, Hoàng Văn Thụ, Phường.Đức Nhuận Thành phố Hồ Chí Minh, Việt Nam
- Điện thoại: (84.8) 3.997.3838
- Website: http://tuoitre.vn
- Email: tto@tuoitre.com.vn
- Đường dây nóng: 0918.033.133 - (84.8) 39.971.010",2025-10-12T03:15:00Z,2025-10-12T03:15:00Z,accept,flood_transport_hanoi,1,"flood_state,transport_impact,hanoi_location",1,search,ngập nước Hà Nội giao thông,,,,,,2026-09-25T10:05:48.042430+07:00
youtube,5ZmXFkU1GH8,https://www.youtube.com/watch?v=5ZmXFkU1GH8,🔴 TRỰC TIẾP: ĐƯỜNG PHỐ HÀ NỘI SAU ĐÊM NGẬP NẶNG DO BÃO SỐ 10 | VOV Giao thông #fm91,"🔴 TRỰC TIẾP: ĐƯỜNG PHỐ HÀ NỘI SAU ĐÊM NGẬP NẶNG DO BÃO SỐ 10 | VOV Giao thông #fm91
🔴 TRỰC TIẾP: ĐƯỜNG PHỐ HÀ NỘI SAU ĐÊM NGẬP NẶNG DO BÃO SỐ 10 | VOV Giao thông #fm91 
Bão số 10 Bualoi vừa đổ bộ đất liền Việt Nam, gây mưa to, gió giật mạnh, ngập lụt, lũ quét và sạt lở đất tại nhiều địa phương từ Nghệ An đến Quảng Trị – Hà Tĩnh. Hà Nội và nhiều địa phương đã chìm trong ngập lụt trong nhiều giờ sau những trận mưa lớn... Livestream cập nhật liên tục hình ảnh thực tế, tình hình thiệt hại, sơ tán dân và các biện pháp ứng phó của chính quyền địa phương.
👉 Theo dõi VOV Giao thông để nhận tin nhanh nhất về bão Bualoi, cập nhật đường đi, cường độ và các cảnh báo khẩn cấp mưa lũ miền Trung 2025.
#BãoBualoi #TinBãoMớiNhất #BiểnĐông #SiêuBão #VOVGiaoThông #FM91 #CảnhBáoThiênTai
Tham gia hội viên của VOV Giao thông bạn nhé:
https://www.youtube.com/channel/UCPeJU6XNeZMwaHYXE27Vgmg/join

Kính chào quý khán thính giả đã đến với channel chính thức của Kênh VOV Giao thông, Đài Tiếng nói Việt Nam. Kính chúc quý vị sẽ có thời gian theo dõi tin tức hữu ích cùng VOV Giao thông. Nếu có hình ảnh nào đáng chú ý trên đường, các bạn có thể gửi về số điện thoại zalo: 0988239969.

#vovgiaothong #vovgt #tintuc #hotnews #news #thongtin #giaothong #tieudiem #tinnong #xuhuong #cameragiaothong #checkvar #tinhuonggiaothong #camerahanhtrinh #binhluan #gocnhin #caotoc #vov #daitiengnoivietnam #phatthanh #daiphatthanh #batdongsan #nhadat #ngaogia
--------------------------------------------
Đăng ký theo dõi Kênh Youtube VOV Giao thông để xem những tin tức mới nhất:
https://youtube.com/@kenhvovgiaothong?si=OStZt6XJZU1sYzBU

Đây là Kênh Youtube chính thức của Kênh VOV Giao thông - Đài Tiếng nói Việt Nam
- Website: https://vovgiaothong.vn/
- Fanpage: https://www.facebook.com/KenhVOVGT

Tầng 10, Số 58 Quán Sứ, Hà Nội
ĐT: 02437.919191
Email: vovgtchannel@gmail.com",2025-10-01T05:40:03Z,2025-10-01T05:40:03Z,accept,flood_transport_hanoi,1,"flood_state,transport_impact,hanoi_location",0,search,phố ngập Hà Nội tham gia giao thông,,,,,,2026-09-25T11:15:58.923533+07:00
youtube,5h3twELZ9V8,https://www.youtube.com/watch?v=5h3twELZ9V8,Hà Nội Đi Lại Lội Nước Bì Bõm,"Hà Nội Đi Lại Lội Nước Bì Bõm
Hà Nội Đi Lại Lội Nước Bì Bõm 
Kinh Hoàng Bão Số 5 Vào Nghệ An Gây Lụt Lội 
Kinh Hoàng Cảnh Tượng Sạt Lở Núi Ở Sơn La 
Trưởng Bản Được Thủ Tướng Khen Dũng Cảm Cứu Người 
Ấm Lòng Dân Vùng Lũ Thủ Tướng Vào Tận Nơi Thăm Hỏi
Toàn Cảnh Các Chiến Sĩ Đẹp Như Mơ Tuyệt Vời
Giảng Viên Như Hề Khóc Nói Biết Luật Nhưng Rượu Vẫn 
Những Chị Cán Bộ Người Dân Không Còn Tin
Đi Ngông Sai Đường Còn HỔ Báo Thì Lên Đồn
đi sai còn ngông thì lên đồn đóng tiền ngu
Chào mừng bạn đến với kênh Đi Ăn Đi Chơi du lịch nhiều vùng miền ,  đi Ăn Đi Chơi cảm ơn Cô Chú Anh Chị đã xem kênh. chia sẻ những món ăn ngon, dân 
dã, đường phố, ẩm thực truyền thống, ẩm thực từ mọi miền của Việt Nam. Đặc biệt, Trong Video còn có những cảnh quay mục sở thị, quy trình hay công thức nấu của những quán ăn ngon, nổi tiếng 
Đi Ăn Đi Chơi , trên nhiều cung đường các tỉnh cả nước thưởng thức nhiều món ngon và lạ ,
Quý Cô Chú xem video của kênh thì hãy động viên bằng , 
Nhấn like “Đăng ký” và bật chuông thông báo để nhận tin tức mới nhất từ kênh , Xin Cảm Ơn Rất Nhiều 
#điandichoi
#phohanoi 
#đichoi 
#monngon 
#dulich 
#chaoga 
#đichoi 
#đisai",2025-08-29T02:15:00Z,2025-08-29T02:15:00Z,accept,flood_transport_hanoi,1,"flood_state,transport_impact,hanoi_location",0,search,ngập lụt Hà Nội đi lại,,,,,,2026-09-25T10:39:43.627694+07:00
youtube,5uf0ffYh87M,https://www.youtube.com/watch?v=5uf0ffYh87M,"Hỗ trợ người dân vùng lụt Hà Nội, Bộ Công an điều động xe đặc chủng lội nước","Hỗ trợ người dân vùng lụt Hà Nội, Bộ Công an điều động xe đặc chủng lội nước
#baothanhnien #tintuc #thoisu #tinnong
3 xe đặc chủng lội nước được Bộ Công an điều động đến vùng ngập lụt ở Hà Nội để hỗ trợ người dân di chuyển qua khu vực ngập sâu, vận chuyển nhu yếu phẩm. Tính đến hết ngày 9.10, đã có 11.000 người dân vùng lũ được hỗ trợ di dời đến nơi an toàn.

0:00 Hỗ trợ người dân vùng lụt Hà Nội, Bộ Công an điều động xe đặc chủng lội nước
1:33 Trung tâm GDTX Thái Nguyên sau lũ: ‘Ước tính thiệt hại hơn chục tỉ’
3:27 Vượt lũ cứu nạn ở Thái Nguyên, đội cứu hộ 'chạy hết công suất' 

Xem thêm tại: https://thanhnien.vn/ho-tro-nguoi-dan-vung-lut-ha-noi-bo-cong-an-dieu-dong-xe-dac-chung-loi-nuoc-185251010194345437.htm
--------
Đăng kí theo dõi kênh để xem những tin tức mới nhất: 

https://metub.net/BaoThanhNien

Tin tức báo Thanh Niên - Đọc tin mới online - tin nhanh - tin 24h - thời sự
Kênh YouTube chính thức của Báo Thanh Niên. Đăng kí theo dõi kênh để xem những tin tức mới nhất: 

https://metub.net/BaoThanhNien

Website: http://thanhnien.vn/
Fanpage: https://www.facebook.com/thanhnien

Youtube Channel: https://metub.net/BaoThanhNien

268 - 270 Nguyễn Đình Chiểu, Phường Xuân Hòa, TP.HCM 
ĐT: (+84.8) 39302302 
Fax: (+84.8) 39309939 
Email: truyenhinh@thanhnien.vn",2025-10-10T13:30:06Z,2025-10-10T13:30:06Z,accept,flood_transport_hanoi,1,"flood_state,transport_impact,hanoi_location",1,search,lụt Hà Nội di chuyển,,,,,,2026-09-25T10:47:37.179931+07:00
youtube,5vfpRjOR9kw,https://www.youtube.com/watch?v=5vfpRjOR9kw,"Hà Nội ngập lụt chưa từng có: Quân đội điều xe hỗ trợ, phụ huynh bì bõm cõng con tan trường","Hà Nội ngập lụt chưa từng có: Quân đội điều xe hỗ trợ, phụ huynh bì bõm cõng con tan trường
PLO | Hà Nội ngập lụt chưa từng có: Quân đội điều xe hỗ trợ, phụ huynh bì bõm cõng con tan trường
Do ảnh hưởng của áp thấp nhiệt đới từ bão số 10, Hà Nội trải qua mưa lớn kéo dài, gây ngập nặng tại nhiều tuyến đường và khu dân cư. Người dân và học sinh gặp khó khăn khi đi lại, nhiều phụ huynh phải bì bõm lội nước đưa con về nhà, trong khi lực lượng chức năng và quân đội nỗ lực hỗ trợ di chuyển và đảm bảo an toàn.
Trong video có những nội dung chính sau:
Nhiều tuyến đường Hà Nội ngập sâu trong ngày 30/9, quân đội điều xe cứu trợ
Hà Nội: Nhiều trường cho học sinh ăn, ngủ lại do mưa ngập đường phố
Mưa to dữ dội, ngập úng diện rộng, nhiều trường ở Hà Nội cho học sinh nghỉ học
Cận cảnh những khu vực ở Hà Nội nước ngập nặng, xe máy ngã nhào, dân bì bõm di chuyển
Hà Nội vẫn sẽ chịu mưa lớn kéo dài do tác động của bão Bualoi
Bạn đã từng có trải nghiệm ăn, ngủ buổi tối ở trường hay chưa? Hãy để lại bình luận bên dưới nhé.
🔔 Đừng quên like, share và subscribe kênh @PLOTV để không bỏ lỡ các nội dung ý nghĩa tiếp theo!
Thông tin trên được sử dụng từ nguồn chính thức: 
https://tienphong.vn/thu-do-ngap-lut-chua-tung-co-quan-doi-dieu-xe-cuu-tro-phu-huynh-bi-bom-cong-con-tan-truong-post1782725.tpo

#hanoi #hanoingapnuoc #ngaplut #baoso10 #baophapluattphcm

----------------------------
📰 PLO | Báo Pháp Luật TP.HCM – Kênh YouTube chính thức  
Nơi cập nhật tin tức thời sự, chính trị, pháp luật, quốc tế nhanh chóng – chính xác – khách quan.  

📺 Nội dung nổi bật trên kênh:  
• Toàn Cảnh Thời Sự – Phân tích chính trị, xã hội, pháp luật mỗi ngày  
• Toàn Cảnh Quốc Tế – Diễn biến thế giới qua góc nhìn thời sự  
• Lật Mở Hồ Sơ – Sự thật phía sau những vụ án nổi tiếng  
• Phóng sự & Series đặc biệt – Giải mã các câu chuyện thời sự được quan tâm  

👉 Đăng ký ngay để không bỏ lỡ tin tức nóng hổi, phân tích chuyên sâu và góc nhìn chính thống từ Báo Pháp Luật TP.HCM.  
🔔 Subscribe: https://www.youtube.com/c/PLOTV?sub_confirmation=1  

🌐 Theo dõi Báo Pháp Luật TP.HCM trên các nền tảng khác:  
• Website: https://plo.vn  
• Fanpage: https://www.facebook.com/phapluattp.vn/  

⚠️ Bản quyền thuộc Báo Pháp Luật TP.HCM – Vui lòng không reup khi chưa có sự đồng ý.  

#PLO #ThoiSu #PhapLuat #TinTucMoiNhat #BaoPhapLuatTPHCM",2025-10-01T03:00:06Z,2025-10-01T03:00:06Z,accept,flood_transport_hanoi,1,"flood_state,transport_impact,hanoi_location",1,search,ngập lụt Hà Nội đi lại,,,,,,2026-09-25T10:39:20.984866+07:00
youtube,5yMCIJULeEk,https://www.youtube.com/watch?v=5yMCIJULeEk,Hà Nội mưa ngập nước ô tô xe máy phương tiện không thể đi lại được￼#tintuc,Hà Nội mưa ngập nước ô tô xe máy phương tiện không thể đi lại được￼#tintuc,2026-09-17T08:15:08Z,2026-09-17T08:15:08Z,accept,flood_transport_hanoi,1,"flood_state,transport_impact,hanoi_location",0,search,ngập lụt Hà Nội đi lại,,,,,,2026-09-25T10:45:41.611537+07:00
youtube,6AxdtBNL8Lw,https://www.youtube.com/watch?v=6AxdtBNL8Lw,"Cao tốc Hà Nội - Thái Nguyên ngập sâu, xe bì bõm lội qua | Tin tức","Cao tốc Hà Nội - Thái Nguyên ngập sâu, xe bì bõm lội qua | Tin tức
NLĐ | Cao tốc Hà Nội - Thái Nguyên ngập sâu, xe bì bõm lội qua. Sáng 10-10, theo thông tin từ Phòng CSGT Công an Hà Nội, cao tốc Thái Nguyên - Hà Nội (đoạn qua Hà Nội) vẫn ngập úng khiến các phương tiện di chuyển khó khăn. Trên quốc lộ 3 hiện có ba điểm ngập: Km28+100 (Kim Sơn, Trung Giã) nước sâu 30-35 cm khiến việc di chuyển khó khăn; Km29+500 (Xuân Sơn, Trung Giã) và Km31 (trước cổng Công ty Yamaha) nước ngập sâu, các phương tiện không thể lưu thông.
Trong video này, chúng tôi sẽ thông tin về:
 Cao tốc Hà Nội - Thái Nguyên ngập sâu, xe bì bõm lội qua
Thái Nguyên ngập chưa từng có: Bắc thang, trèo tường tiếp tế cơm cho trẻ mắc kẹt
Thót tim khoảnh khắc cứu hộ hai ông cháu trong biển nước Thái Nguyên
Những tiếng kêu cứu khẩn thiết giữa biển nước Thái Nguyên
🔔 Hãy đăng kí kênh @Báo Người Lao động TV để không bỏ lỡ những thông tin hấp dẫn.
Thông tin sử dụng từ nguồn chính thức: 
https://nld.com.vn/video-cao-toc-ha-noi-thai-nguyen-ngap-sau-han-che-xe-di-chuyen-196251010091742201.htm 


#thainguyen #caotochanoithainguyen #caotocngapsau #baonguoilaodong



----------------
📰 BÁO NGƯỜI LAO ĐỘNG – Kênh YouTube chính thức  
https://www.youtube.com/channel/UCzkyOx_0O1pGOqHiUMOe2KQ?sub_confirmation=1

Cập nhật liên tục:  
• Thời sự & Tin tức 24h  
• Quốc tế & Điểm nóng toàn cầu  
• Hồ sơ vụ án – Phân tích khách quan  
• Đời sống đô thị, Kinh tế & Sức khỏe  

🌐 Website: https://nld.com.vn  
📘 Fanpage: Người Lao Động  
🎵 TikTok: @baonguoilaodong  

👉 Đăng ký kênh để nhận thông tin nhanh chóng, chính xác và đáng tin cậy mỗi ngày.  
https://www.youtube.com/channel/UCzkyOx_0O1pGOqHiUMOe2KQ?sub_confirmation=1

🙏 Cảm ơn sự đồng hành của quý khán giả!  

#NguoiLaoDongTV #ThoiSu #TinTuc24h #TinQuocTe",2025-10-10T09:30:06Z,2025-10-10T09:30:06Z,accept,flood_transport_hanoi,1,"flood_state,transport_impact,hanoi_location",0,search,lụt Hà Nội di chuyển,,,,,,2026-09-25T10:47:43.861280+07:00
youtube,6O4-QBsQAa0,https://www.youtube.com/watch?v=6O4-QBsQAa0,"Finnews 10/10 – Hà Nội ngập sâu, Thái Nguyên thiệt hại, Nasdaq hợp tác TP HCM, siết giao dịch vàng","Finnews 10/10 – Hà Nội ngập sâu, Thái Nguyên thiệt hại, Nasdaq hợp tác TP HCM, siết giao dịch vàng
Finnews ngày 10 tháng 10 cập nhật nhanh các diễn biến kinh tế - xã hội trong nước. Tại ngoại thành Hà Nội, #mưa lớn gây ngập sâu, giao thông bị chia cắt và nhiều hộ phải sơ tán; #Hanoi #NgapLu. Ở Thái Nguyên, mưa lũ khiến các khu công nghiệp thiệt hại, nhiều doanh nghiệp chịu tổn thất nặng; #ThaiNguyen #DoanhNghiep. Thống đốc Ngân hàng Nhà nước giao nhiệm vụ cho các ngân hàng nhận chuyển giao bắt buộc nhằm bảo vệ quyền lợi người gửi tiền và ổn định hệ thống; #NganHang #TaiCoCau. Thành phố Hồ Chí Minh chuẩn bị ký bản ghi nhớ hợp tác với sàn Nasdaq, mở cơ hội kết nối thị trường vốn quốc tế; #Nasdaq #ThanhPhoHoChiMinh. Thị trường chứng khoán được kỳ vọng khi ba mươi cổ phiếu có cơ hội lọt rổ FTSE Russell, trong khi quy định mới yêu cầu giao dịch vàng trên hai mươi triệu đồng phải chuyển khoản. #FTSERussell #GiaodichVang #Finnews",2025-10-10T11:30:08Z,2025-10-10T11:30:08Z,accept,flood_transport_hanoi,1,"flood_state,transport_impact,hanoi_location",1,search,ngập nước Hà Nội giao thông,,,,,,2026-09-25T10:06:11.359298+07:00
youtube,6T8dKKgMDjo,https://www.youtube.com/watch?v=6T8dKKgMDjo,🚨 KHẨN CẤP: NGUY CƠ NAM ĐÓN BÃO SỐ 6 _ BÃO SỐ 7 CÓ THỂ LỘ DIỆN CUỐI THÁNG 9!,"🚨 KHẨN CẤP: NGUY CƠ NAM ĐÓN BÃO SỐ 6 _ BÃO SỐ 7 CÓ THỂ LỘ DIỆN CUỐI THÁNG 9!
#baoso6#baoso7#nepal#tinbaomoinhat#thoitietonline#thoitiet#thoitietvietnam#biendong#bao#mualon#set#ECMWF#GFS#GEM#ICON#NASA#thoitiet#bao
🚨 KHẨN CẤP: NGUY CƠ NAM ĐÓN BÃO SỐ 6 _ BÃO SỐ 7 CÓ THỂ LỘ DIỆN CUỐI THÁNG 9!
Biển Đông tiếp tục được theo dõi sát khi các vùng xoáy thuận và nhiễu động nhiệt đới đang xuất hiện ở khu vực Tây Bắc Thái Bình Dương. Liệu bão số 6 có khả năng hình thành và đi vào Biển Đông trong tuần cuối tháng 9/2026?
Trong bản tin này, Thời Tiết Online cập nhật diễn biến mới nhất trên Biển Đông, phân tích xu hướng từ các mô hình dự báo quốc tế ECMWF, GFS, JMA, ICON và các dữ liệu theo dõi bão nhiệt đới Tây Bắc Thái Bình Dương. Nội dung tập trung vào khả năng hình thành áp thấp nhiệt đới, xoáy thuận mới, hướng di chuyển và những yếu tố có thể tác động đến nguy cơ xuất hiện bão số 6.

⚠️ Bên cạnh diễn biến ngoài khơi, thời tiết đất liền cũng cần chú ý với mưa lớn, mưa dông, lốc xoáy, sét và gió giật mạnh, đặc biệt tại Trung Bộ, Tây Nguyên và Nam Bộ.

📌 Bão số 6 có thực sự xuất hiện?
📌 Xoáy thuận nào đang được theo dõi trên Tây Bắc Thái Bình Dương?
📌 Cuối tháng 9, Biển Đông có nguy cơ đón thêm bão mới?
📌 Những khu vực nào cần đặc biệt theo dõi trong những ngày tới?

👉 Hãy theo dõi Thời Tiết Online để cập nhật liên tục các diễn biến mới nhất về bão Biển Đông, áp thấp nhiệt đới, mưa lớn và thời tiết nguy hiểm.

#TinBaoKhan #BaoSo6 #BaoSo6Nam2026 #BaoBienDong #BienDong #BaoMoi #BaoNhiệtDoi #ApThapNhietDoi #XoayThuan #TayBacThaiBinhDuong #CanhBaoBao #DuBaoBao #DuBaoThoiTiet #ThoiTietBienDong #MuaLon #MuaDong #CanhBaoThoiTiet #ThoiTietOnline
#khancap #canhbao #tinbao #baoso6 #bienDong #xoaythuan #apthapnhietdoi #mualon #muaratlon #muadong #mualonbacbo #hanoi #bacbo #trungbo #nambo #taynguyen #mualu #ngaplut #thoitiet #dubaothoitiet #canhbaothoitiet #thoitietonline #tindubaobao #tindubaothoitiet
🌊 Trên Biển Đông, tình hình thời tiết biển tiếp tục được quan tâm khi xuất hiện những tín hiệu nhiễu động mới từ khu vực Tây Bắc Thái Bình Dương. Nguy cơ xuất hiện bão số 6 đang được theo dõi trong những ngày tới. Các mô hình dự báo quốc tế có thể còn thay đổi về vị trí, cường độ và hướng di chuyển, vì vậy người dân, ngư dân và tàu thuyền cần thường xuyên cập nhật các bản tin chính thức.
⚠️ BẢN TIN SẼ TẬP TRUNG: Bão số 6 có thể xuất hiện hay không? Biển Đông những ngày tới có diễn biến gì đáng chú ý? Khu vực nào có nguy cơ mưa lớn, lũ lên nhanh, ngập lụt, lũ quét và sạt lở đất? Bắc Bộ, Trung Bộ, Tây Nguyên và Nam Bộ sẽ có thời tiết như thế nào trong 24–72 giờ tới?
📌 Hãy theo dõi Thời Tiết Online để cập nhật nhanh các thông tin tin bão mới nhất, dự báo bão Biển Đông, bão số 6, mưa lớn, mưa lũ, thời tiết hôm nay, thời tiết ngày mai, dự báo thời tiết 3 miền, cảnh báo thiên tai và các hiện tượng thời tiết nguy hiểm.
🔔 Đừng quên ĐĂNG KÝ KÊNH, BẬT CHUÔNG THÔNG BÁO và chia sẻ bản tin để không bỏ lỡ những cập nhật mới nhất về bão, áp thấp nhiệt đới, mưa lớn và thời tiết Việt Nam.
#BaoSo6 #BaoSo6BienDong #BaoBienDong #TinBao #TinBaoKhan #CanhBaoBao #DuBaoBao #BaoMoiNhat #BienDong #DuBaoThoiTiet #ThoiTietHomNay #ThoiTietNgayMai #DuBaoThoiTiet3Mien #MuaLon #MuaRatTo #MuaLu #CanhBaoMuaLon #LuQuet #SatLoDat #NgapLut #CanhBaoThienTai #ThoiTietVietNam #ThoiTietOnline #BaoApThapNhietDoi #ApThapNhietDoi #DuBaoBaoMoiNhat #TinThoiTiet #CanhBaoThoiTiet
📌 Hãy ĐĂNG KÝ THỜI TIẾT ONLINE, bật chuông thông báo để cập nhật nhanh nhất các bản tin BÃO SỐ 6, ÁP THẤP NHIỆT ĐỚI, BIỂN ĐÔNG, MƯA LỚN và thời tiết nguy hiểm trên cả nước.
#BaoSo6 #BaoSo6BienDong #BienDong #XoayThuan #ApThapNhietDoi #MuaLon #CanhBaoBao #TinBao #DuBaoBao #BaoThang9 #ThoiTietOnline
#BaoSo6 #BaoSo6BienDong #BienDong #ApThapNhietDoi #CanhBaoMuaLon #MuaLon #DuBaoThoiTiet #ThoiTietHomNay #BaoMoi #BaoBienDong #XoayThuanNhietDoi #TayBacThaiBinhDuong #DuBaoBao #MuaDong #LutQuet #SatLoDat #HaNoi #BacBo #MienTrung #TayNguyen #NamBo #ThoiTietOnline
bão số 6, bão số 6 mới nhất, bão số 6 biển đông, bão số 6 năm 2026, bão mới nhất, tin bão mới nhất, tin bão biển đông, áp thấp nhiệt đới, áp thấp nhiệt đới mới nhất, áp thấp nhiệt đới biển đông, cảnh báo mưa lớn, mưa lớn hôm nay, dự báo mưa lớn, dự báo thời tiết 15/9/2026, thời tiết ngày 15/9/2026, thời tiết hôm nay, dự báo thời tiết 3 ngày tới, thời tiết miền bắc, thời tiết hà nội, mưa lớn hà nội, mưa rất to, cảnh báo ngập lụt, lũ quét, sạt lở đất, dông lốc, sấm sét, gió giật mạnh, bão biển đông, biển đông có bão, xoáy thuận nhiệt đới, xoáy thuận tây bắc thái bình dương, xoáy thuận philippines, bão philippines, nguy cơ bão số 6, bão số 6 có thể xuất hiện, bão vào biển đông, bão vào việt nam, dự báo bão, cập nhật bão, thời tiết việt nam, thời tiết 3 miền, thời tiết miền trung, thời tiết tây nguyên, thời tiết nam bộ, mưa dông nam bộ, mưa dông tây nguyên, Thời Tiết Online",2026-09-19T16:02:25Z,2026-09-19T16:02:25Z,accept,flood_transport_hanoi,1,"flood_state,transport_impact,hanoi_location",0,search,lụt Hà Nội di chuyển,,,,,,2026-09-25T10:49:13.245014+07:00
youtube,6uUTB_3vy7c,https://www.youtube.com/watch?v=6uUTB_3vy7c,"Hà Nội: Ô tô rẽ sóng giữa nước ngập ở quốc lộ 32, xe chết máy la liệt","Hà Nội: Ô tô rẽ sóng giữa nước ngập ở quốc lộ 32, xe chết máy la liệt
🏙️ LƯỢN LỜ PHỐ – TIN TỨC & NHỊP SỐNG ĐƯỜNG PHỐ / Hà Nội: Ô tô rẽ sóng giữa nước ngập ở quốc lộ 32, xe chết máy la liệt 
 Đời sống (Lượn Lờ Phố) - Mưa đã ngớt nhưng đoạn quốc lộ 32 gần khu đô thị Tân Tây Đô (Hà Nội) vẫn ngập nặng. Nhiều tài xế di chuyển chậm, dò đường qua dòng nước sâu, trong khi hàng loạt xe máy bị hư hỏng phải sửa chữa. Cuối giờ chiều ngày 18/9, trời Hà Nội hửng nắng. Tuy nhiên, đoạn đường quốc lộ 32 từ ngã tư Trạm Trôi đến cổng khu đô thị Tân Tây Đô vẫn ngập nước. Ở vị trí ngập sâu nhất, nước dâng nửa xe máy. Vào giờ cao điểm, dòng phương tiện ô tô di chuyển đông đúc tạo thành những đợt sóng ập vào hai bên vỉa hè. Nhiều hộ dân phải dùng tấm bạt tạo thành ""đê"" ngăn nước tràn vào nhà. Chị Chi (Chủ quán bún cá cay ở đường Vạn Xuân), cho biết mỗi lần có ô tô đi qua, nước tràn vào bên trong quán. Việc kinh doanh của các cửa hàng bị đình trệ khoảng 2 ngày nay. Nhiều chủ phương tiện cố gắng đi qua chỗ ngập khiến xe chết máy. Nắm bắt nhu cầu của khách, một số người dân dùng xe cải tiến cung cấp dịch vụ chở xe và tài xế qua chỗ ngập. Chị Phương (người kéo) cho biết, mỗi lượt chở có giá 50.000 đ

---
Video được tổng hợp và sản xuất by http://youtube.com/@LuonLoPho 
 Chào mừng bạn đến với **Đi cùng Lượn lờ Phố xem có gì mới có gì hot** – nơi cập nhật những **tin tức mới, câu chuyện đáng chú ý và những khoảnh khắc đời thường** đang diễn ra trong cuộc sống.
 
 📌 **Nội dung trên kênh:**
 * 📰 Tin tức mới và các sự kiện đáng chú ý
 * 🇻🇳 Tin tức trong nước
 * 🌎 Tin tức quốc tế
 * 🚦 Giao thông & tình hình đường phố
 * 🏙️ Đời sống, văn hóa và xã hội
 * 🍜 Ẩm thực, địa điểm và những góc phố thú vị
 * 🎥 Những câu chuyện, hình ảnh đáng chú ý được cập nhật liên tục
 
 🔔 **Đăng ký Lượn Lờ Phố** để không bỏ lỡ những thông tin mới và cùng chúng tôi khám phá cuộc sống qua từng con phố. 
 ⚠️ **Lưu ý:** Nội dung được tổng hợp, biên tập và trình bày nhằm cung cấp thông tin đến người xem. Các thông tin quan trọng có thể được cập nhật hoặc thay đổi theo diễn biến thực tế. 
 💬 Hãy **Like 👍 – Bình luận 💬 – Chia sẻ 🔄 – Đăng ký kênh 🔔** để ủng hộ Lượn Lờ Phố. 
 #LượnLờPhố #TinTức #TinMới #TinNóng #TinTrongNước #TinThếGiới #ĐờiSống #ĐườngPhố #LượnPhố #VicViet",2026-09-18T14:44:15Z,2026-09-18T14:44:15Z,accept,flood_transport_hanoi,1,"flood_state,transport_impact,hanoi_location",0,search,ngập nước Hà Nội giao thông,,,,,,2026-09-25T10:41:08.361668+07:00
youtube,760bDbyRBxA,https://www.youtube.com/watch?v=760bDbyRBxA,HÀ NỘI NGẬP GẦN TỚI MÁI NHÀ NGƯỜI DÂN TẤT TẢ CHẠY LŨ #tinnong #tinnong24h #chuyendong 24h #tintuc,"HÀ NỘI NGẬP GẦN TỚI MÁI NHÀ NGƯỜI DÂN TẤT TẢ CHẠY LŨ #tinnong #tinnong24h #chuyendong 24h #tintuc
Nước sông Bùi dâng cao khiến nhiều khu dân cư phía Tây Nam Hà Nội ngập sâu. Có nơi nước gần tới mái nhà, người dân phải dùng thuyền đi lại, khẩn trương kê cao tài sản và di dời vật nuôi.#HaNoi #NgapLut #SongBui #MuaLu #MuaLon #TinNong #ThoiTiet #TinTuc24h #OKVINNews #ChuyenDong24H",2026-09-18T00:02:38Z,2026-09-18T00:02:38Z,accept,flood_transport_hanoi,1,"flood_state,transport_impact,hanoi_location",0,search,ngập lụt Hà Nội đi lại,,,,,,2026-09-25T10:44:07.236546+07:00
youtube,79WhNbhf130,https://www.youtube.com/watch?v=79WhNbhf130,"🔴TRỰC TIẾP: Mưa lũ lụt lội, Hà Nội- Thanh Hóa và Bắc Bộ nhà cửa, đường xá chìm trong nước","🔴TRỰC TIẾP: Mưa lũ lụt lội, Hà Nội- Thanh Hóa và Bắc Bộ nhà cửa, đường xá chìm trong nước
🔴TRỰC TIẾP: Mưa lũ lụt lội, Hà Nội- Thanh Hóa và Bắc Bộ nhà cửa, đường xá chìm trong nước.Hà Nội nhiều nơi chìm sâu trong nước, những hình ảnh vừa cập nhật. Không ai ngờ có một ngày sau những cơn mưa, Hà Nội ngập sâu lút bánh xe, phố xá biến thành sông và những khu dân cư người dân bì bõm trong nhiều ngày liền.Lũ đã vượt báo động 3 vô cùng nguy hiểm, Thanh Hóa sơ tán gấp 1.700 người. ranh giới sinh tử thêm co hẹp, Lũ vượt báo động 3 ở Thanh Hóa, 1.700 người được lệnh sơ tán ngay trong đêm và tờ mờ sáng để bảo toàn tính mạng. Lũ trên nhiều con sông lớn ở Thanh Hoá đang lên rất nhanh, trong đó sông Bưởi, sông Yên đã vượt báo động 3

Thông tin trên được tham khảo từ các nguồn tổng hơp
#tructiep #livestream #diendandoanhnghieptv


------------------------------
🎥 Diễn đàn Doanh nghiệp TV – Cập nhật kinh tế, thời sự quốc tế, tài chính và biến động toàn cầu mỗi ngày.

🔎 Tại đây, bạn sẽ:
• Theo dõi xung đột nóng: Nga–Ukraine, Israel–Iran, Biển Đông, Đài Loan...
• Nắm bắt biến động kinh tế: Giá vàng, chứng khoán, chính sách tiền tệ, ngân hàng trung ương
• Phân tích chuyên sâu: Địa chính trị, tài chính vĩ mô, chiến lược toàn cầu
• Cảnh báo thiên tai – biến đổi khí hậu – dự báo thời tiết chính xác

⏱️ Cập nhật tin tức liên tục, phân tích từ nguồn chính thống, dẫn dắt bằng tư duy.

📌 Đăng ký kênh để không bỏ lỡ những bản tin và bình luận quan trọng:
👉 https://www.youtube.com/c/DiễnĐànDoanhNghiệpTv?sub_confirmation=1

 #diendandoanhnghieptv #thoisuquocte #phantichkinhte #xungdottoancau #tinnong24h #tintucchinhtri #tintuc24h",2026-09-18T03:36:23Z,2026-09-18T03:36:23Z,reject,missing_group:transport_impact,1,"flood_state,hanoi_location",0,search,ngập úng Hà Nội đi,,,,,,2026-09-25T10:31:37.673016+07:00
youtube,7HXSEcRtexw,https://www.youtube.com/watch?v=7HXSEcRtexw,&quot;Đất 100 triệu/m² mà vẫn ngập như ruộng – Chuyện thật như đùa _ HÀ NỘI NHỮNG NGÀY MƯA LŨ !&quot;,"&quot;Đất 100 triệu/m² mà vẫn ngập như ruộng – Chuyện thật như đùa _ HÀ NỘI NHỮNG NGÀY MƯA LŨ !&quot;
Quả thật, đây là một thực tế nghịch lý và đáng lo ngại tại Hà Nội hiện nay. Dù giá đất ở nhiều khu vực đã lên tới hàng trăm triệu đồng mỗi mét vuông (thậm chí có nơi lên tới vài trăm triệu), nhưng người dân vẫn phải sống chung với cảnh ngập lụt triền miên mỗi khi có mưa lớn.
​Dưới đây là một số thông tin chi tiết về tình trạng này:
​1. Khu vực giá cao vẫn ngập sâu
​Nhiều khu vực có giá đất rất cao nhưng vẫn thường xuyên ngập lụt, bao gồm:
​Khu vực Triều Khúc (Hà Nội): Giá nhà đất duy trì ở mức cao, trung bình 150 - 270 triệu đồng/m², đắt hơn nhiều khu vực nội thành khác. Tuy nhiên, nơi đây lại thường xuyên ngập lụt nghiêm trọng, nước dâng cao ngang đầu gối, thậm chí sau khi mưa tạnh vài ngày nước vẫn không thoát kịp.
​Các Khu đô thị mới và hạng sang ở phía Tây: Nhiều khu đô thị cao cấp, biệt thự triệu đô như Starlake, Ngoại Giao Đoàn, Nam An Khánh có giá nhà đất lên tới hơn 100 triệu đồng/m² hoặc cao hơn, nhưng thường xuyên bị ngập sâu sau mưa lớn, hầm để xe bị tràn nước, giao thông bị tê liệt.",2025-10-08T00:16:36Z,2025-10-08T00:16:36Z,accept,flood_transport_hanoi,1,"flood_state,transport_impact,hanoi_location",0,search,ngập nước Hà Nội giao thông,,,,,,2026-09-25T10:07:54.194131+07:00
youtube,7Ha5hM77WPI,https://www.youtube.com/watch?v=7Ha5hM77WPI,Toàn Cảnh Ngập úng Hà Nội ‼️ Mưa Lớn kéo dài khiến nhiều nơi trở thành &quot;Vịnh&quot; | TIN TƯC 24H,"Toàn Cảnh Ngập úng Hà Nội ‼️ Mưa Lớn kéo dài khiến nhiều nơi trở thành &quot;Vịnh&quot; | TIN TƯC 24H
Toàn Cảnh Ngập úng Hà Nội ‼️ Mưa Lớn kéo dài khiến nhiều nơi trở thành ""Vịnh"" | TIN TƯC 24H

Hà Nội ngập úng trên diện rộng sau trận mưa lớn kéo dài nhiều giờ. Video này cập nhật tình hình Hà Nội ngập úng tại các điểm nóng, nhiều tuyến đường biến thành ""vịnh"". Đây là lời cảnh báo về tình trạng Hà Nội ngập úng và các khuyến cáo di chuyển an toàn cho người dân. Chúng tôi tổng hợp những hình ảnh mới nhất về các khu vực bị ảnh hưởng nặng nề và tình trạng giao thông tê liệt. Xem ngay để cập nhật và di chuyển an toàn. Đăng ký kênh để không bỏ lỡ những tin tức thời sự quan trọng.

------------------------------------------------------------------------------

Chào mừng quý vị và các bạn đã đến với TIN TỨC 24H - Kênh thông tin chính thức, cập nhật những tin tức nóng hổi và đáng tin cậy nhất từ Việt Nam và thế giới.

Chúng tôi mang đến những góc nhìn đa chiều, những phân tích chuyên sâu về các vấn đề thời sự, chính trị, kinh tế, xã hội và văn hóa. Với đội ngũ biên tập viên chuyên nghiệp và mạng lưới phóng viên rộng khắp, TIN TỨC 24H cam kết cung cấp thông tin nhanh chóng, chính xác và khách quan.

Hãy nhấn Đăng ký  và biểu tượng chuông để không bỏ lỡ bất kỳ tin tức quan trọng nào.

#mưalớn #hànội #ngậpúng


📍Kênh được thực hiện và phát triển bới LOTUS MEDIA
📌Bản quyền hình ảnh - VTC News",2025-10-07T12:30:16Z,2025-10-07T12:30:16Z,accept,flood_transport_hanoi,1,"flood_state,transport_impact,hanoi_location",0,search,lụt Hà Nội di chuyển,,,,,,2026-09-25T10:48:56.457597+07:00
youtube,7ihuF2ZVIIo,https://www.youtube.com/watch?v=7ihuF2ZVIIo,"Hà Nội và nhiều tỉnh tiếp tục có mưa lớn, cảnh báo sạt lở #shorts","Hà Nội và nhiều tỉnh tiếp tục có mưa lớn, cảnh báo sạt lở #shorts
Mưa lớn kéo dài từ đêm qua đến sáng nay, 17/9, khiến nhiều khu vực tại Hà Nội ngập sâu, giao thông đi lại khó khăn. Một số trường học phải cho học sinh nghỉ hoặc chuyển sang học trực tuyến.

#hanoionline #hanoi #ngaplut #dubaothoitiet #mua #satlo #thoitiet
 ----
➡ Đây là Kênh Youtube chính thức của Cơ quan Báo và Phát thanh, truyền hình Hà Nội.
➡ Click Theo dõi (Subscribe) để nhận thông tin tin tức kịp thời trên kênh Youtube của Cơ quan Báo và Phát thanh, truyền hình Hà Nội.
https://www.youtube.com/HaNoiTVGo?sub_confirmation=1

👉 THÔNG TIN LIÊN HỆ: 
Cơ quan Báo và Phát thanh, truyền hình Hà Nội:
🔶 Địa chỉ: Số 3-5 Huỳnh Thúc Kháng, Đống Đa, Hà Nội
📧 Email: ttnoidungso@daihanoi.vn

#DaiHaNoi #HanoiOnline #BaovaPhatthanhTruyenhinhHaNoi",2026-09-17T12:06:09Z,2026-09-17T12:06:09Z,accept,flood_transport_hanoi,1,"flood_state,transport_impact,hanoi_location",0,search,ngập lụt Hà Nội đi lại,,,,,,2026-09-25T10:45:28.745460+07:00
youtube,7oeTQTGJcFo,https://www.youtube.com/watch?v=7oeTQTGJcFo,Bão Về Là Hà Nội Lại Ngập – Vì Sao? #HàNộiNgập #NgậpLụt #BãoBualoi #NguyênNhân #ĐôThịHóa #MưaLớn #vn,"Bão Về Là Hà Nội Lại Ngập – Vì Sao? #HàNộiNgập #NgậpLụt #BãoBualoi #NguyênNhân #ĐôThịHóa #MưaLớn #vn
Một cơn mưa lớn cũng đủ khiến Hà Nội chìm trong nước. Nguyên nhân vì đâu? Không chỉ do hạ tầng thoát nước yếu, mà còn bắt nguồn từ lịch sử đô thị hóa, hệ thống đê điều và mất đi những hồ ao điều hòa tự nhiên. Cùng tìm hiểu câu chuyện sâu xa đằng sau những con phố Hà Nội biến thành sông.

#HàNộiNgập #NgậpLụt #MưaLớn #NguyênNhân #HàNội #BãoViệtNam #NgậpNặng #ĐôThịHóa #ThiênTai #NgậpLụtHàNội #PhốNgập #GiảiPháp #ViệtNam #QuyHoạch",2025-10-03T04:09:19Z,2025-10-03T04:09:19Z,accept,flood_transport_hanoi,1,"flood_state,transport_impact,hanoi_location",0,search,ngập lụt Hà Nội đi lại,,,,,,2026-09-25T10:38:21.543048+07:00
youtube,81dvZB4WW3E,https://www.youtube.com/watch?v=81dvZB4WW3E,ĐƯA XE ĐẶC CHỦNG LỘI NƯỚC HỖ TRỢ BÀ CON VÙNG LỤT Ở HÀ NỘI - VNAMedia #shorts,"ĐƯA XE ĐẶC CHỦNG LỘI NƯỚC HỖ TRỢ BÀ CON VÙNG LỤT Ở HÀ NỘI - VNAMedia #shorts
VNAMedia - 3 xe đặc chủng lội nước được Bộ Công an điều động đến vùng ngập lụt ở xã Trung Giã và Đa Phúc (Hà Nội) để hỗ trợ người dân di chuyển qua khu vực ngập sâu, vận chuyển nhu yếu phẩm.
Theo Thông tin Chính phủ

Mời quý vị xem thêm: 

Thời sự quốc tế mới nhất:
https://www.youtube.com/playlist?list=PLhCL9L84AF8qSMKgs0rV2OWRbb-KpRlbF

Tin nóng quốc tế hôm nay:
https://www.youtube.com/playlist?list=PLhCL9L84AF8qHpweSkZvP5cBqK7HKppE7

Kênh youtube VNAMedia - Trung tâm nội dung số và truyền thông - Thông tấn xã Việt Nam là kênh Youtube chia sẻ các nội dung tin tức, chính trị, kinh tế, quốc tế, thế giới, pháp luật,tin quốc tế,tiêu điểm quốc tế,toàn cảnh quốc tế,thời sự quốc tế,thời sự thế giới,toàn cảnh thế giới,bản tin quốc tế,chiến sự, tin tức thời sự ,thời sự 19h,tin tức mới,tin mới,thời sự quốc tế,tin tức 24h mới nhất, ,tin nóng, các tin tức cập nhật,… cùng các phân tích, bình luận của các chuyên gia, học giả trong nước và quốc tế. 
Cảm ơn các bạn đã xem video! Hãy đăng ký kênh để cập nhật thông tin mới hữu ích nhất!

🔔Đăng ký xem tin mới nhất: https://www.youtube.com/channel/UCmBT5CqUxf3-K5_IU9tVtBg?sub_confirmation=1

© Bản quyền thuộc Trung tâm nội dung số và truyền thông (VNAMEDIA): copyright@vnamedia.vn
© Website chính thức: https://vietnammedia.vnanet.vn/
© Fanpage chính thức: VNA - Thông tấn xã Việt Nam

✅Cảm ơn các bạn đã ghé thăm kênh và xem video!

#xedacchung #congan #ngaplut #tintuc #tinnong #vna #thongtanxavietnam #ttxvn #vnamedia #trungtamnoidungsovatruyenthong",2025-10-11T14:08:38Z,2025-10-11T14:08:38Z,accept,flood_transport_hanoi,1,"flood_state,transport_impact,hanoi_location",0,search,lụt Hà Nội di chuyển,,,,,,2026-09-25T10:47:26.955327+07:00
youtube,85wh_Ru3Hmg,https://www.youtube.com/watch?v=85wh_Ru3Hmg,Trời Mưa To Suốt Đêm Gây Ngập Nước Ở Đường Phú Diễn Hà Nội,"Trời Mưa To Suốt Đêm Gây Ngập Nước Ở Đường Phú Diễn Hà Nội
cả đêm mưa to ở phú diễn hà nội nhiều nơi bị ngập úng vẫn có nhiều người đi lại",2026-09-16T19:22:09Z,2026-09-16T19:22:09Z,accept,flood_transport_hanoi,1,"flood_state,transport_impact,hanoi_location",0,search,ngập úng Hà Nội đi,,,,,,2026-09-25T10:33:25.446590+07:00
youtube,8621Z3RMXzs,https://www.youtube.com/watch?v=8621Z3RMXzs,Di dời khỏi nội đô nhằm xây dựng các “Đô thị Đại học” - Giấc mơ lớn chưa thành hiện thực,"Di dời khỏi nội đô nhằm xây dựng các “Đô thị Đại học” - Giấc mơ lớn chưa thành hiện thực
#vtv24 #chuyendong24h 

Di dời khỏi nội đô nhằm xây dựng các “Đô thị Đại học” - Giấc mơ lớn chưa thành hiện thực

► Chuyển động 24h do VTV Digital sản xuất, phát sóng trên kênh VTV1 - Đài Truyền hình Việt Nam.
►  Đăng ký ngay Youtube Chuyển động 24h:
- https://www.youtube.com/@vtvchuyendong
►  Theo dõi Chuyển động 24h trên các trang mạng xã hội khác:
- https://www.facebook.com/vtvchuyendong
- https://www.tiktok.com/@chuyendong24hnews

Bản quyền thuộc về  VTV - Đài Truyền hình Việt Nam.
Copyright © 2024 Vietnam Television.",2025-10-27T14:30:06Z,2025-10-27T14:30:06Z,reject,missing_group:flood_state+transport_impact,1,hanoi_location,0,search,lụt Hà Nội di chuyển,,,,,,2026-09-25T10:46:54.458720+07:00
youtube,88sntfGfOd8,https://www.youtube.com/watch?v=88sntfGfOd8,Người dân Hà Nội đi ‘xe máy xúc’ về nhà sau cơn mưa lớn,"Người dân Hà Nội đi ‘xe máy xúc’ về nhà sau cơn mưa lớn
🌧️ Mưa lớn kéo dài khiến nhiều tuyến phố Hà Nội chìm trong biển nước.
Tại một số khu vực ngập sâu, người dân buộc phải nhờ máy xúc hỗ trợ để di chuyển qua đoạn đường ngập.

📍 Ghi nhận sáng nay tại Hà Nội – hình ảnh vừa hài hước, vừa phản ánh rõ tình trạng hạ tầng thoát nước của Thủ đô mỗi khi mưa lớn.

🎥 Theo dõi thêm nhiều tin tức mới nhất tại:
👉 #HaNoi #TinTuc #NgapLut #HaNoiMuaLon",2025-10-07T14:23:40Z,2025-10-07T14:23:40Z,accept,flood_transport_hanoi,1,"flood_state,transport_impact,hanoi_location",0,search,lụt Hà Nội di chuyển,,,,,,2026-09-25T10:48:49.796303+07:00
youtube,8FiCr34TXWg,https://www.youtube.com/watch?v=8FiCr34TXWg,Hà Nội tăng cường xử lý các điểm ngập sau mưa lớn,"Hà Nội tăng cường xử lý các điểm ngập sau mưa lớn
Mưa lớn kéo dài từ đêm qua đến sáng nay (17/9) khiến nhiều khu vực tại Hà Nội bị ngập úng, đọng nước, gây ùn tắc giao thông cục bộ. Hiện các lực lượng vẫn được tăng cường để phân luồng giao thông, khơi thông dòng chảy, hạn chế ảnh hưởng đến việc đi lại của người dân.
-------
#vtv24 #chuyendong24h
► Chuyển động 24h do Ban Thời sự sản xuất, phát sóng trên kênh VTV1 - Đài Truyền hình Việt Nam.
►  Đăng ký ngay YouTube Chuyển động 24h:
- https://www.youtube.com/@vtvchuyendong
►  Theo dõi Chuyển động 24h trên các trang mạng xã hội khác:
- https://www.facebook.com/vtvchuyendong
- https://www.tiktok.com/@chuyendong24hnews

Bản quyền thuộc về  VTV - Đài Truyền hình Việt Nam.
Copyright © 2024 Vietnam Television.",2026-09-17T08:00:31Z,2026-09-17T08:00:31Z,accept,flood_transport_hanoi,1,"flood_state,transport_impact,hanoi_location",0,search,ngập nước Hà Nội giao thông,,,,,,2026-09-25T10:43:17.526729+07:00
youtube,8KZulI31vxY,https://www.youtube.com/watch?v=8KZulI31vxY,Nhiều tuyến đường ở Hà Nội ngập sâu sau mưa lớn,"Nhiều tuyến đường ở Hà Nội ngập sâu sau mưa lớn
| Báo Dân Việt
Cảm ơn Quý vị đã xem video của Báo Dân Việt- Chúng tôi đăng tải thông tin liên tục trong ngày- Hãy Đăng ký theo dõi để không bỏ lỡ những video mới nhất trên kênh Báo Dân Việt- Xin Trân trọng Cảm ơn !
⭐Kênh YouTube chính thức của Báo điện tử Dân Việt - Cập nhật tin tức nhanh nhất trong 24h, Liên tục phát hành thông tin thời pháp luật, an ninh trât tự, đời sống xã hội và giải trí nhanh nhất trong ngày. Chân thành cảm ơn bạn đã đồng hành và ủng hộ Dân Việt. ⭐Xem kênh Youtube Báo Dân Việt trên Google News: https://bit.ly/BaoDanvietGoogleNews 🔔Đừng quên đăng ký để xem video mới nhất: https://bit.ly/dangkyxembaodanviet 
=========== ==========
#Baodanviet 
#danviet 
#tintucbaodanviet 
#tinnongdanviet 
#tinthegioidanviet
================
================
⭐ Dân Việt - Báo điện tử của Trung ương Hội Nông dân Việt Nam.
⭐ Liên hệ: Tòa soạn và trị sự: Lô E2, Dương Đình Nghệ, Cầu Giấy, Hà Nội 
Điện thoại: (84-24) 38472263
Email: Nentangsodanviet@gmail.com
Liên hệ nội dung/Booking hợp tác: 0975618062
Phản ánh: 0857835666
© Bản quyền thuộc về Báo Dân Việt. Không Reup dưới mọi hình thức!",2026-09-15T05:43:43Z,2026-09-15T05:43:43Z,accept,flood_transport_hanoi,1,"flood_state,transport_impact,hanoi_location",0,search,ngập úng Hà Nội đi,,,,,,2026-09-25T10:33:58.877448+07:00
youtube,8h8350n9uA8,https://www.youtube.com/watch?v=8h8350n9uA8,Công an Hà Nội hỗ trợ người dân xã Trung Giã di chuyển đến nơi an toàn,"Công an Hà Nội hỗ trợ người dân xã Trung Giã di chuyển đến nơi an toàn
Đăng bởi Báo Hà Nội Mới",2025-10-10T02:26:28Z,2025-10-10T02:26:28Z,reject,missing_group:flood_state,1,"transport_impact,hanoi_location",0,search,lụt Hà Nội di chuyển,,,,,,2026-09-25T10:48:06.557393+07:00
youtube,8vfiwgs8j8g,https://www.youtube.com/watch?v=8vfiwgs8j8g,"Vùng trũng ngoại thành Hà Nội nước ngập tràn, gần như tê liệt mọi hoạt động | Tin tức 24h","Vùng trũng ngoại thành Hà Nội nước ngập tràn, gần như tê liệt mọi hoạt động | Tin tức 24h
DDDN | Vùng trũng ngoại thành Hà Nội nước ngập tràn, gần như tê liệt mọi hoạt động. ""Kịch bản kinh hoàng tại vùng trũng ngoại thành Hà Nội: Nước dâng ngang mái nhà, nhịp sống hoàn toàn bị đảo lộn. Nước sông Bùi liên tục dâng cao, tràn qua khu vực thấp trũng ở các xã Xuân Mai, Trần Phú... khiến hàng nghìn căn nhà rơi vào cảnh ngập ủm trong nước. Nếu nhìn từ trên cao thì các bạn có thể trắng xóa 1 vùng trong biển nước. Nhấp nhô mái nhà xanh đỏ nhưng trong đó các hoạt động sinh hoạt lẫn kinh doanh gần như bị tê liệt hoàn toàn. Cụ thể các khu dân cư Nam Phương, Tân Tiến ở xã Xuân Mai, thành phố Hà Nội ngập, nơi sâu nhất gần 2 m, hàng trăm nhà dân nước chảy vào nhà, ngập hơn một mét.

Trong video này, chúng tôi sẽ thông tin về:
Vùng trũng ngoại thành Hà Nội nước ngập tràn, gần như tê liệt mọi hoạt động
Khổ sở trong những căn nhà hàng chục tỷ ngập nước
Cận cảnh 3 cây cầu ngập nước ở Hà Nội, đi vòng cả chục km để sang sông
Bạn có muốn cập nhật thêm thông tin về ngập úng ở Hà Nội không? Hãy để lại bình luận bên dưới nhé.
🔔 Hãy đăng kí kênh Diễn đàn Doanh nghiệp để không bỏ lỡ những thông tin hấp dẫn.
Thông tin sử dụng được tham khảo từ nguồn tổng hợp

#hanoingap #bietthungap #diendandoanhnghiep


------------------------------
🎥 Diễn đàn Doanh nghiệp TV – Cập nhật kinh tế, thời sự quốc tế, tài chính và biến động toàn cầu mỗi ngày.

🔎 Tại đây, bạn sẽ:
• Theo dõi xung đột nóng: Nga–Ukraine, Israel–Iran, Biển Đông, Đài Loan...
• Nắm bắt biến động kinh tế: Giá vàng, chứng khoán, chính sách tiền tệ, ngân hàng trung ương
• Phân tích chuyên sâu: Địa chính trị, tài chính vĩ mô, chiến lược toàn cầu
• Cảnh báo thiên tai – biến đổi khí hậu – dự báo thời tiết chính xác

⏱️ Cập nhật tin tức liên tục, phân tích từ nguồn chính thống, dẫn dắt bằng tư duy.

📌 Đăng ký kênh để không bỏ lỡ những bản tin và bình luận quan trọng:
👉 https://www.youtube.com/c/DiễnĐànDoanhNghiệpTv?sub_confirmation=1

 #diendandoanhnghieptv #thoisuquocte #phantichkinhte #xungdottoancau #tinnong24h #tintucchinhtri #tintuc24h",2026-09-19T04:30:13Z,2026-09-19T04:30:13Z,accept,flood_transport_hanoi,1,"flood_state,transport_impact,hanoi_location",0,search,ngập úng Hà Nội đi,,,,,,2026-09-25T10:31:21.567018+07:00
youtube,8ya5xKuMeiY,https://www.youtube.com/watch?v=8ya5xKuMeiY,"Video nhiều tuyến đường Hà Nội ngập sâu, đi lại khó khăn sau đêm mưa","Video nhiều tuyến đường Hà Nội ngập sâu, đi lại khó khăn sau đêm mưa
Rạng sáng 30-9, ở Hà Nội đã xảy ra tình trạng mưa to đến rất to. Mưa lớn kéo dài xuyên đêm đã khiến nhiều tuyến đường, phố tại Hà Nội xảy ra tình trạng ngập, xe cộ đi lại khó khăn.

#ngapsau 

Tin tức nhanh nhất, mới nhất, nóng nhất đang diễn ra ở Việt Nam và thế giới về: thời sự, kinh tế, chính trị, xã hội, giáo dục, thể thao, văn hóa, giải trí, công nghệ, nhịp sống số, pháp luật, du lịch...

#TinNong #Thời_Sự #ThoiSu #TinTuc",2025-10-01T06:00:10Z,2025-10-01T06:00:10Z,accept,flood_transport_hanoi,1,"flood_state,transport_impact,hanoi_location",0,search,ngập lụt Hà Nội đi lại,,,,,,2026-09-25T10:39:14.525648+07:00
youtube,90zBWXNFJHo,https://www.youtube.com/watch?v=90zBWXNFJHo,sáng nay Hà Nội tuy ko mưa nhưng nước ngập diện rộng nên các pt đi lại vô cùng khó khăn ah.,sáng nay Hà Nội tuy ko mưa nhưng nước ngập diện rộng nên các pt đi lại vô cùng khó khăn ah.,2025-10-01T04:10:15Z,2025-10-01T04:10:15Z,accept,flood_transport_hanoi,1,"flood_state,transport_impact,hanoi_location",0,search,ngập lụt Hà Nội đi lại,,,,,,2026-09-25T10:39:17.709670+07:00
youtube,9DBV1tBJl0A,https://www.youtube.com/watch?v=9DBV1tBJl0A,"Căng Đét Hà Nội Đi Đến Chỗ Nào Cũng Ngập Sâu , Nhiều Người Mếu Dở Đi Không Được Về Không Xong","Căng Đét Hà Nội Đi Đến Chỗ Nào Cũng Ngập Sâu , Nhiều Người Mếu Dở Đi Không Được Về Không Xong
Căng Đét Hà Nội Đi Đến Chỗ Nào Cũng Ngập Sâu , Nhiều Người Mếu Dở Đi Không Được Về Không Xong
#ngaplut
#dulichhanoi 
#albumcuocsong 
#songtolich",2025-10-08T02:00:08Z,2025-10-08T02:00:08Z,accept,flood_transport_hanoi,1,"flood_state,transport_impact,hanoi_location",0,search,ngập nước Hà Nội giao thông,,,,,,2026-09-25T10:07:47.311465+07:00
youtube,9LM7qXS8k60,https://www.youtube.com/watch?v=9LM7qXS8k60,"Dự báo thời tiết tối 13/10: Hà Nội và nhiều tỉnh miền Bắc xuất hiện mưa dông, cảnh báo ngập sâu","Dự báo thời tiết tối 13/10: Hà Nội và nhiều tỉnh miền Bắc xuất hiện mưa dông, cảnh báo ngập sâu
BÁO LAO ĐỘNG |  Vùng mây đối lưu từ phía Đông đang di chuyển và mở rộng vào nội thành Hà Nội, gây mưa rào và dông trong nhiều quận. Trong mưa dông có khả năng xảy ra lốc, sét và gió giật mạnh, người dân được khuyến cáo hạn chế ra ngoài khi thời tiết chuyển xấu.

Mời quý vị và các bạn xem thêm: https://laodong.vn/media
──────────────────────────────
Bản quyền thuộc Báo Lao Động – Cơ quan của Tổng Liên đoàn Lao động Việt Nam.
* Website: https://laodong.vn
* Đường dây nóng: 096 838 3388
* Email: baolaodongdientu@gmail.com
* Fanpage: https://www.facebook.com/LaoDongTVOnline/

#baolaodong #bld #dubaothoitiet1310",2025-10-13T11:26:00Z,2025-10-13T11:26:00Z,accept,flood_transport_hanoi,1,"flood_state,transport_impact,hanoi_location",0,search,lụt Hà Nội di chuyển,,,,,,2026-09-25T10:47:13.915506+07:00
youtube,9PIuc8SlZXQ,https://www.youtube.com/watch?v=9PIuc8SlZXQ,Hà Nội Ngập Lụt Hải Phòng Thì Sao,"Hà Nội Ngập Lụt Hải Phòng Thì Sao
Hà Nội mưa to ngập lụt khắp nẻo đường, có nơi ngập tới cả mét! Nhưng Hải Phòng thì sao? Khô ráo, sạch sẽ và an toàn hoàn toàn!

Trong video này, tôi — Đồng Dung Trang — cùng bạn khám phá cách mà Hải Phòng, đặc biệt là hai khu đô thị đẳng cấp Vin Dương Kinh và Vin Vũ Yên, đang dẫn đầu về hạ tầng hiện đại, chất lượng sống hàng đầu.

👉 Vin Dương Kinh và Vin Vũ Yên đầu tư bài bản, tiện ích đầy đủ, sống ở Hải Phòng không lo ngập lụt dù mưa to.  
👉 Xe lưu thông thông thoáng, hạ tầng đồng bộ, không một giọt nước ngập.  
👉 Một mét vuông ở đây đang rất đáng giá — xứng tầm để đầu tư.

Theo dõi video để biết vì sao Hải Phòng là lựa chọn sống & đầu tư thông minh hiện nay!

#Vinn2025 #vinhomesduongkinh  #VinVuYen #DongDungTrang #HaiPhong #Hanoi #NgapLut #AnToan",2025-08-26T15:43:49Z,2025-08-26T15:43:49Z,accept,flood_transport_hanoi,1,"flood_state,transport_impact,hanoi_location",1,search,đường ngập Hà Nội lưu thông,,,,,,2026-09-25T10:51:01.036650+07:00
youtube,9slVGTBvlW4,https://www.youtube.com/watch?v=9slVGTBvlW4,Tâm điểm: Hà Nội phát lệnh báo động lũ trên 4 sông | Thời tiết Hà Nội | #ngaphanoi #thoitiet,"Tâm điểm: Hà Nội phát lệnh báo động lũ trên 4 sông | Thời tiết Hà Nội | #ngaphanoi #thoitiet
Thời sự | Tâm điểm: Hà Nội phát lệnh báo động lũ trên 4 sông | Thời tiết Hà Nội | #ngaphanoi #thoitiet
Hà Nội phát lệnh báo động lũ trên 4 sông trong bối cảnh mực nước tiếp tục dâng cao, tiềm ẩn nguy cơ ngập lụt tại nhiều khu vực. Người dân cần chủ động theo dõi diễn biến lũ, hạn chế di chuyển qua những vùng có nguy cơ ngập sâu. VTV8 cập nhật tình hình lũ trên các sông, cảnh báo ngập lụt và những thông tin mới nhất từ cơ quan chức năng.

─────────────────────
📺 VTV8 – Kênh Truyền hình Quốc gia về Văn hóa, Di sản, Lịch sử và Du lịch, thuộc Đài Truyền hình Việt Nam.
Kênh YouTube chính thức của VTV8: cập nhật tin tức thời sự mỗi ngày và kể những câu chuyện, góc nhìn chuyên sâu về văn hóa, di sản, lịch sử, du lịch Việt Nam và thế giới.
📌 NỘI DUNG CHÍNH
• Thời sự – tin tức cập nhật hằng ngày
• Phim tài liệu, ký sự về di sản, làng nghề, lễ hội truyền thống
• Dấu ấn lịch sử, câu chuyện cội nguồn dân tộc
• Du lịch, ẩm thực, điểm đến khắp ba miền Bắc – Trung – Nam
─────────────────────
📍 258 Bạch Đằng, phường Hải Châu, TP. Đà Nẵng
🔴 Xem trực tiếp 24/7 trên VTVgo: https://vtvgo.vn/channel/36
🌐 Báo điện tử: vtv8.vtv.vn
📘 Fanpage: https://www.facebook.com/Tinnongmientrung
🎵 TikTok: https://www.tiktok.com/@vtv8_tinnongmientrungv8
🔔 Bản tin mới mỗi ngày – đăng ký kênh và bật thông báo để không bỏ lỡ.
© Đài Truyền hình Việt Nam. Vui lòng không sao chép, đăng tải lại dưới mọi hình thức.
#VTV8 #luhanoi #baodonglu #ngaplut",2026-09-17T07:59:16Z,2026-09-17T07:59:16Z,accept,flood_transport_hanoi,1,"flood_state,transport_impact,hanoi_location",1,search,lụt Hà Nội di chuyển,,,,,,2026-09-25T10:49:39.724321+07:00
youtube,9y9iMwVXnfo,https://www.youtube.com/watch?v=9y9iMwVXnfo,"Hà Nội: Lực lượng quân đội, công an đảm bảo giao thông khi ngập úng | VTV24","Hà Nội: Lực lượng quân đội, công an đảm bảo giao thông khi ngập úng | VTV24
Lực lượng chức năng đã triển khai nhiều biện pháp để giúp cho người dân đi lại qua các vị trí ngập sâu và giảm ùn tắc.
----------
Đồng hành cùng VTV Digital tại:

Ứng dụng VTVgo
Android: https://bit.ly/305aQLs
iOS: https://apple.co/3g8yMTS
hoặc xem trực tiếp trên https://vtvgo.vn/

Báo điện tử: https://VTV.vn

Fanpage:
Tin tức, Xã hội: https://fb.com/tintucvtv24
Chuyên trang Tài Chính: https://fb.com/VTVMoney
Báo điện tử VTV: https://fb.com/baodientuvtv

Youtube: https://youtube.com/vtv24
Zalo: https://zalo.me/1571891271885013375
Instagram: https://instagram.com/vtv24news/
Tiktok: tiktok.com/@vtv24news
Twitter: https://twitter.com/vtvdigitalnews
#VTVDigital #Tintuc",2025-10-08T03:15:00Z,2025-10-08T03:15:00Z,accept,flood_transport_hanoi,1,"flood_state,transport_impact,hanoi_location",0,search,ngập lụt Hà Nội đi lại,,,,,,2026-09-25T10:37:55.651156+07:00
youtube,9zMhP5Q1_oc,https://www.youtube.com/watch?v=9zMhP5Q1_oc,"Hà Nội Bất Ngờ NGẬP NẶNG Sau Cơn Mưa Lớn, Nhiều Tuyến Phố Thất Thủ","Hà Nội Bất Ngờ NGẬP NẶNG Sau Cơn Mưa Lớn, Nhiều Tuyến Phố Thất Thủ
Sáng nay, một cơn mưa lớn bất chợt đã trút xuống nhiều quận nội thành, khiến các tuyến phố như Nguyễn Huy Tưởng, Quan Nhân ngập sâu. Giao thông hỗn loạn khi nhiều phương tiện phải quay đầu tìm đường khác, nước rút nhanh sau khoảng 30 phút.

#HàNội #mưalớn #ngậplụt #ngậpúngHàNội #giaothôngHàNội #thờitiếtHàNội #phốNguyễnHuyTưởng #mưagiông #thoátnướcHàNội #xechếtmáy #lộinước",2025-10-11T06:30:05Z,2025-10-11T06:30:05Z,accept,flood_transport_hanoi,1,"flood_state,transport_impact,hanoi_location",0,search,ngập nước Hà Nội giao thông,,,,,,2026-09-25T10:06:01.475514+07:00
youtube,A1PiaJYuGWo,https://www.youtube.com/watch?v=A1PiaJYuGWo,"Lũ cuốn trôi nền đường sắt Hà Nội – Thái Nguyên, giao thông tê liệt #shortvideo","Lũ cuốn trôi nền đường sắt Hà Nội – Thái Nguyên, giao thông tê liệt #shortvideo
Trận mưa lớn kéo dài đã khiến nước lũ dâng cao, cuốn trôi một đoạn nền đường sắt trên tuyến Hà Nội – Thái Nguyên. Dòng nước đục ngầu chảy xiết khiến phần ray bị treo lơ lửng, gây chia cắt giao thông đường sắt và tiềm ẩn nguy cơ mất an toàn nghiêm trọng. Ngành đường sắt cùng chính quyền địa phương đang khẩn trương kiểm tra, gia cố, đồng thời lên phương án khắc phục để sớm khôi phục tuyến đường huyết mạch này. Trong bối cảnh thiên tai liên tiếp xảy ra, hình ảnh nền đường bị nước lũ cuốn trôi là lời cảnh báo rõ ràng về biến đổi khí hậu và sự cần thiết của công tác phòng chống, bảo vệ hạ tầng giao thông.",2025-10-10T05:57:36Z,2025-10-10T05:57:36Z,accept,flood_transport_hanoi,1,"flood_state,transport_impact,hanoi_location",0,search,ngập nước Hà Nội giao thông,,,,,,2026-09-25T10:06:47.466919+07:00
youtube,A5CDlbTpiqY,https://www.youtube.com/watch?v=A5CDlbTpiqY,"Khẩn: Hoàn lưu áp thấp nhiệt đới nhân 2 sức mạnh, mưa xối xả 3 ngày, có nơi mưa trên 600mm","Khẩn: Hoàn lưu áp thấp nhiệt đới nhân 2 sức mạnh, mưa xối xả 3 ngày, có nơi mưa trên 600mm
Tin tức mới nhất | Khẩn: Hoàn lưu áp thấp nhiệt đới nhân 2 sức mạnh, mưa xối xả 3 ngày, có nơi mưa trên 600mm
Hoàn lưu áp thấp nhiệt đới kết hợp dải hội tụ nhiệt đới tiếp tục gây mưa lớn diện rộng từ Bắc Bộ đến Trung Bộ trong 3 ngày 14-16/9. Nhiều nơi có thể hứng lượng mưa trên 500-600mm, thậm chí xuất hiện điểm mưa trên 100mm chỉ trong 3 giờ. Hà Nội cũng có nguy cơ ngập úng do mưa lớn. Các tỉnh miền núi cần đặc biệt đề phòng lũ quét, sạt lở đất. Khu vực của bạn đang có mưa lớn đến mức nào?

Vấn đề hôm nay  cập nhật tin tức trong ngày, phản ánh nhanh các tin nóng, tin thời sự và thời sự hôm nay đang được quan tâm. Nội dung bám sát tin trong nước, theo dõi tin trong nước hôm nay qua các diễn biến trong nước và tình hình trong nước nổi bật. Các bản tin tin tức hôm nay, tin tức mới nhất, tin tức mới nhất hôm nay được tổng hợp theo nhịp tin tức 24h, tập trung vào thời sự trong nước, tin tức trong nước, tin nóng trong nước và thời sự nóng, giúp khán giả nắm bắt thông tin đầy đủ, kịp thời và đáng tin cậy mỗi ngày.
Đăng ký và nhấn chuông thông báo để cập nhật những tin tức mới và nóng nhất: 
#vandehomnay #tintuc #thoisu #apthapnhietdoi",2026-09-14T04:11:27Z,2026-09-14T04:11:27Z,reject,missing_group:transport_impact,1,"flood_state,hanoi_location",0,search,đường ngập Hà Nội lưu thông,,,,,,2026-09-25T10:51:33.888657+07:00
youtube,A73G-074o5g,https://www.youtube.com/watch?v=A73G-074o5g,Hà nội ngập ở trước sân Mỹ Đình #dothihanoitoiyeu #travel,"Hà nội ngập ở trước sân Mỹ Đình #dothihanoitoiyeu #travel
122 điểm ngập, gần 30 tuyến đường tê liệt sau mưa lớn tại Hà Nội 
Đến 10h sáng 7/10, Hà Nội có 122 điểm ngập, trong đó 29 điểm ngập nặng khiến xe không di chuyển và 93 điểm ngập nhẹ các phương tiện có thể lưu thông.",2025-10-07T08:02:52Z,2025-10-07T08:02:52Z,accept,flood_transport_hanoi,1,"flood_state,transport_impact,hanoi_location",0,search,đường ngập Hà Nội lưu thông,,,,,,2026-09-25T10:50:48.035058+07:00
youtube,AGxISX24zEM,https://www.youtube.com/watch?v=AGxISX24zEM,HÀ NỘI MƯA LỚN KÉO DÀI KHIẾN NHIỀU TUYẾN ĐƯỜNG NGẬP SÂU,"HÀ NỘI MƯA LỚN KÉO DÀI KHIẾN NHIỀU TUYẾN ĐƯỜNG NGẬP SÂU
Hà Nội mưa lớn kéo dài khiến nhiều tuyến đường ngập sâu, giao thông hỗn loạn, người dân chật vật di chuyển.",2026-09-17T04:46:28Z,2026-09-17T04:46:28Z,accept,flood_transport_hanoi,1,"flood_state,transport_impact,hanoi_location",0,search,lụt Hà Nội di chuyển,,,,,,2026-09-25T10:49:46.106764+07:00
youtube,Aayqz2kcYPY,https://www.youtube.com/watch?v=Aayqz2kcYPY,Tàu ngầm VF9 cân hết các thể loại ngập lụt ở Hà Nội 😅 #giaothong #vf9 #vinfast #ngaplut #hanoi,"Tàu ngầm VF9 cân hết các thể loại ngập lụt ở Hà Nội 😅 #giaothong #vf9 #vinfast #ngaplut #hanoi
Tàu ngầm VF9 cân hết các thể loại ngập lụt ở Hà Nội: Những ngày mưa lũ ngập sâu thế này mới biết giá trị của xe chống nước là như thế nào, hình ảnh tương phản giữa 1 chiếc ô tô đang nổi lềnh phềnh trên đường và 1 chiếc ô tô điện VF9 đang bon bon chạy bất chấp đường ngập sâu. Nếu chỉ là tham gia giao thông bình thường thì các bạn sẽ thấy hơi xót xe, nhưng nếu đường ngập mà cần đi việc gấp hoặc khẩn cấp như đưa người đi cấp cứu thì bạn sẽ thấy giá trị của nó rất đáng đồng tiền bát gạo.
Ủng hộ kênh để được nhận huy hiệu nổi bật trên Youtube:
https://www.youtube.com/channel/UCUoLkHKKSQkjJah-SibHWMQ/join
----------------------------/------------------------------
► PHÁP LUẬT XÃ HỘI: Kênh thông tin liên tục cập nhật những tin tức mới nhất trong ngày, tình hình chính trị, an ninh quốc phòng, đời sống pháp luật, xã hội, giao thông, thời sự trong nước và quốc tế. Giúp bạn không cần đọc báo vẫn nắm bắt được những sự kiện, tin tức diễn ra hàng ngày.
----------------------------/------------------------------
► Video ghi lại một tình huống giao thông có thật, phản ánh những lỗi thường gặp mà tài xế hay mắc phải gây mất an toàn giao thông. Xem mọi người mắc lỗi trên đường, hy vọng bạn sẽ không mắc phải lỗi tương tự.
► Video được đăng tải với mục đích giáo dục, tuyên truyền luật giao thông đường bộ, khuyến khích người dân chấp hành nghiêm chỉnh pháp luật khi tham gia giao thông.
► The video records a real traffic situation, reflecting common mistakes that drivers often make that cause traffic safety. Watch people make mistakes on the road, so hopefully you won't.
► The video was posted for the purpose of educating and propagating road traffic laws, encouraging people to strictly comply with the law when participating in traffic.
----------------------------/------------------------------
► Nếu có bất kỳ vấn đề nào liên quan đến bản quyền trong video, xin vui lòng liên hệ: quiternoitieng@gmail.com.
► If there are any copyright issues in the video, please contact us: quiternoitieng@gmail.com.",2025-10-07T14:00:19Z,2025-10-07T14:00:19Z,accept,flood_transport_hanoi,1,"flood_state,transport_impact,hanoi_location",0,search,ngập nước Hà Nội giao thông,,,,,,2026-09-25T10:08:16.429929+07:00
youtube,BRIwR5glSYI,https://www.youtube.com/watch?v=BRIwR5glSYI,"Hà Nội hứng trận mưa gần 200mm: Nước dâng ngập phố, chuyện gì đang xảy ra?","Hà Nội hứng trận mưa gần 200mm: Nước dâng ngập phố, chuyện gì đang xảy ra?
Vấn đề hôm nay | Hà Nội hứng trận mưa gần 200mm: Nước dâng ngập phố, chuyện gì đang xảy ra? 
Trận mưa lớn kéo dài từ đêm 16/9 đến rạng sáng 17/9, có nơi đạt 199mm đã khiến nhiều khu vực nội thành Hà Nội ngập sâu, giao thông ùn ứ. Dự báo hôm nay Hà Nội tiếp tục mưa lớn...
⭐Xem kênh Youtube Báo Tiền Phong trên Google News: https://bit.ly/BaoTienPhongGoogleNews
--------------------------------------------
Tin tức báo Tiền Phong - Đọc tin mới online - tin nhanh - tin 24h - thời sự
🔔 ĐĂNG KÝ KÊNH để nhận những thông tin mới nhất: https://bit.ly/DangKyBaoTienPhong
⭐Website: https://www.tienphong.vn/
⭐Fanpage: https://www.facebook.com/www.tienphong.vn/
⭐TikTok: https://www.tiktok.com/@baotienphong.official
© Bản quyền thuộc báo điện tử Tiền Phong
Tiền phong, Tiền phong TV, tin tức, tin nóng, tin tức hôm nay, tin tức mới nhất hôm nay, tin tức mới nhất, tin thời sự, tin tức 24h, Vấn đề hôm nay, tin tức việt nam hôm nay, tin trong nước, tin tức trong nước mới nhất
#baotienphong #tienphongtv #vandehomnay",2026-09-17T09:12:15Z,2026-09-17T09:12:15Z,accept,flood_transport_hanoi,1,"flood_state,transport_impact,hanoi_location",0,search,ngập nước Hà Nội giao thông,,,,,,2026-09-25T10:43:14.210001+07:00
youtube,CN2KE6iBNmo,https://www.youtube.com/watch?v=CN2KE6iBNmo,Nhìn lại mưa ngập lịch sử: Người dân Hà Nội đi 10 tiếng chưa về được đến nhà | VOVLive,"Nhìn lại mưa ngập lịch sử: Người dân Hà Nội đi 10 tiếng chưa về được đến nhà | VOVLive
VOV Live | Nhìn lại mưa ngập lịch sử: Người dân Hà Nội 10 tiếng chưa về được đến nhà.  Hình ảnh Hà Nội ngập lụt khắp nơi, giao thông tê liệt, cuộc sống đảo lộn... vì vòng xoáy mưa - ngập - tắc trong ngày 30/9 khiến nhiều người nhớ lại trận lụt lịch sử năm 2008 ở thủ đô.  Từ sáng đến tối 30/9, Hà Nội mưa lớn tầm tã khiến nhiều tuyến đường, phố bị ngập sâu, đường ""biến thành sông"", giao thông tê liệt, ô tô, xe máy chết máy la liệt.

Đăng Ký Kênh Nhận Thông Báo Video Mới : https://bit.ly/2FQiqBQ
#vov #vovlive #vovlivetintuc #tintuc #tinnong #thoisu 
_______________________________________________________________

HỆ THỐNG NỘI DUNG SỐ VOV LIVE CỦA ĐÀI TIẾNG NÓI VIỆT NAM:
▶ WEBSITE: https://vovlive.vn/
▶ FACEBOOK: https://www.facebook.com/vovlive.vn
▶ YOUTUBE:
    ● VOV Live: https://www.youtube.com/@VOVLive
    ● VOV Live - Đọc Truyện: https://www.youtube.com/@VOVLiveDocTruyen
    ● VOV Live - Tin Mới: https://www.youtube.com/@truyenxuangungonvov247

▶ APP: 
    ● Dành cho hệ điều hành iOS: https://apple.co/3gSPWED
    ● Dành cho hệ điều hành Android: https://bit.ly/2QMBeo3

© Bản quyền thuộc về kênh Đài Tiếng nói Việt Nam. ☞ Vui lòng không sao chép và đăng tải lại dưới mọi hình thức. 
© Copyright by VOV. ☞ Please do not re-upload.",2025-10-01T07:53:53Z,2025-10-01T07:53:53Z,accept,flood_transport_hanoi,1,"flood_state,transport_impact,hanoi_location",0,search,ngập lụt Hà Nội đi lại,,,,,,2026-09-25T10:39:11.211852+07:00
youtube,CutFgBuHaVI,https://www.youtube.com/watch?v=CutFgBuHaVI,"Hà Nội Mưa Trên 150mm, Ngập Diện Rộng: Nhiều Tuyến Đường Chìm Trong Nước","Hà Nội Mưa Trên 150mm, Ngập Diện Rộng: Nhiều Tuyến Đường Chìm Trong Nước
Mưa lớn kéo dài khiến nhiều khu vực tại Hà Nội ngập úng trên diện rộng, có nơi ghi nhận lượng mưa trên 150mm. Nước dồn nhanh gây ngập nhiều tuyến đường, ảnh hưởng đến giao thông và sinh hoạt của người dân.

Lực lượng chức năng đang triển khai các biện pháp tiêu thoát nước, xử lý điểm ngập và hỗ trợ người dân tại những khu vực bị ảnh hưởng. Người dân được khuyến cáo chủ động bảo vệ tài sản, hạn chế đi qua các tuyến đường ngập sâu và theo dõi sát diễn biến thời tiết.
►  Cập nhật về tình hình thời tiết và thiên tai nhanh nhất tại Chạm THỜI TIẾT

✔ Mọi ý kiến xây dựng hoặc đề nghị, vui lòng để lại comment phía dưới video. 
✔ Rất mong được mọi người ủng hộ và subscribe kênh, cũng đừng quên bấm like và share cho bạn bè nhé

#thoitiet #dubaothoitiet #thoitiethomnay #chamthoitiet#HàNội #MưaLớn #NgậpLụt #MưaNgập #ThờiTiết #TinTức #MiềnBắc",2026-09-18T04:00:03Z,2026-09-18T04:00:03Z,accept,flood_transport_hanoi,1,"flood_state,transport_impact,hanoi_location",0,search,ngập nước Hà Nội giao thông,,,,,,2026-09-25T10:41:41.001481+07:00
youtube,Cv3q5rbl4yo,https://www.youtube.com/watch?v=Cv3q5rbl4yo,Nước tràn vào xe Bus Hà Nội - Mưa lớn Hà Nội ngập trong biển nước khắp nơi  #shorts #trend #fyp,"Nước tràn vào xe Bus Hà Nội - Mưa lớn Hà Nội ngập trong biển nước khắp nơi  #shorts #trend #fyp
Nước tràn vào xe Bus Hà Nội - Mưa lớn Hà Nội ngập trong biển nước khắp nơi  #shorts #trend #fyp (nguồn internet)
---------------------------------------
Kênh Yotube chính thức của Ks. Trịnh Văn Hoàng
- Chia sẻ kiến thức về quản trị mạng, hệ thống, khoa học máy tính, tối ưu hóa cho máy tính, những thủ thuật máy tính.
- Các hoạt động văn hóa nghệ thuật và thể thao vui cười bổ ích
-------------------------------------------
IT Engineer at Youngone Hung Yen Co.,Ltd
Full name: Trinh Van Hoang
Mobile: 0826.700.222
Channel: http://www.youtube.com/c/TrịnhVănHoàng 
Fanpage: https://www.facebook.com/kenhchiasekienthuccntt",2025-10-08T00:33:07Z,2025-10-08T00:33:07Z,accept,flood_transport_hanoi,1,"flood_state,transport_impact,hanoi_location",0,search,ngập nước Hà Nội giao thông,,,,,,2026-09-25T10:07:50.933831+07:00
youtube,DAFPTm4m37A,https://www.youtube.com/watch?v=DAFPTm4m37A,Ngày Ngập Lụt Gia Đình MiMi Đi Bắt Cá Ngoài Đồng Và Cái Kết...,"Ngày Ngập Lụt Gia Đình MiMi Đi Bắt Cá Ngoài Đồng Và Cái Kết...
► Ngày Ngập Lụt Gia Đình MiMi Đi Bắt Cá Ngoài Đồng Và Cái Kết...

#MiMi #MiMiFamily #NgayNgapLut #EmMiMi #MiLo #EmMiLo #GiaDinhMiMi #BoHoang #MeHue

► BẤM ĐĂNG KÝ KÊNH ỦNG HỘ EM MIMI RA CLIP MỚI NHÉ. EM CẢM ƠN Ạ

► Link đăng ký: http://www.metub.net/mimi

╔═╦╗╔╦╗╔═╦═╦╦╦╦╗╔═╗
║╚╣║║║╚╣╚╣╔╣╔╣║╚╣═╣
╠╗║╚╝║║╠╗║╚╣║║║║║═╣
╚═╩══╩═╩═╩═╩╝╚╩═╩═╝

► Hợp tác quảng cáo, tài trợ hoặc thắc mắc xin liên hệ: mimifamilyyy@gmail.com",2025-10-10T10:52:00Z,2025-10-10T10:52:00Z,accept,flood_transport_hanoi,1,"flood_state,transport_impact,hanoi_location",0,search,ngập lụt Hà Nội đi lại,,,,,,2026-09-25T10:34:34.864735+07:00
youtube,DcgMfwnAOYM,https://www.youtube.com/watch?v=DcgMfwnAOYM,"Mưa xối xả suốt đêm, đường phố Hà Nội ngập cục bộ giờ cao điểm","Mưa xối xả suốt đêm, đường phố Hà Nội ngập cục bộ giờ cao điểm
Thời sự | Mưa xối xả suốt đêm, đường phố Hà Nội ngập cục bộ giờ cao điểm
Mưa xối xả suốt đêm khiến nhiều tuyến đường phố Hà Nội ngập cục bộ đúng giờ cao điểm, gây khó khăn cho việc di chuyển của người dân. Nước ngập ảnh hưởng đến giao thông, khiến nhiều phương tiện phải di chuyển chậm và tìm hướng đi phù hợp. Những khu vực nào tại Hà Nội đang ngập? Tình trạng mưa lớn và ngập cục bộ có tiếp tục ảnh hưởng trong thời gian tới? Tuyến đường nơi bạn sinh sống có bị ngập không? Hãy chia sẻ tình hình thực tế dưới phần bình luận.

─────────────────────
📺 VTV8 – Kênh Truyền hình Quốc gia về Văn hóa, Di sản, Lịch sử và Du lịch, thuộc Đài Truyền hình Việt Nam.
Kênh YouTube chính thức của VTV8: cập nhật tin tức thời sự mỗi ngày và kể những câu chuyện, góc nhìn chuyên sâu về văn hóa, di sản, lịch sử, du lịch Việt Nam và thế giới.
📌 NỘI DUNG CHÍNH
• Thời sự – tin tức cập nhật hằng ngày
• Phim tài liệu, ký sự về di sản, làng nghề, lễ hội truyền thống
• Dấu ấn lịch sử, câu chuyện cội nguồn dân tộc
• Du lịch, ẩm thực, điểm đến khắp ba miền Bắc – Trung – Nam
─────────────────────
📍 258 Bạch Đằng, phường Hải Châu, TP. Đà Nẵng
🔴 Xem trực tiếp 24/7 trên VTVgo: https://vtvgo.vn/channel/36
🌐 Báo điện tử: vtv8.vtv.vn
📘 Fanpage: https://www.facebook.com/Tinnongmientrung
🎵 TikTok: https://www.tiktok.com/@vtv8_tinnongmientrungv8
🔔 Bản tin mới mỗi ngày – đăng ký kênh và bật thông báo để không bỏ lỡ.
© Đài Truyền hình Việt Nam. Vui lòng không sao chép, đăng tải lại dưới mọi hình thức.
#VTV8 #thoisu #thoitiet",2026-09-16T11:33:08Z,2026-09-16T11:33:08Z,accept,flood_transport_hanoi,1,"flood_state,transport_impact,hanoi_location",1,search,ngập úng Hà Nội đi,,,,,,2026-09-25T10:33:28.638175+07:00
youtube,DdnclQYD2rY,https://www.youtube.com/watch?v=DdnclQYD2rY,"Hà Nội trưa 16/9: Mưa ngớt, phố vẫn mênh mông nước","Hà Nội trưa 16/9: Mưa ngớt, phố vẫn mênh mông nước
Mưa lớn từ đêm 15 đến sáng 16/9 khiến nhiều khu vực Hà Nội ngập sâu. Đến trưa, khi mưa đã giảm, nước vẫn rút chậm, nhiều tuyến phố còn ngập, phương tiện di chuyển khó khăn.
▶ Kênh Youtube Tiền Phong News: tin mới nhất, tin tức tổng hợp, mới nhất hôm nay, nội dung tin tức, nga ukraine mới nhất, tin nga ukraine, xung đột nga ukraine, tin quốc tế, nga ukraine hôm nay, tiêu điểm quốc tế, toàn cảnh quốc tế, thời sự quốc tế, thời sự thế giới, toàn cảnh thế giới, bản tin quốc tế, chiến sự nga ukraine, tin tức thời sự, thời sự 19h, tin tức mới, tin mới, thời sự quốc tế, tin tức 24h mới nhất, nga và ukraine mới nhất, tin tức nga ukraine mới nhất, nga, ukraine, tin biển đông, tin nóng, các tin tức cập nhật,… Với mong muốn cập nhật những thông tin chính xác và nhanh nhất trên nền tảng số cho quý vị và các bạn. ❤️ Cảm ơn các bạn đã xem video! Các bạn đừng quên nhấn vào:
★ Đăng Ký Kênh và biểu tượng 🔔 phía dưới góc phải của video để không bỏ lỡ những video mới nhất nhé
★ Đăng ký kênh Báo Tiền Phong News miễn phí tại đây: https://bit.ly/DangKyTienPhongNews
⭐Website: https://www.tienphong.vn/
⭐Fanpage: https://www.facebook.com/www.tienphong.vn
⭐TikTok: https://www.tiktok.com/@baotienphong.official
✔ Có ý kiến xây dựng hoặc đề nghị, vui lòng để lại comment phía dưới video.
✔ Rất mong được mọi người ủng hộ và subscribe kênh, cũng đừng quên bấm like và share cho bạn bè nhé

#baotienphong #tienphongnews #tintuc #baotienphongnews #kyluat #thanhtra #hoilo #vipham",2026-09-16T08:36:59Z,2026-09-16T08:36:59Z,accept,flood_transport_hanoi,1,"flood_state,transport_impact,hanoi_location",0,search,lụt Hà Nội di chuyển,,,,,,2026-09-25T10:50:25.063462+07:00
youtube,DpAW8oHpTRk,https://www.youtube.com/watch?v=DpAW8oHpTRk,Hà Nội còn 12 điểm ngập sâu sau mưa lớn | BẢO HIỂM PJICO,"Hà Nội còn 12 điểm ngập sâu sau mưa lớn | BẢO HIỂM PJICO
Hà Nội còn 12 điểm ngập sâu sau mưa lớn | BẢO HIỂM PJICO

Mưa lớn nhiều giờ do bão Matmo khiến Hà Nội sáng 8/10 vẫn còn 12 điểm ngập úng, gây khó khăn trong việc đi lại của người dân. Các khu vực bị ngập: Khu đô thị Resco, Ngã 3 Mỹ Đình - Thiên Hiền, Lê Đức Thọ, Dương Đình Nghệ - Nam Trung Yên, Võ Chí Công, Phú Xá - Phúc Hoa, Phan Văn Trường, Trần Bình, Đại lộ Thăng Long, Cầu Bươu Yên Xá, Triều Khúc, Tố Hữu (Lương Thế Vinh – Trung Văn). 

#PJICO #VTV #VTVcab #baohiempjico #bhxh #bhyt #tintuc #tintuc24h #tinmoi #tinnong #thoisu #tinthờitiết #tinbao #tinbão #baoso11 #bãosố11 #bãomatmo #baomatmo #12điểmngậpsâu #mưalũ #mualua #mưalớn #mualon #ngậplụt #ngậpsâu #ngapsau #lũlụt #thiên tai
-----------------------------------------
VTVcab là đơn vị đầu tiên và duy nhất hợp tác kinh doanh các sản phẩm bảo hiểm PJICO trực tuyến trên nền tảng mạng xã hội (Facebook, YouTube, TikTok)

★ Đăng ký kênh và bấm chuông theo dõi những tin tức mới nhất từ PJICO – Tổng Công ty Cổ phần Bảo hiểm Petrolimex:
Đăng kí ngay 👉 https://www.youtube.com/@pjico79?sub_confirmation=1
Click for subscribe 👉 https://www.youtube.com/@pjico79?sub_confirmation=1
-----------------------------------------
© Bản quyền thuộc về PJICO và VTVcab | Do not Reup
★ Địa chỉ: Số 3/84 Ngọc Khánh, quận Ba Đình, Hà Nội, Việt Nam
★ Email: dvs.kinhdoanh@vtvcab.vn
★ Hotline: 1900 545455",2025-10-08T03:30:15Z,2025-10-08T03:30:15Z,accept,flood_transport_hanoi,1,"flood_state,transport_impact,hanoi_location",0,search,ngập lụt Hà Nội đi lại,,,,,,2026-09-25T10:37:52.212736+07:00
youtube,DuDqwTJSGYs,https://www.youtube.com/watch?v=DuDqwTJSGYs,Nhiều tuyến đường Hà Nội sau trận mưa kéo dài từ đêm 16/9 đến sáng 17/9 | VTV24,"Nhiều tuyến đường Hà Nội sau trận mưa kéo dài từ đêm 16/9 đến sáng 17/9 | VTV24
Mưa lớn từ đêm qua (16/9) đến sáng nay (17/9) khiến nhiều tuyến phố Hà Nội ngập sâu, giao thông gặp khó khăn, các phương tiện phải di chuyển chậm, nhiều phụ huynh phải cõng con đến trường giữa những tuyến phố ngập nước. 
----------
Ứng dụng VTVgo
Android: https://bit.ly/305aQLs
iOS: https://apple.co/3g8yMTS
hoặc xem trực tiếp trên https://vtvgo.vn/

Fanpage:
Tin tức, Xã hội: https://fb.com/tintucvtv24
Chuyên trang Tài Chính: https://fb.com/VTVIndex
Youtube: https://youtube.com/vtv24
Zalo: https://zalo.me/1571891271885013375
Instagram: https://instagram.com/vtv24news/
Tiktok: tiktok.com/@vtv24news
#Tintuc",2026-09-17T03:06:32Z,2026-09-17T03:06:32Z,accept,flood_transport_hanoi,1,"flood_state,transport_impact,hanoi_location",0,search,lụt Hà Nội di chuyển,,,,,,2026-09-25T10:50:02.272086+07:00
youtube,DvPMmQqKwjk,https://www.youtube.com/watch?v=DvPMmQqKwjk,"Mưa Lớn Lịch Sử Hà Nội: Ngập Lụt Nghiêm Trọng, Giao Thông Tê Liệt Vì Bão Matmo!","Mưa Lớn Lịch Sử Hà Nội: Ngập Lụt Nghiêm Trọng, Giao Thông Tê Liệt Vì Bão Matmo!
[Nguồn: Afamily] Cơn bão Matmo tàn phá Hà Nội! Mưa xối xả trút xuống, biến nhiều tuyến phố thành sông. Giao thông tê liệt, người dân khốn đốn vì ngập lụt. Tình hình đang diễn biến hết sức phức tạp! Cùng cập nhật diễn biến mới nhất và những khu vực bị ảnh hưởng nặng nề nhất tại Hà Nội!

👉 Truy cập link khách hàng đang quảng cáo:
-Học tại nhà: https://daythem.com/hoc-tai-nha
-Học trực tuyến: https://daythem.com/hoc-truc-tuyen
✨ Liên hệ chạy quảng cáo youtube giá rẻ: yt-hotchannel@gmail.com

(tags):
ảnh hưởng thời tiết, tuyến phố ngập, Hà Nội ngập lụt, dự báo thời tiết Hà Nội, mưa bão Matmo",2025-10-07T01:39:56Z,2025-10-07T01:39:56Z,accept,flood_transport_hanoi,1,"flood_state,transport_impact,hanoi_location",0,search,phố ngập Hà Nội tham gia giao thông,,,,,,2026-09-25T11:13:39.608975+07:00
youtube,E7PVrhWLmeA,https://www.youtube.com/watch?v=E7PVrhWLmeA,Hướng dẫn lộ trình tránh ngập trên tuyến cao tốc Hà Nội - Thái Nguyên | ANTV,"Hướng dẫn lộ trình tránh ngập trên tuyến cao tốc Hà Nội - Thái Nguyên | ANTV
ANTV | Trước tình hình ngập lụt trên cao tốc Hà Nội – Thái Nguyên với mức nước cao tại nhiều vị trí. CSGT Hà Nội khuyến cáo phương án di chuyển đối với các phương tiện trên tuyến để đảm bảo an toàn.

Mời quý vị khán giả xem thêm:

👉Tin tức về các hoạt động của Tổng Bí thư Tô Lâm: https://bit.ly/DaiTuongToLam

👉Tin tức về các hoạt động của Đại tướng Lương Tam Quang, Ủy viên Bộ Chính trị, Bộ trưởng Bộ Công an: https://www.youtube.com/playlist?list=PLF3UjIBiVGVCmwQ_gHfuiWon_Fo9hWDB4

👉 Nghị quyết số 12-NQ/TW về xây dựng lực lượng CAND : https://bit.ly/Nghiquyet12BCT

👉Hành trình phá án những vụ án kinh điển : https://bit.ly/HanhtrinhphaanANTV

★ ĐĂNG KÝ AN NINH TV:  http://www.youtube.com/channel/UCIg56SgvoZF8Qg0Jx_gh6Pg?sub_confirmation=1

★Tải ứng dụng ANTV Go trên :
 ✅ App Store : https://bit.ly/3FuytkK
 ✅Google Play : https://bit.ly/3mRcsGt
---------------------------------------------------------------
ANTV – Truyền hình CAND là kênh tin tức thời sự an ninh trật tự chuyên biệt. Tin tức mới nhất được cập nhật liên tục hàng ngày. Nguyên tắc thông tin là Nhân văn - Tin cậy - Kịp thời - Hấp dẫn .
Có ý kiến xây dựng hoặc đề nghị, vui lòng để lại comment phía dưới video. 

✔ Website chính thức: www.antv.gov.vn
✔ Fanpage chính thức: https://www.facebook.com/TruyenHinhCongAn/

✬ Rất mong được mọi người ủng hộ và subscribe kênh, cũng đừng quên bấm like và share cho bạn bè nhé! Xin cảm ơn!

Xin chào, chúc mọi người xem vui vẻ!!!

#antv #truyenhinhcongannhandan #caotoc",2025-10-10T09:30:13Z,2025-10-10T09:30:13Z,accept,flood_transport_hanoi,1,"flood_state,transport_impact,hanoi_location",0,search,lụt Hà Nội di chuyển,,,,,,2026-09-25T10:47:40.388029+07:00
youtube,EMaA0iYwNsY,https://www.youtube.com/watch?v=EMaA0iYwNsY,"Các khu vực ở Hà Nội trước đây không ngập, nay bị ngập trong biển nước","Các khu vực ở Hà Nội trước đây không ngập, nay bị ngập trong biển nước
BÁO LAO ĐỘNG | Nhiều tuyến đường tại Hà Nội chìm trong nước, gây khó khăn cho việc đi lại và sinh hoạt của người dân. Đặc biệt, một số khu vực hiếm khi ngập lụt cũng đang ngập sâu.

Mời quý vị và các bạn xem thêm: https://laodong.vn/media
──────────────────────────────
Bản quyền thuộc Báo Lao Động – Cơ quan của Tổng Liên đoàn Lao động Việt Nam.
* Website: https://laodong.vn
* Đường dây nóng: 096 838 3388
* Email: baolaodongdientu@gmail.com
* Fanpage: https://www.facebook.com/LaoDongTVOnline/

#baolaodong #bld",2025-09-30T11:00:25Z,2025-09-30T11:00:25Z,accept,flood_transport_hanoi,1,"flood_state,transport_impact,hanoi_location",0,search,ngập lụt Hà Nội đi lại,,,,,,2026-09-25T10:38:08.420723+07:00
youtube,ETkip3yf2L0,https://www.youtube.com/watch?v=ETkip3yf2L0,Xe ngập nước bị bán đi đâu? Sự thật là gì?,"Xe ngập nước bị bán đi đâu? Sự thật là gì?
Xe ngập nước bị bán đi đâu? Sự thật là gì?
Mua máy đo huyết áp tại: https://s.shopee.vn/7ASnIQtROH
-----------------------
Ngân hàng Shinhan Bank tự tin lãi suất gần như là thấp nhất thị trường Ngân Hàng tại Việt Nam về mảng tín chấp. Hiện tại có 52 chi nhánh trên toàn quốc . Lãi suất từ 11,5 % / năm lãi giảm dần . Áp dụng khách đang làm công ty lương từ 30tr trở lên  . A/c gọi trực tiếp gặp nhân viên qua số điện thoại : 02866851057. Hoặc đăng kí để lại thông tin dưới đây để được nhân viên tư vấn: https://dangkythongtin.com/ 
----------------------
Tất cả sản phẩm với mã giảm giá của KTTV: https://by.tn/SanphamKTTV
♥ Công ty thiết kế nhà KTTV: https://hadesignstudio.vn/
----------------------
Cảm ơn bạn đã ủng hộ! ♥
#KienThucThuVi #Kiến_thức #Thú_vị",2025-10-10T10:30:19Z,2025-10-10T10:30:19Z,accept,flood_transport_hanoi,1,"flood_state,transport_impact,hanoi_location",0,search,ngập lụt Hà Nội đi lại,,,,,,2026-09-25T10:37:01.586936+07:00
youtube,EZrPLvc_Nzw,https://www.youtube.com/watch?v=EZrPLvc_Nzw,🔴 TRỰC TIẾP: Mưa lớn trên địa bàn Hà Nội sau bão số 10 - Camera phóng viên VOVGT | VOV Giao thông,"🔴 TRỰC TIẾP: Mưa lớn trên địa bàn Hà Nội sau bão số 10 - Camera phóng viên VOVGT | VOV Giao thông
🔴 TRỰC TIẾP: Mưa lớn trên địa bàn Hà Nội sau bão số 10 - Camera phóng viên VOVGT | VOV Giao thông
Hà Nội tiếp tục chịu ảnh hưởng sau bão số 10 Bualoi với mưa to kéo dài, gây ngập úng và ảnh hưởng giao thông tại nhiều khu vực. Livestream cập nhật hình ảnh thực tế từ các tuyến phố, khu dân cư và điểm ngập lụt, ghi nhận diễn biến thời tiết ngay lúc này.
👉 Theo dõi VOV Giao thông để nhận tin nhanh nhất, cảnh báo mưa lũ, và các biện pháp ứng phó sau bão tại Hà Nội và các khu vực lân cận.
Tham gia hội viên của VOV Giao thông bạn nhé:
https://www.youtube.com/channel/UCPeJU6XNeZMwaHYXE27Vgmg/join

Kính chào quý khán thính giả đã đến với channel chính thức của Kênh VOV Giao thông, Đài Tiếng nói Việt Nam. Kính chúc quý vị sẽ có thời gian theo dõi tin tức hữu ích cùng VOV Giao thông. Nếu có hình ảnh nào đáng chú ý trên đường, các bạn có thể gửi về số điện thoại zalo: 0988239969.

#vovgiaothong #vovgt #tintuc #hotnews #news #thongtin #giaothong #tieudiem #tinnong #xuhuong #cameragiaothong #checkvar #tinhuonggiaothong #camerahanhtrinh #binhluan #gocnhin #caotoc #vov #daitiengnoivietnam #phatthanh #daiphatthanh #batdongsan #nhadat #ngaogia
--------------------------------------------
Đăng ký theo dõi Kênh Youtube VOV Giao thông để xem những tin tức mới nhất:
https://youtube.com/@kenhvovgiaothong?si=OStZt6XJZU1sYzBU

Đây là Kênh Youtube chính thức của Kênh VOV Giao thông - Đài Tiếng nói Việt Nam
- Website: https://vovgiaothong.vn/
- Fanpage: https://www.facebook.com/KenhVOVGT

Tầng 10, Số 58 Quán Sứ, Hà Nội
ĐT: 02437.919191
Email: vovgtchannel@gmail.com",2025-09-30T05:36:29Z,2025-09-30T05:36:29Z,accept,flood_transport_hanoi,1,"flood_state,transport_impact,hanoi_location",0,search,phố ngập Hà Nội tham gia giao thông,,,,,,2026-09-25T11:16:35.897131+07:00
youtube,EusYS218afs,https://www.youtube.com/watch?v=EusYS218afs,"🔴 TRỰC TIẾP MƯA, LŨ 10/9: Nguy cơ áp thấp nhiệt đới giữa Biển, miền Trung mưa lớn","🔴 TRỰC TIẾP MƯA, LŨ 10/9: Nguy cơ áp thấp nhiệt đới giữa Biển, miền Trung mưa lớn
🔴 TRỰC TIẾP MƯA, LŨ 10/9: Nguy cơ áp thấp nhiệt đới giữa Biển, miền Trung mưa lớn

▶ Kênh Youtube tạp chí VietTimes chia sẻ các nội dung thông tin mạng xã hội, thời sự quốc tế, toàn cảnh quốc tế, nga ukraine mới nhất, tin nga ukraine, xung đột nga ukraine, tin quốc tế, nga ukraine hôm nay, tiêu điểm quốc tế, thời sự thế giới, bản tin quốc tế,chiến sự nga ukraine, tin tức thời sự, thời sự 19h, tin tức mới, tin mới, thời sự quốc tế, tin tức 24h mới nhất, nga và ukraine mới nhất, tin tức nga ukraine mới nhất, nga, ukraine, isarel, hamas, palestin, xung đột isarel hamas, xung đột isarel palestine , tin nóng, các tin tức cập nhật,… Với mong muốn cập nhật những thông tin, phân tích chính xác và nhanh nhất dưới góc nhìn truyền thông số cho quý vị và các bạn

🔔 Đăng ký kênh để theo dõi tin tức mới nhất: https://bit.ly/DangKyKenhVietTimes

Theo dõi Tạp chí điện tử Viettimes

📣 Web: https://viettimes.vn/
📣 Tiktok: https://www.tiktok.com/@viettimes.vn
📣 Youtube Channel: https://www.youtube.com/c/TapchiVietTimes/featured
📣 Fanpage: https://www.facebook.com/viettimes.vn
-----------------
© Bản quyền thuộc về Tạp chí điện tử Viettimes
© Copyright by Bao Viettimes  ☞ Do not Reup
#tapchiviettimes #tintucviettimes #viettimeskinhte",2026-09-10T09:11:58Z,2026-09-10T09:11:58Z,reject,missing_group:flood_state+transport_impact,1,hanoi_location,0,search,ngập lụt Hà Nội đi lại,,,,,,2026-09-25T10:46:37.014765+07:00
youtube,Ey8srJVYgcY,https://www.youtube.com/watch?v=Ey8srJVYgcY,Đi dự đám cưới thành đi thi vượt lũ: Người dân Hà Nội khóc ròng sau bão | Báo Đại Đoàn Kết,"Đi dự đám cưới thành đi thi vượt lũ: Người dân Hà Nội khóc ròng sau bão | Báo Đại Đoàn Kết
BÁO ĐẠI ĐOÀN KẾT | Nước lũ ngập đường phố, người dân Hà Nội kể lại cảnh đi ăn cưới mà thành “vượt lũ”, đầy mệt mỏi và chua chát
▶ BÁO ĐẠI ĐOÀN KẾT – Tin tức chính thống, nhanh chóng, chính xác
❤️ Cảm ơn quý vị và các bạn đã theo dõi kênh.
► ĐĂNG KÝ KÊNH và ấn nút 🔔 ở góc phải bên dưới video để không bỏ lỡ bản tin mới nhất: https://www.youtube.com/channel/UCbosG7Xj_MnCU2teKJmPOKQ
▶ ĐẠI ĐOÀN KẾT TV là kênh thông tin của Báo Đại Đoàn Kết điện tử (Cơ quan Trung ương của Mặt trận Tổ quốc Việt Nam), cung cấp các nội dung:
Thời sự – Chính trị: Hoạt động của lãnh đạo cấp cao, tin nghị trường, chính sách mới, sự kiện nổi bật.
Thông tin Mặt trận Tổ quốc Việt Nam: Hoạt động gắn kết cộng đồng, dân vận khéo, phong trào thi đua yêu nước.
Tin nóng: Cập nhật nhanh chóng các diễn biến thời sự, sự kiện quan trọng trong nước và quốc tế.
Tiêu điểm: Phóng sự, điều tra, tọa đàm chuyên sâu về các vấn đề dân sinh, xã hội.
Chuyên đề: 80 năm Quốc khánh 2/9, Chính sách mới có hiệu lực.
Với phương châm Nhanh chóng – Chính xác – Chính thống, Báo Đại Đoàn Kết mong muốn cung cấp cho quý vị những thông tin đáng tin cậy, phản ánh đầy đủ và kịp thời các sự kiện trong nước và quốc tế.
Website: https://daidoanket.vn/
Tiktok Báo Đại đoàn kết: https://www.tiktok.com/@baodaidoanketonline
Facebook Báo Đại đoàn kết: https://www.facebook.com/baodaidoanket

Thông tin tòa soạn
Địa chỉ: 66 Bà Triệu - Hà Nội
Địa chỉ: 59 Tràng Thi, Hà Nội
Hotline: 0862010866 Fax: (024) 38228547
Liên hệ quảng cáo: (024) 39431943 - (024) 39447011

#bao #hanoi #BaoDaiDoanKet #ThoiSu #TinNong #ChinhTri #MatTranToQuoc #QuocKhanh #ChinhSachMoi",2025-10-01T08:17:09Z,2025-10-01T08:17:09Z,accept,flood_transport_hanoi,1,"flood_state,transport_impact,hanoi_location",0,search,ngập lụt Hà Nội đi lại,,,,,,2026-09-25T10:39:07.970281+07:00
youtube,F0sMGAs0KxY,https://www.youtube.com/watch?v=F0sMGAs0KxY,"Ngập sâu 1m trên Đại lộ Thăng Long, tạm thời cấm xe qua đường gom","Ngập sâu 1m trên Đại lộ Thăng Long, tạm thời cấm xe qua đường gom
Xem tại: https://tuoitre.vn/ngap-sau-1m-tren-dai-lo-thang-long-tam-thoi-cam-xe-qua-duong-gom-10026092109072046.htm

Nước sông Tích dâng cao khiến hai bên Đại lộ Thăng Long, đoạn qua xã Hạ Bằng và Hòa Lạc (Hà Nội), ngập sâu 0,7-1m. Sở Xây dựng cấm phương tiện qua các vị trí ngập, tổ chức phân luồng từ ngày 19-9 cho đến khi hết ngập.

#tinnong 

- Tin tức nhanh: https://tuoitre.vn
- Tin thời sự: https://tuoitre.vn/phap-luat
- Tin tức thế giới xem: https://tuoitre.vn/the-gioi

Kênh thông tin chính thức của #Báo_Tuổi_Trẻ trên YouTube.
 
Tin tức nhanh nhất, mới nhất, nóng nhất đang diễn ra ở Việt Nam và thế giới về: thời sự, kinh tế, chính trị, xã hội, giáo dục, thể thao, văn hóa, giải trí, công nghệ, nhịp sống số, pháp luật, du lịch...

#TuoiTre #BaoTuoiTre #TinNong #Thời_Sự #ThoiSu #Tuổi_Trẻ 
-----------
Đăng ký kênh xem thêm nhiều chuyên mục hấp dẫn khác:
https://bit.ly/3k1RCAR
Facebook: 
- https://facebook.com/baotuoitre
- https://facebook.com/Truyenhinh.BaoTuoiTre
Bản quyền nội dung thuộc về Báo điện tử Tuổi Trẻ
Cơ quan Báo và Phát thanh, Truyền hình TP.HCM
--------------------
TÒA SOẠN BÁO ĐIỆN TỬ TUỔI TRẺ
- Địa chỉ: Số 60A, Hoàng Văn Thụ, Phường.Đức Nhuận Thành phố Hồ Chí Minh, Việt Nam
- Điện thoại: (84.8) 3.997.3838
- Website: http://tuoitre.vn
- Email: tto@tuoitre.com.vn
- Đường dây nóng: 0918.033.133 - (84.8) 39.971.010",2026-09-21T03:15:21Z,2026-09-21T03:15:21Z,accept,flood_transport_hanoi,1,"flood_state,transport_impact,hanoi_location",1,search,ngập nước Hà Nội giao thông,,,,,,2026-09-25T10:40:28.072854+07:00
youtube,F5Z_2cU45wg,https://www.youtube.com/watch?v=F5Z_2cU45wg,"Cận cảnh 3 cây cầu ngập nước ở Hà Nội, đi vòng cả chục km để sang sông | Tin tức 24h","Cận cảnh 3 cây cầu ngập nước ở Hà Nội, đi vòng cả chục km để sang sông | Tin tức 24h
DDDN | Cận cảnh 3 cây cầu ngập nước ở Hà Nội, đi vòng cả chục km để sang sông. ""Nước lũ tạm thời 'xóa sổ' 3 cây cầu ở Hà Nội, cả trăm người bất lực đi vòng chục cây số sang sông! Mực nước sông Đáy lên 6,62m, vượt báo động 2 là 0,12m, khiến nước tràn qua 3 cầu Đại Thành, cầu 72 và cầu Tân Phú. Các cầu đã được cấm hoàn toàn, người và phương tiện không thể lưu thông, người dân muốn di chuyển phải đi vòng hàng chục kilomet.



Trong video này, chúng tôi sẽ thông tin về:
Cận cảnh 3 cây cầu ngập nước ở Hà Nội, đi vòng cả chục km để sang sông
Mưa to đến ngày 19/9, lộ diện điểm ngập nặng ở Hà Nội 
Đường 32 Hà Nội vẫn ngập sâu nửa mét.
Bạn có muốn cập nhật thêm thông tin về ngập úng ở Hà Nội không? Hãy để lại bình luận bên dưới nhé.
🔔 Hãy đăng kí kênh Diễn đàn Doanh nghiệp để không bỏ lỡ những thông tin hấp dẫn.
Thông tin sử dụng được tham khảo từ nguồn tổng hợp

#3caycau #ngap3caycau #hanoingap #diendandoanhnghiep


------------------------------
🎥 Diễn đàn Doanh nghiệp TV – Cập nhật kinh tế, thời sự quốc tế, tài chính và biến động toàn cầu mỗi ngày.

🔎 Tại đây, bạn sẽ:
• Theo dõi xung đột nóng: Nga–Ukraine, Israel–Iran, Biển Đông, Đài Loan...
• Nắm bắt biến động kinh tế: Giá vàng, chứng khoán, chính sách tiền tệ, ngân hàng trung ương
• Phân tích chuyên sâu: Địa chính trị, tài chính vĩ mô, chiến lược toàn cầu
• Cảnh báo thiên tai – biến đổi khí hậu – dự báo thời tiết chính xác

⏱️ Cập nhật tin tức liên tục, phân tích từ nguồn chính thống, dẫn dắt bằng tư duy.

📌 Đăng ký kênh để không bỏ lỡ những bản tin và bình luận quan trọng:
👉 https://www.youtube.com/c/DiễnĐànDoanhNghiệpTv?sub_confirmation=1

 #diendandoanhnghieptv #thoisuquocte #phantichkinhte #xungdottoancau #tinnong24h #tintucchinhtri #tintuc24h",2026-09-19T02:30:04Z,2026-09-19T02:30:04Z,accept,flood_transport_hanoi,1,"flood_state,transport_impact,hanoi_location",0,search,ngập úng Hà Nội đi,,,,,,2026-09-25T10:31:24.731768+07:00
youtube,F5joqjmXUbQ,https://www.youtube.com/watch?v=F5joqjmXUbQ,Bắc Bộ lũ lên rất cao trên nhiều sông; 3 người tử vong do sạt lở đất | VTV Nam Bộ,"Bắc Bộ lũ lên rất cao trên nhiều sông; 3 người tử vong do sạt lở đất | VTV Nam Bộ
Những tin chính đáng chú ý:
- Hà Nội: Nước rút nhanh hơn nhờ các công trình chống ngập
- Hà Nội yêu cầu lên phương án ứng phó khi hồ Núi Cốc xả tràn
- Lũ rất cao trên nhiều sông ở Bắc Bộ, Thanh Hóa
- Ninh Bình tổ chức dạy học trực tuyến tại vùng ngập
- Giảm ngập nước, giao thông ổn định
- 3 người tử vong do sạt lở đất
- Khẩn trương khắc phục hậu quả mưa lũ
- Bị phạt 15 triệu đồng vì tung tin vỡ đê
- Phòng chống tai nạn điện mùa triều cường

#tintuc #tinnong #tin24h #VTV9nhipsongphuongnam #VTVNamBo #mualu #lu #satlo #ngaplut #BacBo #ThanhHoa #NinhBinh #HaNoi",2026-09-17T12:30:15Z,2026-09-17T12:30:15Z,accept,flood_transport_hanoi,1,"flood_state,transport_impact,hanoi_location",0,search,ngập nước Hà Nội giao thông,,,,,,2026-09-25T10:42:44.335267+07:00
youtube,F9vb1DH7TGI,https://www.youtube.com/watch?v=F9vb1DH7TGI,"Lo đường Hà Nội ngập, nhiều trường duy trì dạy học online | Tin nhanh","Lo đường Hà Nội ngập, nhiều trường duy trì dạy học online | Tin nhanh
PLO | Lo đường Hà Nội ngập, nhiều trường duy trì dạy học online
🌧️ Do ảnh hưởng của mưa lớn sau hoàn lưu bão số 11, nhiều trường học ở Hà Nội tiếp tục cho học sinh bậc THCS, THPT học online ngày 8/10. Một số trường tiểu học cho học sinh nghỉ, trong khi đại học như Ngoại thương, Giao thông Vận tải cũng tổ chức học trực tuyến để đảm bảo an toàn và tiến độ giảng dạy. Phụ huynh cần theo dõi tình hình mưa ngập và phối hợp với nhà trường để học sinh học tập thuận lợi.
Trong video có những nội dung chính sau:
Lo đường Hà Nội ngập, nhiều trường duy trì dạy học online
Hà Nội ngập 106 khu vực, 23 điểm ngập sâu, phương tiện không thể lưu thông.
23 điểm ngập trên các tuyến phố khiến phương tiện không thể lưu thông gồm: 
Mở đập Thanh Liệt 
Người dân bất lực trước hình ảnh hầm chung cư ngập sâu trong nước lũ
Mưa lớn sáng 7/10 gây ngập úng, sinh hoạt của người dân Hà Nội đảo lộn
🔔 Đừng quên like, share và subscribe kênh @PLOTV để không bỏ lỡ các nội dung ý nghĩa tiếp theo!
Thông tin trên được sử dụng từ nguồn chính thức: https://plo.vn/lo-duong-ngap-nhieu-truong-o-ha-noi-tiep-tuc-day-online-post874356.html 

#muato #bacbo #hanoi #hoanluubao #dayonline #baophapluattphcm 

----------------------------
📰 PLO | Báo Pháp Luật TP.HCM – Kênh YouTube chính thức  
Nơi cập nhật tin tức thời sự, chính trị, pháp luật, quốc tế nhanh chóng – chính xác – khách quan.  

📺 Nội dung nổi bật trên kênh:  
• Toàn Cảnh Thời Sự – Phân tích chính trị, xã hội, pháp luật mỗi ngày  
• Toàn Cảnh Quốc Tế – Diễn biến thế giới qua góc nhìn thời sự  
• Lật Mở Hồ Sơ – Sự thật phía sau những vụ án nổi tiếng  
• Phóng sự & Series đặc biệt – Giải mã các câu chuyện thời sự được quan tâm  

👉 Đăng ký ngay để không bỏ lỡ tin tức nóng hổi, phân tích chuyên sâu và góc nhìn chính thống từ Báo Pháp Luật TP.HCM.  
🔔 Subscribe: https://www.youtube.com/c/PLOTV?sub_confirmation=1  

🌐 Theo dõi Báo Pháp Luật TP.HCM trên các nền tảng khác:  
• Website: https://plo.vn  
• Fanpage: https://www.facebook.com/phapluattp.vn/  

⚠️ Bản quyền thuộc Báo Pháp Luật TP.HCM – Vui lòng không reup khi chưa có sự đồng ý.  

#PLO #ThoiSu #PhapLuat #TinTucMoiNhat #BaoPhapLuatTPHCM",2025-10-08T02:35:06Z,2025-10-08T02:35:06Z,accept,flood_transport_hanoi,1,"flood_state,transport_impact,hanoi_location",1,search,đường ngập Hà Nội lưu thông,,,,,,2026-09-25T10:50:41.228914+07:00
youtube,FG3r85uJfck,https://www.youtube.com/watch?v=FG3r85uJfck,"Ngập úng khiến giao thông gặp khó tại 5 xã Hà Nội, lực lượng chức năng khẩn trương vào cuộc","Ngập úng khiến giao thông gặp khó tại 5 xã Hà Nội, lực lượng chức năng khẩn trương vào cuộc
THCL | Ngày 17/9, trước tình hình úng ngập cục bộ, Sở Xây dựng Hà Nội thực hiện phương án phân luồng tổ chức giao thông, bảo đảm an toàn giao thông tại các vị trí bị ngập úng.

........
Thương hiệu & Công luận TV là Kênh Youtube chính thức của Tạp chí Thương hiệu & Công luận cập nhật liên tục, thường xuyên các tin tức trong nước và quốc tế, các sự kiện nóng, các vấn đề đời sống, xã hội được quan tâm; thông tin về dự báo thời tiết; phân tích chuyên sâu của các chuyên gia về các lĩnh vực.
Thương hiệu và Công luận TV là kênh Youtube chính thống của cơ quan Trung ương Hiệp hội VATAP
Tòa soạn: Tòa nhà B5D6 Khu đô thị mới Cầu Giấy, P. Cầu Giấy, Hà Nội 
Email: thuonghieucongluan@gmail.com
Giấy phép hoạt động báo chí điện tử số 64/GP-BTTTT do Bộ Thông tin và Truyền thông cấp ngày 21/2/2020.
Bản quyền thuộc Tạp chí Thương hiệu và Công luận
Cấm sao chép dưới mọi hình thức nếu không có sự chấp thuận bằng văn bản

#thuonghieuvacongluan #thuonghieuvacongluantv #tintucthoisu #tincapnhat #tinnong #tinmoicapnhat #tinmoinhat #hanoi #giaothong #mualon #ngapung",2026-09-17T13:30:03Z,2026-09-17T13:30:03Z,accept,flood_transport_hanoi,1,"flood_state,transport_impact,hanoi_location",0,search,ngập nước Hà Nội giao thông,,,,,,2026-09-25T10:42:34.399711+07:00
youtube,FQK4HKqfPj0,https://www.youtube.com/watch?v=FQK4HKqfPj0,Lực lượng cảnh sát giao thông Hà Nội giúp người dân đi lại an toàn giữa trời mưa ngập,"Lực lượng cảnh sát giao thông Hà Nội giúp người dân đi lại an toàn giữa trời mưa ngập
Tại các tuyến, nút giao trọng yếu, lực lượng Công an Hà Nội kịp thời phân luồng giao thông, điều tiết, hỗ trợ người dân di chuyển an toàn qua các điểm ngập.
▶ Kênh Youtube tạp chí VietTimes chia sẻ các nội dung thông tin mạng xã hội, thời sự quốc tế, toàn cảnh quốc tế, nga ukraine mới nhất, tin nga ukraine, xung đột nga ukraine, tin quốc tế, nga ukraine hôm nay, tiêu điểm quốc tế, thời sự thế giới, bản tin quốc tế,chiến sự nga ukraine, tin tức thời sự, thời sự 19h, tin tức mới, tin mới, thời sự quốc tế, tin tức 24h mới nhất, nga và ukraine mới nhất, tin tức nga ukraine mới nhất, nga, ukraine, isarel, hamas, palestin, xung đột isarel hamas, xung đột isarel palestine , tin nóng, các tin tức cập nhật,… Với mong muốn cập nhật những thông tin, phân tích chính xác và nhanh nhất dưới góc nhìn truyền thông số cho quý vị và các bạn

🔔 Đăng ký kênh để theo dõi tin tức mới nhất: https://bit.ly/DangKyKenhVietTimes

Theo dõi Tạp chí điện tử Viettimes

📣 Web: https://viettimes.vn/
📣 Tiktok: https://www.tiktok.com/@viettimes.vn
📣 Youtube Channel: https://www.youtube.com/c/TapchiVietTimes/featured
📣 Fanpage: https://www.facebook.com/viettimes.vn
-----------------
© Bản quyền thuộc về Tạp chí điện tử Viettimes
© Copyright by Bao Viettimes  ☞ Do not Reup
#tapchiviettimes #tintucviettimes #viettimeskinhte",2025-10-07T14:48:01Z,2025-10-07T14:48:01Z,accept,flood_transport_hanoi,1,"flood_state,transport_impact,hanoi_location",0,search,lụt Hà Nội di chuyển,,,,,,2026-09-25T10:48:46.529697+07:00
youtube,FTNZcJbouxE,https://www.youtube.com/watch?v=FTNZcJbouxE,Cấm phương tiện qua khu vực ngập trên Đại lộ Thăng Long #shorts,"Cấm phương tiện qua khu vực ngập trên Đại lộ Thăng Long #shorts
Do nước sông Tích dâng cao, một số đoạn đường gom và hầm chui trên Đại lộ Thăng Long, Hà Nội, đang ngập sâu từ 0,7 đến 1 mét. Sở Xây dựng Hà Nội đã cấm tất cả phương tiện lưu thông qua khu vực ngập và tổ chức phân luồng giao thông.

#giaothong #hanoi #dailothanglong #hamchui #hanoionline  #dieuchinhgiaothong
 ----
➡ Đây là Kênh Youtube chính thức của Cơ quan Báo và Phát thanh, truyền hình Hà Nội.
➡ Click Theo dõi (Subscribe) để nhận thông tin tin tức kịp thời trên kênh Youtube của Cơ quan Báo và Phát thanh, truyền hình Hà Nội.
https://www.youtube.com/HaNoiTVGo?sub_confirmation=1

👉 THÔNG TIN LIÊN HỆ: 
Cơ quan Báo và Phát thanh, truyền hình Hà Nội:
🔶 Địa chỉ: Số 3-5 Huỳnh Thúc Kháng, Đống Đa, Hà Nội
📧 Email: ttnoidungso@daihanoi.vn

#DaiHaNoi #HanoiOnline #BaovaPhatthanhTruyenhinhHaNoi",2026-09-22T11:22:22Z,2026-09-22T11:22:22Z,accept,flood_transport_hanoi,1,"flood_state,transport_impact,hanoi_location",0,search,đường ngập Hà Nội lưu thông,,,,,,2026-09-25T10:51:14.144412+07:00
youtube,FTuXKNVMGpk,https://www.youtube.com/watch?v=FTuXKNVMGpk,"Nước lũ tràn qua cao tốc La Sơn – Túy Loan, giao thông tê liệt #vovgiaothong #fm91","Nước lũ tràn qua cao tốc La Sơn – Túy Loan, giao thông tê liệt #vovgiaothong #fm91
Tham gia hội viên của VOV Giao thông bạn nhé:
https://www.youtube.com/channel/UCPeJU6XNeZMwaHYXE27Vgmg/join

Kính chào quý khán thính giả đã đến với channel chính thức của Kênh VOV Giao thông, Đài Tiếng nói Việt Nam. Kính chúc quý vị sẽ có thời gian theo dõi tin tức hữu ích cùng VOV Giao thông. Nếu có hình ảnh nào đáng chú ý trên đường, các bạn có thể gửi về số điện thoại zalo: 0988239969.

#vovgiaothong #vovgt #tintuc #hotnews #news #thongtin #giaothong #tieudiem #tinnong #xuhuong #cameragiaothong #checkvar #tinhuonggiaothong #camerahanhtrinh #binhluan #gocnhin #caotoc #vov #daitiengnoivietnam #phatthanh #daiphatthanh #batdongsan #nhadat #ngaogia
--------------------------------------------
Đăng ký theo dõi Kênh Youtube VOV Giao thông để xem những tin tức mới nhất:
https://youtube.com/@kenhvovgiaothong?si=OStZt6XJZU1sYzBU

Đây là Kênh Youtube chính thức của Kênh VOV Giao thông - Đài Tiếng nói Việt Nam
- Website: https://vovgiaothong.vn/
- Fanpage: https://www.facebook.com/KenhVOVGT

Tầng 10, Số 58 Quán Sứ, Hà Nội
ĐT: 02437.919191
Email: vovgtchannel@gmail.com",2025-10-27T08:41:27Z,2025-10-27T08:41:27Z,reject,missing_group:flood_state,1,"transport_impact,hanoi_location",0,search,ngập nước Hà Nội giao thông,,,,,,2026-09-25T10:05:38.162278+07:00
youtube,FhUrXYRO-Rg,https://www.youtube.com/watch?v=FhUrXYRO-Rg,HÀ NỘI NGẬP NHƯ BIỂN ! Ô TÔ NỔI LỀNH BỀNH NHƯ THUYỀN GIỮA PHỐ &quot;,"HÀ NỘI NGẬP NHƯ BIỂN ! Ô TÔ NỔI LỀNH BỀNH NHƯ THUYỀN GIỮA PHỐ &quot;
Đây là hình ảnh thực tế và vô cùng đáng lo ngại thường xuyên xảy ra ở Hà Nội sau những trận mưa lớn kéo dài, đặc biệt là khi bị ảnh hưởng của hoàn lưu bão (như đợt mưa lớn do ảnh hưởng của bão số 10 gần đây).
​Sự cố ngập lụt tại Hà Nội đã biến nhiều tuyến phố thành ""sông"", gây ra cảnh tượng mà bạn mô tả:
​Cảnh Tượng ""Biển Nước"" Tại Hà Nội
​Ngập úng diện rộng: Nhiều tuyến đường huyết mạch, khu đô thị và cả những con phố cổ ở Hà Nội bị ngập sâu, có nơi ngập đến gần 1 mét, khiến giao thông bị tê liệt trên diện rộng.
​Ô tô ""bơi"" và ""chết đuối"": Hình ảnh những chiếc ô tô phải ""rẽ nước như cano"" hoặc thậm chí bị chìm nghỉm giữa ""biển nước"" là cảnh tượng phổ biến tại các điểm ngập sâu như Thái Hà, Láng Hạ, Huỳnh Thúc Kháng, Nguyễn Lương Bằng. Nhiều phương tiện bị chết máy và bị mắc kẹt, người dân phải bất lực tìm cách đẩy xe ra khỏi khu vực ngập úng.
​Thiệt hại kinh tế lớn: Tình trạng ngập lụt đã gây thiệt hại nặng nề về tài sản của người dân và ảnh hưởng lớn đến sinh hoạt, sản xuất kinh doanh trên địa bàn thành phố, thậm chí có nơi được đánh giá là đợt mưa ngập lớn nhất trong hàng chục năm.
​Các cơ quan chức năng đã phải huy động lực lượng để điều tiết giao thông và hỗ trợ người dân di chuyển, đồng thời cảnh báo người dân tuyệt đối không đi vào khu vực ngập sâu và nước chảy xiết để phòng ngừa tai nạn.",2025-10-01T07:28:22Z,2025-10-01T07:28:22Z,accept,flood_transport_hanoi,1,"flood_state,transport_impact,hanoi_location",0,search,phố ngập Hà Nội tham gia giao thông,,,,,,2026-09-25T11:15:52.297087+07:00
youtube,FjKXlfcTPo0,https://www.youtube.com/watch?v=FjKXlfcTPo0,Chỗ tui mưa ngày thứ 4 rồi. Mưa ko muốn đi đâu luôn 😥  #thoidaiso #tintuc #shortvideo,"Chỗ tui mưa ngày thứ 4 rồi. Mưa ko muốn đi đâu luôn 😥  #thoidaiso #tintuc #shortvideo
Sáng sớm nay, nhiều trường học ở Hà Nội đã thông báo chuyển sang học trực tuyến do mưa lớn kéo dài suốt đêm khiến nhiều tuyến đường bị ngập, khó khăn trong quá trình di chuyển.

Khoảng 6h sáng, Trường THCS và THPT Nguyễn Siêu phát thông báo khẩn về việc chuyển sang học trực tuyến ngày 17/9.

Nhà trường đề nghị phụ huynh phối hợp để học sinh tham gia đầy đủ, đúng giờ, đồng thời ưu tiên bảo đảm an toàn, hạn chế di chuyển qua các khu vực ngập sâu. “Nhà trường sẽ tiếp tục theo dõi tình hình thời tiết và cập nhật kịp thời nếu có điều chỉnh”, thông báo nêu.

Trường THPT Khoa học Giáo dục (thuộc Trường ĐH Giáo dục - ĐH Quốc gia Hà Nội) cũng thông báo chuyển sang học trực tuyến.

""Nhằm đặt sự an toàn của học sinh lên hàng đầu, Ban giám hiệu Trường THPT Khoa học Giáo dục quyết định triển khai hình thức dạy và học trực tuyến trong ngày 17/9.

Để các tiết học diễn ra xuyên suốt và hiệu quả, nhà trường đề nghị phụ huynh hỗ trợ chuẩn bị chu đáo về thiết bị, đường truyền mạng cũng như bố trí không gian học tập yên tĩnh, tốt nhất cho các con”, thông báo trường nêu.

Trường Tiểu học Nguyễn Quý Đức (phường Tây Mỗ, Hà Nội) cũng gửi thông báo khẩn đến phụ huynh về việc cho học sinh nghỉ học ngày 17/9 do khu vực cổng điểm trường chính và phân hiệu 1 bị ngập sâu. 

Để đảm bảo an toàn cho học sinh, nhà trường đề nghị phụ huynh không đưa học sinh đến trường, đồng thời chủ động sắp xếp việc chăm sóc các con tại nhà trong thời gian nghỉ học. Nhà trường sẽ tiếp tục theo dõi tình hình thời tiết, ngập úng và thông báo kế hoạch học tập tiếp theo đến phụ huynh khi có thông tin cụ thể.

Tương tự, tại Trường Mầm non Tây Mỗ, nhà trường thông báo cho học sinh nghỉ học hôm nay. Phụ huynh sẽ quản lý con tại nhà. 

Trường Marie Curie cũng thông tin do mưa ngập, xe bus của trường không thể di chuyển đưa đón nên học sinh mẫu giáo, tiểu học, THCS và ca sáng THPT nghỉ học sáng 17/9. Đối với ca chiều bậc THPT, nhà trường sẽ có thông báo chậm nhất vào 11h trưa nay.

Không chỉ các trường phổ thông, một số trường đại học, học viện trên địa bàn Hà Nội cũng thông báo chuyển học trực tuyến.

Khoa Công nghệ thông tin của Trường ĐH Xây dựng phát thông báo: Do ảnh hưởng của mưa lớn, nhiều khu vực ngập sâu, theo chỉ đạo của Ban Giám hiệu Trường, các lớp học trong hôm nay (ngày 17/9), chuyển sang hình thức trực tuyến.

“Các bạn sinh viên chủ động theo dõi thông báo và hướng dẫn của giảng viên để tham gia lớp học online đầy đủ, đúng giờ theo thời khóa biểu”, thông báo nêu.

Khoa Công nghệ thông tin của trường cũng lưu ý, đối với các lịch thi hoặc hoạt động học tập khác không thể tổ chức trực tuyến, giảng viên có thể chủ động tổ chức trực tiếp nếu điều kiện cho phép. Vì vậy, sinh viên cần theo dõi thông báo cụ thể của giảng viên/phụ trách lớp.

Riêng lịch thi tiếng Anh đầu vào vẫn diễn ra bình thường. Sinh viên do điều kiện thời tiết, ngập lụt hoặc đi lại khó khăn không thể tham gia sẽ được hỗ trợ bố trí thi lại.

Các bạn sinh viên đã đến trường có thể vào lớp và thực hiện theo hướng dẫn của giảng viên.

“Trong điều kiện mưa lớn, ngập úng, các bạn ưu tiên đảm bảo an toàn, không cố gắng di chuyển nếu tuyến đường không bảo đảm. Trường hợp không thể tham gia các hoạt động trực tiếp do thời tiết, các bạn chủ động thông tin với giảng viên/phụ trách lớp”, thông báo nêu.

Trước đó, hôm qua, Học viện Phụ nữ Việt Nam thông báo điều chỉnh hình thức học tập tại cơ sở Gia Lâm ngày 16-17/9.

“Trước tình hình mưa bão ảnh hưởng đến địa bàn thành phố Hà Nội, một số tuyến đường bị ngập, gây khó khăn cho việc di chuyển của sinh viên và giảng viên, Học viện thông báo tất cả các lớp học phần học trực tiếp tại Cơ sở Gia Lâm trong ngày 16 và 17/9 sẽ được chuyển sang hình thức học trực tuyến”, thông báo nêu.

Nhà trường cũng lưu ý sinh viên chủ động theo dõi thông tin trên các nhóm lớp, tham gia học tập đầy đủ, đúng thời gian theo thời khóa biểu.

---
(*) Nguồn: PV Thanh Hùng/VietNamNet",2026-09-17T01:29:49Z,2026-09-17T01:29:49Z,accept,flood_transport_hanoi,1,"flood_state,transport_impact,hanoi_location",0,search,lụt Hà Nội di chuyển,,,,,,2026-09-25T10:50:12.098015+07:00
youtube,G3tbbBXKu2c,https://www.youtube.com/watch?v=G3tbbBXKu2c,Nhiều phương tiện hỏng do ngập nước | Tàu và Xe,"Nhiều phương tiện hỏng do ngập nước | Tàu và Xe
Không chỉ ảnh hưởng đến giao thông hàng không và đường sắt, những cơn mưa lớn còn gây khó khăn trong việc lưu thông trên đường bộ. Trong ngày hôm nay, nhiều tuyến đường ở Hà Nội đã bị ngập sâu, khiến việc đi lại của người dân gặp trở ngại lớn và nhiều phương tiện bị chết máy.

#tauxe #tintuc #daihanoi #hanoionline #A80 #dieubinhA80 #dieuhanhA80 #cachmangthangTam #Quockhanh
----
➡ Đây là Kênh Youtube chính thức của Đài Phát thanh và Truyền hình Hà Nội.
➡ Click Theo dõi (Subscribe) để nhận thông tin tin tức kịp thời trên kênh Youtube của Đài Phát thanh và Truyền hình Hà Nội:
https://www.youtube.com/HaNoiTVGo?sub_confirmation=1

👉 THÔNG TIN LIÊN HỆ: 
🔶 Đài Phát Thanh Truyền Hình Hà Nội: Số 3-5 Huỳnh Thúc Kháng, Đống Đa, Hà Nội
📧 Email: ttnoidungso@daihanoi.vn
☎️ Điện thoại: 0865.116.699

#DaiHaNoi #HanoiOnline",2025-08-26T16:02:58Z,2025-08-26T16:02:58Z,accept,flood_transport_hanoi,1,"flood_state,transport_impact,hanoi_location",0,search,đường ngập Hà Nội lưu thông,,,,,,2026-09-25T10:50:57.792116+07:00
youtube,GEwigL6tG4w,https://www.youtube.com/watch?v=GEwigL6tG4w,"Mưa lớn khiến phố Cầu Cốc chìm trong “biển nước”, người dân phải dùng thuyền di chuyển","Mưa lớn khiến phố Cầu Cốc chìm trong “biển nước”, người dân phải dùng thuyền di chuyển
Sau trận mưa lớn kéo dài, sáng 17/9, theo ghi nhận nhiều khu vực phía Tây Hà Nội xuất hiện tình trạng ngập úng, gây khó khăn cho việc đi lại và ảnh hưởng đáng kể đến sinh hoạt của người dân. 


🔔 Mời quý vị và các bạn xem HỎI ĐÁP CÙNG CHUYÊN GIA 👉 https://www.youtube.com/watch?v=RTmSFhcPZGA&list=PLquFskIvUFL7U3lELKbF2wXCn32hxnaVC

🔆Nút SHARE của bạn giờ đây rất hữu ích 
--------------------
👍Báo Sức khỏe và Đời sống – Cơ quan ngôn luận của Bộ Y tế
🖥Website: http://suckhoedoisong.vn/
💻 FanPage: https://www.facebook.com/baosuckhoevadoisong/
💻Youtube: https://bit.ly/Baosuckhoevadoisong
💻Tiktok: https://bit.ly/3hOWND9

#skds #suckhoedoisong #skds #suckhoedoisong #mualon #hanoi",2026-09-17T10:30:08Z,2026-09-17T10:30:08Z,accept,flood_transport_hanoi,1,"flood_state,transport_impact,hanoi_location",0,search,ngập lụt Hà Nội đi lại,,,,,,2026-09-25T10:45:35.182715+07:00
youtube,GHy-e2AeTOQ,https://www.youtube.com/watch?v=GHy-e2AeTOQ,Những thiệt hại nặng nề bởi Bão lũ,"Những thiệt hại nặng nề bởi Bão lũ
Bão lũ đi qua, để lại mất mát nhưng càng sáng ngời tình người, ấm áp nghĩa đồng bào — Quảng Oai cùng cả nước hướng về miền Trung ruột thịt. 💙",2025-10-10T04:16:24Z,2025-10-10T04:16:24Z,reject,missing_group:flood_state,1,"transport_impact,hanoi_location",0,search,ngập lụt Hà Nội đi lại,,,,,,2026-09-25T10:37:17.495783+07:00
youtube,GLIdYpZyS6s,https://www.youtube.com/watch?v=GLIdYpZyS6s,"Lo &quot;phố hóa sông, người Hà Nội sắm thuyền để di chuyển.  #news #tintuc #tintucdoday #giaitri#funny","Lo &quot;phố hóa sông, người Hà Nội sắm thuyền để di chuyển.  #news #tintuc #tintucdoday #giaitri#funny",2025-10-08T08:00:20Z,2025-10-08T08:00:20Z,reject,missing_group:flood_state,1,"transport_impact,hanoi_location",0,search,lụt Hà Nội di chuyển,,,,,,2026-09-25T10:48:32.681321+07:00
youtube,GSYAJb87V3c,https://www.youtube.com/watch?v=GSYAJb87V3c,"Mưa kéo dài nhiều ngày, người dân Hà Nội “bất lực” nhìn ôtô bị nước dềnh","Mưa kéo dài nhiều ngày, người dân Hà Nội “bất lực” nhìn ôtô bị nước dềnh
Mưa kéo dài nhiều ngày khiến Hà Nội xuất hiện tình trạng dềnh nước, một số đoạn ngập, ảnh hưởng đến việc đi lại của người dân.
🔔 Mời quý vị và các bạn xem HỎI ĐÁP CÙNG CHUYÊN GIA 👉 https://www.youtube.com/watch?v=RTmSFhcPZGA&list=PLquFskIvUFL7U3lELKbF2wXCn32hxnaVC

🔆Nút SHARE của bạn giờ đây rất hữu ích 
--------------------
👍Báo Sức khỏe và Đời sống – Cơ quan ngôn luận của Bộ Y tế
🖥Website: http://suckhoedoisong.vn/
💻 FanPage: https://www.facebook.com/baosuckhoevadoisong/
💻Youtube: https://bit.ly/Baosuckhoevadoisong
💻Tiktok: https://bit.ly/3hOWND9

#skds #suckhoedoisong #hanoi #mualon #otongapnuoc",2026-09-17T13:30:06Z,2026-09-17T13:30:06Z,accept,flood_transport_hanoi,1,"flood_state,transport_impact,hanoi_location",0,search,ngập lụt Hà Nội đi lại,,,,,,2026-09-25T10:45:25.461445+07:00
youtube,GZF4WpgOHgE,https://www.youtube.com/watch?v=GZF4WpgOHgE,Đây là cách chống ngập của 1 số nhà giàu ở Hà Nội 😂 #hanoi #ngaplut #muabao #mualu #chuyenla,"Đây là cách chống ngập của 1 số nhà giàu ở Hà Nội 😂 #hanoi #ngaplut #muabao #mualu #chuyenla
Hà Nội mùa này phố cũng như sông và đây là cách chống ngập của 1 số nhà giàu ở Hà Nội: Bên ngoài ngăn nước từ cổng, bên trong bật máy hút nước bơm ngược nước từ trong nhà ra ngoài đường. 
Ủng hộ kênh để được nhận huy hiệu nổi bật trên Youtube:
https://www.youtube.com/channel/UCUoLkHKKSQkjJah-SibHWMQ/join
----------------------------/------------------------------
► PHÁP LUẬT XÃ HỘI: Kênh thông tin liên tục cập nhật những tin tức mới nhất trong ngày, tình hình chính trị, an ninh quốc phòng, đời sống pháp luật, xã hội, giao thông, thời sự trong nước và quốc tế. Giúp bạn không cần đọc báo vẫn nắm bắt được những sự kiện, tin tức diễn ra hàng ngày.
----------------------------/------------------------------
► Video ghi lại một tình huống giao thông có thật, phản ánh những lỗi thường gặp mà tài xế hay mắc phải gây mất an toàn giao thông. Xem mọi người mắc lỗi trên đường, hy vọng bạn sẽ không mắc phải lỗi tương tự.
► Video được đăng tải với mục đích giáo dục, tuyên truyền luật giao thông đường bộ, khuyến khích người dân chấp hành nghiêm chỉnh pháp luật khi tham gia giao thông.
► The video records a real traffic situation, reflecting common mistakes that drivers often make that cause traffic safety. Watch people make mistakes on the road, so hopefully you won't.
► The video was posted for the purpose of educating and propagating road traffic laws, encouraging people to strictly comply with the law when participating in traffic.
----------------------------/------------------------------
► Nếu có bất kỳ vấn đề nào liên quan đến bản quyền trong video, xin vui lòng liên hệ: quiternoitieng@gmail.com.
► If there are any copyright issues in the video, please contact us: quiternoitieng@gmail.com.",2025-10-07T09:30:09Z,2025-10-07T09:30:09Z,accept,flood_transport_hanoi,1,"flood_state,transport_impact,hanoi_location",0,search,phố ngập Hà Nội tham gia giao thông,,,,,,2026-09-25T11:12:59.425273+07:00
youtube,GcCSHBBc5fA,https://www.youtube.com/watch?v=GcCSHBBc5fA,Nước sông Nhuệ dâng cao làm nhiều tuyến đường khu vực phía Tây Hà Nội ngập nặng  | Tin tức,"Nước sông Nhuệ dâng cao làm nhiều tuyến đường khu vực phía Tây Hà Nội ngập nặng  | Tin tức
NLĐ | Nước sông Nhuệ dâng cao làm nhiều tuyến đường khu vực phía Tây Hà Nội ngập nặng 
Trong đợt mưa lớn mới đây, mực nước sông Nhuệ dâng cao vượt ngưỡng khiến tuyến đường 6 làn tại Hà Nội biến thành “sông nước”. Giao thông tại các điểm thấp bị tê liệt, ô tô, xe máy gặp khó khăn khi lưu thông, nhiều phương tiện chết máy. Hiện lực lượng thoát nước và công nhân đang khẩn trương xử lý để thông tuyến và giảm thiệt hại cho người dân.
Trong video này, chúng tôi sẽ thông tin về:
Nước sông Nhuệ dâng cao làm nhiều tuyến đường khu vực phía Tây Hà Nội ngập nặng 
Vỡ đập thủy điện Bắc Khê 1: Thiệt hại 50 tỉ đồng, gần 800 nhân khẩu phải di dời khẩn cấp
Xe cứu hộ trầy trật giải cứu hàng trăm ô tô ngập nước, giá tăng mạnh vì quá tải
🔔 Hãy đăng kí kênh @Báo Người Lao động TV để không bỏ lỡ những thông tin hấp dẫn.
Thông tin sử dụng từ nguồn chính thức: https://tienphong.vn/nuoc-song-nhue-dang-cao-tuyen-duong-6-lan-xe-o-ha-noi-hoa-thanh-song-post1784864.tpo? 

#anhhuongbao #mualongayngap #duongthanhsong #Hanoingapnghiemtrong #baonguoilaodong

----------------
📰 BÁO NGƯỜI LAO ĐỘNG – Kênh YouTube chính thức  
https://www.youtube.com/channel/UCzkyOx_0O1pGOqHiUMOe2KQ?sub_confirmation=1

Cập nhật liên tục:  
• Thời sự & Tin tức 24h  
• Quốc tế & Điểm nóng toàn cầu  
• Hồ sơ vụ án – Phân tích khách quan  
• Đời sống đô thị, Kinh tế & Sức khỏe  

🌐 Website: https://nld.com.vn  
📘 Fanpage: Người Lao Động  
🎵 TikTok: @baonguoilaodong  

👉 Đăng ký kênh để nhận thông tin nhanh chóng, chính xác và đáng tin cậy mỗi ngày.  
https://www.youtube.com/channel/UCzkyOx_0O1pGOqHiUMOe2KQ?sub_confirmation=1

🙏 Cảm ơn sự đồng hành của quý khán giả!  

#NguoiLaoDongTV #ThoiSu #TinTuc24h #TinQuocTe",2025-10-07T21:05:00Z,2025-10-07T21:05:00Z,accept,flood_transport_hanoi,1,"flood_state,transport_impact,hanoi_location",0,search,ngập nước Hà Nội giao thông,,,,,,2026-09-25T10:07:58.102110+07:00
youtube,GfKwdXfeG84,https://www.youtube.com/watch?v=GfKwdXfeG84,Thủ tướng thị sát vùng ngập lụt ven sông ở Hà Nội | Tin tức,"Thủ tướng thị sát vùng ngập lụt ven sông ở Hà Nội | Tin tức
Đêm 9/10, được biết tại các xã Trung Giã, Đa Phúc, thành phố Hà Nội nhiều điểm đang bị ngập lụt sâu do nước lũ trên các sông dâng cao, Thủ tướng Phạm Minh Chính đã trực tiếp đến kiểm tra, chỉ đạo công tác ứng phó, khắc phục hậu quả với mưa lũ. Cùng đi với Thủ tướng Bí thư thành ủy Hà Nội Bùi Thị Minh Hoài; Tổng Tham mưu trưởng Quân đội nhân dân Việt Nam, Thứ trưởng Bộ Quốc phòng, đại trướng Nguyễn Tân Cương.
#tintuc #daihanoi #hanoionline 
----
➡ Đây là Kênh Youtube chính thức của Đài Phát thanh và Truyền hình Hà Nội.
➡ Click Theo dõi (Subscribe) để nhận thông tin tin tức kịp thời trên kênh Youtube của Đài Phát thanh và Truyền hình Hà Nội:
https://www.youtube.com/HaNoiTVGo?sub_confirmation=1

👉 THÔNG TIN LIÊN HỆ: 
🔶 Đài Phát Thanh Truyền Hình Hà Nội: Số 3-5 Huỳnh Thúc Kháng, Đống Đa, Hà Nội
📧 Email: ttnoidungso@daihanoi.vn
☎️ Điện thoại: 0865.116.699

#DaiHaNoi #HanoiOnline",2025-10-10T05:43:32Z,2025-10-10T05:43:32Z,accept,flood_transport_hanoi,1,"flood_state,transport_impact,hanoi_location",0,search,ngập úng Hà Nội đi,,,,,,2026-09-25T11:25:19.872510+07:00
youtube,GsrY6Fj2jwc,https://www.youtube.com/watch?v=GsrY6Fj2jwc,"Mưa ngập đường, muôn kiểu dò đường đi của người Hà Nội ít được tiết lộ  | Tin tức 24h","Mưa ngập đường, muôn kiểu dò đường đi của người Hà Nội ít được tiết lộ  | Tin tức 24h
DDDN | Mưa ngập đường, muôn kiểu dò đường đi của người Hà Nội ít được tiết. Hà Nội thành 'Venice phiên bản lỗi' khi mưa lớn ngập đường, người dân bật mí 1 nghìn lẻ 1 cách dò đường mà chưa sách nào dạy bạn. 
Thiếu công cụ cảnh báo ngập lụt thời gian thực, người dân Hà Nội bối rối trước khi ra đường, nhiều trường hợp hỏng xe hoặc phải quay đầu vì ""đến nơi mới biết ngập"". Và cũng chính lúc này,những kỹ năng tưởng chừng như quên lãng lại được đào lại để vượt qua những tuyến phố ngập bánh xe, những hố công nước chẳng may mất nắp tự bao giờ.

Trong video này, chúng tôi sẽ thông tin về:
- Mưa ngập đường, muôn kiểu dò đường đi của người Hà Nội ít được tiết
- Cận cảnh người dân bị đảo lộn cuộc sống vì mưa ngập, ốc đảo ở Hà Nội

Bạn có muốn chia sẻ gì thêm về chuyện mưa ngập ở Hà Nội không? Hãy để lại bình luận bên dưới nhé.
🔔 Hãy đăng kí kênh Diễn đàn Doanh nghiệp để không bỏ lỡ những thông tin hấp dẫn.
Thông tin sử dụng được tham khảo từ nguồn tổng hợp

#muangaphanoi #hanoingap #diendandoanhnghiep


------------------------------
🎥 Diễn đàn Doanh nghiệp TV – Cập nhật kinh tế, thời sự quốc tế, tài chính và biến động toàn cầu mỗi ngày.

🔎 Tại đây, bạn sẽ:
• Theo dõi xung đột nóng: Nga–Ukraine, Israel–Iran, Biển Đông, Đài Loan...
• Nắm bắt biến động kinh tế: Giá vàng, chứng khoán, chính sách tiền tệ, ngân hàng trung ương
• Phân tích chuyên sâu: Địa chính trị, tài chính vĩ mô, chiến lược toàn cầu
• Cảnh báo thiên tai – biến đổi khí hậu – dự báo thời tiết chính xác

⏱️ Cập nhật tin tức liên tục, phân tích từ nguồn chính thống, dẫn dắt bằng tư duy.

📌 Đăng ký kênh để không bỏ lỡ những bản tin và bình luận quan trọng:
👉 https://www.youtube.com/c/DiễnĐànDoanhNghiệpTv?sub_confirmation=1

 #diendandoanhnghieptv #thoisuquocte #phantichkinhte #xungdottoancau #tinnong24h #tintucchinhtri #tintuc24h",2026-09-21T04:00:33Z,2026-09-21T04:00:33Z,accept,flood_transport_hanoi,1,"flood_state,transport_impact,hanoi_location",0,search,ngập lụt Hà Nội đi lại,,,,,,2026-09-25T10:43:44.238101+07:00
youtube,H0CuzymgrdE,https://www.youtube.com/watch?v=H0CuzymgrdE,"Cao tốc Hà Nội - Thái Nguyên vẫn ngập đến nửa mét, phương tiện đi lại khó khăn #tintuc #tinnong","Cao tốc Hà Nội - Thái Nguyên vẫn ngập đến nửa mét, phương tiện đi lại khó khăn #tintuc #tinnong
Cao tốc Hà Nội - Thái Nguyên vẫn ngập đến nửa mét, phương tiện đi lại khó khăn.

Sáng 10/10, đại diện Phòng CSGT Công an Hà Nội cho biết, cao tốc Hà Nội - Thái Nguyên (đoạn qua Hà Nội) vẫn ngập úng khiến các phương tiện di chuyển khó khăn.

Cụ thể, điểm ngập úng từ Km29 đến Km29+40 cao tốc Hà Nội - Thái Nguyên (đoạn qua xã Trung Giã, Hà Nội). Đến 6h30 cùng ngày, nước ngập tại đây dâng lên khoảng nửa mét, cao hơn thời điểm tối qua (9/10) từ 20-30cm
------
★ Đăng ký kênh và bấm chuông theo dõi những tin tức mới nhất từ 2sao Official:
Đăng kí ngay 👉 https://bit.ly/32LEYvi
Click for subcribe 👉 https://bit.ly/32LEYvi
------
Theo dõi 2saoTV tại
★ Facebook 2sao: https://www.facebook.com/2sao.vietnamnet.vn
★ Trang tin giải trí 2sao: https://2sao.vn/
-----
Tin tức giải trí 2saoTV - kênh cập nhật tin tức Sao Việt - tin tức showbiz - đời sống xã hội - tin hot 24h mới nhất hằng ngày
-----
© Bản quyền thuộc về 2sao Official
© Copyright by 2sao Official ☞ Do not Reup
#tingiaitri #giaitri #thoisu",2025-10-10T02:45:30Z,2025-10-10T02:45:30Z,accept,flood_transport_hanoi,1,"flood_state,transport_impact,hanoi_location",0,search,ngập úng Hà Nội đi,,,,,,2026-09-25T11:25:23.065133+07:00
youtube,H0pgbJeJ0fY,https://www.youtube.com/watch?v=H0pgbJeJ0fY,"Mưa xuyên đêm “nhấn chìm” nhiều tuyến phố Hà Nội, hơn 20 điểm ngập úng,  giao thông ùn tắc nặng","Mưa xuyên đêm “nhấn chìm” nhiều tuyến phố Hà Nội, hơn 20 điểm ngập úng,  giao thông ùn tắc nặng
THCL | Mưa lớn với lượng phổ biến từ 80–160 mm, có nơi đạt 199 mm, khiến hàng loạt tuyến phố Hà Nội ngập nước. Ngã ba Xa La, khu vực Mỹ Đình, Phạm Hùng, Tố Hữu và Huỳnh Thúc Kháng – Láng Hạ trở thành những điểm giao thông đáng chú ý. Công ty Thoát nước Hà Nội đã bố trí lực lượng ứng trực, khơi thông dòng chảy và vận hành đồng loạt các trạm bơm đầu mối. Người điều khiển xe máy và ôtô gầm thấp được khuyến cáo không cố đi qua nơi chưa xác định được độ sâu.
........
Thương hiệu & Công luận TV là Kênh Youtube chính thức của Tạp chí Thương hiệu & Công luận cập nhật liên tục, thường xuyên các tin tức trong nước và quốc tế, các sự kiện nóng, các vấn đề đời sống, xã hội được quan tâm; thông tin về dự báo thời tiết; phân tích chuyên sâu của các chuyên gia về các lĩnh vực.
Thương hiệu và Công luận TV là kênh Youtube chính thống của cơ quan Trung ương Hiệp hội VATAP
Tòa soạn: Tòa nhà B5D6 Khu đô thị mới Cầu Giấy, P. Cầu Giấy, Hà Nội 
Email: thuonghieucongluan@gmail.com
Giấy phép hoạt động báo chí điện tử số 64/GP-BTTTT do Bộ Thông tin và Truyền thông cấp ngày 21/2/2020.
Bản quyền thuộc Tạp chí Thương hiệu và Công luận
Cấm sao chép dưới mọi hình thức nếu không có sự chấp thuận bằng văn bản

#thuonghieuvacongluan #HaNoi #MuaLonHaNoi #NgapLutHaNoi #GiaoThongHaNoi #TinThoiTiet",2026-09-17T06:15:30Z,2026-09-17T06:15:30Z,accept,flood_transport_hanoi,1,"flood_state,transport_impact,hanoi_location",0,search,ngập úng Hà Nội đi,,,,,,2026-09-25T10:32:30.792791+07:00
youtube,HL2Qpub06S8,https://www.youtube.com/watch?v=HL2Qpub06S8,Trực tiếp: Tiếp cận hiện trường nhiều tuyến phố bị ngập nặng ở Hà Nội | Thời tiết Hà Nội #thoitiet,"Trực tiếp: Tiếp cận hiện trường nhiều tuyến phố bị ngập nặng ở Hà Nội | Thời tiết Hà Nội #thoitiet
VTV8 | Trực tiếp: Tiếp cận hiện trường nhiều tuyến phố bị ngập nặng ở Hà Nội | Thời tiết Hà Nội #thoitiet
Trực tiếp tiếp cận hiện trường nhiều tuyến phố tại Hà Nội đang bị ngập nặng sau mưa lớn, gây ảnh hưởng đến giao thông và sinh hoạt của người dân. Nhiều khu vực xuất hiện tình trạng nước dâng cao, phương tiện di chuyển khó khăn. VTV8 cập nhật liên tục hình ảnh hiện trường, mức độ ngập tại các tuyến phố và những diễn biến mới nhất của tình hình mưa lớn tại Hà Nội.
─────────────────────
📺 VTV8 – Kênh Truyền hình Quốc gia về Văn hóa, Di sản, Lịch sử và Du lịch, thuộc Đài Truyền hình Việt Nam.
Kênh YouTube chính thức của VTV8: cập nhật tin tức thời sự mỗi ngày và kể những câu chuyện, góc nhìn chuyên sâu về văn hóa, di sản, lịch sử, du lịch Việt Nam và thế giới.
📌 NỘI DUNG CHÍNH
• Thời sự – tin tức cập nhật hằng ngày
• Phim tài liệu, ký sự về di sản, làng nghề, lễ hội truyền thống
• Dấu ấn lịch sử, câu chuyện cội nguồn dân tộc
• Du lịch, ẩm thực, điểm đến khắp ba miền Bắc – Trung – Nam
─────────────────────
📍 258 Bạch Đằng, phường Hải Châu, TP. Đà Nẵng
🔴 Xem trực tiếp 24/7 trên VTVgo: https://vtvgo.vn/channel/36
🌐 Báo điện tử: vtv8.vtv.vn
📘 Fanpage: https://www.facebook.com/Tinnongmientrung
🎵 TikTok: https://www.tiktok.com/@vtv8_tinnongmientrungv8
🔔 Bản tin mới mỗi ngày – đăng ký kênh và bật thông báo để không bỏ lỡ.
© Đài Truyền hình Việt Nam. Vui lòng không sao chép, đăng tải lại dưới mọi hình thức.
#VTV8 #ngaphanoi #muolonhanoi #thoitethanoi",2026-09-17T06:45:29Z,2026-09-17T06:45:29Z,accept,flood_transport_hanoi,1,"flood_state,transport_impact,hanoi_location",1,search,ngập nước Hà Nội giao thông,,,,,,2026-09-25T10:43:27.613063+07:00
youtube,H_ir99ziDfc,https://www.youtube.com/watch?v=H_ir99ziDfc,"Cao tốc Hà Nội - Thái Nguyên ngập sâu hơn nửa mét, các phương tiện đi lại khó khăn | CafeLand","Cao tốc Hà Nội - Thái Nguyên ngập sâu hơn nửa mét, các phương tiện đi lại khó khăn | CafeLand
Network Bất động sản CafeLand: https://cafeland.vn/
Hỗ trợ từ Network CafeLand: https://zalo.me/3435801193180833862
CafeLand | Cao tốc Hà Nội - Thái Nguyên qua xã Trung Giã (Sóc Sơn cũ) ngập sâu hơn 50 cm, Cảnh sát giao thông phải phân luồng từ xa, hạn chế xe đi qua khu vực này.
Like, Share & Subscribe để cập nhật thông tin BĐS và review dự án mỗi ngày nhé.

Kết nối với Network CafeLand:
► Bản đồ bất động sản: https://map.cafeland.vn/ 
► Dự án Bất động sản toàn quốc: https://cafeland.vn/du-an/
► Mua bán nhà đất: https://nhadat.cafeland.vn/
► Tải App CafeLand Proptech: https://cafeland.vn/open-app
► Tiktok: https://www.tiktok.com/@cafelandtv_official
► Facebook: https://www.facebook.com/batdongsancafeland/
► Đăng ký hội viên CafeLand TV: https://www.youtube.com/channel/UCfwQLe-WkFENDWo6w4OC1ug/join

Gửi câu hỏi thắc mắc cần giải đáp về mail: tv@cafeland.vn
Bản quyền thuộc về CAFELAND TV.
Cấm Reup và cắt xén video, trong mọi trường hợp cần phải xin phép CafeLand TV
#tintuc #cafeland #ngaplut #thainguyen #hanoi",2025-10-10T05:00:16Z,2025-10-10T05:00:16Z,accept,flood_transport_hanoi,1,"flood_state,transport_impact,hanoi_location",0,search,ngập lụt Hà Nội đi lại,,,,,,2026-09-25T10:37:07.274430+07:00
youtube,He4BvrF9uYE,https://www.youtube.com/watch?v=He4BvrF9uYE,"Đường phố Hà Nội ngập nặng, nhiều tuyến đường tắc nghẽn sau cơn mưa kéo dài","Đường phố Hà Nội ngập nặng, nhiều tuyến đường tắc nghẽn sau cơn mưa kéo dài
Nhà báo & Công luận | Hà Nội hứng chịu trận mưa lớn kéo dài từ đêm 25/8 tới sáng 26/8, khiến nhiều tuyến phố ngập sâu, giao thông ùn tắc kéo dài trong giờ cao điểm.


-------------------
Tin nóng 24h được phát sóng vào các ngày từ thứ 2 đến Chủ Nhật hàng tuần trên kênh Nhà báo & Công luận với những thông tin trong nước và quốc tế nóng hổi nhất.
Có những thông tin đáng chú ý sau:
Xem những Video mới và hấp dẫn nhất:
Tin tức quốc tế: https://bit.ly/46ygAQG
Tin tức trong nước: https://bit.ly/45dQ2Sh
--------------
Đồng hành cùng Nhà báo & Công luận
- Website: https://congluan.vn 
- Fanpage: https://www.facebook.com/nhabaovacongluan 
- Youtube: https://www.youtube.com/@nhabaovacongluan01 

#bao #baoso5 #thoisuquocte  #nhabaovacongluan #NhàbáoCông luận",2025-08-26T07:36:04Z,2025-08-26T07:36:04Z,accept,flood_transport_hanoi,1,"flood_state,transport_impact,hanoi_location",0,search,phố ngập Hà Nội tham gia giao thông,,,,,,2026-09-25T11:16:42.738518+07:00
youtube,ICBO_C83tkM,https://www.youtube.com/watch?v=ICBO_C83tkM,🔥Người dân Hà Nội Chật vật vì mưa ngập #shorts,"🔥Người dân Hà Nội Chật vật vì mưa ngập #shorts
Mưa lớn khiến nhiều khu vực tại Hà Nội rơi vào tình trạng ngập sâu, gây ảnh hưởng đáng kể đến giao thông và sinh hoạt của người dân. Trong video, nhiều đoạn đường bị nước phủ kín, phương tiện phải di chuyển chậm để tránh chết máy và những sự cố không mong muốn.

Không ít người đi xe máy phải chật vật vượt qua những đoạn nước ngập, thậm chí có trường hợp phải dắt bộ phương tiện giữa dòng nước. Ô tô cũng phải nối đuôi nhau di chuyển thận trọng khi mặt đường gần như bị che khuất hoàn toàn. Tại một số vị trí, nước dâng sát vỉa hè, nhà dân và cửa hàng ven đường, khiến việc đi lại càng trở nên khó khăn.

Những hình ảnh ghi lại cảnh người dân Hà Nội vất vả di chuyển giữa đường ngập nhanh chóng thu hút sự chú ý trên mạng xã hội. Tình trạng ngập úng sau mưa lớn không chỉ gây ùn tắc mà còn tiềm ẩn nguy cơ mất an toàn, đặc biệt khi người điều khiển phương tiện khó xác định được ổ gà, miệng cống hoặc các chướng ngại vật bên dưới mặt nước.

Theo dõi kênh Hoàng Ngư Dân để cập nhật thêm những tin tức mới, hình ảnh đáng chú ý và các sự việc đang được cộng đồng quan tâm mỗi ngày.

#hanoi #mualon #ngaphanoi #ngaplut #ngapung #duongphohanoi #giaothonghanoi #mualonhanoi #tintuc #tintuc24h #tinnong #tinhot #thoisu #mangxahoi #videohot #xuhuong #viral #hoangngudan",2026-09-17T03:30:36Z,2026-09-17T03:30:36Z,accept,flood_transport_hanoi,1,"flood_state,transport_impact,hanoi_location",0,search,ngập lụt Hà Nội đi lại,,,,,,2026-09-25T10:46:04.652730+07:00
youtube,IEK8ukYlud0,https://www.youtube.com/watch?v=IEK8ukYlud0,[Review Phim] Thảm Hoạ Lũ Lụt Khiến Cả Thành Phố Bị Nhấn Chìm Trong Biển Nước,"[Review Phim] Thảm Hoạ Lũ Lụt Khiến Cả Thành Phố Bị Nhấn Chìm Trong Biển Nước
Tóm Tắt Phim Hay | [Review Phim] Thảm Hoạ Lũ Lụt Khiến Cả Thành Phố Bị Nhấn Chìm Trong Biển Nước
--------------------------------------------------------------------------
Cảm ơn các bạn rất nhiều!
► Đăng ký ngay:  www.youtube.com/@cuongphimhay24
Tag: #phimhay #reviewphim #tomtatphim #cuongphimhay",2025-09-06T10:30:14Z,2025-09-06T10:30:14Z,reject,missing_group:transport_impact,1,"flood_state,hanoi_location",0,search,ngập lụt Hà Nội đi lại,,,,,,2026-09-25T10:39:43.624394+07:00
youtube,IOmuqFwLpFI,https://www.youtube.com/watch?v=IOmuqFwLpFI,"Vấn đề hôm nay: Nhiều tuyến phố Hà Nội đã lưu thông trở lại, còn điểm nào tiếp tục ngập nước?","Vấn đề hôm nay: Nhiều tuyến phố Hà Nội đã lưu thông trở lại, còn điểm nào tiếp tục ngập nước?
BÁO LAO ĐỘNG | Nhiều tuyến phố ở Hà Nội đã lưu thông bình thường trở lại. Tuy nhiên vẫn còn một số tuyến đường tiếp tục ngập nước, người dân cần chú ý khi di chuyển.


Mời quý vị và các bạn xem thêm: https://laodong.vn/media
──────────────────────────────
Bản quyền thuộc Báo Lao Động – Cơ quan của Tổng Liên đoàn Lao động Việt Nam.
* Website: https://laodong.vn
* Đường dây nóng: 096 838 3388
* Email: baolaodongdientu@gmail.com
* Fanpage: https://www.facebook.com/LaoDongTVOnline/

#baolaodong #bld #ngaplutohanoi",2025-10-09T07:46:01Z,2025-10-09T07:46:01Z,accept,flood_transport_hanoi,1,"flood_state,transport_impact,hanoi_location",0,search,đường ngập Hà Nội lưu thông,,,,,,2026-09-25T10:50:34.868396+07:00
youtube,IuROGCNu28k,https://www.youtube.com/watch?v=IuROGCNu28k,TRỰC TIẾP: Hà Nội Ngập Nặng Sau Mưa Lớn – Cung Đường Xuân Đỉnh!,"TRỰC TIẾP: Hà Nội Ngập Nặng Sau Mưa Lớn – Cung Đường Xuân Đỉnh!
Mưa lớn khiến nhiều đoạn đường xuất hiện tình trạng ngập nước, việc đi lại của người dân gặp không ít khó khăn. Livestream ghi lại hình ảnh thực tế trên đường phố Hà Nội để mọi người cùng theo dõi tình hình.

📍 Địa điểm: Xuân Đỉnh, Hà Nội
🎥 Hình ảnh ghi nhận trực tiếp trên đường phố.

Nếu thấy video hữu ích, mọi người nhấn Like, chia sẻ và đăng ký kênh Đi Khắp Nẻo Đường để cùng khám phá những cung đường và cuộc sống đời thường trên mọi miền. 

#HaNoi #XuanDinh #MuaLon #NgapLut #NgapHaNoi #DuongPhoHaNoi #HaNoiHomNay #TrucTiep #Livestream #DiKhapNeoDuong",2026-08-28T00:16:41Z,2026-08-28T00:16:41Z,accept,flood_transport_hanoi,1,"flood_state,transport_impact,hanoi_location",0,search,ngập lụt Hà Nội đi lại,,,,,,2026-09-25T10:46:37.016766+07:00
youtube,JVV-q6-22Ig,https://www.youtube.com/watch?v=JVV-q6-22Ig,"Giao thông Hà Nội tê liệt vì mưa lớn, ngập lụt | VTV24","Giao thông Hà Nội tê liệt vì mưa lớn, ngập lụt | VTV24
Ngày 30/9, mưa lớn gây ngập nhiều tuyến đường tại Hà Nội khiến cuộc sống của người dân bị đảo lộn. Ngày mai (1/10), hơn 2 triệu học sinh Hà Nội sẽ được nghỉ học.
----------
Đồng hành cùng VTV Digital tại:

Ứng dụng VTVgo
Android: https://bit.ly/305aQLs
iOS: https://apple.co/3g8yMTS
hoặc xem trực tiếp trên https://vtvgo.vn/

Báo điện tử: https://VTV.vn

Fanpage:
Tin tức, Xã hội: https://fb.com/tintucvtv24
Chuyên trang Tài Chính: https://fb.com/VTVMoney
Báo điện tử VTV: https://fb.com/baodientuvtv

Youtube: https://youtube.com/vtv24
Zalo: https://zalo.me/1571891271885013375
Instagram: https://instagram.com/vtv24news/
Tiktok: tiktok.com/@vtv24news
Twitter: https://twitter.com/vtvdigitalnews
#VTVDigital #Tintuc",2025-09-30T15:42:40Z,2025-09-30T15:42:40Z,accept,flood_transport_hanoi,1,"flood_state,transport_impact,hanoi_location",0,search,ngập nước Hà Nội giao thông,,,,,,2026-09-25T10:07:01.334812+07:00
youtube,JefjIFE3jzs,https://www.youtube.com/watch?v=JefjIFE3jzs,"Hà Nội: Lũ tràn vào nhà dân ở xã Quảng Bị, có nơi ngập khoảng 1m","Hà Nội: Lũ tràn vào nhà dân ở xã Quảng Bị, có nơi ngập khoảng 1m
SGGP | Nước sông Bùi dâng cao khiến nhiều khu dân cư ở xã Quảng Bị (Hà Nội) ngập sâu. Suốt 3 ngày qua, người dân phải dùng thuyền nhỏ để đi lại, kê cao đồ đạc, và cùng lực lượng chức năng gia cố bờ, ngăn nước tràn vào nhà.
#mualon #lũlụt #ngapnuoc #hanoi 
📣 Nhấn SUBSCRIBE/ĐĂNG KÝ ngay để theo dõi những thông tin mới nhất: https://www.youtube.com/@sggponlinetv
📣 Đăng Ký Kênh #SGGP để cập nhật tin tức mới nhất: http://bit.ly/SGGP_Online 
📣 Kênh thông tin chính thức và duy nhất của Báo Sài Gòn Giải Phóng trên YouTube. Liên tục cập nhật thông tin nóng nhất, những phóng sự, những chuyên mục hấp dẫn. © Bản quyền thuộc về Báo Sài Gòn Giải Phóng
 #baosaigongiaiphong #tinquocte #tintuc24h",2026-09-18T07:49:11Z,2026-09-18T07:49:11Z,accept,flood_transport_hanoi,1,"flood_state,transport_impact,hanoi_location",1,search,ngập lụt Hà Nội đi lại,,,,,,2026-09-25T10:43:57.542746+07:00
youtube,JjLeObodCMI,https://www.youtube.com/watch?v=JjLeObodCMI,NGƯỜI DÂN HÀ NỘI NHANH CHÓNG KHẮC PHỤC ẢNH HƯỞNG DO CƠN BÃO SỐ 11,"NGƯỜI DÂN HÀ NỘI NHANH CHÓNG KHẮC PHỤC ẢNH HƯỞNG DO CƠN BÃO SỐ 11
Trong những ngày qua, do ảnh hưởng của cơn bão số 11, tại Hà Nội, nhiều tuyến đường đã bị ngập úng, gây ảnh hưởng không nhỏ đến việc đi lại và sinh hoạt của người dân. Tính đến hôm nay, cơ bản các tuyến đường đã hết tình trạng ngập.
HTV Tin tức, kênh Tin tức chính thức của Đài Phát thanh và Truyền hình TP. Hồ Chí Minh (HTV).
------------------------------------------------
Cảm ơn bạn đã xem video này. 
Hãy đăng ký kênh HTV Tin tức để theo dõi những tin tức cập nhật:
https://www.youtube.com/c/HTVTinTuc?sub_confirmation=1
Fanpage:  https://www.fb.com/HTVTintuc
Website: https://www.htv.com.vn/
Ứng dụng HTVC: https://htvc.tv

#HTVTintức là kênh Youtube chính thức chuyên về thông tin thời sự của Trung tâm Tin tức, Đài Phát thanh và Truyền hình TP. Hồ Chí Minh. 
Chúng tôi liên tục cập nhật các thông tin thời sự trong nước và quốc tế trong các bản tin, chương trình, chuyên đề, để gửi đến quý vị khán giả những thông tin nhanh chóng và chính xác.

#ThờisựHTV #tinmớinhất #thoisuhtv9 #HTVtintuc #60giay #tin60s #tin60giay #bantin60giay #bantin60s #TintucHTV #60giay #60giaysang #60giaychieu #tinnoibat #bantinsang #bantintrua #daiphatthanhvatruyenhinhtphcm",2025-10-10T02:17:03Z,2025-10-10T02:17:03Z,accept,flood_transport_hanoi,1,"flood_state,transport_impact,hanoi_location",1,search,ngập úng Hà Nội đi,,,,,,2026-09-25T11:25:26.220792+07:00
youtube,JpFdVEONOa8,https://www.youtube.com/watch?v=JpFdVEONOa8,"Tuyến đường Nghiêm Xuân Yêm Hà Nội chìm trong biển nước, mưa lớn làm ngập lụt các tuyến phố Hà Nội.","Tuyến đường Nghiêm Xuân Yêm Hà Nội chìm trong biển nước, mưa lớn làm ngập lụt các tuyến phố Hà Nội.
Do ảnh hưởng của cơn bão số 10 (Bualoi) làm cho thời tiết toàn bộ khu vực Hà Nội mưa lớn cả ngày nên rất nhiều các tuyến phố của Thủ Đô bị ngập lụt, cụ thể tuyến đường Nguyễn Xiển, tại ngã tư Nguyễn Xiển - Phạm Tu bị ngập sâu làm cho hàng nghìn phương tiện giao thông bị ảnh hưởng.
Ô tô 360
Vui lòng liên hệ: 0905608883 để biết thêm chi tiết!

✅ Liên hệ: 0905608883 để biết thêm chi tiết! 
✅ Ô tô 360 
✅ Chuyên mua - bán các loại xe ô tô cũ. 
✅ Chuyên sửa chữa, tư vấn lắp đặt đồ chơi ô tô
✅ Hotline:0905608883 
✅ Hỗ trợ trả góp đến 80% giá trị xe trong 6 năm lãi suất ưu đãi. Thủ tục nhanh gọn, đơn giản. 

Fanpage: https://www.facebook.com/oto360.vn 
Facebook: https://www.facebook.com/tuan.banoto 
Kênh Youtobe: https://www.youtube.com/@oto360./videos

Zalo,Viber, iMessage...: 0905608883 
Địa chỉ: 320 Nguyễn Xiển, Hà Nội.
Vị trí cửa hàng: https://maps.app.goo.gl/oKiguqorWHZHH1K6A?g_st=iz

Tham gia làm hội viên của kênh này để được hưởng đặc quyền:
https://www.youtube.com/@oto360./videos",2025-09-30T13:10:34Z,2025-09-30T13:10:34Z,accept,flood_transport_hanoi,1,"flood_state,transport_impact,hanoi_location",0,search,phố ngập Hà Nội tham gia giao thông,,,,,,2026-09-25T11:16:05.386379+07:00
youtube,Jwx26FnELcs,https://www.youtube.com/watch?v=Jwx26FnELcs,"HÀ NỘI: HÔM NAY VẪN CÒN NHIỀU ĐIỂM NGẬP ÚNG, NGƯỜI DÂN DI CHUYỂN KHÓ KHĂN I TIN HOT TRONG NƯỚC ITHTN","HÀ NỘI: HÔM NAY VẪN CÒN NHIỀU ĐIỂM NGẬP ÚNG, NGƯỜI DÂN DI CHUYỂN KHÓ KHĂN I TIN HOT TRONG NƯỚC ITHTN
Tham gia làm hội viên của kênh này để được hưởng đặc quyền:
https://www.youtube.com/channel/UCImAE_VCBa2KFDma5Wkcesw/join

THTN | Bản tin thời sự tổng hợp, cập nhật những tin tức nóng nhất đầu ngày mới về an ninh trật tự Việt Nam, được phát sóng cập nhật hàng ngày, hàng tuần nhằm gửi những thông tin mới nhất, chính xác nhất cho tất cả quý vị khán giả. Chúc mọi người luôn mạnh khỏe và cập nhật được nhiều thông tin chính thống mới nhất. Đừng quên nhấn vào ĐĂNG KÝ THEO DÕI VÀ CHIA SẺ TIN TỨC MỚI NHẤT CỦA CHÚNG TÔI.
 
★ ĐĂNG KÝ THEO DÕI:  https://www.youtube.com/channel/UCImAE_VCBa2KFDma5Wkcesw
---------------------------------------------------------------
THTN – TIN HOT TRONG NƯỚC là kênh tin tức thời sự an ninh trật tự, tai nạn giao thông chuyên biệt. Tin tức mới nhất được cập nhật liên tục hàng ngày. Nguyên tắc thông tin là Nhân văn - Tin cậy - Kịp thời - Hấp dẫn .
Có ý kiến xây dựng hoặc đề nghị, vui lòng để lại comment phía dưới video. 
hoặc liên hệ qua gmail duy nhất của chúng tôi: tinhottrongnuoc@gmail.com

✬ Rất mong được mọi người ủng hộ và subscribe kênh, cũng đừng quên bấm like và share cho bạn bè nhé! Xin cảm ơn!

Xin chào, chúc mọi người xem vui vẻ!!!

#THTN  #tinhottrongnuoc #tonghop #antt #antv #truyenhinhcongannhandan",2025-10-08T13:55:57Z,2025-10-08T13:55:57Z,accept,flood_transport_hanoi,1,"flood_state,transport_impact,hanoi_location",0,search,lụt Hà Nội di chuyển,,,,,,2026-09-25T10:48:23.016840+07:00
youtube,KJpTjcErfzQ,https://www.youtube.com/watch?v=KJpTjcErfzQ,Hà Nội ngập tràn trong biển nước,Hà Nội ngập tràn trong biển nước,2025-10-07T22:20:38Z,2025-10-07T22:20:38Z,reject,missing_group:flood_state+transport_impact,1,hanoi_location,0,search,ngập nước Hà Nội giao thông,,,,,,2026-09-25T10:07:58.100094+07:00
youtube,KLiRf-Lm0Bs,https://www.youtube.com/watch?v=KLiRf-Lm0Bs,"Video nhiều tuyến đường Hà Nội ngập sâu, đi lại khó khăn sau đêm mưa","Video nhiều tuyến đường Hà Nội ngập sâu, đi lại khó khăn sau đêm mưa
Xem video full: https://tuoitre.vn/video/video-nhieu-tuyen-duong-ha-noi-ngap-sau-di-lai-kho-khan-sau-dem-mua-187677.htm

Rạng sáng 30-9, ở Hà Nội đã xảy ra tình trạng mưa to đến rất to. Mưa lớn kéo dài xuyên đêm đã khiến nhiều tuyến đường, phố tại Hà Nội xảy ra tình trạng ngập, xe cộ đi lại khó khăn.

#bão #ngaplut 

- Tin tức nhanh: https://tuoitre.vn
- Video nóng xem tại: https://video.tuoitre.vn
- Tin thời sự: https://tuoitre.vn/phap-luat
- Tin tức thế giới xem: https://tuoitre.vn/the-gioi

Kênh thông tin chính thức và duy nhất của #Báo_Tuổi_Trẻ trên YouTube.
 
Tin tức nhanh nhất, mới nhất, nóng nhất đang diễn ra ở Việt Nam và thế giới về: thời sự, kinh tế, chính trị, xã hội, giáo dục, thể thao, văn hóa, giải trí, công nghệ, nhịp sống số, pháp luật, du lịch...

#TuoiTre #BaoTuoiTre #TinNong #Thời_Sự #ThoiSu #Tuổi_Trẻ 
-----------
Đăng ký kênh xem thêm nhiều chuyên mục hấp dẫn khác:
https://bit.ly/3k1RCAR
Facebook: 
- https://facebook.com/baotuoitre
- https://facebook.com/Truyenhinh.BaoTuoiTre
Bản quyền nội dung thuộc về báo Tuổi Trẻ.
--------------------
TÒA SOẠN BÁO TUỔI TRẺ
- Địa chỉ: Số 60A, Hoàng Văn Thụ, Phường.Đức Nhuận Thành phố Hồ Chí Minh, Việt Nam
- Điện thoại: (84.8) 3.997.3838
- Website: http://tuoitre.vn
- Email: tto@tuoitre.com.vn
- Đường dây nóng: 0918.033.133 - (84.8) 39.971.010",2025-09-30T04:34:51Z,2025-09-30T04:34:51Z,accept,flood_transport_hanoi,1,"flood_state,transport_impact,hanoi_location",1,search,ngập lụt Hà Nội đi lại,,,,,,2026-09-25T10:39:37.269269+07:00
youtube,KN4qSKXo5WE,https://www.youtube.com/watch?v=KN4qSKXo5WE,🚨 Mưa lớn tiếp tục trút xuống miền Bắc: Hà Nội ngập nhiều tuyến đường | Tin nóng 17/9 #muadong,"🚨 Mưa lớn tiếp tục trút xuống miền Bắc: Hà Nội ngập nhiều tuyến đường | Tin nóng 17/9 #muadong
🚨 MƯA LỚN TIẾP TỤC TRÚT XUỐNG MIỀN BẮC!

Mưa lớn và dông tiếp tục diễn biến tại nhiều khu vực, trong đó Hà Nội có nguy cơ ngập úng, ảnh hưởng giao thông. Một số khu vực miền núi cần đề phòng lũ quét, sạt lở đất.

📍 Người dân nên chủ động theo dõi cảnh báo thời tiết và hạn chế di chuyển qua khu vực ngập sâu.

👉 Bạn đang ở khu vực nào? Tình hình mưa tại nơi bạn sống ra sao? Hãy bình luận bên dưới.

🔔 Đăng ký Tin Nhanh 60s để cập nhật những tin xã hội đáng chú ý mỗi ngày.

#TinNhanh60s #TinNong #MuaLon #HaNoi #MienBac #NgapUng #LuQuet #SatLoDat #ThoiTiet #TinTuc #TinNongXaHoi #Shorts",2026-09-17T03:39:58Z,2026-09-17T03:39:58Z,accept,flood_transport_hanoi,1,"flood_state,transport_impact,hanoi_location",0,search,lụt Hà Nội di chuyển,,,,,,2026-09-25T10:49:55.807916+07:00
youtube,KRKbbhf1SY4,https://www.youtube.com/watch?v=KRKbbhf1SY4,Tá hỏa phát hiện xương người trong ô tô chìm dưới lòng kênh | An ninh 24h ngày 18/9 | ANTV,"Tá hỏa phát hiện xương người trong ô tô chìm dưới lòng kênh | An ninh 24h ngày 18/9 | ANTV
ANTV | An ninh 24h cập nhật tin tức an ninh trật tự 24h mới nhất, những vụ án hình sự nóng nhất trong ngày, thông tin pháp luật và đời sống xã hội. Bản tin được phát sóng 18h hàng ngày trên ANTV - Truyền hình Công an Nhân dân.

0:00 Trong bản tin sẽ có những tin chính sau:
00:02 Khẩn trương điều tra vụ phát hiện xương người trong ô tô bán tải
00:48 Hải Phòng: Bắt nhóm đối tượng mang hung khí tấn công người dân 
01:33 An Giang: Bắt đối tượng chém người trọng thương 
02:19 Ninh Bình: Bắt đối tượng tổ chức sử dụng ma túy
03:17 Đột kích, đánh mạnh tội phạm ma túy
05:56 Đối tượng bị truy nã về tội 'Mua bán người' ra đầu thú
06:40 Thiệt hại do mưa lũ, lũ quét, sạt lở đất
07:55 Hà Nội hỗ trợ người dân vùng chịu ảnh hưởng nặng do ngập lụt
11:50 Bão mới Dujuan vừa hình thành, được dự báo mạnh lên nhanh trong những ngày tới
16:39 Cháy lớn tại chợ Kim Sơn, Quảng Ninh
17:18 Giải cứu thành công tài xế mắc kẹt trong cabin sau tai nạn
18:11 Vụ xe Lexus lạng lách, đánh võng trên cao tốc có dấu hiệu của tội danh nào?
22:05 Diễn tập phương án “Chống tập trung đông người, biểu tình gây rối an ninh, trật tự” tại Nhà máy Thủy điện Sơn La
22:51 Nhiều kỳ vọng khi sửa sách giáo khoa

Mời quý vị khán giả xem thêm chương trình: Nín thở cuộc săn trùm ma túy, xuyên thủng “pháo đài” giữa đại ngàn | Hồ sơ vụ án https://youtu.be/jU-uVxOZriA

👉Tin tức về các hoạt động của Tổng Bí thư, Chủ tịch nước Tô Lâm: https://bit.ly/DaiTuongToLam

👉Tin tức về các hoạt động của Đại tướng Lương Tam Quang, Ủy viên Bộ Chính trị, Bộ trưởng Bộ Công an: https://www.youtube.com/playlist?list=PLF3UjIBiVGVCmwQ_gHfuiWon_Fo9hWDB4

👉 Nghị quyết số 12-NQ/TW về xây dựng lực lượng CAND : https://bit.ly/Nghiquyet12BCT

👉Hành trình phá án những vụ án kinh điển : https://bit.ly/HanhtrinhphaanANTV

★ ĐĂNG KÝ AN NINH TV:  http://www.youtube.com/channel/UCIg56SgvoZF8Qg0Jx_gh6Pg?sub_confirmation=1

★Tải ứng dụng ANTV Go trên :
 ✅ App Store : https://bit.ly/3FuytkK
 ✅Google Play : https://bit.ly/3mRcsGt
---------------------------------------------------------------
ANTV – Truyền hình CAND là kênh tin tức thời sự an ninh trật tự chuyên biệt. Tin tức mới nhất được cập nhật liên tục hàng ngày. Nguyên tắc thông tin là Nhân văn - Tin cậy - Kịp thời - Hấp dẫn .
Có ý kiến xây dựng hoặc đề nghị, vui lòng để lại comment phía dưới video. 

✔ Website chính thức: www.antv.gov.vn
✔ Fanpage chính thức: https://www.facebook.com/TruyenHinhCongAn/

✬ Rất mong được mọi người ủng hộ và subscribe kênh, cũng đừng quên bấm like và share cho bạn bè nhé! Xin cảm ơn!

Xin chào, chúc mọi người xem vui vẻ!!!

#antv #truyenhinhcongannhandan #anninh24h #an24h",2026-09-18T12:20:33Z,2026-09-18T12:20:33Z,accept,flood_transport_hanoi,1,"flood_state,transport_impact,hanoi_location",1,search,ngập nước Hà Nội giao thông,,,,,,2026-09-25T10:41:14.712104+07:00
youtube,KS92sXtoWs0,https://www.youtube.com/watch?v=KS92sXtoWs0,"Người dân Hà Nội đội mưa lớn đi làm, giao thông ùn tắc giờ cao điểm | CAND","Người dân Hà Nội đội mưa lớn đi làm, giao thông ùn tắc giờ cao điểm | CAND
Báo Công an Nhân dân | Sáng 15/9, mưa lớn xuất hiện trên diện rộng tại Hà Nội, đúng thời điểm người dân bắt đầu đi làm, đi học, khiến giao thông trên nhiều tuyến đường trở nên khó khăn. Một số khu vực xuất hiện ngập úng, phương tiện phải di chuyển chậm, nhiều tuyến đường xảy ra ùn ứ. 

Mời quý vị khán giả xem thêm:

👉 Tin tức thời sự nóng nhất: https://bit.ly/AnninhtrattuCAND

★ ĐĂNG KÝ KÊNH BÁO CÔNG AN NHÂN DÂN: https://bit.ly/DangkyBaoCAND

---------------------------------------------------------------
Báo Công an nhân dân là cơ quan ngôn luận chính thức của Đảng ủy Công an Trung ương và Bộ Công an Việt Nam, đóng vai trò là cơ quan báo chí chủ lực, đa phương tiện quốc gia, tuyên truyền chủ trương, đường lối của Đảng, pháp luật Nhà nước, và hoạt động của lực lượng CAND, đồng thời kết nối giữa lực lượng Công an với nhân dân. 

Các ý kiến xây dựng hoặc đề nghị, vui lòng để lại comment phía dưới video. 

✔ Website chính thức: https://cand.com.vn/
✔ Fanpage chính thức:  https://www.facebook.com/tintuccand 

✬ Rất mong được mọi người ủng hộ và subscribe kênh, cũng đừng quên bấm like và share cho bạn bè nhé! Xin cảm ơn!

Xin chào, chúc mọi người xem vui vẻ!!!

#congannhandan #tintuc #tintuc24h #thoisu #mualonhanoi #ngapunghanoi #duongphohanoingap #giaothonghanoi #untacgiaothonghanoi #mualongiocaodiem #thoitiethanoi",2026-09-15T10:30:17Z,2026-09-15T10:30:17Z,accept,flood_transport_hanoi,1,"flood_state,transport_impact,hanoi_location",0,search,ngập úng Hà Nội đi,,,,,,2026-09-25T10:33:42.663491+07:00
youtube,KaQi4jsOlKw,https://www.youtube.com/watch?v=KaQi4jsOlKw,Học sinh Hà Nội ở lại trường học do ngập lụt #tintuc,Học sinh Hà Nội ở lại trường học do ngập lụt #tintuc,2025-09-30T11:25:12Z,2025-09-30T11:25:12Z,reject,missing_group:transport_impact,1,"flood_state,hanoi_location",0,search,ngập lụt Hà Nội đi lại,,,,,,2026-09-25T10:39:34.083202+07:00
youtube,KbGMgcvnN4M,https://www.youtube.com/watch?v=KbGMgcvnN4M,"Danh sách các điểm ngập úng ở Hà Nội: Nơi phố thành sông, xe chết máy dắt bộ | Tin tức","Danh sách các điểm ngập úng ở Hà Nội: Nơi phố thành sông, xe chết máy dắt bộ | Tin tức
NLĐ | Danh sách các điểm ngập úng ở Hà Nội: Nơi phố thành sông, xe chết máy dắt bộ 
Mưa xối xả trong đêm khiến sáng ngày 7 tháng 10 khiến cho nhiều tuyến phố ở Hà Nội lại ngập nặng, gây khó khăn cho việc đi lại.
 Trong video này, chúng tôi sẽ thông tin về:
Danh sách các điểm ngập úng ở Hà Nội 
Bão số 11 Matmo đổ bộ vào Trung Quốc, hoàn lưu gây mưa to ở Bắc Bộ
Nghệ An: Cấm tàu thuyền ra khơi trong bão số 11
Hà Nội huy động 100% quân số trực chiến, kiểm soát toàn tuyến giao thông chống bão số 11
🔔 Hãy đăng kí kênh @Báo Người Lao động TV để không bỏ lỡ những thông tin hấp dẫn.
Thông tin sử dụng từ nguồn chính thức: 
https://vietnamnet.vn/mua-du-doi-suot-dem-ha-noi-lai-ngap-nang-o-nhieu-tuyen-pho-2449371.html?gidzl=j6lC0uyMu52pTie3ZG7cNhzuo0YQ1UfPfdx919K7jrIcUvfHbGRZ1AijpWEG1k82ht6TL6KBJXjaZHtdK0

#baoso11 #baomatmo #Hanoi #camduong #ngap #baonguoilaodong

----------------
📰 BÁO NGƯỜI LAO ĐỘNG – Kênh YouTube chính thức  
https://www.youtube.com/channel/UCzkyOx_0O1pGOqHiUMOe2KQ?sub_confirmation=1

Cập nhật liên tục:  
• Thời sự & Tin tức 24h  
• Quốc tế & Điểm nóng toàn cầu  
• Hồ sơ vụ án – Phân tích khách quan  
• Đời sống đô thị, Kinh tế & Sức khỏe  

🌐 Website: https://nld.com.vn  
📘 Fanpage: Người Lao Động  
🎵 TikTok: @baonguoilaodong  

👉 Đăng ký kênh để nhận thông tin nhanh chóng, chính xác và đáng tin cậy mỗi ngày.  
https://www.youtube.com/channel/UCzkyOx_0O1pGOqHiUMOe2KQ?sub_confirmation=1

🙏 Cảm ơn sự đồng hành của quý khán giả!  

#NguoiLaoDongTV #ThoiSu #TinTuc24h #TinQuocTe",2025-10-07T04:06:01Z,2025-10-07T04:06:01Z,accept,flood_transport_hanoi,1,"flood_state,transport_impact,hanoi_location",0,search,ngập lụt Hà Nội đi lại,,,,,,2026-09-25T10:38:11.598371+07:00
youtube,KmA_uvydT1g,https://www.youtube.com/watch?v=KmA_uvydT1g,Mưa Lớn Vẫn Đang Diễn Ra Ở Hà Nội,"Mưa Lớn Vẫn Đang Diễn Ra Ở Hà Nội
Mưa lớn vẫn tiếp diễn tại Hà Nội, nhiều tuyến đường xuất hiện ngập úng, ảnh hưởng việc đi lại.#MưaLớn #HàNội #NgậpLụt #TinCuộcSống",2026-09-17T04:00:05Z,2026-09-17T04:00:05Z,accept,flood_transport_hanoi,1,"flood_state,transport_impact,hanoi_location",0,search,ngập úng Hà Nội đi,,,,,,2026-09-25T10:32:56.553253+07:00
youtube,LI5767AZyNk,https://www.youtube.com/watch?v=LI5767AZyNk,"Hà Nội ngập sâu: Shipper &quot;bó tay&quot;, chủ hàng chèo thuyền giao đồ cho khách","Hà Nội ngập sâu: Shipper &quot;bó tay&quot;, chủ hàng chèo thuyền giao đồ cho khách
🏙️ LƯỢN LỜ PHỐ – TIN TỨC & NHỊP SỐNG ĐƯỜNG PHỐ / Hà Nội ngập sâu: Shipper ""bó tay"", chủ hàng chèo thuyền giao đồ cho khách 
 (Lượn Lờ Phố) - Nước ngập quá đầu gối, shipper (người giao hàng) không thể vào lấy hàng, vợ chồng chị Võ Huyền Trang (phường Kiến Hưng, Hà Nội) tự dùng thuyền hơi chèo đi giao những đơn cách nhà nửa cây số. Chèo thuyền đi giao hàng Trận mưa lớn liên tiếp từ đêm 16/9 đến sáng 17/9 khiến nhiều tuyến phố trung tâm Hà Nội ngập sâu 40-50cm, ngoại thành có nơi ngập cả mét. Sáng 17/9, vừa thức dậy mở cửa nhà, chị Võ Huyền Trang (chủ một tiệm chè ở phường Kiến Hưng, Hà Nội) bất ngờ thấy nước tràn vào tới cổng. Nhìn ra xung quanh, người phụ nữ thấy cả khu vực mình sinh sống chìm trong biển nước. Nghĩ đến số đơn hàng khách đặt phải giao trong hôm nay, chị vội vào nhà, đăng thông báo trên trang cá nhân dừng nấu chè. Các món ăn như nem, sủi cảo, chờ nước rút chị mới có thể mang hàng đi. “Mưa cả đêm qua, tôi đã lường trước sẽ ngập, nhưng không ngờ nước lên quá đầu gối khiến shipper không thể vào lấy hàng mang đi”, chị Trang nói. Chồng chị Trang đội mưa chèo thuyền từ nhà đi giao hàng cho khách (Ảnh

---
Video được tổng hợp và sản xuất by http://youtube.com/@LuonLoPho 
 Chào mừng bạn đến với **Đi cùng Lượn lờ Phố xem có gì mới có gì hot** – nơi cập nhật những **tin tức mới, câu chuyện đáng chú ý và những khoảnh khắc đời thường** đang diễn ra trong cuộc sống.
 
 📌 **Nội dung trên kênh:**
 * 📰 Tin tức mới và các sự kiện đáng chú ý
 * 🇻🇳 Tin tức trong nước
 * 🌎 Tin tức quốc tế
 * 🚦 Giao thông & tình hình đường phố
 * 🏙️ Đời sống, văn hóa và xã hội
 * 🍜 Ẩm thực, địa điểm và những góc phố thú vị
 * 🎥 Những câu chuyện, hình ảnh đáng chú ý được cập nhật liên tục
 
 🔔 **Đăng ký Lượn Lờ Phố** để không bỏ lỡ những thông tin mới và cùng chúng tôi khám phá cuộc sống qua từng con phố. 
 ⚠️ **Lưu ý:** Nội dung được tổng hợp, biên tập và trình bày nhằm cung cấp thông tin đến người xem. Các thông tin quan trọng có thể được cập nhật hoặc thay đổi theo diễn biến thực tế. 
 💬 Hãy **Like 👍 – Bình luận 💬 – Chia sẻ 🔄 – Đăng ký kênh 🔔** để ủng hộ Lượn Lờ Phố. 
 #LượnLờPhố #TinTức #TinMới #TinNóng #TinTrongNước #TinThếGiới #ĐờiSống #ĐườngPhố #LượnPhố #VicViet",2026-09-17T13:23:51Z,2026-09-17T13:23:51Z,accept,flood_transport_hanoi,1,"flood_state,transport_impact,hanoi_location",0,search,ngập nước Hà Nội giao thông,,,,,,2026-09-25T10:42:37.629547+07:00
youtube,LJektoML_qQ,https://www.youtube.com/watch?v=LJektoML_qQ,HÀ NỘI: HÀNG NGHÌN TỶ CHỐNG NGẬP ĐÃ &quot;ĐI ĐÂU&quot;? | BÁO NHÀ,"HÀ NỘI: HÀNG NGHÌN TỶ CHỐNG NGẬP ĐÃ &quot;ĐI ĐÂU&quot;? | BÁO NHÀ
Đổ nghìn tỷ chống ngập, nhưng cứ mưa là Hà Nội lại… ra khơi
#baonha #tintuc #batdongsan #thoisu #hanoi #ngaplut #hatang #matmo #bualoi",2025-10-14T13:00:56Z,2025-10-14T13:00:56Z,accept,flood_transport_hanoi,1,"flood_state,transport_impact,hanoi_location",0,search,ngập lụt Hà Nội đi lại,,,,,,2026-09-25T10:34:25.176603+07:00
youtube,LL7THmlKpqY,https://www.youtube.com/watch?v=LL7THmlKpqY,"Hà Nội: Xe máy nằm gần miệng cống, bí ẩn những phút cuối của nam sinh mất tích giữa mưa ngập","Hà Nội: Xe máy nằm gần miệng cống, bí ẩn những phút cuối của nam sinh mất tích giữa mưa ngập
Vấn đề hôm nay | Hà Nội: Xe máy nằm gần miệng cống, bí ẩn những phút cuối của nam sinh mất tích giữa mưa ngập
Liên quan đến vụ việc nam sinh Đại học Mỏ - Địa chất mất tích khi đi qua phố Viên (Đông Ngạc, Hà Nội), gần trưa 18/9, thi thể nạn nhân được tìm thấy tại khu vực cống thoát nước sông Nhuệ (Hà Nội).
⭐Xem kênh Youtube Báo Tiền Phong trên Google News: https://bit.ly/BaoTienPhongGoogleNews
--------------------------------------------
Tin tức báo Tiền Phong - Đọc tin mới online - tin nhanh - tin 24h - thời sự
🔔 ĐĂNG KÝ KÊNH để nhận những thông tin mới nhất: https://bit.ly/DangKyBaoTienPhong
⭐Website: https://www.tienphong.vn/
⭐Fanpage: https://www.facebook.com/www.tienphong.vn/
⭐TikTok: https://www.tiktok.com/@baotienphong.official
© Bản quyền thuộc báo điện tử Tiền Phong
Tiền phong, Tiền phong TV, tin tức, tin nóng, tin tức hôm nay, tin tức mới nhất hôm nay, tin tức mới nhất, tin thời sự, tin tức 24h, Vấn đề hôm nay, tin tức việt nam hôm nay, tin trong nước, tin tức trong nước mới nhất
#baotienphong #tienphongtv #vandehomnay",2026-09-18T10:38:36Z,2026-09-18T10:38:36Z,accept,flood_transport_hanoi,1,"flood_state,transport_impact,hanoi_location",0,search,ngập úng Hà Nội đi,,,,,,2026-09-25T10:31:31.143224+07:00
youtube,LMyJPLAF4Uc,https://www.youtube.com/watch?v=LMyJPLAF4Uc,HÀ NỘI NGẬP NẶNG SÁNG 17/9?: Mưa Lớn Còn Tiếp Diễn? Cảnh Báo Thời Tiết 3 Ngày Tới #mualon #ngập,"HÀ NỘI NGẬP NẶNG SÁNG 17/9?: Mưa Lớn Còn Tiếp Diễn? Cảnh Báo Thời Tiết 3 Ngày Tới #mualon #ngập
Hà Nội ngập úng nhiều điểm sau mưa lớn sáng 17/9/2026. Mưa lớn khiến nhiều tuyến đường tại Thủ đô ngập sâu, giao thông đi lại khó khăn. Trong livestream hôm nay, Hà Nội Phố cập nhật tình hình mưa ngập thực tế tại Hà Nội và diễn biến thời tiết mới nhất trên cả nước.

Bản tin tập trung phân tích thời tiết Hà Nội hôm nay và 3 ngày tới, khả năng mưa lớn tiếp diễn, nguy cơ ngập úng tại khu vực đô thị và những diễn biến đáng chú ý tại miền Bắc.

Bên cạnh Hà Nội, chúng tôi cập nhật tình hình mưa lớn Bắc Bộ, thời tiết miền Trung, Tây Nguyên và Nam Bộ, đặc biệt xu hướng mưa có khả năng gia tăng tại Nam Bộ trong những ngày tới.

Ngoài ra, Hà Nội Phố tiếp tục theo dõi diễn biến thời tiết trên Biển Đông, các vùng nhiễu động, áp thấp và nguy cơ thời tiết nguy hiểm nếu có thông tin mới từ cơ quan khí tượng.

🌧️ Hà Nội hôm nay mưa đến bao giờ?
🌊 Những khu vực nào còn nguy cơ ngập?
⚠️ Miền Bắc có tiếp tục mưa lớn trong những ngày tới?
⛈️ Miền Trung và Nam Bộ sẽ diễn biến thế nào?
🌊 Biển Đông có xuất hiện diễn biến đáng chú ý?

Hãy bình luận khu vực bạn đang sinh sống và cho Hà Nội Phố biết tình hình mưa, ngập thực tế tại nơi bạn đang ở để cùng cập nhật thông tin cho cộng đồng.

🔔 Đăng ký Hà Nội Phố và bật chuông thông báo để cập nhật nhanh các bản tin thời tiết, mưa lớn, ngập úng, bão và áp thấp mới nhất.

#ThoiTietHaNoi #HaNoiNgap #MuaLonHaNoi #ThoiTietHomNay #DuBaoThoiTiet #HaNoiPho #MuaNgap #ThoiTiet17_9 #BaoApThap #BienDong

━━━━━━━━━━━━━━━━━━━━

⚠️ MIỄN TRỪ TRÁCH NHIỆM

📌 Nội dung trên kênh Hà Nội Phố được biên tập từ nhiều nguồn thông tin chính thống và uy tín trong nước, quốc tế tại thời điểm sản xuất video.

🌦️ Thời tiết và thiên tai có thể diễn biến rất nhanh, vì vậy thông tin trong video có thể thay đổi sau thời điểm đăng tải.

📖 Các video chỉ nhằm mục đích cung cấp thông tin và tham khảo, không thay thế các bản tin, cảnh báo hoặc hướng dẫn chính thức của cơ quan nhà nước có thẩm quyền.

🚨 Khi xảy ra thiên tai hoặc thời tiết nguy hiểm, vui lòng ưu tiên theo dõi các thông báo chính thức từ cơ quan chức năng tại địa phương để có thông tin cập nhật và chính xác nhất.

©️ Hình ảnh, bản đồ, dữ liệu và các tư liệu (nếu có) thuộc quyền sở hữu của các đơn vị tương ứng. Việc sử dụng trong video nhằm mục đích cung cấp thông tin, bình luận và giáo dục theo quy định của pháp luật hiện hành.

🙏 Xin chân thành cảm ơn quý vị và các bạn đã luôn tin tưởng, theo dõi và đồng hành cùng Hà Nội Phố. Kính chúc quý vị và gia đình luôn mạnh khỏe, bình an và có thật nhiều niềm vui!

© Bản quyền thuộc về @HàNộiPhố
© Copyright by @HàNộiPhố ☞ Do not Reup",2026-09-17T10:55:28Z,2026-09-17T10:55:28Z,accept,flood_transport_hanoi,1,"flood_state,transport_impact,hanoi_location",0,search,ngập úng Hà Nội đi,,,,,,2026-09-25T10:31:54.519336+07:00
youtube,LYReuNMZDes,https://www.youtube.com/watch?v=LYReuNMZDes,Nhiều tuyến đường Hà Nội sau trận mưa kéo dài từ đêm 16/9 đến sáng 17/9,"Nhiều tuyến đường Hà Nội sau trận mưa kéo dài từ đêm 16/9 đến sáng 17/9
Mưa lớn từ đêm qua (16/9) đến sáng nay (17/9) khiến nhiều tuyến phố Hà Nội ngập sâu, giao thông gặp khó khăn, các phương tiện phải di chuyển chậm, nhiều phụ huynh phải cõng con đến trường giữa những tuyến phố ngập nước. 
-------
#vtv24 #chuyendong24h
► Chuyển động 24h do Ban Thời sự sản xuất, phát sóng trên kênh VTV1 - Đài Truyền hình Việt Nam.
►  Đăng ký ngay YouTube Chuyển động 24h:
- https://www.youtube.com/@vtvchuyendong
►  Theo dõi Chuyển động 24h trên các trang mạng xã hội khác:
- https://www.facebook.com/vtvchuyendong
- https://www.tiktok.com/@chuyendong24hnews

Bản quyền thuộc về  VTV - Đài Truyền hình Việt Nam.
Copyright © 2024 Vietnam Television.",2026-09-17T03:08:11Z,2026-09-17T03:08:11Z,accept,flood_transport_hanoi,1,"flood_state,transport_impact,hanoi_location",0,search,lụt Hà Nội di chuyển,,,,,,2026-09-25T10:49:59.057314+07:00
youtube,LeILykDbmlA,https://www.youtube.com/watch?v=LeILykDbmlA,HÀ NỘI NGẬP SÂU: GIAO THÔNG TÊ LIỆT | Tin Tức Nóng Nhất,"HÀ NỘI NGẬP SÂU: GIAO THÔNG TÊ LIỆT | Tin Tức Nóng Nhất
Nhiều tuyến phố Hà Nội ngập sâu, có nơi gần một mét, người dân chật vật đi làm, đưa con đi học hoặc không thể ra khỏi nhà khi lượng mưa từ đêm qua đến sáng nay vượt 150 mm.

📌 CÁC ĐIỂM NÓNG TRONG VIDEO:
• Cảnh 1: Mưa lớn kéo dài khiến nhiều tuyến phố chìm trong biển nước, gây ách tắc nghiêm trọng.
• Cảnh 2: Lượng mưa từ đêm qua đến sáng nay vượt mức một trăm năm mươi milimét, gây ngập cục bộ.
• Cảnh 3: Đường Cầu Diễn trên quốc lộ ba mươi hai ngập sâu gần nửa mét, xe chết máy, người dắt bộ.
• Cảnh 4: Nhiều hộ dân lắp tấm sắt cao gần một mét để chắn nước, cảnh giác trước nguy cơ ngập tiếp.

👉 Nhấn THEO DÕI / ĐĂNG KÝ KÊNH để cập nhật những tin tức thời sự nóng nhất mỗi ngày!
💬 Để lại ý kiến của bạn bên dưới phần bình luận!

#hanoi #ngapnuoc #giaothong #tinnong #luongmua #thiethai #thoitiet #caudien #quoclo32 #achtac #channuoc #tintuc #tintuc24h #thoisu #xuhuong #shorts #reels #tiktok #vietnam",2026-09-17T13:15:31Z,2026-09-17T13:15:31Z,accept,flood_transport_hanoi,1,"flood_state,transport_impact,hanoi_location",0,search,ngập nước Hà Nội giao thông,,,,,,2026-09-25T10:42:41.090460+07:00
youtube,Lj_PNJiAfcA,https://www.youtube.com/watch?v=Lj_PNJiAfcA,"🔴 TRỰC TIẾP: MƯA LỚN diện rộng, đường phố Hà Nội ĐÔNG ĐÚC sáng thứ Tư  #vovgiaothong #fm91","🔴 TRỰC TIẾP: MƯA LỚN diện rộng, đường phố Hà Nội ĐÔNG ĐÚC sáng thứ Tư  #vovgiaothong #fm91
🔴 TRỰC TIẾP:MƯA LỚN diện rộng, đường phố Hà Nội ĐÔNG ĐÚC sáng thứ Tư #vovgiaothong #fm91

Chào mừng quý vị và các bạn đến với luồng phát trực tiếp của kênh YouTube VOV Giao thông! Sáng thứ Tư (16/9), hành trình đi làm giữa tuần của người dân Thủ đô đang gặp vô vàn thử thách khi trời đổ mưa lớn trên diện rộng. Cơn mưa to đến rất to kèm theo tiết trời se lạnh ở mức 24 độ C không chỉ làm hạn chế tầm nhìn, khiến mặt đường trơn trượt mà còn kéo theo nguy cơ ngập đọng tại nhiều khu vực trũng thấp. Lượng phương tiện hối hả đổ ra đường trong điều kiện thời tiết xấu khiến áp lực giao thông gia tăng đột biến. Nhiều trục đường hướng tâm và ngã tư trọng điểm đang ghi nhận tình trạng đông đúc, dòng xe phải nối đuôi nhau di chuyển rất chậm chạp. Thông qua luồng phát trực tiếp này, chúng tôi sẽ liên tục cập nhật hình ảnh từ hệ thống camera giám sát, giúp quý thính giả nhanh chóng nắm bắt được tuyến đường nào đang có mật độ cao, khu vực nào đang đọng nước để chủ động tìm ra lộ trình di chuyển an toàn và thông thoáng nhất.

Sự chung tay chia sẻ thông tin từ chính quý vị đang lưu thông trên đường là nguồn dữ liệu vô giá đối với cộng đồng. Nếu quý vị đang gặp khó khăn khi di chuyển, phải nhích từng mét hay phát hiện các điểm ngập sâu, ổ gà nguy hiểm bị nước che khuất, hãy nhanh chóng để lại bình luận dưới video hoặc gọi trực tiếp về đường dây nóng của VOV Giao thông qua số điện thoại 024.37.91.91.91 (khu vực Hà Nội) và 028.39.91.91.91 (khu vực TP. Hồ Chí Minh). Quý vị tài xế lưu ý, trong điều kiện mưa lớn, hãy giữ chắc tay lái, đi đúng tốc độ, duy trì khoảng cách an toàn và hạn chế phanh gấp. Nếu mưa quá to, quý vị có thể cân nhắc lùi thời gian di chuyển hoặc tìm nơi trú mưa kiên cố để đảm bảo an toàn tuyệt đối.

Để luôn vững vàng tay lái trước những diễn biến bất ngờ của thời tiết, quý vị đừng quên nhấn Like, Chia sẻ luồng trực tiếp này đến người thân, bạn bè và nhấn nút Đăng ký kênh (Subscribe) cùng biểu tượng chuông thông báo. Quý vị cũng có thể cập nhật nhanh các tin tức giao thông đa chiều qua website chính thức vovgiaothong.vn hoặc Fanpage Facebook VOV Giao thông. Chúc quý thính giả giữ ấm cơ thể, vững tay lái qua màn mưa và có một ngày làm việc giữa tuần an toàn, hiệu quả!


#VOVGiaothong #GiaoThongHaNoi #TrucTiepGiaoThong #UnTacGiaoThong #KetXe #SauMuaLon #GioCaoDiem #TinTucGiaoThong #AnToanGiaoThong


#vovgiaothong #vovgt #tintuc #hotnews #news #thongtin #tainan #giaothong #vacham #suco #tieudiem #tinnong #xuhuong #cameragiaothong #checkvar #tinhuonggiaothong #camerahanhtrinh #binhluan #gocnhin #caotoc #vov #daitiengnoivietnam #phatthanh #daiphatthanh #tacduong #treem #hoahong #maiamhoahong #baovetreem #tructiep #live #livestream #diendan #vandenong #baokajiki #kajiki #sieubao #tructiep #livestream #live  
--------------------------------------------
Đăng ký theo dõi Kênh Youtube VOV Giao thông để xem những tin tức mới nhất:
https://youtube.com/@kenhvovgiaothong?si=OStZt6XJZU1sYzBU

Đây là Kênh Youtube chính thức của Kênh VOV Giao thông - Đài Tiếng nói Việt Nam
- Website: https://vovgiaothong.vn/
- Fanpage: https://www.facebook.com/KenhVOVGT

Tầng 10, Số 58 Quán Sứ, Hà Nội
ĐT: 02437.919191
Email: vovgtchannel@gmail.com",2026-09-16T02:22:08Z,2026-09-16T02:22:08Z,accept,flood_transport_hanoi,1,"flood_state,transport_impact,hanoi_location",1,search,đường ngập Hà Nội lưu thông,,,,,,2026-09-25T10:51:27.216564+07:00
youtube,LnJKgcYBxk0,https://www.youtube.com/watch?v=LnJKgcYBxk0,"Cao tốc Hà Nội – Thái Nguyên hết ngập, giao thông dần trở lại bình thường | Bảo hiểm PJICO","Cao tốc Hà Nội – Thái Nguyên hết ngập, giao thông dần trở lại bình thường | Bảo hiểm PJICO
Cao tốc Hà Nội – Thái Nguyên hết ngập, giao thông dần trở lại bình thường | Bảo hiểm PJICO

Sáng 11/10, Cục Đường bộ Việt Nam cho biết cao tốc Hà Nội – Thái Nguyên đã rút hết nước ở hướng đi Thái Nguyên, các phương tiện có thể di chuyển trở lại. Hiện chỉ còn đoạn Km29 hướng Thái Nguyên – Hà Nội ngập nhẹ 20-30cm. Lực lượng chức năng đang tiếp tục phân luồng, đảm bảo giao thông an toàn.

#caotocHanoiThaiNguyen #ngaplut #tinthoisu #giaothong #PJICO #VTV #VTVcab #baohiempjico #bhxh #bhyt #tintuc #tintuc24h #tinmoi #tinnong #thoisu #tinthờitiết #tinbao #tinbão
-----------------------------------------
VTVcab là đơn vị đầu tiên và duy nhất hợp tác kinh doanh các sản phẩm bảo hiểm PJICO trực tuyến trên nền tảng mạng xã hội (Facebook, YouTube, TikTok)

★ Đăng ký kênh và bấm chuông theo dõi những tin tức mới nhất từ PJICO – Tổng Công ty Cổ phần Bảo hiểm Petrolimex:
Đăng kí ngay 👉 https://www.youtube.com/@pjico79?sub_confirmation=1
Click for subscribe 👉 https://www.youtube.com/@pjico79?sub_confirmation=1
-----------------------------------------
© Bản quyền thuộc về PJICO và VTVcab | Do not Reup
★ Địa chỉ: Số 3/84 Ngọc Khánh, quận Ba Đình, Hà Nội, Việt Nam
★ Email: dvs.kinhdoanh@vtvcab.vn
★ Hotline: 1900 545455",2025-10-11T06:45:34Z,2025-10-11T06:45:34Z,accept,flood_transport_hanoi,1,"flood_state,transport_impact,hanoi_location",0,search,ngập nước Hà Nội giao thông,,,,,,2026-09-25T10:05:58.120833+07:00
youtube,Lqe29wZwlIE,https://www.youtube.com/watch?v=Lqe29wZwlIE,Hoàn lưu bão số 11: Hà Nội 1 lần nữa ngập &quot;kinh hoàng&quot; #vovgiaothong #fm91,"Hoàn lưu bão số 11: Hà Nội 1 lần nữa ngập &quot;kinh hoàng&quot; #vovgiaothong #fm91
Hoàn lưu bão số 11 tiếp tục gây mưa lớn trên diện rộng, khiến nhiều tuyến phố Hà Nội chìm trong biển nước, xe chết máy hàng loạt, người dân phải bì bõm lội qua dòng nước sâu.

Tham gia hội viên của VOV Giao thông bạn nhé:
https://www.youtube.com/channel/UCPeJU6XNeZMwaHYXE27Vgmg/join

Kính chào quý khán thính giả đã đến với channel chính thức của Kênh VOV Giao thông, Đài Tiếng nói Việt Nam. Kính chúc quý vị sẽ có thời gian theo dõi tin tức hữu ích cùng VOV Giao thông. Nếu có hình ảnh nào đáng chú ý trên đường, các bạn có thể gửi về số điện thoại zalo: 0988239969.

#vovgiaothong #vovgt #tintuc #hotnews #news #thongtin #giaothong #tieudiem #tinnong #xuhuong #cameragiaothong #bãosố11 #mưalớn #ngậpHàNội #hoànlưubãosố11 #HàNộingậpsâu #thờitiếthômnay #checkvar #tinhuonggiaothong #camerahanhtrinh #binhluan #gocnhin #caotoc #vov #daitiengnoivietnam #phatthanh #daiphatthanh #batdongsan #nhadat #ngaogia
--------------------------------------------
Đăng ký theo dõi Kênh Youtube VOV Giao thông để xem những tin tức mới nhất:
https://youtube.com/@kenhvovgiaothong?si=OStZt6XJZU1sYzBU

Đây là Kênh Youtube chính thức của Kênh VOV Giao thông - Đài Tiếng nói Việt Nam
- Website: https://vovgiaothong.vn/
- Fanpage: https://www.facebook.com/KenhVOVGT

Tầng 10, Số 58 Quán Sứ, Hà Nội
ĐT: 02437.919191
Email: vovgtchannel@gmail.com",2025-10-07T09:23:23Z,2025-10-07T09:23:23Z,accept,flood_transport_hanoi,1,"flood_state,transport_impact,hanoi_location",0,search,phố ngập Hà Nội tham gia giao thông,,,,,,2026-09-25T11:13:36.407926+07:00
youtube,M-KeeHXNXJs,https://www.youtube.com/watch?v=M-KeeHXNXJs,"Hà Nội ngập sâu, người dân tát nước và đi thuyền trên phố","Hà Nội ngập sâu, người dân tát nước và đi thuyền trên phố
Mưa lớn khiến nhiều khu vực Hà Nội ngập sâu, người dân dùng ván gỗ, xô chậu và thuyền để ứng phó với nước tràn. #tintuc #tinnhanh #tin24h #news #xuhuongyoutobe #https://www.youtube.com/@giahantv130 #https://www.facebook.com/profile.php?id=61593577179397&locale=vi_VN

#Shorts",2026-09-17T09:05:49Z,2026-09-17T09:05:49Z,accept,flood_transport_hanoi,1,"flood_state,transport_impact,hanoi_location",0,search,ngập úng Hà Nội đi,,,,,,2026-09-25T10:32:04.137531+07:00
youtube,M5PJec0-xeM,https://www.youtube.com/watch?v=M5PJec0-xeM,Tình trạng ngập lụt nghiêm trọng tại Hà Nội #hanoi #thoitiet #ngaplut,"Tình trạng ngập lụt nghiêm trọng tại Hà Nội #hanoi #thoitiet #ngaplut
Tình trạng ngập lụt nghiêm trọng tại Hà Nội #hanoi #thoitiet #ngaplut 

Hà Nội ngập sau mưa lớn – Càng sống ở Hòa Lạc, tôi càng thấy mình may mắn!
Có những ngày nhìn cảnh Hà Nội ngập sâu sau mưa lớn, tôi lại thấy biết ơn vì mình đã chọn Hòa Lạc làm nơi sinh sống và làm việc.
Tôi không chọn nội thành, không có những cuộc vui sang chảnh, không có bar hay những trung tâm thương mại sầm uất ngay gần nhà. Nhưng đổi lại, tôi có một cuộc sống mà bản thân thực sự thấy dễ chịu.
Nhìn video, những tuyến đường ngập nước, xe máy chật vật di chuyển, ô tô nối đuôi nhau giữa dòng nước, tôi lại càng trân trọng nơi mình đang sống.
Ở Hòa Lạc, đường sá rộng rãi, không khí thoáng đãng. Khu vực tôi sinh sống ít khi xảy ra ngập sâu, kể cả những ngày mưa lớn. Tất nhiên, Hòa Lạc vẫn có những vùng trũng bị ngập cục bộ, chứ không phải nơi nào cũng hoàn hảo.
Ngay cả những khu đô thị cao cấp như Ciputra cũng khiến tôi suy nghĩ nhiều hơn về vấn đề thoát nước. Một nơi đáng sống, với tôi, không chỉ nằm ở giá trị căn nhà hay sự sang trọng bên ngoài, mà còn ở những điều rất bình thường: đường về nhà, không khí để thở và sự bình yên mỗi ngày.
Làm bất động sản Hòa Lạc, tôi không chỉ muốn bán một mảnh đất. Tôi muốn chia sẻ với anh chị về một nơi mà chính mình đã lựa chọn để sống và gắn bó.
Hòa Lạc không có tất cả những gì phố thị có, nhưng có những điều mà càng sống lâu, tôi càng thấy đáng quý. ❤️
Anh chị nào muốn về Hòa Lạc sinh sống, tìm đất xây nhà hay đầu tư thì nhắn em nhé!
 
việt nam, vấn đề hôm nay, tin tức, dự báo thời tiết, vtv24, kiều liên bds, bất động sản hòa lạc, dat nen hoa lac, đại học quốc gia hòa lạc, mua đất hòa lạc, đất nền phú cát, đất nền láng hòa lạc, bán đất hòa lạc, đất tân xã, quy hoạch hòa lạc, đất láng hòa lạc, đất nền hoà lạc, đầu tư đất nền, đầu tư đất nền hòa lạc, đất nền hòa lạc, đất hòa lạc, hòa lạc, thời tiết, du bao thoi tiet, vtv thời tiết
#datthocuHoaLac #congnghecaoHoaLac #datnenvendo #datnenTanXa #dautuHoaLac #đất_nền_hòa_lạc​​​​​​​​​ #dat_hoa_lac​​​​​​​​​ #datnenhoalac #datnenPhuCat
#KieuLienbds",2026-09-17T09:25:26Z,2026-09-17T09:25:26Z,accept,flood_transport_hanoi,1,"flood_state,transport_impact,hanoi_location",0,search,lụt Hà Nội di chuyển,,,,,,2026-09-25T10:49:36.446853+07:00
youtube,MFhft6-_dBQ,https://www.youtube.com/watch?v=MFhft6-_dBQ,Hà Nội sắp mưa lớn trong 3 giờ tới | Tin nhanh,"Hà Nội sắp mưa lớn trong 3 giờ tới | Tin nhanh
PLO | Hà Nội sắp mưa lớn trong 3 giờ tới
Vùng mây đối lưu đang di chuyển về Hà Nội, dự báo gây mưa dông kèm lốc, sét, mưa đá và gió giật mạnh. Mưa lớn cục bộ có thể gây ngập úng, lũ quét sông suối nhỏ và sạt lở đất tại những vùng trũng, thấp.
Trong video có những nội dung chính sau:
Hà Nội sắp mưa lớn trong 3 giờ tới
Không khí lạnh tăng cường, miền Bắc và Trung Bộ chuẩn bị đón mưa và rét
Miền Bắc sắp đón đợt không khí lạnh đầu tiên, thời tiết chuyển se lạnh kéo dài
Miền Bắc chuẩn bị đón đợt gió lạnh đầu mùa
Vùng áp thấp gần Philippines có khả năng thành bão số 12, cảnh báo mưa tại miền Trung
Theo bạn, liệu không khí lạnh năm nay có thực sự đến sớm hơn mọi năm? Hãy để lại bình luận nhé.
🔔 Đừng quên like, share và subscribe kênh @PLOTV để không bỏ lỡ các nội dung ý nghĩa tiếp theo!
Thông tin trên được sử dụng từ nguồn chính thức: 
https://laodong.vn/moi-truong/may-dong-un-un-keo-den-canh-bao-ha-noi-sap-chuyen-mua-trong-3-gio-toi-1594410.ldo 

#hanoi #muadong #thoitiet #dudoanmuadong #thanhphohanoi #nguycomua#baophapluattphcm 
----------------------------
📰 PLO | Báo Pháp Luật TP.HCM – Kênh YouTube chính thức  
Nơi cập nhật tin tức thời sự, chính trị, pháp luật, quốc tế nhanh chóng – chính xác – khách quan.  

📺 Nội dung nổi bật trên kênh:  
• Toàn Cảnh Thời Sự – Phân tích chính trị, xã hội, pháp luật mỗi ngày  
• Toàn Cảnh Quốc Tế – Diễn biến thế giới qua góc nhìn thời sự  
• Lật Mở Hồ Sơ – Sự thật phía sau những vụ án nổi tiếng  
• Phóng sự & Series đặc biệt – Giải mã các câu chuyện thời sự được quan tâm  

👉 Đăng ký ngay để không bỏ lỡ tin tức nóng hổi, phân tích chuyên sâu và góc nhìn chính thống từ Báo Pháp Luật TP.HCM.  
🔔 Subscribe: https://www.youtube.com/c/PLOTV?sub_confirmation=1  

🌐 Theo dõi Báo Pháp Luật TP.HCM trên các nền tảng khác:  
• Website: https://plo.vn  
• Fanpage: https://www.facebook.com/phapluattp.vn/  

⚠️ Bản quyền thuộc Báo Pháp Luật TP.HCM – Vui lòng không reup khi chưa có sự đồng ý.  

#PLO #ThoiSu #PhapLuat #TinTucMoiNhat #BaoPhapLuatTPHCM",2025-10-19T12:00:06Z,2025-10-19T12:00:06Z,accept,flood_transport_hanoi,1,"flood_state,transport_impact,hanoi_location",1,search,lụt Hà Nội di chuyển,,,,,,2026-09-25T10:46:57.727901+07:00
youtube,MMzHJXer9r0,https://www.youtube.com/watch?v=MMzHJXer9r0,Cập nhật mới nhất ngập lụt ở Hà Nội sau bão Matmo,"Cập nhật mới nhất ngập lụt ở Hà Nội sau bão Matmo
Khu vực đường Lê Quang Đạo, trước sân Mỹ Đình ngập úng. Hiện các phương tiện di chuyển rất khó khăn!",2025-10-08T03:12:13Z,2025-10-08T03:12:13Z,accept,flood_transport_hanoi,1,"flood_state,transport_impact,hanoi_location",0,search,lụt Hà Nội di chuyển,,,,,,2026-09-25T10:48:36.171365+07:00
youtube,MRjgq5lRX8s,https://www.youtube.com/watch?v=MRjgq5lRX8s,Bế Con Nhỏ Đi Bụi Hà Nội: Gia Đình Mỹ &quot;Sốc Nhiệt&quot; Trước Giao Thông Và Cơn Địa Chấn Tâm Lý Tại Hỏa Lò,"Bế Con Nhỏ Đi Bụi Hà Nội: Gia Đình Mỹ &quot;Sốc Nhiệt&quot; Trước Giao Thông Và Cơn Địa Chấn Tâm Lý Tại Hỏa Lò
#ViệtNamVănMinh #GiaĐìnhMỹ

Một gia đình ba người đến từ Mỹ đã rời bỏ vùng an toàn, bế theo cậu con trai nhỏ Falcon và bắt đầu chuyến du lịch bụi kéo dài ba tháng tại Việt Nam. Từ cú sốc giao thông ở Hà Nội, chuyến tàu đêm huyền thoại lên Lào Cai, tai nạn thót tim tại Sa Pa cho đến thử thách sinh tồn chỉ với 45 đô la ở Ninh Bình, hành trình của Asher và Katie đã trải qua đủ mọi cung bậc cảm xúc.

Ngay khi đặt chân đến Hà Nội, dòng xe máy cuồn cuộn cùng tiếng còi xe vang khắp phố phường khiến hai vợ chồng không khỏi hoang mang. Thế nhưng, sự giúp đỡ nhiệt tình của người dân, ly cà phê trứng béo ngậy, cà phê muối đậm đà và khoảnh khắc đoàn tàu gầm rú lao qua Phố Đường Tàu đã nhanh chóng khiến cả gia đình thay đổi suy nghĩ.

Họ tiếp tục khám phá ẩm thực thuần chay Việt Nam, thưởng thức nem cuốn đầy rau xanh và các loại nấm, sau đó lặng người trước những câu chuyện lịch sử tại Di tích Nhà tù Hỏa Lò. Chuyến xem múa rối nước đầy tiếng cười của cậu bé Falcon đã khép lại những ngày đầu tiên tại Thủ đô bằng số điểm 10/10.

Nhưng thử thách lập tức xuất hiện khi Asher và Katie bị ngộ độc thực phẩm sau một bữa ăn tại khu Phố Cổ. Trong tình trạng cơ thể còn mệt mỏi, gia đình vẫn tiếp tục hành trình trên chuyến tàu đêm SP3. Khoang VIP bốn giường sạch sẽ, thơm mùi quế và ngập ánh đèn vàng khiến họ liên tưởng đến chuyến tàu Hogwarts trong thế giới phép thuật.

Đặt chân tới Sa Pa, cả gia đình chinh phục Fansipan bằng hệ thống cáp treo ba dây xuyên mây, khám phá văn hóa của người H’Mông tại bản Cát Cát và thưởng thức cá suối, xôi nếp cùng những món ăn vùng cao. Tuy nhiên, chuyến đi bất ngờ biến thành một đêm kinh hoàng khi Falcon trượt chân, đập đầu và phải được đưa tới bệnh viện kiểm tra. May mắn thay, sau một đêm được bố mẹ theo dõi sát sao, cậu bé đã tỉnh táo và tiếp tục chạy nhảy bình thường.

Vừa vượt qua sự cố, gia đình Mỹ lại lựa chọn cung trekking khó nhất, băng qua những con đường núi ngập bùn để tìm hiểu cuộc sống của đồng bào Tây Bắc. Họ kinh ngạc trước sức khỏe dẻo dai của những phụ nữ H’Mông, phương pháp giác hơi bằng sừng trâu, kỹ thuật tước sợi lanh và quy trình nhuộm chàm có thể kéo dài nhiều tháng để hoàn thiện một bộ trang phục truyền thống.

Rời Sa Pa, hành trình tiếp tục tại Ninh Bình với thử thách chi tiêu chỉ 45 đô la cho cả gia đình trong một ngày. Với số tiền ấy, họ thuê được homestay có bữa sáng, xe máy, thưởng thức bánh mì, gà xào cốt dừa và đậu hũ thuần chay, đồng thời chinh phục gần 500 bậc đá tại Hang Múa để ngắm nhìn toàn cảnh Tam Cốc từ đỉnh Ngọa Long.

Gia đình Asher còn thuê riêng một chiếc thuyền khám phá Tràng An, luồn qua những hang động ngập nước, ghé thăm đền chùa cổ kính và chiêm ngưỡng cảnh sắc từng xuất hiện trong bộ phim Kong: Skull Island. Tại Vườn chim Thung Nham, cậu bé Falcon được quan sát dơi, chim trời, trâu nước và tự tay giải cứu một chú vịt con mắc kẹt.

Sau ba tháng rong ruổi, điều khiến gia đình Mỹ nhớ nhất không chỉ là cảnh sắc hùng vĩ hay những bữa ăn có mức giá khó tin. Đó còn là nhịp sống phóng khoáng, sự linh hoạt, lòng hiếu khách và tình người mà họ cảm nhận được trên từng chặng đường.

Theo quý vị, trải nghiệm nào đáng nhớ nhất trong chuyến đi của gia đình Asher? Hãy để lại bình luận, nhấn THÍCH, CHIA SẺ và ĐĂNG KÝ kênh Việt Nam Văn Minh để tiếp tục đồng hành cùng chúng tôi trong những hành trình khám phá Việt Nam qua góc nhìn của bạn bè quốc tế!

 #DuLịchViệtNam #HàNội #SaPa #Fansipan #BảnCátCát #NgườiHMông #NinhBình #TràngAn #HangMúa #ThungNham


---------------------------------------------
This video did not mean to harm anyone or any companies, is made under the intentions of fair use of educational purposes to only teach the viewer.
------------------------------------------
Copyright Disclaimer! 

Title 17, US Code (Sections 107-118 of the copyright law, Act 1976): All media in this video is used for purpose of review & commentary under terms of fair use. All footage, & images used belong to their respective companies. Fair use is a use permitted by copyright statute that might otherwise be infringing.",2026-09-24T02:30:09Z,2026-09-24T02:30:09Z,accept,flood_transport_hanoi,1,"flood_state,transport_impact,hanoi_location",0,search,ngập nước Hà Nội giao thông,,,,,,2026-09-25T10:40:00.905567+07:00
youtube,Mnup_Js6_ig,https://www.youtube.com/watch?v=Mnup_Js6_ig,Nguy cơ tai nạn khi di chuyển trên đường ngập sâu | VTVWDB,"Nguy cơ tai nạn khi di chuyển trên đường ngập sâu | VTVWDB
Nguy cơ tai nạn khi di chuyển trên đường ngập sâu | VTVWDB

🌈 Dự báo thời tiết VTV là Kênh Youtube chính thức của Phòng Thời Tiết và Môi Trường, Ban Thời Sự – Đài Truyền Hình Việt Nam.

#dubaothoitiet #dbtt #vtvwdb #thoitiet #bantinthoitiet #vtvthoitiet #dubaothoitietvtv #thoitietvtv

►  Cập nhật về tình hình thời tiết và thiên tai nhanh nhất tại Dự Báo Thời Tiết VTV

👉Đăng ký kênh ngay:  https://www.youtube.com/vtvwdb?sub_confirmation=1
✔️Đồng hành cùng VTVWDB tại:
📌Fanpage chính thức      : https://fb.com/vtvthoitiet
📌Website chính thức       : https://vtvgo.vn/video/catalog/list/vodchannel_1172/thoi-tiet-hom-nay-11,vodchannel_1166.html
➥ Đơn vị vận hành: Phòng Thời Tiết và Môi Trường, Ban Thời Sự - Đài THVN, 43 Nguyễn Chí Thanh - Ba Đình - Hà Nội.
📞 Hotline tiếp nhận phán ánh về thiên tai và môi trường : 0983.456.456 - 0858.247.247
📧 Email: thoitiet@vtv.vn
©Bản Quyền Thuộc Về Đài Truyền Hình Việt Nam ✖️ Không đăng tải lại video.",2025-10-08T02:54:31Z,2025-10-08T02:54:31Z,accept,flood_transport_hanoi,1,"flood_state,transport_impact,hanoi_location",0,search,lụt Hà Nội di chuyển,,,,,,2026-09-25T10:48:39.535552+07:00
youtube,Nie4aPryCzw,https://www.youtube.com/watch?v=Nie4aPryCzw,"Đường phố Hà Nội ùn tắc, ngập sâu, gần 9h sáng nhiều người vẫn chưa tới được chỗ làm","Đường phố Hà Nội ùn tắc, ngập sâu, gần 9h sáng nhiều người vẫn chưa tới được chỗ làm
Xem thêm tại: https://tuoitre.vn/duong-pho-ha-noi-un-tac-ngap-sau-gan-9h-sang-nhieu-nguoi-van-chua-toi-duoc-cho-lam-100260917084145068.htm

Mưa lớn kèm ngập úng khiến giao thông Hà Nội sáng 17-9 ùn tắc nghiêm trọng, người dân phải chật vật đi qua điểm tắc, ngập để tới nơi làm việc, đưa con tới trường.

#tinnong #thoitiet #tintuc 
----------------
📰  Kênh YouTube chính thức cập nhật liên tục:  
• Thời sự & Tin tức 24h  
• Quốc tế & Điểm nóng toàn cầu 
 
👉 Đăng ký kênh để nhận thông tin nhanh chóng, chính xác và đáng tin cậy mỗi ngày.  https://www.youtube.com/@NguoiLaoDongTV?sub_confirmation=1

🌐 Website: https://tuoitre.vn

#NguoiLaoDongTV #ThoiSu #TinTuc24h #TinQuocTe",2026-09-17T05:30:19Z,2026-09-17T05:30:19Z,accept,flood_transport_hanoi,1,"flood_state,transport_impact,hanoi_location",0,search,ngập úng Hà Nội đi,,,,,,2026-09-25T10:32:34.032967+07:00
youtube,Nmv0Cr8qzT8,https://www.youtube.com/watch?v=Nmv0Cr8qzT8,"Hà Nội đã có nắng nhưng nhiều nơi vẫn “bì bõm”, người dân vật lộn với biển nước để di chuyển","Hà Nội đã có nắng nhưng nhiều nơi vẫn “bì bõm”, người dân vật lộn với biển nước để di chuyển
BÁO LAO ĐỘNG | Hà Nội đã có nắng nhưng khu vực 'rốn ngập' QL70 và làng Miêu Nha (P.Xuân Phương) vẫn chìm trong biển nước do nước sông Nhuệ dâng cao, người dân vật lộn với biển nước để di chuyển.

Mời quý vị và các bạn xem thêm: https://laodong.vn/media
──────────────────────────────
Bản quyền thuộc Báo Lao Động – Cơ quan của Tổng Liên đoàn Lao động Việt Nam.
* Website: https://laodong.vn
* Đường dây nóng: 096 838 3388
* Email: baolaodongdientu@gmail.com
* Fanpage: https://www.facebook.com/LaoDongTVOnline/

#baolaodong #bld #ngaplutohanoi",2025-10-09T12:06:00Z,2025-10-09T12:06:00Z,accept,flood_transport_hanoi,1,"flood_state,transport_impact,hanoi_location",0,search,lụt Hà Nội di chuyển,,,,,,2026-09-25T10:48:09.781244+07:00
youtube,O2WYpwfTSm0,https://www.youtube.com/watch?v=O2WYpwfTSm0,"HÀ NỘI: Sau cơn mưa &#39;thủy thần&#39; ghé thăm, người dân phải dùng thuyền phao để đi lại!","HÀ NỘI: Sau cơn mưa &#39;thủy thần&#39; ghé thăm, người dân phải dùng thuyền phao để đi lại!
HÀ NỘI: Sau cơn mưa 'thủy thần' ghé thăm, người dân phải dùng thuyền phao để đi lại!
#hanoi #ngaplut #mua",2025-08-29T11:51:48Z,2025-08-29T11:51:48Z,reject,missing_group:flood_state,1,"transport_impact,hanoi_location",0,search,ngập lụt Hà Nội đi lại,,,,,,2026-09-25T10:39:43.626689+07:00
youtube,O6UpS3XZPa0,https://www.youtube.com/watch?v=O6UpS3XZPa0,"Hà Nội oằn mình trước mưa lớn kéo dài, nhiều điểm ngập tái diễn","Hà Nội oằn mình trước mưa lớn kéo dài, nhiều điểm ngập tái diễn
Hà Nội mưa lớn kéo dài từ tối 16/9 đến sáng 17/9 khiến nhiều tuyến phố ngập sâu, giao thông ùn tắc và người dân gặp khó khăn khi di chuyển trong giờ cao điểm.

Lượng mưa phổ biến tại nhiều khu vực đạt 80–160 mm, một số điểm phía Tây Hà Nội ghi nhận lượng mưa xấp xỉ 200 mm chỉ trong vài giờ. Nước dâng nhanh tại nhiều tuyến đường như Phạm Văn Đồng, Cầu Giấy, Tố Hữu, Mễ Trì, Nguyễn Xiển, Phùng Hưng, Thái Hà, Quốc lộ 6 đoạn Yên Nghĩa và Đại lộ Thăng Long.

Mưa lớn cũng khiến nước tràn vào một số khu dân cư, tầng hầm, bãi gửi xe; một số trường học chủ động điều chỉnh thời gian học để bảo đảm an toàn.

Theo cơ quan khí tượng, Hà Nội tiếp tục có mưa trong ngày 17/9, cục bộ có nơi lượng mưa có thể vượt 100 mm trong 3 giờ, tiềm ẩn nguy cơ ngập úng đô thị, dông, lốc, sét và gió giật mạnh.

Các lực lượng chức năng đã triển khai bơm tiêu nước, phân luồng giao thông, đặt biển cảnh báo và hỗ trợ người dân tại các điểm ngập.

Người dân cần hạn chế đi qua khu vực ngập sâu, chủ động theo dõi dự báo thời tiết và lựa chọn lộ trình phù hợp khi mưa lớn tiếp diễn.

#HàNội #MưaLớn #NgậpÚng #ThờiTiếtHàNội #MôiTrườngVàCuộcSống
▬▬▬▬▬▬▬▬▬▬▬▬
► Website: http://moitruong.net.vn 
► Subscribe đây: http://bit.ly/dang-ky-moi-truong
► Facebook: https://fb.com/moitruongvacuocsong/
Kênh truyền hình Môi trường TV của Tạp chí điện tử Môi trường và Cuộc sống.
▬▬▬▬▬▬▬▬▬▬▬▬
❖ Định hướng:  Kênh MÔI TRƯỜNG TV - Môi Trường & Cuộc sống xây dựng với mục đích cung cấp cho cộng đồng những tin tức mới nhất  và hấp dẫn nhất trong ngày về môi trường và cuộc sống xung quanh.
▬▬▬▬▬▬▬▬▬▬▬▬
❖ Bản quyền:  Kênh MÔI TRƯỜNG TV - Môi Trường & Cuộc sống không sở hữu tất cả tư liệu được sử dụng trong Video của Kênh. Mọi thắc mắc về bản quyền, cộng tác vui lòng liên hệ Email: moitruongtivi@gmail.com. Quý vị vui lòng không Reup video, âm thanh của Kênh, Cảm ơn sự thấu hiểu của bạn, chúng tôi mong được hợp tác để cùng nhau phát triển !
❖ Tuyên bố miễn trừ các trách nhiệm pháp lý:
- Kênh MÔI TRƯỜNG TV - Môi Trường & Cuộc sống tổng hợp thông tin từ những nguồn báo chí chính thống có chọn lọc của Việt Nam.
- Kênh MÔI TRƯỜNG TV - Môi Trường & Cuộc sống xây dựng các nội dung không nhằm đả kích, bôi nhọ bất cứ cá nhân, tổ chức nào.
- Kênh MÔI TRƯỜNG TV - Môi Trường & Cuộc sống không bàn về các vấn đề chính trị, đặc biệt là chính trị Việt Nam - Hải Ngoại. 
-  Kênh MÔI TRƯỜNG TV - Môi Trường & Cuộc sống không chịu bất cứ trách nhiệm nào liên quan đến các bình luận của khán giả.
▬▬▬▬▬▬▬▬▬▬▬▬",2026-09-17T02:47:57Z,2026-09-17T02:47:57Z,accept,flood_transport_hanoi,1,"flood_state,transport_impact,hanoi_location",0,search,lụt Hà Nội di chuyển,,,,,,2026-09-25T10:50:05.476871+07:00
youtube,O8SuGcAVTC0,https://www.youtube.com/watch?v=O8SuGcAVTC0,Cảnh báo mực nước sông dâng cao ở Hà Nội | BXD,"Cảnh báo mực nước sông dâng cao ở Hà Nội | BXD
BXD | Mức độ báo động 3 trên sông Cà Lồ tại địa phận các xã: Sóc Sơn, Đa Phúc, Thư Lâm, Phúc Thịnh, Quang Minh, Tiến Thắng, Nội Bài. Hà Nội yêu cầu các lực lượng vận động người dân di chuyển đến nơi an toàn.
------------------------------------------
Báo Xây dựng là kênh Youtube chia sẻ các nội dung tin tức trong ngày, tin tức, tin nóng, tin tức hôm nay, tin tức mới nhất hôm nay, tin tức mới nhất, tin thời sự, tin tức 24h, nga ukraine, nga ukraine mới nhất, nga và ukraine mới nhất, diễn biến nga ukraine, xung đột nga ukraine, tiêu điểm quốc tế, thời sự quốc tế, chiến tranh nga ukraine, tin quốc tế, tin mới nhất, tin thế giới, điểm nóng thế giới, tâm điểm quốc tế, toàn cảnh thế giới,trung quốc, Trung Quốc Đài Loan, Triều Tiên Hàn Quốc, Bầu cử Mỹ, bầy cử Mỹ 2024, Bầu cử Mỹ mới nhất, bầu cử tổng thống Mỹ 2024, Donald Trump, Biden, Israel Hamas, Iran, Iran Israel, Iran tấn công Israel, chiến sự Trung Đông, thiên tai, lũ lụt, bão lũ, thời tiết, tin thời tiết, dự báo thời tiết, biến đổi khí hậu, các tin tức cập nhật, vũ khí, quân sự, quốc phòng, vũ khí tối tân, bí mật quân sự... 

THEO DÕI CHÚNG TÔI TRÊN CÁC NỀN TẢNG:
★ Báo điện tử Xây dựng: https://baoxaydung.vn/
★ Facebook Báo điện tử Xây dựng: https://www.facebook.com/xaydungnews.official
★ Tiktok Báo điện tử Xây dựng: https://www.tiktok.com/@baoxaydungnews?lang=vi-VN

Tòa soạn: Số 2, Nguyễn Công Hoan, Ba Đình, Hà Nội.
Hotline: 0901 514 799; Liên hệ quảng cáo phát hành: 0915.057.282
Email: bandoc@baoxaydung.vn
Cấm sao chép dưới mọi hình thức nếu không có sự chấp thuận bằng văn bản

#baoxaydung #bxd #tinnongthegioimoinhat #tintucquoctemoinhat #thoisumoinhat #tintucnong #thoisucapnhat#canhbaoluhanoi",2025-10-08T12:15:04Z,2025-10-08T12:15:04Z,accept,flood_transport_hanoi,1,"flood_state,transport_impact,hanoi_location",0,search,lụt Hà Nội di chuyển,,,,,,2026-09-25T10:48:26.202778+07:00
youtube,OClq02VcZ0s,https://www.youtube.com/watch?v=OClq02VcZ0s,"Người dân Hà Nội di chuyển khó khăn trong sương mù và mưa, rét | Tin nhanh Thông tấn","Người dân Hà Nội di chuyển khó khăn trong sương mù và mưa, rét | Tin nhanh Thông tấn
#hanoi #suongmu #khongkhilanh 

Sáng 30/10, Hà Nội đón nhận không khí lạnh và sương mù dày đặc bao phủ khắp các tuyến phố. 

🔔🔔🔔 Tin nhanh Thông tấn – Kênh tin tức chuyên sâu phản ánh toàn cảnh đời sống Việt Nam và thế giới. Chúng tôi cập nhật nhanh chóng, chính xác các sự kiện nóng hổi về chính trị - ngoại giao, xã hội, pháp luật, công nghệ, và bình luận thời sự quốc tế. Với đội ngũ sản xuất chuyên nghiệp và tôn chỉ thông tin chính thống – nhân văn – định hướng, Tin nhanh Thông tấn không chỉ đưa tin mà còn phân tích chiều sâu, giúp khán giả hiểu đúng, nghĩ sâu và hành động có trách nhiệm. Tin nhanh Thông tấn cam kết đồng hành cùng bạn đọc trên hành trình nắm bắt thời cuộc và suy ngẫm về thế giới quanh mình.
Cảm ơn các bạn đã xem video! Hãy đăng ký kênh để cập nhật thông tin mới hữu ích nhất!
Tin nhanh Thông tấn - Tín tức chính thống, góc nhìn nhân văn
© Bản quyền thuộc Trung tâm nội dung số và truyền thông (VNAMEDIA): copyright@vnamedia.vn
© Website chính thức: https://vietnammedia.vnanet.vn/
© Fanpage chính thức: https://www.facebook.com/vnews.gov.vn

✅Cảm ơn các bạn đã ghé thăm kênh và xem video!
#tinnhanhthongtan #tintuc #tinthegioi #tintuc24h #tintucmoinhat #tinnhanh #tinkinhte #chinhtri #chinhphu #vietnammedia #ttxvn #tramtinsang #tramtintrua #tramtinchieu #tramtintoi",2025-10-30T04:32:45Z,2025-10-30T04:32:45Z,accept,flood_transport_hanoi,1,"flood_state,transport_impact,hanoi_location",0,search,lụt Hà Nội di chuyển,,,,,,2026-09-25T10:46:51.245770+07:00
youtube,OPRbAvOSBt4,https://www.youtube.com/watch?v=OPRbAvOSBt4,"Hà Nội vẫn còn điểm ngập tới bụng dù trời đã nắng, người dân chật vật “bơi” trên phố","Hà Nội vẫn còn điểm ngập tới bụng dù trời đã nắng, người dân chật vật “bơi” trên phố
Hà Nội đã có nắng nhưng khu vực 'rốn ngập' QL70 và làng Miêu Nha (P.Xuân Phương) vẫn chìm trong biển nước do nước sông Nhuệ dâng cao, người dân vật lộn với biển nước để di chuyển.
▶ Kênh Youtube tạp chí VietTimes chia sẻ các nội dung thông tin mạng xã hội, thời sự quốc tế, toàn cảnh quốc tế, nga ukraine mới nhất, tin nga ukraine, xung đột nga ukraine, tin quốc tế, nga ukraine hôm nay, tiêu điểm quốc tế, thời sự thế giới, bản tin quốc tế,chiến sự nga ukraine, tin tức thời sự, thời sự 19h, tin tức mới, tin mới, thời sự quốc tế, tin tức 24h mới nhất, nga và ukraine mới nhất, tin tức nga ukraine mới nhất, nga, ukraine, isarel, hamas, palestin, xung đột isarel hamas, xung đột isarel palestine , tin nóng, các tin tức cập nhật,… Với mong muốn cập nhật những thông tin, phân tích chính xác và nhanh nhất dưới góc nhìn truyền thông số cho quý vị và các bạn

🔔 Đăng ký kênh để theo dõi tin tức mới nhất: https://bit.ly/DangKyKenhVietTimes

Theo dõi Tạp chí điện tử Viettimes

📣 Web: https://viettimes.vn/
📣 Tiktok: https://www.tiktok.com/@viettimes.vn
📣 Youtube Channel: https://www.youtube.com/c/TapchiVietTimes/featured
📣 Fanpage: https://www.facebook.com/viettimes.vn
-----------------
© Bản quyền thuộc về Tạp chí điện tử Viettimes
© Copyright by Bao Viettimes  ☞ Do not Reup
#ngaplutohanoi  #tapchiviettimes #viettimes",2025-10-09T13:06:00Z,2025-10-09T13:06:00Z,accept,flood_transport_hanoi,1,"flood_state,transport_impact,hanoi_location",0,search,lụt Hà Nội di chuyển,,,,,,2026-09-25T10:48:06.561475+07:00
youtube,O_hRdSDu0Og,https://www.youtube.com/watch?v=O_hRdSDu0Og,Cảnh sát Giao thông Hà Nội hỗ trợ người dân di chuyển an toàn tại “rốn ngập” An Khánh,"Cảnh sát Giao thông Hà Nội hỗ trợ người dân di chuyển an toàn tại “rốn ngập” An Khánh
Vietnam Plus | Sau những cơn mưa lớn sáng 8-10, trên địa bàn Thủ đô Hà Nội vẫn còn nhiều điểm bị ngập úng, gây khó khăn cho các phương tiện lưu thông. Tại “rốn ngập” An Khánh, ngay từ sớm 8/10/2025, Đội Cảnh sát giao thông số 11, Phòng Cảnh sát giao thông (Công an thành phố Hà Nội) đã huy động hàng chục cán bộ, chiến sỹ cùng thiết bị chuyên dụng, hỗ trợ người dân di chuyển an toàn qua các điểm ngập úng. 

Vietnam Plus là kênh Youtube chia sẻ các nội dung tin tức, nga ukraine mới nhất, tin nga ukraine, xung đột nga ukraine, tin quốc tế, nga ukraine hôm nay, tiêu điểm quốc tế, toàn cảnh quốc tế, thời sự quốc tế, thời sự thế giới, toàn cảnh thế giới, bản tin quốc tế, chiến sự nga ukraine, tin tức thời sự, thời sự 19h, tin tức mới, tin mới, thời sự quốc tế, tin tức 24h mới nhất, nga và ukraine mới nhất, tin tức nga ukraine mới nhất, nga, ukraine, tin biển đông, tin nóng, các tin tức cập nhật,… Với mong muốn cập nhật những thông tin chính xác và nhanh nhất trên nền tảng số cho quý vị và các bạn. ❤️ Cảm ơn các bạn đã xem video!

★ Đăng ký kênh và bấm 🔔 theo dõi những tin tức mới nhất từ Vietnam Plus:
Đăng kí ngay 👉 https://bit.ly/BaovietnamPlus
Click for subcribe 👉 https://bit.ly/BaovietnamPlus

Tin tức Báo Vietnam Plus - Đọc tin tức online - Tin tức 24h - Thời sự trong ngày
Kênh Youtube chính thức của Báo Vietnam Plus. Cập nhật liên tục những tin tức Việt Nam và thế giới nhanh nhất, tin cậy, chính thống từ TTXVN, cập nhật liên tục 24/7.
------
Theo dõi Vietnam Plus tại:
★ Báo Vietnam Plus: https://www.vietnamplus.vn
★ Facebook Vietnam Plus: https://www.facebook.com/VietnamPlus
-----
© Bản quyền thuộc về Báo Vietnam Plus
© Copyright by Vietnam Plus. Do not Reup

#ngapankhanh #csgtgiupdan #khudothiankhanh #BaoVietnamplus #vietnamplus #csgt",2025-10-08T08:33:40Z,2025-10-08T08:33:40Z,accept,flood_transport_hanoi,1,"flood_state,transport_impact,hanoi_location",0,search,lụt Hà Nội di chuyển,,,,,,2026-09-25T10:48:29.394853+07:00
youtube,P2GD_8rjOO0,https://www.youtube.com/watch?v=P2GD_8rjOO0,"Hà Nội Ngập Diện Rộng Sau 4 Ngày Mưa Lớn, Nhiều Tuyến Phố Chìm Trong Biển Nước","Hà Nội Ngập Diện Rộng Sau 4 Ngày Mưa Lớn, Nhiều Tuyến Phố Chìm Trong Biển Nước
Mưa lớn kéo dài từ ngày 14/9 đến sáng 17/9 khiến nhiều khu vực tại Hà Nội ngập úng, giao thông gặp nhiều khó khăn. Tổng lượng mưa tích lũy tại nhiều nơi đã vượt 400mm, thậm chí Yên Sở ghi nhận khoảng 570mm và Hai Bà Trưng khoảng 550mm.

Nhiều tuyến phố như Dương Đình Nghệ, Phạm Hùng, Tố Hữu, Triều Khúc, Tây Mỗ, Đại lộ Thăng Long... vẫn còn ngập hoặc rút nước chậm. Mực nước sông Nhuệ và một số sông khác ở mức cao cũng khiến khả năng tiêu thoát nước bị hạn chế.

Hà Nội đang huy động hơn 2.500 lao động cùng trên 200 thiết bị, phương tiện để khơi thông dòng chảy, bơm hút và xử lý các điểm úng ngập.

Trong khi mưa vẫn tiếp diễn, cơ quan chức năng tiếp tục theo dõi sát tình hình và vận hành các trạm bơm, hồ điều hòa, cửa phai nhằm hạn chế ảnh hưởng đến người dân.
►  Cập nhật về tình hình thời tiết và thiên tai nhanh nhất tại Chạm THỜI TIẾT

✔ Mọi ý kiến xây dựng hoặc đề nghị, vui lòng để lại comment phía dưới video. 
✔ Rất mong được mọi người ủng hộ và subscribe kênh, cũng đừng quên bấm like và share cho bạn bè nhé

#thoitiet #dubaothoitiet #thoitiethomnay #chamthoitiet #HàNội #MưaLớn #NgậpLụt #NgậpHàNội #MưaNgập #MiềnBắc #ThờiTiết #TinTức",2026-09-17T22:00:12Z,2026-09-17T22:00:12Z,accept,flood_transport_hanoi,1,"flood_state,transport_impact,hanoi_location",0,search,ngập nước Hà Nội giao thông,,,,,,2026-09-25T10:41:57.293075+07:00
youtube,PFIUDmK9WaE,https://www.youtube.com/watch?v=PFIUDmK9WaE,Cơn Mưa Khiến Cảnh Phố Hóa Thành Sông Tại Hà Nội,"Cơn Mưa Khiến Cảnh Phố Hóa Thành Sông Tại Hà Nội
Cơn mưa lớn kéo dài liên tục từ ngày 16 đến 19/9/2026 đã khiến nhiều tuyến phố tại Hà Nội rơi vào tình trạng ngập sâu, đảo lộn hoàn toàn sinh hoạt và giao thông của người dân Thủ đô. 

Xe chết máy hàng loạt, nước tràn vào nhà, người dân bì bõm lội nước nhiều giờ liền để di chuyển... Đằng sau những hình ảnh ""phố bỗng hóa thành sông"" quen thuộc là những nỗi khổ và bất cập thực tế mà người dân phải đối mặt mỗi mùa mưa bão.

Hãy cùng kênh Mặt Nạ Sự Thật nhìn nhận thẳng thắn về bức tranh toàn cảnh và thực trạng thoát nước đô thị hiện nay.

📌 Đăng ký kênh Mặt Nạ Sự Thật để không bỏ lỡ những góc nhìn chân thực và đa chiều!
#HaNoi #MuaNgapHaNoi #MatNaSuThat #ThoiSu2026 #Ngungap #HaNoiNgocNuoc",2026-09-21T04:00:17Z,2026-09-21T04:00:17Z,accept,flood_transport_hanoi,1,"flood_state,transport_impact,hanoi_location",0,search,ngập nước Hà Nội giao thông,,,,,,2026-09-25T10:40:21.415025+07:00
youtube,PNu8tfuvJ44,https://www.youtube.com/watch?v=PNu8tfuvJ44,🔴 TRỰC TIẾP: Hà Nội ngập nặng sau mưa bão – Hình ảnh trực tiếp từ Camera Giao thông | VOV Giao thông,"🔴 TRỰC TIẾP: Hà Nội ngập nặng sau mưa bão – Hình ảnh trực tiếp từ Camera Giao thông | VOV Giao thông
🔴 TRỰC TIẾP: Hà Nội ngập nặng sau mưa bão – Hình ảnh trực tiếp từ Camera Giao thông | VOV Giao thông

Hà Nội đang trải qua tình trạng ngập nặng sau cơn mưa lớn do bão số 10 Bualoi. Livestream cập nhật hình ảnh trực tiếp từ Camera Giao thông, tình hình ngập lụt và ảnh hưởng giao thông trên các tuyến phố trung tâm và ngoại thành.
👉 Theo dõi VOV Giao thông để nhận tin nhanh nhất về giao thông Hà Nội, cảnh báo mưa lũ và các biện pháp ứng phó ngay lúc này.

#BãoBualoi #TinBãoMớiNhất #BiểnĐông #SiêuBão #VOVGiaoThông #FM91 #CảnhBáoThiênTai
Tham gia hội viên của VOV Giao thông bạn nhé:
https://www.youtube.com/channel/UCPeJU6XNeZMwaHYXE27Vgmg/join

Kính chào quý khán thính giả đã đến với channel chính thức của Kênh VOV Giao thông, Đài Tiếng nói Việt Nam. Kính chúc quý vị sẽ có thời gian theo dõi tin tức hữu ích cùng VOV Giao thông. Nếu có hình ảnh nào đáng chú ý trên đường, các bạn có thể gửi về số điện thoại zalo: 0988239969.

#vovgiaothong #vovgt #tintuc #hotnews #news #thongtin #giaothong #tieudiem #tinnong #xuhuong #cameragiaothong #checkvar #tinhuonggiaothong #camerahanhtrinh #binhluan #gocnhin #caotoc #vov #daitiengnoivietnam #phatthanh #daiphatthanh #batdongsan #nhadat #ngaogia
--------------------------------------------
Đăng ký theo dõi Kênh Youtube VOV Giao thông để xem những tin tức mới nhất:
https://youtube.com/@kenhvovgiaothong?si=OStZt6XJZU1sYzBU

Đây là Kênh Youtube chính thức của Kênh VOV Giao thông - Đài Tiếng nói Việt Nam
- Website: https://vovgiaothong.vn/
- Fanpage: https://www.facebook.com/KenhVOVGT

Tầng 10, Số 58 Quán Sứ, Hà Nội
ĐT: 02437.919191
Email: vovgtchannel@gmail.com",2025-09-30T12:12:55Z,2025-09-30T12:12:55Z,accept,flood_transport_hanoi,1,"flood_state,transport_impact,hanoi_location",0,search,phố ngập Hà Nội tham gia giao thông,,,,,,2026-09-25T11:16:15.825018+07:00
youtube,PUYiBiGm_Tc,https://www.youtube.com/watch?v=PUYiBiGm_Tc,Tin nhanh Trưa 17/9: Người dân Hà Nội lại chật vật giữa “biển nước”; Mưa lũ tại các địa phương,"Tin nhanh Trưa 17/9: Người dân Hà Nội lại chật vật giữa “biển nước”; Mưa lũ tại các địa phương
#tintuc  #tintuconline #tincapnhat #tinmoi  #tintuc24h  #tintucvietnam  #tintucyoutube #thoisu  #bantinthoisu

Tin nhanh Trưa 17/9 gồm những nội dung:
• Tăng cường hợp tác giữa hai cơ quan lập pháp Việt Nam - Trung Quốc
• Việt Nam đề cao chủ nghĩa đa phương, đối thoại và luật pháp quốc tế
• Thúc đẩy hợp tác quốc phòng với các đối tác bên lề
• Việt Nam - Trung Quốc thúc đẩy hợp tác thực chất
• Việt Nam kêu gọi củng cố hệ thống đa phương
• Việt Nam-Indonesia mở rộng dư địa hợp tác Đối tác Chiến lược Toàn diện
• Việt Nam - Slovakia thúc đẩy hợp tác kinh tế
• Người dân Hà Nội lại chật vật giữa “biển nước”
• Mưa lớn gây sạt lở nghiêm trọng tại xã Tu Vũ, Phú Thọ
• Quảng Trị khắc phục hậu quả mưa lũ, sạt lở đất
• Công an, bộ đội căng dây đưa dân vượt lũ đi cấp cứu trong đêm
• Ngành Nông nghiệp kiên định mục tiêu xuất khẩu trên 74 tỷ USD
• Quản trị rủi ro khi triển khai các dự án hạ tầng
• Lâm Đồng thông báo cho thuê thêm nhiều trụ sở dôi dư
• Mưa lớn gây sạt lở tuyến đường mới đưa vào sử dụng
• Thanh Hóa mưa lơn gây sạt lở, chia cắt tại miền núi
• Thanh Hóa chủ động ứng phó mưa lớn, ngập lụt
• Ninh Bình: Mưa lớn gây ngập sâu, nhiều diện tích sản xuất bị thiệt hại
• Sạt lở bờ biển nghiêm trọng uy hiếp hàng trăm hộ dân Quảng Ngãi
• Đội Công binh số 5, BV dã chiến 2.8 sẵn sàng lên đường làm nhiệm vụ
• Áp lục tiến độ mở rộng cao tốc trước mùa mưa bão
• Phú Thọ tiếp tục tinh gọn bộ máy, khơi thông nguồn lực
• Bắc Ninh chú trọng xây dựng đội ngũ cán bộ
• Hà Nội nhân rộng mô hình chăm sóc người cao tuổi ban ngày
• Cán bộ quản lý trở lại bục giảng sau sắp xếp
• Cảnh báo từ những vụ cháy liên tiếp
• Khởi công dự án đầu tư xây dựng Khu đô thị mới
• Kiên quyết đấu tranh chống buôn lậu ngay từ cửa khẩu
• Chu Lai - Khu công nghiệp, logistics, thương mại và dịch vụ biển
• Khánh Hòa đẩy nhanh tiến độ thực hiện Chiến dịch 500 ngày đêm
• Công an tỉnh Lào Cai triệt phá băng nhóm lừa đảo xuyên quốc gia
• Chưa đủ tuổi được cấp bằng vẫn lái xe đầu kéo
• Sắc tím áo dài Việt trên nền lụa Thái lan

🔔🔔🔔 Tin nhanh Thông tấn – Kênh tin tức chuyên sâu phản ánh toàn cảnh đời sống Việt Nam và thế giới. Chúng tôi cập nhật nhanh chóng, chính xác các sự kiện nóng hổi về chính trị - ngoại giao, xã hội, pháp luật, công nghệ, và bình luận thời sự quốc tế. Với đội ngũ sản xuất chuyên nghiệp và tôn chỉ thông tin chính thống – nhân văn – định hướng, Tin nhanh Thông tấn không chỉ đưa tin mà còn phân tích chiều sâu, giúp khán giả hiểu đúng, nghĩ sâu và hành động có trách nhiệm. Tin nhanh Thông tấn cam kết đồng hành cùng bạn đọc trên hành trình nắm bắt thời cuộc và suy ngẫm về thế giới quanh mình.
Cảm ơn các bạn đã xem video! Hãy đăng ký kênh để cập nhật thông tin mới hữu ích nhất!
Tin nhanh Thông tấn - Tín tức chính thống, góc nhìn nhân văn
© Bản quyền thuộc VNAMEDIA: tinnhanhthongtan@gmail.com
© Website chính thức: https://video.vnanet.vn/
© Fanpage chính thức: https://www.facebook.com/vietnammedia.thegioi360

✅Cảm ơn các bạn đã ghé thăm kênh và xem video!
#tinnhanhthongtan #tintuc #tinthegioi #tintuc24h #tintucmoinhat #tinnhanh #tinkinhte #chinhtri #chinhphu #quochoi #vietnammedia #ttxvn #mualu #mualumientrung #chutichnuoc #thutuongchinhphu #tincapnhat #boquocphong #bocongan #dangcongsan #daihoi14 #daihoidang #quandoivietnam #quandoi #tolam #phamminhchinh #trancamtu #phanvangiang #tranthanhman #chutichquochoitranthanhman #tolam #tongbithutolam #chutichnuoc #daituongphanvangiang #venezuela #trump #donaldtrump #putin #greenland  #tintuconline  #tinmoi  #tintuc24h  #tintucvietnam  #tintucyoutube #thoisu  #bantinthoisu #baucu #cutri #daibieuquochoi #quochoikhoa16 #leminhhung #thutuongleminhhung #trancamtu #thuongtrucbanbithu",2026-09-17T17:56:44Z,2026-09-17T17:56:44Z,accept,flood_transport_hanoi,1,"flood_state,transport_impact,hanoi_location",0,search,ngập lụt Hà Nội đi lại,,,,,,2026-09-25T10:45:22.304731+07:00
youtube,P_FrGjvi60A,https://www.youtube.com/watch?v=P_FrGjvi60A,"Sau một ngày “ngập kinh hoàng”, đường phố Hà Nội vẫn mênh mông nước   #vovgiaothong #fm91","Sau một ngày “ngập kinh hoàng”, đường phố Hà Nội vẫn mênh mông nước   #vovgiaothong #fm91
Sau một ngày “ngập kinh hoàng”, đường phố Hà Nội vẫn mênh mông nước   #vovgiaothong #fm91 
Sáng nay (1/10), dù trời đã tạnh mưa, nắng đẹp nhưng nhiều tuyến đường của thủ đô Hà Nội vẫn chưa kịp rút nước, ngập sâu khiến việc đi lại của người dân gặp nhiều khó khăn.

Tham gia hội viên của VOV Giao thông bạn nhé:
https://www.youtube.com/channel/UCPeJU6XNeZMwaHYXE27Vgmg/join

Kính chào quý khán thính giả đã đến với channel chính thức của Kênh VOV Giao thông, Đài Tiếng nói Việt Nam. Kính chúc quý vị sẽ có thời gian theo dõi tin tức hữu ích cùng VOV Giao thông. Nếu có hình ảnh nào đáng chú ý trên đường, các bạn có thể gửi về số điện thoại zalo: 0988239969.

#vovgiaothong #vovgt #tintuc #hotnews #news #thongtin #giaothong #tieudiem #tinnong #xuhuong #cameragiaothong #checkvar #tinhuonggiaothong #camerahanhtrinh #binhluan #gocnhin #caotoc #vov #daitiengnoivietnam #phatthanh #daiphatthanh #batdongsan #nhadat #ngaogia #ngaplut #hanoi #hanoingap #hanoimua #mualonhanoi #duongngap #giaoThongHaNoi #unuttach #floodinhanoi #hanoiflood #mualon #ngapduong #hanoivemua #tinmoi #baohanoi #fyp #viral
--------------------------------------------
Đăng ký theo dõi Kênh Youtube VOV Giao thông để xem những tin tức mới nhất:
https://youtube.com/@kenhvovgiaothong?si=OStZt6XJZU1sYzBU

Đây là Kênh Youtube chính thức của Kênh VOV Giao thông - Đài Tiếng nói Việt Nam
- Website: https://vovgiaothong.vn/
- Fanpage: https://www.facebook.com/KenhVOVGT

Tầng 10, Số 58 Quán Sứ, Hà Nội
ĐT: 02437.919191
Email: vovgtchannel@gmail.com",2025-10-01T07:30:18Z,2025-10-01T07:30:18Z,accept,flood_transport_hanoi,1,"flood_state,transport_impact,hanoi_location",0,search,phố ngập Hà Nội tham gia giao thông,,,,,,2026-09-25T11:15:49.086978+07:00
youtube,PdD5s1N6EvI,https://www.youtube.com/watch?v=PdD5s1N6EvI,HÀ NỘI: MƯA LỚN DIỆN RỘNG NHIỀU TUYẾN ĐƯỜNG NGẬP SÂU GÂY ÙN TẮC GIAO THÔNG I THTN ,"HÀ NỘI: MƯA LỚN DIỆN RỘNG NHIỀU TUYẾN ĐƯỜNG NGẬP SÂU GÂY ÙN TẮC GIAO THÔNG I THTN 
Tham gia làm hội viên của kênh này để được hưởng đặc quyền:
https://www.youtube.com/channel/UCImAE_VCBa2KFDma5Wkcesw/join

THTN | Bản tin thời sự tổng hợp, cập nhật những tin tức nóng nhất đầu ngày mới về an ninh trật tự Việt Nam, được phát sóng cập nhật hàng ngày, hàng tuần nhằm gửi những thông tin mới nhất, chính xác nhất cho tất cả quý vị khán giả. Chúc mọi người luôn mạnh khỏe và cập nhật được nhiều thông tin chính thống mới nhất. Đừng quên nhấn vào ĐĂNG KÝ THEO DÕI VÀ CHIA SẺ TIN TỨC MỚI NHẤT CỦA CHÚNG TÔI.
 
★ ĐĂNG KÝ THEO DÕI:  https://www.youtube.com/channel/UCImAE_VCBa2KFDma5Wkcesw
---------------------------------------------------------------
THTN – TIN HOT TRONG NƯỚC là kênh tin tức thời sự an ninh trật tự, tai nạn giao thông chuyên biệt. Tin tức mới nhất được cập nhật liên tục hàng ngày. Nguyên tắc thông tin là Nhân văn - Tin cậy - Kịp thời - Hấp dẫn .
Có ý kiến xây dựng hoặc đề nghị, vui lòng để lại comment phía dưới video. 
hoặc liên hệ qua gmail duy nhất của chúng tôi: tinhottrongnuoc@gmail.com

✬ Rất mong được mọi người ủng hộ và subscribe kênh, cũng đừng quên bấm like và share cho bạn bè nhé! Xin cảm ơn!

Xin chào, chúc mọi người xem vui vẻ!!!

#THTN  #tinhottrongnuoc #tonghop #antt #antv #truyenhinhcongannhandan",2026-09-17T06:29:21Z,2026-09-17T06:29:21Z,accept,flood_transport_hanoi,1,"flood_state,transport_impact,hanoi_location",0,search,ngập nước Hà Nội giao thông,,,,,,2026-09-25T10:43:30.870411+07:00
youtube,PgcOJlFyfeo,https://www.youtube.com/watch?v=PgcOJlFyfeo,"Tìm thấy thi thể nam sinh bị nước cuốn mất tích ở Hà Nội, mẹ khóc ngất gọi tên con | SKĐS","Tìm thấy thi thể nam sinh bị nước cuốn mất tích ở Hà Nội, mẹ khóc ngất gọi tên con | SKĐS
#timthaythithe #namsinhmattich #nguoimekhocngat #binuoccuonmattich #mekhocngatgoitencon 
SKĐS | Sau nhiều giờ tìm kiếm, lực lượng chức năng tìm thấy thi thể nam sinh viên năm nhất mất tích khi đi qua đoạn đường ngập sâu ở phố Viên (Hà Nội). Nhận tin dữ, mẹ nam sinh liên tục gọi tên con, nghẹn ngào nói: “Cho con em về đi” rồi ngất lịm.

🔔 Mời quý vị và các bạn xem video dưới đây: Nam sinh viên năm 4 ở Hà Nội rời nhà 4 ngày chưa về, mẹ khẩn thiết nhắn con: “Hãy trở về” | SKĐS 
https://youtu.be/rncUAPJv2OU

🔆Nút SHARE của bạn giờ đây rất hữu ích 
--------------------
👍Báo Sức khỏe và Đời sống – Cơ quan ngôn luận của Bộ Y tế
🖥Website: http://suckhoedoisong.vn/
💻 FanPage: https://www.facebook.com/baosuckhoevadoisong/
💻Youtube: https://bit.ly/Baosuckhoevadoisong
💻Tiktok: https://bit.ly/3hOWND9

#skds #suckhoedoisong",2026-09-18T08:15:07Z,2026-09-18T08:15:07Z,accept,flood_transport_hanoi,1,"flood_state,transport_impact,hanoi_location",0,search,ngập nước Hà Nội giao thông,,,,,,2026-09-25T10:41:24.840151+07:00
youtube,PrAq_Qgz-jM,https://www.youtube.com/watch?v=PrAq_Qgz-jM,Hà Nội: Một xe tải đang di chuyển bất ngờ bị sụt xuống hố sâu giữa đường,"Hà Nội: Một xe tải đang di chuyển bất ngờ bị sụt xuống hố sâu giữa đường
Chiều 9/10, một xe tải đang lưu thông trên phố Trần Cung, TP Hà Nội bất ngờ bị sụt hố sâu.
▶ Kênh Youtube tạp chí VietTimes chia sẻ các nội dung thông tin mạng xã hội, thời sự quốc tế, toàn cảnh quốc tế, nga ukraine mới nhất, tin nga ukraine, xung đột nga ukraine, tin quốc tế, nga ukraine hôm nay, tiêu điểm quốc tế, thời sự thế giới, bản tin quốc tế,chiến sự nga ukraine, tin tức thời sự, thời sự 19h, tin tức mới, tin mới, thời sự quốc tế, tin tức 24h mới nhất, nga và ukraine mới nhất, tin tức nga ukraine mới nhất, nga, ukraine, isarel, hamas, palestin, xung đột isarel hamas, xung đột isarel palestine , tin nóng, các tin tức cập nhật,… Với mong muốn cập nhật những thông tin, phân tích chính xác và nhanh nhất dưới góc nhìn truyền thông số cho quý vị và các bạn

🔔 Đăng ký kênh để theo dõi tin tức mới nhất: https://bit.ly/DangKyKenhVietTimes

Theo dõi Tạp chí điện tử Viettimes

📣 Web: https://viettimes.vn/
📣 Tiktok: https://www.tiktok.com/@viettimes.vn
📣 Youtube Channel: https://www.youtube.com/c/TapchiVietTimes/featured
📣 Fanpage: https://www.facebook.com/viettimes.vn
-----------------
© Bản quyền thuộc về Tạp chí điện tử Viettimes
© Copyright by Bao Viettimes  ☞ Do not Reup
#tapchiviettimes #tintucviettimes #viettimeskinhte",2025-10-09T12:18:00Z,2025-10-09T12:18:00Z,reject,missing_group:flood_state,1,"transport_impact,hanoi_location",0,search,lụt Hà Nội di chuyển,,,,,,2026-09-25T10:48:09.780251+07:00
youtube,QBKM809Y_zQ,https://www.youtube.com/watch?v=QBKM809Y_zQ,"Hà Nội “oằn mình” trong mưa lớn, sông Bùi vượt báo động III, vùng trũng đối mặt nguy cơ ngập","Hà Nội “oằn mình” trong mưa lớn, sông Bùi vượt báo động III, vùng trũng đối mặt nguy cơ ngập
Vietnam Plus | Mưa lớn kéo dài từ đêm 16 đến sáng 17/9 khiến nhiều tuyến đường, khu dân cư tại Hà Nội ngập úng, giao thông đi lại khó khăn. Mực nước sông Bùi tại Yên Duyệt, xã Xuân Mai, vượt báo động ba 0,22 m, một số vị trí đê thấp bị tràn khoảng 20 cm.

Vietnam Plus là kênh Youtube chia sẻ các nội dung tin tức, nga ukraine mới nhất, tin nga ukraine, xung đột nga ukraine, tin quốc tế, nga ukraine hôm nay, tiêu điểm quốc tế, toàn cảnh quốc tế, thời sự quốc tế, thời sự thế giới, toàn cảnh thế giới, bản tin quốc tế, chiến sự nga ukraine, tin tức thời sự, thời sự 19h, tin tức mới, tin mới, thời sự quốc tế, tin tức 24h mới nhất, nga và ukraine mới nhất, tin tức nga ukraine mới nhất, nga, ukraine, tin biển đông, tin nóng, các tin tức cập nhật,… Với mong muốn cập nhật những thông tin chính xác và nhanh nhất trên nền tảng số cho quý vị và các bạn. ❤️ Cảm ơn các bạn đã xem video!

★ Đăng ký kênh và bấm 🔔 theo dõi những tin tức mới nhất từ Vietnam Plus:
Đăng kí ngay 👉 https://bit.ly/BaovietnamPlus
Click for subcribe 👉 https://bit.ly/BaovietnamPlus

Tin tức Báo Vietnam Plus - Đọc tin tức online - Tin tức 24h - Thời sự trong ngày
Kênh Youtube chính thức của Báo Vietnam Plus. Cập nhật liên tục những tin tức Việt Nam và thế giới nhanh nhất, tin cậy, chính thống từ TTXVN, cập nhật liên tục 24/7.
------
Theo dõi Vietnam Plus tại:
★ Báo Vietnam Plus: https://www.vietnamplus.vn
★ Facebook Vietnam Plus: https://www.facebook.com/VietnamPlus
-----
© Bản quyền thuộc về Báo Vietnam Plus
© Copyright by Vietnam Plus. Do not Reup

#vietnamplus #BaoVietnamplus #baovnp #HaNoiMuaLon #NgapLutHaNoi #LuSongBui",2026-09-17T07:00:22Z,2026-09-17T07:00:22Z,accept,flood_transport_hanoi,1,"flood_state,transport_impact,hanoi_location",0,search,ngập úng Hà Nội đi,,,,,,2026-09-25T10:32:09.392234+07:00
youtube,QPHJ0uyoB-g,https://www.youtube.com/watch?v=QPHJ0uyoB-g,"Bão Matmo qua đi, Hà Nội vẫn chìm trong biển nước | Hanoi Still Flooded After Matmo Passes","Bão Matmo qua đi, Hà Nội vẫn chìm trong biển nước | Hanoi Still Flooded After Matmo Passes
🌧️ Hà Nội ngập sâu sau hoàn lưu bão Matmo!
🌊 Nhiều tuyến phố bị ngập nặng, giao thông tê liệt, người dân khốn đốn di chuyển trong biển nước.

🚨 Bạn đã gặp ngập ở đâu? Bình luận nhé!
📌 Đừng quên Follow kênh để xem các điểm ngập tiếp theo nhé!

⸻

🌧️ Hanoi flooded after Matmo’s storm circulation!
🌊 Multiple streets are underwater, traffic is paralyzed, and residents struggle through deep floods.

🚨 Have you experienced flooding in your area? Let us know in the comments!
📌 Don’t forget to follow for more real-time flood updates!

----------

#BaoMatmo #NgapHaNoi #HanoiFlooding #ThoiTiet #MuaBao #NgậpÚng #KhíTượng #TinNóng",2025-10-08T03:29:44Z,2025-10-08T03:29:44Z,accept,flood_transport_hanoi,1,"flood_state,transport_impact,hanoi_location",0,search,ngập nước Hà Nội giao thông,,,,,,2026-09-25T10:07:37.416295+07:00
youtube,Qe-CdQLz61k,https://www.youtube.com/watch?v=Qe-CdQLz61k,ĐẶNG TIỂU BÌNH THEO MỸ ĐỂ TRUNG QUỐC THOÁT NGHÈO!/HÀ NỘI NGẬP...ỔN ĐỊNH THEO KẾ HOẶCH???,"ĐẶNG TIỂU BÌNH THEO MỸ ĐỂ TRUNG QUỐC THOÁT NGHÈO!/HÀ NỘI NGẬP...ỔN ĐỊNH THEO KẾ HOẶCH???
+Tin cần kiểm chứng : tuyên bố của công ty cấp thuát nước HN
+Truyện ngắn : ước mơ của ông mõ phường ( ăn cơm nhà vác tù và phường )
+ Ứng dụng (App)bản đồ ngập của Hà Nội  chết bất đắc kì tử đúng ngày ngập
+ Mục : ối giời ôi … vô cùng kinh ngạc!
+ Câu chuyện quốc tế: đặng tiểu Bình ve vãn  để lấy lòng Mĩ thế nào
---------------------------------------------

Các công trình chống úng ngập phát huy hiệu quả' đó là tuyên bố của cơ quan chức năng HN 
‘’Qua theo dõi, mặc dù lượng mưa tích lũy rất lớn, kéo dài nhiều ngày và mực nước tại các nguồn tiêu đều ở mức cao, Sở Xây dựng Hà Nội đánh giá hệ thống thoát nước đô thị cơ bản ""vẫn được duy trì vận hành ổn định"". Tại khu vực trung tâm và các khu vực đã được đầu tư công trình khẩn cấp, công trình chống úng ngập cục bộ không xuất hiện úng ngập. ""Một số điểm thuộc khu vực phía tây Hà Nội đã rút nước hoặc chỉ còn ngập nhẹ, giao thông cơ bản được duy trì"" báo cáo nêu.


ƯỚC MƠ CỦA ÔNG “MÕ” PHƯỜNG.
Ông tổ trưởng sáng nay chẳng có việc gì, theo thói quen ông lại mò ra phường.
Vừa qua cổng bảo vệ, ông gặp tay chủ tịch phường.
Nhìn thấy ông, hắn vồn vã:
- May quá, gặp ông đây rồi. Ông lên phòng con có việc gấp.
Ông tổ trưởng lẽo đeo theo sau hắn lên tầng ba.
Hắn pha xong ấm trà, rót hai cốc, một cốc đưa cho ông, quay về cái ghế sau bàn chủ tịch ngồi vắt vẻo, hai bàn tay ôm cốc nước vân vê, nói vọng ra bàn uống nước.
- Chủ trương treo cờ trước cửa nhà tuyên truyền vận động mấy tháng, đa số các hộ đã đóng tiền. 
Phường đã mua đủ cờ, cán, ống cắm, nhưng neo người không thực hiện được, ông vận động có ai nhàn rỗi nhận làm guips chúng con cho kịp tiến độ thì tốt quá. 
Khoan hai cái vít nở bắt cái ống cắm cán là xong, mỗi cái giá 30 nghìn đồng cũng dễ làm.
Ông tổ trưởng trước đây cũng là dân thợ thuyền, những việc như thế này chỉ là chuyện vặt. 
Ông nhẩm sơ qua, phường gần 500 hộ, hai người làm khoảng nửa tháng là xong. 
15 triệu tiền công, mỗi người hơn bảy triệu là ngon rồi.
Ông nhấp một ngụm nước, đứng dậy nói với tay chủ tịch:
- Tôi nhận lời, bao giờ làm?
Tay chủ tịch vui ra mặt:
- Bắt đầu từ ngày mai, ông gặp cô Hiền bên hành chính nhận cờ và phụ kiện. Làm xong bảo cô ấy làm cái giấy nghiệm thu xác nhận để lĩnh tiền.
Ông tổ trưởng rời khỏi phòng, tay chủ tịch tủm tỉm, như cất đi được một gánh nặng.
Về nhà, ông tổ trưởng nói chuyện với vợ và thằng con trai vừa đi bộ đội về đang thất nghiệp.
Vợ ông nói:
- Sao phải gọi ai, ông với thằng Quân làm đi. Ông là tổ trưởng, phường họ tạo điều kiện cho đấy. Chú chủ tịch  quyền uy như thế bảo ai làm mà không được .
Ông sai thằng Quân qua nhà thằng em mượn cái máy khoan, sáng hôm sau hai bố con tiến hành cho đảm bảo tiến độ.
Hai bố con ông đo chiều cao, căng dây, đánh dấu để cho cờ thẳng tắp theo quy định.
Điện lấy luôn trong nhà dân, nhà này đi vắng lấy nhà bên cạnh. 
Ngày đầu tiên hai bố con ông làm trong các ngõ, đến 6 giờ tối được gần 40 hộ, cứ đà này 15 ngày xong thừa sức.
Khi ra các phố chính, công việc bắt đầu trục trặc.
Ở đây cửa hàng, cửa hiệu, văn phòng ốp đá, ốp tấm hợp kim, vít nở không bắt được, loay hoay kê đệm, xử lý dây điện chôn ở bên trong, khoan chạm vào đứt dây, nổ điện… nói chung là không dễ nuốt.
Hai bố con ông có khi cả sáng mới bắt được hai ba cái, làm không cẩn thận vỡ đá, méo mó tấm ốp, nổ điện người ta chửi bới, bắt đền thì “ăn không bõ ỉa”
Được chục hôm, hai bố con ông đã thấy mệt mỏi. Kiểu này hai tháng chắc gì đã xong.
Bố con ông hôm nào cũng đi từ tờ mờ sáng, tối mịt mới về nhà. Vợ ông than thở:
- Nếu không làm được, lên gặp chủ tịch xin thôi đi, để người khác làm.
Ông tức mình, trợn mắt lên quát:
- Cái giống đàn bà biết gì, chỉ bàn lùi. Bây giờ vác mặt lên phường chỉ có là “mặt mo”. Thằng Quân công ăn việc làm không có, đang muốn xin cho nó một chân ở phường, làm không công cũng phải cho xong.
Gần hai tháng, hai bố con ông cũng hoàn thành công việc.
Hôm lĩnh tiền công, ông mua một chai rượu, cho hai triệu vào cái phong bì cùng thằng Quân lên cảm ơn chủ tịch phường.
Chủ tịch phường nhận quà, và hứa sẽ quan tâm sắp xếp công việc cho thằng Quân.
Ra về ông vui lắm, tiện thể qua chợ mua con gà tối về cả nhà liên hoan.
Một tháng sau, thằng Quân được phường nhận vào làm đội tự quản. 
Mỗi lần qua chợ, thấy nó mặc bộ quần áo dân phòng, tay cầm cái gậy đi xua đuổi mấy bà buôn thúng, bán mẹt, nhìn hàng cờ đỏ sao vàng thẳng tắp, rực rỡ một cảm  dâng trào trong ông, và ông tự an ủi-  thôi. chỉ cần thằng Quân cứ kiên trì,  biết đâu một ngày nào đó nó cũng có thể  được cấp trên cất nhắc cho đi học rồi có thể  làm bí thư, chủ tịch phường.phải bảo nó kiên trì mà phấn đấu chư giơ người khôn của khó, công ăn việc làm khó khăn lắm !",2026-09-17T13:33:08Z,2026-09-17T13:33:08Z,accept,flood_transport_hanoi,1,"flood_state,transport_impact,hanoi_location",0,search,ngập nước Hà Nội giao thông,,,,,,2026-09-25T10:42:04.027955+07:00
youtube,QyA6G83iFWE,https://www.youtube.com/watch?v=QyA6G83iFWE,Thông Rồi Kênh La Khê Nước Chảy Như Thác Lũ..,"Thông Rồi Kênh La Khê Nước Chảy Như Thác Lũ..
Trở lại kênh La khê để chia sẻ những hình ảnh mới nhất về thực tế tại dòng kênh, nước mưa dòn về sông Nhuệ quá nhiều, kênh La khê đã thông dòng, nước chảy cuồn cuộn về trạm bơm Yên nghĩa, dòng kênh đã thực sự phát huy tác dụng khi luân chuyển dòng nước chảy xiết về trạm bơm..Tại trạm bơm Yên nghĩa các tổ máy đã hoạt động full công xuất, đẩy nhanh nguồn nước mưa ra sông Đáy, chống ngập lụt cho Thủ đô, và trạm bơm đã thực sự phát huy tác dụng chống ngập  vô cùng giá trị..
#kenhlakhe, #trambomyennghia, #hodieuhoayennghia, #yennghia, #songday.",2026-09-17T13:00:26Z,2026-09-17T13:00:26Z,reject,missing_group:transport_impact,1,"flood_state,hanoi_location",0,search,ngập lụt Hà Nội đi lại,,,,,,2026-09-25T10:45:28.742489+07:00
youtube,RnOY0mPYs0w,https://www.youtube.com/watch?v=RnOY0mPYs0w,NAM SINH BỊ CUỐN XUỐNG CỐNG Ở HÀ NỘI: 24 Giờ Tìm Kiếm Nghẹt Thở,"NAM SINH BỊ CUỐN XUỐNG CỐNG Ở HÀ NỘI: 24 Giờ Tìm Kiếm Nghẹt Thở
Nam sinh bị cuốn xuống cống ở Hà Nội: Vụ việc đau lòng tại phố Viên sau đợt mưa lớn ngập lụt, hé lộ những hiểm họa tử thần dưới lòng cống ngầm đô thị.

Bản tin ghi lại toàn cảnh sự việc thương tâm xảy ra vào ngày 17/9 tại phố Viên, phường Đông Ngạc, quận Bắc Từ Liêm. Giữa đợt mưa lớn kéo dài khiến thủ đô ngập sâu, một nam sinh năm nhất thuộc Đại học Mỏ - Địa chất khi di chuyển qua vùng nước ngập đã không may bị dòng nước xoáy cuốn trôi thẳng vào miệng cống thoát nước ngầm. Chiếc xe máy cũ mắc lại bên miệng hố, nhưng người đã bị kéo đi xa.

Video thuật lại chi tiết quá trình tìm kiếm xuyên đêm của lực lượng chức năng địa phương cùng đội cứu hộ chuyên nghiệp. Chiến thuật giăng lưới chốt chặn tại miệng cống xả ra sông Nhuệ dưới chân cầu Phố Viên đã giúp tìm thấy thi thể nạn nhân sau hơn 24 giờ nghẹt thở, cách vị trí gặp nạn ban đầu khoảng một kilômét. Qua câu chuyện đau xót này, bản tin cũng đặt ra góc nhìn xã hội về trách nhiệm bảo đảm an toàn hạ tầng kỹ thuật, rào chắn cảnh báo tại các điểm ngập úng mỗi mùa mưa bão.

Hãy để lại quan điểm của bạn ở phần bình luận bên dưới và nhấn Đăng ký kênh để cập nhật những câu chuyện thời sự, xã hội mới nhất.

---
TIMESTAMPS:
00:00 - Chiếc xe máy bỏ lại và vụ việc kinh hoàng
01:15 - Bối cảnh ngập lụt tại phố Viên, Bắc Từ Liêm
03:00 - Khoảnh khắc nam sinh bị cuốn vào xoáy nước
05:20 - Cuộc tìm kiếm xuyên đêm dưới lòng cống
07:45 - Thợ lặn giăng lưới cứu nạn tại sông Nhuệ
10:10 - Bài học nhức nhối về an toàn hạ tầng đô thị

#thoisuvietnam #hanoingap #namsinhbicuonxuongcong
Đăng Ký Hội Viên Đồng Hành Cùng Kênh nhé: https://www.youtube.com/channel/UCa6W31JO63OYlyE5Hi0_C-A/join",2026-09-18T08:30:08Z,2026-09-18T08:30:08Z,accept,flood_transport_hanoi,1,"flood_state,transport_impact,hanoi_location",0,search,ngập lụt Hà Nội đi lại,,,,,,2026-09-25T10:43:54.302458+07:00
youtube,RsjrfdCk8xM,https://www.youtube.com/watch?v=RsjrfdCk8xM,Danh sách 21 tuyến phố ở Hà Nội vẫn ngập nặng trong sáng 8/10,"Danh sách 21 tuyến phố ở Hà Nội vẫn ngập nặng trong sáng 8/10
Đến thời điểm đầu giờ sáng 8/10, thành phố Hà Nội vẫn còn hàng chục điểm ngập sâu và các đơn vị đang cố gắng bơm tiêu thoát nước nhằm đảm bảo giao thông đi lại.
▶ Kênh Youtube tạp chí VietTimes chia sẻ các nội dung thông tin mạng xã hội, thời sự quốc tế, toàn cảnh quốc tế, nga ukraine mới nhất, tin nga ukraine, xung đột nga ukraine, tin quốc tế, nga ukraine hôm nay, tiêu điểm quốc tế, thời sự thế giới, bản tin quốc tế,chiến sự nga ukraine, tin tức thời sự, thời sự 19h, tin tức mới, tin mới, thời sự quốc tế, tin tức 24h mới nhất, nga và ukraine mới nhất, tin tức nga ukraine mới nhất, nga, ukraine, isarel, hamas, palestin, xung đột isarel hamas, xung đột isarel palestine , tin nóng, các tin tức cập nhật,… Với mong muốn cập nhật những thông tin, phân tích chính xác và nhanh nhất dưới góc nhìn truyền thông số cho quý vị và các bạn

🔔 Đăng ký kênh để theo dõi tin tức mới nhất: https://bit.ly/DangKyKenhVietTimes

Theo dõi Tạp chí điện tử Viettimes

📣 Web: https://viettimes.vn/
📣 Tiktok: https://www.tiktok.com/@viettimes.vn
📣 Youtube Channel: https://www.youtube.com/c/TapchiVietTimes/featured
📣 Fanpage: https://www.facebook.com/viettimes.vn
-----------------
© Bản quyền thuộc về Tạp chí điện tử Viettimes
© Copyright by Bao Viettimes  ☞ Do not Reup
#tapchiviettimes #tintucviettimes #viettimeskinhte",2025-10-08T04:08:00Z,2025-10-08T04:08:00Z,accept,flood_transport_hanoi,1,"flood_state,transport_impact,hanoi_location",0,search,ngập lụt Hà Nội đi lại,,,,,,2026-09-25T10:37:48.681928+07:00
youtube,S0EP2UL7HTw,https://www.youtube.com/watch?v=S0EP2UL7HTw,Chuyện gì xảy ra dưới ‘biển nước’ Hà Nội? Thành phố vừa công bố loạt con số đáng chú ý,"Chuyện gì xảy ra dưới ‘biển nước’ Hà Nội? Thành phố vừa công bố loạt con số đáng chú ý
Vấn đề hôm nay | Chuyện gì xảy ra dưới ‘biển nước’ Hà Nội? Thành phố vừa công bố loạt con số đáng chú ý 
Mới đây, Trung tâm Quản lý hạ tầng kỹ thuật (Sở Xây dựng Hà Nội) phát đi thông cáo báo chí thông tin về nguyên nhân gây ngập úng diện rộng, đồng thời họp rút kinh nghiệm và rà soát phương án vận hành tiêu thoát nước sau đợt mưa lớn kéo dài.
Tối 17/9, Trung tâm Quản lý hạ tầng kỹ thuật thành phố Hà Nội đã tổ chức họp rút kinh nghiệm, đồng thời phát đi thông cáo báo chí làm rõ nguyên nhân gây úng ngập và phương án vận hành hệ thống tiêu thoát nước trên địa bàn.
⭐Xem kênh Youtube Báo Tiền Phong trên Google News: https://bit.ly/BaoTienPhongGoogleNews
--------------------------------------------
Tin tức báo Tiền Phong - Đọc tin mới online - tin nhanh - tin 24h - thời sự
🔔 ĐĂNG KÝ KÊNH để nhận những thông tin mới nhất: https://bit.ly/DangKyBaoTienPhong
⭐Website: https://www.tienphong.vn/
⭐Fanpage: https://www.facebook.com/www.tienphong.vn/
⭐TikTok: https://www.tiktok.com/@baotienphong.official
© Bản quyền thuộc báo điện tử Tiền Phong
Tiền phong, Tiền phong TV, tin tức, tin nóng, tin tức hôm nay, tin tức mới nhất hôm nay, tin tức mới nhất, tin thời sự, tin tức 24h, Vấn đề hôm nay, tin tức việt nam hôm nay, tin trong nước, tin tức trong nước mới nhất
#baotienphong #tienphongtv #vandehomnay",2026-09-18T02:41:30Z,2026-09-18T02:41:30Z,accept,flood_transport_hanoi,1,"flood_state,transport_impact,hanoi_location",0,search,ngập úng Hà Nội đi,,,,,,2026-09-25T10:31:37.675017+07:00
youtube,S8a8LCMyTig,https://www.youtube.com/watch?v=S8a8LCMyTig,"Bão số 5 Kajiki gây mưa lớn, Hà Nội ngập sâu nhiều tuyến phố, giao thông tê liệt","Bão số 5 Kajiki gây mưa lớn, Hà Nội ngập sâu nhiều tuyến phố, giao thông tê liệt
Tin tức mới nhất | Bão số 5 Kajiki gây mưa lớn, Hà Nội ngập sâu nhiều tuyến phố, giao thông tê liệt
Theo Đài khí tượng thủy văn Bắc Bộ, do ảnh hưởng của bão số 5 Kajiki, từ hôm 25/8 đến sáng sớm 26-8), tại thành phố Hà Nội có mưa vừa, mưa to, có nơi mưa rất to và dông.

🔴Những nội dung hấp dẫn khác của Kênh
-------------------------------------------------
🔷 THẾ GIỚI NỔI BẬT: https://bitly.li/I9vR
🔷 DỰ BÁO THỜI TIẾT: https://bitly.li/srzs
🔷 HÀ TĨNH 24/7: https://bitly.li/KVXL
🔷 THỜI SỰ HÀ TĨNH: https://bitly.li/35yF
🔷 THEO DÒNG SỰ KIỆN: https://bitly.li/4UGD
🔷 GIẢI TRÍ: https://bitly.li/fwYs
🔷 KHÁM PHÁ HÀ TĨNH: https://bitly.li/yQqr
🔷 TÌM KIẾM TÀI NĂNG DÂN CA, VÍ GIẶM: https://bitly.li/NVam
-------------------------------------------------
Tham gia làm hội viên của kênh này để được hưởng đặc quyền:
https://www.youtube.com/channel/UCgnjDB4mIbwKqK3asySq8sQ/join
-------------------------------------------------
#israel #Iran #chiensuiran #chiensutrungdong",2025-08-26T04:27:38Z,2025-08-26T04:27:38Z,accept,flood_transport_hanoi,1,"flood_state,transport_impact,hanoi_location",0,search,phố ngập Hà Nội tham gia giao thông,,,,,,2026-09-25T11:16:45.917400+07:00
youtube,S994XihuNAk,https://www.youtube.com/watch?v=S994XihuNAk,"Ngập trắng! Không còn thấy hồ Văn Quán, Hà Đông, Hà Nội và đường 19/5 và đường ven hồ","Ngập trắng! Không còn thấy hồ Văn Quán, Hà Đông, Hà Nội và đường 19/5 và đường ven hồ
@neoduongvietnam 
Livestream trực tiếp hình ảnh ngập lụt tại hồ Văn Quán, phường Hà Đông, Hà Nội lúc 4h ngày 17/09/2026. Không còn nhìn thấy hồ, đường 19/5 đi qua hồ và đường ven hồ, chỗ ngập sau nhất đến 0.5m, các phương tiện không thể lưu thông trừ các xe bán tải gầm cao.

Tại hiện trường, nhiều xe chết máy, các em học sinh mắc kẹt giữa đường lúc tan học cùng các phụ huynh đưa đón con.


Rất mong quý vị khán giả đồng hành và ủng hộ bằng cách đăng ký kênh Nẻo Đường Việt Nam, like, chia sẻ video đến bạn bè và những người quan tâm đến chủ đề của kênh. Xin chân thành cảm ơn!

#neoduongvietnam #dulichkhampha #dulichtrainghiem #dulichhanoi #phophuonghanoi #hanoi #duong19/5hadong #phuonghadong #phocuhanoi #hovanquan #ngapluthanoi #luluthanoi",2026-09-17T09:25:54Z,2026-09-17T09:25:54Z,accept,flood_transport_hanoi,1,"flood_state,transport_impact,hanoi_location",0,search,đường ngập Hà Nội lưu thông,,,,,,2026-09-25T10:51:20.585716+07:00
youtube,SHvC_GeFu_4,https://www.youtube.com/watch?v=SHvC_GeFu_4,Đà Nẵng di chuyển khẩn cấp người dân ở khu vực sạt lở núi,"Đà Nẵng di chuyển khẩn cấp người dân ở khu vực sạt lở núi
Trong những ngày vừa qua, trên địa bàn thành phố Đà Nẵng có mưa to trên diện rộng. Ở khu vực miền núi, lượng mưa lớn khiến đồi núi tích tụ lượng nước lớn, cộng với nước lũ tràn về, đã dẫn đến sạt lở nhiều nơi trong khu dân cư của đồng bào các dân tộc thiểu số. Nhiều xã miền núi đã và đang khẩn trương di chuyển người dân ở khu vực nguy hiểm đến nơi an toàn.
#daihanoi #hanoionline #tintuc 
----
➡ Đây là Kênh Youtube chính thức của Đài Phát thanh và Truyền hình Hà Nội.
➡ Click Theo dõi (Subscribe) để nhận thông tin tin tức kịp thời trên kênh Youtube của Đài Phát thanh và Truyền hình Hà Nội:
https://www.youtube.com/HaNoiTVGo?sub_confirmation=1

👉 THÔNG TIN LIÊN HỆ: 
🔶 Đài Phát Thanh Truyền Hình Hà Nội: Số 3-5 Huỳnh Thúc Kháng, Đống Đa, Hà Nội
📧 Email: ttnoidungso@daihanoi.vn
☎️ Điện thoại: 0865.116.699

#DaiHaNoi #HanoiOnline",2025-10-27T08:37:35Z,2025-10-27T08:37:35Z,reject,missing_group:flood_state,1,"transport_impact,hanoi_location",1,search,lụt Hà Nội di chuyển,,,,,,2026-09-25T10:46:54.459947+07:00
youtube,SR7Rh_7POcs,https://www.youtube.com/watch?v=SR7Rh_7POcs,Hà Nội xử lý sự cố rò điện ở khu vực ngập nước  #shortsroundup #news,"Hà Nội xử lý sự cố rò điện ở khu vực ngập nước  #shortsroundup #news
Hà Nội xử lý sự cố rò điện ở khu vực ngập nước #news #shortsroundup #TIN  #tintrongngay247",2025-10-08T01:28:41Z,2025-10-08T01:28:41Z,reject,missing_group:transport_impact,1,"flood_state,hanoi_location",0,search,ngập nước Hà Nội giao thông,,,,,,2026-09-25T10:07:50.931900+07:00
youtube,SidfaV08uUw,https://www.youtube.com/watch?v=SidfaV08uUw,"Đa Ngọc Trai Vlog #1 | Hà Nội Ngày Mưa Gió Tắc Đường, Ngập Úng | Đi Làm Ở Thung Lũng Silicon sẽ NTN?","Đa Ngọc Trai Vlog #1 | Hà Nội Ngày Mưa Gió Tắc Đường, Ngập Úng | Đi Làm Ở Thung Lũng Silicon sẽ NTN?
Một ngày đi làm giữa trời mưa gió ở Hà Nội 🌧️
Hà nội mấy ngày nay mưa cả tuần tắc đường ngập úng cục bộ khắp nợi, đến công việc văn phòng rồi tranh thủ đi ăn cùng mọi người. Một ngày chẳng có gì quá đặc biệt, nhưng lại là những khoảnh khắc rất đời thường mà mình muốn lưu lại.

Cùng mình trải nghiệm một ngày mưa ở Hà Nội nhé!

#DaNgocTraiVlog #HaNoiNgayMua #VlogHaNoi #VlogDoiThuong #MotNgayCuaToi",2026-09-17T14:50:05Z,2026-09-17T14:50:05Z,accept,flood_transport_hanoi,1,"flood_state,transport_impact,hanoi_location",0,search,ngập úng Hà Nội đi,,,,,,2026-09-25T10:31:48.024481+07:00
youtube,SniHtNQAIq0,https://www.youtube.com/watch?v=SniHtNQAIq0,"Ngập sâu 1m trên đại lộ Thăng Long, tạm thời cấm xe qua đường gom","Ngập sâu 1m trên đại lộ Thăng Long, tạm thời cấm xe qua đường gom
Xem thêm tại: https://tuoitre.vn/ngap-sau-1m-tren-dai-lo-thang-long-tam-thoi-cam-xe-qua-duong-gom-10026092109072046.htm?fbclid=IwY2xjawUdewVwZG9mBWV4dG4DYWVtAjEwAGJyaWQRMTlvQnRFbk9idTZsNHFEejFzcnRjBmFwcF9pZBAyMjIwMzkxNzg4MjAwODkyAAEe3fIUzVB220vPOVUGbdTd9RuYzqR7XqexFbDJmrW8xdQ8Jt_fLPmL6KRLUso_aem_xLlAvgkpefa4L1fwlJg-Xw#content 

Nước sông Tích dâng cao khiến hai bên đại lộ Thăng Long, đoạn qua xã Hạ Bằng và Hòa Lạc (Hà Nội), ngập sâu 0,7-1m. Sở Xây dựng cấm phương tiện qua các vị trí ngập, tổ chức phân luồng từ ngày 19-9 cho đến khi hết ngập.

#tinnong 
----------------------------
📰 Kênh YouTube chính thức cập nhật tin tức thời sự, chính trị, pháp luật, quốc tế nhanh chóng – chính xác – khách quan.  

👉 Đăng ký ngay để không bỏ lỡ tin tức nóng hổi, phân tích chuyên sâu và góc nhìn chính thống từ Báo Pháp Luật TP.HCM.  
🔔 Subscribe: https://www.youtube.com/c/PLOTV?sub_confirmation=1  

🌐 Theo dõi Báo Pháp Luật TP.HCM trên các nền tảng khác:  

• Website: https://tuoitre.vn  

• Fanpage: https://www.facebook.com/phapluattp.vn/  

⚠️ Bản quyền thuộc Báo điện tử Tuổi Trẻ  – Vui lòng không reup khi chưa có sự đồng ý.  

#ThoiSu #PhapLuat #TinTucMoiNhat",2026-09-21T04:30:11Z,2026-09-21T04:30:11Z,accept,flood_transport_hanoi,1,"flood_state,transport_impact,hanoi_location",1,search,ngập nước Hà Nội giao thông,,,,,,2026-09-25T10:40:17.727360+07:00
youtube,T5QJciwrDR4,https://www.youtube.com/watch?v=T5QJciwrDR4,Vụ tai nạn thương tâm ở Hà Nam 😨 #giaothong #tainangiaothong #antoangiaothong #laixeantoan,"Vụ tai nạn thương tâm ở Hà Nam 😨 #giaothong #tainangiaothong #antoangiaothong #laixeantoan
Vụ tai nạn thương tâm chiều qua ở Hà Nam đây các bạn: Đến giao lộ mà xe tải đóng căng quá đúng lúc gặp xe máy băng ngang đường và cái kết: Ông ấy đánh lái để tránh mà tránh vỏ dưa lại gặp vỏ dừa, tự nhiên ông anh đội mũ bảo hiểm xanh oan gia quá.
Ủng hộ kênh để được nhận huy hiệu nổi bật trên Youtube:
https://www.youtube.com/channel/UCUoLkHKKSQkjJah-SibHWMQ/join
----------------------------/------------------------------
► PHÁP LUẬT XÃ HỘI: Kênh thông tin liên tục cập nhật những tin tức mới nhất trong ngày, tình hình chính trị, an ninh quốc phòng, đời sống pháp luật, xã hội, giao thông, thời sự trong nước và quốc tế. Giúp bạn không cần đọc báo vẫn nắm bắt được những sự kiện, tin tức diễn ra hàng ngày.
----------------------------/------------------------------
► Video ghi lại một tình huống giao thông có thật, phản ánh những lỗi thường gặp mà tài xế hay mắc phải gây mất an toàn giao thông. Xem mọi người mắc lỗi trên đường, hy vọng bạn sẽ không mắc phải lỗi tương tự.
► Video được đăng tải với mục đích giáo dục, tuyên truyền luật giao thông đường bộ, khuyến khích người dân chấp hành nghiêm chỉnh pháp luật khi tham gia giao thông.
► The video records a real traffic situation, reflecting common mistakes that drivers often make that cause traffic safety. Watch people make mistakes on the road, so hopefully you won't.
► The video was posted for the purpose of educating and propagating road traffic laws, encouraging people to strictly comply with the law when participating in traffic.
----------------------------/------------------------------
► Nếu có bất kỳ vấn đề nào liên quan đến bản quyền trong video, xin vui lòng liên hệ: quiternoitieng@gmail.com.
► If there are any copyright issues in the video, please contact us: quiternoitieng@gmail.com.",2025-08-24T05:10:24Z,2025-08-24T05:10:24Z,accept,flood_transport_hanoi,1,"flood_state,transport_impact,hanoi_location",0,search,phố ngập Hà Nội tham gia giao thông,,,,,,2026-09-25T11:16:49.220829+07:00
youtube,TG3ESW1ZxA4,https://www.youtube.com/watch?v=TG3ESW1ZxA4,Hà Nội sáng 17/9: Nhiều tuyến phố ngập sau trận mưa suốt đêm #Kenh14News #JJGN,"Hà Nội sáng 17/9: Nhiều tuyến phố ngập sau trận mưa suốt đêm #Kenh14News #JJGN
KENH14 NEWS | Sau trận mưa lớn kéo dài trong đêm, nhiều tuyến đường tại Hà Nội ngập sâu trong sáng 17/9, có nơi nước dâng trên 50 cm khiến phương tiện gầm thấp không thể di chuyển.

--------------------------
Đừng quên đăng ký theo dõi YouTube Kenh14 New nhé: https://www.youtube.com/@kenh14news
Tải ứng dụng Kenh14.vn hoặc truy cập website https://kenh14.vn/ để không bỏ lỡ các thông tin mới nhất! 

Bản quyền thuộc về Kenh14.vn. Mọi vấn đề liên quan đến bản quyền vui lòng email info@kenh14.vn

#Kenh14News  #TinTuc",2026-09-17T02:39:42Z,2026-09-17T02:39:42Z,accept,flood_transport_hanoi,1,"flood_state,transport_impact,hanoi_location",0,search,lụt Hà Nội di chuyển,,,,,,2026-09-25T10:50:08.741679+07:00
youtube,Tgmwnn85Puc,https://www.youtube.com/watch?v=Tgmwnn85Puc,Thủ Tướng đi trong đêm tới Hà Nội để kiểm tra Lũ #tintuc #mưalũ #thutuongphamminhchinh,"Thủ Tướng đi trong đêm tới Hà Nội để kiểm tra Lũ #tintuc #mưalũ #thutuongphamminhchinh
Khi nhiều người đang yên giấc trong chăn ấm đệm êm, thì đêm qua Thủ tướng vẫn lội nước giữa đêm đến tận nơi ngập sâu ở các xã Trung Giã và Đa Phúc thành phố Hà Nội , để chỉ đạo và động viên bà con những nơi bị ngập lụt sâu do nước lũ trên các sông dâng cao, Giữa dòng nước lạnh và ánh đèn mờ trong đêm, Thủ tướng lắng nghe từng lời chia sẻ, từng khó khăn thiệt hại mà người dân đang phải gánh chịu, Thủ tướng nhắn nhủ bà con hãy giữ vững tinh thần đoàn kết, để cùng nhau vượt qua giai đoạn khó khăn này . 

► ĐIỂM TIN NEW24H : Kênh thông tin liên tục cập nhật những tin tức mới nhất trong ngày, tình hình chính trị, an ninh quốc phòng, đời sống pháp luật, xã hội, giao thông, thời sự trong nước và quốc tế. Giúp bạn không cần đọc báo vẫn nắm bắt được những sự kiện, tin tức diễn ra hàng ngày. 
---------------------------/-----------------------------
► Video ghi lại một tình huống giao thông có thật, phản ánh những lỗi thường gặp mà tài xế hay mắc phải gây mất an toàn giao thông. Xem mọi người mắc lỗi trên đường, hy vọng bạn sẽ không mắc phải lỗi tương tự.
► Video được đăng tải với mục đích giáo dục, tuyên truyền luật giao thông đường bộ, khuyến khích người dân chấp hành nghiêm chỉnh pháp luật khi tham gia giao thông.
► The video records a real traffic situation, reflecting common mistakes that drivers often make that cause traffic safety. Watch people make mistakes on the road, so hopefully you won't.
► The video was posted for the purpose of educating and propagating road traffic laws, encouraging people to strictly comply with the law when participating in traffic.
---------------------------/-----------------------------
► Nếu có bất kỳ vấn đề nào liên quan đến bản quyền trong video, xin vui lòng liên hệ: diemtinnew24h@gmail.com 
► If there are any copyright issues in the video, please contact us: diemtinnew24h@gmail.com",2025-10-10T03:30:31Z,2025-10-10T03:30:31Z,accept,flood_transport_hanoi,1,"flood_state,transport_impact,hanoi_location",0,search,ngập lụt Hà Nội đi lại,,,,,,2026-09-25T10:37:17.498199+07:00
youtube,UDCAVSz5lv0,https://www.youtube.com/watch?v=UDCAVSz5lv0,3 ngày sống giữa biển nước: Người dân ngoại thành Hà Nội đi lại bằng thuyền | VTC News,"3 ngày sống giữa biển nước: Người dân ngoại thành Hà Nội đi lại bằng thuyền | VTC News
VTC News | Ba ngày trôi qua, nhưng nước lũ vẫn chưa rút khỏi thôn Đồng Dâu, xã Quảng Bị, Hà Nội.

Những con đường vốn quen thuộc với bước chân người dân giờ đã chìm sâu dưới dòng nước. Có nơi nước ngập khoảng 1,5 mét, nhiều điểm sâu từ 2 đến 3 mét. Đường làng biến thành sông, việc đi lại của người dân gần như chỉ còn trông vào những chiếc thuyền.

Từ trong nhà ra ngoài ngõ, từ việc vận chuyển đồ đạc đến đưa nhu yếu phẩm, tất cả đều phải thực hiện giữa mênh mông nước lũ. Những phương tiện vốn phục vụ sinh hoạt thường ngày giờ không thể sử dụng. Một chuyến đi vốn chỉ mất vài phút nay trở thành hành trình đầy khó khăn.
Nước dâng, cuộc sống cũng bị đảo lộn.

Điện, nước sinh hoạt tại một số khu vực bị gián đoạn. Người dân phải chủ động chuẩn bị nến, đèn pin và những vật dụng thiết yếu để duy trì sinh hoạt trong điều kiện thiếu thốn. Trong nhà, đồ đạc được kê cao hết mức có thể, những vật dụng quan trọng được đưa lên những vị trí an toàn hơn.

Kênh Youtube chính thức của Báo điện tử VTC News - Cập nhật tin tức thời sự nhanh chóng, chính xác nhất
Kết nối với VTC News tại:
✓ Website: http://vtcnews.vn
✓ Facebook : https://www.facebook.com/vtcnewsvn/
✓ Twitter: http://twitter.com/vtcnewsvn
✓ Youtube: https://www.youtube.com/@VTCNewstintuc
Cơ quan chủ quản: Đài Tiếng nói Việt Nam
Email: toasoan@vtcnews.vn
#VTCNews #xuhuong #News #baodientu #tintuc #thoisu",2026-09-17T10:04:21Z,2026-09-17T10:04:21Z,accept,flood_transport_hanoi,1,"flood_state,transport_impact,hanoi_location",0,search,ngập úng Hà Nội đi,,,,,,2026-09-25T10:32:00.926990+07:00
youtube,UajjQK0pMRs,https://www.youtube.com/watch?v=UajjQK0pMRs,"Từ 7-10h ngày 27/8, Hà Nội cấm phương tiện lưu thông trên sông Hồng | ANTV","Từ 7-10h ngày 27/8, Hà Nội cấm phương tiện lưu thông trên sông Hồng | ANTV
ANTV | Sở Xây dựng Hà Nội vừa phát thông báo tạm cấm phương tiện đường thủy nội địa lưu thông, neo đậu trên đoạn sông Hồng từ km239 đến km245 để phục vụ hoạt động diễn tập của thành phố.

Mời quý vị khán giả xem thêm chương trình: Ghê rợn: Tiếng cú kêu, quạ réo tố cáo những tên sát nhân máu lạnh nhất https://youtu.be/F6npPmtAnUk

👉Tin tức về các hoạt động của Tổng Bí thư, Chủ tịch nước Tô Lâm: https://bit.ly/DaiTuongToLam

👉Tin tức về các hoạt động của Đại tướng Lương Tam Quang, Ủy viên Bộ Chính trị, Bộ trưởng Bộ Công an: https://www.youtube.com/playlist?list=PLF3UjIBiVGVCmwQ_gHfuiWon_Fo9hWDB4

👉 Nghị quyết số 12-NQ/TW về xây dựng lực lượng CAND : https://bit.ly/Nghiquyet12BCT

👉Hành trình phá án những vụ án kinh điển : https://bit.ly/HanhtrinhphaanANTV

★ ĐĂNG KÝ AN NINH TV:  http://www.youtube.com/channel/UCIg56SgvoZF8Qg0Jx_gh6Pg?sub_confirmation=1

★Tải ứng dụng ANTV Go trên :
 ✅ App Store : https://bit.ly/3FuytkK
 ✅Google Play : https://bit.ly/3mRcsGt
---------------------------------------------------------------
ANTV – Truyền hình CAND là kênh tin tức thời sự an ninh trật tự chuyên biệt. Tin tức mới nhất được cập nhật liên tục hàng ngày. Nguyên tắc thông tin là Nhân văn - Tin cậy - Kịp thời - Hấp dẫn .
Có ý kiến xây dựng hoặc đề nghị, vui lòng để lại comment phía dưới video. 

✔ Website chính thức: www.antv.gov.vn
✔ Fanpage chính thức: https://www.facebook.com/TruyenHinhCongAn/

✬ Rất mong được mọi người ủng hộ và subscribe kênh, cũng đừng quên bấm like và share cho bạn bè nhé! Xin cảm ơn!

Xin chào, chúc mọi người xem vui vẻ!!!

#antv #truyenhinhcongannhandan #giaothong",2026-08-27T03:30:11Z,2026-08-27T03:30:11Z,accept,flood_transport_hanoi,1,"flood_state,transport_impact,hanoi_location",0,search,đường ngập Hà Nội lưu thông,,,,,,2026-09-25T10:51:33.890790+07:00
youtube,V1FVf3gipls,https://www.youtube.com/watch?v=V1FVf3gipls,"Người Hà Nội trèo thang ra khỏi nơi ngập, không điện nước trong biệt thự","Người Hà Nội trèo thang ra khỏi nơi ngập, không điện nước trong biệt thự
🏙️ LƯỢN LỜ PHỐ – TIN TỨC & NHỊP SỐNG ĐƯỜNG PHỐ / Người Hà Nội trèo thang ra khỏi nơi ngập, không điện nước trong biệt thự 
 (Lượn Lờ Phố) - Trời không mưa, Hà Nội hửng nắng nhưng nhiều hộ dân tại khu đô thị Tân Tây Đô vẫn nước ngập tứ bề. Đến sáng 19/9, các gia đình ở liền kề và biệt thự chịu cảnh mất điện, không có nước sạch. 15h ngày 18/9, anh Mạnh Tuyền (thuê nhà tại LK1, Khu đô thị Tân Tây Đô, huyện Đan Phượng cũ, nay là xã Ô Diên, Hà Nội) bước ra ban công tầng 2, trước mắt vẫn là biển nước mênh mông. Nước sạch và đồ ăn trong nhà đã cạn. Người đàn ông thoăn thoắt bám lan can, trèo xuống thang dựng bên ngoài để ra cửa hàng tạp hóa. Anh Tuyền trèo thang ra ngoài do cửa cuốn không hoạt động, ghi nhận vào chiều 18/9 (Ảnh: Nguyễn Hà Nam). Sau cơn mưa kéo dài từ tối 16/9 đến sáng 18/9, nước dâng qua bậc thềm vào trong nhà. Điện bị cắt khiến cửa cuốn không thể hoạt động. Rơi vào cảnh ""nội bất xuất, ngoại bất nhập"", anh Tuyền vội vàng mua chiếc thang tre với giá 200.000 đồng, dựng tạm bên ngoài. Đây là lối ra vào bất đắc dĩ. ""Cuộc sống của chúng tôi bị đảo lộn hoàn toàn, công việc phải tạm dừng. Hai ngày qua, t

---
Video được tổng hợp và sản xuất by http://youtube.com/@LuonLoPho 
 Chào mừng bạn đến với **Đi cùng Lượn lờ Phố xem có gì mới có gì hot** – nơi cập nhật những **tin tức mới, câu chuyện đáng chú ý và những khoảnh khắc đời thường** đang diễn ra trong cuộc sống.
 
 📌 **Nội dung trên kênh:**
 * 📰 Tin tức mới và các sự kiện đáng chú ý
 * 🇻🇳 Tin tức trong nước
 * 🌎 Tin tức quốc tế
 * 🚦 Giao thông & tình hình đường phố
 * 🏙️ Đời sống, văn hóa và xã hội
 * 🍜 Ẩm thực, địa điểm và những góc phố thú vị
 * 🎥 Những câu chuyện, hình ảnh đáng chú ý được cập nhật liên tục
 
 🔔 **Đăng ký Lượn Lờ Phố** để không bỏ lỡ những thông tin mới và cùng chúng tôi khám phá cuộc sống qua từng con phố. 
 ⚠️ **Lưu ý:** Nội dung được tổng hợp, biên tập và trình bày nhằm cung cấp thông tin đến người xem. Các thông tin quan trọng có thể được cập nhật hoặc thay đổi theo diễn biến thực tế. 
 💬 Hãy **Like 👍 – Bình luận 💬 – Chia sẻ 🔄 – Đăng ký kênh 🔔** để ủng hộ Lượn Lờ Phố. 
 #LượnLờPhố #TinTức #TinMới #TinNóng #TinTrongNước #TinThếGiới #ĐờiSống #ĐườngPhố #LượnPhố #VicViet",2026-09-19T02:37:40Z,2026-09-19T02:37:40Z,accept,flood_transport_hanoi,1,"flood_state,transport_impact,hanoi_location",0,search,ngập nước Hà Nội giao thông,,,,,,2026-09-25T10:41:01.871123+07:00
youtube,VJLQHFBfPVc,https://www.youtube.com/watch?v=VJLQHFBfPVc,Hà Nội ngày ngập lụt. Còn Metro Grand Street Phú Diễn có ngâp không?,"Hà Nội ngày ngập lụt. Còn Metro Grand Street Phú Diễn có ngâp không?
“14 giờ chiều ngày 17 tháng 9 năm 2026.
Trong khi rất nhiều tuyến phố Hà Nội đang ngập nặng sau mưa, thì ngay lúc này, em đang có mặt tại công trường Metro Grand Street Phú Diễn.
Và điều đáng chú ý là: khu vực dự án hiện tại không ghi nhận tình trạng ngập nước

“Đây là những hình ảnh quay trực tiếp tại công trường lúc 14h00 hôm nay.
Anh chị có thể quan sát mặt đường, khu vực thi công và cảnh quan xung quanh để tự đánh giá thực tế.
Với bất động sản thấp tầng, ngoài vị trí và thiết kế, thì hạ tầng giao thông, cao độ và khả năng thoát nước luôn là những yếu tố rất đáng quan tâm.”
📹 Cận cảnh mặt đường, khu vực thi công, đường nội khu.
🏡 
“Metro Grand Street Phú Diễn là quần thể chỉ gồm 41 căn Signature Commercial Shop Villas.
Điểm đặc biệt là các căn được quy hoạch với lợi thế hai mặt tiền đường, mặt tiền lớn từ khoảng 18 đến 40 mét.
Diện tích đất từ 148,5 đến 246m², phù hợp với nhiều mô hình khai thác thương mại, văn phòng, showroom, dịch vụ hoặc vừa ở vừa kinh doanh.”
📹
📍 
“Dự án nằm trên trục Đại lộ Hồ Tây – Ba Vì, đối diện khu vực HUD Metro Phú Diễn quy mô khoảng 45ha.
Đối diện Đại học Tài nguyên và Môi trường Hà Nội, nơi có khoảng 15.000 sinh viên, đồng thời nằm trong lõi Phường Phú Diễn với quy mô dân cư khoảng 75.000 người.
Từ đây kết nối về Cầu Giấy khoảng 1,8km, và di chuyển đến Hồ Tây chỉ khoảng 5 phút lái xe.”
📹 Quay hướng đường lớn, vị trí đối diện, map minh họa nếu có.
🔥 
“Với bất động sản thương mại, điều quan trọng không chỉ là căn nhà đẹp, mà còn là vị trí, dòng người, hạ tầng và khả năng khai thác trong tương lai.
Metro Grand Street Phú Diễn – 41 căn biệt thự thương mại hai mặt tiền, đang dần hình thành trên trục phát triển phía Tây Hà Nội.
Em là Hiệu Nguyễn Mentor – Quản lý Kinh doanh Chủ đầu tư. 0906223759 
Anh chị quan tâm thực tế công trường, mặt bằng và chính sách dự án, hãy để lại bình luận hoặc nhắn tin cho em.”",2026-09-17T09:35:43Z,2026-09-17T09:35:43Z,accept,flood_transport_hanoi,1,"flood_state,transport_impact,hanoi_location",0,search,ngập nước Hà Nội giao thông,,,,,,2026-09-25T10:43:10.998452+07:00
youtube,VQZpEeI8MIY,https://www.youtube.com/watch?v=VQZpEeI8MIY,"Bầu trời Hà Nội đã hửng nắng nhưng vẫn còn 12 điểm ngập sâu, gây ùn tắc | Tin tức 24h","Bầu trời Hà Nội đã hửng nắng nhưng vẫn còn 12 điểm ngập sâu, gây ùn tắc | Tin tức 24h
DĐDN | Bầu trời Hà Nội đã hửng nắng nhưng vẫn còn 12 điểm ngập sâu, gây ùn tắc
Sáng 8/10, sau cơn mưa lớn do ảnh hưởng bão số 11, trời Hà Nội tạnh mưa nhưng vẫn còn 12 điểm ngập sâu tại các tuyến Phạm Hùng, Dương Đình Nghệ, Mễ Trì, Lê Đức Thọ, Phạm Tu, Cầu Bươu… nhiều nơi nước cao 30–50 cm, ô tô gầm thấp cũng khó đi qua. Công ty Thoát nước Hà Nội cho biết lượng mưa từ bão đạt 200–300 mm, cục bộ nơi cao hơn, khiến hệ thống thoát nước quá tải. Hiện lực lượng thoát nước, máy bơm và công nhân đã được huy động tại các điểm ngập trọng yếu để xử lý, nhằm giảm ngập và khơi thông giao thông. 
Trong video này chúng tôi sẽ thông tin về: 
Bầu trời Hà Nội đã hửng nắng nhưng vẫn còn 12 điểm ngập sâu, gây ùn tắc
Người lao động và sinh viên chật vật ‘sinh tồn’ trong phòng trọ ngập nước
Hà Nội: Lo đường ngập, nhiều trường tiếp tục dạy online
Ngán ngẩm hình ảnh ngập lụt tại khi chung cư hạng sang tại Hà Nội
Bạn có thấy thông tin về ảnh hưởng của bão tới Hà Nội trên kênh diễn đàn doanh nghiệp là hữu ích. Hãy bình luận bên dưới nhé.
🔔 Đừng quên LIKE – SHARE – ĐĂNG KÝ kênh YouTube Tạp chí Diễn đàn Doanh nghiệp để không bỏ lỡ các thông tin cập nhật tiếp theo
Thông tin trên được sử dụng từ nguồn chính thức: 
https://tienphong.vn/troi-hung-nang-ha-noi-van-con-12-diem-ngap-sau-un-tac-post1785111.tpo?

#Hanoihungnang #thoitietHanoi #ngapung #tacduong #tapchidiendandoanhnghiep
------------------------------
🎥 Diễn đàn Doanh nghiệp TV – Cập nhật kinh tế, thời sự quốc tế, tài chính và biến động toàn cầu mỗi ngày.

🔎 Tại đây, bạn sẽ:
• Theo dõi xung đột nóng: Nga–Ukraine, Israel–Iran, Biển Đông, Đài Loan...
• Nắm bắt biến động kinh tế: Giá vàng, chứng khoán, chính sách tiền tệ, ngân hàng trung ương
• Phân tích chuyên sâu: Địa chính trị, tài chính vĩ mô, chiến lược toàn cầu
• Cảnh báo thiên tai – biến đổi khí hậu – dự báo thời tiết chính xác

⏱️ Cập nhật tin tức liên tục, phân tích từ nguồn chính thống, dẫn dắt bằng tư duy.

📌 Đăng ký kênh để không bỏ lỡ những bản tin và bình luận quan trọng:
👉 https://www.youtube.com/c/DiễnĐànDoanhNghiệpTv?sub_confirmation=1

 #diendandoanhnghieptv #thoisuquocte #phantichkinhte #xungdottoancau #tinnong24h #tintucchinhtri #tintuc24h",2025-10-08T08:00:06Z,2025-10-08T08:00:06Z,accept,flood_transport_hanoi,1,"flood_state,transport_impact,hanoi_location",0,search,ngập nước Hà Nội giao thông,,,,,,2026-09-25T10:07:34.192313+07:00
youtube,Vuk7hsUfyzk,https://www.youtube.com/watch?v=Vuk7hsUfyzk,Hà Nội: Khu đô thị An Khánh ngập sâu sau trận mưa lớn kéo dài trong đêm #Kenh14News #JOZN,"Hà Nội: Khu đô thị An Khánh ngập sâu sau trận mưa lớn kéo dài trong đêm #Kenh14News #JOZN
KENH14 NEWS | Sáng 17/9, nhiều tuyến phố Hà Nội vẫn ngập sau trận mưa lớn xảy ra từ đêm hôm trước. Nước ngập ảnh hưởng đến việc đi lại, nhiều phương tiện phải di chuyển chậm hoặc chuyển hướng, giao thông tại một số khu vực ùn ứ kéo dài.

--------------------------
Đừng quên đăng ký theo dõi YouTube Kenh14 New nhé: https://www.youtube.com/@kenh14news
Tải ứng dụng Kenh14.vn hoặc truy cập website https://kenh14.vn/ để không bỏ lỡ các thông tin mới nhất! 

Bản quyền thuộc về Kenh14.vn. Mọi vấn đề liên quan đến bản quyền vui lòng email info@kenh14.vn

#Kenh14News  #TinTuc",2026-09-17T03:30:38Z,2026-09-17T03:30:38Z,accept,flood_transport_hanoi,1,"flood_state,transport_impact,hanoi_location",0,search,ngập lụt Hà Nội đi lại,,,,,,2026-09-25T10:46:07.892543+07:00
youtube,VzOFCX7NkwQ,https://www.youtube.com/watch?v=VzOFCX7NkwQ,Ô tô đang lưu thông bất ngờ ‘sụt hố’ trên đường phố Hà Nội #tintuc #tinnong #tintuc24h,"Ô tô đang lưu thông bất ngờ ‘sụt hố’ trên đường phố Hà Nội #tintuc #tinnong #tintuc24h
Xử phạt chủ con bò 'đột nhập' hầm sông Sài Gòn khiến giao thông rối loạn.

Sự cố khiến bánh xe sau lún sâu xuống đường, bánh trước cũng xẹp hơi. Một số người dân cho biết, trước đó tại khu vực này có hiện tượng vỡ ống nước, nên nước vẫn còn ngập một đoạn đường. Trong khi đó, đêm qua và sáng nay Hà Nội có mưa to.

Sau phản ánh của VietNamNet, lãnh đạo Công ty Cổ phần Công trình giao thông Hà Nội đã có mặt ngay tại hiện trường.
------
★ Đăng ký kênh và bấm chuông theo dõi những tin tức mới nhất từ 2sao Official:
Đăng kí ngay 👉 https://bit.ly/32LEYvi
Click for subcribe 👉 https://bit.ly/32LEYvi
------
Theo dõi 2saoTV tại
★ Facebook 2sao: https://www.facebook.com/2sao.vietnamnet.vn
★ Trang tin giải trí 2sao: https://2sao.vn/
-----
Tin tức giải trí 2saoTV - kênh cập nhật tin tức Sao Việt - tin tức showbiz - đời sống xã hội - tin hot 24h mới nhất hằng ngày
-----
© Bản quyền thuộc về 2sao Official
© Copyright by 2sao Official ☞ Do not Reup
#tingiaitri #giaitri #thoisu",2025-08-16T11:15:03Z,2025-08-16T11:15:03Z,accept,flood_transport_hanoi,1,"flood_state,transport_impact,hanoi_location",1,search,đường ngập Hà Nội lưu thông,,,,,,2026-09-25T10:51:04.336816+07:00
youtube,WA7rsTq7bfI,https://www.youtube.com/watch?v=WA7rsTq7bfI,Thái Nguyên nước ngập tê liệt giao thông #thainguyennews #Live #livestream #ThaiNguyenTV #TNLive,Thái Nguyên nước ngập tê liệt giao thông #thainguyennews #Live #livestream #ThaiNguyenTV #TNLive,2025-10-08T03:16:28Z,2025-10-08T03:16:28Z,accept,flood_transport_hanoi,1,"flood_state,transport_impact,hanoi_location",0,search,ngập nước Hà Nội giao thông,,,,,,2026-09-25T10:07:40.772106+07:00
youtube,WVIwtrql0Ak,https://www.youtube.com/watch?v=WVIwtrql0Ak,"Mưa lớn ngập sâu, hàng loạt trường ở Hà Nội cho học sinh nghỉ, chuyển học online #shorts #tintuc","Mưa lớn ngập sâu, hàng loạt trường ở Hà Nội cho học sinh nghỉ, chuyển học online #shorts #tintuc
Mưa lớn kéo dài từ đêm 16 đến sáng 17/9 khiến nhiều tuyến đường tại Hà Nội ngập sâu, ảnh hưởng nghiêm trọng đến việc đi lại của học sinh và phụ huynh
#thoitiet #ngaplut #hanoi #tin24h #tinnong",2026-09-17T05:04:12Z,2026-09-17T05:04:12Z,accept,flood_transport_hanoi,1,"flood_state,transport_impact,hanoi_location",0,search,ngập lụt Hà Nội đi lại,,,,,,2026-09-25T10:45:54.651385+07:00
youtube,WX44opQIqxA,https://www.youtube.com/watch?v=WX44opQIqxA,Bão Lũ Ngập Lụt,"Bão Lũ Ngập Lụt
Hôm qua Hà Nội mưa lớn, đường phố thành sông, giao thông tê liệt 🚨
Nhiều học sinh kẹt lại trường, phụ huynh cuống cuồng đi đón giữa dòng nước.

❓Có người cho rằng: “Mưa bất thường, không thể trách ai được.”
❓Nhưng cũng có ý kiến gay gắt: “Ngập Hà Nội đâu phải chuyện mới, tại sao không có phương án dự phòng?”

Thực tế, có trường chủ động cho tan sớm – thậm chí nhắn phụ huynh tự quyết định cho con nghỉ. Nhưng không phải nơi nào cũng linh hoạt như vậy.

👉 Vậy lỗi nằm ở sự chậm chạp trong quản lý, hay phụ huynh chưa dám mạnh dạn tự quyết?
Comment quan điểm để cùng bàn luận nhé! #minhlamlai  #tinnong  #giaothong  #giaoduc  #phuhuynh",2025-10-02T09:21:33Z,2025-10-02T09:21:33Z,accept,flood_transport_hanoi,1,"flood_state,transport_impact,hanoi_location",0,search,ngập lụt Hà Nội đi lại,,,,,,2026-09-25T10:38:31.520578+07:00
youtube,WiL4DfvxinA,https://www.youtube.com/watch?v=WiL4DfvxinA,HÀ NỘI NGẬP LỤT: CẢNH BÁO KHẨN CẤP TẠI CÁC KHU VỰC PHÍA TÂY,"HÀ NỘI NGẬP LỤT: CẢNH BÁO KHẨN CẤP TẠI CÁC KHU VỰC PHÍA TÂY
HÀ NỘI NGẬP LỤT: CẢNH BÁO KHẨN CẤP TẠI CÁC KHU VỰC PHÍA TÂY

Theo thông tin cập nhật ngày 18/9, mực nước sông Bùi tiếp tục lên cao, có thời điểm dự báo vượt báo động III tại trạm Yên Duyệt. Tại các xã Quảng Bị, Xuân Mai và Trần Phú, nhiều khu dân cư bị ảnh hưởng, một số tuyến đường bị ngập, việc đi lại gặp khó khăn và người dân tại những khu vực có nguy cơ ngập sâu được di chuyển đến nơi an toàn. Hàng nghìn hộ dân và người dân tại các khu vực bị ảnh hưởng đang được chính quyền địa phương theo dõi, hỗ trợ và triển khai các phương án ứng phó. Video cập nhật những diễn biến đáng chú ý của nước sông Bùi, tình hình di dời người dân, bảo vệ tài sản và công tác ứng phó tại khu vực ngoại thành Hà Nội. Hãy theo dõi video để nắm rõ những thông tin mới nhất. Nếu thấy nội dung hữu ích, đừng quên LIKE, ĐĂNG KÝ KÊNH và BẬT THÔNG BÁO để cập nhật nhanh những tin tức đáng chú ý.

Cập nhật tình hình Hà Nội ngập lụt tại các khu vực ngoại thành và phía Tây, nơi nước vẫn dâng cao gây khó khăn cho việc đi lại.

Video ghi lại những hình ảnh thực tế về tình trạng ngập úng Hà Nội tại các tuyến đường thuộc Quốc Oai, Hòa Lạc, Hoài Đức và Đan Phượng. Trong khi nhiều khu vực nội đô đã bắt đầu rút nước, các vùng ngoại thành vẫn ghi nhận mực nước dâng cao, ảnh hưởng nghiêm trọng đến đời sống và khiến các phương tiện không thể di chuyển bình thường.

Để đảm bảo an toàn, lực lượng chức năng đã phải phân luồng và cấm phương tiện đi vào các điểm ngập sâu. Nếu bạn đang di chuyển qua các khu vực phía Tây, hãy chú ý theo dõi cập nhật về tình hình giao thông và chọn lộ trình thay thế phù hợp. Đây cũng là thông tin quan trọng về thời tiết Hà Nội trong giai đoạn mưa lớn vừa qua để người dân chủ động phòng tránh.

Đừng quên ĐĂNG KÝ KÊNH và BẬT CHUÔNG để cập nhật nhanh những tin tức thời sự, giao thông và các sự kiện đáng chú ý nhất tại Hà Nội mỗi ngày.

#SongBui #HaNoi #NuocSongBui #MuaLu #NgapLut #LuSongBui #HaNoiHomNay #TinTucHaNoi #TinTucMoiNhat #TinTuc24h #TinNong #TinMoiNhat #ThoiSu #ThoiSuHomNay #CapNhatTinTuc #TinTucTrongNgay #NgoaiThanhHaNoi #QuangBi #XuanMai #TranPhu #YenDuyet #MuaLon #NuocDang #NgapNuoc #PhongChongThienTai #UngPhoMuaLu #ThienTai #BaoDongIII #NguoiDan #DiDoi #TinTuc #TinNhanh #VietnamNews #News #BreakingNews #LatestNews",2026-09-20T05:26:33Z,2026-09-20T05:26:33Z,accept,flood_transport_hanoi,1,"flood_state,transport_impact,hanoi_location",0,search,ngập úng Hà Nội đi,,,,,,2026-09-25T10:31:11.453352+07:00
youtube,XGwN5wW4szQ,https://www.youtube.com/watch?v=XGwN5wW4szQ,"Hà Nội mưa lớn đúng giờ đi làm, nhiều tuyến đường ùn tắc kéo dài #shorts #tintuc","Hà Nội mưa lớn đúng giờ đi làm, nhiều tuyến đường ùn tắc kéo dài #shorts #tintuc
Sáng 15/9, mưa lớn kéo dài đúng vào giờ cao điểm khiến nhiều tuyến đường ở Hà Nội rơi vào cảnh ùn tắc, người dân đi làm, đi học gặp không ít khó khăn. 🌧️🚗

Tại khu vực Tố Hữu, Vĩnh Tuy - Cổ Linh, Nguyễn Trãi, Nguyễn Xiển, Lê Văn Lương, Phạm Hùng..., lượng phương tiện dồn đông, nhiều nơi xuất hiện ngập úng cục bộ khiến việc di chuyển càng thêm khó khăn.

Lực lượng CSGT và công nhân thoát nước được bố trí tại các điểm ngập để hướng dẫn, điều tiết giao thông, hỗ trợ người dân di chuyển an toàn.

Theo dự báo, Hà Nội trong ngày 15/9 vẫn có khả năng xuất hiện mưa to đến rất to và giông. Người dân nên chủ động lựa chọn lộ trình, đi chậm và giữ khoảng cách an toàn khi di chuyển trong điều kiện thời tiết xấu.

#laixeantoan #antoangiaothong #GiaoThongVietNam #TinTucGiaoThong #CameraGiaoThong #AnToanGiaoThong #DuongPhoVietNam",2026-09-15T03:44:44Z,2026-09-15T03:44:44Z,accept,flood_transport_hanoi,1,"flood_state,transport_impact,hanoi_location",0,search,ngập úng Hà Nội đi,,,,,,2026-09-25T10:34:11.913157+07:00
youtube,X_XW8WzJBGo,https://www.youtube.com/watch?v=X_XW8WzJBGo,"Hà Nội: Công an xuyên đêm di dời dân khỏi vùng lũ, chia thành nhiều mũi trực các tuyến đê xung yếu","Hà Nội: Công an xuyên đêm di dời dân khỏi vùng lũ, chia thành nhiều mũi trực các tuyến đê xung yếu
BÁO LAO ĐỘNG | Ngày 9/10, Công an TP Hà Nội cho biết do ảnh hưởng của bão số 11, mực nước sông Cầu đoạn qua địa bàn hai xã Trung Giã và Đa Phúc vẫn đang ở mức cao, khiến hàng nghìn hộ dân bị ảnh hưởng nghiêm trọng. Tại xã Đa Phúc, Sóc Sơn, công an chia thành nhiều mũi ứng trực dọc các tuyến đê xung yếu, xuyên đêm hỗ trợ người dân di chuyển khỏi vùng ngập sâu, nguy hiểm.


Mời quý vị và các bạn xem thêm: https://laodong.vn/media
──────────────────────────────
Bản quyền thuộc Báo Lao Động – Cơ quan của Tổng Liên đoàn Lao động Việt Nam.
* Website: https://laodong.vn
* Đường dây nóng: 096 838 3388
* Email: baolaodongdientu@gmail.com
* Fanpage: https://www.facebook.com/LaoDongTVOnline/

#baolaodong #bld #ngaplutohanoi",2025-10-09T08:22:16Z,2025-10-09T08:22:16Z,accept,flood_transport_hanoi,1,"flood_state,transport_impact,hanoi_location",0,search,lụt Hà Nội di chuyển,,,,,,2026-09-25T10:48:13.055395+07:00
youtube,Xpp9bZwI_sI,https://www.youtube.com/watch?v=Xpp9bZwI_sI,Hà Nội cảnh báo ngập úng trên diện rộng do mưa lớn,"Hà Nội cảnh báo ngập úng trên diện rộng do mưa lớn
Sáng 11/10, Đài Khí tượng Thủy văn Bắc Bộ phát đi cảnh báo nguy cơ ngập úng tại nhiều khu vực nội và ngoại thành Hà Nội do ảnh hưởng của mưa lớn kéo dài.
#tintuc #daihanoi #hanoionline 
----
➡ Đây là Kênh Youtube chính thức của Đài Phát thanh và Truyền hình Hà Nội.
➡ Click Theo dõi (Subscribe) để nhận thông tin tin tức kịp thời trên kênh Youtube của Đài Phát thanh và Truyền hình Hà Nội:
https://www.youtube.com/HaNoiTVGo?sub_confirmation=1

👉 THÔNG TIN LIÊN HỆ: 
🔶 Đài Phát Thanh Truyền Hình Hà Nội: Số 3-5 Huỳnh Thúc Kháng, Đống Đa, Hà Nội
📧 Email: ttnoidungso@daihanoi.vn
☎️ Điện thoại: 0865.116.699

#DaiHaNoi #HanoiOnline",2025-10-11T06:55:54Z,2025-10-11T06:55:54Z,accept,flood_transport_hanoi,1,"flood_state,transport_impact,hanoi_location",0,search,ngập úng Hà Nội đi,,,,,,2026-09-25T11:25:16.690807+07:00
youtube,YBTP72sZBfs,https://www.youtube.com/watch?v=YBTP72sZBfs,"Hà Nội ngập sâu, mưa như trút khiến người dân khó đi lại | Báo Công lý","Hà Nội ngập sâu, mưa như trút khiến người dân khó đi lại | Báo Công lý
Do mưa lớn suốt đêm khiến nhiều tuyến phố ở Hà Nội ngập sâu như Lê Quang Đạo, Dương Đình Nghệ, Thái Hà, khu vực An Khánh, khu vực Triều Khúc..., ảnh hưởng đến việc đi lại của người dân trong sáng nay.

Website: https://congly.vn
Website thêm: https://doanhnhan.congly.vn/
Trụ sở Tòa soạn: 262 Đội Cấn, Ngọc Hà, Hà Nội
Điện thoại: 0243.7379.192
Email: doanhnhanbcl@gmail.com
©Bản quyền thuộc về Báo Công lý
Đăng ký kênh để giúp CÔNG LÝ 247 đạt cột mốc 1.000.000 Sub các bạn nhé!

❤️❤️❤️ Cảm ơn các bạn đã xem video! Các bạn đừng quên nhấn vào ► Đăng Ký kênh và biểu tượng 🔔 phía dưới góc phải của video để không bỏ lỡ những video mới nhất nhé ❤️❤️❤️

#báocônglý #congly247 #congly #baocongly #cônglý #phapluat #tinnongphapluat",2026-09-17T02:40:03Z,2026-09-17T02:40:03Z,accept,flood_transport_hanoi,1,"flood_state,transport_impact,hanoi_location",0,search,ngập lụt Hà Nội đi lại,,,,,,2026-09-25T10:46:14.380701+07:00
youtube,YGa8gWq3Uw4,https://www.youtube.com/watch?v=YGa8gWq3Uw4,Trời hửng nắng nhưng Hà Nội vẫn ngập sâu trong nước | Tin tức,"Trời hửng nắng nhưng Hà Nội vẫn ngập sâu trong nước | Tin tức
NLĐ | Trời hửng nắng nhưng Hà Nội vẫn ngập sâu trong nước 
Sáng ngày 8/10 trời đã hửng nắng, song tình trạng ngập vẫn xảy ra trên một số tuyến phố Hà Nội, gây ùn tắc giao thông, phương tiện chết máy do ngập nước. Qua thống kê xác định vẫn còn 12 điểm ngập sâu.
Trong video này, chúng tôi sẽ thông tin về:
Trời Hà Nội hửng nắng nhưng vẫn chưa hết ngập
Sinh viên, người lao động vật lộn “sinh tồn” trong phòng trọ ngập nước ở Hà Nội
Kinh hoàng khoảnh khắc cầu treo Nà Hoàng ở Cao Bằng bị dòng lũ làm biến dạng
🔔 Hãy đăng kí kênh @Báo Người Lao động TV để không bỏ lỡ những thông tin hấp dẫn.
Thông tin sử dụng từ nguồn chính thức: 
https://tienphong.vn/troi-hung-nang-ha-noi-van-con-12-diem-ngap-sau-un-tac-post1785111.tpo

#hanoingapsaumualon #muabaoso11 #untachanoi #hanoingaplut #baonguoilaodong
----------------
📰 BÁO NGƯỜI LAO ĐỘNG – Kênh YouTube chính thức  
https://www.youtube.com/channel/UCzkyOx_0O1pGOqHiUMOe2KQ?sub_confirmation=1

Cập nhật liên tục:  
• Thời sự & Tin tức 24h  
• Quốc tế & Điểm nóng toàn cầu  
• Hồ sơ vụ án – Phân tích khách quan  
• Đời sống đô thị, Kinh tế & Sức khỏe  

🌐 Website: https://nld.com.vn  
📘 Fanpage: Người Lao Động  
🎵 TikTok: @baonguoilaodong  

👉 Đăng ký kênh để nhận thông tin nhanh chóng, chính xác và đáng tin cậy mỗi ngày.  
https://www.youtube.com/channel/UCzkyOx_0O1pGOqHiUMOe2KQ?sub_confirmation=1

🙏 Cảm ơn sự đồng hành của quý khán giả!  

#NguoiLaoDongTV #ThoiSu #TinTuc24h #TinQuocTe",2025-10-08T08:06:00Z,2025-10-08T08:06:00Z,accept,flood_transport_hanoi,1,"flood_state,transport_impact,hanoi_location",0,search,ngập nước Hà Nội giao thông,,,,,,2026-09-25T10:07:30.875162+07:00
youtube,YPdyed2T38k,https://www.youtube.com/watch?v=YPdyed2T38k,"Cao tốc Hà Nội - Thái Nguyên ngập sâu, các phương tiện di chuyển ra sao?| #shorts","Cao tốc Hà Nội - Thái Nguyên ngập sâu, các phương tiện di chuyển ra sao?| #shorts
Cao tốc Hà Nội - Thái Nguyên ngập sâu, các phương tiện di chuyển ra sao?
--------------
#Dantri #tintuc #xahoi",2025-10-10T03:42:07Z,2025-10-10T03:42:07Z,accept,flood_transport_hanoi,1,"flood_state,transport_impact,hanoi_location",0,search,lụt Hà Nội di chuyển,,,,,,2026-09-25T10:48:00.114203+07:00
youtube,ZEfLvCU1EYM,https://www.youtube.com/watch?v=ZEfLvCU1EYM,"NÓNG Mưa Lớn Suốt Đêm, Nhiều Tuyến Đường Hà Nội Ngập Sâu Sáng 179!","NÓNG Mưa Lớn Suốt Đêm, Nhiều Tuyến Đường Hà Nội Ngập Sâu Sáng 179!
NÓNG: Mưa Lớn Suốt Đêm, Nhiều Tuyến Đường Hà Nội Ngập Sâu Sáng 17/9!

Sáng 17/9, sau trận mưa lớn kéo dài trong đêm, nhiều tuyến đường tại Hà Nội xuất hiện tình trạng ngập úng, khiến việc di chuyển của người dân gặp nhiều khó khăn. Một số khu vực nước dâng cao, phương tiện lưu thông chậm, người dân phải tìm cách vượt qua những đoạn đường ngập để đi làm và đi học.

Trong video này, chúng ta cùng cập nhật tình hình mưa lớn, ngập úng tại Hà Nội sáng 17/9, những khu vực giao thông gặp khó khăn và những diễn biến đáng chú ý sau trận mưa.

🔔 Đừng quên đăng ký kênh, bật chuông thông báo để cập nhật nhanh những tin tức mới nhất trong ngày.

Lưu ý: Nội dung được tổng hợp nhằm cung cấp thông tin và cập nhật tình hình; mức độ ngập có thể thay đổi theo thời gian và từng khu vực.
#TinTucMoi #TinNong #TinMoiNhat #HaNoi #HaNoiHomNay #HaNoiNgap #MuaLon #NgapUng #NgapNuoc #ThoiTietHaNoi #TinTucHaNoi #HaNoi17Thang9 #MuaLonHaNoi #GiaoThongHaNoi #TinNongHaNoi #CapNhatTinTuc #TinTucTrongNgay #TinTucMoiNhất",2026-09-17T04:04:11Z,2026-09-17T04:04:11Z,accept,flood_transport_hanoi,1,"flood_state,transport_impact,hanoi_location",0,search,ngập úng Hà Nội đi,,,,,,2026-09-25T10:32:53.368579+07:00
youtube,ZG6BUj8Lz7o,https://www.youtube.com/watch?v=ZG6BUj8Lz7o,"Biển nước Nghiêm Xuân Yêm Hà Nội, ảnh hưởng của bão Bualoi mưa lớn ngập lụt csc tuyến phố Hà Nội","Biển nước Nghiêm Xuân Yêm Hà Nội, ảnh hưởng của bão Bualoi mưa lớn ngập lụt csc tuyến phố Hà Nội
Do ảnh hưởng của cơn bão số 10 (Bualoi) làm cho thời tiết toàn bộ khu vực Hà Nội mưa lớn cả ngày nên rất nhiều các tuyến phố của Thủ Đô bị ngập lụt, cụ thể tuyến đường Nguyễn Xiển, tại ngã tư Nguyễn Xiển - Phạm Tu bị ngập sâu làm cho hàng nghìn phương tiện giao thông bị ảnh hưởng.
Ô tô 360
Vui lòng liên hệ: 0905608883 để biết thêm chi tiết!

✅ Liên hệ: 0905608883 để biết thêm chi tiết! 
✅ Ô tô 360 
✅ Chuyên mua - bán các loại xe ô tô cũ. 
✅ Chuyên sửa chữa, tư vấn lắp đặt đồ chơi ô tô
✅ Hotline:0905608883 
✅ Hỗ trợ trả góp đến 80% giá trị xe trong 6 năm lãi suất ưu đãi. Thủ tục nhanh gọn, đơn giản. 

Fanpage: https://www.facebook.com/oto360.vn 
Facebook: https://www.facebook.com/tuan.banoto 
Kênh Youtobe: https://www.youtube.com/@oto360./videos

Zalo,Viber, iMessage...: 0905608883 
Địa chỉ: 320 Nguyễn Xiển, Hà Nội.
Vị trí cửa hàng: https://maps.app.goo.gl/oKiguqorWHZHH1K6A?g_st=iz

Tham gia làm hội viên của kênh này để được hưởng đặc quyền:
https://www.youtube.com/@oto360./videos",2025-09-30T13:21:36Z,2025-09-30T13:21:36Z,accept,flood_transport_hanoi,1,"flood_state,transport_impact,hanoi_location",0,search,phố ngập Hà Nội tham gia giao thông,,,,,,2026-09-25T11:16:02.178590+07:00
youtube,ZKyrLVlE8Tc,https://www.youtube.com/watch?v=ZKyrLVlE8Tc,HÀ NỘI NGẬP SÂU 70CM: NGÕ 42 GIANG VĂN MINH BƠM HÚT VẪN CHƯA THOÁT NƯỚC,"HÀ NỘI NGẬP SÂU 70CM: NGÕ 42 GIANG VĂN MINH BƠM HÚT VẪN CHƯA THOÁT NƯỚC
HÀ NỘI NGẬP SÂU 70CM: NGÕ 42 GIANG VĂN MINH BƠM HÚT VẪN CHƯA THOÁT NƯỚC

Ngõ 42 Giang Văn Minh, Hà Nội lại ngập sâu sau cơn mưa lớn! Hiện tại, dù đã có hệ thống bơm hút nước, nhưng tình trạng ngập vẫn chưa thể xử lý dứt điểm. Có thời điểm nước trong ngõ sâu khoảng 70cm, gây khó khăn cho việc đi lại, sinh hoạt và ảnh hưởng trực tiếp đến tài sản của người dân. Đáng chú ý, người dân cho biết trước đây, khi chưa có bơm hỗ trợ, có thời điểm nước ngập sâu hơn 1 mét. Như vậy, máy bơm có thể giúp giảm mức độ ngập, nhưng câu hỏi lớn hơn vẫn là: bài toán thoát nước gốc đã được xử lý đến đâu? Đây không chỉ là chuyện một trận mưa hay một con ngõ bị ngập. Với người dân, mỗi lần nước dâng là thêm một lần phải đối mặt với nguy cơ hư hỏng xe cộ, đồ điện, hàng hóa, nhà cửa và gián đoạn công việc. Về kinh tế, những chi phí tưởng nhỏ như sửa xe, sửa nhà, thay thiết bị hay nghỉ làm cộng lại cũng trở thành một khoản đáng kể. Vì vậy, giải pháp lâu dài cần được nhìn ở cả hệ thống: khả năng tiêu thoát nước, cao độ mặt đường, cống thoát nước, điểm nghẽn dòng chảy và phương án chống ngập khi mưa lớn. Bơm hút là giải pháp ứng phó trước mắt, còn người dân cần một hệ thống thoát nước đủ năng lực để giảm phụ thuộc vào việc “mưa đến mới bơm”. Ngập giảm từ hơn 1 mét xuống khoảng 70cm là một cải thiện, nhưng nếu cứ mưa lớn là lại ngập sâu thì bài toán thực trạng vẫn chưa được giải quyết tận gốc. Hà Nội muốn phát triển bền vững thì hạ tầng thoát nước cũng phải đi trước một bước.

Theo bạn, chống ngập Hà Nội nên ưu tiên giải pháp nào: tăng công suất bơm hay xử lý tận gốc hệ thống thoát nước?

#HaNoiNgap #NgapHaNoi #GiangVanMinh #BaDinh #NgapSau #MuaLonHaNoi #ThoatNuocHaNoi #ChongNgap #HaTangHaNoi #HaNoiHomNay #NgapNuoc #DoiSongNguoiDan #HaTangDoThi #QuyHoachDoThi #KinhTe #TinHaNoi #TinMoi #Shorts #YouTubeShorts #TikTok #FacebookReels #diemnongkinhte",2026-08-27T23:29:27Z,2026-08-27T23:29:27Z,accept,flood_transport_hanoi,1,"flood_state,transport_impact,hanoi_location",0,search,ngập lụt Hà Nội đi lại,,,,,,2026-09-25T10:46:40.198832+07:00
youtube,ZgXAedKkS34,https://www.youtube.com/watch?v=ZgXAedKkS34,"8 tỉnh thành nào đang bị mưa lớn, ngập lụt bao vây? | Tin tức 24h","8 tỉnh thành nào đang bị mưa lớn, ngập lụt bao vây? | Tin tức 24h
DDDN | 8 tỉnh thành nào đang bị mưa lớn, ngập lụt bao vây? Nước lũ cuồn cuộn cô lập hàng ngàn hộ dân: 8 tỉnh thành này có nguy cơ chìm trong ""biển nước"", biến thành thung lũng cô độc! Cơ quan khí tượng cảnh báo nguy cơ lũ quét, sạt lở đất sau mưa lớn ở một số xã, phường thuộc các tỉnh thành ở Bắc Bộ, khu vực Thanh Hóa và Nghệ An. Cập nhật bản tin phát đi hồi 10h30 ngày 16 tháng 9 từ Trung tâm Dự báo Khí tượng Thủy văn Quốc gia, trong 24 giờ qua (từ 10 giờ ngày 15 tháng 9 đến 10 giờ ngày 16 tháng 9), khu vực các tỉnh Sơn La, Phú Thọ, Lào Cai, Tuyên Quang, Thái Nguyên, Quảng Ninh, Thanh Hóa và Nghệ An đã có mưa to, có nơi mưa rất to.
Trong video này, chúng tôi sẽ thông tin về:
8 tỉnh thành nào đang bị mưa lớn, ngập lụt bao vây?

Mưa lớn ở Nghệ An, 9 điểm trên quốc lộ và tỉnh lộ phải đóng đường

Lũ trên một số sông trên báo động 3
Bạn có muốn cập nhật thêm thông tin mưa lớn ở 8 tỉnh, trong đó có Nghệ An không? Hãy để lại bình luận bên dưới nhé.
🔔 Hãy đăng kí kênh Diễn đàn Doanh nghiệp để không bỏ lỡ những thông tin hấp dẫn.
Thông tin sử dụng được tham khảo từ nguồn tổng hợp

#mualonmienbac #ngheanmualon #diendandoanhnghiep


------------------------------
🎥 Diễn đàn Doanh nghiệp TV – Cập nhật kinh tế, thời sự quốc tế, tài chính và biến động toàn cầu mỗi ngày.

🔎 Tại đây, bạn sẽ:
• Theo dõi xung đột nóng: Nga–Ukraine, Israel–Iran, Biển Đông, Đài Loan...
• Nắm bắt biến động kinh tế: Giá vàng, chứng khoán, chính sách tiền tệ, ngân hàng trung ương
• Phân tích chuyên sâu: Địa chính trị, tài chính vĩ mô, chiến lược toàn cầu
• Cảnh báo thiên tai – biến đổi khí hậu – dự báo thời tiết chính xác

⏱️ Cập nhật tin tức liên tục, phân tích từ nguồn chính thống, dẫn dắt bằng tư duy.

📌 Đăng ký kênh để không bỏ lỡ những bản tin và bình luận quan trọng:
👉 https://www.youtube.com/c/DiễnĐànDoanhNghiệpTv?sub_confirmation=1

 #diendandoanhnghieptv #thoisuquocte #phantichkinhte #xungdottoancau #tinnong24h #tintucchinhtri #tintuc24h",2026-09-16T09:00:11Z,2026-09-16T09:00:11Z,accept,flood_transport_hanoi,1,"flood_state,transport_impact,hanoi_location",0,search,ngập úng Hà Nội đi,,,,,,2026-09-25T10:33:31.853651+07:00
youtube,Zjoz5yiQzTw,https://www.youtube.com/watch?v=Zjoz5yiQzTw,"Hà Nội ngập khắp nơi | khu Thanh Xuân thành sông, giao thông tê liệt #neoduongvietnam #dulichkhampha","Hà Nội ngập khắp nơi | khu Thanh Xuân thành sông, giao thông tê liệt #neoduongvietnam #dulichkhampha
- Video cập nhật tình trạng ngập lụt ở Hà Nội ngày 7.10.2025 trên các tuyến đường gây ra bởi cơn bão số 11 (bão Matmo). Khu Thanh Xuân biến thành sông, giao thông tê liệt
- Cập nhật tình hình ngập úng tại các phố Nguyễn Huy Tưởng, Vũ Trọng Phụng, Nguyễn Trãi, Nguyễn Tuân, Quan Nhân
- QUÝ VỊ CÓ THỂ XEM FULL VIDEO TRÊN YOUTUBE TẠI: https://youtu.be/kl-W3gyMm_U

- Rất mong quý vị khán giả đồng hành và ủng hộ bằng cách đăng ký kênh Nẻo Đường Việt Nam, like, chia sẻ video đến bạn bè và những người quan tâm đến chủ đề của kênh. Xin chân thành cảm ơn
#neoduongvietnam #ngapluthanoi #conbaoso11 #conbaomatmo #phuongthanhxuan #luluthanoi #dulichtrainghiem #dulichphophuonghanoi #dulichkhampha",2025-10-07T14:09:19Z,2025-10-07T14:09:19Z,accept,flood_transport_hanoi,1,"flood_state,transport_impact,hanoi_location",0,search,ngập nước Hà Nội giao thông,,,,,,2026-09-25T10:08:09.741285+07:00
youtube,ZlqT4guVqZY,https://www.youtube.com/watch?v=ZlqT4guVqZY,"MỘT SỐ TUYẾN PHỐ HÀ NỘI TIẾP TỤC NGẬP, ẢNH HƯỞNG SINH HOẠT VÀ GIAO THÔNG  #htvtintuc #tintuc","MỘT SỐ TUYẾN PHỐ HÀ NỘI TIẾP TỤC NGẬP, ẢNH HƯỞNG SINH HOẠT VÀ GIAO THÔNG  #htvtintuc #tintuc
HTV Tin tức, kênh Tin tức chính thức của Đài Phát thanh và Truyền hình TP. Hồ Chí Minh (HTV).
------------------------------------------------
#HTVTintức là kênh Youtube chính thức chuyên về thông tin thời sự của Trung tâm Tin tức, Đài Phát thanh và Truyền hình TP. Hồ Chí Minh.Chúng tôi liên tục cập nhật các thông tin thời sự trong nước và quốc tế trong các bản tin, chương trình, chuyên đề, để gửi đến quý vị khán giả những thông tin nhanh chóng và chính xác.

#HTVTinTuc #HTV9 #TinTuc24h #TinMoiNhat #60Giay #HTVNewZ #NewZ #Thoisu #Homnay #Thegioi",2026-09-19T05:27:25Z,2026-09-19T05:27:25Z,accept,flood_transport_hanoi,1,"flood_state,transport_impact,hanoi_location",1,search,ngập nước Hà Nội giao thông,,,,,,2026-09-25T10:40:55.394334+07:00
youtube,ZuoiX1Dr-ZM,https://www.youtube.com/watch?v=ZuoiX1Dr-ZM,Hà Nội Thất Thủ Sau Cơn Mưa Lớn: Hàng Loạt Tuyến Đường Biến Thành Sông,"Hà Nội Thất Thủ Sau Cơn Mưa Lớn: Hàng Loạt Tuyến Đường Biến Thành Sông
Cơn mưa lớn đã khiến hàng loạt tuyến đường tại Hà Nội chìm trong biển nước, gây ảnh hưởng nghiêm trọng đến giao thông. Nhiều khu vực như Mỹ Đình, Hà Đông, Long Biên ngập sâu, có nơi nước vào đến cửa nhà dân. Cập nhật ngay danh sách các điểm ngập nặng để có lộ trình di chuyển phù hợp.

#HàNội #ngậplụt #mưalớn #ngậpúng #giaothôngHàNội #thờitiếtHàNội #tintức #đườngngậpnước #MỹĐình #HàĐông #LongBiên #YênNghĩa",2025-10-10T03:00:46Z,2025-10-10T03:00:46Z,accept,flood_transport_hanoi,1,"flood_state,transport_impact,hanoi_location",0,search,ngập nước Hà Nội giao thông,,,,,,2026-09-25T10:06:54.022595+07:00
youtube,ZxpMsctO0_M,https://www.youtube.com/watch?v=ZxpMsctO0_M,Cảnh sát giao thông hỗ trợ người dân di chuyển qua khu vực ngập tại Hà Nội - VNAMedia,"Cảnh sát giao thông hỗ trợ người dân di chuyển qua khu vực ngập tại Hà Nội - VNAMedia
VNAMedia - Cảnh sát giao thông hỗ trợ người dân di chuyển qua khu vực ngập tại Hà Nội
==

Thời sự quốc tế mới nhất:
https://www.youtube.com/playlist?list=PLhCL9L84AF8qSMKgs0rV2OWRbb-KpRlbF

Tin nóng quốc tế hôm nay:
https://www.youtube.com/playlist?list=PLhCL9L84AF8qHpweSkZvP5cBqK7HKppE7

Kênh youtube VNAMedia - Trung tâm nội dung số và truyền thông - Thông tấn xã Việt Nam là kênh Youtube chia sẻ các nội dung tin tức, chính trị, kinh tế, quốc tế, thế giới, pháp luật,tin quốc tế,tiêu điểm quốc tế,toàn cảnh quốc tế,thời sự quốc tế,thời sự thế giới,toàn cảnh thế giới,bản tin quốc tế,chiến sự, tin tức thời sự ,thời sự 19h,tin tức mới,tin mới,thời sự quốc tế,tin tức 24h mới nhất, ,tin nóng, các tin tức cập nhật,… cùng các phân tích, bình luận của các chuyên gia, học giả trong nước và quốc tế. 
Cảm ơn các bạn đã xem video! Hãy đăng ký kênh để cập nhật thông tin mới hữu ích nhất!

🔔Đăng ký xem tin mới nhất: https://www.youtube.com/channel/UCmBT5CqUxf3-K5_IU9tVtBg?sub_confirmation=1

© Bản quyền thuộc Trung tâm nội dung số và truyền thông (VNAMEDIA): copyright@vnamedia.vn
© Website chính thức: https://vietnammedia.vnanet.vn/
© Fanpage chính thức: VNA - Thông tấn xã Việt Nam

✅Cảm ơn các bạn đã ghé thăm kênh và xem video!

#tinthegioi #tintuc #tinnong #vna #thongtanxavietnam #ttxvn #vnamedia #trungtamnoidungsovatruyenthong",2025-10-10T08:30:15Z,2025-10-10T08:30:15Z,accept,flood_transport_hanoi,1,"flood_state,transport_impact,hanoi_location",0,search,lụt Hà Nội di chuyển,,,,,,2026-09-25T10:47:47.024992+07:00
youtube,_Ad54UMhxTg,https://www.youtube.com/watch?v=_Ad54UMhxTg,Mưa Bão Ngập Lụt Gia Đình MiMi Hỗ Trợ Cô Chuột Về Nhà MiMi Tránh Lũ Sau Bữa Cỗ Nhà Mới Cô Hà,"Mưa Bão Ngập Lụt Gia Đình MiMi Hỗ Trợ Cô Chuột Về Nhà MiMi Tránh Lũ Sau Bữa Cỗ Nhà Mới Cô Hà
► Mưa Bão Ngập Lụt Gia Đình MiMi Hỗ Trợ Cô Chuột Về Nhà MiMi Tránh Lũ Sau Bữa Cỗ Nhà Mới Cô Hà

#MiMi #MiMiFamily  #MuaBao #NgapLut #LuLut #EmMiMi #MiLo #EmMiLo #GiaDinhMiMi #BoHoang #MeHue

► BẤM ĐĂNG KÝ KÊNH ỦNG HỘ EM MIMI RA CLIP MỚI NHÉ. EM CẢM ƠN Ạ

► Link đăng ký: http://www.metub.net/mimi

╔═╦╗╔╦╗╔═╦═╦╦╦╦╗╔═╗
║╚╣║║║╚╣╚╣╔╣╔╣║╚╣═╣
╠╗║╚╝║║╠╗║╚╣║║║║║═╣
╚═╩══╩═╩═╩═╩╝╚╩═╩═╝

► Hợp tác quảng cáo, tài trợ hoặc thắc mắc xin liên hệ: mimifamilyyy@gmail.com",2025-10-09T10:52:00Z,2025-10-09T10:52:00Z,accept,flood_transport_hanoi,1,"flood_state,transport_impact,hanoi_location",0,search,ngập úng Hà Nội đi,,,,,1,2026-09-25T10:22:09.711598+07:00
youtube,_BOsJPP2PSw,https://www.youtube.com/watch?v=_BOsJPP2PSw,HÀ NỘI RA TIÊU CHÍ MỚI LẠ: NGẬP ÚNG LÀ THƯỚC ĐO GIÁ ĐẤT! Liệu Giá Đất Có Giảm? - THỜI BÁO TV,"HÀ NỘI RA TIÊU CHÍ MỚI LẠ: NGẬP ÚNG LÀ THƯỚC ĐO GIÁ ĐẤT! Liệu Giá Đất Có Giảm? - THỜI BÁO TV
#ThờiBáoTV #TàiChínhKinhDoanh #BìnhLuậnKinhTế #GiaDatHaNoi #NgậpÚng #BatDongSan #QuyHoachDoThi #ThiTruongDiaOc

Hà Nội vừa ban hành quyết định lịch sử, chính thức đưa tình trạng ngập úng khi mưa lớn trở thành tiêu chí xác định giá đất phi nông nghiệp. Quyết định 55 của Chủ tịch UBND TP Hà Nội, có hiệu lực từ 16/9, được xem là bước đi đột phá, công khai thừa nhận một thực tế mà người dân thủ đô đã chịu đựng nhiều năm: cứ mưa là ngập.
Đây là thay đổi tư duy quản lý đất đai, không chỉ nhìn vào vẻ ngoài lộng lẫy của dự án mà còn soi xét chất lượng hạ tầng và tính bền vững lâu dài. Trong khung 8 yếu tố định giá đất mới, lần đầu tiên Hà Nội đưa khả năng thoát nước và tình trạng ngập úng vào để điều chỉnh giá trị. Nếu khu vực thường xuyên ngập nặng, giá đất có thể bị điều chỉnh giảm mức tối đa 5%.
Điểm mấu chốt là chính sách này nhằm chặn đứng nghịch lý: nhiều khu đô thị mới ở phía Tây Hà Nội, bất chấp việc thường xuyên biến thành biển nước sau mưa, giá đất vẫn tăng phi mã do tâm lý đầu cơ và thổi giá. Việc thêm tiêu chí ngập úng là lời cảnh tỉnh, buộc các chủ đầu tư phải nghiêm túc đầu tư vào hệ thống thoát nước.
Người dân, đặc biệt là cư dân tại các khu đô thị mới thường xuyên đối mặt với cảnh ngập (như Hà Đông hay nút giao Lê Trọng Tấn), bày tỏ sự ủng hộ mạnh mẽ. Họ tin rằng giá trị bất động sản phải được chứng minh bằng cuộc sống thực tế, chứ không chỉ là bảng quảng cáo hoa mỹ. Đây là ""cú hãm phanh"" để thị trường bớt ảo, hướng tới sự minh bạch và chất lượng sống thực sự.



#ThờiBáoTV  
#TàiChínhKinhDoanh  
#BìnhLuậnKinhTế  
#PhânTíchThịTrường  
#TinTứcTàiChính  
#ĐầuTưVàKinhDoanh  
#ĐờiSốngKinhTế  
#KinhDoanhViệtNam  
#TinTứcKinhDoanh  
#ThờiSựTàiChính",2025-10-16T09:01:01Z,2025-10-16T09:01:01Z,accept,flood_transport_hanoi,1,"flood_state,transport_impact,hanoi_location",0,search,ngập úng Hà Nội đi,,,,,,2026-09-25T11:25:13.447246+07:00
youtube,_fe6rBXCaWg,https://www.youtube.com/watch?v=_fe6rBXCaWg,Các vùng ngập lụt ở Hà Nội và miền Bắc kéo dài đến ngày nào? | VOVLive,"Các vùng ngập lụt ở Hà Nội và miền Bắc kéo dài đến ngày nào? | VOVLive
VOV Live | Sau nhiều ngày mưa lớn, nhiều khu vực ở Hà Nội và các tỉnh miền Bắc vẫn đang chìm trong nước.
Đường phố ngập sâu, giao thông tê liệt, sinh hoạt người dân gặp nhiều khó khăn.
Theo Trung tâm Dự báo Khí tượng Thủy văn, mưa có thể kéo dài thêm vài ngày tới, đặc biệt tại khu vực trung du và đồng bằng Bắc Bộ.
Cùng VOVLive cập nhật tình hình ngập lụt, dự báo thời tiết chi tiết và khuyến cáo để người dân chủ động phòng tránh, đảm bảo an toàn.

Đăng Ký Kênh Nhận Thông Báo Video Mới : https://bit.ly/2FQiqBQ
#vov #vovlive #vovlivetintuc #tintuc #tinnong #thoisu 
_______________________________________________________________

HỆ THỐNG NỘI DUNG SỐ VOV LIVE CỦA ĐÀI TIẾNG NÓI VIỆT NAM:
▶ WEBSITE: https://vovlive.vn/
▶ FACEBOOK: https://www.facebook.com/vovlive.vn
▶ YOUTUBE:
    ● VOV Live: https://www.youtube.com/@VOVLive
    ● VOV Live - Đọc Truyện: https://www.youtube.com/@VOVLiveDocTruyen
    ● VOV Live - Tin Mới: https://www.youtube.com/@truyenxuangungonvov247

▶ APP: 
    ● Dành cho hệ điều hành iOS: https://apple.co/3gSPWED
    ● Dành cho hệ điều hành Android: https://bit.ly/2QMBeo3

© Bản quyền thuộc về kênh Đài Tiếng nói Việt Nam. ☞ Vui lòng không sao chép và đăng tải lại dưới mọi hình thức. 
© Copyright by VOV. ☞ Please do not re-upload.",2025-10-12T06:00:36Z,2025-10-12T06:00:36Z,accept,flood_transport_hanoi,1,"flood_state,transport_impact,hanoi_location",0,search,ngập nước Hà Nội giao thông,,,,,,2026-09-25T10:05:44.710016+07:00
youtube,a21jc5HPshw,https://www.youtube.com/watch?v=a21jc5HPshw,[PODCAST] Người Hà Nội chật vật dọn nhà sau ngập nhiều nơi nước vẫn chưa rút,"[PODCAST] Người Hà Nội chật vật dọn nhà sau ngập nhiều nơi nước vẫn chưa rút
[PODCAST] Người Hà Nội chật vật dọn nhà sau ngập nhiều nơi nước vẫn chưa rút


Người Hà Nội chật vật dọn nhà sau ngập đến mức nào? Tại sao chỉ sau một cơn mưa lớn, nhiều khu vực lại rơi vào tình trạng ngập lụt kéo dài? Câu chuyện khó tin nhất: Tại ngõ 230 Định Công Thượng, người dân đã mất cả tỷ đồng xây nhà, nâng nền tới BỐN lần nhưng chỉ nửa tiếng sau cơn mưa, nước vẫn tràn hẳn vào nhà! 48 giờ sau, nước vẫn đứng lì 40-50cm. Đây là thực trạng ngập lụt kinh hoàng tại Hà Nội mà chúng ta cần phân tích cặn kẽ!


Bản tin PODCAST đặc biệt này của Chuyên Tin 247 sẽ đưa quý vị đến hiện trường ngõ 230 Định Công Thượng – nơi người dân phải đối mặt với biển nước và bùn đen, cùng nguy cơ rò điện chết người. Đồ đạc hư hỏng hàng loạt, chị Hường, chủ tiệm tạp hóa, đã phải chi hơn 1 triệu đồng chỉ để thuê thợ sấy 4 chiếc tủ lạnh. Thậm chí, ban đêm, ngõ này phải đi lại bằng thuyền vì nước ngập đến bụng người lớn.
Vậy nguyên nhân là gì khiến tình trạng nước chưa rút kéo dài như vậy, dù hệ thống cống rãnh đã được nạo vét?
• Phân tích chuyên sâu: Chúng ta sẽ nghe lời giải thích từ Sở Xây dựng Hà Nội về lượng mưa cực đoan, khi khu vực Ô Chợ Dừa hứng chịu lượng mưa 527,2 mm, vượt 170% công suất thiết kế của hệ thống thoát nước.
• Lỗ hổng quy hoạch: Bản tin cũng chỉ ra hạn chế hạ tầng, đặc biệt là việc nhiều công trình đầu mối chưa được xây dựng kịp tiến độ và vấn đề cốt nền thấp ở một số khu đô thị mới.
• Giải pháp ứng phó: Cùng tìm hiểu các nỗ lực khẩn cấp của 2479 nhân lực và 500 thiết bị được huy động, cũng như các đề xuất dài hạn như xây dựng bể chứa nước ngầm để chống úng ngập đô thị trong quy hoạch đến năm 2045.
Mọi thông tin trong bản tin đều được phân tích dựa trên bài báo gốc được đăng tải trên Báo Dân Trí. Để tham khảo thông tin đầy đủ và chính xác nhất, bạn có thể truy cập tại đây:
https://dantri.com.vn/doi-song/nguoi-ha-noi-chat-vat-don-nha-sau-ngap-nhieu-noi-nuoc-van-chua-rut-20251001191409384.htm


Câu chuyện của những người dân chật vật sau ngập lụt là lời cảnh báo nghiêm túc về năng lực chống chịu của hạ tầng đô thị. Chuyên Tin 247 sẽ tiếp tục theo dõi sát sao tình hình khắc phục và những giải pháp lâu dài.
Nếu bạn cũng đang sinh sống ở khu vực thường xuyên bị ngập úng, hãy chia sẻ kinh nghiệm chống ngập của mình dưới phần bình luận! Đừng quên like, share video này và nhấn Đăng ký kênh Chuyên Tin 247 để không bỏ lỡ những bản tin phân tích chuyên sâu, có giá trị, giúp bạn hiểu rõ hơn về những sự kiện đang diễn ra quanh mình.
➡️ https://www.youtube.com/@ChuyenTin247?sub_confirmation=1


#ngaplutHanoi #dinhcongthuong #ngapnuoc #thoitiet #tintuc24h #chuyentin247 #podcasttin tức #ungngapdo thi #thien tai #ChuyenTin247, #TinTuc, #ThoiSu, #PhanTichThoiSu, #TinQuocTe, #TinTrongNuoc, #ThờiSựHômNay, #TinNóng, #BảnTin, #BinhLuanThoiSu.


Hà Nội ngập lụt, ngập lụt Hà Nội, dọn nhà sau ngập, Định Công Thượng ngập, ngõ 230 Định Công Thượng, Sở Xây dựng xin lỗi, ngập sâu 50cm, bể chứa nước ngầm, chống ngập lụt, quy hoạch cốt nền thấp, tin tức ngập lụt, Chuyên Tin 247,[PODCAST] Người Hà Nội chật vật dọn nhà sau ngập nhiều nơi nước vẫn chưa rút


Cảm ơn bạn đã xem video!",2025-10-02T08:00:00Z,2025-10-02T08:00:00Z,accept,flood_transport_hanoi,1,"flood_state,transport_impact,hanoi_location",0,search,ngập lụt Hà Nội đi lại,,,,,,2026-09-25T10:38:55.206444+07:00
youtube,a5NFU0UBDMU,https://www.youtube.com/watch?v=a5NFU0UBDMU,🚨 CẢNH BÁO: XUẤT HIỆN 3 CƠN BÃO MẠNH - VIỆT NAM CÓ THỂ HỨNG BÃO SỐ 6 - MƯA LỚN ĐÊM NAY!,"🚨 CẢNH BÁO: XUẤT HIỆN 3 CƠN BÃO MẠNH - VIỆT NAM CÓ THỂ HỨNG BÃO SỐ 6 - MƯA LỚN ĐÊM NAY!
#baoso6#baoso7#nepal#tinbaomoinhat#thoitietonline#thoitiet#thoitietvietnam#biendong#bao#mualon#set#ECMWF#GFS#GEM#ICON#NASA#thoitiet#bao
🚨 CẢNH BÁO: XUẤT HIỆN 3 CƠN BÃO MẠNH - VIỆT NAM CÓ THỂ HỨNG BÃO SỐ 6 - MƯA LỚN ĐÊM NAY!cập nhật diễn biến thời tiết nguy hiểm ngày và đêm 15/9/2026, đồng thời phân tích xu hướng thời tiết trong 3 ngày tới trên phạm vi cả nước.

Áp thấp nhiệt đới vừa qua đã suy yếu thành vùng áp thấp và tan dần trên khu vực Trung Lào, không thể mạnh lên thành bão số 6. Tuy nhiên, hoàn lưu sau áp thấp vẫn có thể gây mưa lớn, mưa rất to và dông tại nhiều khu vực. Bắc Bộ, Hà Nội, Thanh Hóa, Nghệ An, Hà Tĩnh cần đặc biệt lưu ý nguy cơ mưa lớn cục bộ, ngập úng, lũ quét và sạt lở đất. Trong các cơn dông có khả năng xảy ra lốc, sét và gió giật mạnh.

Trong khi đó, Tây Nguyên và Nam Bộ tiếp tục duy trì mưa rào và dông, tập trung nhiều vào chiều tối và tối. Một số nơi có thể xuất hiện mưa to trong thời gian ngắn, kèm theo sấm sét và gió giật mạnh.

Đáng chú ý hơn, hoạt động khí quyển tại Tây Bắc Thái Bình Dương và khu vực phía đông Philippines vẫn cần được theo dõi sát. Các phân tích và mô hình dự báo quốc tế đang hướng sự chú ý tới khả năng xuất hiện thêm 2–3 vùng nhiễu động hoặc xoáy thuận nhiệt đới trong thời gian tới. Không phải tất cả các hệ thống đều sẽ đi vào Biển Đông, nhưng nếu một nhiễu động vượt qua Philippines và tiến vào vùng biển nước ta trong điều kiện thuận lợi, nguy cơ hình thành áp thấp nhiệt đới và phát triển thành bão số 6 sẽ tăng lên.

Video sẽ phân tích rõ diễn biến mưa lớn trên cả nước, thời tiết Hà Nội, Bắc Bộ, Bắc Trung Bộ, Trung Bộ, Tây Nguyên, Nam Bộ, đồng thời nhận định khả năng Biển Đông tiếp tục xuất hiện xoáy thuận nhiệt đới trong nửa cuối tháng 9/2026.

⚠️ Người dân tại các khu vực có mưa lớn cần chủ động đề phòng ngập úng, lũ quét, sạt lở đất, dông lốc, sét và gió giật mạnh. Tàu thuyền hoạt động trên Biển Đông cần thường xuyên cập nhật thông tin thời tiết biển và cảnh báo áp thấp nhiệt đới, bão.

📌 Thời Tiết Online sẽ tiếp tục theo dõi sát các mô hình dự báo quốc tế và diễn biến thực tế để cập nhật nhanh nhất về bão số 6, áp thấp nhiệt đới, Biển Đông, mưa lớn và thời tiết nguy hiểm trên cả nước.

🔔 Hãy ĐĂNG KÝ KÊNH, BẬT CHUÔNG THÔNG BÁO để không bỏ lỡ những bản tin thời tiết và cảnh báo bão mới nhất.

#BaoSo6 #BaoSo6BienDong #BienDong #ApThapNhietDoi #CanhBaoMuaLon #MuaLon #DuBaoThoiTiet #ThoiTietHomNay #BaoMoi #BaoBienDong #XoayThuanNhietDoi #TayBacThaiBinhDuong #DuBaoBao #MuaDong #LutQuet #SatLoDat #HaNoi #BacBo #MienTrung #TayNguyen #NamBo #ThoiTietOnline

bão số 6, bão số 6 mới nhất, bão số 6 biển đông, bão số 6 năm 2026, bão mới nhất, tin bão mới nhất, tin bão biển đông, áp thấp nhiệt đới, áp thấp nhiệt đới mới nhất, áp thấp nhiệt đới biển đông, cảnh báo mưa lớn, mưa lớn hôm nay, dự báo mưa lớn, dự báo thời tiết 15/9/2026, thời tiết ngày 15/9/2026, thời tiết hôm nay, dự báo thời tiết 3 ngày tới, thời tiết miền bắc, thời tiết hà nội, mưa lớn hà nội, mưa rất to, cảnh báo ngập lụt, lũ quét, sạt lở đất, dông lốc, sấm sét, gió giật mạnh, bão biển đông, biển đông có bão, xoáy thuận nhiệt đới, xoáy thuận tây bắc thái bình dương, xoáy thuận philippines, bão philippines, nguy cơ bão số 6, bão số 6 có thể xuất hiện, bão vào biển đông, bão vào việt nam, dự báo bão, cập nhật bão, thời tiết việt nam, thời tiết 3 miền, thời tiết miền trung, thời tiết tây nguyên, thời tiết nam bộ, mưa dông nam bộ, mưa dông tây nguyên, Thời Tiết Online",2026-09-15T16:22:14Z,2026-09-15T16:22:14Z,accept,flood_transport_hanoi,1,"flood_state,transport_impact,hanoi_location",0,search,ngập úng Hà Nội đi,,,,,,2026-09-25T10:33:39.302952+07:00
youtube,a9_bRMMLjXs,https://www.youtube.com/watch?v=a9_bRMMLjXs,Mưa lớn kèm ngập úng khiến giao thông Hà Nội ùn tắc nghiêm trọng,"Mưa lớn kèm ngập úng khiến giao thông Hà Nội ùn tắc nghiêm trọng
Sáng 17-9, mưa lớn kéo dài khiến nhiều tuyến phố Hà Nội ngập sâu, ùn tắc nghiêm trọng. Đúng giờ cao điểm, người dân phải đội mưa, chật vật vượt qua các điểm ngập để đến nơi làm việc.

- Tin tức nhanh: https://tuoitre.vn
- Tin thời sự: https://tuoitre.vn/phap-luat
- Tin tức thế giới xem: https://tuoitre.vn/the-gioi

Kênh thông tin chính thức của #Báo_Tuổi_Trẻ trên YouTube.
 
Tin tức nhanh nhất, mới nhất, nóng nhất đang diễn ra ở Việt Nam và thế giới về: thời sự, kinh tế, chính trị, xã hội, giáo dục, thể thao, văn hóa, giải trí, công nghệ, nhịp sống số, pháp luật, du lịch...

#TuoiTre #BaoTuoiTre #TinNong #Thời_Sự #ThoiSu #Tuổi_Trẻ 
-----------
Đăng ký kênh xem thêm nhiều chuyên mục hấp dẫn khác:
https://bit.ly/3k1RCAR
Facebook: 
- https://facebook.com/baotuoitre
- https://facebook.com/Truyenhinh.BaoTuoiTre
Bản quyền nội dung thuộc về Báo điện tử Tuổi Trẻ
Cơ quan Báo và Phát thanh, Truyền hình TP.HCM
--------------------
TÒA SOẠN BÁO ĐIỆN TỬ TUỔI TRẺ
- Địa chỉ: Số 60A, Hoàng Văn Thụ, Phường.Đức Nhuận Thành phố Hồ Chí Minh, Việt Nam
- Điện thoại: (84.8) 3.997.3838
- Website: http://tuoitre.vn
- Email: tto@tuoitre.com.vn
- Đường dây nóng: 0918.033.133 - (84.8) 39.971.010",2026-09-17T04:15:03Z,2026-09-17T04:15:03Z,accept,flood_transport_hanoi,1,"flood_state,transport_impact,hanoi_location",1,search,ngập úng Hà Nội đi,,,,,,2026-09-25T10:32:43.658995+07:00
youtube,aFWgTB_dgIU,https://www.youtube.com/watch?v=aFWgTB_dgIU,Hà Nội: Phố Vọng ngập úng cục bộ sau trận mưa lớn,"Hà Nội: Phố Vọng ngập úng cục bộ sau trận mưa lớn
Trong vài năm trở lại đây, mỗi khi Hà Nội có trận mưa lớn, phố Vọng (phường Tương Mai, Hà Nội) luôn xảy ra tình trạng ngập úng cục bộ; nước tràn vào nhà một số hộ dân; gây khó khăn cho người tham gia giao thông.

Báo Tin tức: Thế giới trong tầm tay bạn
BÁO TIN TỨC - KÊNH THÔNG TIN CỦA CHÍNH PHỦ DO TTXVN PHÁT HÀNH
Tòa soạn: Số 5, Lý Thường Kiệt, Hà Nội
Email: toasoantintuc@gmail.com
Website: https://www.baotintuc.vn/
Xem báo giấy online tại: http://baotintuc.xembao.vn/",2025-08-17T16:19:17Z,2025-08-17T16:19:17Z,accept,flood_transport_hanoi,1,"flood_state,transport_impact,hanoi_location",0,search,phố ngập Hà Nội tham gia giao thông,,,,,,2026-09-25T11:25:02.049189+07:00
youtube,ajhhTTTxWdY,https://www.youtube.com/watch?v=ajhhTTTxWdY,"Toàn cảnh “bom nước” khổng lồ “nuốt chửng” Hà Nội: Phố phường hóa biển nước, người dân “bơi” đi làm","Toàn cảnh “bom nước” khổng lồ “nuốt chửng” Hà Nội: Phố phường hóa biển nước, người dân “bơi” đi làm
Mưa xối xả trong đêm khiến sáng nay (7/10), nhiều tuyến phố ở Hà Nội lại ngập nặng, gây khó khăn cho việc đi lại.
Từ nửa đêm đến sáng 7/10, hoàn lưu bão Matmo gây mưa lớn kéo dài khiến nhiều khu vực ở Thủ đô ngập sâu; dự báo mưa tiếp diễn đến trưa.
Theo Công ty Thoát nước Hà Nội, đến 6h30, khu vực trung tâm ghi nhận khoảng 30 điểm ngập úng. Lượng mưa từ 0h đến 6h30 phổ biến 90-150 mm; cục bộ cao tại Ô Chợ Dừa 223,9 mm, Hải Bối 204,9 mm, Đại Mỗ 170,5 mm, Phú Lương 163 mm. 
------
★ Đăng ký kênh và bấm chuông theo dõi những tin tức mới nhất từ Vietnamnet:
Đăng kí ngay 👉 https://bit.ly/3TmOMI7
Click for subcribe 👉 https://bit.ly/3TmOMI7

Tin tức báo VietNamNet - Đọc tin tức online - Tin tức 24h - Thời sự trong ngày
Kênh Youtube chính thức của Báo VietNamNet. Cập nhật liên tục những tin tức thời sự nóng hổi, chính xác nhất ở trong nước và trên thế giới.
------
Theo dõi Vietnamnet tại:
★ Facebook Vietnamnet: https://www.facebook.com/vietnamnet.vn/
★ Báo điện tử Vietnamnet: https://vietnamnet.vn/
-----
© Bản quyền thuộc về Báo VietNamNet
© Copyright by Vietnamnet Official ☞ Do not Reup
#BaoVietnamnet #tintuc #tintuc24h #KA",2025-10-07T05:40:00Z,2025-10-07T05:40:00Z,accept,flood_transport_hanoi,1,"flood_state,transport_impact,hanoi_location",0,search,ngập lụt Hà Nội đi lại,,,,,,2026-09-25T10:38:02.090419+07:00
youtube,akL_xgQn9pI,https://www.youtube.com/watch?v=akL_xgQn9pI,"Hà Nội ngập sâu sáng 17/9: Mưa gần 200 mm, nhiều tuyến đường ùn tắc","Hà Nội ngập sâu sáng 17/9: Mưa gần 200 mm, nhiều tuyến đường ùn tắc
Hà Nội ngập sâu sáng 17/9: Mưa gần 200 mm, nhiều tuyến đường ùn tắc


#HaNoiNgap #MuaLon #BanTinNong #CanhBaoThoiTiet #Shorts 

Hà Nội ghi nhận lượng mưa đặc biệt lớn trong đêm 16 rạng sáng 17/09/2026. Một số khu vực vượt 150 mm; Từ Liêm gần 200 mm. Nước ngập sâu tại nhiều tuyến phố, ảnh hưởng giao thông, trường học và sinh hoạt của người dân.

Video tổng hợp hình ảnh hiện trường và thông tin đã công bố đến khoảng 9h25 ngày 17/09/2026. Khi gặp đoạn đường ngập, không cố đi qua nếu chưa biết độ sâu; tránh miệng cống, dòng nước chảy xiết và thiết bị điện.

Nguồn tham khảo: VnExpress; Trung tâm Dự báo Khí tượng Thủy văn Quốc gia.

#HaNoiNgap #MuaLon #BanTinNong #CanhBaoThoiTiet #Shorts


Hà Nội ngập, Hà Nội mưa lớn, ngập Hà Nội 17/9, mưa gần 200 mm, cảnh báo mưa lớn, thời tiết Hà Nội, bản tin nóng hôm nay",2026-09-17T10:45:39Z,2026-09-17T10:45:39Z,accept,flood_transport_hanoi,1,"flood_state,transport_impact,hanoi_location",0,search,ngập nước Hà Nội giao thông,,,,,,2026-09-25T10:43:01.341804+07:00
youtube,akWwE67CEdA,https://www.youtube.com/watch?v=akWwE67CEdA,"Quốc lộ 32 ngập sâu ở phía Tây Hà Nội, nhiều phương tiện mắc kẹt và chết máy","Quốc lộ 32 ngập sâu ở phía Tây Hà Nội, nhiều phương tiện mắc kẹt và chết máy
THCL | Dù mưa đã dứt từ chiều 17/9, nhưng đến sáng 18/9, Quốc lộ 32 đoạn qua xã Hoài Đức (Hà Nội) vẫn ngập sâu. Nước chưa kịp rút khiến nhiều phương tiện giao thông chết máy khi lưu thông qua tuyến huyết mạch phía Tây Thủ đô. 

........
Thương hiệu & Công luận TV là Kênh Youtube chính thức của Tạp chí Thương hiệu & Công luận cập nhật liên tục, thường xuyên các tin tức trong nước và quốc tế, các sự kiện nóng, các vấn đề đời sống, xã hội được quan tâm; thông tin về dự báo thời tiết; phân tích chuyên sâu của các chuyên gia về các lĩnh vực.
Thương hiệu và Công luận TV là kênh Youtube chính thống của cơ quan Trung ương Hiệp hội VATAP
Tòa soạn: Tòa nhà B5D6 Khu đô thị mới Cầu Giấy, P. Cầu Giấy, Hà Nội 
Email: thuonghieucongluan@gmail.com
Giấy phép hoạt động báo chí điện tử số 64/GP-BTTTT do Bộ Thông tin và Truyền thông cấp ngày 21/2/2020.
Bản quyền thuộc Tạp chí Thương hiệu và Công luận
Cấm sao chép dưới mọi hình thức nếu không có sự chấp thuận bằng văn bản

#thuonghieuvacongluan #thuonghieuvacongluantv #tintucthoisu #tincapnhat #tinnong #tinmoicapnhat #tinmoinhat #mualon #ngapnuoc #hanoi #hoaiduc #quoclo32 #xechetmay",2026-09-18T12:30:09Z,2026-09-18T12:30:09Z,accept,flood_transport_hanoi,1,"flood_state,transport_impact,hanoi_location",0,search,ngập nước Hà Nội giao thông,,,,,,2026-09-25T10:41:11.516330+07:00
youtube,amXSLQ04GTg,https://www.youtube.com/watch?v=amXSLQ04GTg,Cập nhật mới nhất giao thông Hà Nội sau bão Matmo,"Cập nhật mới nhất giao thông Hà Nội sau bão Matmo
Khu vực đường Lê Quang Đạo, trước sân Mỹ Đình ngập úng. Hiện các phương tiện di chuyển rất khó khăn!",2025-10-08T03:20:17Z,2025-10-08T03:20:17Z,accept,flood_transport_hanoi,1,"flood_state,transport_impact,hanoi_location",0,search,lụt Hà Nội di chuyển,,,,,,2026-09-25T10:48:32.682589+07:00
youtube,ax8hUIBE5h4,https://www.youtube.com/watch?v=ax8hUIBE5h4,🚨 CHUYÊN GIA CẢNH BÁO: VIỆT NAM NGUY CƠ HỨNG BÃO SỐ 6 _ MƯA LỚN ĐÊM NAY!,"🚨 CHUYÊN GIA CẢNH BÁO: VIỆT NAM NGUY CƠ HỨNG BÃO SỐ 6 _ MƯA LỚN ĐÊM NAY!
#baoso6#baoso7#nepal#tinbaomoinhat#thoitietonline#thoitiet#thoitietvietnam#biendong#bao#mualon#set#ECMWF#GFS#GEM#ICON#NASA#thoitiet#bao
🚨 CHUYÊN GIA CẢNH BÁO: VIỆT NAM NGUY CƠ HỨNG BÃO SỐ 6 _ MƯA LỚN ĐÊM NAY!
🚨 CẢNH BÁO THỜI TIẾT MỚI NHẤT: Nhiều tỉnh thành có nguy cơ xuất hiện mưa lớn, mưa rất to, dông lốc, sấm sét và gió giật mạnh trong đêm nay. Diễn biến mưa lũ trên cả nước tiếp tục được theo dõi sát, đặc biệt tại khu vực Bắc Bộ, Bắc Trung Bộ và các vùng có nguy cơ ngập úng, lũ quét, sạt lở đất.
🌧️ Trong bản tin hôm nay, Thời Tiết Online cập nhật chi tiết dự báo thời tiết 3 miền, diễn biến mưa lớn trong đêm nay và ngày mai, những khu vực có nguy cơ mưa to đến rất to, cảnh báo ngập lụt đô thị, lũ quét, sạt lở đất và các hiện tượng thời tiết nguy hiểm kèm theo.
🌊 Trên Biển Đông, tình hình thời tiết biển tiếp tục được quan tâm khi xuất hiện những tín hiệu nhiễu động mới từ khu vực Tây Bắc Thái Bình Dương. Nguy cơ xuất hiện bão số 6 đang được theo dõi trong những ngày tới. Các mô hình dự báo quốc tế có thể còn thay đổi về vị trí, cường độ và hướng di chuyển, vì vậy người dân, ngư dân và tàu thuyền cần thường xuyên cập nhật các bản tin chính thức.
⚠️ BẢN TIN SẼ TẬP TRUNG: Bão số 6 có thể xuất hiện hay không? Biển Đông những ngày tới có diễn biến gì đáng chú ý? Khu vực nào có nguy cơ mưa lớn, lũ lên nhanh, ngập lụt, lũ quét và sạt lở đất? Bắc Bộ, Trung Bộ, Tây Nguyên và Nam Bộ sẽ có thời tiết như thế nào trong 24–72 giờ tới?
📌 Hãy theo dõi Thời Tiết Online để cập nhật nhanh các thông tin tin bão mới nhất, dự báo bão Biển Đông, bão số 6, mưa lớn, mưa lũ, thời tiết hôm nay, thời tiết ngày mai, dự báo thời tiết 3 miền, cảnh báo thiên tai và các hiện tượng thời tiết nguy hiểm.
🔔 Đừng quên ĐĂNG KÝ KÊNH, BẬT CHUÔNG THÔNG BÁO và chia sẻ bản tin để không bỏ lỡ những cập nhật mới nhất về bão, áp thấp nhiệt đới, mưa lớn và thời tiết Việt Nam.
#BaoSo6 #BaoSo6BienDong #BaoBienDong #TinBao #TinBaoKhan #CanhBaoBao #DuBaoBao #BaoMoiNhat #BienDong #DuBaoThoiTiet #ThoiTietHomNay #ThoiTietNgayMai #DuBaoThoiTiet3Mien #MuaLon #MuaRatTo #MuaLu #CanhBaoMuaLon #LuQuet #SatLoDat #NgapLut #CanhBaoThienTai #ThoiTietVietNam #ThoiTietOnline #BaoApThapNhietDoi #ApThapNhietDoi #DuBaoBaoMoiNhat #TinThoiTiet #CanhBaoThoiTiet
📌 Hãy ĐĂNG KÝ THỜI TIẾT ONLINE, bật chuông thông báo để cập nhật nhanh nhất các bản tin BÃO SỐ 6, ÁP THẤP NHIỆT ĐỚI, BIỂN ĐÔNG, MƯA LỚN và thời tiết nguy hiểm trên cả nước.
#BaoSo6 #BaoSo6BienDong #BienDong #XoayThuan #ApThapNhietDoi #MuaLon #CanhBaoBao #TinBao #DuBaoBao #BaoThang9 #ThoiTietOnline
#BaoSo6 #BaoSo6BienDong #BienDong #ApThapNhietDoi #CanhBaoMuaLon #MuaLon #DuBaoThoiTiet #ThoiTietHomNay #BaoMoi #BaoBienDong #XoayThuanNhietDoi #TayBacThaiBinhDuong #DuBaoBao #MuaDong #LutQuet #SatLoDat #HaNoi #BacBo #MienTrung #TayNguyen #NamBo #ThoiTietOnline
bão số 6, bão số 6 mới nhất, bão số 6 biển đông, bão số 6 năm 2026, bão mới nhất, tin bão mới nhất, tin bão biển đông, áp thấp nhiệt đới, áp thấp nhiệt đới mới nhất, áp thấp nhiệt đới biển đông, cảnh báo mưa lớn, mưa lớn hôm nay, dự báo mưa lớn, dự báo thời tiết 15/9/2026, thời tiết ngày 15/9/2026, thời tiết hôm nay, dự báo thời tiết 3 ngày tới, thời tiết miền bắc, thời tiết hà nội, mưa lớn hà nội, mưa rất to, cảnh báo ngập lụt, lũ quét, sạt lở đất, dông lốc, sấm sét, gió giật mạnh, bão biển đông, biển đông có bão, xoáy thuận nhiệt đới, xoáy thuận tây bắc thái bình dương, xoáy thuận philippines, bão philippines, nguy cơ bão số 6, bão số 6 có thể xuất hiện, bão vào biển đông, bão vào việt nam, dự báo bão, cập nhật bão, thời tiết việt nam, thời tiết 3 miền, thời tiết miền trung, thời tiết tây nguyên, thời tiết nam bộ, mưa dông nam bộ, mưa dông tây nguyên, Thời Tiết Online",2026-09-17T17:29:31Z,2026-09-17T17:29:31Z,accept,flood_transport_hanoi,1,"flood_state,transport_impact,hanoi_location",0,search,ngập úng Hà Nội đi,,,,,,2026-09-25T10:31:44.758861+07:00
youtube,b3wopS8BkjQ,https://www.youtube.com/watch?v=b3wopS8BkjQ,"Sự thật nền nhà cao hơn 90cm, nhà dân Đông Ngạc vẫn ngập không lối thoát nước","Sự thật nền nhà cao hơn 90cm, nhà dân Đông Ngạc vẫn ngập không lối thoát nước
Sự thật nền nhà cao hơn 90cm, nhà dân Đông Ngạc vẫn ngập không lối thoát nước

Trên địa bàn thành phố Hà Nội hiện đang tồn tại rất nhiều tuyến đường thi công dang dở với những hạng mục không đảm bảo an toàn cho người dân. Việc đi lại vốn đã khó nay lại càng khó hơn, bởi sau mỗi trận mưa lớn, nước thải và bùn đất tồn đọng không thể thoát đã tạo thành những hố nước sâu, tiềm ẩn nguy cơ gây tai nạn cho người tham gia giao thông.

Bản tin 141 - Bản tin chuyên biệt về an ninh, trật tự, pháp luật, xã hội phát sóng 21h45 hàng ngày trên Kênh 1 - Đài PTTH Hà Nội.

Với nhiều tiểu mục Nhật ký 141, cảnh báo 141, gương chiến sĩ, camera 141. Hứa hẹn sẽ là 1 bản tin cập nhật, hấp dẫn, tin cậy tới khán giả Thủ đô và khán giả cả nước.

👉 THÔNG TIN LIÊN HỆ: 
🔶 Đài Phát Thanh Truyền Hình Hà Nội: Số 3-5 Huỳnh Thúc Kháng, Đống Đa, Hà Nội
📧 Email: ttnoidungso@daihanoi.vn
☎️ Điện thoại: 0865.116.699
  
#tintuc #tinnong #tintucanninhtrattu #tintucnongtrongngay #tintuccapnhat #hanoionline #news #newsupdate",2025-10-08T05:00:42Z,2025-10-08T05:00:42Z,accept,flood_transport_hanoi,1,"flood_state,transport_impact,hanoi_location",0,search,phố ngập Hà Nội tham gia giao thông,,,,,,2026-09-25T11:12:49.195631+07:00
youtube,bRFDx4Pp3A8,https://www.youtube.com/watch?v=bRFDx4Pp3A8,"Cao tốc Hà Nội - Thái Nguyên ngập sâu gần nửa mét, lũ dữ biến đường thành sông| VNP","Cao tốc Hà Nội - Thái Nguyên ngập sâu gần nửa mét, lũ dữ biến đường thành sông| VNP
Vietnam Plus | Nước lũ dâng cao tràn vào cao tốc Hà Nội - Thái Nguyên, nhiều xe chết máy giữa dòng, cảnh sát giao thông làm “cọc tiêu sống” điều tiết phương tiện. Nguy cơ ngập kéo dài do mực nước sông Cầu và sông Cà Lồ tiếp tục lên nhanh.

Vietnam Plus là kênh Youtube chia sẻ các nội dung tin tức, nga ukraine mới nhất, tin nga ukraine, xung đột nga ukraine, tin quốc tế, nga ukraine hôm nay, tiêu điểm quốc tế, toàn cảnh quốc tế, thời sự quốc tế, thời sự thế giới, toàn cảnh thế giới, bản tin quốc tế, chiến sự nga ukraine, tin tức thời sự, thời sự 19h, tin tức mới, tin mới, thời sự quốc tế, tin tức 24h mới nhất, nga và ukraine mới nhất, tin tức nga ukraine mới nhất, nga, ukraine, tin biển đông, tin nóng, các tin tức cập nhật,… Với mong muốn cập nhật những thông tin chính xác và nhanh nhất trên nền tảng số cho quý vị và các bạn. ❤️ Cảm ơn các bạn đã xem video!

★ Đăng ký kênh và bấm 🔔 theo dõi những tin tức mới nhất từ Vietnam Plus:
Đăng kí ngay 👉 https://bit.ly/BaovietnamPlus
Click for subcribe 👉 https://bit.ly/BaovietnamPlus

Tin tức Báo Vietnam Plus - Đọc tin tức online - Tin tức 24h - Thời sự trong ngày
Kênh Youtube chính thức của Báo Vietnam Plus. Cập nhật liên tục những tin tức Việt Nam và thế giới nhanh nhất, tin cậy, chính thống từ TTXVN, cập nhật liên tục 24/7.
------
Theo dõi Vietnam Plus tại:
★ Báo Vietnam Plus: https://www.vietnamplus.vn
★ Facebook Vietnam Plus: https://www.facebook.com/VietnamPlus
-----
© Bản quyền thuộc về Báo Vietnam Plus
© Copyright by Vietnam Plus. Do not Reup

#BaoVietnamplus #vietnamplus #CaoTocNgap #HaNoiThaiNguyen #HanCheDiChuyen #GiaoThongAchTac #LuLichSu #vietnamplus",2025-10-10T05:30:31Z,2025-10-10T05:30:31Z,accept,flood_transport_hanoi,1,"flood_state,transport_impact,hanoi_location",0,search,ngập nước Hà Nội giao thông,,,,,,2026-09-25T10:06:50.808624+07:00
youtube,bstCnHBmq7s,https://www.youtube.com/watch?v=bstCnHBmq7s,"Dù trời đã hửng nắng, Hà Nội vẫn còn 12 điểm ngập nặng gây ùn tắc giao thông","Dù trời đã hửng nắng, Hà Nội vẫn còn 12 điểm ngập nặng gây ùn tắc giao thông
Sáng nay (8/10) trời đã hửng nắng, song tình trạng ngập vẫn xảy ra trên một số tuyến phố Hà Nội, gây ùn tắc giao thông, phương tiện chết máy do ngập nước. Qua thống kê xác định vẫn còn 12 điểm ngập sâu.
▶ Kênh Youtube tạp chí VietTimes chia sẻ các nội dung thông tin mạng xã hội, thời sự quốc tế, toàn cảnh quốc tế, nga ukraine mới nhất, tin nga ukraine, xung đột nga ukraine, tin quốc tế, nga ukraine hôm nay, tiêu điểm quốc tế, thời sự thế giới, bản tin quốc tế,chiến sự nga ukraine, tin tức thời sự, thời sự 19h, tin tức mới, tin mới, thời sự quốc tế, tin tức 24h mới nhất, nga và ukraine mới nhất, tin tức nga ukraine mới nhất, nga, ukraine, isarel, hamas, palestin, xung đột isarel hamas, xung đột isarel palestine , tin nóng, các tin tức cập nhật,… Với mong muốn cập nhật những thông tin, phân tích chính xác và nhanh nhất dưới góc nhìn truyền thông số cho quý vị và các bạn

🔔 Đăng ký kênh để theo dõi tin tức mới nhất: https://bit.ly/DangKyKenhVietTimes

Theo dõi Tạp chí điện tử Viettimes

📣 Web: https://viettimes.vn/
📣 Tiktok: https://www.tiktok.com/@viettimes.vn
📣 Youtube Channel: https://www.youtube.com/c/TapchiVietTimes/featured
📣 Fanpage: https://www.facebook.com/viettimes.vn
-----------------
© Bản quyền thuộc về Tạp chí điện tử Viettimes
© Copyright by Bao Viettimes  ☞ Do not Reup
#tapchiviettimes #tintucviettimes #viettimeskinhte",2025-10-08T10:08:00Z,2025-10-08T10:08:00Z,accept,flood_transport_hanoi,1,"flood_state,transport_impact,hanoi_location",0,search,ngập nước Hà Nội giao thông,,,,,,2026-09-25T10:07:20.745975+07:00
youtube,bxW09CfQsms,https://www.youtube.com/watch?v=bxW09CfQsms,"Hà Nội mưa to, ngập úng nghiêm trọng","Hà Nội mưa to, ngập úng nghiêm trọng
Sáng 7/10, mưa to kéo dài do ảnh hưởng của bão Matmo khiến nhiều tuyến đường Hà Nội ngập sâu, giao thông ùn tắc, nước tràn vào nhà dân và vỉa hè, sinh hoạt bị đảo lộn.

#mưa #hànội #ngập #nghiêmtrọng
---
Website Báo NNVN: https://nongnghiepmoitruong.vn/
Fanpage: https://www.facebook.com/NongnghiepvaMoitruongOnline
Đăng kí kênh: https://www.youtube.com/channel/UCJHOaZZwhDr49_hjISr5Lqg
Địa chỉ Báo Nông nghiệp và Môi trường: 14 Ngô Quyền, Hoàn Kiếm, Hà Nội",2025-10-08T02:33:10Z,2025-10-08T02:33:10Z,accept,flood_transport_hanoi,1,"flood_state,transport_impact,hanoi_location",0,search,ngập nước Hà Nội giao thông,,,,,,2026-09-25T10:07:44.111372+07:00
youtube,c3v9ykX01cA,https://www.youtube.com/watch?v=c3v9ykX01cA,Nhiều tuyến phố Hà Nội biến thành sông | VTV24,"Nhiều tuyến phố Hà Nội biến thành sông | VTV24
Khu vực Mễ Trì, Hà Nội là một trong những nơi ngập úng nghiêm trọng. Việc đi lại qua đây gặp nhiều khó khăn, nhiều đoạn tê liệt.
----------
Đồng hành cùng VTV Digital tại:

Ứng dụng VTVgo
Android: https://bit.ly/305aQLs
iOS: https://apple.co/3g8yMTS
hoặc xem trực tiếp trên https://vtvgo.vn/

Báo điện tử: https://VTV.vn

Fanpage:
Tin tức, Xã hội: https://fb.com/tintucvtv24
Chuyên trang Tài Chính: https://fb.com/VTVMoney
Báo điện tử VTV: https://fb.com/baodientuvtv

Youtube: https://youtube.com/vtv24
Zalo: https://zalo.me/1571891271885013375
Instagram: https://instagram.com/vtv24news/
Tiktok: tiktok.com/@vtv24news
Twitter: https://twitter.com/vtvdigitalnews
#VTVDigital #Tintuc",2025-10-07T07:30:21Z,2025-10-07T07:30:21Z,accept,flood_transport_hanoi,1,"flood_state,transport_impact,hanoi_location",0,search,ngập lụt Hà Nội đi lại,,,,,,2026-09-25T10:37:58.831188+07:00
youtube,cPc7c-k9d9g,https://www.youtube.com/watch?v=cPc7c-k9d9g,"Finnews 10/10 – Hà Nội ngập sâu, Thái Nguyên thiệt hại, Nasdaq hợp tác TP HCM, siết giao dịch vàng","Finnews 10/10 – Hà Nội ngập sâu, Thái Nguyên thiệt hại, Nasdaq hợp tác TP HCM, siết giao dịch vàng
Finnews ngày 10 tháng 10 cập nhật nhanh các diễn biến kinh tế - xã hội trong nước. Tại ngoại thành Hà Nội, #mưa lớn gây ngập sâu, giao thông bị chia cắt và nhiều hộ phải sơ tán; #Hanoi #NgapLu. Ở Thái Nguyên, mưa lũ khiến các khu công nghiệp thiệt hại, nhiều doanh nghiệp chịu tổn thất nặng; #ThaiNguyen #DoanhNghiep. Thống đốc Ngân hàng Nhà nước giao nhiệm vụ cho các ngân hàng nhận chuyển giao bắt buộc nhằm bảo vệ quyền lợi người gửi tiền và ổn định hệ thống; #NganHang #TaiCoCau. Thành phố Hồ Chí Minh chuẩn bị ký bản ghi nhớ hợp tác với sàn Nasdaq, mở cơ hội kết nối thị trường vốn quốc tế; #Nasdaq #ThanhPhoHoChiMinh. Thị trường chứng khoán được kỳ vọng khi ba mươi cổ phiếu có cơ hội lọt rổ FTSE Russell, trong khi quy định mới yêu cầu giao dịch vàng trên hai mươi triệu đồng phải chuyển khoản. #FTSERussell #GiaodichVang #Finnews",2025-10-10T11:07:39Z,2025-10-10T11:07:39Z,accept,flood_transport_hanoi,1,"flood_state,transport_impact,hanoi_location",1,search,ngập nước Hà Nội giao thông,,,,,,2026-09-25T10:06:14.581932+07:00
youtube,cPjEbJeYAK8,https://www.youtube.com/watch?v=cPjEbJeYAK8,"Hà Nội còn 106 vị trí ngập nước, 23 điểm ngập sâu, phương tiện không thể lưu thông | Tin tức","Hà Nội còn 106 vị trí ngập nước, 23 điểm ngập sâu, phương tiện không thể lưu thông | Tin tức
NLĐ | Hà Nội còn 106 vị trí ngập nước, 23 điểm ngập sâu, phương tiện không thể lưu thông
Hà Nội ghi nhận 106 điểm ngập úng, trong đó 23 tuyến đường bị tê liệt hoàn toàn — có nơi nước dâng cao trên 1 mét. Những tuyến như Trường Chinh, Tôn Đức Thắng, Láng, Nguyễn Xiển bị ảnh hưởng nghiêm trọng, giao thông gần như bất khả thi ở nhiều đoạn. Cơ quan thoát nước thành phố đã huy động lực lượng, máy bơm nhưng nhiều khu vực vẫn chưa thể khắc phục. Cư dân được khuyến nghị tránh các tuyến trũng, theo dõi bản đồ ngập và di chuyển an toàn.
Trong video này, chúng tôi sẽ thông tin về:
Hà Nội còn 106 vị trí ngập nước, 23 điểm ngập sâu, phương tiện không thể lưu thông.
Vì sao xảy ra mưa dông gây ngập lụt diện rộng ở Hà Nội?
Danh sách các điểm ngập úng tại Hà Nội
Ám ảnh 2 lần ngập lụt liên tiếp, người dân Hà Nội đắp đập, dựng tường chắn nước
🔔 Hãy đăng kí kênh @Báo Người Lao động TV để không bỏ lỡ những thông tin hấp dẫn.
Thông tin sử dụng từ nguồn chính thức: https://vietnamnet.vn/cap-nhat-106-diem-ngap-23-tuyen-duong-te-liet-co-noi-sau-toi-1m-o-ha-noi-2450166.html?

#cactuyenduongngap #Hanoingaplut #Hanoimuatotrienmien #baonguoilaodong
----------------
📰 BÁO NGƯỜI LAO ĐỘNG – Kênh YouTube chính thức  
https://www.youtube.com/channel/UCzkyOx_0O1pGOqHiUMOe2KQ?sub_confirmation=1

Cập nhật liên tục:  
• Thời sự & Tin tức 24h  
• Quốc tế & Điểm nóng toàn cầu  
• Hồ sơ vụ án – Phân tích khách quan  
• Đời sống đô thị, Kinh tế & Sức khỏe  

🌐 Website: https://nld.com.vn  
📘 Fanpage: Người Lao Động  
🎵 TikTok: @baonguoilaodong  

👉 Đăng ký kênh để nhận thông tin nhanh chóng, chính xác và đáng tin cậy mỗi ngày.  
https://www.youtube.com/channel/UCzkyOx_0O1pGOqHiUMOe2KQ?sub_confirmation=1

🙏 Cảm ơn sự đồng hành của quý khán giả!  

#NguoiLaoDongTV #ThoiSu #TinTuc24h #TinQuocTe",2025-10-07T15:35:00Z,2025-10-07T15:35:00Z,accept,flood_transport_hanoi,1,"flood_state,transport_impact,hanoi_location",0,search,ngập nước Hà Nội giao thông,,,,,,2026-09-25T10:08:01.803736+07:00
youtube,cnxgA0LPtp8,https://www.youtube.com/watch?v=cnxgA0LPtp8,"Mây dông mạnh lan về Hà Nội, cảnh báo mưa và nguy cơ ngập lụt | Tin tức 24h","Mây dông mạnh lan về Hà Nội, cảnh báo mưa và nguy cơ ngập lụt | Tin tức 24h
DDDN | Mây dông mạnh lan về Hà Nội, cảnh báo mưa và nguy cơ ngập lụt 
Vùng mây đối lưu đang di chuyển về Hà Nội, dự báo gây mưa dông kèm lốc, sét, mưa đá và gió giật mạnh. Mưa lớn cục bộ có thể gây ngập úng, lũ quét sông suối nhỏ và sạt lở đất tại những vùng trũng, thấp.
Trong video này chúng tôi sẽ thông tin về:
 Mây dông mạnh lan về Hà Nội, cảnh báo mưa và nguy cơ thiên tai
Bão Fengshen tiến gần Biển Đông, gió giật cấp 13 – Cảnh báo vùng biển nguy hiểm
Bão Fengshen đe dọa hoạt động tàu thuyền tại Bắc Biển Đông
Philippines di dời 27.000 người trước bão Fengshen
Philippines gấp rút sơ tán trước bão Fengshen dữ dội
Những kịch bản không ngờ khi bão Fengshen đổ bộ Việt Nam 
Bạn có thấy thông tin về thị trường vàng trên kênh diễn đàn doanh nghiệp là hữu ích. Hãy bình luận bên dưới nhé.
🔔 Đừng quên LIKE – SHARE – ĐĂNG KÝ kênh YouTube Tạp chí Diễn đàn Doanh nghiệp để không bỏ lỡ các thông tin cập nhật tiếp theo
Thông tin trên được sử dụng từ nguồn chính thức: 
https://laodong.vn/moi-truong/may-dong-un-un-keo-den-canh-bao-ha-noi-sap-chuyen-mua-trong-3-gio-toi-1594410.ldo 

#hanoi #muadong #dudoanmuadong #thanhphohanoi #nguycomua #tapchidiendandoanhnghiep

------------------------------
🎥 Diễn đàn Doanh nghiệp TV – Cập nhật kinh tế, thời sự quốc tế, tài chính và biến động toàn cầu mỗi ngày.

🔎 Tại đây, bạn sẽ:
• Theo dõi xung đột nóng: Nga–Ukraine, Israel–Iran, Biển Đông, Đài Loan...
• Nắm bắt biến động kinh tế: Giá vàng, chứng khoán, chính sách tiền tệ, ngân hàng trung ương
• Phân tích chuyên sâu: Địa chính trị, tài chính vĩ mô, chiến lược toàn cầu
• Cảnh báo thiên tai – biến đổi khí hậu – dự báo thời tiết chính xác

⏱️ Cập nhật tin tức liên tục, phân tích từ nguồn chính thống, dẫn dắt bằng tư duy.

📌 Đăng ký kênh để không bỏ lỡ những bản tin và bình luận quan trọng:
👉 https://www.youtube.com/c/DiễnĐànDoanhNghiệpTv?sub_confirmation=1

 #diendandoanhnghieptv #thoisuquocte #phantichkinhte #xungdottoancau #tinnong24h #tintucchinhtri #tintuc24h",2025-10-19T11:30:06Z,2025-10-19T11:30:06Z,accept,flood_transport_hanoi,1,"flood_state,transport_impact,hanoi_location",0,search,lụt Hà Nội di chuyển,,,,,,2026-09-25T10:47:00.931642+07:00
youtube,cpyhkd09IJQ,https://www.youtube.com/watch?v=cpyhkd09IJQ,"Ngập sâu ở xã Trung Giã, Sóc Sơn – Giao thông tê liệt, dân di dời khẩn cấp #vovgiaothong #fm91","Ngập sâu ở xã Trung Giã, Sóc Sơn – Giao thông tê liệt, dân di dời khẩn cấp #vovgiaothong #fm91
Hàng loạt tuyến đường ở xã Trung Giã (Sóc Sơn, Hà Nội) đang bị ngập sâu từ 0,5 – 1,3 mét, nhiều nhà dân chìm trong biển nước. Gần 36.000 người dân tại hai xã Trung Giã và Đa Phúc bị ảnh hưởng, hàng trăm hộ phải sơ tán khẩn cấp.

Tham gia hội viên của VOV Giao thông bạn nhé:
https://www.youtube.com/channel/UCPeJU6XNeZMwaHYXE27Vgmg/join

Kính chào quý khán thính giả đã đến với channel chính thức của Kênh VOV Giao thông, Đài Tiếng nói Việt Nam. Kính chúc quý vị sẽ có thời gian theo dõi tin tức hữu ích cùng VOV Giao thông. Nếu có hình ảnh nào đáng chú ý trên đường, các bạn có thể gửi về số điện thoại zalo: 0988239969.

#vovgiaothong #vovgt #tintuc #hotnews #news #thongtin #giaothong #tieudiem #tinnong #xuhuong #cameragiaothong #checkvar #tinhuonggiaothong #camerahanhtrinh #binhluan #gocnhin #caotoc #vov #daitiengnoivietnam #phatthanh #daiphatthanh #batdongsan #nhadat #ngaogia #ngaplutTrungGia #SocSonHaNoi #ngaplutHaNoi #lulutmienBac

--------------------------------------------
Đăng ký theo dõi Kênh Youtube VOV Giao thông để xem những tin tức mới nhất:
https://youtube.com/@kenhvovgiaothong?si=OStZt6XJZU1sYzBU

Đây là Kênh Youtube chính thức của Kênh VOV Giao thông - Đài Tiếng nói Việt Nam
- Website: https://vovgiaothong.vn/
- Fanpage: https://www.facebook.com/KenhVOVGT

Tầng 10, Số 58 Quán Sứ, Hà Nội
ĐT: 02437.919191
Email: vovgtchannel@gmail.com",2025-10-10T10:19:20Z,2025-10-10T10:19:20Z,accept,flood_transport_hanoi,1,"flood_state,transport_impact,hanoi_location",0,search,ngập nước Hà Nội giao thông,,,,,,2026-09-25T10:06:18.023897+07:00
youtube,ctgIQ-v9OMg,https://www.youtube.com/watch?v=ctgIQ-v9OMg,"Cập nhật mưa lớn Hà Nội mới nhất: Nhiều tuyến đường ngập sâu, học sinh phải nghỉ học |  Tin tức 24h","Cập nhật mưa lớn Hà Nội mới nhất: Nhiều tuyến đường ngập sâu, học sinh phải nghỉ học |  Tin tức 24h
DDDN | Cập nhật mưa lớn Hà Nội mới nhất: Nhiều tuyến đường ngập sâu, học sinh phải nghỉ học
Sáng 17/9, nhiều tuyến phố Hà Nội vẫn ngập sau trận mưa lớn xảy ra từ đêm hôm trước. Nước ngập ảnh hưởng đến việc đi lại, nhiều phương tiện phải di chuyển chậm hoặc chuyển hướng, giao thông tại một số khu vực ùn ứ kéo dài.
Trong video này, chúng tôi sẽ thông tin về:
Cập nhật mưa lớn Hà Nội mới nhất: Nhiều tuyến đường ngập sâu, học sinh phải nghỉ học
🔔 Hãy đăng kí kênh Diễn đàn Doanh nghiệp để không bỏ lỡ những thông tin hấp dẫn.
Thông tin sử dụng được tham khảo từ nguồn tổng hợp

#mualonhanoi #hanoingap #hocsinhnghihoc #thoitiethanoi #tintuchanoi #ngapluthanoi#diendandoanhnghiep


------------------------------
🎥 Diễn đàn Doanh nghiệp TV – Cập nhật kinh tế, thời sự quốc tế, tài chính và biến động toàn cầu mỗi ngày.

🔎 Tại đây, bạn sẽ:
• Theo dõi xung đột nóng: Nga–Ukraine, Israel–Iran, Biển Đông, Đài Loan...
• Nắm bắt biến động kinh tế: Giá vàng, chứng khoán, chính sách tiền tệ, ngân hàng trung ương
• Phân tích chuyên sâu: Địa chính trị, tài chính vĩ mô, chiến lược toàn cầu
• Cảnh báo thiên tai – biến đổi khí hậu – dự báo thời tiết chính xác

⏱️ Cập nhật tin tức liên tục, phân tích từ nguồn chính thống, dẫn dắt bằng tư duy.

📌 Đăng ký kênh để không bỏ lỡ những bản tin và bình luận quan trọng:
👉 https://www.youtube.com/c/DiễnĐànDoanhNghiệpTv?sub_confirmation=1

 #diendandoanhnghieptv #thoisuquocte #phantichkinhte #xungdottoancau #tinnong24h #tintucchinhtri #tintuc24h",2026-09-17T02:30:00Z,2026-09-17T02:30:00Z,accept,flood_transport_hanoi,1,"flood_state,transport_impact,hanoi_location",0,search,ngập lụt Hà Nội đi lại,,,,,,2026-09-25T10:46:17.623239+07:00
youtube,cu8dgIHUU54,https://www.youtube.com/watch?v=cu8dgIHUU54,"Hà Nội “vỡ trận” vì mưa lớn: 106 điểm ngập, 23 tuyến đường tê liệt có nơi sâu tới 1m ở Hà Nội","Hà Nội “vỡ trận” vì mưa lớn: 106 điểm ngập, 23 tuyến đường tê liệt có nơi sâu tới 1m ở Hà Nội
BTP | Đến 17 giờ chiều 7/10, Hà Nội còn 106 vị trí ngập nước, trong đó 23 điểm ngập sâu có nơi tới 1m, phương tiện không thể lưu thông.
▶ Kênh Youtube Tiền Phong News: tin mới nhất, tin tức tổng hợp, mới nhất hôm nay, nội dung tin tức, nga ukraine mới nhất, tin nga ukraine, xung đột nga ukraine, tin quốc tế, nga ukraine hôm nay, tiêu điểm quốc tế, toàn cảnh quốc tế, thời sự quốc tế, thời sự thế giới, toàn cảnh thế giới, bản tin quốc tế, chiến sự nga ukraine, tin tức thời sự, thời sự 19h, tin tức mới, tin mới, thời sự quốc tế, tin tức 24h mới nhất, nga và ukraine mới nhất, tin tức nga ukraine mới nhất, nga, ukraine, tin biển đông, tin nóng, các tin tức cập nhật,… Với mong muốn cập nhật những thông tin chính xác và nhanh nhất trên nền tảng số cho quý vị và các bạn. ❤️ Cảm ơn các bạn đã xem video! Các bạn đừng quên nhấn vào:
★ Đăng Ký Kênh và biểu tượng 🔔 phía dưới góc phải của video để không bỏ lỡ những video mới nhất nhé
★ Đăng ký kênh Báo Tiền Phong News miễn phí tại đây: https://bit.ly/DangKyTienPhongNews
✔ Có ý kiến xây dựng hoặc đề nghị, vui lòng để lại comment phía dưới video.
✔ Rất mong được mọi người ủng hộ và subscribe kênh, cũng đừng quên bấm like và share cho bạn bè nhé

#mualonohanoi #baotienphong #tienphongnews #tintuc #baotienphongnews",2025-10-07T22:56:03Z,2025-10-07T22:56:03Z,accept,flood_transport_hanoi,1,"flood_state,transport_impact,hanoi_location",0,search,đường ngập Hà Nội lưu thông,,,,,,2026-09-25T10:50:44.542690+07:00
youtube,d0hcjx1Dp7U,https://www.youtube.com/watch?v=d0hcjx1Dp7U,"Ô tô chìm - Mưa ngập khắp lối. Hà Nội, Thái Nguyên thất thủ. Mng hạn chế đi lại khi mưa gió nhé","Ô tô chìm - Mưa ngập khắp lối. Hà Nội, Thái Nguyên thất thủ. Mng hạn chế đi lại khi mưa gió nhé",2025-10-08T05:14:42Z,2025-10-08T05:14:42Z,accept,flood_transport_hanoi,1,"flood_state,transport_impact,hanoi_location",0,search,ngập lụt Hà Nội đi lại,,,,,,2026-09-25T10:37:42.093944+07:00
youtube,d9Ko-xsnQIs,https://www.youtube.com/watch?v=d9Ko-xsnQIs,HÀ NỘI: VẪN CÒN ĐIỂM NGẬP CỤC BỘ GÂY ẢNH HƯỞNG CUỘC SỐNG NGƯỜI DÂN,"HÀ NỘI: VẪN CÒN ĐIỂM NGẬP CỤC BỘ GÂY ẢNH HƯỞNG CUỘC SỐNG NGƯỜI DÂN
Theo thông tin từ trực ban các địa phương, tính đến 17 giờ ngày 17/9, mưa lớn, ngập lụt đã khiến 3 người chết, hơn 16.000 nhà bị ngập và gây thiệt hại trên 22.000 ha lúa, hoa màu. Tại Hà Nội, một số khu vực vẫn còn ngập, ảnh hưởng đến việc đi lại và sinh hoạt của người dân.HTV Tin tức, kênh Tin tức chính thức của Đài Phát thanh và Truyền hình TP. Hồ Chí Minh (HTV).
------------------------------------------------
#HTVTintức là kênh Youtube chính thức chuyên về thông tin thời sự của Trung tâm Tin tức, Đài Phát thanh và Truyền hình TP. Hồ Chí Minh.Chúng tôi liên tục cập nhật các thông tin thời sự trong nước và quốc tế trong các bản tin, chương trình, chuyên đề, để gửi đến quý vị khán giả những thông tin nhanh chóng và chính xác.

#HTVTinTuc #HTV9 #TinTuc24h #TinMoiNhat #60Giay #HTVNewZ #NewZ #Thoisu #Homnay #Thegioi",2026-09-19T02:02:57Z,2026-09-19T02:02:57Z,accept,flood_transport_hanoi,1,"flood_state,transport_impact,hanoi_location",1,search,ngập lụt Hà Nội đi lại,,,,,,2026-09-25T10:43:47.504912+07:00
youtube,dCw2hmo4hbg,https://www.youtube.com/watch?v=dCw2hmo4hbg,CAO TỐC HÀ NỘI - THÁI NGUYÊN MỘT SỐ ĐOẠN NGẬP SÂU | VTV5,"CAO TỐC HÀ NỘI - THÁI NGUYÊN MỘT SỐ ĐOẠN NGẬP SÂU | VTV5
Đặc biệt đoạn qua xã Trung Giã bị ảnh hưởng rất nặng. Một số đoạn đã bị ngập sâu nửa mét khiến giao thông khó khăn ùn tắc. Mực nước tại một số đoạn đường dâng cao hơn và nhiều loại ô tô không thể qua lại được. Lực lượng chức năng phân luồng từ xa, hạn chế các phương tiện qua khu vực này.  

Đón xem Bản tin Thời sự vào lúc 18h hàng ngày trên kênh VTV5.

Hãy đăng ký kênh Youtube ""VTV5 - Nhịp sống đồng bào"" để cập nhật thông tin hàng ngày: http://bit.ly/nhipsongdongbao

VTV5 - Sắc màu dân tộc: http://bit.ly/sacmaudantoc
---
⭐ĐỒNG BÀO Ở ĐÂU, VTV5 Ở ĐÓ

🔸Xem trực tuyến tại:
Website: https://vtv5.vtv.vn
VTVgo: https://vtvgo.vn/xem-truc-tuyen-kenh-vtv5-5.html

🔸Kết nối với VTV5 tại:
Youtube: https://www.youtube.com/vtv5nhipsong
Instagram: instagram.com/vtv5dantoc
Tik Tok: @vtv5dantoc",2025-10-11T09:46:26Z,2025-10-11T09:46:26Z,accept,flood_transport_hanoi,1,"flood_state,transport_impact,hanoi_location",0,search,ngập nước Hà Nội giao thông,,,,,,2026-09-25T10:05:54.722816+07:00
youtube,dRgJvHfkF6s,https://www.youtube.com/watch?v=dRgJvHfkF6s,"Cao tốc Hà Nội - Thái Nguyên ngập nặng, CSGT căng mình phân luồng trong đêm","Cao tốc Hà Nội - Thái Nguyên ngập nặng, CSGT căng mình phân luồng trong đêm
Tối 9/10, nước lũ đã tràn lên cao tốc Hà Nội - Thái Nguyên đoạn qua xã Trung Giã, gây ngập úng cục bộ. Lực lượng CSGT đã có mặt tại hiện trường để phân luồng, đồng thời khuyến cáo tài xế giảm tốc độ khi đi qua khu vực này.

#caotốcHàNộiTháiNguyên #ngậplụt #mưalũHàNội #CSGT #giaothông #ngậpúng #phânluồng #SócSơn #lũlụt #thờisự",2025-10-11T10:01:03Z,2025-10-11T10:01:03Z,accept,flood_transport_hanoi,1,"flood_state,transport_impact,hanoi_location",0,search,ngập nước Hà Nội giao thông,,,,,,2026-09-25T10:05:51.497922+07:00
youtube,dtWXvxkR8Yo,https://www.youtube.com/watch?v=dtWXvxkR8Yo,"Hà Nội mùa này phố cũng như sông, Mưa bão làm ngập lụt các tuyến phố Hà Nội.","Hà Nội mùa này phố cũng như sông, Mưa bão làm ngập lụt các tuyến phố Hà Nội.
Do ảnh hưởng của cơn bão số 10 (Bualoi) làm cho thời tiết toàn bộ khu vực Hà Nội mưa lớn cả ngày nên rất nhiều các tuyến phố của Thủ Đô bị ngập lụt, cụ thể tuyến đường Nguyễn Xiển, tại ngã tư Nguyễn Xiển - Phạm Tu bị ngập sâu làm cho hàng nghìn phương tiện giao thông bị ảnh hưởng.
Ô tô 360
Vui lòng liên hệ: 0905608883 để biết thêm chi tiết!

✅ Liên hệ: 0905608883 để biết thêm chi tiết! 
✅ Ô tô 360 
✅ Chuyên mua - bán các loại xe ô tô cũ. 
✅ Chuyên sửa chữa, tư vấn lắp đặt đồ chơi ô tô
✅ Hotline:0905608883 
✅ Hỗ trợ trả góp đến 80% giá trị xe trong 6 năm lãi suất ưu đãi. Thủ tục nhanh gọn, đơn giản. 

Fanpage: https://www.facebook.com/oto360.vn 
Facebook: https://www.facebook.com/tuan.banoto 
Kênh Youtobe: https://www.youtube.com/@oto360./videos

Zalo,Viber, iMessage...: 0905608883 
Địa chỉ: 320 Nguyễn Xiển, Hà Nội.
Vị trí cửa hàng: https://maps.app.goo.gl/oKiguqorWHZHH1K6A?g_st=iz

Tham gia làm hội viên của kênh này để được hưởng đặc quyền:
https://www.youtube.com/@oto360./videos",2025-09-30T13:00:20Z,2025-09-30T13:00:20Z,accept,flood_transport_hanoi,1,"flood_state,transport_impact,hanoi_location",0,search,phố ngập Hà Nội tham gia giao thông,,,,,,2026-09-25T11:16:12.555276+07:00
youtube,eCCF39gzUXw,https://www.youtube.com/watch?v=eCCF39gzUXw,"Hà Nội: Người dân đi làm trong “biển nước”, nhiều tỉnh ngập nặng| Diễn đàn Đô thị","Hà Nội: Người dân đi làm trong “biển nước”, nhiều tỉnh ngập nặng| Diễn đàn Đô thị
Diễn đàn Đô thị | Sáng nay 30/9, Hà Nội lại chìm trong mưa như trút nước do ảnh hưởng của hoàn lưu bão số 10. Mưa lớn kéo dài từ tối qua đến rạng sáng nay khiến nhiều tuyến đường và khu dân cư ngập sâu, giao thông tê liệt, cuộc sống người dân đảo lộn.",2025-09-30T03:29:31Z,2025-09-30T03:29:31Z,accept,flood_transport_hanoi,1,"flood_state,transport_impact,hanoi_location",0,search,ngập lụt Hà Nội đi lại,,,,,,2026-09-25T10:39:40.439800+07:00
youtube,eEHIcPQ1gQ8,https://www.youtube.com/watch?v=eEHIcPQ1gQ8,Tạm cấm lưu thông qua 3 cầu ở Hà Nội,"Tạm cấm lưu thông qua 3 cầu ở Hà Nội
Tại TP. Hà Nội, nước sông dâng nhanh do ảnh hưởng của bão số 4. Xã Hưng Đạo, TP. Hà Nội tạm cấm người và phương tiện qua cầu 72, cầu Đại Thành và cầu Tân Phú từ 19h hôm qua (23/8).
-------
#vtv24 #chuyendong24h
► Chuyển động 24h do Ban Thời sự sản xuất, phát sóng trên kênh VTV1 - Đài Truyền hình Việt Nam.
►  Đăng ký ngay YouTube Chuyển động 24h:
- https://www.youtube.com/@vtvchuyendong
►  Theo dõi Chuyển động 24h trên các trang mạng xã hội khác:
- https://www.facebook.com/vtvchuyendong
- https://www.tiktok.com/@chuyendong24hnews

Bản quyền thuộc về  VTV - Đài Truyền hình Việt Nam.
Copyright © 2024 Vietnam Television.",2026-08-24T02:00:11Z,2026-08-24T02:00:11Z,accept,flood_transport_hanoi,1,"flood_state,transport_impact,hanoi_location",0,search,đường ngập Hà Nội lưu thông,,,,,,2026-09-25T10:51:37.203901+07:00
youtube,eUTxFrkvQUs,https://www.youtube.com/watch?v=eUTxFrkvQUs,"Công trình chống ngập hiệu quả, Hà Nội hết cảnh ngập sâu | Tin tức","Công trình chống ngập hiệu quả, Hà Nội hết cảnh ngập sâu | Tin tức
Những ngày qua, Hà Nội chịu ảnh hưởng của áp thấp nhiệt đới và bão số 4 với lượng mưa lớn kéo dài. Đây chính là “phép thử” đối với hệ thống chống ngập của Thủ đô. Nhiều tuyến phố, khu vực từng là “điểm đen” ngập úng tại Hà Nội đã ghi nhận khả năng tiêu thoát nước vượt trội, không còn tình trạng ngập sâu kéo dài như mọi năm. Điều này cho thấy những nỗ lực đầu tư hạ tầng thoát nước của thành phố đang bắt đầu phát huy hiệu quả.

 #tintuchanoi #hanoi #Hanoixuly5diemnghen #ngapung #xulyngapung
#baoso4
----
➡ Đây là Kênh Youtube chính thức của Cơ quan Báo và Phát thanh, truyền hình Hà Nội.
➡ Click Theo dõi (Subscribe) để nhận thông tin tin tức kịp thời trên kênh Youtube của Cơ quan Báo và Phát thanh, truyền hình Hà Nội.
https://www.youtube.com/HaNoiTVGo?sub_confirmation=1

👉 THÔNG TIN LIÊN HỆ: 
Cơ quan Báo và Phát thanh, truyền hình Hà Nội:
🔶 Địa chỉ: Số 3-5 Huỳnh Thúc Kháng, Đống Đa, Hà Nội
📧 Email: ttnoidungso@daihanoi.vn

#thoisuhanoi #HanoiOnline #BaovaPhatthanhTruyenhinhHaNoi",2026-08-24T12:31:31Z,2026-08-24T12:31:31Z,reject,missing_group:transport_impact,1,"flood_state,hanoi_location",0,search,đường ngập Hà Nội lưu thông,,,,,,2026-09-25T10:51:37.202904+07:00
youtube,elk1dWBTnpY,https://www.youtube.com/watch?v=elk1dWBTnpY,"Mưa lớn ở Hà Nội, nhiều học sinh phải nghỉ học | Báo Lao Động","Mưa lớn ở Hà Nội, nhiều học sinh phải nghỉ học | Báo Lao Động
BÁO LAO ĐỘNG | Mưa lớn kéo dài tại Hà Nội khiến nhiều tuyến đường ngập úng, giao thông gặp khó khăn, ảnh hưởng đến việc đi lại của người dân.

Mời quý vị và các bạn xem thêm: https://laodong.vn/media
──────────────────────────────
Bản quyền thuộc Báo Lao Động – Cơ quan của Tổng Liên đoàn Lao động Việt Nam.
* Website: https://laodong.vn
* Đường dây nóng: 096 838 3388
* Email: baolaodongdientu@gmail.com
* Fanpage: https://www.facebook.com/LaoDongTVOnline/

#baolaodong #bld",2026-09-17T04:45:33Z,2026-09-17T04:45:33Z,accept,flood_transport_hanoi,1,"flood_state,transport_impact,hanoi_location",0,search,ngập lụt Hà Nội đi lại,,,,,,2026-09-25T10:45:58.004581+07:00
youtube,f3XAXX4XcD0,https://www.youtube.com/watch?v=f3XAXX4XcD0,"Cao tốc Hà Nội - Thái Nguyên bị ngập, cảnh sát giao thông hướng dẫn phương tiện đi tuyến khác","Cao tốc Hà Nội - Thái Nguyên bị ngập, cảnh sát giao thông hướng dẫn phương tiện đi tuyến khác
Lực lượng Cảnh sát giao thông đã phân luồng lưu thông tạm thời trên tuyến cao tốc Hà Nội - Thái Nguyên do nước lũ dâng cao gây ngập.
▶ Kênh Youtube tạp chí VietTimes chia sẻ các nội dung thông tin mạng xã hội, thời sự quốc tế, toàn cảnh quốc tế, nga ukraine mới nhất, tin nga ukraine, xung đột nga ukraine, tin quốc tế, nga ukraine hôm nay, tiêu điểm quốc tế, thời sự thế giới, bản tin quốc tế,chiến sự nga ukraine, tin tức thời sự, thời sự 19h, tin tức mới, tin mới, thời sự quốc tế, tin tức 24h mới nhất, nga và ukraine mới nhất, tin tức nga ukraine mới nhất, nga, ukraine, isarel, hamas, palestin, xung đột isarel hamas, xung đột isarel palestine , tin nóng, các tin tức cập nhật,… Với mong muốn cập nhật những thông tin, phân tích chính xác và nhanh nhất dưới góc nhìn truyền thông số cho quý vị và các bạn

🔔 Đăng ký kênh để theo dõi tin tức mới nhất: https://bit.ly/DangKyKenhVietTimes

Theo dõi Tạp chí điện tử Viettimes

📣 Web: https://viettimes.vn/
📣 Tiktok: https://www.tiktok.com/@viettimes.vn
📣 Youtube Channel: https://www.youtube.com/c/TapchiVietTimes/featured
📣 Fanpage: https://www.facebook.com/viettimes.vn
-----------------
© Bản quyền thuộc về Tạp chí điện tử Viettimes
© Copyright by Bao Viettimes  ☞ Do not Reup
#tapchiviettimes #tintucviettimes #viettimeskinhte",2025-10-10T07:48:00Z,2025-10-10T07:48:00Z,accept,flood_transport_hanoi,1,"flood_state,transport_impact,hanoi_location",0,search,ngập nước Hà Nội giao thông,,,,,,2026-09-25T10:06:34.213744+07:00
youtube,fNtvWlTqNXI,https://www.youtube.com/watch?v=fNtvWlTqNXI,Ngay lúc nay: Giao thông gần như tê liệt tại 1 trong những điểm ngập sâu nhất Hà Nội - Keagnam,"Ngay lúc nay: Giao thông gần như tê liệt tại 1 trong những điểm ngập sâu nhất Hà Nội - Keagnam
#theanh28trending 
_____________________________
THEANH28 ENTERTAINMENT - Kênh chuyên cung cấp thông tin, chia sẻ kiến thức đa lĩnh vực từ đời sống, văn hoá, xã hội đến xu hướng mới.

Hãy đăng ký kênh và bật thông báo 🔔 để luôn cập nhật thông tin và kiến thức mới mỗi ngày cùng THEANH28 ENTERTAINMENT.

Copyrights 2025 ⓒ By Kenh28.vn . All Rights Reserved",2025-10-08T10:07:29Z,2025-10-08T10:07:29Z,accept,flood_transport_hanoi,1,"flood_state,transport_impact,hanoi_location",0,search,ngập nước Hà Nội giao thông,,,,,,2026-09-25T10:07:23.990903+07:00
youtube,f_SAwdfoazQ,https://www.youtube.com/watch?v=f_SAwdfoazQ,Ngày mưa bão #threads,"Ngày mưa bão #threads
Khổ sở cảnh đi làm ngày mưa tại Hà Nội hôm nay.

Video ghi lại sự mệt mỏi của dân văn phòng khi đối mặt với tình trạng ngập lụt Hà Nội do mưa lớn kéo dài. Cập nhật mới nhất về thời tiết Hà Nội ngày 17/09/2026 cho thấy nhiều khu vực bị ảnh hưởng nghiêm trọng đến việc đi lại và học tập.

Chia sẻ ngay trải nghiệm đi làm của bạn trong phần bình luận bên dưới nhé.",2026-09-17T06:51:07Z,2026-09-17T06:51:07Z,accept,flood_transport_hanoi,1,"flood_state,transport_impact,hanoi_location",0,search,ngập lụt Hà Nội đi lại,,,,,,2026-09-25T10:45:48.130664+07:00
youtube,fpbWl37JyKQ,https://www.youtube.com/watch?v=fpbWl37JyKQ,Người dân ngoại thành Hà Nội chạy lũ #dubaothoitiet #tintuc24h #mualon,"Người dân ngoại thành Hà Nội chạy lũ #dubaothoitiet #tintuc24h #mualon
Nước lũ dâng cao khiến nhiều người dân ngoại thành Hà Nội phải khẩn trương kê cao đồ đạc, di chuyển phương tiện và bảo vệ tài sản.

Tại các khu vực ven sông Bùi, nước lũ có nguy cơ tràn vào nhà dân, nhiều tuyến đường bị ngập và việc đi lại gặp khó khăn. Chính quyền địa phương cùng người dân đang gia cố đê bao, chuẩn bị phương án ứng phó và sơ tán khi cần thiết.

Theo dõi Tin tức 24h để cập nhật nhanh những diễn biến mới nhất về thời tiết, mưa lũ và đời sống người dân.

#TinTuc24h #HaNoi #ChayLu #MuaLu #LuLut #ThoiTiet #TinTuc #Shorts",2026-09-17T10:08:29Z,2026-09-17T10:08:29Z,accept,flood_transport_hanoi,1,"flood_state,transport_impact,hanoi_location",0,search,ngập lụt Hà Nội đi lại,,,,,,2026-09-25T10:45:38.441489+07:00
youtube,g2oVvg8oTw4,https://www.youtube.com/watch?v=g2oVvg8oTw4,Người dân Hòa Khánh di chuyển tài sản tránh ngập,"Người dân Hòa Khánh di chuyển tài sản tránh ngập
Trước diễn biến phức tạp của mưa lớn kéo dài trên địa bàn thành phố, chính quyền và người dân Đà Nẵng đã chủ động triển khai nhiều biện pháp phòng chống, nhằm giảm thiểu thiệt hại do ngập lụt, lũ quét và sạt lở đất có thể xảy ra.

#HòaKhánh #bão #mưalớn
---
Website Báo NNVN: https://nongnghiepmoitruong.vn/
Fanpage: https://www.facebook.com/NongnghiepvaMoitruongOnline
Đăng kí kênh: https://www.youtube.com/channel/UCJHOaZZwhDr49_hjISr5Lqg
Địa chỉ Báo Nông nghiệp và Môi trường: 14 Ngô Quyền, Hoàn Kiếm, Hà Nội",2025-10-22T14:01:15Z,2025-10-22T14:01:15Z,accept,flood_transport_hanoi,1,"flood_state,transport_impact,hanoi_location",1,search,lụt Hà Nội di chuyển,,,,,,2026-09-25T10:46:54.461439+07:00
youtube,gAsu608RCT8,https://www.youtube.com/watch?v=gAsu608RCT8,"Cực nóng Hà Nội: 5 ngày chìm trong nước, ‘bến thuyền’ bất ngờ xuất hiện giữa khu dân cư","Cực nóng Hà Nội: 5 ngày chìm trong nước, ‘bến thuyền’ bất ngờ xuất hiện giữa khu dân cư
Vấn đề hôm nay | Cực nóng Hà Nội: 5 ngày chìm trong nước, ‘bến thuyền’ bất ngờ xuất hiện giữa khu dân cư 
 Sau 5 ngày nước lũ tràn vào, nhiều tuyến đường và khu dân cư tại xã Trần Phú (Hà Nội) vẫn ngập. Người dân phải sử dụng thuyền để di chuyển qua những khu vực nước sâu.
⭐Xem kênh Youtube Báo Tiền Phong trên Google News: https://bit.ly/BaoTienPhongGoogleNews
--------------------------------------------
Tin tức báo Tiền Phong - Đọc tin mới online - tin nhanh - tin 24h - thời sự
🔔 ĐĂNG KÝ KÊNH để nhận những thông tin mới nhất: https://bit.ly/DangKyBaoTienPhong
⭐Website: https://www.tienphong.vn/
⭐Fanpage: https://www.facebook.com/www.tienphong.vn/
⭐TikTok: https://www.tiktok.com/@baotienphong.official
© Bản quyền thuộc báo điện tử Tiền Phong
Tiền phong, Tiền phong TV, tin tức, tin nóng, tin tức hôm nay, tin tức mới nhất hôm nay, tin tức mới nhất, tin thời sự, tin tức 24h, Vấn đề hôm nay, tin tức việt nam hôm nay, tin trong nước, tin tức trong nước mới nhất
#baotienphong #tienphongtv #vandehomnay",2026-09-21T12:05:07Z,2026-09-21T12:05:07Z,accept,flood_transport_hanoi,1,"flood_state,transport_impact,hanoi_location",0,search,lụt Hà Nội di chuyển,,,,,,2026-09-25T10:49:10.024120+07:00
youtube,gZy92d3lsag,https://www.youtube.com/watch?v=gZy92d3lsag,Toàn cảnh Hà Nội ngập sau trận mưa suốt đêm: Những ai đi làm sáng nay lưu ý! #Kenh14News #JOZN,"Toàn cảnh Hà Nội ngập sau trận mưa suốt đêm: Những ai đi làm sáng nay lưu ý! #Kenh14News #JOZN
KENH14 NEWS | Sau trận mưa lớn kéo dài trong đêm, nhiều tuyến đường tại Hà Nội ngập sâu trong sáng 17/9, có nơi nước dâng trên 50 cm khiến phương tiện gầm thấp không thể di chuyển.

--------------------------
Đừng quên đăng ký theo dõi YouTube Kenh14 New nhé: https://www.youtube.com/@kenh14news
Tải ứng dụng Kenh14.vn hoặc truy cập website https://kenh14.vn/ để không bỏ lỡ các thông tin mới nhất! 

Bản quyền thuộc về Kenh14.vn. Mọi vấn đề liên quan đến bản quyền vui lòng email info@kenh14.vn

#Kenh14News  #TinTuc",2026-09-17T01:59:20Z,2026-09-17T01:59:20Z,accept,flood_transport_hanoi,1,"flood_state,transport_impact,hanoi_location",0,search,ngập úng Hà Nội đi,,,,,,2026-09-25T10:33:12.681376+07:00
youtube,ge-5jlaqcnA,https://www.youtube.com/watch?v=ge-5jlaqcnA,"Mưa xuống, Hà Nội lại ngập: Bài toán nào vẫn chưa được giải?","Mưa xuống, Hà Nội lại ngập: Bài toán nào vẫn chưa được giải?
Những ngày qua, Hà Nội liên tục hứng chịu các trận mưa lớn, khiến nhiều tuyến đường từ nội thành đến ngoại thành ngập sâu, giao thông đình trệ. Nhiều người dân phải dắt xe, quay đầu tìm đường khác, thậm chí dùng thuyền để di chuyển. Đằng sau những con phố biến thành “sông” sau mưa là bài toán về năng lực tiêu thoát nước, quy hoạch đô thị và khả năng thích ứng với những trận mưa ngày càng cực đoan.",2026-09-18T01:12:00Z,2026-09-18T01:12:00Z,accept,flood_transport_hanoi,1,"flood_state,transport_impact,hanoi_location",0,search,ngập nước Hà Nội giao thông,,,,,,2026-09-25T10:41:54.114579+07:00
youtube,ggWoU8wliAA,https://www.youtube.com/watch?v=ggWoU8wliAA,HÀ NỘI NGẬP LỤT: NHỮNG HÌNH ẢNH ĐẦU TIÊN VỀ TÌNH HÌNH THỊ TRƯỜNG,"HÀ NỘI NGẬP LỤT: NHỮNG HÌNH ẢNH ĐẦU TIÊN VỀ TÌNH HÌNH THỊ TRƯỜNG
HÀ NỘI NGẬP LỤT: NHỮNG HÌNH ẢNH ĐẦU TIÊN VỀ TÌNH HÌNH THỊ TRƯỜNG

Sau khi nhiều khu vực nội thành Hà Nội đã cơ bản rút nước, một số tuyến đường ở phía Tây và khu vực ngoại thành vẫn ghi nhận tình trạng ngập sâu. Đáng chú ý, có nơi nước dâng khoảng 1,4m khiến phương tiện không thể lưu thông và lực lượng chức năng phải tổ chức phân luồng, cấm phương tiện đi vào khu vực nguy hiểm.

Các điểm được ghi nhận ngập sâu gồm một số tuyến thuộc khu vực Quốc Oai, Hòa Lạc, Hoài Đức, Đan Phượng, Xuân Mai và nhiều tuyến đường khác. Một số vị trí nước vẫn ở mức hàng chục centimet, gây khó khăn cho việc di chuyển.

Trong khi đó, nhiều điểm ngập ở khu vực nội đô đã có dấu hiệu rút nước và giao thông dần trở lại bình thường. Hà Nội cũng đang huy động hàng nghìn người cùng hàng trăm phương tiện, thiết bị để khơi thông dòng chảy, xử lý rác tại cửa thu nước, vận hành hệ thống bơm và hỗ trợ phân luồng giao thông.

Nếu đang di chuyển qua khu vực phía Tây Hà Nội, người dân cần đặc biệt chú ý các biển cảnh báo, hướng dẫn của lực lượng chức năng và chủ động lựa chọn tuyến đường thay thế khi gặp điểm ngập sâu.

👉 Đừng quên LIKE, ĐĂNG KÝ KÊNH và BẬT CHUÔNG để cập nhật nhanh những thông tin mới nhất về Hà Nội, giao thông, thời tiết và các sự kiện đáng chú ý trong ngày!

#HaNoi #Hanoi #NgapHaNoi #NgapLut #NgapSau #NgapNuoc #HaNoiHomNay #TinHaNoi #TinTuc #TinTucHomNay #TinNong #TinMoi #ThoiSu #ThoiSuHomNay #TinTuc24h #TinNongHomNay #GiaoThong #GiaoThongHaNoi #DuongPhoHaNoi #HaNoi18Thang9 #ThoiTiet #MuaLon #MuaBao #LuLut #CanhBao #CanhBaoGiaoThong #CapNhat #TinNhanh #TinTucMoiNhat #TinTucVietNam #VietNam #Vietnam #News #BreakingNews #NewsUpdate #HanoiNews #Traffic #Weather #Flood #Flooding #Trending #YouTube #YouTubeVietnam",2026-09-18T10:53:35Z,2026-09-18T10:53:35Z,accept,flood_transport_hanoi,1,"flood_state,transport_impact,hanoi_location",0,search,ngập nước Hà Nội giao thông,,,,,,2026-09-25T10:41:17.970803+07:00
youtube,gmQ_2o60ljE,https://www.youtube.com/watch?v=gmQ_2o60ljE,"Ôtô rơi xuống “hố tử thần” giữa phố Hà Nội, nguyên nhân xuất phát từ đâu?","Ôtô rơi xuống “hố tử thần” giữa phố Hà Nội, nguyên nhân xuất phát từ đâu?
Một chiếc ôtô đang lưu thông trên phố tại Hà Nội đã bất ngờ sụt xuống một “hố tử thần”, khiến người đi đường và cư dân xung quanh hoảng hốt. Sự cố này làm tê liệt giao thông tại khu vực, đồng thời đặt ra câu hỏi về nguyên nhân gây ra hố sụt, có thể liên quan đến hư hỏng hạ tầng, cống ngầm hoặc tác động từ mưa lớn. Các cơ quan chức năng nhanh chóng có mặt, phong tỏa hiện trường, điều tra nguyên nhân và triển khai các biện pháp khắc phục để đảm bảo an toàn cho người dân và phương tiện tham gia giao thông.
▶ Kênh Youtube Tiền Phong News: tin mới nhất, tin tức tổng hợp, mới nhất hôm nay, nội dung tin tức, nga ukraine mới nhất, tin nga ukraine, xung đột nga ukraine, tin quốc tế, nga ukraine hôm nay, tiêu điểm quốc tế, toàn cảnh quốc tế, thời sự quốc tế, thời sự thế giới, toàn cảnh thế giới, bản tin quốc tế, chiến sự nga ukraine, tin tức thời sự, thời sự 19h, tin tức mới, tin mới, thời sự quốc tế, tin tức 24h mới nhất, nga và ukraine mới nhất, tin tức nga ukraine mới nhất, nga, ukraine, tin biển đông, tin nóng, các tin tức cập nhật,… Với mong muốn cập nhật những thông tin chính xác và nhanh nhất trên nền tảng số cho quý vị và các bạn. ❤️ Cảm ơn các bạn đã xem video! Các bạn đừng quên nhấn vào:
★ Đăng Ký Kênh và biểu tượng 🔔 phía dưới góc phải của video để không bỏ lỡ những video mới nhất nhé
★ Đăng ký kênh Báo Tiền Phong News miễn phí tại đây: https://bit.ly/DangKyTienPhongNews
✔ Có ý kiến xây dựng hoặc đề nghị, vui lòng để lại comment phía dưới video.
✔ Rất mong được mọi người ủng hộ và subscribe kênh, cũng đừng quên bấm like và share cho bạn bè nhé

#baotienphong #tienphongnews #tintuc #baotienphongnews #kyluat #thanhtra #hoilo #vipham",2025-08-28T12:30:51Z,2025-08-28T12:30:51Z,reject,missing_group:flood_state,1,"transport_impact,hanoi_location",0,search,phố ngập Hà Nội tham gia giao thông,,,,,,2026-09-25T11:16:39.394063+07:00
youtube,gwyO5kSuvRQ,https://www.youtube.com/watch?v=gwyO5kSuvRQ,"Mưa lớn gây ngập nhiều tuyến phố Hà Nội, các trạm bơm vận hành hết công suất | Báo Văn Hóa","Mưa lớn gây ngập nhiều tuyến phố Hà Nội, các trạm bơm vận hành hết công suất | Báo Văn Hóa
Báo Văn Hóa | Trận mưa lớn diện rộng kéo dài từ đêm 16.9 đến rạng sáng 17.9 đã khiến nhiều tuyến phố tại Hà Nội rơi vào tình trạng úng ngập cục bộ. Ngay trong đêm, lực lượng chức năng cùng các đơn vị thoát nước đã huy động vận hành liên tục các trạm bơm và cửa phai nhằm hạ nhanh mực nước, hạn chế thấp nhất ảnh hưởng đến sinh hoạt và việc đi lại của người dân.

▶ Báo Văn Hóa  - Thông tin nhanh nhất, chính xác nhất
❤️ Cảm ơn các bạn đã xem video
❤️ Đăng ký theo dõi kênh để nhận được những thông tin mới nhất: https://tinyurl.com/2zewfhw7

Báo Văn hóa là kênh kênh chia sẻ các nội dung tin tức, cập nhật nhanh chóng những tin tức, sự kiện văn hóa nổi bật và hấp dẫn nhất. Khám phá góc nhìn sâu sắc về đời sống văn hóa, nghệ thuật, di sản, và các vấn đề văn hóa – xã hội đang thu hút sự quan tâm.

 #vanhoa #baovanhoa",2026-09-17T06:59:02Z,2026-09-17T06:59:02Z,accept,flood_transport_hanoi,1,"flood_state,transport_impact,hanoi_location",0,search,ngập lụt Hà Nội đi lại,,,,,,2026-09-25T10:45:44.869080+07:00
youtube,hAOaPGnm0zw,https://www.youtube.com/watch?v=hAOaPGnm0zw,"Người Hà Nội vật lộn trên từng con phố, chật vật di chuyển trong mưa | Tin tức 24h","Người Hà Nội vật lộn trên từng con phố, chật vật di chuyển trong mưa | Tin tức 24h
DĐDN | Người Hà Nội vật lộn trên từng con phố, chật vật di chuyển trong mưa 
Cơn mưa rải rác kéo dài từ đêm 13/10 đến sáng 14/10 khiến nhiều tuyến đường trung tâm Hà Nội như Nguyễn Trãi, Tây Sơn, Láng, Nguyễn Chí Thanh… ùn tắc hàng giờ. Người dân Thủ đô đội mưa, len lỏi giữa dòng xe đông nghịt để kịp giờ học, giờ làm, trong khi một số khu vực xảy ra ngập nhẹ và di chuyển khó khăn.
Trong video này chúng tôi sẽ thông tin về: 
Người Hà Nội vật lộn trên từng con phố, chật vật di chuyển trong mưa 
Một số tuyến đường Hà Nội ùn tắc sau mưa lớn
Miền Bắc sắp đón đợt không khí lạnh đầu tiên trong mùa
Miền Bắc có thể có mưa lớn kéo dài, lượng mưa có thể lên vượt 150mm
Miền Bắc chuẩn bị đón không khí lạnh kèm mưa dông
Bạn có muốn cập nhật thêm các thông tin về tình hình thời tiết miền Bắc. Hãy để lại bình luận nhé.
🔔 Đừng quên LIKE – SHARE – ĐĂNG KÝ kênh YouTube Tạp chí Diễn đàn Doanh nghiệp để không bỏ lỡ các thông tin cập nhật tiếp theo
Thông tin trên được sử dụng từ nguồn chính thức: 
https://tienphong.vn/nguoi-thu-do-chat-vat-dua-con-di-hoc-di-lam-trong-con-mua-rai-rac-keo-dai-post1786964.tpo 

#thoitietmienBac #dubaothoitiet #mienBacmualon #canhbaothientai #tapchidiendandoanhnghiep

------------------------------
🎥 Diễn đàn Doanh nghiệp TV – Cập nhật kinh tế, thời sự quốc tế, tài chính và biến động toàn cầu mỗi ngày.

🔎 Tại đây, bạn sẽ:
• Theo dõi xung đột nóng: Nga–Ukraine, Israel–Iran, Biển Đông, Đài Loan...
• Nắm bắt biến động kinh tế: Giá vàng, chứng khoán, chính sách tiền tệ, ngân hàng trung ương
• Phân tích chuyên sâu: Địa chính trị, tài chính vĩ mô, chiến lược toàn cầu
• Cảnh báo thiên tai – biến đổi khí hậu – dự báo thời tiết chính xác

⏱️ Cập nhật tin tức liên tục, phân tích từ nguồn chính thống, dẫn dắt bằng tư duy.

📌 Đăng ký kênh để không bỏ lỡ những bản tin và bình luận quan trọng:
👉 https://www.youtube.com/c/DiễnĐànDoanhNghiệpTv?sub_confirmation=1

 #diendandoanhnghieptv #thoisuquocte #phantichkinhte #xungdottoancau #tinnong24h #tintucchinhtri #tintuc24h",2025-10-14T10:00:06Z,2025-10-14T10:00:06Z,accept,flood_transport_hanoi,1,"flood_state,transport_impact,hanoi_location",0,search,lụt Hà Nội di chuyển,,,,,,2026-09-25T10:47:07.458591+07:00
youtube,hX4ozZzEU7c,https://www.youtube.com/watch?v=hX4ozZzEU7c,Xã Trung Giã ngập sâu đến cổ | Quốc Lộ 3 qua Hà Nội đi Thái Nguyên tê liệt hoàn toàn,"Xã Trung Giã ngập sâu đến cổ | Quốc Lộ 3 qua Hà Nội đi Thái Nguyên tê liệt hoàn toàn
- Video cập nhật tình trạng ngập lụt ở ngoại thành Hà Nội tại xã Trung Giã. Nước ngập sâu đến cổ, khoảng 1.5 m, Quốc Lộ 3 tê liệt hoàn toàn. Nước các sông Cầu, sông Cà Lồ, sông Công dâng rất cao gây ra bởi mưa lớn do hoàn lưu cơn bão số 11 (bão Matmo).
- Trải nghiệm trực tiếp tình hình ngập úng trên Quốc lộ 3 ở thôn Xuân Sơn, xã Trung Giã. Nước ngập rất sâu, các phương tiện giao thông không thể di chuyển trên QL3 mà phải đi Cao tốc Hà Nội - Thái Nguyên (cũng bị ngập) để đi các tỉnh phía bắc như Thái Nguyên, Cao Bằng
- Rất mong quý vị khán giả đồng hành và ủng hộ bằng cách đăng ký kênh Nẻo Đường Việt Nam, like, chia sẻ video đến bạn bè và những người quan tâm đến chủ đề của kênh. Xin chân thành cảm ơn
#neoduongvietnam #ngapluthanoi #conbaoso11 #conbaomatmo #xatrunggia #quoclo3 #ngaplutngoaithanhhanoi #luluthanoi #dulichtrainghiem #dulichphophuonghanoi #dulichkhampha",2025-10-10T07:16:53Z,2025-10-10T07:16:53Z,accept,flood_transport_hanoi,1,"flood_state,transport_impact,hanoi_location",0,search,ngập nước Hà Nội giao thông,,,,,,2026-09-25T10:06:37.509849+07:00
youtube,hslUIvmzj6w,https://www.youtube.com/watch?v=hslUIvmzj6w,"Tình hình ngập sâu ở Hà Nội sáng 8/10: Có nơi đến nửa mét, người dân phải thuê xe kéo kịp giờ đi làm","Tình hình ngập sâu ở Hà Nội sáng 8/10: Có nơi đến nửa mét, người dân phải thuê xe kéo kịp giờ đi làm
Sáng 8/10, nhiều đường ở Hà Nội vẫn ngập úng sau trận mưa lớn từ hôm trước. Đặc biệt, tại ngã ba Phạm Tu - Cầu Bươu (phường Thanh Liệt, Hà Nội), mực nước còn dâng cao tới khoảng nửa mét.
▶ Kênh Youtube tạp chí VietTimes chia sẻ các nội dung thông tin mạng xã hội, thời sự quốc tế, toàn cảnh quốc tế, nga ukraine mới nhất, tin nga ukraine, xung đột nga ukraine, tin quốc tế, nga ukraine hôm nay, tiêu điểm quốc tế, thời sự thế giới, bản tin quốc tế,chiến sự nga ukraine, tin tức thời sự, thời sự 19h, tin tức mới, tin mới, thời sự quốc tế, tin tức 24h mới nhất, nga và ukraine mới nhất, tin tức nga ukraine mới nhất, nga, ukraine, isarel, hamas, palestin, xung đột isarel hamas, xung đột isarel palestine , tin nóng, các tin tức cập nhật,… Với mong muốn cập nhật những thông tin, phân tích chính xác và nhanh nhất dưới góc nhìn truyền thông số cho quý vị và các bạn

🔔 Đăng ký kênh để theo dõi tin tức mới nhất: https://bit.ly/DangKyKenhVietTimes

Theo dõi Tạp chí điện tử Viettimes

📣 Web: https://viettimes.vn/
📣 Tiktok: https://www.tiktok.com/@viettimes.vn
📣 Youtube Channel: https://www.youtube.com/c/TapchiVietTimes/featured
📣 Fanpage: https://www.facebook.com/viettimes.vn
-----------------
© Bản quyền thuộc về Tạp chí điện tử Viettimes
© Copyright by Bao Viettimes  ☞ Do not Reup
#tapchiviettimes #tintucviettimes #viettimeskinhte #ngaplutohanoi",2025-10-08T03:08:00Z,2025-10-08T03:08:00Z,accept,flood_transport_hanoi,1,"flood_state,transport_impact,hanoi_location",0,search,ngập úng Hà Nội đi,,,,,,2026-09-25T11:25:32.703439+07:00
youtube,i1dfarA3ngo,https://www.youtube.com/watch?v=i1dfarA3ngo,"Hà Nội mưa lớn, người dân khu đô thị Văn Quán chật vật đi qua điểm ngập úng | Báo Lao Động","Hà Nội mưa lớn, người dân khu đô thị Văn Quán chật vật đi qua điểm ngập úng | Báo Lao Động
BÁO LAO ĐỘNG | Hà Nội mưa lớn, người dân khu đô thị Văn Quán chật vật đi qua điểm ngập úng

Mời quý vị và các bạn xem thêm: https://laodong.vn/media
──────────────────────────────
Bản quyền thuộc Báo Lao Động – Cơ quan của Tổng Liên đoàn Lao động Việt Nam.
* Website: https://laodong.vn
* Đường dây nóng: 096 838 3388
* Email: baolaodongdientu@gmail.com
* Fanpage: https://www.facebook.com/LaoDongTVOnline/

#baolaodong #bld",2026-09-16T01:42:44Z,2026-09-16T01:42:44Z,accept,flood_transport_hanoi,1,"flood_state,transport_impact,hanoi_location",0,search,ngập úng Hà Nội đi,,,,,,2026-09-25T10:33:35.112678+07:00
youtube,irBPlaeDQ2k,https://www.youtube.com/watch?v=irBPlaeDQ2k,"HÀ NỘI: GIAO THÔNG TÊ LIỆT VÌ CẦU NGẬP, NGƯỜI DÂN ĐI LẠI GIAN NAN","HÀ NỘI: GIAO THÔNG TÊ LIỆT VÌ CẦU NGẬP, NGƯỜI DÂN ĐI LẠI GIAN NAN
HTV Tin tức, kênh Tin tức chính thức của Đài Phát thanh và Truyền hình TP. Hồ Chí Minh (HTV).
------------------------------------------------
Cảm ơn bạn đã xem video này. 
Hãy đăng ký kênh HTV Tin tức để theo dõi những tin tức cập nhật:
https://www.youtube.com/c/HTVTinTuc?sub_confirmation=1
Fanpage:  https://www.fb.com/HTVTintuc
Website: https://www.htv.com.vn/
Ứng dụng HTVC: https://htvc.tv

#HTVTintức là kênh Youtube chính thức chuyên về thông tin thời sự của Trung tâm Tin tức, Đài Phát thanh và Truyền hình TP. Hồ Chí Minh. 
Chúng tôi liên tục cập nhật các thông tin thời sự trong nước và quốc tế trong các bản tin, chương trình, chuyên đề, để gửi đến quý vị khán giả những thông tin nhanh chóng và chính xác.

#ThờisựHTV #tinmớinhất #thoisuhtv9 #HTVtintuc #60giay #tin60s #tin60giay #bantin60giay #bantin60s #TintucHTV #60giay #60giaysang #60giaychieu #tinnoibat #bantinsang #bantintrua #daiphatthanhvatruyenhinhtphcm",2025-10-05T04:44:42Z,2025-10-05T04:44:42Z,accept,flood_transport_hanoi,1,"flood_state,transport_impact,hanoi_location",1,search,ngập lụt Hà Nội đi lại,,,,,,2026-09-25T10:38:18.002641+07:00
youtube,ivIF23SzuYg,https://www.youtube.com/watch?v=ivIF23SzuYg,"Hà Nội mưa giông 20 phút, một số tuyến phố ngập","Hà Nội mưa giông 20 phút, một số tuyến phố ngập
Hà Nội mưa giông 20 phút, một số tuyến phố ngập
Mưa giông kèm sấm sét kéo dài khoảng 20 phút sáng nay khiến một số tuyến phố thấp trũng ở khu vực Đống Đa, Thanh Xuân, Cầu Giấy… bị ngập.

Khoảng 8h40, mưa lớn tại khu vực Thanh Xuân, sau đó lan đến Ba Đình, Cầu Giấy, Từ Liêm. Phố Nguyễn Huy Tưởng (Thanh Xuân) dài hơn 200 m, bị ngập 0,3 m ở nhiều vị trí. Xe máy đồng loạt quay đầu tìm tuyến đường khác di chuyển, trong khi ôtô đi chậm thành hàng.

Công ty Thoát nước Hà Nội đã nhanh chóng dùng barie, biển cảnh cáo để ngăn phương tiện đi vào khu vực ngập. Do mưa ngắn, mức độ ngập nhẹ nên nước rút nhanh sau chừng 20-30 phút tùy khu vực.

Trung tâm Dự báo Khí tượng Thủy văn quốc gia cho biết Hà Nội mưa giông do vùng mây đối lưu đang phát triển và gây mưa cho khu vực Chuyên Mỹ, Đại Xuyên, Ứng Hòa, sau đó mở rộng sang nội thành.

Dự báo từ ngày 1310, mưa trở lại miền Bắc, kéo dài khoảng ba ngày, lưu lượng lớn. Nguyên do rãnh áp thấp ở miền Trung nâng trục lên phía bắc, cùng lúc khối không khí lạnh yếu di chuyển từ phía bắc xuống làm hình thành đới gió đông ở độ cao 1.500-5.000 m đưa ẩm vào, khiến miền Bắc chuyển mưa.

Từ ngày 258 đến nay, miền Bắc và Bắc Trung Bộ trải qua ba đợt mưa lớn, đều xuất hiện sau khi bão Kajiki, Bualoi và Matmo đổ bộ. Matmo đổ bộ Quảng Tây (Trung Quốc) rạng sáng 610, một ngày sau gây mưa lớn khắp miền Bắc. Hà Nội xuất hiện 122 điểm ngập ở nội thành, hai xã thuộc huyện Sóc Sơn cũ bị ngập sâu 1,5 m, khiến hơn 4.000 hộ dân phải di dời.

CÁC BẠN HÃY ĐĂNG KÝ KÊNH ĐỂ CẬP NHẬT THÔNG TIN MIỄN PHÍ MỚI NHẤT
-------------------------
- Quân sự - Vũ khí - Chiến Lược - Quốc Phòng là kênh thời sự thế giới đăng tải các video chất lượng, nhằm mục đích cập nhật tin tức Việt Nam và tin tức thế giới mới nhất ngày. Các bạn sẽ được cập nhật tin quốc tế như là: quân sự, các chính sách kinh tế mới...
- Quân sự - Vũ khí - Chiến lược - Quốc phòng chia sẻ thông tin về tin quân sự thế giới, quốc phòng mỹ và các nước.
- Nhớ đăng ký kênh để cập nhật thông tin miễn phí mới nhất. 
- Mọi người nhớ like, bình luận và chia sẻ các video yêu thích. 
- Hy vọng rằng mọi người sẽ yêu thích kênh Quân sự - Vũ khí - Chiến lược - Quốc phòng. 

- HÃY KẾT NỐI VỚI MÌNH BẰNG CÁC ỨNG DỤNG SAU: 
+ Donate ủng hộ kênh (momo): https://me.momo.vn/9vI3uGUECETlT8f6toCo
+ Donate ủng hộ kênh (paypal): https://www.paypal.me/tktuyen 
+ Đăng ký kênh: https://www.youtube.com/channel/UCEJBUCDjxeFaEMTtgLNElyg?sub_confirmation=1
+ Fanpage: https://www.facebook.com/quocphongvietnamvathegioi
-------------------------
#tin_tức_việt_nam #tin_tức_thế_giới_mới_nhất_ngày",2025-10-11T15:24:21Z,2025-10-11T15:24:21Z,accept,flood_transport_hanoi,1,"flood_state,transport_impact,hanoi_location",0,search,lụt Hà Nội di chuyển,,,,,,2026-09-25T10:47:23.742022+07:00
youtube,ivtZ3UMfK_E,https://www.youtube.com/watch?v=ivtZ3UMfK_E,"Đường phố Hà Nội ngập úng, hàng loạt phương tiện chết máy | Báo Đại Đoàn Kết","Đường phố Hà Nội ngập úng, hàng loạt phương tiện chết máy | Báo Đại Đoàn Kết
BÁO ĐẠI ĐOÀN KẾT | Sáng 30/9, hoàn lưu bão số 10 (Bualoi) gây mưa lớn ở Hà Nội, gây ngập úng một số tuyến đường, hàng loạt người dân phải dắt xe vì chết máy.


▶ BÁO ĐẠI ĐOÀN KẾT – Tin tức chính thống, nhanh chóng, chính xác
❤️ Cảm ơn quý vị và các bạn đã theo dõi kênh.
► ĐĂNG KÝ KÊNH và ấn nút 🔔 ở góc phải bên dưới video để không bỏ lỡ bản tin mới nhất: https://www.youtube.com/channel/UCbosG7Xj_MnCU2teKJmPOKQ
▶ ĐẠI ĐOÀN KẾT TV là kênh thông tin của Báo Đại Đoàn Kết điện tử (Cơ quan Trung ương của Mặt trận Tổ quốc Việt Nam), cung cấp các nội dung:
Thời sự – Chính trị: Hoạt động của lãnh đạo cấp cao, tin nghị trường, chính sách mới, sự kiện nổi bật.
Thông tin Mặt trận Tổ quốc Việt Nam: Hoạt động gắn kết cộng đồng, dân vận khéo, phong trào thi đua yêu nước.
Tin nóng: Cập nhật nhanh chóng các diễn biến thời sự, sự kiện quan trọng trong nước và quốc tế.
Tiêu điểm: Phóng sự, điều tra, tọa đàm chuyên sâu về các vấn đề dân sinh, xã hội.
Chuyên đề: 80 năm Quốc khánh 2/9, Chính sách mới có hiệu lực.
Với phương châm Nhanh chóng – Chính xác – Chính thống, Báo Đại Đoàn Kết mong muốn cung cấp cho quý vị những thông tin đáng tin cậy, phản ánh đầy đủ và kịp thời các sự kiện trong nước và quốc tế.
Website: https://daidoanket.vn/
Tiktok Báo Đại đoàn kết: https://www.tiktok.com/@baodaidoanketonline
Facebook Báo Đại đoàn kết: https://www.facebook.com/baodaidoanket

Thông tin tòa soạn
Địa chỉ: 66 Bà Triệu - Hà Nội
Địa chỉ: 59 Tràng Thi, Hà Nội
Hotline: 0862010866 Fax: (024) 38228547
Liên hệ quảng cáo: (024) 39431943 - (024) 39447011

#BaoDaiDoanKet #ThoiSu #TinNong #ChinhTri #MatTranToQuoc #QuocKhanh #ChinhSachMoi",2025-09-30T05:25:32Z,2025-09-30T05:25:32Z,accept,flood_transport_hanoi,1,"flood_state,transport_impact,hanoi_location",0,search,đường ngập Hà Nội lưu thông,,,,,,2026-09-25T10:50:54.606645+07:00
youtube,j2aV2g05lKk,https://www.youtube.com/watch?v=j2aV2g05lKk,Vì sao Hà Nội ngập kéo dài?  #vovgiaothong #fm91,"Vì sao Hà Nội ngập kéo dài?  #vovgiaothong #fm91
Từ đêm 25 đến sáng 26/8, Hà Nội có mưa lớn kéo dài. Đến 7h ngày 26/8, Công ty Thoát nước Hà Nội ghi nhận hơn 80 điểm ngập, chủ yếu ở khu vực nội thành, trong đó phố Dương Đình Nghệ ngập tới một mét. Đến tối cùng ngày, thành phố vẫn còn 26 điểm ngập như Võ Chí Công (tòa nhà UDIC), Lạc Long Quân, Lê Đức Thọ (quảng trường Mỹ Đình), Dương Đình Nghệ, Phan Văn Trường, Trần Bình, Hoa Bằng, Phúc Xá, Phạm Hùng, Thiên Hiền, Nguyễn Chính, Đường 2,5 Đền Lừ, Huỳnh Thúc Kháng, Thái Hà, Nguyễn Văn Trỗi, Ngọc Lâm, Cổ Linh, Đàm Quang Trung, hầm chui đại lộ Thăng Long, Cầu Bươu, Yên Xá, Triều Khúc, Yên Nghĩa, Quyết Thắng.

Tham gia hội viên của VOV Giao thông bạn nhé:
https://www.youtube.com/channel/UCPeJU6XNeZMwaHYXE27Vgmg/join

Kính chào quý khán thính giả đã đến với channel chính thức của Kênh VOV Giao thông, Đài Tiếng nói Việt Nam. Kính chúc quý vị sẽ có thời gian theo dõi tin tức hữu ích cùng VOV Giao thông. Nếu có hình ảnh nào đáng chú ý trên đường, các bạn có thể gửi về số điện thoại zalo: 0988239969.

#vovgiaothong #vovgt #tintuc #hotnews #news #thongtin #giaothong #tieudiem #tinnong #xuhuong #cameragiaothong #checkvar #tinhuonggiaothong #camerahanhtrinh #binhluan #gocnhin #caotoc #vov #daitiengnoivietnam #phatthanh #daiphatthanh #batdongsan #nhadat #ngaogia #baoso5 #ngaplut #muabao 
--------------------------------------------
Đăng ký theo dõi Kênh Youtube VOV Giao thông để xem những tin tức mới nhất:
https://youtube.com/@kenhvovgiaothong?si=OStZt6XJZU1sYzBU

Đây là Kênh Youtube chính thức của Kênh VOV Giao thông - Đài Tiếng nói Việt Nam
- Website: https://vovgiaothong.vn/
- Fanpage: https://www.facebook.com/KenhVOVGT

Tầng 10, Số 58 Quán Sứ, Hà Nội
ĐT: 02437.919191
Email: vovgtchannel@gmail.com",2025-08-27T07:14:29Z,2025-08-27T07:14:29Z,accept,flood_transport_hanoi,1,"flood_state,transport_impact,hanoi_location",0,search,phố ngập Hà Nội tham gia giao thông,,,,,,2026-09-25T11:16:39.399076+07:00
youtube,jJ6dnLeHK9M,https://www.youtube.com/watch?v=jJ6dnLeHK9M,"Bì bõm lội qua nhiều tuyến phố Hà Nội ngập sâu, rác nổi lềnh bềnh","Bì bõm lội qua nhiều tuyến phố Hà Nội ngập sâu, rác nổi lềnh bềnh
#thoisuthanhnien #tinnongthanhnien #phongsuthanhnien #baothanhnien
0:00 Bì bõm lội qua nhiều tuyến phố Hà Nội ngập sâu, rác nổi lềnh bềnh
2:33 Đường phố ngập sâu sau mưa lớn, người dân Hà Nội khổ sở dắt xe chết máy đến chỗ làm
5:58 Hầm chui nút giao An Phú vừa khai thác đã 2 lần gặp sự cố ngập: Vì sao?

Xem thêm tại: https://thanhnien.vn/bi-bom-loi-qua-nhieu-tuyen-pho-ha-noi-ngap-sau-rac-noi-lenh-benh-185260917085509621.htm

--------
Đăng kí theo dõi kênh để xem những tin tức mới nhất: 

https://metub.net/BaoThanhNien

Tin tức báo Thanh Niên - Đọc tin mới online - tin nhanh - tin 24h - thời sự
Kênh YouTube chính thức của Báo Thanh Niên. Đăng kí theo dõi kênh để xem những tin tức mới nhất: 

https://metub.net/BaoThanhNien

Website: http://thanhnien.vn/
Fanpage: https://www.facebook.com/thanhnien

Youtube Channel: https://metub.net/BaoThanhNien

268 - 270 Nguyễn Đình Chiểu, Phường Xuân Hòa, TP.HCM 
ĐT: (+84.8) 39302302 
Fax: (+84.8) 39309939 
Email: truyenhinh@thanhnien.vn",2026-09-17T02:47:20Z,2026-09-17T02:47:20Z,accept,flood_transport_hanoi,1,"flood_state,transport_impact,hanoi_location",1,search,ngập úng Hà Nội đi,,,,,,2026-09-25T10:33:02.979489+07:00
youtube,jKySbRgTnhs,https://www.youtube.com/watch?v=jKySbRgTnhs,Người dân vùng ngập lụt ở Đà Nẵng đang cần hỗ trợ lương thực và ghe đi cứu trợ | VOV,"Người dân vùng ngập lụt ở Đà Nẵng đang cần hỗ trợ lương thực và ghe đi cứu trợ | VOV
VOV | Đến trưa nay (29/10), nhiều làng mạc, khu dân cư nằm ven sông Thu Bồn ở thành phố Đà Nẵng (huyện Điện Bàn, tỉnh Quảng Nam cũ) vẫn còn ngập sâu, chia cắt. Bà con và chính quyền địa phương đã chủ động phương án “4 tại chỗ” nhưng 48 giờ qua nước ngập sâu, không có phương tiện đi lại khiến đời sống gặp nhiều khó khăn.
_________________________________
Đăng ký theo dõi kênh Báo Điện tử Tiếng nói Việt Nam (VOV) để xem những tin tức mới nhất: https://bit.ly/DangKyKenhBaoDienTuVOV

Đây là kênh YouTube chính thức của Báo Điện tử VOV - Đài Tiếng nói Việt Nam
- Website: https://vov.vn
- Fanpage: https://www.facebook.com/baodientuvov
- Tiktok: Báo điện tử VOV ID:@baodientuvov
- Xem Youtube Báo Điện tử Tiếng nói Việt Nam (VOV) trên GG News: https://bit.ly/VOVGGNews 

37 Bà Triệu, Hoàn Kiếm, Hà Nội, Việt Nam
ĐT: (+84) 24 22105148
Fax: Fax: (+84) 24 39344230
Email: toasoanvov.vn@gmail.com

Kênh youtube Báo Điện tử Tiếng nói Việt Nam (VOV) là kênh Youtube chia sẻ các nội dung tin tức, chính trị, kinh tế, quốc tế, thế giới, pháp luật, nga ukraine mới nhất, tin nga ukraine,xung đột nga ukraine,tin quốc tế,nga ukraine hôm nay,tiêu điểm quốc tế,toàn cảnh quốc tế,thời sự quốc tế,thời sự thế giới,toàn cảnh thế giới,bản tin quốc tế,chiến sự nga ukraine, tin tức thời sự ,thời sự 19h,tin tức mới,tin mới,thời sự quốc tế,tin tức 24h mới nhất, nga và ukraine mới nhất, tin tức nga ukraine mới nhất,nga,ukraine, tin biển đông,tin nóng, các tin tức cập nhật,… cùng các phân tích, bình luận của các chuyên gia, học giả trong nước và quốc tế. 
Cảm ơn các bạn đã xem video! Hãy đăng ký kênh để cập nhật thông tin mới hữu ích nhất!
_________________________________
#vov #thoisu #tintuc",2025-10-29T13:20:03Z,2025-10-29T13:20:03Z,accept,flood_transport_hanoi,1,"flood_state,transport_impact,hanoi_location",1,search,ngập lụt Hà Nội đi lại,,,,,,2026-09-25T10:34:21.932523+07:00
youtube,k30aMb6vK4k,https://www.youtube.com/watch?v=k30aMb6vK4k,Hà Nội &amp; Thái Nguyên ngập nặng #HàNộiNgậpLụt #TháiNguyênNgậpNặng #LũLụt2025 #TinTức #ThiênTaiViệtNam,"Hà Nội &amp; Thái Nguyên ngập nặng #HàNộiNgậpLụt #TháiNguyênNgậpNặng #LũLụt2025 #TinTức #ThiênTaiViệtNam
Hà Nội lại tiếp tục ngập nặng do mưa lớn kéo dài, nhiều tuyến phố, khu dân cư chìm sâu trong nước lũ. Đặc biệt, Thái Nguyên – nơi từng chứng kiến đỉnh lũ lịch sử năm 2024 – năm nay (2025) mực nước vượt thêm 1m09, khiến hơn 200.000 ngôi nhà bị ngập.

Ngập lụt không chỉ ảnh hưởng nghiêm trọng đến đời sống sinh hoạt của người dân mà còn làm tê liệt giao thông, gây thiệt hại nặng nề về kinh tế. Không chỉ Hà Nội, nhiều tỉnh thành khác cũng đang chìm trong biển nước do lưu lượng sông suối dâng cao.",2025-10-08T15:13:38Z,2025-10-08T15:13:38Z,accept,flood_transport_hanoi,1,"flood_state,transport_impact,hanoi_location",0,search,ngập nước Hà Nội giao thông,,,,,,2026-09-25T10:07:14.271402+07:00
youtube,k8SRf_u8T1Q,https://www.youtube.com/watch?v=k8SRf_u8T1Q,"Đường phố Hà Nội ùn tắc, ngập sâu, gần 9h sáng nhiều người vẫn chưa tới được chỗ làm","Đường phố Hà Nội ùn tắc, ngập sâu, gần 9h sáng nhiều người vẫn chưa tới được chỗ làm
Xem thêm tại: https://tuoitre.vn/duong-pho-ha-noi-un-tac-ngap-sau-gan-9h-sang-nhieu-nguoi-van-chua-toi-duoc-cho-lam-100260917084145068.htm?fbclid=IwY2xjawUYOTNwZG9mBWV4dG4DYWVtAjEwAGJyaWQRMTg1bDlmcDJPWWhwRUNvRXBzcnRjBmFwcF9pZBAyMjIwMzkxNzg4MjAwODkyAAEeDILFw7Rt7kJSSMqAVlkxvs1NLfV95NcT01ie9qbwBqrPzkDcSl0jHrQftAQ_aem__zou4amXfI88DpdPiZpI-g#content-2

Mưa lớn kèm ngập úng khiến giao thông Hà Nội sáng 17-9 ùn tắc nghiêm trọng, người dân phải chật vật đi qua điểm tắc, ngập để tới nơi làm việc, đưa con tới trường.


#tinnong 
----------------------------
📰 Kênh YouTube chính thức cập nhật tin tức thời sự, chính trị, pháp luật, quốc tế nhanh chóng – chính xác – khách quan.  

👉 Đăng ký ngay để không bỏ lỡ tin tức nóng hổi, phân tích chuyên sâu và góc nhìn chính thống từ Báo Pháp Luật TP.HCM.  
🔔 Subscribe: https://www.youtube.com/c/PLOTV?sub_confirmation=1  

🌐 Theo dõi Báo Pháp Luật TP.HCM trên các nền tảng khác:  

• Website: https://tuoitre.vn  

• Fanpage: https://www.facebook.com/phapluattp.vn/  

⚠️ Bản quyền thuộc Báo điện tử Tuổi Trẻ  – Vui lòng không reup khi chưa có sự đồng ý.  

#ThoiSu #PhapLuat #TinTucMoiNhat",2026-09-17T04:30:12Z,2026-09-17T04:30:12Z,accept,flood_transport_hanoi,1,"flood_state,transport_impact,hanoi_location",1,search,ngập úng Hà Nội đi,,,,,,2026-09-25T10:32:37.177968+07:00
youtube,kYkzcVKfDiE,https://www.youtube.com/watch?v=kYkzcVKfDiE,"Vấn đề nóng: Hà Nội còn hơn 120 điểm ngập úng, lãnh đạo thành phố trực tiếp tới hiện trường kiểm tra","Vấn đề nóng: Hà Nội còn hơn 120 điểm ngập úng, lãnh đạo thành phố trực tiếp tới hiện trường kiểm tra
Sáng 7/10, lãnh đạo UBND TP Hà Nội cùng các sở, ngành đã đi kiểm tra công tác ứng phó với mưa lớn tại nhiều khu vực trọng điểm, xung yếu trên địa bàn.
▶ Kênh Youtube tạp chí VietTimes chia sẻ các nội dung thông tin mạng xã hội, thời sự quốc tế, toàn cảnh quốc tế, nga ukraine mới nhất, tin nga ukraine, xung đột nga ukraine, tin quốc tế, nga ukraine hôm nay, tiêu điểm quốc tế, thời sự thế giới, bản tin quốc tế,chiến sự nga ukraine, tin tức thời sự, thời sự 19h, tin tức mới, tin mới, thời sự quốc tế, tin tức 24h mới nhất, nga và ukraine mới nhất, tin tức nga ukraine mới nhất, nga, ukraine, isarel, hamas, palestin, xung đột isarel hamas, xung đột isarel palestine , tin nóng, các tin tức cập nhật,… Với mong muốn cập nhật những thông tin, phân tích chính xác và nhanh nhất dưới góc nhìn truyền thông số cho quý vị và các bạn

🔔 Đăng ký kênh để theo dõi tin tức mới nhất: https://bit.ly/DangKyKenhVietTimes

Theo dõi Tạp chí điện tử Viettimes

📣 Web: https://viettimes.vn/
📣 Tiktok: https://www.tiktok.com/@viettimes.vn
📣 Youtube Channel: https://www.youtube.com/c/TapchiVietTimes/featured
📣 Fanpage: https://www.facebook.com/viettimes.vn
-----------------
© Bản quyền thuộc về Tạp chí điện tử Viettimes
© Copyright by Bao Viettimes  ☞ Do not Reup
#ngaplutohanoi  #tapchiviettimes #viettimes",2025-10-07T15:08:00Z,2025-10-07T15:08:00Z,accept,flood_transport_hanoi,1,"flood_state,transport_impact,hanoi_location",0,search,ngập úng Hà Nội đi,,,,,,2026-09-25T11:25:39.353677+07:00
youtube,l148FckDvnw,https://www.youtube.com/watch?v=l148FckDvnw,"Ớn lạnh cảnh nước lũ bủa vây Ninh Bình: Nhà dân cô lập, đỉnh lũ nguy hiểm vẫn còn phía trước","Ớn lạnh cảnh nước lũ bủa vây Ninh Bình: Nhà dân cô lập, đỉnh lũ nguy hiểm vẫn còn phía trước
Vấn đề hôm nay | Ớn lạnh cảnh nước lũ bủa vây Ninh Bình: Nhà dân cô lập, đỉnh lũ nguy hiểm vẫn còn phía trước 
Có mặt tại thôn Kênh Gà (xã Gia Viễn, tỉnh Ninh Bình), phóng viên ghi nhận nhiều hộ dân bị cô lập xung quanh nước mênh mông, những chiếc thuyền nhỏ là phương tiện chính để người dân nơi đây di chuyển, sinh hoạt trong mùa mưa lũ.
⭐Xem kênh Youtube Báo Tiền Phong trên Google News: https://bit.ly/BaoTienPhongGoogleNews
--------------------------------------------
Tin tức báo Tiền Phong - Đọc tin mới online - tin nhanh - tin 24h - thời sự
🔔 ĐĂNG KÝ KÊNH để nhận những thông tin mới nhất: https://bit.ly/DangKyBaoTienPhong
⭐Website: https://www.tienphong.vn/
⭐Fanpage: https://www.facebook.com/www.tienphong.vn/
⭐TikTok: https://www.tiktok.com/@baotienphong.official
© Bản quyền thuộc báo điện tử Tiền Phong
Tiền phong, Tiền phong TV, tin tức, tin nóng, tin tức hôm nay, tin tức mới nhất hôm nay, tin tức mới nhất, tin thời sự, tin tức 24h, Vấn đề hôm nay, tin tức việt nam hôm nay, tin trong nước, tin tức trong nước mới nhất
#baotienphong #tienphongtv #vandehomnay",2026-09-17T11:50:09Z,2026-09-17T11:50:09Z,reject,missing_group:flood_state,1,"transport_impact,hanoi_location",0,search,ngập úng Hà Nội đi,,,,,,2026-09-25T10:31:54.517334+07:00
youtube,lCUAhRRtiEY,https://www.youtube.com/watch?v=lCUAhRRtiEY,Biển nước bủa vây vùng trũng ngoại thành Hà Nội | #Shorts #News,"Biển nước bủa vây vùng trũng ngoại thành Hà Nội | #Shorts #News
Nước sông Bùi và sông Tích liên tục dâng cao vượt mức báo động ba khiến hàng nghìn ngôi nhà cùng nhiều tuyến giao thông tại các vùng trũng ngoại thành Thành phố Hà Nội chìm trong biển nước. Tại các khu dân cư thuộc xã Xuân Mai, nước ngập sâu gần 2 mét tràn vào nhà dân, chia cắt đường sá khiến việc học tập và sinh hoạt bị đình trệ hoàn toàn. Đợt mưa lũ kỷ lục này đã làm hơn 3.000 ngôi nhà bị ngập, hàng nghìn héc ta lúa và hoa màu hư

Tin hot mỗi ngày tại: https://ngaymoi.io.vn
#news #hotnews #tintucngaymoi #ngaymoi",2026-09-19T01:17:22Z,2026-09-19T01:17:22Z,accept,flood_transport_hanoi,1,"flood_state,transport_impact,hanoi_location",0,search,ngập nước Hà Nội giao thông,,,,,,2026-09-25T10:41:05.072113+07:00
youtube,lN7cmX37Cr4,https://www.youtube.com/watch?v=lN7cmX37Cr4,CSGT Hà Nội nỗ lực hỗ trợ người dân vùng ngập #vovgiaothong #fm91,"CSGT Hà Nội nỗ lực hỗ trợ người dân vùng ngập #vovgiaothong #fm91
Tham gia hội viên của VOV Giao thông bạn nhé:
https://www.youtube.com/channel/UCPeJU6XNeZMwaHYXE27Vgmg/join

Kính chào quý khán thính giả đã đến với channel chính thức của Kênh VOV Giao thông, Đài Tiếng nói Việt Nam. Kính chúc quý vị sẽ có thời gian theo dõi tin tức hữu ích cùng VOV Giao thông. Nếu có hình ảnh nào đáng chú ý trên đường, các bạn có thể gửi về số điện thoại zalo: 0988239969.

#vovgiaothong #vovgt #tintuc #hotnews #news #thongtin #giaothong #tieudiem #tinnong #xuhuong #cameragiaothong #checkvar #tinhuonggiaothong #camerahanhtrinh #binhluan #gocnhin #caotoc #vov #daitiengnoivietnam #phatthanh #daiphatthanh #batdongsan #nhadat #ngaogia
--------------------------------------------
Đăng ký theo dõi Kênh Youtube VOV Giao thông để xem những tin tức mới nhất:
https://youtube.com/@kenhvovgiaothong?si=OStZt6XJZU1sYzBU

Đây là Kênh Youtube chính thức của Kênh VOV Giao thông - Đài Tiếng nói Việt Nam
- Website: https://vovgiaothong.vn/
- Fanpage: https://www.facebook.com/KenhVOVGT

Tầng 10, Số 58 Quán Sứ, Hà Nội
ĐT: 02437.919191
Email: vovgtchannel@gmail.com",2025-10-09T15:42:49Z,2025-10-09T15:42:49Z,accept,flood_transport_hanoi,1,"flood_state,transport_impact,hanoi_location",0,search,ngập nước Hà Nội giao thông,,,,,,2026-09-25T10:07:07.779844+07:00
youtube,lOvq6123g_Q,https://www.youtube.com/watch?v=lOvq6123g_Q,"TIN TỨC NÓNG: Tin Tức. Hà Nội Ngập Sâu: Nước Lũ Đổ Về, Giao Thông Tê Liệt, Người Dân Khốn Khổ","TIN TỨC NÓNG: Tin Tức. Hà Nội Ngập Sâu: Nước Lũ Đổ Về, Giao Thông Tê Liệt, Người Dân Khốn Khổ
🚨 KHẨN CẤP: Dự báo thời tiết  cảnh báo mưa lớn tiếp diễn! 
Hà Nội và các tỉnh miền Bắc chìm trong biển nước với lượng mưa cực đoan 300mm chỉ trong 48 giờ.

📍 Tình hình hiện tại:
• Hà Nội, Thái Nguyên, Phú Thọ, Bắc Giang ngập sâu hơn 1m
• Hàng trăm tuyến đường tê liệt hoàn toàn
• Trường học đóng cửa, mất điện diện rộng
• Hồ Núi Cốc, Cấm Sơn xả tràn khẩn cấp

⚠️ Cảnh báo: Mưa lớn kéo dài đến cuối tuần!

👆 LIKE & CHIA SẺ để cảnh báo mọi người!
🔔 ĐĂNG KÝ để cập nhật tin tức nóng nhất!

#HàNộiNgập #LũLụtMiềnBắc #TinTucNong #ThoisuVietnam #NgapLut #MienBac #TinTuc24h",2025-10-09T01:03:22Z,2025-10-09T01:03:22Z,accept,flood_transport_hanoi,1,"flood_state,transport_impact,hanoi_location",0,search,ngập nước Hà Nội giao thông,,,,,,2026-09-25T10:07:11.042123+07:00
youtube,lbVXqqHudyI,https://www.youtube.com/watch?v=lbVXqqHudyI,"Hà Nội: Sông Bùi hung dữ vượt báo động 3, người dân phải dùng thuyền giữa biển nước","Hà Nội: Sông Bùi hung dữ vượt báo động 3, người dân phải dùng thuyền giữa biển nước
Tin tức mới nhất | Hà Nội: Sông Bùi hung dữ vượt báo động 3, người dân phải dùng thuyền giữa biển nước
Mưa lớn và lũ sông Bùi dâng cao khiến xã Trần Phú chịu ảnh hưởng nghiêm trọng, với khoảng 847 hộ dân và 5.620 người bị tác động. Nhiều tuyến đường, đê bờ bao, diện tích sản xuất bị ngập; hơn 30 hộ dân tại thôn Khôn Duy bị cô lập. Lực lượng chức năng phải trực 24/24, đắp hàng nghìn bao cát, di chuyển người và gia súc đến nơi an toàn. Nước lũ năm nay cao hơn những năm trước đang gây đảo lộn cuộc sống người dân.

Vấn đề hôm nay  cập nhật tin tức trong ngày, phản ánh nhanh các tin nóng, tin thời sự và thời sự hôm nay đang được quan tâm. Nội dung bám sát tin trong nước, theo dõi tin trong nước hôm nay qua các diễn biến trong nước và tình hình trong nước nổi bật. Các bản tin tin tức hôm nay, tin tức mới nhất, tin tức mới nhất hôm nay được tổng hợp theo nhịp tin tức 24h, tập trung vào thời sự trong nước, tin tức trong nước, tin nóng trong nước và thời sự nóng, giúp khán giả nắm bắt thông tin đầy đủ, kịp thời và đáng tin cậy mỗi ngày.
Đăng ký và nhấn chuông thông báo để cập nhật những tin tức mới và nóng nhất: 
#vandehomnay #tintuc #thoisu #lulut",2026-09-18T02:46:34Z,2026-09-18T02:46:34Z,accept,flood_transport_hanoi,1,"flood_state,transport_impact,hanoi_location",0,search,ngập lụt Hà Nội đi lại,,,,,,2026-09-25T10:44:00.701148+07:00
youtube,mFg5jvMKJ6Q,https://www.youtube.com/watch?v=mFg5jvMKJ6Q,Một số tuyến đường Hà Nội ùn tắc sau mưa lớn | Tin tức 24h,"Một số tuyến đường Hà Nội ùn tắc sau mưa lớn | Tin tức 24h
DĐDN | Một số tuyến đường Hà Nội ùn tắc sau mưa lớn
Từ sáng sớm 14/10, Hà Nội xuất hiện mưa vừa và to, khiến nhiều tuyến đường ngập cục bộ và giao thông di chuyển chậm. Lực lượng chức năng khuyến cáo người dân cẩn trọng, bật đèn, giảm tốc độ và tuân thủ hướng dẫn giao thông để đảm bảo an toàn.
Trong video này chúng tôi sẽ thông tin về: 
Một số tuyến đường Hà Nội ùn tắc sau mưa lớn
Miền Bắc sắp đón đợt không khí lạnh đầu tiên trong mùa
Miền Bắc có thể có mưa lớn kéo dài, lượng mưa có thể lên vượt 150mm
Miền Bắc chuẩn bị đón không khí lạnh kèm mưa dông
Bạn có muốn cập nhật thêm các thông tin về tình hình thời tiết miền Bắc. Hãy để lại bình luận nhé.
🔔 Đừng quên LIKE – SHARE – ĐĂNG KÝ kênh YouTube Tạp chí Diễn đàn Doanh nghiệp để không bỏ lỡ các thông tin cập nhật tiếp theo
Thông tin trên được sử dụng từ nguồn chính thức: 
https://www.vietnamplus.vn/mot-so-tuyen-duong-ha-noi-tac-cuc-bo-sau-mua-lon-post1070167.vnp 

#thoitietmienBac #dubaothoitiet #mienBacmualon #canhbaothientai #tapchidiendandoanhnghiep

------------------------------
🎥 Diễn đàn Doanh nghiệp TV – Cập nhật kinh tế, thời sự quốc tế, tài chính và biến động toàn cầu mỗi ngày.

🔎 Tại đây, bạn sẽ:
• Theo dõi xung đột nóng: Nga–Ukraine, Israel–Iran, Biển Đông, Đài Loan...
• Nắm bắt biến động kinh tế: Giá vàng, chứng khoán, chính sách tiền tệ, ngân hàng trung ương
• Phân tích chuyên sâu: Địa chính trị, tài chính vĩ mô, chiến lược toàn cầu
• Cảnh báo thiên tai – biến đổi khí hậu – dự báo thời tiết chính xác

⏱️ Cập nhật tin tức liên tục, phân tích từ nguồn chính thống, dẫn dắt bằng tư duy.

📌 Đăng ký kênh để không bỏ lỡ những bản tin và bình luận quan trọng:
👉 https://www.youtube.com/c/DiễnĐànDoanhNghiệpTv?sub_confirmation=1

 #diendandoanhnghieptv #thoisuquocte #phantichkinhte #xungdottoancau #tinnong24h #tintucchinhtri #tintuc24h",2025-10-14T08:00:06Z,2025-10-14T08:00:06Z,accept,flood_transport_hanoi,1,"flood_state,transport_impact,hanoi_location",0,search,lụt Hà Nội di chuyển,,,,,,2026-09-25T10:47:10.687928+07:00
youtube,mMpSWHqTlHM,https://www.youtube.com/watch?v=mMpSWHqTlHM,"Muôn kiểu ứng phó mưa lớn, vượt ngập sâu của người Hà Nội | Tin nhanh","Muôn kiểu ứng phó mưa lớn, vượt ngập sâu của người Hà Nội | Tin nhanh
PLO | Muôn kiểu ứng phó mưa lớn, vượt ngập sâu của người Hà Nội
Trận mưa lớn sáng 7/10, do hoàn lưu bão Matmo gây ra, khiến nhiều tuyến đường Hà Nội ngập sâu, giao thông ùn tắc và sinh hoạt người dân bị đảo lộn. Người dân và chủ hộ kinh doanh chủ động kê cao tài sản, dựng bạt, bao cát, thậm chí dùng túi nilon, thùng xốp để di chuyển vật dụng qua nước. Lái xe ô tô, xe máy dừng chờ hoặc dắt sát lề đường, một số tuyến phố có dịch vụ kéo xe, phà người để giúp di chuyển qua điểm ngập. Lực lượng cảnh sát cơ động và xe cứu hộ cũng tích cực hỗ trợ người dân, cho thấy sự chủ động và sáng tạo trong ứng phó với mưa bão.
Trong video có những nội dung chính sau:
Muôn kiểu ứng phó mưa lớn, vượt ngập sâu của người Hà Nội
Hà Nội chìm trong nước, nhiều ngõ ngách và hầm bị ngập sâu sau mưa lớn
Hà Nội mưa to, nhiều tuyến đường ngập sâu, giao thông ùn tắc
Người dân Hà Nội chủ động chống ngập trước dự báo mưa lớn do hoàn lưu bão Matmo
🔔 Đừng quên like, share và subscribe kênh @PLOTV để không bỏ lỡ các nội dung ý nghĩa tiếp theo!
Thông tin trên được sử dụng từ nguồn chính thức: 
https://dantri.com.vn/thoi-su/muon-kieu-ung-pho-mua-lon-vuot-ngap-sau-cua-nguoi-ha-noi-20251007114746652.htm 

#hanoi #muato #ngaplut #giaothong #baophapluattphcm 
---------------------------
📰 PLO | Báo Pháp Luật TP.HCM – Kênh YouTube chính thức  
Nơi cập nhật tin tức thời sự, chính trị, pháp luật, quốc tế nhanh chóng – chính xác – khách quan.  

📺 Nội dung nổi bật trên kênh:  
• Toàn Cảnh Thời Sự – Phân tích chính trị, xã hội, pháp luật mỗi ngày  
• Toàn Cảnh Quốc Tế – Diễn biến thế giới qua góc nhìn thời sự  
• Lật Mở Hồ Sơ – Sự thật phía sau những vụ án nổi tiếng  
• Phóng sự & Series đặc biệt – Giải mã các câu chuyện thời sự được quan tâm  

👉 Đăng ký ngay để không bỏ lỡ tin tức nóng hổi, phân tích chuyên sâu và góc nhìn chính thống từ Báo Pháp Luật TP.HCM.  
🔔 Subscribe: https://www.youtube.com/c/PLOTV?sub_confirmation=1  

🌐 Theo dõi Báo Pháp Luật TP.HCM trên các nền tảng khác:  
• Website: https://plo.vn  
• Fanpage: https://www.facebook.com/phapluattp.vn/  

⚠️ Bản quyền thuộc Báo Pháp Luật TP.HCM – Vui lòng không reup khi chưa có sự đồng ý.  

#PLO #ThoiSu #PhapLuat #TinTucMoiNhat #BaoPhapLuatTPHCM",2025-10-07T11:45:51Z,2025-10-07T11:45:51Z,accept,flood_transport_hanoi,1,"flood_state,transport_impact,hanoi_location",1,search,lụt Hà Nội di chuyển,,,,,,2026-09-25T10:48:59.728703+07:00
youtube,milhxsH2f2A,https://www.youtube.com/watch?v=milhxsH2f2A,Thông tin mới nhất vụ nước lũ tràn qua đường sắt Hà Nội - Thái Nguyên #vovgiaothong #fm91,"Thông tin mới nhất vụ nước lũ tràn qua đường sắt Hà Nội - Thái Nguyên #vovgiaothong #fm91
Tham gia hội viên của VOV Giao thông bạn nhé:
https://www.youtube.com/channel/UCPeJU6XNeZMwaHYXE27Vgmg/join

Kính chào quý khán thính giả đã đến với channel chính thức của Kênh VOV Giao thông, Đài Tiếng nói Việt Nam. Kính chúc quý vị sẽ có thời gian theo dõi tin tức hữu ích cùng VOV Giao thông. Nếu có hình ảnh nào đáng chú ý trên đường, các bạn có thể gửi về số điện thoại zalo: 0988239969.

#vovgiaothong #vovgt #tintuc #hotnews #news #thongtin #giaothong #tieudiem #tinnong #xuhuong #cameragiaothong #checkvar #tinhuonggiaothong #camerahanhtrinh #binhluan #gocnhin #caotoc #vov #daitiengnoivietnam #phatthanh #daiphatthanh #batdongsan #nhadat #ngaogia
--------------------------------------------
Đăng ký theo dõi Kênh Youtube VOV Giao thông để xem những tin tức mới nhất:
https://youtube.com/@kenhvovgiaothong?si=OStZt6XJZU1sYzBU

Đây là Kênh Youtube chính thức của Kênh VOV Giao thông - Đài Tiếng nói Việt Nam
- Website: https://vovgiaothong.vn/
- Fanpage: https://www.facebook.com/KenhVOVGT

Tầng 10, Số 58 Quán Sứ, Hà Nội
ĐT: 02437.919191
Email: vovgtchannel@gmail.com",2025-10-09T12:00:19Z,2025-10-09T12:00:19Z,reject,missing_group:flood_state,1,"transport_impact,hanoi_location",0,search,ngập nước Hà Nội giao thông,,,,,,2026-09-25T10:07:11.008938+07:00
youtube,mm-94kQxqvc,https://www.youtube.com/watch?v=mm-94kQxqvc,"Hà Nội mưa lớn suốt đêm, nhiều tuyến đường ngập sâu gây ùn tắc giao thông, người dân đi bộ dắt xe","Hà Nội mưa lớn suốt đêm, nhiều tuyến đường ngập sâu gây ùn tắc giao thông, người dân đi bộ dắt xe
#hanoi #muangap #thoitiet #dubaothoitiet #thoitiethanoi
Vietnam Plus | Ngày 15/9, trên địa bàn thành phố đang xuất hiện mưa trên diện rộng, khiến một số tuyến phố úng ngập cục bộ, giao thông ùn ứ tại nhiều khu vực, ảnh hưởng đến việc đi lại của người dân trong giờ cao điểm buổi sáng.

Vietnam Plus là kênh Youtube chia sẻ các nội dung tin tức, nga ukraine mới nhất, tin nga ukraine, xung đột nga ukraine, tin quốc tế, nga ukraine hôm nay, tiêu điểm quốc tế, toàn cảnh quốc tế, thời sự quốc tế, thời sự thế giới, toàn cảnh thế giới, bản tin quốc tế, chiến sự nga ukraine, tin tức thời sự, thời sự 19h, tin tức mới, tin mới, thời sự quốc tế, tin tức 24h mới nhất, nga và ukraine mới nhất, tin tức nga ukraine mới nhất, nga, ukraine, tin biển đông, tin nóng, các tin tức cập nhật,… Với mong muốn cập nhật những thông tin chính xác và nhanh nhất trên nền tảng số cho quý vị và các bạn. ❤️ Cảm ơn các bạn đã xem video!

★ Đăng ký kênh và bấm 🔔 theo dõi những tin tức mới nhất từ Vietnam Plus:
Đăng kí ngay 👉 https://bit.ly/BaovietnamPlus
Click for subcribe 👉 https://bit.ly/BaovietnamPlus

Tin tức Báo Vietnam Plus - Đọc tin tức online - Tin tức 24h - Thời sự trong ngày
Kênh Youtube chính thức của Báo Vietnam Plus. Cập nhật liên tục những tin tức Việt Nam và thế giới nhanh nhất, tin cậy, chính thống từ TTXVN, cập nhật liên tục 24/7.
------
Theo dõi Vietnam Plus tại:
★ Báo Vietnam Plus: https://www.vietnamplus.vn
★ Facebook Vietnam Plus: https://www.facebook.com/VietnamPlus
-----
© Bản quyền thuộc về Báo Vietnam Plus
© Copyright by Vietnam Plus. Do not Reup

#vietnamplus #BaoVietnamplus",2026-09-15T06:30:03Z,2026-09-15T06:30:03Z,accept,flood_transport_hanoi,1,"flood_state,transport_impact,hanoi_location",0,search,ngập úng Hà Nội đi,,,,,,2026-09-25T10:33:55.704674+07:00
youtube,mpe_M2weQdc,https://www.youtube.com/watch?v=mpe_M2weQdc,"Mưa lớn ở Hà Nội, nhiều cửa hàng đóng cửa, người dân chật vật đi lại | Báo Lao Động","Mưa lớn ở Hà Nội, nhiều cửa hàng đóng cửa, người dân chật vật đi lại | Báo Lao Động
BÁO LAO ĐỘNG | Mưa lớn kéo dài tại Hà Nội khiến nhiều tuyến đường ngập úng, giao thông ùn tắc, việc di chuyển của người dân bị ảnh hưởng. 

Mời quý vị và các bạn xem thêm: https://laodong.vn/media
──────────────────────────────
Bản quyền thuộc Báo Lao Động – Cơ quan của Tổng Liên đoàn Lao động Việt Nam.
* Website: https://laodong.vn
* Đường dây nóng: 096 838 3388
* Email: baolaodongdientu@gmail.com
* Fanpage: https://www.facebook.com/LaoDongTVOnline/

#baolaodong #bld",2026-09-17T06:30:16Z,2026-09-17T06:30:16Z,accept,flood_transport_hanoi,1,"flood_state,transport_impact,hanoi_location",0,search,ngập úng Hà Nội đi,,,,,,2026-09-25T10:32:27.579501+07:00
youtube,nBPWAowbrqc,https://www.youtube.com/watch?v=nBPWAowbrqc,"Mưa lớn suốt đêm, nhiều tuyến phố Hà Nội ngập trong giờ cao điểm | #Shorts #News","Mưa lớn suốt đêm, nhiều tuyến phố Hà Nội ngập trong giờ cao điểm | #Shorts #News
Mưa lớn kéo dài từ đêm ngày 14 đến sáng ngày 15 tháng 9 đã khiến nhiều tuyến phố tại Hà Nội rơi vào tình trạng ngập cục bộ, gây khó khăn lớn cho việc đi lại của người dân trong giờ cao điểm. Tại các khu vực như đường Võ Chí Công đoạn gần Lotte Mall Tây Hồ, phố Triều Khúc và phố Hoa Bằng, nước ngập sâu có nơi đến 30 xăng ti mét khiến các phương tiện phải di chuyển chậm chạp hoặc leo lên vỉa hè để tránh đoạn ngập. Lực lượng chức năng đã nhanh chóng có mặt đặt biển cảnh báo, phân luồng giao thông và huy động máy bơm tiêu thoát nước nhằm hỗ trợ người dân lưu thông an toàn. Theo dự báo, khu vực Hà Nội sẽ tiếp tục có mưa, nguy cơ ngập úng vẫn còn diễn biến phức tạp tại các điểm trũng thấp.

Tin hot mỗi ngày tại: https://ngaymoi.io.vn
#news #hotnews #tintucngaymoi #ngaymoi",2026-09-15T07:20:33Z,2026-09-15T07:20:33Z,accept,flood_transport_hanoi,1,"flood_state,transport_impact,hanoi_location",0,search,ngập úng Hà Nội đi,,,,,,2026-09-25T10:33:52.530522+07:00
youtube,nG_geoG5K0E,https://www.youtube.com/watch?v=nG_geoG5K0E,Nước lũ đã tràn lên đường cao tốc Hà Nội - Thái Nguyên đoạn gần lối ra Sóc Sơn hướng về Hà Nội,Nước lũ đã tràn lên đường cao tốc Hà Nội - Thái Nguyên đoạn gần lối ra Sóc Sơn hướng về Hà Nội,2025-10-09T15:48:29Z,2025-10-09T15:48:29Z,reject,missing_group:flood_state+transport_impact,1,hanoi_location,0,search,ngập nước Hà Nội giao thông,,,,,,2026-09-25T10:07:07.773811+07:00
youtube,nT7pGlnJUig,https://www.youtube.com/watch?v=nT7pGlnJUig,"Hà Nội mưa xối xả trong đêm, nhiều tuyến phố ngập sâu đến sáng, mưa to khi nào mới dứt? | VTC News","Hà Nội mưa xối xả trong đêm, nhiều tuyến phố ngập sâu đến sáng, mưa to khi nào mới dứt? | VTC News
VTC News | Đêm qua và sáng sớm nay (17/9), nhiều tỉnh thành ở miền Bắc và miền Trung có mưa vừa, mưa to, cục bộ có nơi mưa rất to và dông, trong đó khu vực Hà Nội, Ninh Bình, Thanh Hóa và Nghệ An có mưa to đến rất to.

Lượng mưa tính từ 19h ngày 16/9 đến 3h ngày 17/9 có nơi trên 130mm như các trạm: Cầu Diễn (Hà Nội) 133.8mm, Gia Viễn (Ninh Bình) 152.8mm, Như Xuân (Thanh Hóa) 151mm…

Mưa xối xả suốt nhiều giờ khiến lượng nước dồn xuống các tuyến phố ngày càng lớn, trong khi một số khu vực chưa kịp tiêu thoát.

Tại nhiều tuyến đường, nước mưa dâng cao, tràn lên mặt đường, gây ngập úng và ảnh hưởng đến việc đi lại của người dân.


Kênh Youtube chính thức của Báo điện tử VTC News - Cập nhật tin tức thời sự nhanh chóng, chính xác nhất
Kết nối với VTC News tại:
✓ Website: http://vtcnews.vn
✓ Facebook : https://www.facebook.com/vtcnewsvn/
✓ Twitter: http://twitter.com/vtcnewsvn
✓ Youtube: https://www.youtube.com/@VTCNewstintuc
Cơ quan chủ quản: Đài Tiếng nói Việt Nam
Email: toasoan@vtcnews.vn
#VTCNews #xuhuong #News #baodientu #tintuc #thoisu",2026-09-17T02:00:18Z,2026-09-17T02:00:18Z,accept,flood_transport_hanoi,1,"flood_state,transport_impact,hanoi_location",0,search,ngập úng Hà Nội đi,,,,,,2026-09-25T10:32:50.101445+07:00
youtube,nqa5fSEssLo,https://www.youtube.com/watch?v=nqa5fSEssLo,HÀ NỘI MƯA KHỦNG KHIẾP - NƯỚC DÂNG CAO NGẬP SÂU,"HÀ NỘI MƯA KHỦNG KHIẾP - NƯỚC DÂNG CAO NGẬP SÂU
Cảnh quay thực tế cơn mưa cực lớn tại Hà Nội khiến tầm nhìn hạn chế, mưa mù mịt không thấy đường đi. Đoạn Quốc lộ 21A hướng đi Sơn Tây nước dâng cao, ngập lút bánh xe khiến các phương tiện ô tô, xe máy di chuyển vô cùng khó khăn.
Mọi người lưu thông qua khu vực này hãy chú ý quan sát và giữ khoảng cách an toàn nhé!

Đăng ký kênh Phạm Sỹ Hòa để theo dõi thêm nhiều video đời sống và trải nghiệm thực tế: https://www.youtube.com/@phamsyhoa

#hanoimuato #ngaplut #quoclo21a #sontay #phamsyhoa #thoitiet",2026-09-16T16:05:51Z,2026-09-16T16:05:51Z,accept,flood_transport_hanoi,1,"flood_state,transport_impact,hanoi_location",0,search,lụt Hà Nội di chuyển,,,,,,2026-09-25T10:50:15.324187+07:00
youtube,o64BbGa-8Q0,https://www.youtube.com/watch?v=o64BbGa-8Q0,Nhiều tuyến phố Hà Nội ngập sâu do ảnh hưởng của hoàn lưu bão số 10,"Nhiều tuyến phố Hà Nội ngập sâu do ảnh hưởng của hoàn lưu bão số 10
Tình trạng ngập lụt nghiêm trọng trên nhiều con phố tại Hà Nội đã gây ra không ít khó khăn cho người dân khi tham gia giao thông.
Chuyên trang với các video clip hấp dẫn về quân sự, quốc phòng Việt Nam
🔔Đăng ký xem tin mới nhất: https://bit.ly/SubBaoQDND

© Bản quyền thuộc Báo Quân đội nhân dân
© Website chính thức: https://www.qdnd.vn
© Fanpage chính thức: https://www.facebook.com/baoquandoinhandan

✅Cảm ơn các bạn đã ghé thăm kênh và xem video!

#tinquansu #baoquandoinhandan #qdnd #quandoivietnam #quandoi #quocphong #bodoivietnam",2025-09-30T09:55:59Z,2025-09-30T09:55:59Z,accept,flood_transport_hanoi,1,"flood_state,transport_impact,hanoi_location",0,search,phố ngập Hà Nội tham gia giao thông,,,,,,2026-09-25T11:16:25.887675+07:00
youtube,oDRFfP0myyM,https://www.youtube.com/watch?v=oDRFfP0myyM,"5 ngày ngập lụt, người dân ngoại thành Hà Nội phải đi làm bằng thuyền #tintuc #aetintuc #shorts","5 ngày ngập lụt, người dân ngoại thành Hà Nội phải đi làm bằng thuyền #tintuc #aetintuc #shorts
Đường làng biến thành sông, thuyền trở thành phương tiện đi lại chính của người dân ngoại thành Hà Nội. #news  #tin24h #ngaplut #hanoi",2026-09-21T08:11:55Z,2026-09-21T08:11:55Z,accept,flood_transport_hanoi,1,"flood_state,transport_impact,hanoi_location",0,search,ngập lụt Hà Nội đi lại,,,,,,2026-09-25T10:43:41.024048+07:00
youtube,oFTln7sHSmo,https://www.youtube.com/watch?v=oFTln7sHSmo,Công an đội mưa giúp dân qua những điểm ngập sâu ở Hà Nội | ANTV,"Công an đội mưa giúp dân qua những điểm ngập sâu ở Hà Nội | ANTV
ANTV | Trong trận mưa lụt sáng 7/10, nhiều chiến sĩ CSGT, cán bộ công an TP Hà Nội đã đội mưa giúp người dân đi qua đoạn đường ngập sâu, khó di chuyển.

Mời quý vị khán giả xem thêm:

👉Tin tức về các hoạt động của Tổng Bí thư Tô Lâm: https://bit.ly/DaiTuongToLam

👉Tin tức về các hoạt động của Đại tướng Lương Tam Quang, Ủy viên Bộ Chính trị, Bộ trưởng Bộ Công an: https://www.youtube.com/playlist?list=PLF3UjIBiVGVCmwQ_gHfuiWon_Fo9hWDB4

👉 Nghị quyết số 12-NQ/TW về xây dựng lực lượng CAND : https://bit.ly/Nghiquyet12BCT

👉Hành trình phá án những vụ án kinh điển : https://bit.ly/HanhtrinhphaanANTV

★ ĐĂNG KÝ AN NINH TV:  http://www.youtube.com/channel/UCIg56SgvoZF8Qg0Jx_gh6Pg?sub_confirmation=1

★Tải ứng dụng ANTV Go trên :
 ✅ App Store : https://bit.ly/3FuytkK
 ✅Google Play : https://bit.ly/3mRcsGt
---------------------------------------------------------------
ANTV – Truyền hình CAND là kênh tin tức thời sự an ninh trật tự chuyên biệt. Tin tức mới nhất được cập nhật liên tục hàng ngày. Nguyên tắc thông tin là Nhân văn - Tin cậy - Kịp thời - Hấp dẫn .
Có ý kiến xây dựng hoặc đề nghị, vui lòng để lại comment phía dưới video. 

✔ Website chính thức: www.antv.gov.vn
✔ Fanpage chính thức: https://www.facebook.com/TruyenHinhCongAn/

✬ Rất mong được mọi người ủng hộ và subscribe kênh, cũng đừng quên bấm like và share cho bạn bè nhé! Xin cảm ơn!

Xin chào, chúc mọi người xem vui vẻ!!!
#antv #truyenhinhcongannhandan #lulut",2025-10-07T14:15:14Z,2025-10-07T14:15:14Z,accept,flood_transport_hanoi,1,"flood_state,transport_impact,hanoi_location",0,search,lụt Hà Nội di chuyển,,,,,,2026-09-25T10:48:53.139953+07:00
youtube,oNu6vUN97ig,https://www.youtube.com/watch?v=oNu6vUN97ig,199mm Mưa 8 Tiếng: Vì Sao Hà Nội Thành &#39;Thủy Đô&#39; Sáng Nay?,"199mm Mưa 8 Tiếng: Vì Sao Hà Nội Thành &#39;Thủy Đô&#39; Sáng Nay?
Trận mưa lịch sử đêm 16 rạng sáng 17/9 khiến Hà Nội ngập nặng khắp nơi, từ Từ Liêm đến Cầu Giấy, Hai Bà Trưng. Video phân tích nguyên nhân ngập úng, bài học từ Tokyo, Hà Lan và lời khuyên thực tế cho người dân.
Nội dung chính:
- Số liệu mưa lịch sử tại Hà Nội đêm 16/9
- Các điểm ngập nặng và ảnh hưởng giao thông
- Nguyên nhân sâu xa: quy hoạch, bê tông hóa, mất ao hồ
- Giải pháp chống ngập từ Nhật Bản, Hà Lan, Trung Quốc
- Kỹ năng an toàn khi đi qua vùng ngập
- Bài học đa dạng hóa nơi ở và tài sản
Đăng ký kênh để cập nhật tin tức bất động sản và đời sống mới nhất!
#Chungchanthanh #chungchanthanhbds #chungchanthanhbdsnews
#Anhnguyenoceanfronthorizon #Artapartment #canhonghethuat #Anhnguyen #msh #mshgroup",2026-09-17T01:44:00Z,2026-09-17T01:44:00Z,accept,flood_transport_hanoi,1,"flood_state,transport_impact,hanoi_location",0,search,ngập úng Hà Nội đi,,,,,,2026-09-25T10:33:15.891653+07:00
youtube,oaQsXx3w9nM,https://www.youtube.com/watch?v=oaQsXx3w9nM,Đường Xuân Mai đi bến xe Yên Nghĩa ngập úng/ Hùng Nghiêm,"Đường Xuân Mai đi bến xe Yên Nghĩa ngập úng/ Hùng Nghiêm
Hôm nay ngày 18/9/2026 sau 1 tuần mưa dài nhiều địa điểm của Hà Nội bị ngập úng, trong đó 1 đoạn từ ngã 4 Xuân Mai đi Bến xe Yên Nghĩa bị ngập khá nặng vì ước tính nó cũng ngập tới đầu gối khá sâu cho các dòng xe tay ga nên tránh, mình cũng tự tin xe mình có bộ phận lọc gió khá cao nên vẫn tự tin lội nước qua nhưng dủi do khá cao nếu như chỗ này ngập sâu qua yên xe hoặc lo lắng hơn nếu có thể dò gỉ nước vào máy nên vẫn phải kiểm tra mỗi khi đi về
.........................................................
 Bản quyền thuộc về Hùng Nghiêm
👉 vui lòng không đăng lại 
👉 do not reup
..........................",2026-09-20T06:22:30Z,2026-09-20T06:22:30Z,accept,flood_transport_hanoi,1,"flood_state,transport_impact,hanoi_location",0,search,ngập úng Hà Nội đi,,,,,,2026-09-25T10:31:08.195378+07:00
youtube,on_UaxkGRFU,https://www.youtube.com/watch?v=on_UaxkGRFU,Người dân oằn mình chống chọi cơn bão số 10 Bualoi    #vovgiaothong #fm91,"Người dân oằn mình chống chọi cơn bão số 10 Bualoi    #vovgiaothong #fm91
Tại Hà Nội, từ những con phố trung tâm cho đến những tuyến đường lớn, nhiều tuyến phố và khu dân cư rơi vào cảnh ngập úng nghiêm trọng. Từ Hàng Cháo- Tôn Đức Thắng, Mỹ Đình, Đỗ Đức Dục, Thái Hà, Liễu Giai cho đến cả khu vực Nam An Khánh, nước mưa dâng cao biến nhiều con đường thành dòng sông tạm thời. Người dân gồng mình dắt xe máy qua chỗ sâu, có những chiếc xe chết máy giữa đường, chủ phải đẩy bộ trong cơn mệt mỏi. Những hình ảnh này không chỉ là bất tiện — đó là thiệt hại trực tiếp với cuộc sống thường nhật: cửa hàng đóng cửa, trường học tạm dừng, và công việc bị đình trệ.

Tham gia hội viên của VOV Giao thông bạn nhé:
https://www.youtube.com/channel/UCPeJU6XNeZMwaHYXE27Vgmg/join

Kính chào quý khán thính giả đã đến với channel chính thức của Kênh VOV Giao thông, Đài Tiếng nói Việt Nam. Kính chúc quý vị sẽ có thời gian theo dõi tin tức hữu ích cùng VOV Giao thông. Nếu có hình ảnh nào đáng chú ý trên đường, các bạn có thể gửi về số điện thoại zalo: 0988239969.

#vovgiaothong #vovgt #tintuc #hotnews #news #thongtin #giaothong #tieudiem #tinnong #xuhuong #cameragiaothong #checkvar #tinhuonggiaothong #camerahanhtrinh #binhluan #gocnhin #caotoc #vov #daitiengnoivietnam #phatthanh #daiphatthanh #batdongsan #nhadat #ngaogia #baoso10 #baobualoi 
--------------------------------------------
Đăng ký theo dõi Kênh Youtube VOV Giao thông để xem những tin tức mới nhất:
https://youtube.com/@kenhvovgiaothong?si=OStZt6XJZU1sYzBU

Đây là Kênh Youtube chính thức của Kênh VOV Giao thông - Đài Tiếng nói Việt Nam
- Website: https://vovgiaothong.vn/
- Fanpage: https://www.facebook.com/KenhVOVGT

Tầng 10, Số 58 Quán Sứ, Hà Nội
ĐT: 02437.919191
Email: vovgtchannel@gmail.com",2025-09-30T09:47:02Z,2025-09-30T09:47:02Z,accept,flood_transport_hanoi,1,"flood_state,transport_impact,hanoi_location",0,search,phố ngập Hà Nội tham gia giao thông,,,,,,2026-09-25T11:16:29.147263+07:00
youtube,orSJ4Vtb-r4,https://www.youtube.com/watch?v=orSJ4Vtb-r4,"NÓNG: Hà Nội Chìm Trong Mưa Lớn, Nhiều Tuyến Đường Ngập Úng Sáng 17/9!","NÓNG: Hà Nội Chìm Trong Mưa Lớn, Nhiều Tuyến Đường Ngập Úng Sáng 17/9!
NÓNG SÁNG 17/9: Hà Nội tiếp tục hứng chịu mưa lớn kéo dài suốt đêm, khiến nhiều tuyến đường ngập úng, giao thông đi lại gặp nhiều khó khăn.

Theo thông tin ghi nhận, một số khu vực tại Hà Nội xuất hiện tình trạng ngập sâu, trong đó đường Tố Hữu (Hà Đông) có thời điểm ngập khoảng 50cm, khiến nhiều phương tiện phải quay đầu. Một số khu vực khác như Hà Đông, Thụy Khuê, Long Biên cũng ghi nhận tình trạng ngập.

Đáng chú ý, lượng mưa tại trạm Cầu Diễn trong khoảng thời gian từ 19h ngày 16/9 đến 3h ngày 17/9 lên tới hơn 133mm.

Trong video này, hãy cùng cập nhật diễn biến mưa lớn, các điểm ngập úng và những ảnh hưởng đến giao thông tại Hà Nội sáng 17/9.

👉 Đừng quên LIKE, ĐĂNG KÝ KÊNH và BẬT CHUÔNG để cập nhật những tin tức mới nhất!
#TinMớiNhất #TinNóng #TinTứcMớiNhất #HàNội #HaNoi #MưaLớn #NgậpÚng #MưaHàNội #ThờiTiết #TinThờiTiết #GiaoThôngHàNội #NgậpNước #TinTức24h #TinNóngHômNay #17Tháng9 #TinMớiHômNay #CậpNhậtTinTức #TinTứcTrongNgày",2026-09-17T04:30:29Z,2026-09-17T04:30:29Z,accept,flood_transport_hanoi,1,"flood_state,transport_impact,hanoi_location",0,search,ngập úng Hà Nội đi,,,,,,2026-09-25T10:32:40.402911+07:00
youtube,ov57KzYuKb8,https://www.youtube.com/watch?v=ov57KzYuKb8,Mưa lớn ngập lụt tại Tố Hữu Hà Nội,Mưa lớn ngập lụt tại Tố Hữu Hà Nội,2026-09-17T03:30:23Z,2026-09-17T03:30:23Z,reject,missing_group:transport_impact,1,"flood_state,hanoi_location",0,search,ngập úng Hà Nội đi,,,,,,2026-09-25T10:33:02.978481+07:00
youtube,p2fx-sdHUVU,https://www.youtube.com/watch?v=p2fx-sdHUVU,Thông báo khẩn: Hà Nội tạm cấm nhiều tuyến đường huyết mạch trong ngày 25 và 26 tháng 10 | TTVH,"Thông báo khẩn: Hà Nội tạm cấm nhiều tuyến đường huyết mạch trong ngày 25 và 26 tháng 10 | TTVH
TTVH | Hà Nội chuẩn bị cho hai ngày “cao điểm” an ninh khi hàng loạt tuyến phố trung tâm sẽ tạm cấm lưu thông phục vụ Hội nghị Liên Hợp Quốc về chống tội phạm mạng. Người dân được khuyến cáo chủ động lộ trình, tránh ùn tắc, đặc biệt tại khu vực Đại lộ Thăng Long và các tuyến kết nối trung tâm.
_____________________
🔔 THỂ THAO & VĂN HÓA: là kênh Youtube chia sẻ các nội dung tin tức về thể thao và văn hóa trong nước cũng như nước ngoài. Với mong muốn cập nhật những thông tin chính xác và nhanh nhất trên nền tảng số cho quý vị và các bạn. Cảm ơn các bạn đã xem video!

🔔 ĐĂNG KÝ KÊNH để nhận những thông tin mới nhất: http://bit.ly/thethao_vanhoa
Website: http://thethaovanhoa.vn/
Fanpage: https://www.facebook.com/baothethaovanhoa

© Bản quyền thuộc về TT&VH HUB
© Copyright by TT&VH HUB ☞ Do not Reup

#HàNội #cấmđường  #cấmđườnghànội #chitiếtcấmđường #thethaovanhoa",2025-10-23T12:01:43Z,2025-10-23T12:01:43Z,reject,missing_group:flood_state,1,"transport_impact,hanoi_location",0,search,đường ngập Hà Nội lưu thông,,,,,,2026-09-25T10:50:34.864624+07:00
youtube,p3eZ6pqzba0,https://www.youtube.com/watch?v=p3eZ6pqzba0,"Mưa tạnh, trời nắng nhưng Khu nhà giàu vẫn ngập sâu | Đường Võ Chí Công đi Nội Bài như sông","Mưa tạnh, trời nắng nhưng Khu nhà giàu vẫn ngập sâu | Đường Võ Chí Công đi Nội Bài như sông
- Video cập nhật tình trạng ngập lụt ở Hà Nội trưa ngày 8.10.2025 trên tuyến đường Võ Chí Công (Vành đai 2) vẫn như sông, gây ra bởi cơn bão số 11 (bão Matmo). Khu đô thị nhà giàu 2 bên đường ngập sâu
- Cập nhật tình hình ngập úng tại các khu đô thị Ciputra (Nam Thăng Long), Vườn Đào, Ngoại giao đoàn, Tây Hồ Tây gần đường lên cầu Nhật Tân đi sân bay Nội Bài
- Rất mong quý vị khán giả đồng hành và ủng hộ bằng cách đăng ký kênh Nẻo Đường Việt Nam, like, chia sẻ video đến bạn bè và những người quan tâm đến chủ đề của kênh. Xin chân thành cảm ơn

#neoduongvietnam #ngapluthanoi #conbaoso11 #conbaomatmo #duongvanhdai2 #duongvochicong #khudothiciputra #khudothingoaigiaodoan# khudothitayhotay  #luluthanoi #dulichtrainghiem #dulichphophuonghanoi #dulichkhampha",2025-10-09T03:33:39Z,2025-10-09T03:33:39Z,accept,flood_transport_hanoi,1,"flood_state,transport_impact,hanoi_location",0,search,ngập úng Hà Nội đi,,,,,,2026-09-25T11:25:29.397020+07:00
youtube,pLRNMBOVsoY,https://www.youtube.com/watch?v=pLRNMBOVsoY,"Trời quang mây tạnh, đường phố Hà Nội vẫn hóa sông: Nhiều người dân vẫn phải “lụy đò” tự chế","Trời quang mây tạnh, đường phố Hà Nội vẫn hóa sông: Nhiều người dân vẫn phải “lụy đò” tự chế
Sáng và trưa 8/10, nhiều tuyến phố Hà Nội vẫn ngập sâu sau đợt mưa lớn, khiến việc đi lại của người dân gặp nhiều khó khăn.
▶ Kênh Youtube Tiền Phong News: tin mới nhất, tin tức tổng hợp, mới nhất hôm nay, nội dung tin tức, nga ukraine mới nhất, tin nga ukraine, xung đột nga ukraine, tin quốc tế, nga ukraine hôm nay, tiêu điểm quốc tế, toàn cảnh quốc tế, thời sự quốc tế, thời sự thế giới, toàn cảnh thế giới, bản tin quốc tế, chiến sự nga ukraine, tin tức thời sự, thời sự 19h, tin tức mới, tin mới, thời sự quốc tế, tin tức 24h mới nhất, nga và ukraine mới nhất, tin tức nga ukraine mới nhất, nga, ukraine, tin biển đông, tin nóng, các tin tức cập nhật,… Với mong muốn cập nhật những thông tin chính xác và nhanh nhất trên nền tảng số cho quý vị và các bạn. ❤️ Cảm ơn các bạn đã xem video! Các bạn đừng quên nhấn vào:
★ Đăng Ký Kênh và biểu tượng 🔔 phía dưới góc phải của video để không bỏ lỡ những video mới nhất nhé
★ Đăng ký kênh Báo Tiền Phong News miễn phí tại đây: https://bit.ly/DangKyTienPhongNews
✔ Có ý kiến xây dựng hoặc đề nghị, vui lòng để lại comment phía dưới video.
✔ Rất mong được mọi người ủng hộ và subscribe kênh, cũng đừng quên bấm like và share cho bạn bè nhé

#hanoi #baotienphong #tienphongnews #tintuc #baotienphongnews",2025-10-09T02:31:10Z,2025-10-09T02:31:10Z,accept,flood_transport_hanoi,1,"flood_state,transport_impact,hanoi_location",0,search,ngập lụt Hà Nội đi lại,,,,,,2026-09-25T10:37:20.821847+07:00
youtube,pPtyBhe3Zzs,https://www.youtube.com/watch?v=pPtyBhe3Zzs,🌧️ HÀ NỘI NGẬP SÂU SAU TRẬN MƯA LỚN TRONG ĐÊM,"🌧️ HÀ NỘI NGẬP SÂU SAU TRẬN MƯA LỚN TRONG ĐÊM
Mưa lớn kéo dài từ đêm 16 đến rạng sáng 17/9 khiến nhiều khu vực Hà Nội ghi nhận lượng mưa 80–160mm, có nơi gần 200mm, hàng loạt tuyến đường xuất hiện ngập sâu.
🚧 Nhiều trạm bơm được vận hành để tiêu thoát nước, trong khi việc di chuyển của người dân gặp nhiều khó khăn.
⛈️ Dự báo Hà Nội tiếp tục có mưa vừa, mưa to, cục bộ có nơi mưa rất to và dông. Người dân cần chủ động theo dõi diễn biến thời tiết, hạn chế di chuyển qua các khu vực ngập sâu và cẩn trọng khi tham gia giao thông.#Tintuc #VTVgo",2026-09-17T03:50:47Z,2026-09-17T03:50:47Z,accept,flood_transport_hanoi,1,"flood_state,transport_impact,hanoi_location",0,search,lụt Hà Nội di chuyển,,,,,,2026-09-25T10:49:52.656617+07:00
youtube,pQWlLVcKCkQ,https://www.youtube.com/watch?v=pQWlLVcKCkQ,"“Bom nước” lớn dội xuyên đêm: Hà Nội ngập sâu trong biển nước, xe máy “nhích từng cm” dò đường","“Bom nước” lớn dội xuyên đêm: Hà Nội ngập sâu trong biển nước, xe máy “nhích từng cm” dò đường
VietNamnet | Mưa lớn kéo dài từ đêm 16 đến rạng sáng 17/9 khiến nhiều khu vực Hà Nội ghi nhận lượng mưa 80-160mm, có nơi gần 200mm. Hàng loạt điểm ngập xuất hiện, nhiều trạm bơm được vận hành để tiêu thoát nước.
------
★ Đăng ký kênh và bấm chuông theo dõi những tin tức mới nhất từ Vietnamnet:
Đăng kí ngay 👉 https://bit.ly/3TmOMI7
Click for subcribe 👉 https://bit.ly/3TmOMI7

Tin tức báo VietNamNet - Đọc tin tức online - Tin tức 24h - Thời sự trong ngày
Kênh Youtube chính thức của Báo VietNamNet. Cập nhật liên tục những tin tức thời sự nóng hổi, chính xác nhất ở trong nước và trên thế giới.
------
Theo dõi Vietnamnet tại:
★ Facebook Vietnamnet: https://www.facebook.com/vietnamnet.vn/
★ Báo điện tử Vietnamnet: https://vietnamnet.vn/
-----
© Bản quyền thuộc về Báo VietNamNet
© Copyright by Vietnamnet Official ☞ Do not Reup
#BaoVietnamnet #tintuc #tintuc24h",2026-09-17T02:15:29Z,2026-09-17T02:15:29Z,accept,flood_transport_hanoi,1,"flood_state,transport_impact,hanoi_location",0,search,ngập úng Hà Nội đi,,,,,,2026-09-25T10:33:06.219802+07:00
youtube,pVicUFjbM_g,https://www.youtube.com/watch?v=pVicUFjbM_g,"Hà Nội ngập sâu sau trận mưa lớn, người dân chật vật di chuyển","Hà Nội ngập sâu sau trận mưa lớn, người dân chật vật di chuyển
Hà Nội ngập sâu sau trận mưa lớn, người dân chật vật di chuyển 
Đăng Ký Kênh Nhận Thông Báo Video Mới : https://bit.ly/2FQiqBQ
#vov #vovlive #vovlivetintuc #tintuc #tinnong #thoisu 
_______________________________________________________________

HỆ THỐNG NỘI DUNG SỐ VOV LIVE CỦA ĐÀI TIẾNG NÓI VIỆT NAM:
▶ WEBSITE: https://vovlive.vn/
▶ FACEBOOK: https://www.facebook.com/vovlive.vn
▶ YOUTUBE:
    ● VOV Live: https://www.youtube.com/@VOVLive
    ● VOV Live - Đọc Truyện: https://www.youtube.com/@VOVLiveDocTruyen
    ● VOV Live - Tin Mới: https://www.youtube.com/@vovlivetinmoi

▶ APP: 
    ● Dành cho hệ điều hành iOS: https://apple.co/3gSPWED
    ● Dành cho hệ điều hành Android: https://bit.ly/2QMBeo3

© Bản quyền thuộc về kênh Đài Tiếng nói Việt Nam. ☞ Vui lòng không sao chép và đăng tải lại dưới mọi hình thức. 
© Copyright by VOV. ☞ Please do not re-upload.",2026-09-17T11:00:00Z,2026-09-17T11:00:00Z,accept,flood_transport_hanoi,1,"flood_state,transport_impact,hanoi_location",0,search,lụt Hà Nội di chuyển,,,,,,2026-09-25T10:49:29.658232+07:00
youtube,pY9v9F3Z_po,https://www.youtube.com/watch?v=pY9v9F3Z_po,"Hà Nội ngập 106 khu vực, 23 điểm ngập sâu, phương tiện không thể lưu thông | Tin nhanh","Hà Nội ngập 106 khu vực, 23 điểm ngập sâu, phương tiện không thể lưu thông | Tin nhanh
PLO | Hà Nội ngập 106 khu vực, 23 điểm ngập sâu, phương tiện không thể lưu thông
Hà Nội ghi nhận 106 điểm ngập úng, trong đó 23 tuyến đường bị tê liệt hoàn toàn — có nơi nước dâng cao trên 1 mét. Những tuyến như Trường Chinh, Tôn Đức Thắng, Láng, Nguyễn Xiển bị ảnh hưởng nghiêm trọng, giao thông gần như bất khả thi ở nhiều đoạn. Cơ quan thoát nước thành phố đã huy động lực lượng, máy bơm nhưng nhiều khu vực vẫn chưa thể khắc phục. Cư dân được khuyến nghị tránh các tuyến trũng, theo dõi bản đồ ngập và di chuyển an toàn.
Trong video có những nội dung chính sau:
Hà Nội ngập 106 khu vực, 23 điểm ngập sâu, phương tiện không thể lưu thông.
Người dân bất lực trước hình ảnh hầm chung cư ngập sâu trong nước lũ
Hà Nội, Thái Nguyên mưa lớn nhất Bắc Bộ sau bão số 11
🔔 Đừng quên like, share và subscribe kênh @PLOTV để không bỏ lỡ các nội dung ý nghĩa tiếp theo!
Thông tin trên được sử dụng từ nguồn chính thức: https://vietnamnet.vn/cap-nhat-106-diem-ngap-23-tuyen-duong-te-liet-co-noi-sau-toi-1m-o-ha-noi-2450166.html?

#cactuyenduongngap #Hanoingaplut #Hanoimuatotrienmien #baophapluattphcm 

----------------------------
📰 PLO | Báo Pháp Luật TP.HCM – Kênh YouTube chính thức  
Nơi cập nhật tin tức thời sự, chính trị, pháp luật, quốc tế nhanh chóng – chính xác – khách quan.  

📺 Nội dung nổi bật trên kênh:  
• Toàn Cảnh Thời Sự – Phân tích chính trị, xã hội, pháp luật mỗi ngày  
• Toàn Cảnh Quốc Tế – Diễn biến thế giới qua góc nhìn thời sự  
• Lật Mở Hồ Sơ – Sự thật phía sau những vụ án nổi tiếng  
• Phóng sự & Series đặc biệt – Giải mã các câu chuyện thời sự được quan tâm  

👉 Đăng ký ngay để không bỏ lỡ tin tức nóng hổi, phân tích chuyên sâu và góc nhìn chính thống từ Báo Pháp Luật TP.HCM.  
🔔 Subscribe: https://www.youtube.com/c/PLOTV?sub_confirmation=1  

🌐 Theo dõi Báo Pháp Luật TP.HCM trên các nền tảng khác:  
• Website: https://plo.vn  
• Fanpage: https://www.facebook.com/phapluattp.vn/  

⚠️ Bản quyền thuộc Báo Pháp Luật TP.HCM – Vui lòng không reup khi chưa có sự đồng ý.  

#PLO #ThoiSu #PhapLuat #TinTucMoiNhat #BaoPhapLuatTPHCM",2025-10-07T23:05:00Z,2025-10-07T23:05:00Z,accept,flood_transport_hanoi,1,"flood_state,transport_impact,hanoi_location",1,search,lụt Hà Nội di chuyển,,,,,,2026-09-25T10:48:43.034966+07:00
youtube,pZJvSdcjcLg,https://www.youtube.com/watch?v=pZJvSdcjcLg,Thủ Tướng kiểm tra ứng phó Lũ tại Hà Nội #tintuc #mưalũ #thutuongphamminhchinh,"Thủ Tướng kiểm tra ứng phó Lũ tại Hà Nội #tintuc #mưalũ #thutuongphamminhchinh
Thủ tướng Phạm Minh Chính trực tiếp kiểm tra công tác ứng phó mưa lũ tại Đa Phúc thành phố Hà Nội , trước tình hình nước lũ lên nhanh đã làm ngập lụt một số khu vực của các xã Trung Giã và Đa Phúc , thủ tướng kịp thời tới kiểm tra và yêu cầu Hà Nội phối hợp với các bộ ngành, đơn vị liên quan theo dõi chặt chẽ diễn biến nước lũ để có các phương án ứng phó phù hợp, đồng thời chuẩn bị sẵn sàng phương tiện xe cộ, lực lượng, đặc biệt là Quân đội điều động 2 sư đoàn đóng quân tại khu vực, chuẩn bị nơi ở cho người dân và các nhu yếu phẩm cần thiết để di dời sơ tán người dân khi cần thiết.

► ĐIỂM TIN NEW24H : Kênh thông tin liên tục cập nhật những tin tức mới nhất trong ngày, tình hình chính trị, an ninh quốc phòng, đời sống pháp luật, xã hội, giao thông, thời sự trong nước và quốc tế. Giúp bạn không cần đọc báo vẫn nắm bắt được những sự kiện, tin tức diễn ra hàng ngày. 
---------------------------/-----------------------------
► Video ghi lại một tình huống giao thông có thật, phản ánh những lỗi thường gặp mà tài xế hay mắc phải gây mất an toàn giao thông. Xem mọi người mắc lỗi trên đường, hy vọng bạn sẽ không mắc phải lỗi tương tự.
► Video được đăng tải với mục đích giáo dục, tuyên truyền luật giao thông đường bộ, khuyến khích người dân chấp hành nghiêm chỉnh pháp luật khi tham gia giao thông.
► The video records a real traffic situation, reflecting common mistakes that drivers often make that cause traffic safety. Watch people make mistakes on the road, so hopefully you won't.
► The video was posted for the purpose of educating and propagating road traffic laws, encouraging people to strictly comply with the law when participating in traffic.
---------------------------/-----------------------------
► Nếu có bất kỳ vấn đề nào liên quan đến bản quyền trong video, xin vui lòng liên hệ: diemtinnew24h@gmail.com 
► If there are any copyright issues in the video, please contact us: diemtinnew24h@gmail.com",2025-10-10T02:30:47Z,2025-10-10T02:30:47Z,accept,flood_transport_hanoi,1,"flood_state,transport_impact,hanoi_location",0,search,phố ngập Hà Nội tham gia giao thông,,,,,,2026-09-25T11:12:42.600537+07:00
youtube,pfKT83HLZVY,https://www.youtube.com/watch?v=pfKT83HLZVY,Ngập chưa từng có: Đường phố Hà Nội chìm trong mưa lớn kỷ lục,"Ngập chưa từng có: Đường phố Hà Nội chìm trong mưa lớn kỷ lục
PLO | Hà Nội mưa kỷ lục: Nhiều tuyến phố biến thành sông, ngập sâu trong nước
🌧️ Hà Nội trải qua mưa kỷ lục dưới ảnh hưởng hoàn lưu bão số 10, nhiều tuyến đường nội đô ngập sâu 30-60cm, giao thông tê liệt, người dân dò dẫm lội nước, chèo thuyền phao và tìm cách bảo vệ tài sản cá nhân. Dự báo thời tiết tiếp tục mưa rào và dông, cường độ giảm dần từ 1-2/10, nhưng nguy cơ lũ quét và sạt lở ở miền Bắc vẫn cao. Người dân và du khách cần chuẩn bị ô, áo mưa, hạn chế đi lại trong mưa dông.
Trong video có những nội dung chính sau:
Hà Nội mưa kỷ lục, hoàn lưu bão số 10 bao trùm Thủ đô
Đường vào 1 khu công nghiệp ở Hà Nội ngập cả mét nước, ô tô đứng im hàng km
Thực hư Hà Nội cấm đường vì mưa lớn gây ngập lụt?
Hà Nội ngập nặng vì mưa lớn sau bão số 10, xe máy chết máy hàng loạt giữa đường
Mưa to dữ dội, ngập úng diện rộng, nhiều trường ở Hà Nội cho học sinh nghỉ học 
Hà Nội ngập nặng sáng 30/9 do ảnh hưởng bão số 10
Miền Bắc mưa như trút nước, nguy hiểm rình rập, thủy điện xả lũ khẩn
Dông, lốc xoáy khiến miền Bắc trong tình trạng nguy hiểm
🔔 Đừng quên like, share và subscribe kênh @PLOTV để không bỏ lỡ các nội dung ý nghĩa tiếp theo!
Thông tin trên được sử dụng từ nguồn chính thức: https://tienphong.vn/ha-noi-mua-lon-nhat-ca-nuoc-co-noi-tren-300mm-post1782723.tpo 

#hanoi #mualon #baoso10 #ngapung #baophapluattphcm 

----------------------------
📰 PLO | Báo Pháp Luật TP.HCM – Kênh YouTube chính thức  
Nơi cập nhật tin tức thời sự, chính trị, pháp luật, quốc tế nhanh chóng – chính xác – khách quan.  

📺 Nội dung nổi bật trên kênh:  
• Toàn Cảnh Thời Sự – Phân tích chính trị, xã hội, pháp luật mỗi ngày  
• Toàn Cảnh Quốc Tế – Diễn biến thế giới qua góc nhìn thời sự  
• Lật Mở Hồ Sơ – Sự thật phía sau những vụ án nổi tiếng  
• Phóng sự & Series đặc biệt – Giải mã các câu chuyện thời sự được quan tâm  

👉 Đăng ký ngay để không bỏ lỡ tin tức nóng hổi, phân tích chuyên sâu và góc nhìn chính thống từ Báo Pháp Luật TP.HCM.  
🔔 Subscribe: https://www.youtube.com/c/PLOTV?sub_confirmation=1  

🌐 Theo dõi Báo Pháp Luật TP.HCM trên các nền tảng khác:  
• Website: https://plo.vn  
• Fanpage: https://www.facebook.com/phapluattp.vn/  

⚠️ Bản quyền thuộc Báo Pháp Luật TP.HCM – Vui lòng không reup khi chưa có sự đồng ý.  

#PLO #ThoiSu #PhapLuat #TinTucMoiNhat #BaoPhapLuatTPHCM",2025-09-30T14:20:06Z,2025-09-30T14:20:06Z,accept,flood_transport_hanoi,1,"flood_state,transport_impact,hanoi_location",1,search,ngập lụt Hà Nội đi lại,,,,,,2026-09-25T10:39:30.846873+07:00
youtube,pnUAPsPTHxs,https://www.youtube.com/watch?v=pnUAPsPTHxs,"Trực tiếp: Hà Nội mưa lớn, đường phố ngập lụt, đi lại khó khăn","Trực tiếp: Hà Nội mưa lớn, đường phố ngập lụt, đi lại khó khăn
Sáng 7-10, Hà Nội bắt đầu mưa lớn khiến nhiều tuyến đường phố đã xuất hiện tình trạng ngập sâu. Tuổi Trẻ Online cập nhật tình hình.

#Ngập_Hà_Nội

- Tin tức nhanh: https://tuoitre.vn
- Video nóng xem tại: https://video.tuoitre.vn
- Tin thời sự: https://tuoitre.vn/phap-luat
- Tin tức thế giới xem: https://tuoitre.vn/the-gioi

Kênh thông tin chính thức và duy nhất của #Báo_Tuổi_Trẻ trên YouTube.
 
Tin tức nhanh nhất, mới nhất, nóng nhất đang diễn ra ở Việt Nam và thế giới về: thời sự, kinh tế, chính trị, xã hội, giáo dục, thể thao, văn hóa, giải trí, công nghệ, nhịp sống số, pháp luật, du lịch...

#TuoiTre #BaoTuoiTre #TinNong #Thời_Sự #ThoiSu #Tuổi_Trẻ 
-----------
Đăng ký kênh xem thêm nhiều chuyên mục hấp dẫn khác:
https://bit.ly/3k1RCAR
Facebook: 
- https://facebook.com/baotuoitre
- https://facebook.com/Truyenhinh.BaoTuoiTre
Bản quyền nội dung thuộc về báo Tuổi Trẻ.
--------------------
TÒA SOẠN BÁO TUỔI TRẺ
- Địa chỉ: Số 60A, Hoàng Văn Thụ, Phường Đức Nhuận Thành phố Hồ Chí Minh, Việt Nam
- Điện thoại: (84.8) 3.997.3838
- Website: http://tuoitre.vn
- Email: tto@tuoitre.com.vn
- Đường dây nóng: 0918.033.133 - (84.8) 39.971.010",2025-10-07T04:11:28Z,2025-10-07T04:11:28Z,accept,flood_transport_hanoi,1,"flood_state,transport_impact,hanoi_location",1,search,ngập lụt Hà Nội đi lại,,,,,,2026-09-25T10:38:05.252439+07:00
youtube,puGw5mRDtZ8,https://www.youtube.com/watch?v=puGw5mRDtZ8,Dừng lưu thông qua cầu Lam Điền bắc ngang sông Đáy | Tin tức,"Dừng lưu thông qua cầu Lam Điền bắc ngang sông Đáy | Tin tức
Do ảnh hưởng của cơn bão số 4, mưa liên tiếp những ngày qua đã khiến mực nước sông Dáy dâng cao gây ngập cầu Lam Điền. Chính quyền và cán bộ thôn Lam điền, xã Quảng Bị đã triển khai nhiều phương án dừng hoạt động lưu thông qua cầu để đảm bảo an toàn tính mạng, tài cho người dân trước những diễn biến khó lường của mưa bão. 
#tintuchanoi #hanoi #caungochoi
----
➡ Đây là Kênh Youtube chính thức của Cơ quan Báo và Phát thanh, truyền hình Hà Nội.
➡ Click Theo dõi (Subscribe) để nhận thông tin tin tức kịp thời trên kênh Youtube của Cơ quan Báo và Phát thanh, truyền hình Hà Nội.
https://www.youtube.com/HaNoiTVGo?sub_confirmation=1

👉 THÔNG TIN LIÊN HỆ: 
Cơ quan Báo và Phát thanh, truyền hình Hà Nội:
🔶 Địa chỉ: Số 3-5 Huỳnh Thúc Kháng, Đống Đa, Hà Nội
📧 Email: ttnoidungso@daihanoi.vn

#thoisuhanoi #HanoiOnline #BaovaPhatthanhTruyenhinhHaNoi",2026-08-23T12:35:18Z,2026-08-23T12:35:18Z,accept,flood_transport_hanoi,1,"flood_state,transport_impact,hanoi_location",0,search,đường ngập Hà Nội lưu thông,,,,,,2026-09-25T10:51:40.469005+07:00
youtube,q2OTcVHqzrI,https://www.youtube.com/watch?v=q2OTcVHqzrI,Bản tin trưa: Đêm chạy lũ của 6.500 người dân Hà Nội; Bạc tỉ trôi theo dòng lũ lịch sử ở Thái Nguyên,"Bản tin trưa: Đêm chạy lũ của 6.500 người dân Hà Nội; Bạc tỉ trôi theo dòng lũ lịch sử ở Thái Nguyên
PLO | Bản tin trưa: Đêm chạy lũ của 6.500 người dân Hà Nội; Bạc tỉ trôi theo dòng lũ lịch sử ở Thái Nguyên
Chào mừng quý vị đến với Bản tin Thời sự tổng hợp Điểm nóng hôm nay trên kênh youtube Báo Pháp luật TP.HCM. Chúng tôi cập nhật rất nhiều thông tin thời sự nóng. Chi tiết như sau:
Đêm chạy lũ của 6.500 người dân Hà Nội
Hamas tuyên bố kết thúc xung đột Gaza
Chính thức xóa cơ chế Nhà nước độc quyền sản xuất vàng miếng từ hôm nay
Điều dưỡng bị hành hung tới tấp trong phòng cấp cứu ở TP HCM: Đề nghị khẩn trương điều tra
Cao tốc Hà Nội - Thái Nguyên ngập nửa mét, hạn chế xe di chuyển
Bão Hạ Long gây lũ lụt kỷ lục, kích hoạt mưa tuyết bất thường
Và những thông tin đáng chú ý khác.

🔔 Đừng quên like, share và subscribe kênh @PLOTV để không bỏ lỡ các nội dung ý nghĩa tiếp theo!

Thông tin trên được sử dụng từ nguồn chính thức của các báo PLO, Vietnamnet, Dân trí…
https://vietnamnet.vn/nuoc-lu-bao-vay-phuong-van-ha-o-bac-ninh-co-tien-cung-khong-mua-noi-mo-rau-2450952.html
https://plo.vn/lu-lich-su-o-thai-nguyen-bac-ti-troi-theo-nuoc-bac-post874733.html
https://plo.vn/hamas-tuyen-bo-ket-thuc-xung-dot-gaza-ong-trump-se-sang-ai-cap-chung-kien-le-ky-thoa-thuan-post874763.html
https://dantri.com.vn/kinh-doanh/chinh-thuc-xoa-co-che-nha-nuoc-doc-quyen-san-xuat-vang-mieng-tu-hom-nay-20251010001355113.htm 
https://nld.com.vn/dieu-duong-bi-danh-toi-tap-trong-phong-cap-cuu-o-tp-hcm-de-nghi-khan-truong-dieu-tra-196251009201732292.htm 

#lugaysatlo #satloduongsat #ludedoaduongsat #hanoi #diemnonghomnay #thoisu #baophapluattphcm


----------------------------
📰 PLO | Báo Pháp Luật TP.HCM – Kênh YouTube chính thức  
Nơi cập nhật tin tức thời sự, chính trị, pháp luật, quốc tế nhanh chóng – chính xác – khách quan.  

📺 Nội dung nổi bật trên kênh:  
• Toàn Cảnh Thời Sự – Phân tích chính trị, xã hội, pháp luật mỗi ngày  
• Toàn Cảnh Quốc Tế – Diễn biến thế giới qua góc nhìn thời sự  
• Lật Mở Hồ Sơ – Sự thật phía sau những vụ án nổi tiếng  
• Phóng sự & Series đặc biệt – Giải mã các câu chuyện thời sự được quan tâm  

👉 Đăng ký ngay để không bỏ lỡ tin tức nóng hổi, phân tích chuyên sâu và góc nhìn chính thống từ Báo Pháp Luật TP.HCM.  
🔔 Subscribe: https://www.youtube.com/c/PLOTV?sub_confirmation=1  

🌐 Theo dõi Báo Pháp Luật TP.HCM trên các nền tảng khác:  
• Website: https://plo.vn  
• Fanpage: https://www.facebook.com/phapluattp.vn/  

⚠️ Bản quyền thuộc Báo Pháp Luật TP.HCM – Vui lòng không reup khi chưa có sự đồng ý.  

#PLO #ThoiSu #PhapLuat #TinTucMoiNhat #BaoPhapLuatTPHCM",2025-10-10T06:05:06Z,2025-10-10T06:05:06Z,accept,flood_transport_hanoi,1,"flood_state,transport_impact,hanoi_location",1,search,lụt Hà Nội di chuyển,,,,,,2026-09-25T10:47:53.585733+07:00
youtube,qDqtYpsPZYQ,https://www.youtube.com/watch?v=qDqtYpsPZYQ,"Hà Lội, trận lụt khó quên !","Hà Lội, trận lụt khó quên !
Ngày 9-10, Ban Duy tu các công trình hạ tầng giao thông (Sở Xây dựng Hà Nội) đã có báo cáo tình hình xử lý, khắc phục sự cố do ảnh hưởng của cơn bão số 11 (bão Matmo) tới 8h sáng.
Theo đó, trong sáng cùng ngày, Hà Nội còn 23 vị trí ngập nước do mưa lớn sau bão số 11. Trong đó có 14 vị trí ngập nước vẫn lưu thông được; 9 vị trí ngập sâu, không lưu thông được.
Cụ thể 1 điểm ngập từ 10cm trở xuống; 4 điểm ngập trên 10cm đến 20cm; 6 điểm ngập trên 20cm đến 30cm; 12 vị trí ngập lớn hơn 30cm.
9 điểm ngập sâu xe cộ không thể di chuyển gồm:
- Đường 423 (cầu Trũng Vỡ, km3+164): Mặt đường ngập sâu 40cm.
- Đường 421B (km11+300: cầu Đông Yên): Mặt đường ngập sâu 30cm.
- Đường Đại lộ Thăng Long (km8+200): Mặt đường ngập sâu 40cm, các phương tiện không lưu thông được.
- Đường 423 (cầu 72 II, km8+400): Mặt đường ngập sâu 30cm.
- Phố Miêu Nha (đoạn hai bên đầu cầu Ngà): Mặt đường ngập sâu 60cm.
- Đường 35 (đoạn km0+350): Mặt đường ngập sâu khoảng 80cm.
- Đường 16 (đoạn km2): Mặt đường ngập sâu khoảng 50cm.
- Hầm chui dân sinh đê tả sông Nhuệ (km4+944 đường gom Đại lộ Thăng Long): Mặt đường ngập sâu 60cm.
- Đường Hồng Kỳ - Bắc Sơn (đoạn Cầu Chiền): Mặt đường ngập sâu 1m…..
Trân lụt này sẽ còn in đậm trong tâm thức người Hà Nội và bộc lộ nhiều điều !",2025-10-10T02:38:05Z,2025-10-10T02:38:05Z,accept,flood_transport_hanoi,1,"flood_state,transport_impact,hanoi_location",0,search,ngập nước Hà Nội giao thông,,,,,,2026-09-25T10:06:57.513678+07:00
youtube,qHBv685RqNI,https://www.youtube.com/watch?v=qHBv685RqNI,Thủ tướng Trực tiếp Kiểm tra Ngập lụt Hà Nội trong Đêm: Chỉ đạo Khẩn #lulut#hanoi,"Thủ tướng Trực tiếp Kiểm tra Ngập lụt Hà Nội trong Đêm: Chỉ đạo Khẩn #lulut#hanoi
Trời mưa như trút, nước dâng cao chưa từng thấy. Giữa đêm tối, Thủ tướng Phạm Minh Chính đích xuống thân vùng nước ngoại thành Hà Nội để chỉ đạo ứng phó. Trung Giã, Đa Phúc (Sóc Sơn cũ) đang trở thành “điểm nóng” khi nước sông vượt đỉnh sử lịch. Toàn bộ lực lượng được huy động khẩn cấp trong đêm. Một cuộc chạy đua với nước, với thời gian – bắt đầu! 
📖 MỤC LỤC Video: 
1️⃣ Nước lũ vượt trội sử dụng – Thủ tướng đi hiện trường 
2️⃣ Trung Giã, Đa Phúc ngập nặng – Hộ
 đê đêm sắt Hà Nội – Thái Nguyên đường sừng béo 4️⃣ Chỉ cường đạo: Luyện lịch sẵn sàng di chuyển hộ gia đình, không để ai gặp nguy hiểm 
5️⃣ Điều tiết tiết Đê giữa đêm mưa lạnh 
7️⃣ Thăm hỏi người dân vùng ngập sâu 
8️⃣ Mực nước vẫn báo động – Nguy cơ còn cao 
9️⃣ Kết luận – Khi trách nhiệm và tình người cùng lên tiếng 
Mời các bạn theo dõi toàn bộ tại đây: https://youtu.be/_KoZggUn8_Q 
#thutuong #kiemtra #ngaplut #hanoi #chidao #khan #giaiquyet #hauqua #baoso11 #matmo  #mualon #dubao #nguyhiem #hoanluu #tambao #venbien #thoitiet #anhhuong #phongtranh #canhbao #khancap #nguoidan #antoan #mientrung #mienbac #miennam #thientai  #bacbo #trungbo #nambo #taynguyen #mua #muadong #luquet #satlo #muato #nguyco  #miennui  #canhbaothientai  #thoitietxau 
Nguồn: Dân Trí, Nhân Dân, VnExpress, Vietnamnet, VTCNews, TTXVN, MXH, Trung tâm Dự báo Khí tượng Thủy văn Quốc gia
------------------------
📚Nhận đào tạo, tập huấn về Lập trình nhúng cho STM32, Thiết kế thí nghiệm (Design of Experiments - DOE). Thông tin chi tiết ở đây: https://drive.google.com/drive/folders/1aJO0mgrWSNq5vIh3W1LKtRtYDdOb-WZQ?usp=sharing

🚀 Chỉ trong đợt này, các dòng máy đo chỉ tiêu nước cầm tay mini (NO2, NH3/NH4+, Kiềm, NO2, NO3, PO4, Fe2+/Fe3+)
👉 Giá gốc: 999.000đ
🔥 GIẢM CHỈ CÒN: 800.000đ/máy!
🎁 MUA SỈ CÀNG LỜI:
Mua từ 3 máy trở lên chỉ 700.000đ/máy 💥
Đại lý – Farm – Trang trại cần đo nhiều: inbox ngay để nhận chính sách giá đặc biệt & hỗ trợ kỹ thuật riêng!
📱 Máy nhỏ gọn – dễ dùng – đo chính xác – mang đi hiện trường cực tiện!
💧 Ứng dụng: kiểm tra nước giếng, hồ tôm, thủy canh, hồ cá, nuôi trồng nông nghiệp, nước sinh hoạt,...
⚡ Số lượng có hạn – hết hàng không kịp về!
⏰ Giá ưu đãi chỉ áp dụng trong tuần này – nhanh tay chốt ngay kẻo lỡ!
👉 Liên hệ nhanh: 0946.353.093 (Châu)",2025-10-11T01:25:25Z,2025-10-11T01:25:25Z,accept,flood_transport_hanoi,1,"flood_state,transport_impact,hanoi_location",0,search,lụt Hà Nội di chuyển,,,,,,2026-09-25T10:47:33.852331+07:00
youtube,qTOX565SBtg,https://www.youtube.com/watch?v=qTOX565SBtg,"Hà Nội ngập sâu sau mưa kéo dài, các công trình chống ngập đang vận hành ra sao? |  Tin tức 24h","Hà Nội ngập sâu sau mưa kéo dài, các công trình chống ngập đang vận hành ra sao? |  Tin tức 24h
DDDN | Hà Nội ngập sâu sau mưa kéo dài, các công trình chống ngập đang vận hành ra sao?
Đợt mưa lớn kéo dài trên diện rộng đã khiến nhiều tuyến phố Hà Nội rơi vào tình trạng úng ngập, gây không ít khó khăn cho giao thông và sinh hoạt của người dân. Giữa bối cảnh nước sông dâng cao và hạ tầng thoát nước chịu áp lực lớn, các công trình chống ngập khẩn cấp cùng hệ thống trạm bơm đầu mối như Đào Nguyên, Cầu Sa hay Khê Tang đã liên tục được huy động tối đa công suất để ""giải cứu"" Thủ đô. Vậy các công trình này đang vận hành ra sao và hiệu quả thực tế đến đâu?
Trong video này, chúng tôi sẽ thông tin về:
Hà Nội ngập sâu sau mưa kéo dài, các công trình chống ngập đang vận hành ra sao?
🔔 Hãy đăng kí kênh Diễn đàn Doanh nghiệp để không bỏ lỡ những thông tin hấp dẫn.
Thông tin sử dụng được tham khảo từ nguồn tổng hợp

#hanoingap #chongngaphanoi #mualonhanoi #ngapluthanoi #trambomthoatnuoc #tintuchanoi#diendandoanhnghiep

------------------------------
🎥 Diễn đàn Doanh nghiệp TV – Cập nhật kinh tế, thời sự quốc tế, tài chính và biến động toàn cầu mỗi ngày.

🔎 Tại đây, bạn sẽ:
• Theo dõi xung đột nóng: Nga–Ukraine, Israel–Iran, Biển Đông, Đài Loan...
• Nắm bắt biến động kinh tế: Giá vàng, chứng khoán, chính sách tiền tệ, ngân hàng trung ương
• Phân tích chuyên sâu: Địa chính trị, tài chính vĩ mô, chiến lược toàn cầu
• Cảnh báo thiên tai – biến đổi khí hậu – dự báo thời tiết chính xác

⏱️ Cập nhật tin tức liên tục, phân tích từ nguồn chính thống, dẫn dắt bằng tư duy.

📌 Đăng ký kênh để không bỏ lỡ những bản tin và bình luận quan trọng:
👉 https://www.youtube.com/c/DiễnĐànDoanhNghiệpTv?sub_confirmation=1

 #diendandoanhnghieptv #thoisuquocte #phantichkinhte #xungdottoancau #tinnong24h #tintucchinhtri #tintuc24h",2026-09-17T10:00:07Z,2026-09-17T10:00:07Z,accept,flood_transport_hanoi,1,"flood_state,transport_impact,hanoi_location",0,search,ngập nước Hà Nội giao thông,,,,,,2026-09-25T10:43:07.830989+07:00
youtube,qcGTCMvNaZo,https://www.youtube.com/watch?v=qcGTCMvNaZo,"CẬP NHẬT: 54 điểm ngập sâu ở Hà Nội, người dân di chuyển bằng thuyền ở Mỹ Đình","CẬP NHẬT: 54 điểm ngập sâu ở Hà Nội, người dân di chuyển bằng thuyền ở Mỹ Đình",2025-10-12T13:01:43Z,2025-10-12T13:01:43Z,accept,flood_transport_hanoi,1,"flood_state,transport_impact,hanoi_location",0,search,lụt Hà Nội di chuyển,,,,,,2026-09-25T10:47:17.146570+07:00
youtube,qfQ6RSK4yMQ,https://www.youtube.com/watch?v=qfQ6RSK4yMQ,"Hà Nội mưa lớn làm nhiều tuyến đường bị ngập, nhiều trường cho học sinh nghỉ, học online | VTV24","Hà Nội mưa lớn làm nhiều tuyến đường bị ngập, nhiều trường cho học sinh nghỉ, học online | VTV24
Mưa lớn suốt đêm khiến nhiều tuyến đường Hà Nội bị ngập sáng 17/9. Hàng loạt trường cho học sinh nghỉ hoặc chuyển sang học online.
----------
Ứng dụng VTVgo
Android: https://bit.ly/305aQLs
iOS: https://apple.co/3g8yMTS
hoặc xem trực tiếp trên https://vtvgo.vn/

Fanpage:
Tin tức, Xã hội: https://fb.com/tintucvtv24
Chuyên trang Tài Chính: https://fb.com/VTVIndex
Youtube: https://youtube.com/vtv24
Zalo: https://zalo.me/1571891271885013375
Instagram: https://instagram.com/vtv24news/
Tiktok: tiktok.com/@vtv24news
#Tintuc",2026-09-17T02:40:55Z,2026-09-17T02:40:55Z,accept,flood_transport_hanoi,1,"flood_state,transport_impact,hanoi_location",0,search,ngập úng Hà Nội đi,,,,,,2026-09-25T10:32:46.877776+07:00
youtube,qgPsX4ExBXU,https://www.youtube.com/watch?v=qgPsX4ExBXU,"Tuyến huyết mạch phía Tây Hà Nội ngập sâu, Quốc lộ 32 khiến nhiều phương tiện chết máy","Tuyến huyết mạch phía Tây Hà Nội ngập sâu, Quốc lộ 32 khiến nhiều phương tiện chết máy
Vietnam Plus | Dù mưa đã dứt từ chiều 17/9, nhưng đến sáng 18/9, Quốc lộ 32 đoạn qua xã Hoài Đức (Hà Nội) vẫn ngập sâu. Nước chưa kịp rút khiến nhiều phương tiện giao thông chết máy khi lưu thông qua tuyến huyết mạch phía Tây Thủ đô. 

Vietnam Plus là kênh Youtube chia sẻ các nội dung tin tức, nga ukraine mới nhất, tin nga ukraine, xung đột nga ukraine, tin quốc tế, nga ukraine hôm nay, tiêu điểm quốc tế, toàn cảnh quốc tế, thời sự quốc tế, thời sự thế giới, toàn cảnh thế giới, bản tin quốc tế, chiến sự nga ukraine, tin tức thời sự, thời sự 19h, tin tức mới, tin mới, thời sự quốc tế, tin tức 24h mới nhất, nga và ukraine mới nhất, tin tức nga ukraine mới nhất, nga, ukraine, tin biển đông, tin nóng, các tin tức cập nhật,… Với mong muốn cập nhật những thông tin chính xác và nhanh nhất trên nền tảng số cho quý vị và các bạn. ❤️ Cảm ơn các bạn đã xem video!

★ Đăng ký kênh và bấm 🔔 theo dõi những tin tức mới nhất từ Vietnam Plus:
Đăng kí ngay 👉 https://bit.ly/BaovietnamPlus
Click for subcribe 👉 https://bit.ly/BaovietnamPlus

Tin tức Báo Vietnam Plus - Đọc tin tức online - Tin tức 24h - Thời sự trong ngày
Kênh Youtube chính thức của Báo Vietnam Plus. Cập nhật liên tục những tin tức Việt Nam và thế giới nhanh nhất, tin cậy, chính thống từ TTXVN, cập nhật liên tục 24/7.
------
Theo dõi Vietnam Plus tại:
★ Báo Vietnam Plus: https://www.vietnamplus.vn
★ Facebook Vietnam Plus: https://www.facebook.com/VietnamPlus
-----
© Bản quyền thuộc về Báo Vietnam Plus
© Copyright by Vietnam Plus. Do not Reup

#vietnamplus #BaoVietnamplus #mualon #ngapnuoc #hanoi #hoaiduc #quoclo32 #xechetmay",2026-09-18T10:00:02Z,2026-09-18T10:00:02Z,accept,flood_transport_hanoi,1,"flood_state,transport_impact,hanoi_location",0,search,ngập nước Hà Nội giao thông,,,,,,2026-09-25T10:41:21.328841+07:00
youtube,rEHOwiNkTL4,https://www.youtube.com/watch?v=rEHOwiNkTL4,Hà Nội còn 19 điểm úng ngập,"Hà Nội còn 19 điểm úng ngập
🏙️ LƯỢN LỜ PHỐ – TIN TỨC & NHỊP SỐNG ĐƯỜNG PHỐ / Hà Nội còn 19 điểm úng ngập 
 (Lượn Lờ Phố) - Đến 15h ngày 17/9, Hà Nội vẫn xuất hiện mưa rải rác trên diện rộng và còn 19 vị trí úng ngập, tập trung chủ yếu tại lưu vực sông Nhuệ và sông Tô Lịch. Công ty TNHH MTV Thoát nước Hà Nội cho biết, đến 15h ngày 17/9, trên địa bàn đơn vị quản lý vẫn còn 19 điểm úng ngập. Trong đó, tại lưu vực sông Nhuệ vẫn còn ngập ở chân cầu HH2 Dương Nội; đường Quyết Thắng; khu vực bến xe Yên Nghĩa - ngã ba Ba La; nút giao Lương Thế Vinh - Tố Hữu; Dương Đình Nghệ - Phạm Hùng; Trần Thái Tông; Phan Văn Trường; Phùng Hưng,... Tại lưu vực sông Tô Lịch, các điểm ngập còn lại gồm Triều Khúc, đường Chiến Thắng; phố Đặng Trần Đức; khu vực Tổng cục V, Bộ Công an; phố Đội Cấn và ngõ 100 Đội Cấn,... Để tăng khả năng tiêu thoát nước, đơn vị quản lý đã bố trí lực lượng ứng trực tại các điểm trọng yếu, tổ chức tua vớt rác tại các cửa thu, mở cửa phai hồ điều hòa và vận hành các trạm bơm đầu mối. Đường Tố Hữu ngập sâu sáng 17/9 (Ảnh: Nguyễn Hải). Trạm bơm Yên Sở được vận hành toàn bộ 20/20 máy, trạm Bắ

---
Video được tổng hợp và sản xuất by http://youtube.com/@LuonLoPho 
 Chào mừng bạn đến với **Đi cùng Lượn lờ Phố xem có gì mới có gì hot** – nơi cập nhật những **tin tức mới, câu chuyện đáng chú ý và những khoảnh khắc đời thường** đang diễn ra trong cuộc sống.
 
 📌 **Nội dung trên kênh:**
 * 📰 Tin tức mới và các sự kiện đáng chú ý
 * 🇻🇳 Tin tức trong nước
 * 🌎 Tin tức quốc tế
 * 🚦 Giao thông & tình hình đường phố
 * 🏙️ Đời sống, văn hóa và xã hội
 * 🍜 Ẩm thực, địa điểm và những góc phố thú vị
 * 🎥 Những câu chuyện, hình ảnh đáng chú ý được cập nhật liên tục
 
 🔔 **Đăng ký Lượn Lờ Phố** để không bỏ lỡ những thông tin mới và cùng chúng tôi khám phá cuộc sống qua từng con phố. 
 ⚠️ **Lưu ý:** Nội dung được tổng hợp, biên tập và trình bày nhằm cung cấp thông tin đến người xem. Các thông tin quan trọng có thể được cập nhật hoặc thay đổi theo diễn biến thực tế. 
 💬 Hãy **Like 👍 – Bình luận 💬 – Chia sẻ 🔄 – Đăng ký kênh 🔔** để ủng hộ Lượn Lờ Phố. 
 #LượnLờPhố #TinTức #TinMới #TinNóng #TinTrongNước #TinThếGiới #ĐờiSống #ĐườngPhố #LượnPhố #VicViet",2026-09-17T10:48:36Z,2026-09-17T10:48:36Z,accept,flood_transport_hanoi,1,"flood_state,transport_impact,hanoi_location",0,search,ngập nước Hà Nội giao thông,,,,,,2026-09-25T10:42:51.124790+07:00
youtube,rOa223HBVbY,https://www.youtube.com/watch?v=rOa223HBVbY,"Cập nhật ngập lụt trên cao tốc Hà Nội - Thái Nguyên, hướng đi Thái Nguyên đã thông | Tin nhanh","Cập nhật ngập lụt trên cao tốc Hà Nội - Thái Nguyên, hướng đi Thái Nguyên đã thông | Tin nhanh
PLO | Cập nhật ngập lụt trên cao tốc Hà Nội - Thái Nguyên, hướng đi Thái Nguyên đã thông
Đến sáng 11-10, cao tốc Hà Nội - Thái Nguyên đoạn Km27 vẫn còn ngập 20-30 cm ở hướng Thái Nguyên về Hà Nội. Hướng ngược lại đã khô ráo, xe lưu thông bình thường. Cơ quan quản lý khuyến cáo tài xế đi chậm và thận trọng để tránh chết máy.
Trong video có những nội dung chính sau:
Cập nhật ngập lụt trên cao tốc Hà Nội - Thái Nguyên, hướng đi Thái Nguyên đã thông
Ngập gần hết bánh xe ô tô, cao tốc Hà Nội - Thái Nguyên nhiều đoạn tê liệt
 Lũ đe dọa ngoại thành Hà Nội, gây sạt lở tuyến đường sắt Hà Nội - Thái Nguyên
Bạn có muốn cập nhật thêm diễn biến ngập lụt tại các vùng ngoại ô Hà Nội. Hãy để lại bình luận nhé.
🔔 Đừng quên like, share và subscribe kênh @PLOTV để không bỏ lỡ các nội dung ý nghĩa tiếp theo!
Thông tin trên được sử dụng từ nguồn chính thức: https://plo.vn/thong-tin-moi-ve-ngap-cao-toc-ha-noi-thai-nguyen-post874989.html 

#lugaysatlo #satloduongsat #ludedoaduongsat #baophapluattphcm 


----------------------------
📰 PLO | Báo Pháp Luật TP.HCM – Kênh YouTube chính thức  
Nơi cập nhật tin tức thời sự, chính trị, pháp luật, quốc tế nhanh chóng – chính xác – khách quan.  

📺 Nội dung nổi bật trên kênh:  
• Toàn Cảnh Thời Sự – Phân tích chính trị, xã hội, pháp luật mỗi ngày  
• Toàn Cảnh Quốc Tế – Diễn biến thế giới qua góc nhìn thời sự  
• Lật Mở Hồ Sơ – Sự thật phía sau những vụ án nổi tiếng  
• Phóng sự & Series đặc biệt – Giải mã các câu chuyện thời sự được quan tâm  

👉 Đăng ký ngay để không bỏ lỡ tin tức nóng hổi, phân tích chuyên sâu và góc nhìn chính thống từ Báo Pháp Luật TP.HCM.  
🔔 Subscribe: https://www.youtube.com/c/PLOTV?sub_confirmation=1  

🌐 Theo dõi Báo Pháp Luật TP.HCM trên các nền tảng khác:  
• Website: https://plo.vn  
• Fanpage: https://www.facebook.com/phapluattp.vn/  

⚠️ Bản quyền thuộc Báo Pháp Luật TP.HCM – Vui lòng không reup khi chưa có sự đồng ý.  

#PLO #ThoiSu #PhapLuat #TinTucMoiNhat #BaoPhapLuatTPHCM",2025-10-12T01:00:06Z,2025-10-12T01:00:06Z,accept,flood_transport_hanoi,1,"flood_state,transport_impact,hanoi_location",1,search,ngập lụt Hà Nội đi lại,,,,,,2026-09-25T10:34:31.680375+07:00
youtube,rWIyDexBxA4,https://www.youtube.com/watch?v=rWIyDexBxA4,"Đường ngập sâu, ùn tắc nghiêm trọng, dân công sở Hà Nội đi bộ về nhà hoặc ở lại cơ quan | Tin tức","Đường ngập sâu, ùn tắc nghiêm trọng, dân công sở Hà Nội đi bộ về nhà hoặc ở lại cơ quan | Tin tức
NLĐ | Đường ngập sâu, ùn tắc nghiêm trọng, dân công sở Hà Nội đi bộ về nhà hoặc ở lại cơ quan
Do mưa lớn gây ngập úng, ùn tắc nghiêm trọng nên nhiều nhân viên công sở tại Hà Nội buộc phải ở lại nơi làm việc hoặc đi bộ về nhà.
Trong video này, chúng tôi sẽ thông tin về:
Đường ngập sâu, ùn tắc nghiêm trọng, dân công sở Hà Nội đi bộ về nhà hoặc ở lại cơ quan
Hà Nội mưa trắng trời, nhiều tuyến đường chìm trong biển nước
Hà Nội mưa lớn lịch sử, chưa bao giờ đường phố ngập sâu và lâu như thế
🔔 Hãy đăng kí kênh @Báo Người Lao động TV để không bỏ lỡ những thông tin hấp dẫn.
Thông tin sử dụng từ nguồn chính thức: 
https://nld.com.vn/duong-ngap-sau-un-tac-nghiem-trong-dan-cong-so-ha-noi-di-bo-ve-nha-hoac-o-lai-co-quan-196250930225227321.htm

#hanoingaplut #baoso10 #untachanoi #hanoimualon #baonguoilaodong
----------------
📰 BÁO NGƯỜI LAO ĐỘNG – Kênh YouTube chính thức  
https://www.youtube.com/channel/UCzkyOx_0O1pGOqHiUMOe2KQ?sub_confirmation=1

Cập nhật liên tục:  
• Thời sự & Tin tức 24h  
• Quốc tế & Điểm nóng toàn cầu  
• Hồ sơ vụ án – Phân tích khách quan  
• Đời sống đô thị, Kinh tế & Sức khỏe  

🌐 Website: https://nld.com.vn  
📘 Fanpage: Người Lao Động  
🎵 TikTok: @baonguoilaodong  

👉 Đăng ký kênh để nhận thông tin nhanh chóng, chính xác và đáng tin cậy mỗi ngày.  
https://www.youtube.com/channel/UCzkyOx_0O1pGOqHiUMOe2KQ?sub_confirmation=1

🙏 Cảm ơn sự đồng hành của quý khán giả!  

#NguoiLaoDongTV #ThoiSu #TinTuc24h #TinQuocTe",2025-10-01T02:15:06Z,2025-10-01T02:15:06Z,accept,flood_transport_hanoi,1,"flood_state,transport_impact,hanoi_location",0,search,ngập lụt Hà Nội đi lại,,,,,,2026-09-25T10:39:24.218108+07:00
youtube,rbjlBTkCBS0,https://www.youtube.com/watch?v=rbjlBTkCBS0,"🔴 TRỰC TIẾP: Hà Nội mưa dầm dề, một ngày đi lại vất vả qua Camera VOV Giao thông #fm91","🔴 TRỰC TIẾP: Hà Nội mưa dầm dề, một ngày đi lại vất vả qua Camera VOV Giao thông #fm91
🔴 TRỰC TIẾP: Hà Nội mưa dầm dề, một ngày giao thông vất vả người dân Thủ đô #fm91 #vovgiaothong 

Cơn mưa kéo dài từ chiều 13/10 đến sáng 14/10 tuy không quá lớn nhưng dầm dề, ảnh hưởng lớn tới sinh hoạt, đi lại, học tập của người dân Thủ đô Hà Nội, đặc biệt trong giờ cao điểm.

#MưaLũMiềnBắc #TháiNguyên #CaoBằng #LạngSơn #BắcNinh #LũLịchSử2025 #VOVGiaoThông #TinBãoLũ #TrựcTiếpMưaLũ #CứuHộVùngLũ #Drone #maybaykhongnguoilai #hanoi 

Tham gia hội viên của VOV Giao thông bạn nhé:
https://www.youtube.com/channel/UCPeJU6XNeZMwaHYXE27Vgmg/join

Kính chào quý khán thính giả đã đến với channel chính thức của Kênh VOV Giao thông, Đài Tiếng nói Việt Nam. Kính chúc quý vị sẽ có thời gian theo dõi tin tức hữu ích cùng VOV Giao thông. Nếu có hình ảnh nào đáng chú ý trên đường, các bạn có thể gửi về số điện thoại zalo: 0988239969.

#vovgiaothong #vovgt #tintuc #hotnews #news #thongtin #giaothong #tieudiem #tinnong #xuhuong #cameragiaothong #checkvar #tinhuonggiaothong #camerahanhtrinh #binhluan #gocnhin #caotoc #vov #daitiengnoivietnam #phatthanh #daiphatthanh #batdongsan #nhadat #ngaogia
--------------------------------------------
Đăng ký theo dõi Kênh Youtube VOV Giao thông để xem những tin tức mới nhất:
https://youtube.com/@kenhvovgiaothong?si=OStZt6XJZU1sYzBU

Đây là Kênh Youtube chính thức của Kênh VOV Giao thông - Đài Tiếng nói Việt Nam
- Website: https://vovgiaothong.vn/
- Fanpage: https://www.facebook.com/KenhVOVGT

Tầng 10, Số 58 Quán Sứ, Hà Nội
ĐT: 02437.919191
Email: vovgtchannel@gmail.com",2025-10-14T05:47:49Z,2025-10-14T05:47:49Z,accept,flood_transport_hanoi,1,"flood_state,transport_impact,hanoi_location",0,search,ngập lụt Hà Nội đi lại,,,,,,2026-09-25T10:34:28.491592+07:00
youtube,ritbi7DFo9Q,https://www.youtube.com/watch?v=ritbi7DFo9Q,"Hà Nội ngày ngập lụt nặng: Văn phòng hóa phòng ngủ, trường học thành nơi trú ẩn  | Tin thời sự","Hà Nội ngày ngập lụt nặng: Văn phòng hóa phòng ngủ, trường học thành nơi trú ẩn  | Tin thời sự
NLĐ | Hà Nội ngày ngập lụt nặng: Văn phòng hóa phòng ngủ, trường học thành nơi trú ẩn. Một ngày Hà Nội chìm trong biển nước: Văn phòng thành giường nằm, học sinh ngủ trong lớp học chờ nước rút.
Hà Nội mưa lớn gây ngập sâu, nhiều người dân và công sở không thể về nhà, phải ngủ lại nơi làm việc hoặc trường học để đảm bảo an toàn. Gia đình nhiều người tạm thời ly tán khi các thành viên ở lại các địa điểm khác nhau tránh ngập lụt. Mặc dù bất tiện, mọi người vẫn giữ tinh thần lạc quan, chung tay vượt qua khó khăn.

Trong video này, chúng tôi sẽ thông tin về:
Hà Nội ngập lụt: Văn phòng hóa phòng ngủ, trường học thành nơi trú ẩn
Lực lượng cảnh sát giao thông nhập cuộc ứng cứu xe cứu thương do ngập lụt
Cập nhật 25 điểm ngập úng, không thể đi qua ở Hà Nội
🔔 Hãy đăng kí kênh @Báo Người Lao động TV để không bỏ lỡ những thông tin hấp dẫn.
Thông tin sử dụng từ nguồn chính thức: 
https://vietnamnet.vn/ha-noi-ngap-lut-dan-cong-so-dua-di-lam-tu-thang-9-den-thang-10-moi-ve-nha-2447951.html 

#HaNoi #ngapHaNoi #ngaplut #mualon #thientai #baonguoilaodong
----------------
📰 BÁO NGƯỜI LAO ĐỘNG – Kênh YouTube chính thức  
https://www.youtube.com/channel/UCzkyOx_0O1pGOqHiUMOe2KQ?sub_confirmation=1

Cập nhật liên tục:  
• Thời sự & Tin tức 24h  
• Quốc tế & Điểm nóng toàn cầu  
• Hồ sơ vụ án – Phân tích khách quan  
• Đời sống đô thị, Kinh tế & Sức khỏe  

🌐 Website: https://nld.com.vn  
📘 Fanpage: Người Lao Động  
🎵 TikTok: @baonguoilaodong  

👉 Đăng ký kênh để nhận thông tin nhanh chóng, chính xác và đáng tin cậy mỗi ngày.  
https://www.youtube.com/channel/UCzkyOx_0O1pGOqHiUMOe2KQ?sub_confirmation=1

🙏 Cảm ơn sự đồng hành của quý khán giả!  

#NguoiLaoDongTV #ThoiSu #TinTuc24h #TinQuocTe",2025-10-01T21:05:06Z,2025-10-01T21:05:06Z,accept,flood_transport_hanoi,1,"flood_state,transport_impact,hanoi_location",0,search,ngập lụt Hà Nội đi lại,,,,,,2026-09-25T10:39:01.552273+07:00
youtube,rmYzM2_lT4U,https://www.youtube.com/watch?v=rmYzM2_lT4U,"Mưa trắng trời Hà Nội, người dân chật vật di chuyển từng cm trên đường | Thời sự","Mưa trắng trời Hà Nội, người dân chật vật di chuyển từng cm trên đường | Thời sự
BaoPhuNuTPHCM | 

BPN | Mưa trắng trời Hà Nội, người dân chật vật di chuyển từng cm trên đường
Sáng 14/10, cơn mưa rải rác kéo dài từ đêm trước khiến nhiều tuyến phố Hà Nội như Nguyễn Trãi, Tây Sơn, Láng... ùn tắc hàng giờ. Trong mưa, người dân Thủ đô đội mưa, len lỏi giữa dòng xe đông nghịt để kịp đưa con đến trường, kịp giờ làm.


Trong bài này chúng tôi sẽ thông tin nội dung về:
Mưa trắng trời Hà Nội, người dân chật vật di chuyển từng cm trên đường
Ngán ngẩm cảnh mưa dai dẳng, miền Bắc đếm từng ngày chờ tạnh 
Miền Bắc sắp đón không khí lạnh mạnh, Hà Nội trời rét dưới 20 độ C
Bất ngờ trước 59 sự cố đê đang gây nguy hiểm cho người dân sau mưa lũ
Đăng ký kênh youtube Báo Phụ nữ TPHCM để đón nhận những video cập nhật tiếp theo!
Thông tin trên được sử dụng từ nguồn chính thức: https://tienphong.vn/nguoi-thu-do-chat-vat-dua-con-di-hoc-di-lam-trong-con-mua-rai-rac-keo-dai-post1786964.tpo 


------------------------
💠 BPN | @BaoPhuNuTPHCM2021 – Kênh YouTube chính thức của Báo Phụ Nữ TP.HCM  

Kênh truyền thông chính thống thuộc Thành ủy TP.HCM, cập nhật nhanh chóng và chính xác các nội dung:  https://www.youtube.com/c/BaoPhuNuTPHCM2021?sub_confirmation=1
• Thời sự – Xã hội – Pháp luật  
• Đời sống phụ nữ – Gia đình – Tâm lý – Tình cảm  
• Sức khỏe – Giáo dục – Chuyện cộng đồng  

🎙️ Nơi lắng nghe, thấu hiểu và đồng hành cùng phụ nữ hiện đại.  
Báo Phụ Nữ TP.HCM mang đến bản tin thời sự, phóng sự nhân văn và podcast truyền cảm hứng, giúp kết nối phụ nữ mọi thế hệ.  

🔥 Chuyên mục nổi bật:  
• Tin nóng 24h – Thời sự chính thống  
• Tin quốc tế 24h – Góc nhìn toàn cầu qua lăng kính phụ nữ  
• Podcast: Tình yêu – Hôn nhân – Tâm sự đời thường  

📲 Kết nối với chúng tôi:  
• Website: https://www.phunuonline.com.vn  
• Fanpage: https://www.facebook.com/phunuonline.com.vn  
• TikTok: https://www.tiktok.com/@baophunu  
• Podcast: Spotify & Apple Podcast (Tâm sự – Báo Phụ Nữ)  

🏢 Liên hệ tòa soạn:  
• Địa chỉ: 311 Điện Biên Phủ, phường Bàn Cờ, TP.HCM  
• Email: online@baophunu.org.vn | Hotline: (028) 39 316 854  

📢 Quảng cáo & hợp tác:  
• Điện thoại: (028) 38468715 – (028) 39316629 – 0966182727  
• Email: quangcaophunu@gmail.com  

⚠️ Bản quyền: Toàn bộ video thuộc Báo Phụ Nữ TP.HCM. Vui lòng không sao chép hoặc sử dụng lại khi chưa có sự cho phép bằng văn bản.  

#BaoPhuNuTPHCM #TinTuc24h #ThoiSu #PhuNu #Podcast #PhuNuOnline",2025-10-14T23:00:06Z,2025-10-14T23:00:06Z,reject,missing_group:flood_state,1,"transport_impact,hanoi_location",1,search,lụt Hà Nội di chuyển,,,,,,2026-09-25T10:47:04.182713+07:00
youtube,sF9_wsetwB8,https://www.youtube.com/watch?v=sF9_wsetwB8,"🚨 QUỐC LỘ 32 NGẬP KÉO DÀI 1,5 KM, NHIỀU XE CHẾT MÁY DÙ TRỜI ĐÃ TẠNH","🚨 QUỐC LỘ 32 NGẬP KÉO DÀI 1,5 KM, NHIỀU XE CHẾT MÁY DÙ TRỜI ĐÃ TẠNH
Ngày 18/9, Quốc lộ 32 đoạn qua xã Hoài Đức, Hà Nội vẫn ngập sâu dù mưa đã dứt từ chiều hôm trước. Đoạn ngập kéo dài gần 1,5 km, từ khu vực ngã tư Trạm Trôi đến trước trụ sở Công ty Thuốc Thú y Trung ương.

🌧️ Tại một số vị trí, nước sâu khoảng 50 cm, phủ kín cả hai chiều đường. Nhiều xe máy chết máy, trong khi ô tô phải di chuyển chậm hoặc lựa chọn hướng khác để tránh khu vực ngập.

Đáng chú ý, mỗi khi xe tải, xe buýt đi qua, sóng nước dồn mạnh vào hai bên đường, khiến nhiều hộ dân phải dùng tấm chắn để hạn chế nước tràn vào nhà. Một điểm sửa xe trên tuyến ghi nhận hàng chục xe máy gặp sự cố trong ngày.

Theo ghi nhận khí tượng, Hoài Đức là một trong những khu vực có lượng mưa lớn trong đợt vừa qua, với 249 mm trong 24 giờ từ 19h ngày 16/9 đến 19h ngày 17/9.

📍 Quốc lộ 32 là tuyến giao thông quan trọng kết nối khu vực phía Tây Hà Nội với trung tâm thành phố và các tỉnh phía Tây Bắc. Tình trạng ngập kéo dài tại đây tiếp tục cho thấy bài toán thoát nước và hạ tầng cần được quan tâm song song với quá trình đô thị hóa.

👉 Theo dõi ANN HOME để cập nhật nhanh những thông tin mới nhất về hạ tầng, quy hoạch và thị trường.

#ANNHOME #QuocLo32 #HoaiDuc #HaTangHaNoi #HaTangGiaoThong #QuyHoach",2026-09-19T03:00:38Z,2026-09-19T03:00:38Z,accept,flood_transport_hanoi,1,"flood_state,transport_impact,hanoi_location",0,search,ngập nước Hà Nội giao thông,,,,,,2026-09-25T10:40:58.623067+07:00
youtube,sRn6iaz4bHw,https://www.youtube.com/watch?v=sRn6iaz4bHw,"Dân ngõ “nhịn đi vệ sinh”, thức đêm bơm nước ra khỏi nhà sau trận mưa lớn ở Hà Nội","Dân ngõ “nhịn đi vệ sinh”, thức đêm bơm nước ra khỏi nhà sau trận mưa lớn ở Hà Nội
#thoisuthanhnien #tinnongthanhnien #phongsuthanhnien #baothanhnien
Sau những trận mưa lớn, nhiều hộ dân tại ngõ 200 Âu Cơ, phường Hồng Hà (thành phố Hà Nội) vẫn phải sống trong cảnh ngập úng. Điện bị cắt, nước sinh hoạt ô nhiễm, việc ăn uống, đi lại và học tập đều bị đảo lộn, nhiều người dân phải tự xoay xở bơm nước khỏi nhà suốt ngày đêm.

00:00 Dân ngõ “nhịn đi vệ sinh”, thức đêm bơm nước ra khỏi nhà sau trận mưa lớn ở Hà Nội 
05:09 “Kiếp nạn” ra đường sáng giữa tuần ở Hà Nội: Gửi xe máy nhà người lạ vì ngập như “sông”
--------
Đăng kí theo dõi kênh để xem những tin tức mới nhất: 

https://metub.net/BaoThanhNien

Tin tức báo Thanh Niên - Đọc tin mới online - tin nhanh - tin 24h - thời sự
Kênh YouTube chính thức của Báo Thanh Niên. Đăng kí theo dõi kênh để xem những tin tức mới nhất: 

https://metub.net/BaoThanhNien

Website: http://thanhnien.vn/
Fanpage: https://www.facebook.com/thanhnien

Youtube Channel: https://metub.net/BaoThanhNien

268 - 270 Nguyễn Đình Chiểu, Phường Xuân Hòa, TP.HCM 
ĐT: (+84.8) 39302302 
Fax: (+84.8) 39309939 
Email: truyenhinh@thanhnien.vn",2026-09-18T11:00:06Z,2026-09-18T11:00:06Z,accept,flood_transport_hanoi,1,"flood_state,transport_impact,hanoi_location",1,search,ngập úng Hà Nội đi,,,,,,2026-09-25T10:31:27.882474+07:00
youtube,sRxyf5mn7ow,https://www.youtube.com/watch?v=sRxyf5mn7ow,"Hàng loạt trường ở Hà Nội thông báo cho học sinh nghỉ học vì mưa lớn, ngập úng |  Tin tức 24h","Hàng loạt trường ở Hà Nội thông báo cho học sinh nghỉ học vì mưa lớn, ngập úng |  Tin tức 24h
DDDN | Hàng loạt trường ở Hà Nội thông báo cho học sinh nghỉ học vì mưa lớn, ngập úng
Trận mưa lớn kéo dài suốt đêm đã khiến nhiều tuyến phố tại Hà Nội ngập sâu trong nước, gây không ít khó khăn cho việc di chuyển vào đầu giờ sáng. Để đảm bảo an toàn cho học sinh, ngay trong sáng sớm, hàng loạt trường học trên địa bàn Thủ đô đã cấp tập phát thông báo cho học sinh nghỉ học, chuyển sang hình thức học online hoặc lùi giờ vào lớp.
Trong video này, chúng tôi sẽ thông tin về:
Hàng loạt trường ở Hà Nội thông báo cho học sinh nghỉ học vì mưa lớn, ngập úng
🔔 Hãy đăng kí kênh Diễn đàn Doanh nghiệp để không bỏ lỡ những thông tin hấp dẫn.
Thông tin sử dụng được tham khảo từ nguồn tổng hợp

#mualonhanoi #hanoingap #hocsinhnghihoc #thoitiethanoi #tintuchanoi #ngapluthanoi #diendandoanhnghiep


------------------------------
🎥 Diễn đàn Doanh nghiệp TV – Cập nhật kinh tế, thời sự quốc tế, tài chính và biến động toàn cầu mỗi ngày.

🔎 Tại đây, bạn sẽ:
• Theo dõi xung đột nóng: Nga–Ukraine, Israel–Iran, Biển Đông, Đài Loan...
• Nắm bắt biến động kinh tế: Giá vàng, chứng khoán, chính sách tiền tệ, ngân hàng trung ương
• Phân tích chuyên sâu: Địa chính trị, tài chính vĩ mô, chiến lược toàn cầu
• Cảnh báo thiên tai – biến đổi khí hậu – dự báo thời tiết chính xác

⏱️ Cập nhật tin tức liên tục, phân tích từ nguồn chính thống, dẫn dắt bằng tư duy.

📌 Đăng ký kênh để không bỏ lỡ những bản tin và bình luận quan trọng:
👉 https://www.youtube.com/c/DiễnĐànDoanhNghiệpTv?sub_confirmation=1

 #diendandoanhnghieptv #thoisuquocte #phantichkinhte #xungdottoancau #tinnong24h #tintucchinhtri #tintuc24h",2026-09-17T04:00:37Z,2026-09-17T04:00:37Z,accept,flood_transport_hanoi,1,"flood_state,transport_impact,hanoi_location",0,search,lụt Hà Nội di chuyển,,,,,,2026-09-25T10:49:49.423017+07:00
youtube,sXxR_07b_k8,https://www.youtube.com/watch?v=sXxR_07b_k8,Muôn cách vượt ngập kiểu Hà &quot;Lội&quot; | CHECK VAR GIAO THÔNG 299 #vovgiaothong #fm91,"Muôn cách vượt ngập kiểu Hà &quot;Lội&quot; | CHECK VAR GIAO THÔNG 299 #vovgiaothong #fm91
Muôn cách vượt ngập kiểu Hà Nội | CHECK VAR GIAO THÔNG 299 #vovgiaothong #fm91

Hà Nội những ngày mưa lớn, khi đường phố hóa sông, thì người dân lại hóa… nhà sáng tạo. Người thì chèo xuồng, người bơi giữa phố, có người còn chế thuyền, cưỡi phao, đi xe cẩu, thậm chí ngồi luôn trên xe cảnh sát.

Tham gia hội viên của VOV Giao thông bạn nhé:
https://www.youtube.com/channel/UCPeJU6XNeZMwaHYXE27Vgmg/join

Kính chào quý khán thính giả đã đến với channel chính thức của Kênh VOV Giao thông, Đài Tiếng nói Việt Nam. Kính chúc quý vị sẽ có thời gian theo dõi tin tức hữu ích cùng VOV Giao thông. Nếu có hình ảnh nào đáng chú ý trên đường, các bạn có thể gửi về số điện thoại zalo: 0988239969.

#vovgiaothong #vovgt #tintuc #hotnews #news #thongtin #giaothong #tieudiem #tinnong #xuhuong #cameragiaothong #checkvar #tinhuonggiaothong #camerahanhtrinh #binhluan #gocnhin #caotoc #vov #daitiengnoivietnam #phatthanh #daiphatthanh #batdongsan #nhadat #ngaogia #nguoivietchongbao  #cachchongbaovietnam   #muamuabao2025   #ungphothientaivietnam  #chonglumientrung  #kinhnghiemchongngap  
#baosomoinhat  #thientaivietnam  #tinhthannguoiviet  #baovalulut
--------------------------------------------
Đăng ký theo dõi Kênh Youtube VOV Giao thông để xem những tin tức mới nhất:
https://youtube.com/@kenhvovgiaothong?si=OStZt6XJZU1sYzBU

Đây là Kênh Youtube chính thức của Kênh VOV Giao thông - Đài Tiếng nói Việt Nam
- Website: https://vovgiaothong.vn/
- Fanpage: https://www.facebook.com/KenhVOVGT

Tầng 10, Số 58 Quán Sứ, Hà Nội
ĐT: 02437.919191
Email: vovgtchannel@gmail.com",2025-10-08T02:54:11Z,2025-10-08T02:54:11Z,accept,flood_transport_hanoi,1,"flood_state,transport_impact,hanoi_location",0,search,phố ngập Hà Nội tham gia giao thông,,,,,,2026-09-25T11:12:52.461476+07:00
youtube,spwzBYuxuTg,https://www.youtube.com/watch?v=spwzBYuxuTg,"🔥Hà Nội mưa lớn ngập sâu, hành khách “lội nước” ngay trên xe buýt #shorts","🔥Hà Nội mưa lớn ngập sâu, hành khách “lội nước” ngay trên xe buýt #shorts
Mưa lớn kéo dài trong ngày 17/9 khiến nhiều tuyến đường tại Hà Nội rơi vào tình trạng ngập sâu, gây ảnh hưởng nghiêm trọng đến việc đi lại của người dân. Tại một số khu vực, nước dâng cao gần kín mặt đường, nhiều phương tiện phải di chuyển chậm, tìm đường vòng hoặc chấp nhận nguy cơ chết máy khi đi qua những điểm ngập nặng.

Đáng chú ý, hình ảnh một chiếc xe buýt di chuyển giữa đoạn đường ngập sâu đã khiến nhiều người không khỏi bất ngờ. Nước không chỉ bao quanh phương tiện mà còn tràn vào bên trong xe, khiến hành khách có một chuyến đi theo đúng nghĩa “khó quên”. Chiếc xe buýt quen thuộc giữa phố Hà Nội lúc này chẳng khác nào một chiếc “xe lội nước”, chật vật vượt qua dòng nước để tiếp tục hành trình.

Những hình ảnh được ghi lại cho thấy tình trạng ngập sau mưa lớn đã gây ra không ít khó khăn cho giao thông Thủ đô. Ô tô, xe máy và cả phương tiện công cộng đều phải hết sức thận trọng khi đi qua những khu vực nước dâng cao. Với những đoạn đường không xác định được độ sâu, người điều khiển phương tiện cũng cần cân nhắc trước khi cố gắng di chuyển để tránh nguy cơ phương tiện chết máy hoặc xảy ra sự cố.

Cảnh tượng nước tràn vào xe buýt nhanh chóng thu hút sự chú ý của cộng đồng mạng, nhiều người hài hước cho rằng đây có lẽ là một trong những “trải nghiệm đi xe buýt đặc biệt nhất” giữa ngày Hà Nội mưa ngập.

Theo dõi kênh **Hoàng Ngư Dân** để cập nhật thêm những hình ảnh đáng chú ý, câu chuyện đời sống và tin tức mới nhất đang được quan tâm trong ngày.

#hanoi #hanoi17thang9 #mualon #mualonhanoi #ngaphanoi #ngaplut #ngapduong #xebuyt #xebuythanoi #giaothonghanoi #muaongaplut #duongphohanoi #tintuc #tintuc24h #tintucmoinhat #thoisu #doisong #giaothong #videoantoan #hoangngudan",2026-09-17T10:42:52Z,2026-09-17T10:42:52Z,accept,flood_transport_hanoi,1,"flood_state,transport_impact,hanoi_location",0,search,ngập lụt Hà Nội đi lại,,,,,,2026-09-25T10:45:31.903391+07:00
youtube,sqWXy2UXWHc,https://www.youtube.com/watch?v=sqWXy2UXWHc,Đường biến thành sông cạnh dự án chống ngập 600 tỉ ở Hà Nội #shorts,"Đường biến thành sông cạnh dự án chống ngập 600 tỉ ở Hà Nội #shorts
#thoisuthanhnien #tinnongthanhnien #phongsuthanhnien #baothanhnien
Mưa lớn kéo dài sáng 17.9 khiến đường Tố Hữu (Hà Nội) ngập trên diện rộng, nhiều phương tiện chật vật di chuyển, giao thông ùn tắc nghiêm trọng, trong khi ngay gần đó là hồ điều hòa Đồng Bông 2 - công trình chống ngập có tổng mức đầu tư hơn 600 tỉ.


--------
Đăng kí theo dõi kênh để xem những tin tức mới nhất: 

https://metub.net/BaoThanhNien

Tin tức báo Thanh Niên - Đọc tin mới online - tin nhanh - tin 24h - thời sự
Kênh YouTube chính thức của Báo Thanh Niên. Đăng kí theo dõi kênh để xem những tin tức mới nhất: 

https://metub.net/BaoThanhNien

Website: http://thanhnien.vn/
Fanpage: https://www.facebook.com/thanhnien

Youtube Channel: https://metub.net/BaoThanhNien

268 - 270 Nguyễn Đình Chiểu, Phường Xuân Hòa, TP.HCM 
ĐT: (+84.8) 39302302 
Fax: (+84.8) 39309939 
Email: truyenhinh@thanhnien.vn",2026-09-17T07:12:04Z,2026-09-17T07:12:04Z,accept,flood_transport_hanoi,1,"flood_state,transport_impact,hanoi_location",1,search,ngập nước Hà Nội giao thông,,,,,,2026-09-25T10:43:20.709618+07:00
youtube,t8Wwn1CNNN4,https://www.youtube.com/watch?v=t8Wwn1CNNN4,"Hà Nội nhiều nơi chìm sâu trong nước, những hình ảnh vừa cập nhật | Tin tức 24h","Hà Nội nhiều nơi chìm sâu trong nước, những hình ảnh vừa cập nhật | Tin tức 24h
DDDN | Hà Nội nhiều nơi chìm sâu trong nước, những hình ảnh vừa cập nhật. Không ai ngờ có một ngày sau những cơn mưa, Hà Nội ngập sâu lút bánh xe, phố xá biến thành sông và những khu dân cư người dân bì bõm trong nhiều ngày liền. Ngày 17/9, Hà Nội được dự báo có mưa vừa, mưa to, cục bộ có nơi mưa rất to và dông; đêm có mưa rào và dông, cục bộ có nơi mưa to. Số liệu đo tại 36 điểm thuộc các phường cho thấy lượng mưa rất lớn xuất hiện ở nhiều khu vực. Nhiều nơi ở Hà Nội chìm sâu trong nước, việc đi lại và sinh hoạt vô cùng khó khăn, giao thông hỗn loạn.


Trong video này, chúng tôi sẽ thông tin về:
Hà Nội nhiều nơi chìm sâu trong nước, những hình ảnh vừa cập nhật
 Khu dân cư ngập nước suốt 3 ngày ở Thủ đô. 
'Bản đồ mưa ngập' của Hà Nội vừa ra mắt đã tê liệt
Mực nước các sông Hà Nội dâng cao, có sông lên mức báo động 3
Lời giải cho 'ốc đảo rốn lũ' ngoại thành Hà Nội
Bạn có muốn cập nhật thêm thông tin mưa lũ gây ngập nặng ở Thanh Hóa không? Hãy để lại bình luận bên dưới nhé.
🔔 Hãy đăng kí kênh Diễn đàn Doanh nghiệp để không bỏ lỡ những thông tin hấp dẫn.
Thông tin sử dụng được tham khảo từ nguồn tổng hợp

#hanoingap #ngaphanoi #hanoingapnuoc #diendandoanhnghiep


------------------------------
🎥 Diễn đàn Doanh nghiệp TV – Cập nhật kinh tế, thời sự quốc tế, tài chính và biến động toàn cầu mỗi ngày.

🔎 Tại đây, bạn sẽ:
• Theo dõi xung đột nóng: Nga–Ukraine, Israel–Iran, Biển Đông, Đài Loan...
• Nắm bắt biến động kinh tế: Giá vàng, chứng khoán, chính sách tiền tệ, ngân hàng trung ương
• Phân tích chuyên sâu: Địa chính trị, tài chính vĩ mô, chiến lược toàn cầu
• Cảnh báo thiên tai – biến đổi khí hậu – dự báo thời tiết chính xác

⏱️ Cập nhật tin tức liên tục, phân tích từ nguồn chính thống, dẫn dắt bằng tư duy.

📌 Đăng ký kênh để không bỏ lỡ những bản tin và bình luận quan trọng:
👉 https://www.youtube.com/c/DiễnĐànDoanhNghiệpTv?sub_confirmation=1

 #diendandoanhnghieptv #thoisuquocte #phantichkinhte #xungdottoancau #tinnong24h #tintucchinhtri #tintuc24h",2026-09-17T04:30:09Z,2026-09-17T04:30:09Z,accept,flood_transport_hanoi,1,"flood_state,transport_impact,hanoi_location",0,search,ngập lụt Hà Nội đi lại,,,,,,2026-09-25T10:46:01.174501+07:00
youtube,t9E1qXJKRCQ,https://www.youtube.com/watch?v=t9E1qXJKRCQ,"Cận cảnh người Hà Nội bì bõm lội nước, xe máy ngập ngang bánh | Tin tức 24h","Cận cảnh người Hà Nội bì bõm lội nước, xe máy ngập ngang bánh | Tin tức 24h
DDDN | Cận cảnh người Hà Nội bì bõm lội nước, xe máy ngập ngang bánh. Chuyện gì đang xảy ra? Người Hà Nội lại ""vào mùa"" bì bõm lội nước giữa phố, xe máy ngâm mình trong dòng nước lênh láng khắp nơi. Mưa kéo dài gần 2 ngày qua khiến nhiều tuyến đường, phố ở Hà Nội ngập sâu, đặc biệt có một số khu vực trũng thấp, thoát nước chậm khiến ngập úng từ sáng đến tận trưa dù trời đã tạnh. Nhiều tuyến ngõ dân sinh tại Hà Nội rơi vào tình trạng úng ngập, có nơi nước dâng cao khiến xe máy đứng im, chỏng chơ la liệt nhiều chỗ.

Trong video này, chúng tôi sẽ thông tin về:
Cận cảnh người Hà Nội bì bõm lội nước, xe máy ngập ngang bánh
Mưa lớn Bắc Bộ, Trung bộ chính thức vào lúc cao trào, dồn dập
Miền Bắc mưa lớn, làm gì trong 10 ngày tới?
Bạn có muốn cập nhật thêm thông tin ngập úng đường phố Hà Nội không? Hãy để lại bình luận bên dưới nhé.
🔔 Hãy đăng kí kênh Diễn đàn Doanh nghiệp để không bỏ lỡ những thông tin hấp dẫn.
Thông tin sử dụng được tham khảo từ nguồn tổng hợp

#hanoingapnuoc #hanoingap #diendandoanhnghiep


------------------------------
🎥 Diễn đàn Doanh nghiệp TV – Cập nhật kinh tế, thời sự quốc tế, tài chính và biến động toàn cầu mỗi ngày.

🔎 Tại đây, bạn sẽ:
• Theo dõi xung đột nóng: Nga–Ukraine, Israel–Iran, Biển Đông, Đài Loan...
• Nắm bắt biến động kinh tế: Giá vàng, chứng khoán, chính sách tiền tệ, ngân hàng trung ương
• Phân tích chuyên sâu: Địa chính trị, tài chính vĩ mô, chiến lược toàn cầu
• Cảnh báo thiên tai – biến đổi khí hậu – dự báo thời tiết chính xác

⏱️ Cập nhật tin tức liên tục, phân tích từ nguồn chính thống, dẫn dắt bằng tư duy.

📌 Đăng ký kênh để không bỏ lỡ những bản tin và bình luận quan trọng:
👉 https://www.youtube.com/c/DiễnĐànDoanhNghiệpTv?sub_confirmation=1

 #diendandoanhnghieptv #thoisuquocte #phantichkinhte #xungdottoancau #tinnong24h #tintucchinhtri #tintuc24h",2026-09-15T08:00:26Z,2026-09-15T08:00:26Z,accept,flood_transport_hanoi,1,"flood_state,transport_impact,hanoi_location",0,search,ngập úng Hà Nội đi,,,,,,2026-09-25T10:33:49.038210+07:00
youtube,tD8KeX_FUPg,https://www.youtube.com/watch?v=tD8KeX_FUPg,Ngập Lụt,"Ngập Lụt
Hôm qua Hà Nội mưa lớn, đường phố thành sông, giao thông tê liệt 🚨
Nhiều học sinh kẹt lại trường, phụ huynh cuống cuồng đi đón giữa dòng nước.

❓Có người cho rằng: “Mưa bất thường, không thể trách ai được.”
❓Nhưng cũng có ý kiến gay gắt: “Ngập Hà Nội đâu phải chuyện mới, tại sao không có phương án dự phòng?”

Thực tế, có trường chủ động cho tan sớm – thậm chí nhắn phụ huynh tự quyết định cho con nghỉ. Nhưng không phải nơi nào cũng linh hoạt như vậy.

👉 Vậy lỗi nằm ở sự chậm chạp trong quản lý, hay phụ huynh chưa dám mạnh dạn tự quyết?
Comment quan điểm để cùng bàn luận nhé! #minhlamlai #tinnong  #giaothong  #giaoduc  #phuhuynh",2025-10-02T10:10:05Z,2025-10-02T10:10:05Z,accept,flood_transport_hanoi,1,"flood_state,transport_impact,hanoi_location",0,search,ngập lụt Hà Nội đi lại,,,,,,2026-09-25T10:38:28.322356+07:00
youtube,taQTPmNKFUk,https://www.youtube.com/watch?v=taQTPmNKFUk,Hà Nội hết ngập? Tứ Liên vẫn ngập sâu sau 5 ngày | Đi thực tế ngày 18/9,"Hà Nội hết ngập? Tứ Liên vẫn ngập sâu sau 5 ngày | Đi thực tế ngày 18/9
Ngày 18/9/2026, chúng tôi cùng anh em đi thực tế một vòng Hà Nội để ghi lại tình hình sau những ngày mưa lớn.

Trong khi nhiều tuyến phố đã tạnh mưa, nước rút và giao thông trở lại bình thường, một số khu vực thấp trũng vẫn còn ngập kéo dài.

Đáng chú ý là ngõ 39 phố Tứ Liên, nơi đến ngày 18/9 nước vẫn chưa rút hết sau nhiều ngày. Một số khu vực bị ngập sâu, ảnh hưởng trực tiếp đến việc đi lại và sinh hoạt của người dân.

Video ghi lại hình ảnh thực tế tại hiện trường, để mọi người có thêm góc nhìn về tình hình ngập úng ở Hà Nội sau mưa lớn.

📍 Địa điểm: Tứ Liên, Hà Nội
📅 Ghi hình: 18/9/2026

Nếu khu vực bạn đang sống cũng còn ngập, hãy chia sẻ tình hình ở phần bình luận để mọi người cùng biết.

Cảm ơn mọi người đã xem và đồng hành cùng LST Channel!

🎵 Music: Large Smile Mood – Nico Staf
🎧 Provided by: Loverthismusic (Royalty Free Music)
🔗 Original music: https://www.youtube.com/watch?v=5CXWOeBvimk
📌 FREE USE & MONETIZATION according to the music source's description.",2026-09-19T09:39:58Z,2026-09-19T09:39:58Z,accept,flood_transport_hanoi,1,"flood_state,transport_impact,hanoi_location",0,search,ngập úng Hà Nội đi,,,,,,2026-09-25T10:31:15.302417+07:00
youtube,tsX46vDvENM,https://www.youtube.com/watch?v=tsX46vDvENM,"Hà Nội mưa lớn, nhiều tuyến phố ngập sâu – Hòa Lạc có ngập không? | Khảo sát thực tế ","Hà Nội mưa lớn, nhiều tuyến phố ngập sâu – Hòa Lạc có ngập không? | Khảo sát thực tế 
Mưa lớn kéo dài, nhiều tuyến phố Hà Nội ngập sâu. Vậy Hòa Lạc thì sao?
Mình trực tiếp di chuyển từ khu tái định cư Bắc Phú Cát qua dự án Hòa Lạc Metro City để khảo sát thực tế.
Dù mưa khá lớn, trên hành trình này mình chưa ghi nhận điểm ngập sâu nào gây cản trở giao thông.
Mời anh chị cùng xem và chia sẻ tình hình tại khu vực mình sinh sống nhé!
Đỗ Toàn Thắng – Bất Động Sản Hòa Lạc
Đất Thật – Người Thật – Giá Trị Thật.

#hoalac #thoitiet #hanoi #hoalacmetrocity #batdongsanhoalac #thanghoalac",2026-09-17T13:06:30Z,2026-09-17T13:06:30Z,accept,flood_transport_hanoi,1,"flood_state,transport_impact,hanoi_location",0,search,lụt Hà Nội di chuyển,,,,,,2026-09-25T10:49:26.387415+07:00
youtube,u1qBSY_svdU,https://www.youtube.com/watch?v=u1qBSY_svdU,HÀ NỘI 48 GIỜ MƯA NGẬP: KHỔ ĐAU - SUNG SƯỚNG ĐỦ CẢ TRONG 9 PHÚT | S LIFESTYLE - LỐI SỐNG VIỆT,"HÀ NỘI 48 GIỜ MƯA NGẬP: KHỔ ĐAU - SUNG SƯỚNG ĐỦ CẢ TRONG 9 PHÚT | S LIFESTYLE - LỐI SỐNG VIỆT
48 giờ mưa xối xả khiến Hà Nội biến thành “biển nước” – xe chết máy, người bì bõm, phố phường tê liệt. Nhưng giữa khung cảnh hỗn loạn đó, đâu đó lại có những tiếng cười, những niềm vui kỳ quặc và những khoảnh khắc khó tin. 9 phút video này sẽ đưa bạn đi qua mọi cung bậc cảm xúc: từ đau khổ, ngán ngẩm đến những giây phút nhẹ nhõm, thậm chí... vui một cách lạ lùng giữa cơn mưa lịch sử của Thủ đô. #Slifestyle #hanoi #loisongviet 


Chào mừng bạn đến với S Lifestyle - Đời sống Việt!

Đây là nơi những hành trình khám phá không chỉ là chuyến đi mà còn là câu chuyện về con người. Kênh sẽ đưa bạn đến từng ngóc ngách của đất nước để trải nghiệm lối sống Việt chân thật nhất, từ những đặc sản vùng miền mộc mạc đến những nét văn hóa ngàn đời đang được gìn giữ.

Hãy cùng tôi tìm hiểu về cuộc sống người Việt, lắng nghe những câu chuyện đời thường và cảm nhận vẻ đẹp của đất nước trên mỗi chặng đường.

📣 Nếu bạn yêu mến vẻ đẹp của đất nước và con người Việt, hãy nhấn Đăng ký để cùng tôi viết nên những trang nhật ký hành trình ý nghĩa!

Bản quyền thuộc về S Lifestyle - Đời sống Việt
Theo dõi chúng tôi trên:
Fanpage: https://www.facebook.com/adm.vivuvietnam
Tiktok: https://www.tiktok.com/@adm.vivuvietnam

#Slifestyle #DoiSongViet #LoiSongViet #KhamPhaVietNam #VanHoaViet",2025-10-08T12:41:56Z,2025-10-08T12:41:56Z,accept,flood_transport_hanoi,1,"flood_state,transport_impact,hanoi_location",0,search,ngập lụt Hà Nội đi lại,,,,,1,2026-09-25T10:37:25.264856+07:00
youtube,u6I9nTOwMGA,https://www.youtube.com/watch?v=u6I9nTOwMGA,"Thời sự nóng: Cập nhật mới nhất các tuyến đường bị ngập ở Hà Nội hôm nay 9/10, người dân cần chú ý","Thời sự nóng: Cập nhật mới nhất các tuyến đường bị ngập ở Hà Nội hôm nay 9/10, người dân cần chú ý
Nhiều tuyến phố ở Hà Nội đã lưu thông bình thường trở lại. Tuy nhiên vẫn còn một số tuyến đường tiếp tục ngập nước, người dân cần chú ý khi di chuyển.
▶ Kênh Youtube tạp chí VietTimes chia sẻ các nội dung thông tin mạng xã hội, thời sự quốc tế, toàn cảnh quốc tế, nga ukraine mới nhất, tin nga ukraine, xung đột nga ukraine, tin quốc tế, nga ukraine hôm nay, tiêu điểm quốc tế, thời sự thế giới, bản tin quốc tế,chiến sự nga ukraine, tin tức thời sự, thời sự 19h, tin tức mới, tin mới, thời sự quốc tế, tin tức 24h mới nhất, nga và ukraine mới nhất, tin tức nga ukraine mới nhất, nga, ukraine, isarel, hamas, palestin, xung đột isarel hamas, xung đột isarel palestine , tin nóng, các tin tức cập nhật,… Với mong muốn cập nhật những thông tin, phân tích chính xác và nhanh nhất dưới góc nhìn truyền thông số cho quý vị và các bạn

🔔 Đăng ký kênh để theo dõi tin tức mới nhất: https://bit.ly/DangKyKenhVietTimes

Theo dõi Tạp chí điện tử Viettimes

📣 Web: https://viettimes.vn/
📣 Tiktok: https://www.tiktok.com/@viettimes.vn
📣 Youtube Channel: https://www.youtube.com/c/TapchiVietTimes/featured
📣 Fanpage: https://www.facebook.com/viettimes.vn
-----------------
© Bản quyền thuộc về Tạp chí điện tử Viettimes
© Copyright by Bao Viettimes  ☞ Do not Reup
#tapchiviettimes #tintucviettimes #viettimeskinhte #ngaplutohanoi",2025-10-09T05:48:00Z,2025-10-09T05:48:00Z,accept,flood_transport_hanoi,1,"flood_state,transport_impact,hanoi_location",0,search,đường ngập Hà Nội lưu thông,,,,,,2026-09-25T10:50:38.023509+07:00
youtube,uI4cYG9UuSE,https://www.youtube.com/watch?v=uI4cYG9UuSE,"Cận cảnh Tố Hữu, Hà Nội ngập sâu sáng nay #shorts #viral #shortsvideo #giaothong","Cận cảnh Tố Hữu, Hà Nội ngập sâu sáng nay #shorts #viral #shortsvideo #giaothong
🚨 Kênh cập nhật những tình huống giao thông đáng chú ý mỗi ngày

– Tai nạn thật
– Tình huống nguy hiểm
– Bài học khi tham gia giao thông

Xem để biết – biết để tránh!

⚠️ Lái xe an toàn bắt đầu từ nhận thức.

#giaothong #tinnong #tinnhanh #tinnong24h #tintuc #antoangiaothong
#tainangiaothong #unttac #duongpho #canhbaogiaothong #giaothongvietnam
#shorts #youtubeshorts #news #trafficnews",2026-09-17T07:06:58Z,2026-09-17T07:06:58Z,accept,flood_transport_hanoi,1,"flood_state,transport_impact,hanoi_location",0,search,ngập nước Hà Nội giao thông,,,,,,2026-09-25T10:43:24.318769+07:00
youtube,uNR1uDNUtD4,https://www.youtube.com/watch?v=uNR1uDNUtD4,Thiếu văn minh khi di chuyển trên đường ngập lụt | VTVWDB,"Thiếu văn minh khi di chuyển trên đường ngập lụt | VTVWDB
Thiếu văn minh khi di chuyển trên đường ngập lụt | VTVWDB

🌈 Dự báo thời tiết VTV là Kênh Youtube chính thức của Phòng Thời Tiết và Môi Trường, Ban Thời Sự – Đài Truyền Hình Việt Nam.

#dubaothoitiet #dbtt #vtvwdb #thoitiet #bantinthoitiet #vtvthoitiet #dubaothoitietvtv #thoitietvtv

►  Cập nhật về tình hình thời tiết và thiên tai nhanh nhất tại Dự Báo Thời Tiết VTV

👉Đăng ký kênh ngay:  https://www.youtube.com/vtvwdb?sub_confirmation=1
✔️Đồng hành cùng VTVWDB tại:
📌Fanpage chính thức      : https://fb.com/vtvthoitiet
📌Website chính thức       : https://vtvgo.vn/video/catalog/list/vodchannel_1172/thoi-tiet-hom-nay-11,vodchannel_1166.html
➥ Đơn vị vận hành: Phòng Thời Tiết và Môi Trường, Ban Thời Sự - Đài THVN, 43 Nguyễn Chí Thanh - Ba Đình - Hà Nội.
📞 Hotline tiếp nhận phán ánh về thiên tai và môi trường : 0983.456.456 - 0858.247.247
📧 Email: thoitiet@vtv.vn
©Bản Quyền Thuộc Về Đài Truyền Hình Việt Nam ✖️ Không đăng tải lại video.",2025-10-11T08:03:55Z,2025-10-11T08:03:55Z,accept,flood_transport_hanoi,1,"flood_state,transport_impact,hanoi_location",0,search,lụt Hà Nội di chuyển,,,,,,2026-09-25T10:47:30.454896+07:00
youtube,uW7s1NKlWrE,https://www.youtube.com/watch?v=uW7s1NKlWrE,"Trong nhà ngập sâu, người dân Phú Đô - Hà Nội phải đu thang thoát ra ngoài| Tin tức","Trong nhà ngập sâu, người dân Phú Đô - Hà Nội phải đu thang thoát ra ngoài| Tin tức
NLĐ | Trong nhà ngập sâu, người dân Phú Đô - Hà Nội phải đu thang thoát ra ngoài
Sáng sớm ngày 7 tháng 10, mưa lớn đã gây ngập nặng ở làng bún Phú Đô, phường Từ Liêm, Hà Nội. Nhiều người dân phải trèo thang thoát hiểm để ra khỏi nhà.
Trong video này, chúng tôi sẽ thông tin về:
Trong nhà ngập sâu, người dân Phú Đô phải đu thang thoát ra ngoài
Hà Nội mưa to, nhiều tuyến phố ngập sâu, giao thông khó khăn 
Hà Nội lại ngập sâu sau mưa lớn, nhiều khu vực tê liệt giao thông
Hà Nội hỏa tốc thông báo linh hoạt điều chỉnh kế hoạch dạy học ứng phó bão số 11
Bão số 11 Matmo gây mưa lớn ở Bắc Bộ, có nơi trên 300 mm
🔔 Hãy đăng kí kênh @Báo Người Lao động TV để không bỏ lỡ những thông tin hấp dẫn.
Thông tin sử dụng từ nguồn chính thức: 
https://nld.com.vn/video-trong-nha-ngap-sau-nguoi-dan-phu-do-phai-du-thang-thoat-ra-ngoai-196251007100932154.htm

#muangaphauno #baoso11matmo #phudo #ngaplutphudo #baonguoilaodong

----------------
📰 BÁO NGƯỜI LAO ĐỘNG – Kênh YouTube chính thức  
https://www.youtube.com/channel/UCzkyOx_0O1pGOqHiUMOe2KQ?sub_confirmation=1

Cập nhật liên tục:  
• Thời sự & Tin tức 24h  
• Quốc tế & Điểm nóng toàn cầu  
• Hồ sơ vụ án – Phân tích khách quan  
• Đời sống đô thị, Kinh tế & Sức khỏe  

🌐 Website: https://nld.com.vn  
📘 Fanpage: Người Lao Động  
🎵 TikTok: @baonguoilaodong  

👉 Đăng ký kênh để nhận thông tin nhanh chóng, chính xác và đáng tin cậy mỗi ngày.  
https://www.youtube.com/channel/UCzkyOx_0O1pGOqHiUMOe2KQ?sub_confirmation=1

🙏 Cảm ơn sự đồng hành của quý khán giả!  

#NguoiLaoDongTV #ThoiSu #TinTuc24h #TinQuocTe",2025-10-08T07:36:00Z,2025-10-08T07:36:00Z,accept,flood_transport_hanoi,1,"flood_state,transport_impact,hanoi_location",0,search,phố ngập Hà Nội tham gia giao thông,,,,,,2026-09-25T11:12:45.942131+07:00
youtube,ubvXdA_ibqI,https://www.youtube.com/watch?v=ubvXdA_ibqI,CUỘC GỌI LÚC 9 GIỜ VỚI MẸ VÀ BI KỊCH CỦA TÂN SINH VIÊN SAU TRẬN MƯA LỚN,"CUỘC GỌI LÚC 9 GIỜ VỚI MẸ VÀ BI KỊCH CỦA TÂN SINH VIÊN SAU TRẬN MƯA LỚN
#dongchayviet #NamSinhPhoVien #NamSinhHaNoi #TanSinhVien

Những ngày mưa lớn liên tiếp khiến nhiều tuyến đường tại Hà Nội ngập sâu, giao thông ùn tắc và tiềm ẩn hàng loạt nguy hiểm. Tại phố Viên, phường Đông Ngạc, một nam sinh năm nhất Trường Đại học Mỏ - Địa chất mất liên lạc sau khi đi qua khu vực ngập nước. Em mới nhập học được khoảng ba tuần và chưa thông thuộc đường đi tại Hà Nội.

🔥 Đừng quên LIKE, SHARE và SUBSCRIBE kênh để liên tục ""hóng"" những tin tức nóng phỏng tay nhé!
👉 LINK ĐĂNG KÝ: https://www.youtube.com/@dongchayviet09
© Do not Reup",2026-09-18T07:22:06Z,2026-09-18T07:22:06Z,accept,flood_transport_hanoi,1,"flood_state,transport_impact,hanoi_location",0,search,ngập nước Hà Nội giao thông,,,,,,2026-09-25T10:41:31.353431+07:00
youtube,vJiShRYT4QI,https://www.youtube.com/watch?v=vJiShRYT4QI,"Ngập cao tốc Hà Nội - Thái Nguyên, CSGT hướng dẫn lộ trình thay thế | Tin nhanh","Ngập cao tốc Hà Nội - Thái Nguyên, CSGT hướng dẫn lộ trình thay thế | Tin nhanh
PLO | Ngập cao tốc Hà Nội - Thái Nguyên, CSGT hướng dẫn lộ trình thay thế
Do mưa lớn khiến nước lũ dâng cao, nhiều đoạn trên cao tốc Hà Nội - Thái Nguyên bị ngập sâu. Cảnh sát giao thông đã nhanh chóng phân luồng, hướng dẫn phương tiện đi theo lộ trình thay thế để đảm bảo an toàn và tránh ùn tắc.
Trong video có những nội dung chính sau:
Ngập gần hết bánh xe ô tô, cao tốc Hà Nội - Thái Nguyên nhiều đoạn tê liệt
 Lũ đe dọa ngoại thành Hà Nội, gây sạt lở tuyến đường sắt Hà Nội - Thái Nguyên
9 cán bộ chiến sĩ Công an Thái Nguyên bị thương khi chống lũ, cứu nạn cứu hộ
Bạn có muốn cập nhật thêm diễn biến ngập lụt tại các vùng ngoại ô Hà Nội. Hãy để lại bình luận nhé.
🔔 Đừng quên like, share và subscribe kênh @PLOTV để không bỏ lỡ các nội dung ý nghĩa tiếp theo!
Thông tin trên được sử dụng từ nguồn chính thức: https://plo.vn/ngap-cao-toc-ha-noi-thai-nguyen-csgt-chi-duong-thay-the-post874827.html

#lugaysatlo #satloduongsat #ludedoaduongsat #baophapluattphcm 
----------------------------
📰 PLO | Báo Pháp Luật TP.HCM – Kênh YouTube chính thức  
Nơi cập nhật tin tức thời sự, chính trị, pháp luật, quốc tế nhanh chóng – chính xác – khách quan.  

📺 Nội dung nổi bật trên kênh:  
• Toàn Cảnh Thời Sự – Phân tích chính trị, xã hội, pháp luật mỗi ngày  
• Toàn Cảnh Quốc Tế – Diễn biến thế giới qua góc nhìn thời sự  
• Lật Mở Hồ Sơ – Sự thật phía sau những vụ án nổi tiếng  
• Phóng sự & Series đặc biệt – Giải mã các câu chuyện thời sự được quan tâm  

👉 Đăng ký ngay để không bỏ lỡ tin tức nóng hổi, phân tích chuyên sâu và góc nhìn chính thống từ Báo Pháp Luật TP.HCM.  
🔔 Subscribe: https://www.youtube.com/c/PLOTV?sub_confirmation=1  

🌐 Theo dõi Báo Pháp Luật TP.HCM trên các nền tảng khác:  
• Website: https://plo.vn  
• Fanpage: https://www.facebook.com/phapluattp.vn/  

⚠️ Bản quyền thuộc Báo Pháp Luật TP.HCM – Vui lòng không reup khi chưa có sự đồng ý.  

#PLO #ThoiSu #PhapLuat #TinTucMoiNhat #BaoPhapLuatTPHCM",2025-10-10T10:00:06Z,2025-10-10T10:00:06Z,accept,flood_transport_hanoi,1,"flood_state,transport_impact,hanoi_location",1,search,ngập nước Hà Nội giao thông,,,,,,2026-09-25T10:06:21.311964+07:00
youtube,vXjZYJ_1WHM,https://www.youtube.com/watch?v=vXjZYJ_1WHM,"Hà Nội ngập sâu, giao thông tê liệt, người dân và bệnh nhân Bệnh viện K Tân Triều chật vật đi lại","Hà Nội ngập sâu, giao thông tê liệt, người dân và bệnh nhân Bệnh viện K Tân Triều chật vật đi lại
TTVH | Ảnh hưởng hoàn lưu bão số 11 khiến nhiều tuyến đường ở Hà Nội ngập sâu, trong đó khu vực trước cổng Bệnh viện K Tân Triều bị nước bao phủ suốt nhiều giờ. Hàng trăm bệnh nhân ung thư và người nhà phải vật lộn giữa dòng nước để kịp giờ điều trị.
_____________________
🔔 THỂ THAO & VĂN HÓA: là kênh Youtube chia sẻ các nội dung tin tức về thể thao và văn hóa trong nước cũng như nước ngoài. Với mong muốn cập nhật những thông tin chính xác và nhanh nhất trên nền tảng số cho quý vị và các bạn. Cảm ơn các bạn đã xem video!

🔔 ĐĂNG KÝ KÊNH để nhận những thông tin mới nhất: http://bit.ly/thethao_vanhoa
Website: http://thethaovanhoa.vn/
Fanpage: https://www.facebook.com/baothethaovanhoa

© Bản quyền thuộc về TT&VH HUB
© Copyright by TT&VH HUB ☞ Do not Reup
#Ktântriều #benhvienK #hoanluubao",2025-10-07T15:30:39Z,2025-10-07T15:30:39Z,accept,flood_transport_hanoi,1,"flood_state,transport_impact,hanoi_location",0,search,ngập nước Hà Nội giao thông,,,,,,2026-09-25T10:08:05.038069+07:00
youtube,vd6T_W5JB-s,https://www.youtube.com/watch?v=vd6T_W5JB-s,BÀNG HOÀNG HÀ NỘI NGẬP LỤT NƯỚC DỀNH QUÁ KHỦNG KHIẾP - KÊNH ĐÀO BÌNH LỤC PINGLU 134KM TRUNG QUỐC,"BÀNG HOÀNG HÀ NỘI NGẬP LỤT NƯỚC DỀNH QUÁ KHỦNG KHIẾP - KÊNH ĐÀO BÌNH LỤC PINGLU 134KM TRUNG QUỐC
cuộc sống sài gòn
ỦNG HỘ KÊNH XIN CÁC BẠN NHẤN ÐĂNG KÝ (MIỄN PHÍ) ÐỂ THEO DÕI.
Please SUBSCRIBE to my channel:
https://goo.gl/sCe18n

#cuocsongsaigon #saigon #dulich

bàng hoàng hà nội khắp nơi chìm trong biển nước, ngập lụt nước dềnh kinh hoàng và kênh đào bình lục 134km trung quốc vừa thông tuyến




*hành trình đà lạt về sài gòn NHANH NHẤT ngắm nhiều cảnh đẹp* https://www.youtube.com/watch?v=mF9boR262pk&t=7774s

*du lịch thái lan tự túc rẻ hơn đi phú quốc* https://youtu.be/ZkLPe3wwu2Q?si=xQ-PiK5cxVS0vnmO

*con đường BƯỚM ĐÊM khét tiếng* https://www.youtube.com/watch?v=pxIzO3OGH3Y

*biệt thự nhà VIỆT HƯƠNG giàu chưa từng thấy* https://www.youtube.com/watch?v=D3frYXLeeqA

*sài gòn NGẬP KINH HOÀNG NGÀY ĐÊM SÁNG TỐI* https://www.youtube.com/watch?v=C0FYpVspSvw

*khu nhà lầu đại gia CHO TIỀN KHÔNG DÁM Ở* https://www.youtube.com/watch?v=n9NR-6L3Qzk

*kinh khủng 2 SIÊU THỊ LỚN NHẤT KHỦNG NHẤT THÀNH PHỐ BÌNH DƯƠNG* https://www.youtube.com/watch?v=1fIaiEEJTLE

*ai ngờ ĐÊM GIÁNG SINH SÀI GÒN ăn chơi khắp nơi* https://www.youtube.com/watch?v=l3chnh_6K8E

*kinh hoàng XẢ NƯỚC CỐNG VỪA ĐEN VỪA THÚI chưa từng thấy* https://www.youtube.com/watch?v=WieinQ8cLIM

*view xem pháo hoa đẹp nhất sài gòn* https://www.youtube.com/watch?v=ECfzA_kJ25c

*đổi tiền NGOẠI TỆ CHỢ BẾN THÀNH mùng 1 tết tây* https://www.youtube.com/watch?v=jouxGAnTPKU

*xóm đạo hang đá lớn nhất sài gòn* https://www.youtube.com/watch?v=ulY8xM4yosQ

*bắn pháo hoa ĐÊM GIAO THỪA lạ chưa từng thấy* https://www.youtube.com/watch?v=1ke2JXUGQnI

*giây phút căng thẳng CHẶN XE CHỜ CỨU THƯƠNG tai nạn giao thông xóm đạo* https://www.youtube.com/watch?v=vCcltNg1zZ8

*sài gòn VỠ TRẬN ĐÊM GIAO THỪA 2024 cảnh tượng chưa từng thấy* https://www.youtube.com/watch?v=ahVu_p6r68Y

*giá rẻ bất ngờ NGẬP TRÀN HÀNG LẠ CHỢ BẾN THÀNH BÁN SAO LẠI* https://www.youtube.com/watch?v=lpRo3-QYQkY

*du lịch THÁI LAN TỰ TÚC giáng sinh 2024* https://www.youtube.com/playlist?list=PL0N8x1Z6ldye69BA_Kf1Uk3zUKBRIVZLE

*kinh hoàng NƯỚC NGẬP PHUN VĂNG NẮP CỐNG chưa từng thấy ở chợ lớn* https://www.youtube.com/watch?v=2BBoXsPQ8go&list=RDCMUCJucs3KKotPlqF1GZo-DWbw&index=5

*giật mình cảnh hàng ngàn bạn trẻ xếp hàng chờ mua túi 99k việt kiều đức thái công* https://www.youtube.com/watch?v=JhUiyIzGYQM

*chợ tết sài gòn 2024 mùa phá sản khắp nơi* https://www.youtube.com/watch?v=kvIJ1F24ub0

*lớn chưa từng thấy LỄ HỘI CHỢ TẾT VIỆT 2024* https://www.youtube.com/watch?v=1JBWU_zlakc&t=2995s

*toàn cảnh chợ tết chợ bến thành sài gòn* https://www.youtube.com/watch?v=8sBjoPqMEVI&t=22s

*hành trình cao tốc SÀI GÒN NHA TRANG nhanh chưa từng thấy* https://www.youtube.com/watch?v=-7-4jWhoBaU&t=288s

*viếng mộ ông NGUYỄN BÁ THANH người nổi tiếng nhất ĐÀ NẴNG* https://www.youtube.com/watch?v=q9i8oYFC6oo&t=66s
 
*FULL NGÀY 1 TOUR NHẬT BẢN 35 TRIỆU NGẮM HOA ANH ĐÀO* https://www.youtube.com/watch?v=hBXW0BeYfiU 

*FULL NGÀY 2 TOUR NHẬT BẢN 35 TRIỆU NGẮM HOA ANH ĐÀO & NÚI PHÚ SĨ* https://www.youtube.com/watch?v=SVNY0BR4Hn4

*FULL NGÀY 3 TOUR NHẬT BẢN 35 TRIỆU NGẮM HOA ANH ĐÀO* https://www.youtube.com/watch?v=n1h0EKrUz7Y",2026-09-17T23:16:05Z,2026-09-17T23:16:05Z,accept,flood_transport_hanoi,1,"flood_state,transport_impact,hanoi_location",1,search,ngập lụt Hà Nội đi lại,,,,,1,2026-09-25T10:44:10.406933+07:00
youtube,vj42USl_RUI,https://www.youtube.com/watch?v=vj42USl_RUI,Giúp đỡ và hỗ trợ người dân qua vùng ngập úng  | Hà Nội đẹp và chưa đẹp,"Giúp đỡ và hỗ trợ người dân qua vùng ngập úng  | Hà Nội đẹp và chưa đẹp
Trong điều kiện mưa lớn và ngập úng trên diện rộng, có rất nhiều hình ảnh đẹp của lực lượng chức năng Thành phố, đã thể hiện tinh thần trách nhiệm, bảo vệ sự an toàn cho nhân dân. Sẵn sàng giúp đỡ và hỗ trợ người dân, đặc biệt là người già, bệnh nhân, phụ nữ và trẻ em đi qua khu vực ngập úng hoặc đến đúng địa điểm cần thiết. 
#hanoidepvachuadep #daihanoi #tintuc
----
➡ Đây là Kênh Youtube chính thức của Đài Phát thanh và Truyền hình Hà Nội.
➡ Click Theo dõi (Subscribe) để nhận thông tin tin tức kịp thời trên kênh Youtube của Đài Phát thanh và Truyền hình Hà Nội:
https://www.youtube.com/HaNoiTVGo?sub_confirmation=1

👉 THÔNG TIN LIÊN HỆ: 
🔶 Đài Phát Thanh Truyền Hình Hà Nội: Số 3-5 Huỳnh Thúc Kháng, Đống Đa, Hà Nội
📧 Email: ttnoidungso@daihanoi.vn
☎️ Điện thoại: 0865.116.699

#DaiHaNoi #HanoiOnline",2025-10-07T15:12:42Z,2025-10-07T15:12:42Z,accept,flood_transport_hanoi,1,"flood_state,transport_impact,hanoi_location",0,search,ngập úng Hà Nội đi,,,,,,2026-09-25T11:25:35.978205+07:00
youtube,wMNM--8_Zls,https://www.youtube.com/watch?v=wMNM--8_Zls,"An ninh toàn cảnh ngày 11/10: Ngập lụt ở Hà Nội, Bắc Ninh còn kéo dài 1 đến 3 ngày tới","An ninh toàn cảnh ngày 11/10: Ngập lụt ở Hà Nội, Bắc Ninh còn kéo dài 1 đến 3 ngày tới
ANTV | An ninh toàn cảnh là bản tin thời sự tổng hợp tin tức 24h mới nhất được phát sóng 11h hàng ngày trên ANTV - Truyền hình Công an Nhân dân. Chương trình với nhiều tiểu mục hấp dẫn như: Điểm nóng an ninh trật tự, Cư dân mạng, Câu chuyện giao thông, Góc nhìn chuyên gia, bản tin 113 online, lệnh truy nã... Không chỉ cập nhật tin tức an ninh trật tự, bản tin còn có nhiều thông tin thú vị về văn hóa, chính trị, xã hội, thể thao tại trong nước và quốc tế, hứa hẹn sẽ là bữa trưa thông tin tuyệt vời dành cho quý khán giả.

0:00 Trong bản tin sẽ có những tin chính sau:
00:45 Cháy nhà ở Hà Nội, 5 người tử vong 
01:18 Cháy tầng 4 nhà tập thể ở đường Đê La Thành, Hà Nội 
01:39 Ngập lụt ở Hà Nội, Bắc Ninh còn kéo dài 1 đến 3 ngày tới 
02:16 Thiệt hại mưa lũ sau bão số 11 ước tính 5.450 tỷ đồng
02:54 Cao Bằng: Bắt giữ đối tượng giết người tại xã Phan Thanh 
03:21 Cư dân mạng: Sức mạnh số trong bão lũ 
08:15 Câu chuyện giao thông: Hà Nội: Giữ dòng giao thông giữa biển nước lũ 
12:39 Góc nhìn chuyên gia: Ứng dụng camera AI giám sát giao thông: Minh bạch và công bằng 

Mời quý vị khán giả xem thêm:

👉Tin tức về các hoạt động của Tổng Bí thư Tô Lâm: https://bit.ly/DaiTuongToLam

👉Tin tức về các hoạt động của Đại tướng Lương Tam Quang, Ủy viên Bộ Chính trị, Bộ trưởng Bộ Công an: https://www.youtube.com/playlist?list=PLF3UjIBiVGVCmwQ_gHfuiWon_Fo9hWDB4

👉 Nghị quyết số 12-NQ/TW về xây dựng lực lượng CAND : https://bit.ly/Nghiquyet12BCT

👉Hành trình phá án những vụ án kinh điển : https://bit.ly/HanhtrinhphaanANTV

★ ĐĂNG KÝ AN NINH TV:  http://www.youtube.com/channel/UCIg56SgvoZF8Qg0Jx_gh6Pg?sub_confirmation=1

★Tải ứng dụng ANTV Go trên :
 ✅ App Store : https://bit.ly/3FuytkK
 ✅Google Play : https://bit.ly/3mRcsGt
---------------------------------------------------------------
ANTV – Truyền hình CAND là kênh tin tức thời sự an ninh trật tự chuyên biệt. Tin tức mới nhất được cập nhật liên tục hàng ngày. Nguyên tắc thông tin là Nhân văn - Tin cậy - Kịp thời - Hấp dẫn .
Có ý kiến xây dựng hoặc đề nghị, vui lòng để lại comment phía dưới video. 

✔ Website chính thức: www.antv.gov.vn
✔ Fanpage chính thức: https://www.facebook.com/TruyenHinhCongAn/

✬ Rất mong được mọi người ủng hộ và subscribe kênh, cũng đừng quên bấm like và share cho bạn bè nhé! Xin cảm ơn!

Xin chào, chúc mọi người xem vui vẻ!!!

#antv #anninhtoancanh #ngaplut",2025-10-11T06:00:21Z,2025-10-11T06:00:21Z,accept,flood_transport_hanoi,1,"flood_state,transport_impact,hanoi_location",0,search,ngập nước Hà Nội giao thông,,,,,,2026-09-25T10:06:04.754069+07:00
youtube,wMTIEN1-haw,https://www.youtube.com/watch?v=wMTIEN1-haw,Hà Nội công bố 65 điểm ngập úng  #tintuc #tintuc24h #news,"Hà Nội công bố 65 điểm ngập úng  #tintuc #tintuc24h #news
Theo Đài Khí tượng Thủy văn Bắc Bộ, từ trưa ngày 30 đến sáng nay, Hà Nội tiếp tục có mưa vừa, mưa to đến rất to kèm dông do ảnh hưởng hoàn lưu bão số 10.
Từ 7 giờ đến 11 giờ: mưa rải rác.
Từ 11 giờ đến 13 giờ : mưa lớn tập trung, nhiều nơi ghi nhận lượng mưa trên 150mm/120 phút.
Hiện trên địa bàn thành phố đã xuất hiện 65 điểm ngập úng, gây khó khăn cho việc đi lại và sinh hoạt của người dân.",2025-09-30T23:01:15Z,2025-09-30T23:01:15Z,accept,flood_transport_hanoi,1,"flood_state,transport_impact,hanoi_location",0,search,ngập lụt Hà Nội đi lại,,,,,,2026-09-25T10:39:27.495171+07:00
youtube,wMW6X36jqB4,https://www.youtube.com/watch?v=wMW6X36jqB4,🔴 TRỰC TIẾP: Giao thông Hà Nội NGẬP LỤT NẶNG - PHỐ THÀNH VỊNH sau mưa bão số 10 | VOV Giao thông,"🔴 TRỰC TIẾP: Giao thông Hà Nội NGẬP LỤT NẶNG - PHỐ THÀNH VỊNH sau mưa bão số 10 | VOV Giao thông
🔴 TRỰC TIẾP: Giao thông Hà Nội NGẬP LỤT NẶNG - PHỐ THÀNH VỊNH sau mưa bão số 10 | VOV Giao thông
Hà Nội tiếp tục chịu ảnh hưởng sau bão số 10 Bualoi với mưa lớn kéo dài, gây ngập úng và ùn tắc cục bộ trên nhiều tuyến phố. Livestream cập nhật hình ảnh thực tế về tình hình ngập lụt và giao thông ngay lúc này.
👉 Theo dõi VOV Giao thông để nhận tin nhanh nhất, cảnh báo mưa lũ và các thông tin quan trọng về giao thông Hà Nội sau bão.
Tham gia hội viên của VOV Giao thông bạn nhé:
https://www.youtube.com/channel/UCPeJU6XNeZMwaHYXE27Vgmg/join

Kính chào quý khán thính giả đã đến với channel chính thức của Kênh VOV Giao thông, Đài Tiếng nói Việt Nam. Kính chúc quý vị sẽ có thời gian theo dõi tin tức hữu ích cùng VOV Giao thông. Nếu có hình ảnh nào đáng chú ý trên đường, các bạn có thể gửi về số điện thoại zalo: 0988239969.

#vovgiaothong #vovgt #tintuc #hotnews #news #thongtin #giaothong #tieudiem #tinnong #xuhuong #cameragiaothong #checkvar #tinhuonggiaothong #camerahanhtrinh #binhluan #gocnhin #caotoc #vov #daitiengnoivietnam #phatthanh #daiphatthanh #batdongsan #nhadat #ngaogia
--------------------------------------------
Đăng ký theo dõi Kênh Youtube VOV Giao thông để xem những tin tức mới nhất:
https://youtube.com/@kenhvovgiaothong?si=OStZt6XJZU1sYzBU

Đây là Kênh Youtube chính thức của Kênh VOV Giao thông - Đài Tiếng nói Việt Nam
- Website: https://vovgiaothong.vn/
- Fanpage: https://www.facebook.com/KenhVOVGT

Tầng 10, Số 58 Quán Sứ, Hà Nội
ĐT: 02437.919191
Email: vovgtchannel@gmail.com",2025-09-30T08:03:32Z,2025-09-30T08:03:32Z,accept,flood_transport_hanoi,1,"flood_state,transport_impact,hanoi_location",0,search,phố ngập Hà Nội tham gia giao thông,,,,,,2026-09-25T11:16:32.433092+07:00
youtube,wPSkAh_7zTU,https://www.youtube.com/watch?v=wPSkAh_7zTU,Hà Nội: Nội đô vẫn còn gần 20 điểm ngập sâu sau mưa lớn,"Hà Nội: Nội đô vẫn còn gần 20 điểm ngập sâu sau mưa lớn
Nội đô Hà Nội vẫn còn hàng loạt điểm ngập sâu từ 20 đến 30 cm dù trời đã ngừng mưa vào chiều ngày 17/9. Tình trạng ngập lụt gây ảnh hưởng trực tiếp đến việc di chuyển của người dân và phương tiện giao thông.

🔎 Theo ghi nhận, các tuyến phố như Doãn Kế Thiện, Dương Đình Nghệ và Phan Văn Trường là những điểm nóng với mực nước ngập sâu. Đặc biệt tại đường Dương Đình Nghệ, nước ngập sâu 30 cm kéo dài hơn 100 mét, gây khó khăn lớn cho việc lưu thông.

📰 Nguyên nhân do lượng mưa lớn từ sáng 14/9 đến 9 giờ sáng 17/9 tại nhiều khu vực đạt từ 400 đến 500 mm. Mưa lớn vào giờ cao điểm đã khiến giao thông bị tê liệt và làm xe cộ chết máy hàng loạt tại nhiều tuyến đường.

⚠️ Hiện tại, Công ty Thoát nước Hà Nội đang tích cực huy động nhân lực và phương tiện để vận hành các trạm bơm đầu mối, vệ sinh và khơi thông dòng chảy. Dự báo từ ngày mai, mưa lớn tại khu vực Bắc Bộ sẽ bắt đầu giảm dần.

Nếu bạn thấy thông tin này hữu ích, hãy nhấn thích, để lại bình luận và đăng ký kênh để cập nhật những tin tức mới nhất nhé. Truy cập kênh tại: https://www.youtube.com/@linpi-newsreview

#LinPiNewsReview #TinTuc #NewsShort #GocNhinGenZ

📰 Nguồn tham khảo: vnexpress – https://vnexpress.net/noi-do-ha-noi-con-gan-20-diem-ngap-5121450.html",2026-09-17T16:00:40Z,2026-09-17T16:00:40Z,accept,flood_transport_hanoi,1,"flood_state,transport_impact,hanoi_location",0,search,ngập nước Hà Nội giao thông,,,,,,2026-09-25T10:42:00.800114+07:00
youtube,wQWwEcyLW3I,https://www.youtube.com/watch?v=wQWwEcyLW3I,"Đường phố ngập sau mưa lớn, người dân Hà Nội khổ sở dắt xe chết máy đến chỗ làm","Đường phố ngập sau mưa lớn, người dân Hà Nội khổ sở dắt xe chết máy đến chỗ làm
#thoisuthanhnien #tinnongthanhnien #phongsuthanhnien #baothanhnien
Sáng 15.9, sau trận mưa lớn trong đêm, nhiều tuyến đường tại Hà Nội ngập sâu, có nơi nước dâng ngang đầu gối. Giữa giờ cao điểm, nhiều phương tiện bị chết máy, người dân chật vật vượt qua các điểm ngập để đến nơi làm việc.
0:00 Đường phố ngập sau mưa lớn, người dân Hà Nội khổ sở dắt xe chết máy đến chỗ làm
3:21 TP.HCM cấm ô tô một chiều đường Tân Kỳ Tân Quý, rào một phần đường Trường Chinh
5:57 Ăn bánh mì ở tiệm mới khai trương, hơn 40 người nghi ngộ độc thực phẩm
--------
Đăng kí theo dõi kênh để xem những tin tức mới nhất: 

https://metub.net/BaoThanhNien

Tin tức báo Thanh Niên - Đọc tin mới online - tin nhanh - tin 24h - thời sự
Kênh YouTube chính thức của Báo Thanh Niên. Đăng kí theo dõi kênh để xem những tin tức mới nhất: 

https://metub.net/BaoThanhNien

Website: http://thanhnien.vn/
Fanpage: https://www.facebook.com/thanhnien

Youtube Channel: https://metub.net/BaoThanhNien

268 - 270 Nguyễn Đình Chiểu, Phường Xuân Hòa, TP.HCM 
ĐT: (+84.8) 39302302 
Fax: (+84.8) 39309939 
Email: truyenhinh@thanhnien.vn",2026-09-15T09:30:06Z,2026-09-15T09:30:06Z,accept,flood_transport_hanoi,1,"flood_state,transport_impact,hanoi_location",1,search,ngập úng Hà Nội đi,,,,,,2026-09-25T10:33:45.829437+07:00
youtube,wTdvtahkZ3Q,https://www.youtube.com/watch?v=wTdvtahkZ3Q,"Ngập cục bộ, người dân xã Thất Khê (Lạng Sơn) di chuyển bằng bè mảng trên đường | VOV","Ngập cục bộ, người dân xã Thất Khê (Lạng Sơn) di chuyển bằng bè mảng trên đường | VOV
VOV | Do ảnh hưởng của mưa lớn kéo dài khiến mực nước sông Bắc Giang dâng cao, nhiều khu vực trên quốc lộ 4A đoạn qua xã Thất Khê (huyện Tràng Định, tỉnh Lạng Sơn) bị ngập sâu, gây gián đoạn giao thông. Trước tình hình đó, người dân địa phương đã tự chế các bè mảng để di chuyển qua những đoạn đường bị ngập, đảm bảo sinh hoạt hằng ngày. Theo ghi nhận, nhiều tuyến đường lớn và các ngõ nhỏ trong địa bàn đều ngập sâu, khiến việc đi lại gần như tê liệt. 
_________________________________
Đăng ký theo dõi kênh Báo Điện tử Tiếng nói Việt Nam (VOV) để xem những tin tức mới nhất: https://bit.ly/DangKyKenhBaoDienTuVOV

Đây là kênh YouTube chính thức của Báo Điện tử VOV - Đài Tiếng nói Việt Nam
- Website: https://vov.vn
- Fanpage: https://www.facebook.com/baodientuvov
- Tiktok: Báo điện tử VOV ID:@baodientuvov
- Xem Youtube Báo Điện tử Tiếng nói Việt Nam (VOV) trên GG News: https://bit.ly/VOVGGNews 

37 Bà Triệu, Hoàn Kiếm, Hà Nội, Việt Nam
ĐT: (+84) 24 22105148
Fax: Fax: (+84) 24 39344230
Email: toasoanvov.vn@gmail.com

Kênh youtube Báo Điện tử Tiếng nói Việt Nam (VOV) là kênh Youtube chia sẻ các nội dung tin tức, chính trị, kinh tế, quốc tế, thế giới, pháp luật, nga ukraine mới nhất, tin nga ukraine,xung đột nga ukraine,tin quốc tế,nga ukraine hôm nay,tiêu điểm quốc tế,toàn cảnh quốc tế,thời sự quốc tế,thời sự thế giới,toàn cảnh thế giới,bản tin quốc tế,chiến sự nga ukraine, tin tức thời sự ,thời sự 19h,tin tức mới,tin mới,thời sự quốc tế,tin tức 24h mới nhất, nga và ukraine mới nhất, tin tức nga ukraine mới nhất,nga,ukraine, tin biển đông,tin nóng, các tin tức cập nhật,… cùng các phân tích, bình luận của các chuyên gia, học giả trong nước và quốc tế. 
Cảm ơn các bạn đã xem video! Hãy đăng ký kênh để cập nhật thông tin mới hữu ích nhất!
_________________________________
#vov #thoisu #tintuc",2025-10-09T00:30:59Z,2025-10-09T00:30:59Z,accept,flood_transport_hanoi,1,"flood_state,transport_impact,hanoi_location",0,search,lụt Hà Nội di chuyển,,,,,,2026-09-25T10:48:19.521709+07:00
youtube,wX09xi5JKYs,https://www.youtube.com/watch?v=wX09xi5JKYs,"Lũ sông Bùi vượt báo động 3, Hà Nội khẩn trương gia cố đê #tintuc24h #thoitiet","Lũ sông Bùi vượt báo động 3, Hà Nội khẩn trương gia cố đê #tintuc24h #thoitiet
Lũ trên sông Bùi, đoạn qua ngoại thành Hà Nội, đang diễn biến nguy hiểm khi mực nước vượt báo động cấp III.

Tại trạm thủy văn Yên Duyệt, mực nước ghi nhận 7,07 mét, cao hơn báo động III khoảng 0,07 mét. Trước tình hình này, Hà Nội đã phát lệnh báo động lũ cấp III trên sông Bùi.

Hàng trăm người dân, lực lượng xung kích phòng chống thiên tai và 130 chiến sĩ đã được huy động để xúc cát, đóng bao, gia cố những đoạn đê thấp, trũng và có nguy cơ tràn nước.

Dự báo mưa còn tiếp diễn đến ngày 18/9, mực nước sông Bùi có thể tiếp tục dâng trong 24–48 giờ tới, gây nguy cơ ngập tại các vùng trũng thấp và khu vực ven sông.

Người dân cần chủ động theo dõi cảnh báo, hạn chế di chuyển qua khu vực ngập lụt và thực hiện hướng dẫn của chính quyền địa phương.

Theo dõi Tin tức 24h để cập nhật nhanh những diễn biến mới nhất.

#TinTuc24h #HaNoi #LuSongBui #BaoDongLu #MuaLon #NgapLut #ThienTai #Shorts",2026-09-16T14:56:34Z,2026-09-16T14:56:34Z,accept,flood_transport_hanoi,1,"flood_state,transport_impact,hanoi_location",0,search,lụt Hà Nội di chuyển,,,,,,2026-09-25T10:50:21.824980+07:00
youtube,w_KYLr3IoNk,https://www.youtube.com/watch?v=w_KYLr3IoNk,Xác minh thông tin nam sinh nghi bị nước cuốn mất tích khi đi qua đường ngập ở Hà Nội,"Xác minh thông tin nam sinh nghi bị nước cuốn mất tích khi đi qua đường ngập ở Hà Nội
Xem thêm tại: https://tuoitre.vn/xac-minh-thong-tin-nam-sinh-nghi-bi-nuoc-cuon-mat-tich-khi-di-qua-duong-ngap-o-ha-noi-100260918072555528.htm?fbclid=IwY2xjawUZfaRwZG9mBWV4dG4DYWVtAjEwAGJyaWQRMW9FV0hyVjEyVmFQc3Bxa2tzcnRjBmFwcF9pZBAyMjIwMzkxNzg4MjAwODkyAAEeHgEvk-7kDZY4xUzbRn1uf1eyIl4M3A-gVvcIJB2iFaeXW6VrMZj-3AkNKVA_aem_8gN_GaJ6xSn3CBP33LHJ1Q#content-1

Lãnh đạo UBND phường Đông Ngạc (Hà Nội) cho biết cơ quan công an đang xác minh thông tin nam sinh viên mất liên lạc sau khi đi qua đoạn đường ngập. Tại hiện trường chỉ phát hiện một chiếc xe máy.

#tinnong 
----------------------------
📰 Kênh YouTube chính thức cập nhật tin tức thời sự, chính trị, pháp luật, quốc tế nhanh chóng – chính xác – khách quan.  

👉 Đăng ký ngay để không bỏ lỡ tin tức nóng hổi, phân tích chuyên sâu và góc nhìn chính thống từ Báo Pháp Luật TP.HCM.  
🔔 Subscribe: https://www.youtube.com/c/PLOTV?sub_confirmation=1  

🌐 Theo dõi Báo Pháp Luật TP.HCM trên các nền tảng khác:  

• Website: https://tuoitre.vn  

• Fanpage: https://www.facebook.com/phapluattp.vn/  

⚠️ Bản quyền thuộc Báo điện tử Tuổi Trẻ  – Vui lòng không reup khi chưa có sự đồng ý.  

#ThoiSu #PhapLuat #TinTucMoiNhat",2026-09-18T02:44:21Z,2026-09-18T02:44:21Z,accept,flood_transport_hanoi,1,"flood_state,transport_impact,hanoi_location",1,search,ngập lụt Hà Nội đi lại,,,,,,2026-09-25T10:44:04.091863+07:00
youtube,wifBfPRabNM,https://www.youtube.com/watch?v=wifBfPRabNM,"Phường Yên Hòa (Hà Nội): Vật liệu xây dựng, rác thải &quot;bủa vây&quot; phố Dương Đình Nghệ","Phường Yên Hòa (Hà Nội): Vật liệu xây dựng, rác thải &quot;bủa vây&quot; phố Dương Đình Nghệ
Bụi mù những ngày nắng, lầy lội, nhếch nhác vào những hôm mưa… đó là tình trạng đang diễn ra tại phố Dương Đình Nghệ (phường Yên Hòa, Hà Nội) do việc lấn chiếm lòng đường, vỉa hè làm nơi tập kết vật liệu xây dựng, rác thải. Đáng nói, tình trạng này đã diễn ra từ lâu, gây nguy hiểm cho người tham gia giao thông và ô nhiễm môi trường…nhưng không được xử lý dứt điểm…",2025-08-13T06:07:14Z,2025-08-13T06:07:14Z,reject,missing_group:flood_state,1,"transport_impact,hanoi_location",0,search,phố ngập Hà Nội tham gia giao thông,,,,,,2026-09-25T11:25:06.557076+07:00
youtube,wlA8VPrqyn0,https://www.youtube.com/watch?v=wlA8VPrqyn0,Bản tin 15h ngày 17/09: Khuyến cáo người dân di chuyển trong ngày mưa lớn,"Bản tin 15h ngày 17/09: Khuyến cáo người dân di chuyển trong ngày mưa lớn
Những nội dung đáng chú ý trong Bản tin 15h ngày 17/09/2026:
-Chủ động ứng phó khi nước lũ dâng nhanh trên nhiều tuyến sông
- Khuyến cáo người dân di chuyển trong ngày mưa lớn
- Cảnh báo nguy cơ pháp lý nếu sử dụng phần mềm lậu

#TinTuc #ThoiSu #TinTucHaNoi #BanTin15h
----
➡ Đây là Kênh Youtube chính thức của Cơ quan Báo và Phát thanh, truyền hình Hà Nội.
➡ Click Theo dõi (Subscribe) để nhận thông tin tin tức kịp thời trên kênh Youtube của Cơ quan Báo và Phát thanh, truyền hình Hà Nội.
https://www.youtube.com/HaNoiTVGo?sub_confirmation=1

👉 THÔNG TIN LIÊN HỆ: 
Cơ quan Báo và Phát thanh, truyền hình Hà Nội:
🔶 Địa chỉ: Số 3-5 Huỳnh Thúc Kháng, Đống Đa, Hà Nội
📧 Email: ttnoidungso@daihanoi.vn

#thoisuhanoi  #HanoiOnline #BaovaPhatthanhTruyenhinhHaNoi",2026-09-17T09:01:19Z,2026-09-17T09:01:19Z,reject,missing_group:flood_state,1,"transport_impact,hanoi_location",0,search,lụt Hà Nội di chuyển,,,,,,2026-09-25T10:49:39.721314+07:00
youtube,wrE7hgSSjDM,https://www.youtube.com/watch?v=wrE7hgSSjDM,Cư dân Hà Nội vỡ mộng khi sống trong biệt thự nhưng vẫn phải lội nước vì ngập |  Tin tức 24h,"Cư dân Hà Nội vỡ mộng khi sống trong biệt thự nhưng vẫn phải lội nước vì ngập |  Tin tức 24h
DDDN | Cư dân Hà Nội vỡ mộng khi sống trong biệt thự nhưng vẫn phải lội nước vì ngập
Từng bỏ ra số tiền lớn để sở hữu những căn biệt thự, nhà liền kề trị giá hàng chục tỷ đồng, nhiều cư dân tại Khu đô thị Tân Tây Đô (Hà Nội) lại rơi vào cảnh vỡ mộng khi phải sống chung với cảnh ngập lụt kéo dài sau mưa lớn. Nước tràn ngập sàn tầng 1, giao thông nội khu chia cắt và mất điện diện rộng đã đảo lộn hoàn toàn sinh hoạt thường nhật, biến không gian an cư lý tưởng thành nỗi ám ảnh thường trực.
Trong video này, chúng tôi sẽ thông tin về:
Cư dân Hà Nội vỡ mộng khi sống trong biệt thự nhưng vẫn phải lội nước vì ngập
🔔 Hãy đăng kí kênh Diễn đàn Doanh nghiệp để không bỏ lỡ những thông tin hấp dẫn.
Thông tin sử dụng được tham khảo từ nguồn tổng hợp

#nhacancapngap #khudothicapngap #ngapunghanoi #batdongsanhanoi   #diendandoanhnghiep


------------------------------
🎥 Diễn đàn Doanh nghiệp TV – Cập nhật kinh tế, thời sự quốc tế, tài chính và biến động toàn cầu mỗi ngày.

🔎 Tại đây, bạn sẽ:
• Theo dõi xung đột nóng: Nga–Ukraine, Israel–Iran, Biển Đông, Đài Loan...
• Nắm bắt biến động kinh tế: Giá vàng, chứng khoán, chính sách tiền tệ, ngân hàng trung ương
• Phân tích chuyên sâu: Địa chính trị, tài chính vĩ mô, chiến lược toàn cầu
• Cảnh báo thiên tai – biến đổi khí hậu – dự báo thời tiết chính xác

⏱️ Cập nhật tin tức liên tục, phân tích từ nguồn chính thống, dẫn dắt bằng tư duy.

📌 Đăng ký kênh để không bỏ lỡ những bản tin và bình luận quan trọng:
👉 https://www.youtube.com/c/DiễnĐànDoanhNghiệpTv?sub_confirmation=1

 #diendandoanhnghieptv #thoisuquocte #phantichkinhte #xungdottoancau #tinnong24h #tintucchinhtri #tintuc24h",2026-09-23T01:00:00Z,2026-09-23T01:00:00Z,accept,flood_transport_hanoi,1,"flood_state,transport_impact,hanoi_location",0,search,ngập nước Hà Nội giao thông,,,,,,2026-09-25T10:40:14.548176+07:00
youtube,x0EGlYpV-BI,https://www.youtube.com/watch?v=x0EGlYpV-BI,"Nóng hôm nay: Cập nhật 120 điểm ngập úng ở Hà Nội, lãnh đạo cùng các sở, ngành đi kiểm tra ứng phó","Nóng hôm nay: Cập nhật 120 điểm ngập úng ở Hà Nội, lãnh đạo cùng các sở, ngành đi kiểm tra ứng phó
BÁO LAO ĐỘNG | Sáng 7/10, lãnh đạo UBND TP Hà Nội cùng các sở, ngành đã đi kiểm tra công tác ứng phó với mưa lớn tại nhiều khu vực trọng điểm, xung yếu trên địa bàn.

Mời quý vị và các bạn xem thêm: https://laodong.vn/media
──────────────────────────────
Bản quyền thuộc Báo Lao Động – Cơ quan của Tổng Liên đoàn Lao động Việt Nam.
* Website: https://laodong.vn
* Đường dây nóng: 096 838 3388
* Email: baolaodongdientu@gmail.com
* Fanpage: https://www.facebook.com/LaoDongTVOnline/

#baolaodong #bld #ngaplutohanoi",2025-10-07T11:36:36Z,2025-10-07T11:36:36Z,accept,flood_transport_hanoi,1,"flood_state,transport_impact,hanoi_location",0,search,ngập úng Hà Nội đi,,,,,,2026-09-25T11:25:42.564569+07:00
youtube,x0g2Ln9kGuU,https://www.youtube.com/watch?v=x0g2Ln9kGuU,Thanh niên vội đi đâu mà vít ga mạnh thế?😂 #antoangiaothong #laixeantoan #shorts,"Thanh niên vội đi đâu mà vít ga mạnh thế?😂 #antoangiaothong #laixeantoan #shorts
Không biết thanh niên vội đi đâu mà vít ga căng đét trên đường Hoàng Sa đoạn gần vòng xuyến dẫn lên cầu Thăng Long TP Hà Nội: Đến đoạn đường ngập nước làm thanh niên chuyển từ giao thông đường bộ sang tham gia giao thông đường thủy luôn. Cũng may là nước ngập sâu nên thanh niên không sao chứ trời mưa đường trơn mà vít ga cỡ đó sớm muộn cũng ăn chuối cả nải.
Ủng hộ kênh để được nhận huy hiệu nổi bật trên Youtube:
https://www.youtube.com/channel/UCUoLkHKKSQkjJah-SibHWMQ/join
----------------------------/------------------------------
► PHÁP LUẬT XÃ HỘI (@plxhvn): Kênh thông tin liên tục cập nhật những tin tức mới nhất trong ngày, tình hình chính trị, an ninh quốc phòng, đời sống xã hội, pháp luật, giao thông, thời sự trong nước và quốc tế. Giúp bạn không cần đọc báo vẫn nắm bắt được những sự kiện, tin tức nổi bật diễn ra hàng ngày.
--------------------------------------------------------------
⚠️ THÔNG BÁO & TUYÊN BỐ MIỄN TRỪ TRÁCH NHIỆM (DISCLAIMER)

1. MỤC ĐÍCH & BỐI CẢNH (Content Context):
Video này được thực hiện nhằm mục đích TƯỜNG THUẬT TIN TỨC, BÌNH LUẬN XÃ HỘI và GIÁO DỤC PHÁP LUẬT.
Kênh Pháp Luật Xã Hội (@plxhvn) luôn hướng tới việc thượng tôn pháp luật, nâng cao nhận thức cho cộng đồng và TUYỆT ĐỐI KHÔNG:
❌ Cổ xúy hay khuyến khích các hành vi bạo lực, thù địch.
❌ Công kích, quấy rối hoặc bắt nạt bất kỳ cá nhân/tổ chức nào.
❌ Kích động phân biệt đối xử hoặc gây chia rẽ.

2. VỀ HÌNH ẢNH & NỘI DUNG (Community Guidelines):
Một số hình ảnh trong video mang tính chất tư liệu hiện trường (Documentary) hoặc minh họa nhằm làm rõ bối cảnh tin tức.
- Chúng tôi tuân thủ nghiêm ngặt Chính sách và Nguyên tắc cộng đồng của YouTube.
- Khán giả vui lòng cân nhắc trước khi xem nếu cảm thấy không phù hợp.
- Các hình ảnh nhạy cảm, danh tính cá nhân (nếu chưa được công khai) đã được XỬ LÝ LÀM MỜ (BLUR) hoặc che chắn để bảo vệ quyền riêng tư và phù hợp với người xem đại chúng.

3. VỀ BẢN QUYỀN (Fair Use Declaration):
Video này có thể chứa tài liệu có bản quyền được sử dụng hợp lý theo quy tắc ""Sử dụng hợp lý"" (Fair Use) nhằm mục đích phê bình, bình luận, đưa tin và nghiên cứu.
Chúng tôi tôn trọng quyền của chủ sở hữu nội dung.
""Copyright Disclaimer: Under Section 107 of the Copyright Act 1976, allowance is made for 'fair use' for purposes such as criticism, comment, news reporting, teaching, scholarship, and research.""

4. MIỄN TRỪ TRÁCH NHIỆM PHÁP LÝ (Legal Disclaimer):
Thông tin trong video được tổng hợp từ báo chí chính thống, mạng xã hội và các văn bản pháp luật tại thời điểm sản xuất.
- Mọi lời bình, phân tích trong video là QUAN ĐIỂM CHỦ QUAN của người làm nội dung dựa trên tình huống giả định hoặc thông tin hiện có.
- Nội dung này KHÔNG thay thế cho kết luận điều tra chính thức của Cơ quan chức năng hoặc Phán quyết của Tòa án.
- Chúng tôi không chịu trách nhiệm về bất kỳ hành động nào (nếu có) của người xem dựa trên thông tin trong video này.

5. QUY ĐỊNH BÌNH LUẬN (Comment Policy):
Các bình luận bên dưới video là quan điểm cá nhân của người xem, KHÔNG đại diện cho quan điểm của kênh Pháp Luật Xã Hội (@plxhvn).
Chúng tôi KHÔNG chịu trách nhiệm pháp lý đối với các bình luận của người dùng. Tuy nhiên, chúng tôi có quyền và sẽ thực hiện xóa, chặn hoặc báo cáo với cơ quan chức năng đối với các bình luận có nội dung:
- Chống phá Đảng, Nhà nước, vi phạm pháp luật Việt Nam.
- Kích động thù địch, phân biệt vùng miền, sắc tộc, tôn giáo.
- Ngôn từ tục tĩu, xúc phạm danh dự nhân phẩm người khác.
Đề nghị khán giả của kênh hãy bình luận văn minh và thượng tôn pháp luật. Những bình luận không phù hợp khác cũng có thể bị chặn tự động theo bộ lọc của Youtube.
--------------------------------------------------------------
📧 Mọi vấn đề về Bản quyền, Cộng tác hoặc Gỡ bỏ nội dung, xin vui lòng liên hệ: admin@plxhvn.com",2026-09-20T09:00:03Z,2026-09-20T09:00:03Z,accept,flood_transport_hanoi,1,"flood_state,transport_impact,hanoi_location",0,search,ngập nước Hà Nội giao thông,,,,,,2026-09-25T10:40:31.252046+07:00
youtube,xNMic9qEex4,https://www.youtube.com/watch?v=xNMic9qEex4,"Một Trận Mưa, Hà Nội Mất Bao Nhiêu Tiền Vì Ngập?","Một Trận Mưa, Hà Nội Mất Bao Nhiêu Tiền Vì Ngập?
Một trận mưa lớn có thể khiến Hà Nội thiệt hại bao nhiêu tiền?

Đằng sau những tuyến đường ngập sâu, xe máy chết máy và ô tô mắc kẹt là hàng loạt tổn thất kinh tế: chi phí sửa chữa phương tiện, hàng quán phải đóng cửa, người lao động mất nhiều giờ vì ùn tắc, hoạt động giao hàng bị gián đoạn và giá trị bất động sản tại những khu vực thường xuyên ngập cũng có thể bị ảnh hưởng.

Trong video này, HuyPro – Góc Nhìn Tài Chính phân tích:

• Chi phí sửa chữa xe máy, ô tô sau khi đi qua vùng ngập
• Thiệt hại của cửa hàng và hộ kinh doanh mặt phố
• Giá trị thời gian lao động bị mất vì tắc đường
• Ảnh hưởng của ngập úng tới giá nhà và khả năng cho thuê
• Vì sao Hà Nội đã đầu tư chống ngập nhưng nhiều khu vực vẫn bị ngập sâu
• Những giải pháp dài hạn cho bài toán thoát nước đô thị

Ngập úng không chỉ là câu chuyện thời tiết. Đó còn là bài toán về tài chính, quy hoạch đô thị và chất lượng sống của hàng triệu người dân.

Khu vực bạn đang sinh sống có thường xuyên bị ngập sau mưa lớn không? Hãy chia sẻ tình hình thực tế và những thiệt hại bạn từng gặp ở phần bình luận.

Đăng ký kênh HuyPro – Góc Nhìn Tài Chính để theo dõi những phân tích mới về kinh tế, bất động sản, thị trường và đời sống tài chính.

#HuyPro #GocNhinTaiChinh #HaNoiNgap #MuaLonHaNoi #NgapLut #ChongNgap #BatDongSanHaNoi #KinhTeDoThi #TaiChinh #HaNoi",2026-09-17T01:22:43Z,2026-09-17T01:22:43Z,accept,flood_transport_hanoi,1,"flood_state,transport_impact,hanoi_location",0,search,ngập úng Hà Nội đi,,,,,,2026-09-25T10:33:22.232469+07:00
youtube,xjRldKrSfcE,https://www.youtube.com/watch?v=xjRldKrSfcE,"Nhiều tuyến đường ngập sâu, Hà Nội khẩn trương tổ chức phân luồng giao thông | Đô thị 24h","Nhiều tuyến đường ngập sâu, Hà Nội khẩn trương tổ chức phân luồng giao thông | Đô thị 24h
Đô thị 24h | Bản tin hôm nay sẽ điểm qua những vấn đề đáng chú ý, từ thông tin dự án Không gian văn hóa tại 131 vòm cầu Phùng Hưng dự kiến khởi công đúng dịp kỷ niệm 72 năm Ngày Giải phóng Thủ đô, cho tới đề xuất bỏ làn dừng khẩn cấp ở Vành đai 3 trên cao Hà Nội trong bối cảnh tuyến đường thường xuyên quá tải. Đặc biệt là Hà Nội khẩn trương tổ chức phân luồng giao thông do nhiều tuyến đường ngập sâu, người dân cần lưu ý những lộ trình nào để di chuyển an toàn?

Và đó sẽ là những nội dung chính có trong bản tin hôm nay. Mời quý vị và các bạn cùng theo dõi!
------------------
Đô thị 24h
💻 Fanpage: https://www.facebook.com/diendandothi/ 
💻 Youtube: https://www.youtube.com/@dothi24h
💻TikTok: https://www.tiktok.com/@dothi_24h

© Bản quyền thuộc về Đô thị 24h
© Copyright by Đô thị 24h",2026-09-18T02:00:10Z,2026-09-18T02:00:10Z,accept,flood_transport_hanoi,1,"flood_state,transport_impact,hanoi_location",0,search,lụt Hà Nội di chuyển,,,,,,2026-09-25T10:49:23.153361+07:00
youtube,xpnBvjck6vg,https://www.youtube.com/watch?v=xpnBvjck6vg,"Cao tốc Hà Nội - Thái Nguyên vẫn ngập đến nửa mét, phương tiện đi lại khó khăn | ANTV","Cao tốc Hà Nội - Thái Nguyên vẫn ngập đến nửa mét, phương tiện đi lại khó khăn | ANTV
ANTV| Sáng 10/10, đại diện Phòng CSGT Công an Hà Nội cho biết, cao tốc Hà Nội - Thái Nguyên (đoạn qua Hà Nội) vẫn ngập úng khiến các phương tiện di chuyển khó khăn. Cụ thể, điểm ngập úng từ Km29 đến Km29+40 cao tốc Hà Nội - Thái Nguyên (đoạn qua xã Trung Giã, Hà Nội). Đến 6h30 cùng ngày, nước ngập tại đây dâng lên khoảng nửa mét, cao hơn thời điểm tối qua (9/10) từ 20-30cm.

Mời quý vị khán giả xem thêm:

👉Tin tức về các hoạt động của Tổng Bí thư Tô Lâm: https://bit.ly/DaiTuongToLam

👉Tin tức về các hoạt động của Đại tướng Lương Tam Quang, Ủy viên Bộ Chính trị, Bộ trưởng Bộ Công an: https://www.youtube.com/playlist?list=PLF3UjIBiVGVCmwQ_gHfuiWon_Fo9hWDB4

👉 Nghị quyết số 12-NQ/TW về xây dựng lực lượng CAND : https://bit.ly/Nghiquyet12BCT

👉Hành trình phá án những vụ án kinh điển : https://bit.ly/HanhtrinhphaanANTV

★ ĐĂNG KÝ AN NINH TV:  http://www.youtube.com/channel/UCIg56SgvoZF8Qg0Jx_gh6Pg?sub_confirmation=1

★Tải ứng dụng ANTV Go trên :
 ✅ App Store : https://bit.ly/3FuytkK
 ✅Google Play : https://bit.ly/3mRcsGt
---------------------------------------------------------------
ANTV – Truyền hình CAND là kênh tin tức thời sự an ninh trật tự chuyên biệt. Tin tức mới nhất được cập nhật liên tục hàng ngày. Nguyên tắc thông tin là Nhân văn - Tin cậy - Kịp thời - Hấp dẫn .
Có ý kiến xây dựng hoặc đề nghị, vui lòng để lại comment phía dưới video. 

✔ Website chính thức: www.antv.gov.vn
✔ Fanpage chính thức: https://www.facebook.com/TruyenHinhCongAn/

✬ Rất mong được mọi người ủng hộ và subscribe kênh, cũng đừng quên bấm like và share cho bạn bè nhé! Xin cảm ơn!

Xin chào, chúc mọi người xem vui vẻ!!!

#antv #truyenhinhcongannhandan #ngaplut",2025-10-10T04:33:16Z,2025-10-10T04:33:16Z,accept,flood_transport_hanoi,1,"flood_state,transport_impact,hanoi_location",0,search,lụt Hà Nội di chuyển,,,,,,2026-09-25T10:47:56.807055+07:00
youtube,xq7y9xXcRww,https://www.youtube.com/watch?v=xq7y9xXcRww,"Lũ sông ngoại thành Hà Nội vượt báo động 3, hàng trăm người tham gia đắp đê.","Lũ sông ngoại thành Hà Nội vượt báo động 3, hàng trăm người tham gia đắp đê.
Tại tuyến sông Bùi đoạn đi qua xã Xuân Mai (TP Hà Nội), đội xung kích phòng, chống thiên tai cùng người dân và 130 chiến sĩ đã có mặt để đắp các đoạn đê trũng, thấp.
Trưa 16/9, Đài Khí tượng Thủy văn Bắc Bộ cho biết, trong sáng nay mực nước sông Bùi lên rất nhanh. Số liệu quan trắc tại trạm thủy văn Yên Duyệt hiện đạt mức 7,07 m (trên báo động III là 0,07 m).

Dự báo tình hình mưa còn tiếp diễn đến ngày 18/9, mực nước sông Bùi trong ít nhất 24-48 giờ tới sẽ tiếp tục lên, có khả năng gây ngập lụt vùng trũng thấp, các bãi nổi giữa sông, vùng ven sông.

Các xã, phường có nguy cơ chịu ảnh hưởng trực tiếp của ngập lụt trong đợt lũ lớn trên sông Bùi hiện nay là: Xuân Mai, Quảng Bị, Phú Nghĩa, Phú Cát, Trần Phú, Phúc Sơn.


Trước diễn biến nguy hiểm của lũ sông Bùi, căn cứ các quy định hiện hành, Ban Chỉ huy Phòng thủ dân sự thành phố Hà Nội đã ban hành Lệnh báo động lũ cấp III trên sông Bùi vào chiều 16/9.

Thực hiện chỉ đạo của thành phố Hà Nội, ngay trong ngày 16/9, lãnh đạo Đảng ủy, UBND xã Xuân Mai đã có mặt, kiểm tra thực tế tình hình nước sông Bùi, các vị trí bị tràn và công tác đắp, gia cố đê; đồng thời động viên các lực lượng đang khẩn trương thực hiện nhiệm vụ chống tràn, bảo vệ tuyến đê.

Tại những đoạn nước bắt đầu tràn qua mặt đê, các lực lượng gồm: đội xung kích phòng, chống thiên tai và người dân địa phương và 130 chiến sĩ thuộc tiểu đoàn 3 Lữ đoàn xe tăng 201 đã có mặt từ sớm để tham gia đắp các đoạn đê trũng, thấp. Các lực lượng khẩn trương xúc cát vào bao, xếp thành hàng dọc mép đê, phủ bạt nhằm hạn chế dòng nước xối mạnh gây hư hỏng mặt và mái đê.

Xã Xuân Mai đồng thời huy động ô tô, máy xúc vận chuyển cát, bao tải và các vật tư cần thiết đến hiện trường. Lực lượng tại chỗ tiếp tục tuần tra toàn tuyến, theo dõi những đoạn đê thấp, vị trí từng sạt lở để kịp thời gia cố khi nước dâng.

Đê Bùi 2 dài khoảng 2,8km, cao trình phổ biến 6,7-7m. Tuyến đê có nhiệm vụ ngăn chậm lũ vào khu dân cư các thôn Tiến Tiên, Nam Phương, Việt An. Khi nước sông Bùi tràn cục bộ qua những đoạn đê thấp, lực lượng tại chỗ phải khẩn trương đắp con trạch chống tràn bằng đất, bao tải; sử dụng bạt, phên, ván, cọc tre để giữ vật liệu, hạn chế sóng và dòng chảy gây xói lở.

Chỉ đạo tại hiện trường, ông Nguyễn Anh Đức, Chủ tịch UBND xã Xuân Mai yêu cầu các cơ quan, đơn vị thực hiện nghiêm phương án ứng phó đã được phê duyệt, duy trì lực lượng trực 24/24 giờ, đặc biệt là Ban Chỉ huy Quân sự xã và cơ quan thường trực Ban Chỉ huy phòng, chống thiên tai. Các lực lượng phải thường xuyên cập nhật diễn biến mưa, mực nước sông Bùi và tình hình khu vực thượng nguồn để chủ động triển khai các biện pháp ứng phó phù hợp, không để bị động, bất ngờ.

Cùng với nhiệm vụ bảo vệ đê, lãnh đạo xã yêu cầu phòng Kinh tế xã thường xuyên phối hợp với Trạm bơm Nhân Lý, tiếp tục tổ chức bơm tiêu thoát nước, hạn chế ngập úng tại các khu vực bị ảnh hưởng trên địa bàn xã.",2026-09-17T02:00:07Z,2026-09-17T02:00:07Z,accept,flood_transport_hanoi,1,"flood_state,transport_impact,hanoi_location",0,search,ngập úng Hà Nội đi,,,,,,2026-09-25T10:33:09.434156+07:00
youtube,yqhQRlVkk8o,https://www.youtube.com/watch?v=yqhQRlVkk8o,"Sáng nay (17/9) nhiều khu vực ở Hà Nội ngập sâu, giao thông đi lại khó khăn | VOV","Sáng nay (17/9) nhiều khu vực ở Hà Nội ngập sâu, giao thông đi lại khó khăn | VOV
VOV | Sáng nay (17/9) nhiều khu vực ở Hà Nội ngập sâu, giao thông đi lại khó khăn
_________________________________
Đăng ký theo dõi kênh Báo Điện tử Tiếng nói Việt Nam (VOV) để xem những tin tức mới nhất: https://bit.ly/DangKyKenhBaoDienTuVOV

Đây là kênh YouTube chính thức của Báo Điện tử VOV - Đài Tiếng nói Việt Nam
- Website: https://vov.vn
- Fanpage: https://www.facebook.com/baodientuvov
- Tiktok: Báo điện tử VOV ID:@baodientuvov
- Xem Youtube Báo Điện tử Tiếng nói Việt Nam (VOV) trên GG News: https://bit.ly/VOV_GGNews

37 Bà Triệu, Hoàn Kiếm, Hà Nội, Việt Nam
ĐT: (+84) 24 22105148
Fax: Fax: (+84) 24 39344230
Email: toasoanvov.vn@gmail.com

Kênh youtube Báo Điện tử Tiếng nói Việt Nam (VOV) là kênh Youtube chia sẻ các nội dung tin tức, chính trị, kinh tế, quốc tế, thế giới, pháp luật, nga ukraine mới nhất, tin nga ukraine,xung đột nga ukraine,tin quốc tế,nga ukraine hôm nay,tiêu điểm quốc tế,toàn cảnh quốc tế,thời sự quốc tế,thời sự thế giới,toàn cảnh thế giới,bản tin quốc tế,chiến sự nga ukraine, tin tức thời sự ,thời sự 19h,tin tức mới,tin mới,thời sự quốc tế,tin tức 24h mới nhất, nga và ukraine mới nhất, tin tức nga ukraine mới nhất,nga,ukraine, tin biển đông,tin nóng, các tin tức cập nhật,… cùng các phân tích, bình luận của các chuyên gia, học giả trong nước và quốc tế. 
Cảm ơn các bạn đã xem video! Hãy đăng ký kênh để cập nhật thông tin mới hữu ích nhất!
_________________________________
#vov #thoisu #tintuc #mua #ngap #hanoi",2026-09-17T01:41:51Z,2026-09-17T01:41:51Z,accept,flood_transport_hanoi,1,"flood_state,transport_impact,hanoi_location",0,search,ngập úng Hà Nội đi,,,,,,2026-09-25T10:33:19.079542+07:00
youtube,yyVkJRQHOd0,https://www.youtube.com/watch?v=yyVkJRQHOd0,Những Lưu Ý Khi Đi Xe Qua Đường Ngập Nước - Toyota Mỹ Đình,"Những Lưu Ý Khi Đi Xe Qua Đường Ngập Nước - Toyota Mỹ Đình
Miền Bắc đặc biệt là Hà Nội những ngày gần đây mưa lớn khiến cho nhiều tuyến đường ngập lụt, lưu thông rất khó khăn.
Vậy, cần phải lưu ý gì khi lái xe qua vùng ngập nước?
Hãy cùng tham khảo các lưu ý từ Toyota Mỹ Đình nhé!
----------------------------
TOYOTA MỸ ĐÌNH
15 Phạm Hùng, Mỹ Đình 2, Nam Từ Liêm, Hà Nội
📌 Hotline Bán hàng: 0934891515
📌 Hotline Dịch vụ & CSKH: 0902279900
📌 Website: https://toyotamydinh.com.vn/
📌 Google Maps: https://g.page/toyota-my-dinh-official?gm",2026-09-18T02:37:51Z,2026-09-18T02:37:51Z,accept,flood_transport_hanoi,1,"flood_state,transport_impact,hanoi_location",0,search,đường ngập Hà Nội lưu thông,,,,,,2026-09-25T10:51:17.298158+07:00
youtube,z4DkLOhYxhg,https://www.youtube.com/watch?v=z4DkLOhYxhg,Boy phố &quot;gãy cánh&quot; ngay trước mặt 😂 #giaothong #antoangiaothong #tretrau #laixeantoan #luatgiaothong,"Boy phố &quot;gãy cánh&quot; ngay trước mặt 😂 #giaothong #antoangiaothong #tretrau #laixeantoan #luatgiaothong
Đang dừng chờ đèn đỏ trên đường Trường Chinh TP Hà Nội thì gặp đoàn boy phố bay qua, nhưng bất ngờ 1 thanh niên gãy cánh xòe ngay trước đầu xe làm mình giật hết cả nảy. Chúc các cháu sớm xanh cỏ để cho xã hội yên bình chứ nhìn các cháu chạy xe kiểu này ai dám ra đường nữa.
Ủng hộ kênh để được nhận huy hiệu nổi bật trên Youtube:
https://www.youtube.com/channel/UCUoLkHKKSQkjJah-SibHWMQ/join
----------------------------/------------------------------
► PHÁP LUẬT XÃ HỘI: Kênh thông tin liên tục cập nhật những tin tức mới nhất trong ngày, tình hình chính trị, an ninh quốc phòng, đời sống pháp luật, xã hội, giao thông, thời sự trong nước và quốc tế. Giúp bạn không cần đọc báo vẫn nắm bắt được những sự kiện, tin tức diễn ra hàng ngày.
----------------------------/------------------------------
► Video ghi lại một tình huống giao thông có thật, phản ánh những lỗi thường gặp mà tài xế hay mắc phải gây mất an toàn giao thông. Xem mọi người mắc lỗi trên đường, hy vọng bạn sẽ không mắc phải lỗi tương tự.
► Video được đăng tải với mục đích giáo dục, tuyên truyền luật giao thông đường bộ, khuyến khích người dân chấp hành nghiêm chỉnh pháp luật khi tham gia giao thông.
► The video records a real traffic situation, reflecting common mistakes that drivers often make that cause traffic safety. Watch people make mistakes on the road, so hopefully you won't.
► The video was posted for the purpose of educating and propagating road traffic laws, encouraging people to strictly comply with the law when participating in traffic.
----------------------------/------------------------------
► Nếu có bất kỳ vấn đề nào liên quan đến bản quyền trong video, xin vui lòng liên hệ: quiternoitieng@gmail.com.
► If there are any copyright issues in the video, please contact us: quiternoitieng@gmail.com.",2025-10-06T18:31:10Z,2025-10-06T18:31:10Z,accept,flood_transport_hanoi,1,"flood_state,transport_impact,hanoi_location",0,search,phố ngập Hà Nội tham gia giao thông,,,,,,2026-09-25T11:13:42.927620+07:00
youtube,zAhnZhCJUuM,https://www.youtube.com/watch?v=zAhnZhCJUuM,🔴 LIVE: Hà Nội Mưa Ngập Sáng Nay | Cập Nhật Các Điểm Ngập Và Diễn Biến Trong Ngày,"🔴 LIVE: Hà Nội Mưa Ngập Sáng Nay | Cập Nhật Các Điểm Ngập Và Diễn Biến Trong Ngày
🔴 LIVESTREAM CẬP NHẬT TÌNH HÌNH MƯA NGẬP TẠI HÀ NỘI

Mưa lớn kéo dài khiến nhiều khu vực tại Hà Nội xuất hiện tình trạng ngập cục bộ, giao thông di chuyển khó khăn và có nguy cơ ùn tắc trong giờ cao điểm.

Livestream cập nhật:

• Tình hình mưa lớn tại Hà Nội sáng nay
• Một số tuyến đường và khu vực đang xảy ra ngập
• Diễn biến giao thông trong giờ cao điểm
• Dự báo mưa và nguy cơ ngập trong ngày
• Những lưu ý khi di chuyển qua vùng nước sâu

⚠️ Hình ảnh trong livestream được tổng hợp từ các khu vực mưa ngập tại Hà Nội và phát lặp để phục vụ việc cập nhật, minh họa. Đây không phải camera trực tiếp tại một vị trí cố định.

Tình trạng ngập có thể thay đổi nhanh theo lượng mưa và khả năng tiêu thoát nước. Người xem nên theo dõi thêm thông báo của cơ quan chức năng và chủ động lựa chọn lộ trình an toàn.

Nếu khu vực bạn đang sinh sống hoặc di chuyển có ngập, hãy để lại tên tuyến đường và tình trạng thực tế trong phần bình luận để mọi người cùng cập nhật.

Đăng ký HuyPro – Góc Nhìn Tài Chính để theo dõi những vấn đề kinh tế và đời sống đang tác động trực tiếp tới người dân.

#HuyPro #LiveHaNoi #HaNoiMuaNgap #NgapLutHaNoi #MuaLonHaNoi #GiaoThongHaNoi #ThoiTietHaNoi #DiemNgapHaNoi",2026-09-17T10:32:33Z,2026-09-17T10:32:33Z,accept,flood_transport_hanoi,1,"flood_state,transport_impact,hanoi_location",0,search,ngập nước Hà Nội giao thông,,,,,,2026-09-25T10:43:04.633806+07:00
youtube,zKLm3KrgUUk,https://www.youtube.com/watch?v=zKLm3KrgUUk,"Hà Nội: Xe “chết máy” xếp hàng la liệt sau mưa ngập, dịch vụ sửa xe tại chỗ tất bật từ sáng sớm","Hà Nội: Xe “chết máy” xếp hàng la liệt sau mưa ngập, dịch vụ sửa xe tại chỗ tất bật từ sáng sớm
Sáng 17/9, sau trận mưa lớn kéo dài, nhiều tuyến đường tại khu vực Hà Đông, Hà Nội ngập sâu khiến giao thông gặp nhiều khó khăn. Hàng loạt xe máy chết máy khi cố vượt qua các đoạn nước ngập, buộc người dân phải dắt xe, chờ sửa hoặc quay đầu.


🔔 Mời quý vị và các bạn xem HỎI ĐÁP CÙNG CHUYÊN GIA 👉 https://www.youtube.com/watch?v=RTmSFhcPZGA&list=PLquFskIvUFL7U3lELKbF2wXCn32hxnaVC

🔆Nút SHARE của bạn giờ đây rất hữu ích 
--------------------
👍Báo Sức khỏe và Đời sống – Cơ quan ngôn luận của Bộ Y tế
🖥Website: http://suckhoedoisong.vn/
💻 FanPage: https://www.facebook.com/baosuckhoevadoisong/
💻Youtube: https://bit.ly/Baosuckhoevadoisong
💻Tiktok: https://bit.ly/3hOWND9

#skds #suckhoedoisong #skds #suckhoedoisong #hanoi #mualon",2026-09-17T11:30:17Z,2026-09-17T11:30:17Z,accept,flood_transport_hanoi,1,"flood_state,transport_impact,hanoi_location",0,search,ngập nước Hà Nội giao thông,,,,,,2026-09-25T10:42:47.887916+07:00
youtube,zbpcl0Ya_ns,https://www.youtube.com/watch?v=zbpcl0Ya_ns,"DỰ BÁO THỜI TIẾT 17.09: Mưa lớn ở Hà Nội, nhiều học sinh phải nghỉ học| Báo Lao Động","DỰ BÁO THỜI TIẾT 17.09: Mưa lớn ở Hà Nội, nhiều học sinh phải nghỉ học| Báo Lao Động
BÁO LAO ĐỘNG |
Mưa lớn kéo dài tại Hà Nội khiến nhiều tuyến đường ngập úng, giao thông gặp khó khăn, ảnh hưởng đến việc đi lại của người dân.
Mời quý vị và các bạn xem thêm: https://laodong.vn/media
──────────────────────────────
Bản quyền thuộc Báo Lao Động – Cơ quan của Tổng Liên đoàn Lao động Việt Nam.
* Website: https://laodong.vn
* Đường dây nóng: 096 838 3388
* Email: baolaodongdientu@gmail.com
* Fanpage: https://www.facebook.com/LaoDongTVOnline/

#baolaodong #bld",2026-09-17T03:56:01Z,2026-09-17T03:56:01Z,accept,flood_transport_hanoi,1,"flood_state,transport_impact,hanoi_location",0,search,ngập úng Hà Nội đi,,,,,,2026-09-25T10:32:59.723436+07:00
